YY	MM	DD	hh	mm	WDIR	WSPD	GST	WVHT	DPD	APD	MWD	PRES	ATMP	WTMP	DEWP	VIS	PTDY	TIDE
2026	9	4	19	36	210.0	1.5	3.6					1012.5						
2026	9	4	19	30	220.0	1.5	3.6					1012.3						
2026	9	4	19	24	210.0	1.5	3.1					1012.3						
2026	9	4	19	18	200.0	1.5	3.1					1012.3						
2026	9	4	19	12	190.0	1.5	8.2					1012.3						
2026	9	4	19	6	220.0	1.5	2.6					1012.3						
2026	9	4	19	0	250.0	2.1	3.6					1012.3					1.4	
2026	9	4	18	54	210.0	2.1	4.6					1012.2						
2026	9	4	18	48	180.0	1.0	3.6					1012.1						
2026	9	4	18	42	200.0	2.1	6.2					1012.1						
2026	9	4	18	36	190.0	1.5	6.7					1012.0						
2026	9	4	18	30	220.0	2.1	5.7					1012.0						
2026	9	4	18	24	180.0	2.1	4.1					1011.9						
2026	9	4	18	18	210.0	1.0	4.6					1011.9						
2026	9	4	18	12	150.0	1.5	3.6					1011.9						
2026	9	4	18	6	180.0	2.6	4.6					1011.9						
2026	9	4	18	0	190.0	2.1	4.6					1011.8					1.4	
2026	9	4	17	54	180.0	2.1	5.1					1011.8						
2026	9	4	17	48	200.0	1.0	4.6					1011.7						
2026	9	4	17	42	210.0	1.5	4.1					1011.6						
2026	9	4	17	36	190.0	2.1	4.6					1011.5						
2026	9	4	17	30	190.0	1.0	5.7					1011.5						
2026	9	4	17	24	170.0	1.0	2.6					1011.4						
2026	9	4	17	18	190.0	1.0	2.6					1011.4						
2026	9	4	17	12	170.0	1.5	3.1					1011.4						
2026	9	4	17	6	190.0	1.0	6.7					1011.4						
2026	9	4	17	0	160.0	1.0	4.1					1011.4					1.6	
2026	9	4	16	54	180.0	2.1	5.1					1011.3						
2026	9	4	16	48	160.0	1.5	5.1					1011.2						
2026	9	4	16	42	180.0	1.0	3.1					1011.1						
2026	9	4	16	36	170.0	1.5	3.6					1011.1						
2026	9	4	16	30	180.0	1.5	3.6					1011.0						
2026	9	4	16	24	190.0	2.1	4.6					1010.9						
2026	9	4	16	18	180.0	1.0	3.6					1010.9						
2026	9	4	16	12	140.0	1.5	3.1					1010.9						
2026	9	4	16	6	200.0	2.1	6.2					1010.9						
2026	9	4	16	0	160.0	1.5	4.1					1010.9					1.6	
2026	9	4	15	54	140.0	1.5	3.1					1010.9						
2026	9	4	15	48	180.0	1.5	4.1					1010.8						
2026	9	4	15	42	150.0	1.0	2.1					1010.8						
2026	9	4	15	36	10.0	1.0	2.1					1010.8						
2026	9	4	15	30	160.0	1.0	3.1					1010.7						
2026	9	4	15	24	120.0	1.0	3.1					1010.6						
2026	9	4	15	18	150.0	1.0	2.6					1010.6						
2026	9	4	15	12	90.0	0.5	2.1					1010.5						
2026	9	4	15	6	30.0	0.5	1.5					1010.5						
2026	9	4	15	0	90.0	1.0	1.5					1010.4					1.2	
2026	9	4	14	54		0.0	1.5					1010.3						
2026	9	4	14	48		0.0	2.1					1010.3						
2026	9	4	14	42		0.0	1.5					1010.2						
2026	9	4	14	36		0.0	2.1					1010.1						
2026	9	4	14	30		0.0	1.5					1010.0						
2026	9	4	14	24		0.0	2.1					1009.9						
2026	9	4	14	18		0.0	2.6					1009.9						
2026	9	4	14	12	130.0	0.5	2.1					1009.9						
2026	9	4	14	6	130.0	1.0	3.6					1009.8						
2026	9	4	14	0	100.0	0.5	2.6					1009.8					0.8	
2026	9	4	13	54	110.0	0.5	2.1					1009.7						
2026	9	4	13	48	120.0	0.5	1.5					1009.6						
2026	9	4	13	42	140.0	1.0	1.5					1009.6						
2026	9	4	13	36	150.0	0.5	2.1					1009.5						
2026	9	4	13	30	110.0	0.5	2.6					1009.5						
2026	9	4	13	24	150.0	0.5	1.5					1009.4						
2026	9	4	13	18	90.0	0.5	2.6					1009.4						
2026	9	4	13	12	90.0	0.5	2.1					1009.4						
2026	9	4	13	6	100.0	0.5	1.5					1009.4						
2026	9	4	13	0	100.0	0.5	1.5					1009.3					0.6	
2026	9	4	12	54	150.0	1.0	2.6					1009.4						
2026	9	4	12	48	170.0	1.0	2.1					1009.4						
2026	9	4	12	42	100.0	1.0	2.6					1009.3						
2026	9	4	12	36	130.0	1.0	3.1					1009.3						
2026	9	4	12	30		0.0	1.5					1009.4						
2026	9	4	12	24	80.0	0.5	2.6					1009.3						
2026	9	4	12	18		0.0	1.5					1009.3						
2026	9	4	12	12	130.0	0.5	3.6					1009.2						
2026	9	4	12	6	140.0	0.5	2.6					1009.2						
2026	9	4	12	0		0.0	1.5					1009.2					0.5	
2026	9	4	11	54	100.0	0.5	2.1					1009.1						
2026	9	4	11	48		0.0	2.1					1009.1						
2026	9	4	11	42	100.0	1.0	2.1					1009.1						
2026	9	4	11	36		0.0	2.1					1009.1						
2026	9	4	11	30		0.0	1.5					1009.1						
2026	9	4	11	24	120.0	0.5	2.1					1009.0						
2026	9	4	11	18	130.0	1.0	2.1					1009.0						
2026	9	4	11	12	140.0	1.0	2.1					1009.0						
2026	9	4	11	6	160.0	1.5	3.1					1009.0						
2026	9	4	11	0	160.0	1.0	3.1					1009.0					0.4	
2026	9	4	10	54	150.0	0.5	4.1					1009.0						
2026	9	4	10	48	140.0	0.5	3.1					1008.9						
2026	9	4	10	42	90.0	0.5	2.1					1008.8						
2026	9	4	10	36		0.0	2.6					1008.8						
2026	9	4	10	30	150.0	1.0	2.1					1008.8						
2026	9	4	10	24	160.0	1.0	2.6					1008.8						
2026	9	4	10	18	140.0	0.5	1.5					1008.8						
2026	9	4	10	12		0.0	2.6					1008.7						
2026	9	4	10	6		0.0	2.6					1008.7						
2026	9	4	10	0	220.0	0.5	2.1					1008.7					0.0	
2026	9	4	9	54	110.0	0.5	2.1					1008.6						
2026	9	4	9	48	170.0	1.0	3.1					1008.6						
2026	9	4	9	42	180.0	0.5	3.1					1008.7						
2026	9	4	9	36	110.0	1.0	4.1					1008.7						
2026	9	4	9	30	150.0	1.0	3.6					1008.7						
2026	9	4	9	24	110.0	1.0	3.6					1008.7						
2026	9	4	9	18	130.0	1.0	2.6					1008.7						
2026	9	4	9	12	50.0	0.5	2.6					1008.7						
2026	9	4	9	6	140.0	1.0	2.6					1008.7						
2026	9	4	9	0	130.0	0.5	3.1					1008.7					0.5	
2026	9	4	8	54	120.0	1.0	3.6					1008.7						
2026	9	4	8	48	80.0	1.5	3.6					1008.7						
2026	9	4	8	42	120.0	1.0	2.6					1008.7						
2026	9	4	8	36	170.0	1.0	3.1					1008.7						
2026	9	4	8	30	100.0	1.0	2.6					1008.7						
2026	9	4	8	24	100.0	1.5	4.1					1008.7						
2026	9	4	8	18	180.0	2.1	3.6					1008.6						
2026	9	4	8	12	110.0	1.5	3.1					1008.6						
2026	9	4	8	6	170.0	2.1	4.1					1008.6						
2026	9	4	8	0	170.0	1.0	4.6					1008.6					0.5	
2026	9	4	7	54	170.0	1.5	5.1					1008.5						
2026	9	4	7	48	180.0	1.5	4.6					1008.5						
2026	9	4	7	42	220.0	2.1	5.1					1008.5						
2026	9	4	7	36	200.0	1.5	3.6					1008.5						
2026	9	4	7	30	190.0	1.5	3.1					1008.5						
2026	9	4	7	24	210.0	2.1	5.7					1008.5						
2026	9	4	7	18	160.0	2.1	4.1					1008.5						
2026	9	4	7	12	170.0	2.1	4.6					1008.4						
2026	9	4	7	6	170.0	1.5	6.7					1008.5						
2026	9	4	7	0	180.0	2.6	5.7					1008.5					-0.0	
2026	9	4	6	54	170.0	2.1	4.1					1008.4						
2026	9	4	6	48	140.0	2.1	4.6					1008.3						
2026	9	4	6	42	170.0	2.1	3.6					1008.2						
2026	9	4	6	36	190.0	1.5	5.1					1008.2						
2026	9	4	6	30	200.0	2.1	4.1					1008.2						
2026	9	4	6	24	160.0	1.0	3.6					1008.2						
2026	9	4	6	18	140.0	1.0	3.1					1008.2						
2026	9	4	6	12	200.0	1.5	4.1					1008.2						
2026	9	4	6	6	190.0	2.1	5.1					1008.2						
2026	9	4	6	0	240.0	3.6	8.8					1008.2					-0.3	
2026	9	4	5	54	170.0	2.1	4.6					1008.2						
2026	9	4	5	48	160.0	1.5	4.1					1007.9						
2026	9	4	5	42	140.0	2.1	4.6					1007.9						
2026	9	4	5	36	190.0	2.6	4.6					1007.9						
2026	9	4	5	30	260.0	2.1	6.2					1008.0						
2026	9	4	5	24	160.0	1.5	6.7					1008.0						
2026	9	4	5	18	180.0	2.6	5.7					1008.1						
2026	9	4	5	12	140.0	1.5	3.1					1008.1						
2026	9	4	5	6	160.0	1.0	3.1					1008.0						
2026	9	4	5	0	110.0	2.1	3.1					1008.1					-0.7	
2026	9	4	4	54	130.0	0.5	2.1					1008.1						
2026	9	4	4	48		0.0	2.1					1008.2						
2026	9	4	4	42	40.0	1.0	3.1					1008.3						
2026	9	4	4	36	120.0	1.5	2.6					1008.5						
2026	9	4	4	30	100.0	1.0	3.6					1008.4						
2026	9	4	4	24	160.0	2.1	4.6					1008.3						
2026	9	4	4	18	210.0	1.5	4.6					1008.4						
2026	9	4	4	12	140.0	1.0	4.1					1008.4						
2026	9	4	4	6	150.0	2.1	5.1					1008.5						
2026	9	4	4	0	130.0	1.0	3.6					1008.5					-0.8	
2026	9	4	3	54	140.0	2.1	4.1					1008.4						
2026	9	4	3	48	130.0	1.5	4.1					1008.4						
2026	9	4	3	42	140.0	0.5	3.6					1008.3						
2026	9	4	3	36	80.0	1.0	3.6					1008.3						
2026	9	4	3	30	110.0	1.0	2.6					1008.3						
2026	9	4	3	24	150.0	1.5	3.6					1008.3						
2026	9	4	3	18	140.0	2.1	5.7					1008.3						
2026	9	4	3	12	340.0	1.0	3.6					1008.4						
2026	9	4	3	6	50.0	0.5	4.1					1008.4						
2026	9	4	3	0	130.0	2.1	5.1					1008.5					-0.9	
2026	9	4	2	54	90.0	1.0	2.1					1008.4						
2026	9	4	2	48	130.0	0.5	3.6					1008.5						
2026	9	4	2	42	40.0	1.0	3.1					1008.7						
2026	9	4	2	36	180.0	1.0	3.6					1008.7						
2026	9	4	2	30	10.0	1.0	3.6					1008.8						
2026	9	4	2	24	180.0	1.0	4.6					1008.8						
2026	9	4	2	18	100.0	1.0	3.1					1008.8						
2026	9	4	2	12	190.0	2.1	4.6					1008.8						
2026	9	4	2	6	50.0	1.0	3.6					1008.8						
2026	9	4	2	0	140.0	0.5	3.6					1008.8					-1.0	
2026	9	4	1	54	120.0	2.1	3.6					1008.9						
2026	9	4	1	48	150.0	1.5	4.1					1008.9						
2026	9	4	1	42	330.0	1.0	3.1					1009.0						
2026	9	4	1	36	160.0	1.0	4.6					1009.0						
2026	9	4	1	30	160.0	2.1	4.1					1009.0						
2026	9	4	1	24	160.0	2.1	5.1					1009.1						
2026	9	4	1	18	170.0	1.5	4.1					1009.1						
2026	9	4	1	12	180.0	1.5	5.1					1009.3						
2026	9	4	1	6	170.0	2.1	4.6					1009.2						
2026	9	4	1	0	200.0	1.5	4.1					1009.3					-0.5	
2026	9	4	0	54	180.0	2.6	6.2					1009.2						
2026	9	4	0	48	190.0	1.5	4.6					1009.3						
2026	9	4	0	42	200.0	1.5	4.1					1009.3						
2026	9	4	0	36	210.0	1.0	3.1					1009.4						
2026	9	4	0	30	200.0	1.0	2.6					1009.3						
2026	9	4	0	24	190.0	1.5	4.1					1009.3						
2026	9	4	0	18	160.0	1.0	2.6					1009.3						
2026	9	4	0	12	160.0	1.0	3.6					1009.2						
2026	9	4	0	6	170.0	1.5	5.1					1009.3						
2026	9	4	0	0	200.0	1.5	4.1					1009.4					-0.4	
2026	9	3	23	54	110.0	2.1	5.1					1009.4						
2026	9	3	23	48	140.0	2.1	4.6					1009.4						
2026	9	3	23	42	170.0	1.5	3.6					1009.6						
2026	9	3	23	36	140.0	1.0	4.6					1009.6						
2026	9	3	23	30	130.0	1.5	4.1					1009.6						
2026	9	3	23	24	140.0	2.1	4.6					1009.7						
2026	9	3	23	18	120.0	1.0	5.1					1009.7						
2026	9	3	23	12	230.0	1.0	3.1					1009.7						
2026	9	3	23	6	200.0	1.5	4.6					1009.8						
2026	9	3	23	0	180.0	1.5	4.6					1009.8					-0.3	
2026	9	3	22	54	190.0	1.5	4.6					1010.0						
2026	9	3	22	48	170.0	1.5	4.6					1010.1						
2026	9	3	22	42	180.0	2.1	4.6					1010.2						
2026	9	3	22	36	200.0	1.5	4.1					1010.2						
2026	9	3	22	30	190.0	1.5	4.1					1010.1						
2026	9	3	22	24	200.0	1.5	5.1					1010.1						
2026	9	3	22	18	190.0	2.1	3.6					1009.9						
2026	9	3	22	12	180.0	1.5	3.1					1009.8						
2026	9	3	22	6	180.0	1.0	4.1					1009.8						
2026	9	3	22	0	160.0	1.5	4.6					1009.8					-0.4	
2026	9	3	21	54	190.0	1.5	3.6					1009.8						
2026	9	3	21	48	170.0	1.5	3.6					1009.9						
2026	9	3	21	42	180.0	2.1	5.1					1009.9						
2026	9	3	21	36	190.0	1.0	3.1					1009.9						
2026	9	3	21	30	170.0	1.5	4.1					1009.8						
2026	9	3	21	24	250.0	0.5	5.7					1009.8						
2026	9	3	21	18	180.0	1.5	5.7					1009.8						
2026	9	3	21	12	200.0	2.6	6.2					1009.8						
2026	9	3	21	6	180.0	2.6	4.6					1009.7						
2026	9	3	21	0	170.0	2.1	5.7					1009.8					-0.8	
2026	9	3	20	54	170.0	2.1	5.1					1009.8						
2026	9	3	20	48	190.0	1.5	6.2					1009.9						
2026	9	3	20	42	160.0	2.1	4.6					1009.9						
2026	9	3	20	36	200.0	2.1	6.2					1010.0						
2026	9	3	20	30	150.0	2.1	4.6					1010.0						
2026	9	3	20	24	180.0	2.1	5.7					1010.0						
2026	9	3	20	18	210.0	1.5	5.7					1010.1						
2026	9	3	20	12	200.0	1.5	4.1					1010.0						
2026	9	3	20	6	190.0	1.0	4.1					1010.1						
2026	9	3	20	0	180.0	1.5	3.6					1010.1					0.0	
2026	9	3	19	54	200.0	2.1	5.1					1010.1						
2026	9	3	19	48	200.0	1.0	4.6					1010.1						
2026	9	3	19	42	160.0	1.5	4.1					1010.1						
2026	9	3	19	36	230.0	1.5	4.1					1010.1						
2026	9	3	19	30	180.0	1.0	4.6					1010.1						
2026	9	3	19	24	200.0	3.1	7.2					1010.3						
2026	9	3	19	18	210.0	2.1	5.1					1010.2						
2026	9	3	19	12	200.0	2.1	5.7					1010.1						
2026	9	3	19	6	190.0	2.6	5.7					1010.1						
2026	9	3	19	0	160.0	2.1	5.1					1010.2					-0.6	
2026	9	3	18	54	190.0	2.1	5.1					1010.2						
2026	9	3	18	48	300.0	1.0	2.6					1010.2						
2026	9	3	18	42	160.0	0.5	2.6					1010.2						
2026	9	3	18	36	170.0	1.0	2.6					1010.3						
2026	9	3	18	30	60.0	0.5	1.5					1010.3						
2026	9	3	18	24		0.0	1.5					1010.3						
2026	9	3	18	18		0.0	2.1					1010.3						
2026	9	3	18	12	120.0	1.0	2.6					1010.5						
2026	9	3	18	6	160.0	1.5	4.6					1010.5						
2026	9	3	18	0	190.0	1.0	2.6					1010.6					-0.0	
2026	9	3	17	54		0.0	3.1					1010.4						
2026	9	3	17	48	190.0	0.5	2.6					1010.5						
2026	9	3	17	42	180.0	1.0	3.6					1010.4						
2026	9	3	17	36	140.0	0.5	3.6					1010.3						
2026	9	3	17	30	140.0	0.5	2.1					1010.2						
2026	9	3	17	24	90.0	1.0	2.1					1010.3						
2026	9	3	17	18	140.0	1.0	2.1					1010.3						
2026	9	3	17	12	140.0	1.0	2.1					1010.3						
2026	9	3	17	6	130.0	0.5	2.1					1010.2						
2026	9	3	17	0	150.0	0.5	2.6					1010.3					0.0	
2026	9	3	16	54		0.0	2.6					1010.4						
2026	9	3	16	48	140.0	1.0	2.1					1010.4						
2026	9	3	16	42	120.0	1.0	2.6					1010.4						
2026	9	3	16	36	100.0	1.0	2.6					1010.6						
2026	9	3	16	30	160.0	1.5	3.1					1010.7						
2026	9	3	16	24	130.0	1.0	3.1					1010.7						
2026	9	3	16	18	120.0	1.0	3.1					1010.7						
2026	9	3	16	12	140.0	2.1	4.6					1010.7						
2026	9	3	16	6	190.0	1.0	4.1					1010.8						
2026	9	3	16	0	150.0	1.0	3.6					1010.8					0.3	
2026	9	3	15	54	130.0	1.0	3.1					1011.0						
2026	9	3	15	48	150.0	1.0	3.1					1010.9						
2026	9	3	15	42	120.0	1.0	4.1					1011.2						
2026	9	3	15	36	230.0	1.5	3.6					1011.1						
2026	9	3	15	30	280.0	1.0	2.1					1011.1						
2026	9	3	15	24	180.0	0.5	1.5					1010.9						
2026	9	3	15	18	120.0	0.5	2.1					1010.9						
2026	9	3	15	12	130.0	1.0	3.6					1010.9						
2026	9	3	15	6	110.0	1.0	1.5					1010.8						
2026	9	3	15	0	110.0	0.5	2.1					1010.7					-0.0	
2026	9	3	14	54	160.0	1.0	2.6					1010.7						
2026	9	3	14	48	110.0	1.0	2.6					1010.7						
2026	9	3	14	42	100.0	0.5	2.1					1010.7						
2026	9	3	14	36	140.0	1.0	1.5					1010.6						
2026	9	3	14	30	140.0	1.5	2.1					1010.5						
2026	9	3	14	24	130.0	1.5	2.1					1010.5						
2026	9	3	14	18	130.0	1.5	2.6					1010.6						
2026	9	3	14	12	120.0	1.0	1.5					1010.5						
2026	9	3	14	6	120.0	1.0	1.5					1010.5						
2026	9	3	14	0	100.0	1.0	2.1					1010.5					-0.5	
2026	9	3	13	54		0.0	2.1					1010.5						
2026	9	3	13	48	180.0	1.0	2.6					1010.4						
2026	9	3	13	42	80.0	0.5	2.1					1010.3						
2026	9	3	13	36	130.0	1.0	2.6					1010.2						
2026	9	3	13	30	150.0	0.5	2.1					1010.2						
2026	9	3	13	24	180.0	1.5	3.1					1010.2						
2026	9	3	13	18	110.0	1.5	2.6					1010.2						
2026	9	3	13	12	110.0	1.0	3.6					1010.4						
2026	9	3	13	6	20.0	1.0	3.1					1010.4						
2026	9	3	13	0	90.0	1.0	2.1					1010.5					-0.6	
2026	9	3	12	54	90.0	0.5	2.6					1010.3						
2026	9	3	12	48	20.0	1.0	3.1					1010.4						
2026	9	3	12	42	150.0	1.0	2.6					1010.5						
2026	9	3	12	36	130.0	1.0	3.6					1010.6						
2026	9	3	12	30	90.0	1.0	1.5					1010.8						
2026	9	3	12	24	190.0	1.0	2.6					1010.7						
2026	9	3	12	18	140.0	0.5	2.1					1010.7						
2026	9	3	12	12	100.0	0.5	2.6					1010.8						
2026	9	3	12	6	130.0	0.5	2.1					1010.8						
2026	9	3	12	0	180.0	1.5	3.1					1010.8					-0.7	
2026	9	3	11	54	150.0	1.0	2.6					1010.9						
2026	9	3	11	48	140.0	1.0	3.6					1010.9						
2026	9	3	11	42	50.0	1.0	3.6					1010.9						
2026	9	3	11	36	150.0	1.0	2.6					1011.0						
2026	9	3	11	30	110.0	1.0	2.6					1011.0						
2026	9	3	11	24	140.0	1.0	2.6					1011.1						
2026	9	3	11	18	170.0	1.0	2.1					1011.1						
2026	9	3	11	12	70.0	0.5	2.1					1011.1						
2026	9	3	11	6	150.0	1.0	2.1					1011.0						
2026	9	3	11	0	120.0	1.0	2.6					1011.0					-0.5	
2026	9	3	10	54	140.0	0.5	2.6					1011.1						
2026	9	3	10	48	230.0	1.0	2.1					1011.0						
2026	9	3	10	42	160.0	1.0	2.1					1011.0						
2026	9	3	10	36		0.0	1.5					1011.1						
2026	9	3	10	30	150.0	1.0	2.1					1011.1						
2026	9	3	10	24	210.0	0.5	2.1					1011.1						
2026	9	3	10	18	120.0	1.5	3.6					1011.1						
2026	9	3	10	12	160.0	1.5	3.6					1011.1						
2026	9	3	10	6	140.0	1.5	3.1					1011.1						
2026	9	3	10	0	110.0	1.0	2.6					1011.1					-0.6	
2026	9	3	9	54	150.0	1.5	3.1					1011.1						
2026	9	3	9	48	150.0	1.0	2.6					1011.2						
2026	9	3	9	42	60.0	1.0	2.6					1011.3						
2026	9	3	9	36	130.0	1.0	3.6					1011.4						
2026	9	3	9	30	170.0	1.5	3.6					1011.4						
2026	9	3	9	24		0.0	2.6					1011.4						
2026	9	3	9	18	180.0	1.0	2.6					1011.4						
2026	9	3	9	12	140.0	1.5	3.1					1011.4						
2026	9	3	9	6	30.0	1.0	2.6					1011.5						
2026	9	3	9	0	180.0	1.5	3.6					1011.5					0.0	
2026	9	3	8	54	150.0	1.5	3.6					1011.5						
2026	9	3	8	48		0.0	2.6					1011.5						
2026	9	3	8	42	130.0	1.0	3.1					1011.5						
2026	9	3	8	36	90.0	1.0	4.1					1011.5						
2026	9	3	8	30	120.0	1.0	4.6					1011.5						
2026	9	3	8	24	130.0	1.0	3.1					1011.5						
2026	9	3	8	18	140.0	1.5	3.6					1011.5						
2026	9	3	8	12	150.0	1.0	3.6					1011.6						
2026	9	3	8	6	150.0	1.5	3.1					1011.5						
2026	9	3	8	0	110.0	1.0	2.6					1011.5					0.0	
2026	9	3	7	54	90.0	0.5	3.1					1011.6						
2026	9	3	7	48	130.0	1.5	3.6					1011.7						
2026	9	3	7	42	80.0	1.0	3.6					1011.6						
2026	9	3	7	36	120.0	1.0	4.1					1011.7						
2026	9	3	7	30	150.0	1.5	3.6					1011.7						
2026	9	3	7	24	90.0	1.0	2.6					1011.7						
2026	9	3	7	18	130.0	1.0	2.6					1011.6						
2026	9	3	7	12	150.0	1.0	4.6					1011.6						
2026	9	3	7	6	150.0	1.0	3.1					1011.7						
2026	9	3	7	0	130.0	0.5	3.1					1011.7					0.5	
2026	9	3	6	54	140.0	1.5	4.1					1011.6						
2026	9	3	6	48	140.0	1.0	2.6					1011.6						
2026	9	3	6	42	70.0	0.5	2.1					1011.6						
2026	9	3	6	36	90.0	0.5	2.6					1011.6						
2026	9	3	6	30	30.0	1.0	2.6					1011.6						
2026	9	3	6	24	150.0	1.0	3.1					1011.7						
2026	9	3	6	18	110.0	1.0	2.6					1011.7						
2026	9	3	6	12	120.0	0.5	2.1					1011.8						
2026	9	3	6	6	130.0	1.0	2.6					1011.7						
2026	9	3	6	0	40.0	1.0	2.1					1011.7					1.0	
2026	9	3	5	54	170.0	1.5	4.1					1011.6						
2026	9	3	5	48	160.0	1.0	3.1					1011.7						
2026	9	3	5	42	190.0	1.0	4.1					1011.7						
2026	9	3	5	36	170.0	1.5	3.6					1011.7						
2026	9	3	5	30	110.0	1.0	3.1					1011.7						
2026	9	3	5	24	140.0	1.0	3.1					1011.7						
2026	9	3	5	18	170.0	1.0	3.1					1011.6						
2026	9	3	5	12	180.0	1.0	2.6					1011.6						
2026	9	3	5	6	190.0	1.0	4.1					1011.6						
2026	9	3	5	0	190.0	1.0	2.6					1011.5					0.9	
2026	9	3	4	54		0.0	1.5					1011.5						
2026	9	3	4	48		0.0	2.1					1011.5						
2026	9	3	4	42		0.0	1.5					1011.5						
2026	9	3	4	36	140.0	1.0	2.6					1011.4						
2026	9	3	4	30	170.0	1.0	2.1					1011.4						
2026	9	3	4	24	150.0	1.0	2.6					1011.4						
2026	9	3	4	18	130.0	0.5	2.6					1011.4						
2026	9	3	4	12	150.0	0.5	2.1					1011.4						
2026	9	3	4	6	120.0	1.5	2.6					1011.3						
2026	9	3	4	0	100.0	1.0	3.1					1011.2					0.8	
2026	9	3	3	54	140.0	1.0	4.1					1011.2						
2026	9	3	3	48	160.0	1.5	3.1					1011.2						
2026	9	3	3	42	200.0	0.5	3.1					1011.2						
2026	9	3	3	36	110.0	0.5	4.1					1011.2						
2026	9	3	3	30	130.0	1.0	2.6					1011.0						
2026	9	3	3	24	150.0	1.0	2.6					1011.0						
2026	9	3	3	18	110.0	0.5	3.1					1010.8						
2026	9	3	3	12	170.0	1.0	2.1					1010.8						
2026	9	3	3	6	100.0	0.5	2.6					1010.7						
2026	9	3	3	0	160.0	1.0	2.1					1010.7					0.7	
2026	9	3	2	54	120.0	0.5	2.1					1010.7						
2026	9	3	2	48	180.0	0.5	2.1					1010.6						
2026	9	3	2	42		0.0	4.1					1010.6						
2026	9	3	2	36	80.0	1.0	2.6					1010.6						
2026	9	3	2	30	120.0	1.0	3.6					1010.6						
2026	9	3	2	24	150.0	1.0	5.1					1010.6						
2026	9	3	2	18	100.0	0.5	2.6					1010.6						
2026	9	3	2	12	170.0	1.5	2.6					1010.6						
2026	9	3	2	6		0.0	2.1					1010.7						
2026	9	3	2	0	110.0	0.5	2.6					1010.6					0.8	
2026	9	3	1	54	200.0	0.5	2.1					1010.7						
2026	9	3	1	48	140.0	0.5	3.1					1010.6						
2026	9	3	1	42	160.0	1.0	3.1					1010.6						
2026	9	3	1	36	170.0	1.5	3.6					1010.5						
2026	9	3	1	30	330.0	1.0	3.1					1010.3						
2026	9	3	1	24	120.0	1.0	2.6					1010.3						
2026	9	3	1	18	110.0	0.5	3.1					1010.3						
2026	9	3	1	12	190.0	0.5	3.6					1010.3						
2026	9	3	1	6	150.0	2.1	3.6					1010.3						
2026	9	3	1	0	130.0	1.0	2.6					1010.4					1.5	
2026	9	3	0	54	160.0	1.0	3.6					1010.4						
2026	9	3	0	48	160.0	1.5	3.1					1010.3						
2026	9	3	0	42	150.0	0.5	2.1					1010.3						
2026	9	3	0	36	150.0	1.0	2.6					1010.3						
2026	9	3	0	30		0.0	1.5					1010.3						
2026	9	3	0	24		0.0	1.5					1010.2						
2026	9	3	0	18	180.0	1.5	3.1					1010.1						
2026	9	3	0	12	130.0	0.5	2.1					1010.0						
2026	9	3	0	6	150.0	1.0	2.1					1010.0						
2026	9	3	0	0	170.0	0.5	2.1					1010.0					1.6	
2026	9	2	23	54	130.0	1.0	2.6					1010.0						
2026	9	2	23	48	170.0	1.0	2.1					1009.9						
2026	9	2	23	42	120.0	0.5	2.6					1010.0						
2026	9	2	23	36	160.0	1.0	2.6					1009.8						
2026	9	2	23	30	170.0	1.0	2.6					1009.8						
2026	9	2	23	24	180.0	1.5	2.6					1009.8						
2026	9	2	23	18	180.0	1.5	4.1					1009.9						
2026	9	2	23	12	170.0	1.0	3.6					1009.8						
2026	9	2	23	6	160.0	1.0	3.6					1009.7						
2026	9	2	23	0	200.0	1.5	3.6					1009.8					2.7	
2026	9	2	22	54	210.0	2.1	4.6					1009.8						
2026	9	2	22	48	230.0	1.5	4.6					1009.7						
2026	9	2	22	42	190.0	2.6	5.1					1009.6						
2026	9	2	22	36	210.0	2.1	5.1					1009.5						
2026	9	2	22	30	220.0	2.1	5.1					1009.4						
2026	9	2	22	24	180.0	2.1	5.7					1009.0						
2026	9	2	22	18	210.0	2.1	5.1					1009.2						
2026	9	2	22	12	190.0	2.6	6.7					1008.9						
2026	9	2	22	6	180.0	2.1	4.6					1009.0						
2026	9	2	22	0	210.0	3.1	6.7					1008.9					2.1	
2026	9	2	21	54	180.0	1.5	6.2					1008.8						
2026	9	2	21	48	180.0	2.6	4.6					1008.8						
2026	9	2	21	42	200.0	2.1	8.8					1008.9						
2026	9	2	21	36	190.0	2.6	7.2					1008.9						
2026	9	2	21	30	190.0	2.1	4.1					1008.8						
2026	9	2	21	24	210.0	2.6	6.7					1008.8						
2026	9	2	21	18	240.0	2.6	6.2					1008.8						
2026	9	2	21	12	230.0	2.6	6.7					1008.7						
2026	9	2	21	6	230.0	1.5	4.6					1008.6						
2026	9	2	21	0	200.0	3.1	7.2					1008.4					1.7	
2026	9	2	20	54	210.0	2.6	8.8					1008.2						
2026	9	2	20	48	220.0	3.1	7.7					1008.0						
2026	9	2	20	42	200.0	3.1	9.3					1007.8						
2026	9	2	20	36	190.0	3.1	5.7					1007.6						
2026	9	2	20	30	210.0	1.5	8.2					1007.4						
2026	9	2	20	24	180.0	2.6	10.8					1007.4						
2026	9	2	20	18	190.0	2.1	5.7					1007.3						
2026	9	2	20	12	210.0	2.1	5.1					1007.3						
2026	9	2	20	6	180.0	2.6	8.2					1007.2						
2026	9	2	20	0	160.0	2.1	8.2					1007.1					0.7	
2026	9	2	19	54	180.0	3.1	7.7					1007.1						
2026	9	2	19	48	190.0	2.6	6.2					1007.1						
2026	9	2	19	42	200.0	2.1	6.2					1007.1						
2026	9	2	19	36	140.0	2.1	6.2					1007.1						
2026	9	2	19	30	130.0	2.1	6.2					1006.9						
2026	9	2	19	24	170.0	2.6	8.2					1006.9						
2026	9	2	19	18	170.0	2.1	5.7					1007.0						
2026	9	2	19	12	190.0	1.5	3.6					1006.9						
2026	9	2	19	6	120.0	0.5	4.6					1006.9						
2026	9	2	19	0	290.0	1.5	3.6					1006.8					0.0	
2026	9	2	18	54	130.0	1.0	3.1					1006.9						
2026	9	2	18	48	180.0	2.1	5.7					1006.9						
2026	9	2	18	42	220.0	1.5	3.6					1006.8						
2026	9	2	18	36	170.0	1.5	4.6					1006.8						
2026	9	2	18	30	170.0	2.1	4.6					1006.8						
2026	9	2	18	24	190.0	1.5	4.6					1006.8						
2026	9	2	18	18	150.0	2.1	4.1					1006.8						
2026	9	2	18	12	70.0	1.5	4.6					1006.8						
2026	9	2	18	6	160.0	2.1	5.1					1006.7						
2026	9	2	18	0	180.0	1.5	5.1					1006.7					-0.0	
2026	9	2	17	54	150.0	2.1	4.6					1006.6						
2026	9	2	17	48	40.0	2.1	5.7					1006.6						
2026	9	2	17	42	120.0	1.5	5.7					1006.6						
2026	9	2	17	36	140.0	3.1	7.2					1006.5						
2026	9	2	17	30	180.0	2.1	6.2					1006.5						
2026	9	2	17	24	150.0	2.1	6.2					1006.5						
2026	9	2	17	18	190.0	1.5	5.7					1006.5						
2026	9	2	17	12	160.0	1.5	4.1					1006.4						
2026	9	2	17	6	180.0	1.5	4.6					1006.4						
2026	9	2	17	0	90.0	1.0	6.7					1006.4					-1.0	
2026	9	2	16	54	250.0	1.5	5.7					1006.3						
2026	9	2	16	48	150.0	1.5	5.1					1006.4						
2026	9	2	16	42	150.0	1.0	3.1					1006.3						
2026	9	2	16	36	140.0	1.0	3.1					1006.3						
2026	9	2	16	30	220.0	0.5	3.6					1006.4						
2026	9	2	16	24	130.0	1.0	2.6					1006.4						
2026	9	2	16	18	200.0	1.0	2.1					1006.4						
2026	9	2	16	12	330.0	0.5	1.5					1006.5						
2026	9	2	16	6	150.0	1.0	3.1					1006.5						
2026	9	2	16	0	200.0	1.0	2.6					1006.6					-1.4	
2026	9	2	15	54		0.0	1.5					1006.5						
2026	9	2	15	48	240.0	1.0	2.1					1006.6						
2026	9	2	15	42	240.0	0.5	1.5					1006.6						
2026	9	2	15	36		0.0	1.0					1006.5						
2026	9	2	15	30	110.0	0.5	1.0					1006.6						
2026	9	2	15	24		0.0	1.0					1006.6						
2026	9	2	15	18		0.0	1.5					1006.7						
2026	9	2	15	12		0.0	1.5					1006.8						
2026	9	2	15	6	120.0	1.0	2.6					1006.8						
2026	9	2	15	0	110.0	1.0	2.6					1006.7					-2.1	
2026	9	2	14	54	160.0	1.0	3.6					1006.6						
2026	9	2	14	48	90.0	1.0	2.6					1006.7						
2026	9	2	14	42	90.0	0.5	2.1					1006.8						
2026	9	2	14	36	140.0	1.0	2.1					1006.9						
2026	9	2	14	30	80.0	0.5	2.1					1007.0						
2026	9	2	14	24	140.0	0.5	2.6					1007.1						
2026	9	2	14	18	140.0	1.0	3.1					1007.2						
2026	9	2	14	12	150.0	0.5	1.5					1007.3						
2026	9	2	14	6		0.0	2.1					1007.3						
2026	9	2	14	0	120.0	0.5	1.5					1007.4					-2.2	
2026	9	2	13	54	130.0	1.5	2.6					1007.5						
2026	9	2	13	48	130.0	1.5	3.1					1007.6						
2026	9	2	13	42	170.0	1.5	3.1					1007.7						
2026	9	2	13	36	120.0	1.0	4.1					1007.8						
2026	9	2	13	30	190.0	1.0	2.6					1007.9						
2026	9	2	13	24	120.0	1.5	6.2					1007.9						
2026	9	2	13	18	200.0	1.5	3.6					1007.9						
2026	9	2	13	12	150.0	1.5	2.6					1007.9						
2026	9	2	13	6	210.0	1.0	3.1					1007.9						
2026	9	2	13	0	150.0	0.5	2.6					1008.0					-2.0	
2026	9	2	12	54		0.0	2.1					1008.0						
2026	9	2	12	48	120.0	1.0	3.6					1008.1						
2026	9	2	12	42	110.0	1.5	4.1					1008.3						
2026	9	2	12	36	110.0	1.5	5.7					1008.3						
2026	9	2	12	30	180.0	2.1	4.1					1008.4						
2026	9	2	12	24	130.0	1.0	3.6					1008.4						
2026	9	2	12	18	170.0	2.1	6.2					1008.5						
2026	9	2	12	12	190.0	1.5	4.1					1008.6						
2026	9	2	12	6	120.0	1.5	4.1					1008.7						
2026	9	2	12	0	160.0	1.5	3.1					1008.8					-1.9	
2026	9	2	11	54	120.0	1.0	3.6					1008.9						
2026	9	2	11	48	130.0	1.5	6.2					1009.0						
2026	9	2	11	42	130.0	2.1	5.7					1009.1						
2026	9	2	11	36	150.0	2.1	3.6					1009.2						
2026	9	2	11	30	150.0	2.1	5.1					1009.2						
2026	9	2	11	24	190.0	2.1	4.1					1009.3						
2026	9	2	11	18	220.0	2.1	4.1					1009.4						
2026	9	2	11	12	220.0	2.1	4.1					1009.4						
2026	9	2	11	6	100.0	1.0	4.1					1009.5						
2026	9	2	11	0	170.0	1.5	4.1					1009.6					-1.6	
2026	9	2	10	54	160.0	2.1	6.2					1009.6						
2026	9	2	10	48	210.0	2.6	6.7					1009.7						
2026	9	2	10	42	140.0	1.5	3.6					1009.7						
2026	9	2	10	36	340.0	1.5	4.1					1009.8						
2026	9	2	10	30	70.0	0.5	3.1					1009.8						
2026	9	2	10	24	180.0	2.1	4.1					1009.8						
2026	9	2	10	18	160.0	2.1	4.6					1009.9						
2026	9	2	10	12	170.0	2.1	3.6					1009.9						
2026	9	2	10	6	160.0	2.1	6.2					1009.9						
2026	9	2	10	0	140.0	1.0	3.1					1010.0					-1.8	
2026	9	2	9	54	160.0	1.5	4.6					1010.2						
2026	9	2	9	48	180.0	2.1	6.2					1010.3						
2026	9	2	9	42	100.0	1.0	5.7					1010.3						
2026	9	2	9	36	80.0	1.0	4.1					1010.4						
2026	9	2	9	30		0.0	2.6					1010.4						
2026	9	2	9	24	90.0	1.0	2.6					1010.4						
2026	9	2	9	18		0.0	2.6					1010.5						
2026	9	2	9	12	100.0	1.5	2.6					1010.6						
2026	9	2	9	6	140.0	0.5	2.6					1010.6						
2026	9	2	9	0	120.0	1.0	2.6					1010.7					-1.4	
2026	9	2	8	54	70.0	0.5	1.5					1010.8						
2026	9	2	8	48		0.0	2.1					1010.8						
2026	9	2	8	42	160.0	0.5	1.5					1010.9						
2026	9	2	8	36		0.0	1.5					1010.9						
2026	9	2	8	30	120.0	0.5	1.5					1011.0						
2026	9	2	8	24		0.0	1.0					1010.9						
2026	9	2	8	18	140.0	0.5	1.5					1011.0						
2026	9	2	8	12	130.0	0.5	1.5					1011.1						
2026	9	2	8	6	80.0	1.0	1.5					1011.2						
2026	9	2	8	0	120.0	0.5	1.5					1011.2					-1.5	
2026	9	2	7	54	60.0	0.5	1.5					1011.3						
2026	9	2	7	48	130.0	0.5	2.6					1011.4						
2026	9	2	7	42	110.0	0.5	2.1					1011.3						
2026	9	2	7	36	140.0	0.5	2.1					1011.4						
2026	9	2	7	30	70.0	1.0	2.1					1011.5						
2026	9	2	7	24	120.0	1.0	2.6					1011.6						
2026	9	2	7	18	160.0	0.5	2.6					1011.7						
2026	9	2	7	12	180.0	1.0	2.6					1011.8						
2026	9	2	7	6	130.0	0.5	2.1					1011.8						
2026	9	2	7	0	190.0	1.0	2.1					1011.8					-0.8	
2026	9	2	6	54		0.0	2.1					1011.8						
2026	9	2	6	48	150.0	0.5	2.6					1011.8						
2026	9	2	6	42	170.0	1.0	2.1					1011.8						
2026	9	2	6	36	240.0	0.5	2.1					1011.8						
2026	9	2	6	30	160.0	1.0	2.6					1011.8						
2026	9	2	6	24	180.0	1.0	3.1					1011.8						
2026	9	2	6	18	60.0	0.5	3.1					1011.8						
2026	9	2	6	12	180.0	1.5	3.6					1012.0						
2026	9	2	6	6	180.0	1.0	2.6					1012.0						
2026	9	2	6	0	130.0	1.0	2.6					1012.1					0.0	
2026	9	2	5	54	240.0	0.5	2.6					1012.2						
2026	9	2	5	48	210.0	1.5	2.6					1012.2						
2026	9	2	5	42	190.0	0.5	2.1					1012.3						
2026	9	2	5	36	160.0	1.0	6.2					1012.5						
2026	9	2	5	30	180.0	0.5	2.6					1012.5						
2026	9	2	5	24		0.0	2.6					1012.6						
2026	9	2	5	18	100.0	1.0	3.6					1012.5						
2026	9	2	5	12	190.0	1.5	3.6					1012.6						
2026	9	2	5	6	200.0	1.0	3.1					1012.6						
2026	9	2	5	0	210.0	1.5	2.6					1012.7					0.4	
2026	9	2	4	54	220.0	2.1	3.6					1012.7						
2026	9	2	4	48	240.0	1.5	4.1					1012.7						
2026	9	2	4	42	260.0	1.0	3.6					1012.7						
2026	9	2	4	36	240.0	1.5	3.1					1012.7						
2026	9	2	4	30	230.0	1.5	3.1					1012.6						
2026	9	2	4	24	240.0	0.5	3.1					1012.7						
2026	9	2	4	18	240.0	1.0	3.6					1012.7						
2026	9	2	4	12	190.0	2.1	3.1					1012.7						
2026	9	2	4	6	180.0	1.0	2.6					1012.6						
2026	9	2	4	0	220.0	1.0	3.1					1012.6					0.5	
2026	9	2	3	54	230.0	1.0	3.1					1012.6						
2026	9	2	3	48	210.0	1.5	3.1					1012.5						
2026	9	2	3	42	160.0	1.0	3.6					1012.4						
2026	9	2	3	36	120.0	1.0	2.6					1012.3						
2026	9	2	3	30	180.0	1.0	3.1					1012.4						
2026	9	2	3	24	180.0	1.0	3.1					1012.4						
2026	9	2	3	18	180.0	1.0	4.1					1012.4						
2026	9	2	3	12	200.0	1.0	3.6					1012.4						
2026	9	2	3	6	120.0	0.5	3.6					1012.4						
2026	9	2	3	0	210.0	2.1	4.6					1012.3					0.3	
2026	9	2	2	54	210.0	2.1	5.7					1012.3						
2026	9	2	2	48	200.0	1.0	5.7					1012.4						
2026	9	2	2	42	170.0	1.0	3.6					1012.3						
2026	9	2	2	36	220.0	2.1	5.1					1012.3						
2026	9	2	2	30	240.0	2.1	4.6					1012.3						
2026	9	2	2	24	240.0	2.1	6.2					1012.2						
2026	9	2	2	18	220.0	2.1	4.6					1012.2						
2026	9	2	2	12	190.0	2.1	4.6					1012.2						
2026	9	2	2	6	230.0	1.5	4.6					1012.2						
2026	9	2	2	0	220.0	1.5	3.6					1012.3					-0.0	
2026	9	2	1	54	240.0	2.1	4.6					1012.2						
2026	9	2	1	48	220.0	1.5	4.1					1012.2						
2026	9	2	1	42	220.0	2.1	6.2					1012.3						
2026	9	2	1	36	220.0	1.0	4.1					1012.3						
2026	9	2	1	30	180.0	1.5	5.7					1012.2						
2026	9	2	1	24	230.0	2.1	5.7					1012.3						
2026	9	2	1	18	180.0	1.5	5.7					1012.3						
2026	9	2	1	12	170.0	0.5	4.6					1012.2						
2026	9	2	1	6	210.0	2.6	6.2					1012.0						
2026	9	2	1	0	210.0	2.1	5.7					1012.1					-0.3	
2026	9	2	0	54	230.0	1.0	5.1					1012.1						
2026	9	2	0	48	230.0	2.1	4.6					1012.2						
2026	9	2	0	42	200.0	2.1	4.6					1012.2						
2026	9	2	0	36	170.0	1.5	5.7					1012.2						
2026	9	2	0	30	250.0	1.5	4.1					1012.2						
2026	9	2	0	24	270.0	2.1	5.7					1012.1						
2026	9	2	0	18	230.0	2.1	4.6					1012.0						
2026	9	2	0	12	180.0	1.5	4.6					1011.9						
2026	9	2	0	6	180.0	1.0	3.6					1011.9						
2026	9	2	0	0	190.0	0.5	4.6					1012.0					-0.6	
2026	9	1	23	54	210.0	1.0	5.7					1011.9						
2026	9	1	23	48	270.0	1.5	5.7					1012.0						
2026	9	1	23	42	300.0	1.0	3.1					1012.0						
2026	9	1	23	36	190.0	1.5	4.6					1012.0						
2026	9	1	23	30	220.0	1.5	3.6					1012.1						
2026	9	1	23	24	230.0	1.5	5.7					1012.2						
2026	9	1	23	18	230.0	1.5	6.2					1012.2						
2026	9	1	23	12	280.0	1.0	3.1					1012.2						
2026	9	1	23	6	190.0	1.5	4.6					1012.2						
2026	9	1	23	0	200.0	2.1	4.1					1012.3					-0.5	
2026	9	1	22	54	200.0	2.6	5.7					1012.3						
2026	9	1	22	48	140.0	1.0	3.1					1012.3						
2026	9	1	22	42	220.0	1.5	4.6					1012.3						
2026	9	1	22	36	210.0	2.1	3.6					1012.3						
2026	9	1	22	30	230.0	2.1	6.2					1012.3						
2026	9	1	22	24	230.0	2.6	5.7					1012.3						
2026	9	1	22	18	240.0	2.6	4.6					1012.4						
2026	9	1	22	12	230.0	2.1	5.1					1012.4						
2026	9	1	22	6	230.0	2.1	5.1					1012.4						
2026	9	1	22	0	230.0	2.6	5.1					1012.4					-0.5	
2026	9	1	21	54	230.0	2.6	4.1					1012.4						
2026	9	1	21	48	230.0	2.1	4.6					1012.3						
2026	9	1	21	42	240.0	2.1	4.6					1012.4						
2026	9	1	21	36	220.0	2.1	4.6					1012.5						
2026	9	1	21	30	240.0	2.1	4.1					1012.5						
2026	9	1	21	24	220.0	1.0	4.6					1012.6						
2026	9	1	21	18	210.0	2.1	5.1					1012.7						
2026	9	1	21	12	230.0	2.1	4.6					1012.6						
2026	9	1	21	6	230.0	1.5	5.1					1012.6						
2026	9	1	21	0	220.0	2.1	5.7					1012.6					-0.3	
2026	9	1	20	54	210.0	1.5	4.1					1012.6						
2026	9	1	20	48	230.0	2.1	4.6					1012.6						
2026	9	1	20	42	230.0	1.0	4.1					1012.7						
2026	9	1	20	36	250.0	2.1	3.1					1012.7						
2026	9	1	20	30	220.0	1.5	3.6					1012.8						
2026	9	1	20	24	260.0	1.5	3.6					1012.7						
2026	9	1	20	18	230.0	2.1	4.6					1012.7						
2026	9	1	20	12	240.0	1.5	3.1					1012.7						
2026	9	1	20	6	230.0	1.5	3.6					1012.7						
2026	9	1	20	0	240.0	1.0	3.6					1012.8					0.0	
2026	9	1	19	54	170.0	1.5	2.6					1012.9						
2026	9	1	19	48	230.0	1.5	3.1					1012.9						
2026	9	1	19	42	240.0	1.5	4.6					1012.9						
2026	9	1	19	36	240.0	1.5	2.6					1012.9						
2026	9	1	19	30	210.0	1.0	3.6					1012.9						
2026	9	1	19	24	220.0	1.5	3.1					1012.9						
2026	9	1	19	18	220.0	1.5	4.6					1013.0						
2026	9	1	19	12	240.0	1.5	4.1					1012.9						
2026	9	1	19	6	250.0	2.1	4.6					1012.9						
2026	9	1	19	0	240.0	2.1	6.2					1012.9					0.0	
2026	9	1	18	54	230.0	1.5	3.6					1012.9						
2026	9	1	18	48	210.0	2.1	3.6					1012.9						
2026	9	1	18	42	260.0	1.5	3.6					1012.9						
2026	9	1	18	36	210.0	1.0	3.6					1012.9						
2026	9	1	18	30	220.0	1.0	3.1					1012.9						
2026	9	1	18	24	230.0	0.5	2.6					1012.9						
2026	9	1	18	18	250.0	2.1	3.6					1012.9						
2026	9	1	18	12	220.0	0.5	2.6					1012.9						
2026	9	1	18	6	210.0	1.0	3.6					1012.9						
2026	9	1	18	0	270.0	1.0	2.6					1012.9					0.3	
2026	9	1	17	54	280.0	2.6	3.6					1012.8						
2026	9	1	17	48	270.0	1.5	2.6					1012.8						
2026	9	1	17	42	270.0	1.5	2.6					1012.8						
2026	9	1	17	36	280.0	0.5	1.5					1012.8						
2026	9	1	17	30		0.0	1.0					1012.8						
2026	9	1	17	24		0.0	1.0					1012.7						
2026	9	1	17	18		0.0	1.0					1012.7						
2026	9	1	17	12	180.0	1.0	1.5					1012.7						
2026	9	1	17	6		0.0	1.5					1012.6						
2026	9	1	17	0	10.0	1.0	1.5					1012.6					0.0	
2026	9	1	16	54	100.0	1.0	2.6					1012.6						
2026	9	1	16	48	110.0	1.0	2.1					1012.6						
2026	9	1	16	42	160.0	1.0	2.6					1012.6						
2026	9	1	16	36	140.0	1.0	2.6					1012.6						
2026	9	1	16	30	140.0	1.0	1.5					1012.6						
2026	9	1	16	24	130.0	0.5	1.5					1012.7						
2026	9	1	16	18		0.0	1.5					1012.7						
2026	9	1	16	12	130.0	1.0	2.1					1012.7						
2026	9	1	16	6	80.0	1.0	1.5					1012.7						
2026	9	1	16	0	80.0	1.0	2.1					1012.7					0.6	
2026	9	1	15	54		0.0	1.0					1012.8						
2026	9	1	15	48		0.0	1.0					1012.8						
2026	9	1	15	42	130.0	0.5	1.5					1012.8						
2026	9	1	15	36	120.0	0.5	2.1					1012.8						
2026	9	1	15	30	90.0	0.5	1.0					1012.7						
2026	9	1	15	24		0.0	1.5					1012.6						
2026	9	1	15	18	130.0	0.5	1.5					1012.6						
2026	9	1	15	12		0.0	1.0					1012.6						
2026	9	1	15	6		0.0	1.0					1012.6						
2026	9	1	15	0		0.0	1.0					1012.6					0.5	
2026	9	1	14	54		0.0	0.5					1012.6						
2026	9	1	14	48		0.0	1.0					1012.6						
2026	9	1	14	42	80.0	0.5	1.0					1012.5						
2026	9	1	14	36		0.0	0.5					1012.5						
2026	9	1	14	30		0.0	0.5					1012.5						
2026	9	1	14	24		0.0	0.0					1012.5						
2026	9	1	14	18		0.0	0.5					1012.5						
2026	9	1	14	12		0.0	1.5					1012.4						
2026	9	1	14	6		0.0	1.0					1012.4						
2026	9	1	14	0		0.0	1.0					1012.4					-0.0	
2026	9	1	13	54	150.0	0.5	1.5					1012.4						
2026	9	1	13	48	120.0	0.5	2.1					1012.3						
2026	9	1	13	42	160.0	1.0	1.5					1012.3						
2026	9	1	13	36	130.0	0.5	1.0					1012.2						
2026	9	1	13	30	120.0	0.5	1.0					1012.1						
2026	9	1	13	24	110.0	1.0	1.0					1012.1						
2026	9	1	13	18	110.0	1.0	1.5					1012.1						
2026	9	1	13	12	120.0	0.5	1.0					1012.1						
2026	9	1	13	6	130.0	0.5	1.0					1012.1						
2026	9	1	13	0	120.0	0.5	1.0					1012.1					0.0	
2026	9	1	12	54		0.0	0.5					1012.1						
2026	9	1	12	48		0.0	1.0					1012.1						
2026	9	1	12	42	160.0	1.0	1.0					1012.1						
2026	9	1	12	36		0.0	0.5					1012.1						
2026	9	1	12	30	130.0	0.5	1.0					1012.1						
2026	9	1	12	24		0.0	1.0					1012.2						
2026	9	1	12	18	160.0	0.5	1.5					1012.2						
2026	9	1	12	12	160.0	1.0	2.1					1012.1						
2026	9	1	12	6	160.0	1.0	1.0					1012.1						
2026	9	1	12	0	160.0	1.0	1.0					1012.1					-0.4	
2026	9	1	11	54	160.0	0.5	1.0					1012.1						
2026	9	1	11	48	120.0	0.5	1.0					1012.1						
2026	9	1	11	42		0.0	0.5					1012.1						
2026	9	1	11	36	160.0	0.5	1.0					1012.1						
2026	9	1	11	30		0.0	0.5					1012.2						
2026	9	1	11	24		0.0	0.5					1012.2						
2026	9	1	11	18		0.0	1.0					1012.2						
2026	9	1	11	12		0.0	0.5					1012.2						
2026	9	1	11	6		0.0	1.0					1012.1						
2026	9	1	11	0	110.0	0.5	1.0					1012.2					0.0	
2026	9	1	10	54	110.0	0.5	1.5					1012.2						
2026	9	1	10	48		0.0	0.5					1012.3						
2026	9	1	10	42	40.0	0.5	0.5					1012.3						
2026	9	1	10	36		0.0	0.5					1012.2						
2026	9	1	10	30		0.0	0.0					1012.2						
2026	9	1	10	24		0.0	0.5					1012.2						
2026	9	1	10	18	110.0	0.5	1.0					1012.2						
2026	9	1	10	12	110.0	0.5	1.0					1012.2						
2026	9	1	10	6	110.0	0.5	0.5					1012.2						
2026	9	1	10	0		0.0	0.0					1012.2					0.0	
2026	9	1	9	54		0.0	0.0					1012.2						
2026	9	1	9	48		0.0	0.5					1012.3						
2026	9	1	9	42		0.0	0.5					1012.3						
2026	9	1	9	36		0.0	0.0					1012.4						
2026	9	1	9	30		0.0	1.0					1012.4						
2026	9	1	9	24		0.0	1.0					1012.4						
2026	9	1	9	18		0.0	0.5					1012.5						
2026	9	1	9	12		0.0	1.0					1012.5						
2026	9	1	9	6		0.0	0.5					1012.5						
2026	9	1	9	0		0.0	1.0					1012.5					-0.0	
2026	9	1	8	54	230.0	0.5	1.0					1012.5						
2026	9	1	8	48	240.0	0.5	0.5					1012.4						
2026	9	1	8	42		0.0	0.5					1012.5						
2026	9	1	8	36		0.0	0.0					1012.5						
2026	9	1	8	30		0.0	0.5					1012.5						
2026	9	1	8	24		0.0	0.0					1012.5						
2026	9	1	8	18		0.0	0.0					1012.5						
2026	9	1	8	12		0.0	0.5					1012.4						
2026	9	1	8	6		0.0	1.0					1012.4						
2026	9	1	8	0	20.0	0.5	1.0					1012.4					-0.4	
2026	9	1	7	54	60.0	0.5	1.0					1012.4						
2026	9	1	7	48	90.0	0.5	1.5					1012.3						
2026	9	1	7	42	30.0	1.0	2.1					1012.2						
2026	9	1	7	36	10.0	1.5	2.1					1012.2						
2026	9	1	7	30		0.0	1.0					1012.2						
2026	9	1	7	24		0.0	0.5					1012.1						
2026	9	1	7	18		0.0	0.5					1012.1						
2026	9	1	7	12		0.0	0.5					1012.2						
2026	9	1	7	6		0.0	0.0					1012.3						
2026	9	1	7	0		0.0	0.0					1012.3					0.0	
2026	9	1	6	54		0.0	0.0					1012.3						
2026	9	1	6	48		0.0	0.0					1012.3						
2026	9	1	6	42		0.0	0.5					1012.3						
2026	9	1	6	36		0.0	1.0					1012.3						
2026	9	1	6	30		0.0	1.0					1012.3						
2026	9	1	6	24		0.0	1.0					1012.4						
2026	9	1	6	18		0.0	1.5					1012.5						
2026	9	1	6	12	240.0	0.5	1.5					1012.5						
2026	9	1	6	6	180.0	0.5	1.5					1012.5						
2026	9	1	6	0	170.0	0.5	1.5					1012.6					0.8	
2026	9	1	5	54	110.0	0.5	1.5					1012.7						
2026	9	1	5	48	240.0	1.5	3.1					1012.7						
2026	9	1	5	42	260.0	1.0	2.1					1012.7						
2026	9	1	5	36		0.0	1.0					1012.7						
2026	9	1	5	30	120.0	0.5	1.5					1012.8						
2026	9	1	5	24	230.0	0.5	1.0					1012.8						
2026	9	1	5	18	210.0	0.5	1.5					1012.7						
2026	9	1	5	12	240.0	1.0	2.1					1012.8						
2026	9	1	5	6	240.0	0.5	1.5					1012.7						
2026	9	1	5	0	150.0	0.5	1.5					1012.8					1.0	
2026	9	1	4	54	210.0	0.5	1.5					1012.8						
2026	9	1	4	48	150.0	0.5	2.6					1012.8						
2026	9	1	4	42	180.0	0.5	1.5					1012.9						
2026	9	1	4	36		0.0	1.0					1012.9						
2026	9	1	4	30		0.0	1.0					1012.9						
2026	9	1	4	24		0.0	0.0					1012.9						
2026	9	1	4	18		0.0	0.0					1012.8						
2026	9	1	4	12		0.0	0.0					1012.7						
2026	9	1	4	6		0.0	0.5					1012.6						
2026	9	1	4	0		0.0	0.5					1012.5					0.8	
2026	9	1	3	54		0.0	1.0					1012.4						
2026	9	1	3	48		0.0	1.0					1012.3						
2026	9	1	3	42	260.0	0.5	1.0					1012.2						
2026	9	1	3	36		0.0	1.0					1012.2						
2026	9	1	3	30		0.0	0.5					1012.1						
2026	9	1	3	24		0.0	0.5					1012.0						
2026	9	1	3	18		0.0	1.0					1012.0						
2026	9	1	3	12	350.0	0.5	1.0					1011.9						
2026	9	1	3	6		0.0	1.0					1011.9						
2026	9	1	3	0		0.0	0.5					1011.8					0.0	
2026	9	1	2	54		0.0	0.5					1011.8						
2026	9	1	2	48		0.0	1.0					1011.8						
2026	9	1	2	42		0.0	1.0					1011.8						
2026	9	1	2	36		0.0	1.5					1011.8						
2026	9	1	2	30	140.0	0.5	1.5					1011.8						
2026	9	1	2	24	200.0	0.5	2.6					1011.7						
2026	9	1	2	18	260.0	1.5	2.6					1011.7						
2026	9	1	2	12	240.0	2.1	3.6					1011.7						
2026	9	1	2	6	240.0	2.1	3.6					1011.9						
2026	9	1	2	0	240.0	2.6	4.6					1011.8					0.0	
2026	9	1	1	54	240.0	1.5	3.1					1011.8						
2026	9	1	1	48	240.0	1.0	2.1					1011.7						
2026	9	1	1	42	230.0	1.0	1.5					1011.7						
2026	9	1	1	36	230.0	1.5	2.6					1011.7						
2026	9	1	1	30	280.0	0.5	1.5					1011.7						
2026	9	1	1	24		0.0	1.5					1011.7						
2026	9	1	1	18	180.0	0.5	1.0					1011.7						
2026	9	1	1	12	150.0	0.5	1.5					1011.7						
2026	9	1	1	6	150.0	0.5	2.6					1011.7						
2026	9	1	1	0	210.0	1.0	3.1					1011.7					-0.4	
2026	9	1	0	54	220.0	1.0	2.6					1011.7						
2026	9	1	0	48	190.0	0.5	3.1					1011.8						
2026	9	1	0	42	230.0	1.0	2.6					1011.8						
2026	9	1	0	36	190.0	1.0	1.5					1011.8						
2026	9	1	0	30	170.0	1.5	3.1					1011.8						
2026	9	1	0	24	180.0	1.0	2.6					1011.7						
2026	9	1	0	18	190.0	1.0	2.6					1011.7						
2026	9	1	0	12	200.0	1.0	2.6					1011.7						
2026	9	1	0	6	210.0	1.0	2.6					1011.8						
2026	9	1	0	0	220.0	1.0	3.1					1011.9					0.0	
2026	8	31	23	54	210.0	1.5	5.1					1011.9						
2026	8	31	23	48	240.0	2.1	5.1					1011.9						
2026	8	31	23	42	230.0	1.5	4.6					1011.9						
2026	8	31	23	36	250.0	3.1	5.1					1011.9						
2026	8	31	22	36	250.0	3.6	6.2					1012.1						
2026	8	31	22	30	250.0	2.6	4.6					1012.1						
2026	8	31	22	24	230.0	2.1	4.6					1012.1						
2026	8	31	22	18	240.0	2.6	6.2					1012.1						
2026	8	31	22	12	230.0	2.6	6.2					1012.2						
2026	8	31	22	6	240.0	2.6	6.2					1012.1						
2026	8	31	22	0	230.0	3.6	6.2					1012.1					0.0	
2026	8	31	21	54	240.0	2.6	6.2					1012.1						
2026	8	31	21	48	240.0	4.1	8.2					1012.0						
2026	8	31	21	42	250.0	2.6	6.7					1012.1						
2026	8	31	21	36	250.0	3.1	5.1					1012.1						
2026	8	31	21	30	240.0	2.6	6.2					1012.0						
2026	8	31	21	24	250.0	2.6	4.6					1012.0						
2026	8	31	21	18	250.0	3.1	6.7					1012.0						
2026	8	31	21	12	240.0	3.1	7.2					1012.0						
2026	8	31	21	6	230.0	3.1	7.7					1011.9						
2026	8	31	21	0	240.0	3.6	6.2					1011.9					0.4	
2026	8	31	20	54	250.0	4.1	9.3					1011.8						
2026	8	31	20	48	250.0	4.1	6.7					1011.7						
2026	8	31	20	42	240.0	2.6	4.6					1011.7						
2026	8	31	20	36	230.0	1.5	4.6					1011.7						
2026	8	31	20	30	240.0	2.1	6.2					1011.8						
2026	8	31	20	24	240.0	2.6	4.1					1011.8						
2026	8	31	20	18	240.0	3.1	6.2					1011.8						
2026	8	31	20	12	250.0	3.1	6.7					1011.8						
2026	8	31	20	6	240.0	3.1	7.7					1011.8						
2026	8	31	20	0	250.0	2.6	5.1					1011.8					0.0	
2026	8	31	19	54	240.0	3.1	5.7					1011.9						
2026	8	31	19	48	250.0	3.1	7.2					1011.9						
2026	8	31	19	42	240.0	2.6	6.2					1011.9						
2026	8	31	19	36	240.0	2.6	5.1					1011.9						
2026	8	31	19	30	240.0	1.5	4.6					1011.9						
2026	8	31	19	24	250.0	2.6	5.7					1011.9						
2026	8	31	19	18	260.0	2.1	5.1					1011.9						
2026	8	31	19	12	250.0	2.6	5.7					1011.8						
2026	8	31	19	6	240.0	2.1	5.1					1011.8						
2026	8	31	19	0	250.0	3.1	5.1					1011.9					-0.0	
2026	8	31	18	54	240.0	2.6	6.7					1011.9						
2026	8	31	18	48	240.0	2.6	5.1					1012.0						
2026	8	31	18	42	240.0	3.1	5.7					1011.9						
2026	8	31	18	36	240.0	2.6	6.2					1011.9						
2026	8	31	18	30	240.0	3.1	6.7					1011.8						
2026	8	31	18	24	250.0	3.1	4.6					1011.7						
2026	8	31	18	18	250.0	2.6	5.7					1011.7						
2026	8	31	18	12	230.0	1.5	4.6					1011.6						
2026	8	31	18	6	250.0	1.5	3.6					1011.6						
2026	8	31	18	0	280.0	3.6	5.1					1011.5					0.0	
2026	8	31	17	54	250.0	2.1	3.6					1011.4						
2026	8	31	17	48	280.0	1.5	3.1					1011.4						
2026	8	31	17	42	280.0	1.5	2.6					1011.5						
2026	8	31	17	36	240.0	1.5	2.1					1011.5						
2026	8	31	17	30	290.0	1.5	3.1					1011.5						
2026	8	31	17	24	260.0	2.1	3.1					1011.5						
2026	8	31	17	18	270.0	2.6	3.1					1011.6						
2026	8	31	17	12	320.0	1.0	1.5					1011.6						
2026	8	31	17	6	350.0	1.0	1.5					1011.7						
2026	8	31	17	0	10.0	0.5	1.5					1011.7					0.4	
2026	8	31	16	54	330.0	1.0	2.1					1011.7						
2026	8	31	16	48	360.0	1.5	2.1					1011.8						
2026	8	31	16	42	10.0	1.0	2.1					1011.8						
2026	8	31	16	36	360.0	1.0	2.1					1011.7						
2026	8	31	16	30	360.0	1.0	1.5					1011.8						
2026	8	31	16	24	30.0	1.0	2.1					1011.8						
2026	8	31	16	18	50.0	1.0	1.5					1011.8						
2026	8	31	16	12	60.0	1.0	1.5					1011.8						
2026	8	31	16	6	10.0	1.0	1.5					1011.8						
2026	8	31	16	0	320.0	0.5	1.0					1011.9					0.7	
2026	8	31	15	54	320.0	1.0	1.5					1011.8						
2026	8	31	15	48	330.0	1.5	2.1					1011.8						
2026	8	31	15	42	300.0	1.5	2.1					1011.8						
2026	8	31	15	36		0.0	1.0					1011.8						
2026	8	31	15	30		0.0	1.0					1011.8						
2026	8	31	15	24		0.0	1.0					1011.8						
2026	8	31	15	18		0.0	0.5					1011.8						
2026	8	31	15	12		0.0	0.5					1011.7						
2026	8	31	15	6		0.0	1.0					1011.6						
2026	8	31	15	0		0.0	0.5					1011.5					0.0	
2026	8	31	14	54		0.0	1.0					1011.5						
2026	8	31	14	48	180.0	1.0	1.5					1011.5						
2026	8	31	14	42		0.0	1.0					1011.4						
2026	8	31	14	36	90.0	0.5	0.5					1011.4						
2026	8	31	14	30		0.0	1.0					1011.4						
2026	8	31	14	24		0.0	0.5					1011.5						
2026	8	31	14	18		0.0	0.5					1011.5						
2026	8	31	14	12		0.0	0.5					1011.5						
2026	8	31	14	6		0.0	0.5					1011.4						
2026	8	31	14	0		0.0	0.0					1011.3					0.0	
2026	8	31	13	54		0.0	0.5					1011.3						
2026	8	31	13	48	140.0	0.5	1.0					1011.2						
2026	8	31	13	42		0.0	0.5					1011.2						
2026	8	31	13	36		0.0	0.5					1011.2						
2026	8	31	13	30		0.0	0.0					1011.2						
2026	8	31	13	24		0.0	0.0					1011.1						
2026	8	31	13	18		0.0	0.0					1011.1						
2026	8	31	13	12		0.0	0.5					1011.1						
2026	8	31	13	6		0.0	0.5					1011.1						
2026	8	31	13	0		0.0	1.0					1011.2					-0.4	
2026	8	31	12	54	110.0	0.5	1.0					1011.1						
2026	8	31	12	48	120.0	0.5	1.0					1011.1						
2026	8	31	12	42	250.0	1.5	1.5					1011.1						
2026	8	31	12	36		0.0	1.0					1011.1						
2026	8	31	12	30	190.0	1.0	1.0					1011.2						
2026	8	31	12	24		0.0	1.0					1011.3						
2026	8	31	12	18	160.0	0.5	1.0					1011.3						
2026	8	31	12	12	210.0	0.5	1.0					1011.3						
2026	8	31	12	6		0.0	0.5					1011.3						
2026	8	31	12	0	210.0	0.5	1.0					1011.3					-0.8	
2026	8	31	11	54		0.0	1.0					1011.3						
2026	8	31	11	48	120.0	1.0	1.0					1011.4						
2026	8	31	11	42	110.0	1.0	1.5					1011.4						
2026	8	31	11	36	120.0	0.5	1.5					1011.4						
2026	8	31	11	30		0.0	0.5					1011.4						
2026	8	31	11	24	300.0	0.5	1.0					1011.4						
2026	8	31	11	18		0.0	1.0					1011.4						
2026	8	31	11	12		0.0	0.5					1011.4						
2026	8	31	11	6	190.0	0.5	1.5					1011.4						
2026	8	31	11	0	260.0	0.5	0.5					1011.3					-1.2	
2026	8	31	10	54		0.0	0.5					1011.3						
2026	8	31	10	48	50.0	0.5	2.1					1011.3						
2026	8	31	10	42	110.0	1.5	2.1					1011.3						
2026	8	31	10	36	140.0	0.5	2.1					1011.3						
2026	8	31	10	30	100.0	1.0	1.5					1011.4						
2026	8	31	10	24	140.0	0.5	1.0					1011.5						
2026	8	31	10	18		0.0	1.5					1011.5						
2026	8	31	10	12		0.0	1.0					1011.5						
2026	8	31	10	6	120.0	0.5	1.0					1011.6						
2026	8	31	10	0	100.0	0.5	0.5					1011.6					-1.4	
2026	8	31	9	54	100.0	0.5	0.5					1011.6						
2026	8	31	9	48		0.0	0.5					1011.7						
2026	8	31	9	42		0.0	0.5					1011.7						
2026	8	31	9	36		0.0	0.0					1011.8						
2026	8	31	9	30		0.0	0.0					1011.8						
2026	8	31	9	24		0.0	0.0					1011.9						
2026	8	31	9	18		0.0	0.0					1011.9						
2026	8	31	9	12		0.0	0.5					1012.0						
2026	8	31	9	6	100.0	0.5	0.5					1012.0						
2026	8	31	9	0		0.0	0.5					1012.1					-1.4	
2026	8	31	8	54		0.0	0.5					1012.1						
2026	8	31	8	48		0.0	0.0					1012.1						
2026	8	31	8	42		0.0	0.5					1012.2						
2026	8	31	8	36		0.0	1.0					1012.3						
2026	8	31	8	30	190.0	0.5	0.5					1012.4						
2026	8	31	8	24		0.0	1.0					1012.4						
2026	8	31	8	18	210.0	0.5	1.0					1012.4						
2026	8	31	8	12	210.0	1.0	1.0					1012.5						
2026	8	31	8	6	210.0	1.0	1.5					1012.5						
2026	8	31	8	0		0.0	2.1					1012.5					-1.5	
2026	8	31	7	54	350.0	1.5	2.1					1012.5						
2026	8	31	7	48	10.0	2.1	2.6					1012.5						
2026	8	31	7	42	10.0	2.6	4.1					1012.5						
2026	8	31	7	36	20.0	2.1	3.1					1012.6						
2026	8	31	7	30	20.0	3.1	4.6					1012.6						
2026	8	31	7	24	40.0	2.6	3.6					1012.7						
2026	8	31	7	18	40.0	2.6	5.1					1012.8						
2026	8	31	7	12	20.0	3.6	4.6					1012.8						
2026	8	31	7	6	10.0	3.1	4.6					1012.9						
2026	8	31	7	0	20.0	3.6	5.1					1013.0					-1.3	
2026	8	31	6	54	10.0	3.1	4.6					1013.1						
2026	8	31	6	48	20.0	1.5	3.6					1013.2						
2026	8	31	6	42	30.0	2.1	4.6					1013.2						
2026	8	31	6	36	20.0	2.6	4.1					1013.3						
2026	8	31	6	30	30.0	3.6	4.6					1013.4						
2026	8	31	6	24	40.0	3.1	4.6					1013.4						
2026	8	31	6	18	20.0	4.1	5.7					1013.5						
2026	8	31	6	12	20.0	3.6	5.7					1013.5						
2026	8	31	6	6	20.0	4.1	6.2					1013.5						
2026	8	31	6	0	20.0	4.6	6.2					1013.5					-1.0	
2026	8	31	5	54	20.0	3.6	6.2					1013.5						
2026	8	31	5	48	20.0	3.1	4.6					1013.6						
2026	8	31	5	42	20.0	3.1	4.6					1013.7						
2026	8	31	5	36	30.0	3.1	5.1					1013.7						
2026	8	31	5	30	30.0	2.6	5.7					1013.8						
2026	8	31	5	24	40.0	3.6	5.1					1013.8						
2026	8	31	5	18	20.0	4.6	6.2					1013.9						
2026	8	31	5	12	20.0	5.7	7.7					1013.9						
2026	8	31	5	6	10.0	5.7	7.7					1013.9						
2026	8	31	5	0	10.0	6.7	7.7					1014.0					-0.9	
2026	8	31	4	54	10.0	6.2	8.2					1014.1						
2026	8	31	4	48	10.0	5.7	9.8					1014.1						
2026	8	31	4	42	10.0	6.2	9.3					1014.1						
2026	8	31	4	36	10.0	6.2	8.8					1014.2						
2026	8	31	4	30	20.0	4.1	6.7					1014.2						
2026	8	31	4	24	30.0	3.6	5.7					1014.1						
2026	8	31	4	18	60.0	3.1	5.1					1014.1						
2026	8	31	4	12	30.0	2.6	6.7					1014.2						
2026	8	31	4	6	30.0	2.6	4.6					1014.2						
2026	8	31	4	0	60.0	2.1	3.6					1014.3					-0.9	
2026	8	31	3	54	50.0	1.5	3.1					1014.4						
2026	8	31	3	48	60.0	2.6	3.6					1014.4						
2026	8	31	3	42	70.0	2.6	3.6					1014.4						
2026	8	31	3	36	80.0	2.6	3.6					1014.4						
2026	8	31	3	30	80.0	2.1	3.6					1014.4						
2026	8	31	3	24	80.0	2.1	3.6					1014.4						
2026	8	31	3	18	80.0	2.1	3.6					1014.5						
2026	8	31	3	12	70.0	2.6	3.1					1014.5						
2026	8	31	3	6	80.0	1.0	3.6					1014.5						
2026	8	31	3	0	80.0	2.1	4.1					1014.5					-1.2	
2026	8	31	2	54	80.0	2.1	3.6					1014.5						
2026	8	31	2	48	50.0	2.1	4.6					1014.6						
2026	8	31	2	42	40.0	2.6	4.1					1014.6						
2026	8	31	2	36	40.0	2.6	4.1					1014.6						
2026	8	31	2	30	30.0	3.1	4.1					1014.7						
2026	8	31	2	24	40.0	2.1	4.6					1014.8						
2026	8	31	2	18	40.0	1.0	4.1					1014.8						
2026	8	31	2	12	30.0	3.1	4.6					1014.9						
2026	8	31	2	6	30.0	2.6	4.6					1014.9						
2026	8	31	2	0	40.0	2.1	4.6					1014.9					-1.4	
2026	8	31	1	54	20.0	3.1	5.7					1015.0						
2026	8	31	1	48	30.0	2.6	5.7					1015.0						
2026	8	31	1	42	40.0	3.1	5.1					1015.0						
2026	8	31	1	36	30.0	3.1	6.7					1015.0						
2026	8	31	1	30	30.0	3.6	5.7					1015.1						
2026	8	31	1	24	30.0	3.6	6.2					1015.1						
2026	8	31	1	18	40.0	4.1	6.7					1015.1						
2026	8	31	1	12	30.0	4.6	6.2					1015.1						
2026	8	31	1	6	10.0	3.6	7.7					1015.1						
2026	8	31	1	0	20.0	4.6	7.2					1015.2					-1.8	
2026	8	31	0	54	10.0	3.6	7.2					1015.3						
2026	8	31	0	48	10.0	5.1	7.7					1015.3						
2026	8	31	0	42	10.0	5.1	7.2					1015.3						
2026	8	31	0	36	10.0	4.1	7.7					1015.4						
2026	8	31	0	30	10.0	4.6	7.2					1015.4						
2026	8	31	0	24	10.0	5.7	8.2					1015.4						
2026	8	31	0	18	10.0	5.1	8.2					1015.5						
2026	8	31	0	12	10.0	5.1	8.8					1015.5						
2026	8	31	0	6	10.0	6.2	8.2					1015.6						
2026	8	31	0	0	10.0	5.1	8.2					1015.7					-1.8	
2026	8	30	23	54	10.0	5.7	8.2					1015.8						
2026	8	30	23	48	10.0	4.6	7.7					1015.9						
2026	8	30	23	42	10.0	5.7	7.7					1015.9						
2026	8	30	23	36	360.0	4.1	6.7					1015.9						
2026	8	30	23	30	10.0	5.1	7.2					1016.0						
2026	8	30	23	24	10.0	4.1	7.2					1016.1						
2026	8	30	23	18	10.0	4.1	6.7					1016.1						
2026	8	30	23	12	10.0	4.1	6.7					1016.1						
2026	8	30	23	6	360.0	4.6	7.2					1016.2						
2026	8	30	23	0	360.0	4.1	6.2					1016.3					-1.5	
2026	8	30	22	54	360.0	4.1	6.7					1016.3						
2026	8	30	22	48	360.0	4.1	6.7					1016.4						
2026	8	30	22	42	360.0	4.1	6.2					1016.5						
2026	8	30	22	36	10.0	4.6	7.7					1016.5						
2026	8	30	22	30	10.0	5.1	7.2					1016.7						
2026	8	30	22	24	10.0	4.6	7.7					1016.8						
2026	8	30	22	18	360.0	3.6	6.7					1016.9						
2026	8	30	22	12	360.0	4.6	7.2					1016.9						
2026	8	30	22	6	10.0	4.6	7.2					1017.0						
2026	8	30	22	0	360.0	4.1	7.2					1017.0					-1.2	
2026	8	30	21	54	360.0	5.1	7.7					1017.1						
2026	8	30	21	48	10.0	5.1	7.2					1017.2						
2026	8	30	21	42	360.0	4.1	6.7					1017.2						
2026	8	30	21	36	10.0	4.6	7.2					1017.3						
2026	8	30	21	30	360.0	4.1	6.7					1017.4						
2026	8	30	21	24	360.0	3.6	6.7					1017.4						
2026	8	30	21	18	10.0	4.1	6.7					1017.4						
2026	8	30	21	12	10.0	3.1	6.7					1017.4						
2026	8	30	21	6	10.0	4.6	7.7					1017.5						
2026	8	30	21	0	360.0	4.1	8.2					1017.5					-1.2	
2026	8	30	20	54	360.0	5.7	7.7					1017.6						
2026	8	30	20	48	360.0	4.6	8.2					1017.6						
2026	8	30	20	42	360.0	6.2	8.2					1017.7						
2026	8	30	20	36	350.0	6.2	8.2					1017.7						
2026	8	30	20	30	350.0	6.7	8.2					1017.7						
2026	8	30	20	24	350.0	6.7	8.2					1017.8						
2026	8	30	20	18	350.0	6.7	8.8					1017.8						
2026	8	30	20	12	350.0	6.7	7.7					1017.9						
2026	8	30	20	6	350.0	6.7	8.8					1017.9						
2026	8	30	20	0	340.0	6.7	7.7					1017.8					-1.1	
2026	8	30	19	54	340.0	6.2	8.8					1017.8						
2026	8	30	19	48	340.0	6.7	9.3					1017.8						
2026	8	30	19	42	340.0	7.2	8.8					1017.8						
2026	8	30	19	36	340.0	7.2	8.8					1017.9						
2026	8	30	19	30	340.0	8.2	9.3					1018.0						
2026	8	30	19	24	340.0	7.2	8.2					1018.1						
2026	8	30	19	18	340.0	7.2	8.8					1018.1						
2026	8	30	19	12	340.0	6.7	8.2					1018.2						
2026	8	30	19	6	340.0	6.2	7.7					1018.2						
2026	8	30	19	0	340.0	6.2	7.2					1018.2					-1.2	
2026	8	30	18	54	350.0	5.7	7.2					1018.3						
2026	8	30	18	48	350.0	5.1	7.2					1018.4						
2026	8	30	18	42	350.0	5.1	6.7					1018.5						
2026	8	30	18	36	340.0	5.7	7.7					1018.5						
2026	8	30	18	30	350.0	6.2	7.7					1018.5						
2026	8	30	18	24	350.0	5.7	7.7					1018.6						
2026	8	30	18	18	350.0	5.7	7.2					1018.6						
2026	8	30	18	12	350.0	5.7	6.7					1018.7						
2026	8	30	18	6	360.0	5.7	7.2					1018.6						
2026	8	30	18	0	360.0	4.6	6.7					1018.7					-0.7	
2026	8	30	17	54	360.0	4.6	6.2					1018.7						
2026	8	30	17	48	360.0	4.6	6.2					1018.7						
2026	8	30	17	42	360.0	4.6	5.7					1018.8						
2026	8	30	17	36	360.0	4.6	5.7					1018.8						
2026	8	30	17	30	360.0	3.6	5.7					1018.8						
2026	8	30	17	24	360.0	3.1	5.7					1018.8						
2026	8	30	17	18	360.0	3.1	5.1					1018.8						
2026	8	30	17	12	360.0	3.1	4.6					1018.9						
2026	8	30	17	6	360.0	3.6	5.1					1018.9						
2026	8	30	17	0	10.0	3.6	5.1					1018.9					-0.3	
2026	8	30	16	54	10.0	4.1	6.2					1018.9						
2026	8	30	16	48	10.0	4.1	5.7					1018.9						
2026	8	30	16	42	360.0	3.1	4.6					1018.9						
2026	8	30	16	36	10.0	2.6	4.6					1019.0						
2026	8	30	16	30	10.0	2.6	3.6					1019.1						
2026	8	30	16	24	40.0	2.6	3.6					1019.2						
2026	8	30	16	18	10.0	3.1	3.1					1019.2						
2026	8	30	16	12	20.0	3.1	4.1					1019.3						
2026	8	30	16	6	360.0	2.6	4.1					1019.3						
2026	8	30	16	0	350.0	1.5	3.6					1019.4					0.0	
2026	8	30	15	54	10.0	2.6	4.1					1019.4						
2026	8	30	15	48	10.0	1.5	2.1					1019.4						
2026	8	30	15	42	30.0	1.5	2.6					1019.4						
2026	8	30	15	36	360.0	1.0	4.1					1019.4						
2026	8	30	15	30	60.0	3.6	3.6					1019.4						
2026	8	30	15	24	80.0	2.6	3.1					1019.5						
2026	8	30	15	18	80.0	2.1	2.6					1019.5						
2026	8	30	15	12	110.0	2.1	3.1					1019.4						
2026	8	30	15	6	90.0	2.1	3.1					1019.4						
2026	8	30	15	0	90.0	2.6	3.6					1019.4					0.0	
2026	8	30	14	54	80.0	3.1	3.6					1019.4						
2026	8	30	14	48	90.0	2.6	3.1					1019.5						
2026	8	30	14	42	90.0	2.1	2.6					1019.5						
2026	8	30	14	36	90.0	2.1	3.1					1019.4						
2026	8	30	14	30	100.0	2.1	3.1					1019.4						
2026	8	30	14	24	90.0	2.1	2.6					1019.3						
2026	8	30	14	18	100.0	1.5	2.6					1019.3						
2026	8	30	14	12	90.0	1.5	2.6					1019.2						
2026	8	30	14	6	140.0	0.5	1.0					1019.2						
2026	8	30	14	0		0.0	1.0					1019.2					0.0	
2026	8	30	13	54		0.0	1.0					1019.2						
2026	8	30	13	48		0.0	0.5					1019.2						
2026	8	30	13	42		0.0	1.0					1019.2						
2026	8	30	13	36	30.0	1.0	1.5					1019.2						
2026	8	30	13	30	60.0	0.5	1.5					1019.2						
2026	8	30	13	24	70.0	0.5	1.0					1019.2						
2026	8	30	13	18	80.0	0.5	1.5					1019.2						
2026	8	30	13	12	70.0	0.5	1.5					1019.3						
2026	8	30	13	6		0.0	1.0					1019.2						
2026	8	30	13	0		0.0	0.5					1019.2					0.0	
2026	8	30	12	54		0.0	1.0					1019.2						
2026	8	30	12	48	70.0	0.5	0.5					1019.2						
2026	8	30	12	42	40.0	0.5	0.5					1019.3						
2026	8	30	12	36	60.0	0.5	1.0					1019.2						
2026	8	30	12	30		0.0	1.0					1019.3						
2026	8	30	12	24		0.0	0.5					1019.3						
2026	8	30	12	18		0.0	0.0					1019.3						
2026	8	30	12	12		0.0	0.5					1019.3						
2026	8	30	12	6		0.0	0.5					1019.3						
2026	8	30	12	0		0.0	0.0					1019.4					0.0	
2026	8	30	11	54		0.0	0.5					1019.4						
2026	8	30	11	48		0.0	1.0					1019.3						
2026	8	30	11	42		0.0	1.0					1019.3						
2026	8	30	11	36	330.0	0.5	1.0					1019.3						
2026	8	30	11	30	330.0	0.5	1.5					1019.3						
2026	8	30	11	24	340.0	1.0	1.5					1019.3						
2026	8	30	11	18	330.0	0.5	1.0					1019.3						
2026	8	30	11	12	330.0	0.5	1.0					1019.3						
2026	8	30	11	6	40.0	0.5	1.0					1019.2						
2026	8	30	11	0	60.0	1.0	2.1					1019.3					-0.3	
2026	8	30	10	54	70.0	1.0	1.5					1019.3						
2026	8	30	10	48	50.0	0.5	1.5					1019.3						
2026	8	30	10	42	20.0	1.0	1.5					1019.3						
2026	8	30	10	36	20.0	1.0	1.5					1019.4						
2026	8	30	10	30	40.0	1.0	2.1					1019.3						
2026	8	30	10	24	60.0	1.0	2.1					1019.3						
2026	8	30	10	18	60.0	1.0	2.1					1019.3						
2026	8	30	10	12	30.0	1.5	2.6					1019.3						
2026	8	30	10	6	30.0	1.0	2.1					1019.3						
2026	8	30	10	0	360.0	1.0	1.5					1019.4					-0.3	
2026	8	30	9	54	10.0	1.0	1.5					1019.4						
2026	8	30	9	48	10.0	1.0	1.5					1019.4						
2026	8	30	9	42	10.0	1.5	2.1					1019.4						
2026	8	30	9	36	10.0	1.0	2.6					1019.4						
2026	8	30	9	30	30.0	2.1	3.1					1019.4						
2026	8	30	9	24	50.0	1.0	2.6					1019.4						
2026	8	30	9	18	10.0	1.5	3.1					1019.5						
2026	8	30	9	12	360.0	1.5	2.6					1019.5						
2026	8	30	9	6	350.0	1.5	3.1					1019.5						
2026	8	30	9	0	350.0	2.1	3.1					1019.5					-0.5	
2026	8	30	8	54	360.0	2.1	3.1					1019.5						
2026	8	30	8	48	20.0	2.1	3.1					1019.5						
2026	8	30	8	42	30.0	1.5	2.6					1019.6						
2026	8	30	8	36	20.0	1.0	2.6					1019.6						
2026	8	30	8	30	30.0	1.5	2.6					1019.6						
2026	8	30	8	24	30.0	2.1	2.6					1019.6						
2026	8	30	8	18	10.0	1.0	2.1					1019.6						
2026	8	30	8	12	360.0	1.5	2.6					1019.6						
2026	8	30	8	6	360.0	1.5	2.6					1019.6						
2026	8	30	8	0	10.0	1.0	2.6					1019.6					-0.6	
2026	8	30	7	54	360.0	1.0	2.1					1019.5						
2026	8	30	7	48	330.0	1.0	2.1					1019.5						
2026	8	30	7	42	320.0	1.5	2.6					1019.5						
2026	8	30	7	36	330.0	1.5	2.1					1019.5						
2026	8	30	7	30	320.0	1.0	2.1					1019.5						
2026	8	30	7	24	340.0	1.0	2.1					1019.6						
2026	8	30	7	18	360.0	1.5	2.6					1019.6						
2026	8	30	7	12	20.0	0.5	1.5					1019.6						
2026	8	30	7	6	30.0	0.5	2.1					1019.7						
2026	8	30	7	0	70.0	1.0	2.1					1019.7					0.0	
2026	8	30	6	54	60.0	1.0	2.6					1019.7						
2026	8	30	6	48	40.0	1.5	2.1					1019.8						
2026	8	30	6	42	30.0	1.0	2.6					1019.8						
2026	8	30	6	36	10.0	1.5	3.1					1019.8						
2026	8	30	6	30	10.0	1.5	2.1					1019.8						
2026	8	30	6	24	20.0	1.5	2.6					1019.8						
2026	8	30	6	18	20.0	1.5	3.1					1019.9						
2026	8	30	6	12	360.0	2.6	3.6					1019.9						
2026	8	30	6	6	40.0	1.0	2.1					1019.9						
2026	8	30	6	0	360.0	1.5	2.1					1020.0					0.0	
2026	8	30	5	54	50.0	1.0	1.5					1020.0						
2026	8	30	5	48		0.0	1.5					1020.1						
2026	8	30	5	42	50.0	0.5	1.0					1020.1						
2026	8	30	5	36	340.0	0.5	1.5					1020.1						
2026	8	30	5	30	340.0	1.5	2.1					1020.1						
2026	8	30	5	24	330.0	1.5	2.6					1020.1						
2026	8	30	5	18	330.0	1.0	2.1					1020.2						
2026	8	30	5	12	340.0	1.5	2.6					1020.2						
2026	8	30	5	6	350.0	2.1	2.6					1020.2						
2026	8	30	5	0	340.0	1.5	2.6					1020.2					0.4	
2026	8	30	4	54	350.0	2.1	2.6					1020.2						
2026	8	30	4	48	330.0	1.5	2.1					1020.2						
2026	8	30	4	42	330.0	1.0	2.1					1020.2						
2026	8	30	4	36	350.0	1.0	1.5					1020.2						
2026	8	30	4	30	360.0	1.0	2.1					1020.1						
2026	8	30	4	24	10.0	1.0	2.6					1020.1						
2026	8	30	4	18	10.0	1.5	2.6					1020.1						
2026	8	30	4	12	360.0	1.0	2.6					1020.0						
2026	8	30	4	6	20.0	0.5	2.6					1020.0						
2026	8	30	4	0	20.0	1.5	2.6					1019.9					0.0	
2026	8	30	3	54	30.0	1.5	2.6					1019.9						
2026	8	30	3	48	20.0	1.5	2.1					1019.9						
2026	8	30	3	42	20.0	1.5	2.6					1019.9						
2026	8	30	3	36	10.0	1.5	2.6					1019.8						
2026	8	30	3	30	10.0	1.5	2.6					1019.8						
2026	8	30	3	24	10.0	1.5	2.1					1019.8						
2026	8	30	3	18	350.0	1.5	2.6					1019.7						
2026	8	30	3	12	350.0	1.0	1.5					1019.7						
2026	8	30	3	6	340.0	1.5	2.6					1019.7						
2026	8	30	3	0	10.0	1.5	2.6					1019.8					0.0	
2026	8	30	2	54	360.0	1.5	3.1					1019.8						
2026	8	30	2	48	10.0	1.5	2.6					1019.8						
2026	8	30	2	42	10.0	1.5	3.1					1019.8						
2026	8	30	2	36	10.0	1.0	2.6					1019.8						
2026	8	30	2	30	10.0	2.1	3.1					1019.8						
2026	8	30	2	24	10.0	1.0	3.1					1019.9						
2026	8	30	2	18	360.0	2.1	3.1					1019.8						
2026	8	30	2	12	360.0	2.1	3.6					1019.8						
2026	8	30	2	6	360.0	2.1	3.6					1019.8						
2026	8	30	2	0	330.0	1.5	2.6					1019.8					-0.5	
2026	8	30	1	54	340.0	1.5	3.1					1019.8						
2026	8	30	1	48	360.0	1.0	2.6					1019.8						
2026	8	30	1	42	350.0	1.5	2.6					1019.8						
2026	8	30	1	36	350.0	1.5	2.6					1019.9						
2026	8	30	1	30	350.0	2.1	3.1					1019.9						
2026	8	30	1	24	350.0	2.1	3.1					1019.9						
2026	8	30	1	18	360.0	2.6	4.1					1019.9						
2026	8	30	1	12	330.0	2.6	3.1					1019.9						
2026	8	30	1	6	330.0	2.1	3.1					1019.9						
2026	8	30	1	0	350.0	2.6	3.6					1020.0					-0.4	
2026	8	30	0	54	350.0	2.6	3.6					1019.9						
2026	8	30	0	48	340.0	2.6	3.6					1019.9						
2026	8	30	0	42	340.0	2.1	4.1					1019.9						
2026	8	30	0	36	350.0	2.6	4.1					1019.9						
2026	8	30	0	30	350.0	3.1	4.1					1019.9						
2026	8	30	0	24	350.0	2.1	3.1					1019.9						
2026	8	30	0	18	350.0	2.1	3.6					1020.0						
2026	8	30	0	12	340.0	2.1	4.1					1019.9						
2026	8	30	0	6	340.0	3.1	4.1					1019.9						
2026	8	30	0	0	330.0	2.6	4.1					1019.9					-0.6	
2026	8	29	23	54	340.0	3.6	4.6					1019.9						
2026	8	29	23	48	330.0	3.6	4.6					1020.0						
2026	8	29	23	42	330.0	3.6	4.6					1020.0						
2026	8	29	23	36	330.0	3.6	4.6					1020.0						
2026	8	29	23	30	330.0	3.6	4.6					1020.1						
2026	8	29	23	24	330.0	2.6	3.6					1020.1						
2026	8	29	23	18	330.0	2.6	4.1					1020.1						
2026	8	29	23	12	330.0	3.1	3.6					1020.1						
2026	8	29	23	6	330.0	2.6	4.1					1020.2						
2026	8	29	23	0	330.0	3.1	4.6					1020.3					-0.4	
2026	8	29	22	54	330.0	3.6	4.6					1020.3						
2026	8	29	22	48	330.0	3.1	4.1					1020.2						
2026	8	29	22	42	320.0	2.6	3.1					1020.2						
2026	8	29	22	36	300.0	1.5	2.6					1020.3						
2026	8	29	22	30	310.0	1.5	2.6					1020.3						
2026	8	29	22	24	320.0	2.6	3.6					1020.3						
2026	8	29	22	18	320.0	3.1	4.6					1020.3						
2026	8	29	22	12	320.0	3.1	4.1					1020.3						
2026	8	29	22	6	320.0	3.1	4.6					1020.4						
2026	8	29	22	0	320.0	4.1	5.7					1020.4					-0.6	
2026	8	29	21	54	320.0	4.6	6.2					1020.5						
2026	8	29	21	48	320.0	5.1	6.2					1020.5						
2026	8	29	21	42	320.0	5.1	6.7					1020.5						
2026	8	29	21	36	320.0	5.1	6.2					1020.5						
2026	8	29	21	30	320.0	5.1	6.2					1020.5						
2026	8	29	21	24	320.0	5.1	6.2					1020.5						
2026	8	29	21	18	320.0	5.1	6.2					1020.5						
2026	8	29	21	12	320.0	4.1	5.7					1020.5						
2026	8	29	21	6	320.0	4.6	5.7					1020.5						
2026	8	29	21	0	320.0	4.6	5.7					1020.5					-0.3	
2026	8	29	20	54	310.0	4.1	4.6					1020.5						
2026	8	29	20	48	310.0	3.6	4.6					1020.5						
2026	8	29	20	42	310.0	4.1	4.6					1020.5						
2026	8	29	20	36	310.0	4.1	4.6					1020.4						
2026	8	29	20	30	310.0	3.6	4.6					1020.4						
2026	8	29	20	24	300.0	4.1	4.1					1020.5						
2026	8	29	20	18	290.0	3.6	4.6					1020.5						
2026	8	29	20	12	280.0	3.6	4.1					1020.5						
2026	8	29	20	6	280.0	3.6	4.1					1020.6						
2026	8	29	20	0	280.0	3.6	4.1					1020.7					0.0	
2026	8	29	19	54	280.0	3.1	3.1					1020.7						
2026	8	29	19	48	280.0	3.1	3.1					1020.7						
2026	8	29	19	42	280.0	3.1	3.1					1020.8						
2026	8	29	19	36	280.0	2.6	3.1					1020.8						
2026	8	29	19	30	280.0	2.6	3.1					1020.9						
2026	8	29	19	24	300.0	2.6	3.1					1020.9						
2026	8	29	19	18	290.0	2.1	2.6					1020.8						
2026	8	29	19	12	300.0	1.5	2.1					1020.9						
2026	8	29	19	6	300.0	1.5	1.5					1020.9						
2026	8	29	19	0	300.0	1.5	1.5					1021.0					0.8	
2026	8	29	18	54	310.0	2.1	2.6					1021.0						
2026	8	29	18	48	300.0	2.1	2.6					1021.0						
2026	8	29	18	42	300.0	2.6	3.1					1021.0						
2026	8	29	18	36	300.0	2.6	3.6					1021.0						
2026	8	29	18	30	300.0	2.6	3.6					1021.0						
2026	8	29	18	24	300.0	2.6	3.6					1021.0						
2026	8	29	18	18	300.0	2.6	3.1					1020.9						
2026	8	29	18	12	290.0	2.1	3.1					1020.8						
2026	8	29	18	6	280.0	2.1	3.6					1020.8						
2026	8	29	18	0	270.0	2.1	4.1					1020.8					0.7	
2026	8	29	17	54	300.0	3.1	3.6					1020.8						
2026	8	29	17	48	280.0	3.1	3.6					1020.8						
2026	8	29	17	42	280.0	2.6	3.1					1020.8						
2026	8	29	17	36	260.0	2.1	3.6					1020.7						
2026	8	29	17	30	270.0	1.0	2.1					1020.6						
2026	8	29	17	24	260.0	0.5	2.1					1020.5						
2026	8	29	17	18		0.0	0.5					1020.5						
2026	8	29	17	12		0.0	1.0					1020.5						
2026	8	29	17	6	50.0	0.5	0.5					1020.5						
2026	8	29	17	0	80.0	1.0	1.5					1020.5					1.1	
2026	8	29	16	54	90.0	1.0	2.1					1020.5						
2026	8	29	16	48	100.0	1.0	2.1					1020.4						
2026	8	29	16	42	100.0	1.5	2.1					1020.4						
2026	8	29	16	36	100.0	1.0	2.1					1020.4						
2026	8	29	16	30	110.0	1.0	2.1					1020.4						
2026	8	29	16	24	120.0	0.5	1.0					1020.4						
2026	8	29	16	18		0.0	1.0					1020.3						
2026	8	29	16	12		0.0	1.0					1020.3						
2026	8	29	16	6	120.0	0.5	1.5					1020.2						
2026	8	29	16	0	140.0	1.0	2.6					1020.2					0.7	
2026	8	29	15	54	130.0	1.0	3.1					1020.2						
2026	8	29	15	48	30.0	0.5	2.1					1020.2						
2026	8	29	15	42	140.0	0.5	3.1					1020.1						
2026	8	29	15	36	150.0	1.0	3.1					1020.0						
2026	8	29	15	30	130.0	0.5	2.1					1020.1						
2026	8	29	15	24	250.0	1.0	2.1					1020.1						
2026	8	29	15	18		0.0	2.6					1020.1						
2026	8	29	15	12	150.0	0.5	2.6					1020.1						
2026	8	29	15	6	120.0	0.5	1.5					1020.1						
2026	8	29	15	0	200.0	0.5	1.5					1020.1					0.7	
2026	8	29	14	54	100.0	0.5	1.0					1020.0						
2026	8	29	14	48	80.0	1.0	1.5					1019.9						
2026	8	29	14	42		0.0	0.0					1019.8						
2026	8	29	14	36		0.0	0.5					1019.8						
2026	8	29	14	30	230.0	0.5	1.0					1019.7						
2026	8	29	14	24	250.0	1.0	1.5					1019.5						
2026	8	29	14	18	250.0	1.5	2.1					1019.5						
2026	8	29	14	12		0.0	1.5					1019.5						
2026	8	29	14	6	170.0	0.5	1.0					1019.4						
2026	8	29	14	0	150.0	0.5	1.5					1019.4					0.0	
2026	8	29	13	54	140.0	0.5	2.1					1019.4						
2026	8	29	13	48	150.0	1.0	2.6					1019.4						
2026	8	29	13	42	150.0	1.0	2.1					1019.4						
2026	8	29	13	36	150.0	1.0	2.1					1019.4						
2026	8	29	13	30	150.0	1.5	2.1					1019.5						
2026	8	29	13	24	160.0	2.1	2.6					1019.5						
2026	8	29	13	18	160.0	1.5	2.6					1019.5						
2026	8	29	13	12	170.0	1.0	1.5					1019.5						
2026	8	29	13	6	170.0	0.5	1.5					1019.5						
2026	8	29	13	0	160.0	0.5	1.5					1019.5					0.3	
2026	8	29	12	54	140.0	0.5	1.0					1019.5						
2026	8	29	12	48	120.0	0.5	0.5					1019.6						
2026	8	29	12	42	110.0	0.5	0.5					1019.6						
2026	8	29	12	36		0.0	0.5					1019.6						
2026	8	29	12	30	230.0	0.5	1.0					1019.7						
2026	8	29	12	24	270.0	0.5	1.0					1019.7						
2026	8	29	12	18	270.0	1.0	1.0					1019.6						
2026	8	29	12	12	270.0	1.0	1.0					1019.5						
2026	8	29	12	6	270.0	0.5	0.5					1019.5						
2026	8	29	12	0		0.0	0.5					1019.4					0.0	
2026	8	29	11	54		0.0	0.5					1019.5						
2026	8	29	11	48	240.0	0.5	0.5					1019.5						
2026	8	29	11	42		0.0	0.5					1019.5						
2026	8	29	11	36		0.0	0.0					1019.4						
2026	8	29	11	30		0.0	0.0					1019.4						
2026	8	29	11	24		0.0	0.0					1019.3						
2026	8	29	11	18		0.0	0.0					1019.3						
2026	8	29	11	12		0.0	0.0					1019.2						
2026	8	29	11	6		0.0	0.0					1019.3						
2026	8	29	11	0		0.0	0.5					1019.3					0.0	
2026	8	29	10	54		0.0	0.5					1019.2						
2026	8	29	10	48		0.0	0.5					1019.2						
2026	8	29	10	42		0.0	0.5					1019.2						
2026	8	29	10	36		0.0	0.5					1019.2						
2026	8	29	10	30		0.0	0.5					1019.3						
2026	8	29	10	24		0.0	1.0					1019.2						
2026	8	29	10	18	200.0	0.5	1.0					1019.2						
2026	8	29	10	12		0.0	1.0					1019.3						
2026	8	29	10	6	140.0	0.5	1.0					1019.3						
2026	8	29	10	0		0.0	0.5					1019.2					0.0	
2026	8	29	9	54		0.0	1.0					1019.2						
2026	8	29	9	48		0.0	0.5					1019.2						
2026	8	29	9	42		0.0	0.0					1019.2						
2026	8	29	9	36		0.0	1.0					1019.2						
2026	8	29	9	30		0.0	1.0					1019.2						
2026	8	29	9	24	140.0	0.5	2.1					1019.2						
2026	8	29	9	18	120.0	1.0	2.1					1019.2						
2026	8	29	9	12	120.0	1.0	1.5					1019.2						
2026	8	29	9	6	110.0	1.5	2.1					1019.1						
2026	8	29	9	0	110.0	1.0	1.5					1019.2					0.0	
2026	8	29	8	54	130.0	1.0	1.5					1019.2						
2026	8	29	8	48	120.0	1.0	2.1					1019.2						
2026	8	29	8	42	120.0	1.5	1.5					1019.3						
2026	8	29	8	36	120.0	1.0	1.0					1019.3						
2026	8	29	8	30	130.0	0.5	1.0					1019.3						
2026	8	29	8	24	120.0	0.5	1.0					1019.3						
2026	8	29	8	18		0.0	1.5					1019.2						
2026	8	29	8	12	110.0	0.5	1.5					1019.2						
2026	8	29	8	6	110.0	1.0	1.5					1019.1						
2026	8	29	8	0	120.0	1.0	2.1					1019.2					0.0	
2026	8	29	7	54	120.0	1.0	1.5					1019.2						
2026	8	29	7	48	120.0	1.0	1.5					1019.2						
2026	8	29	7	42	120.0	1.0	1.5					1019.2						
2026	8	29	7	36	110.0	1.0	1.5					1019.2						
2026	8	29	7	30	120.0	0.5	1.0					1019.2						
2026	8	29	7	24		0.0	0.5					1019.2						
2026	8	29	7	18		0.0	0.5					1019.2						
2026	8	29	7	12		0.0	0.5					1019.1						
2026	8	29	7	6		0.0	0.5					1019.1						
2026	8	29	7	0		0.0	0.0					1019.1					0.4	
2026	8	29	6	54		0.0	0.0					1019.1						
2026	8	29	6	48		0.0	0.5					1019.1						
2026	8	29	6	42		0.0	0.5					1019.1						
2026	8	29	6	36		0.0	0.5					1019.1						
2026	8	29	6	30		0.0	0.5					1019.1						
2026	8	29	6	24		0.0	0.0					1019.1						
2026	8	29	6	18		0.0	0.5					1019.1						
2026	8	29	6	12		0.0	0.5					1019.1						
2026	8	29	6	6		0.0	0.5					1019.0						
2026	8	29	6	0		0.0	1.0					1019.1					0.9	
2026	8	29	5	54	50.0	0.5	1.0					1019.1						
2026	8	29	5	48		0.0	1.0					1019.2						
2026	8	29	5	42	30.0	0.5	1.0					1019.1						
2026	8	29	5	36		0.0	1.0					1019.1						
2026	8	29	5	30		0.0	1.0					1019.1						
2026	8	29	5	24		0.0	2.1					1019.1						
2026	8	29	5	18	20.0	1.0	1.5					1019.1						
2026	8	29	5	12	60.0	0.5	1.5					1019.2						
2026	8	29	5	6	360.0	0.5	2.1					1019.1						
2026	8	29	5	0	360.0	0.5	1.5					1019.2					0.9	
2026	8	29	4	54	320.0	0.5	1.0					1019.2						
2026	8	29	4	48	10.0	0.5	1.0					1019.1						
2026	8	29	4	42		0.0	1.5					1019.1						
2026	8	29	4	36	310.0	0.5	2.6					1019.1						
2026	8	29	4	30	320.0	1.0	2.6					1019.1						
2026	8	29	4	24	320.0	1.5	2.6					1019.0						
2026	8	29	4	18	320.0	2.1	3.1					1018.9						
2026	8	29	4	12	320.0	2.6	3.6					1018.9						
2026	8	29	4	6	310.0	2.1	3.1					1018.8						
2026	8	29	4	0	310.0	2.6	3.1					1018.7					0.5	
2026	8	29	3	54	310.0	2.6	3.1					1018.7						
2026	8	29	3	48	320.0	2.6	4.1					1018.6						
2026	8	29	3	42	320.0	3.1	3.6					1018.5						
2026	8	29	3	36	320.0	3.1	4.1					1018.4						
2026	8	29	3	30	320.0	3.1	4.1					1018.4						
2026	8	29	3	24	320.0	3.1	4.1					1018.3						
2026	8	29	3	18	310.0	3.1	4.1					1018.3						
2026	8	29	3	12	320.0	3.1	4.1					1018.2						
2026	8	29	3	6	320.0	3.6	4.1					1018.2						
2026	8	29	3	0	320.0	3.6	4.1					1018.2					0.0	
2026	8	29	2	54	310.0	3.1	3.6					1018.3						
2026	8	29	2	48	310.0	3.1	3.6					1018.3						
2026	8	29	2	42	300.0	2.1	3.1					1018.3						
2026	8	29	2	36	310.0	2.6	3.6					1018.3						
2026	8	29	2	30	320.0	2.1	3.6					1018.3						
2026	8	29	2	24	320.0	2.6	3.1					1018.3						
2026	8	29	2	18	320.0	2.6	3.6					1018.3						
2026	8	29	2	12	320.0	3.1	4.1					1018.2						
2026	8	29	2	6	320.0	3.1	4.1					1018.3						
2026	8	29	2	0	320.0	3.1	3.6					1018.3					0.0	
2026	8	29	1	54	320.0	2.6	3.6					1018.4						
2026	8	29	1	48	320.0	2.6	3.6					1018.3						
2026	8	29	1	42	320.0	3.1	3.6					1018.3						
2026	8	29	1	36	320.0	3.1	4.1					1018.3						
2026	8	29	1	30	320.0	3.6	4.6					1018.3						
2026	8	29	1	24	320.0	3.1	4.1					1018.3						
2026	8	29	1	18	320.0	3.6	4.6					1018.3						
2026	8	29	1	12	320.0	3.6	4.6					1018.3						
2026	8	29	1	6	320.0	3.1	4.1					1018.2						
2026	8	29	1	0	320.0	3.1	4.1					1018.2					0.0	
2026	8	29	0	54	320.0	3.1	4.1					1018.2						
2026	8	29	0	48	320.0	3.1	4.1					1018.2						
2026	8	29	0	42	330.0	3.6	4.6					1018.2						
2026	8	29	0	36	330.0	4.1	5.1					1018.2						
2026	8	29	0	30	320.0	2.6	3.6					1018.2						
2026	8	29	0	24	330.0	2.6	3.6					1018.1						
2026	8	29	0	18	330.0	2.1	2.6					1018.1						
2026	8	29	0	12	330.0	1.5	2.6					1018.2						
2026	8	29	0	6	330.0	1.5	2.6					1018.2						
2026	8	29	0	0	330.0	0.5	1.5					1018.3					0.0	
2026	8	28	23	54	330.0	0.5	2.1					1018.3						
2026	8	28	23	48	330.0	1.5	3.1					1018.3						
2026	8	28	23	42	330.0	2.1	3.6					1018.2						
2026	8	28	23	36	330.0	2.6	3.6					1018.2						
2026	8	28	23	30	330.0	2.6	3.6					1018.2						
2026	8	28	23	24	330.0	2.6	3.6					1018.2						
2026	8	28	23	18	330.0	3.1	4.1					1018.2						
2026	8	28	23	12	330.0	3.1	4.1					1018.2						
2026	8	28	23	6	330.0	3.1	3.6					1018.2						
2026	8	28	23	0	320.0	2.6	3.6					1018.3					-0.4	
2026	8	28	22	54	320.0	2.1	3.1					1018.3						
2026	8	28	22	48	320.0	2.1	3.1					1018.3						
2026	8	28	22	42	320.0	2.6	3.6					1018.4						
2026	8	28	22	36								1018.4						
2026	8	28	22	30								1018.4						
2026	8	28	22	24								1018.4						
2026	8	28	22	18								1018.4						
2026	8	28	22	12								1018.4						
2026	8	28	22	6								1018.4						
2026	8	28	22	0								1018.4					-0.6	
2026	8	28	21	54								1018.4						
2026	8	28	21	48								1018.5						
2026	8	28	21	42								1018.5						
2026	8	28	21	36	350.0	3.1	4.1					1018.5						
2026	8	28	21	30	340.0	3.1	4.1					1018.5						
2026	8	28	21	24	340.0	3.1	4.1					1018.6						
2026	8	28	21	18	330.0	2.6	3.6					1018.5						
2026	8	28	21	12	330.0	2.6	3.1					1018.5						
2026	8	28	21	6	300.0	2.1	3.1					1018.5						
2026	8	28	21	0	300.0	2.1	3.1					1018.5					0.0	
2026	8	28	20	54	280.0	1.5	3.1					1018.6						
2026	8	28	20	48	280.0	2.1	2.6					1018.6						
2026	8	28	20	42	270.0	2.1	2.6					1018.6						
2026	8	28	20	36	290.0	2.1	2.6					1018.6						
2026	8	28	20	30	320.0	2.6	3.1					1018.6						
2026	8	28	20	24	320.0	2.1	3.1					1018.6						
2026	8	28	20	18	330.0	2.6	3.1					1018.6						
2026	8	28	20	12	340.0	2.6	4.1					1018.7						
2026	8	28	20	6	340.0	2.6	3.6					1018.7						
2026	8	28	20	0	350.0	2.6	3.6					1018.7					0.0	
2026	8	28	19	54	350.0	2.6	4.1					1018.7						
2026	8	28	19	48	350.0	3.1	4.1					1018.7						
2026	8	28	19	42	340.0	3.1	4.1					1018.7						
2026	8	28	19	36	340.0	2.6	4.1					1018.7						
2026	8	28	19	30	320.0	2.1	3.6					1018.8						
2026	8	28	19	24	320.0	2.6	3.1					1018.8						
2026	8	28	19	18	320.0	2.6	2.6					1018.9						
2026	8	28	19	12	320.0	1.5	2.6					1018.9						
2026	8	28	19	6	340.0	1.5	2.6					1019.0						
2026	8	28	19	0	350.0	2.6	3.6					1019.0					0.3	
2026	8	28	18	54	330.0	2.6	4.1					1018.9						
2026	8	28	18	48	320.0	1.0	2.1					1018.9						
2026	8	28	18	42	340.0	1.0	2.6					1018.9						
2026	8	28	18	36	320.0	1.5	3.1					1018.9						
2026	8	28	18	30	300.0	1.5	2.1					1018.8						
2026	8	28	18	24	320.0	1.5	2.6					1018.7						
2026	8	28	18	18	330.0	1.5	3.1					1018.7						
2026	8	28	18	12	350.0	2.6	3.6					1018.7						
2026	8	28	18	6	340.0	3.1	3.6					1018.7						
2026	8	28	18	0	350.0	2.6	4.1					1018.7					0.0	
2026	8	28	17	54	360.0	2.1	3.6					1018.7						
2026	8	28	17	48	360.0	2.1	3.6					1018.8						
2026	8	28	17	42	360.0	2.1	3.1					1018.8						
2026	8	28	17	36	360.0	1.5	2.6					1018.7						
2026	8	28	17	30	350.0	1.5	2.6					1018.8						
2026	8	28	17	24	360.0	1.0	2.6					1018.8						
2026	8	28	17	18	10.0	1.5	2.6					1018.7						
2026	8	28	17	12	30.0	2.6	3.6					1018.7						
2026	8	28	17	6	30.0	2.6	4.1					1018.7						
2026	8	28	17	0	30.0	2.1	3.1					1018.7					0.6	
2026	8	28	16	54	20.0	2.1	2.6					1018.7						
2026	8	28	16	48	30.0	2.6	2.6					1018.7						
2026	8	28	16	42	30.0	2.6	3.1					1018.7						
2026	8	28	16	36	30.0	2.6	3.6					1018.8						
2026	8	28	16	30	40.0	2.6	3.6					1018.9						
2026	8	28	16	24	10.0	3.1	4.1					1018.9						
2026	8	28	16	18	20.0	2.6	3.6					1018.9						
2026	8	28	16	12	20.0	2.6	3.6					1018.9						
2026	8	28	16	6	20.0	3.1	3.6					1018.8						
2026	8	28	16	0	10.0	2.6	3.6					1018.7					0.8	
2026	8	28	15	54	20.0	1.5	2.6					1018.8						
2026	8	28	15	48	10.0	1.5	2.1					1018.8						
2026	8	28	15	42	360.0	2.1	3.1					1018.7						
2026	8	28	15	36	20.0	2.6	3.6					1018.6						
2026	8	28	15	30	10.0	2.6	3.6					1018.7						
2026	8	28	15	24	30.0	3.1	4.6					1018.7						
2026	8	28	15	18	360.0	2.6	4.1					1018.7						
2026	8	28	15	12	20.0	4.6	5.7					1018.6						
2026	8	28	15	6	30.0	3.6	5.1					1018.6						
2026	8	28	15	0	30.0	4.1	5.7					1018.5					0.8	
2026	8	28	14	54	20.0	4.1	5.7					1018.5						
2026	8	28	14	48	20.0	3.6	4.6					1018.4						
2026	8	28	14	42	20.0	3.6	4.6					1018.4						
2026	8	28	14	36	20.0	2.6	4.1					1018.3						
2026	8	28	14	30	20.0	2.6	3.6					1018.3						
2026	8	28	14	24	30.0	3.1	4.1					1018.3						
2026	8	28	14	18	20.0	2.1	3.6					1018.3						
2026	8	28	14	12	30.0	2.6	4.1					1018.2						
2026	8	28	14	6	20.0	2.6	4.1					1018.1						
2026	8	28	14	0	50.0	2.6	3.1					1018.1					0.3	
2026	8	28	13	54	70.0	2.1	2.6					1018.1						
2026	8	28	13	48	70.0	2.6	2.6					1018.1						
2026	8	28	13	42	60.0	2.6	3.1					1018.1						
2026	8	28	13	36	60.0	2.1	3.1					1018.1						
2026	8	28	13	30	60.0	1.5	2.6					1018.0						
2026	8	28	13	24	10.0	2.6	3.6					1018.1						
2026	8	28	13	18	10.0	2.6	3.1					1018.0						
2026	8	28	13	12	10.0	2.1	3.6					1018.0						
2026	8	28	13	6	360.0	2.6	3.6					1018.0						
2026	8	28	13	0	10.0	2.6	3.6					1017.9					0.0	
2026	8	28	12	54	20.0	3.1	3.6					1017.9						
2026	8	28	12	48	20.0	2.6	4.1					1017.9						
2026	8	28	12	42	50.0	2.6	3.6					1017.9						
2026	8	28	12	36	50.0	3.1	3.6					1017.9						
2026	8	28	12	30	50.0	1.5	2.6					1017.8						
2026	8	28	12	24	30.0	2.1	2.6					1017.8						
2026	8	28	12	18	30.0	0.5	2.6					1017.8						
2026	8	28	12	12	30.0	1.0	3.1					1017.8						
2026	8	28	12	6	10.0	2.1	4.1					1017.7						
2026	8	28	12	0	10.0	2.6	4.1					1017.7					-0.3	
2026	8	28	11	54	10.0	1.5	2.6					1017.7						
2026	8	28	11	48	10.0	1.5	3.6					1017.7						
2026	8	28	11	42	360.0	2.1	4.1					1017.7						
2026	8	28	11	36	20.0	2.6	3.1					1017.7						
2026	8	28	11	30	30.0	1.5	2.6					1017.8						
2026	8	28	11	24	40.0	2.1	3.1					1017.8						
2026	8	28	11	18	40.0	3.1	3.6					1017.8						
2026	8	28	11	12	30.0	2.6	3.1					1017.9						
2026	8	28	11	6	20.0	2.1	3.6					1017.9						
2026	8	28	11	0	30.0	2.1	3.6					1017.8					-0.5	
2026	8	28	10	54	30.0	2.1	2.6					1017.9						
2026	8	28	10	48	40.0	1.5	2.6					1017.9						
2026	8	28	10	42	50.0	1.0	1.5					1017.9						
2026	8	28	10	36	30.0	1.5	2.1					1017.8						
2026	8	28	10	30	30.0	1.0	2.1					1017.8						
2026	8	28	10	24	30.0	1.0	2.1					1017.8						
2026	8	28	10	18	30.0	0.5	1.5					1017.9						
2026	8	28	10	12	50.0	1.0	2.1					1017.9						
2026	8	28	10	6	50.0	1.5	2.1					1017.9						
2026	8	28	10	0	60.0	1.5	2.6					1017.9					-0.3	
2026	8	28	9	54	50.0	1.0	1.5					1017.9						
2026	8	28	9	48	30.0	1.5	2.6					1018.0						
2026	8	28	9	42	20.0	1.5	2.6					1018.0						
2026	8	28	9	36	20.0	1.5	2.1					1018.0						
2026	8	28	9	30	20.0	1.0	2.1					1018.0						
2026	8	28	9	24	10.0	1.5	2.1					1018.0						
2026	8	28	9	18	360.0	2.1	2.6					1018.0						
2026	8	28	9	12	360.0	1.5	2.6					1018.1						
2026	8	28	9	6	10.0	2.1	2.6					1018.0						
2026	8	28	9	0	10.0	2.1	2.6					1018.0					-0.3	
2026	8	28	8	54	10.0	2.1	3.1					1018.1						
2026	8	28	8	48	360.0	2.6	3.6					1018.1						
2026	8	28	8	42	350.0	2.1	3.1					1018.2						
2026	8	28	8	36	340.0	3.1	3.6					1018.2						
2026	8	28	8	30	350.0	3.1	3.6					1018.2						
2026	8	28	8	24	330.0	2.6	3.1					1018.2						
2026	8	28	8	18	350.0	1.5	2.6					1018.3						
2026	8	28	8	12	10.0	2.1	3.1					1018.3						
2026	8	28	8	6	20.0	2.1	2.6					1018.4						
2026	8	28	8	0	10.0	1.5	2.6					1018.3					0.0	
2026	8	28	7	54	350.0	2.1	3.1					1018.3						
2026	8	28	7	48	360.0	1.0	1.5					1018.3						
2026	8	28	7	42	350.0	1.5	2.1					1018.4						
2026	8	28	7	36	360.0	1.5	2.1					1018.4						
2026	8	28	7	30	360.0	2.1	2.6					1018.3						
2026	8	28	7	24	360.0	2.6	4.6					1018.3						
2026	8	28	7	18	20.0	3.1	4.1					1018.2						
2026	8	28	7	12	20.0	2.6	4.1					1018.2						
2026	8	28	7	6	30.0	2.6	2.6					1018.2						
2026	8	28	7	0	40.0	1.5	3.1					1018.2					0.0	
2026	8	28	6	54	10.0	1.0	2.1					1018.2						
2026	8	28	6	48	20.0	1.5	2.6					1018.2						
2026	8	28	6	42	70.0	1.0	2.1					1018.2						
2026	8	28	6	36	50.0	1.0	2.1					1018.3						
2026	8	28	6	30	80.0	1.0	2.1					1018.2						
2026	8	28	6	24	50.0	1.5	2.1					1018.2						
2026	8	28	6	18	40.0	1.0	2.6					1018.2						
2026	8	28	6	12	50.0	1.5	2.1					1018.3						
2026	8	28	6	6	20.0	2.1	2.6					1018.3						
2026	8	28	6	0	10.0	2.1	3.6					1018.3					0.4	
2026	8	28	5	54	20.0	2.6	3.6					1018.2						
2026	8	28	5	48	20.0	2.6	3.1					1018.3						
2026	8	28	5	42	40.0	2.6	2.6					1018.3						
2026	8	28	5	36	10.0	2.1	2.6					1018.3						
2026	8	28	5	30	360.0	1.5	2.6					1018.4						
2026	8	28	5	24	10.0	1.5	2.6					1018.4						
2026	8	28	5	18	10.0	1.5	3.6					1018.4						
2026	8	28	5	12	360.0	2.1	3.6					1018.4						
2026	8	28	5	6	360.0	2.1	2.6					1018.4						
2026	8	28	5	0	350.0	1.5	2.6					1018.4					0.7	
2026	8	28	4	54	360.0	1.5	2.6					1018.5						
2026	8	28	4	48	360.0	1.5	3.1					1018.5						
2026	8	28	4	42	360.0	2.6	3.1					1018.5						
2026	8	28	4	36	360.0	2.1	3.1					1018.5						
2026	8	28	4	30	360.0	2.6	3.6					1018.5						
2026	8	28	4	24	360.0	2.1	3.1					1018.5						
2026	8	28	4	18	360.0	2.6	3.1					1018.4						
2026	8	28	4	12	360.0	2.1	3.1					1018.4						
2026	8	28	4	6	360.0	2.1	4.1					1018.4						
2026	8	28	4	0	360.0	2.1	3.1					1018.4					0.6	
2026	8	28	3	54	350.0	3.1	3.6					1018.3						
2026	8	28	3	48	360.0	2.6	3.1					1018.2						
2026	8	28	3	42	330.0	2.6	3.1					1018.1						
2026	8	28	3	36	350.0	2.6	3.6					1018.0						
2026	8	28	3	30	350.0	2.1	3.6					1018.0						
2026	8	28	3	24	350.0	3.1	4.1					1018.0						
2026	8	28	3	18	340.0	2.6	3.6					1018.0						
2026	8	28	3	12	340.0	2.6	4.1					1018.0						
2026	8	28	3	6	340.0	2.6	3.6					1018.0						
2026	8	28	3	0	340.0	2.6	3.6					1017.9					-0.3	
2026	8	28	2	54	360.0	2.6	4.6					1017.9						
2026	8	28	2	48	350.0	4.1	4.6					1017.9						
2026	8	28	2	42	360.0	3.1	4.1					1017.8						
2026	8	28	2	36	350.0	3.1	4.6					1017.8						
2026	8	28	2	30	360.0	3.1	4.6					1017.7						
2026	8	28	2	24	360.0	3.6	5.1					1017.7						
2026	8	28	2	18	360.0	2.6	4.6					1017.8						
2026	8	28	2	12	10.0	4.1	5.1					1017.8						
2026	8	28	2	6	10.0	3.6	6.2					1017.7						
2026	8	28	2	0	10.0	3.1	5.1					1017.7					-0.9	
2026	8	28	1	54	360.0	3.6	5.1					1017.7						
2026	8	28	1	48	360.0	2.1	2.6					1017.7						
2026	8	28	1	42	10.0	2.6	3.6					1017.7						
2026	8	28	1	36	350.0	2.1	3.6					1017.7						
2026	8	28	1	30	360.0	2.1	3.1					1017.8						
2026	8	28	1	24	360.0	2.1	3.1					1017.8						
2026	8	28	1	18	360.0	2.6	3.6					1017.8						
2026	8	28	1	12	360.0	2.6	3.6					1017.8						
2026	8	28	1	6	360.0	1.5	4.6					1017.8						
2026	8	28	1	0	360.0	2.6	4.1					1017.8					-1.1	
2026	8	28	0	54	350.0	2.1	2.6					1017.8						
2026	8	28	0	48	350.0	2.1	3.6					1017.8						
2026	8	28	0	42	350.0	1.5	3.1					1017.9						
2026	8	28	0	36	340.0	2.1	3.1					1017.9						
2026	8	28	0	30	340.0	2.1	2.6					1018.0						
2026	8	28	0	24	330.0	1.5	2.1					1018.0						
2026	8	28	0	18	310.0	1.5	2.6					1018.1						
2026	8	28	0	12	310.0	1.5	2.6					1018.1						
2026	8	28	0	6	300.0	2.1	3.1					1018.2						
2026	8	28	0	0	320.0	2.1	3.1					1018.2					-0.7	
2026	8	27	23	54	320.0	2.1	3.1					1018.2						
2026	8	27	23	48	330.0	2.6	3.6					1018.3						
2026	8	27	23	42	340.0	3.6	5.1					1018.3						
2026	8	27	23	36	340.0	3.6	5.1					1018.4						
2026	8	27	23	30	310.0	2.1	2.6					1018.4						
2026	8	27	23	24	310.0	1.5	2.6					1018.5						
2026	8	27	23	18	300.0	1.5	2.6					1018.5						
2026	8	27	23	12	310.0	2.1	2.6					1018.5						
2026	8	27	23	6	300.0	2.1	2.6					1018.5						
2026	8	27	23	0	310.0	1.5	2.1					1018.6					-0.4	
2026	8	27	22	54	300.0	1.5	2.1					1018.6						
2026	8	27	22	48	280.0	2.6	2.6					1018.7						
2026	8	27	22	42	280.0	2.6	3.1					1018.7						
2026	8	27	22	36	290.0	3.1	3.6					1018.7						
2026	8	27	22	30	290.0	2.6	3.6					1018.8						
2026	8	27	22	24	280.0	3.1	4.1					1018.9						
2026	8	27	22	18	280.0	3.6	4.6					1018.9						
2026	8	27	22	12	280.0	3.6	4.1					1018.9						
2026	8	27	22	6	290.0	3.6	5.1					1018.9						
2026	8	27	22	0	280.0	3.6	5.1					1018.9						
2026	8	27	21	54	270.0	3.6	4.6					1018.9						
2026	8	27	21	48	270.0	3.1	5.1					1018.8						
2026	8	27	21	42	260.0	3.6	4.6					1018.8						
2026	8	27	21	36	260.0	3.6	5.7					1018.8						
2026	8	27	21	30	260.0	4.1	5.7					1018.9						
2026	8	27	21	24	260.0	3.6	5.7					1018.9						
2026	8	27	21	18	260.0	4.1	5.7					1018.9						
2026	8	27	21	12	260.0	3.6	5.7					1018.9						
2026	8	27	21	6	260.0	3.6	5.7					1018.9						
2026	8	27	21	0	270.0	4.1	5.7					1018.9					0.0	
2026	8	27	20	54	260.0	2.6	5.1					1019.0						
2026	8	27	20	48	270.0	3.6	6.2					1019.0						
2026	8	27	20	42	260.0	3.1	5.1					1019.0						
2026	8	27	20	36	260.0	3.1	5.1					1018.9						
2026	8	27	20	30	260.0	3.6	5.7					1018.9						
2026	8	27	20	24	260.0	3.6	5.7					1018.9						
2026	8	27	20	18	260.0	3.6	5.7					1018.9						
2026	8	27	20	12	260.0	3.6	5.7					1018.9						
2026	8	27	20	6	260.0	3.6	5.7					1019.0						
2026	8	27	20	0	260.0	3.1	4.6					1019.0					0.0	
2026	8	27	19	54	260.0	3.1	5.7					1019.0						
2026	8	27	19	48	270.0	3.1	5.7					1019.0						
2026	8	27	19	42	260.0	3.1	5.7					1018.9						
2026	8	27	19	36	270.0	2.6	5.1					1018.9						
2026	8	27	19	30	260.0	4.1	5.7					1018.9						
2026	8	27	19	24	270.0	2.6	4.6					1018.9						
2026	8	27	19	18	250.0	3.6	5.1					1018.9						
2026	8	27	19	12	250.0	3.1	5.1					1018.9						
2026	8	27	19	6	250.0	3.6	5.1					1019.0						
2026	8	27	19	0	250.0	2.6	5.1											
2026	8	27	18	54	250.0	2.1	4.1					1019.0						
2026	8	27	18	48	250.0	2.1	4.1					1019.0						
2026	8	27	18	42	260.0	2.6	4.6					1019.0						
2026	8	27	18	36	260.0	2.6	3.6					1019.0						
2026	8	27	18	30	270.0	3.1	4.1					1019.0						
2026	8	27	18	24	280.0	3.6	3.6					1019.0						
2026	8	27	18	18	280.0	3.1	3.6					1019.0						
2026	8	27	18	12	250.0	2.1	4.1					1019.0						
2026	8	27	18	6	260.0	3.6	4.1					1019.0						
2026	8	27	18	0	260.0	2.6	3.6					1019.1					0.6	
2026	8	27	17	54	280.0	2.6	3.6					1019.0						
2026	8	27	17	48	290.0	3.6	4.1					1019.0						
2026	8	27	17	42	280.0	4.1	4.6					1019.0						
2026	8	27	17	36	280.0	4.1	4.6					1019.0						
2026	8	27	17	30	30.0	0.5	1.0					1018.9						
2026	8	27	17	24	100.0	1.0	3.1					1018.9						
2026	8	27	17	18	90.0	1.0	2.1					1018.9						
2026	8	27	17	12	140.0	0.5	1.5					1018.8						
2026	8	27	17	6	70.0	0.5	2.6					1018.8						
2026	8	27	17	0	100.0	1.5	3.6					1018.8					0.6	
2026	8	27	16	54	50.0	0.5	2.1					1018.8						
2026	8	27	16	48	150.0	2.1	3.1					1018.7						
2026	8	27	16	42	150.0	1.0	2.6					1018.7						
2026	8	27	16	36	130.0	1.5	3.6					1018.7						
2026	8	27	16	30	110.0	2.1	2.6					1018.7						
2026	8	27	16	24	140.0	1.0	2.1					1018.7						
2026	8	27	16	18	110.0	0.5	1.5					1018.8						
2026	8	27	16	12	130.0	1.0	2.6					1018.8						
2026	8	27	16	6	120.0	1.0	3.1					1018.8						
2026	8	27	16	0	150.0	0.5	1.5					1018.7					0.6	
2026	8	27	15	54	120.0	0.5	2.1					1018.7						
2026	8	27	15	48		0.0	2.6					1018.6						
2026	8	27	15	42	150.0	1.0	3.6					1018.6						
2026	8	27	15	36	130.0	1.0	2.6					1018.6						
2026	8	27	15	30	150.0	1.0	2.6					1018.6						
2026	8	27	15	24	120.0	1.0	2.6					1018.6						
2026	8	27	15	18	120.0	1.0	3.1					1018.6						
2026	8	27	15	12	120.0	1.5	2.6					1018.5						
2026	8	27	15	6	120.0	1.5	2.6					1018.5						
2026	8	27	15	0	120.0	1.5	2.6					1018.5					-0.0	
2026	8	27	14	54	120.0	1.0	2.6					1018.5						
2026	8	27	14	48	130.0	2.1	3.1					1018.4						
2026	8	27	14	42	110.0	2.1	3.6					1018.4						
2026	8	27	14	36	110.0	1.5	2.6					1018.4						
2026	8	27	14	30	120.0	1.5	3.1					1018.4						
2026	8	27	14	24	110.0	2.1	3.1					1018.3						
2026	8	27	14	18	130.0	1.5	2.6					1018.3						
2026	8	27	14	12	110.0	1.5	2.1					1018.2						
2026	8	27	14	6	110.0	1.5	2.1					1018.2						
2026	8	27	14	0	120.0	1.5	2.6					1018.2					0.0	
2026	8	27	13	54	130.0	1.0	2.6					1018.1						
2026	8	27	13	48	130.0	1.5	2.1					1018.2						
2026	8	27	13	42	120.0	1.5	2.6					1018.2						
2026	8	27	13	36	110.0	1.0	2.1					1018.1						
2026	8	27	13	30	120.0	1.5	2.6					1018.0						
2026	8	27	13	24	120.0	2.1	3.1					1018.1						
2026	8	27	13	18	120.0	2.1	2.6					1018.1						
2026	8	27	13	12	130.0	1.0	1.5					1018.1						
2026	8	27	13	6	130.0	1.0	2.1					1018.1						
2026	8	27	13	0	120.0	1.0	2.1					1018.1					0.0	
2026	8	27	12	54	110.0	1.5	2.1					1018.1						
2026	8	27	12	48	120.0	1.5	2.1					1018.2						
2026	8	27	12	42	120.0	1.5	2.6					1018.2						
2026	8	27	12	36	130.0	1.0	2.1					1018.2						
2026	8	27	12	30	110.0	1.5	2.1					1018.3						
2026	8	27	12	24	100.0	0.5	1.5					1018.3						
2026	8	27	12	18	100.0	1.0	1.5					1018.3						
2026	8	27	12	12	100.0	1.0	1.5					1018.3						
2026	8	27	12	6		0.0	0.5					1018.3						
2026	8	27	12	0		0.0	0.0					1018.3					0.0	
2026	8	27	11	54		0.0	0.0					1018.3						
2026	8	27	11	48		0.0	0.0					1018.3						
2026	8	27	11	42		0.0	0.0					1018.4						
2026	8	27	11	36		0.0	0.0					1018.3						
2026	8	27	11	30		0.0	0.5					1018.3						
2026	8	27	11	24		0.0	0.5					1018.2						
2026	8	27	11	18		0.0	0.5					1018.2						
2026	8	27	11	12		0.0	0.0					1018.2						
2026	8	27	11	6		0.0	0.5					1018.2						
2026	8	27	11	0		0.0	0.0					1018.1					0.0	
2026	8	27	10	54		0.0	0.5					1018.1						
2026	8	27	10	48		0.0	0.5					1018.2						
2026	8	27	10	42	130.0	0.5	0.5					1018.2						
2026	8	27	10	36		0.0	1.0					1018.2						
2026	8	27	10	30		0.0	0.0					1018.2						
2026	8	27	10	24		0.0	1.0					1018.2						
2026	8	27	10	18		0.0	1.0					1018.1						
2026	8	27	10	12		0.0	0.5					1018.2						
2026	8	27	10	6	100.0	0.5	1.0					1018.1						
2026	8	27	10	0		0.0	1.0					1018.2					0.0	
2026	8	27	9	54		0.0	0.5					1018.2						
2026	8	27	9	48		0.0	0.5					1018.1						
2026	8	27	9	42		0.0	0.5					1018.1						
2026	8	27	9	36		0.0	1.0					1018.1						
2026	8	27	9	30		0.0	0.5					1018.1						
2026	8	27	9	24		0.0	0.5					1018.2						
2026	8	27	9	18		0.0	1.0					1018.2						
2026	8	27	9	12	150.0	0.5	1.5					1018.2						
2026	8	27	9	6		0.0	0.5					1018.3						
2026	8	27	9	0		0.0	0.5					1018.3					0.0	
2026	8	27	8	54		0.0	0.5					1018.3						
2026	8	27	8	48		0.0	0.0					1018.3						
2026	8	27	8	42		0.0	0.0					1018.3						
2026	8	27	8	36		0.0	0.5					1018.3						
2026	8	27	8	30	240.0	0.5	1.0					1018.2						
2026	8	27	8	24		0.0	1.0					1018.2						
2026	8	27	8	18		0.0	0.5					1018.2						
2026	8	27	8	12		0.0	0.0					1018.2						
2026	8	27	8	6		0.0	1.0					1018.1						
2026	8	27	8	0		0.0	1.0					1018.1					0.0	
2026	8	27	7	54		0.0	0.5					1018.1						
2026	8	27	7	48		0.0	0.5					1018.1						
2026	8	27	7	42		0.0	1.5					1018.0						
2026	8	27	7	36		0.0	1.0					1018.0						
2026	8	27	7	30	190.0	0.5	1.0					1018.0						
2026	8	27	7	24		0.0	0.5					1018.0						
2026	8	27	7	18		0.0	0.5					1018.0						
2026	8	27	7	12		0.0	0.5					1018.1						
2026	8	27	7	6		0.0	0.5					1018.1						
2026	8	27	7	0		0.0	1.0					1018.1					0.0	
2026	8	27	6	54		0.0	0.5					1018.1						
2026	8	27	6	48		0.0	1.0					1018.1						
2026	8	27	6	42		0.0	1.5					1018.1						
2026	8	27	6	36	130.0	0.5	1.5					1018.1						
2026	8	27	6	30		0.0	1.5					1018.1						
2026	8	27	6	24		0.0	2.1					1018.1						
2026	8	27	6	18	110.0	0.5	1.5					1018.0						
2026	8	27	6	12	120.0	1.0	1.5					1018.0						
2026	8	27	6	6	120.0	1.0	1.5					1018.1						
2026	8	27	6	0	120.0	1.0	2.1					1018.1					0.4	
2026	8	27	5	54	120.0	0.5	1.5					1018.1						
2026	8	27	5	48	110.0	1.0	2.1					1018.1						
2026	8	27	5	42	110.0	1.0	1.5					1018.1						
2026	8	27	5	36	140.0	0.5	2.1					1018.1						
2026	8	27	5	30	110.0	1.5	2.1					1018.1						
2026	8	27	5	24	130.0	1.0	1.5					1018.0						
2026	8	27	5	18	120.0	1.0	2.1					1018.1						
2026	8	27	5	12	120.0	1.5	2.1					1018.1						
2026	8	27	5	6	110.0	1.0	2.1					1018.1						
2026	8	27	5	0	140.0	1.0	2.1					1018.1					0.0	
2026	8	27	4	54	120.0	1.0	1.0					1018.1						
2026	8	27	4	48	110.0	1.0	1.5					1018.1						
2026	8	27	4	42	120.0	1.0	1.5					1018.1						
2026	8	27	4	36		0.0	1.0					1018.2						
2026	8	27	4	30	130.0	0.5	1.5					1018.1						
2026	8	27	4	24	110.0	1.0	1.5					1018.2						
2026	8	27	4	18	120.0	0.5	1.5					1018.2						
2026	8	27	4	12	110.0	1.0	2.1					1018.2						
2026	8	27	4	6	110.0	1.0	1.5					1018.2						
2026	8	27	4	0		0.0	1.5					1018.2					0.3	
2026	8	27	3	54	120.0	1.0	2.1					1018.2						
2026	8	27	3	48	120.0	1.0	1.5					1018.1						
2026	8	27	3	42		0.0	1.0					1018.0						
2026	8	27	3	36		0.0	1.0					1018.0						
2026	8	27	3	30	100.0	0.5	1.0					1017.9						
2026	8	27	3	24		0.0	1.5					1017.8						
2026	8	27	3	18		0.0	0.5					1017.8						
2026	8	27	3	12	110.0	0.5	1.0					1017.8						
2026	8	27	3	6	180.0	0.5	1.0					1017.7						
2026	8	27	3	0		0.0	0.5					1017.7					0.0	
2026	8	27	2	54		0.0	1.5					1017.6						
2026	8	27	2	48		0.0	0.5					1017.6						
2026	8	27	2	42		0.0	1.0					1017.7						
2026	8	27	2	36		0.0	1.0					1017.7						
2026	8	27	2	30		0.0	1.0					1017.7						
2026	8	27	2	24		0.0	2.6					1017.8						
2026	8	27	2	18	240.0	1.0	2.6					1017.8						
2026	8	27	2	12		0.0	1.5					1017.8						
2026	8	27	2	6	260.0	1.5	2.1					1017.9						
2026	8	27	2	0		0.0	2.1					1017.9					0.0	
2026	8	27	1	54	250.0	0.5	2.6					1017.9						
2026	8	27	1	48		0.0	2.1					1017.9						
2026	8	27	1	42	290.0	1.5	3.1					1017.9						
2026	8	27	1	36	270.0	1.0	2.1					1018.0						
2026	8	27	1	30	260.0	1.0	3.1					1018.0						
2026	8	27	1	24	240.0	1.5	4.1					1018.0						
2026	8	27	1	18	250.0	2.1	3.1					1018.0						
2026	8	27	1	12	240.0	2.1	4.6					1017.9						
2026	8	27	1	6	250.0	2.6	4.1					1017.9						
2026	8	27	1	0	240.0	1.5	4.6					1017.9					-0.3	
2026	8	27	0	54	240.0	1.5	4.1					1017.9						
2026	8	27	0	48	230.0	1.0	2.6					1017.9						
2026	8	27	0	42	240.0	1.5	4.1					1017.8						
2026	8	27	0	36	260.0	1.0	5.1					1017.8						
2026	8	27	0	30	230.0	1.0	2.6					1017.8						
2026	8	27	0	24	220.0	1.0	2.6					1017.8						
2026	8	27	0	18	240.0	1.5	3.6					1017.9						
2026	8	27	0	12	240.0	2.1	4.6					1017.9						
2026	8	27	0	6	250.0	1.5	3.6					1018.0						
2026	8	27	0	0	220.0	1.0	5.7					1017.9					0.0	
2026	8	26	23	36	240.0	2.6	4.1					1017.9						
2026	8	26	23	30	250.0	2.1	4.1					1017.9						
2026	8	26	23	24	240.0	1.5	3.1					1018.0						
2026	8	26	23	18	220.0	1.5	6.2					1018.1						
2026	8	26	23	12	240.0	3.1	6.2					1018.0						
2026	8	26	23	6	240.0	2.6	4.6					1018.0						
2026	8	26	23	0	250.0	2.6	6.2					1018.0					0.0	
2026	8	26	22	54	250.0	2.6	4.6					1018.1						
2026	8	26	22	48	240.0	2.6	5.1					1018.1						
2026	8	26	22	42	260.0	2.6	4.6					1018.1						
2026	8	26	22	36	250.0	2.1	4.6					1018.1						
2026	8	26	22	30	250.0	1.5	5.7					1018.1						
2026	8	26	22	24	250.0	2.6	6.2					1018.1						
2026	8	26	22	18	250.0	2.1	5.1					1018.1						
2026	8	26	22	12	250.0	2.6	5.7					1018.2						
2026	8	26	22	6	250.0	2.6	5.1					1018.1						
2026	8	26	22	0	250.0	3.6	4.6					1018.2					0.0	
2026	8	26	21	54	250.0	2.6	5.7					1018.2						
2026	8	26	21	48	250.0	3.1	6.2					1018.2						
2026	8	26	21	42	250.0	3.1	6.2					1018.2						
2026	8	26	21	36	250.0	2.6	5.1					1018.2						
2026	8	26	21	30	270.0	3.6	6.2					1018.2						
2026	8	26	21	24	250.0	2.6	6.2					1018.1						
2026	8	26	21	18	260.0	3.1	6.2					1018.1						
2026	8	26	21	12	270.0	3.6	6.7					1018.1						
2026	8	26	21	6	280.0	4.6	6.2					1018.1						
2026	8	26	21	0	280.0	4.6	5.1					1018.1					-0.3	
2026	8	26	20	54	280.0	4.1	6.2					1018.2						
2026	8	26	20	48	270.0	4.6	6.7					1018.2						
2026	8	26	20	42	270.0	4.1	7.2					1018.2						
2026	8	26	20	36	260.0	3.6	6.7					1018.2						
2026	8	26	20	30	270.0	5.1	6.7					1018.2						
2026	8	26	20	24	260.0	4.1	6.7					1018.2						
2026	8	26	20	18	270.0	5.1	6.2					1018.2						
2026	8	26	20	12	270.0	4.6	6.7					1018.2						
2026	8	26	20	6	270.0	4.1	6.2					1018.2						
2026	8	26	20	0	260.0	2.6	5.1					1018.2					0.0	
2026	8	26	19	54	260.0	2.6	4.6					1018.3						
2026	8	26	19	48	260.0	2.1	4.1					1018.3						
2026	8	26	19	42	290.0	3.1	3.6					1018.3						
2026	8	26	19	36	290.0	2.6	3.6					1018.3						
2026	8	26	19	30	290.0	2.6	3.6					1018.3						
2026	8	26	19	24	290.0	3.1	4.1					1018.3						
2026	8	26	19	18	300.0	3.1	3.1					1018.3						
2026	8	26	19	12	310.0	2.1	2.6					1018.3						
2026	8	26	19	6	300.0	2.6	3.6					1018.4						
2026	8	26	19	0	290.0	3.1	3.6					1018.4					0.0	
2026	8	26	18	54	270.0	3.1	4.6					1018.4						
2026	8	26	18	48	280.0	3.6	4.6					1018.4						
2026	8	26	18	42	280.0	3.6	4.6					1018.4						
2026	8	26	18	36	280.0	3.6	4.6					1018.5						
2026	8	26	18	30	260.0	2.1	3.6					1018.6						
2026	8	26	18	24	280.0	2.6	3.6					1018.5						
2026	8	26	18	18	270.0	2.1	3.1					1018.5						
2026	8	26	18	12	260.0	2.1	3.1					1018.5						
2026	8	26	18	6	260.0	2.1	3.6					1018.4						
2026	8	26	18	0	260.0	2.6	3.6					1018.4					0.0	
2026	8	26	17	54	250.0	2.6	3.6					1018.4						
2026	8	26	17	48	260.0	2.6	3.6					1018.5						
2026	8	26	17	42	260.0	2.1	3.1					1018.5						
2026	8	26	17	36	260.0	2.1	3.1					1018.5						
2026	8	26	17	30	270.0	2.6	3.1					1018.4						
2026	8	26	17	24	280.0	2.6	3.1					1018.5						
2026	8	26	17	18	280.0	2.6	3.1					1018.5						
2026	8	26	17	12	290.0	2.1	2.6					1018.5						
2026	8	26	17	6	270.0	2.1	2.1					1018.4						
2026	8	26	17	0	260.0	1.0	2.6					1018.4					0.4	
2026	8	26	16	54	260.0	2.1	2.6					1018.3						
2026	8	26	16	48	260.0	1.5	2.1					1018.4						
2026	8	26	16	42	260.0	1.5	3.1					1018.4						
2026	8	26	16	36	260.0	2.1	2.6					1018.4						
2026	8	26	16	30	250.0	1.5	2.1					1018.4						
2026	8	26	16	24	260.0	1.5	2.6					1018.5						
2026	8	26	16	18	280.0	2.1	2.6					1018.5						
2026	8	26	16	12	290.0	2.1	2.6					1018.4						
2026	8	26	16	6	290.0	1.5	2.1					1018.4						
2026	8	26	16	0	20.0	1.0	2.1					1018.6					0.7	
2026	8	26	15	54	320.0	0.5	1.5					1018.6						
2026	8	26	15	48	130.0	1.0	1.5					1018.5						
2026	8	26	15	42	160.0	0.5	2.1					1018.4						
2026	8	26	15	36	140.0	1.0	1.5					1018.4						
2026	8	26	15	30	20.0	0.5	1.5					1018.4						
2026	8	26	15	24		0.0	0.5					1018.4						
2026	8	26	15	18		0.0	2.1					1018.4						
2026	8	26	15	12	170.0	0.5	1.0					1018.4						
2026	8	26	15	6	100.0	0.5	1.0					1018.3						
2026	8	26	15	0		0.0	0.5					1018.3					0.7	
2026	8	26	14	54	110.0	0.5	1.0					1018.3						
2026	8	26	14	48		0.0	1.0					1018.2						
2026	8	26	14	42		0.0	0.5					1018.2						
2026	8	26	14	36	110.0	0.5	1.0					1018.2						
2026	8	26	14	30		0.0	0.5					1018.2						
2026	8	26	14	24		0.0	0.5					1018.1						
2026	8	26	14	18		0.0	0.5					1018.2						
2026	8	26	14	12		0.0	0.5					1018.1						
2026	8	26	14	6		0.0	0.5					1018.1						
2026	8	26	14	0		0.0	1.0					1018.0					0.0	
2026	8	26	13	36		0.0	0.5					1018.0						
2026	8	26	13	30		0.0	0.0					1018.0						
2026	8	26	13	24		0.0	0.0					1018.0						
2026	8	26	13	18		0.0	0.5					1018.0						
2026	8	26	13	12		0.0	0.5					1018.0						
2026	8	26	13	6		0.0	0.5					1018.0						
2026	8	26	13	0		0.0	0.5					1017.9					-0.0	
2026	8	26	12	54		0.0	1.0					1017.9						
2026	8	26	12	48		0.0	0.5					1017.9						
2026	8	26	12	42		0.0	0.5					1017.9						
2026	8	26	12	36		0.0	0.5					1017.9						
2026	8	26	12	30		0.0	0.5					1017.8						
2026	8	26	12	24								1017.8						
2026	8	26	12	18	240.0	1.0	1.0					1017.8						
2026	8	26	12	12		0.0	0.5					1017.7						
2026	8	26	12	6		0.0	0.5					1017.7						
2026	8	26	12	0	260.0	0.5	0.5					1017.6					-0.7	
2026	8	26	11	54		0.0	0.0					1017.6						
2026	8	26	11	48		0.0	0.5					1017.6						
2026	8	26	11	42		0.0	0.5					1017.7						
2026	8	26	11	36	220.0	0.5	0.5					1017.6						
2026	8	26	11	30		0.0	1.5					1017.6						
2026	8	26	11	24	240.0	0.5	1.0					1017.7						
2026	8	26	11	18	230.0	0.5	1.0					1017.7						
2026	8	26	11	12	280.0	0.5	1.0					1017.7						
2026	8	26	11	6		0.0	0.0					1017.7						
2026	8	26	11	0		0.0	0.5					1017.8					-0.8	
2026	8	26	10	54		0.0	1.0					1017.9						
2026	8	26	10	48		0.0	0.5					1017.9						
2026	8	26	10	42		0.0	0.0					1017.9						
2026	8	26	10	36		0.0	0.0					1017.8						
2026	8	26	10	30		0.0	0.0					1017.8						
2026	8	26	10	24		0.0	0.5					1017.9						
2026	8	26	10	18		0.0	0.5					1018.0						
2026	8	26	10	12		0.0	0.5					1018.0						
2026	8	26	10	6		0.0	0.5					1018.0						
2026	8	26	10	0		0.0	0.0					1018.0					-0.7	
2026	8	26	9	54		0.0	0.0					1018.0						
2026	8	26	9	48		0.0	0.0					1018.0						
2026	8	26	9	42		0.0	1.0					1018.0						
2026	8	26	9	36		0.0	0.5					1018.1						
2026	8	26	9	30		0.0	1.5					1018.2						
2026	8	26	9	24	240.0	1.0	1.0					1018.2						
2026	8	26	9	18		0.0	1.0					1018.2						
2026	8	26	9	12		0.0	2.1					1018.2						
2026	8	26	9	6	250.0	1.0	1.5					1018.3						
2026	8	26	9	0	240.0	0.5	1.0					1018.3					-0.7	
2026	8	26	8	36		0.0	0.5					1018.4						
2026	8	26	8	30		0.0	0.5					1018.5						
2026	8	26	8	24		0.0	0.5					1018.5						
2026	8	26	8	18		0.0	0.5					1018.5						
2026	8	26	8	12		0.0	1.5					1018.5						
2026	8	26	8	6	220.0	1.0	1.5					1018.5						
2026	8	26	8	0	250.0	0.5	1.0					1018.6					-0.5	
2026	8	26	7	54		0.0	0.5					1018.6						
2026	8	26	7	48		0.0	1.0					1018.6						
2026	8	26	7	42	210.0	0.5	1.5					1018.6						
2026	8	26	7	36		0.0	0.5					1018.7						
2026	8	26	7	30		0.0	0.0					1018.7						
2026	8	26	7	24	230.0	0.5	1.0					1018.6						
2026	8	26	7	18		0.0	0.5					1018.6						
2026	8	26	7	12		0.0	1.0					1018.6						
2026	8	26	7	6		0.0	0.5					1018.7						
2026	8	26	7	0	180.0	0.5	1.0					1018.7					-0.3	
2026	8	26	6	54		0.0	1.0					1018.6						
2026	8	26	6	48	170.0	1.0	1.5					1018.6						
2026	8	26	6	42		0.0	0.0					1018.7						
2026	8	26	6	36		0.0	0.0					1018.7						
2026	8	26	6	30		0.0	0.0					1018.7						
2026	8	26	6	24		0.0	0.0					1018.7						
2026	8	26	6	18		0.0	0.0					1018.8						
2026	8	26	6	12		0.0	0.0					1018.8						
2026	8	26	6	6		0.0	0.0					1018.9						
2026	8	26	6	0		0.0	0.0					1019.0					0.3	
2026	8	26	5	54		0.0	0.0					1019.0						
2026	8	26	5	48		0.0	0.0					1019.0						
2026	8	26	5	42		0.0	0.0					1019.0						
2026	8	26	5	36		0.0	0.5					1019.1						
2026	8	26	5	30		0.0	0.0					1019.1						
2026	8	26	5	24		0.0	0.5					1019.1						
2026	8	26	5	18		0.0	0.0					1019.1						
2026	8	26	5	12		0.0	0.5					1019.1						
2026	8	26	5	6		0.0	0.0					1019.1						
2026	8	26	5	0		0.0	0.0					1019.1					0.7	
2026	8	26	4	54		0.0	0.0					1019.1						
2026	8	26	4	48		0.0	0.0					1019.1						
2026	8	26	4	42		0.0	0.0					1019.1						
2026	8	26	4	36		0.0	0.0					1019.1						
2026	8	26	4	30		0.0	0.0					1019.1						
2026	8	26	4	24		0.0	0.0					1019.1						
2026	8	26	4	18		0.0	0.0					1019.1						
2026	8	26	4	12		0.0	0.0					1019.1						
2026	8	26	4	6		0.0	0.0					1019.0						
2026	8	26	4	0		0.0	0.0					1019.0					0.3	
2026	8	26	3	54		0.0	0.0					1018.9						
2026	8	26	3	48		0.0	0.0					1018.9						
2026	8	26	3	42		0.0	0.0					1018.9						
2026	8	26	3	36		0.0	0.5					1018.9						
2026	8	26	3	30		0.0	0.5					1018.8						
2026	8	26	3	24		0.0	0.5					1018.8						
2026	8	26	3	18		0.0	1.0					1018.8						
2026	8	26	3	12		0.0	1.5					1018.8						
2026	8	26	3	6	230.0	1.0	2.6					1018.7						
2026	8	26	3	0	240.0	1.0	1.5					1018.7					-0.0	
2026	8	26	2	54		0.0	1.5					1018.7						
2026	8	26	2	48		0.0	0.5					1018.6						
2026	8	26	2	42		0.0	1.0					1018.6						
2026	8	26	2	36		0.0	1.5					1018.6						
2026	8	26	2	30	240.0	0.5	1.5					1018.5						
2026	8	26	2	24	250.0	1.0	2.1					1018.5						
2026	8	26	2	18	250.0	1.0	2.1					1018.5						
2026	8	26	2	12	250.0	1.5	2.6					1018.5						
2026	8	26	2	6	240.0	1.0	2.1					1018.4						
2026	8	26	2	0	240.0	2.1	3.1					1018.4					-0.5	
2026	8	26	1	54	260.0	1.5	2.1					1018.4						
2026	8	26	1	48	220.0	1.0	1.5					1018.5						
2026	8	26	1	42	260.0	1.0	2.6					1018.5						
2026	8	26	1	36	250.0	1.5	3.1					1018.5						
2026	8	26	1	30	240.0	1.0	3.1					1018.5						
2026	8	26	1	24	240.0	1.5	3.1					1018.5						
2026	8	26	1	18	260.0	1.5	3.6					1018.6						
2026	8	26	1	12	250.0	2.6	4.1					1018.6						
2026	8	26	1	6	250.0	2.6	4.6					1018.6						
2026	8	26	1	0	270.0	2.6	3.1					1018.7					0.0	
2026	8	26	0	54	250.0	2.1	4.1					1018.7						
2026	8	26	0	48	240.0	1.5	4.1					1018.7						
2026	8	26	0	42	250.0	2.6	4.1					1018.7						
2026	8	26	0	36	240.0	2.6	4.1					1018.7						
2026	8	26	0	30	250.0	2.6	3.6					1018.7						
2026	8	26	0	24	250.0	2.1	4.6					1018.7						
2026	8	26	0	18	240.0	2.1	4.6					1018.7						
2026	8	26	0	12	250.0	2.1	3.6					1018.7						
2026	8	26	0	6	240.0	2.6	4.6					1018.7						
2026	8	26	0	0	260.0	2.6	5.1					1018.8					0.3	
2026	8	25	23	54	250.0	2.1	5.1					1018.7						
2026	8	25	23	48	250.0	3.1	4.6					1018.7						
2026	8	25	23	42	250.0	3.1	5.7					1018.7						
2026	8	25	23	36	240.0	3.6	6.2					1018.8						
2026	8	25	23	30	250.0	4.6	7.2					1018.8						
2026	8	25	23	24	250.0	4.1	6.2					1018.8						
2026	8	25	23	18	250.0	4.1	6.2					1018.8						
2026	8	25	23	12	250.0	3.6	7.7					1018.9						
2026	8	25	23	6	250.0	3.1	6.7					1018.8						
2026	8	25	23	0	240.0	3.6	6.2					1018.9					0.0	
2026	8	25	22	54	250.0	4.1	6.2					1018.9						
2026	8	25	22	48	250.0	4.6	6.2					1018.9						
2026	8	25	22	42	250.0	4.1	7.2					1018.9						
2026	8	25	22	36	250.0	4.1	6.2					1018.8						
2026	8	25	22	30	250.0	3.6	6.7					1018.8						
2026	8	25	22	24	250.0	4.6	6.2					1018.7						
2026	8	25	22	18	250.0	3.1	5.7					1018.8						
2026	8	25	22	12	250.0	3.1	6.2					1018.7						
2026	8	25	22	6	250.0	4.1	6.7					1018.7						
2026	8	25	22	0	250.0	4.1	6.7					1018.7					-0.3	
2026	8	25	21	54	250.0	3.1	5.7					1018.6						
2026	8	25	21	48	250.0	3.6	5.7					1018.6						
2026	8	25	21	42	250.0	4.1	7.2					1018.7						
2026	8	25	21	36	260.0	3.6	6.7					1018.6						
2026	8	25	21	30	250.0	3.6	6.7					1018.5						
2026	8	25	21	24	250.0	4.6	6.7					1018.5						
2026	8	25	21	18	250.0	3.6	6.2					1018.5						
2026	8	25	21	12	260.0	3.1	6.7					1018.5						
2026	8	25	21	6	250.0	4.6	7.2					1018.5						
2026	8	25	21	0	260.0	3.1	6.2					1018.5					0.0	
2026	8	25	20	54	270.0	3.6	6.7					1018.5						
2026	8	25	20	48	260.0	4.1	6.2					1018.6						
2026	8	25	20	42	230.0	1.0	6.2					1018.5						
2026	8	25	20	36	270.0	3.1	6.2					1018.6						
2026	8	25	20	30	140.0	1.5	5.1					1018.6						
2026	8	25	20	24	270.0	3.6	5.1					1018.7						
2026	8	25	20	18	240.0	1.5	4.6					1018.7						
2026	8	25	20	12	230.0	2.6	5.1					1018.7						
2026	8	25	20	6	250.0	3.1	4.6					1018.7						
2026	8	25	20	0	280.0	1.0	3.1					1018.7					0.4	
2026	8	25	19	54	250.0	2.1	3.6					1018.8						
2026	8	25	19	48	240.0	2.1	4.1					1018.8						
2026	8	25	19	42	230.0	1.5	4.1					1018.8						
2026	8	25	19	36	250.0	1.5	3.6					1018.9						
2026	8	25	19	30	240.0	2.1	4.6					1019.0						
2026	8	25	19	24	240.0	3.1	4.6					1019.0						
2026	8	25	19	18	240.0	2.6	5.7					1019.0						
2026	8	25	19	12	230.0	2.6	5.1					1019.1						
2026	8	25	19	6	240.0	1.5	3.6					1019.0						
2026	8	25	19	0	240.0	1.5	3.1					1019.0					0.7	
2026	8	25	18	54	260.0	1.5	2.6					1019.0						
2026	8	25	18	48	230.0	1.0	3.6					1019.1						
2026	8	25	18	42	230.0	1.5	3.1					1019.1						
2026	8	25	18	36	230.0	1.5	3.1					1019.0						
2026	8	25	18	30	10.0	0.5	2.1					1018.9						
2026	8	25	18	24	320.0	1.0	2.1					1018.9						
2026	8	25	18	18	210.0	1.0	2.6					1018.9						
2026	8	25	18	12	180.0	0.5	2.6					1018.7						
2026	8	25	18	6	240.0	0.5	3.1					1018.7						
2026	8	25	18	0	220.0	2.1	3.6					1018.7					0.5	
2026	8	25	17	54	230.0	1.5	3.1					1018.6						
2026	8	25	17	48	170.0	1.0	3.6					1018.7						
2026	8	25	17	42	200.0	0.5	3.6					1018.7						
2026	8	25	17	36	270.0	1.5	3.1					1018.6						
2026	8	25	17	30		0.0	0.5					1018.6						
2026	8	25	17	24	80.0	0.5	1.0					1018.5						
2026	8	25	17	18	110.0	1.0	1.5					1018.4						
2026	8	25	17	12	200.0	1.0	2.1					1018.3						
2026	8	25	17	6	100.0	1.5	2.6					1018.3						
2026	8	25	17	0		0.0	2.1					1018.3					0.7	
2026	8	25	16	54	150.0	1.0	2.1					1018.3						
2026	8	25	16	48	280.0	0.5	1.0					1018.3						
2026	8	25	16	42	150.0	0.5	2.6					1018.2						
2026	8	25	16	36	150.0	1.0	2.6					1018.2						
2026	8	25	16	30	140.0	1.0	1.5					1018.3						
2026	8	25	16	24	130.0	0.5	1.5					1018.2						
2026	8	25	16	18	110.0	1.0	2.1					1018.2						
2026	8	25	16	12		0.0	1.0					1018.2						
2026	8	25	16	6	130.0	0.5	1.5					1018.2						
2026	8	25	16	0	130.0	0.5	1.5					1018.3					1.3	
2026	8	25	15	54		0.0	1.5					1018.1						
2026	8	25	15	48	140.0	1.0	2.1					1018.1						
2026	8	25	15	42	130.0	1.0	2.1					1018.1						
2026	8	25	15	36	160.0	1.0	2.1					1018.1						
2026	8	25	15	30	130.0	1.0	2.1					1018.2						
2026	8	25	15	24	160.0	0.5	2.1					1018.2						
2026	8	25	15	18	150.0	1.0	2.1					1018.2						
2026	8	25	15	12	110.0	0.5	1.5					1018.2						
2026	8	25	15	6	130.0	0.5	1.5					1018.2						
2026	8	25	15	0	150.0	1.0	1.5					1018.2					1.5	
2026	8	25	14	54	150.0	0.5	1.5					1018.2						
2026	8	25	14	48		0.0	1.0					1018.1						
2026	8	25	14	42		0.0	1.0					1018.1						
2026	8	25	14	36	140.0	0.5	1.5					1018.0						
2026	8	25	14	30	150.0	0.5	1.5					1018.0						
2026	8	25	14	24		0.0	1.0					1017.9						
2026	8	25	14	18	120.0	0.5	2.1					1017.9						
2026	8	25	14	12	130.0	0.5	1.5					1017.8						
2026	8	25	14	6	190.0	0.5	1.5					1017.7						
2026	8	25	14	0		0.0	1.0					1017.6					1.4	
2026	8	25	13	54	10.0	0.5	1.0					1017.6						
2026	8	25	13	48	150.0	0.5	2.6					1017.5						
2026	8	25	13	42	100.0	0.5	1.5					1017.4						
2026	8	25	13	36	160.0	0.5	1.5					1017.3						
2026	8	25	13	30		0.0	2.1					1017.2						
2026	8	25	13	24	170.0	0.5	2.1					1017.1						
2026	8	25	13	18		0.0	1.0					1017.1						
2026	8	25	13	12	180.0	1.0	2.1					1017.0						
2026	8	25	13	6	90.0	0.5	2.1					1017.0						
2026	8	25	13	0	360.0	0.5	2.6					1017.0					0.6	
2026	8	25	12	54	130.0	1.5	3.1					1017.0						
2026	8	25	12	48	250.0	0.5	1.5					1016.8						
2026	8	25	12	42	50.0	0.5	3.1					1016.7						
2026	8	25	12	36	90.0	1.0	1.5					1016.7						
2026	8	25	12	30		0.0	1.5					1016.8						
2026	8	25	12	24	230.0	1.0	3.1					1016.7						
2026	8	25	12	18	20.0	0.5	2.1					1016.7						
2026	8	25	12	12	150.0	0.5	1.0					1016.7						
2026	8	25	12	6	80.0	0.5	1.0					1016.7						
2026	8	25	12	0		0.0	0.5					1016.7					0.3	
2026	8	25	11	54		0.0	0.5					1016.7						
2026	8	25	11	48	220.0	0.5	2.1					1016.6						
2026	8	25	11	42	210.0	0.5	1.5					1016.6						
2026	8	25	11	36	230.0	0.5	2.6					1016.5						
2026	8	25	11	30	220.0	1.0	1.5					1016.5						
2026	8	25	11	24	230.0	0.5	1.0					1016.4						
2026	8	25	11	18		0.0	0.5					1016.3						
2026	8	25	11	12		0.0	0.5					1016.3						
2026	8	25	11	6	260.0	0.5	1.0					1016.2						
2026	8	25	11	0		0.0	0.5					1016.2					0.0	
2026	8	25	10	54		0.0	1.5					1016.2						
2026	8	25	10	48		0.0	1.5					1016.3						
2026	8	25	10	42	270.0	0.5	1.0					1016.3						
2026	8	25	10	36		0.0	0.5					1016.3						
2026	8	25	10	30		0.0	0.5					1016.3						
2026	8	25	10	24		0.0	0.5					1016.2						
2026	8	25	10	18		0.0	0.5					1016.3						
2026	8	25	10	12		0.0	0.0					1016.3						
2026	8	25	10	6		0.0	0.5					1016.3						
2026	8	25	10	0		0.0	0.5					1016.4					0.3	
2026	8	25	9	54		0.0	0.5					1016.4						
2026	8	25	9	48		0.0	0.5					1016.4						
2026	8	25	9	42		0.0	0.5					1016.4						
2026	8	25	9	36		0.0	0.5					1016.4						
2026	8	25	9	30		0.0	0.5					1016.4						
2026	8	25	9	24		0.0	0.0					1016.5						
2026	8	25	9	18		0.0	0.5					1016.4						
2026	8	25	9	12		0.0	0.0					1016.4						
2026	8	25	9	6		0.0	0.5					1016.4						
2026	8	25	9	0		0.0	1.0					1016.4					0.3	
2026	8	25	8	54		0.0	1.0					1016.3						
2026	8	25	8	48		0.0	1.0					1016.3						
2026	8	25	8	42		0.0	0.5					1016.3						
2026	8	25	8	36		0.0	1.0					1016.3						
2026	8	25	8	30	80.0	0.5	1.0					1016.2						
2026	8	25	8	24		0.0	0.5					1016.3						
2026	8	25	8	18		0.0	0.5					1016.3						
2026	8	25	8	12		0.0	0.5					1016.3						
2026	8	25	8	6		0.0	0.5					1016.4						
2026	8	25	8	0		0.0	0.5					1016.3					0.0	
2026	8	25	7	54		0.0	1.0					1016.4						
2026	8	25	7	48		0.0	2.1					1016.5						
2026	8	25	7	42		0.0	2.1					1016.5						
2026	8	25	7	36		0.0	1.0					1016.4						
2026	8	25	7	30		0.0	1.0					1016.4						
2026	8	25	7	24	280.0	0.5	1.0					1016.4						
2026	8	25	7	18	290.0	0.5	1.5					1016.4						
2026	8	25	7	12		0.0	0.5					1016.3						
2026	8	25	7	6		0.0	0.0					1016.3						
2026	8	25	7	0		0.0	0.5					1016.1					0.3	
2026	8	25	6	54		0.0	0.5					1016.2						
2026	8	25	6	48	340.0	1.0	1.0					1016.2						
2026	8	25	6	42		0.0	1.5					1016.2						
2026	8	25	6	36		0.0	1.0					1016.2						
2026	8	25	6	30		0.0	0.5					1016.1						
2026	8	25	6	24		0.0	0.5					1016.1						
2026	8	25	6	18	90.0	0.5	1.0					1016.1						
2026	8	25	6	12	90.0	0.5	1.0					1016.1						
2026	8	25	6	6		0.0	0.5					1016.1						
2026	8	25	6	0		0.0	0.5					1016.1					0.7	
2026	8	25	5	54		0.0	1.0					1016.1						
2026	8	25	5	48	270.0	1.0	1.0					1016.1						
2026	8	25	5	42	180.0	1.0	2.1					1016.0						
2026	8	25	5	36	160.0	1.0	1.5					1016.0						
2026	8	25	5	30	160.0	0.5	1.5					1016.0						
2026	8	25	5	24		0.0	1.5					1016.1						
2026	8	25	5	18	130.0	1.0	1.5					1016.1						
2026	8	25	5	12	130.0	0.5	1.5					1016.1						
2026	8	25	5	6	120.0	1.0	1.5					1016.2						
2026	8	25	5	0	130.0	1.0	2.1					1016.2					1.1	
2026	8	25	4	54	160.0	1.5	2.1					1016.2						
2026	8	25	4	48	150.0	1.0	1.5					1016.1						
2026	8	25	4	42	150.0	1.0	2.1					1016.0						
2026	8	25	4	36	140.0	0.5	2.1					1016.0						
2026	8	25	4	30	170.0	1.0	2.6					1016.0						
2026	8	25	4	24	140.0	0.5	1.5					1015.9						
2026	8	25	4	18	130.0	0.5	2.1					1015.9						
2026	8	25	4	12	130.0	0.5	1.5					1015.9						
2026	8	25	4	6	320.0	0.5	1.0					1015.9						
2026	8	25	4	0		0.0	1.0					1015.8					1.0	
2026	8	25	3	54		0.0	1.5					1015.8						
2026	8	25	3	48		0.0	1.5					1015.7						
2026	8	25	3	42		0.0	1.0					1015.7						
2026	8	25	3	36		0.0	2.1					1015.6						
2026	8	25	3	30	230.0	1.0	2.1					1015.6						
2026	8	25	3	24	230.0	0.5	1.5					1015.5						
2026	8	25	3	18	200.0	1.0	2.6					1015.6						
2026	8	25	3	12		0.0	0.5					1015.5						
2026	8	25	3	6		0.0	0.5					1015.4						
2026	8	25	3	0	200.0	0.5	1.5					1015.4					1.1	
2026	8	25	2	54		0.0	1.0					1015.3						
2026	8	25	2	48		0.0	1.0					1015.3						
2026	8	25	2	42		0.0	1.0					1015.3						
2026	8	25	2	36		0.0	1.0					1015.3						
2026	8	25	2	30	220.0	1.0	1.5					1015.3						
2026	8	25	2	24	230.0	1.5	2.6					1015.2						
2026	8	25	2	18	230.0	1.0	2.1					1015.2						
2026	8	25	2	12	230.0	0.5	2.1					1015.2						
2026	8	25	2	6	230.0	1.0	2.1					1015.2						
2026	8	25	2	0	240.0	1.0	2.1					1015.1					1.1	
2026	8	25	1	54	240.0	1.0	2.6					1015.2						
2026	8	25	1	48	230.0	1.0	2.6					1015.1						
2026	8	25	1	42	230.0	1.0	2.6					1015.1						
2026	8	25	1	36	260.0	2.1	3.6					1015.0						
2026	8	25	1	30	250.0	1.5	3.1					1015.0						
2026	8	25	1	24	250.0	1.5	2.1					1015.0						
2026	8	25	1	18	250.0	2.6	3.1					1014.9						
2026	8	25	1	12	280.0	2.6	3.6					1014.8						
2026	8	25	1	6	290.0	2.6	3.6					1014.8						
2026	8	25	1	0	270.0	2.1	3.1					1014.8					0.9	
2026	8	25	0	54	300.0	2.1	3.1					1014.7						
2026	8	25	0	48	290.0	2.1	2.6					1014.7						
2026	8	25	0	42	290.0	2.1	3.1					1014.5						
2026	8	25	0	36	290.0	2.6	3.6					1014.6						
2026	8	25	0	30	290.0	3.1	3.6					1014.6						
2026	8	25	0	24	300.0	3.1	3.6					1014.4						
2026	8	25	0	18	290.0	3.6	4.1					1014.3						
2026	8	25	0	12	290.0	3.1	4.1					1014.3						
2026	8	25	0	6	290.0	3.6	4.1					1014.3						
2026	8	25	0	0	290.0	3.1	3.6					1014.3					0.3	
2026	8	24	23	54	290.0	3.1	3.6					1014.2						
2026	8	24	23	48	290.0	3.1	3.6					1014.2						
2026	8	24	23	42	290.0	3.6	4.1					1014.1						
2026	8	24	23	36	290.0	3.1	3.6					1014.1						
2026	8	24	23	30	280.0	2.6	2.6					1014.1						
2026	8	24	23	24	290.0	2.1	2.6					1014.0						
2026	8	24	23	18	310.0	2.1	3.6					1014.0						
2026	8	24	23	12	290.0	3.1	3.6					1014.0						
2026	8	24	23	6	280.0	2.6	3.6					1014.0						
2026	8	24	23	0	290.0	2.6	3.1					1014.0					0.0	
2026	8	24	22	54	300.0	2.1	2.6					1014.0						
2026	8	24	22	48	310.0	2.1	2.6					1014.0						
2026	8	24	22	42	320.0	2.1	3.6					1013.9						
2026	8	24	22	36	300.0	2.1	2.6					1013.9						
2026	8	24	22	30	290.0	2.6	3.6					1013.9						
2026	8	24	22	24	300.0	2.6	3.1					1014.0						
2026	8	24	22	18	310.0	2.6	3.1					1014.0						
2026	8	24	22	12	310.0	2.1	2.6					1014.0						
2026	8	24	22	6	300.0	2.1	2.6					1014.0						
2026	8	24	22	0	320.0	2.1	2.6					1013.9					0.0	
2026	8	24	21	54	300.0	2.1	2.6					1014.0						
2026	8	24	21	48	330.0	1.0	3.1					1014.0						
2026	8	24	21	42	310.0	2.6	3.1					1014.0						
2026	8	24	21	36	310.0	2.6	2.6					1014.0						
2026	8	24	21	30	310.0	2.1	2.6					1014.0						
2026	8	24	21	24	330.0	1.5	2.6					1014.0						
2026	8	24	21	18	340.0	2.6	3.6					1014.0						
2026	8	24	21	12	320.0	2.1	2.6					1014.0						
2026	8	24	21	6	320.0	1.5	2.6					1014.0						
2026	8	24	21	0	320.0	2.1	2.6					1014.0					0.5	
2026	8	24	20	54	330.0	1.5	2.6					1014.0						
2026	8	24	20	48	320.0	2.1	3.1					1014.0						
2026	8	24	20	42	330.0	2.6	3.1					1014.0						
2026	8	24	20	36	350.0	2.1	3.1					1014.0						
2026	8	24	20	30	330.0	2.6	3.1					1014.1						
2026	8	24	20	24	340.0	2.1	3.1					1014.1						
2026	8	24	20	18	350.0	2.6	3.1					1014.0						
2026	8	24	20	12	340.0	2.1	3.1					1014.1						
2026	8	24	20	6	330.0	2.6	3.6					1014.1						
2026	8	24	20	0	320.0	1.5	2.6					1014.1					0.5	
2026	8	24	19	54	330.0	2.1	2.6					1014.2						
2026	8	24	19	48	330.0	1.0	2.6					1014.2						
2026	8	24	19	42	330.0	1.5	2.1					1014.2						
2026	8	24	19	36	330.0	1.5	2.1					1014.3						
2026	8	24	19	30	320.0	1.0	1.5					1014.2						
2026	8	24	19	24	300.0	1.5	3.1					1014.1						
2026	8	24	19	18	330.0	2.1	3.6					1014.1						
2026	8	24	19	12	320.0	1.5	2.6					1014.0						
2026	8	24	19	6	320.0	2.6	2.6					1014.0						
2026	8	24	19	0	340.0	1.5	2.6					1014.0					0.3	
2026	8	24	18	54	340.0	2.1	2.6					1014.0						
2026	8	24	18	48	330.0	1.5	3.1					1014.0						
2026	8	24	18	42	330.0	1.5	3.1					1013.9						
2026	8	24	18	36	320.0	2.1	3.1					1014.0						
2026	8	24	18	30	320.0	2.6	3.1					1013.9						
2026	8	24	18	24	340.0	1.5	3.1					1013.9						
2026	8	24	18	18	340.0	2.1	3.1					1013.8						
2026	8	24	18	12	350.0	3.1	4.1					1013.7						
2026	8	24	18	6	340.0	1.0	3.1					1013.6						
2026	8	24	18	0	340.0	1.5	2.1					1013.5					-0.3	
2026	8	24	17	54	10.0	1.0	3.6					1013.6						
2026	8	24	17	48	360.0	1.0	3.6					1013.5						
2026	8	24	17	42	360.0	1.0	3.1					1013.5						
2026	8	24	17	36	350.0	1.5	2.6					1013.5						
2026	8	24	17	30	360.0	2.1	4.1					1013.6						
2026	8	24	17	24	340.0	2.1	4.1					1013.6						
2026	8	24	17	18	360.0	3.1	5.7					1013.6						
2026	8	24	17	12	30.0	2.6	4.6					1013.6						
2026	8	24	17	6	20.0	3.1	4.6					1013.6						
2026	8	24	17	0	360.0	2.1	3.6					1013.6					0.0	
2026	8	24	16	54	20.0	1.5	4.6					1013.6						
2026	8	24	16	48	30.0	2.1	3.6					1013.6						
2026	8	24	16	42	20.0	3.1	5.7					1013.6						
2026	8	24	16	36	30.0	3.6	6.2					1013.6						
2026	8	24	16	30	10.0	3.6	5.7					1013.6						
2026	8	24	16	24	30.0	3.1	5.1					1013.6						
2026	8	24	16	18	10.0	2.1	4.6					1013.6						
2026	8	24	16	12	20.0	4.1	5.7					1013.6						
2026	8	24	16	6	20.0	3.6	5.7					1013.7						
2026	8	24	16	0	20.0	3.1	5.1					1013.7					0.4	
2026	8	24	15	54	10.0	3.6	6.2					1013.7						
2026	8	24	15	48	20.0	4.1	5.1					1013.7						
2026	8	24	15	42	50.0	3.6	6.2					1013.6						
2026	8	24	15	36	20.0	4.1	5.7					1013.6						
2026	8	24	15	30	20.0	3.6	6.2					1013.7						
2026	8	24	15	24	30.0	3.6	5.1					1013.7						
2026	8	24	15	18	30.0	3.1	5.7					1013.8						
2026	8	24	15	12	30.0	3.6	5.7					1013.8						
2026	8	24	15	6	40.0	4.1	5.7					1013.8						
2026	8	24	15	0	20.0	4.6	5.7					1013.8					-0.0	
2026	8	24	14	54	20.0	3.6	5.1					1013.8						
2026	8	24	14	48	20.0	3.6	5.1					1013.7						
2026	8	24	14	42	360.0	3.6	5.1					1013.8						
2026	8	24	14	36	10.0	2.6	5.7					1013.8						
2026	8	24	14	30	20.0	3.6	5.1					1013.8						
2026	8	24	14	24	10.0	3.6	5.1					1013.7						
2026	8	24	14	18	20.0	2.6	5.1					1013.7						
2026	8	24	14	12	350.0	1.5	4.6					1013.6						
2026	8	24	14	6	20.0	4.6	5.7					1013.6						
2026	8	24	14	0	10.0	2.6	4.6					1013.6					-0.3	
2026	8	24	13	54	10.0	3.1	5.7					1013.6						
2026	8	24	13	48	10.0	4.1	5.7					1013.5						
2026	8	24	13	42	10.0	3.6	5.7					1013.4						
2026	8	24	13	36	360.0	2.1	4.6					1013.5						
2026	8	24	13	30	360.0	2.1	4.1					1013.3						
2026	8	24	13	24	10.0	2.6	4.6					1013.3						
2026	8	24	13	18	360.0	3.1	4.6					1013.3						
2026	8	24	13	12	360.0	2.6	4.1					1013.3						
2026	8	24	13	6	350.0	1.0	4.6					1013.3						
2026	8	24	13	0	10.0	3.6	5.1					1013.3					-0.9	
2026	8	24	12	54	10.0	3.1	5.1					1013.3						
2026	8	24	12	48	20.0	4.1	5.7					1013.3						
2026	8	24	12	42	360.0	3.1	4.6					1013.3						
2026	8	24	12	36	20.0	1.5	4.1					1013.4						
2026	8	24	12	30	20.0	2.6	4.6					1013.4						
2026	8	24	12	24	360.0	3.1	4.6					1013.5						
2026	8	24	12	18	20.0	2.6	4.1					1013.5						
2026	8	24	12	12	40.0	2.1	4.1					1013.6						
2026	8	24	12	6	20.0	2.1	4.1					1013.7						
2026	8	24	12	0	30.0	4.1	5.1					1013.7					-1.0	
2026	8	24	11	54	10.0	3.6	5.7					1013.8						
2026	8	24	11	48	10.0	3.1	6.2					1013.8						
2026	8	24	11	42	10.0	3.6	6.2					1013.8						
2026	8	24	11	36	30.0	3.6	5.7					1013.8						
2026	8	24	11	30	20.0	4.1	7.7					1013.8						
2026	8	24	11	24	20.0	4.1	6.7					1013.9						
2026	8	24	11	18	360.0	3.6	5.7					1013.9						
2026	8	24	11	12	360.0	4.1	7.2					1013.8						
2026	8	24	11	6	360.0	2.6	6.2					1013.9						
2026	8	24	11	0	10.0	4.6	6.7					1013.9					-1.0	
2026	8	24	10	54	20.0	4.6	5.7					1014.0						
2026	8	24	10	48	20.0	3.6	5.1					1014.0						
2026	8	24	10	42	20.0	3.6	5.1					1014.0						
2026	8	24	10	36	10.0	4.1	5.1					1014.0						
2026	8	24	10	30	10.0	3.1	6.2					1014.1						
2026	8	24	10	24	10.0	3.6	6.2					1014.1						
2026	8	24	10	18	10.0	3.6	5.1					1014.1						
2026	8	24	10	12	10.0	2.6	4.1					1014.2						
2026	8	24	10	6	30.0	2.6	5.7					1014.2						
2026	8	24	10	0	20.0	3.6	6.2					1014.2					-1.2	
2026	8	24	9	54	10.0	3.6	5.7					1014.2						
2026	8	24	9	48	20.0	4.1	5.7					1014.4						
2026	8	24	9	42	20.0	3.1	5.7					1014.5						
2026	8	24	9	36	20.0	3.1	5.7					1014.5						
2026	8	24	9	30	10.0	3.1	6.2					1014.5						
2026	8	24	9	24	360.0	4.1	7.2					1014.4						
2026	8	24	9	18	360.0	4.6	6.2					1014.4						
2026	8	24	9	12	360.0	4.1	6.2					1014.6						
2026	8	24	9	6	360.0	3.1	6.2					1014.7						
2026	8	24	9	0	360.0	3.1	6.2					1014.7					-1.0	
2026	8	24	8	54	360.0	3.6	5.7					1014.7						
2026	8	24	8	48	360.0	3.1	6.2					1014.8						
2026	8	24	8	42	360.0	3.6	5.7					1014.7						
2026	8	24	8	36	360.0	3.1	5.7					1014.7						
2026	8	24	8	30	20.0	2.6	5.7					1014.8						
2026	8	24	8	24	10.0	2.6	4.6					1014.9						
2026	8	24	8	18	20.0	3.6	4.6					1014.9						
2026	8	24	8	12	10.0	3.6	5.7					1014.9						
2026	8	24	8	6	10.0	2.6	5.1					1015.0						
2026	8	24	8	0	20.0	3.6	5.1					1014.9					-1.1	
2026	8	24	7	54	30.0	3.6	5.1					1014.9						
2026	8	24	7	48	10.0	4.1	6.2					1015.0						
2026	8	24	7	42	10.0	3.6	5.1					1015.0						
2026	8	24	7	36	20.0	3.6	5.1					1015.1						
2026	8	24	7	30	30.0	3.1	6.2					1015.1						
2026	8	24	7	24	40.0	3.6	5.1					1015.2						
2026	8	24	7	18	30.0	4.1	6.2					1015.3						
2026	8	24	7	12	20.0	3.6	6.7					1015.3						
2026	8	24	7	6	20.0	3.6	6.7					1015.3						
2026	8	24	7	0	10.0	5.7	7.7					1015.4					-1.0	
2026	8	24	6	54	10.0	4.6	6.7					1015.4						
2026	8	24	6	48	20.0	4.1	7.7					1015.4						
2026	8	24	6	42	10.0	4.1	7.2					1015.5						
2026	8	24	6	36	20.0	4.1	7.2					1015.6						
2026	8	24	6	30	20.0	5.1	7.7					1015.7						
2026	8	24	6	24	10.0	5.1	7.2					1015.6						
2026	8	24	6	18	10.0	4.1	6.7					1015.6						
2026	8	24	6	12	10.0	4.6	6.2					1015.7						
2026	8	24	6	6	10.0	5.7	6.7					1015.7						
2026	8	24	6	0	10.0	4.6	7.2					1015.7					-0.8	
2026	8	24	5	54	10.0	4.6	6.7					1015.7						
2026	8	24	5	48	10.0	4.1	6.2					1015.8						
2026	8	24	5	42	10.0	4.1	6.2					1015.8						
2026	8	24	5	36	10.0	4.6	6.2					1015.9						
2026	8	24	5	30	10.0	5.1	7.2					1015.9						
2026	8	24	5	24	10.0	4.6	7.2					1016.0						
2026	8	24	5	18	360.0	4.6	7.2					1016.1						
2026	8	24	5	12	10.0	6.2	8.2					1016.1						
2026	8	24	5	6	360.0	5.1	8.2					1016.0						
2026	8	24	5	0	10.0	6.2	9.3					1016.0					-0.8	
2026	8	24	4	54	10.0	6.7	9.3					1016.0						
2026	8	24	4	48	20.0	7.2	10.3					1016.1						
2026	8	24	4	42	20.0	5.1	7.7					1016.2						
2026	8	24	4	36	20.0	6.7	9.8					1016.2						
2026	8	24	4	30	20.0	7.2	9.3					1016.3						
2026	8	24	4	24	20.0	5.7	9.3					1016.4						
2026	8	24	4	18	20.0	6.2	8.8					1016.4						
2026	8	24	4	12	10.0	6.2	8.8					1016.4						
2026	8	24	4	6	10.0	5.1	7.7					1016.4						
2026	8	24	4	0	20.0	6.2	9.3					1016.4					-1.0	
2026	8	24	3	54	20.0	4.6	6.7					1016.5						
2026	8	24	3	48	10.0	4.1	7.2					1016.4						
2026	8	24	3	42	20.0	5.7	9.3					1016.5						
2026	8	24	3	36	20.0	5.1	8.2					1016.5						
2026	8	24	3	30	20.0	4.1	7.7					1016.5						
2026	8	24	3	24	10.0	4.6	6.7					1016.5						
2026	8	24	3	18	20.0	4.1	5.7					1016.5						
2026	8	24	3	12	20.0	5.1	7.2					1016.6						
2026	8	24	3	6	30.0	4.6	8.2					1016.5						
2026	8	24	3	0	20.0	5.7	7.7					1016.5					-1.3	
2026	8	24	2	54	10.0	5.1	6.7					1016.5						
2026	8	24	2	48	20.0	3.6	6.2					1016.5						
2026	8	24	2	42	10.0	3.6	6.7					1016.6						
2026	8	24	2	36	20.0	5.7	7.7					1016.6						
2026	8	24	2	30	10.0	5.1	7.2					1016.6						
2026	8	24	2	24	20.0	4.1	6.2					1016.7						
2026	8	24	2	18	30.0	4.6	6.7					1016.8						
2026	8	24	2	12	20.0	4.1	6.2					1016.8						
2026	8	24	2	6	10.0	4.6	6.7					1016.8						
2026	8	24	2	0	10.0	6.2	8.2					1016.8					-1.5	
2026	8	24	1	54	10.0	3.6	5.7					1016.9						
2026	8	24	1	48	10.0	4.1	7.2					1017.0						
2026	8	24	1	42	10.0	5.1	7.7					1017.1						
2026	8	24	1	36	360.0	4.1	7.7					1017.2						
2026	8	24	1	30	360.0	4.6	7.2					1017.2						
2026	8	24	1	24	10.0	4.6	6.7					1017.3						
2026	8	24	1	18	10.0	4.1	7.2					1017.4						
2026	8	24	1	12	360.0	4.1	7.7					1017.4						
2026	8	24	1	6	360.0	3.6	6.7					1017.4						
2026	8	24	1	0	360.0	4.1	7.2					1017.4					-1.3	
2026	8	24	0	54	360.0	5.1	7.7					1017.4						
2026	8	24	0	48	360.0	4.6	7.7					1017.4						
2026	8	24	0	42	360.0	4.6	7.7					1017.4						
2026	8	24	0	36	360.0	5.1	7.2					1017.5						
2026	8	24	0	30	10.0	4.6	7.7					1017.6						
2026	8	24	0	24	360.0	4.1	7.7					1017.5						
2026	8	24	0	18	360.0	5.1	7.7					1017.5						
2026	8	24	0	12	360.0	6.2	8.2					1017.6						
2026	8	24	0	6	10.0	5.1	8.8					1017.7						
2026	8	24	0	0	360.0	5.7	8.2					1017.8					-1.5	
2026	8	23	23	54	10.0	5.7	8.8					1017.8						
2026	8	23	23	48	360.0	4.1	7.7					1017.9						
2026	8	23	23	42	360.0	5.1	8.2					1018.0						
2026	8	23	23	36	360.0	5.1	8.2					1018.0						
2026	8	23	23	30	10.0	5.7	8.2					1018.0						
2026	8	23	23	24	360.0	5.7	9.3					1018.0						
2026	8	23	23	18	360.0	3.6	8.8					1018.0						
2026	8	23	23	12	360.0	4.6	8.8					1018.1						
2026	8	23	23	6	360.0	5.7	7.7					1018.2						
2026	8	23	23	0	360.0	5.1	8.8					1018.3					-1.4	
2026	8	23	22	54	360.0	6.7	8.2					1018.3						
2026	8	23	22	48	360.0	5.7	8.8					1018.4						
2026	8	23	22	42	360.0	5.7	8.8					1018.4						
2026	8	23	22	36	360.0	6.2	8.8					1018.3						
2026	8	23	22	30	360.0	5.1	7.2					1018.5						
2026	8	23	22	24	360.0	4.6	7.7					1018.6						
2026	8	23	22	18	360.0	5.1	7.7					1018.7						
2026	8	23	22	12	360.0	4.6	7.7					1018.7						
2026	8	23	22	6	360.0	5.1	7.2					1018.7						
2026	8	23	22	0	360.0	5.7	7.7					1018.7					-1.7	
2026	8	23	21	54	360.0	5.7	7.7					1018.8						
2026	8	23	21	48	360.0	5.1	8.2					1018.8						
2026	8	23	21	42	360.0	5.7	8.2					1018.9						
2026	8	23	21	36	360.0	6.7	8.2					1019.0						
2026	8	23	21	30	350.0	6.7	8.8					1019.0						
2026	8	23	21	24	350.0	6.2	7.2					1019.0						
2026	8	23	21	18	350.0	6.2	7.2					1019.1						
2026	8	23	21	12	350.0	5.7	6.7					1019.2						
2026	8	23	21	6	350.0	5.7	6.7					1019.3						
2026	8	23	21	0	350.0	6.2	7.2					1019.3					-1.3	
2026	8	23	20	54	350.0	6.2	7.2					1019.4						
2026	8	23	20	48	350.0	6.2	7.7					1019.4						
2026	8	23	20	42	360.0	5.7	6.2					1019.5						
2026	8	23	20	36	360.0	5.1	6.2					1019.5						
2026	8	23	20	30	360.0	4.6	6.7					1019.6						
2026	8	23	20	24	360.0	4.1	6.7					1019.6						
2026	8	23	20	18	360.0	4.6	6.2					1019.6						
2026	8	23	20	12	360.0	5.1	6.2					1019.7						
2026	8	23	20	6	360.0	4.6	6.7					1019.7						
2026	8	23	20	0	360.0	4.6	5.7					1019.7					-0.9	
2026	8	23	19	54	360.0	4.6	6.7					1019.7						
2026	8	23	19	48	360.0	4.6	6.2					1019.7						
2026	8	23	19	42	360.0	3.1	5.7					1019.8						
2026	8	23	19	36	360.0	3.6	6.2					1019.8						
2026	8	23	19	30	360.0	4.1	6.2					1019.8						
2026	8	23	19	24	360.0	3.6	6.2					1019.9						
2026	8	23	19	18	360.0	3.6	5.1					1020.0						
2026	8	23	19	12	360.0	3.6	5.1					1020.2						
2026	8	23	19	6	360.0	3.1	5.1					1020.3						
2026	8	23	19	0	360.0	3.1	4.6					1020.4					0.0	
2026	8	23	18	54	360.0	2.6	5.1					1020.5						
2026	8	23	18	48	10.0	2.6	4.6					1020.6						
2026	8	23	18	42	10.0	2.6	4.6					1020.7						
2026	8	23	18	36	360.0	2.6	4.6					1020.7						
2026	8	23	18	30	10.0	2.6	3.6					1020.7						
2026	8	23	18	24	360.0	2.6	4.1					1020.7						
2026	8	23	18	18	360.0	2.6	3.6					1020.7						
2026	8	23	18	12	350.0	2.6	3.6					1020.7						
2026	8	23	18	6	350.0	2.6	3.1					1020.7						
2026	8	23	18	0	360.0	2.6	3.1					1020.6					0.3	
2026	8	23	17	54	350.0	2.6	3.6					1020.7						
2026	8	23	17	48	350.0	3.1	3.6					1020.7						
2026	8	23	17	42	350.0	2.6	3.6					1020.6						
2026	8	23	17	36	350.0	2.6	3.6					1020.6						
2026	8	23	17	30	350.0	3.1	3.6					1020.6						
2026	8	23	17	24	350.0	3.1	3.6					1020.6						
2026	8	23	17	18	340.0	3.1	3.6					1020.6						
2026	8	23	17	12	350.0	3.1	3.6					1020.5						
2026	8	23	17	6	340.0	3.1	3.6					1020.6						
2026	8	23	17	0	340.0	3.1	3.6					1020.6					0.6	
2026	8	23	16	54	350.0	3.1	3.6					1020.6						
2026	8	23	16	48	350.0	3.1	3.1					1020.6						
2026	8	23	16	42	340.0	2.1	2.6					1020.7						
2026	8	23	16	36	350.0	1.5	2.1					1020.6						
2026	8	23	16	30	340.0	1.5	1.5					1020.7						
2026	8	23	16	24		0.0	1.0					1020.6						
2026	8	23	16	18	40.0	1.0	1.5					1020.6						
2026	8	23	16	12	50.0	1.0	1.5					1020.6						
2026	8	23	16	6	40.0	1.0	1.0					1020.6						
2026	8	23	16	0	50.0	1.0	1.0					1020.6					0.7	
2026	8	23	15	54	70.0	1.0	1.5					1020.6						
2026	8	23	15	48	60.0	1.0	1.0					1020.6						
2026	8	23	15	42	80.0	1.0	1.5					1020.6						
2026	8	23	15	36		0.0	1.5					1020.5						
2026	8	23	15	30	110.0	1.5	1.5					1020.5						
2026	8	23	15	24	110.0	0.5	2.1					1020.5						
2026	8	23	15	18	120.0	1.0	2.1					1020.5						
2026	8	23	15	12	90.0	1.5	2.1					1020.4						
2026	8	23	15	6	100.0	1.5	1.5					1020.4						
2026	8	23	15	0	80.0	1.0	1.5					1020.3					0.4	
2026	8	23	14	54	100.0	0.5	1.0					1020.3						
2026	8	23	14	48	100.0	0.5	1.0					1020.3						
2026	8	23	14	42	110.0	0.5	1.0					1020.3						
2026	8	23	14	36		0.0	0.5					1020.2						
2026	8	23	14	30		0.0	1.0					1020.2						
2026	8	23	14	24	90.0	1.0	1.0					1020.2						
2026	8	23	14	18		0.0	1.0					1020.2						
2026	8	23	14	12	150.0	0.5	1.0					1020.1						
2026	8	23	14	6	130.0	0.5	1.5					1020.1						
2026	8	23	14	0	130.0	1.0	1.0					1020.0					0.0	
2026	8	23	13	54		0.0	0.0					1019.9						
2026	8	23	13	48		0.0	0.0					1019.9						
2026	8	23	13	42		0.0	0.0					1019.9						
2026	8	23	13	36		0.0	0.5					1019.8						
2026	8	23	13	30		0.0	0.5					1019.8						
2026	8	23	13	24		0.0	0.0					1019.9						
2026	8	23	13	18		0.0	0.0					1019.9						
2026	8	23	13	12		0.0	0.5					1019.9						
2026	8	23	13	6		0.0	0.5					1019.9						
2026	8	23	13	0		0.0	0.5					1019.9					0.0	
2026	8	23	12	54		0.0	0.5					1019.8						
2026	8	23	12	48	100.0	0.5	0.5					1019.8						
2026	8	23	12	42		0.0	0.0					1019.8						
2026	8	23	12	36		0.0	0.0					1019.8						
2026	8	23	12	30		0.0	0.5					1019.8						
2026	8	23	12	24	280.0	0.5	1.0					1019.8						
2026	8	23	12	18		0.0	0.0					1019.8						
2026	8	23	12	12		0.0	0.0					1019.8						
2026	8	23	12	6		0.0	0.0					1019.9						
2026	8	23	12	0		0.0	0.5					1019.9					0.0	
2026	8	23	11	54	160.0	0.5	1.0					1019.9						
2026	8	23	11	48	180.0	0.5	1.0					1019.9						
2026	8	23	11	42	190.0	0.5	1.5					1019.8						
2026	8	23	11	36								1019.8						
2026	8	23	11	30								1019.8						
2026	8	23	11	24								1019.8						
2026	8	23	11	18								1019.8						
2026	8	23	11	12								1019.9						
2026	8	23	11	6								1019.8						
2026	8	23	11	0								1019.8					-0.3	
2026	8	23	10	54								1019.8						
2026	8	23	10	48								1019.8						
2026	8	23	10	42								1019.8						
2026	8	23	10	36	160.0	1.5	2.6					1019.8						
2026	8	23	10	30	150.0	1.0	2.1					1019.7						
2026	8	23	10	24	130.0	1.0	2.1					1019.7						
2026	8	23	10	18	130.0	1.0	1.0					1019.8						
2026	8	23	10	12	140.0	0.5	2.1					1019.8						
2026	8	23	10	6	140.0	0.5	2.1					1019.8						
2026	8	23	10	0	140.0	0.5	1.0					1019.8					-0.3	
2026	8	23	9	54	130.0	0.5	2.1					1019.8						
2026	8	23	9	48	130.0	0.5	1.0					1019.8						
2026	8	23	9	42		0.0	0.0					1019.9						
2026	8	23	9	36		0.0	1.0					1019.8						
2026	8	23	9	30		0.0	0.5					1019.8						
2026	8	23	9	24		0.0	0.5					1019.8						
2026	8	23	9	18		0.0	0.5					1019.8						
2026	8	23	9	12		0.0	0.5					1019.9						
2026	8	23	9	6		0.0	0.0					1019.9						
2026	8	23	9	0		0.0	0.5					1019.9					0.0	
2026	8	23	8	54	170.0	0.5	1.0					1020.0						
2026	8	23	8	48		0.0	1.0					1020.0						
2026	8	23	8	42		0.0	0.5					1020.1						
2026	8	23	8	36		0.0	0.5					1020.1						
2026	8	23	8	30		0.0	0.5					1020.1						
2026	8	23	8	24		0.0	0.5					1020.1						
2026	8	23	8	18		0.0	1.0					1020.1						
2026	8	23	8	12		0.0	0.5					1020.2						
2026	8	23	8	6		0.0	1.0					1020.2						
2026	8	23	8	0		0.0	0.5					1020.1					-0.3	
2026	8	23	7	54		0.0	1.0					1020.2						
2026	8	23	7	48		0.0	1.0					1020.2						
2026	8	23	7	42		0.0	1.5					1020.2						
2026	8	23	7	36	250.0	0.5	1.5					1020.1						
2026	8	23	7	30	190.0	0.5	1.5					1020.2						
2026	8	23	7	24		0.0	1.5					1020.1						
2026	8	23	7	18		0.0	0.5					1020.1						
2026	8	23	7	12	180.0	0.5	1.5					1020.1						
2026	8	23	7	6		0.0	1.0					1020.1						
2026	8	23	7	0		0.0	2.1					1020.1					0.0	
2026	8	23	6	54		0.0	1.5					1020.1						
2026	8	23	6	48	180.0	0.5	1.5					1020.1						
2026	8	23	6	42		0.0	2.1					1020.0						
2026	8	23	6	36		0.0	1.0					1020.0						
2026	8	23	6	30		0.0	1.5					1020.0						
2026	8	23	6	24		0.0	1.0					1020.0						
2026	8	23	6	18		0.0	0.5					1020.0						
2026	8	23	6	12		0.0	1.0					1020.1						
2026	8	23	6	6		0.0	1.0					1020.1						
2026	8	23	6	0		0.0	1.0					1020.1					0.0	
2026	8	23	5	54		0.0	1.5					1020.1						
2026	8	23	5	48	140.0	0.5	1.5					1020.1						
2026	8	23	5	42	190.0	0.5	2.1					1020.1						
2026	8	23	5	36	140.0	1.0	2.1					1020.1						
2026	8	23	5	30	150.0	0.5	2.1					1020.2						
2026	8	23	5	24		0.0	1.0					1020.2						
2026	8	23	5	18	150.0	0.5	2.1					1020.3						
2026	8	23	5	12		0.0	2.1					1020.3						
2026	8	23	5	6	180.0	0.5	2.1					1020.3						
2026	8	23	5	0		0.0	2.1					1020.4					0.5	
2026	8	23	4	54	190.0	1.0	3.1					1020.3						
2026	8	23	4	48	200.0	0.5	1.5					1020.3						
2026	8	23	4	42	150.0	1.0	2.1					1020.3						
2026	8	23	4	36		0.0	1.0					1020.2						
2026	8	23	4	30	160.0	0.5	2.6					1020.3						
2026	8	23	4	24	150.0	0.5	2.1					1020.3						
2026	8	23	4	18		0.0	2.1					1020.3						
2026	8	23	4	12		0.0	1.5					1020.2						
2026	8	23	4	6	110.0	0.5	1.5					1020.2						
2026	8	23	4	0		0.0	1.0					1020.2					-0.0	
2026	8	23	3	54	90.0	0.5	1.0					1020.1						
2026	8	23	3	48		0.0	1.0					1020.0						
2026	8	23	3	42	170.0	0.5	1.5					1020.0						
2026	8	23	3	36		0.0	2.1					1020.0						
2026	8	23	3	30	180.0	0.5	1.5					1020.0						
2026	8	23	3	24		0.0	1.5					1019.9						
2026	8	23	3	18	110.0	0.5	2.6					1019.9						
2026	8	23	3	12	190.0	1.0	2.6					1019.9						
2026	8	23	3	6	180.0	1.0	2.6					1019.9						
2026	8	23	3	0	200.0	1.5	2.6					1019.9					0.0	
2026	8	23	2	54	170.0	1.0	2.1					1019.8						
2026	8	23	2	48	180.0	1.5	3.1					1019.8						
2026	8	23	2	42	190.0	1.0	2.6					1019.8						
2026	8	23	2	36	210.0	0.5	2.1					1019.9						
2026	8	23	2	30	220.0	1.5	2.6					1019.9						
2026	8	23	2	24	220.0	1.5	2.6					1019.8						
2026	8	23	2	18	220.0	0.5	1.5					1019.8						
2026	8	23	2	12	230.0	1.0	2.1					1019.8						
2026	8	23	2	6	160.0	0.5	3.1					1019.8						
2026	8	23	2	0	150.0	1.0	2.6					1019.9					0.0	
2026	8	23	1	54	190.0	1.0	2.1					1019.9						
2026	8	23	1	48	190.0	1.0	2.6					1019.9						
2026	8	23	1	42	200.0	1.5	3.1					1019.9						
2026	8	23	1	36	210.0	1.0	2.6					1019.9						
2026	8	23	1	30	220.0	1.0	4.1					1019.8						
2026	8	23	1	24	230.0	1.5	3.1					1019.9						
2026	8	23	1	18	220.0	1.0	3.1					1019.9						
2026	8	23	1	12	220.0	1.5	3.6					1019.9						
2026	8	23	1	6	240.0	1.5	3.6					1020.0						
2026	8	23	1	0	220.0	1.5	4.1					1020.0					-0.3	
2026	8	23	0	54	210.0	2.1	3.6					1020.0						
2026	8	23	0	48	200.0	1.0	3.6					1020.0						
2026	8	23	0	42	190.0	1.5	3.6					1020.0						
2026	8	23	0	36	190.0	1.0	3.1					1020.1						
2026	8	23	0	30	210.0	1.5	3.1					1020.1						
2026	8	23	0	24	210.0	2.1	4.1					1020.1						
2026	8	23	0	18	220.0	1.5	3.1					1020.1						
2026	8	23	0	12	250.0	1.5	4.6					1020.1						
2026	8	23	0	6	240.0	2.1	4.1					1020.1						
2026	8	23	0	0	240.0	2.1	4.1					1020.0					0.0	
2026	8	22	23	54	220.0	2.1	4.1					1020.0						
2026	8	22	23	48	250.0	1.5	3.6					1020.0						
2026	8	22	23	42	210.0	1.5	3.6					1020.1						
2026	8	22	23	36	210.0	1.5	5.7					1020.1						
2026	8	22	23	30	210.0	1.5	3.6					1020.1						
2026	8	22	23	24	250.0	2.1	3.6					1020.1						
2026	8	22	23	18	200.0	1.0	2.6					1020.1						
2026	8	22	23	12	210.0	1.0	3.6					1020.1						
2026	8	22	23	6	230.0	1.5	3.6					1020.0						
2026	8	22	23	0	230.0	2.1	4.6					1020.0						
2026	8	22	22	54	250.0	3.1	5.1					1020.0						
2026	8	22	22	48	240.0	2.6	4.6					1020.0						
2026	8	22	22	42	230.0	3.1	6.2					1020.0						
2026	8	22	22	36	230.0	2.6	4.6					1020.1						
2026	8	22	22	30	230.0	2.1	5.1					1020.1						
2026	8	22	22	24	240.0	2.6	4.6					1020.0						
2026	8	22	22	18	220.0	2.6	5.1					1020.0						
2026	8	22	22	12	240.0	2.6	4.1					1020.2						
2026	8	22	22	6	250.0	2.1	3.6					1020.2						
2026	8	22	22	0	230.0	1.5	3.6					1020.3					0.0	
2026	8	22	21	54	230.0	1.5	4.6					1020.3						
2026	8	22	21	48	260.0	1.5	4.6					1020.3						
2026	8	22	21	42	250.0	2.6	5.7					1020.2						
2026	8	22	21	36	230.0	2.6	5.7					1020.2						
2026	8	22	21	30	240.0	2.6	4.6					1020.2						
2026	8	22	21	24	230.0	3.1	5.7					1020.2						
2026	8	22	21	18	220.0	2.6	4.6					1020.2						
2026	8	22	21	12	230.0	2.1	4.1					1020.2						
2026	8	22	21	6	220.0	2.6	4.6					1020.1						
2026	8	22	21	0	230.0	2.1	4.1					1020.2					0.0	
2026	8	22	20	54	210.0	1.0	3.1					1020.1						
2026	8	22	20	48	220.0	2.1	3.6					1020.2						
2026	8	22	20	42	240.0	2.1	4.6					1020.2						
2026	8	22	20	36	230.0	2.1	4.6											
2026	8	22	20	30	210.0	2.1	6.2											
2026	8	22	20	24	230.0	2.1	5.7											
2026	8	22	20	18	250.0	2.6	4.6											
2026	8	22	20	12	230.0	2.1	4.6											
2026	8	22	20	6	200.0	2.1	4.6											
2026	8	22	20	0	190.0	1.5	6.2											
2026	8	22	19	54	210.0	1.0	4.6											
2026	8	22	19	48	230.0	1.5	3.1											
2026	8	22	19	42	240.0	1.0	5.1											
2026	8	22	19	36	230.0	1.5	4.6					1020.1						
2026	8	22	19	30	220.0	2.1	4.1					1020.1						
2026	8	22	19	24	220.0	2.1	4.6					1020.1						
2026	8	22	19	18	220.0	1.0	4.1					1020.1						
2026	8	22	19	12	200.0	1.0	3.1					1020.2						
2026	8	22	19	6	240.0	2.6	4.6					1020.1						
2026	8	22	19	0	230.0	1.5	4.1					1020.1					0.8	
2026	8	22	18	54	220.0	2.1	4.6					1020.1						
2026	8	22	18	48	220.0	0.5	2.6					1020.1						
2026	8	22	18	42	210.0	1.5	4.1					1020.1						
2026	8	22	18	36	170.0	1.0	4.1					1020.1						
2026	8	22	18	30	190.0	1.5	4.6					1020.1						
2026	8	22	18	24	200.0	2.1	4.1					1020.1						
2026	8	22	18	18	210.0	1.0	2.1					1020.0						
2026	8	22	18	12	120.0	1.5	3.1					1020.0						
2026	8	22	18	6	140.0	1.0	4.6					1020.0						
2026	8	22	18	0	190.0	1.5	3.1					1020.0					0.8	
2026	8	22	17	54	140.0	1.0	4.6					1019.9						
2026	8	22	17	48	220.0	1.5	2.6					1020.0						
2026	8	22	17	42	200.0	1.0	3.1					1019.9						
2026	8	22	17	36	180.0	1.5	3.1					1019.9						
2026	8	22	17	30	190.0	1.0	2.6					1019.8						
2026	8	22	17	24	230.0	1.5	2.6					1019.7						
2026	8	22	17	18	240.0	0.5	2.6					1019.6						
2026	8	22	17	12	210.0	1.0	2.6					1019.5						
2026	8	22	17	6	260.0	0.5	1.5					1019.4						
2026	8	22	17	0		0.0	1.5					1019.4					0.6	
2026	8	22	16	54	220.0	1.0	3.1					1019.4						
2026	8	22	16	48	70.0	0.5	1.5					1019.4						
2026	8	22	16	42	310.0	0.5	2.6					1019.4						
2026	8	22	16	36	90.0	0.5	2.6					1019.3						
2026	8	22	16	30	180.0	1.0	3.6					1019.3						
2026	8	22	16	24	280.0	1.0	2.6					1019.3						
2026	8	22	16	18	210.0	1.0	3.1					1019.4						
2026	8	22	16	12	170.0	1.5	3.1					1019.3						
2026	8	22	16	6	160.0	1.5	2.6					1019.3						
2026	8	22	16	0	180.0	2.1	4.1					1019.3					1.0	
2026	8	22	15	54	360.0	1.5	4.1					1019.2						
2026	8	22	15	48	180.0	0.5	2.6					1019.2						
2026	8	22	15	42		0.0	2.6					1019.2						
2026	8	22	15	36	150.0	0.5	1.5					1019.2						
2026	8	22	15	30	150.0	1.0	3.1					1019.1						
2026	8	22	15	24	130.0	1.5	2.6					1019.2						
2026	8	22	15	18	140.0	0.5	2.6					1019.1						
2026	8	22	15	12	130.0	1.0	3.1					1019.1						
2026	8	22	15	6	130.0	1.0	2.6					1019.2						
2026	8	22	15	0	140.0	1.0	2.6					1019.2					0.9	
2026	8	22	14	54		0.0	1.5					1019.2						
2026	8	22	14	48	110.0	0.5	1.5					1019.2						
2026	8	22	14	42	150.0	1.0	2.1					1019.2						
2026	8	22	14	36	120.0	1.0	1.5					1019.2						
2026	8	22	14	30	110.0	0.5	1.5					1019.1						
2026	8	22	14	24	90.0	0.5	1.5					1019.1						
2026	8	22	14	18		0.0	1.5					1019.1						
2026	8	22	14	12		0.0	1.0					1019.0						
2026	8	22	14	6		0.0	1.0					1018.9						
2026	8	22	14	0		0.0	1.5					1018.8					0.5	
2026	8	22	13	54	150.0	1.0	1.5					1018.8						
2026	8	22	13	48		0.0	1.5					1018.7						
2026	8	22	13	42	180.0	0.5	2.1					1018.7						
2026	8	22	13	36		0.0	1.5					1018.6						
2026	8	22	13	30		0.0	1.5					1018.6						
2026	8	22	13	24	110.0	0.5	1.5					1018.5						
2026	8	22	13	18		0.0	1.5					1018.4						
2026	8	22	13	12	100.0	1.0	2.1					1018.3						
2026	8	22	13	6	110.0	0.5	2.6					1018.2						
2026	8	22	13	0		0.0	1.5					1018.3					0.3	
2026	8	22	12	54		0.0	1.0					1018.2						
2026	8	22	12	48		0.0	1.0					1018.3						
2026	8	22	12	42	110.0	0.5	1.5					1018.3						
2026	8	22	12	36	90.0	0.5	1.5					1018.3						
2026	8	22	12	30	110.0	1.0	1.5					1018.3						
2026	8	22	12	24		0.0	0.5					1018.2						
2026	8	22	12	18		0.0	1.5					1018.2						
2026	8	22	12	12		0.0	1.5					1018.3						
2026	8	22	12	6	120.0	0.5	2.1					1018.3						
2026	8	22	12	0	130.0	1.0	2.1					1018.3					0.3	
2026	8	22	11	54		0.0	1.5					1018.2						
2026	8	22	11	48	60.0	0.5	1.0					1018.3						
2026	8	22	11	42	160.0	0.5	1.0					1018.4						
2026	8	22	11	36	90.0	0.5	2.1					1018.4						
2026	8	22	11	30	90.0	1.0	2.1					1018.5						
2026	8	22	11	24	140.0	0.5	1.5					1018.5						
2026	8	22	11	18	190.0	0.5	2.1					1018.5						
2026	8	22	11	12	180.0	0.5	1.5					1018.5						
2026	8	22	11	6		0.0	0.5					1018.3						
2026	8	22	11	0		0.0	1.0					1018.3					-0.0	
2026	8	22	10	54		0.0	2.1					1018.2						
2026	8	22	10	48		0.0	1.0					1018.1						
2026	8	22	10	42	110.0	0.5	1.0					1018.0						
2026	8	22	10	36		0.0	1.0					1018.1						
2026	8	22	10	30		0.0	1.5					1018.1						
2026	8	22	10	24		0.0	1.0					1018.1						
2026	8	22	10	18	70.0	0.5	1.0					1018.1						
2026	8	22	10	12		0.0	1.0					1018.0						
2026	8	22	10	6		0.0	1.5					1018.0						
2026	8	22	10	0		0.0	1.5					1018.0					0.0	
2026	8	22	9	54		0.0	1.0					1018.0						
2026	8	22	9	48		0.0	1.0					1017.9						
2026	8	22	9	42		0.0	1.0					1017.9						
2026	8	22	9	36		0.0	1.0					1018.0						
2026	8	22	9	30		0.0	1.0					1018.0						
2026	8	22	9	24		0.0	0.5					1018.1						
2026	8	22	9	18		0.0	1.0					1018.1						
2026	8	22	9	12		0.0	1.0					1018.1						
2026	8	22	9	6		0.0	1.0					1018.0						
2026	8	22	9	0		0.0	0.5					1018.0					-0.3	
2026	8	22	8	54		0.0	1.5					1018.0						
2026	8	22	8	48	120.0	1.0	2.6					1018.0						
2026	8	22	8	42		0.0	1.5					1018.0						
2026	8	22	8	36		0.0	1.5					1018.0						
2026	8	22	8	30	120.0	0.5	1.5					1018.1						
2026	8	22	8	24	110.0	0.5	2.6					1018.1						
2026	8	22	8	18	80.0	0.5	1.5					1018.0						
2026	8	22	8	12	110.0	1.0	1.5					1018.1						
2026	8	22	8	6		0.0	1.0					1018.2						
2026	8	22	8	0	200.0	1.0	2.1					1018.2					-0.3	
2026	8	22	7	54		0.0	1.0					1018.2						
2026	8	22	7	48		0.0	0.5					1018.2						
2026	8	22	7	42		0.0	0.0					1018.1						
2026	8	22	7	36		0.0	0.5					1018.1						
2026	8	22	7	30		0.0	1.5					1018.2						
2026	8	22	7	24		0.0	1.5					1018.2						
2026	8	22	7	18	150.0	0.5	2.1					1018.1						
2026	8	22	7	12		0.0	1.0					1018.1						
2026	8	22	7	6	110.0	0.5	2.1					1018.1						
2026	8	22	7	0		0.0	1.0					1018.1					0.0	
2026	8	22	6	54	60.0	0.5	1.0					1018.2						
2026	8	22	6	48	120.0	0.5	1.5					1018.2						
2026	8	22	6	42		0.0	0.5					1018.2						
2026	8	22	6	36		0.0	1.5					1018.2						
2026	8	22	6	30	130.0	1.0	1.0					1018.2						
2026	8	22	6	24	80.0	0.5	1.0					1018.2						
2026	8	22	6	18	100.0	0.5	1.0					1018.2						
2026	8	22	6	12		0.0	1.5					1018.3						
2026	8	22	6	6	160.0	1.0	2.1					1018.3						
2026	8	22	6	0	110.0	0.5	2.1					1018.3					0.5	
2026	8	22	5	54		0.0	1.5					1018.4						
2026	8	22	5	48		0.0	1.5					1018.4						
2026	8	22	5	42	120.0	0.5	1.5					1018.4						
2026	8	22	5	36	130.0	0.5	1.5					1018.5						
2026	8	22	5	30	120.0	0.5	2.1					1018.5						
2026	8	22	5	24		0.0	1.0					1018.5						
2026	8	22	5	18	130.0	1.0	1.0					1018.5						
2026	8	22	5	12	130.0	0.5	1.5					1018.5						
2026	8	22	5	6	140.0	1.0	2.1					1018.5						
2026	8	22	5	0	130.0	1.0	1.0					1018.5					1.0	
2026	8	22	4	54	170.0	1.0	2.1					1018.5						
2026	8	22	4	48		0.0	1.0					1018.6						
2026	8	22	4	42		0.0	1.0					1018.5						
2026	8	22	4	36		0.0	1.0					1018.5						
2026	8	22	4	30		0.0	1.0					1018.4						
2026	8	22	4	24		0.0	1.0					1018.4						
2026	8	22	4	18	100.0	0.5	1.0					1018.3						
2026	8	22	4	12		0.0	1.0					1018.2						
2026	8	22	4	6		0.0	1.0					1018.2						
2026	8	22	4	0		0.0	1.5					1018.1					0.7	
2026	8	22	3	54	180.0	0.5	1.5					1018.1						
2026	8	22	3	48		0.0	2.1					1018.0						
2026	8	22	3	42	200.0	0.5	1.0					1017.9						
2026	8	22	3	36		0.0	1.0					1018.0						
2026	8	22	3	30		0.0	1.5					1018.0						
2026	8	22	3	24		0.0	1.0					1018.0						
2026	8	22	3	18	180.0	0.5	1.5					1017.9						
2026	8	22	3	12	140.0	0.5	2.1					1017.9						
2026	8	22	3	6		0.0	1.5					1017.9						
2026	8	22	3	0	220.0	1.0	2.1					1017.8					-0.0	
2026	8	22	2	54		0.0	1.5					1017.7						
2026	8	22	2	48	170.0	0.5	1.5					1017.6						
2026	8	22	2	42		0.0	1.5					1017.6						
2026	8	22	2	36		0.0	1.5					1017.6						
2026	8	22	2	30	170.0	1.0	2.1					1017.5						
2026	8	22	2	24		0.0	2.1					1017.6						
2026	8	22	2	18	190.0	0.5	2.6					1017.5						
2026	8	22	2	12		0.0	2.6					1017.5						
2026	8	22	2	6	150.0	1.0	3.6					1017.5						
2026	8	22	2	0		0.0	2.6					1017.5					0.0	
2026	8	22	1	54	20.0	0.5	2.6					1017.6						
2026	8	22	1	48		0.0	2.6					1017.5						
2026	8	22	1	42	190.0	1.0	2.6					1017.6						
2026	8	22	1	36	230.0	1.0	2.1					1017.6						
2026	8	22	1	30	190.0	1.5	2.6					1017.5						
2026	8	22	1	24	220.0	1.0	1.5					1017.5						
2026	8	22	1	18	260.0	1.0	2.1					1017.4						
2026	8	22	1	12	240.0	1.0	2.6					1017.4						
2026	8	22	1	6		0.0	3.1					1017.4						
2026	8	22	1	0	230.0	0.5	2.1					1017.4					-0.5	
2026	8	22	0	54		0.0	1.5					1017.4						
2026	8	22	0	48	190.0	0.5	2.1					1017.4						
2026	8	22	0	42	210.0	1.0	2.6					1017.4						
2026	8	22	0	36	210.0	1.0	2.6					1017.5						
2026	8	22	0	30	230.0	1.5	2.6					1017.5						
2026	8	22	0	24	240.0	1.0	2.6					1017.5						
2026	8	22	0	18	230.0	1.5	2.6					1017.5						
2026	8	22	0	12	210.0	1.0	2.1					1017.5						
2026	8	22	0	6	210.0	1.0	3.1					1017.6						
2026	8	22	0	0	230.0	1.0	2.6					1017.7					0.0	
2026	8	21	23	54	230.0	1.0	3.6					1017.7						
2026	8	21	23	48	220.0	1.0	2.6					1017.7						
2026	8	21	23	42	250.0	2.1	3.1					1017.6						
2026	8	21	23	36	220.0	1.0	3.1					1017.6						
2026	8	21	23	30	240.0	1.5	3.1					1017.6						
2026	8	21	23	24	230.0	1.5	4.1					1017.6						
2026	8	21	23	18	250.0	1.5	3.6					1017.7						
2026	8	21	23	12	240.0	2.6	4.6					1017.7						
2026	8	21	23	6	240.0	1.0	3.6					1017.7						
2026	8	21	23	0	240.0	2.6	4.6					1017.6					0.0	
2026	8	21	22	54	240.0	1.5	3.1					1017.7						
2026	8	21	22	48	230.0	1.5	3.6					1017.7						
2026	8	21	22	42	220.0	2.1	4.6					1017.8						
2026	8	21	22	36	240.0	2.1	3.6					1017.8						
2026	8	21	22	30	240.0	2.6	3.6					1017.8						
2026	8	21	22	24	270.0	1.0	2.6					1017.8						
2026	8	21	22	18	250.0	2.1	4.1					1017.8						
2026	8	21	22	12	240.0	1.5	5.1					1017.8						
2026	8	21	22	6	240.0	2.6	5.1					1017.9						
2026	8	21	22	0	240.0	1.5	3.6					1017.9					-0.3	
2026	8	21	21	54	230.0	2.6	5.7					1018.0						
2026	8	21	21	48	220.0	1.5	5.1					1017.9						
2026	8	21	21	42	240.0	2.6	4.6					1017.9						
2026	8	21	21	36	240.0	2.1	4.6					1017.9						
2026	8	21	21	30	240.0	2.1	4.6					1017.8						
2026	8	21	21	24	240.0	2.6	4.6					1017.7						
2026	8	21	21	18	240.0	2.6	4.6					1017.7						
2026	8	21	21	12	250.0	3.6	5.7					1017.7						
2026	8	21	21	6	240.0	1.5	4.1					1017.7						
2026	8	21	21	0	240.0	2.1	4.6					1017.7					-0.3	
2026	8	21	20	54	250.0	2.6	5.7					1017.7						
2026	8	21	20	48	250.0	3.6	6.2					1017.7						
2026	8	21	20	42	270.0	1.0	4.1					1017.7						
2026	8	21	20	36	250.0	2.1	4.1					1017.7						
2026	8	21	20	30	270.0	2.6	5.1					1017.6						
2026	8	21	20	24	270.0	1.5	3.6					1017.7						
2026	8	21	20	18	230.0	1.5	4.6					1017.7						
2026	8	21	20	12	230.0	1.5	3.6					1017.8						
2026	8	21	20	6	260.0	1.5	4.1					1017.8						
2026	8	21	20	0	250.0	2.6	4.1					1017.8					0.0	
2026	8	21	19	36	170.0	1.0	2.6					1018.0						
2026	8	21	19	30	240.0	1.0	3.6					1018.0						
2026	8	21	19	24	230.0	2.1	4.6					1018.1						
2026	8	21	19	18	190.0	0.5	3.6					1018.1						
2026	8	21	19	12	240.0	2.1	3.1					1018.2						
2026	8	21	19	6	240.0	1.5	2.6					1018.2						
2026	8	21	19	0	250.0	2.6	4.6					1018.2					0.6	
2026	8	21	18	54	240.0	2.6	3.6					1018.1						
2026	8	21	18	48	250.0	1.5	4.1					1018.1						
2026	8	21	18	42	270.0	2.6	3.6					1018.1						
2026	8	21	18	36	160.0	1.0	2.1					1018.1						
2026	8	21	18	30	350.0	0.5	1.0					1018.1						
2026	8	21	18	24	180.0	0.5	1.0					1018.1						
2026	8	21	18	18	310.0	0.5	1.5					1018.2						
2026	8	21	18	12	280.0	1.0	1.0					1018.1						
2026	8	21	18	6	30.0	1.0	1.5					1018.1						
2026	8	21	18	0	290.0	1.0	1.5					1018.0					0.5	
2026	8	21	17	54	150.0	1.0	2.1					1018.0						
2026	8	21	17	48	120.0	1.0	2.1					1017.9						
2026	8	21	17	42	120.0	0.5	1.0					1017.9						
2026	8	21	17	36	150.0	1.0	1.5					1017.8						
2026	8	21	17	30	120.0	0.5	1.5					1017.8						
2026	8	21	17	24	90.0	0.5	1.0					1017.7						
2026	8	21	17	18		0.0	1.0					1017.7						
2026	8	21	17	12		0.0	1.0					1017.6						
2026	8	21	17	6		0.0	0.5					1017.6						
2026	8	21	17	0	320.0	0.5	1.0					1017.6					0.7	
2026	8	21	16	54	290.0	1.0	1.0					1017.6						
2026	8	21	16	48		0.0	0.5					1017.6						
2026	8	21	16	42	290.0	0.5	1.0					1017.5						
2026	8	21	16	36		0.0	0.5					1017.5						
2026	8	21	16	30		0.0	0.5					1017.6						
2026	8	21	16	24		0.0	0.5					1017.6						
2026	8	21	16	18		0.0	1.0					1017.5						
2026	8	21	16	12	290.0	1.0	1.0					1017.5						
2026	8	21	16	6	360.0	0.5	1.0					1017.6						
2026	8	21	16	0		0.0	1.0					1017.6					1.2	
2026	8	21	15	54	350.0	0.5	1.0					1017.6						
2026	8	21	15	48		0.0	0.5					1017.6						
2026	8	21	15	42		0.0	1.0					1017.6						
2026	8	21	15	36		0.0	1.0					1017.6						
2026	8	21	15	30		0.0	1.0					1017.7						
2026	8	21	15	24		0.0	1.0					1017.7						
2026	8	21	15	18		0.0	1.0					1017.6						
2026	8	21	15	12		0.0	1.0					1017.6						
2026	8	21	15	6		0.0	0.5					1017.5						
2026	8	21	15	0		0.0	1.5					1017.5					1.3	
2026	8	21	14	54		0.0	1.0					1017.5						
2026	8	21	14	48		0.0	1.0					1017.5						
2026	8	21	14	42	130.0	0.5	1.0					1017.3						
2026	8	21	14	36		0.0	1.0					1017.2						
2026	8	21	14	30		0.0	0.5					1017.1						
2026	8	21	14	24		0.0	0.5					1017.0						
2026	8	21	14	18		0.0	0.5					1016.9						
2026	8	21	14	12		0.0	1.0					1016.9						
2026	8	21	14	6	140.0	0.5	1.0					1016.8						
2026	8	21	14	0	160.0	0.5	1.0					1016.9					0.8	
2026	8	21	13	54		0.0	1.0					1016.8						
2026	8	21	13	48		0.0	0.5					1016.8						
2026	8	21	13	42		0.0	0.5					1016.6						
2026	8	21	13	36		0.0	2.1					1016.6						
2026	8	21	13	30		0.0	1.0					1016.6						
2026	8	21	13	24		0.0	0.5					1016.5						
2026	8	21	13	18	170.0	0.5	1.0					1016.5						
2026	8	21	13	12	180.0	0.5	1.0					1016.4						
2026	8	21	13	6		0.0	0.5					1016.4						
2026	8	21	13	0		0.0	0.0					1016.4					0.0	
2026	8	21	12	54		0.0	1.0					1016.4						
2026	8	21	12	48		0.0	0.5					1016.4						
2026	8	21	12	42		0.0	0.0					1016.3						
2026	8	21	12	36		0.0	0.5					1016.3						
2026	8	21	12	30		0.0	0.0					1016.3						
2026	8	21	12	24		0.0	0.0					1016.3						
2026	8	21	12	18		0.0	0.5					1016.2						
2026	8	21	12	12		0.0	0.0					1016.2						
2026	8	21	12	6		0.0	0.5					1016.2						
2026	8	21	12	0		0.0	1.0					1016.2					0.0	
2026	8	21	11	54	260.0	1.0	1.0					1016.2						
2026	8	21	11	48		0.0	0.5					1016.2						
2026	8	21	11	42	200.0	0.5	1.5					1016.2						
2026	8	21	11	36		0.0	0.5					1016.2						
2026	8	21	11	30		0.0	0.5					1016.2						
2026	8	21	11	24		0.0	0.0					1016.2						
2026	8	21	11	18		0.0	0.5					1016.2						
2026	8	21	11	12		0.0	1.0					1016.1						
2026	8	21	11	6		0.0	0.5					1016.1						
2026	8	21	11	0	120.0	0.5	1.5					1016.1					-0.4	
2026	8	21	10	54		0.0	0.5					1016.2						
2026	8	21	10	48	120.0	0.5	1.0					1016.2						
2026	8	21	10	42		0.0	1.0					1016.2						
2026	8	21	10	36		0.0	0.5					1016.1						
2026	8	21	10	30		0.0	0.5					1016.2						
2026	8	21	10	24		0.0	0.0					1016.2						
2026	8	21	10	18		0.0	1.5					1016.2						
2026	8	21	10	12	240.0	1.0	1.5					1016.2						
2026	8	21	10	6	250.0	1.0	1.0					1016.2						
2026	8	21	10	0		0.0	0.5					1016.2					-0.4	
2026	8	21	9	54	250.0	0.5	1.5					1016.2						
2026	8	21	9	48	230.0	0.5	1.0					1016.2						
2026	8	21	9	42	240.0	1.0	1.5					1016.1						
2026	8	21	9	36	210.0	1.0	1.5					1016.1						
2026	8	21	9	30	230.0	1.0	2.1					1016.2						
2026	8	21	9	24	240.0	1.0	2.1					1016.2						
2026	8	21	9	18	250.0	0.5	1.0					1016.2						
2026	8	21	9	12	260.0	1.0	2.1					1016.3						
2026	8	21	9	6	130.0	0.5	1.0					1016.3						
2026	8	21	9	0	160.0	0.5	1.5					1016.2					-0.5	
2026	8	21	8	54	140.0	1.0	1.5					1016.3						
2026	8	21	8	48	130.0	0.5	1.0					1016.3						
2026	8	21	8	42		0.0	1.0					1016.3						
2026	8	21	8	36	140.0	1.0	1.5					1016.4						
2026	8	21	8	30	160.0	1.0	1.5					1016.4						
2026	8	21	8	24	140.0	1.0	1.5					1016.5						
2026	8	21	8	18	150.0	0.5	1.5					1016.5						
2026	8	21	8	12	130.0	0.5	1.0					1016.5						
2026	8	21	8	6	130.0	0.5	1.0					1016.5						
2026	8	21	8	0	140.0	1.0	1.0					1016.5					0.0	
2026	8	21	7	54	140.0	0.5	1.5					1016.5						
2026	8	21	7	48	130.0	0.5	1.5					1016.5						
2026	8	21	7	42	120.0	1.0	1.5					1016.5						
2026	8	21	7	36	120.0	1.0	1.0					1016.5						
2026	8	21	7	30	120.0	1.0	1.0					1016.5						
2026	8	21	7	24	130.0	0.5	1.5					1016.5						
2026	8	21	7	18	130.0	0.5	1.0					1016.6						
2026	8	21	7	12	140.0	0.5	1.0					1016.5						
2026	8	21	7	6	120.0	1.0	1.5					1016.5						
2026	8	21	7	0	130.0	1.0	1.0					1016.6					0.4	
2026	8	21	6	54	120.0	1.0	1.0					1016.6						
2026	8	21	6	48	120.0	1.0	1.5					1016.6						
2026	8	21	6	42	120.0	1.0	1.0					1016.6						
2026	8	21	6	36	120.0	0.5	1.0					1016.6						
2026	8	21	6	30	90.0	1.0	1.0					1016.6						
2026	8	21	6	24		0.0	0.5					1016.7						
2026	8	21	6	18		0.0	0.5					1016.7						
2026	8	21	6	12		0.0	0.5					1016.7						
2026	8	21	6	6		0.0	0.0					1016.6						
2026	8	21	6	0		0.0	0.0					1016.7					0.9	
2026	8	21	5	54		0.0	0.0					1016.7						
2026	8	21	5	48		0.0	0.0					1016.7						
2026	8	21	5	42		0.0	0.5					1016.7						
2026	8	21	5	36		0.0	1.0					1016.7						
2026	8	21	5	30		0.0	0.5					1016.7						
2026	8	21	5	24		0.0	0.5					1016.7						
2026	8	21	5	18	120.0	0.5	0.5					1016.8						
2026	8	21	5	12		0.0	0.0					1016.7						
2026	8	21	5	6		0.0	0.0					1016.7						
2026	8	21	5	0		0.0	0.5					1016.6					1.3	
2026	8	21	4	54		0.0	1.0					1016.6						
2026	8	21	4	48		0.0	1.0					1016.7						
2026	8	21	4	42		0.0	1.0					1016.6						
2026	8	21	4	36		0.0	0.0					1016.7						
2026	8	21	4	30		0.0	1.0					1016.6						
2026	8	21	4	24		0.0	1.0					1016.7						
2026	8	21	4	18		0.0	0.5					1016.5						
2026	8	21	4	12		0.0	0.5					1016.4						
2026	8	21	4	6		0.0	0.5					1016.3						
2026	8	21	4	0		0.0	1.0					1016.2					1.0	
2026	8	21	3	54		0.0	0.5					1016.1						
2026	8	21	3	48	240.0	0.5	1.0					1016.1						
2026	8	21	3	42	260.0	1.0	1.0					1016.0						
2026	8	21	3	36		0.0	0.5					1016.0						
2026	8	21	3	30		0.0	0.5					1016.0						
2026	8	21	3	24	300.0	0.5	1.0					1015.9						
2026	8	21	3	18		0.0	1.5					1015.9						
2026	8	21	3	12	260.0	0.5	1.5					1015.8						
2026	8	21	3	6	280.0	1.0	2.1					1015.8						
2026	8	21	3	0	280.0	1.0	1.5					1015.8					0.6	
2026	8	21	2	54	260.0	1.0	2.1					1015.7						
2026	8	21	2	48	270.0	1.0	2.6					1015.7						
2026	8	21	2	42	280.0	1.5	2.1					1015.6						
2026	8	21	2	36	260.0	1.5	2.6					1015.6						
2026	8	21	2	30	270.0	1.5	2.1					1015.6						
2026	8	21	2	24	270.0	1.5	2.6					1015.5						
2026	8	21	2	18	270.0	2.1	3.1					1015.4						
2026	8	21	2	12	280.0	2.6	3.1					1015.4						
2026	8	21	2	6	280.0	2.6	3.1					1015.4						
2026	8	21	2	0	290.0	2.6	3.6					1015.3					0.0	
2026	8	21	1	54	290.0	2.6	3.6					1015.3						
2026	8	21	1	48	290.0	2.6	3.1					1015.3						
2026	8	21	1	42	280.0	2.1	3.1					1015.4						
2026	8	21	1	36	280.0	2.1	2.6					1015.3						
2026	8	21	1	30	280.0	1.5	2.1					1015.3						
2026	8	21	1	24	290.0	1.5	2.1					1015.3						
2026	8	21	1	18	290.0	1.5	2.1					1015.4						
2026	8	21	1	12	300.0	1.5	2.1					1015.3						
2026	8	21	1	6	280.0	1.5	2.1					1015.3						
2026	8	21	1	0	300.0	1.5	2.6					1015.2					0.0	
2026	8	21	0	54	300.0	1.5	2.6					1015.2						
2026	8	21	0	48	290.0	1.5	2.1					1015.1						
2026	8	21	0	42	290.0	1.0	2.1					1015.1						
2026	8	21	0	36	300.0	1.5	2.6					1015.1						
2026	8	21	0	30	290.0	1.5	2.6					1015.2						
2026	8	21	0	24	290.0	2.1	3.1					1015.2						
2026	8	21	0	18	280.0	2.1	3.1					1015.3						
2026	8	21	0	12	270.0	1.5	2.1					1015.3						
2026	8	21	0	6	300.0	1.5	3.1					1015.3						
2026	8	21	0	0	300.0	1.5	2.6					1015.2					0.0	
2026	8	20	23	54	290.0	2.1	2.6					1015.2						
2026	8	20	23	48	280.0	1.5	3.1					1015.2						
2026	8	20	23	42	280.0	2.1	3.1					1015.2						
2026	8	20	23	36	290.0	2.1	2.6					1015.1						
2026	8	20	23	30	280.0	2.1	3.1					1015.1						
2026	8	20	23	24	280.0	2.1	3.1					1015.1						
2026	8	20	23	18	290.0	2.1	3.1					1015.2						
2026	8	20	23	12	290.0	2.1	2.6					1015.2						
2026	8	20	23	6	280.0	2.6	3.6					1015.3						
2026	8	20	23	0	270.0	2.6	4.1					1015.3					-0.3	
2026	8	20	22	54	260.0	2.6	3.6					1015.3						
2026	8	20	22	48	270.0	2.6	3.6					1015.3						
2026	8	20	22	42	260.0	2.6	3.6					1015.3						
2026	8	20	22	36	260.0	2.6	3.6					1015.3						
2026	8	20	22	30	250.0	2.6	3.6					1015.3						
2026	8	20	22	24	260.0	2.6	3.6					1015.3						
2026	8	20	22	18	260.0	2.6	4.1					1015.4						
2026	8	20	22	12	270.0	2.6	4.1					1015.4						
2026	8	20	22	6	260.0	2.6	3.6					1015.4						
2026	8	20	22	0	260.0	2.6	4.6					1015.4					-0.6	
2026	8	20	21	54	280.0	3.1	4.1					1015.4						
2026	8	20	21	48	280.0	2.6	3.6					1015.3						
2026	8	20	21	42	270.0	2.6	4.1					1015.4						
2026	8	20	21	36	280.0	3.1	3.6					1015.4						
2026	8	20	21	30	280.0	2.6	3.1					1015.4						
2026	8	20	21	24	290.0	2.6	3.6					1015.3						
2026	8	20	21	18	290.0	2.1	3.1					1015.3						
2026	8	20	21	12	300.0	2.1	4.1					1015.3						
2026	8	20	21	6	290.0	2.1	2.6					1015.3						
2026	8	20	21	0	290.0	1.5	2.6					1015.3					-1.1	
2026	8	20	20	54	300.0	2.1	3.1					1015.3						
2026	8	20	20	48	290.0	2.1	3.6					1015.4						
2026	8	20	20	42	280.0	1.5	3.1					1015.5						
2026	8	20	20	36	300.0	2.1	3.6					1015.4						
2026	8	20	20	30	300.0	2.1	2.6					1015.5						
2026	8	20	20	24	300.0	2.1	2.6					1015.6						
2026	8	20	20	18	330.0	2.1	3.1					1015.6						
2026	8	20	20	12	350.0	2.6	4.6					1015.6						
2026	8	20	20	6	350.0	3.1	4.6					1015.6						
2026	8	20	20	0	360.0	3.1	4.6					1015.6					-0.5	
2026	8	20	19	54	10.0	3.6	5.7					1015.7						
2026	8	20	19	48	20.0	4.6	6.2					1015.6						
2026	8	20	19	42	360.0	2.6	5.7					1015.5						
2026	8	20	19	36	360.0	4.6	6.2					1015.6						
2026	8	20	19	30	360.0	2.1	4.6					1015.6						
2026	8	20	19	24	10.0	1.5	3.1					1015.6						
2026	8	20	19	18	360.0	2.6	4.1					1015.7						
2026	8	20	19	12	360.0	2.1	4.1					1015.8						
2026	8	20	19	6	360.0	3.1	4.6					1015.9						
2026	8	20	19	0	10.0	3.6	5.1					1016.0					-0.3	
2026	8	20	18	54	350.0	4.1	4.6					1016.1						
2026	8	20	18	48	350.0	4.6	5.7					1016.2						
2026	8	20	18	42	360.0	3.6	6.7					1016.3						
2026	8	20	18	36	360.0	3.1	4.6					1016.3						
2026	8	20	18	30	360.0	3.6	5.1					1016.2						
2026	8	20	18	24	340.0	4.6	5.7					1016.3						
2026	8	20	18	18	310.0	3.1	4.6					1016.4						
2026	8	20	18	12	330.0	3.6	6.2					1016.4						
2026	8	20	18	6	360.0	2.6	6.2					1016.4						
2026	8	20	18	0	20.0	4.1	5.7					1016.4					0.4	
2026	8	20	17	54	360.0	2.6	5.7					1016.5						
2026	8	20	17	48	350.0	4.6	6.2					1016.4						
2026	8	20	17	42	360.0	2.6	4.1					1016.4						
2026	8	20	17	36	360.0	1.0	5.1					1016.4						
2026	8	20	17	30	360.0	3.1	5.7					1016.4						
2026	8	20	17	24	360.0	4.1	5.7					1016.3						
2026	8	20	17	18	340.0	2.6	3.6					1016.3						
2026	8	20	17	12	320.0	3.1	4.1					1016.3						
2026	8	20	17	6	310.0	3.1	4.6					1016.2						
2026	8	20	17	0	300.0	3.6	4.6					1016.1					0.8	
2026	8	20	16	54	280.0	2.1	2.6					1016.2						
2026	8	20	16	48	290.0	1.5	2.1					1016.2						
2026	8	20	16	42	310.0	2.1	3.1					1016.2						
2026	8	20	16	36	310.0	2.1	2.6					1016.2						
2026	8	20	16	30	320.0	2.6	3.1					1016.1						
2026	8	20	16	24	320.0	2.6	3.6					1016.2						
2026	8	20	16	18	310.0	3.1	3.6					1016.1						
2026	8	20	16	12	310.0	3.1	3.6					1016.2						
2026	8	20	16	6	290.0	3.1	4.6					1016.3						
2026	8	20	16	0	290.0	2.6	3.1					1016.3					1.4	
2026	8	20	15	54	290.0	2.1	2.6					1016.3						
2026	8	20	15	48	290.0	2.1	3.1					1016.2						
2026	8	20	15	42	290.0	1.5	2.1					1016.2						
2026	8	20	15	36	320.0	2.1	2.6					1016.1						
2026	8	20	15	30	340.0	2.6	3.1					1016.0						
2026	8	20	15	24	340.0	1.5	2.6					1016.0						
2026	8	20	15	18	340.0	2.1	2.6					1016.0						
2026	8	20	15	12	350.0	2.1	3.1					1016.0						
2026	8	20	15	6	10.0	1.5	4.6					1016.0						
2026	8	20	15	0	20.0	3.6	4.6					1016.0					1.0	
2026	8	20	14	54	50.0	2.6	3.6					1016.1						
2026	8	20	14	48	40.0	3.1	4.6					1016.0						
2026	8	20	14	42	40.0	4.1	5.1					1016.0						
2026	8	20	14	36	30.0	3.6	5.1					1015.9						
2026	8	20	14	30	20.0	4.1	5.7					1015.9						
2026	8	20	14	24	10.0	3.6	5.1					1015.7						
2026	8	20	14	18	10.0	3.6	5.1					1015.5						
2026	8	20	14	12	20.0	2.1	3.6					1015.5						
2026	8	20	14	6	20.0	3.1	4.1					1015.4						
2026	8	20	14	0	20.0	3.1	4.1					1015.3					0.4	
2026	8	20	13	54	20.0	3.1	4.1					1015.3						
2026	8	20	13	48	10.0	3.1	4.1					1015.3						
2026	8	20	13	42	10.0	3.6	5.1					1015.2						
2026	8	20	13	36	10.0	3.6	4.6					1015.2						
2026	8	20	13	30	360.0	2.6	3.6					1015.1						
2026	8	20	13	24	350.0	2.6	3.6					1015.0						
2026	8	20	13	18	330.0	2.1	3.1					1015.0						
2026	8	20	13	12	330.0	3.1	4.1					1015.0						
2026	8	20	13	6	330.0	3.6	4.1					1015.0						
2026	8	20	13	0	300.0	2.6	3.6					1014.9					0.0	
2026	8	20	12	54	310.0	2.6	3.1					1014.8						
2026	8	20	12	48	320.0	2.6	4.1					1014.8						
2026	8	20	12	42	310.0	2.6	3.6					1014.7						
2026	8	20	12	36	320.0	2.6	3.6					1014.7						
2026	8	20	12	30	340.0	2.1	2.6					1014.7						
2026	8	20	12	24	10.0	1.5	3.1					1014.8						
2026	8	20	12	18	10.0	2.1	3.1					1014.9						
2026	8	20	12	12	360.0	2.6	4.1					1014.9						
2026	8	20	12	6	20.0	2.1	3.6					1014.9						
2026	8	20	12	0	20.0	2.6	4.1					1015.0					0.0	
2026	8	20	11	54	30.0	2.6	3.1					1015.0						
2026	8	20	11	48	40.0	2.1	3.6					1015.0						
2026	8	20	11	42	30.0	2.6	3.1					1015.1						
2026	8	20	11	36	40.0	1.5	3.1					1015.1						
2026	8	20	11	30	20.0	2.6	3.6					1015.0						
2026	8	20	11	24	20.0	2.6	4.1					1015.1						
2026	8	20	11	18	30.0	2.6	4.1					1015.1						
2026	8	20	11	12	30.0	3.6	4.6					1015.1						
2026	8	20	11	6	40.0	3.6	5.7					1015.0						
2026	8	20	11	0	30.0	4.6	6.2					1014.9					-0.3	
2026	8	20	10	54	40.0	3.1	4.1					1014.9						
2026	8	20	10	48	40.0	2.6	4.6					1014.9						
2026	8	20	10	42	40.0	3.1	4.6					1014.9						
2026	8	20	10	36	50.0	3.1	4.1					1014.9						
2026	8	20	10	30	40.0	3.6	4.6					1014.8						
2026	8	20	10	24	40.0	3.6	5.7					1014.8						
2026	8	20	10	18	50.0	2.6	3.6					1014.8						
2026	8	20	10	12	40.0	3.1	3.6					1014.8						
2026	8	20	10	6	30.0	3.6	4.6					1014.8						
2026	8	20	10	0	20.0	2.6	3.6					1014.9					-0.4	
2026	8	20	9	54	40.0	3.1	4.1					1014.9						
2026	8	20	9	48	50.0	2.1	3.1					1014.9						
2026	8	20	9	42	40.0	2.6	3.1					1015.0						
2026	8	20	9	36	20.0	1.5	2.6					1014.9						
2026	8	20	9	30	30.0	2.1	2.6					1014.9						
2026	8	20	9	24	40.0	1.5	2.6					1015.0						
2026	8	20	9	18	50.0	2.1	2.6					1015.0						
2026	8	20	9	12	40.0	2.1	3.1					1015.1						
2026	8	20	9	6	40.0	1.5	2.6					1015.1						
2026	8	20	9	0	40.0	1.5	2.6					1015.1					-0.3	
2026	8	20	8	54	60.0	1.5	2.6					1015.2						
2026	8	20	8	48	60.0	1.5	3.1					1015.2						
2026	8	20	8	42	40.0	2.1	3.1					1015.2						
2026	8	20	8	36	50.0	1.5	3.6					1015.2						
2026	8	20	8	30	30.0	2.6	3.6					1015.2						
2026	8	20	8	24	20.0	2.6	3.6					1015.2						
2026	8	20	8	18	30.0	2.6	3.1					1015.2						
2026	8	20	8	12	30.0	2.6	3.6					1015.3						
2026	8	20	8	6	40.0	2.1	2.6					1015.3						
2026	8	20	8	0	40.0	1.5	2.6					1015.2					-0.5	
2026	8	20	7	36	20.0	2.6	4.1					1015.2						
2026	8	20	7	30	30.0	2.6	3.6					1015.3						
2026	8	20	7	24	40.0	2.1	3.6					1015.3						
2026	8	20	7	18	40.0	2.6	3.6					1015.3						
2026	8	20	7	12	20.0	2.6	3.6					1015.2						
2026	8	20	7	6	20.0	2.6	4.1					1015.3						
2026	8	20	7	0	20.0	3.1	3.6					1015.3					0.0	
2026	8	20	6	54	20.0	3.1	4.6					1015.3						
2026	8	20	6	48	20.0	3.6	4.6					1015.3						
2026	8	20	6	42	30.0	2.6	5.7					1015.3						
2026	8	20	6	36	30.0	3.6	5.7					1015.3						
2026	8	20	6	30	20.0	3.6	6.2					1015.3						
2026	8	20	6	24	30.0	4.1	6.2					1015.3						
2026	8	20	6	18	30.0	4.6	5.7					1015.3						
2026	8	20	6	12	30.0	4.1	6.2					1015.3						
2026	8	20	6	6	30.0	5.7	6.7					1015.4						
2026	8	20	6	0	30.0	5.1	5.7					1015.4					0.4	
2026	8	20	5	54	20.0	4.6	6.2					1015.4						
2026	8	20	5	48	30.0	4.1	7.2					1015.5						
2026	8	20	5	42	10.0	4.1	7.2					1015.5						
2026	8	20	5	36	10.0	5.1	7.2					1015.5						
2026	8	20	5	30	30.0	4.6	6.7					1015.5						
2026	8	20	5	24	30.0	6.2	7.2					1015.6						
2026	8	20	5	18	30.0	5.7	6.2					1015.6						
2026	8	20	5	12	30.0	4.1	5.1					1015.7						
2026	8	20	5	6	30.0	4.1	6.2					1015.7						
2026	8	20	5	0	30.0	5.1	6.2					1015.7					0.7	
2026	8	20	4	54	30.0	4.6	6.2					1015.7						
2026	8	20	4	48	30.0	4.6	6.2					1015.7						
2026	8	20	4	42	30.0	3.6	5.1					1015.7						
2026	8	20	4	36	30.0	4.6	5.7					1015.7						
2026	8	20	4	30	30.0	4.1	5.7					1015.6						
2026	8	20	4	24	20.0	4.1	6.7					1015.6						
2026	8	20	4	18	30.0	5.1	7.2					1015.5						
2026	8	20	4	12	30.0	4.1	5.7					1015.5						
2026	8	20	4	6	30.0	5.1	6.2					1015.4						
2026	8	20	4	0	40.0	3.6	5.7					1015.4					-0.0	
2026	8	20	3	54	50.0	3.6	4.6					1015.3						
2026	8	20	3	48	40.0	3.6	4.6					1015.3						
2026	8	20	3	42	40.0	3.1	4.6					1015.2						
2026	8	20	3	36	50.0	2.6	4.1					1015.2						
2026	8	20	3	30	50.0	2.6	3.6					1015.1						
2026	8	20	3	24	40.0	2.6	4.1					1015.1						
2026	8	20	3	18	50.0	2.1	3.1					1015.1						
2026	8	20	3	12	20.0	2.6	4.6					1015.1						
2026	8	20	3	6	30.0	2.6	4.1					1015.0						
2026	8	20	3	0	20.0	1.5	3.6					1015.0					-0.5	
2026	8	20	2	54	10.0	2.1	3.6					1015.0						
2026	8	20	2	48	10.0	1.5	3.1					1015.0						
2026	8	20	2	42	360.0	2.6	3.6					1015.0						
2026	8	20	2	36	10.0	2.1	3.1					1015.1						
2026	8	20	2	30	360.0	1.5	3.1					1015.1						
2026	8	20	2	24	360.0	2.1	3.1					1015.2						
2026	8	20	2	18	20.0	2.1	3.6					1015.1						
2026	8	20	2	12	10.0	1.5	3.6					1015.1						
2026	8	20	2	6	350.0	1.5	2.6					1015.1						
2026	8	20	2	0	20.0	1.5	4.1					1015.0					-1.0	
2026	8	20	1	54	30.0	1.0	3.1					1015.0						
2026	8	20	1	48	30.0	1.5	2.6					1015.0						
2026	8	20	1	42	350.0	2.6	4.1					1015.0						
2026	8	20	1	36	50.0	2.6	5.1					1015.0						
2026	8	20	1	30	50.0	1.5	3.6					1015.0						
2026	8	20	1	24	20.0	2.6	4.1					1015.1						
2026	8	20	1	18	20.0	2.1	3.6					1015.1						
2026	8	20	1	12	10.0	1.5	4.1					1015.2						
2026	8	20	1	6	10.0	2.6	3.6					1015.3						
2026	8	20	1	0	30.0	2.6	3.6					1015.3					-1.1	
2026	8	20	0	54	360.0	1.5	3.6					1015.3						
2026	8	20	0	48	330.0	1.0	3.1					1015.3						
2026	8	20	0	42	340.0	1.5	3.1					1015.3						
2026	8	20	0	36	350.0	1.5	3.1					1015.2						
2026	8	20	0	30	340.0	2.1	4.1					1015.3						
2026	8	20	0	24	340.0	1.5	3.6					1015.3						
2026	8	20	0	18	350.0	2.1	3.6					1015.4						
2026	8	20	0	12	350.0	2.6	4.1					1015.5						
2026	8	20	0	6	340.0	2.6	3.6					1015.5						
2026	8	20	0	0	340.0	1.5	2.6					1015.5					-1.2	
2026	8	19	23	54		0.0	2.1					1015.5						
2026	8	19	23	48		0.0	1.0					1015.6						
2026	8	19	23	42		0.0	1.0					1015.7						
2026	8	19	23	36	350.0	1.5	2.6					1015.8						
2026	8	19	23	30	340.0	1.5	2.6					1015.8						
2026	8	19	23	24	10.0	2.1	3.1					1015.8						
2026	8	19	23	18	360.0	1.5	3.1					1015.9						
2026	8	19	23	12	10.0	1.0	2.1					1016.0						
2026	8	19	23	6		0.0	3.1					1016.0						
2026	8	19	23	0	310.0	0.5	2.1					1016.0					-1.1	
2026	8	19	22	54	350.0	0.5	2.1					1015.9						
2026	8	19	22	48	350.0	1.0	2.6					1016.0						
2026	8	19	22	42	320.0	1.0	2.6					1016.1						
2026	8	19	22	36	330.0	0.5	1.5					1016.1						
2026	8	19	22	30	10.0	1.0	2.6					1016.1						
2026	8	19	22	24		0.0	2.1					1016.0						
2026	8	19	22	18	350.0	1.5	2.6					1016.1						
2026	8	19	22	12	340.0	1.5	2.6					1016.3						
2026	8	19	22	6								1016.3						
2026	8	19	22	0	290.0	1.5	3.6					1016.4					-1.1	
2026	8	19	21	54	320.0	1.0	2.1					1016.4						
2026	8	19	21	48	250.0	0.5	2.1					1016.4						
2026	8	19	21	42	300.0	1.5	2.6					1016.4						
2026	8	19	21	36	290.0	1.5	3.1					1016.4						
2026	8	19	21	30	300.0	0.5	2.6					1016.4						
2026	8	19	21	24	270.0	0.5	2.1					1016.5						
2026	8	19	21	18	300.0	1.0	3.1					1016.6						
2026	8	19	21	12	250.0	1.0	2.6					1016.8						
2026	8	19	21	6	20.0	0.5	3.1					1016.7						
2026	8	19	21	0	10.0	1.0	2.6					1016.7					-1.0	
2026	8	19	20	54	330.0	1.5	3.6					1016.7						
2026	8	19	20	48	290.0	0.5	2.6					1016.8						
2026	8	19	20	42	280.0	1.5	2.6					1016.9						
2026	8	19	20	36	260.0	1.0	2.6					1017.0						
2026	8	19	20	30	260.0	1.5	2.6					1017.0						
2026	8	19	20	24	320.0	1.0	2.6					1017.0						
2026	8	19	20	18	320.0	1.5	3.1					1017.0						
2026	8	19	20	12	310.0	2.1	3.6					1017.1						
2026	8	19	20	6	320.0	1.5	4.1					1017.1						
2026	8	19	20	0	320.0	1.5	3.1					1017.1					-0.6	
2026	8	19	19	54	320.0	1.5	2.6					1017.2						
2026	8	19	19	48	320.0	2.1	3.6					1017.4						
2026	8	19	19	42	280.0	1.0	2.6					1017.3						
2026	8	19	19	36	280.0	1.5	4.1					1017.4						
2026	8	19	19	30	310.0	2.1	3.6					1017.4						
2026	8	19	19	24	290.0	2.1	4.6					1017.4						
2026	8	19	19	18	310.0	1.5	3.1					1017.4						
2026	8	19	19	12	250.0	1.0	3.6					1017.5						
2026	8	19	19	6	310.0	1.0	2.1					1017.5						
2026	8	19	19	0	310.0	1.5	3.1					1017.5					-0.6	
2026	8	19	18	54	300.0	1.0	3.1					1017.6						
2026	8	19	18	48	290.0	1.5	2.6					1017.7						
2026	8	19	18	42	280.0	1.5	2.6					1017.7						
2026	8	19	18	36	260.0	1.5	2.1					1017.7						
2026	8	19	18	30	280.0	1.0	2.1					1017.7						
2026	8	19	18	24	320.0	2.1	3.1					1017.7						
2026	8	19	18	18	290.0	1.5	2.6					1017.7						
2026	8	19	18	12	260.0	1.0	2.1					1017.7						
2026	8	19	18	6	280.0	1.0	2.6					1017.7						
2026	8	19	18	0	290.0	1.0	2.1					1017.7					-0.5	
2026	8	19	17	54	310.0	2.1	2.6					1017.6						
2026	8	19	17	48	310.0	2.6	3.1					1017.6						
2026	8	19	17	42	310.0	2.1	2.6					1017.6						
2026	8	19	17	36	270.0	1.5	2.6					1017.6						
2026	8	19	17	30	300.0	1.5	2.6					1017.7						
2026	8	19	17	24	310.0	2.1	2.6					1017.8						
2026	8	19	17	18	300.0	1.5	2.6					1017.7						
2026	8	19	17	12	320.0	2.1	3.1					1017.7						
2026	8	19	17	6	330.0	2.1	2.6					1017.6						
2026	8	19	17	0	340.0	2.1	2.6					1017.7					-0.6	
2026	8	19	16	54	340.0	2.1	2.6					1017.7						
2026	8	19	16	48	330.0	1.5	2.6					1017.6						
2026	8	19	16	42	330.0	2.1	2.6					1017.6						
2026	8	19	16	36	330.0	1.5	2.1					1017.7						
2026	8	19	16	30	330.0	1.0	2.1					1017.8						
2026	8	19	16	24	320.0	1.0	1.5					1017.9						
2026	8	19	16	18	320.0	1.0	1.5					1017.9						
2026	8	19	16	12	330.0	0.5	1.0					1018.0						
2026	8	19	16	6		0.0	1.0					1018.0						
2026	8	19	16	0	320.0	0.5	1.0					1018.1					0.0	
2026	8	19	15	54	300.0	1.0	1.5					1018.1						
2026	8	19	15	48	300.0	1.0	1.5					1018.1						
2026	8	19	15	42	350.0	1.0	1.0					1018.1						
2026	8	19	15	36								1018.1						
2026	8	19	15	30								1018.1						
2026	8	19	15	24								1018.2						
2026	8	19	15	18								1018.2						
2026	8	19	15	12								1018.1						
2026	8	19	15	6								1018.1						
2026	8	19	15	0								1018.2					0.0	
2026	8	19	14	54								1018.2						
2026	8	19	14	48								1018.2						
2026	8	19	14	42								1018.2						
2026	8	19	14	36		0.0	0.0					1018.3						
2026	8	19	14	30		0.0	0.5					1018.3						
2026	8	19	14	24		0.0	0.0					1018.3						
2026	8	19	14	18		0.0	0.5					1018.3						
2026	8	19	14	12		0.0	0.5					1018.3						
2026	8	19	14	6		0.0	0.0					1018.4						
2026	8	19	14	0		0.0	0.5					1018.3					-0.4	
2026	8	19	13	54		0.0	1.0					1018.2						
2026	8	19	13	48	330.0	0.5	1.0					1018.2						
2026	8	19	13	42	340.0	0.5	1.0					1018.2						
2026	8	19	13	36		0.0	1.0					1018.2						
2026	8	19	13	30	320.0	1.0	1.5					1018.2						
2026	8	19	13	24	340.0	0.5	1.0					1018.2						
2026	8	19	13	18	330.0	0.5	1.5					1018.2						
2026	8	19	13	12	340.0	1.0	1.5					1018.2						
2026	8	19	13	6	360.0	1.0	2.1					1018.3						
2026	8	19	13	0	360.0	1.5	2.6					1018.3					-0.4	
2026	8	19	12	54								1018.2						
2026	8	19	12	48	10.0	1.5	3.1					1018.2						
2026	8	19	12	42	20.0	1.5	2.6					1018.2						
2026	8	19	12	36	10.0	2.1	3.6					1018.2						
2026	8	19	12	30	340.0	2.1	3.6					1018.3						
2026	8	19	12	24	20.0	2.6	3.6					1018.2						
2026	8	19	12	18	20.0	3.1	3.6					1018.3						
2026	8	19	12	12	30.0	2.6	3.6					1018.3						
2026	8	19	12	6	30.0	3.1	4.6					1018.4						
2026	8	19	12	0	30.0	3.1	4.1					1018.4					-0.8	
2026	8	19	11	54	20.0	2.6	4.1					1018.6						
2026	8	19	11	48	30.0	3.6	4.6					1018.6						
2026	8	19	11	42	30.0	3.6	4.6					1018.7						
2026	8	19	11	36	30.0	3.1	4.6					1018.8						
2026	8	19	11	30	30.0	3.6	4.6					1018.7						
2026	8	19	11	24	20.0	3.1	4.6					1018.7						
2026	8	19	11	18	10.0	2.1	4.1					1018.8						
2026	8	19	11	12	360.0	2.6	4.6					1018.7						
2026	8	19	11	6	360.0	3.1	4.1					1018.7						
2026	8	19	11	0	360.0	3.1	4.1					1018.7					-1.0	
2026	8	19	10	54	10.0	3.6	5.1					1018.7						
2026	8	19	10	48	10.0	4.1	5.7					1018.7						
2026	8	19	10	42	40.0	4.6	6.2					1018.7						
2026	8	19	10	36	40.0	4.6	6.2					1018.8						
2026	8	19	10	30	40.0	5.1	6.7					1018.9						
2026	8	19	10	24	30.0	3.6	5.7					1018.9						
2026	8	19	10	18	20.0	5.1	6.2					1018.8						
2026	8	19	10	12	30.0	4.1	6.2					1018.8						
2026	8	19	10	6	40.0	4.1	5.1					1018.7						
2026	8	19	10	0	50.0	4.1	5.7					1018.7					-1.1	
2026	8	19	9	54	50.0	4.1	6.2					1018.7						
2026	8	19	9	48	40.0	4.1	6.7					1018.7						
2026	8	19	9	42	30.0	4.6	5.7					1018.8						
2026	8	19	9	36	30.0	4.1	5.7					1019.0						
2026	8	19	9	30	40.0	4.1	6.2					1019.0						
2026	8	19	9	24	40.0	4.6	5.7					1019.2						
2026	8	19	9	18	30.0	4.6	5.7					1019.2						
2026	8	19	9	12	40.0	4.1	6.7					1019.2						
2026	8	19	9	6	40.0	4.6	6.2					1019.2						
2026	8	19	9	0	20.0	3.6	5.7					1019.2					-0.8	
2026	8	19	8	54	20.0	4.6	6.2					1019.2						
2026	8	19	8	48	10.0	3.6	6.2					1019.3						
2026	8	19	8	42	40.0	3.6	6.2					1019.4						
2026	8	19	8	36	40.0	3.6	4.6					1019.6						
2026	8	19	8	30	50.0	2.6	5.1					1019.6						
2026	8	19	8	24	30.0	2.6	3.6					1019.7						
2026	8	19	8	18	30.0	2.1	3.6					1019.7						
2026	8	19	8	12	40.0	2.1	3.1					1019.8						
2026	8	19	8	6	40.0	1.5	3.1					1019.8						
2026	8	19	8	0	10.0	1.5	3.1					1019.7					-0.4	
2026	8	19	7	54	20.0	1.5	2.6					1019.7						
2026	8	19	7	48	20.0	1.0	2.6					1019.7						
2026	8	19	7	42	20.0	1.5	3.1					1019.7						
2026	8	19	7	36	10.0	2.1	2.6					1019.7						
2026	8	19	7	30	360.0	1.5	2.6					1019.8						
2026	8	19	7	24	20.0	2.1	2.6					1019.8						
2026	8	19	7	18	10.0	1.5	2.6					1019.9						
2026	8	19	7	12	20.0	1.0	3.1					1019.9						
2026	8	19	7	6	20.0	2.1	3.1					1019.8						
2026	8	19	7	0	20.0	2.6	3.1					1019.8					0.0	
2026	8	19	6	54	30.0	1.5	2.6					1019.9						
2026	8	19	6	48	30.0	1.5	2.6					1020.0						
2026	8	19	6	42	30.0	1.5	2.6					1020.1						
2026	8	19	6	36	40.0	1.5	3.1					1020.1						
2026	8	19	6	30	20.0	2.1	3.1					1020.0						
2026	8	19	6	24	40.0	1.0	2.6					1019.9						
2026	8	19	6	18	30.0	2.1	2.6					1020.0						
2026	8	19	6	12	50.0	2.1	3.1					1020.0						
2026	8	19	6	6	40.0	1.5	3.1					1020.0						
2026	8	19	6	0	40.0	2.1	3.1					1020.0					0.0	
2026	8	19	5	54	30.0	2.6	4.1					1019.9						
2026	8	19	5	48	40.0	2.1	3.6					1020.0						
2026	8	19	5	42	30.0	2.1	4.1					1020.0						
2026	8	19	5	36	30.0	3.1	5.1					1020.0						
2026	8	19	5	30	30.0	2.6	4.1					1020.1						
2026	8	19	5	24	30.0	2.6	4.6					1020.1						
2026	8	19	5	18	30.0	3.1	5.1					1020.2						
2026	8	19	5	12	40.0	3.1	4.6					1020.1						
2026	8	19	5	6	30.0	3.1	4.1					1020.2						
2026	8	19	5	0	40.0	2.6	3.6					1020.1					0.0	
2026	8	19	4	54	40.0	3.1	4.1					1020.2						
2026	8	19	4	48	60.0	2.6	3.6					1020.1						
2026	8	19	4	42	50.0	2.6	3.6					1020.1						
2026	8	19	4	36	50.0	2.1	4.1					1020.1						
2026	8	19	4	30	50.0	2.6	4.1					1020.0						
2026	8	19	4	24	40.0	2.1	4.1					1020.0						
2026	8	19	4	18	30.0	1.5	4.1					1020.1						
2026	8	19	4	12	40.0	2.6	4.1					1020.1						
2026	8	19	4	6	50.0	2.6	3.6					1020.1						
2026	8	19	4	0	50.0	2.1	2.6					1020.0					0.0	
2026	8	19	3	54	40.0	1.5	2.1					1020.1						
2026	8	19	3	48	30.0	2.1	2.6					1020.1						
2026	8	19	3	42	20.0	1.5	3.1					1020.0						
2026	8	19	3	36	20.0	2.1	3.1					1020.0						
2026	8	19	3	30	20.0	2.1	3.1					1020.0						
2026	8	19	3	24	50.0	2.1	2.1					1019.9						
2026	8	19	3	18	30.0	2.1	3.6					1020.0						
2026	8	19	3	12	20.0	2.6	3.1					1020.0						
2026	8	19	3	6	40.0	1.5	3.1					1019.9						
2026	8	19	3	0	30.0	2.6	3.6					1020.0					0.0	
2026	8	19	2	54	10.0	2.6	4.6					1019.8						
2026	8	19	2	48	30.0	2.6	3.6					1019.8						
2026	8	19	2	42	40.0	1.5	3.1					1019.8						
2026	8	19	2	36	40.0	2.1	3.1					1019.7						
2026	8	19	2	30	40.0	2.6	3.1					1019.8						
2026	8	19	2	24	20.0	1.5	2.6					1019.9						
2026	8	19	2	18	50.0	1.5	3.6					1019.9						
2026	8	19	2	12	30.0	3.1	4.1					1019.9						
2026	8	19	2	6	30.0	1.0	2.6					1020.0						
2026	8	19	2	0	70.0	1.0	2.6					1020.0					-0.5	
2026	8	19	1	54	20.0	2.1	2.6					1020.0						
2026	8	19	1	48	360.0	1.5	2.6					1020.1						
2026	8	19	1	42	10.0	2.1	2.6					1020.0						
2026	8	19	1	36	20.0	2.6	4.1					1020.0						
2026	8	19	1	30	30.0	1.0	3.6					1020.0						
2026	8	19	1	24	40.0	2.1	4.1					1019.9						
2026	8	19	1	18	10.0	1.5	3.6					1019.9						
2026	8	19	1	12	350.0	1.5	3.1					1020.0						
2026	8	19	1	6	360.0	2.1	3.1					1020.0						
2026	8	19	1	0	350.0	2.1	3.1					1020.0					-0.8	
2026	8	19	0	54	360.0	1.0	3.6					1020.0						
2026	8	19	0	48		0.0	2.1					1020.0						
2026	8	19	0	42	350.0	1.5	3.1					1020.1						
2026	8	19	0	36	340.0	1.0	2.1					1020.1						
2026	8	19	0	30	320.0	1.0	2.1					1020.3						
2026	8	19	0	24	310.0	2.1	2.6					1020.3						
2026	8	19	0	18	310.0	1.5	2.6					1020.3						
2026	8	19	0	12	320.0	1.0	3.1					1020.3						
2026	8	19	0	6	310.0	0.5	3.1					1020.3						
2026	8	19	0	0	340.0	2.1	3.1					1020.2						
2026	8	18	23	54	280.0	2.1	3.1					1020.3						
2026	8	18	23	48	300.0	2.1	3.6					1020.3						
2026	8	18	23	42	270.0	2.1	3.6					1020.4						
2026	8	18	23	36	300.0	1.5	3.6					1020.5						
2026	8	18	23	30	280.0	2.6	4.1					1020.6						
2026	8	18	23	24	280.0	3.1	4.6					1020.6						
2026	8	18	23	18	270.0	3.1	4.6					1020.6						
2026	8	18	23	12	270.0	3.1	4.6					1020.6						
2026	8	18	23	6	260.0	2.6	3.1					1020.5						
2026	8	18	23	0	280.0	2.1	4.1					1020.5					-0.5	
2026	8	18	22	54	320.0	1.5	4.6					1020.5						
2026	8	18	22	48	330.0	2.1	3.6					1020.6						
2026	8	18	22	42	330.0	2.1	3.1					1020.5						
2026	8	18	22	36	310.0	2.1	3.1					1020.6						
2026	8	18	22	30	280.0	1.5	2.6					1020.6						
2026	8	18	22	24	280.0	1.5	2.6					1020.6						
2026	8	18	22	18	250.0	1.5	2.6					1020.6						
2026	8	18	22	12	290.0	1.0	2.6					1020.7						
2026	8	18	22	6	320.0	1.0	3.6					1020.7						
2026	8	18	22	0	350.0	2.6	3.6					1020.8					-0.6	
2026	8	18	21	54	330.0	1.5	3.6					1020.8						
2026	8	18	21	48	320.0	1.5	3.6					1020.9						
2026	8	18	21	42	320.0	1.5	2.6					1020.9						
2026	8	18	21	36	340.0	2.6	4.6											
2026	8	18	21	30	340.0	2.6	3.6											
2026	8	18	21	24	330.0	2.6	3.6											
2026	8	18	21	18	320.0	2.1	3.1											
2026	8	18	21	12	290.0	2.1	3.1											
2026	8	18	21	6	280.0	2.1	3.1											
2026	8	18	21	0	300.0	1.5	3.1											
2026	8	18	20	54	350.0	2.6	4.6											
2026	8	18	20	48	10.0	3.1	6.2											
2026	8	18	20	42	10.0	3.1	5.1											
2026	8	18	20	36	20.0	2.6	4.6					1021.0						
2026	8	18	20	30	30.0	3.1	4.6					1021.1						
2026	8	18	20	24	350.0	3.1	4.1					1021.1						
2026	8	18	20	18	340.0	3.1	3.6					1021.1						
2026	8	18	20	12	320.0	2.6	4.6					1021.1						
2026	8	18	20	6	320.0	2.1	3.1					1021.1						
2026	8	18	20	0	320.0	2.6	4.6					1021.0					-0.4	
2026	8	18	19	54	320.0	1.0	2.6					1021.1						
2026	8	18	19	48	330.0	1.5	3.6					1021.1						
2026	8	18	19	42	340.0	1.5	2.1					1021.1						
2026	8	18	19	36	350.0	1.0	2.1					1021.2						
2026	8	18	19	30	340.0	1.5	2.6					1021.2						
2026	8	18	19	24	330.0	1.5	2.1					1021.3						
2026	8	18	19	18	340.0	2.1	3.1					1021.3						
2026	8	18	19	12	340.0	1.5	2.6					1021.3						
2026	8	18	19	6	330.0	1.5	2.6					1021.4						
2026	8	18	19	0	340.0	1.5	3.1					1021.4					0.0	
2026	8	18	18	54	340.0	2.1	5.1					1021.4						
2026	8	18	18	48	310.0	2.1	2.6					1021.4						
2026	8	18	18	42	310.0	1.5	2.6					1021.4						
2026	8	18	18	36	310.0	1.0	2.1					1021.5						
2026	8	18	18	30	340.0	2.6	3.6					1021.5						
2026	8	18	18	24	360.0	1.0	2.1					1021.6						
2026	8	18	18	18	350.0	1.5	2.6					1021.6						
2026	8	18	18	12	360.0	1.0	2.1					1021.7						
2026	8	18	18	6	360.0	1.0	2.6					1021.7						
2026	8	18	18	0	330.0	1.5	2.1					1021.6					0.5	
2026	8	18	17	54	350.0	1.5	2.6					1021.6						
2026	8	18	17	48	330.0	1.0	2.1					1021.6						
2026	8	18	17	42	340.0	1.5	2.1					1021.5						
2026	8	18	17	36	330.0	1.5	2.6					1021.5						
2026	8	18	17	30	340.0	2.1	2.6					1021.5						
2026	8	18	17	24	350.0	1.5	2.1					1021.5						
2026	8	18	17	18	350.0	1.0	1.5					1021.4						
2026	8	18	17	12	350.0	1.5	2.1					1021.4						
2026	8	18	17	6	350.0	1.5	2.6					1021.5						
2026	8	18	17	0	360.0	2.6	3.1					1021.4					0.5	
2026	8	18	16	54	340.0	2.1	2.6					1021.5						
2026	8	18	16	48	360.0	2.1	2.1					1021.5						
2026	8	18	16	42	350.0	1.0	2.6					1021.6						
2026	8	18	16	36	50.0	1.5	2.1					1021.6						
2026	8	18	16	30	40.0	1.0	2.1					1021.5						
2026	8	18	16	24	20.0	1.5	2.6					1021.5						
2026	8	18	16	18	360.0	1.5	2.6					1021.4						
2026	8	18	16	12	360.0	1.5	2.1					1021.4						
2026	8	18	16	6	350.0	1.5	2.1					1021.4						
2026	8	18	16	0	350.0	1.5	2.1					1021.4					0.8	
2026	8	18	15	54	10.0	1.0	1.5					1021.4						
2026	8	18	15	48	360.0	1.5	3.1					1021.4						
2026	8	18	15	42	360.0	2.1	3.1					1021.3						
2026	8	18	15	36	10.0	1.0	2.1					1021.3						
2026	8	18	15	30	80.0	1.5	2.6					1021.3						
2026	8	18	15	24	70.0	2.1	3.6					1021.3						
2026	8	18	15	18	60.0	1.0	2.6					1021.3						
2026	8	18	15	12	40.0	1.5	2.1					1021.2						
2026	8	18	15	6	50.0	1.5	2.1					1021.1						
2026	8	18	15	0	50.0	1.5	3.1					1021.1					0.6	
2026	8	18	14	54	20.0	2.1	3.1					1021.1						
2026	8	18	14	48	10.0	1.5	2.6					1021.1						
2026	8	18	14	42	40.0	1.5	2.1					1021.1						
2026	8	18	14	36	30.0	1.0	2.1					1021.1						
2026	8	18	14	30	40.0	1.5	2.1					1021.1						
2026	8	18	14	24	10.0	1.0	2.1					1021.1						
2026	8	18	14	18	30.0	1.5	2.1					1021.0						
2026	8	18	14	12	30.0	1.0	2.1					1021.0						
2026	8	18	14	6	20.0	1.0	2.1					1021.0						
2026	8	18	14	0	360.0	1.5	2.1					1020.9					0.3	
2026	8	18	13	54	360.0	1.5	2.1					1020.9						
2026	8	18	13	48	350.0	1.5	2.1					1020.8						
2026	8	18	13	42	340.0	1.5	2.1					1020.8						
2026	8	18	13	36	340.0	1.5	2.1					1020.8						
2026	8	18	13	30	320.0	1.5	2.1					1020.8						
2026	8	18	13	24	340.0	2.1	2.1					1020.8						
2026	8	18	13	18	340.0	2.1	2.1					1020.8						
2026	8	18	13	12	10.0	0.5	1.5					1020.7						
2026	8	18	13	6	50.0	1.5	2.1					1020.7						
2026	8	18	13	0	30.0	1.0	2.1					1020.6					0.0	
2026	8	18	12	54	50.0	1.0	1.5					1020.6						
2026	8	18	12	48	40.0	1.0	1.5					1020.7						
2026	8	18	12	42	10.0	1.0	1.5					1020.7						
2026	8	18	12	36	50.0	0.5	1.5					1020.7						
2026	8	18	12	30	20.0	1.0	1.5					1020.7						
2026	8	18	12	24	10.0	1.0	1.0					1020.7						
2026	8	18	12	18	20.0	0.5	1.0					1020.7						
2026	8	18	12	12		0.0	1.5					1020.7						
2026	8	18	12	6	10.0	1.0	1.5					1020.6						
2026	8	18	12	0	10.0	1.5	2.1					1020.5					0.0	
2026	8	18	11	54	20.0	1.5	2.6					1020.4						
2026	8	18	11	48	30.0	2.1	2.6					1020.4						
2026	8	18	11	42	30.0	2.1	3.1					1020.4						
2026	8	18	11	36	70.0	1.5	2.1					1020.5						
2026	8	18	11	30	60.0	1.5	2.6					1020.5						
2026	8	18	11	24	60.0	2.1	3.6					1020.6						
2026	8	18	11	18	80.0	1.5	2.6					1020.6						
2026	8	18	11	12	90.0	1.5	2.6					1020.6						
2026	8	18	11	6	60.0	1.5	2.6					1020.7						
2026	8	18	11	0	80.0	1.0	2.6					1020.6					0.0	
2026	8	18	10	54	90.0	1.5	3.6					1020.6						
2026	8	18	10	48	50.0	1.5	2.1					1020.6						
2026	8	18	10	42	20.0	1.0	1.5					1020.5						
2026	8	18	10	36	30.0	1.0	1.5					1020.4						
2026	8	18	10	30	360.0	1.0	2.1					1020.4						
2026	8	18	10	24	20.0	1.0	2.1					1020.4						
2026	8	18	10	18	30.0	1.0	2.1					1020.5						
2026	8	18	10	12	10.0	1.5	2.1					1020.5						
2026	8	18	10	6	10.0	1.5	2.1					1020.5						
2026	8	18	10	0	20.0	1.5	2.6					1020.4					0.0	
2026	8	18	9	54	30.0	1.5	2.1					1020.5						
2026	8	18	9	48	10.0	1.0	2.6					1020.5						
2026	8	18	9	42	10.0	1.5	2.6					1020.4						
2026	8	18	9	36	360.0	1.0	2.1					1020.3						
2026	8	18	9	30	320.0	0.5	2.1					1020.4						
2026	8	18	9	24	350.0	1.5	2.1					1020.4						
2026	8	18	9	18	10.0	1.0	2.6					1020.4						
2026	8	18	9	12	10.0	2.1	2.6					1020.4						
2026	8	18	9	6	20.0	1.0	2.6					1020.5						
2026	8	18	9	0	60.0	1.5	3.1					1020.5					0.0	
2026	8	18	8	54	50.0	2.6	3.6					1020.5						
2026	8	18	8	48	40.0	2.6	3.1					1020.5						
2026	8	18	8	42	40.0	2.1	3.1					1020.6						
2026	8	18	8	36	50.0	2.6	3.6					1020.6						
2026	8	18	8	30	40.0	3.1	4.1					1020.6						
2026	8	18	8	24	20.0	2.6	4.1					1020.7						
2026	8	18	8	18	30.0	3.1	4.6					1020.7						
2026	8	18	8	12	30.0	3.1	4.1					1020.7						
2026	8	18	8	6	40.0	3.6	5.1					1020.7						
2026	8	18	8	0	40.0	4.1	5.1					1020.7					0.4	
2026	8	18	7	54	40.0	4.1	5.1					1020.7						
2026	8	18	7	48	50.0	4.6	5.7					1020.8						
2026	8	18	7	42	50.0	3.6	4.6					1020.7						
2026	8	18	7	36	60.0	3.1	4.6					1020.7						
2026	8	18	7	30	60.0	2.6	3.6					1020.7						
2026	8	18	7	24	50.0	2.6	3.1					1020.6						
2026	8	18	7	18	80.0	2.1	3.6					1020.6						
2026	8	18	7	12	60.0	2.6	3.6					1020.5						
2026	8	18	7	6	60.0	1.5	3.1					1020.5						
2026	8	18	7	0	50.0	1.5	2.6					1020.5					0.7	
2026	8	18	6	54	40.0	1.5	2.1					1020.5						
2026	8	18	6	48	30.0	2.1	2.6					1020.5						
2026	8	18	6	42	40.0	2.1	2.6					1020.5						
2026	8	18	6	36	60.0	1.5	2.6					1020.5						
2026	8	18	6	30	70.0	1.0	2.6					1020.5						
2026	8	18	6	24	40.0	2.1	2.6					1020.4						
2026	8	18	6	18	10.0	1.5	2.6					1020.5						
2026	8	18	6	12	10.0	2.1	3.6					1020.5						
2026	8	18	6	6	20.0	1.5	3.1					1020.5						
2026	8	18	6	0	20.0	3.1	5.1					1020.5					0.9	
2026	8	18	5	54	40.0	3.1	4.6					1020.6						
2026	8	18	5	48	40.0	1.5	3.1					1020.5						
2026	8	18	5	42	20.0	2.6	4.6					1020.5						
2026	8	18	5	36	10.0	2.6	4.1					1020.5						
2026	8	18	5	30	30.0	2.6	3.6					1020.4						
2026	8	18	5	24	40.0	2.6	4.6					1020.4						
2026	8	18	5	18	30.0	2.6	4.6					1020.4						
2026	8	18	5	12	20.0	3.1	4.6					1020.4						
2026	8	18	5	6	20.0	2.6	4.6					1020.4						
2026	8	18	5	0	20.0	2.6	4.1					1020.3					1.0	
2026	8	18	4	54	40.0	3.6	5.1					1020.2						
2026	8	18	4	48	30.0	3.1	4.6					1020.2						
2026	8	18	4	42	40.0	3.1	5.1					1020.2						
2026	8	18	4	36	30.0	3.6	5.7					1020.2						
2026	8	18	4	30	20.0	3.6	6.7					1020.1						
2026	8	18	4	24	40.0	5.1	7.2					1020.0						
2026	8	18	4	18	20.0	4.6	6.2					1019.9						
2026	8	18	4	12	40.0	4.6	8.2					1019.9						
2026	8	18	4	6	40.0	4.6	6.2					1019.8						
2026	8	18	4	0	50.0	4.1	6.2					1019.8					0.3	
2026	8	18	3	54	50.0	4.1	6.2					1019.8						
2026	8	18	3	48	60.0	3.1	5.1					1019.7						
2026	8	18	3	42	60.0	3.6	5.1					1019.7						
2026	8	18	3	36	50.0	4.1	5.1					1019.6						
2026	8	18	3	30	70.0	3.6	4.6					1019.6						
2026	8	18	3	24	60.0	3.6	4.6					1019.6						
2026	8	18	3	18	70.0	3.6	4.6					1019.6						
2026	8	18	3	12	70.0	2.6	3.6					1019.6						
2026	8	18	3	6	50.0	2.1	3.6					1019.6						
2026	8	18	3	0	60.0	2.1	3.6					1019.6					-0.0	
2026	8	18	2	54	60.0	1.5	3.1					1019.6						
2026	8	18	2	48	20.0	2.1	3.1					1019.5						
2026	8	18	2	42	360.0	1.5	2.6					1019.5						
2026	8	18	2	36	30.0	1.0	1.5					1019.5						
2026	8	18	2	30	60.0	0.5	2.1					1019.5						
2026	8	18	2	24	360.0	0.5	2.1					1019.5						
2026	8	18	2	18	350.0	1.0	2.1					1019.4						
2026	8	18	2	12	20.0	1.5	2.1					1019.4						
2026	8	18	2	6	350.0	0.5	2.1					1019.4						
2026	8	18	2	0	360.0	1.5	2.1					1019.3					-0.6	
2026	8	18	1	54	350.0	0.5	2.6					1019.3						
2026	8	18	1	48	20.0	0.5	2.6					1019.3						
2026	8	18	1	42	360.0	1.5	3.6					1019.2						
2026	8	18	1	36	50.0	1.5	3.6					1019.2						
2026	8	18	1	30	50.0	2.1	4.1					1019.2						
2026	8	18	1	24	20.0	1.5	3.1					1019.3						
2026	8	18	1	18	70.0	1.5	3.1					1019.3						
2026	8	18	1	12	30.0	2.1	2.6					1019.4						
2026	8	18	1	6	30.0	2.1	3.1					1019.5						
2026	8	18	1	0	30.0	2.6	4.6					1019.5					-0.6	
2026	8	18	0	54	20.0	3.1	5.7					1019.6						
2026	8	18	0	48	20.0	3.1	4.1					1019.7						
2026	8	18	0	42	60.0	2.1	3.1					1019.8						
2026	8	18	0	36	30.0	1.5	2.6					1019.8						
2026	8	18	0	30	50.0	0.5	2.6					1019.9						
2026	8	18	0	24	350.0	1.5	2.1					1019.8						
2026	8	18	0	18	330.0	1.0	2.1					1019.8						
2026	8	18	0	12	350.0	1.0	2.1					1019.7						
2026	8	18	0	6	350.0	1.0	2.6					1019.9						
2026	8	18	0	0	340.0	1.5	3.6					1019.8					0.0	
2026	8	17	23	54	10.0	2.6	3.6					1019.8						
2026	8	17	23	48	30.0	0.5	2.6					1019.9						
2026	8	17	23	42	60.0	1.0	2.6					1019.9						
2026	8	17	23	36	30.0	2.1	3.1					1019.9						
2026	8	17	23	30	80.0	1.0	2.6					1019.8						
2026	8	17	23	24	40.0	1.0	2.6					1019.9						
2026	8	17	23	18	10.0	1.5	3.6					1019.8						
2026	8	17	23	12	20.0	1.5	2.6					1019.7						
2026	8	17	23	6	60.0	2.1	3.6					1019.8						
2026	8	17	23	0	60.0	2.6	4.1					1019.9					0.0	
2026	8	17	22	54	20.0	2.1	4.6					1019.8						
2026	8	17	22	48	30.0	2.1	4.6					1019.7						
2026	8	17	22	42	30.0	2.6	4.6					1019.9						
2026	8	17	22	36	40.0	2.1	4.1					1019.9						
2026	8	17	22	30	30.0	2.1	4.1					1019.9						
2026	8	17	22	24	20.0	2.1	3.6					1020.0						
2026	8	17	22	18	20.0	2.6	4.1					1019.9						
2026	8	17	22	12	10.0	1.0	2.6					1020.0						
2026	8	17	22	6	10.0	1.0	3.1					1020.1						
2026	8	17	22	0	20.0	0.5	3.6					1020.1					0.3	
2026	8	17	21	54	350.0	2.1	3.6					1020.0						
2026	8	17	21	48	320.0	2.1	3.6					1019.9						
2026	8	17	21	42	360.0	1.5	3.1					1019.8						
2026	8	17	21	36	350.0	1.5	3.1					1020.0						
2026	8	17	21	30	340.0	2.1	3.6					1020.1						
2026	8	17	21	24	340.0	2.1	3.6					1020.0						
2026	8	17	21	18	350.0	2.6	4.1					1019.9						
2026	8	17	21	12	360.0	3.1	5.1					1019.8						
2026	8	17	21	6	340.0	2.6	3.1					1019.8						
2026	8	17	21	0	330.0	1.0	2.6					1019.8					-0.6	
2026	8	17	20	54	350.0	1.5	2.6					1019.8						
2026	8	17	20	48	360.0	1.5	2.6					1019.8						
2026	8	17	20	42	30.0	1.5	4.1					1019.7						
2026	8	17	20	36	10.0	3.1	5.7					1019.6						
2026	8	17	20	30	10.0	3.6	6.2					1019.6						
2026	8	17	20	24	360.0	3.1	5.1					1019.7						
2026	8	17	20	18	350.0	2.6	4.6					1019.7						
2026	8	17	20	12	360.0	2.6	5.1					1019.7						
2026	8	17	20	6	10.0	4.6	6.2					1019.7						
2026	8	17	20	0	10.0	3.6	5.7					1019.7					-0.6	
2026	8	17	19	54	10.0	2.6	4.6					1019.9						
2026	8	17	19	48	360.0	2.1	6.2					1019.9						
2026	8	17	19	42	10.0	2.1	3.1					1019.9						
2026	8	17	19	36	40.0	3.1	5.1					1020.0						
2026	8	17	19	30	350.0	2.6	6.2					1020.0						
2026	8	17	19	24	10.0	4.6	6.7					1019.8						
2026	8	17	19	18	10.0	5.1	8.2					1019.9						
2026	8	17	19	12	360.0	5.7	7.2					1019.8						
2026	8	17	19	6	360.0	4.1	7.2					1019.8						
2026	8	17	19	0	10.0	4.6	7.2					1019.8					-0.5	
2026	8	17	18	54	360.0	5.1	7.2					1019.9						
2026	8	17	18	48	360.0	4.6	6.2					1020.2						
2026	8	17	18	42	360.0	4.1	5.7					1020.2						
2026	8	17	18	36	10.0	2.6	6.2					1020.2						
2026	8	17	18	30	360.0	4.1	7.2					1020.3						
2026	8	17	18	24	360.0	4.1	6.7					1020.4						
2026	8	17	18	18	360.0	3.6	7.2					1020.4						
2026	8	17	18	12	360.0	4.1	6.7					1020.5						
2026	8	17	18	6	360.0	4.1	7.7					1020.5						
2026	8	17	18	0	10.0	3.6	6.7					1020.4					0.3	
2026	8	17	17	54	360.0	4.6	6.7					1020.4						
2026	8	17	17	48	20.0	4.1	5.7					1020.4						
2026	8	17	17	42	10.0	3.6	6.2					1020.4						
2026	8	17	17	36	360.0	3.1	6.2					1020.4						
2026	8	17	17	30	360.0	4.1	6.2					1020.4						
2026	8	17	17	24	360.0	2.6	6.2					1020.4						
2026	8	17	17	18	10.0	4.6	6.7					1020.4						
2026	8	17	17	12	360.0	3.6	5.7					1020.5						
2026	8	17	17	6	360.0	3.6	5.1					1020.4						
2026	8	17	17	0	350.0	2.6	4.6					1020.3					0.3	
2026	8	17	16	54	360.0	2.6	4.6					1020.2						
2026	8	17	16	48	10.0	3.6	5.7					1020.2						
2026	8	17	16	42	20.0	4.1	6.2					1020.2						
2026	8	17	16	36	20.0	5.1	6.7					1020.3						
2026	8	17	16	30	360.0	3.6	5.7					1020.4						
2026	8	17	16	24	10.0	4.6	6.2					1020.4						
2026	8	17	16	18	20.0	4.6	7.2					1020.3						
2026	8	17	16	12	30.0	3.6	4.6					1020.3						
2026	8	17	16	6	10.0	3.1	5.7					1020.4						
2026	8	17	16	0	20.0	3.6	5.1					1020.3					0.5	
2026	8	17	15	54	30.0	4.1	6.7					1020.2						
2026	8	17	15	48	20.0	3.1	5.1					1020.2						
2026	8	17	15	42	20.0	3.1	4.6					1020.1						
2026	8	17	15	36	360.0	3.1	5.7					1020.3						
2026	8	17	15	30	360.0	4.6	6.7					1020.2						
2026	8	17	15	24	360.0	3.6	5.1					1020.1						
2026	8	17	15	18	350.0	4.6	5.7					1020.1						
2026	8	17	15	12	350.0	4.6	5.1					1020.1						
2026	8	17	15	6	360.0	3.6	4.6					1020.1						
2026	8	17	15	0	10.0	2.1	3.6					1020.1					-0.0	
2026	8	17	14	54	10.0	2.1	4.6					1020.3						
2026	8	17	14	48	350.0	3.6	4.1					1020.2						
2026	8	17	14	42	360.0	2.1	4.1					1020.0						
2026	8	17	14	36	350.0	3.1	4.1					1020.0						
2026	8	17	14	30	310.0	2.1	3.1					1019.9						
2026	8	17	14	24	330.0	2.1	3.1					1019.9						
2026	8	17	14	18	350.0	2.1	3.6					1019.9						
2026	8	17	14	12	340.0	2.6	3.6					1019.9						
2026	8	17	14	6	360.0	2.6	4.6					1020.0						
2026	8	17	14	0	360.0	2.6	4.1					1020.0					-0.3	
2026	8	17	13	54	30.0	2.6	3.6					1020.0						
2026	8	17	13	48	20.0	2.6	4.1					1019.9						
2026	8	17	13	42	30.0	3.1	4.6					1019.8						
2026	8	17	13	36	20.0	3.1	5.7					1019.8						
2026	8	17	13	30	10.0	2.6	4.6					1019.8						
2026	8	17	13	24	360.0	3.6	5.1					1019.7						
2026	8	17	13	18	360.0	3.6	5.1					1019.8						
2026	8	17	13	12	360.0	2.6	5.1					1019.7						
2026	8	17	13	6	360.0	4.1	6.2					1019.8						
2026	8	17	13	0	360.0	4.1	6.7					1019.8					-0.6	
2026	8	17	12	54	360.0	3.6	5.7					1019.8						
2026	8	17	12	48	10.0	3.1	5.1					1019.9						
2026	8	17	12	42	360.0	2.6	4.6					1020.0						
2026	8	17	12	36	360.0	2.6	3.6					1020.1						
2026	8	17	12	30	20.0	3.6	4.1					1020.1						
2026	8	17	12	24	10.0	2.6	4.1					1020.1						
2026	8	17	12	18	20.0	2.6	3.6					1020.2						
2026	8	17	12	12	10.0	2.6	3.6					1020.3						
2026	8	17	12	6	350.0	2.1	3.1					1020.2						
2026	8	17	12	0	330.0	2.6	3.6					1020.2					-0.5	
2026	8	17	11	54	340.0	3.1	4.1					1020.1						
2026	8	17	11	48	340.0	2.6	3.1					1020.2						
2026	8	17	11	42	340.0	2.1	3.1					1020.3						
2026	8	17	11	36	340.0	2.1	2.6					1020.4						
2026	8	17	11	30	10.0	2.6	3.1					1020.4						
2026	8	17	11	24	10.0	2.6	5.7					1020.4						
2026	8	17	11	18	10.0	3.1	5.7					1020.3						
2026	8	17	11	12	20.0	3.1	4.6					1020.3						
2026	8	17	11	6	30.0	4.1	5.1					1020.3						
2026	8	17	11	0	40.0	2.6	4.1					1020.3					-0.5	
2026	8	17	10	54	30.0	4.1	6.2					1020.2						
2026	8	17	10	48	20.0	4.1	5.7					1020.3						
2026	8	17	10	42	360.0	3.1	4.6					1020.4						
2026	8	17	10	36	10.0	3.6	6.7					1020.4						
2026	8	17	10	30	20.0	4.1	6.7					1020.5						
2026	8	17	10	24	10.0	4.6	7.2					1020.6						
2026	8	17	10	18	10.0	4.6	6.7					1020.6						
2026	8	17	10	12	10.0	4.6	6.7					1020.5						
2026	8	17	10	6	360.0	4.1	7.2					1020.4						
2026	8	17	10	0	360.0	4.6	7.2					1020.4					-0.7	
2026	8	17	9	54	360.0	5.1	7.7					1020.3						
2026	8	17	9	48	360.0	4.1	6.2					1020.4						
2026	8	17	9	42	360.0	4.6	6.7					1020.6						
2026	8	17	9	36	360.0	2.1	5.1					1020.6						
2026	8	17	9	30	10.0	2.1	3.6					1020.7						
2026	8	17	9	24	360.0	2.6	4.1					1020.8						
2026	8	17	9	18	20.0	3.6	4.6					1020.7						
2026	8	17	9	12	10.0	3.6	5.7					1020.7						
2026	8	17	9	6	10.0	2.1	4.1					1020.7						
2026	8	17	9	0	30.0	3.1	4.1					1020.7					-0.3	
2026	8	17	8	54	10.0	2.1	4.1					1020.7						
2026	8	17	8	48	20.0	3.6	5.7					1020.7						
2026	8	17	8	42	20.0	3.1	4.6					1020.8						
2026	8	17	8	36	10.0	3.1	4.6					1020.8						
2026	8	17	8	30	10.0	2.6	4.1					1020.8						
2026	8	17	8	24	30.0	2.1	3.6					1020.9						
2026	8	17	8	18	40.0	2.1	4.1					1020.9						
2026	8	17	8	12	30.0	2.1	3.6					1020.8						
2026	8	17	8	6	50.0	1.5	2.6					1020.9						
2026	8	17	8	0	50.0	2.1	3.6					1020.8					-0.4	
2026	8	17	7	54	80.0	2.1	3.1					1020.8						
2026	8	17	7	48	80.0	1.5	3.1					1020.8						
2026	8	17	7	42	70.0	2.1	2.6					1020.7						
2026	8	17	7	36	80.0	1.5	2.1					1020.8						
2026	8	17	7	30	90.0	1.0	2.6					1020.8						
2026	8	17	7	24	60.0	1.5	2.6					1020.8						
2026	8	17	7	18	90.0	1.0	2.6					1020.8						
2026	8	17	7	12	60.0	1.5	2.6					1020.8						
2026	8	17	7	6	80.0	1.0	2.6					1021.0						
2026	8	17	7	0	80.0	1.5	2.6					1021.1					0.3	
2026	8	17	6	54	80.0	1.5	2.6					1021.0						
2026	8	17	6	48	70.0	1.5	2.6					1021.0						
2026	8	17	6	42	70.0	2.1	2.6					1021.0						
2026	8	17	6	36	70.0	1.5	2.6					1021.0						
2026	8	17	6	30	70.0	2.1	3.1					1021.0						
2026	8	17	6	24	70.0	1.5	3.1					1020.9						
2026	8	17	6	18	80.0	2.1	3.1					1021.0						
2026	8	17	6	12	80.0	1.5	2.6					1020.9						
2026	8	17	6	6	30.0	0.5	3.1					1021.0						
2026	8	17	6	0	40.0	1.0	2.6					1021.0					0.6	
2026	8	17	5	54	50.0	1.0	2.1					1021.0						
2026	8	17	5	48	70.0	1.0	1.5					1021.0						
2026	8	17	5	42	70.0	1.0	2.1					1021.0						
2026	8	17	5	36	70.0	1.5	2.6					1021.1						
2026	8	17	5	30	60.0	1.5	2.6					1021.1						
2026	8	17	5	24	90.0	1.5	2.6					1021.3						
2026	8	17	5	18	100.0	1.0	2.6					1021.2						
2026	8	17	5	12	90.0	1.5	2.1					1021.2						
2026	8	17	5	6	100.0	1.0	1.5					1021.3						
2026	8	17	5	0	40.0	1.0	2.1					1021.2					1.1	
2026	8	17	4	54	50.0	0.5	1.5					1021.3						
2026	8	17	4	48	20.0	0.5	2.1					1021.2						
2026	8	17	4	42	30.0	2.1	2.1					1021.2						
2026	8	17	4	36	30.0	2.1	3.1					1021.2						
2026	8	17	4	30	50.0	2.1	3.6					1021.1						
2026	8	17	4	24	50.0	1.5	2.6					1021.1						
2026	8	17	4	18	70.0	1.5	3.1					1021.0						
2026	8	17	4	12	50.0	2.1	2.6					1021.0						
2026	8	17	4	6	50.0	2.1	3.1					1020.9						
2026	8	17	4	0	70.0	1.0	2.1					1020.8					-0.0	
2026	8	17	3	54	60.0	1.0	2.6					1020.7						
2026	8	17	3	48	110.0	0.5	2.6					1020.7						
2026	8	17	3	42	30.0	1.5	2.6					1020.6						
2026	8	17	3	36	80.0	1.0	2.6					1020.6						
2026	8	17	3	30	60.0	1.5	2.6					1020.5						
2026	8	17	3	24	60.0	1.5	2.6					1020.5						
2026	8	17	3	18	30.0	1.0	2.6					1020.5						
2026	8	17	3	12	80.0	1.0	2.1					1020.5						
2026	8	17	3	6	70.0	0.5	2.6					1020.5						
2026	8	17	3	0	50.0	1.5	3.6					1020.4					-0.4	
2026	8	17	2	54	30.0	1.5	4.1					1020.3						
2026	8	17	2	48	40.0	1.0	3.1					1020.3						
2026	8	17	2	42	30.0	2.6	3.6					1020.3						
2026	8	17	2	36	10.0	2.6	5.1					1020.1						
2026	8	17	2	30	20.0	3.1	4.6					1020.1						
2026	8	17	2	24	20.0	2.6	5.7					1020.1						
2026	8	17	2	18	20.0	4.1	5.7					1020.0						
2026	8	17	2	12	30.0	3.6	5.7					1020.0						
2026	8	17	2	6	30.0	3.1	5.1					1020.1						
2026	8	17	2	0	20.0	4.1	5.7					1020.1					-1.1	
2026	8	17	1	54	30.0	3.6	5.7					1020.0						
2026	8	17	1	48	30.0	2.6	4.1					1020.1						
2026	8	17	1	42	20.0	2.1	3.6					1020.2						
2026	8	17	1	36	30.0	2.1	5.7					1020.2						
2026	8	17	1	30	40.0	3.1	4.1					1020.3						
2026	8	17	1	24	40.0	2.6	5.1					1020.4						
2026	8	17	1	18	40.0	2.6	5.1					1020.4						
2026	8	17	1	12	10.0	3.1	5.7					1020.5						
2026	8	17	1	6	10.0	3.1	5.7					1020.5						
2026	8	17	1	0	360.0	2.6	5.1					1020.6					-1.1	
2026	8	17	0	54	10.0	2.6	5.1					1020.7						
2026	8	17	0	48	360.0	3.1	5.1					1020.7						
2026	8	17	0	42	360.0	4.1	6.2					1020.7						
2026	8	17	0	36	360.0	4.1	5.1					1020.7						
2026	8	17	0	30	350.0	3.6	6.2					1020.6						
2026	8	17	0	24	360.0	3.6	6.7					1020.7						
2026	8	17	0	18	10.0	3.6	5.7					1020.7						
2026	8	17	0	12	10.0	4.1	6.2					1020.8						
2026	8	17	0	6	10.0	3.1	5.7					1020.7						
2026	8	17	0	0	10.0	3.6	6.2					1020.8					-1.4	
2026	8	16	23	54	20.0	4.1	5.1					1020.8						
2026	8	16	23	48	10.0	4.6	6.2					1020.7						
2026	8	16	23	42	10.0	4.1	6.2					1020.8						
2026	8	16	23	36	10.0	3.1	5.1					1020.8						
2026	8	16	23	30	20.0	3.1	6.2					1020.8						
2026	8	16	23	24	20.0	3.6	6.2					1020.9						
2026	8	16	23	18	20.0	4.6	6.7					1020.9						
2026	8	16	23	12	10.0	4.6	6.7					1021.0						
2026	8	16	23	6	10.0	5.1	7.7					1021.1						
2026	8	16	23	0	10.0	4.1	6.7					1021.2					-1.0	
2026	8	16	22	54	10.0	3.6	6.7					1021.2						
2026	8	16	22	48	360.0	3.1	4.6					1021.3						
2026	8	16	22	42	10.0	3.1	4.6					1021.3						
2026	8	16	22	36	10.0	3.6	6.2					1021.3						
2026	8	16	22	30	360.0	3.6	5.7					1021.4						
2026	8	16	22	24	360.0	4.1	6.2					1021.4						
2026	8	16	22	18	360.0	4.1	6.7					1021.5						
2026	8	16	22	12	360.0	4.6	6.7					1021.6						
2026	8	16	22	6	350.0	5.1	6.7					1021.6						
2026	8	16	22	0	350.0	5.1	6.7					1021.7					-0.8	
2026	8	16	21	54	350.0	4.1	6.2					1021.9						
2026	8	16	21	48	350.0	3.1	6.7					1022.0						
2026	8	16	21	42	350.0	4.6	6.2					1022.1						
2026	8	16	21	36	360.0	5.1	6.7					1022.1						
2026	8	16	21	30	360.0	5.1	6.7					1022.1						
2026	8	16	21	24	350.0	5.1	6.7					1022.1						
2026	8	16	21	18	360.0	5.7	7.2					1022.1						
2026	8	16	21	12	350.0	5.1	6.2					1022.1						
2026	8	16	21	6	350.0	4.1	6.2					1022.2						
2026	8	16	21	0	350.0	5.1	6.7					1022.2					-0.6	
2026	8	16	20	54	360.0	5.7	8.2					1022.3						
2026	8	16	20	48	360.0	5.7	7.2					1022.3						
2026	8	16	20	42	350.0	6.2	7.2					1022.3						
2026	8	16	20	36	340.0	6.2	7.2					1022.2						
2026	8	16	20	30	340.0	6.2	7.2					1022.2						
2026	8	16	20	24	340.0	6.2	8.2					1022.2						
2026	8	16	20	18	350.0	6.2	7.7					1022.2						
2026	8	16	20	12	340.0	6.2	8.2					1022.2						
2026	8	16	20	6	340.0	5.1	7.2					1022.2						
2026	8	16	20	0	340.0	5.7	7.2					1022.2					-0.5	
2026	8	16	19	54	350.0	5.7	7.2					1022.2						
2026	8	16	19	48	350.0	5.1	6.7					1022.2						
2026	8	16	19	42	350.0	5.1	7.2					1022.2						
2026	8	16	19	36	360.0	5.7	7.7					1022.2						
2026	8	16	19	30	360.0	6.2	8.2					1022.3						
2026	8	16	19	24	360.0	6.2	7.7					1022.4						
2026	8	16	19	18	360.0	6.2	8.2					1022.4						
2026	8	16	19	12	360.0	5.7	7.7					1022.5						
2026	8	16	19	6	360.0	5.1	7.2					1022.6						
2026	8	16	19	0	360.0	5.1	6.7					1022.5					0.0	
2026	8	16	18	54	360.0	4.6	6.2					1022.6						
2026	8	16	18	48	360.0	4.1	6.2					1022.6						
2026	8	16	18	42	360.0	3.6	6.2					1022.6						
2026	8	16	18	36	360.0	4.1	5.7					1022.6						
2026	8	16	18	30	350.0	3.6	5.1					1022.6						
2026	8	16	18	24	350.0	3.1	4.6					1022.6						
2026	8	16	18	18	360.0	2.6	4.6					1022.6						
2026	8	16	18	12	350.0	3.6	4.6					1022.7						
2026	8	16	18	6	330.0	3.1	3.6					1022.7						
2026	8	16	18	0	300.0	1.0	2.6					1022.8					-0.0	
2026	8	16	17	54	280.0	1.0	2.1					1022.7						
2026	8	16	17	48	300.0	0.5	2.6					1022.7						
2026	8	16	17	42	330.0	0.5	1.5					1022.7						
2026	8	16	17	36	300.0	1.0	1.5					1022.7						
2026	8	16	17	30	320.0	0.5	1.5					1022.7						
2026	8	16	17	24	300.0	0.5	2.1					1022.7						
2026	8	16	17	18	330.0	1.5	2.1					1022.7						
2026	8	16	17	12	310.0	1.0	1.5					1022.7						
2026	8	16	17	6	310.0	0.5	1.5					1022.7						
2026	8	16	17	0	300.0	1.5	2.6					1022.7					0.0	
2026	8	16	16	54	310.0	1.5	2.1					1022.6						
2026	8	16	16	48	320.0	2.1	2.1					1022.6						
2026	8	16	16	42	330.0	1.5	2.1					1022.6						
2026	8	16	16	36	330.0	1.5	2.1					1022.6						
2026	8	16	16	30	320.0	1.0	1.5					1022.7						
2026	8	16	16	24	300.0	1.0	1.0					1022.8						
2026	8	16	16	18	320.0	1.5	2.1					1022.7						
2026	8	16	16	12		0.0	1.0					1022.7						
2026	8	16	16	6	10.0	0.5	1.0					1022.6						
2026	8	16	16	0	70.0	1.0	1.5					1022.7					0.0	
2026	8	16	15	54	60.0	1.0	1.5					1022.7						
2026	8	16	15	48	40.0	1.0	2.1					1022.8						
2026	8	16	15	42	90.0	1.5	2.1					1022.9						
2026	8	16	15	36	100.0	1.0	1.5					1022.9						
2026	8	16	15	30	100.0	1.0	1.5					1023.0						
2026	8	16	15	24	100.0	1.0	2.6					1023.0						
2026	8	16	15	18	100.0	1.5	2.1					1023.0						
2026	8	16	15	12	100.0	1.5	2.6					1023.0						
2026	8	16	15	6	110.0	1.5	2.1					1023.0						
2026	8	16	15	0	110.0	1.5	1.5					1023.0					0.5	
2026	8	16	14	54	110.0	1.0	2.6					1023.0						
2026	8	16	14	48	100.0	2.1	3.1					1023.0						
2026	8	16	14	42	100.0	2.1	2.6					1022.8						
2026	8	16	14	36	90.0	1.5	2.1					1022.8						
2026	8	16	14	30	90.0	1.0	1.5					1022.9						
2026	8	16	14	24	90.0	0.5	1.5					1023.0						
2026	8	16	14	18	90.0	1.0	1.5					1022.9						
2026	8	16	14	12	90.0	0.5	1.0					1022.9						
2026	8	16	14	6		0.0	0.5					1022.8						
2026	8	16	14	0		0.0	0.5					1022.9					-0.0	
2026	8	16	13	54		0.0	0.5					1022.8						
2026	8	16	13	48		0.0	1.0					1022.7						
2026	8	16	13	42		0.0	0.5					1022.7						
2026	8	16	13	36								1022.7						
2026	8	16	13	30								1022.6						
2026	8	16	13	24								1022.5						
2026	8	16	13	18								1022.5						
2026	8	16	13	12								1022.5						
2026	8	16	13	6								1022.5						
2026	8	16	13	0								1022.5					0.0	
2026	8	16	12	54								1022.5						
2026	8	16	12	48								1022.5						
2026	8	16	12	42								1022.6						
2026	8	16	12	36	110.0	1.5	2.6					1022.4						
2026	8	16	12	30	120.0	1.5	2.6					1022.5						
2026	8	16	12	24	100.0	1.5	2.1					1022.5						
2026	8	16	12	18	110.0	1.5	2.6					1022.5						
2026	8	16	12	12	110.0	1.5	2.1					1022.5						
2026	8	16	12	6	110.0	1.5	2.1					1022.5						
2026	8	16	12	0	100.0	1.0	1.5					1022.5					0.0	
2026	8	16	11	54	120.0	1.0	2.1					1022.5						
2026	8	16	11	48	120.0	1.0	1.5					1022.6						
2026	8	16	11	42	110.0	1.0	1.5					1022.6						
2026	8	16	11	36	120.0	1.5	2.1					1022.6						
2026	8	16	11	30	110.0	1.0	2.1					1022.7						
2026	8	16	11	24	120.0	1.0	2.1					1022.6						
2026	8	16	11	18	100.0	1.0	2.1					1022.6						
2026	8	16	11	12	110.0	1.5	2.6					1022.6						
2026	8	16	11	6	120.0	1.5	2.6					1022.6						
2026	8	16	11	0	110.0	1.5	2.6					1022.7					0.3	
2026	8	16	10	54	120.0	1.5	2.6					1022.7						
2026	8	16	10	48	110.0	1.5	2.6					1022.8						
2026	8	16	10	42	110.0	1.0	2.1					1022.8						
2026	8	16	10	36	110.0	1.0	2.6					1022.7						
2026	8	16	10	30	110.0	1.0	1.5					1022.8						
2026	8	16	10	24	110.0	1.0	1.5					1022.8						
2026	8	16	10	18	110.0	1.5	2.1					1022.8						
2026	8	16	10	12	120.0	0.5	1.0					1022.8						
2026	8	16	10	6	110.0	1.0	1.0					1022.8						
2026	8	16	10	0	120.0	0.5	1.0					1022.7					0.6	
2026	8	16	9	54	110.0	0.5	1.0					1022.6						
2026	8	16	9	48	110.0	0.5	1.0					1022.6						
2026	8	16	9	42		0.0	0.5					1022.5						
2026	8	16	9	36	80.0	0.5	1.0					1022.6						
2026	8	16	9	30		0.0	0.0					1022.6						
2026	8	16	9	24		0.0	1.0					1022.5						
2026	8	16	9	18		0.0	1.0					1022.5						
2026	8	16	9	12		0.0	0.5					1022.5						
2026	8	16	9	6		0.0	0.5					1022.5						
2026	8	16	9	0		0.0	0.5					1022.4					0.0	
2026	8	16	8	54	60.0	0.5	1.0					1022.4						
2026	8	16	8	48		0.0	0.5					1022.4						
2026	8	16	8	42		0.0	0.5					1022.4						
2026	8	16	8	36		0.0	0.5					1022.5						
2026	8	16	8	30		0.0	1.0					1022.5						
2026	8	16	8	24		0.0	0.5					1022.5						
2026	8	16	8	18	110.0	0.5	1.0					1022.5						
2026	8	16	8	12	90.0	0.5	1.0					1022.4						
2026	8	16	8	6	90.0	1.0	1.0					1022.4						
2026	8	16	8	0	100.0	1.0	1.0					1022.4					-0.0	
2026	8	16	7	54	120.0	0.5	1.0					1022.4						
2026	8	16	7	48	110.0	0.5	0.5					1022.5						
2026	8	16	7	42		0.0	0.5					1022.4						
2026	8	16	7	36		0.0	0.0					1022.4						
2026	8	16	7	30		0.0	0.0					1022.4						
2026	8	16	7	24		0.0	0.0					1022.3						
2026	8	16	7	18		0.0	0.0					1022.3						
2026	8	16	7	12		0.0	0.0					1022.2						
2026	8	16	7	6		0.0	0.0					1022.1						
2026	8	16	7	0		0.0	0.0					1022.1					0.0	
2026	8	16	6	54		0.0	0.0					1022.2						
2026	8	16	6	48		0.0	0.5					1022.2						
2026	8	16	6	42		0.0	0.5					1022.2						
2026	8	16	6	36		0.0	1.0					1022.2						
2026	8	16	6	30	10.0	0.5	1.5					1022.2						
2026	8	16	6	24	30.0	0.5	1.0					1022.2						
2026	8	16	6	18		0.0	1.0					1022.2						
2026	8	16	6	12		0.0	1.0					1022.2						
2026	8	16	6	6	50.0	1.0	1.5					1022.3						
2026	8	16	6	0	60.0	1.5	2.1					1022.3					0.6	
2026	8	16	5	54	50.0	1.0	2.1					1022.3						
2026	8	16	5	48	20.0	1.0	2.1					1022.3						
2026	8	16	5	42	20.0	1.5	2.6					1022.3						
2026	8	16	5	36	10.0	2.1	2.6					1022.3						
2026	8	16	5	30	20.0	2.1	3.1					1022.3						
2026	8	16	5	24	10.0	2.6	2.6					1022.3						
2026	8	16	5	18	10.0	2.1	2.6					1022.3						
2026	8	16	5	12	30.0	1.0	2.1					1022.3						
2026	8	16	5	6	60.0	1.0	2.1					1022.4						
2026	8	16	5	0	100.0	1.0	2.1					1022.4					0.8	
2026	8	16	4	54	80.0	1.5	2.6					1022.4						
2026	8	16	4	48	90.0	1.5	2.1					1022.4						
2026	8	16	4	42	60.0	1.5	2.1					1022.4						
2026	8	16	4	36	70.0	1.5	2.6					1022.5						
2026	8	16	4	30	70.0	1.5	2.6					1022.4						
2026	8	16	4	24	60.0	1.0	2.1					1022.4						
2026	8	16	4	18	40.0	1.5	2.6					1022.3						
2026	8	16	4	12	50.0	1.0	2.6					1022.3						
2026	8	16	4	6	50.0	1.5	2.6					1022.3						
2026	8	16	4	0	50.0	1.5	2.6					1022.2					0.8	
2026	8	16	3	54	30.0	1.5	2.6					1022.2						
2026	8	16	3	48	30.0	2.1	2.6					1022.1						
2026	8	16	3	42	30.0	2.1	2.6					1022.2						
2026	8	16	3	36	10.0	2.1	4.1					1022.1						
2026	8	16	3	30	360.0	2.1	3.1					1022.0						
2026	8	16	3	24	360.0	2.1	3.1					1021.9						
2026	8	16	3	18	350.0	2.1	3.6					1021.8						
2026	8	16	3	12	360.0	1.5	3.6					1021.7						
2026	8	16	3	6	350.0	1.5	2.6					1021.7						
2026	8	16	3	0	340.0	2.1	3.1					1021.7					0.3	
2026	8	16	2	54	330.0	1.5	2.6					1021.6						
2026	8	16	2	48	340.0	1.5	2.1					1021.6						
2026	8	16	2	42	340.0	1.5	3.1					1021.6						
2026	8	16	2	36	330.0	1.5	3.1					1021.6						
2026	8	16	2	30	330.0	2.1	3.6					1021.6						
2026	8	16	2	24	330.0	2.1	3.1					1021.5						
2026	8	16	2	18	340.0	2.1	3.6					1021.5						
2026	8	16	2	12	330.0	2.1	3.1					1021.6						
2026	8	16	2	6	330.0	2.6	4.1					1021.5						
2026	8	16	2	0	320.0	2.6	4.1					1021.6					0.0	
2026	8	16	1	54	320.0	2.6	3.6					1021.7						
2026	8	16	1	48	320.0	2.6	3.6					1021.7						
2026	8	16	1	42	310.0	2.6	3.1					1021.7						
2026	8	16	1	36	300.0	2.6	3.1					1021.6						
2026	8	16	1	30	300.0	2.6	3.6					1021.6						
2026	8	16	1	24	300.0	2.6	3.1					1021.6						
2026	8	16	1	18	300.0	2.6	4.6					1021.6						
2026	8	16	1	12	300.0	2.6	4.1					1021.5						
2026	8	16	1	6	300.0	3.1	4.6					1021.5						
2026	8	16	1	0	310.0	3.6	4.6					1021.4					0.0	
2026	8	16	0	54	310.0	3.6	4.1					1021.5						
2026	8	16	0	48	310.0	3.1	4.1					1021.4						
2026	8	16	0	42	310.0	3.1	4.1					1021.4						
2026	8	16	0	36	310.0	3.1	4.1					1021.4						
2026	8	16	0	30	310.0	3.6	4.1					1021.4						
2026	8	16	0	24	310.0	3.1	4.1					1021.4						
2026	8	16	0	18	310.0	3.6	4.1					1021.4						
2026	8	16	0	12	310.0	3.6	4.6					1021.4						
2026	8	16	0	6	310.0	3.6	4.1					1021.4						
2026	8	16	0	0	310.0	3.6	4.1					1021.4					-0.3	
2026	8	15	23	54	320.0	3.6	4.1					1021.5						
2026	8	15	23	48	320.0	4.1	4.6					1021.5						
2026	8	15	23	42	330.0	4.1	5.1					1021.4						
2026	8	15	23	36	310.0	4.1	5.1					1021.4						
2026	8	15	23	30	330.0	4.6	5.1					1021.4						
2026	8	15	23	24	330.0	4.1	4.6					1021.3						
2026	8	15	23	18	340.0	4.1	4.6					1021.4						
2026	8	15	23	12	340.0	4.1	4.6					1021.4						
2026	8	15	23	6	350.0	3.6	6.2					1021.4						
2026	8	15	23	0	330.0	4.6	6.2					1021.5					0.0	
2026	8	15	22	54	330.0	4.6	5.1					1021.5						
2026	8	15	22	48	340.0	4.6	5.1					1021.5						
2026	8	15	22	42	340.0	3.6	4.6					1021.5						
2026	8	15	22	36	360.0	3.1	5.1					1021.5						
2026	8	15	22	30	340.0	4.1	4.6					1021.5						
2026	8	15	22	24	340.0	3.6	5.1					1021.5						
2026	8	15	22	18	340.0	4.6	5.7					1021.5						
2026	8	15	22	12	340.0	4.1	5.1					1021.5						
2026	8	15	22	6	340.0	4.1	4.6					1021.5						
2026	8	15	22	0	340.0	3.6	4.6					1021.6					0.0	
2026	8	15	21	54	340.0	4.1	4.6					1021.6						
2026	8	15	21	48	340.0	4.1	5.1					1021.6						
2026	8	15	21	42	340.0	4.6	5.1					1021.6						
2026	8	15	21	36	340.0	3.1	4.6					1021.6						
2026	8	15	21	30	340.0	4.1	4.6					1021.6						
2026	8	15	21	24	330.0	4.1	4.6					1021.7						
2026	8	15	21	18	330.0	3.6	4.1					1021.7						
2026	8	15	21	12	330.0	3.6	4.1					1021.7						
2026	8	15	21	6	330.0	3.6	4.1					1021.7						
2026	8	15	21	0	330.0	3.1	4.1					1021.7					0.4	
2026	8	15	20	54	330.0	3.6	4.6					1021.7						
2026	8	15	20	48	330.0	4.1	4.6					1021.7						
2026	8	15	20	42	330.0	4.1	4.1					1021.7						
2026	8	15	20	36	320.0	3.1	4.1					1021.6						
2026	8	15	20	30	330.0	3.6	4.1					1021.6						
2026	8	15	20	24	330.0	3.1	4.1					1021.6						
2026	8	15	20	18	320.0	3.1	3.6					1021.5						
2026	8	15	20	12	330.0	3.6	4.1					1021.6						
2026	8	15	20	6	320.0	3.1	3.6					1021.6						
2026	8	15	20	0	310.0	3.1	3.1					1021.6					0.8	
2026	8	15	19	54	310.0	2.6	3.1					1021.6						
2026	8	15	19	48	310.0	3.1	3.6					1021.5						
2026	8	15	19	42	320.0	2.6	3.1					1021.6						
2026	8	15	19	36	310.0	2.6	3.1					1021.6						
2026	8	15	19	30	300.0	2.1	3.1					1021.7						
2026	8	15	19	24	310.0	2.1	2.6					1021.7						
2026	8	15	19	18	300.0	2.1	3.1					1021.7						
2026	8	15	19	12	320.0	2.1	2.6					1021.7						
2026	8	15	19	6	330.0	2.6	3.1					1021.6						
2026	8	15	19	0	340.0	2.6	3.1					1021.6					0.9	
2026	8	15	18	54	340.0	2.6	3.1					1021.6						
2026	8	15	18	48	330.0	2.6	3.1					1021.5						
2026	8	15	18	42	330.0	3.1	3.6					1021.4						
2026	8	15	18	36	330.0	3.1	3.6					1021.4						
2026	8	15	18	30	330.0	3.1	3.6					1021.4						
2026	8	15	18	24	330.0	3.1	3.6					1021.4						
2026	8	15	18	18	330.0	3.1	3.1					1021.4						
2026	8	15	18	12	330.0	2.6	3.6					1021.4						
2026	8	15	18	6	330.0	2.6	3.6					1021.3						
2026	8	15	18	0	340.0	3.1	3.6					1021.3					1.0	
2026	8	15	17	54	330.0	3.1	3.1					1021.3						
2026	8	15	17	48	320.0	2.1	2.6					1021.2						
2026	8	15	17	42	320.0	2.6	3.1					1021.1						
2026	8	15	17	36	320.0	2.6	2.6					1021.1						
2026	8	15	17	30	310.0	2.6	3.1					1021.0						
2026	8	15	17	24	340.0	2.6	3.1					1020.9						
2026	8	15	17	18	350.0	2.6	3.1					1020.9						
2026	8	15	17	12	350.0	2.6	3.1					1020.9						
2026	8	15	17	6	340.0	2.1	2.6					1020.9						
2026	8	15	17	0	350.0	2.1	3.1					1020.8					1.0	
2026	8	15	16	54	340.0	2.1	2.6					1020.8						
2026	8	15	16	48	340.0	1.5	2.1					1020.8						
2026	8	15	16	42	350.0	1.5	1.5					1020.8						
2026	8	15	16	36	330.0	1.0	1.5					1020.8						
2026	8	15	16	30	300.0	1.5	2.1					1020.8						
2026	8	15	16	24	310.0	1.5	1.5					1020.8						
2026	8	15	16	18	310.0	1.0	1.5					1020.9						
2026	8	15	16	12	310.0	1.0	1.0					1020.7						
2026	8	15	16	6	320.0	1.0	1.0					1020.7						
2026	8	15	16	0	300.0	0.5	1.0					1020.7					1.5	
2026	8	15	15	54		0.0	0.5					1020.7						
2026	8	15	15	48		0.0	1.0					1020.7						
2026	8	15	15	42	330.0	1.0	1.5					1020.6						
2026	8	15	15	36	340.0	1.0	1.5					1020.6						
2026	8	15	15	30		0.0	0.5					1020.5						
2026	8	15	15	24		0.0	0.5					1020.4						
2026	8	15	15	18		0.0	0.5					1020.3						
2026	8	15	15	12		0.0	0.5					1020.3						
2026	8	15	15	6	300.0	1.0	1.0					1020.2						
2026	8	15	15	0	350.0	1.0	1.5					1020.3					1.3	
2026	8	15	14	54	320.0	1.0	1.5					1020.2						
2026	8	15	14	48	50.0	0.5	1.5					1020.1						
2026	8	15	14	42		0.0	1.5					1020.1						
2026	8	15	14	36		0.0	1.0					1020.1						
2026	8	15	14	30	330.0	0.5	1.5					1020.0						
2026	8	15	14	24		0.0	0.5					1020.0						
2026	8	15	14	18		0.0	1.0					1020.0						
2026	8	15	14	12		0.0	0.5					1019.9						
2026	8	15	14	6		0.0	1.0					1019.9						
2026	8	15	14	0		0.0	1.0					1019.8					0.8	
2026	8	15	13	54	320.0	1.0	1.0					1019.8						
2026	8	15	13	48		0.0	1.5					1019.7						
2026	8	15	13	42	30.0	0.5	1.0					1019.6						
2026	8	15	13	36		0.0	0.5					1019.6						
2026	8	15	13	30		0.0	1.0					1019.5						
2026	8	15	13	24		0.0	1.0					1019.4						
2026	8	15	13	18		0.0	0.5					1019.3						
2026	8	15	13	12		0.0	1.0					1019.3						
2026	8	15	13	6	360.0	1.0	1.5					1019.2						
2026	8	15	13	0	340.0	0.5	1.0					1019.2					0.0	
2026	8	15	12	54		0.0	0.5					1019.2						
2026	8	15	12	48		0.0	1.5					1019.2						
2026	8	15	12	42	290.0	1.0	1.5					1019.2						
2026	8	15	12	36	330.0	1.0	1.5					1019.1						
2026	8	15	12	30	340.0	1.5	1.5					1019.1						
2026	8	15	12	24	310.0	0.5	1.0					1019.1						
2026	8	15	12	18	320.0	0.5	1.0					1019.1						
2026	8	15	12	12	330.0	1.0	2.6					1019.0						
2026	8	15	12	6	320.0	0.5	1.0					1019.0						
2026	8	15	12	0	280.0	1.0	1.5					1019.0					0.0	
2026	8	15	11	54	270.0	1.0	1.5					1019.0						
2026	8	15	11	48	280.0	1.0	1.0					1019.1						
2026	8	15	11	42	290.0	1.0	1.5					1019.1						
2026	8	15	11	36	260.0	1.0	1.0					1019.0						
2026	8	15	11	30	270.0	1.0	1.0					1019.0						
2026	8	15	11	24		0.0	0.5					1019.0						
2026	8	15	11	18		0.0	0.5					1019.0						
2026	8	15	11	12		0.0	1.0					1019.0						
2026	8	15	11	6	250.0	1.0	1.0					1019.0						
2026	8	15	11	0		0.0	0.5					1019.0					0.0	
2026	8	15	10	54	110.0	0.5	0.5					1019.1						
2026	8	15	10	48	90.0	1.0	1.0					1019.0						
2026	8	15	10	42	100.0	1.0	1.0					1019.0						
2026	8	15	10	36		0.0	1.0					1019.0						
2026	8	15	10	30	120.0	0.5	1.0					1019.0						
2026	8	15	10	24		0.0	1.0					1019.0						
2026	8	15	10	18	100.0	0.5	0.5					1019.1						
2026	8	15	10	12	90.0	1.0	1.0					1019.1						
2026	8	15	10	6		0.0	1.0					1019.1						
2026	8	15	10	0		0.0	0.5					1019.1					0.0	
2026	8	15	9	54		0.0	0.5					1019.2						
2026	8	15	9	48		0.0	0.5					1019.1						
2026	8	15	9	42	330.0	1.0	1.5					1019.1						
2026	8	15	9	36	280.0	0.5	1.0					1019.1						
2026	8	15	9	30		0.0	1.0					1019.1						
2026	8	15	9	24	240.0	0.5	1.0					1019.2						
2026	8	15	9	18	260.0	1.0	2.1					1019.1						
2026	8	15	9	12	270.0	1.0	1.5					1019.1						
2026	8	15	9	6	240.0	1.0	1.5					1019.1						
2026	8	15	9	0	250.0	1.5	2.1					1019.1					0.0	
2026	8	15	8	54	260.0	1.5	2.1					1019.1						
2026	8	15	8	48	260.0	1.0	1.5					1019.1						
2026	8	15	8	42	250.0	1.5	2.1					1019.0						
2026	8	15	8	36	250.0	1.5	2.6					1019.0						
2026	8	15	8	30	250.0	1.5	2.1					1019.0						
2026	8	15	8	24	250.0	1.5	2.1					1019.1						
2026	8	15	8	18	250.0	1.0	2.1					1019.1						
2026	8	15	8	12	240.0	2.1	2.6					1019.2						
2026	8	15	8	6	240.0	1.5	2.6					1019.2						
2026	8	15	8	0	240.0	2.1	2.6					1019.2					0.3	
2026	8	15	7	54	250.0	1.5	2.1					1019.2						
2026	8	15	7	48	250.0	1.5	2.1					1019.2						
2026	8	15	7	42	250.0	1.5	1.5					1019.1						
2026	8	15	7	36	240.0	1.5	1.5					1019.1						
2026	8	15	7	30	250.0	1.5	2.1					1019.1						
2026	8	15	7	24	250.0	1.0	2.1					1019.1						
2026	8	15	7	18	260.0	2.1	2.6					1019.1						
2026	8	15	7	12	250.0	2.1	2.6					1019.1						
2026	8	15	7	6	270.0	1.0	2.1					1019.1						
2026	8	15	7	0	260.0	1.5	1.5					1019.1					0.7	
2026	8	15	6	54	270.0	1.5	2.1					1019.1						
2026	8	15	6	48	260.0	1.5	1.5					1019.0						
2026	8	15	6	42	250.0	1.5	1.5					1019.1						
2026	8	15	6	36	270.0	1.5	2.1					1019.0						
2026	8	15	6	30	280.0	1.5	2.1					1019.1						
2026	8	15	6	24	260.0	1.5	2.1					1019.0						
2026	8	15	6	18	260.0	1.0	2.6					1019.1						
2026	8	15	6	12	250.0	1.5	1.5					1019.1						
2026	8	15	6	6	260.0	1.5	2.1					1019.1						
2026	8	15	6	0	260.0	1.5	2.1					1019.0					0.8	
2026	8	15	5	54	280.0	1.5	2.1					1019.0						
2026	8	15	5	48	290.0	1.5	2.1					1019.0						
2026	8	15	5	42	280.0	1.5	2.1					1019.0						
2026	8	15	5	36	280.0	1.5	2.1					1019.1						
2026	8	15	5	30	290.0	1.5	2.6					1019.1						
2026	8	15	5	24	300.0	1.0	2.1					1019.1						
2026	8	15	5	18	290.0	1.5	2.1					1019.0						
2026	8	15	5	12	300.0	1.5	1.5					1019.0						
2026	8	15	5	6	300.0	1.0	2.1					1019.0						
2026	8	15	5	0	300.0	1.0	2.1					1018.9					1.3	
2026	8	15	4	54	310.0	1.0	2.1					1018.9						
2026	8	15	4	48	280.0	1.0	1.5					1018.8						
2026	8	15	4	42	280.0	1.5	2.1					1018.8						
2026	8	15	4	36	270.0	1.5	2.1					1018.8						
2026	8	15	4	30	270.0	1.5	2.1					1018.8						
2026	8	15	4	24	260.0	1.5	2.1					1018.7						
2026	8	15	4	18	280.0	1.5	2.1					1018.6						
2026	8	15	4	12	280.0	1.5	2.1					1018.5						
2026	8	15	4	6	280.0	1.5	2.6					1018.5						
2026	8	15	4	0	290.0	1.5	2.6					1018.4					0.8	
2026	8	15	3	54	290.0	2.1	3.1					1018.4						
2026	8	15	3	48	300.0	1.5	2.6					1018.3						
2026	8	15	3	42	300.0	1.5	2.6					1018.3						
2026	8	15	3	36	300.0	1.0	2.6					1018.3						
2026	8	15	3	30	290.0	1.0	1.5					1018.3						
2026	8	15	3	24	290.0	0.5	1.0					1018.3						
2026	8	15	3	18	330.0	1.0	1.5					1018.3						
2026	8	15	3	12	340.0	1.0	2.1					1018.2						
2026	8	15	3	6	340.0	1.0	1.5					1018.2						
2026	8	15	3	0	290.0	1.0	1.5					1018.2					1.0	
2026	8	15	2	54	300.0	1.0	1.5					1018.2						
2026	8	15	2	48	270.0	1.0	1.5					1018.1						
2026	8	15	2	42	290.0	1.0	2.1					1018.0						
2026	8	15	2	36	290.0	1.0	2.1					1017.8						
2026	8	15	2	30	290.0	1.5	2.1					1017.8						
2026	8	15	2	24	290.0	1.0	2.1					1017.7						
2026	8	15	2	18	300.0	1.0	2.1					1017.6						
2026	8	15	2	12	310.0	1.0	1.5					1017.6						
2026	8	15	2	6	330.0	1.0	2.6					1017.6						
2026	8	15	2	0	320.0	1.5	2.6					1017.6					0.7	
2026	8	15	1	54	320.0	1.5	2.6					1017.6						
2026	8	15	1	48	330.0	2.1	3.6					1017.7						
2026	8	15	1	42	330.0	2.6	3.1					1017.7						
2026	8	15	1	36	330.0	2.6	3.1					1017.7						
2026	8	15	1	30	320.0	2.1	3.1					1017.6						
2026	8	15	1	24	330.0	2.1	3.1					1017.6						
2026	8	15	1	18	320.0	2.6	3.1					1017.6						
2026	8	15	1	12	330.0	2.6	3.6					1017.6						
2026	8	15	1	6	320.0	2.6	3.1					1017.6						
2026	8	15	1	0	310.0	2.1	3.6					1017.6					0.7	
2026	8	15	0	54	310.0	2.1	3.1					1017.5						
2026	8	15	0	48	320.0	2.6	3.1					1017.5						
2026	8	15	0	42	310.0	2.1	3.1					1017.5						
2026	8	15	0	36	300.0	3.1	3.6					1017.5						
2026	8	15	0	30	300.0	2.6	3.6					1017.4						
2026	8	15	0	24	290.0	3.1	4.1					1017.4						
2026	8	15	0	18	300.0	3.1	4.1					1017.3						
2026	8	15	0	12	300.0	3.1	3.6					1017.2						
2026	8	15	0	6	300.0	3.1	4.1					1017.2						
2026	8	15	0	0	300.0	3.1	4.1					1017.2					0.4	
2026	8	14	23	54	300.0	3.6	4.6					1017.1						
2026	8	14	23	48	300.0	4.1	4.6					1017.0						
2026	8	14	23	42	300.0	4.1	4.6					1017.0						
2026	8	14	23	36	300.0	3.6	4.1					1017.0						
2026	8	14	23	30	310.0	4.1	4.6					1017.0						
2026	8	14	23	24	310.0	4.1	4.6					1016.9						
2026	8	14	23	18	310.0	4.1	4.6					1017.0						
2026	8	14	23	12	300.0	3.6	4.1					1016.9						
2026	8	14	23	6	280.0	3.1	4.1					1016.9						
2026	8	14	23	0	280.0	3.1	4.6					1016.9					0.0	
2026	8	14	22	54	280.0	3.1	4.1					1016.9						
2026	8	14	22	48	270.0	2.6	3.6					1016.9						
2026	8	14	22	42	280.0	3.1	3.6					1016.9						
2026	8	14	22	36	270.0	2.6	4.1					1016.9						
2026	8	14	22	30	290.0	3.1	3.6					1017.0						
2026	8	14	22	24	290.0	3.1	4.1					1017.0						
2026	8	14	22	18	280.0	2.6	3.6					1016.9						
2026	8	14	22	12	290.0	3.1	4.6					1016.9						
2026	8	14	22	6	290.0	3.6	4.6					1016.9						
2026	8	14	22	0	290.0	3.1	3.6					1016.9					0.0	
2026	8	14	21	54	290.0	2.6	3.6					1016.9						
2026	8	14	21	48	290.0	3.1	3.6					1016.9						
2026	8	14	21	42	280.0	2.6	3.6					1016.9						
2026	8	14	21	36	300.0	2.6	3.6					1016.9						
2026	8	14	21	30	290.0	2.6	3.1					1016.8						
2026	8	14	21	24	280.0	2.1	3.1					1016.8						
2026	8	14	21	18	290.0	2.1	3.1					1016.8						
2026	8	14	21	12	290.0	2.1	3.1					1016.8						
2026	8	14	21	6	290.0	2.6	3.1					1016.8						
2026	8	14	21	0	290.0	2.6	3.6					1016.8					0.0	
2026	8	14	20	54	280.0	2.6	3.6					1016.8						
2026	8	14	20	48	280.0	2.6	3.6					1016.7						
2026	8	14	20	42	280.0	2.6	3.1					1016.7						
2026	8	14	20	36	280.0	2.1	2.6					1016.7						
2026	8	14	20	30	290.0	2.6	2.6					1016.7						
2026	8	14	20	24	290.0	2.6	2.6					1016.8						
2026	8	14	20	18	270.0	2.1	2.6					1016.8						
2026	8	14	20	12	280.0	2.1	3.1					1016.8						
2026	8	14	20	6	280.0	2.6	3.1					1016.8						
2026	8	14	20	0	280.0	2.6	3.1					1016.8					0.3	
2026	8	14	19	54	270.0	2.6	3.1					1016.8						
2026	8	14	19	48	280.0	2.6	3.1					1016.8						
2026	8	14	19	42	280.0	2.1	2.6					1016.9						
2026	8	14	19	36	280.0	2.6	3.1					1016.8						
2026	8	14	19	30	290.0	3.1	3.1					1016.8						
2026	8	14	19	24	280.0	2.6	3.1					1016.9						
2026	8	14	19	18	280.0	2.6	3.6					1016.9						
2026	8	14	19	12	290.0	2.6	3.1					1016.8						
2026	8	14	19	6	270.0	2.1	3.1					1016.9						
2026	8	14	19	0	280.0	2.6	3.1					1016.9					0.8	
2026	8	14	18	54	280.0	2.1	2.6					1016.9						
2026	8	14	18	48	280.0	2.6	3.1					1016.8						
2026	8	14	18	42	270.0	2.6	3.1					1016.8						
2026	8	14	18	36	280.0	2.6	3.1					1016.7						
2026	8	14	18	30	280.0	2.6	2.6					1016.7						
2026	8	14	18	24	260.0	1.5	3.1					1016.7						
2026	8	14	18	18	280.0	2.6	3.1					1016.7						
2026	8	14	18	12	290.0	2.6	2.6					1016.7						
2026	8	14	18	6	270.0	2.1	2.1					1016.7						
2026	8	14	18	0	300.0	2.1	2.1					1016.7					0.9	
2026	8	14	17	54	280.0	2.1	2.1					1016.6						
2026	8	14	17	48	280.0	2.1	2.1					1016.5						
2026	8	14	17	42	270.0	1.5	2.1					1016.5						
2026	8	14	17	36	300.0	1.5	2.1					1016.5						
2026	8	14	17	30	300.0	1.5	2.1					1016.5						
2026	8	14	17	24	290.0	1.0	1.5					1016.5						
2026	8	14	17	18	320.0	1.5	1.5					1016.4						
2026	8	14	17	12	290.0	1.0	1.0					1016.5						
2026	8	14	17	6	320.0	1.0	1.5					1016.5						
2026	8	14	17	0	310.0	1.0	1.0					1016.5					1.0	
2026	8	14	16	54	300.0	1.0	1.5					1016.4						
2026	8	14	16	48	320.0	1.0	1.5					1016.3						
2026	8	14	16	42	320.0	1.0	1.5					1016.2						
2026	8	14	16	36	290.0	1.0	1.0					1016.2						
2026	8	14	16	30	260.0	1.0	1.0					1016.3						
2026	8	14	16	24	260.0	0.5	1.0					1016.2						
2026	8	14	16	18	280.0	1.5	1.5					1016.2						
2026	8	14	16	12	290.0	1.5	1.5					1016.2						
2026	8	14	16	6	280.0	1.0	1.0					1016.1						
2026	8	14	16	0	310.0	1.0	1.5					1016.1					1.1	
2026	8	14	15	54	260.0	0.5	1.5					1016.1						
2026	8	14	15	48	280.0	1.5	1.5					1016.1						
2026	8	14	15	42	280.0	1.5	2.1					1016.0						
2026	8	14	15	36	250.0	1.5	2.1					1016.0						
2026	8	14	15	30	270.0	1.5	2.1					1016.0						
2026	8	14	15	24		0.0	1.0					1016.0						
2026	8	14	15	18	230.0	1.0	1.5					1016.0						
2026	8	14	15	12	270.0	1.5	2.1					1015.9						
2026	8	14	15	6	270.0	1.0	1.5					1015.8						
2026	8	14	15	0	230.0	0.5	1.0					1015.8					0.8	
2026	8	14	14	54		0.0	1.0					1015.9						
2026	8	14	14	48	290.0	1.0	1.5					1015.9						
2026	8	14	14	42	280.0	0.5	1.0					1015.8						
2026	8	14	14	36	280.0	0.5	0.5					1015.8						
2026	8	14	14	30		0.0	0.0					1015.8						
2026	8	14	14	24		0.0	0.0					1015.7						
2026	8	14	14	18		0.0	1.0					1015.7						
2026	8	14	14	12	180.0	1.0	1.0					1015.6						
2026	8	14	14	6	260.0	1.0	1.5					1015.5						
2026	8	14	14	0	270.0	1.0	1.5					1015.5					0.6	
2026	8	14	13	54	260.0	1.0	1.5					1015.4						
2026	8	14	13	48	250.0	1.0	1.5					1015.4						
2026	8	14	13	42	250.0	1.0	1.5					1015.3						
2026	8	14	13	36	230.0	1.0	1.0					1015.3						
2026	8	14	13	30	250.0	0.5	1.0					1015.2						
2026	8	14	13	24	250.0	1.0	1.0					1015.2						
2026	8	14	13	18	240.0	0.5	1.5					1015.1						
2026	8	14	13	12	240.0	1.0	1.5					1015.1						
2026	8	14	13	6	180.0	0.5	1.5					1015.1						
2026	8	14	13	0	250.0	1.0	1.0					1015.0					0.4	
2026	8	14	12	54	250.0	1.0	1.0					1015.0						
2026	8	14	12	48		0.0	0.5					1015.0						
2026	8	14	12	42		0.0	0.5					1014.9						
2026	8	14	12	36		0.0	0.0					1014.8						
2026	8	14	12	30		0.0	1.0					1014.8						
2026	8	14	12	24	250.0	0.5	1.0					1014.8						
2026	8	14	12	18		0.0	0.0					1014.8						
2026	8	14	12	12		0.0	0.5					1014.9						
2026	8	14	12	6		0.0	0.5					1014.9						
2026	8	14	12	0	260.0	0.5	1.0					1015.0					0.5	
2026	8	14	11	54		0.0	0.5					1014.9						
2026	8	14	11	48		0.0	0.0					1014.9						
2026	8	14	11	42		0.0	0.0					1014.9						
2026	8	14	11	36		0.0	0.5					1014.9						
2026	8	14	11	30		0.0	1.0					1014.9						
2026	8	14	11	24	250.0	1.0	1.0					1014.9						
2026	8	14	11	18	250.0	0.5	1.0					1014.8						
2026	8	14	11	12		0.0	0.5					1014.8						
2026	8	14	11	6		0.0	0.5					1014.8						
2026	8	14	11	0		0.0	0.5					1014.9					0.4	
2026	8	14	10	54	230.0	0.5	1.0					1014.9						
2026	8	14	10	48	250.0	1.0	1.0					1014.9						
2026	8	14	10	42	300.0	0.5	1.0					1014.9						
2026	8	14	10	36	260.0	1.0	1.5					1014.9						
2026	8	14	10	30	260.0	1.0	1.5					1014.8						
2026	8	14	10	24	260.0	1.0	1.5					1014.8						
2026	8	14	10	18	250.0	1.0	1.5					1014.7						
2026	8	14	10	12	250.0	1.5	2.1					1014.7						
2026	8	14	10	6	250.0	1.5	2.1					1014.6						
2026	8	14	10	0	240.0	1.0	2.1					1014.6					0.4	
2026	8	14	9	54	240.0	1.5	2.1					1014.6						
2026	8	14	9	48	240.0	1.5	2.1					1014.6						
2026	8	14	9	42	240.0	1.5	1.5					1014.6						
2026	8	14	9	36	240.0	1.0	2.1					1014.6						
2026	8	14	9	30	240.0	2.1	2.1					1014.6						
2026	8	14	9	24	240.0	1.5	2.6					1014.6						
2026	8	14	9	18	240.0	1.5	2.1					1014.6						
2026	8	14	9	12	240.0	1.5	2.1					1014.6						
2026	8	14	9	6	240.0	1.0	2.1					1014.5						
2026	8	14	9	0	240.0	1.0	2.1					1014.5					0.5	
2026	8	14	8	54	250.0	1.5	2.1					1014.4						
2026	8	14	8	48	240.0	1.5	2.1					1014.4						
2026	8	14	8	42	250.0	1.5	1.5					1014.4						
2026	8	14	8	36	230.0	0.5	1.5					1014.4						
2026	8	14	8	30	240.0	1.0	1.5					1014.4						
2026	8	14	8	24	230.0	1.0	2.1					1014.4						
2026	8	14	8	18	240.0	1.0	2.1					1014.4						
2026	8	14	8	12	230.0	1.0	2.1					1014.4						
2026	8	14	8	6	250.0	1.5	1.5					1014.5						
2026	8	14	8	0	240.0	1.0	2.1					1014.5					0.6	
2026	8	14	7	54	240.0	1.5	2.1					1014.5						
2026	8	14	7	48	250.0	2.1	2.6					1014.4						
2026	8	14	7	42	250.0	2.1	2.6					1014.4						
2026	8	14	7	36	240.0	1.5	2.6					1014.4						
2026	8	14	7	30	240.0	1.5	2.1					1014.3						
2026	8	14	7	24	250.0	2.1	2.1					1014.3						
2026	8	14	7	18	240.0	1.5	2.1					1014.3						
2026	8	14	7	12	250.0	1.5	2.1					1014.2						
2026	8	14	7	6	250.0	1.0	1.0					1014.2						
2026	8	14	7	0	240.0	1.0	1.0					1014.2					0.7	
2026	8	14	6	54		0.0	1.0					1014.2						
2026	8	14	6	48		0.0	0.5					1014.2						
2026	8	14	6	42		0.0	0.5					1014.2						
2026	8	14	6	36		0.0	0.5					1014.2						
2026	8	14	6	30		0.0	1.0					1014.2						
2026	8	14	6	24	210.0	0.5	1.0					1014.2						
2026	8	14	6	18	220.0	0.5	1.0					1014.2						
2026	8	14	6	12	230.0	0.5	1.0					1014.1						
2026	8	14	6	6	260.0	0.5	1.0					1014.1						
2026	8	14	6	0		0.0	0.0					1014.0					1.0	
2026	8	14	5	54		0.0	0.0					1014.1						
2026	8	14	5	48		0.0	0.0					1014.0						
2026	8	14	5	42		0.0	0.5					1014.0						
2026	8	14	5	36		0.0	0.5					1013.9						
2026	8	14	5	30		0.0	0.5					1013.9						
2026	8	14	5	24		0.0	0.5					1013.9						
2026	8	14	5	18		0.0	0.0					1013.9						
2026	8	14	5	12		0.0	0.5					1013.9						
2026	8	14	5	6		0.0	0.5					1013.9						
2026	8	14	5	0	160.0	0.5	0.5					1013.9					1.3	
2026	8	14	4	54		0.0	1.0					1013.8						
2026	8	14	4	48		0.0	1.0					1013.7						
2026	8	14	4	42		0.0	1.0					1013.7						
2026	8	14	4	36		0.0	0.5					1013.7						
2026	8	14	4	30		0.0	0.5					1013.6						
2026	8	14	4	24		0.0	1.0					1013.6						
2026	8	14	4	18		0.0	0.5					1013.6						
2026	8	14	4	12		0.0	0.5					1013.6						
2026	8	14	4	6		0.0	0.5					1013.6						
2026	8	14	4	0		0.0	1.0					1013.5					0.8	
2026	8	14	3	54	70.0	1.0	1.0					1013.5						
2026	8	14	3	48	70.0	1.0	1.0					1013.5						
2026	8	14	3	42		0.0	1.0					1013.4						
2026	8	14	3	36		0.0	0.5					1013.4						
2026	8	14	3	30	330.0	0.5	1.5					1013.3						
2026	8	14	3	24	320.0	1.0	1.5					1013.3						
2026	8	14	3	18	310.0	0.5	1.5					1013.2						
2026	8	14	3	12	340.0	1.0	1.5					1013.1						
2026	8	14	3	6	10.0	1.5	2.1					1013.0						
2026	8	14	3	0	340.0	0.5	1.5					1013.0					0.3	
2026	8	14	2	54	330.0	1.0	1.5					1012.9						
2026	8	14	2	48	340.0	1.0	1.5					1012.8						
2026	8	14	2	42	10.0	1.0	1.5					1012.7						
2026	8	14	2	36	10.0	1.0	2.1					1012.7						
2026	8	14	2	30	30.0	1.5	2.1					1012.6						
2026	8	14	2	24	40.0	1.0	2.1					1012.6						
2026	8	14	2	18	10.0	1.5	2.6					1012.6						
2026	8	14	2	12	350.0	1.5	2.6					1012.6						
2026	8	14	2	6	340.0	1.5	2.1					1012.6						
2026	8	14	2	0	350.0	1.5	2.1					1012.6					0.0	
2026	8	14	1	54	340.0	1.0	2.1					1012.6						
2026	8	14	1	48	360.0	1.5	2.6					1012.6						
2026	8	14	1	42	340.0	2.1	2.6					1012.6						
2026	8	14	1	36	340.0	1.5	2.6					1012.6						
2026	8	14	1	30	340.0	1.5	2.6					1012.7						
2026	8	14	1	24	340.0	1.5	2.6					1012.7						
2026	8	14	1	18	360.0	1.5	2.6					1012.7						
2026	8	14	1	12	330.0	1.0	2.6					1012.7						
2026	8	14	1	6	320.0	1.5	2.6					1012.7						
2026	8	14	1	0	330.0	1.5	2.6					1012.7					0.0	
2026	8	14	0	54	330.0	1.5	2.6					1012.7						
2026	8	14	0	48	350.0	1.0	2.6					1012.6						
2026	8	14	0	42	330.0	2.1	2.6					1012.7						
2026	8	14	0	36	340.0	2.1	2.6					1012.6						
2026	8	14	0	30	340.0	2.1	2.6					1012.6						
2026	8	14	0	24	350.0	1.5	2.6					1012.6						
2026	8	14	0	18	340.0	2.1	2.6					1012.7						
2026	8	14	0	12	330.0	2.1	3.1					1012.7						
2026	8	14	0	6	330.0	2.1	3.1					1012.7						
2026	8	14	0	0	310.0	2.1	3.1					1012.7					0.0	
2026	8	13	23	54	330.0	2.6	3.6					1012.8						
2026	8	13	23	48	310.0	2.6	4.1					1012.8						
2026	8	13	23	42	310.0	2.6	4.1					1012.8						
2026	8	13	23	36	310.0	2.6	3.6					1012.8						
2026	8	13	23	30	300.0	2.1	3.6					1012.8						
2026	8	13	23	24	310.0	2.1	3.1					1012.7						
2026	8	13	23	18	310.0	2.1	2.6					1012.7						
2026	8	13	23	12	300.0	2.1	2.6					1012.7						
2026	8	13	23	6	290.0	2.1	3.6					1012.7						
2026	8	13	23	0	300.0	3.1	3.6					1012.7					0.0	
2026	8	13	22	54	290.0	3.1	3.6					1012.7						
2026	8	13	22	48	290.0	2.6	3.1					1012.8						
2026	8	13	22	42	290.0	2.6	3.6					1012.8						
2026	8	13	22	36	290.0	2.6	3.6					1012.8						
2026	8	13	22	30	290.0	3.1	3.6					1012.7						
2026	8	13	22	24	290.0	3.1	4.1					1012.7						
2026	8	13	22	18	300.0	3.6	4.1					1012.7						
2026	8	13	22	12	290.0	3.6	4.1					1012.7						
2026	8	13	22	6	290.0	3.6	4.1					1012.7						
2026	8	13	22	0	290.0	3.6	4.1					1012.7					-0.3	
2026	8	13	21	54	290.0	3.1	4.1					1012.7						
2026	8	13	21	48	300.0	3.1	5.1					1012.8						
2026	8	13	21	42	280.0	3.6	4.6					1012.8						
2026	8	13	21	36	280.0	3.1	5.1					1012.7						
2026	8	13	21	30	280.0	4.1	5.1					1012.8						
2026	8	13	21	24	290.0	4.1	5.1					1012.9						
2026	8	13	21	18	300.0	4.1	5.7					1012.8						
2026	8	13	21	12	290.0	3.6	5.1					1012.8						
2026	8	13	21	6	280.0	3.6	4.1					1012.8						
2026	8	13	21	0	280.0	4.1	4.6					1012.9					0.0	
2026	8	13	20	54	300.0	3.6	4.1					1012.8						
2026	8	13	20	48	300.0	3.6	4.6					1012.9						
2026	8	13	20	42	320.0	3.6	5.7					1012.9						
2026	8	13	20	36	360.0	3.6	6.2					1012.9						
2026	8	13	20	30	360.0	3.6	6.2					1012.8						
2026	8	13	20	24	360.0	5.1	6.7					1012.8						
2026	8	13	20	18	360.0	5.1	7.2					1012.8						
2026	8	13	20	12	360.0	4.6	6.7					1012.8						
2026	8	13	20	6	360.0	5.1	7.2					1012.8						
2026	8	13	20	0	360.0	5.1	7.2					1012.8					-0.3	
2026	8	13	19	54	360.0	5.1	7.2					1012.8						
2026	8	13	19	48	360.0	4.6	6.7					1012.8						
2026	8	13	19	42	360.0	3.6	5.1					1012.9						
2026	8	13	19	36	350.0	4.1	5.1					1012.9						
2026	8	13	19	30	330.0	3.6	4.6					1012.9						
2026	8	13	19	24	320.0	3.1	4.1					1012.9						
2026	8	13	19	18	340.0	2.1	4.1					1012.9						
2026	8	13	19	12	350.0	2.6	3.6					1012.9						
2026	8	13	19	6	350.0	3.1	5.7					1013.0						
2026	8	13	19	0	360.0	3.1	6.2					1013.0					-0.3	
2026	8	13	18	54	360.0	4.1	7.2					1013.0						
2026	8	13	18	48	360.0	4.6	6.2					1013.0						
2026	8	13	18	42	360.0	4.6	5.7					1013.1						
2026	8	13	18	36	350.0	4.6	6.2					1013.1						
2026	8	13	18	30	350.0	4.1	5.7					1013.1						
2026	8	13	18	24	350.0	3.1	4.1					1013.1						
2026	8	13	18	18	350.0	3.1	4.6					1013.1						
2026	8	13	18	12	330.0	2.6	4.1					1013.1						
2026	8	13	18	6	340.0	3.1	4.1					1013.1						
2026	8	13	18	0	340.0	2.6	4.6					1013.1					-0.3	
2026	8	13	17	54	340.0	3.6	4.6					1013.0						
2026	8	13	17	48	360.0	3.6	5.1					1013.0						
2026	8	13	17	42	10.0	3.1	6.2					1013.1						
2026	8	13	17	36	20.0	4.6	7.2					1013.2						
2026	8	13	17	30	20.0	5.7	8.2					1013.2						
2026	8	13	17	24	10.0	5.1	8.2					1013.2						
2026	8	13	17	18	10.0	6.2	8.2					1013.1						
2026	8	13	17	12	20.0	3.6	6.7					1013.1						
2026	8	13	17	6	20.0	5.1	6.7					1013.1						
2026	8	13	17	0	20.0	4.6	6.2					1013.1					0.0	
2026	8	13	16	54	10.0	3.6	5.7					1013.1						
2026	8	13	16	48	360.0	3.6	6.2					1013.1						
2026	8	13	16	42	10.0	3.1	5.7					1013.1						
2026	8	13	16	36	340.0	2.6	4.1					1013.2						
2026	8	13	16	30	10.0	2.6	4.6					1013.2						
2026	8	13	16	24	30.0	3.1	4.6					1013.3						
2026	8	13	16	18	10.0	1.5	4.6					1013.3						
2026	8	13	16	12	10.0	3.1	4.6					1013.3						
2026	8	13	16	6	360.0	3.6	5.7					1013.3						
2026	8	13	16	0	10.0	2.6	4.1					1013.3					0.0	
2026	8	13	15	54	360.0	3.1	3.6					1013.3						
2026	8	13	15	48	340.0	2.6	3.6					1013.3						
2026	8	13	15	42	350.0	2.1	3.1					1013.3						
2026	8	13	15	36	350.0	1.5	3.1					1013.4						
2026	8	13	15	30	350.0	2.6	3.6					1013.4						
2026	8	13	15	24	340.0	1.5	3.1					1013.4						
2026	8	13	15	18	10.0	1.5	3.1					1013.3						
2026	8	13	15	12	70.0	1.5	3.1					1013.3						
2026	8	13	15	6	20.0	1.5	3.1					1013.3						
2026	8	13	15	0	50.0	3.1	4.1					1013.4					0.0	
2026	8	13	14	54	40.0	2.1	3.1					1013.4						
2026	8	13	14	48	60.0	2.1	3.6					1013.4						
2026	8	13	14	42	40.0	2.1	4.1					1013.4						
2026	8	13	14	36	50.0	2.6	3.1					1013.4						
2026	8	13	14	30	60.0	2.6	3.6					1013.4						
2026	8	13	14	24	40.0	2.6	3.6					1013.4						
2026	8	13	14	18	40.0	2.6	4.1					1013.4						
2026	8	13	14	12	30.0	2.1	3.1					1013.3						
2026	8	13	14	6	40.0	2.1	3.1					1013.3						
2026	8	13	14	0	40.0	2.6	3.6					1013.3					0.0	
2026	8	13	13	54	50.0	2.1	3.6					1013.3						
2026	8	13	13	48	50.0	2.6	4.1					1013.3						
2026	8	13	13	42	20.0	2.6	3.1					1013.3						
2026	8	13	13	36	10.0	2.1	2.6					1013.3						
2026	8	13	13	30	10.0	2.1	3.1					1013.3						
2026	8	13	13	24	10.0	1.5	2.6					1013.2						
2026	8	13	13	18	10.0	1.5	2.6					1013.3						
2026	8	13	13	12	40.0	2.1	3.1					1013.3						
2026	8	13	13	6	50.0	2.1	3.1					1013.3						
2026	8	13	13	0	50.0	1.0	2.1					1013.3					0.0	
2026	8	13	12	54	360.0	1.0	2.6					1013.2						
2026	8	13	12	48	20.0	1.5	3.1					1013.2						
2026	8	13	12	42	40.0	1.0	3.6					1013.2						
2026	8	13	12	36	20.0	2.1	3.1					1013.2						
2026	8	13	12	30	40.0	2.1	3.1					1013.2						
2026	8	13	12	24		0.0	1.5					1013.3						
2026	8	13	12	18	90.0	0.5	1.5					1013.3						
2026	8	13	12	12	30.0	0.5	2.1					1013.3						
2026	8	13	12	6	20.0	1.0	2.6					1013.4						
2026	8	13	12	0	10.0	0.5	2.1					1013.4					0.0	
2026	8	13	11	54	350.0	1.0	2.6					1013.5						
2026	8	13	11	48	360.0	1.5	2.1					1013.5						
2026	8	13	11	42	330.0	1.5	2.1					1013.5						
2026	8	13	11	36	320.0	1.5	2.6					1013.5						
2026	8	13	11	30	340.0	1.0	1.5					1013.5						
2026	8	13	11	24		0.0	1.0					1013.5						
2026	8	13	11	18	310.0	1.0	2.1					1013.4						
2026	8	13	11	12	270.0	0.5	2.6					1013.5						
2026	8	13	11	6	300.0	1.0	2.6					1013.5						
2026	8	13	11	0	350.0	1.0	1.5					1013.5					-0.4	
2026	8	13	10	54	310.0	0.5	2.1					1013.4						
2026	8	13	10	48	340.0	1.0	3.1					1013.4						
2026	8	13	10	42	20.0	1.5	3.6					1013.4						
2026	8	13	10	36	360.0	1.0	3.1					1013.4						
2026	8	13	10	30	10.0	1.0	2.6					1013.4						
2026	8	13	10	24	360.0	1.0	2.1					1013.4						
2026	8	13	10	18	330.0	1.0	2.1					1013.4						
2026	8	13	10	12	340.0	1.0	1.5					1013.4						
2026	8	13	10	6	330.0	1.0	2.1					1013.4						
2026	8	13	10	0	300.0	1.5	2.1					1013.4					-0.9	
2026	8	13	9	54	10.0	0.5	2.1					1013.4						
2026	8	13	9	48	20.0	1.0	2.1					1013.5						
2026	8	13	9	42	20.0	0.5	2.1					1013.5						
2026	8	13	9	36	10.0	1.0	2.6					1013.5						
2026	8	13	9	30	330.0	1.0	2.6					1013.5						
2026	8	13	9	24	340.0	0.5	2.1					1013.6						
2026	8	13	9	18	360.0	1.0	2.1					1013.6						
2026	8	13	9	12		0.0	1.5					1013.6						
2026	8	13	9	6	80.0	0.5	2.1					1013.6						
2026	8	13	9	0	80.0	0.5	1.5					1013.6					-1.1	
2026	8	13	8	54	30.0	1.5	2.6					1013.6						
2026	8	13	8	48	40.0	1.0	2.1					1013.6						
2026	8	13	8	42		0.0	2.1					1013.6						
2026	8	13	8	36	20.0	1.0	2.1					1013.6						
2026	8	13	8	30		0.0	2.1					1013.6						
2026	8	13	8	24	360.0	0.5	2.1					1013.6						
2026	8	13	8	18	10.0	1.0	2.1					1013.7						
2026	8	13	8	12	30.0	0.5	2.1					1013.8						
2026	8	13	8	6		0.0	1.5					1013.8						
2026	8	13	8	0		0.0	2.1					1013.9					-1.1	
2026	8	13	7	54	340.0	1.0	1.5					1014.0						
2026	8	13	7	48	30.0	0.5	1.5					1014.0						
2026	8	13	7	42	340.0	1.0	2.1					1014.1						
2026	8	13	7	36	350.0	1.5	2.1					1014.1						
2026	8	13	7	30	360.0	1.5	2.6					1014.1						
2026	8	13	7	24	360.0	1.0	2.6					1014.2						
2026	8	13	7	18	350.0	2.1	2.6					1014.2						
2026	8	13	7	12	350.0	2.1	3.1					1014.2						
2026	8	13	7	6	360.0	2.1	3.1					1014.2						
2026	8	13	7	0	360.0	1.5	2.1					1014.3					-0.5	
2026	8	13	6	54	20.0	0.5	1.5					1014.3						
2026	8	13	6	48	10.0	1.0	2.1					1014.4						
2026	8	13	6	42	360.0	1.5	2.6					1014.4						
2026	8	13	6	36	30.0	0.5	2.1					1014.4						
2026	8	13	6	30	40.0	2.1	3.6					1014.4						
2026	8	13	6	24	50.0	1.0	2.1					1014.5						
2026	8	13	6	18	10.0	1.0	1.5					1014.5						
2026	8	13	6	12	30.0	1.0	1.5					1014.6						
2026	8	13	6	6	80.0	0.5	2.1					1014.6						
2026	8	13	6	0	60.0	1.0	2.1					1014.7					0.3	
2026	8	13	5	54	30.0	1.5	2.1					1014.7						
2026	8	13	5	48	30.0	1.0	2.1					1014.8						
2026	8	13	5	42	50.0	1.0	1.5					1014.8						
2026	8	13	5	36	40.0	0.5	1.5					1014.9						
2026	8	13	5	30	20.0	1.5	2.6					1014.9						
2026	8	13	5	24	20.0	1.5	2.6					1014.9						
2026	8	13	5	18	10.0	1.0	2.1					1014.9						
2026	8	13	5	12	30.0	1.5	2.6					1015.0						
2026	8	13	5	6	70.0	1.0	2.1					1015.0						
2026	8	13	5	0	30.0	1.0	1.5					1015.0					0.7	
2026	8	13	4	54	20.0	1.0	2.1					1015.0						
2026	8	13	4	48	300.0	1.0	2.1					1015.0						
2026	8	13	4	42	10.0	1.0	2.6					1014.9						
2026	8	13	4	36	340.0	1.5	2.6					1014.9						
2026	8	13	4	30	310.0	1.0	1.5					1014.9						
2026	8	13	4	24	330.0	0.5	1.5					1014.9						
2026	8	13	4	18	320.0	1.5	2.6					1014.9						
2026	8	13	4	12	330.0	1.5	2.6					1014.9						
2026	8	13	4	6	320.0	2.1	2.6					1014.8						
2026	8	13	4	0	320.0	1.0	2.1					1014.8					0.3	
2026	8	13	3	54	10.0	1.5	3.1					1014.8						
2026	8	13	3	48	330.0	2.1	2.6					1014.8						
2026	8	13	3	42	330.0	2.1	3.1					1014.7						
2026	8	13	3	36	350.0	2.6	4.6					1014.7						
2026	8	13	3	30	340.0	2.6	3.6					1014.6						
2026	8	13	3	24	320.0	2.1	3.6					1014.6						
2026	8	13	3	18	330.0	2.1	3.6					1014.5						
2026	8	13	3	12	330.0	1.5	3.1					1014.4						
2026	8	13	3	6	340.0	1.5	2.6					1014.4						
2026	8	13	3	0	340.0	2.6	3.6					1014.4					-0.3	
2026	8	13	2	54	350.0	1.5	3.1					1014.4						
2026	8	13	2	48	350.0	1.5	3.1					1014.4						
2026	8	13	2	42	350.0	1.5	2.6					1014.4						
2026	8	13	2	36	50.0	1.0	3.1					1014.4						
2026	8	13	2	30	10.0	1.0	2.6					1014.4						
2026	8	13	2	24	360.0	1.5	2.6					1014.3						
2026	8	13	2	18	360.0	0.5	2.6					1014.3						
2026	8	13	2	12	10.0	1.0	2.6					1014.3						
2026	8	13	2	6	50.0	1.0	2.6					1014.3						
2026	8	13	2	0	40.0	2.1	3.6					1014.3					-0.9	
2026	8	13	1	54	20.0	2.1	3.1					1014.4						
2026	8	13	1	48	360.0	1.5	2.6					1014.4						
2026	8	13	1	42	360.0	1.0	2.6					1014.4						
2026	8	13	1	36	350.0	2.1	3.1					1014.4						
2026	8	13	1	30	350.0	1.5	3.1					1014.4						
2026	8	13	1	24	360.0	2.1	3.1					1014.5						
2026	8	13	1	18	340.0	2.6	3.1					1014.5						
2026	8	13	1	12	340.0	2.1	3.6					1014.5						
2026	8	13	1	6	330.0	1.5	3.1					1014.5						
2026	8	13	1	0	320.0	1.5	3.1					1014.5					-1.3	
2026	8	13	0	54	320.0	2.1	2.6					1014.5						
2026	8	13	0	48	330.0	1.5	2.6					1014.5						
2026	8	13	0	42	320.0	1.0	2.1					1014.6						
2026	8	13	0	36	330.0	1.0	2.1					1014.5						
2026	8	13	0	30	350.0	1.0	2.1					1014.5						
2026	8	13	0	24	340.0	1.0	2.6					1014.5						
2026	8	13	0	18	340.0	1.0	3.1					1014.5						
2026	8	13	0	12	320.0	1.0	2.6					1014.5						
2026	8	13	0	6	330.0	1.5	2.6					1014.6						
2026	8	13	0	0	350.0	1.5	3.1					1014.7					-1.5	
2026	8	12	23	54	350.0	2.1	3.1					1014.7						
2026	8	12	23	48	330.0	1.0	3.1					1014.7						
2026	8	12	23	42	340.0	2.1	2.6					1014.8						
2026	8	12	23	36	300.0	0.5	2.1					1014.9						
2026	8	12	23	30	330.0	1.5	2.6					1014.9						
2026	8	12	23	24	320.0	1.5	2.6					1014.9						
2026	8	12	23	18	320.0	1.5	3.1					1015.0						
2026	8	12	23	12	300.0	1.0	4.1					1015.1						
2026	8	12	23	6	290.0	1.0	2.1					1015.1						
2026	8	12	23	0	300.0	0.5	1.5					1015.2					-1.6	
2026	8	12	22	54	330.0	1.5	2.1					1015.3						
2026	8	12	22	48	330.0	2.1	3.1					1015.4						
2026	8	12	22	42	320.0	1.5	2.6					1015.4						
2026	8	12	22	36	310.0	1.5	2.1					1015.5						
2026	8	12	22	30	300.0	1.5	2.6					1015.5						
2026	8	12	22	24	300.0	2.1	2.6					1015.6						
2026	8	12	22	18	290.0	1.5	2.6					1015.6						
2026	8	12	22	12	280.0	1.5	2.6					1015.7						
2026	8	12	22	6	280.0	1.5	2.6					1015.7						
2026	8	12	22	0	300.0	2.1	3.1					1015.8					-1.5	
2026	8	12	21	54	290.0	2.1	3.1					1015.9						
2026	8	12	21	48	290.0	2.1	3.1					1016.0						
2026	8	12	21	42	300.0	1.5	4.6					1016.0						
2026	8	12	21	36	330.0	2.1	2.6					1016.0						
2026	8	12	21	30	310.0	1.5	2.6					1016.0						
2026	8	12	21	24	290.0	1.0	2.1					1016.0						
2026	8	12	21	18	310.0	1.5	3.1					1016.1						
2026	8	12	21	12	290.0	0.5	3.1					1016.2						
2026	8	12	21	6	300.0	1.5	3.1					1016.2						
2026	8	12	21	0	340.0	1.5	3.1					1016.2					-1.3	
2026	8	12	20	54	340.0	1.5	3.1					1016.3						
2026	8	12	20	48	330.0	2.1	3.1					1016.4						
2026	8	12	20	42	310.0	1.0	2.6					1016.4						
2026	8	12	20	36	310.0	1.5	3.6					1016.4						
2026	8	12	20	30	300.0	1.5	3.1					1016.5						
2026	8	12	20	24	330.0	1.0	2.6					1016.6						
2026	8	12	20	18	280.0	1.5	3.1					1016.7						
2026	8	12	20	12	290.0	1.0	2.1					1016.8						
2026	8	12	20	6	310.0	0.5	3.1					1016.8						
2026	8	12	20	0	10.0	1.5	3.1					1016.8					-1.0	
2026	8	12	19	54	270.0	0.5	2.1					1016.9						
2026	8	12	19	48	270.0	1.0	2.6					1016.9						
2026	8	12	19	42	250.0	1.0	2.1					1017.0						
2026	8	12	19	36	290.0	1.5	2.6					1017.0						
2026	8	12	19	30	310.0	1.5	3.1					1017.1						
2026	8	12	19	24	300.0	1.5	3.1					1017.1						
2026	8	12	19	18	290.0	1.5	3.1					1017.2						
2026	8	12	19	12	280.0	1.0	2.6					1017.2						
2026	8	12	19	6	270.0	2.1	3.1					1017.2						
2026	8	12	19	0	280.0	1.0	2.6					1017.3					-0.6	
2026	8	12	18	54	280.0	1.5	2.6					1017.3						
2026	8	12	18	48	270.0	1.0	2.6					1017.4						
2026	8	12	18	42	280.0	1.5	3.1					1017.4						
2026	8	12	18	36	290.0	2.1	3.1					1017.4						
2026	8	12	18	30	280.0	1.0	2.6					1017.4						
2026	8	12	18	24	260.0	1.5	2.6					1017.5						
2026	8	12	18	18	280.0	1.5	3.1					1017.5						
2026	8	12	18	12	270.0	2.1	2.6					1017.5						
2026	8	12	18	6	280.0	1.5	2.6					1017.5						
2026	8	12	18	0	320.0	1.0	2.6					1017.5					-0.3	
2026	8	12	17	54		0.0	2.1					1017.5						
2026	8	12	17	48	360.0	1.0	3.1					1017.5						
2026	8	12	17	42	360.0	2.1	3.1					1017.5						
2026	8	12	17	36	10.0	1.5	2.6					1017.5						
2026	8	12	17	30	10.0	2.6	3.6					1017.6						
2026	8	12	17	24	20.0	1.5	3.1					1017.6						
2026	8	12	17	18	10.0	1.0	2.6					1017.7						
2026	8	12	17	12	10.0	2.1	4.1					1017.7						
2026	8	12	17	6	30.0	1.0	2.6					1017.7						
2026	8	12	17	0	20.0	1.5	3.6					1017.8					0.0	
2026	8	12	16	54	360.0	1.0	2.1					1017.8						
2026	8	12	16	48	10.0	1.0	2.1					1017.8						
2026	8	12	16	42	340.0	1.5	2.6					1017.9						
2026	8	12	16	36	350.0	1.5	2.6					1017.9						
2026	8	12	16	30	360.0	1.5	2.1					1017.9						
2026	8	12	16	24	360.0	1.5	2.6					1017.9						
2026	8	12	16	18	340.0	1.0	2.6					1017.9						
2026	8	12	16	12	350.0	1.5	2.6					1017.9						
2026	8	12	16	6	360.0	1.0	2.1					1017.9						
2026	8	12	16	0	340.0	0.5	1.5					1017.9					0.0	
2026	8	12	15	54		0.0	1.5					1017.9						
2026	8	12	15	48	310.0	1.5	2.6					1017.8						
2026	8	12	15	42	320.0	1.5	2.1					1017.8						
2026	8	12	15	36	350.0	1.5	2.6					1017.8						
2026	8	12	15	30	360.0	1.5	2.6					1017.8						
2026	8	12	15	24	20.0	1.0	2.1					1017.8						
2026	8	12	15	18	10.0	1.5	2.1					1017.8						
2026	8	12	15	12	350.0	1.0	2.6					1017.9						
2026	8	12	15	6	350.0	1.5	2.1					1017.8						
2026	8	12	15	0	350.0	1.5	2.1					1017.8					0.0	
2026	8	12	14	54	340.0	1.5	2.1					1017.9						
2026	8	12	14	48	10.0	1.0	1.5					1017.9						
2026	8	12	14	42	360.0	0.5	1.5					1017.9						
2026	8	12	14	36	360.0	1.5	2.6					1017.8						
2026	8	12	14	30	10.0	1.5	2.6					1017.9						
2026	8	12	14	24	360.0	1.0	1.5					1017.8						
2026	8	12	14	18	360.0	1.0	1.5					1017.8						
2026	8	12	14	12	360.0	1.0	1.5					1017.8						
2026	8	12	14	6	10.0	1.0	2.1					1017.8						
2026	8	12	14	0	350.0	1.0	2.1					1017.8					-0.5	
2026	8	12	13	54	360.0	1.5	2.1					1017.8						
2026	8	12	13	48	360.0	1.0	2.1					1017.8						
2026	8	12	13	42	360.0	1.0	1.5					1017.7						
2026	8	12	13	36	10.0	1.0	2.1					1017.7						
2026	8	12	13	30	20.0	1.0	2.1					1017.7						
2026	8	12	13	24	10.0	1.0	2.6					1017.8						
2026	8	12	13	18	350.0	1.0	2.6					1017.8						
2026	8	12	13	12	20.0	0.5	1.0					1017.8						
2026	8	12	13	6	20.0	1.0	2.1					1017.8						
2026	8	12	13	0		0.0	1.0					1017.9					-0.5	
2026	8	12	12	54	20.0	1.0	1.5					1017.9						
2026	8	12	12	48	20.0	0.5	2.1					1017.9						
2026	8	12	12	42	20.0	1.0	2.1					1017.9						
2026	8	12	12	36	40.0	0.5	2.1					1017.9						
2026	8	12	12	30	10.0	0.5	2.1					1017.9						
2026	8	12	12	24	50.0	1.0	1.5					1018.0						
2026	8	12	12	18	40.0	0.5	1.5					1017.9						
2026	8	12	12	12	60.0	1.0	2.1					1018.0						
2026	8	12	12	6	10.0	1.5	2.1					1018.0						
2026	8	12	12	0	20.0	1.0	2.1					1018.0					-0.7	
2026	8	12	11	54	30.0	1.0	2.1					1018.1						
2026	8	12	11	48	40.0	1.0	2.1					1018.2						
2026	8	12	11	42	20.0	1.0	2.1					1018.1						
2026	8	12	11	36	10.0	1.0	1.5					1018.1						
2026	8	12	11	30	40.0	1.0	1.5					1018.1						
2026	8	12	11	24	60.0	1.0	1.5					1018.1						
2026	8	12	11	18	60.0	1.0	2.1					1018.1						
2026	8	12	11	12	70.0	0.5	1.5					1018.2						
2026	8	12	11	6	70.0	1.0	2.1					1018.2						
2026	8	12	11	0		0.0	1.5					1018.3					-0.7	
2026	8	12	10	54	20.0	1.0	1.0					1018.3						
2026	8	12	10	48		0.0	1.0					1018.2						
2026	8	12	10	42		0.0	1.0					1018.2						
2026	8	12	10	36		0.0	0.5					1018.2						
2026	8	12	10	30		0.0	1.0					1018.3						
2026	8	12	10	24	360.0	0.5	1.0					1018.3						
2026	8	12	10	18		0.0	1.0					1018.3						
2026	8	12	10	12	130.0	0.5	1.0					1018.3						
2026	8	12	10	6		0.0	1.0					1018.4						
2026	8	12	10	0	120.0	0.5	0.5					1018.4					-0.7	
2026	8	12	9	54		0.0	1.0					1018.4						
2026	8	12	9	48		0.0	1.0					1018.4						
2026	8	12	9	42	50.0	0.5	1.0					1018.4						
2026	8	12	9	36		0.0	1.5					1018.4						
2026	8	12	9	30		0.0	1.0					1018.5						
2026	8	12	9	24	350.0	0.5	1.0					1018.5						
2026	8	12	9	18		0.0	1.5					1018.6						
2026	8	12	9	12		0.0	1.0					1018.6						
2026	8	12	9	6		0.0	1.0					1018.7						
2026	8	12	9	0		0.0	1.0					1018.7					-0.5	
2026	8	12	8	54	300.0	0.5	1.0					1018.7						
2026	8	12	8	48	330.0	0.5	1.5					1018.8						
2026	8	12	8	42		0.0	1.0					1018.8						
2026	8	12	8	36		0.0	1.0					1018.8						
2026	8	12	8	30	290.0	0.5	1.0					1018.9						
2026	8	12	8	24	330.0	1.0	1.5					1018.9						
2026	8	12	8	18	350.0	0.5	1.0					1018.9						
2026	8	12	8	12		0.0	1.0					1018.9						
2026	8	12	8	6	10.0	0.5	1.0					1018.9						
2026	8	12	8	0	90.0	0.5	1.0					1019.0					0.0	
2026	8	12	7	54		0.0	0.5					1019.0						
2026	8	12	7	48		0.0	1.0					1018.9						
2026	8	12	7	42		0.0	1.5					1019.0						
2026	8	12	7	36	10.0	1.0	2.1					1019.0						
2026	8	12	7	30	340.0	1.0	1.5					1019.0						
2026	8	12	7	24	10.0	1.0	1.5					1019.1						
2026	8	12	7	18	10.0	1.0	1.5					1019.1						
2026	8	12	7	12	20.0	1.0	1.5					1019.1						
2026	8	12	7	6	10.0	1.0	2.6					1019.1						
2026	8	12	7	0	20.0	2.6	3.1					1019.1					0.0	
2026	8	12	6	54	360.0	1.5	2.6					1019.0						
2026	8	12	6	48	20.0	1.5	2.6					1019.0						
2026	8	12	6	42	20.0	1.0	2.1					1019.0						
2026	8	12	6	36	10.0	1.0	2.6					1019.0						
2026	8	12	6	30	40.0	1.5	2.6					1019.0						
2026	8	12	6	24	40.0	2.1	3.1					1019.0						
2026	8	12	6	18	60.0	1.0	3.1					1019.1						
2026	8	12	6	12	70.0	0.5	2.6					1019.1						
2026	8	12	6	6	30.0	1.5	2.1					1019.1						
2026	8	12	6	0	90.0	0.5	1.5					1019.2					0.4	
2026	8	12	5	54	40.0	0.5	1.0					1019.2						
2026	8	12	5	48	40.0	1.0	1.5					1019.2						
2026	8	12	5	42	50.0	0.5	1.5					1019.2						
2026	8	12	5	36	50.0	1.0	2.1					1019.2						
2026	8	12	5	30		0.0	1.0					1019.2						
2026	8	12	5	24	360.0	0.5	1.5					1019.3						
2026	8	12	5	18	350.0	1.0	1.5					1019.3						
2026	8	12	5	12	340.0	1.0	2.1					1019.3						
2026	8	12	5	6	320.0	1.0	1.5					1019.2						
2026	8	12	5	0	310.0	1.0	1.5					1019.2					-0.0	
2026	8	12	4	54		0.0	1.0					1019.2						
2026	8	12	4	48		0.0	1.5					1019.2						
2026	8	12	4	42	360.0	0.5	1.5					1019.2						
2026	8	12	4	36	10.0	1.0	1.5					1019.2						
2026	8	12	4	30	10.0	1.0	2.1					1019.3						
2026	8	12	4	24	340.0	1.0	2.1					1019.2						
2026	8	12	4	18	350.0	1.5	2.1					1019.2						
2026	8	12	4	12	350.0	1.5	2.6					1019.1						
2026	8	12	4	6	10.0	1.5	2.6					1019.1						
2026	8	12	4	0	20.0	1.5	2.1					1019.0					-0.3	
2026	8	12	3	54	30.0	1.5	2.6					1019.0						
2026	8	12	3	48	30.0	2.1	2.6					1018.9						
2026	8	12	3	42	60.0	1.5	2.6					1019.0						
2026	8	12	3	36	50.0	1.5	2.6					1019.0						
2026	8	12	3	30	30.0	1.5	2.6					1018.9						
2026	8	12	3	24	40.0	1.5	2.6					1018.9						
2026	8	12	3	18	30.0	1.0	3.1					1018.8						
2026	8	12	3	12	20.0	1.5	2.6					1018.8						
2026	8	12	3	6	30.0	1.5	2.6					1018.8						
2026	8	12	3	0	40.0	1.0	2.6					1018.8					-0.8	
2026	8	12	2	54	50.0	1.5	2.6					1018.8						
2026	8	12	2	48	50.0	1.0	2.6					1018.9						
2026	8	12	2	42	40.0	1.5	3.6					1018.9						
2026	8	12	2	36	50.0	1.0	3.1					1018.8						
2026	8	12	2	30	40.0	2.1	3.1					1018.9						
2026	8	12	2	24	40.0	2.1	3.6					1018.9						
2026	8	12	2	18	20.0	2.6	3.1					1019.0						
2026	8	12	2	12	40.0	2.6	3.6					1019.0						
2026	8	12	2	6	40.0	2.1	4.1					1019.0						
2026	8	12	2	0	30.0	2.6	4.6					1019.1					-0.9	
2026	8	12	1	54	30.0	2.6	4.1					1019.1						
2026	8	12	1	48	50.0	2.1	3.1					1019.1						
2026	8	12	1	42	50.0	2.1	2.6					1019.2						
2026	8	12	1	36	20.0	2.1	3.1					1019.2						
2026	8	12	1	30	20.0	1.5	3.6					1019.2						
2026	8	12	1	24	30.0	2.1	4.1					1019.2						
2026	8	12	1	18	40.0	1.5	3.1					1019.2						
2026	8	12	1	12	40.0	2.1	4.1					1019.3						
2026	8	12	1	6	10.0	3.1	4.1					1019.3						
2026	8	12	1	0	30.0	2.6	4.6					1019.3					-0.9	
2026	8	12	0	54	30.0	3.6	4.6					1019.2						
2026	8	12	0	48	30.0	3.1	4.1					1019.3						
2026	8	12	0	42	20.0	1.5	3.6					1019.3						
2026	8	12	0	36	40.0	2.1	3.6					1019.4						
2026	8	12	0	30	10.0	2.6	4.1					1019.5						
2026	8	12	0	24	20.0	1.5	3.1					1019.5						
2026	8	12	0	18	10.0	2.6	4.6					1019.5						
2026	8	12	0	12	10.0	2.6	4.1					1019.5						
2026	8	12	0	6	30.0	2.6	4.1					1019.6						
2026	8	12	0	0	40.0	1.5	3.1					1019.6					-0.7	
2026	8	11	23	54	360.0	2.1	3.1					1019.7						
2026	8	11	23	48	360.0	2.1	3.1					1019.8						
2026	8	11	23	42	350.0	2.1	3.1					1019.8						
2026	8	11	23	36	350.0	2.1	3.6					1019.8						
2026	8	11	23	30	360.0	2.1	4.1					1019.8						
2026	8	11	23	24	10.0	1.5	3.6					1019.8						
2026	8	11	23	18	20.0	2.1	3.1					1019.9						
2026	8	11	23	12	20.0	2.6	4.6					1019.9						
2026	8	11	23	6	20.0	2.6	4.6					1019.9						
2026	8	11	23	0	40.0	2.6	4.1					1020.0					-0.3	
2026	8	11	22	54	10.0	2.1	4.1					1020.0						
2026	8	11	22	48	20.0	1.5	2.6					1020.1						
2026	8	11	22	42	350.0	0.5	2.1					1020.1						
2026	8	11	22	36	360.0	2.6	3.6					1020.1						
2026	8	11	22	30	350.0	2.1	3.6					1020.1						
2026	8	11	22	24	10.0	2.1	3.6					1020.1						
2026	8	11	22	18	360.0	2.1	3.1					1020.1						
2026	8	11	22	12	350.0	1.0	2.6					1020.2						
2026	8	11	22	6	350.0	2.1	4.6					1020.2						
2026	8	11	22	0	360.0	1.0	3.1					1020.2					-0.5	
2026	8	11	21	54	10.0	2.1	4.1					1020.2						
2026	8	11	21	48	10.0	1.5	4.1					1020.3						
2026	8	11	21	42	360.0	2.1	3.1					1020.3						
2026	8	11	21	36	360.0	1.5	2.6					1020.3						
2026	8	11	21	30	330.0	1.0	1.5					1020.4						
2026	8	11	21	24	30.0	1.5	4.1					1020.4						
2026	8	11	21	18	360.0	2.6	4.1					1020.3						
2026	8	11	21	12	350.0	1.5	3.1					1020.3						
2026	8	11	21	6	310.0	1.0	1.5					1020.3						
2026	8	11	21	0	310.0	1.0	2.6					1020.3					-0.3	
2026	8	11	20	54	320.0	1.5	3.6					1020.3						
2026	8	11	20	48	290.0	0.5	2.1					1020.2						
2026	8	11	20	42	360.0	1.0	2.6					1020.2						
2026	8	11	20	36	10.0	1.0	3.6					1020.3						
2026	8	11	20	30	10.0	2.1	4.1					1020.3						
2026	8	11	20	24	350.0	1.5	3.6					1020.3						
2026	8	11	20	18	340.0	2.1	4.1					1020.3						
2026	8	11	20	12	340.0	3.1	5.1					1020.3						
2026	8	11	20	6	330.0	3.1	4.6					1020.3						
2026	8	11	20	0	330.0	2.1	4.1					1020.3					0.0	
2026	8	11	19	54	290.0	1.5	3.1					1020.4						
2026	8	11	19	48	340.0	2.1	4.1					1020.4						
2026	8	11	19	42	320.0	2.6	4.1					1020.4						
2026	8	11	19	36	320.0	3.1	5.1					1020.4						
2026	8	11	19	30	330.0	4.1	5.7					1020.4						
2026	8	11	19	24	340.0	4.1	5.7					1020.4						
2026	8	11	19	18	340.0	4.1	6.2					1020.5						
2026	8	11	19	12	340.0	4.1	5.7					1020.6						
2026	8	11	19	6	320.0	2.6	4.1					1020.6						
2026	8	11	19	0	350.0	3.1	5.1					1020.7					0.4	
2026	8	11	18	54	350.0	3.6	6.2					1020.7						
2026	8	11	18	48	340.0	3.1	5.1					1020.6						
2026	8	11	18	42	310.0	2.1	3.6					1020.6						
2026	8	11	18	36	320.0	2.1	4.1					1020.6						
2026	8	11	18	30	350.0	1.0	3.1					1020.6						
2026	8	11	18	24	350.0	1.5	3.6					1020.6						
2026	8	11	18	18	50.0	1.0	2.6					1020.6						
2026	8	11	18	12	20.0	2.1	3.1					1020.6						
2026	8	11	18	6	30.0	1.5	3.6					1020.6						
2026	8	11	18	0	20.0	2.6	4.1					1020.6					0.4	
2026	8	11	17	54	360.0	1.5	4.6					1020.6						
2026	8	11	17	48	40.0	2.1	5.1					1020.6						
2026	8	11	17	42	30.0	2.1	3.1					1020.6						
2026	8	11	17	36	40.0	1.5	2.6					1020.5						
2026	8	11	17	30	20.0	2.6	4.1					1020.5						
2026	8	11	17	24	40.0	2.6	4.6					1020.5						
2026	8	11	17	18	360.0	1.0	3.6					1020.5						
2026	8	11	17	12	330.0	1.5	2.6					1020.4						
2026	8	11	17	6	340.0	1.0	2.1					1020.5						
2026	8	11	17	0	350.0	1.0	2.6					1020.4					0.5	
2026	8	11	16	54	20.0	0.5	4.1					1020.4						
2026	8	11	16	48	30.0	2.1	4.6					1020.5						
2026	8	11	16	42	40.0	3.1	4.6					1020.6						
2026	8	11	16	36	20.0	2.6	4.1					1020.5						
2026	8	11	16	30	30.0	3.1	5.1					1020.5						
2026	8	11	16	24	30.0	3.1	5.7					1020.4						
2026	8	11	16	18	20.0	4.1	6.2					1020.3						
2026	8	11	16	12	20.0	3.1	5.7					1020.3						
2026	8	11	16	6	10.0	3.6	6.2					1020.3						
2026	8	11	16	0	40.0	3.1	6.2					1020.3					0.7	
2026	8	11	15	54	30.0	1.5	3.6					1020.3						
2026	8	11	15	48	350.0	1.0	2.6					1020.3						
2026	8	11	15	42	20.0	2.6	4.6					1020.3						
2026	8	11	15	36	20.0	4.6	6.7					1020.2						
2026	8	11	15	30	10.0	4.6	6.2					1020.3						
2026	8	11	15	24	360.0	2.6	5.7					1020.3						
2026	8	11	15	18	360.0	2.1	3.6					1020.3						
2026	8	11	15	12	340.0	1.5	2.6					1020.3						
2026	8	11	15	6	340.0	2.1	2.6					1020.3						
2026	8	11	15	0	20.0	1.0	3.1					1020.2					0.6	
2026	8	11	14	54	10.0	1.5	2.6					1020.2						
2026	8	11	14	48	350.0	1.0	3.1					1020.2						
2026	8	11	14	42	20.0	3.1	4.1					1020.2						
2026	8	11	14	36	360.0	2.6	4.1					1020.2						
2026	8	11	14	30	10.0	2.1	4.1					1020.1						
2026	8	11	14	24	10.0	4.1	5.7					1020.0						
2026	8	11	14	18	360.0	3.1	5.7					1020.0						
2026	8	11	14	12	360.0	3.6	6.7					1019.9						
2026	8	11	14	6	360.0	4.1	6.2					1019.9						
2026	8	11	14	0	360.0	4.6	7.2					1019.9					0.4	
2026	8	11	13	54	360.0	3.1	6.7					1019.9						
2026	8	11	13	48	360.0	4.1	6.2					1019.9						
2026	8	11	13	42	10.0	4.6	6.7					1019.8						
2026	8	11	13	36	10.0	4.6	7.2					1019.8						
2026	8	11	13	30	10.0	3.6	7.2					1019.8						
2026	8	11	13	24	10.0	4.6	6.2					1019.8						
2026	8	11	13	18	10.0	4.6	7.2					1019.7						
2026	8	11	13	12	10.0	3.6	6.7					1019.7						
2026	8	11	13	6	10.0	3.6	7.2					1019.6						
2026	8	11	13	0	360.0	4.6	8.8					1019.6					0.0	
2026	8	11	12	54	10.0	4.1	7.7					1019.6						
2026	8	11	12	48	10.0	3.6	7.2					1019.6						
2026	8	11	12	42	10.0	5.1	7.7					1019.5						
2026	8	11	12	36								1019.5						
2026	8	11	12	30								1019.5						
2026	8	11	12	24								1019.5						
2026	8	11	12	18								1019.5						
2026	8	11	12	12								1019.5						
2026	8	11	12	6								1019.6						
2026	8	11	12	0								1019.6					0.0	
2026	8	11	11	54								1019.6						
2026	8	11	11	48								1019.6						
2026	8	11	11	42								1019.6						
2026	8	11	11	36	60.0	1.0	2.6					1019.6						
2026	8	11	11	30	80.0	1.5	2.6					1019.6						
2026	8	11	11	24	60.0	1.5	3.1					1019.6						
2026	8	11	11	18	110.0	0.5	2.1					1019.6						
2026	8	11	11	12	10.0	1.5	3.6					1019.5						
2026	8	11	11	6	360.0	3.1	5.1					1019.5						
2026	8	11	11	0	350.0	2.6	4.6					1019.5					0.0	
2026	8	11	10	54	350.0	2.1	4.6					1019.5						
2026	8	11	10	48	350.0	2.6	4.1					1019.5						
2026	8	11	10	42	350.0	2.6	4.1					1019.5						
2026	8	11	10	36	360.0	1.5	4.1					1019.5						
2026	8	11	10	30	360.0	2.1	4.6					1019.5						
2026	8	11	10	24	360.0	2.6	4.1					1019.4						
2026	8	11	10	18	360.0	2.6	5.1					1019.3						
2026	8	11	10	12	340.0	3.1	4.6					1019.3						
2026	8	11	10	6	350.0	2.6	4.6					1019.4						
2026	8	11	10	0	350.0	3.6	4.6					1019.4					-0.3	
2026	8	11	9	54	360.0	3.6	5.7					1019.4						
2026	8	11	9	48	360.0	3.6	5.7					1019.4						
2026	8	11	9	42	360.0	3.1	5.1					1019.4						
2026	8	11	9	36	360.0	3.1	5.1					1019.4						
2026	8	11	9	30	360.0	3.6	5.1					1019.5						
2026	8	11	9	24	360.0	2.6	6.2					1019.4						
2026	8	11	9	18	340.0	2.6	5.1					1019.4						
2026	8	11	9	12	330.0	1.5	3.1					1019.3						
2026	8	11	9	6	20.0	1.5	3.1					1019.4						
2026	8	11	9	0	20.0	2.6	4.6					1019.4					-0.3	
2026	8	11	8	54	20.0	2.6	4.6					1019.5						
2026	8	11	8	48	10.0	3.1	6.2					1019.5						
2026	8	11	8	42	360.0	3.1	4.6					1019.4						
2026	8	11	8	36	360.0	3.1	5.1					1019.4						
2026	8	11	8	30	360.0	2.6	4.6					1019.3						
2026	8	11	8	24	350.0	2.6	4.1					1019.4						
2026	8	11	8	18	10.0	1.0	4.1					1019.5						
2026	8	11	8	12	20.0	1.5	4.6					1019.5						
2026	8	11	8	6	10.0	2.1	3.6					1019.5						
2026	8	11	8	0	360.0	2.1	4.1					1019.5					0.0	
2026	8	11	7	54	360.0	1.5	3.6					1019.6						
2026	8	11	7	48	10.0	2.1	4.6					1019.6						
2026	8	11	7	42	360.0	2.6	4.6					1019.6						
2026	8	11	7	36	10.0	2.6	5.1					1019.6						
2026	8	11	7	30	360.0	3.1	5.1					1019.6						
2026	8	11	7	24	20.0	3.1	5.7					1019.6						
2026	8	11	7	18	20.0	3.1	5.7					1019.7						
2026	8	11	7	12	10.0	3.1	6.2					1019.7						
2026	8	11	7	6	10.0	4.1	6.2					1019.7						
2026	8	11	7	0	30.0	4.6	6.2					1019.7					0.7	
2026	8	11	6	54	40.0	3.1	5.1					1019.7						
2026	8	11	6	48	30.0	3.6	5.7					1019.6						
2026	8	11	6	42	30.0	4.6	6.2					1019.6						
2026	8	11	6	36	40.0	3.1	6.2					1019.6						
2026	8	11	6	30	40.0	4.6	6.2					1019.7						
2026	8	11	6	24	30.0	4.6	6.2					1019.7						
2026	8	11	6	18	30.0	5.1	6.7					1019.7						
2026	8	11	6	12	30.0	5.1	7.2					1019.7						
2026	8	11	6	6	30.0	6.2	9.3					1019.7						
2026	8	11	6	0	30.0	5.1	6.7					1019.7					1.3	
2026	8	11	5	54	40.0	4.6	6.7					1019.7						
2026	8	11	5	48	30.0	4.1	5.1					1019.7						
2026	8	11	5	42	40.0	2.6	5.7					1019.7						
2026	8	11	5	36	10.0	3.1	4.6					1019.7						
2026	8	11	5	30	20.0	3.1	4.6					1019.7						
2026	8	11	5	24	30.0	2.6	3.6					1019.7						
2026	8	11	5	18	10.0	3.1	4.6					1019.7						
2026	8	11	5	12	20.0	3.6	4.6					1019.6						
2026	8	11	5	6	20.0	3.6	6.2					1019.6						
2026	8	11	5	0	20.0	2.6	5.1					1019.6					1.4	
2026	8	11	4	54	10.0	2.6	3.6					1019.6						
2026	8	11	4	48	20.0	3.1	5.1					1019.6						
2026	8	11	4	42	20.0	3.1	4.6					1019.5						
2026	8	11	4	36	20.0	3.6	5.1					1019.4						
2026	8	11	4	30	10.0	3.1	5.1					1019.3						
2026	8	11	4	24	10.0	3.6	6.2					1019.3						
2026	8	11	4	18	50.0	2.6	4.6					1019.3						
2026	8	11	4	12	30.0	4.1	5.7					1019.2						
2026	8	11	4	6	50.0	1.5	5.1					1019.1						
2026	8	11	4	0	40.0	2.6	4.1					1019.0					1.0	
2026	8	11	3	54	20.0	3.1	4.6					1019.0						
2026	8	11	3	48	10.0	2.1	4.1					1018.9						
2026	8	11	3	42	10.0	2.6	4.6					1018.8						
2026	8	11	3	36	30.0	2.1	4.6					1018.8						
2026	8	11	3	30	20.0	2.6	3.6					1018.7						
2026	8	11	3	24	10.0	2.1	3.1					1018.7						
2026	8	11	3	18	40.0	2.1	3.6					1018.6						
2026	8	11	3	12	30.0	2.1	4.1					1018.6						
2026	8	11	3	6	10.0	2.6	5.7					1018.5						
2026	8	11	3	0	40.0	1.5	5.1					1018.4					0.3	
2026	8	11	2	54	40.0	2.6	4.1					1018.4						
2026	8	11	2	48	60.0	2.1	3.1					1018.4						
2026	8	11	2	42	60.0	2.6	3.6					1018.4						
2026	8	11	2	36	30.0	2.1	4.6					1018.3						
2026	8	11	2	30	30.0	1.0	2.6					1018.3						
2026	8	11	2	24	20.0	1.5	2.6					1018.3						
2026	8	11	2	18	340.0	1.0	2.1					1018.2						
2026	8	11	2	12	350.0	2.1	3.1					1018.2						
2026	8	11	2	6	320.0	1.5	3.6					1018.2						
2026	8	11	2	0	330.0	0.5	2.1					1018.2					0.0	
2026	8	11	1	54	10.0	1.5	3.1					1018.2						
2026	8	11	1	48	10.0	2.1	4.1					1018.2						
2026	8	11	1	42	360.0	2.1	4.6					1018.1						
2026	8	11	1	36	40.0	2.1	3.6					1018.0						
2026	8	11	1	30	20.0	2.1	3.1					1018.0						
2026	8	11	1	24	340.0	2.1	4.1					1018.0						
2026	8	11	1	18	350.0	1.5	4.6					1018.0						
2026	8	11	1	12	10.0	2.6	4.6					1018.0						
2026	8	11	1	6	70.0	0.5	2.1					1018.0						
2026	8	11	1	0	30.0	0.5	3.6					1018.0					-0.6	
2026	8	11	0	54	350.0	2.1	3.6					1018.0						
2026	8	11	0	48	360.0	2.6	3.6					1018.0						
2026	8	11	0	42	360.0	3.1	6.2					1018.0						
2026	8	11	0	36	350.0	1.5	3.1					1018.1						
2026	8	11	0	30	350.0	1.5	4.1					1018.1						
2026	8	11	0	24	360.0	2.1	5.1					1018.1						
2026	8	11	0	18	350.0	2.6	6.2					1018.0						
2026	8	11	0	12	340.0	2.1	3.6					1018.0						
2026	8	11	0	6	350.0	2.1	4.1					1018.1						
2026	8	11	0	0	350.0	1.5	5.1					1018.1					-0.6	
2026	8	10	23	54	340.0	2.1	4.6					1018.1						
2026	8	10	23	48	360.0	1.5	3.6					1018.1						
2026	8	10	23	42	350.0	2.1	4.1					1018.1						
2026	8	10	23	36	360.0	2.6	5.1					1018.1						
2026	8	10	23	30	360.0	1.5	4.1					1018.1						
2026	8	10	23	24	350.0	2.6	5.1					1018.1						
2026	8	10	23	18	350.0	2.6	5.7					1018.1						
2026	8	10	23	12	350.0	2.1	5.7					1018.1						
2026	8	10	23	6	360.0	2.6	6.2					1018.1						
2026	8	10	23	0	360.0	2.6	4.1					1018.2					-0.7	
2026	8	10	22	54	360.0	2.1	4.6					1018.2						
2026	8	10	22	48	20.0	2.6	5.1					1018.3						
2026	8	10	22	42	10.0	3.1	6.2					1018.4						
2026	8	10	22	36	10.0	3.1	5.7					1018.4						
2026	8	10	22	30	360.0	3.6	6.2					1018.4						
2026	8	10	22	24	360.0	5.1	7.2					1018.4						
2026	8	10	22	18	360.0	4.6	7.2					1018.5						
2026	8	10	22	12	10.0	4.6	7.2					1018.5						
2026	8	10	22	6	10.0	4.6	6.7					1018.5						
2026	8	10	22	0	10.0	4.1	7.2					1018.6					-0.5	
2026	8	10	21	54	10.0	4.1	7.2					1018.6						
2026	8	10	21	48	360.0	4.1	7.2					1018.6						
2026	8	10	21	42	360.0	4.1	7.2					1018.6						
2026	8	10	21	36	10.0	5.1	7.2					1018.6						
2026	8	10	21	30	360.0	4.1	7.2					1018.6						
2026	8	10	21	24	360.0	5.1	8.2					1018.6						
2026	8	10	21	18	360.0	4.6	7.7					1018.6						
2026	8	10	21	12	360.0	5.1	7.7					1018.6						
2026	8	10	21	6	10.0	4.6	6.7					1018.6						
2026	8	10	21	0	10.0	4.6	7.2					1018.7					-0.3	
2026	8	10	20	54	360.0	5.7	7.2					1018.8						
2026	8	10	20	48	360.0	5.7	8.2					1018.8						
2026	8	10	20	42	360.0	5.7	8.2					1018.8						
2026	8	10	20	36	360.0	4.6	7.7					1018.8						
2026	8	10	20	30	360.0	5.7	8.2					1018.8						
2026	8	10	20	24	360.0	6.2	8.8					1018.8						
2026	8	10	20	18	360.0	6.2	8.8					1018.8						
2026	8	10	20	12	360.0	5.1	8.2					1018.8						
2026	8	10	20	6	360.0	5.1	8.2					1018.9						
2026	8	10	20	0	360.0	5.1	8.2					1018.9					0.0	
2026	8	10	19	54	360.0	5.7	8.8					1019.0						
2026	8	10	19	48	360.0	5.7	8.2					1019.0						
2026	8	10	19	42	360.0	6.2	7.7					1019.1						
2026	8	10	19	36	360.0	5.7	7.7					1019.2						
2026	8	10	19	30	360.0	6.2	8.2					1019.1						
2026	8	10	19	24	360.0	5.7	9.3					1019.1						
2026	8	10	19	18	360.0	7.2	10.3					1019.0						
2026	8	10	19	12	360.0	6.7	9.3					1019.1						
2026	8	10	19	6	360.0	6.7	9.3					1019.1						
2026	8	10	19	0	10.0	5.7	8.8					1019.1					0.0	
2026	8	10	18	54	360.0	6.2	9.8					1019.1						
2026	8	10	18	48	10.0	5.1	7.2					1019.1						
2026	8	10	18	42	360.0	5.1	7.7					1019.1						
2026	8	10	18	36								1019.0						
2026	8	10	18	30								1019.0						
2026	8	10	18	24								1018.9						
2026	8	10	18	18								1018.9						
2026	8	10	18	12								1019.0						
2026	8	10	18	6								1019.0						
2026	8	10	18	0								1019.0					0.0	
2026	8	10	17	54								1019.0						
2026	8	10	17	48								1019.0						
2026	8	10	17	42								1019.0						
2026	8	10	17	36	10.0	4.1	7.7					1018.9						
2026	8	10	17	30	10.0	3.6	6.2					1018.9						
2026	8	10	17	24	10.0	4.1	6.2					1018.9						
2026	8	10	17	18	360.0	5.1	7.2					1018.9						
2026	8	10	17	12	360.0	5.1	7.2					1018.9						
2026	8	10	17	6	360.0	4.1	6.2					1018.9						
2026	8	10	17	0	360.0	3.6	5.1					1018.9					0.0	
2026	8	10	16	54	320.0	2.1	3.6					1018.9						
2026	8	10	16	48	300.0	2.1	4.1					1019.0						
2026	8	10	16	42	300.0	1.0	2.6					1019.0						
2026	8	10	16	36	340.0	1.5	3.6					1019.0						
2026	8	10	16	30	340.0	2.6	3.1					1019.0						
2026	8	10	16	24	310.0	2.1	2.6					1019.0						
2026	8	10	16	18	320.0	2.1	2.6					1019.1						
2026	8	10	16	12	330.0	2.6	3.1					1019.1						
2026	8	10	16	6	350.0	1.5	2.1					1019.1						
2026	8	10	16	0	10.0	1.0	2.1					1019.0					0.4	
2026	8	10	15	54	360.0	1.5	2.6					1019.1						
2026	8	10	15	48	360.0	1.5	3.1					1019.1						
2026	8	10	15	42	360.0	2.6	4.1					1019.1						
2026	8	10	15	36	360.0	2.6	4.1					1019.0						
2026	8	10	15	30	350.0	2.6	5.7					1019.0						
2026	8	10	15	24	10.0	3.6	5.1					1019.0						
2026	8	10	15	18	10.0	4.1	5.7					1019.0						
2026	8	10	15	12	360.0	2.6	4.1					1018.9						
2026	8	10	15	6	350.0	2.6	3.6					1018.9						
2026	8	10	15	0	350.0	2.1	3.1					1018.8					0.6	
2026	8	10	14	54	350.0	2.6	3.6					1018.8						
2026	8	10	14	48	340.0	1.5	3.1					1018.9						
2026	8	10	14	42	50.0	1.0	3.1					1018.9						
2026	8	10	14	36	50.0	2.6	4.1					1018.9						
2026	8	10	14	30	40.0	2.6	4.6					1018.9						
2026	8	10	14	24	60.0	2.1	3.1					1018.9						
2026	8	10	14	18	50.0	2.1	3.6					1018.9						
2026	8	10	14	12	40.0	2.1	4.6					1018.8						
2026	8	10	14	6	40.0	2.1	4.6					1018.8						
2026	8	10	14	0	40.0	2.1	4.6					1018.8					0.8	
2026	8	10	13	54	20.0	3.1	5.1					1018.7						
2026	8	10	13	48	40.0	1.5	4.1					1018.8						
2026	8	10	13	42	20.0	2.6	5.1					1018.7						
2026	8	10	13	36	40.0	3.1	5.1					1018.7						
2026	8	10	13	30	50.0	2.6	4.6					1018.7						
2026	8	10	13	24	30.0	3.6	5.1					1018.7						
2026	8	10	13	18	40.0	2.6	4.6					1018.6						
2026	8	10	13	12	50.0	3.1	4.6					1018.7						
2026	8	10	13	6	50.0	3.1	4.1					1018.7						
2026	8	10	13	0	50.0	3.6	4.1					1018.6					0.4	
2026	8	10	12	54	40.0	2.6	4.6					1018.6						
2026	8	10	12	48	20.0	2.6	4.6					1018.5						
2026	8	10	12	42	10.0	1.5	3.1					1018.5						
2026	8	10	12	36	50.0	1.5	4.1					1018.4						
2026	8	10	12	30	30.0	1.5	3.1					1018.4						
2026	8	10	12	24	40.0	1.5	4.1					1018.2						
2026	8	10	12	18	30.0	2.6	4.6					1018.2						
2026	8	10	12	12	30.0	3.1	5.1					1018.2						
2026	8	10	12	6	10.0	2.6	4.6					1018.2						
2026	8	10	12	0	10.0	2.6	3.1					1018.2					0.0	
2026	8	10	11	54	350.0	2.6	3.6					1018.1						
2026	8	10	11	48	340.0	2.1	3.1					1018.0						
2026	8	10	11	42	320.0	1.0	2.6					1018.0						
2026	8	10	11	36	340.0	1.0	2.6					1018.1						
2026	8	10	11	30	350.0	0.5	2.1					1018.0						
2026	8	10	11	24	360.0	0.5	2.1					1018.0						
2026	8	10	11	18	360.0	1.0	2.1					1018.0						
2026	8	10	11	12	10.0	0.5	2.1					1018.1						
2026	8	10	11	6	360.0	1.5	2.1					1018.0						
2026	8	10	11	0	50.0	0.5	2.1					1018.0					-0.5	
2026	8	10	10	54	90.0	1.0	2.6					1018.0						
2026	8	10	10	48	60.0	1.5	2.6					1018.0						
2026	8	10	10	42	40.0	1.5	2.6					1018.0						
2026	8	10	10	36	40.0	1.0	3.1					1018.0						
2026	8	10	10	30	10.0	2.6	4.1					1018.1						
2026	8	10	10	24	20.0	1.0	2.6					1018.1						
2026	8	10	10	18	60.0	1.0	2.1					1018.1						
2026	8	10	10	12	200.0	0.5	1.5					1018.1						
2026	8	10	10	6	340.0	1.0	2.1					1018.2						
2026	8	10	10	0	360.0	1.5	3.1					1018.2					-0.5	
2026	8	10	9	54	340.0	2.1	2.6					1018.2						
2026	8	10	9	48	350.0	1.5	3.1					1018.1						
2026	8	10	9	42	350.0	2.6	3.6					1018.2						
2026	8	10	9	36	360.0	2.6	3.6					1018.2						
2026	8	10	9	30	340.0	3.1	4.1					1018.2						
2026	8	10	9	24	320.0	2.1	3.1					1018.2						
2026	8	10	9	18	310.0	1.5	3.1					1018.2						
2026	8	10	9	12	280.0	1.0	2.1					1018.3						
2026	8	10	9	6	340.0	1.0	2.1					1018.3						
2026	8	10	9	0	350.0	1.5	2.6					1018.3					-0.5	
2026	8	10	8	54	10.0	1.0	2.6					1018.4						
2026	8	10	8	48	10.0	1.5	3.1					1018.4						
2026	8	10	8	42	30.0	1.5	2.1					1018.4						
2026	8	10	8	36	10.0	1.0	2.6					1018.5						
2026	8	10	8	30	350.0	1.5	2.6					1018.5						
2026	8	10	8	24	360.0	1.0	2.6					1018.5						
2026	8	10	8	18	30.0	1.0	2.6					1018.6						
2026	8	10	8	12	30.0	2.1	3.6					1018.6						
2026	8	10	8	6	10.0	3.1	4.1					1018.6						
2026	8	10	8	0	10.0	2.6	4.6					1018.5					-0.3	
2026	8	10	7	54	10.0	2.1	3.1					1018.5						
2026	8	10	7	48	40.0	1.5	3.6					1018.6						
2026	8	10	7	42	40.0	3.1	5.1					1018.6						
2026	8	10	7	36	20.0	3.6	4.6					1018.6						
2026	8	10	7	30	10.0	2.6	4.6					1018.6						
2026	8	10	7	24	10.0	1.5	3.6					1018.6						
2026	8	10	7	18	360.0	2.1	3.6					1018.6						
2026	8	10	7	12	10.0	2.6	4.1					1018.6						
2026	8	10	7	6	360.0	2.6	4.1					1018.6						
2026	8	10	7	0	360.0	3.1	5.7					1018.7					0.4	
2026	8	10	6	54	20.0	2.1	3.6					1018.7						
2026	8	10	6	48	50.0	2.1	3.6					1018.7						
2026	8	10	6	42	60.0	2.6	3.1					1018.7						
2026	8	10	6	36	60.0	2.6	3.6					1018.7						
2026	8	10	6	30	60.0	2.1	3.1					1018.7						
2026	8	10	6	24	60.0	2.1	3.6					1018.7						
2026	8	10	6	18	60.0	2.6	3.6					1018.7						
2026	8	10	6	12	50.0	2.6	3.6					1018.7						
2026	8	10	6	6	40.0	2.6	4.1					1018.8						
2026	8	10	6	0	50.0	2.6	3.6					1018.8					0.9	
2026	8	10	5	54	60.0	2.6	3.6					1018.8						
2026	8	10	5	48	80.0	1.5	3.1					1018.9						
2026	8	10	5	42	80.0	1.5	3.1					1018.8						
2026	8	10	5	36	90.0	2.1	3.1					1018.9						
2026	8	10	5	30	100.0	2.1	3.1					1018.9						
2026	8	10	5	24	80.0	2.6	3.6					1018.9						
2026	8	10	5	18	50.0	2.1	3.6					1018.9						
2026	8	10	5	12	40.0	2.6	3.6					1018.8						
2026	8	10	5	6	40.0	1.5	3.1					1018.8						
2026	8	10	5	0	70.0	2.1	4.1					1018.8					1.1	
2026	8	10	4	54	50.0	3.1	4.6					1018.7						
2026	8	10	4	48	20.0	2.1	4.1					1018.6						
2026	8	10	4	42	10.0	3.1	5.1					1018.5						
2026	8	10	4	36	10.0	3.1	5.7					1018.4						
2026	8	10	4	30	30.0	3.1	5.1					1018.4						
2026	8	10	4	24	40.0	2.1	4.1					1018.3						
2026	8	10	4	18	40.0	2.6	3.6					1018.3						
2026	8	10	4	12	40.0	2.6	3.6					1018.3						
2026	8	10	4	6	30.0	2.1	4.1					1018.3						
2026	8	10	4	0	30.0	2.6	4.6					1018.3					0.5	
2026	8	10	3	54	10.0	2.6	4.6					1018.2						
2026	8	10	3	48	30.0	1.5	3.1					1018.2						
2026	8	10	3	42	60.0	1.0	3.1					1018.1						
2026	8	10	3	36	30.0	2.6	3.1					1018.1						
2026	8	10	3	30	30.0	2.6	3.6					1018.0						
2026	8	10	3	24	30.0	2.6	4.1					1018.0						
2026	8	10	3	18	40.0	2.1	4.1					1017.9						
2026	8	10	3	12	20.0	3.1	4.6					1017.9						
2026	8	10	3	6	30.0	3.1	3.6					1017.9						
2026	8	10	3	0	40.0	2.6	4.1					1017.9					0.0	
2026	8	10	2	54	20.0	1.0	3.1					1017.9						
2026	8	10	2	48	20.0	2.6	4.1					1017.8						
2026	8	10	2	42	20.0	3.1	5.1					1017.7						
2026	8	10	2	36	30.0	3.1	4.1					1017.7						
2026	8	10	2	30	20.0	2.6	4.1					1017.7						
2026	8	10	2	24	20.0	1.5	4.1					1017.7						
2026	8	10	2	18	40.0	3.1	4.6					1017.7						
2026	8	10	2	12	20.0	3.6	4.6					1017.7						
2026	8	10	2	6	360.0	1.5	4.1					1017.7						
2026	8	10	2	0	30.0	3.6	5.7					1017.7					-0.3	
2026	8	10	1	54	20.0	4.1	5.7					1017.8						
2026	8	10	1	48	10.0	2.6	4.6					1017.7						
2026	8	10	1	42	40.0	2.6	4.6					1017.7						
2026	8	10	1	36	20.0	2.6	5.1					1017.8						
2026	8	10	1	30	20.0	2.6	4.6					1017.8						
2026	8	10	1	24	10.0	1.5	4.1					1017.8						
2026	8	10	1	18	350.0	2.1	5.1					1017.7						
2026	8	10	1	12	20.0	2.6	5.7					1017.7						
2026	8	10	1	6	10.0	2.1	5.1					1017.8						
2026	8	10	1	0	20.0	2.6	4.1					1017.8					-0.4	
2026	8	10	0	54	20.0	2.6	5.1					1017.8						
2026	8	10	0	48	10.0	1.5	3.6					1017.7						
2026	8	10	0	42	20.0	2.1	3.1					1017.7						
2026	8	10	0	36	20.0	2.6	4.6					1017.7						
2026	8	10	0	30	20.0	2.1	4.1					1017.7						
2026	8	10	0	24	360.0	2.1	3.6					1017.7						
2026	8	10	0	18	350.0	2.6	5.1					1017.8						
2026	8	10	0	12	340.0	3.1	4.6					1017.8						
2026	8	10	0	6	340.0	3.1	4.6					1017.8						
2026	8	10	0	0	340.0	3.1	5.1					1017.8					-0.9	
2026	8	9	23	54	360.0	2.6	5.1					1017.8						
2026	8	9	23	48	360.0	2.1	3.6					1017.8						
2026	8	9	23	42	330.0	2.6	3.6					1017.9						
2026	8	9	23	36	350.0	2.1	3.6					1017.9						
2026	8	9	23	30	350.0	2.6	4.1					1017.9						
2026	8	9	23	24	340.0	2.1	4.1					1017.9						
2026	8	9	23	18	340.0	2.1	4.1					1017.9						
2026	8	9	23	12	350.0	3.1	4.6					1017.9						
2026	8	9	23	6	350.0	3.1	5.1					1018.0						
2026	8	9	23	0	340.0	2.6	3.6					1018.0					-0.7	
2026	8	9	22	54	350.0	2.6	4.6					1018.1						
2026	8	9	22	48	360.0	2.6	4.6					1018.1						
2026	8	9	22	42	360.0	3.1	4.6					1018.0						
2026	8	9	22	36	360.0	3.1	5.7					1018.1						
2026	8	9	22	30	360.0	3.6	5.7					1018.1						
2026	8	9	22	24	350.0	3.1	4.6					1018.1						
2026	8	9	22	18	360.0	2.6	5.1					1018.2						
2026	8	9	22	12	10.0	2.6	6.2					1018.2						
2026	8	9	22	6	360.0	4.1	6.2					1018.2						
2026	8	9	22	0	360.0	4.1	6.2					1018.2					-0.6	
2026	8	9	21	54	360.0	4.1	6.2					1018.3						
2026	8	9	21	48	360.0	4.1	6.2					1018.3						
2026	8	9	21	42	360.0	4.6	6.7					1018.4						
2026	8	9	21	36	360.0	4.6	6.7					1018.5						
2026	8	9	21	30	360.0	4.6	6.2					1018.5						
2026	8	9	21	24	360.0	4.1	5.7					1018.6						
2026	8	9	21	18	350.0	5.1	6.2					1018.6						
2026	8	9	21	12	340.0	3.6	5.7					1018.7						
2026	8	9	21	6	350.0	4.1	6.2					1018.8						
2026	8	9	21	0	350.0	3.1	5.1					1018.7					0.0	
2026	8	9	20	54	350.0	4.1	6.2					1018.7						
2026	8	9	20	48	350.0	5.1	6.7					1018.6						
2026	8	9	20	42	360.0	5.1	7.2					1018.5						
2026	8	9	20	36	350.0	5.7	7.2					1018.6						
2026	8	9	20	30	360.0	4.1	7.2					1018.6						
2026	8	9	20	24	360.0	4.6	7.2					1018.6						
2026	8	9	20	18	360.0	4.6	6.7					1018.6						
2026	8	9	20	12	360.0	4.6	7.2					1018.7						
2026	8	9	20	6	350.0	4.1	5.7					1018.7						
2026	8	9	20	0	360.0	3.6	6.2					1018.7					0.0	
2026	8	9	19	54	350.0	4.6	7.2					1018.8						
2026	8	9	19	48	360.0	4.1	6.7					1018.7						
2026	8	9	19	42	360.0	2.6	7.2					1018.8						
2026	8	9	19	36	10.0	3.6	6.7					1018.7						
2026	8	9	19	30	360.0	3.6	7.2					1018.7						
2026	8	9	19	24	10.0	3.6	7.7					1018.7						
2026	8	9	19	18	10.0	4.6	7.7					1018.6						
2026	8	9	19	12	10.0	4.6	6.7					1018.7						
2026	8	9	19	6	360.0	4.1	6.7					1018.7						
2026	8	9	19	0	10.0	3.1	6.7					1018.8					0.0	
2026	8	9	18	54	360.0	5.1	6.7					1018.7						
2026	8	9	18	48	10.0	5.1	7.2					1018.8						
2026	8	9	18	42	10.0	4.1	7.2					1018.7						
2026	8	9	18	36	360.0	4.6	7.7					1018.8						
2026	8	9	18	30	360.0	5.1	7.7					1018.8						
2026	8	9	18	24	360.0	5.7	8.2					1018.9						
2026	8	9	18	18	360.0	5.7	8.2					1018.8						
2026	8	9	18	12	360.0	6.2	7.7					1018.8						
2026	8	9	18	6	360.0	5.1	7.2					1018.8						
2026	8	9	18	0	360.0	5.1	7.7					1018.8					0.0	
2026	8	9	17	54	360.0	4.1	7.2					1018.8						
2026	8	9	17	48	360.0	4.6	6.7					1018.7						
2026	8	9	17	42	360.0	4.1	7.2					1018.7						
2026	8	9	17	36	360.0	5.7	7.7					1018.7						
2026	8	9	17	30	360.0	5.7	7.7					1018.7						
2026	8	9	17	24	10.0	5.7	7.7					1018.7						
2026	8	9	17	18	10.0	4.6	7.7					1018.8						
2026	8	9	17	12	360.0	4.1	6.7					1018.8						
2026	8	9	17	6	360.0	4.6	6.7					1018.9						
2026	8	9	17	0	350.0	5.1	6.7					1018.9					0.0	
2026	8	9	16	54	360.0	4.1	5.7					1018.8						
2026	8	9	16	48	360.0	2.1	4.6					1018.8						
2026	8	9	16	42	350.0	3.1	4.6					1018.9						
2026	8	9	16	36	360.0	3.1	4.1					1018.9						
2026	8	9	16	30	350.0	3.1	4.6					1019.0						
2026	8	9	16	24	340.0	3.1	4.6					1019.0						
2026	8	9	16	18	330.0	3.1	4.1					1019.0						
2026	8	9	16	12	310.0	3.1	4.1					1019.0						
2026	8	9	16	6	310.0	2.1	3.1					1019.0						
2026	8	9	16	0	330.0	2.1	3.1					1019.0					0.0	
2026	8	9	15	54	330.0	2.1	3.1					1019.0						
2026	8	9	15	48	330.0	1.5	3.1					1019.0						
2026	8	9	15	42	20.0	2.6	4.6					1018.9						
2026	8	9	15	36	10.0	3.1	6.2					1019.1						
2026	8	9	15	30	10.0	3.6	5.7					1019.1						
2026	8	9	15	24	10.0	3.1	6.7					1019.2						
2026	8	9	15	18	360.0	4.6	6.2					1019.0						
2026	8	9	15	12	10.0	4.6	6.7					1018.9						
2026	8	9	15	6	20.0	4.1	6.2					1018.9						
2026	8	9	15	0	360.0	3.1	5.1					1019.0					0.0	
2026	8	9	14	54	10.0	2.6	5.1					1019.1						
2026	8	9	14	48	10.0	4.6	8.2					1019.1						
2026	8	9	14	42	360.0	3.6	6.2					1019.1						
2026	8	9	14	36	10.0	4.6	6.2					1019.2						
2026	8	9	14	30	10.0	4.6	8.2					1019.2						
2026	8	9	14	24	20.0	5.1	7.2					1019.2						
2026	8	9	14	18	10.0	5.7	8.2					1019.2						
2026	8	9	14	12	10.0	4.6	7.7					1019.1						
2026	8	9	14	6	10.0	5.1	8.2					1019.1						
2026	8	9	14	0	10.0	5.7	7.2					1019.0					0.0	
2026	8	9	13	54	10.0	4.6	8.2					1019.0						
2026	8	9	13	48	350.0	6.2	8.2					1018.9						
2026	8	9	13	42	340.0	4.1	6.2					1019.0						
2026	8	9	13	36	340.0	2.6	3.6					1019.0						
2026	8	9	13	30	10.0	1.5	3.1					1019.0						
2026	8	9	13	24	30.0	1.5	3.1					1018.9						
2026	8	9	13	18	30.0	1.5	4.1					1018.9						
2026	8	9	13	12	30.0	2.1	4.1					1019.0						
2026	8	9	13	6	10.0	2.6	4.6					1019.0						
2026	8	9	13	0	360.0	3.1	5.1					1019.0					0.0	
2026	8	9	12	54	360.0	4.1	5.7					1019.1						
2026	8	9	12	48	20.0	3.6	4.6					1019.1						
2026	8	9	12	42	20.0	3.1	4.6					1019.1						
2026	8	9	12	36	40.0	3.1	4.6					1019.0						
2026	8	9	12	30	40.0	3.6	6.2					1019.0						
2026	8	9	12	24	20.0	3.6	5.7					1019.0						
2026	8	9	12	18	40.0	4.6	6.2					1018.9						
2026	8	9	12	12	30.0	4.1	6.2					1018.9						
2026	8	9	12	6	40.0	4.1	6.2					1018.9						
2026	8	9	12	0	40.0	4.1	6.7					1018.9					0.0	
2026	8	9	11	54	20.0	3.6	5.1					1019.0						
2026	8	9	11	48	30.0	4.6	6.7					1018.9						
2026	8	9	11	42	30.0	3.6	6.2					1018.9						
2026	8	9	11	36	30.0	5.1	7.2					1018.9						
2026	8	9	11	30	40.0	4.6	5.7					1018.9						
2026	8	9	11	24	50.0	4.1	5.1					1018.9						
2026	8	9	11	18	50.0	3.6	4.6					1018.9						
2026	8	9	11	12	50.0	3.6	4.6					1018.9						
2026	8	9	11	6	40.0	3.6	6.2					1019.0						
2026	8	9	11	0	30.0	3.1	4.6					1019.0					-0.3	
2026	8	9	10	54	30.0	3.1	4.6					1019.0						
2026	8	9	10	48	40.0	2.6	5.1					1019.0						
2026	8	9	10	42	20.0	3.6	5.7					1019.0						
2026	8	9	10	36	40.0	3.1	5.1					1019.0						
2026	8	9	10	30	40.0	4.1	6.2					1019.0						
2026	8	9	10	24	40.0	3.1	5.1					1019.1						
2026	8	9	10	18	40.0	3.1	4.1					1019.1						
2026	8	9	10	12	20.0	2.6	5.1					1019.2						
2026	8	9	10	6	20.0	3.1	4.6					1019.1						
2026	8	9	10	0	20.0	1.5	4.1					1019.2					0.0	
2026	8	9	9	54	10.0	2.6	3.1					1019.2						
2026	8	9	9	48	10.0	2.6	5.1					1019.2						
2026	8	9	9	42	20.0	2.1	3.1					1019.2						
2026	8	9	9	36	40.0	2.1	2.6					1019.2						
2026	8	9	9	30	40.0	1.5	2.6					1019.2						
2026	8	9	9	24	30.0	2.1	3.1					1019.1						
2026	8	9	9	18	30.0	2.6	4.1					1019.2						
2026	8	9	9	12	30.0	3.1	4.6					1019.2						
2026	8	9	9	6	20.0	3.1	5.7					1019.1						
2026	8	9	9	0	40.0	3.1	5.1					1019.1					-0.5	
2026	8	9	8	54	40.0	3.1	5.7					1019.1						
2026	8	9	8	48	40.0	4.1	6.2					1019.1						
2026	8	9	8	42	40.0	3.6	4.6					1019.1						
2026	8	9	8	36	40.0	4.1	5.1					1019.1						
2026	8	9	8	30	50.0	3.6	5.1					1019.2						
2026	8	9	8	24	40.0	3.6	5.1					1019.2						
2026	8	9	8	18	30.0	2.6	4.6					1019.2						
2026	8	9	8	12	40.0	3.1	3.6					1019.2						
2026	8	9	8	6	30.0	2.6	4.6					1019.3						
2026	8	9	8	0	20.0	3.1	5.7					1019.3					0.0	
2026	8	9	7	54	30.0	3.1	5.1					1019.3						
2026	8	9	7	48	40.0	3.6	6.2					1019.3						
2026	8	9	7	42	40.0	3.1	5.1					1019.3						
2026	8	9	7	36	40.0	3.1	4.6					1019.4						
2026	8	9	7	30	30.0	3.1	4.6					1019.4						
2026	8	9	7	24	20.0	3.6	6.7					1019.4						
2026	8	9	7	18	40.0	4.1	5.1					1019.4						
2026	8	9	7	12	30.0	4.6	5.7					1019.4						
2026	8	9	7	6	40.0	3.6	6.2					1019.4						
2026	8	9	7	0	50.0	3.6	4.6					1019.3					0.0	
2026	8	9	6	54	40.0	3.1	5.1					1019.4						
2026	8	9	6	48	40.0	4.1	5.7					1019.4						
2026	8	9	6	42	30.0	4.6	6.2					1019.4						
2026	8	9	6	36	30.0	4.1	6.2					1019.5						
2026	8	9	6	30	20.0	3.6	5.1					1019.5						
2026	8	9	6	24	40.0	4.1	5.7					1019.5						
2026	8	9	6	18	40.0	4.1	5.7					1019.5						
2026	8	9	6	12	50.0	3.6	5.1					1019.5						
2026	8	9	6	6	50.0	3.6	5.1					1019.5						
2026	8	9	6	0	40.0	4.6	5.7					1019.6					0.5	
2026	8	9	5	54	40.0	3.1	4.6					1019.6						
2026	8	9	5	48	50.0	3.1	4.1					1019.6						
2026	8	9	5	42	40.0	3.1	4.6					1019.7						
2026	8	9	5	36	40.0	2.6	4.6					1019.6						
2026	8	9	5	30	50.0	2.6	5.1					1019.5						
2026	8	9	5	24	60.0	2.6	4.1					1019.5						
2026	8	9	5	18	40.0	3.6	4.6					1019.5						
2026	8	9	5	12	60.0	3.1	4.6					1019.5						
2026	8	9	5	6	60.0	2.6	5.1					1019.5						
2026	8	9	5	0	40.0	3.1	4.1					1019.5					0.0	
2026	8	9	4	54	50.0	2.6	3.6					1019.6						
2026	8	9	4	48	60.0	1.5	4.1					1019.5						
2026	8	9	4	42	50.0	2.6	3.6					1019.5						
2026	8	9	4	36	30.0	2.6	3.6					1019.5						
2026	8	9	4	30	40.0	2.1	3.1					1019.5						
2026	8	9	4	24	40.0	2.6	3.1					1019.4						
2026	8	9	4	18	60.0	2.6	3.1					1019.4						
2026	8	9	4	12	50.0	2.1	4.1					1019.4						
2026	8	9	4	6	50.0	2.6	3.1					1019.4						
2026	8	9	4	0	80.0	2.1	2.6					1019.4					-0.0	
2026	8	9	3	54	60.0	1.5	3.1					1019.4						
2026	8	9	3	48	70.0	2.1	2.6					1019.3						
2026	8	9	3	42	70.0	1.5	3.1					1019.3						
2026	8	9	3	36	50.0	2.1	3.1					1019.4						
2026	8	9	3	30	90.0	1.5	2.6					1019.4						
2026	8	9	3	24	50.0	2.1	2.6					1019.3						
2026	8	9	3	18	60.0	1.0	2.6					1019.3						
2026	8	9	3	12	60.0	2.1	3.6					1019.2						
2026	8	9	3	6	60.0	2.1	3.1					1019.2						
2026	8	9	3	0	50.0	2.6	3.6					1019.1					-0.6	
2026	8	9	2	54	70.0	1.5	3.1					1019.2						
2026	8	9	2	48	40.0	2.6	4.1					1019.3						
2026	8	9	2	42	40.0	2.6	4.6					1019.2						
2026	8	9	2	36	30.0	2.6	3.1					1019.2						
2026	8	9	2	30	50.0	2.1	3.6					1019.2						
2026	8	9	2	24	60.0	1.5	3.1					1019.1						
2026	8	9	2	18	50.0	2.1	3.1					1019.2						
2026	8	9	2	12	70.0	1.5	3.1					1019.2						
2026	8	9	2	6	40.0	2.1	3.6					1019.3						
2026	8	9	2	0	40.0	1.0	3.1					1019.3					-0.6	
2026	8	9	1	54	70.0	1.5	3.1					1019.3						
2026	8	9	1	48	30.0	1.5	4.1					1019.4						
2026	8	9	1	42	30.0	1.0	3.1					1019.4						
2026	8	9	1	36	350.0	1.0	3.6					1019.4						
2026	8	9	1	30	20.0	1.5	4.1					1019.4						
2026	8	9	1	24	30.0	2.6	4.1					1019.4						
2026	8	9	1	18	10.0	1.5	3.1					1019.4						
2026	8	9	1	12	360.0	2.1	3.1					1019.5						
2026	8	9	1	6	20.0	2.1	3.1					1019.5						
2026	8	9	1	0	70.0	1.5	4.1					1019.5					-0.6	
2026	8	9	0	54	50.0	2.1	3.1					1019.6						
2026	8	9	0	48	10.0	2.1	4.1					1019.6						
2026	8	9	0	42	20.0	2.1	4.6					1019.6						
2026	8	9	0	36	20.0	2.6	5.1					1019.5						
2026	8	9	0	30	10.0	2.6	3.6					1019.6						
2026	8	9	0	24	30.0	1.5	3.6					1019.6						
2026	8	9	0	18	10.0	2.6	3.6					1019.7						
2026	8	9	0	12	10.0	2.1	5.1					1019.7						
2026	8	9	0	6	20.0	1.0	4.6					1019.7						
2026	8	9	0	0	20.0	3.1	5.1					1019.7					-0.6	
2026	8	8	23	54	10.0	2.1	5.7					1019.8						
2026	8	8	23	48	10.0	2.6	4.6					1019.8						
2026	8	8	23	42	10.0	2.6	6.2					1019.8						
2026	8	8	23	36	10.0	3.6	5.1					1019.8						
2026	8	8	23	30	350.0	2.1	5.1					1019.8						
2026	8	8	23	24	20.0	3.6	5.7					1019.8						
2026	8	8	23	18	10.0	4.6	6.7					1019.8						
2026	8	8	23	12	20.0	3.1	6.2					1019.8						
2026	8	8	23	6	10.0	3.1	5.7					1019.8						
2026	8	8	23	0	30.0	2.6	5.7					1019.9					-0.5	
2026	8	8	22	54	30.0	1.5	5.7					1020.0						
2026	8	8	22	48	20.0	2.6	5.1					1020.0						
2026	8	8	22	42	30.0	3.1	5.1					1020.1						
2026	8	8	22	36	360.0	2.6	4.1					1020.1						
2026	8	8	22	30	10.0	2.6	5.1					1020.1						
2026	8	8	22	24	10.0	2.1	5.1					1020.1						
2026	8	8	22	18	360.0	3.1	5.1					1020.2						
2026	8	8	22	12	360.0	3.1	5.7					1020.1						
2026	8	8	22	6	10.0	2.6	4.6					1020.1						
2026	8	8	22	0	360.0	2.6	5.1					1020.1					-0.4	
2026	8	8	21	54	350.0	2.1	3.6					1020.1						
2026	8	8	21	48	360.0	2.6	5.1					1020.1						
2026	8	8	21	42	360.0	3.6	5.1					1020.1						
2026	8	8	21	36	350.0	3.6	4.6					1020.2						
2026	8	8	21	30	340.0	2.6	4.6					1020.2						
2026	8	8	21	24	320.0	2.1	4.1					1020.2						
2026	8	8	21	18	310.0	1.5	3.1					1020.2						
2026	8	8	21	12	330.0	2.6	4.1					1020.2						
2026	8	8	21	6	300.0	1.5	3.6					1020.3						
2026	8	8	21	0	280.0	2.1	3.1					1020.3					0.0	
2026	8	8	20	54	270.0	1.5	3.6					1020.2						
2026	8	8	20	48		0.0	2.1					1020.3						
2026	8	8	20	42	320.0	2.1	3.6					1020.3						
2026	8	8	20	36	220.0	1.0	2.1					1020.4						
2026	8	8	20	30	320.0	1.0	2.6					1020.4						
2026	8	8	20	24	290.0	1.5	3.1					1020.4						
2026	8	8	20	18	10.0	0.5	2.1					1020.4						
2026	8	8	20	12	260.0	1.0	1.5					1020.4						
2026	8	8	20	6	30.0	1.0	2.6					1020.4						
2026	8	8	20	0	310.0	0.5	2.1					1020.4					0.3	
2026	8	8	19	54	310.0	0.5	2.1					1020.5						
2026	8	8	19	48	350.0	1.0	2.6					1020.5						
2026	8	8	19	42	20.0	1.0	3.6					1020.5						
2026	8	8	19	36	320.0	1.0	3.1					1020.5						
2026	8	8	19	30	330.0	1.5	2.6					1020.4						
2026	8	8	19	24	40.0	0.5	2.6					1020.5						
2026	8	8	19	18	340.0	0.5	2.1					1020.5						
2026	8	8	19	12	330.0	1.0	3.1					1020.5						
2026	8	8	19	6	290.0	1.0	3.6					1020.5						
2026	8	8	19	0	290.0	2.1	4.1					1020.5					0.5	
2026	8	8	18	54	290.0	2.1	3.1					1020.5						
2026	8	8	18	48	310.0	2.1	4.6					1020.4						
2026	8	8	18	42	310.0	2.6	4.1					1020.4						
2026	8	8	18	36	310.0	2.6	4.1					1020.4						
2026	8	8	18	30	320.0	3.1	4.6					1020.4						
2026	8	8	18	24	330.0	3.1	4.1					1020.4						
2026	8	8	18	18	320.0	2.6	4.1					1020.3						
2026	8	8	18	12	310.0	1.5	2.6					1020.3						
2026	8	8	18	6	320.0	1.5	3.6					1020.4						
2026	8	8	18	0	320.0	1.5	3.1					1020.4					0.5	
2026	8	8	17	54	310.0	1.5	2.6					1020.3						
2026	8	8	17	48	340.0	1.5	3.6					1020.3						
2026	8	8	17	42	330.0	2.1	3.6					1020.3						
2026	8	8	17	36	320.0	2.1	3.1					1020.3						
2026	8	8	17	30	320.0	2.1	2.6					1020.3						
2026	8	8	17	24	300.0	2.1	2.6					1020.3						
2026	8	8	17	18	290.0	1.5	2.1					1020.3						
2026	8	8	17	12	270.0	1.5	2.1					1020.2						
2026	8	8	17	6	320.0	2.1	2.1					1020.2						
2026	8	8	17	0	310.0	2.1	2.6					1020.1					0.8	
2026	8	8	16	54	320.0	2.1	2.6					1020.1						
2026	8	8	16	48	330.0	1.0	2.6					1020.1						
2026	8	8	16	42	350.0	1.5	2.6					1020.1						
2026	8	8	16	36	360.0	2.6	2.6					1020.1						
2026	8	8	16	30	350.0	1.5	2.1					1020.1						
2026	8	8	16	24	360.0	2.1	2.6					1020.1						
2026	8	8	16	18	360.0	2.1	3.1					1020.1						
2026	8	8	16	12	360.0	2.6	3.6					1020.0						
2026	8	8	16	6	350.0	2.6	3.6					1020.0						
2026	8	8	16	0	340.0	3.6	3.6					1020.0					0.8	
2026	8	8	15	54	340.0	3.1	4.1					1020.0						
2026	8	8	15	48	340.0	2.6	3.1					1019.9						
2026	8	8	15	42	360.0	1.5	3.1					1019.8						
2026	8	8	15	36	340.0	1.5	3.1					1019.9						
2026	8	8	15	30	320.0	1.5	2.6					1019.9						
2026	8	8	15	24	340.0	1.5	2.6					1019.9						
2026	8	8	15	18	360.0	2.1	3.1					1019.8						
2026	8	8	15	12	10.0	2.1	3.1					1019.9						
2026	8	8	15	6	20.0	0.5	2.6					1019.9						
2026	8	8	15	0	20.0	1.5	2.6					1019.9					0.7	
2026	8	8	14	54	20.0	2.1	4.6					1020.0						
2026	8	8	14	48	350.0	3.1	4.1					1020.1						
2026	8	8	14	42	330.0	2.6	3.1					1020.0						
2026	8	8	14	36	360.0	2.1	4.6					1019.7						
2026	8	8	14	30	20.0	2.1	3.6					1019.5						
2026	8	8	14	24	360.0	2.6	4.1					1019.5						
2026	8	8	14	18	360.0	2.1	2.6					1019.5						
2026	8	8	14	12	360.0	1.5	2.6					1019.5						
2026	8	8	14	6	360.0	1.5	2.1					1019.4						
2026	8	8	14	0	360.0	1.0	2.1					1019.3					0.4	
2026	8	8	13	54	330.0	0.5	1.5					1019.3						
2026	8	8	13	48	80.0	1.0	1.0					1019.2						
2026	8	8	13	42	90.0	1.0	1.5					1019.1						
2026	8	8	13	36	70.0	1.0	1.5					1019.0						
2026	8	8	13	30	80.0	1.0	1.0					1019.1						
2026	8	8	13	24	100.0	1.0	1.5					1019.1						
2026	8	8	13	18	90.0	1.0	1.5					1019.2						
2026	8	8	13	12	80.0	0.5	1.0					1019.2						
2026	8	8	13	6		0.0	1.0					1019.2						
2026	8	8	13	0	90.0	0.5	1.5					1019.2					0.5	
2026	8	8	12	54	40.0	0.5	1.0					1019.2						
2026	8	8	12	48		0.0	0.5					1019.2						
2026	8	8	12	42	290.0	0.5	0.5					1019.1						
2026	8	8	12	36		0.0	1.5					1019.1						
2026	8	8	12	30	340.0	1.0	1.5					1019.1						
2026	8	8	12	24		0.0	1.0					1019.2						
2026	8	8	12	18		0.0	0.5					1019.2						
2026	8	8	12	12		0.0	2.1					1019.2						
2026	8	8	12	6	340.0	1.0	2.1					1019.2						
2026	8	8	12	0		0.0	2.1					1019.2					-0.0	
2026	8	8	11	54	10.0	1.5	3.1					1019.2						
2026	8	8	11	48	330.0	1.0	2.6					1019.2						
2026	8	8	11	42	350.0	1.0	3.1					1019.1						
2026	8	8	11	36	360.0	0.5	2.1					1019.0						
2026	8	8	11	30	360.0	1.0	2.6					1019.0						
2026	8	8	11	24	10.0	0.5	2.6					1019.0						
2026	8	8	11	18	360.0	1.0	3.6					1019.0						
2026	8	8	11	12	360.0	2.1	3.1					1019.0						
2026	8	8	11	6	360.0	2.1	3.1					1018.9						
2026	8	8	11	0	360.0	0.5	2.6					1018.9					-0.6	
2026	8	8	10	54	10.0	1.5	3.1					1018.9						
2026	8	8	10	48	360.0	2.1	3.1					1018.9						
2026	8	8	10	42	360.0	1.5	2.6					1018.8						
2026	8	8	10	36	350.0	2.6	3.6					1018.7						
2026	8	8	10	30	340.0	3.1	4.1					1018.7						
2026	8	8	10	24	350.0	3.6	5.1					1018.7						
2026	8	8	10	18	350.0	4.6	5.7					1018.7						
2026	8	8	10	12	340.0	3.6	4.6					1018.8						
2026	8	8	10	6	330.0	3.1	4.1					1018.7						
2026	8	8	10	0	340.0	3.6	5.7					1018.7					-0.8	
2026	8	8	9	54	330.0	3.6	5.1					1018.7						
2026	8	8	9	48	10.0	1.5	2.6					1018.8						
2026	8	8	9	42	20.0	2.1	3.1					1018.8						
2026	8	8	9	36	10.0	2.1	4.1					1018.8						
2026	8	8	9	30	360.0	1.5	5.1					1018.9						
2026	8	8	9	24	360.0	2.1	5.7					1018.9						
2026	8	8	9	18	10.0	2.1	4.6					1018.9						
2026	8	8	9	12	50.0	1.5	3.1					1018.9						
2026	8	8	9	6	40.0	2.1	3.1					1019.0						
2026	8	8	9	0	50.0	2.6	3.6					1019.0					-0.5	
2026	8	8	8	54	60.0	2.6	3.6					1019.1						
2026	8	8	8	48	70.0	2.6	3.1					1019.2						
2026	8	8	8	42	50.0	2.6	3.6					1019.2						
2026	8	8	8	36	60.0	2.6	3.1					1019.2						
2026	8	8	8	30	60.0	2.6	3.1					1019.2						
2026	8	8	8	24	50.0	2.6	3.1					1019.3						
2026	8	8	8	18	40.0	2.6	3.1					1019.4						
2026	8	8	8	12	30.0	3.1	4.6					1019.4						
2026	8	8	8	6	30.0	4.1	5.1					1019.4						
2026	8	8	8	0	50.0	3.6	5.1					1019.5					0.0	
2026	8	8	7	54	30.0	3.1	4.1					1019.4						
2026	8	8	7	48	40.0	3.1	4.6					1019.4						
2026	8	8	7	42	50.0	3.1	3.6					1019.4						
2026	8	8	7	36	40.0	2.1	4.1					1019.3						
2026	8	8	7	30	40.0	2.6	4.1					1019.3						
2026	8	8	7	24	30.0	2.6	3.6					1019.3						
2026	8	8	7	18	20.0	3.1	4.6					1019.4						
2026	8	8	7	12	360.0	2.1	4.6					1019.4						
2026	8	8	7	6	30.0	2.6	4.6					1019.4						
2026	8	8	7	0	30.0	3.1	4.6					1019.5					0.5	
2026	8	8	6	54	20.0	2.6	4.1					1019.5						
2026	8	8	6	48	30.0	4.1	5.1					1019.5						
2026	8	8	6	42	30.0	4.1	6.7					1019.5						
2026	8	8	6	36	30.0	4.6	6.2					1019.5						
2026	8	8	6	30	30.0	4.6	6.2					1019.5						
2026	8	8	6	24	40.0	4.6	6.2					1019.4						
2026	8	8	6	18	30.0	5.1	6.7					1019.5						
2026	8	8	6	12	40.0	3.6	5.1					1019.5						
2026	8	8	6	6	40.0	4.1	6.7					1019.5						
2026	8	8	6	0	40.0	5.1	6.7					1019.5					0.6	
2026	8	8	5	54	30.0	5.7	6.7					1019.6						
2026	8	8	5	48	30.0	4.6	5.7					1019.6						
2026	8	8	5	42	30.0	4.1	6.2					1019.6						
2026	8	8	5	36	30.0	4.1	5.7					1019.6						
2026	8	8	5	30	20.0	3.6	6.2					1019.6						
2026	8	8	5	24	20.0	4.6	7.2					1019.6						
2026	8	8	5	18	20.0	5.1	6.7					1019.5						
2026	8	8	5	12	20.0	5.1	6.7					1019.5						
2026	8	8	5	6	20.0	4.1	5.7					1019.6						
2026	8	8	5	0	30.0	4.1	5.1					1019.5					0.7	
2026	8	8	4	54	20.0	4.1	5.7					1019.4						
2026	8	8	4	48	20.0	3.6	6.7					1019.4						
2026	8	8	4	42	20.0	5.1	6.2					1019.5						
2026	8	8	4	36	20.0	4.1	5.1					1019.4						
2026	8	8	4	30	20.0	4.1	6.2					1019.3						
2026	8	8	4	24	20.0	4.1	6.7					1019.3						
2026	8	8	4	18	30.0	3.6	5.1					1019.2						
2026	8	8	4	12	20.0	3.6	5.1					1019.2						
2026	8	8	4	6	10.0	3.1	4.1					1019.1						
2026	8	8	4	0	30.0	3.6	5.7					1019.0					0.0	
2026	8	8	3	54	30.0	3.6	5.1					1019.0						
2026	8	8	3	48	30.0	3.1	5.1					1019.0						
2026	8	8	3	42	20.0	3.6	7.2					1018.9						
2026	8	8	3	36	30.0	3.1	4.6					1018.9						
2026	8	8	3	30	30.0	3.6	5.7					1018.9						
2026	8	8	3	24	20.0	3.6	4.6					1018.9						
2026	8	8	3	18	40.0	3.1	4.6					1018.9						
2026	8	8	3	12	40.0	2.6	4.1					1018.9						
2026	8	8	3	6	30.0	2.6	4.6					1019.0						
2026	8	8	3	0	20.0	2.1	5.1					1018.9					0.0	
2026	8	8	2	54	20.0	3.1	4.6					1019.0						
2026	8	8	2	48	10.0	2.1	4.1					1018.9						
2026	8	8	2	42	40.0	2.6	4.6					1019.0						
2026	8	8	2	36	30.0	3.1	4.6					1019.0						
2026	8	8	2	30	20.0	3.6	5.1					1018.9						
2026	8	8	2	24	20.0	4.6	6.2					1018.9						
2026	8	8	2	18	20.0	5.1	6.7					1018.8						
2026	8	8	2	12	10.0	5.1	6.7					1018.8						
2026	8	8	2	6	20.0	5.7	7.7					1018.8						
2026	8	8	2	0	360.0	5.7	7.7					1018.8					-0.6	
2026	8	8	1	54	360.0	5.1	7.2					1018.9						
2026	8	8	1	48	360.0	5.1	6.7					1018.9						
2026	8	8	1	42	360.0	5.1	6.7					1018.9						
2026	8	8	1	36	360.0	5.7	7.7					1018.9						
2026	8	8	1	30	360.0	5.1	7.2					1019.0						
2026	8	8	1	24	360.0	5.7	7.2					1019.0						
2026	8	8	1	18	350.0	5.7	7.2					1019.0						
2026	8	8	1	12	350.0	6.2	7.7					1018.9						
2026	8	8	1	6	360.0	6.2	7.7					1018.9						
2026	8	8	1	0	360.0	5.1	6.7					1019.0					-0.4	
2026	8	8	0	54	360.0	4.1	6.2					1019.0						
2026	8	8	0	48	360.0	3.6	6.7					1019.0						
2026	8	8	0	42	350.0	4.6	6.2					1018.9						
2026	8	8	0	36	350.0	5.1	6.2					1018.9						
2026	8	8	0	30	360.0	4.6	6.2					1018.8						
2026	8	8	0	24	360.0	5.1	6.7					1018.8						
2026	8	8	0	18	360.0	4.6	6.7					1018.8						
2026	8	8	0	12	360.0	4.6	5.7					1018.8						
2026	8	8	0	6	360.0	4.6	7.2					1018.8						
2026	8	8	0	0	360.0	3.1	5.7					1018.9					-0.5	
2026	8	7	23	54	360.0	3.6	5.1					1018.9						
2026	8	7	23	48	10.0	4.1	5.7					1018.9						
2026	8	7	23	42	360.0	2.6	7.2					1019.0						
2026	8	7	23	36	10.0	4.6	6.7					1019.0						
2026	8	7	23	30	360.0	4.6	6.7					1019.1						
2026	8	7	23	24	10.0	5.1	7.7					1019.1						
2026	8	7	23	18	360.0	4.1	6.2					1019.1						
2026	8	7	23	12	10.0	4.6	6.7					1019.2						
2026	8	7	23	6	10.0	2.1	5.1					1019.3						
2026	8	7	23	0	360.0	3.6	5.1					1019.4					0.0	
2026	8	7	22	54	360.0	3.6	5.1					1019.4						
2026	8	7	22	48	360.0	4.1	6.2					1019.5						
2026	8	7	22	42	360.0	4.1	6.2					1019.5						
2026	8	7	22	36	350.0	4.1	5.7					1019.4						
2026	8	7	22	30	350.0	4.6	6.2					1019.4						
2026	8	7	22	24	350.0	5.1	6.2					1019.4						
2026	8	7	22	18	350.0	5.1	7.2					1019.4						
2026	8	7	22	12	350.0	5.7	7.7					1019.4						
2026	8	7	22	6	340.0	5.1	6.7					1019.4						
2026	8	7	22	0	340.0	4.6	5.7					1019.4					0.0	
2026	8	7	21	54	330.0	4.1	5.7					1019.4						
2026	8	7	21	48	330.0	3.6	5.1					1019.4						
2026	8	7	21	42	330.0	3.1	4.6					1019.4						
2026	8	7	21	36	330.0	3.1	4.6					1019.4						
2026	8	7	21	30	330.0	3.6	4.6					1019.4						
2026	8	7	21	24	330.0	3.1	4.6					1019.4						
2026	8	7	21	18	330.0	3.6	5.1					1019.4						
2026	8	7	21	12	330.0	3.6	4.6					1019.5						
2026	8	7	21	6	320.0	2.6	4.1					1019.4						
2026	8	7	21	0	320.0	3.1	4.1					1019.4					0.0	
2026	8	7	20	54	330.0	3.6	4.6					1019.4						
2026	8	7	20	48	330.0	3.6	5.1					1019.3						
2026	8	7	20	42	330.0	3.6	4.6					1019.3						
2026	8	7	20	36	340.0	3.6	5.1					1019.3						
2026	8	7	20	30	340.0	3.1	5.1					1019.2						
2026	8	7	20	24	340.0	3.6	5.1					1019.2						
2026	8	7	20	18	340.0	3.6	5.1					1019.2						
2026	8	7	20	12	350.0	4.1	5.7					1019.2						
2026	8	7	20	6	350.0	4.6	5.7					1019.2						
2026	8	7	20	0	350.0	4.1	6.2					1019.2					-0.3	
2026	8	7	19	54	350.0	3.6	5.7					1019.3						
2026	8	7	19	48	350.0	3.6	5.7					1019.3						
2026	8	7	19	42	350.0	3.6	5.1					1019.4						
2026	8	7	19	36	350.0	3.6	4.6					1019.5						
2026	8	7	19	30	350.0	4.1	6.2					1019.5						
2026	8	7	19	24	360.0	3.6	6.2					1019.4						
2026	8	7	19	18	360.0	3.6	5.7					1019.4						
2026	8	7	19	12	360.0	3.6	6.2					1019.4						
2026	8	7	19	6	360.0	4.1	6.2					1019.4						
2026	8	7	19	0	10.0	4.6	7.2					1019.4					0.0	
2026	8	7	18	54	10.0	5.7	8.2					1019.4						
2026	8	7	18	48	360.0	4.1	7.7					1019.4						
2026	8	7	18	42	10.0	5.7	7.2					1019.4						
2026	8	7	18	36	350.0	2.6	7.2					1019.4						
2026	8	7	18	30	10.0	4.6	7.2					1019.4						
2026	8	7	18	24	10.0	4.1	6.7					1019.5						
2026	8	7	18	18	10.0	4.1	6.7					1019.5						
2026	8	7	18	12	360.0	4.6	6.2					1019.5						
2026	8	7	18	6	10.0	4.6	7.2					1019.5						
2026	8	7	18	0	10.0	4.1	6.7					1019.5					0.4	
2026	8	7	17	54	10.0	4.6	7.2					1019.5						
2026	8	7	17	48	20.0	6.2	7.7					1019.4						
2026	8	7	17	42	30.0	7.2	8.8					1019.5						
2026	8	7	17	36	20.0	5.1	7.2					1019.5						
2026	8	7	17	30	20.0	4.6	7.2					1019.5						
2026	8	7	17	24	30.0	4.6	6.7					1019.5						
2026	8	7	17	18	20.0	5.1	7.7					1019.5						
2026	8	7	17	12	10.0	4.6	6.2					1019.5						
2026	8	7	17	6	20.0	4.6	5.7					1019.5						
2026	8	7	17	0	360.0	4.1	5.7					1019.5					0.7	
2026	8	7	16	54	10.0	4.1	6.2					1019.4						
2026	8	7	16	48	20.0	4.1	5.7					1019.4						
2026	8	7	16	42	10.0	3.6	5.1					1019.4						
2026	8	7	16	36	10.0	4.1	5.1					1019.4						
2026	8	7	16	30	10.0	3.1	5.1					1019.4						
2026	8	7	16	24	360.0	3.1	4.6					1019.4						
2026	8	7	16	18	10.0	3.1	4.1					1019.3						
2026	8	7	16	12	10.0	3.1	4.6					1019.3						
2026	8	7	16	6	360.0	2.1	4.6					1019.2						
2026	8	7	16	0	360.0	3.1	5.1					1019.3					0.9	
2026	8	7	15	54	360.0	2.6	4.1					1019.3						
2026	8	7	15	48	10.0	3.1	4.1					1019.3						
2026	8	7	15	42	10.0	3.6	4.6					1019.2						
2026	8	7	15	36	10.0	2.6	4.1					1019.2						
2026	8	7	15	30	20.0	4.1	5.1					1019.2						
2026	8	7	15	24	360.0	2.6	4.1					1019.2						
2026	8	7	15	18	360.0	2.6	4.6					1019.2						
2026	8	7	15	12	10.0	3.1	4.1					1019.2						
2026	8	7	15	6	20.0	2.6	3.6					1019.1						
2026	8	7	15	0	10.0	2.6	3.6					1019.1					1.1	
2026	8	7	14	54	10.0	2.6	4.1					1019.1						
2026	8	7	14	48	10.0	2.6	4.6					1019.0						
2026	8	7	14	42	10.0	3.6	5.7					1019.0						
2026	8	7	14	36	20.0	3.1	4.1					1019.0						
2026	8	7	14	30	360.0	3.1	4.6					1018.9						
2026	8	7	14	24	10.0	4.1	5.1					1018.8						
2026	8	7	14	18	30.0	3.1	5.1					1018.7						
2026	8	7	14	12	30.0	4.1	5.7					1018.8						
2026	8	7	14	6	40.0	3.6	4.6					1018.8						
2026	8	7	14	0	30.0	3.6	4.1					1018.8					0.8	
2026	8	7	13	54	30.0	3.6	4.1					1018.8						
2026	8	7	13	48	30.0	2.6	3.1					1018.8						
2026	8	7	13	42	30.0	3.1	4.1					1018.7						
2026	8	7	13	36	30.0	4.1	5.1					1018.7						
2026	8	7	13	30	30.0	4.1	5.1					1018.6						
2026	8	7	13	24	30.0	3.1	4.6					1018.5						
2026	8	7	13	18	20.0	4.1	4.6					1018.5						
2026	8	7	13	12	30.0	3.6	4.1					1018.4						
2026	8	7	13	6	30.0	3.6	4.6					1018.4						
2026	8	7	13	0	10.0	3.1	4.6					1018.4					0.3	
2026	8	7	12	54	30.0	2.6	3.6					1018.3						
2026	8	7	12	48	10.0	3.1	3.6					1018.2						
2026	8	7	12	42	20.0	3.1	4.1					1018.3						
2026	8	7	12	36	10.0	2.6	3.6					1018.2						
2026	8	7	12	30	20.0	3.1	4.1					1018.2						
2026	8	7	12	24	360.0	2.1	4.6					1018.2						
2026	8	7	12	18	20.0	3.6	4.1					1018.1						
2026	8	7	12	12	10.0	3.1	5.7					1018.1						
2026	8	7	12	6	20.0	3.1	4.1					1018.0						
2026	8	7	12	0	30.0	2.6	3.6					1018.0					0.0	
2026	8	7	11	36	20.0	3.1	4.6					1018.0						
2026	8	7	11	30	30.0	3.6	4.6					1018.0						
2026	8	7	11	24	20.0	2.6	3.1					1018.0						
2026	8	7	11	18	20.0	2.6	3.1					1018.0						
2026	8	7	11	12	30.0	3.1	4.1					1018.1						
2026	8	7	11	6	10.0	2.6	3.6					1018.1						
2026	8	7	11	0	30.0	3.6	4.1					1018.0					0.0	
2026	8	7	10	54	20.0	2.6	2.6					1018.0						
2026	8	7	10	48	20.0	2.1	3.1					1018.0						
2026	8	7	10	42	30.0	2.1	4.1					1018.0						
2026	8	7	10	36	20.0	3.1	4.1					1018.0						
2026	8	7	10	30	40.0	2.6	3.1					1018.0						
2026	8	7	10	24	20.0	2.6	3.6					1018.0						
2026	8	7	10	18	30.0	2.6	5.1					1017.9						
2026	8	7	10	12	30.0	3.1	4.6					1018.0						
2026	8	7	10	6	50.0	3.1	4.1					1018.0						
2026	8	7	10	0	20.0	3.1	3.6					1018.1					0.5	
2026	8	7	9	54	30.0	3.6	4.1					1017.9						
2026	8	7	9	48	40.0	3.1	4.1					1017.9						
2026	8	7	9	42	40.0	2.6	3.1					1018.0						
2026	8	7	9	36	20.0	2.1	3.1					1018.0						
2026	8	7	9	30	360.0	2.1	4.1					1018.1						
2026	8	7	9	24	30.0	2.1	3.1					1018.1						
2026	8	7	9	18	10.0	1.5	3.1					1018.1						
2026	8	7	9	12	10.0	2.6	3.1					1018.1						
2026	8	7	9	6	30.0	2.6	2.6					1018.0						
2026	8	7	9	0	360.0	1.0	2.6					1018.0					0.5	
2026	8	7	8	54	30.0	2.1	3.1					1018.1						
2026	8	7	8	48	360.0	1.5	3.1					1018.1						
2026	8	7	8	42	10.0	2.6	3.6					1018.1						
2026	8	7	8	36	30.0	2.1	3.1					1018.0						
2026	8	7	8	30	360.0	2.6	3.1					1018.0						
2026	8	7	8	24	10.0	2.6	3.6					1017.9						
2026	8	7	8	18	360.0	2.1	3.6					1017.9						
2026	8	7	8	12	10.0	2.1	3.1					1017.9						
2026	8	7	8	6	40.0	2.1	3.1					1017.8						
2026	8	7	8	0	30.0	2.6	3.6					1017.8					0.5	
2026	8	7	7	54	10.0	2.1	3.6					1017.7						
2026	8	7	7	48	30.0	2.1	3.6					1017.7						
2026	8	7	7	42	30.0	2.6	3.1					1017.7						
2026	8	7	7	36	30.0	2.6	2.6					1017.7						
2026	8	7	7	30	30.0	2.1	2.6					1017.7						
2026	8	7	7	24	30.0	2.1	3.6					1017.7						
2026	8	7	7	18	30.0	2.1	2.6					1017.6						
2026	8	7	7	12	10.0	2.1	3.1					1017.6						
2026	8	7	7	6	30.0	2.1	3.1					1017.6						
2026	8	7	7	0	10.0	2.6	3.1					1017.6					0.8	
2026	8	7	6	54	360.0	1.5	3.6					1017.6						
2026	8	7	6	48	20.0	2.6	3.1					1017.6						
2026	8	7	6	42	360.0	2.6	3.1					1017.5						
2026	8	7	6	36	20.0	2.6	3.1					1017.4						
2026	8	7	6	30	20.0	2.1	2.6					1017.5						
2026	8	7	6	24	10.0	1.5	3.1					1017.6						
2026	8	7	6	18	10.0	1.5	2.1					1017.6						
2026	8	7	6	12	20.0	2.1	2.6					1017.6						
2026	8	7	6	6	10.0	2.1	3.1					1017.6						
2026	8	7	6	0	10.0	2.1	3.1					1017.5						
2026	8	7	5	54	10.0	2.1	3.1					1017.5						
2026	8	7	5	48	10.0	2.6	3.1					1017.6						
2026	8	7	5	42	360.0	2.1	2.6					1017.6						
2026	8	7	5	36	360.0	2.1	3.1					1017.5						
2026	8	7	5	30	350.0	2.6	3.1					1017.6						
2026	8	7	5	24	350.0	2.6	3.1					1017.5						
2026	8	7	5	18	360.0	2.1	3.1					1017.4						
2026	8	7	5	12	20.0	1.5	3.1					1017.4						
2026	8	7	5	6	20.0	2.6	4.6					1017.3						
2026	8	7	5	0	10.0	3.1	4.1					1017.3					0.9	
2026	8	7	4	54	10.0	2.6	3.6					1017.3						
2026	8	7	4	48	20.0	2.1	3.1					1017.2						
2026	8	7	4	42	20.0	2.6	4.1					1017.1						
2026	8	7	4	36	20.0	3.1	5.7					1017.1						
2026	8	7	4	30	20.0	2.6	3.6					1017.0						
2026	8	7	4	24	10.0	2.6	3.6					1016.9						
2026	8	7	4	18	30.0	2.6	4.1					1016.9						
2026	8	7	4	12	20.0	2.6	3.6					1017.0						
2026	8	7	4	6	10.0	2.6	3.6					1016.9						
2026	8	7	4	0	10.0	2.6	3.6					1016.8					0.5	
2026	8	7	3	54	30.0	2.6	3.6					1016.8						
2026	8	7	3	48	20.0	2.6	3.6					1016.8						
2026	8	7	3	42	20.0	1.5	2.6					1016.8						
2026	8	7	3	36	30.0	2.1	3.1											
2026	8	7	3	30	10.0	1.5	2.6											
2026	8	7	3	24	10.0	2.1	3.6											
2026	8	7	3	18	10.0	2.1	3.1											
2026	8	7	3	12	10.0	2.6	3.1											
2026	8	7	3	6	20.0	2.1	3.6											
2026	8	7	3	0	350.0	2.1	3.1											
2026	8	7	2	54	350.0	2.6	3.1											
2026	8	7	2	48	360.0	2.1	3.1											
2026	8	7	2	42	350.0	2.6	2.6											
2026	8	7	2	36	350.0	2.6	4.1					1016.5						
2026	8	7	2	30	350.0	2.1	2.6					1016.5						
2026	8	7	2	24	350.0	1.5	2.6					1016.4						
2026	8	7	2	18	330.0	2.1	2.6					1016.4						
2026	8	7	2	12	330.0	2.1	3.1					1016.5						
2026	8	7	2	6	340.0	2.6	3.6					1016.4						
2026	8	7	2	0	330.0	2.1	2.6					1016.4					0.0	
2026	8	7	1	54	330.0	2.1	3.1					1016.3						
2026	8	7	1	48	320.0	2.1	3.1					1016.4						
2026	8	7	1	42	320.0	2.1	2.6					1016.4						
2026	8	7	1	36	340.0	2.1	2.6					1016.4						
2026	8	7	1	30	350.0	2.1	3.1					1016.4						
2026	8	7	1	24	350.0	2.1	2.6					1016.4						
2026	8	7	1	18	350.0	1.5	2.6					1016.4						
2026	8	7	1	12	350.0	1.5	3.1					1016.4						
2026	8	7	1	6	350.0	2.1	3.6					1016.4						
2026	8	7	1	0	10.0	1.5	2.6					1016.3					0.0	
2026	8	7	0	54	350.0	1.0	3.1					1016.3						
2026	8	7	0	48	350.0	2.1	3.1					1016.3						
2026	8	7	0	42	360.0	2.1	3.6					1016.2						
2026	8	7	0	36	360.0	2.1	2.6					1016.2						
2026	8	7	0	30	360.0	1.5	3.1					1016.2						
2026	8	7	0	24	340.0	1.5	2.6					1016.2						
2026	8	7	0	18	330.0	1.5	2.6					1016.3						
2026	8	7	0	12	330.0	2.1	2.6					1016.3						
2026	8	7	0	6	350.0	2.6	3.6					1016.3						
2026	8	7	0	0	340.0	1.5	2.6					1016.3					0.0	
2026	8	6	23	54	330.0	2.1	2.6					1016.3						
2026	8	6	23	48	330.0	1.5	2.6					1016.3						
2026	8	6	23	42	340.0	2.1	3.1					1016.3						
2026	8	6	23	36	330.0	2.6	3.1					1016.3						
2026	8	6	23	30	300.0	1.5	2.6					1016.3						
2026	8	6	23	24	320.0	2.1	3.1					1016.3						
2026	8	6	23	18	320.0	2.1	3.1					1016.3						
2026	8	6	23	12	340.0	2.6	3.6					1016.3						
2026	8	6	23	6	330.0	2.1	3.1					1016.2						
2026	8	6	23	0	340.0	2.6	4.1					1016.2					0.0	
2026	8	6	22	54	330.0	2.1	3.6					1016.2						
2026	8	6	22	48	340.0	2.1	3.1					1016.2						
2026	8	6	22	42	330.0	1.5	3.6					1016.2						
2026	8	6	22	36	320.0	2.6	3.1					1016.1						
2026	8	6	22	30	320.0	2.1	3.1					1016.2						
2026	8	6	22	24	320.0	1.5	3.1					1016.2						
2026	8	6	22	18	320.0	2.1	3.1					1016.3						
2026	8	6	22	12	320.0	2.1	3.1					1016.4						
2026	8	6	22	6	320.0	2.1	3.1					1016.4						
2026	8	6	22	0	320.0	2.1	2.6					1016.4					0.0	
2026	8	6	21	54	320.0	2.1	3.1					1016.4						
2026	8	6	21	48	320.0	2.6	3.1					1016.3						
2026	8	6	21	42	320.0	2.1	3.1					1016.3						
2026	8	6	21	36	340.0	2.6	3.1					1016.3						
2026	8	6	21	30	330.0	2.1	3.1					1016.2						
2026	8	6	21	24	330.0	2.1	3.1					1016.2						
2026	8	6	21	18	330.0	2.1	4.1					1016.2						
2026	8	6	21	12	350.0	1.5	3.1					1016.2						
2026	8	6	21	6	350.0	2.1	2.6					1016.2						
2026	8	6	21	0	350.0	2.1	3.1					1016.2					0.0	
2026	8	6	20	54	330.0	2.1	3.1					1016.2						
2026	8	6	20	48	330.0	1.5	2.6					1016.3						
2026	8	6	20	42	340.0	2.1	3.1					1016.3						
2026	8	6	20	36	330.0	2.1	3.6					1016.4						
2026	8	6	20	30	320.0	2.1	2.6					1016.4						
2026	8	6	20	24	330.0	2.1	3.1					1016.3						
2026	8	6	20	18	320.0	2.1	2.6					1016.3						
2026	8	6	20	12	310.0	2.1	3.1					1016.3						
2026	8	6	20	6	340.0	2.1	2.6					1016.3						
2026	8	6	20	0	320.0	1.5	2.6					1016.3					0.0	
2026	8	6	19	54	310.0	1.0	2.1					1016.3						
2026	8	6	19	48	320.0	1.5	2.6					1016.3						
2026	8	6	19	42	350.0	1.5	2.6					1016.3						
2026	8	6	19	36	340.0	1.5	2.6					1016.4						
2026	8	6	19	30	360.0	2.1	3.6					1016.4						
2026	8	6	19	24	360.0	2.1	4.1					1016.5						
2026	8	6	19	18	10.0	3.1	4.6					1016.5						
2026	8	6	19	12	360.0	2.6	5.1					1016.5						
2026	8	6	19	6	10.0	3.6	5.1					1016.5						
2026	8	6	19	0	360.0	2.1	4.1					1016.5					0.6	
2026	8	6	18	54	360.0	1.5	3.1					1016.4						
2026	8	6	18	48	350.0	2.1	3.1					1016.4						
2026	8	6	18	42	360.0	2.1	3.6					1016.4						
2026	8	6	18	36	360.0	2.1	3.1					1016.4						
2026	8	6	18	30	20.0	2.1	3.6					1016.5						
2026	8	6	18	24	360.0	1.5	2.6					1016.5						
2026	8	6	18	18	30.0	2.1	3.1					1016.5						
2026	8	6	18	12	30.0	3.1	3.6					1016.4						
2026	8	6	18	6	30.0	2.6	4.1					1016.4						
2026	8	6	18	0	30.0	2.6	4.6					1016.4					0.6	
2026	8	6	17	54	30.0	2.6	3.6					1016.3						
2026	8	6	17	48	20.0	2.1	2.6					1016.4						
2026	8	6	17	42	30.0	2.1	3.1					1016.3						
2026	8	6	17	36	10.0	2.6	4.6					1016.3						
2026	8	6	17	30	20.0	2.6	4.1					1016.3						
2026	8	6	17	24	30.0	3.1	4.6					1016.3						
2026	8	6	17	18	30.0	1.5	3.6					1016.2						
2026	8	6	17	12	40.0	2.6	3.1					1016.2						
2026	8	6	17	6	30.0	1.0	3.6					1016.2						
2026	8	6	17	0	10.0	1.5	3.6					1016.2					0.6	
2026	8	6	16	54	10.0	1.5	3.1					1016.1						
2026	8	6	16	48	20.0	3.1	5.1					1016.1						
2026	8	6	16	42	10.0	2.6	3.1					1016.0						
2026	8	6	16	36	360.0	2.1	3.6					1016.0						
2026	8	6	16	30	20.0	2.6	3.6					1016.0						
2026	8	6	16	24	20.0	2.6	4.1					1016.0						
2026	8	6	16	18	20.0	2.6	4.6					1015.9						
2026	8	6	16	12	30.0	2.6	3.6					1015.9						
2026	8	6	16	6	30.0	2.6	3.6					1015.9						
2026	8	6	16	0	20.0	2.6	4.1					1015.9					0.6	
2026	8	6	15	54	10.0	2.6	3.6					1015.8						
2026	8	6	15	48	30.0	1.5	2.6					1015.9						
2026	8	6	15	42	20.0	1.0	2.6					1015.9						
2026	8	6	15	36	20.0	1.5	2.6					1015.9						
2026	8	6	15	30	40.0	1.5	2.6					1015.9						
2026	8	6	15	24	30.0	1.5	3.1					1015.9						
2026	8	6	15	18	40.0	2.1	4.1					1015.8						
2026	8	6	15	12	30.0	2.6	4.1					1015.8						
2026	8	6	15	6	40.0	2.1	3.6					1015.8						
2026	8	6	15	0	40.0	3.1	4.1					1015.8					0.7	
2026	8	6	14	54	40.0	2.1	4.1					1015.8						
2026	8	6	14	48	50.0	2.6	3.6					1015.8						
2026	8	6	14	42	40.0	2.6	3.6					1015.8						
2026	8	6	14	36	30.0	2.6	3.6					1015.7						
2026	8	6	14	30	20.0	2.6	3.6					1015.7						
2026	8	6	14	24	40.0	2.1	3.1					1015.7						
2026	8	6	14	18	30.0	2.6	3.6					1015.7						
2026	8	6	14	12	20.0	3.1	4.1					1015.6						
2026	8	6	14	6	30.0	2.1	3.6					1015.6						
2026	8	6	14	0	40.0	2.6	4.6					1015.6					0.5	
2026	8	6	13	54	30.0	3.1	4.1					1015.6						
2026	8	6	13	48	30.0	3.1	4.1					1015.5						
2026	8	6	13	42	40.0	2.6	3.1					1015.5						
2026	8	6	13	36	30.0	2.6	3.6					1015.5						
2026	8	6	13	30	40.0	2.1	4.1					1015.5						
2026	8	6	13	24	40.0	2.1	3.1					1015.5						
2026	8	6	13	18	30.0	2.1	3.6					1015.5						
2026	8	6	13	12	40.0	2.1	3.1					1015.5						
2026	8	6	13	6	40.0	1.5	2.6					1015.4						
2026	8	6	13	0	40.0	1.5	2.6					1015.3					0.5	
2026	8	6	12	54	30.0	1.0	2.6					1015.3						
2026	8	6	12	48	30.0	2.1	3.6					1015.2						
2026	8	6	12	42	20.0	2.1	3.1					1015.3						
2026	8	6	12	36	30.0	2.6	4.1					1015.2						
2026	8	6	12	30	20.0	2.1	3.1					1015.2						
2026	8	6	12	24	20.0	1.5	3.1					1015.2						
2026	8	6	12	18	30.0	2.1	3.6					1015.2						
2026	8	6	12	12	20.0	1.5	3.1					1015.2						
2026	8	6	12	6	20.0	2.6	4.6					1015.2						
2026	8	6	12	0	20.0	2.6	4.1					1015.1					0.3	
2026	8	6	11	54	40.0	2.6	3.6					1015.1						
2026	8	6	11	48	40.0	3.1	4.1					1015.1						
2026	8	6	11	42	40.0	2.6	4.1					1015.1						
2026	8	6	11	36	30.0	3.1	3.6					1015.1						
2026	8	6	11	30	30.0	2.6	3.6					1015.1						
2026	8	6	11	24	40.0	3.1	4.1					1015.0						
2026	8	6	11	18	40.0	2.6	4.1					1015.0						
2026	8	6	11	12	30.0	2.6	3.6					1015.0						
2026	8	6	11	6	20.0	3.1	4.1					1015.1						
2026	8	6	11	0	20.0	3.1	4.6					1015.1					-0.0	
2026	8	6	10	54	30.0	2.6	4.1					1015.0						
2026	8	6	10	48	30.0	3.6	4.6					1015.0						
2026	8	6	10	42	40.0	2.6	4.1					1015.0						
2026	8	6	10	36	40.0	3.1	3.6					1015.0						
2026	8	6	10	30	40.0	2.6	3.6					1015.0						
2026	8	6	10	24	30.0	2.6	3.6					1015.0						
2026	8	6	10	18	20.0	2.6	3.1					1014.9						
2026	8	6	10	12	30.0	1.5	2.6					1014.9						
2026	8	6	10	6	30.0	1.5	2.6					1014.9						
2026	8	6	10	0	20.0	2.6	3.6					1014.8					0.0	
2026	8	6	9	54	10.0	2.6	3.6					1014.7						
2026	8	6	9	48	20.0	3.1	3.6					1014.7						
2026	8	6	9	42	30.0	2.6	3.6					1014.7						
2026	8	6	9	36	20.0	3.1	3.6					1014.7						
2026	8	6	9	30	360.0	2.6	3.6					1014.7						
2026	8	6	9	24	10.0	2.6	3.1					1014.8						
2026	8	6	9	18	360.0	2.1	3.1					1014.8						
2026	8	6	9	12	10.0	2.1	3.1					1014.8						
2026	8	6	9	6	10.0	2.1	2.6					1014.8						
2026	8	6	9	0	20.0	2.1	3.1					1014.8					0.0	
2026	8	6	8	54	20.0	2.6	3.1					1014.7						
2026	8	6	8	48	20.0	2.6	3.6					1014.7						
2026	8	6	8	42	10.0	2.6	3.6					1014.7						
2026	8	6	8	36	360.0	2.6	3.1					1014.8						
2026	8	6	8	30	360.0	2.6	2.6					1014.9						
2026	8	6	8	24	10.0	2.1	2.6					1014.9						
2026	8	6	8	18	10.0	1.5	2.1					1014.9						
2026	8	6	8	12	350.0	1.5	2.6					1014.9						
2026	8	6	8	6	360.0	2.1	2.6					1014.9						
2026	8	6	8	0	360.0	1.5	3.1					1014.9					0.0	
2026	8	6	7	54	10.0	1.0	1.5					1014.9						
2026	8	6	7	48	350.0	1.5	2.1					1014.9						
2026	8	6	7	42	330.0	1.5	1.5					1014.9						
2026	8	6	7	36	350.0	1.5	2.1					1014.8						
2026	8	6	7	30	360.0	1.5	2.6					1014.8						
2026	8	6	7	24	360.0	2.1	3.1					1014.8						
2026	8	6	7	18	360.0	1.0	1.5					1014.8						
2026	8	6	7	12	10.0	1.0	1.5					1014.9						
2026	8	6	7	6	350.0	0.5	1.5					1014.9						
2026	8	6	7	0	360.0	1.5	2.1					1014.8					0.4	
2026	8	6	6	54	10.0	1.0	1.5					1014.8						
2026	8	6	6	48	340.0	1.0	1.5					1014.8						
2026	8	6	6	42	340.0	0.5	1.5					1014.9						
2026	8	6	6	36	30.0	1.0	2.1					1014.9						
2026	8	6	6	30		0.0	1.5					1014.9						
2026	8	6	6	24	360.0	1.0	1.5					1014.9						
2026	8	6	6	18	360.0	0.5	1.0					1014.9						
2026	8	6	6	12	330.0	1.0	2.1					1014.9						
2026	8	6	6	6	350.0	1.5	1.5					1014.9						
2026	8	6	6	0	310.0	0.5	1.5					1014.9					0.5	
2026	8	6	5	54	310.0	0.5	1.0					1014.9						
2026	8	6	5	48		0.0	1.0					1014.9						
2026	8	6	5	42	40.0	0.5	1.0					1014.9						
2026	8	6	5	36	30.0	0.5	1.0					1014.9						
2026	8	6	5	30		0.0	1.0					1014.9						
2026	8	6	5	24	60.0	1.0	1.5					1014.9						
2026	8	6	5	18	60.0	1.0	1.5					1014.9						
2026	8	6	5	12		0.0	1.0					1014.9						
2026	8	6	5	6		0.0	1.0					1014.9						
2026	8	6	5	0	60.0	1.0	1.0					1014.9					0.7	
2026	8	6	4	54		0.0	1.0					1014.8						
2026	8	6	4	48		0.0	0.5					1014.8						
2026	8	6	4	42		0.0	1.5					1014.7						
2026	8	6	4	36	60.0	1.0	2.1					1014.7						
2026	8	6	4	30		0.0	1.0					1014.7						
2026	8	6	4	24	90.0	0.5	1.0					1014.7						
2026	8	6	4	18		0.0	0.5					1014.6						
2026	8	6	4	12	70.0	0.5	1.0					1014.6						
2026	8	6	4	6		0.0	1.0					1014.5						
2026	8	6	4	0	80.0	0.5	1.0					1014.4					0.0	
2026	8	6	3	54	70.0	0.5	1.5					1014.4						
2026	8	6	3	48	50.0	0.5	1.0					1014.5						
2026	8	6	3	42		0.0	1.0					1014.5						
2026	8	6	3	36	40.0	1.0	1.0					1014.5						
2026	8	6	3	30		0.0	1.0					1014.5						
2026	8	6	3	24	50.0	0.5	1.0					1014.5						
2026	8	6	3	18	60.0	0.5	1.0					1014.4						
2026	8	6	3	12		0.0	1.0					1014.4						
2026	8	6	3	6		0.0	0.5					1014.4						
2026	8	6	3	0		0.0	0.5					1014.4					0.0	
2026	8	6	2	54		0.0	1.0					1014.3						
2026	8	6	2	48	40.0	0.5	1.0					1014.4						
2026	8	6	2	42	30.0	0.5	1.0					1014.3						
2026	8	6	2	36	310.0	0.5	1.0					1014.3						
2026	8	6	2	30		0.0	1.0					1014.3						
2026	8	6	2	24	260.0	0.5	1.0					1014.3						
2026	8	6	2	18	260.0	0.5	1.0					1014.3						
2026	8	6	2	12	250.0	0.5	1.5					1014.2						
2026	8	6	2	6	260.0	1.0	1.5					1014.3						
2026	8	6	2	0	260.0	0.5	1.5					1014.2					-0.4	
2026	8	6	1	54		0.0	1.0					1014.3						
2026	8	6	1	48	260.0	0.5	1.5					1014.3						
2026	8	6	1	42	270.0	1.0	2.1					1014.3						
2026	8	6	1	36	250.0	0.5	2.6					1014.3						
2026	8	6	1	30	270.0	1.5	2.6					1014.3						
2026	8	6	1	24	270.0	1.0	2.1					1014.3						
2026	8	6	1	18	280.0	1.0	2.1					1014.3						
2026	8	6	1	12		0.0	1.0					1014.3						
2026	8	6	1	6		0.0	1.0					1014.2						
2026	8	6	1	0	310.0	0.5	1.0					1014.2					-0.3	
2026	8	6	0	54	290.0	0.5	1.0					1014.2						
2026	8	6	0	48	320.0	1.0	2.1					1014.2						
2026	8	6	0	42	340.0	2.1	2.6					1014.1						
2026	8	6	0	36	340.0	1.0	2.1					1014.1						
2026	8	6	0	30	340.0	1.0	2.1					1014.1						
2026	8	6	0	24		0.0	1.0					1014.1						
2026	8	6	0	18	340.0	0.5	1.0					1014.2						
2026	8	6	0	12	270.0	1.0	1.0					1014.3						
2026	8	6	0	6	270.0	0.5	1.0					1014.4						
2026	8	6	0	0	290.0	0.5	1.5					1014.4					0.0	
2026	8	5	23	54	270.0	1.0	1.5					1014.5						
2026	8	5	23	48	260.0	0.5	1.5					1014.5						
2026	8	5	23	42	270.0	1.0	1.5					1014.5						
2026	8	5	23	36	260.0	1.0	2.6					1014.6						
2026	8	5	23	30	260.0	1.5	2.6					1014.6						
2026	8	5	23	24	260.0	1.5	2.6					1014.7						
2026	8	5	23	18	260.0	1.5	2.6					1014.6						
2026	8	5	23	12	270.0	1.5	2.6					1014.6						
2026	8	5	23	6	250.0	1.5	2.1					1014.6						
2026	8	5	23	0	260.0	1.5	2.1					1014.6					0.4	
2026	8	5	22	54	250.0	1.5	2.6					1014.6						
2026	8	5	22	48	260.0	1.5	2.1					1014.6						
2026	8	5	22	42	280.0	1.5	2.6					1014.6						
2026	8	5	22	36	260.0	1.5	2.6					1014.7						
2026	8	5	22	30	270.0	1.5	2.6					1014.6						
2026	8	5	22	24	270.0	1.0	2.1					1014.6						
2026	8	5	22	18	280.0	1.5	2.1					1014.6						
2026	8	5	22	12	280.0	1.0	1.5					1014.6						
2026	8	5	22	6	280.0	1.0	2.1					1014.6						
2026	8	5	22	0	280.0	1.0	1.5					1014.5					0.0	
2026	8	5	21	54	280.0	0.5	1.5					1014.4						
2026	8	5	21	48	280.0	1.0	1.5					1014.5						
2026	8	5	21	42	270.0	1.0	1.5					1014.4						
2026	8	5	21	36	260.0	1.0	1.5					1014.5						
2026	8	5	21	30	270.0	0.5	1.5					1014.5						
2026	8	5	21	24	280.0	0.5	2.1					1014.4						
2026	8	5	21	18	290.0	0.5	2.1					1014.4						
2026	8	5	21	12	300.0	1.0	1.5					1014.4						
2026	8	5	21	6		0.0	1.5					1014.4						
2026	8	5	21	0	250.0	1.0	2.1					1014.4					0.0	
2026	8	5	20	54	270.0	1.0	2.1					1014.4						
2026	8	5	20	48	280.0	1.5	2.1					1014.4						
2026	8	5	20	42	280.0	1.0	2.1					1014.3						
2026	8	5	20	36	280.0	1.0	2.1					1014.3						
