YY	MM	DD	hh	mm	WDIR	WSPD	GST	WVHT	DPD	APD	MWD	PRES	ATMP	WTMP	DEWP	VIS	PTDY	TIDE
2026	9	4	19	30	330.0	3.1						1014.0	15.4		12.6			
2026	9	4	19	15	330.0	3.1						1014.0	15.3		12.7			
2026	9	4	19	0	330.0	3.1						1014.0	15.2		12.7		0.0	
2026	9	4	18	45	330.0	3.1						1014.0	14.6		12.3			
2026	9	4	18	30	320.0	3.1						1014.0	14.4		12.5			
2026	9	4	18	15	320.0	3.1						1014.0	14.8		12.3			
2026	9	4	18	0	320.0	3.1						1014.0	14.8		12.5		1.0	
2026	9	4	17	45	330.0	2.1						1014.0	15.0		12.5			
2026	9	4	17	30	50.0	1.0						1014.0	15.6		13.1			
2026	9	4	17	15	240.0	1.0						1014.0	15.0		13.1			
2026	9	4	17	0		0.0						1014.0	14.3		12.5		1.0	
2026	9	4	16	45		0.0						1014.0	13.9		12.3			
2026	9	4	16	30		0.0						1014.0	13.5		12.2			
2026	9	4	16	15		0.0						1014.0	13.1		12.2			
2026	9	4	16	0		0.0						1014.0	12.9		12.3		2.0	
2026	9	4	15	45		0.0						1014.0	12.5		12.0			
2026	9	4	15	30	20.0	1.0						1014.0	12.2		11.7			
2026	9	4	15	15		0.0						1013.0	12.0		11.5			
2026	9	4	15	0		0.0						1013.0	11.7		11.2		2.0	
2026	9	4	14	45	120.0	1.0						1013.0	11.5		11.0			
2026	9	4	14	30	140.0	1.0						1013.0	11.5		11.0			
2026	9	4	14	15		0.0						1013.0	11.3		10.7			
2026	9	4	14	0		0.0						1013.0	11.2		10.7		2.0	
2026	9	4	13	45	100.0	1.5						1012.0	11.2		10.6			
2026	9	4	13	30	210.0	0.5						1012.0	11.2		10.6			
2026	9	4	13	15	230.0	1.5						1012.0	11.2		10.6			
2026	9	4	13	0	190.0	1.0						1012.0	11.1		10.5		1.0	
2026	9	4	12	45	160.0	0.5						1012.0	11.0		10.4			
2026	9	4	12	30	30.0	0.5						1012.0	10.8		10.2			
2026	9	4	12	15	110.0	0.5						1012.0	10.7		10.1			
2026	9	4	12	0	90.0	1.0						1011.0	10.7		10.1		0.0	
2026	9	4	11	45		0.0						1011.0	10.6		10.0			
2026	9	4	11	30		0.0						1011.0	10.4		9.8			
2026	9	4	11	15		0.0						1011.0	10.3		9.7			
2026	9	4	11	0		0.0						1011.0	10.4		9.8		0.0	
2026	9	4	10	45	120.0	0.5						1011.0	10.5		9.7			
2026	9	4	10	30		0.0						1011.0	10.5		9.7			
2026	9	4	10	15		0.0						1011.0	10.4		9.6			
2026	9	4	10	0		0.0						1011.0	10.3		9.5		0.0	
2026	9	4	9	45		0.0						1011.0	10.4		9.6			
2026	9	4	9	30	50.0	1.5						1011.0	10.1		9.3			
2026	9	4	9	15	20.0	1.0						1011.0	10.3		9.5			
2026	9	4	9	0	90.0	0.5						1011.0	10.0		9.2		0.0	
2026	9	4	8	45	180.0	0.5						1011.0	9.7		9.1			
2026	9	4	8	30	160.0	0.5						1011.0	9.4		8.6			
2026	9	4	8	15		0.0						1011.0	9.6		9.0			
2026	9	4	8	0		0.0						1011.0	8.7		8.0		0.0	
2026	9	4	7	45	70.0	1.0						1011.0	8.8		8.1			
2026	9	4	7	30	120.0	0.5						1011.0	9.1		8.4			
2026	9	4	7	15	160.0	1.0						1011.0	9.1		8.4			
2026	9	4	7	0	150.0	1.5						1011.0	8.8		7.9		1.0	
2026	9	4	6	45	90.0	1.0						1011.0	9.5		8.3			
2026	9	4	6	30		0.0						1011.0	9.6		8.2			
2026	9	4	6	15	30.0	1.0						1011.0	10.2		8.7			
2026	9	4	6	0		0.0						1011.0	10.8		9.1		1.0	
2026	9	4	5	45	90.0	0.5						1011.0	10.9		9.0			
2026	9	4	5	30	110.0	1.0						1011.0	10.7		8.8			
2026	9	4	5	15	160.0	0.5						1011.0	12.7		9.6			
2026	9	4	5	0		0.0						1011.0	13.5		9.4		2.0	
2026	9	4	4	45		0.0						1010.0	13.6		9.7			
2026	9	4	4	30		0.0						1010.0	12.5		9.7			
2026	9	4	4	15	60.0	1.5						1010.0	12.8		9.7			
2026	9	4	4	0	340.0	2.1						1010.0	13.8		11.5		1.0	
2026	9	4	3	45	340.0	1.5						1010.0	13.9		11.8			
2026	9	4	3	30	340.0	2.1						1010.0	14.3		11.5			
2026	9	4	3	15	360.0	1.5						1010.0	15.2		10.7			
2026	9	4	3	0		0.0						1010.0	15.9		9.9		1.0	
2026	9	4	2	45	230.0	0.5						1010.0	17.0		10.0			
2026	9	4	2	30	220.0	1.5						1010.0	17.9		9.7			
2026	9	4	2	15	230.0	1.5						1010.0	18.6		9.5			
2026	9	4	2	0	210.0	2.1						1009.0	18.8		9.7		-1.0	
2026	9	4	1	45	210.0	2.6						1009.0	19.0		9.6			
2026	9	4	1	30	200.0	3.6						1009.0	19.2		9.3			
2026	9	4	1	15	210.0	3.6						1009.0	19.5		9.8			
2026	9	4	1	0	210.0	2.1						1009.0	19.5		9.8		-1.0	
2026	9	4	0	45	210.0	2.6						1009.0	19.3		9.9			
2026	9	4	0	30	200.0	2.6						1009.0	19.2		10.1			
2026	9	4	0	15	190.0	2.6						1009.0	19.2		10.4			
2026	9	4	0	0	160.0	3.1						1009.0	19.3		10.2		-1.0	
2026	9	3	23	45	180.0	2.1						1009.0	19.3		9.9			
2026	9	3	23	30	180.0	2.6						1010.0	19.1		9.5			
2026	9	3	23	15	180.0	3.1						1010.0	19.2		9.3			
2026	9	3	23	0	190.0	3.1						1010.0	19.7		9.5		0.0	
2026	9	3	22	45	160.0	3.1						1010.0	19.4		9.7			
2026	9	3	22	30	170.0	3.6						1010.0	19.5		9.6			
2026	9	3	22	15	160.0	4.1						1010.0	19.2		9.6			
2026	9	3	22	0	150.0	4.6						1010.0	19.2		10.1		1.0	
2026	9	3	21	45	170.0	5.1						1010.0	19.5		10.4			
2026	9	3	21	30	160.0	4.1						1010.0	19.5		10.6			
2026	9	3	21	15	170.0	4.1						1010.0	18.8		10.2			
2026	9	3	21	0	150.0	4.1						1010.0	18.8		10.2		1.0	
2026	9	3	20	45	160.0	4.6						1010.0	18.8		10.8			
2026	9	3	20	30	160.0	3.6						1010.0	18.3		10.8			
2026	9	3	20	15	160.0	3.6						1010.0	18.1		10.6			
2026	9	3	20	0	130.0	3.6						1010.0	17.8		10.3		1.0	
2026	9	3	19	45	140.0	3.6						1010.0	17.7		10.4			
2026	9	3	19	30	140.0	3.1						1010.0	17.6		10.4			
2026	9	3	19	15	140.0	4.1						1009.0	17.3		10.3			
2026	9	3	19	0	140.0	4.6						1009.0	17.3		10.3		0.0	
2026	9	3	18	45	130.0	4.6						1009.0	16.7		10.2			
2026	9	3	18	30	140.0	4.6						1009.0	16.2		10.2			
2026	9	3	18	15	160.0	5.1						1009.0	16.2		10.2			
2026	9	3	18	0	160.0	4.1						1009.0	16.0		10.4		1.0	
2026	9	3	17	45	150.0	5.1						1009.0	16.2		10.4			
2026	9	3	17	30	140.0	5.7						1009.0	16.6		10.8			
2026	9	3	17	15	150.0	5.7						1009.0	16.8		11.0			
2026	9	3	17	0	150.0	6.2						1009.0	16.5		10.9		1.0	
2026	9	3	16	45	160.0	6.2						1009.0	16.3		11.1			
2026	9	3	16	30	160.0	6.2						1009.0	15.7		10.7			
2026	9	3	16	15	150.0	5.7						1009.0	15.6		11.1			
2026	9	3	16	0	140.0	5.1						1009.0	15.0		10.9		1.0	
2026	9	3	15	45	140.0	4.6						1009.0	14.4		10.7			
2026	9	3	15	30	140.0	4.1						1009.0	14.2		10.7			
2026	9	3	15	15	140.0	4.6						1009.0	14.2		10.5			
2026	9	3	15	0	140.0	4.1						1008.0	14.1		10.6		1.0	
2026	9	3	14	45	130.0	4.1						1008.0	13.9		10.9			
2026	9	3	14	30	140.0	3.6						1008.0	14.0		10.7			
2026	9	3	14	15	140.0	4.1						1008.0	14.1		10.4			
2026	9	3	14	0	130.0	4.6						1008.0	14.0		10.1		1.0	
2026	9	3	13	45	140.0	4.6						1008.0	13.9		10.2			
2026	9	3	13	30	140.0	4.6						1008.0	13.9		10.4			
2026	9	3	13	15	150.0	4.1						1008.0	13.9		10.2			
2026	9	3	13	0	150.0	4.6						1008.0	14.4		9.7		1.0	
2026	9	3	12	45	150.0	5.1						1008.0	14.7		9.6			
2026	9	3	12	30	150.0	5.7						1007.0	14.9		9.6			
2026	9	3	12	15	150.0	5.7						1007.0	14.9		9.6			
2026	9	3	12	0	150.0	5.7						1007.0	14.7		9.6		1.0	
2026	9	3	11	45	140.0	5.1						1007.0	14.6		9.5			
2026	9	3	11	30	140.0	5.7						1007.0	14.6		9.5			
2026	9	3	11	15	130.0	5.1						1007.0	14.4		9.7			
2026	9	3	11	0	130.0	4.1						1007.0	14.3		9.6		1.0	
2026	9	3	10	45	140.0	4.6						1007.0	14.3		9.6			
2026	9	3	10	30	150.0	5.1						1007.0	14.5		9.6			
2026	9	3	10	15	140.0	5.7						1007.0	14.7		9.8			
2026	9	3	10	0	140.0	5.7						1007.0	14.7		9.8		1.0	
2026	9	3	9	45	150.0	5.7						1007.0	14.8		9.9			
2026	9	3	9	30	140.0	5.7						1007.0	14.9		10.0			
2026	9	3	9	15	140.0	5.7						1007.0	14.9		10.0			
2026	9	3	9	0	140.0	6.2						1006.0	15.1		10.2		0.0	
2026	9	3	8	45	140.0	5.7						1007.0	15.2		10.3			
2026	9	3	8	30	140.0	5.7						1007.0	15.2		10.5			
2026	9	3	8	15	130.0	6.2						1006.0	15.2		10.7			
2026	9	3	8	0	140.0	5.7						1006.0	15.2		10.7		0.0	
2026	9	3	7	45	130.0	5.7						1006.0	15.2		10.7			
2026	9	3	7	30	130.0	5.7						1006.0	15.1		10.8			
2026	9	3	7	15	130.0	5.1						1006.0	14.9		10.8			
2026	9	3	7	0	130.0	5.1						1006.0	14.8		10.7		1.0	
2026	9	3	6	45	130.0	5.7						1006.0	14.9		11.0			
2026	9	3	6	30	140.0	5.1						1006.0	14.7		11.2			
2026	9	3	6	15	150.0	4.6						1006.0	14.6		11.2			
2026	9	3	6	0	150.0	5.1						1006.0	14.8		11.4		2.0	
2026	9	3	5	45	160.0	5.7						1006.0	14.8		11.4			
2026	9	3	5	30	160.0	5.1						1006.0	14.9		11.5			
2026	9	3	5	15	160.0	5.7						1006.0	14.9		11.5			
2026	9	3	5	0	160.0	5.7						1006.0	14.9		11.5		4.0	
2026	9	3	4	45	160.0	6.2						1006.0	15.0		11.8			
2026	9	3	4	30	150.0	5.1						1006.0	14.7		11.7			
2026	9	3	4	15	150.0	5.7						1006.0	14.7		11.5			
2026	9	3	4	0	160.0	5.7						1005.0	14.7		11.5		2.0	
2026	9	3	3	45	160.0	6.2						1005.0	15.1		11.5			
2026	9	3	3	30	170.0	7.7						1004.0	15.4		11.6			
2026	9	3	3	15	170.0	7.2						1004.0	15.6		12.0			
2026	9	3	3	0	180.0	7.2						1004.0	15.9		12.5		1.0	
2026	9	3	2	45	170.0	6.2						1003.0	15.9		12.7			
2026	9	3	2	30	160.0	8.2						1003.0	16.2		12.6			
2026	9	3	2	15	150.0	9.3						1002.0	16.4		12.8			
2026	9	3	2	0	150.0	9.3						1002.0	16.4		12.8		-1.0	
2026	9	3	1	45	150.0	7.7						1003.0	16.3		12.7			
2026	9	3	1	30	150.0	6.2						1003.0	15.9		13.1			
2026	9	3	1	15	150.0	6.2						1003.0	15.8		13.1			
2026	9	3	1	0	140.0	5.1						1003.0	15.5		13.4		0.0	
2026	9	3	0	45	150.0	5.1						1003.0	15.3		13.4			
2026	9	3	0	30	150.0	5.7						1003.0	15.2		13.4			
2026	9	3	0	15	150.0	6.2						1003.0	15.3		13.4			
2026	9	3	0	0	160.0	6.2						1003.0	15.4		13.5		0.0	
2026	9	2	23	45	160.0	6.7						1003.0	15.7		13.4			
2026	9	2	23	30	170.0	6.2						1003.0	16.1		13.4			
2026	9	2	23	15	170.0	7.2						1003.0	16.2		13.0			
2026	9	2	23	0	170.0	8.2						1003.0	16.5		12.5		0.0	
2026	9	2	22	45	180.0	8.8						1003.0	17.8		12.4			
2026	9	2	22	30	180.0	8.8						1003.0	18.6		11.8			
2026	9	2	22	15	170.0	8.2						1003.0	18.9		11.8			
2026	9	2	22	0	170.0	7.7						1003.0	19.0		11.7		-1.0	
2026	9	2	21	45	170.0	8.2						1003.0	19.3		11.5			
2026	9	2	21	30	170.0	7.7						1003.0	19.4		11.3			
2026	9	2	21	15	180.0	7.7						1003.0	19.3		11.0			
2026	9	2	21	0	180.0	8.2						1003.0	20.3		10.6		-2.0	
2026	9	2	20	45	160.0	6.7						1003.0	21.0		11.0			
2026	9	2	20	30	170.0	7.7						1003.0	20.7		10.4			
2026	9	2	20	15	160.0	7.7						1003.0	20.7		10.7			
2026	9	2	20	0	170.0	7.7						1003.0	20.8		10.5		-2.0	
2026	9	2	19	45	160.0	8.2						1004.0	20.5		10.5			
2026	9	2	19	30	150.0	6.7						1004.0	20.2		11.0			
2026	9	2	19	15	160.0	7.2						1004.0	20.2		11.0			
2026	9	2	19	0	160.0	6.2						1004.0	20.3		11.1		-1.0	
2026	9	2	18	45	160.0	6.7						1004.0	20.4		11.0			
2026	9	2	18	30	170.0	8.2						1005.0	20.2		11.3			
2026	9	2	18	15	170.0	7.7						1005.0	20.6		11.4			
2026	9	2	18	0	170.0	7.2						1005.0	20.5		11.6		-1.0	
2026	9	2	17	45	150.0	7.2						1005.0	20.3		11.4			
2026	9	2	17	30	150.0	7.7						1005.0	19.7		11.4			
2026	9	2	17	15	150.0	7.2						1005.0	19.0		11.7			
2026	9	2	17	0	160.0	7.7						1005.0	19.0		11.9		-1.0	
2026	9	2	16	45	150.0	8.2						1005.0	18.6		12.0			
2026	9	2	16	30	150.0	8.2						1005.0	18.4		12.0			
2026	9	2	16	15	160.0	8.2						1005.0	18.0		12.1			
2026	9	2	16	0	150.0	7.7						1005.0	17.3		12.1		-1.0	
2026	9	2	15	45	150.0	7.7						1006.0	17.1		12.3			
2026	9	2	15	30	150.0	7.7						1006.0	16.8		12.4			
2026	9	2	15	15	160.0	7.7						1006.0	16.7		12.5			
2026	9	2	15	0	150.0	6.7						1006.0	16.5		12.5		0.0	
2026	9	2	14	45	150.0	6.7						1006.0	16.2		12.4			
2026	9	2	14	30	140.0	6.7						1006.0	16.0		12.4			
2026	9	2	14	15	140.0	7.2						1006.0	15.9		12.3			
2026	9	2	14	0	140.0	6.7						1006.0	15.8		12.4		-1.0	
2026	9	2	13	45	140.0	6.7						1006.0	15.9		12.5			
2026	9	2	13	30	150.0	6.7						1006.0	15.8		12.4			
2026	9	2	13	15	150.0	7.2						1006.0	16.0		12.6			
2026	9	2	13	0	150.0	7.7						1006.0	16.2		12.6		-1.0	
2026	9	2	12	45	150.0	6.7						1006.0	16.2		12.6			
2026	9	2	12	30	150.0	6.7						1006.0	16.1		12.7			
2026	9	2	12	15	150.0	6.7						1006.0	16.1		12.7			
2026	9	2	12	0	150.0	6.7						1006.0	16.1		12.9		-2.0	
2026	9	2	11	45	150.0	5.7						1007.0	16.2		12.8			
2026	9	2	11	30	150.0	5.7						1007.0	16.4		12.8			
2026	9	2	11	15	150.0	5.7						1007.0	16.3		12.7			
2026	9	2	11	0	140.0	5.7						1007.0	16.3		12.7		-1.0	
2026	9	2	10	45	140.0	5.1						1007.0	16.1		12.3			
2026	9	2	10	30	140.0	5.7						1007.0	15.9		12.1			
2026	9	2	10	15	140.0	4.6						1007.0	15.8		12.0			
2026	9	2	10	0	140.0	6.2						1007.0	16.1		11.9		-1.0	
2026	9	2	9	45	130.0	4.6						1008.0	15.9		11.9			
2026	9	2	9	30	130.0	4.6						1008.0	15.8		11.8			
2026	9	2	9	15	130.0	4.6						1008.0	15.8		12.0			
2026	9	2	9	0	140.0	4.6						1008.0	15.8		12.2		-1.0	
2026	9	2	8	45	140.0	4.6						1008.0	15.8		12.6			
2026	9	2	8	30	150.0	4.6						1008.0	15.8		12.8			
2026	9	2	8	15	150.0	5.1						1008.0	16.1		13.1			
2026	9	2	8	0	150.0	5.1						1008.0	16.4		13.2		-1.0	
2026	9	2	7	45	150.0	4.6						1008.0	16.3		13.3			
2026	9	2	7	30	150.0	4.1						1008.0	16.2		13.4			
2026	9	2	7	15	150.0	3.6						1008.0	16.1		13.4			
2026	9	2	7	0	150.0	3.6						1008.0	16.0		13.3		-1.0	
2026	9	2	6	45	150.0	3.6						1008.0	16.1		13.3			
2026	9	2	6	30	160.0	3.6						1009.0	16.3		13.3			
2026	9	2	6	15	150.0	4.1						1008.0	16.5		13.3			
2026	9	2	6	0	150.0	3.6						1009.0	16.2		13.5		0.0	
2026	9	2	5	45	150.0	2.1						1009.0	15.7		13.4			
2026	9	2	5	30	150.0	1.5						1009.0	16.1		13.8			
2026	9	2	5	15	130.0	1.0						1009.0	16.1		14.0			
2026	9	2	5	0	150.0	0.5						1009.0	16.1		14.3		0.0	
2026	9	2	4	45	160.0	1.5						1009.0	16.4		14.4			
2026	9	2	4	30	130.0	2.1						1009.0	16.6		14.5			
2026	9	2	4	15	120.0	2.1						1009.0	16.6		14.5			
2026	9	2	4	0	120.0	2.6						1009.0	16.7		14.2		0.0	
2026	9	2	3	45	140.0	2.6						1009.0	17.1		14.2			
2026	9	2	3	30	130.0	1.5						1009.0	16.9		14.4			
2026	9	2	3	15	110.0	1.0						1009.0	17.2		14.3			
2026	9	2	3	0	90.0	0.5						1009.0	17.7		14.5		0.0	
2026	9	2	2	45		0.0						1009.0	18.1		12.9			
2026	9	2	2	30		0.0						1009.0	18.1		13.3			
2026	9	2	2	15	210.0	0.5						1009.0	18.2		13.4			
2026	9	2	2	0	290.0	1.0						1009.0	18.4		13.6		0.0	
2026	9	2	1	45	230.0	0.5						1009.0	18.6		13.5			
2026	9	2	1	30	230.0	1.0						1009.0	18.6		13.1			
2026	9	2	1	15	230.0	2.1						1009.0	18.6		12.9			
2026	9	2	1	0	250.0	2.1						1009.0	18.6		12.7		0.0	
2026	9	2	0	45	260.0	2.6						1009.0	18.6		12.7			
2026	9	2	0	30	250.0	2.6						1009.0	18.7		13.2			
2026	9	2	0	15	260.0	2.6						1009.0	18.9		13.4			
2026	9	2	0	0	240.0	2.1						1009.0	19.6		13.6		0.0	
2026	9	1	23	45	200.0	2.6						1009.0	19.8		13.4			
2026	9	1	23	30	200.0	3.1						1009.0	19.9		13.3			
2026	9	1	23	15	190.0	3.1						1009.0	20.0		13.8			
2026	9	1	23	0	190.0	3.1						1009.0	20.3		13.9		0.0	
2026	9	1	22	45	190.0	3.6						1009.0	20.5		13.8			
2026	9	1	22	30	190.0	4.1						1009.0	20.3		13.6			
2026	9	1	22	15	190.0	3.6						1009.0	20.5		13.6			
2026	9	1	22	0	200.0	4.1						1009.0	20.5		13.6		-1.0	
2026	9	1	21	45	180.0	4.1						1009.0	20.3		13.6			
2026	9	1	21	30	170.0	4.6						1009.0	20.0		13.8			
2026	9	1	21	15	180.0	5.1						1009.0	19.9		13.9			
2026	9	1	21	0	180.0	5.1						1009.0	19.7		14.0		0.0	
2026	9	1	20	45	180.0	5.7						1010.0	18.6		13.5			
2026	9	1	20	30	180.0	5.7						1010.0	18.0		13.4			
2026	9	1	20	15	180.0	6.7						1010.0	18.1		13.5			
2026	9	1	20	0	190.0	5.7						1009.0	18.3		13.7		0.0	
2026	9	1	19	45	200.0	6.2						1010.0	18.3		13.7			
2026	9	1	19	30	200.0	5.7						1010.0	18.5		13.7			
2026	9	1	19	15	200.0	5.7						1010.0	19.1		13.8			
2026	9	1	19	0	210.0	5.1						1010.0	19.1		14.0		-0.0	
2026	9	1	18	45	210.0	5.1						1009.0	18.9		13.8			
2026	9	1	18	30	200.0	5.1						1009.0	18.7		13.9			
2026	9	1	18	15	200.0	5.1						1010.0	18.4		13.6			
2026	9	1	18	0	190.0	5.1						1009.0	18.3		13.9		-1.0	
2026	9	1	17	45	200.0	5.1						1009.0	18.3		13.9			
2026	9	1	17	30	200.0	4.6						1009.0	18.1		13.7			
2026	9	1	17	15	200.0	3.6						1009.0	17.5		13.5			
2026	9	1	17	0	190.0	3.6						1009.0	17.0		13.2		0.0	
2026	9	1	16	45	190.0	2.6						1009.0	16.8		13.6			
2026	9	1	16	30	190.0	2.6						1010.0	16.2		13.4			
2026	9	1	16	15	190.0	3.1						1010.0	15.6		13.3			
2026	9	1	16	0	190.0	3.1						1010.0	15.3		13.5		1.0	
2026	9	1	15	45	170.0	2.6						1010.0	14.7		13.4			
2026	9	1	15	30	150.0	2.1						1010.0	13.9		13.3			
2026	9	1	15	15	150.0	2.1						1010.0	13.2		12.9			
2026	9	1	15	0	140.0	2.1						1010.0	13.0		12.8		1.0	
2026	9	1	14	45	140.0	1.5						1010.0	12.2		12.0			
2026	9	1	14	30	140.0	1.5						1009.0	11.2		11.1			
2026	9	1	14	15	140.0	2.1						1009.0	10.5		10.4			
2026	9	1	14	0	150.0	2.1						1009.0	9.9		9.8		0.0	
2026	9	1	13	45	180.0	1.0						1009.0	9.6		9.5			
2026	9	1	13	30	180.0	1.0						1009.0	9.3		9.2			
2026	9	1	13	15	170.0	1.0						1009.0	9.2		9.1			
2026	9	1	13	0	130.0	1.0						1009.0	9.1		9.0		0.0	
2026	9	1	12	45	110.0	1.0						1009.0	8.9		8.8			
2026	9	1	12	30		0.0						1009.0	8.8		8.7			
2026	9	1	12	15		0.0						1009.0	8.8		8.7			
2026	9	1	12	0	150.0	0.5						1009.0	9.2		9.1		0.0	
2026	9	1	11	45	130.0	0.5						1009.0	9.3		9.2			
2026	9	1	11	30		0.0						1009.0	9.1		9.0			
2026	9	1	11	15	150.0	0.5						1009.0	9.1		9.0			
2026	9	1	11	0	120.0	1.0						1009.0	9.6		9.5		0.0	
2026	9	1	10	45	90.0	1.0						1009.0	9.3		9.2			
2026	9	1	10	30	110.0	1.5						1009.0	9.2		8.9			
2026	9	1	10	15		0.0						1009.0	9.8		9.5			
2026	9	1	10	0	150.0	0.5						1009.0	10.0		9.7		0.0	
2026	9	1	9	45		0.0						1009.0	10.3		9.9			
2026	9	1	9	30		0.0						1009.0	10.4		10.0			
2026	9	1	9	15		0.0						1009.0	10.2		9.8			
2026	9	1	9	0		0.0						1009.0	10.3		9.9		0.0	
2026	9	1	8	45	60.0	0.5						1009.0	10.7		10.2			
2026	9	1	8	30		0.0						1009.0	11.0		10.5			
2026	9	1	8	15		0.0						1009.0	11.4		10.9			
2026	9	1	8	0		0.0						1009.0	11.3		10.7		0.0	
2026	9	1	7	45		0.0						1009.0	11.2		10.6			
2026	9	1	7	30		0.0						1009.0	11.0		10.2			
2026	9	1	7	15	100.0	0.5						1009.0	11.3		10.5			
2026	9	1	7	0	90.0	1.0						1009.0	11.8		10.7		0.0	
2026	9	1	6	45	80.0	1.0						1009.0	12.3		11.1			
2026	9	1	6	30	110.0	1.5						1009.0	12.1		11.2			
2026	9	1	6	15	120.0	1.5						1009.0	11.9		10.8			
2026	9	1	6	0	150.0	1.0						1009.0	12.3		11.2		1.0	
2026	9	1	5	45	150.0	1.5						1009.0	12.3		11.2			
2026	9	1	5	30	120.0	1.5						1009.0	12.9		11.3			
2026	9	1	5	15	170.0	1.0						1009.0	13.8		12.0			
2026	9	1	5	0	230.0	1.5						1009.0	15.0		12.5		1.0	
2026	9	1	4	45	310.0	1.5						1009.0	15.5		13.2			
2026	9	1	4	30	330.0	1.5						1009.0	15.9		13.4			
2026	9	1	4	15	340.0	3.1						1009.0	16.1		13.6			
2026	9	1	4	0	330.0	3.6						1009.0	16.3		13.6		-0.0	
2026	9	1	3	45	330.0	4.6						1008.0	16.5		13.3			
2026	9	1	3	30	340.0	4.6						1008.0	16.4		13.4			
2026	9	1	3	15	330.0	4.6						1008.0	16.3		13.1			
2026	9	1	3	0	330.0	4.6						1008.0	16.5		13.1		-1.0	
2026	9	1	2	45	340.0	5.1						1008.0	16.8		13.0			
2026	9	1	2	30	340.0	4.1						1008.0	16.6		13.2			
2026	9	1	2	15	340.0	4.6						1008.0	17.0		13.2			
2026	9	1	2	0	350.0	4.6						1008.0	17.0		13.0		-2.0	
2026	9	1	1	45	330.0	3.6						1009.0	17.3		12.9			
2026	9	1	1	30	330.0	5.1						1009.0	17.5		12.5			
2026	9	1	1	15	330.0	4.6						1009.0	18.1		13.1			
2026	9	1	1	0	340.0	5.1						1009.0	18.0		13.4		-2.0	
2026	9	1	0	45	340.0	5.7						1009.0	17.8		13.6			
2026	9	1	0	30	340.0	5.7						1009.0	18.1		13.7			
2026	9	1	0	15	340.0	6.2						1009.0	18.1		13.1			
2026	9	1	0	0	340.0	6.2						1009.0	18.6		13.5		-2.0	
2026	8	31	23	45	340.0	6.2						1009.0	18.9		14.0			
2026	8	31	22	30	340.0	6.2						1010.0	19.1		14.2			
2026	8	31	22	15	350.0	6.2						1010.0	19.1		14.4			
2026	8	31	22	0	340.0	6.2						1011.0	18.9		14.3		-2.0	
2026	8	31	21	45	340.0	6.2						1011.0	19.1		14.0			
2026	8	31	21	30	340.0	6.2						1011.0	19.3		13.8			
2026	8	31	21	15	340.0	6.2						1011.0	19.1		13.6			
2026	8	31	21	0	340.0	6.2						1011.0	18.7		13.4		-3.0	
2026	8	31	20	45	340.0	6.2						1012.0	18.7		13.4			
2026	8	31	20	30	340.0	5.7						1012.0	18.4		13.6			
2026	8	31	20	15	340.0	5.7						1012.0	18.4		13.8			
2026	8	31	20	0	340.0	4.6						1012.0	18.2		14.0		-2.0	
2026	8	31	19	45	340.0	4.6						1012.0	17.6		13.6			
2026	8	31	19	30	330.0	4.1						1013.0	17.1		13.3			
2026	8	31	19	15	330.0	4.1						1013.0	16.9		12.9			
2026	8	31	19	0	320.0	3.6						1013.0	16.9		12.9		-1.0	
2026	8	31	18	45	310.0	3.6						1013.0	16.1		12.9			
2026	8	31	18	30	320.0	3.6						1013.0	16.0		12.8			
2026	8	31	18	15	330.0	3.6						1014.0	16.0		12.8			
2026	8	31	18	0	330.0	3.1						1014.0	15.4		12.8		-1.0	
2026	8	31	17	45	330.0	3.6						1014.0	14.8		12.9			
2026	8	31	17	30	320.0	3.6						1014.0	14.7		12.8			
2026	8	31	17	15	330.0	3.1						1014.0	14.6		12.7			
2026	8	31	17	0	330.0	2.6						1014.0	14.6		12.5		0.0	
2026	8	31	16	45	330.0	3.1						1014.0	14.6		12.7			
2026	8	31	16	30	320.0	3.1						1014.0	14.2		12.6			
2026	8	31	16	15	310.0	2.1						1014.0	14.1		12.5			
2026	8	31	16	0	310.0	1.5						1014.0	14.1		12.2		-1.0	
2026	8	31	15	45	320.0	1.0						1015.0	14.2		11.9			
2026	8	31	15	30		0.0						1015.0	13.7		11.6			
2026	8	31	15	15	50.0	0.5						1015.0	13.2		11.6			
2026	8	31	15	0		0.0						1015.0	12.6		11.4		-0.0	
2026	8	31	14	45		0.0						1015.0	11.4		10.8			
2026	8	31	14	30	20.0	0.5						1014.0	10.3		9.7			
2026	8	31	14	15	30.0	0.5						1014.0	9.9		9.3			
2026	8	31	14	0		0.0						1014.0	9.9		9.3		-1.0	
2026	8	31	13	45	60.0	1.0						1014.0	10.4		9.5			
2026	8	31	13	30	350.0	1.0						1014.0	11.6		10.7			
2026	8	31	13	15	340.0	1.0						1015.0	12.0		10.8			
2026	8	31	13	0	10.0	2.1						1015.0	12.5		10.6		-1.0	
2026	8	31	12	45	360.0	2.1						1015.0	12.4		10.5			
2026	8	31	12	30	360.0	2.1						1015.0	12.5		10.4			
2026	8	31	12	15	360.0	1.5						1015.0	12.5		10.4			
2026	8	31	12	0	10.0	1.5						1015.0	12.6		10.5		-2.0	
2026	8	31	11	45	330.0	1.5						1015.0	12.1		10.5			
2026	8	31	11	30	320.0	1.0						1015.0	11.9		10.5			
2026	8	31	11	15		0.0						1015.0	11.7		10.5			
2026	8	31	11	0		0.0						1015.0	11.5		10.6		-2.0	
2026	8	31	10	45		0.0						1016.0	11.1		10.3			
2026	8	31	10	30	330.0	1.0						1016.0	11.1		10.6			
2026	8	31	10	15	340.0	0.5						1016.0	10.3		9.9			
2026	8	31	10	0	300.0	1.0						1016.0	10.7		10.2		-1.0	
2026	8	31	9	45	280.0	0.5						1016.0	10.3		9.9			
2026	8	31	9	30		0.0						1016.0	10.1		9.7			
2026	8	31	9	15		0.0						1016.0	10.1		9.7			
2026	8	31	9	0	100.0	1.0						1017.0	10.0		9.4		-1.0	
2026	8	31	8	45	100.0	0.5						1017.0	10.8		10.3			
2026	8	31	8	30		0.0						1017.0	10.5		9.9			
2026	8	31	8	15	120.0	1.0						1017.0	10.4		9.8			
2026	8	31	8	0		0.0						1017.0	10.7		9.9		-1.0	
2026	8	31	7	45		0.0						1017.0	10.9		10.1			
2026	8	31	7	30		0.0						1017.0	10.9		10.0			
2026	8	31	7	15		0.0						1017.0	11.2		10.1			
2026	8	31	7	0		0.0						1017.0	11.6		10.5		-1.0	
2026	8	31	6	45	90.0	1.0						1017.0	11.2		10.3			
2026	8	31	6	30	100.0	0.5						1017.0	11.7		10.5			
2026	8	31	6	15	90.0	0.5						1018.0	12.0		10.6			
2026	8	31	6	0		0.0						1018.0	12.5		10.8		0.0	
2026	8	31	5	45		0.0						1018.0	12.7		11.0			
2026	8	31	5	30	50.0	0.5						1018.0	13.2		10.9			
2026	8	31	5	15	340.0	1.5						1018.0	14.4		11.6			
2026	8	31	5	0	340.0	1.0						1018.0	14.4		11.6		0.0	
2026	8	31	4	45	10.0	1.5						1018.0	14.5		11.5			
2026	8	31	4	30	340.0	2.1						1018.0	15.1		11.7			
2026	8	31	4	15	330.0	1.0						1018.0	15.7		11.4			
2026	8	31	4	0		0.0						1018.0	16.0		11.2		-1.0	
2026	8	31	3	45	350.0	1.0						1018.0	16.3		11.3			
2026	8	31	3	30	340.0	1.5						1018.0	16.5		11.7			
2026	8	31	3	15	340.0	1.5						1018.0	16.6		12.0			
2026	8	31	3	0	350.0	1.5						1018.0	16.7		11.7		-1.0	
2026	8	31	2	45	340.0	1.5						1018.0	16.9		11.7			
2026	8	31	2	30	330.0	1.5						1018.0	17.2		11.6			
2026	8	31	2	15	330.0	1.5						1018.0	17.4		11.8			
2026	8	31	2	0	330.0	2.1						1018.0	17.4		11.5		-1.0	
2026	8	31	1	45	330.0	2.1						1019.0	17.6		11.5			
2026	8	31	1	30	350.0	2.1						1019.0	17.5		11.6			
2026	8	31	1	15	340.0	2.1						1019.0	17.5		11.8			
2026	8	31	1	0	340.0	2.6						1019.0	17.6		11.7		-1.0	
2026	8	31	0	45	350.0	2.6						1019.0	17.6		11.7			
2026	8	31	0	30	350.0	3.1						1019.0	17.5		12.1			
2026	8	31	0	15	340.0	3.1						1019.0	17.4		12.0			
2026	8	31	0	0	340.0	3.1						1019.0	17.8		12.1		-1.0	
2026	8	30	23	45	340.0	3.1						1019.0	18.0		11.7			
2026	8	30	23	30	340.0	3.6						1019.0	18.3		11.7			
2026	8	30	23	15	340.0	3.1						1019.0	18.7		12.3			
2026	8	30	23	0	340.0	3.1						1019.0	18.9		12.3		-1.0	
2026	8	30	22	45	310.0	2.6						1019.0	19.4		11.6			
2026	8	30	22	30	240.0	1.0						1019.0	19.6		11.3			
2026	8	30	22	15	190.0	2.1						1020.0	19.5		11.2			
2026	8	30	22	0	170.0	2.6						1020.0	19.3		11.2		-1.0	
2026	8	30	21	45	200.0	2.6						1020.0	19.5		11.4			
2026	8	30	21	30	170.0	1.5						1020.0	19.2		11.1			
2026	8	30	21	15	200.0	2.6						1020.0	19.2		11.4			
2026	8	30	21	0	180.0	2.6						1020.0	18.7		10.9		0.0	
2026	8	30	20	45	180.0	3.1						1020.0	18.7		11.2			
2026	8	30	20	30	180.0	3.1						1020.0	18.7		11.2			
2026	8	30	20	15	190.0	3.1						1020.0	18.6		11.5			
2026	8	30	20	0	190.0	3.1						1020.0	18.5		12.4		0.0	
2026	8	30	19	45	200.0	3.1						1020.0	18.2		12.5			
2026	8	30	19	30	180.0	2.6						1020.0	17.4		12.0			
2026	8	30	19	15	190.0	2.6						1020.0	17.1		12.1			
2026	8	30	19	0	200.0	2.6						1021.0	17.0		12.0		1.0	
2026	8	30	18	45	190.0	2.1						1021.0	16.7		11.9			
2026	8	30	18	30	190.0	2.6						1021.0	16.4		11.8			
2026	8	30	18	15	190.0	2.6						1021.0	16.3		11.9			
2026	8	30	18	0	180.0	3.1						1020.0	16.0		11.8		0.0	
2026	8	30	17	45	170.0	3.1						1020.0	15.9		11.9			
2026	8	30	17	30	190.0	3.1						1020.0	15.6		11.8			
2026	8	30	17	15	190.0	3.1						1020.0	15.4		11.8			
2026	8	30	17	0	170.0	2.6						1020.0	15.2		12.0		0.0	
2026	8	30	16	45	180.0	2.1						1021.0	15.1		11.9			
2026	8	30	16	30	170.0	2.1						1021.0	15.1		11.9			
2026	8	30	16	15	210.0	2.1						1020.0	15.1		12.1			
2026	8	30	16	0	200.0	1.5						1020.0	15.0		12.2		0.0	
2026	8	30	15	45	200.0	1.5						1020.0	14.6		12.3			
2026	8	30	15	30	220.0	1.5						1020.0	14.1		12.7			
2026	8	30	15	15	210.0	1.0						1020.0	13.7		12.4			
2026	8	30	15	0	220.0	1.5						1020.0	13.6		12.3		0.0	
2026	8	30	14	45	140.0	1.5						1020.0	13.2		11.9			
2026	8	30	14	30	130.0	1.0						1020.0	12.9		11.8			
2026	8	30	14	15	130.0	1.0						1020.0	12.8		11.6			
2026	8	30	14	0	100.0	1.0						1020.0	12.7		11.6		0.0	
2026	8	30	13	45	130.0	1.0						1020.0	12.7		11.5			
2026	8	30	13	30	140.0	1.5						1020.0	12.6		11.4			
2026	8	30	13	15	160.0	1.5						1020.0	12.3		11.2			
2026	8	30	13	0	140.0	1.5						1020.0	12.3		11.2		1.0	
2026	8	30	12	45	150.0	1.5						1020.0	12.0		10.9			
2026	8	30	12	30	130.0	1.5						1020.0	11.6		10.7			
2026	8	30	12	15	130.0	2.1						1020.0	11.0		10.2			
2026	8	30	12	0	130.0	2.1						1020.0	10.7		9.8		1.0	
2026	8	30	11	45	120.0	2.1						1020.0	10.2		9.6			
2026	8	30	11	30	140.0	1.5						1020.0	10.0		9.2			
2026	8	30	11	15	160.0	1.5						1020.0	10.6		9.7			
2026	8	30	11	0	130.0	2.1						1020.0	10.6		9.8		1.0	
2026	8	30	10	45	130.0	1.5						1019.0	10.6		9.8			
2026	8	30	10	30	130.0	2.1						1019.0	10.7		9.9			
2026	8	30	10	15	130.0	2.1						1019.0	10.7		9.9			
2026	8	30	10	0	140.0	1.5						1019.0	10.9		10.1		0.0	
2026	8	30	9	45	150.0	2.1						1019.0	10.9		10.1			
2026	8	30	9	30	140.0	2.1						1019.0	10.6		9.8			
2026	8	30	9	15	130.0	2.1						1019.0	10.9		10.0			
2026	8	30	9	0	130.0	2.1						1019.0	11.0		10.1		0.0	
2026	8	30	8	45	120.0	1.5						1019.0	10.7		9.6			
2026	8	30	8	30	150.0	2.1						1019.0	11.5		10.1			
2026	8	30	8	15	160.0	2.1						1019.0	11.4		10.2			
2026	8	30	8	0	150.0	2.1						1019.0	11.2		10.1		0.0	
2026	8	30	7	45	130.0	1.5						1019.0	11.0		9.9			
2026	8	30	7	30	140.0	1.5						1019.0	11.5		10.3			
2026	8	30	7	15	150.0	2.1						1019.0	12.0		10.3			
2026	8	30	7	0	160.0	2.1						1019.0	13.0		10.6		0.0	
2026	8	30	6	45	140.0	1.5						1019.0	12.5		10.3			
2026	8	30	6	30	120.0	1.5						1019.0	11.8		9.9			
2026	8	30	6	15	120.0	2.1						1019.0	11.8		9.9			
2026	8	30	6	0	120.0	1.5						1019.0	12.5		9.9		1.0	
2026	8	30	5	45	140.0	1.0						1019.0	12.9		9.9			
2026	8	30	5	30	140.0	1.5						1019.0	13.0		10.0			
2026	8	30	5	15	160.0	2.1						1019.0	13.3		10.2			
2026	8	30	5	0	170.0	2.1						1019.0	13.1		10.1		1.0	
2026	8	30	4	45	150.0	2.1						1019.0	13.5		10.2			
2026	8	30	4	30	210.0	2.1						1019.0	14.2		10.3			
2026	8	30	4	15	230.0	2.6						1019.0	14.8		10.1			
2026	8	30	4	0	210.0	1.5						1019.0	14.6		10.1		1.0	
2026	8	30	3	45	190.0	2.1						1018.0	15.0		10.1			
2026	8	30	3	30	170.0	1.5						1018.0	15.1		10.2			
2026	8	30	3	15	180.0	1.0						1018.0	15.3		10.4			
2026	8	30	3	0	190.0	1.5						1018.0	15.6		10.4		0.0	
2026	8	30	2	45	180.0	1.5						1018.0	15.8		10.6			
2026	8	30	2	30	230.0	1.5						1018.0	16.2		10.6			
2026	8	30	2	15	230.0	2.1						1018.0	16.8		10.5			
2026	8	30	2	0	220.0	2.6						1018.0	17.3		10.8		1.0	
2026	8	30	1	45	220.0	2.6						1018.0	17.5		10.5			
2026	8	30	1	30	230.0	2.1						1018.0	18.2		10.2			
2026	8	30	1	15	230.0	2.6						1018.0	18.5		10.5			
2026	8	30	1	0	230.0	4.1						1018.0	18.6		10.6		1.0	
2026	8	30	0	45	210.0	4.1						1017.0	19.1		11.0			
2026	8	30	0	30	220.0	3.6						1017.0	18.5		10.7			
2026	8	30	0	15	240.0	3.1						1018.0	18.9		11.1			
2026	8	30	0	0	250.0	3.6						1018.0	19.3		10.7		1.0	
2026	8	29	23	45	240.0	4.1						1017.0	19.2		10.6			
2026	8	29	23	30	230.0	3.6						1017.0	19.5		10.6			
2026	8	29	23	15	250.0	2.6						1017.0	19.2		10.4			
2026	8	29	23	0	250.0	3.1						1017.0	19.3		10.2		0.0	
2026	8	29	22	45	230.0	3.6						1017.0	19.3		10.2			
2026	8	29	22	30	230.0	3.6						1017.0	19.4		11.1			
2026	8	29	22	15	220.0	2.6						1017.0	19.3		11.0			
2026	8	29	22	0	190.0	3.1						1017.0	18.9		11.8		0.0	
2026	8	29	21	45	230.0	3.6						1017.0	19.0		11.4			
2026	8	29	21	30	210.0	3.6						1017.0	18.9		11.1			
2026	8	29	21	15	210.0	2.6						1017.0	18.9		11.6			
2026	8	29	21	0	200.0	2.1						1017.0	18.3		12.2		1.0	
2026	8	29	20	45	180.0	1.5						1017.0	18.4		12.3			
2026	8	29	20	30	360.0	1.0						1017.0	17.2		11.6			
2026	8	29	20	15	330.0	1.5						1017.0	16.6		11.0			
2026	8	29	20	0	350.0	2.1						1017.0	16.4		11.0		1.0	
2026	8	29	19	45	350.0	2.6						1017.0	16.6		11.0			
2026	8	29	19	30	360.0	2.6						1017.0	16.9		10.8			
2026	8	29	19	15	20.0	2.1						1017.0	16.6		11.2			
2026	8	29	19	0	20.0	1.5						1017.0	16.9		12.1		1.0	
2026	8	29	18	45	340.0	1.0						1017.0	16.7		12.1			
2026	8	29	18	30	110.0	0.5						1017.0	16.6		12.8			
2026	8	29	18	15	240.0	0.5						1016.0	16.0		12.6			
2026	8	29	18	0	270.0	1.0						1016.0	15.6		12.6		0.0	
2026	8	29	17	45	230.0	0.5						1016.0	15.2		12.7			
2026	8	29	17	30	230.0	1.5						1016.0	14.7		12.8			
2026	8	29	17	15	230.0	2.1						1016.0	14.1		12.5			
2026	8	29	17	0	260.0	1.5						1016.0	13.8		12.4		0.0	
2026	8	29	16	45	260.0	2.1						1016.0	13.6		12.2			
2026	8	29	16	30	260.0	2.6						1016.0	13.6		12.0			
2026	8	29	16	15	270.0	2.6						1016.0	13.6		12.0			
2026	8	29	16	0	260.0	2.6						1016.0	13.6		12.0		1.0	
2026	8	29	15	45	260.0	2.1						1016.0	13.3		11.9			
2026	8	29	15	30	260.0	1.5						1016.0	13.1		12.0			
2026	8	29	15	15	260.0	2.1						1016.0	13.0		12.2			
2026	8	29	15	0	230.0	1.5						1016.0	13.0		12.4		1.0	
2026	8	29	14	45	230.0	0.5						1016.0	13.0		12.4			
2026	8	29	14	30	240.0	1.0						1016.0	12.9		12.3			
2026	8	29	14	15	200.0	1.5						1016.0	12.9		12.4			
2026	8	29	14	0	200.0	1.0						1016.0	13.0		12.5		1.0	
2026	8	29	13	45	200.0	1.0						1016.0	13.0		12.5			
2026	8	29	13	30	180.0	1.0						1015.0	12.9		12.4			
2026	8	29	13	15	190.0	1.0						1015.0	12.8		12.3			
2026	8	29	13	0	170.0	1.0						1015.0	12.9		12.4		0.0	
2026	8	29	12	45	180.0	1.0						1015.0	12.8		12.3			
2026	8	29	12	30	190.0	1.0						1015.0	12.8		12.3			
2026	8	29	12	15	190.0	0.5						1015.0	12.8		12.3			
2026	8	29	12	0		0.0						1015.0	12.8		12.2		0.0	
2026	8	29	11	45		0.0						1015.0	12.8		12.2			
2026	8	29	11	30		0.0						1015.0	12.8		12.2			
2026	8	29	11	15	280.0	1.0						1015.0	12.9		12.3			
2026	8	29	11	0	250.0	1.0						1015.0	13.0		12.5		-1.0	
2026	8	29	10	45	210.0	1.5						1015.0	13.1		12.5			
2026	8	29	10	30	190.0	2.1						1015.0	13.2		12.6			
2026	8	29	10	15	170.0	2.6						1015.0	13.2		12.6			
2026	8	29	10	0	160.0	2.1						1015.0	13.3		12.7		0.0	
2026	8	29	9	45	150.0	2.1						1015.0	13.3		12.7			
2026	8	29	9	30	140.0	2.1						1015.0	13.3		12.7			
2026	8	29	9	15	150.0	2.1						1015.0	13.3		12.7			
2026	8	29	9	0	160.0	2.6						1015.0	13.3		12.7		0.0	
2026	8	29	8	45	150.0	2.6						1015.0	13.2		12.7			
2026	8	29	8	30	160.0	3.1						1015.0	13.2		12.7			
2026	8	29	8	15	160.0	2.6						1016.0	13.3		12.7			
2026	8	29	8	0	140.0	2.1						1016.0	13.4		12.6		-0.0	
2026	8	29	7	45	150.0	1.5						1016.0	13.4		12.5			
2026	8	29	7	30		0.0						1016.0	13.3		12.2			
2026	8	29	7	15	220.0	1.5						1016.0	13.4		12.3			
2026	8	29	7	0	190.0	1.5						1015.0	13.5		12.6		-1.0	
2026	8	29	6	45	150.0	1.5						1016.0	13.6		13.0			
2026	8	29	6	30	150.0	2.1						1015.0	13.7		13.1			
2026	8	29	6	15	150.0	2.1						1015.0	13.9		13.0			
2026	8	29	6	0	150.0	2.1						1015.0	14.0		13.1		-1.0	
2026	8	29	5	45	170.0	2.1						1016.0	14.0		12.7			
2026	8	29	5	30	160.0	2.1						1016.0	14.0		13.1			
2026	8	29	5	15	150.0	2.1						1016.0	14.0		13.2			
2026	8	29	5	0	160.0	2.1						1016.0	14.1		13.5		0.0	
2026	8	29	4	45	140.0	2.1						1016.0	14.1		13.3			
2026	8	29	4	30	150.0	2.1						1016.0	14.3		13.4			
2026	8	29	4	15	150.0	1.5						1016.0	14.4		13.3			
2026	8	29	4	0	140.0	1.0						1016.0	14.4		13.0		0.0	
2026	8	29	3	45	220.0	1.0						1016.0	14.3		12.7			
2026	8	29	3	30	160.0	1.5						1016.0	14.5		12.7			
2026	8	29	3	15	180.0	1.0						1016.0	14.6		12.5			
2026	8	29	3	0	220.0	2.1						1016.0	15.1		12.1		0.0	
2026	8	29	2	45	230.0	3.6						1015.0	15.9		11.7			
2026	8	29	2	30	210.0	2.1						1015.0	16.7		11.5			
2026	8	29	2	15	190.0	2.1						1015.0	16.9		11.5			
2026	8	29	2	0	170.0	1.5						1016.0	17.3		11.7		-1.0	
2026	8	29	1	45	170.0	1.0						1016.0	17.5		11.6			
2026	8	29	1	30	210.0	1.0						1016.0	17.7		11.6			
2026	8	29	1	15	270.0	2.1						1016.0	17.6		11.7			
2026	8	29	1	0	240.0	0.5						1016.0	17.4		11.8		-1.0	
2026	8	29	0	45	280.0	2.1						1016.0	17.4		12.0			
2026	8	29	0	30	230.0	2.6						1016.0	17.8		11.9			
2026	8	29	0	15	250.0	3.1						1016.0	17.7		11.8			
2026	8	29	0	0	230.0	3.6						1016.0	17.7		12.0		-1.0	
2026	8	28	23	45	240.0	3.6						1016.0	17.7		11.8			
2026	8	28	23	30	250.0	4.1						1016.0	18.9		12.1			
2026	8	28	23	15	250.0	3.6						1016.0	19.6		12.0			
2026	8	28	23	0	250.0	4.6						1017.0	19.4		11.8		0.0	
2026	8	28	22	45	250.0	4.6						1017.0	19.1		11.8			
2026	8	28	22	30	250.0	4.6						1017.0	19.5		11.7			
2026	8	28	22	15	250.0	4.6						1017.0	19.3		11.7			
2026	8	28	22	0	260.0	5.1						1017.0	19.8		11.2		-1.0	
2026	8	28	21	45	280.0	4.6						1017.0	20.2		10.8			
2026	8	28	21	30	260.0	4.6						1017.0	20.8		11.0			
2026	8	28	21	15	260.0	3.6						1017.0	21.0		11.2			
2026	8	28	21	0	270.0	3.6						1017.0	20.7		11.5		-1.0	
2026	8	28	20	45	260.0	3.6						1017.0	20.6		10.9			
2026	8	28	20	30	250.0	3.1						1017.0	20.6		10.9			
2026	8	28	20	15	260.0	3.1						1017.0	20.5		11.0			
2026	8	28	20	0	240.0	3.1						1017.0	20.8		10.8		-1.0	
2026	8	28	19	45	250.0	3.1						1017.0	20.7		10.7			
2026	8	28	19	30	240.0	3.1						1017.0	20.4		10.7			
2026	8	28	19	15	240.0	3.6						1018.0	20.1		10.7			
2026	8	28	19	0	250.0	4.1						1018.0	19.6		10.7		0.0	
2026	8	28	18	45	260.0	3.6						1018.0	20.0		11.6			
2026	8	28	18	30	260.0	3.6						1018.0	19.5		11.9			
2026	8	28	18	15	210.0	3.1						1018.0	18.9		12.8			
2026	8	28	18	0	190.0	2.1						1018.0	18.6		13.3		0.0	
2026	8	28	17	45	210.0	2.1						1018.0	17.5		13.1			
2026	8	28	17	30	200.0	1.5						1018.0	17.0		13.4			
2026	8	28	17	15	220.0	2.6						1018.0	16.5		13.3			
2026	8	28	17	0	200.0	2.6						1018.0	16.3		13.5		0.0	
2026	8	28	16	45	220.0	2.6						1018.0	16.1		13.4			
2026	8	28	16	30	200.0	2.1						1018.0	16.0		13.3			
2026	8	28	16	15	210.0	2.1						1018.0	15.8		13.1			
2026	8	28	16	0	230.0	2.1						1018.0	15.6		13.1		0.0	
2026	8	28	15	45	230.0	3.1						1018.0	15.9		13.2			
2026	8	28	15	30	210.0	3.1						1018.0	15.2		13.1			
2026	8	28	15	15	210.0	3.1						1018.0	15.0		12.9			
2026	8	28	15	0	200.0	2.6						1018.0	15.0		13.1		0.0	
2026	8	28	14	45	180.0	2.1						1018.0	15.0		13.2			
2026	8	28	14	30	190.0	2.6						1018.0	14.8		13.0			
2026	8	28	14	15	170.0	2.6						1018.0	14.8		13.2			
2026	8	28	14	0	190.0	2.6						1018.0	14.7		12.9		0.0	
2026	8	28	13	45	170.0	2.1						1018.0	14.6		13.2			
2026	8	28	13	30	150.0	1.5						1018.0	14.8		13.2			
2026	8	28	13	15	170.0	1.5						1018.0	14.9		13.3			
2026	8	28	13	0	160.0	1.5						1018.0	15.0		13.1		0.0	
2026	8	28	12	45	170.0	2.1						1017.0	15.1		13.0			
2026	8	28	12	30	180.0	2.6						1018.0	15.2		13.1			
2026	8	28	12	15	180.0	2.6						1018.0	15.3		13.2			
2026	8	28	12	0	180.0	2.1						1018.0	15.3		13.2		0.0	
2026	8	28	11	45	180.0	2.1						1018.0	15.5		13.4			
2026	8	28	11	30	190.0	3.1						1018.0	15.6		13.3			
2026	8	28	11	15	180.0	2.1						1018.0	15.6		13.3			
2026	8	28	11	0	200.0	2.6						1018.0	15.6		13.3		0.0	
2026	8	28	10	45	190.0	2.1						1018.0	15.6		13.1			
2026	8	28	10	30	180.0	2.1						1018.0	15.6		13.1			
2026	8	28	10	15	180.0	2.1						1018.0	15.4		12.9			
2026	8	28	10	0	170.0	2.6						1018.0	15.4		13.1		0.0	
2026	8	28	9	45	170.0	2.6						1018.0	15.6		13.1			
2026	8	28	9	30	180.0	2.6						1018.0	15.7		13.2			
2026	8	28	9	15	170.0	1.5						1018.0	15.7		13.0			
2026	8	28	9	0	170.0	2.1						1018.0	15.9		13.1		0.0	
2026	8	28	8	45	130.0	1.5						1018.0	15.9		13.2			
2026	8	28	8	30	150.0	1.5						1018.0	16.2		13.2			
2026	8	28	8	15	200.0	2.1						1018.0	16.3		13.1			
2026	8	28	8	0	190.0	2.1						1018.0	16.4		13.0		0.0	
2026	8	28	7	45	200.0	2.1						1018.0	16.6		12.8			
2026	8	28	7	30	210.0	2.6						1018.0	16.5		12.7			
2026	8	28	7	15	140.0	1.0						1018.0	16.0		12.8			
2026	8	28	7	0	170.0	1.0						1018.0	16.4		12.4		1.0	
2026	8	28	6	45	180.0	1.0						1018.0	16.6		12.6			
2026	8	28	6	30	150.0	1.0						1018.0	16.9		12.7			
2026	8	28	6	15	210.0	1.0						1018.0	17.1		12.7			
2026	8	28	6	0	230.0	1.5						1018.0	17.2		12.6		1.0	
2026	8	28	5	45	230.0	1.0						1018.0	17.0		12.8			
2026	8	28	5	30	200.0	1.0						1018.0	16.9		13.1			
2026	8	28	5	15	200.0	0.5						1018.0	17.0		13.0			
2026	8	28	5	0		0.0						1018.0	17.3		12.9		1.0	
2026	8	28	4	45		0.0						1018.0	17.3		12.9			
2026	8	28	4	30		0.0						1018.0	17.6		13.0			
2026	8	28	4	15	260.0	1.5						1017.0	18.0		12.8			
2026	8	28	4	0	260.0	2.6						1017.0	18.2		12.7		0.0	
2026	8	28	3	45	270.0	2.6						1017.0	18.4		12.9			
2026	8	28	3	30	260.0	1.5						1017.0	18.6		12.9			
2026	8	28	3	15	260.0	1.5						1017.0	18.8		13.1			
2026	8	28	3	0	260.0	2.1						1017.0	19.2		13.5		1.0	
2026	8	28	2	45	270.0	2.6						1017.0	19.4		13.5			
2026	8	28	2	30	270.0	2.6						1017.0	19.6		13.4			
2026	8	28	2	15	290.0	2.1						1017.0	19.1		14.4			
2026	8	28	2	0	310.0	2.1						1017.0	18.7		14.5		-0.0	
2026	8	28	1	45	330.0	2.6						1017.0	18.3		14.3			
2026	8	28	1	30	340.0	2.6						1017.0	18.9		14.5			
2026	8	28	1	15	340.0	3.1						1017.0	19.2		14.3			
2026	8	28	1	0	300.0	2.6						1017.0	21.3		14.8		-0.0	
2026	8	28	0	45	260.0	2.1						1017.0	21.3		14.1			
2026	8	28	0	30	260.0	3.1						1017.0	21.5		14.1			
2026	8	28	0	15	240.0	3.1						1017.0	21.8		13.8			
2026	8	28	0	0	200.0	3.6						1016.0	21.7		14.0		0.0	
2026	8	27	23	45	200.0	4.1						1017.0	21.4		14.0			
2026	8	27	23	30	200.0	4.6						1017.0	21.5		13.8			
2026	8	27	23	15	190.0	4.6						1017.0	21.5		13.6			
2026	8	27	23	0	180.0	4.6						1017.0	21.5		13.6		1.0	
2026	8	27	22	45	180.0	5.7						1017.0	21.6		13.7			
2026	8	27	22	30	190.0	5.7						1017.0	21.5		13.6			
2026	8	27	22	15	190.0	6.2						1017.0	22.2		14.0			
2026	8	27	22	0	200.0	6.2						1017.0	21.5		14.1		1.0	
2026	8	27	21	45	200.0	6.2						1017.0	21.6		13.9			
2026	8	27	21	30	190.0	6.7						1017.0	21.7		13.5			
2026	8	27	21	15	190.0	7.2						1016.0	22.0		13.5			
2026	8	27	21	0	200.0	8.2						1016.0	22.3		13.3		0.0	
2026	8	27	20	45	190.0	7.7						1016.0	22.6		13.6			
2026	8	27	20	30	180.0	8.2						1016.0	21.6		13.1			
2026	8	27	20	15	180.0	8.8						1016.0	21.2		13.0			
2026	8	27	20	0	180.0	8.8						1016.0	20.9		13.2		0.0	
2026	8	27	19	45	180.0	8.2						1016.0	21.0		13.1			
2026	8	27	19	30	170.0	7.7						1016.0	20.8		13.2			
2026	8	27	19	15	170.0	7.7						1016.0	21.0		13.1			
2026	8	27	19	0	170.0	7.2						1016.0	21.2		13.5		0.0	
2026	8	27	18	45	170.0	7.7						1016.0	20.4		13.5			
2026	8	27	18	30	170.0	7.2						1016.0	20.1		13.7			
2026	8	27	18	15	160.0	7.2						1016.0	19.9		13.5			
2026	8	27	18	0	170.0	7.2						1016.0	19.8		13.4		1.0	
2026	8	27	17	45	170.0	6.7						1016.0	19.7		13.5			
2026	8	27	17	30	170.0	7.7						1016.0	19.6		13.4			
2026	8	27	17	15	170.0	7.2						1016.0	19.2		13.7			
2026	8	27	17	0	160.0	6.7						1016.0	18.7		13.9		1.0	
2026	8	27	16	45	160.0	5.7						1016.0	18.2		14.0			
2026	8	27	16	30	160.0	5.1						1016.0	17.7		14.1			
2026	8	27	16	15	150.0	5.1						1015.0	17.4		14.0			
2026	8	27	16	0	160.0	5.1						1016.0	17.1		13.9		1.0	
2026	8	27	15	45	170.0	4.1						1016.0	17.1		14.1			
2026	8	27	15	30	160.0	3.6						1015.0	16.8		14.1			
2026	8	27	15	15	150.0	2.6						1015.0	16.3		14.2			
2026	8	27	15	0	150.0	2.6						1015.0	15.7		13.8		0.0	
2026	8	27	14	45	150.0	3.1						1015.0	15.3		13.5			
2026	8	27	14	30	130.0	2.6						1015.0	14.8		13.2			
2026	8	27	14	15	140.0	2.1						1015.0	14.8		13.2			
2026	8	27	14	0	160.0	2.6						1015.0	14.8		13.2		0.0	
2026	8	27	13	45	170.0	1.5						1015.0	14.4		13.1			
2026	8	27	13	30	130.0	1.0						1015.0	14.2		12.9			
2026	8	27	13	15	140.0	0.5						1015.0	14.4		13.1			
2026	8	27	13	0		0.0						1015.0	14.3		13.0		0.0	
2026	8	27	12	45		0.0						1015.0	14.4		13.1			
2026	8	27	12	30	140.0	1.0						1015.0	14.4		13.1			
2026	8	27	12	15	130.0	1.5						1015.0	14.4		13.1			
2026	8	27	12	0	140.0	1.5						1015.0	14.4		13.1		0.0	
2026	8	27	11	45	140.0	1.5						1015.0	14.5		13.2			
2026	8	27	11	30	160.0	1.5						1015.0	14.7		13.3			
2026	8	27	11	15	160.0	1.5						1015.0	14.8		13.2			
2026	8	27	11	0	170.0	2.1						1015.0	14.7		13.1		0.0	
2026	8	27	10	45	160.0	2.1						1015.0	14.6		13.2			
2026	8	27	10	30	160.0	1.5						1015.0	14.5		12.9			
2026	8	27	10	15	160.0	2.1						1015.0	14.5		12.9			
2026	8	27	10	0	140.0	2.1						1015.0	14.1		12.8		0.0	
2026	8	27	9	45	120.0	1.5						1015.0	13.5		12.6			
2026	8	27	9	30	120.0	1.5						1015.0	13.4		12.3			
2026	8	27	9	15	160.0	1.0						1015.0	13.8		12.5			
2026	8	27	9	0	190.0	1.5						1015.0	13.2		12.3		0.0	
2026	8	27	8	45	170.0	1.5						1015.0	12.9		11.8			
2026	8	27	8	30	150.0	1.5						1015.0	13.2		12.1			
2026	8	27	8	15	170.0	2.1						1015.0	13.1		12.0			
2026	8	27	8	0	150.0	1.5						1015.0	12.9		11.8		0.0	
2026	8	27	7	45	150.0	1.5						1015.0	13.0		11.9			
2026	8	27	7	30	150.0	1.5						1015.0	12.9		11.8			
2026	8	27	7	15	120.0	1.5						1015.0	13.1		11.8			
2026	8	27	7	0	150.0	1.5						1015.0	13.5		12.1		0.0	
2026	8	27	6	45	140.0	1.5						1015.0	13.6		12.2			
2026	8	27	6	30	120.0	1.5						1015.0	13.3		12.2			
2026	8	27	6	15	120.0	1.5						1015.0	13.2		12.3			
2026	8	27	6	0	120.0	1.5						1015.0	13.3		12.2		0.0	
2026	8	27	5	45	130.0	1.0						1016.0	13.6		12.5			
2026	8	27	5	30	140.0	1.5						1016.0	13.9		12.6			
2026	8	27	5	15	120.0	1.5						1015.0	13.8		12.5			
2026	8	27	5	0	140.0	1.0						1015.0	14.0		12.4		0.0	
2026	8	27	4	45	190.0	1.0						1015.0	14.6		12.7			
2026	8	27	4	30	160.0	1.0						1015.0	14.9		12.8			
2026	8	27	4	15	130.0	1.5						1015.0	15.1		13.0			
2026	8	27	4	0	130.0	1.0						1015.0	15.3		12.8		0.0	
2026	8	27	3	45	120.0	1.0						1015.0	15.8		13.1			
2026	8	27	3	30	130.0	1.0						1015.0	16.0		13.3			
2026	8	27	3	15	100.0	1.0						1015.0	16.6		13.9			
2026	8	27	3	0	340.0	1.0						1015.0	17.5		14.3		0.0	
2026	8	27	2	45	320.0	1.0						1015.0	18.0		14.2			
2026	8	27	2	30	300.0	2.1						1015.0	18.9		14.0			
2026	8	27	2	15	290.0	2.1						1015.0	19.1		14.2			
2026	8	27	2	0	290.0	2.6						1015.0	19.8		14.3		-1.0	
2026	8	27	1	45	300.0	2.1						1015.0	20.3		14.3			
2026	8	27	1	30	310.0	2.6						1015.0	20.6		14.2			
2026	8	27	1	15	290.0	2.6						1015.0	21.2		14.0			
2026	8	27	1	0	280.0	3.6						1015.0	21.3		13.9		-1.0	
2026	8	27	0	45	270.0	3.6						1015.0	21.8		14.1			
2026	8	27	0	30	270.0	4.1						1015.0	22.0		14.3			
2026	8	27	0	15	270.0	2.6						1015.0	22.4		14.2			
2026	8	27	0	0	260.0	2.6						1015.0	22.3		14.1		-2.0	
2026	8	26	23	45	250.0	3.1						1015.0	22.5		13.7			
2026	8	26	23	30	240.0	3.6						1015.0	22.7		13.7			
2026	8	26	23	15	220.0	2.6						1016.0	22.2		13.7			
2026	8	26	23	0	260.0	3.1						1016.0	21.4		13.7		-1.0	
2026	8	26	22	45	270.0	2.6						1016.0	21.2		14.0			
2026	8	26	22	30	260.0	2.6						1016.0	21.1		13.9			
2026	8	26	22	15	240.0	2.6						1016.0	21.2		13.8			
2026	8	26	22	0	210.0	3.6						1016.0	21.0		13.6		-1.0	
2026	8	26	21	45	180.0	4.1						1016.0	20.9		13.5			
2026	8	26	21	30	170.0	4.1						1016.0	20.6		13.4			
2026	8	26	21	15	180.0	4.6						1017.0	20.3		13.6			
2026	8	26	21	0	180.0	4.6						1017.0	19.7		13.5		0.0	
2026	8	26	20	45	190.0	4.6						1017.0	19.3		14.0			
2026	8	26	20	30	200.0	4.6						1017.0	18.5		13.9			
2026	8	26	20	15	200.0	4.1						1017.0	18.1		13.9			
2026	8	26	20	0	190.0	4.6						1017.0	18.0		13.8		0.0	
2026	8	26	19	45	190.0	4.6						1017.0	17.9		13.9			
2026	8	26	19	30	190.0	4.6						1017.0	17.9		13.9			
2026	8	26	19	15	200.0	4.6						1017.0	17.8		13.8			
2026	8	26	19	0	190.0	4.6						1017.0	17.8		13.6		0.0	
2026	8	26	18	45	190.0	4.6						1017.0	17.7		13.7			
2026	8	26	18	30	190.0	4.1						1017.0	17.5		13.5			
2026	8	26	18	15	190.0	4.1						1017.0	17.3		13.5			
2026	8	26	18	0	180.0	4.1						1017.0	17.2		13.6		0.0	
2026	8	26	17	45	180.0	4.1						1017.0	17.2		13.6			
2026	8	26	17	30	180.0	3.6						1017.0	16.9		13.9			
2026	8	26	17	15	180.0	3.6						1017.0	16.7		13.8			
2026	8	26	17	0	180.0	3.6						1017.0	16.6		13.8		0.0	
2026	8	26	16	45	190.0	3.6						1017.0	16.6		13.8			
2026	8	26	16	30	180.0	3.1						1017.0	16.6		13.8			
2026	8	26	16	15	190.0	3.1						1017.0	16.5		13.7			
2026	8	26	16	0	180.0	3.1						1017.0	16.4		13.7		0.0	
2026	8	26	15	45	190.0	3.6						1017.0	16.4		13.7			
2026	8	26	15	30	160.0	2.6						1017.0	16.2		13.9			
2026	8	26	15	15	160.0	2.6						1017.0	15.9		13.9			
2026	8	26	15	0	160.0	2.6						1017.0	15.6		13.8		0.0	
2026	8	26	14	45	150.0	2.6						1017.0	15.3		13.9			
2026	8	26	14	30	140.0	1.5						1017.0	15.0		13.6			
2026	8	26	14	15	150.0	1.0						1017.0	14.5		13.4			
2026	8	26	14	0	120.0	1.0						1017.0	14.2		13.3		0.0	
2026	8	26	13	45	130.0	1.0						1017.0	14.3		13.4			
2026	8	26	13	30	160.0	1.0						1017.0	14.3		13.2			
2026	8	26	13	15	130.0	1.0						1017.0	14.2		13.3			
2026	8	26	13	0	120.0	1.0						1017.0	14.2		13.3		0.0	
2026	8	26	12	45	130.0	0.5						1017.0	14.1		13.2			
2026	8	26	12	30	130.0	1.0						1017.0	14.0		13.1			
2026	8	26	12	15	120.0	1.0						1017.0	14.0		13.2			
2026	8	26	12	0	130.0	1.0						1017.0	14.0		13.2		0.0	
2026	8	26	11	45	120.0	1.0						1017.0	13.6		13.0			
2026	8	26	11	30	120.0	1.5						1017.0	13.2		12.6			
2026	8	26	11	15	150.0	0.5						1017.0	13.0		12.5			
2026	8	26	11	0	140.0	1.0						1017.0	12.6		12.1		0.0	
2026	8	26	10	45	160.0	1.5						1017.0	12.4		11.8			
2026	8	26	10	30	160.0	1.0						1017.0	12.3		11.7			
2026	8	26	10	15	160.0	1.5						1017.0	12.6		12.0			
2026	8	26	10	0	150.0	1.5						1017.0	12.8		12.2		0.0	
2026	8	26	9	45	150.0	1.5						1017.0	13.0		12.4			
2026	8	26	9	30	150.0	1.5						1017.0	12.9		12.3			
2026	8	26	9	15	150.0	2.1						1017.0	12.9		12.1			
2026	8	26	9	0	150.0	2.1						1017.0	13.1		12.3		1.0	
2026	8	26	8	45	160.0	2.1						1017.0	13.3		12.4			
2026	8	26	8	30	150.0	2.1						1017.0	13.4		12.5			
2026	8	26	8	15	150.0	2.1						1017.0	13.7		12.8			
2026	8	26	8	0	150.0	2.1						1017.0	13.9		12.8		1.0	
2026	8	26	7	45	150.0	2.6						1017.0	14.0		12.9			
2026	8	26	7	30	150.0	2.1						1017.0	14.1		13.0			
2026	8	26	7	15	140.0	2.6						1017.0	14.3		13.2			
2026	8	26	7	0	140.0	2.6						1017.0	14.3		13.2		1.0	
2026	8	26	6	45	140.0	2.6						1016.0	14.3		13.2			
2026	8	26	6	30	140.0	2.6						1016.0	14.6		13.5			
2026	8	26	6	15	140.0	2.6						1016.0	14.7		13.6			
2026	8	26	6	0	140.0	2.6						1016.0	14.8		13.5		1.0	
2026	8	26	5	45	150.0	2.6						1016.0	15.1		13.3			
2026	8	26	5	30	160.0	2.6						1016.0	15.8		13.3			
2026	8	26	5	15	170.0	2.6						1016.0	15.9		13.4			
2026	8	26	5	0	160.0	2.6						1016.0	15.9		13.6		1.0	
2026	8	26	4	45	180.0	3.1						1016.0	16.6		13.8			
2026	8	26	4	30	180.0	3.1						1016.0	16.5		13.7			
2026	8	26	4	15	170.0	2.6						1016.0	16.5		13.7			
2026	8	26	4	0	170.0	3.1						1016.0	17.0		14.0		2.0	
2026	8	26	3	45	180.0	3.6						1016.0	17.1		13.9			
2026	8	26	3	30	170.0	3.1						1016.0	17.1		14.1			
2026	8	26	3	15	180.0	3.1						1015.0	17.8		14.0			
2026	8	26	3	0	200.0	3.6						1015.0	18.2		14.2		2.0	
2026	8	26	2	45	220.0	3.1						1015.0	18.4		14.2			
2026	8	26	2	30	210.0	3.6						1015.0	18.6		14.4			
2026	8	26	2	15	210.0	4.1						1015.0	18.7		14.3			
2026	8	26	2	0	220.0	5.1						1015.0	19.1		14.4		2.0	
2026	8	26	1	45	230.0	4.6						1014.0	20.1		14.8			
2026	8	26	1	30	230.0	4.6						1014.0	20.7		14.9			
2026	8	26	1	15	230.0	3.6						1014.0	22.0		14.8			
2026	8	26	1	0	220.0	3.1						1014.0	22.7		14.2		1.0	
2026	8	26	0	45	250.0	4.6						1014.0	22.8		13.7			
2026	8	26	0	30	260.0	4.6						1014.0	22.5		14.0			
2026	8	26	0	15	250.0	4.1						1014.0	23.0		14.7			
2026	8	26	0	0	270.0	3.1						1013.0	23.5		15.5		0.0	
2026	8	25	23	45	290.0	3.1						1013.0	23.9		16.1			
2026	8	25	23	30	330.0	3.1						1013.0	22.8		17.2			
2026	8	25	23	15	330.0	3.1						1013.0	22.5		17.3			
2026	8	25	23	0	340.0	3.6						1013.0	22.8		17.2		-1.0	
2026	8	25	22	45	340.0	3.6						1013.0	22.6		17.0			
2026	8	25	22	30	330.0	5.1						1013.0	21.2		17.1			
2026	8	25	22	15	340.0	4.6						1013.0	21.8		17.5			
2026	8	25	22	0	340.0	4.6						1013.0	22.5		17.5		-1.0	
2026	8	25	21	45	340.0	4.1						1013.0	22.6		17.6			
2026	8	25	21	30	330.0	4.1						1013.0	22.4		17.9			
2026	8	25	21	15	320.0	4.1						1013.0	22.6		17.8			
2026	8	25	21	0	330.0	4.1						1013.0	22.5		17.5		-1.0	
2026	8	25	20	45	330.0	3.6						1013.0	22.9		17.7			
2026	8	25	20	30	330.0	3.6						1013.0	23.0		17.8			
2026	8	25	20	15	330.0	3.1						1014.0	23.2		17.3			
2026	8	25	20	0	330.0	2.6						1014.0	23.1		17.2		-1.0	
2026	8	25	19	45	340.0	3.1						1014.0	22.4		17.0			
2026	8	25	19	30	340.0	3.1						1014.0	22.1		17.1			
2026	8	25	19	15	330.0	3.1						1014.0	21.8		17.1			
2026	8	25	19	0	340.0	3.1						1014.0	21.2		17.3		-1.0	
2026	8	25	18	45	330.0	2.6						1014.0	21.1		17.4			
2026	8	25	18	30	330.0	2.6						1014.0	20.9		17.4			
2026	8	25	18	15	310.0	2.6						1014.0	20.6		17.1			
2026	8	25	18	0	310.0	2.6						1014.0	20.1		16.8		-1.0	
2026	8	25	17	45	320.0	3.1						1014.0	19.9		17.0			
2026	8	25	17	30	340.0	2.6						1014.0	19.8		16.5			
2026	8	25	17	15	330.0	2.6						1014.0	19.4		16.3			
2026	8	25	17	0	330.0	2.6						1015.0	19.2		16.3		1.0	
2026	8	25	16	45	320.0	2.1						1015.0	19.0		16.5			
2026	8	25	16	30	310.0	1.5						1015.0	18.9		16.6			
2026	8	25	16	15		0.0						1015.0	18.3		16.1			
2026	8	25	16	0	230.0	0.5						1015.0	17.1		16.5		1.0	
2026	8	25	15	45		0.0						1015.0	16.5		16.3			
2026	8	25	15	30		0.0						1015.0	15.4		15.2			
2026	8	25	15	15	150.0	1.0						1015.0	14.8		14.6			
2026	8	25	15	0		0.0						1015.0	14.6		14.4		1.0	
2026	8	25	14	45		0.0						1014.0	13.7		13.5			
2026	8	25	14	30		0.0						1014.0	12.6		12.4			
2026	8	25	14	15	90.0	0.5						1014.0	12.0		11.8			
2026	8	25	14	0		0.0						1014.0	11.4		11.3		0.0	
2026	8	25	13	45	120.0	0.5						1014.0	11.4		11.3			
2026	8	25	13	30	110.0	0.5						1014.0	11.4		11.1			
2026	8	25	13	15	150.0	0.5						1014.0	12.1		11.8			
2026	8	25	13	0	260.0	0.5						1014.0	12.8		12.6		0.0	
2026	8	25	12	45	360.0	0.5						1014.0	12.5		12.3			
2026	8	25	12	30	30.0	1.0						1014.0	12.6		12.4			
2026	8	25	12	15	70.0	0.5						1014.0	11.8		11.5			
2026	8	25	12	0		0.0						1014.0	12.2		11.9		0.0	
2026	8	25	11	45	190.0	1.0						1014.0	12.3		12.0			
2026	8	25	11	30	150.0	1.5						1014.0	12.2		11.9			
2026	8	25	11	15	120.0	1.0						1014.0	12.6		12.1			
2026	8	25	11	0		0.0						1014.0	13.1		12.8		0.0	
2026	8	25	10	45		0.0						1014.0	12.7		12.4			
2026	8	25	10	30		0.0						1014.0	12.7		12.2			
2026	8	25	10	15		0.0						1014.0	12.6		12.1			
2026	8	25	10	0	130.0	0.5						1014.0	12.6		12.0		0.0	
2026	8	25	9	45	70.0	0.5						1014.0	13.8		13.0			
2026	8	25	9	30		0.0						1014.0	14.7		13.9			
2026	8	25	9	15	20.0	1.0						1014.0	14.9		14.4			
2026	8	25	9	0		0.0						1014.0	14.2		13.7		0.0	
2026	8	25	8	45		0.0						1014.0	13.7		13.1			
2026	8	25	8	30	240.0	0.5						1014.0	13.6		13.0			
2026	8	25	8	15	150.0	0.5						1014.0	13.8		13.2			
2026	8	25	8	0	120.0	0.5						1014.0	13.7		13.1		0.0	
2026	8	25	7	45	120.0	1.0						1014.0	14.0		13.2			
2026	8	25	7	30	70.0	1.0						1014.0	14.4		13.5			
2026	8	25	7	15	70.0	0.5						1014.0	14.6		13.7			
2026	8	25	7	0	150.0	0.5						1014.0	14.2		13.1		0.0	
2026	8	25	6	45	50.0	1.0						1014.0	15.7		14.3			
2026	8	25	6	30	320.0	1.5						1014.0	16.9		14.9			
2026	8	25	6	15	340.0	0.5						1014.0	15.9		14.3			
2026	8	25	6	0	40.0	1.0						1014.0	16.2		14.1		0.0	
2026	8	25	5	45	340.0	2.1						1014.0	17.4		14.9			
2026	8	25	5	30	340.0	2.1						1015.0	17.5		15.2			
2026	8	25	5	15	340.0	1.5						1015.0	17.6		15.5			
2026	8	25	5	0	330.0	2.1						1014.0	17.8		15.1		0.0	
2026	8	25	4	45	330.0	2.6						1014.0	17.9		15.2			
2026	8	25	4	30	340.0	2.6						1014.0	18.3		15.4			
2026	8	25	4	15	340.0	3.6						1014.0	18.4		15.3			
2026	8	25	4	0	340.0	4.1						1014.0	18.4		15.1		0.0	
2026	8	25	3	45	340.0	4.1						1014.0	18.3		15.2			
2026	8	25	3	30	340.0	3.6						1014.0	18.1		15.2			
2026	8	25	3	15	340.0	4.1						1014.0	18.0		14.9			
2026	8	25	3	0	340.0	4.6						1014.0	18.1		15.0		0.0	
2026	8	25	2	45	340.0	5.7						1013.0	18.4		15.1			
2026	8	25	2	30	350.0	5.1						1013.0	18.5		15.2			
2026	8	25	2	15	340.0	4.6						1014.0	18.6		15.1			
2026	8	25	2	0	340.0	5.7						1014.0	18.6		15.1		-1.0	
2026	8	25	1	45	340.0	5.7						1014.0	18.4		15.1			
2026	8	25	1	30	340.0	5.7						1014.0	18.4		15.1			
2026	8	25	1	15	350.0	5.7						1014.0	18.6		15.3			
2026	8	25	1	0	350.0	6.2						1014.0	19.0		15.2		-2.0	
2026	8	25	0	45	350.0	6.2						1014.0	19.5		15.4			
2026	8	25	0	30	340.0	5.1						1014.0	20.0		15.7			
2026	8	25	0	15	340.0	5.1						1014.0	19.9		15.8			
2026	8	25	0	0	340.0	5.7						1014.0	19.8		15.9		-3.0	
2026	8	24	23	45	350.0	6.2						1015.0	19.7		15.6			
2026	8	24	23	30	350.0	5.7						1015.0	19.8		15.5			
2026	8	24	23	15	350.0	5.7						1015.0	20.0		15.7			
2026	8	24	23	0	350.0	5.7						1015.0	20.2		15.9		-3.0	
2026	8	24	22	45	350.0	5.7						1015.0	20.2		15.9			
2026	8	24	22	30	340.0	5.7						1016.0	20.1		16.0			
2026	8	24	22	15	340.0	5.7						1016.0	20.0		16.1			
2026	8	24	22	0	340.0	5.7						1016.0	20.0		16.1		-2.0	
2026	8	24	21	45	340.0	6.2						1016.0	19.9		16.4			
2026	8	24	21	30	340.0	6.2						1016.0	19.7		16.4			
2026	8	24	21	15	340.0	6.7						1017.0	19.3		16.4			
2026	8	24	21	0	340.0	6.7						1017.0	19.4		16.5		-2.0	
2026	8	24	20	45	340.0	6.7						1017.0	19.5		16.4			
2026	8	24	20	30	340.0	6.7						1017.0	19.5		16.4			
2026	8	24	20	15	340.0	6.7						1017.0	19.4		16.5			
2026	8	24	20	0	340.0	6.7						1018.0	19.4		16.3		-1.0	
2026	8	24	19	45	340.0	6.2						1018.0	19.3		16.2			
2026	8	24	19	30	340.0	6.7						1018.0	19.2		16.3			
2026	8	24	19	15	340.0	6.7						1018.0	18.9		16.2			
2026	8	24	19	0	340.0	6.7						1018.0	18.7		16.0		-2.0	
2026	8	24	18	45	340.0	5.1						1018.0	18.5		16.0			
2026	8	24	18	30	330.0	4.6						1019.0	18.0		15.5			
2026	8	24	18	15	330.0	4.1						1019.0	18.0		15.1			
2026	8	24	18	0	340.0	4.1						1019.0	17.6		15.1		-1.0	
2026	8	24	17	45	330.0	4.6						1019.0	17.1		15.0			
2026	8	24	17	30	340.0	4.1						1019.0	16.7		14.9			
2026	8	24	17	15	340.0	3.1						1019.0	16.2		14.8			
2026	8	24	17	0	340.0	2.6						1019.0	15.3		14.8		0.0	
2026	8	24	16	45	340.0	2.6						1019.0	14.9		14.6			
2026	8	24	16	30	350.0	2.6						1019.0	14.8		14.6			
2026	8	24	16	15	360.0	2.6						1019.0	14.8		14.6			
2026	8	24	16	0	10.0	2.1						1020.0	14.4		14.2		1.0	
2026	8	24	15	45	360.0	2.6						1020.0	14.3		14.1			
2026	8	24	15	30	360.0	2.6						1020.0	14.2		14.0			
2026	8	24	15	15	10.0	2.1						1020.0	14.1		13.9			
2026	8	24	15	0	350.0	3.1						1020.0	14.1		13.9		1.0	
2026	8	24	14	45	340.0	3.1						1019.0	14.1		13.9			
2026	8	24	14	30	320.0	2.6						1019.0	13.8		13.6			
2026	8	24	14	15	330.0	3.1						1019.0	13.4		13.2			
2026	8	24	14	0	360.0	1.0						1019.0	12.4		12.4		0.0	
2026	8	24	13	45	40.0	1.0						1019.0	11.3		11.2			
2026	8	24	13	30		0.0						1019.0	10.3		10.2			
2026	8	24	13	15		0.0						1019.0	9.9		9.8			
2026	8	24	13	0		0.0						1019.0	9.9		9.8		0.0	
2026	8	24	12	45	200.0	1.0						1019.0	10.0		9.9			
2026	8	24	12	30		0.0						1019.0	10.1		10.0			
2026	8	24	12	15		0.0						1019.0	10.3		10.2			
2026	8	24	12	0	110.0	0.5						1019.0	9.7		9.6		-1.0	
2026	8	24	11	45	110.0	1.0						1019.0	9.5		9.4			
2026	8	24	11	30	130.0	1.0						1019.0	10.1		9.8			
2026	8	24	11	15		0.0						1019.0	10.9		10.8			
2026	8	24	11	0		0.0						1019.0	11.1		11.0		-1.0	
2026	8	24	10	45		0.0						1019.0	10.8		10.7			
2026	8	24	10	30	170.0	0.5						1019.0	10.9		10.8			
2026	8	24	10	15	110.0	1.5						1019.0	10.4		10.1			
2026	8	24	10	0	100.0	1.0						1019.0	11.0		10.7		-1.0	
2026	8	24	9	45		0.0						1019.0	11.3		11.2			
2026	8	24	9	30		0.0						1020.0	11.2		10.9			
2026	8	24	9	15		0.0						1020.0	11.2		10.9			
2026	8	24	9	0	110.0	1.5						1020.0	11.2		10.9		-1.0	
2026	8	24	8	45	210.0	1.0						1020.0	11.6		11.3			
2026	8	24	8	30	150.0	0.5						1020.0	11.7		11.2			
2026	8	24	8	15	50.0	0.5						1020.0	12.2		11.9			
2026	8	24	8	0		0.0						1020.0	11.7		11.2		-1.0	
2026	8	24	7	45	110.0	0.5						1020.0	12.2		11.7			
2026	8	24	7	30	120.0	0.5						1020.0	12.5		12.0			
2026	8	24	7	15		0.0						1020.0	12.6		12.0			
2026	8	24	7	0		0.0						1020.0	12.8		12.2		-1.0	
2026	8	24	6	45	160.0	0.5						1020.0	12.9		12.3			
2026	8	24	6	30	140.0	0.5						1020.0	13.1		12.5			
2026	8	24	6	15		0.0						1020.0	13.1		12.3			
2026	8	24	6	0	120.0	1.0						1021.0	13.3		12.5		1.0	
2026	8	24	5	45	100.0	1.5						1021.0	14.0		12.9			
2026	8	24	5	30	150.0	1.0						1021.0	14.9		13.3			
2026	8	24	5	15	310.0	0.5						1021.0	15.4		13.8			
2026	8	24	5	0		0.0						1021.0	15.3		13.9		-0.0	
2026	8	24	4	45	20.0	0.5						1021.0	15.1		13.5			
2026	8	24	4	30	290.0	0.5						1021.0	15.6		13.5			
2026	8	24	4	15	290.0	0.5						1021.0	16.3		13.6			
2026	8	24	4	0		0.0						1021.0	16.4		13.7		-0.0	
2026	8	24	3	45		0.0						1021.0	16.4		14.4			
2026	8	24	3	30	230.0	0.5						1020.0	16.7		14.7			
2026	8	24	3	15	330.0	1.5						1020.0	17.2		14.9			
2026	8	24	3	0	320.0	2.6						1020.0	17.6		14.7		-1.0	
2026	8	24	2	45	330.0	3.1						1020.0	17.8		14.7			
2026	8	24	2	30	330.0	3.1						1020.0	17.7		14.6			
2026	8	24	2	15	330.0	3.1						1020.0	18.3		14.7			
2026	8	24	2	0	330.0	2.6						1021.0	18.3		14.7		0.0	
2026	8	24	1	45	330.0	2.6						1021.0	19.0		14.6			
2026	8	24	1	30	320.0	2.1						1021.0	19.1		14.7			
2026	8	24	1	15	330.0	2.6						1021.0	19.3		14.6			
2026	8	24	1	0	330.0	3.1						1021.0	19.5		14.6		0.0	
2026	8	24	0	45	320.0	3.1						1021.0	19.4		14.3			
2026	8	24	0	30	320.0	3.1						1021.0	19.1		14.4			
2026	8	24	0	15	330.0	3.1						1021.0	19.3		14.4			
2026	8	24	0	0	340.0	3.1						1021.0	19.5		14.6		0.0	
2026	8	23	23	45	340.0	3.6						1021.0	19.3		14.6			
2026	8	23	23	30	340.0	3.6						1021.0	19.5		14.8			
2026	8	23	23	15	340.0	3.1						1021.0	19.1		14.9			
2026	8	23	23	0	310.0	2.1						1021.0	20.1		14.8		0.0	
2026	8	23	22	45	210.0	1.5						1021.0	20.2		14.7			
2026	8	23	22	30	200.0	2.1						1021.0	19.9		14.8			
2026	8	23	22	15	160.0	2.6						1021.0	19.7		14.8			
2026	8	23	22	0	180.0	2.1						1021.0	19.6		14.7		0.0	
2026	8	23	21	45	180.0	2.6						1021.0	19.6		14.7			
2026	8	23	21	30	200.0	2.6						1021.0	19.9		15.0			
2026	8	23	21	15	180.0	2.6						1021.0	19.5		14.6			
2026	8	23	21	0	180.0	3.6						1021.0	19.1		14.9		0.0	
2026	8	23	20	45	190.0	3.1						1021.0	18.9		15.1			
2026	8	23	20	30	190.0	3.6						1021.0	18.8		15.5			
2026	8	23	20	15	190.0	3.1						1021.0	18.5		15.4			
2026	8	23	20	0	180.0	3.1						1021.0	18.3		15.4		1.0	
2026	8	23	19	45	180.0	3.1						1021.0	18.1		15.6			
2026	8	23	19	30	180.0	3.1						1021.0	17.7		15.4			
2026	8	23	19	15	180.0	3.6						1021.0	17.6		15.5			
2026	8	23	19	0	180.0	3.6						1021.0	17.4		15.6		1.0	
2026	8	23	18	45	180.0	3.6						1021.0	17.2		15.6			
2026	8	23	18	30	180.0	3.1						1021.0	17.0		15.4			
2026	8	23	18	15	180.0	2.6						1021.0	17.0		15.5			
2026	8	23	18	0	180.0	3.1						1021.0	16.9		15.4		2.0	
2026	8	23	17	45	180.0	3.6						1021.0	16.9		15.4			
2026	8	23	17	30	180.0	3.6						1020.0	16.7		15.6			
2026	8	23	17	15	190.0	4.1						1020.0	16.3		15.3			
2026	8	23	17	0	200.0	3.1						1020.0	16.0		15.2		1.0	
2026	8	23	16	45	190.0	3.1						1020.0	15.9		15.1			
2026	8	23	16	30	180.0	2.6						1020.0	15.6		15.1			
2026	8	23	16	15	160.0	2.1						1020.0	15.4		14.9			
2026	8	23	16	0	160.0	2.1						1020.0	15.2		14.7		1.0	
2026	8	23	15	45	150.0	2.1						1020.0	15.2		14.7			
2026	8	23	15	30	160.0	2.1						1020.0	15.2		14.7			
2026	8	23	15	15	180.0	2.1						1019.0	15.1		14.6			
2026	8	23	15	0	160.0	2.1						1019.0	15.1		14.6		1.0	
2026	8	23	14	45	150.0	2.6						1019.0	15.0		14.5			
2026	8	23	14	30	140.0	2.6						1019.0	14.9		14.4			
2026	8	23	14	15	140.0	2.6						1019.0	14.8		14.3			
2026	8	23	14	0	140.0	2.6						1019.0	14.8		14.3		1.0	
2026	8	23	13	45	150.0	2.1						1019.0	14.8		14.3			
2026	8	23	13	30	170.0	1.5						1019.0	14.9		14.4			
2026	8	23	13	15	160.0	1.5						1018.0	14.9		14.3			
2026	8	23	13	0	190.0	1.0						1019.0	14.9		14.1		2.0	
2026	8	23	12	45	260.0	0.5						1018.0	15.3		14.4			
2026	8	23	12	30	160.0	0.5						1018.0	15.6		14.7			
2026	8	23	12	15	200.0	0.5						1018.0	15.6		14.2			
2026	8	23	12	0		0.0						1018.0	15.8		13.9		1.0	
2026	8	23	11	45		0.0						1018.0	15.9		13.8			
2026	8	23	11	30	190.0	0.5						1018.0	16.0		13.5			
2026	8	23	11	15	200.0	1.0						1018.0	16.1		13.4			
2026	8	23	11	0		0.0						1018.0	16.1		13.6		1.0	
2026	8	23	10	45		0.0						1018.0	16.1		13.8			
2026	8	23	10	30		0.0						1017.0	16.1		13.8			
2026	8	23	10	15	190.0	1.0						1017.0	16.1		13.8			
2026	8	23	10	0	210.0	2.1						1017.0	16.1		13.8		0.0	
2026	8	23	9	45	190.0	2.6						1017.0	16.2		13.7			
2026	8	23	9	30	180.0	2.6						1017.0	16.2		13.9			
2026	8	23	9	15	160.0	2.1						1017.0	16.1		14.1			
2026	8	23	9	0	160.0	1.5						1017.0	16.2		14.1		0.0	
2026	8	23	8	45	190.0	1.5						1018.0	16.2		13.9			
2026	8	23	8	30	180.0	2.1						1018.0	16.2		13.7			
2026	8	23	8	15	190.0	2.6						1018.0	16.2		13.4			
2026	8	23	8	0	160.0	2.1						1017.0	16.2		13.5		0.0	
2026	8	23	7	45	160.0	2.1						1017.0	16.3		13.3			
2026	8	23	7	30	190.0	1.0						1017.0	16.3		13.1			
2026	8	23	7	15	220.0	2.6						1017.0	16.3		13.1			
2026	8	23	7	0	230.0	2.6						1017.0	16.3		13.1		0.0	
2026	8	23	6	45	240.0	2.1						1017.0	16.5		12.9			
2026	8	23	6	30	220.0	1.5						1017.0	16.6		13.0			
2026	8	23	6	15	220.0	1.0						1017.0	16.4		13.0			
2026	8	23	6	0	240.0	1.5						1017.0	16.4		13.0		0.0	
2026	8	23	5	45	220.0	2.1						1017.0	16.5		12.9			
2026	8	23	5	30	200.0	2.1						1017.0	16.8		13.0			
2026	8	23	5	15	200.0	2.6						1017.0	17.2		13.0			
2026	8	23	5	0	190.0	2.1						1017.0	17.2		13.2		0.0	
2026	8	23	4	45	200.0	2.6						1017.0	17.2		13.0			
2026	8	23	4	30	170.0	2.1						1017.0	17.1		13.1			
2026	8	23	4	15	170.0	2.1						1017.0	17.1		13.1			
2026	8	23	4	0	200.0	2.6						1017.0	17.0		13.0		0.0	
2026	8	23	3	45	220.0	2.6						1017.0	16.8		13.0			
2026	8	23	3	30	230.0	2.1						1017.0	16.5		13.1			
2026	8	23	3	15	210.0	2.1						1017.0	16.2		13.0			
2026	8	23	3	0	150.0	1.5						1017.0	16.3		13.3		1.0	
2026	8	23	2	45	230.0	2.1						1016.0	16.7		13.1			
2026	8	23	2	30	230.0	3.1						1016.0	17.2		13.2			
2026	8	23	2	15	230.0	3.1						1016.0	17.7		13.5			
2026	8	23	2	0	240.0	3.6						1017.0	18.4		13.6		1.0	
2026	8	23	1	45	240.0	3.1						1017.0	19.2		13.9			
2026	8	23	1	30	250.0	3.1						1017.0	19.6		13.9			
2026	8	23	1	15	250.0	3.6						1017.0	20.1		13.9			
2026	8	23	1	0	250.0	4.1						1017.0	20.2		14.0		-0.0	
2026	8	23	0	45	260.0	3.1						1017.0	20.7		14.2			
2026	8	23	0	30	240.0	2.6						1016.0	20.9		14.4			
2026	8	23	0	15	250.0	3.1						1016.0	20.9		14.4			
2026	8	23	0	0	250.0	3.6						1016.0	21.2		14.5		-1.0	
2026	8	22	23	45	240.0	3.6						1016.0	21.4		14.7			
2026	8	22	23	30	230.0	3.1						1016.0	21.2		14.5			
2026	8	22	23	15	190.0	3.6						1016.0	21.2		14.3			
2026	8	22	23	0	180.0	4.1						1016.0	20.9		14.2		-1.0	
2026	8	22	22	45	160.0	4.6						1017.0	20.3		14.1			
2026	8	22	22	30	160.0	4.6						1017.0	20.2		14.4			
2026	8	22	22	15	160.0	5.1						1017.0	20.5		14.5			
2026	8	22	22	0	180.0	4.1						1017.0	21.0		14.5		0.0	
2026	8	22	21	45	190.0	5.1						1017.0	20.6		14.4			
2026	8	22	21	30	190.0	4.6						1017.0	20.4		14.6			
2026	8	22	21	15	200.0	4.6						1017.0	20.1		14.6			
2026	8	22	21	0	180.0	4.1						1017.0	19.0		14.6		0.0	
2026	8	22	20	45	210.0	3.6						1017.0	18.2		14.6			
2026	8	22	20	30	200.0	3.6						1017.0	17.9		14.5			
2026	8	22	20	15	190.0	3.6						1017.0	17.5		14.4			
2026	8	22	20	0	200.0	3.6						1017.0	17.2		14.5		-1.0	
2026	8	22	19	45	200.0	4.1						1017.0	17.0		14.5			
2026	8	22	19	30	190.0	4.1						1017.0	17.2		14.7			
2026	8	22	19	15	180.0	4.1						1017.0	16.9		14.4			
2026	8	22	19	0	190.0	4.6						1017.0	16.9		14.4		0.0	
2026	8	22	18	45	190.0	4.6						1017.0	17.0		14.7			
2026	8	22	18	30	180.0	4.1						1017.0	16.8		14.7			
2026	8	22	18	15	180.0	4.6						1017.0	16.8		14.8			
2026	8	22	18	0	170.0	4.1						1017.0	17.0		15.0		0.0	
2026	8	22	17	45	160.0	4.1						1017.0	16.7		14.9			
2026	8	22	17	30	160.0	3.1						1017.0	16.4		15.0			
2026	8	22	17	15	190.0	2.6						1017.0	16.1		15.0			
2026	8	22	17	0	190.0	3.6						1018.0	16.0		14.7		2.0	
2026	8	22	16	45	220.0	2.1						1017.0	16.0		14.9			
2026	8	22	16	30	220.0	1.5						1017.0	15.6		14.7			
2026	8	22	16	15	180.0	1.5						1017.0	15.3		14.5			
2026	8	22	16	0	130.0	1.0						1017.0	15.2		14.4		1.0	
2026	8	22	15	45	180.0	1.0						1017.0	15.0		14.1			
2026	8	22	15	30	210.0	1.5						1017.0	14.9		14.0			
2026	8	22	15	15	230.0	1.5						1017.0	14.9		13.8			
2026	8	22	15	0	210.0	1.5						1017.0	14.7		13.6		1.0	
2026	8	22	14	45	240.0	1.0						1016.0	14.7		13.8			
2026	8	22	14	30	210.0	2.1						1016.0	14.7		13.6			
2026	8	22	14	15	170.0	2.1						1016.0	14.6		13.7			
2026	8	22	14	0	180.0	2.1						1016.0	14.5		13.6		0.0	
2026	8	22	13	45	190.0	2.6						1016.0	14.4		13.5			
2026	8	22	13	30	190.0	2.1						1016.0	14.3		13.5			
2026	8	22	13	15	170.0	2.1						1016.0	14.2		13.4			
2026	8	22	13	0	170.0	2.6						1016.0	14.0		13.4		1.0	
2026	8	22	12	45	150.0	1.5						1016.0	13.8		13.2			
2026	8	22	12	30	150.0	1.5						1016.0	13.7		13.1			
2026	8	22	12	15	140.0	1.5						1016.0	13.6		13.0			
2026	8	22	12	0	130.0	1.5						1016.0	13.3		12.7		-0.0	
2026	8	22	11	45	120.0	1.5						1015.0	13.0		12.4			
2026	8	22	11	30	120.0	1.5						1015.0	13.0		12.4			
2026	8	22	11	15	120.0	1.5						1016.0	13.0		12.4			
2026	8	22	11	0	130.0	1.5						1016.0	12.8		12.3		1.0	
2026	8	22	10	45	130.0	1.5						1015.0	12.5		11.9			
2026	8	22	10	30	150.0	2.1						1015.0	12.6		12.0			
2026	8	22	10	15	130.0	1.0						1015.0	12.5		11.9			
2026	8	22	10	0	110.0	1.0						1015.0	12.7		12.1		0.0	
2026	8	22	9	45	130.0	1.0						1015.0	12.7		12.1			
2026	8	22	9	30		0.0						1015.0	12.7		12.1			
2026	8	22	9	15	180.0	1.0						1016.0	12.4		11.9			
2026	8	22	9	0	130.0	1.5						1016.0	12.0		11.4		1.0	
2026	8	22	8	45	120.0	1.5						1016.0	12.3		11.5			
2026	8	22	8	30	140.0	1.0						1015.0	13.0		11.9			
2026	8	22	8	15	170.0	1.0						1016.0	13.6		12.5			
2026	8	22	8	0	200.0	1.0						1015.0	13.6		12.5		0.0	
2026	8	22	7	45	200.0	1.0						1015.0	13.5		12.4			
2026	8	22	7	30	210.0	2.1						1016.0	13.8		12.5			
2026	8	22	7	15	200.0	1.5						1015.0	14.2		12.8			
2026	8	22	7	0	190.0	1.0						1015.0	14.4		13.0		1.0	
2026	8	22	6	45	120.0	1.0						1015.0	14.4		12.8			
2026	8	22	6	30	230.0	1.5						1015.0	15.7		13.2			
2026	8	22	6	15	240.0	2.1						1015.0	16.1		13.4			
2026	8	22	6	0	230.0	2.1						1015.0	16.5		13.7		1.0	
2026	8	22	5	45	260.0	2.6						1015.0	17.1		13.9			
2026	8	22	5	30	220.0	1.5						1015.0	17.3		14.1			
2026	8	22	5	15	170.0	1.0						1015.0	17.8		14.4			
2026	8	22	5	0	200.0	2.1						1015.0	18.3		14.3		2.0	
2026	8	22	4	45	220.0	1.5						1014.0	18.4		14.4			
2026	8	22	4	30	170.0	1.0						1014.0	18.6		14.4			
2026	8	22	4	15	170.0	1.0						1014.0	18.9		14.5			
2026	8	22	4	0	170.0	1.5						1014.0	19.2		14.3		1.0	
2026	8	22	3	45	160.0	1.0						1014.0	19.2		14.3			
2026	8	22	3	30	210.0	1.5						1014.0	19.6		13.9			
2026	8	22	3	15	190.0	2.6						1014.0	20.1		13.9			
2026	8	22	3	0	180.0	2.6						1014.0	20.6		13.9		1.0	
2026	8	22	2	45	200.0	2.1						1014.0	20.7		13.8			
2026	8	22	2	30	230.0	2.1						1013.0	20.8		14.1			
2026	8	22	2	15	240.0	2.6						1013.0	20.7		14.2			
2026	8	22	2	0	260.0	2.1						1013.0	21.4		14.7		1.0	
2026	8	22	1	45	230.0	1.5						1013.0	22.4		14.7			
2026	8	22	1	30	180.0	3.1						1013.0	22.5		14.8			
2026	8	22	1	15	190.0	2.6						1013.0	22.4		14.7			
2026	8	22	1	0	230.0	2.6						1013.0	22.8		15.0		-0.0	
2026	8	22	0	45	240.0	3.1						1013.0	23.3		15.0			
2026	8	22	0	30	220.0	2.6						1013.0	23.4		15.1			
2026	8	22	0	15	220.0	2.6						1013.0	23.1		15.1			
2026	8	22	0	0	220.0	3.6						1013.0	23.0		15.2		-0.0	
2026	8	21	23	45	220.0	3.1						1013.0	23.0		15.2			
2026	8	21	23	30	240.0	3.1						1012.0	22.9		15.4			
2026	8	21	23	15	240.0	2.6						1013.0	22.7		15.9			
2026	8	21	23	0	330.0	2.1						1012.0	21.6		16.4		-2.0	
2026	8	21	22	45	330.0	2.6						1012.0	21.9		16.7			
2026	8	21	22	30	340.0	3.6						1012.0	22.5		16.7			
2026	8	21	22	15	340.0	3.6						1013.0	22.4		16.8			
2026	8	21	22	0	340.0	3.1						1013.0	22.5		16.7		-2.0	
2026	8	21	21	45	350.0	3.6						1013.0	22.3		16.7			
2026	8	21	21	30	350.0	3.6						1013.0	21.7		17.0			
2026	8	21	21	15	350.0	4.1						1013.0	21.8		16.8			
2026	8	21	21	0	350.0	4.6						1013.0	21.6		16.9		-2.0	
2026	8	21	20	45	350.0	5.1						1013.0	20.9		16.8			
2026	8	21	20	30	350.0	5.7						1014.0	21.1		17.0			
2026	8	21	20	15	340.0	5.7						1014.0	21.1		17.4			
2026	8	21	20	0	350.0	6.2						1014.0	20.9		17.4		-1.0	
2026	8	21	19	45	350.0	5.7						1014.0	20.7		17.6			
2026	8	21	19	30	340.0	5.7						1014.0	20.3		17.6			
2026	8	21	19	15	340.0	5.7						1015.0	20.3		17.7			
2026	8	21	19	0	340.0	5.7						1015.0	20.2		17.7		0.0	
2026	8	21	18	45	340.0	5.7						1015.0	20.1		17.7			
2026	8	21	18	30	340.0	5.7						1015.0	20.2		17.8			
2026	8	21	18	15	340.0	5.1						1015.0	19.7		17.5			
2026	8	21	18	0	340.0	4.6						1015.0	19.4		17.4		0.0	
2026	8	21	17	45	340.0	4.6						1015.0	19.4		17.4			
2026	8	21	17	30	340.0	4.6						1015.0	19.5		17.3			
2026	8	21	17	15	340.0	4.1						1015.0	19.3		17.1			
2026	8	21	17	0	340.0	3.6						1015.0	19.1		17.1		0.0	
2026	8	21	16	45	330.0	3.6						1015.0	18.9		16.7			
2026	8	21	16	30	340.0	3.1						1015.0	18.6		16.4			
2026	8	21	16	15	320.0	2.6						1015.0	18.5		16.3			
2026	8	21	16	0	320.0	2.1						1015.0	18.3		16.3		0.0	
2026	8	21	15	45	320.0	1.5						1015.0	17.8		16.0			
2026	8	21	15	30	310.0	0.5						1015.0	17.5		16.0			
2026	8	21	15	15	270.0	0.5						1015.0	16.3		15.3			
2026	8	21	15	0		0.0						1015.0	15.5		15.0		0.0	
2026	8	21	14	45	80.0	1.0						1015.0	14.4		14.1			
2026	8	21	14	30		0.0						1015.0	13.2		13.0			
2026	8	21	14	15	120.0	0.5						1015.0	12.2		12.0			
2026	8	21	14	0		0.0						1015.0	11.9		11.7		0.0	
2026	8	21	13	45		0.0						1015.0	10.9		10.6			
2026	8	21	13	30		0.0						1015.0	10.6		10.3			
2026	8	21	13	15		0.0						1015.0	10.8		10.5			
2026	8	21	13	0	30.0	1.0						1015.0	11.0		10.7		0.0	
2026	8	21	12	45	60.0	1.0						1015.0	11.0		10.7			
2026	8	21	12	30		0.0						1015.0	11.2		10.9			
2026	8	21	12	15		0.0						1015.0	10.6		10.3			
2026	8	21	12	0		0.0						1015.0	10.8		10.5		0.0	
2026	8	21	11	45		0.0						1015.0	11.2		10.9			
2026	8	21	11	30	50.0	0.5						1015.0	10.6		10.3			
2026	8	21	11	15	170.0	0.5						1015.0	10.7		10.2			
2026	8	21	11	0	180.0	0.5						1015.0	11.5		11.2		0.0	
2026	8	21	10	45		0.0						1015.0	11.2		10.9			
2026	8	21	10	30		0.0						1015.0	10.3		9.9			
2026	8	21	10	15	100.0	0.5						1015.0	10.5		10.1			
2026	8	21	10	0	90.0	1.0						1015.0	11.1		10.8		1.0	
2026	8	21	9	45	90.0	1.0						1015.0	10.6		10.1			
2026	8	21	9	30	130.0	1.0						1015.0	11.1		10.6			
2026	8	21	9	15	110.0	0.5						1015.0	11.8		11.3			
2026	8	21	9	0		0.0						1015.0	11.3		10.7		1.0	
2026	8	21	8	45	150.0	1.0						1014.0	11.3		10.5			
2026	8	21	8	30		0.0						1014.0	11.5		10.7			
2026	8	21	8	15	60.0	0.5						1014.0	11.7		10.9			
2026	8	21	8	0	60.0	0.5						1015.0	12.0		11.1		1.0	
2026	8	21	7	45	10.0	0.5						1015.0	12.2		11.4			
2026	8	21	7	30		0.0						1015.0	12.3		11.4			
2026	8	21	7	15	50.0	0.5						1014.0	12.7		11.8			
2026	8	21	7	0	50.0	0.5						1014.0	12.9		12.0		0.0	
2026	8	21	6	45	70.0	1.0						1014.0	12.6		11.7			
2026	8	21	6	30	120.0	1.5						1014.0	12.6		11.2			
2026	8	21	6	15	90.0	0.5						1014.0	14.3		12.5			
2026	8	21	6	0		0.0						1014.0	14.4		12.8		1.0	
2026	8	21	5	45		0.0						1014.0	14.5		12.9			
2026	8	21	5	30		0.0						1014.0	14.9		12.4			
2026	8	21	5	15	50.0	0.5						1014.0	16.3		13.8			
2026	8	21	5	0	30.0	0.5						1014.0	16.7		14.4		1.0	
2026	8	21	4	45	350.0	1.5						1014.0	17.7		14.6			
2026	8	21	4	30	330.0	2.1						1014.0	17.9		14.8			
2026	8	21	4	15	340.0	2.1						1014.0	18.3		15.2			
2026	8	21	4	0	30.0	1.0						1014.0	18.3		14.5		1.0	
2026	8	21	3	45	330.0	2.1						1013.0	19.1		15.1			
2026	8	21	3	30	350.0	2.1						1013.0	19.3		15.4			
2026	8	21	3	15	350.0	2.6						1013.0	19.6		15.3			
2026	8	21	3	0	340.0	2.6						1013.0	20.0		15.5		-1.0	
2026	8	21	2	45	350.0	3.1						1013.0	20.5		15.4			
2026	8	21	2	30	350.0	3.6						1013.0	20.6		15.7			
2026	8	21	2	15	350.0	3.6						1013.0	20.5		16.0			
2026	8	21	2	0	350.0	3.6						1013.0	20.5		15.8		-1.0	
2026	8	21	1	45	340.0	3.6						1013.0	20.7		16.0			
2026	8	21	1	30	340.0	4.6						1013.0	20.8		15.9			
2026	8	21	1	15	340.0	5.1						1013.0	20.7		15.8			
2026	8	21	1	0	340.0	5.1						1013.0	20.8		15.9		-2.0	
2026	8	21	0	45	340.0	5.7						1013.0	20.8		15.9			
2026	8	21	0	30	350.0	5.1						1014.0	21.0		16.1			
2026	8	21	0	15	340.0	5.1						1014.0	21.0		15.9			
2026	8	21	0	0	340.0	5.1						1014.0	21.1		16.2		-1.0	
2026	8	20	23	45	340.0	5.7						1014.0	21.2		16.1			
2026	8	20	23	30	350.0	5.1						1014.0	21.3		16.4			
2026	8	20	23	15	350.0	5.7						1014.0	21.1		16.0			
2026	8	20	23	0	350.0	5.1						1014.0	21.1		16.2		-1.0	
2026	8	20	22	45	350.0	5.1						1014.0	20.9		16.4			
2026	8	20	22	30	340.0	5.1						1014.0	20.5		16.4			
2026	8	20	22	15	350.0	5.7						1015.0	20.5		16.4			
2026	8	20	22	0	350.0	5.1						1015.0	20.6		16.5		-1.0	
2026	8	20	21	45	340.0	5.7						1015.0	20.3		16.4			
2026	8	20	21	30	340.0	5.7						1015.0	20.0		16.5			
2026	8	20	21	15	350.0	6.2						1015.0	20.1		16.6			
2026	8	20	21	0	350.0	6.2						1015.0	19.9		16.4		-1.0	
2026	8	20	20	45	350.0	6.2						1015.0	19.9		16.6			
2026	8	20	20	30	340.0	6.2						1015.0	19.7		16.4			
2026	8	20	20	15	340.0	6.2						1015.0	19.8		16.5			
2026	8	20	20	0	350.0	5.7						1015.0	19.9		16.6		-1.0	
2026	8	20	19	45	350.0	5.7						1016.0	19.6		16.5			
2026	8	20	19	30	350.0	5.7						1016.0	19.4		16.5			
2026	8	20	19	15	340.0	6.2						1016.0	19.2		16.3			
2026	8	20	19	0	340.0	5.7						1016.0	19.1		16.4		0.0	
2026	8	20	18	45	340.0	5.7						1016.0	18.9		16.2			
2026	8	20	18	30	340.0	5.1						1016.0	18.6		16.3			
2026	8	20	18	15	340.0	4.6						1016.0	18.4		16.4			
2026	8	20	18	0	340.0	4.1						1016.0	18.3		16.5		0.0	
2026	8	20	17	45	350.0	4.1						1016.0	18.0		16.4			
2026	8	20	17	30	340.0	3.6						1016.0	17.9		16.1			
2026	8	20	17	15	330.0	3.1						1016.0	17.7		15.9			
2026	8	20	17	0	340.0	2.6						1016.0	17.6		16.0		1.0	
2026	8	20	16	45	340.0	2.6						1016.0	17.5		15.9			
2026	8	20	16	30	330.0	2.1						1016.0	17.0		15.4			
2026	8	20	16	15	330.0	1.0						1016.0	16.4		15.0			
2026	8	20	16	0		0.0						1016.0	15.7		14.8		1.0	
2026	8	20	15	45		0.0						1016.0	15.1		14.5			
2026	8	20	15	30		0.0						1016.0	14.4		14.1			
2026	8	20	15	15	170.0	0.5						1016.0	13.8		13.5			
2026	8	20	15	0	160.0	0.5						1016.0	13.2		12.9		1.0	
2026	8	20	14	45		0.0						1016.0	13.1		12.9			
2026	8	20	14	30		0.0						1016.0	12.3		12.1			
2026	8	20	14	15		0.0						1016.0	11.5		11.4			
2026	8	20	14	0	60.0	0.5						1015.0	10.2		10.1		0.0	
2026	8	20	13	45		0.0						1015.0	9.5		9.4			
2026	8	20	13	30	120.0	0.5						1015.0	9.3		9.0			
2026	8	20	13	15	60.0	0.5						1015.0	9.7		9.4			
2026	8	20	13	0	70.0	0.5						1015.0	9.9		9.8		0.0	
2026	8	20	12	45	80.0	0.5						1015.0	9.6		9.5			
2026	8	20	12	30	130.0	0.5						1015.0	9.4		9.1			
2026	8	20	12	15	140.0	0.5						1015.0	9.8		9.5			
2026	8	20	12	0	130.0	0.5						1015.0	9.6		9.3		0.0	
2026	8	20	11	45	170.0	0.5						1015.0	9.8		9.5			
2026	8	20	11	30	160.0	1.0						1015.0	9.7		9.3			
2026	8	20	11	15	140.0	1.0						1015.0	10.1		9.7			
2026	8	20	11	0	30.0	1.0						1015.0	11.0		10.7		0.0	
2026	8	20	10	45	30.0	1.0						1015.0	10.9		10.6			
2026	8	20	10	30	90.0	1.0						1015.0	10.6		10.3			
2026	8	20	10	15	110.0	1.0						1015.0	9.9		9.3			
2026	8	20	10	0	140.0	1.0						1015.0	11.4		10.9		0.0	
2026	8	20	9	45		0.0						1015.0	11.4		10.9			
2026	8	20	9	30		0.0						1015.0	11.3		10.7			
2026	8	20	9	15	140.0	1.0						1015.0	11.0		10.2			
2026	8	20	9	0		0.0						1015.0	11.2		10.4		0.0	
2026	8	20	8	45	70.0	1.0						1015.0	11.3		10.7			
2026	8	20	8	30	80.0	0.5						1015.0	11.5		10.9			
2026	8	20	8	15	100.0	0.5						1015.0	11.4		10.8			
2026	8	20	8	0	120.0	1.0						1015.0	11.6		10.8		0.0	
2026	8	20	7	45		0.0						1015.0	11.9		11.0			
2026	8	20	7	30		0.0						1015.0	12.0		11.1			
2026	8	20	7	15		0.0						1015.0	12.2		11.1			
2026	8	20	7	0	40.0	1.0						1015.0	12.7		11.6		0.0	
2026	8	20	6	45	50.0	1.0						1015.0	13.0		11.9			
2026	8	20	6	30	80.0	0.5						1015.0	13.1		11.8			
2026	8	20	6	15		0.0						1015.0	13.4		12.0			
2026	8	20	6	0	150.0	0.5						1015.0	13.3		11.9		1.0	
2026	8	20	5	45	120.0	1.0						1015.0	13.4		12.0			
2026	8	20	5	30	120.0	1.5						1015.0	13.6		12.0			
2026	8	20	5	15	120.0	1.0						1015.0	13.6		12.2			
2026	8	20	5	0	130.0	1.5						1015.0	14.1		12.5		-0.0	
2026	8	20	4	45	120.0	1.5						1015.0	15.1		12.8			
2026	8	20	4	30	170.0	1.5						1015.0	16.4		13.2			
2026	8	20	4	15	310.0	2.1						1015.0	16.9		14.2			
2026	8	20	4	0	350.0	2.6						1015.0	17.1		14.2		-0.0	
2026	8	20	3	45	340.0	2.6						1015.0	17.4		14.4			
2026	8	20	3	30	340.0	2.1						1015.0	17.7		14.3			
2026	8	20	3	15	350.0	2.6						1014.0	17.8		14.9			
2026	8	20	3	0	350.0	3.1						1014.0	17.9		15.4		-1.0	
2026	8	20	2	45	350.0	3.6						1014.0	18.1		15.4			
2026	8	20	2	30	340.0	4.1						1014.0	18.3		15.4			
2026	8	20	2	15	340.0	4.6						1014.0	18.7		15.6			
2026	8	20	2	0	350.0	4.6						1015.0	19.0		15.5		-1.0	
2026	8	20	1	45	350.0	4.6						1015.0	19.6		15.3			
2026	8	20	1	30	350.0	4.6						1015.0	19.6		15.3			
2026	8	20	1	15	350.0	5.1						1015.0	19.5		15.0			
2026	8	20	1	0	340.0	5.1						1015.0	19.6		15.1		-1.0	
2026	8	20	0	45	330.0	4.6						1015.0	20.0		15.5			
2026	8	20	0	30	340.0	4.6						1015.0	19.8		15.7			
2026	8	20	0	15	340.0	4.6						1015.0	20.1		16.2			
2026	8	20	0	0	340.0	5.1						1015.0	20.6		16.1		-2.0	
2026	8	19	23	45	340.0	5.1						1015.0	20.6		15.7			
2026	8	19	23	30	340.0	5.7						1016.0	20.2		15.5			
2026	8	19	23	15	340.0	5.1						1016.0	20.1		15.6			
2026	8	19	23	0	350.0	5.7						1016.0	19.9		15.6		-1.0	
2026	8	19	22	45	340.0	5.7						1016.0	19.6		15.7			
2026	8	19	22	30	350.0	5.7						1016.0	19.5		15.6			
2026	8	19	22	15	350.0	5.7						1016.0	19.5		15.4			
2026	8	19	22	0	340.0	5.7						1016.0	19.9		15.4		-2.0	
2026	8	19	21	45	340.0	5.1						1017.0	19.8		15.1			
2026	8	19	21	30	340.0	4.1						1017.0	19.9		15.4			
2026	8	19	21	15	340.0	3.6						1017.0	19.7		15.0			
2026	8	19	21	0	330.0	4.6						1017.0	19.2		14.7		-1.0	
2026	8	19	20	45	330.0	4.1						1017.0	18.7		14.7			
2026	8	19	20	30	330.0	4.1						1017.0	18.5		14.5			
2026	8	19	20	15	340.0	4.1						1017.0	18.2		14.4			
2026	8	19	20	0	340.0	4.6						1017.0	18.1		14.3		-1.0	
2026	8	19	19	45	330.0	5.1						1018.0	17.3		13.9			
2026	8	19	19	30	330.0	4.6						1018.0	17.5		13.7			
2026	8	19	19	15	330.0	5.1						1018.0	17.1		13.5			
2026	8	19	19	0	330.0	4.6						1018.0	16.8		13.4		-1.0	
2026	8	19	18	45	330.0	4.1						1018.0	16.8		13.6			
2026	8	19	18	30	320.0	3.1						1018.0	17.0		13.8			
2026	8	19	18	15	330.0	4.1						1018.0	16.1		13.3			
2026	8	19	18	0	330.0	4.1						1018.0	16.2		13.4		-1.0	
2026	8	19	17	45	340.0	3.6						1018.0	16.2		13.5			
2026	8	19	17	30	340.0	3.1						1018.0	16.5		13.7			
2026	8	19	17	15	340.0	2.6						1018.0	16.3		13.3			
2026	8	19	17	0	330.0	1.5						1018.0	16.4		13.4		0.0	
2026	8	19	16	45	330.0	1.0						1018.0	16.0		13.3			
2026	8	19	16	30	330.0	1.0						1019.0	15.7		13.2			
2026	8	19	16	15		0.0						1019.0	16.2		13.2			
2026	8	19	16	0	180.0	0.5						1019.0	15.8		13.0		1.0	
2026	8	19	15	45	190.0	0.5						1019.0	15.3		12.8			
2026	8	19	15	30	180.0	0.5						1019.0	14.6		12.7			
2026	8	19	15	15	190.0	1.0						1019.0	13.8		12.4			
2026	8	19	15	0	220.0	1.0						1019.0	13.1		12.2		1.0	
2026	8	19	14	45	210.0	1.5						1019.0	12.7		12.2			
2026	8	19	14	30	200.0	2.1						1019.0	12.2		11.9			
2026	8	19	14	15	210.0	2.6						1018.0	12.2		11.9			
2026	8	19	14	0	230.0	2.1						1018.0	12.1		11.8		0.0	
2026	8	19	13	45	230.0	2.1						1018.0	11.8		11.5			
2026	8	19	13	30	220.0	2.1						1018.0	11.5		11.2			
2026	8	19	13	15	220.0	2.1						1018.0	11.4		11.1			
2026	8	19	13	0	160.0	1.0						1018.0	11.1		10.8		0.0	
2026	8	19	12	45	130.0	1.0						1018.0	11.0		10.7			
2026	8	19	12	30	110.0	0.5						1018.0	10.8		10.5			
2026	8	19	12	15	130.0	1.0						1018.0	10.9		10.6			
2026	8	19	12	0	130.0	1.5						1018.0	10.9		10.6		0.0	
2026	8	19	11	45	160.0	1.5						1018.0	11.1		10.8			
2026	8	19	11	30	150.0	1.5						1018.0	10.8		10.3			
2026	8	19	11	15	140.0	1.5						1018.0	11.1		10.6			
2026	8	19	11	0	170.0	2.1						1018.0	11.7		11.1		0.0	
2026	8	19	10	45	170.0	1.5						1018.0	11.6		11.1			
2026	8	19	10	30	150.0	1.0						1018.0	11.4		10.9			
2026	8	19	10	15	150.0	1.5						1018.0	11.4		10.9			
2026	8	19	10	0	130.0	1.5						1018.0	11.3		10.8		0.0	
2026	8	19	9	45	140.0	1.5						1018.0	11.4		10.9			
2026	8	19	9	30	130.0	1.0						1018.0	11.6		11.0			
2026	8	19	9	15	140.0	1.0						1018.0	12.1		11.5			
2026	8	19	9	0	140.0	1.5						1018.0	12.3		11.5		0.0	
2026	8	19	8	45	120.0	1.5						1018.0	12.7		11.8			
2026	8	19	8	30	140.0	1.5						1018.0	12.9		12.0			
2026	8	19	8	15	160.0	2.6						1018.0	13.2		12.3			
2026	8	19	8	0	140.0	2.1						1018.0	13.4		12.3		0.0	
2026	8	19	7	45	150.0	2.1						1018.0	13.2		12.1			
2026	8	19	7	30	140.0	1.5						1018.0	13.8		12.5			
2026	8	19	7	15	170.0	2.1						1018.0	14.1		12.7			
2026	8	19	7	0	180.0	2.1						1018.0	13.9		12.6		0.0	
2026	8	19	6	45	160.0	2.6						1018.0	13.6		12.5			
2026	8	19	6	30	160.0	2.6						1018.0	13.6		12.5			
2026	8	19	6	15	150.0	2.1						1018.0	13.7		12.4			
2026	8	19	6	0	150.0	1.5						1018.0	13.5		12.4		1.0	
2026	8	19	5	45	150.0	1.5						1018.0	13.3		12.0			
2026	8	19	5	30	120.0	1.5						1018.0	13.6		12.2			
2026	8	19	5	15	120.0	1.5						1018.0	13.7		12.1			
2026	8	19	5	0	130.0	1.5						1018.0	14.0		12.4		1.0	
2026	8	19	4	45	140.0	1.0						1018.0	14.6		12.7			
2026	8	19	4	30	130.0	1.5						1018.0	14.8		12.9			
2026	8	19	4	15	140.0	1.5						1018.0	15.3		13.0			
2026	8	19	4	0	140.0	1.5						1018.0	16.1		13.4		-0.0	
2026	8	19	3	45	160.0	1.5						1018.0	17.2		14.0			
2026	8	19	3	30		0.0						1017.0	17.9		14.3			
2026	8	19	3	15	350.0	0.5						1017.0	18.0		14.2			
2026	8	19	3	0	340.0	1.5						1017.0	18.4		14.4		-1.0	
2026	8	19	2	45	320.0	1.5						1017.0	19.7		14.6			
2026	8	19	2	30	240.0	1.0						1017.0	20.7		14.0			
2026	8	19	2	15	290.0	1.5						1017.0	20.7		14.9			
2026	8	19	2	0	320.0	1.5						1017.0	20.8		16.1		-2.0	
2026	8	19	1	45	320.0	1.5						1017.0	21.4		16.3			
2026	8	19	1	30	330.0	2.1						1018.0	21.5		15.9			
2026	8	19	1	15	330.0	2.6						1018.0	21.6		15.8			
2026	8	19	1	0	340.0	3.1						1018.0	21.0		15.6		-1.0	
2026	8	19	0	45	340.0	3.6						1018.0	21.0		15.4			
2026	8	19	0	30	340.0	3.6						1018.0	21.4		15.1			
2026	8	19	0	15	330.0	3.1						1018.0	21.9		15.2			
2026	8	19	0	0	340.0	3.6						1018.0	21.8		15.3		-1.0	
2026	8	18	23	45	340.0	3.6						1018.0	21.5		15.2			
2026	8	18	23	30	340.0	4.1						1018.0	21.3		15.5			
2026	8	18	23	15	330.0	4.1						1019.0	21.2		15.6			
2026	8	18	23	0	340.0	4.1						1019.0	21.4		15.6		0.0	
2026	8	18	22	45	340.0	3.6						1019.0	21.4		15.6			
2026	8	18	22	30	330.0	4.6						1019.0	20.9		15.3			
2026	8	18	22	15	330.0	4.6						1019.0	20.7		15.4			
2026	8	18	22	0	340.0	4.6						1019.0	20.2		15.3		-1.0	
2026	8	18	21	45	330.0	4.6						1019.0	20.1		15.2			
2026	8	18	21	30	330.0	4.6						1019.0	19.9		15.0			
2026	8	18	21	15	330.0	4.6						1019.0	19.9		14.8			
2026	8	18	21	0	330.0	4.6						1019.0	20.0		14.9		-1.0	
2026	8	18	20	45	330.0	4.1						1019.0	19.7		14.8			
2026	8	18	20	30	330.0	4.1						1019.0	19.7		14.6			
2026	8	18	20	15	330.0	3.6						1019.0	19.3		14.4			
2026	8	18	20	0	330.0	4.1						1019.0	18.9		14.3		-1.0	
2026	8	18	19	45	330.0	4.1						1019.0	18.7		14.3			
2026	8	18	19	30	330.0	4.1						1019.0	18.7		14.3			
2026	8	18	19	15	330.0	4.1						1020.0	18.3		14.1			
2026	8	18	19	0	330.0	3.6						1020.0	18.1		13.9		0.0	
2026	8	18	18	45	320.0	3.6						1020.0	17.4		13.6			
2026	8	18	18	30	330.0	2.6						1020.0	17.6		13.8			
2026	8	18	18	15	340.0	3.1						1020.0	17.0		13.6			
2026	8	18	18	0	340.0	3.1						1020.0	16.6		13.4		0.0	
2026	8	18	17	45	340.0	3.1						1020.0	16.2		13.2			
2026	8	18	17	30	340.0	3.6						1020.0	16.1		13.3			
2026	8	18	17	15	340.0	3.6						1020.0	16.9		13.9			
2026	8	18	17	0	340.0	3.1						1020.0	16.8		13.8		0.0	
2026	8	18	16	45	320.0	2.6						1020.0	17.2		13.8			
2026	8	18	16	30	230.0	1.0						1020.0	17.8		13.6			
2026	8	18	16	15	190.0	0.5						1020.0	17.3		13.5			
2026	8	18	16	0	200.0	0.5						1020.0	16.7		13.3		1.0	
2026	8	18	15	45	190.0	1.0						1020.0	16.0		13.0			
2026	8	18	15	30	160.0	0.5						1020.0	15.4		12.8			
2026	8	18	15	15	150.0	0.5						1020.0	14.7		12.8			
2026	8	18	15	0	130.0	1.0						1020.0	14.1		12.3		1.0	
2026	8	18	14	45		0.0						1020.0	13.6		12.3			
2026	8	18	14	30	110.0	0.5						1020.0	12.9		12.1			
2026	8	18	14	15		0.0						1020.0	12.5		11.9			
2026	8	18	14	0		0.0						1020.0	11.8		11.2		1.0	
2026	8	18	13	45		0.0						1020.0	11.8		11.2			
2026	8	18	13	30	180.0	1.0						1020.0	11.9		11.3			
2026	8	18	13	15	120.0	0.5						1020.0	12.0		11.5			
2026	8	18	13	0	110.0	0.5						1019.0	11.7		11.2		0.0	
2026	8	18	12	45	120.0	1.5						1019.0	11.7		11.1			
2026	8	18	12	30	130.0	1.0						1019.0	12.0		11.2			
2026	8	18	12	15	160.0	1.0						1019.0	12.4		11.5			
2026	8	18	12	0	120.0	0.5						1019.0	12.9		11.8		0.0	
2026	8	18	11	45		0.0						1019.0	13.3		12.2			
2026	8	18	11	30		0.0						1019.0	13.1		12.2			
2026	8	18	11	15		0.0						1019.0	13.0		12.1			
2026	8	18	11	0	130.0	1.0						1019.0	12.8		12.0		1.0	
2026	8	18	10	45	150.0	1.0						1019.0	12.8		12.0			
2026	8	18	10	30	160.0	1.0						1019.0	12.7		11.9			
2026	8	18	10	15	140.0	1.0						1019.0	12.7		11.9			
2026	8	18	10	0	110.0	1.0						1019.0	12.6		11.8		1.0	
2026	8	18	9	45	130.0	2.1						1019.0	12.6		11.8			
2026	8	18	9	30	120.0	2.1						1019.0	12.6		11.7			
2026	8	18	9	15	130.0	2.1						1019.0	12.9		12.0			
2026	8	18	9	0	140.0	2.6						1019.0	13.1		12.2		1.0	
2026	8	18	8	45	150.0	2.6						1019.0	13.1		12.0			
2026	8	18	8	30	150.0	2.1						1019.0	12.9		11.8			
2026	8	18	8	15	140.0	2.1						1019.0	12.8		11.7			
2026	8	18	8	0	120.0	1.5						1018.0	12.8		11.7		0.0	
2026	8	18	7	45	130.0	1.5						1018.0	12.6		11.5			
2026	8	18	7	30	110.0	1.5						1018.0	12.6		11.5			
2026	8	18	7	15	130.0	1.5						1018.0	13.0		11.7			
2026	8	18	7	0	140.0	1.5						1018.0	13.3		12.0		0.0	
2026	8	18	6	45	130.0	1.5						1018.0	13.3		11.9			
2026	8	18	6	30	130.0	1.5						1018.0	13.6		12.2			
2026	8	18	6	15	140.0	1.5						1018.0	13.8		12.4			
2026	8	18	6	0	140.0	2.1						1018.0	13.8		12.5		0.0	
2026	8	18	5	45	140.0	1.5						1018.0	14.0		12.7			
2026	8	18	5	30	130.0	1.5						1018.0	14.2		12.8			
2026	8	18	5	15	130.0	1.0						1018.0	14.7		13.1			
2026	8	18	5	0	160.0	1.5						1018.0	15.3		13.2		0.0	
2026	8	18	4	45	160.0	1.5						1018.0	15.6		13.7			
2026	8	18	4	30	170.0	1.0						1018.0	16.0		13.9			
2026	8	18	4	15		0.0						1018.0	16.2		13.9			
2026	8	18	4	0	300.0	0.5						1018.0	16.3		14.0		0.0	
2026	8	18	3	45	300.0	1.0						1018.0	16.5		14.0			
2026	8	18	3	30	340.0	1.5						1018.0	16.8		14.1			
2026	8	18	3	15		0.0						1018.0	17.5		13.7			
2026	8	18	3	0		0.0						1018.0	17.8		13.6		0.0	
2026	8	18	2	45	250.0	0.5						1018.0	18.1		13.5			
2026	8	18	2	30	260.0	1.0						1018.0	18.6		13.8			
2026	8	18	2	15	250.0	1.5						1018.0	19.2		13.9			
2026	8	18	2	0	210.0	1.5						1018.0	19.7		14.0		0.0	
2026	8	18	1	45	270.0	2.1						1018.0	20.1		14.1			
2026	8	18	1	30	260.0	2.6						1018.0	20.7		14.0			
2026	8	18	1	15	250.0	2.1						1018.0	21.4		14.2			
2026	8	18	1	0	320.0	1.5						1018.0	20.8		15.2		-1.0	
2026	8	18	0	45	340.0	2.6						1018.0	20.0		15.3			
2026	8	18	0	30	340.0	3.1						1018.0	19.9		15.0			
2026	8	18	0	15	340.0	2.6						1018.0	20.2		14.7			
2026	8	18	0	0	340.0	2.6						1018.0	20.0		14.5		-2.0	
2026	8	17	23	45	330.0	3.1						1018.0	19.9		14.6			
2026	8	17	23	30	330.0	4.1						1018.0	19.7		14.4			
2026	8	17	23	15	340.0	5.1						1018.0	19.3		14.6			
2026	8	17	23	0	340.0	4.6						1018.0	19.4		14.7		-2.0	
2026	8	17	22	45	330.0	3.6						1019.0	19.5		14.8			
2026	8	17	22	30	340.0	4.1						1019.0	19.0		14.6			
2026	8	17	22	15	340.0	4.1						1019.0	18.8		14.8			
2026	8	17	22	0	340.0	4.6						1019.0	18.5		14.7		-2.0	
2026	8	17	21	45	330.0	4.1						1019.0	18.7		14.7			
2026	8	17	21	30	330.0	4.6						1019.0	18.4		14.4			
2026	8	17	21	15	330.0	4.6						1019.0	18.3		14.1			
2026	8	17	21	0	330.0	4.6						1020.0	18.2		14.2		-1.0	
2026	8	17	20	45	340.0	3.1						1020.0	18.5		14.5			
2026	8	17	20	30	330.0	3.1						1020.0	17.9		14.1			
2026	8	17	20	15	330.0	3.6						1020.0	17.4		13.8			
2026	8	17	20	0	330.0	3.6						1020.0	17.8		14.0		-1.0	
2026	8	17	19	45	330.0	3.1						1020.0	17.8		14.0			
2026	8	17	19	30	330.0	3.1						1020.0	17.9		13.7			
2026	8	17	19	15	310.0	3.6						1020.0	17.9		13.9			
2026	8	17	19	0	310.0	3.6						1021.0	17.3		13.7		-1.0	
2026	8	17	18	45	320.0	3.1						1021.0	16.9		13.5			
2026	8	17	18	30	320.0	2.6						1021.0	16.0		13.2			
2026	8	17	18	15	270.0	1.5						1021.0	16.6		13.2			
2026	8	17	18	0	210.0	1.5						1021.0	16.3		12.9		-1.0	
2026	8	17	17	45	210.0	1.5						1021.0	15.4		12.8			
2026	8	17	17	30	200.0	2.1						1021.0	14.8		12.5			
2026	8	17	17	15	180.0	2.1						1021.0	14.2		12.3			
2026	8	17	17	0	200.0	2.1						1021.0	13.9		12.1		-1.0	
2026	8	17	16	45	170.0	2.1						1021.0	13.3		11.9			
2026	8	17	16	30	170.0	1.5						1022.0	13.2		11.9			
2026	8	17	16	15	190.0	2.1						1022.0	12.9		11.8			
2026	8	17	16	0	170.0	2.1						1022.0	12.7		11.8		0.0	
2026	8	17	15	45	190.0	2.6						1022.0	12.5		11.7			
2026	8	17	15	30	200.0	3.1						1022.0	12.4		11.6			
2026	8	17	15	15	190.0	3.1						1022.0	12.3		11.7			
2026	8	17	15	0	190.0	3.1						1022.0	12.1		11.5		0.0	
2026	8	17	14	45	190.0	3.1						1022.0	12.0		11.5			
2026	8	17	14	30	190.0	2.6						1022.0	11.9		11.4			
2026	8	17	14	15	190.0	2.6						1022.0	11.8		11.3			
2026	8	17	14	0	170.0	2.1						1022.0	11.8		11.3		1.0	
2026	8	17	13	45	180.0	2.1						1022.0	11.9		11.4			
2026	8	17	13	30	210.0	1.5						1022.0	11.8		11.2			
2026	8	17	13	15	190.0	1.5						1022.0	11.8		11.3			
2026	8	17	13	0	180.0	2.1						1022.0	11.9		11.4		1.0	
2026	8	17	12	45	230.0	1.0						1022.0	11.9		11.3			
2026	8	17	12	30	240.0	1.5						1022.0	12.0		11.4			
2026	8	17	12	15	230.0	1.5						1022.0	12.1		11.3			
2026	8	17	12	0	240.0	1.5						1022.0	12.2		11.4		-0.0	
2026	8	17	11	45	230.0	1.5						1021.0	12.2		11.4			
2026	8	17	11	30	220.0	1.5						1021.0	12.3		11.5			
2026	8	17	11	15	190.0	1.5						1021.0	12.3		11.5			
2026	8	17	11	0	170.0	2.1						1021.0	12.3		11.5		-1.0	
2026	8	17	10	45	170.0	2.6						1021.0	12.3		11.7			
2026	8	17	10	30	170.0	2.6						1021.0	12.2		11.7			
2026	8	17	10	15	170.0	2.6						1021.0	12.1		11.6			
2026	8	17	10	0	170.0	2.6						1021.0	11.9		11.6		-1.0	
2026	8	17	9	45	160.0	2.1						1021.0	11.6		11.3			
2026	8	17	9	30	140.0	2.1						1021.0	11.6		11.3			
2026	8	17	9	15	140.0	1.5						1021.0	11.8		11.3			
2026	8	17	9	0	150.0	2.1						1022.0	11.9		11.4		0.0	
2026	8	17	8	45	150.0	2.1						1022.0	11.9		11.4			
2026	8	17	8	30	150.0	2.6						1022.0	11.8		11.3			
2026	8	17	8	15	150.0	2.1						1022.0	11.9		11.3			
2026	8	17	8	0	170.0	2.6						1022.0	12.1		11.5		1.0	
2026	8	17	7	45	160.0	2.6						1022.0	12.0		11.2			
2026	8	17	7	30	160.0	2.1						1022.0	12.0		11.1			
2026	8	17	7	15	170.0	2.1						1022.0	12.4		11.3			
2026	8	17	7	0	170.0	2.1						1022.0	12.8		11.4		1.0	
2026	8	17	6	45	200.0	2.6						1021.0	13.3		11.7			
2026	8	17	6	30	190.0	2.1						1021.0	13.3		11.7			
2026	8	17	6	15	190.0	2.6						1022.0	13.5		11.7			
2026	8	17	6	0	190.0	2.6						1022.0	13.5		11.7		2.0	
2026	8	17	5	45	190.0	2.1						1022.0	13.7		11.9			
2026	8	17	5	30	180.0	2.6						1022.0	13.5		11.7			
2026	8	17	5	15	160.0	2.1						1021.0	13.6		11.8			
2026	8	17	5	0	170.0	2.1						1021.0	13.6		12.0		1.0	
2026	8	17	4	45	150.0	2.1						1021.0	13.5		12.1			
2026	8	17	4	30	140.0	1.5						1021.0	13.7		11.9			
2026	8	17	4	15	160.0	1.5						1021.0	14.4		12.3			
2026	8	17	4	0	160.0	1.5						1021.0	14.9		12.3		-0.0	
2026	8	17	3	45	150.0	1.0						1021.0	15.4		12.4			
2026	8	17	3	30		0.0						1021.0	15.9		12.3			
2026	8	17	3	15		0.0						1021.0	16.6		12.8			
2026	8	17	3	0	280.0	1.0						1020.0	17.0		12.8		-1.0	
2026	8	17	2	45	230.0	2.1						1020.0	17.5		12.7			
2026	8	17	2	30	240.0	2.6						1020.0	18.2		12.7			
2026	8	17	2	15	240.0	2.6						1020.0	19.0		13.1			
2026	8	17	2	0	250.0	2.6						1020.0	19.4		13.0		-2.0	
2026	8	17	1	45	250.0	2.6						1021.0	19.7		13.1			
2026	8	17	1	30	290.0	2.1						1021.0	19.3		13.4			
2026	8	17	1	15	340.0	2.6						1021.0	18.9		13.4			
2026	8	17	1	0	340.0	3.1						1021.0	18.8		13.5		-2.0	
2026	8	17	0	45	340.0	3.6						1021.0	18.8		13.7			
2026	8	17	0	30	330.0	3.6						1021.0	18.9		13.8			
2026	8	17	0	15	340.0	3.6						1021.0	18.8		14.2			
2026	8	17	0	0	330.0	4.1						1021.0	19.1		14.0		-2.0	
2026	8	16	23	45	340.0	3.6						1021.0	19.2		14.1			
2026	8	16	23	30	340.0	3.1						1021.0	19.2		13.9			
2026	8	16	23	15	340.0	4.1						1022.0	18.9		13.8			
2026	8	16	23	0	340.0	4.1						1022.0	18.9		13.8		-1.0	
2026	8	16	22	45	340.0	4.1						1022.0	18.9		14.0			
2026	8	16	22	30	340.0	4.1						1022.0	18.9		14.3			
2026	8	16	22	15	330.0	3.1						1022.0	19.2		14.1			
2026	8	16	22	0	320.0	3.6						1023.0	19.3		14.2		-1.0	
2026	8	16	21	45	300.0	2.1						1023.0	20.0		14.5			
2026	8	16	21	30	260.0	1.5						1023.0	19.4		13.7			
2026	8	16	21	15	280.0	1.5						1023.0	19.2		13.7			
2026	8	16	21	0	270.0	2.1						1023.0	18.7		13.6		-1.0	
2026	8	16	20	45	240.0	1.5						1023.0	18.5		13.5			
2026	8	16	20	30	250.0	2.1						1023.0	18.1		13.5			
2026	8	16	20	15	240.0	1.5						1023.0	17.9		13.3			
2026	8	16	20	0	220.0	1.5						1023.0	17.7		13.3		-1.0	
2026	8	16	19	45	250.0	1.0						1023.0	17.2		13.2			
2026	8	16	19	30	260.0	1.0						1023.0	17.1		13.3			
2026	8	16	19	15	220.0	1.5						1024.0	16.8		13.0			
2026	8	16	19	0	240.0	2.1						1024.0	16.7		12.9		0.0	
2026	8	16	18	45	250.0	1.5						1024.0	16.5		13.1			
2026	8	16	18	30	270.0	1.5						1024.0	16.2		13.0			
2026	8	16	18	15	280.0	0.5						1024.0	16.1		12.9			
2026	8	16	18	0	240.0	1.0						1024.0	15.8		12.8		0.0	
2026	8	16	17	45	250.0	1.5						1024.0	15.6		12.8			
2026	8	16	17	30	260.0	2.1						1024.0	15.3		12.7			
2026	8	16	17	15	250.0	2.6						1024.0	15.1		12.5			
2026	8	16	17	0	260.0	2.6						1024.0	15.0		12.5		1.0	
2026	8	16	16	45	280.0	2.1						1024.0	15.1		12.6			
2026	8	16	16	30	260.0	2.6						1024.0	15.0		12.5			
2026	8	16	16	15	240.0	2.6						1024.0	14.9		12.4			
2026	8	16	16	0	230.0	1.0						1024.0	14.9		12.4		1.0	
2026	8	16	15	45	230.0	0.5						1024.0	14.6		12.3			
2026	8	16	15	30	240.0	1.5						1024.0	14.5		12.2			
2026	8	16	15	15	230.0	1.5						1024.0	14.3		12.2			
2026	8	16	15	0	220.0	1.5						1024.0	14.1		12.0		1.0	
2026	8	16	14	45	180.0	1.5						1024.0	14.0		12.1			
2026	8	16	14	30	170.0	1.5						1024.0	14.0		12.1			
2026	8	16	14	15	180.0	1.5						1023.0	14.0		12.1			
2026	8	16	14	0	180.0	1.5						1023.0	13.8		12.0		0.0	
2026	8	16	13	45	180.0	1.5						1023.0	13.8		12.0			
2026	8	16	13	30	180.0	1.5						1023.0	13.7		12.1			
2026	8	16	13	15	180.0	1.5						1023.0	13.7		12.1			
2026	8	16	13	0	180.0	1.5						1023.0	13.7		12.1		1.0	
2026	8	16	12	45	170.0	2.1						1023.0	13.6		12.0			
2026	8	16	12	30	170.0	2.1						1023.0	13.6		12.0			
2026	8	16	12	15	170.0	2.1						1023.0	13.3		12.0			
2026	8	16	12	0	160.0	2.1						1023.0	12.9		11.8		1.0	
2026	8	16	11	45	150.0	1.5						1023.0	12.8		11.7			
2026	8	16	11	30	150.0	1.5						1023.0	12.8		11.7			
2026	8	16	11	15	160.0	1.5						1023.0	12.8		11.7			
2026	8	16	11	0	150.0	2.1						1023.0	12.8		11.7		1.0	
2026	8	16	10	45	160.0	1.5						1023.0	12.7		11.6			
2026	8	16	10	30	160.0	2.1						1022.0	12.4		11.5			
2026	8	16	10	15	150.0	1.5						1022.0	12.2		11.3			
2026	8	16	10	0	140.0	2.1						1022.0	12.2		11.3		1.0	
2026	8	16	9	45	150.0	2.1						1022.0	12.1		11.2			
2026	8	16	9	30	150.0	2.1						1022.0	12.2		11.3			
2026	8	16	9	15	150.0	2.1						1022.0	12.3		11.4			
2026	8	16	9	0	130.0	1.5						1022.0	11.9		11.1		1.0	
2026	8	16	8	45	130.0	1.5						1022.0	12.2		11.1			
2026	8	16	8	30	150.0	1.0						1022.0	12.6		11.4			
2026	8	16	8	15	160.0	1.0						1022.0	13.0		11.7			
2026	8	16	8	0	140.0	1.5						1022.0	12.7		11.5		1.0	
2026	8	16	7	45	150.0	1.0						1022.0	13.1		11.7			
2026	8	16	7	30	170.0	0.5						1022.0	13.2		11.6			
2026	8	16	7	15	190.0	1.0						1021.0	13.4		11.8			
2026	8	16	7	0	170.0	1.5						1021.0	13.2		11.8		0.0	
2026	8	16	6	45	180.0	1.5						1021.0	13.6		11.8			
2026	8	16	6	30	200.0	2.1						1021.0	13.7		11.9			
2026	8	16	6	15	200.0	1.5						1021.0	13.8		12.0			
2026	8	16	6	0	170.0	1.0						1021.0	13.6		11.8		1.0	
2026	8	16	5	45	160.0	0.5						1021.0	13.9		12.1			
2026	8	16	5	30	180.0	1.0						1021.0	14.3		12.2			
2026	8	16	5	15	220.0	1.0						1021.0	14.8		12.2			
2026	8	16	5	0	220.0	1.0						1021.0	15.1		12.3		1.0	
2026	8	16	4	45	200.0	1.5						1021.0	15.2		12.4			
2026	8	16	4	30	190.0	1.5						1021.0	15.5		12.5			
2026	8	16	4	15	230.0	1.5						1021.0	15.8		12.4			
2026	8	16	4	0	240.0	1.5						1021.0	15.9		12.3		1.0	
2026	8	16	3	45	280.0	1.5						1021.0	16.2		12.4			
2026	8	16	3	30	260.0	1.0						1020.0	16.9		12.5			
2026	8	16	3	15	190.0	1.0						1020.0	17.2		12.6			
2026	8	16	3	0	220.0	2.1						1020.0	17.5		12.7		1.0	
2026	8	16	2	45	230.0	2.6						1020.0	17.7		12.7			
2026	8	16	2	30	240.0	3.6						1020.0	18.0		12.8			
2026	8	16	2	15	240.0	3.6						1020.0	18.7		13.0			
2026	8	16	2	0	240.0	3.6						1020.0	19.2		13.0		-0.0	
2026	8	16	1	45	240.0	3.1						1020.0	19.5		13.1			
2026	8	16	1	30	260.0	2.6						1020.0	19.3		13.4			
2026	8	16	1	15	250.0	3.6						1020.0	19.7		13.3			
2026	8	16	1	0	250.0	3.1						1020.0	19.7		13.1		-0.0	
2026	8	16	0	45	260.0	3.6						1020.0	20.1		13.2			
2026	8	16	0	30	270.0	3.6						1019.0	20.1		13.2			
2026	8	16	0	15	250.0	3.6						1019.0	20.7		13.1			
2026	8	16	0	0	270.0	4.1						1019.0	20.9		13.7		-1.0	
2026	8	15	23	45	260.0	3.6						1019.0	21.4		14.2			
2026	8	15	23	30	210.0	2.6						1019.0	21.8		14.6			
2026	8	15	23	15	210.0	3.1						1020.0	21.7		14.7			
2026	8	15	23	0	200.0	2.6						1020.0	21.6		14.6		0.0	
2026	8	15	22	45	200.0	3.1						1020.0	21.5		14.8			
2026	8	15	22	30	200.0	2.6						1020.0	21.3		14.8			
2026	8	15	22	15	210.0	3.1						1020.0	21.3		14.8			
2026	8	15	22	0	190.0	2.6						1020.0	20.9		14.9		0.0	
2026	8	15	21	45	330.0	1.5						1020.0	19.9		15.4			
2026	8	15	21	30	330.0	2.6						1020.0	19.1		15.2			
2026	8	15	21	15	340.0	3.1						1020.0	18.5		15.2			
2026	8	15	21	0	340.0	2.6						1020.0	17.9		14.8		-1.0	
2026	8	15	20	45	330.0	2.6						1020.0	17.8		14.7			
2026	8	15	20	30	330.0	2.6						1020.0	17.5		14.6			
2026	8	15	20	15	330.0	2.6						1020.0	17.5		14.6			
2026	8	15	20	0	340.0	2.6						1020.0	17.2		14.3		0.0	
2026	8	15	19	45	340.0	3.1						1020.0	16.9		14.2			
2026	8	15	19	30	340.0	3.1						1020.0	16.5		14.2			
2026	8	15	19	15	340.0	3.1						1020.0	16.4		14.1			
2026	8	15	19	0	330.0	3.1						1020.0	16.4		14.1		0.0	
2026	8	15	18	45	330.0	3.1						1020.0	16.3		14.0			
2026	8	15	18	30	320.0	2.6						1020.0	16.1		13.8			
2026	8	15	18	15	320.0	1.5						1020.0	15.8		13.7			
2026	8	15	18	0	340.0	1.5						1021.0	15.5		13.7			
2026	8	15	17	45	350.0	2.1						1020.0	15.2		13.6			
2026	8	15	17	30	340.0	1.5						1020.0	14.8		13.4			
2026	8	15	17	15	350.0	1.0						1020.0	14.9		13.3			
2026	8	15	17	0	310.0	1.0						1020.0	14.9		13.3			
2026	8	15	16	45	280.0	0.5						1020.0	14.7		13.3			
2026	8	15	16	30	260.0	1.0						1020.0	14.5		13.1			
2026	8	15	16	15	260.0	1.0						1020.0	14.3		12.9			
2026	8	15	16	0	250.0	1.5						1020.0	14.2		12.9		1.0	
2026	8	15	15	45	230.0	1.5						1020.0	14.1		12.7			
2026	8	15	13	30	160.0	2.1						1019.0	13.5		12.6			
2026	8	15	13	15	160.0	1.0						1019.0	13.6		12.5			
2026	8	15	13	0	160.0	1.5						1019.0	13.6		12.5		1.0	
2026	8	15	12	45	170.0	1.5						1019.0	13.5		12.4			
2026	8	15	12	30	180.0	2.1						1019.0	13.4		12.3			
2026	8	15	12	15	170.0	2.6						1019.0	13.3		12.2			
2026	8	15	12	0	170.0	2.6						1019.0	13.2		12.3		1.0	
2026	8	15	11	45	170.0	2.6						1019.0	13.2		12.3			
2026	8	15	11	30	180.0	2.6						1019.0	13.1		12.2			
2026	8	15	11	15	180.0	2.6						1018.0	13.0		12.2			
2026	8	15	11	0	180.0	2.6						1018.0	12.9		12.3		1.0	
2026	8	15	10	45	170.0	2.6						1018.0	12.7		12.1			
2026	8	15	10	30	160.0	2.6						1018.0	12.6		12.1			
2026	8	15	10	15	160.0	2.1						1018.0	12.6		12.1			
2026	8	15	10	0	150.0	2.1						1018.0	12.6		12.0		1.0	
2026	8	15	9	45	150.0	1.5						1018.0	12.6		12.0			
2026	8	15	9	30	170.0	1.5						1018.0	12.5		12.0			
2026	8	15	9	15	160.0	1.5						1018.0	11.8		11.3			
2026	8	15	9	0	130.0	1.0						1018.0	11.4		10.9		1.0	
2026	8	15	8	45	120.0	1.0						1018.0	11.6		11.0			
2026	8	15	8	30	160.0	1.0						1018.0	12.0		11.4			
2026	8	15	8	15	130.0	1.0						1017.0	11.7		10.9			
2026	8	15	8	0	140.0	0.5						1017.0	12.0		11.2		1.0	
2026	8	15	7	45	130.0	0.5						1017.0	12.2		11.3			
2026	8	15	7	30	110.0	1.0						1017.0	12.7		11.5			
2026	8	15	7	15	230.0	0.5						1017.0	13.1		11.8			
2026	8	15	7	0	170.0	1.0						1017.0	13.3		11.9		1.0	
2026	8	15	6	45	200.0	1.5						1017.0	13.7		12.1			
2026	8	15	6	30	200.0	1.5						1017.0	13.8		12.0			
2026	8	15	6	15	210.0	2.1						1017.0	14.0		12.2			
2026	8	15	6	0	210.0	2.6						1017.0	14.1		12.2		2.0	
2026	8	15	5	45	200.0	2.6						1017.0	14.2		12.3			
2026	8	15	5	30	190.0	2.6						1016.0	14.2		12.3			
2026	8	15	5	15	150.0	1.5						1016.0	14.4		12.5			
2026	8	15	5	0	190.0	1.0						1016.0	14.7		12.4		1.0	
2026	8	15	4	45	220.0	2.1						1016.0	15.1		12.5			
2026	8	15	4	30	220.0	2.6						1016.0	15.4		12.6			
2026	8	15	4	15	180.0	1.5						1016.0	15.1		12.6			
2026	8	15	4	0	170.0	1.5						1016.0	15.1		12.6		2.0	
2026	8	15	3	45	170.0	1.5						1015.0	15.9		12.9			
2026	8	15	3	30	190.0	2.1						1015.0	16.0		12.8			
2026	8	15	3	15	210.0	2.1						1015.0	16.1		12.7			
2026	8	15	3	0	220.0	2.1						1015.0	16.5		12.9		1.0	
2026	8	15	2	45	230.0	2.6						1015.0	17.0		13.0			
2026	8	15	2	30	240.0	2.1						1015.0	17.7		13.3			
2026	8	15	2	15	240.0	2.6						1015.0	18.2		13.4			
2026	8	15	2	0	230.0	2.6						1015.0	18.8		13.5		1.0	
2026	8	15	1	45	240.0	2.6						1015.0	19.2		13.7			
2026	8	15	1	30	230.0	3.1						1015.0	20.1		13.9			
2026	8	15	1	15	240.0	2.6						1014.0	20.2		13.8			
2026	8	15	1	0	260.0	2.6						1014.0	19.9		13.7		0.0	
2026	8	15	0	45	250.0	3.6						1015.0	20.2		13.8			
2026	8	15	0	30	240.0	3.6						1015.0	20.6		13.9			
2026	8	15	0	15	250.0	3.1						1014.0	20.5		14.1			
2026	8	15	0	0	250.0	3.1						1014.0	20.2		14.0		-1.0	
2026	8	14	23	45	240.0	4.1						1014.0	20.4		14.0			
2026	8	14	23	30	250.0	4.1						1014.0	20.8		14.1			
2026	8	14	23	15	300.0	3.6						1014.0	20.5		15.0			
2026	8	14	23	0	330.0	3.1						1014.0	20.6		15.5		-1.0	
2026	8	14	22	45	320.0	3.6						1014.0	20.5		15.4			
2026	8	14	22	30	330.0	4.1						1014.0	20.0		15.3			
2026	8	14	22	15	330.0	4.6						1014.0	19.8		15.1			
2026	8	14	22	0	330.0	4.1						1014.0	19.6		15.1		-1.0	
2026	8	14	21	45	330.0	4.1						1015.0	19.4		15.3			
2026	8	14	21	30	330.0	3.6						1015.0	19.7		15.6			
2026	8	14	21	15	330.0	3.1						1015.0	19.5		15.4			
2026	8	14	21	0	330.0	3.6						1015.0	19.3		15.2		0.0	
2026	8	14	20	45	330.0	3.6						1015.0	18.7		14.9			
2026	8	14	20	30	340.0	4.1						1015.0	18.2		14.8			
2026	8	14	20	15	340.0	4.1						1015.0	18.2		14.9			
2026	8	14	20	0	340.0	4.1						1015.0	18.6		15.1		0.0	
2026	8	14	19	45	340.0	3.1						1015.0	18.9		15.1			
2026	8	14	19	30	340.0	2.6						1015.0	18.0		14.4			
2026	8	14	19	15	290.0	1.0						1015.0	18.9		14.0			
2026	8	14	19	0	240.0	1.0						1015.0	18.7		13.6		0.0	
2026	8	14	18	45	220.0	1.0						1015.0	18.1		13.3			
2026	8	14	18	30	250.0	1.0						1015.0	17.4		13.0			
2026	8	14	18	15	230.0	1.5						1015.0	16.9		12.9			
2026	8	14	18	0	250.0	1.5						1015.0	16.2		12.8		0.0	
2026	8	14	17	45	250.0	2.6						1015.0	16.2		12.6			
2026	8	14	17	30	220.0	2.1						1015.0	16.1		12.7			
2026	8	14	17	15	250.0	2.6						1015.0	15.7		12.5			
2026	8	14	17	0	210.0	2.1						1015.0	15.6		12.6		1.0	
2026	8	14	16	45	200.0	1.5						1015.0	15.1		12.6			
2026	8	14	16	30	180.0	1.0						1015.0	14.4		12.5			
2026	8	14	16	15	160.0	1.5						1015.0	13.6		12.2			
2026	8	14	16	0	160.0	2.1						1015.0	13.4		12.1		1.0	
2026	8	14	15	45	160.0	2.6						1015.0	13.5		12.1			
2026	8	14	15	30	170.0	1.5						1015.0	13.3		12.2			
2026	8	14	15	15	180.0	2.1						1015.0	13.1		12.2			
2026	8	14	15	0	170.0	2.6						1015.0	12.8		12.2		2.0	
2026	8	14	14	45	170.0	2.6						1015.0	12.4		11.9			
2026	8	14	14	30	170.0	2.6						1014.0	12.1		11.8			
2026	8	14	14	15	150.0	1.5						1014.0	11.8		11.5			
2026	8	14	14	0	140.0	1.5						1014.0	11.5		11.2		2.0	
2026	8	14	13	45	150.0	1.0						1014.0	11.3		11.0			
2026	8	14	13	30	150.0	1.5						1014.0	11.1		10.8			
2026	8	14	13	15	150.0	1.5						1014.0	10.9		10.6			
2026	8	14	13	0	150.0	1.5						1014.0	10.9		10.4		2.0	
2026	8	14	12	45	150.0	1.5						1013.0	10.8		10.3			
2026	8	14	12	30	140.0	1.0						1013.0	10.7		10.2			
2026	8	14	12	15	120.0	1.5						1013.0	10.8		10.2			
2026	8	14	12	0	170.0	1.0						1013.0	11.4		10.8		1.0	
2026	8	14	11	45	170.0	1.0						1013.0	11.3		10.8			
2026	8	14	11	30	160.0	2.1						1013.0	11.3		10.8			
2026	8	14	11	15	160.0	2.1						1013.0	11.4		10.8			
2026	8	14	11	0	150.0	2.1						1012.0	11.4		10.8		0.0	
2026	8	14	10	45	130.0	1.5						1012.0	11.6		10.8			
2026	8	14	10	30	140.0	1.5						1012.0	12.1		11.2			
2026	8	14	10	15	180.0	1.5						1012.0	12.8		11.7			
2026	8	14	10	0	160.0	1.5						1012.0	13.1		11.8		0.0	
2026	8	14	9	45	200.0	0.5						1012.0	13.8		12.2			
2026	8	14	9	30	340.0	0.5						1012.0	14.0		12.4			
2026	8	14	9	15	360.0	0.5						1012.0	14.1		12.5			
2026	8	14	9	0	250.0	1.0						1012.0	14.6		12.7		0.0	
2026	8	14	8	45	270.0	2.6						1012.0	14.1		12.7			
2026	8	14	8	30	240.0	0.5						1012.0	13.6		12.8			
2026	8	14	8	15	150.0	1.0						1012.0	13.0		12.1			
2026	8	14	8	0	150.0	1.0						1012.0	13.2		12.1		1.0	
2026	8	14	7	45		0.0						1012.0	13.6		12.3			
2026	8	14	7	30	110.0	1.0						1012.0	13.5		12.6			
2026	8	14	7	15	110.0	1.5						1012.0	13.7		12.6			
2026	8	14	7	0	120.0	0.5						1012.0	14.0		12.9		1.0	
2026	8	14	6	45	190.0	1.0						1012.0	14.3		12.9			
2026	8	14	6	30	160.0	1.5						1012.0	14.8		13.4			
2026	8	14	6	15	140.0	1.5						1012.0	14.8		13.4			
2026	8	14	6	0	140.0	1.5						1012.0	15.0		13.4		2.0	
2026	8	14	5	45	130.0	2.6						1012.0	15.3		13.5			
2026	8	14	5	30	140.0	2.1						1011.0	15.1		13.3			
2026	8	14	5	15	150.0	2.1						1011.0	15.4		13.3			
2026	8	14	5	0	140.0	2.1						1011.0	15.6		13.1		1.0	
2026	8	14	4	45	150.0	2.6						1011.0	15.6		13.1			
2026	8	14	4	30	150.0	2.1						1011.0	15.3		13.0			
2026	8	14	4	15	140.0	2.1						1011.0	15.2		12.9			
2026	8	14	4	0	130.0	1.5						1011.0	16.0		13.2		1.0	
2026	8	14	3	45	170.0	1.5						1011.0	17.6		13.4			
2026	8	14	3	30	210.0	1.5						1010.0	18.1		12.9			
2026	8	14	3	15	200.0	1.0						1010.0	18.4		12.9			
2026	8	14	3	0	190.0	1.5						1010.0	18.9		13.0		0.0	
2026	8	14	2	45	210.0	1.5						1010.0	19.6		13.4			
2026	8	14	2	30	260.0	2.6						1010.0	19.9		13.5			
2026	8	14	2	15	250.0	3.6						1010.0	20.1		13.4			
2026	8	14	2	0	260.0	3.6						1010.0	20.6		13.7		0.0	
2026	8	14	1	45	250.0	3.1						1010.0	21.2		13.8			
2026	8	14	1	30	260.0	2.6						1010.0	21.5		13.8			
2026	8	14	1	15	270.0	2.1						1010.0	21.7		14.5			
2026	8	14	1	0	330.0	2.1						1010.0	20.1		15.0		0.0	
2026	8	14	0	45	340.0	3.1						1010.0	19.6		14.5			
2026	8	14	0	30	340.0	3.1						1010.0	19.1		14.4			
2026	8	14	0	15	330.0	3.6						1010.0	18.7		14.1			
2026	8	14	0	0	330.0	4.1						1010.0	19.6		14.3		-1.0	
2026	8	13	23	45	330.0	4.1						1010.0	20.5		14.7			
2026	8	13	23	30	340.0	3.6						1010.0	20.7		14.9			
2026	8	13	23	15	330.0	3.6						1010.0	21.1		15.3			
2026	8	13	23	0	330.0	3.1						1010.0	22.1		15.8		-2.0	
2026	8	13	22	45	330.0	3.1						1010.0	22.1		15.8			
2026	8	13	22	30	330.0	3.1						1010.0	22.1		16.0			
2026	8	13	22	15	330.0	3.1						1010.0	22.0		16.2			
2026	8	13	22	0	330.0	3.1						1010.0	21.9		15.9		-2.0	
2026	8	13	21	45	330.0	3.6						1011.0	21.4		15.8			
2026	8	13	21	30	330.0	3.6						1011.0	21.3		15.9			
2026	8	13	21	15	330.0	3.1						1011.0	21.6		15.8			
2026	8	13	21	0	330.0	2.6						1011.0	21.9		15.4		-2.0	
2026	8	13	20	45	330.0	2.6						1011.0	21.6		15.3			
2026	8	13	20	30	330.0	2.6						1011.0	21.3		15.1			
2026	8	13	20	15	330.0	2.6						1011.0	20.6		15.3			
2026	8	13	20	0	320.0	3.1						1012.0	20.5		15.2		-1.0	
2026	8	13	19	45	320.0	2.6						1012.0	20.4		15.3			
2026	8	13	19	30	320.0	2.6						1012.0	20.1		15.2			
2026	8	13	19	15	320.0	3.1						1012.0	19.8		15.3			
2026	8	13	19	0	290.0	2.1						1012.0	20.2		14.7		-1.0	
2026	8	13	18	45	230.0	1.5						1012.0	20.0		14.5			
2026	8	13	18	30	210.0	2.1						1012.0	19.9		14.4			
2026	8	13	18	15	200.0	3.1						1013.0	19.1		13.8			
2026	8	13	18	0	200.0	3.1						1013.0	18.7		13.6		0.0	
2026	8	13	17	45	190.0	1.5						1013.0	17.9		13.3			
2026	8	13	17	30	190.0	1.5						1013.0	17.2		13.2			
2026	8	13	17	15	220.0	1.5						1013.0	16.2		12.8			
2026	8	13	17	0	210.0	1.5						1013.0	15.5		12.9		0.0	
2026	8	13	16	45	200.0	1.0						1013.0	14.4		12.6			
2026	8	13	16	30	210.0	1.5						1013.0	13.9		12.5			
2026	8	13	16	15	180.0	1.5						1013.0	13.5		12.4			
2026	8	13	16	0	180.0	2.1						1013.0	13.3		12.5		0.0	
2026	8	13	15	45	170.0	2.1						1014.0	12.9		12.3			
2026	8	13	15	30	180.0	2.1						1014.0	12.6		12.0			
2026	8	13	15	15	170.0	2.1						1013.0	12.5		12.0			
2026	8	13	15	0	170.0	2.1						1013.0	12.3		11.8		0.0	
2026	8	13	14	45	150.0	2.1						1013.0	12.2		11.7			
2026	8	13	14	30	150.0	1.5						1013.0	12.0		11.7			
2026	8	13	14	15	160.0	0.5						1013.0	11.8		11.5			
2026	8	13	14	0	190.0	1.0						1013.0	11.6		11.3		1.0	
2026	8	13	13	45	200.0	0.5						1013.0	11.4		11.1			
2026	8	13	13	30		0.0						1013.0	11.1		10.8			
2026	8	13	13	15	100.0	0.5						1013.0	10.7		10.2			
2026	8	13	13	0	130.0	0.5						1013.0	10.7		10.2		1.0	
2026	8	13	12	45	140.0	0.5						1013.0	10.6		10.0			
2026	8	13	12	30	170.0	1.0						1013.0	11.0		10.4			
2026	8	13	12	15	210.0	1.5						1013.0	11.2		10.6			
2026	8	13	12	0	220.0	1.0						1013.0	11.7		10.9		1.0	
2026	8	13	11	45	170.0	0.5						1013.0	11.7		10.9			
2026	8	13	11	30	190.0	0.5						1013.0	11.8		11.0			
2026	8	13	11	15	150.0	1.0						1012.0	11.9		11.1			
2026	8	13	11	0	140.0	0.5						1012.0	11.8		11.0		0.0	
2026	8	13	10	45	110.0	1.0						1012.0	11.8		11.2			
2026	8	13	10	30	130.0	1.0						1012.0	11.7		10.9			
2026	8	13	10	15	130.0	1.0						1012.0	12.1		11.2			
2026	8	13	10	0	120.0	1.0						1012.0	12.4		11.3		-1.0	
2026	8	13	9	45	150.0	1.0						1012.0	12.7		11.6			
2026	8	13	9	30	150.0	1.5						1012.0	13.0		11.7			
2026	8	13	9	15	130.0	2.1						1012.0	13.3		11.9			
2026	8	13	9	0	140.0	1.5						1012.0	13.4		12.0		-1.0	
2026	8	13	8	45	110.0	1.5						1012.0	13.0		11.4			
2026	8	13	8	30	150.0	2.1						1012.0	13.4		11.8			
2026	8	13	8	15	150.0	1.5						1012.0	13.4		11.7			
2026	8	13	8	0	120.0	1.0						1012.0	13.8		11.9		-1.0	
2026	8	13	7	45	150.0	1.0						1012.0	14.8		12.2			
2026	8	13	7	30	170.0	1.5						1012.0	15.1		12.5			
2026	8	13	7	15	130.0	1.5						1013.0	15.1		13.0			
2026	8	13	7	0	140.0	2.1						1013.0	15.3		13.4		0.0	
2026	8	13	6	45	140.0	2.1						1013.0	15.4		13.5			
2026	8	13	6	30	140.0	2.1						1013.0	15.4		13.5			
2026	8	13	6	15	130.0	2.1						1013.0	15.2		13.3			
2026	8	13	6	0	130.0	1.5						1013.0	14.9		13.0		0.0	
2026	8	13	5	45	130.0	1.5						1013.0	14.8		13.0			
2026	8	13	5	30	160.0	1.0						1013.0	14.7		13.1			
2026	8	13	5	15	140.0	2.1						1013.0	14.8		12.9			
2026	8	13	5	0	130.0	1.0						1013.0	15.8		13.1		0.0	
2026	8	13	4	45	120.0	0.5						1013.0	16.1		13.3			
2026	8	13	4	30	110.0	0.5						1013.0	16.2		13.4			
2026	8	13	4	15		0.0						1013.0	16.6		13.6			
2026	8	13	4	0	280.0	0.5						1013.0	16.6		13.6		0.0	
2026	8	13	3	45	340.0	1.0						1013.0	16.6		14.1			
2026	8	13	3	30	350.0	2.1						1013.0	16.7		14.2			
2026	8	13	3	15	340.0	2.6						1013.0	17.1		14.2			
2026	8	13	3	0	340.0	2.1						1013.0	17.5		14.4		0.0	
2026	8	13	2	45	340.0	2.6						1013.0	18.0		14.6			
2026	8	13	2	30	340.0	2.1						1013.0	19.3		15.2			
2026	8	13	2	15	330.0	1.5						1013.0	20.3		15.6			
2026	8	13	2	0	320.0	2.1						1013.0	20.4		15.1		-1.0	
2026	8	13	1	45	310.0	2.1						1013.0	22.0		15.3			
2026	8	13	1	30	330.0	1.5						1013.0	22.6		15.4			
2026	8	13	1	15	330.0	0.5						1013.0	22.8		14.8			
2026	8	13	1	0	310.0	1.0						1013.0	22.2		14.7		-2.0	
2026	8	13	0	45	330.0	1.5						1013.0	21.6		14.6			
2026	8	13	0	30	340.0	1.5						1013.0	21.2		14.5			
2026	8	13	0	15	340.0	2.6						1013.0	20.7		14.2			
2026	8	13	0	0	340.0	2.6						1013.0	20.8		14.6		-2.0	
2026	8	12	23	45	340.0	3.1						1013.0	20.8		14.6			
2026	8	12	23	30	340.0	2.6						1014.0	21.0		14.5			
2026	8	12	23	15	340.0	3.6						1014.0	20.7		14.5			
2026	8	12	23	0	350.0	2.6						1014.0	20.9		14.7		-2.0	
2026	8	12	22	45	350.0	3.1						1014.0	20.8		14.8			
2026	8	12	22	30	340.0	3.6						1014.0	20.4		14.6			
2026	8	12	22	15	330.0	3.6						1015.0	20.6		14.8			
2026	8	12	22	0	340.0	3.6						1015.0	20.8		15.0		-1.0	
2026	8	12	21	45	340.0	2.6						1015.0	20.8		15.0			
2026	8	12	21	30	360.0	2.6						1015.0	20.3		15.0			
2026	8	12	21	15	350.0	3.1						1015.0	19.9		15.4			
2026	8	12	21	0	340.0	3.6						1015.0	19.7		15.4		-2.0	
2026	8	12	20	45	340.0	4.6						1015.0	20.0		15.5			
2026	8	12	20	30	340.0	4.6						1015.0	19.8		15.7			
2026	8	12	20	15	330.0	4.6						1015.0	19.5		15.8			
2026	8	12	20	0	340.0	4.1						1016.0	19.4		15.5		-1.0	
2026	8	12	19	45	320.0	3.1						1016.0	19.2		14.9			
2026	8	12	19	30	330.0	3.1						1016.0	19.1		14.7			
2026	8	12	19	15	330.0	3.1						1016.0	19.0		14.3			
2026	8	12	19	0	330.0	2.6						1016.0	18.8		14.4		-1.0	
2026	8	12	18	45	320.0	2.1						1017.0	18.4		14.4			
2026	8	12	18	30	310.0	1.5						1017.0	18.3		14.3			
2026	8	12	18	15	310.0	1.5						1017.0	18.4		14.2			
2026	8	12	18	0	320.0	1.5						1017.0	18.8		14.2		0.0	
2026	8	12	17	45	290.0	1.0						1017.0	18.5		14.1			
2026	8	12	17	30	250.0	1.0						1017.0	18.5		14.1			
2026	8	12	17	15	170.0	1.0						1017.0	17.8		14.0			
2026	8	12	17	0	200.0	1.0						1017.0	17.3		13.7		0.0	
2026	8	12	16	45	160.0	1.5						1017.0	16.7		13.7			
2026	8	12	16	30	180.0	2.1						1017.0	16.0		13.5			
2026	8	12	16	15	190.0	2.1						1017.0	15.6		13.5			
2026	8	12	16	0	180.0	2.1						1017.0	15.1		13.5		0.0	
2026	8	12	15	45	170.0	2.1						1017.0	14.6		13.3			
2026	8	12	15	30	150.0	2.1						1017.0	14.1		13.0			
2026	8	12	15	15	160.0	2.1						1017.0	13.8		12.9			
2026	8	12	15	0	160.0	2.1						1017.0	13.6		13.1		0.0	
2026	8	12	14	45	160.0	1.5						1017.0	13.3		13.0			
2026	8	12	14	30	150.0	1.5						1017.0	13.2		12.9			
2026	8	12	14	15	130.0	1.5						1017.0	12.8		12.5			
2026	8	12	14	0	130.0	1.0						1017.0	12.4		12.2		0.0	
2026	8	12	13	45	130.0	1.0						1017.0	12.0		11.8			
2026	8	12	13	30	120.0	1.5						1017.0	11.4		11.1			
2026	8	12	13	15	120.0	1.0						1017.0	11.1		10.8			
2026	8	12	13	0	140.0	1.0						1017.0	11.6		11.3		0.0	
2026	8	12	12	45	150.0	1.5						1017.0	11.9		11.6			
2026	8	12	12	30	150.0	1.5						1017.0	11.9		11.6			
2026	8	12	12	15	120.0	1.5						1017.0	11.4		11.1			
2026	8	12	12	0	120.0	1.5						1017.0	11.5		11.2		0.0	
2026	8	12	11	45	130.0	1.5						1017.0	11.7		11.4			
2026	8	12	11	30	130.0	1.5						1017.0	11.9		11.6			
2026	8	12	11	15	130.0	1.5						1017.0	12.2		11.9			
2026	8	12	11	0	150.0	1.5						1017.0	12.3		12.0		0.0	
2026	8	12	10	45	140.0	1.0						1017.0	12.1		11.6			
2026	8	12	10	30	140.0	1.0						1017.0	12.0		11.5			
2026	8	12	10	15	150.0	1.5						1017.0	12.3		11.8			
2026	8	12	10	0	140.0	1.5						1017.0	12.3		11.8		0.0	
2026	8	12	9	45	140.0	1.5						1017.0	12.2		11.7			
2026	8	12	9	30	130.0	1.5						1017.0	12.1		11.5			
2026	8	12	9	15	140.0	1.0						1017.0	12.3		11.7			
2026	8	12	9	0	140.0	0.5						1017.0	12.5		11.9		0.0	
2026	8	12	8	45	150.0	1.5						1017.0	12.6		11.8			
2026	8	12	8	30	140.0	1.5						1017.0	12.9		12.1			
2026	8	12	8	15	150.0	1.5						1017.0	13.0		12.2			
2026	8	12	8	0	150.0	2.1						1017.0	13.0		12.2		0.0	
2026	8	12	7	45	140.0	1.5						1017.0	13.1		12.3			
2026	8	12	7	30	130.0	1.0						1017.0	13.3		12.5			
2026	8	12	7	15	140.0	1.5						1017.0	13.4		12.5			
2026	8	12	7	0	150.0	1.5						1017.0	13.5		12.4		0.0	
2026	8	12	6	45	160.0	1.5						1017.0	13.5		12.4			
2026	8	12	6	30	150.0	1.0						1017.0	13.2		12.1			
2026	8	12	6	15	150.0	1.0						1017.0	13.2		12.1			
2026	8	12	6	0	150.0	1.5						1017.0	13.3		12.2		0.0	
2026	8	12	5	45	140.0	1.5						1017.0	13.3		12.0			
2026	8	12	5	30	140.0	2.1						1017.0	13.4		12.1			
2026	8	12	5	15	140.0	1.5						1017.0	13.3		11.9			
2026	8	12	5	0	140.0	1.5						1017.0	13.7		12.1		0.0	
2026	8	12	4	45	140.0	1.5						1017.0	14.1		12.3			
2026	8	12	4	30	140.0	1.0						1017.0	14.3		12.2			
2026	8	12	4	15	160.0	1.0						1017.0	15.3		12.3			
2026	8	12	4	0	160.0	0.5						1017.0	15.7		12.7		-1.0	
2026	8	12	3	45	200.0	1.0						1017.0	17.0		12.8			
2026	8	12	3	30	190.0	1.0						1017.0	17.9		12.7			
2026	8	12	3	15	250.0	1.0						1017.0	18.8		12.4			
2026	8	12	3	0	260.0	0.5						1017.0	19.6		12.3		-1.0	
2026	8	12	2	45	240.0	1.5						1017.0	20.3		11.9			
2026	8	12	2	30	250.0	2.6						1017.0	20.8		11.9			
2026	8	12	2	15	240.0	2.6						1017.0	21.3		12.1			
2026	8	12	2	0	240.0	3.1						1017.0	21.4		12.2		-2.0	
2026	8	12	1	45	250.0	3.1						1017.0	21.8		12.5			
2026	8	12	1	30	250.0	2.6						1017.0	22.0		12.7			
2026	8	12	1	15	250.0	2.6						1018.0	22.0		12.7			
2026	8	12	1	0	270.0	2.6						1018.0	22.0		13.0		-1.0	
2026	8	12	0	45	250.0	3.6						1018.0	22.2		12.9			
2026	8	12	0	30	250.0	3.6						1018.0	22.2		12.6			
2026	8	12	0	15	300.0	3.1						1018.0	21.5		13.6			
2026	8	12	0	0	330.0	3.1						1018.0	20.5		13.6		-1.0	
2026	8	11	23	45	330.0	3.1						1018.0	20.5		13.8			
2026	8	11	23	30	340.0	3.1						1018.0	19.9		13.7			
2026	8	11	23	15	330.0	3.6						1018.0	20.0		13.6			
2026	8	11	23	0	330.0	4.1						1019.0	19.4		13.9		-1.0	
2026	8	11	22	45	340.0	4.1						1019.0	19.9		14.2			
2026	8	11	22	30	340.0	4.1						1019.0	19.9		14.2			
2026	8	11	22	15	330.0	4.6						1019.0	19.9		13.7			
2026	8	11	22	0	340.0	4.1						1019.0	19.8		13.8		-1.0	
2026	8	11	21	45	340.0	4.1						1019.0	19.6		14.1			
2026	8	11	21	30	340.0	4.1						1019.0	20.0		14.5			
2026	8	11	21	15	330.0	3.6						1019.0	19.9		14.6			
2026	8	11	21	0	340.0	3.6						1019.0	20.1		15.0		-2.0	
2026	8	11	20	45	340.0	3.1						1020.0	20.6		15.0			
2026	8	11	20	30	270.0	2.1						1020.0	21.1		13.9			
2026	8	11	20	15	260.0	2.1						1020.0	20.3		13.6			
2026	8	11	20	0	270.0	2.1						1020.0	20.2		14.0		-1.0	
2026	8	11	19	45	250.0	2.6						1020.0	20.0		13.6			
2026	8	11	19	30	240.0	1.5						1020.0	19.6		13.4			
2026	8	11	19	15	270.0	1.5						1020.0	19.6		13.6			
2026	8	11	19	0	220.0	1.5						1020.0	19.0		13.3		0.0	
2026	8	11	18	45	230.0	1.5						1020.0	18.5		13.2			
2026	8	11	18	30	230.0	1.5						1021.0	17.8		13.0			
2026	8	11	18	15	210.0	1.5						1021.0	17.3		12.9			
2026	8	11	18	0	190.0	2.1						1021.0	16.6		12.8		1.0	
2026	8	11	17	45	200.0	2.6						1021.0	16.2		12.6			
2026	8	11	17	30	190.0	2.1						1021.0	15.4		12.4			
2026	8	11	17	15	200.0	2.6						1021.0	14.9		12.3			
2026	8	11	17	0	180.0	2.1						1021.0	14.4		12.3		1.0	
2026	8	11	16	45	200.0	2.6						1021.0	14.0		12.1			
2026	8	11	16	30	170.0	2.6						1021.0	13.8		12.0			
2026	8	11	16	15	180.0	3.1						1020.0	13.8		12.0			
2026	8	11	16	0	160.0	3.1						1020.0	13.5		12.1		0.0	
2026	8	11	15	45	170.0	2.6						1021.0	13.3		11.9			
2026	8	11	15	30	170.0	2.6						1020.0	13.2		11.9			
2026	8	11	15	15	160.0	3.1						1020.0	13.2		12.1			
2026	8	11	15	0	170.0	2.6						1020.0	13.1		12.0		0.0	
2026	8	11	14	45	170.0	2.1						1020.0	13.0		11.9			
2026	8	11	14	30	190.0	2.6						1020.0	13.0		11.9			
2026	8	11	14	15	200.0	2.6						1020.0	13.0		12.1			
2026	8	11	14	0	190.0	2.6						1020.0	12.9		12.0		1.0	
2026	8	11	13	45	190.0	2.6						1020.0	12.8		12.0			
2026	8	11	13	30	190.0	3.1						1020.0	12.9		12.1			
2026	8	11	13	15	180.0	3.1						1020.0	12.9		12.0			
2026	8	11	13	0	180.0	3.1						1020.0	12.9		12.0		1.0	
2026	8	11	12	45	180.0	2.6						1020.0	12.9		12.0			
2026	8	11	12	30	180.0	3.1						1020.0	12.9		12.0			
2026	8	11	12	15	180.0	3.1						1019.0	12.9		11.8			
2026	8	11	12	0	180.0	3.1						1020.0	12.9		11.8			
2026	8	11	11	45	180.0	3.1						1019.0	12.9		11.8			
2026	8	11	11	30	180.0	2.6						1019.0	12.8		11.7			
2026	8	11	11	15	180.0	2.6						1019.0	12.8		11.7			
2026	8	11	11	0	190.0	2.6						1019.0	12.7		11.6		0.0	
2026	8	11	10	45	170.0	2.6						1019.0	12.5		11.6			
2026	8	11	10	30	170.0	2.6						1019.0	12.2		11.4			
2026	8	11	10	15	150.0	2.6						1019.0	11.9		11.0			
2026	8	11	10	0	170.0	3.1						1019.0	12.2		11.4		0.0	
2026	8	11	9	45	160.0	2.6						1019.0	11.9		11.1			
2026	8	11	9	30	160.0	2.6						1019.0	12.0		11.2			
2026	8	11	9	15	160.0	2.6						1019.0	12.0		11.2			
2026	8	11	9	0	150.0	2.6						1019.0	12.1		11.2		0.0	
2026	8	11	8	45	160.0	2.6						1019.0	12.4		11.3			
2026	8	11	8	30	160.0	2.6						1019.0	12.6		11.4			
2026	8	11	8	15	170.0	3.1						1019.0	12.7		11.6			
2026	8	11	8	0	170.0	3.1						1019.0	12.7		11.6		0.0	
2026	8	11	7	45	170.0	3.1						1019.0	12.3		11.4			
2026	8	11	7	30	150.0	3.1						1019.0	12.2		11.3			
2026	8	11	7	15	150.0	3.1						1019.0	12.3		11.4			
2026	8	11	7	0	150.0	2.6						1019.0	12.5		11.3		0.0	
2026	8	11	6	45	160.0	3.1						1019.0	13.1		11.4			
2026	8	11	6	30	170.0	3.1						1019.0	13.2		11.3			
2026	8	11	6	15	170.0	3.6						1019.0	13.3		11.2			
2026	8	11	6	0	170.0	3.1						1019.0	13.4		11.3		1.0	
2026	8	11	5	45	160.0	3.1						1019.0	13.1		11.7			
2026	8	11	5	30	160.0	3.1						1019.0	13.3		11.4			
2026	8	11	5	15	160.0	2.6						1019.0	13.1		11.2			
2026	8	11	5	0	170.0	3.1						1019.0	13.4		11.3		1.0	
2026	8	11	4	45	180.0	1.5						1019.0	13.5		11.1			
2026	8	11	4	30	180.0	1.5						1019.0	14.2		11.2			
2026	8	11	4	15	190.0	2.1						1019.0	14.7		11.3			
2026	8	11	4	0	210.0	2.1						1019.0	15.2		11.3		1.0	
2026	8	11	3	45	230.0	2.6						1019.0	15.6		11.3			
2026	8	11	3	30	240.0	2.6						1019.0	16.2		11.6			
2026	8	11	3	15	240.0	1.5						1019.0	17.1		11.9			
2026	8	11	3	0	230.0	2.1						1018.0	18.2		11.9		-1.0	
2026	8	11	2	45	210.0	2.6						1018.0	18.8		12.0			
2026	8	11	2	30	200.0	2.6						1018.0	19.1		11.8			
2026	8	11	2	15	220.0	2.6						1018.0	19.6		11.8			
2026	8	11	2	0	230.0	3.1						1018.0	19.9		12.0		-1.0	
2026	8	11	1	45	270.0	2.1						1018.0	19.6		13.0			
2026	8	11	1	30	280.0	3.1						1018.0	19.6		13.2			
2026	8	11	1	15	280.0	2.6						1018.0	19.9		13.3			
2026	8	11	1	0	280.0	2.6						1018.0	20.3		13.2		-2.0	
2026	8	11	0	45	230.0	2.1						1018.0	20.6		12.7			
2026	8	11	0	30	260.0	2.1						1019.0	20.1		13.0			
2026	8	11	0	15	270.0	2.1						1019.0	19.9		13.0			
2026	8	11	0	0	280.0	2.6						1019.0	19.8		12.9		-1.0	
2026	8	10	23	45	290.0	2.6						1019.0	19.8		12.9			
2026	8	10	23	30	270.0	2.6						1019.0	20.1		13.2			
2026	8	10	23	15	250.0	2.6						1019.0	20.1		13.0			
2026	8	10	23	0	260.0	3.6						1019.0	20.0		13.1		-1.0	
2026	8	10	22	45	260.0	4.1						1019.0	20.2		13.3			
2026	8	10	22	30	270.0	4.1						1019.0	20.4		13.5			
2026	8	10	22	15	340.0	3.6						1020.0	19.1		13.6			
2026	8	10	22	0	340.0	3.6						1020.0	18.5		13.5		0.0	
2026	8	10	21	45	340.0	3.6						1020.0	18.7		13.4			
2026	8	10	21	30	330.0	3.1						1020.0	18.6		13.5			
2026	8	10	21	15	340.0	4.1						1020.0	18.3		13.7			
2026	8	10	21	0	330.0	3.6						1020.0	18.8		13.9		0.0	
2026	8	10	20	45	220.0	1.5						1020.0	19.4		13.0			
2026	8	10	20	30	200.0	2.1						1020.0	19.0		12.8			
2026	8	10	20	15	250.0	2.1						1020.0	18.4		12.7			
2026	8	10	20	0	240.0	1.5						1020.0	18.0		12.8		0.0	
2026	8	10	19	45	250.0	1.5						1020.0	17.8		12.6			
2026	8	10	19	30	250.0	1.5						1020.0	17.2		12.6			
2026	8	10	19	15	270.0	1.5						1020.0	16.8		12.4			
2026	8	10	19	0	260.0	2.1						1020.0	16.4		12.4		0.0	
2026	8	10	18	45	220.0	1.5						1020.0	16.1		12.3			
2026	8	10	18	30	200.0	1.5						1020.0	15.8		12.2			
2026	8	10	18	15	180.0	2.1						1020.0	15.5		11.9			
2026	8	10	18	0	180.0	2.6						1020.0	15.5		12.1		0.0	
2026	8	10	17	45	190.0	2.6						1020.0	15.3		12.1			
2026	8	10	17	30	220.0	1.5						1020.0	15.3		12.1			
2026	8	10	17	15	250.0	2.6						1020.0	15.0		11.8			
2026	8	10	17	0	220.0	3.1						1020.0	14.9		11.9		1.0	
2026	8	10	16	45	220.0	2.1						1020.0	14.7		11.9			
2026	8	10	16	30	220.0	2.1						1020.0	14.5		11.9			
2026	8	10	16	15	220.0	2.1						1020.0	14.2		11.9			
2026	8	10	16	0	220.0	2.1						1020.0	13.8		11.9		1.0	
2026	8	10	15	45	220.0	3.1						1020.0	13.6		11.8			
2026	8	10	15	30	210.0	2.1						1020.0	13.3		11.9			
2026	8	10	15	15	210.0	2.6						1020.0	13.3		11.9			
2026	8	10	15	0	200.0	2.6						1020.0	13.1		11.8		1.0	
2026	8	10	14	45	210.0	2.6						1020.0	12.9		11.8			
2026	8	10	14	30	210.0	3.6						1020.0	12.9		11.8			
2026	8	10	14	15	210.0	3.1						1019.0	13.0		11.7			
2026	8	10	14	0	190.0	2.6						1019.0	13.0		11.7		1.0	
2026	8	10	13	45	200.0	3.1						1019.0	12.9		11.8			
2026	8	10	13	30	200.0	3.1						1019.0	12.8		11.7			
2026	8	10	13	15	200.0	3.1						1019.0	12.8		11.7			
2026	8	10	13	0	180.0	3.1						1019.0	12.8		11.7		1.0	
2026	8	10	12	45	180.0	2.6						1019.0	12.8		11.7			
2026	8	10	12	30	180.0	2.6						1019.0	12.8		11.7			
2026	8	10	12	15	180.0	2.6						1019.0	12.8		11.7			
2026	8	10	12	0	180.0	2.6						1019.0	12.7		11.6		1.0	
2026	8	10	11	45	180.0	2.6						1018.0	12.7		11.6			
2026	8	10	11	30	180.0	2.6						1018.0	12.7		11.6			
2026	8	10	11	15	190.0	2.6						1018.0	12.7		11.6			
2026	8	10	11	0	180.0	2.6						1018.0	12.7		11.5		0.0	
2026	8	10	10	45	170.0	2.6						1018.0	12.8		11.6			
2026	8	10	10	30	180.0	2.6						1018.0	12.9		11.7			
2026	8	10	10	15	180.0	2.1						1018.0	12.9		11.7			
2026	8	10	10	0	180.0	2.1						1018.0	12.8		11.6		0.0	
2026	8	10	9	45	170.0	2.1						1018.0	12.7		11.6			
2026	8	10	9	30	150.0	2.1						1018.0	12.5		11.3			
2026	8	10	9	15	170.0	2.1						1018.0	12.8		11.4			
2026	8	10	9	0	180.0	3.1						1018.0	12.8		11.4		1.0	
2026	8	10	8	45	180.0	2.6						1018.0	12.6		11.4			
2026	8	10	8	30	170.0	2.6						1018.0	12.0		11.1			
2026	8	10	8	15	160.0	2.6						1018.0	11.5		10.6			
2026	8	10	8	0	150.0	2.6						1018.0	11.6		10.7		1.0	
2026	8	10	7	45	150.0	2.6						1018.0	11.8		10.9			
2026	8	10	7	30	160.0	2.6						1018.0	12.2		11.1			
2026	8	10	7	15	160.0	3.1						1018.0	12.1		11.0			
2026	8	10	7	0	160.0	2.6						1018.0	12.1		11.0		1.0	
2026	8	10	6	45	160.0	2.6						1018.0	12.0		11.1			
2026	8	10	6	30	160.0	2.6						1017.0	12.0		11.1			
2026	8	10	6	15	160.0	2.6						1017.0	12.2		11.3			
2026	8	10	6	0	150.0	2.6						1017.0	12.2		11.3		0.0	
2026	8	10	5	45	140.0	2.6						1017.0	12.4		11.3			
2026	8	10	5	30	160.0	2.1						1017.0	12.5		11.4			
2026	8	10	5	15	150.0	2.1						1017.0	12.7		11.5			
2026	8	10	5	0	140.0	1.0						1017.0	12.5		11.3		0.0	
2026	8	10	4	45	160.0	1.0						1017.0	13.1		11.5			
2026	8	10	4	30	170.0	1.5						1017.0	13.6		11.7			
2026	8	10	4	15	180.0	2.1						1017.0	14.1		12.0			
2026	8	10	4	0	170.0	2.6						1017.0	14.4		12.1		0.0	
2026	8	10	3	45	170.0	2.6						1017.0	14.7		12.1			
2026	8	10	3	30	160.0	2.6						1017.0	15.1		12.3			
2026	8	10	3	15	170.0	2.6						1017.0	15.6		12.4			
2026	8	10	3	0	170.0	3.6						1017.0	16.0		12.4		0.0	
2026	8	10	2	45	170.0	3.1						1017.0	16.5		12.5			
2026	8	10	2	30	180.0	2.6						1017.0	16.8		12.4			
2026	8	10	2	15	180.0	2.6						1016.0	16.9		12.5			
2026	8	10	2	0	220.0	2.1						1017.0	16.8		12.4		0.0	
2026	8	10	1	45	200.0	3.1						1017.0	16.9		12.5			
2026	8	10	1	30	190.0	2.6						1017.0	17.4		12.6			
2026	8	10	1	15	200.0	2.1						1017.0	17.8		12.6			
2026	8	10	1	0	210.0	3.1						1017.0	18.4		12.5		0.0	
2026	8	10	0	45	200.0	2.6						1017.0	18.7		12.6			
2026	8	10	0	30	190.0	2.6						1017.0	18.8		12.7			
2026	8	10	0	15	210.0	2.1						1017.0	18.5		12.6			
2026	8	10	0	0	240.0	3.6						1017.0	18.5		12.4		-1.0	
2026	8	9	23	45	250.0	3.6						1017.0	19.2		12.4			
2026	8	9	23	30	240.0	4.6						1017.0	19.7		12.4			
2026	8	9	23	15	250.0	4.1						1017.0	19.6		12.3			
2026	8	9	23	0	240.0	4.6						1017.0	19.6		12.3		-1.0	
2026	8	9	22	45	240.0	4.6						1017.0	19.1		12.0			
2026	8	9	22	30	240.0	4.6						1017.0	19.1		11.8			
2026	8	9	22	15	240.0	4.6						1017.0	19.3		11.7			
2026	8	9	22	0	240.0	4.1						1017.0	19.9		11.8		-2.0	
2026	8	9	21	45	250.0	4.6						1018.0	19.7		11.6			
2026	8	9	21	30	260.0	4.1						1018.0	20.0		11.6			
2026	8	9	21	15	250.0	4.1						1018.0	20.1		11.7			
2026	8	9	21	0	240.0	4.1						1018.0	20.5		11.6		-1.0	
2026	8	9	20	45	240.0	3.6						1018.0	20.1		11.5			
2026	8	9	20	30	260.0	3.1						1018.0	19.8		11.7			
2026	8	9	20	15	250.0	3.1						1018.0	19.8		11.4			
2026	8	9	20	0	240.0	3.6						1018.0	19.7		11.4		-1.0	
2026	8	9	19	45	240.0	4.1						1018.0	19.4		11.3			
2026	8	9	19	30	230.0	3.6						1018.0	19.0		11.2			
2026	8	9	19	15	250.0	3.6						1019.0	18.8		11.5			
2026	8	9	19	0	260.0	3.6						1019.0	18.6		11.8		0.0	
2026	8	9	18	45	250.0	3.6						1019.0	18.8		12.7			
2026	8	9	18	30	220.0	1.5						1019.0	18.7		12.6			
2026	8	9	18	15	210.0	2.1						1019.0	18.5		12.4			
2026	8	9	18	0	200.0	2.6						1019.0	18.1		12.4		0.0	
2026	8	9	17	45	210.0	2.6						1019.0	17.7		12.5			
2026	8	9	17	30	190.0	3.1						1019.0	17.3		12.5			
2026	8	9	17	15	190.0	3.6						1019.0	16.6		12.4			
2026	8	9	17	0	180.0	3.6						1019.0	16.3		12.3		0.0	
2026	8	9	16	45	180.0	3.6						1019.0	15.9		12.3			
2026	8	9	16	30	190.0	3.6						1019.0	15.5		12.1			
2026	8	9	16	15	180.0	3.6						1019.0	15.4		12.2			
2026	8	9	16	0	190.0	3.6						1019.0	15.1		12.3		0.0	
2026	8	9	15	45	180.0	3.6						1019.0	14.5		12.0			
2026	8	9	15	30	190.0	3.6						1019.0	14.1		12.0			
2026	8	9	15	15	200.0	3.1						1019.0	13.9		12.0			
2026	8	9	15	0	190.0	3.1						1019.0	13.8		12.0		1.0	
2026	8	9	14	45	190.0	3.1						1019.0	13.6		12.2			
2026	8	9	14	30	170.0	3.1						1019.0	13.4		12.0			
2026	8	9	14	15	170.0	3.1						1019.0	13.2		11.9			
2026	8	9	14	0	170.0	3.1						1019.0	13.1		12.0		1.0	
2026	8	9	13	45	160.0	3.1						1019.0	12.8		12.0			
2026	8	9	13	30	160.0	2.6						1019.0	12.4		11.8			
2026	8	9	13	15	160.0	2.6						1019.0	12.1		11.5			
2026	8	9	13	0	160.0	2.1						1019.0	12.1		11.6		1.0	
2026	8	9	12	45	160.0	2.6						1018.0	11.9		11.4			
2026	8	9	12	30	160.0	2.1						1019.0	11.5		11.0			
2026	8	9	12	15	150.0	2.6						1018.0	11.5		10.9			
2026	8	9	12	0	160.0	2.6						1018.0	11.6		11.0		0.0	
2026	8	9	11	45	160.0	2.6						1018.0	11.6		11.1			
2026	8	9	11	30	140.0	2.6						1018.0	11.6		11.0			
2026	8	9	11	15	140.0	2.6						1018.0	11.7		11.1			
2026	8	9	11	0	150.0	2.6						1018.0	11.7		11.1		0.0	
2026	8	9	10	45	140.0	2.6						1018.0	11.9		11.3			
2026	8	9	10	30	150.0	2.6						1018.0	12.0		11.4			
2026	8	9	10	15	150.0	3.6						1018.0	12.2		11.4			
2026	8	9	10	0	140.0	3.1						1018.0	12.2		11.3		0.0	
2026	8	9	9	45	150.0	3.1						1018.0	12.0		11.1			
2026	8	9	9	30	140.0	2.6						1018.0	11.9		11.0			
2026	8	9	9	15	140.0	2.6						1018.0	11.9		10.8			
2026	8	9	9	0	160.0	3.1						1018.0	12.2		11.0		0.0	
2026	8	9	8	45	160.0	3.1						1018.0	12.5		11.1			
2026	8	9	8	30	160.0	3.1						1018.0	12.8		11.2			
2026	8	9	8	15	160.0	3.1						1018.0	12.6		11.0			
2026	8	9	8	0	150.0	2.6						1018.0	12.6		11.0		0.0	
2026	8	9	7	45	140.0	2.6						1018.0	12.8		11.1			
2026	8	9	7	30	150.0	2.6						1018.0	13.1		11.2			
2026	8	9	7	15	180.0	3.1						1018.0	13.2		11.1			
2026	8	9	7	0	190.0	3.1						1018.0	14.1		10.9		0.0	
2026	8	9	6	45	210.0	3.1						1018.0	14.5		11.0			
2026	8	9	6	30	210.0	3.1						1018.0	14.7		10.8			
2026	8	9	6	15	210.0	2.1						1018.0	14.6		10.7			
2026	8	9	6	0	160.0	1.5						1018.0	13.7		10.7		0.0	
2026	8	9	5	45	130.0	1.0						1018.0	13.8		11.0			
2026	8	9	5	30	140.0	1.5						1018.0	14.1		11.1			
2026	8	9	5	15	170.0	2.1						1018.0	15.0		11.3			
2026	8	9	5	0	180.0	2.6						1018.0	15.2		11.3		0.0	
2026	8	9	4	45	170.0	2.6						1018.0	15.5		11.4			
2026	8	9	4	30	190.0	2.6						1018.0	15.7		11.2			
2026	8	9	4	15	210.0	2.6						1018.0	15.9		11.3			
2026	8	9	4	0	210.0	2.6						1018.0	16.1		11.3		0.0	
2026	8	9	3	45	210.0	2.6						1018.0	16.6		11.4			
2026	8	9	3	30	210.0	3.1						1018.0	17.1		11.2			
2026	8	9	3	15	210.0	3.1						1018.0	17.9		11.6			
2026	8	9	3	0	210.0	2.6						1018.0	18.6		11.8		0.0	
2026	8	9	2	45	210.0	2.6						1018.0	19.4		12.1			
2026	8	9	2	30	230.0	2.6						1018.0	19.9		12.0			
2026	8	9	2	15	250.0	2.6						1018.0	20.4		12.3			
2026	8	9	2	0	260.0	3.1						1018.0	21.1		12.4		-1.0	
2026	8	9	1	45	270.0	2.6						1018.0	21.9		12.9			
2026	8	9	1	30	260.0	2.6						1018.0	22.3		13.5			
2026	8	9	1	15	250.0	1.5						1018.0	23.1		12.9			
2026	8	9	1	0	270.0	1.5						1018.0	22.6		12.7		-1.0	
2026	8	9	0	45	250.0	3.1						1018.0	23.2		12.4			
2026	8	9	0	30	260.0	4.1						1018.0	23.6		11.9			
2026	8	9	0	15	270.0	3.6						1018.0	24.0		12.2			
2026	8	9	0	0	260.0	3.1						1018.0	24.4		11.9		-1.0	
2026	8	8	23	45	250.0	3.6						1019.0	24.5		11.7			
2026	8	8	23	30	300.0	3.1						1019.0	23.3		13.1			
2026	8	8	23	15	350.0	3.1						1019.0	22.1		13.9			
2026	8	8	23	0	340.0	4.1						1019.0	20.8		14.3		-1.0	
2026	8	8	22	45	340.0	4.1						1019.0	20.8		14.1			
2026	8	8	22	30	340.0	4.1						1019.0	20.5		14.5			
2026	8	8	22	15	340.0	4.6						1019.0	20.1		14.6			
2026	8	8	22	0	340.0	4.6						1019.0	20.1		14.6		-1.0	
2026	8	8	21	45	340.0	4.1						1019.0	20.7		14.0			
2026	8	8	21	30	340.0	4.1						1019.0	20.8		13.9			
2026	8	8	21	15	340.0	3.6						1019.0	20.6		13.7			
2026	8	8	21	0	340.0	4.1						1019.0	21.0		14.1		-1.0	
2026	8	8	20	45	270.0	2.6						1019.0	23.0		13.7			
2026	8	8	20	30	180.0	1.0						1019.0	22.8		13.7			
2026	8	8	20	15	260.0	2.1						1020.0	22.5		13.5			
2026	8	8	20	0	230.0	2.1						1020.0	21.7		13.2		0.0	
2026	8	8	19	45	190.0	2.6						1020.0	21.1		12.9			
2026	8	8	19	30	170.0	2.6						1020.0	20.8		13.2			
2026	8	8	19	15	180.0	2.1						1020.0	20.2		12.8			
2026	8	8	19	0	170.0	2.6						1020.0	19.5		13.1		0.0	
2026	8	8	18	45	180.0	2.1						1020.0	19.1		13.2			
2026	8	8	18	30	180.0	1.5						1020.0	18.0		13.0			
2026	8	8	18	15	230.0	2.1						1020.0	17.5		12.9			
2026	8	8	18	0	200.0	2.1						1020.0	17.5		13.1		1.0	
2026	8	8	17	45	200.0	2.6						1020.0	17.0		13.0			
2026	8	8	17	30	190.0	2.1						1020.0	16.7		12.9			
2026	8	8	17	15	210.0	2.1						1020.0	16.2		12.6			
2026	8	8	17	0	210.0	2.1						1020.0	16.1		12.7		1.0	
2026	8	8	16	45	200.0	2.1						1020.0	15.6		12.8			
2026	8	8	16	30	200.0	2.1						1020.0	15.2		12.4			
2026	8	8	16	15	190.0	1.5						1020.0	15.0		12.5			
2026	8	8	16	0	210.0	2.1						1020.0	14.6		12.3		1.0	
2026	8	8	15	45	200.0	2.1						1020.0	14.3		12.2			
2026	8	8	15	30	210.0	2.6						1020.0	14.2		12.3			
2026	8	8	15	15	210.0	2.6						1020.0	13.7		12.3			
2026	8	8	15	0	190.0	2.1						1019.0	13.3		12.2		1.0	
2026	8	8	14	45	150.0	1.5						1019.0	12.9		12.0			
2026	8	8	14	30	150.0	1.5						1019.0	12.6		11.8			
2026	8	8	14	15	140.0	1.5						1019.0	12.3		11.5			
2026	8	8	14	0	140.0	1.5						1019.0	12.2		11.6		1.0	
2026	8	8	13	45	150.0	1.5						1019.0	11.9		11.3			
2026	8	8	13	30	160.0	1.5						1019.0	11.6		11.1			
2026	8	8	13	15	140.0	1.0						1019.0	11.2		10.6			
2026	8	8	13	0	140.0	1.0						1019.0	11.4		10.8		1.0	
2026	8	8	12	45	190.0	1.5						1019.0	11.8		11.0			
2026	8	8	12	30	210.0	2.1						1019.0	11.9		11.1			
2026	8	8	12	15	180.0	2.1						1019.0	11.5		10.7			
2026	8	8	12	0	170.0	1.5						1018.0	11.4		10.5		0.0	
2026	8	8	11	45	150.0	1.5						1019.0	11.8		10.7			
2026	8	8	11	30	170.0	2.1						1018.0	12.3		10.9			
2026	8	8	11	15	170.0	2.1						1018.0	12.4		11.0			
2026	8	8	11	0	180.0	2.1						1018.0	12.4		11.0		0.0	
2026	8	8	10	45	180.0	1.5						1018.0	12.4		11.0			
2026	8	8	10	30	200.0	2.1						1018.0	12.6		10.9			
2026	8	8	10	15	200.0	3.1						1018.0	12.7		11.0			
2026	8	8	10	0	190.0	2.6						1018.0	12.5		10.9		0.0	
2026	8	8	9	45	180.0	2.1						1018.0	12.5		10.9			
2026	8	8	9	30	170.0	2.1						1018.0	12.7		11.0			
2026	8	8	9	15	170.0	2.1						1018.0	12.6		11.2			
2026	8	8	9	0	160.0	2.1						1018.0	12.6		11.2		0.0	
2026	8	8	8	45	160.0	2.6						1018.0	12.7		11.3			
2026	8	8	8	30	150.0	2.1						1018.0	12.9		11.5			
2026	8	8	8	15	150.0	2.1						1018.0	13.3		11.6			
2026	8	8	8	0	150.0	2.6						1018.0	13.6		11.7		0.0	
2026	8	8	7	45	150.0	2.6						1018.0	13.8		11.9			
2026	8	8	7	30	150.0	2.6						1018.0	13.7		11.9			
2026	8	8	7	15	160.0	2.6						1018.0	13.8		11.7			
2026	8	8	7	0	160.0	2.6						1018.0	14.1		12.0		1.0	
2026	8	8	6	45	160.0	2.6						1018.0	14.0		12.1			
2026	8	8	6	30	140.0	2.1						1018.0	14.1		12.0			
2026	8	8	6	15	150.0	2.1						1018.0	14.3		12.0			
2026	8	8	6	0	130.0	2.1						1018.0	14.1		12.0		1.0	
2026	8	8	5	45	150.0	2.1						1018.0	14.6		12.1			
2026	8	8	5	30	150.0	2.1						1018.0	15.0		12.2			
2026	8	8	5	15	150.0	2.1						1018.0	15.2		12.4			
2026	8	8	5	0	140.0	2.1						1018.0	15.6		12.4		1.0	
2026	8	8	4	45	160.0	2.1						1018.0	15.7		12.5			
2026	8	8	4	30	190.0	2.1						1018.0	16.3		12.7			
2026	8	8	4	15	200.0	2.1						1017.0	17.1		12.7			
2026	8	8	4	0	180.0	1.5						1017.0	18.1		13.1		0.0	
2026	8	8	3	45	170.0	1.5						1017.0	19.2		14.1			
2026	8	8	3	30	180.0	2.1						1017.0	20.5		14.1			
2026	8	8	3	15	240.0	1.5						1017.0	21.2		14.0			
2026	8	8	3	0	260.0	2.1						1017.0	21.6		13.9		0.0	
2026	8	8	2	45	220.0	2.1						1017.0	22.9		14.1			
2026	8	8	2	30	280.0	1.0						1017.0	23.1		14.3			
2026	8	8	2	15	340.0	1.0						1017.0	22.4		14.9			
2026	8	8	2	0	330.0	2.6						1017.0	22.5		15.3		0.0	
2026	8	8	1	45	330.0	2.1						1017.0	23.1		15.1			
2026	8	8	1	30	340.0	2.6						1017.0	23.2		15.4			
2026	8	8	1	15	350.0	2.6						1017.0	23.9		15.1			
2026	8	8	1	0	270.0	1.5						1017.0	25.7		13.1		-1.0	
2026	8	8	0	45	310.0	1.5						1017.0	24.5		14.5			
2026	8	8	0	30	350.0	1.5						1017.0	23.3		15.0			
2026	8	8	0	15	350.0	2.6						1017.0	22.4		15.6			
2026	8	8	0	0	330.0	3.1						1017.0	22.9		15.1		-1.0	
2026	8	7	23	45	330.0	4.1						1017.0	21.8		15.3			
2026	8	7	23	30	340.0	4.1						1017.0	23.4		15.6			
2026	8	7	23	15	330.0	3.1						1017.0	23.8		15.2			
2026	8	7	23	0	340.0	3.1						1017.0	24.0		14.9		-1.0	
2026	8	7	22	45	340.0	3.1						1017.0	23.8		14.7			
2026	8	7	22	30	330.0	2.6						1017.0	23.8		14.4			
2026	8	7	22	15	330.0	2.6						1018.0	23.7		14.6			
2026	8	7	22	0	330.0	3.1						1018.0	23.5		14.9		0.0	
2026	8	7	21	45	340.0	3.6						1018.0	22.8		14.8			
2026	8	7	21	30	340.0	4.6						1018.0	21.9		15.2			
2026	8	7	21	15	340.0	4.1						1018.0	21.3		15.1			
2026	8	7	21	0	340.0	5.1						1018.0	20.8		15.2		0.0	
2026	8	7	20	45	340.0	5.1						1018.0	20.5		15.2			
2026	8	7	20	30	330.0	4.6						1018.0	20.5		15.4			
2026	8	7	20	15	330.0	4.1						1018.0	20.3		16.0			
2026	8	7	20	0	330.0	4.1						1018.0	20.4		15.9		0.0	
2026	8	7	19	45	330.0	4.1						1018.0	20.3		15.4			
2026	8	7	19	30	330.0	3.6						1018.0	21.4		15.6			
2026	8	7	19	15	310.0	2.1						1018.0	23.1		15.8			
2026	8	7	19	0	320.0	2.1						1018.0	21.9		15.9		0.0	
2026	8	7	18	45	330.0	1.5						1018.0	21.6		16.2			
2026	8	7	18	30	330.0	2.1						1018.0	21.6		16.0			
2026	8	7	18	15	310.0	2.1						1018.0	21.0		15.4			
2026	8	7	18	0	260.0	1.5						1018.0	21.7		15.2		1.0	
2026	8	7	17	45	170.0	1.5						1018.0	21.6		14.6			
2026	8	7	17	30	170.0	2.1						1018.0	21.0		14.3			
2026	8	7	17	15	170.0	2.1						1018.0	20.4		14.2			
2026	8	7	17	0	160.0	2.6						1018.0	19.8		14.1		1.0	
2026	8	7	16	45	170.0	2.6						1018.0	19.4		13.9			
2026	8	7	16	30	180.0	2.1						1018.0	18.7		14.1			
2026	8	7	16	15	170.0	2.1						1018.0	17.9		13.9			
2026	8	7	16	0	170.0	2.1						1018.0	17.0		13.6		2.0	
2026	8	7	15	45	160.0	2.1						1018.0	16.3		13.5			
2026	8	7	15	30	150.0	2.1						1018.0	15.5		13.0			
2026	8	7	15	15	140.0	2.6						1017.0	14.7		12.9			
2026	8	7	15	0	150.0	2.6						1017.0	14.0		12.7		1.0	
2026	8	7	14	45	140.0	2.1						1017.0	13.1		12.5			
2026	8	7	14	30	130.0	1.5						1017.0	12.0		11.7			
2026	8	7	14	15	120.0	1.5						1017.0	11.0		10.7			
2026	8	7	14	0	110.0	1.0						1017.0	10.8		10.5		1.0	
2026	8	7	13	45		0.0						1017.0	9.8		9.5			
2026	8	7	13	30	170.0	0.5						1017.0	9.5		9.2			
2026	8	7	13	15	140.0	0.5						1017.0	9.2		8.9			
2026	8	7	13	0	130.0	1.0						1016.0	8.8		8.4		0.0	
2026	8	7	12	45	150.0	1.5						1016.0	9.9		9.5			
2026	8	7	12	30	220.0	1.0						1016.0	11.0		10.7			
2026	8	7	12	15	260.0	0.5						1016.0	10.5		10.2			
2026	8	7	12	0	10.0	1.0						1016.0	10.2		9.9		1.0	
2026	8	7	11	45	110.0	0.5						1016.0	9.9		9.5			
2026	8	7	11	30	130.0	0.5						1016.0	9.7		9.3			
2026	8	7	11	15	100.0	0.5						1016.0	9.9		9.5			
2026	8	7	11	0	60.0	1.0						1016.0	10.6		10.1		1.0	
2026	8	7	10	45	60.0	1.0						1016.0	10.5		10.1			
2026	8	7	10	30		0.0						1016.0	10.2		9.6			
2026	8	7	10	15	150.0	0.5						1016.0	10.5		9.9			
2026	8	7	10	0	170.0	2.1						1016.0	10.5		9.9		1.0	
2026	8	7	9	45	150.0	1.5						1015.0	10.6		9.8			
2026	8	7	9	30		0.0						1015.0	11.2		10.4			
2026	8	7	9	15		0.0						1016.0	11.1		10.2			
2026	8	7	9	0	200.0	1.0						1015.0	11.4		10.5		0.0	
2026	8	7	8	45	180.0	0.5						1015.0	11.2		10.1			
2026	8	7	8	30		0.0						1015.0	11.6		10.0			
2026	8	7	8	15		0.0						1015.0	12.4		10.5			
2026	8	7	8	0	90.0	1.0						1015.0	12.9		11.2		1.0	
2026	8	7	7	45	120.0	1.0						1015.0	12.2		10.8			
2026	8	7	7	30	140.0	1.0						1015.0	11.9		10.8			
2026	8	7	7	15	130.0	1.0						1015.0	11.6		10.7			
2026	8	7	7	0	130.0	1.0						1015.0	11.5		10.4		1.0	
2026	8	7	6	45	110.0	1.0						1015.0	12.1		10.7			
2026	8	7	6	30	140.0	1.0						1015.0	12.7		11.1			
2026	8	7	6	15	140.0	1.5						1015.0	12.6		11.2			
2026	8	7	6	0	130.0	1.5						1015.0	12.8		11.2		1.0	
2026	8	7	5	45	120.0	1.0						1015.0	13.3		11.6			
2026	8	7	5	30	160.0	1.0						1015.0	14.4		12.1			
2026	8	7	5	15	180.0	1.5						1014.0	14.6		12.3			
2026	8	7	5	0	150.0	1.5						1014.0	15.1		12.8		0.0	
2026	8	7	4	45	80.0	0.5						1014.0	15.9		13.1			
2026	8	7	4	30	90.0	1.0						1014.0	16.8		13.6			
2026	8	7	4	15	60.0	1.0						1014.0	16.9		13.9			
2026	8	7	4	0	20.0	1.0						1014.0	17.4		14.2		0.0	
2026	8	7	3	45	330.0	1.5						1014.0	18.4		14.4			
2026	8	7	3	30	280.0	1.0						1014.0	19.3		13.6			
2026	8	7	3	15	280.0	1.0						1014.0	19.7		14.2			
2026	8	7	3	0	340.0	0.5						1014.0	19.8		15.5		0.0	
2026	8	7	2	45	330.0	1.5						1013.0	20.2		15.7			
2026	8	7	2	30	330.0	2.6						1013.0	20.2		15.7			
2026	8	7	2	15	320.0	3.1						1013.0	20.5		15.8			
2026	8	7	2	0	330.0	3.1						1014.0	21.1		15.7		0.0	
2026	8	7	1	45	340.0	3.1						1014.0	20.8		16.3			
2026	8	7	1	30	330.0	3.1						1014.0	21.3		16.8			
2026	8	7	1	15	330.0	3.6						1014.0	22.0		16.2			
2026	8	7	1	0	330.0	3.6						1014.0	21.8		16.2		-1.0	
2026	8	7	0	45	340.0	4.1						1014.0	22.3		15.8			
2026	8	7	0	30	330.0	4.1						1014.0	22.7		16.2			
2026	8	7	0	15	340.0	4.6						1014.0	22.3		15.8			
2026	8	7	0	0	340.0	4.6						1014.0	22.0		15.9		-1.0	
2026	8	6	23	45	340.0	4.6						1014.0	21.9		15.9			
2026	8	6	23	30	340.0	4.6						1014.0	21.9		16.3			
2026	8	6	23	15	340.0	4.6						1014.0	21.7		16.1			
2026	8	6	23	0	340.0	4.6						1014.0	21.8		16.0		-1.0	
2026	8	6	22	45	330.0	4.1						1014.0	22.4		15.6			
2026	8	6	22	30	330.0	4.1						1014.0	22.2		15.4			
2026	8	6	22	15	330.0	4.1						1014.0	22.1		15.1			
2026	8	6	22	0	340.0	4.1						1015.0	21.9		15.2		-1.0	
2026	8	6	21	45	340.0	4.1						1015.0	21.7		15.4			
2026	8	6	21	30	340.0	4.6						1015.0	21.6		15.6			
2026	8	6	21	15	330.0	5.1						1015.0	21.5		15.5			
2026	8	6	21	0	340.0	5.1						1015.0	21.7		15.2		-1.0	
2026	8	6	20	45	340.0	4.6						1015.0	21.3		15.3			
2026	8	6	20	30	340.0	5.1						1015.0	20.9		15.8			
2026	8	6	20	15	340.0	5.1						1015.0	20.4		16.1			
2026	8	6	20	0	340.0	4.6						1015.0	20.2		16.1		-1.0	
2026	8	6	19	45	340.0	4.6						1015.0	19.9		16.0			
2026	8	6	19	30	340.0	5.1						1015.0	19.7		16.0			
2026	8	6	19	15	340.0	5.1						1015.0	19.5		16.0			
2026	8	6	19	0	340.0	4.6						1016.0	19.4		16.1		0.0	
2026	8	6	18	45	340.0	4.6						1016.0	19.6		16.1			
2026	8	6	18	30	340.0	4.6						1016.0	19.4		15.9			
2026	8	6	18	15	330.0	4.6						1016.0	19.2		15.9			
2026	8	6	18	0	330.0	4.1						1016.0	18.9		15.6		1.0	
2026	8	6	17	45	330.0	4.1						1016.0	18.8		15.7			
2026	8	6	17	30	320.0	3.6						1016.0	18.6		15.5			
2026	8	6	17	15	330.0	3.1						1016.0	18.7		15.2			
2026	8	6	17	0	330.0	3.6						1016.0	18.6		15.0		1.0	
2026	8	6	16	45	330.0	3.6						1016.0	18.8		14.8			
2026	8	6	16	30	40.0	1.0						1016.0	18.7		13.9			
2026	8	6	16	15	110.0	0.5						1016.0	17.7		13.7			
2026	8	6	16	0		0.0						1016.0	17.0		13.4		1.0	
2026	8	6	15	45	230.0	1.0						1016.0	16.1		13.6			
2026	8	6	15	30	210.0	1.0						1016.0	15.4		13.8			
2026	8	6	15	15	200.0	1.0						1015.0	14.3		13.7			
2026	8	6	15	0	150.0	1.0						1015.0	13.2		12.9		1.0	
2026	8	6	14	45	120.0	1.0						1015.0	12.3		12.0			
2026	8	6	14	30		0.0						1015.0	11.7		11.4			
2026	8	6	14	15		0.0						1015.0	11.3		11.0			
2026	8	6	14	0		0.0						1015.0	11.3		11.2		1.0	
2026	8	6	13	45		0.0						1015.0	10.8		10.7			
2026	8	6	13	30		0.0						1015.0	10.1		9.8			
2026	8	6	13	15		0.0						1015.0	10.1		9.8			
2026	8	6	13	0		0.0						1015.0	10.8		10.7		1.0	
2026	8	6	12	45	60.0	1.0						1015.0	10.7		10.4			
2026	8	6	12	30		0.0						1014.0	10.7		10.6			
2026	8	6	12	15		0.0						1014.0	10.5		10.2			
2026	8	6	12	0		0.0						1014.0	10.3		10.0		1.0	
2026	8	6	11	45		0.0						1014.0	11.2		10.9			
2026	8	6	11	30	90.0	1.0						1014.0	10.8		10.5			
2026	8	6	11	15	90.0	0.5						1014.0	10.9		10.6			
2026	8	6	11	0	120.0	0.5						1014.0	10.6		10.1		1.0	
2026	8	6	10	45	150.0	0.5						1014.0	10.8		10.3			
2026	8	6	10	30	180.0	1.5						1014.0	11.0		10.5			
2026	8	6	10	15	180.0	1.0						1014.0	11.1		10.5			
2026	8	6	10	0	130.0	0.5						1014.0	11.8		11.3		1.0	
2026	8	6	9	45		0.0						1013.0	11.6		11.0			
2026	8	6	9	30		0.0						1013.0	11.4		10.8			
2026	8	6	9	15	200.0	1.0						1013.0	11.7		11.1			
2026	8	6	9	0		0.0						1013.0	11.5		10.9		0.0	
2026	8	6	8	45	130.0	0.5						1013.0	11.3		10.5			
2026	8	6	8	30	100.0	0.5						1013.0	11.6		10.8			
2026	8	6	8	15	160.0	1.0						1013.0	12.0		11.1			
2026	8	6	8	0	210.0	0.5						1013.0	12.0		11.2		0.0	
2026	8	6	7	45	90.0	0.5						1013.0	12.0		11.1			
2026	8	6	7	30	140.0	0.5						1013.0	12.5		11.3			
2026	8	6	7	15		0.0						1013.0	13.0		11.7			
2026	8	6	7	0		0.0						1013.0	12.9		11.7		1.0	
2026	8	6	6	45	100.0	0.5						1013.0	12.9		11.5			
2026	8	6	6	30	80.0	0.5						1013.0	13.1		11.7			
2026	8	6	6	15	90.0	1.0						1013.0	13.2		11.8			
2026	8	6	6	0	90.0	1.0						1013.0	13.7		11.9		1.0	
2026	8	6	5	45	100.0	1.0						1013.0	14.1		12.3			
2026	8	6	5	30	90.0	1.0						1013.0	14.5		12.6			
2026	8	6	5	15	160.0	0.5						1013.0	15.5		13.9			
2026	8	6	5	0	110.0	0.5						1013.0	16.2		13.7		1.0	
2026	8	6	4	45	50.0	1.0						1012.0	17.0		14.5			
2026	8	6	4	30	330.0	1.5						1012.0	17.3		14.8			
2026	8	6	4	15	330.0	2.1						1012.0	17.6		14.9			
2026	8	6	4	0	320.0	2.1						1012.0	17.9		15.2		0.0	
2026	8	6	3	45	290.0	2.1						1012.0	18.4		15.1			
2026	8	6	3	30	310.0	1.0						1012.0	20.0		14.5			
2026	8	6	3	15	330.0	1.5						1012.0	20.2		14.0			
2026	8	6	3	0	350.0	2.6						1012.0	20.5		14.5		0.0	
2026	8	6	2	45	350.0	2.6						1012.0	20.9		14.2			
2026	8	6	2	30	350.0	3.1						1012.0	21.4		14.0			
2026	8	6	2	15	350.0	3.1						1012.0	21.1		14.4			
2026	8	6	2	0	350.0	3.6						1012.0	21.7		14.3		-1.0	
2026	8	6	1	45	340.0	4.1						1012.0	22.1		13.9			
2026	8	6	1	30	350.0	3.6						1012.0	22.8		13.7			
2026	8	6	1	15	350.0	4.1						1012.0	22.5		13.7			
2026	8	6	1	0	340.0	4.6						1012.0	22.2		14.2		-1.0	
2026	8	6	0	45	340.0	4.6						1012.0	22.4		14.2			
2026	8	6	0	30	340.0	4.6						1012.0	22.5		14.5			
2026	8	6	0	15	340.0	4.6						1012.0	22.4		14.9			
2026	8	6	0	0	350.0	5.1						1012.0	21.8		14.8		-2.0	
2026	8	5	23	45	340.0	5.1						1012.0	21.8		14.8			
2026	8	5	23	30	340.0	5.7						1012.0	21.7		15.0			
2026	8	5	23	15	340.0	5.7						1012.0	21.6		14.9			
2026	8	5	23	0	340.0	5.7						1013.0	21.5		14.8		-1.0	
2026	8	5	22	45	350.0	5.7						1013.0	21.3		15.1			
2026	8	5	22	30	340.0	5.7						1013.0	21.1		15.1			
2026	8	5	22	15	340.0	5.7						1013.0	21.1		15.1			
2026	8	5	22	0	340.0	5.7						1013.0	21.0		15.4		-1.0	
2026	8	5	21	45	340.0	5.7						1013.0	20.8		15.7			
2026	8	5	21	30	340.0	5.7						1013.0	20.4		15.9			
2026	8	5	21	15	340.0	5.7						1013.0	19.9		16.0			
2026	8	5	21	0	340.0	5.7						1014.0	19.8		16.1		-1.0	
2026	8	5	20	45	350.0	5.7						1014.0	19.7		16.0			
