YY	MM	DD	hh	mm	WDIR	WSPD	GST	WVHT	DPD	APD	MWD	PRES	ATMP	WTMP	DEWP	VIS	PTDY	TIDE
2026	10	3	9	30	340.0	4.6						1020.0	13.8		13.5			
2026	10	3	9	15	350.0	3.6						1020.0	13.9		13.7			
2026	10	3	9	0	350.0	3.1						1020.0	13.9		13.7		0.0	
2026	10	3	8	45	350.0	3.1						1020.0	13.8		13.6			
2026	10	3	8	30	330.0	3.1						1020.0	13.9		13.6			
2026	10	3	8	15	340.0	3.1						1020.0	13.9		13.6			
2026	10	3	8	0	350.0	2.6						1020.0	14.0		13.5		0.0	
2026	10	3	7	45	350.0	2.6						1020.0	13.9		13.4			
2026	10	3	7	30	350.0	3.1						1020.0	13.8		13.3			
2026	10	3	7	15	350.0	2.6						1020.0	13.9		13.3			
2026	10	3	7	0	340.0	2.6						1020.0	14.0		13.4		0.0	
2026	10	3	6	45	350.0	2.1						1020.0	13.9		13.3			
2026	10	3	6	30	10.0	2.1						1020.0	13.7		13.1			
2026	10	3	6	15	350.0	1.5						1020.0	12.9		12.3			
2026	10	3	6	0	10.0	1.0						1020.0	13.0		12.1		0.0	
2026	10	3	5	45	350.0	1.0						1020.0	13.4		12.5			
2026	10	3	5	30	40.0	1.0						1020.0	13.3		12.2			
2026	10	3	5	15	360.0	2.1						1020.0	14.1		12.7			
2026	10	3	5	0	360.0	1.5						1020.0	14.1		12.7		1.0	
2026	10	3	4	45	20.0	1.5						1020.0	14.2		12.6			
2026	10	3	4	30	10.0	2.1						1020.0	14.2		12.8			
2026	10	3	4	15	20.0	2.1						1020.0	14.3		12.9			
2026	10	3	4	0	10.0	2.6						1020.0	14.3		12.7		1.0	
2026	10	3	3	45	360.0	2.6						1020.0	14.2		12.9			
2026	10	3	3	30	350.0	2.6						1020.0	13.9		13.0			
2026	10	3	3	15	340.0	2.6						1020.0	14.4		13.1			
2026	10	3	3	0	350.0	2.6						1020.0	14.7		13.4		1.0	
2026	10	3	2	45	340.0	2.6						1019.0	14.7		13.3			
2026	10	3	2	30	320.0	2.1						1019.0	15.0		13.4			
2026	10	3	2	15	330.0	2.1						1019.0	15.3		13.5			
2026	10	3	2	0	340.0	2.6						1019.0	15.3		13.5		0.0	
2026	10	3	1	45	340.0	2.6						1019.0	15.1		13.5			
2026	10	3	1	30	330.0	2.6						1019.0	15.1		13.7			
2026	10	3	1	15	330.0	2.6						1019.0	15.7		14.1			
2026	10	3	1	0	340.0	2.6						1019.0	16.4		14.3		0.0	
2026	10	3	0	45	340.0	1.5						1019.0	17.4		14.5			
2026	10	3	0	30	350.0	1.0						1019.0	18.1		14.8			
2026	10	3	0	15	340.0	1.5						1019.0	18.4		15.0			
2026	10	3	0	0	290.0	1.5						1019.0	19.6		15.1		0.0	
2026	10	2	23	45	210.0	1.5						1019.0	19.9		14.8			
2026	10	2	23	30	210.0	1.0						1019.0	20.2		15.1			
2026	10	2	23	15	220.0	2.1						1019.0	20.0		14.9			
2026	10	2	23	0	220.0	2.1						1019.0	20.2		14.9		0.0	
2026	10	2	22	45	220.0	1.5						1019.0	19.7		15.0			
2026	10	2	22	30	220.0	2.6						1019.0	19.7		15.2			
2026	10	2	22	15	220.0	2.1						1019.0	19.9		15.0			
2026	10	2	22	0	220.0	2.6						1019.0	19.9		15.2		0.0	
2026	10	2	21	45	230.0	2.1						1019.0	19.9		15.4			
2026	10	2	21	30	190.0	2.6						1019.0	19.2		15.1			
2026	10	2	21	15	170.0	2.6						1019.0	18.9		14.9			
2026	10	2	21	0	170.0	2.6						1019.0	18.9		15.1		1.0	
2026	10	2	20	45	180.0	2.6						1019.0	18.5		14.9			
2026	10	2	20	30	190.0	2.6						1019.0	18.2		14.6			
2026	10	2	20	15	190.0	3.1						1019.0	18.2		14.8			
2026	10	2	20	0	190.0	3.1						1019.0	17.8		14.6		1.0	
2026	10	2	19	45	180.0	2.6						1019.0	17.1		14.4			
2026	10	2	19	30	180.0	3.6						1019.0	16.7		14.4			
2026	10	2	19	15	190.0	3.6						1019.0	16.8		14.7			
2026	10	2	19	0	170.0	3.6						1019.0	16.3		14.3		2.0	
2026	10	2	18	45	160.0	3.6						1019.0	16.0		14.2			
2026	10	2	18	30	150.0	4.1						1018.0	15.7		13.9			
2026	10	2	18	15	150.0	3.6						1018.0	15.5		14.1			
2026	10	2	18	0	160.0	3.6						1018.0	14.9		13.8		1.0	
2026	10	2	17	45	160.0	4.1						1018.0	14.7		13.6			
2026	10	2	17	30	150.0	3.6						1018.0	14.6		13.7			
2026	10	2	17	15	150.0	3.6						1018.0	14.4		13.5			
2026	10	2	17	0	150.0	3.1						1018.0	14.3		13.2		1.0	
2026	10	2	16	45	150.0	2.1						1018.0	14.2		13.3			
2026	10	2	16	30	160.0	2.1						1017.0	13.9		13.1			
2026	10	2	16	15	160.0	1.5						1017.0	13.7		12.9			
2026	10	2	16	0	160.0	1.0						1017.0	13.5		12.7		1.0	
2026	10	2	15	45	150.0	1.5						1017.0	13.5		12.7			
2026	10	2	15	30	150.0	1.0						1017.0	13.4		12.6			
2026	10	2	15	15	130.0	1.0						1017.0	13.2		12.6			
2026	10	2	15	0		0.0						1017.0	13.1		12.6		1.0	
2026	10	2	14	45		0.0						1017.0	13.0		12.5			
2026	10	2	14	30		0.0						1017.0	12.9		12.4			
2026	10	2	14	15	110.0	0.5						1017.0	12.9		12.3			
2026	10	2	14	0	170.0	0.5						1017.0	13.0		12.4		1.0	
2026	10	2	13	45	110.0	0.5						1016.0	13.0		12.4			
2026	10	2	13	30		0.0						1016.0	13.0		12.4			
2026	10	2	13	15	290.0	0.5						1016.0	13.0		12.4			
2026	10	2	13	0	260.0	1.0						1016.0	13.0		12.4		0.0	
2026	10	2	12	45	280.0	1.0						1016.0	12.9		12.3			
2026	10	2	12	30		0.0						1016.0	13.0		12.4			
2026	10	2	12	15		0.0						1016.0	12.9		12.3			
2026	10	2	12	0		0.0						1016.0	12.9		12.1		0.0	
2026	10	2	11	45	90.0	0.5						1016.0	13.0		12.2			
2026	10	2	11	30	360.0	1.0						1016.0	13.0		12.2			
2026	10	2	11	15	360.0	1.5						1016.0	13.0		12.2			
2026	10	2	11	0	350.0	2.1						1016.0	13.0		12.2		0.0	
2026	10	2	10	45	350.0	2.1						1016.0	13.0		12.2			
2026	10	2	10	30	340.0	2.1						1016.0	13.0		12.2			
2026	10	2	10	15	340.0	2.1						1016.0	13.0		12.2			
2026	10	2	10	0	330.0	2.1						1016.0	13.1		12.3		0.0	
2026	10	2	9	45	320.0	0.5						1016.0	13.1		12.2			
2026	10	2	9	30		0.0						1016.0	13.1		12.2			
2026	10	2	9	15	20.0	1.0						1016.0	13.2		12.3			
2026	10	2	9	0	350.0	1.5						1016.0	13.1		12.2		0.0	
2026	10	2	8	45	360.0	1.5						1016.0	13.2		12.3			
2026	10	2	8	30	350.0	2.6						1016.0	13.2		12.3			
2026	10	2	8	15	340.0	3.1						1016.0	13.1		12.0			
2026	10	2	8	0	350.0	3.1						1016.0	13.1		12.0		-1.0	
2026	10	2	7	45	350.0	3.1						1016.0	13.2		12.1			
2026	10	2	7	30	360.0	1.5						1016.0	13.3		12.4			
2026	10	2	7	15	340.0	2.1						1016.0	13.3		12.5			
2026	10	2	7	0	340.0	1.5						1016.0	13.1		12.5		-1.0	
2026	10	2	6	45	350.0	1.5						1016.0	13.0		12.2			
2026	10	2	6	30	330.0	2.1						1016.0	13.2		12.4			
2026	10	2	6	15	290.0	1.0						1016.0	13.0		12.1			
2026	10	2	6	0	280.0	1.0						1016.0	13.1		12.0		-1.0	
2026	10	2	5	45		0.0						1016.0	13.3		12.0			
2026	10	2	5	30	90.0	0.5						1017.0	13.5		12.2			
2026	10	2	5	15	360.0	1.0						1017.0	13.5		12.2			
2026	10	2	5	0	360.0	2.1						1017.0	13.5		12.1		0.0	
2026	10	2	4	45	360.0	2.1						1017.0	13.4		12.1			
2026	10	2	4	30	350.0	2.6						1017.0	13.2		12.1			
2026	10	2	4	15	330.0	3.1						1017.0	13.1		12.0			
2026	10	2	4	0	350.0	3.1						1017.0	13.0		11.7		1.0	
2026	10	2	3	45	360.0	3.6						1017.0	13.1		11.7			
2026	10	2	3	30	340.0	4.1						1017.0	13.1		11.7			
2026	10	2	3	15	340.0	4.1						1017.0	12.8		11.7			
2026	10	2	3	0	340.0	3.6						1017.0	12.9		11.8		-0.0	
2026	10	2	2	45	340.0	3.6						1017.0	12.9		11.5			
2026	10	2	2	30	340.0	4.6						1017.0	13.0		11.7			
2026	10	2	2	15	340.0	4.6						1017.0	13.1		11.7			
2026	10	2	2	0	350.0	4.1						1017.0	13.3		11.6		-0.0	
2026	10	2	1	45	340.0	3.6						1016.0	13.3		11.6			
2026	10	2	1	30	350.0	3.6						1016.0	13.4		11.3			
2026	10	2	1	15	350.0	3.1						1016.0	13.5		11.6			
2026	10	2	1	0	340.0	3.6						1016.0	13.6		11.5		-2.0	
2026	10	2	0	45	340.0	2.6						1016.0	14.1		11.5			
2026	10	2	0	30	360.0	2.6						1016.0	14.3		11.3			
2026	10	2	0	15	360.0	2.1						1017.0	13.9		11.5			
2026	10	2	0	0	350.0	2.6						1017.0	13.6		11.7		-1.0	
2026	10	1	23	45	320.0	3.1						1017.0	13.7		11.6			
2026	10	1	23	30	320.0	3.1						1017.0	14.1		11.8			
2026	10	1	23	15	340.0	3.1						1017.0	14.0		11.7			
2026	10	1	23	0	340.0	3.1						1017.0	13.8		11.7		-2.0	
2026	10	1	22	45	330.0	3.6						1017.0	13.9		11.6			
2026	10	1	22	30	350.0	2.6						1017.0	14.7		11.7			
2026	10	1	22	15	350.0	4.1						1018.0	14.0		11.7			
2026	10	1	22	0	340.0	4.1						1018.0	14.1		11.8		-1.0	
2026	10	1	21	45	340.0	4.1						1018.0	14.0		11.6			
2026	10	1	21	30	340.0	4.1						1018.0	14.0		11.6			
2026	10	1	21	15	340.0	4.1						1018.0	14.1		11.7			
2026	10	1	21	0	340.0	4.1						1018.0	13.8		11.7		-1.0	
2026	10	1	20	45	340.0	4.1						1018.0	14.1		12.0			
2026	10	1	20	30	340.0	3.6						1019.0	14.0		11.9			
2026	10	1	20	15	330.0	3.6						1019.0	14.0		11.9			
2026	10	1	20	0	310.0	3.1						1019.0	13.9		11.6		0.0	
2026	10	1	19	45	320.0	3.1						1019.0	13.5		11.2			
2026	10	1	19	30	320.0	3.6						1019.0	13.5		11.4			
2026	10	1	19	15	330.0	3.1						1019.0	13.6		11.7			
2026	10	1	19	0	340.0	4.1						1019.0	13.5		11.4		0.0	
2026	10	1	18	45	340.0	4.1						1019.0	13.5		11.6			
2026	10	1	18	30	340.0	3.6						1019.0	13.4		11.8			
2026	10	1	18	15	340.0	3.1						1019.0	13.1		11.5			
2026	10	1	18	0	330.0	2.6						1019.0	13.1		11.7		0.0	
2026	10	1	17	45	320.0	2.1						1019.0	13.3		11.6			
2026	10	1	17	30	320.0	1.5						1019.0	12.9		11.5			
2026	10	1	17	15	320.0	1.5						1019.0	12.6		11.5			
2026	10	1	17	0	300.0	1.5						1019.0	12.5		11.7		1.0	
2026	10	1	16	45	210.0	1.0						1019.0	12.0		11.7			
2026	10	1	16	30		0.0						1019.0	12.0		11.8			
2026	10	1	16	15		0.0						1019.0	11.7		11.6			
2026	10	1	16	0		0.0						1019.0	11.5		11.4		-0.0	
2026	10	1	15	45		0.0						1018.0	10.8		10.7			
2026	10	1	15	30		0.0						1019.0	10.4		10.3			
2026	10	1	15	15		0.0						1019.0	9.8		9.7			
2026	10	1	15	0		0.0						1019.0	9.2		9.1		-0.0	
2026	10	1	14	45		0.0						1018.0	8.8		8.7			
2026	10	1	14	30	160.0	0.5						1018.0	8.6		8.3			
2026	10	1	14	15		0.0						1018.0	8.7		8.4			
2026	10	1	14	0	80.0	0.5						1018.0	9.1		8.8		-1.0	
2026	10	1	13	45		0.0						1019.0	9.4		9.1			
2026	10	1	13	30		0.0						1019.0	9.8		9.5			
2026	10	1	13	15		0.0						1019.0	9.4		9.1			
2026	10	1	13	0	70.0	1.0						1019.0	9.5		9.2		0.0	
2026	10	1	12	45	70.0	0.5						1019.0	9.7		9.3			
2026	10	1	12	30		0.0						1019.0	10.1		9.7			
2026	10	1	12	15		0.0						1019.0	10.0		9.6			
2026	10	1	12	0		0.0						1019.0	10.4		9.8		0.0	
2026	10	1	11	45	70.0	0.5						1019.0	10.6		10.0			
2026	10	1	11	30	60.0	1.5						1019.0	10.7		10.1			
2026	10	1	11	15		0.0						1019.0	10.9		10.3			
2026	10	1	11	0	360.0	0.5						1019.0	10.9		10.4		0.0	
2026	10	1	10	45		0.0						1019.0	10.8		10.2			
2026	10	1	10	30		0.0						1019.0	10.8		10.2			
2026	10	1	10	15		0.0						1019.0	10.9		10.3			
2026	10	1	10	0		0.0						1019.0	11.0		10.4		-1.0	
2026	10	1	9	45		0.0						1019.0	11.1		10.5			
2026	10	1	9	30	180.0	0.5						1019.0	11.2		10.3			
2026	10	1	9	15	90.0	0.5						1019.0	11.4		10.3			
2026	10	1	9	0	60.0	0.5						1019.0	11.4		10.5		0.0	
2026	10	1	8	45	60.0	1.0						1019.0	11.4		10.3			
2026	10	1	8	30	360.0	1.0						1019.0	11.7		10.5			
2026	10	1	8	15	350.0	0.5						1019.0	11.7		10.5			
2026	10	1	8	0	40.0	1.0						1019.0	11.8		10.4		0.0	
2026	10	1	7	45	10.0	1.5						1019.0	12.1		10.4			
2026	10	1	7	30	350.0	1.5						1019.0	12.1		10.4			
2026	10	1	7	15	360.0	1.5						1020.0	12.0		10.3			
2026	10	1	7	0	20.0	1.5						1020.0	12.1		10.2		1.0	
2026	10	1	6	45	350.0	2.1						1019.0	12.5		10.4			
2026	10	1	6	30	340.0	2.6						1019.0	12.6		10.7			
2026	10	1	6	15	340.0	2.6						1019.0	12.6		10.5			
2026	10	1	6	0	330.0	2.6						1019.0	12.5		10.6		0.0	
2026	10	1	5	45	330.0	2.1						1019.0	12.4		10.5			
2026	10	1	5	30	330.0	2.1						1019.0	12.5		10.4			
2026	10	1	5	15	320.0	3.1						1019.0	12.6		10.4			
2026	10	1	5	0	320.0	3.6						1019.0	12.6		10.4		0.0	
2026	10	1	4	45	320.0	3.1						1019.0	12.4		10.3			
2026	10	1	4	30	320.0	2.6						1019.0	12.3		10.2			
2026	10	1	4	15	330.0	3.1						1019.0	12.4		10.2			
2026	10	1	4	0	330.0	3.1						1019.0	12.6		10.7		0.0	
2026	10	1	3	45	330.0	3.1						1019.0	12.5		10.4			
2026	10	1	3	30	330.0	3.6						1019.0	12.4		10.5			
2026	10	1	3	15	330.0	3.6						1019.0	12.2		10.5			
2026	10	1	3	0	330.0	3.6						1019.0	12.4		10.5		0.0	
2026	10	1	2	45	340.0	3.6						1019.0	12.4		10.3			
2026	10	1	2	30	340.0	4.6						1019.0	12.5		10.3			
2026	10	1	2	15	340.0	3.6						1019.0	12.5		10.4			
2026	10	1	2	0	340.0	2.6						1019.0	12.5		10.4		-1.0	
2026	10	1	1	45	350.0	3.1						1019.0	12.7		10.6			
2026	10	1	1	30	340.0	3.1						1019.0	12.8		10.4			
2026	10	1	1	15	340.0	4.1						1019.0	12.9		10.3			
2026	10	1	1	0	350.0	4.6						1019.0	12.9		10.3		-1.0	
2026	10	1	0	45	350.0	4.6						1019.0	13.0		10.4			
2026	10	1	0	30	350.0	4.1						1019.0	13.4		10.8			
2026	10	1	0	15	340.0	4.6						1019.0	13.3		10.5			
2026	10	1	0	0	340.0	4.6						1019.0	13.6		10.8		-2.0	
2026	9	30	23	45	340.0	4.1						1019.0	13.4		10.8			
2026	9	30	22	30	340.0	4.1						1020.0	14.3		11.7			
2026	9	30	22	15	340.0	3.6						1020.0	14.4		11.6			
2026	9	30	22	0	330.0	3.6						1020.0	14.1		11.7		-1.0	
2026	9	30	21	45	340.0	3.6						1020.0	14.0		11.6			
2026	9	30	21	30	340.0	4.1						1020.0	13.8		11.5			
2026	9	30	21	15	340.0	3.6						1021.0	13.9		11.8			
2026	9	30	21	0	340.0	4.1						1021.0	13.8		11.4		0.0	
2026	9	30	20	45	340.0	4.1						1021.0	13.9		11.5			
2026	9	30	20	30	340.0	4.1						1021.0	13.5		11.1			
2026	9	30	20	15	340.0	3.6						1021.0	13.3		11.0			
2026	9	30	20	0	330.0	3.1						1021.0	13.1		10.7		0.0	
2026	9	30	19	45	320.0	3.1						1021.0	13.0		10.4			
2026	9	30	19	30	310.0	3.6						1021.0	12.9		10.6			
2026	9	30	19	15	310.0	3.1						1021.0	12.8		10.6			
2026	9	30	19	0	320.0	3.6						1021.0	12.8		10.7		0.0	
2026	9	30	18	45	310.0	3.1						1021.0	12.5		10.8			
2026	9	30	18	30	320.0	3.1						1021.0	12.3		10.6			
2026	9	30	18	15	320.0	3.1						1021.0	12.1		10.5			
2026	9	30	18	0	310.0	3.1						1021.0	11.7		10.3		1.0	
2026	9	30	17	45	310.0	2.1						1021.0	11.7		10.1			
2026	9	30	17	30	330.0	1.0						1021.0	11.8		10.2			
2026	9	30	17	15	10.0	0.5						1021.0	11.8		10.1			
2026	9	30	17	0	70.0	1.0						1021.0	11.3		10.1		1.0	
2026	9	30	16	45	110.0	2.1						1021.0	11.0		10.1			
2026	9	30	16	30	80.0	1.5						1021.0	10.8		10.5			
2026	9	30	16	15		0.0						1021.0	10.3		10.2			
2026	9	30	16	0		0.0						1021.0	9.9		9.8		2.0	
2026	9	30	15	45		0.0						1021.0	9.2		9.2			
2026	9	30	15	30	170.0	1.0						1021.0	8.3		8.2			
2026	9	30	15	15	160.0	0.5						1021.0	8.0		7.9			
2026	9	30	15	0		0.0						1020.0	7.4		7.3		1.0	
2026	9	30	14	45		0.0						1020.0	7.0		6.9			
2026	9	30	14	30		0.0						1020.0	6.8		6.7			
2026	9	30	14	15		0.0						1020.0	6.6		6.5			
2026	9	30	14	0	70.0	0.5						1020.0	6.1		6.0		1.0	
2026	9	30	13	45		0.0						1020.0	5.9		5.8			
2026	9	30	13	30		0.0						1020.0	5.9		5.8			
2026	9	30	13	15		0.0						1019.0	5.7		5.6			
2026	9	30	13	0		0.0						1019.0	5.5		5.4		1.0	
2026	9	30	12	45	170.0	1.0						1019.0	5.8		5.7			
2026	9	30	12	30		0.0						1019.0	5.8		5.7			
2026	9	30	12	15		0.0						1019.0	6.3		6.2			
2026	9	30	12	0		0.0						1019.0	6.9		6.8		1.0	
2026	9	30	11	45		0.0						1019.0	6.2		6.1			
2026	9	30	11	30	190.0	1.0						1019.0	6.1		5.8			
2026	9	30	11	15	140.0	1.5						1019.0	6.5		6.2			
2026	9	30	11	0	130.0	1.5						1019.0	6.7		6.3		2.0	
2026	9	30	10	45	10.0	0.5						1019.0	7.1		6.7			
2026	9	30	10	30	210.0	0.5						1018.0	7.5		7.1			
2026	9	30	10	15		0.0						1018.0	7.6		7.2			
2026	9	30	10	0		0.0						1018.0	7.7		7.1		1.0	
2026	9	30	9	45	130.0	1.0						1018.0	8.1		7.5			
2026	9	30	9	30	140.0	2.1						1018.0	8.4		7.8			
2026	9	30	9	15	120.0	2.1						1018.0	8.5		7.9			
2026	9	30	9	0	130.0	1.5						1018.0	8.7		8.0		2.0	
2026	9	30	8	45	160.0	1.5						1018.0	9.2		8.5			
2026	9	30	8	30	160.0	2.1						1017.0	9.7		8.8			
2026	9	30	8	15	150.0	2.1						1017.0	9.8		9.0			
2026	9	30	8	0	150.0	2.1						1017.0	9.6		8.8		2.0	
2026	9	30	7	45	150.0	3.1						1017.0	9.7		8.9			
2026	9	30	7	30	150.0	2.6						1017.0	9.7		8.9			
2026	9	30	7	15	140.0	2.6						1017.0	9.5		8.7			
2026	9	30	7	0	140.0	2.1						1017.0	9.6		8.7		2.0	
2026	9	30	6	45	140.0	2.6						1016.0	9.6		8.8			
2026	9	30	6	30	140.0	2.1						1016.0	9.6		8.5			
2026	9	30	6	15	150.0	2.6						1016.0	9.9		8.5			
2026	9	30	6	0	160.0	2.1						1016.0	10.0		8.8		1.0	
2026	9	30	5	45	150.0	2.6						1016.0	10.1		9.0			
2026	9	30	5	30	130.0	2.6						1016.0	10.0		9.2			
2026	9	30	5	15	120.0	2.1						1016.0	10.3		9.5			
2026	9	30	5	0	120.0	2.6						1015.0	10.7		9.8		1.0	
2026	9	30	4	45	130.0	2.6						1016.0	10.8		10.0			
2026	9	30	4	30	140.0	2.1						1016.0	10.9		10.1			
2026	9	30	4	15	150.0	2.1						1015.0	11.2		10.4			
2026	9	30	4	0	150.0	2.6						1015.0	11.5		10.7		1.0	
2026	9	30	3	45	160.0	2.6						1015.0	11.7		10.9			
2026	9	30	3	30	160.0	2.6						1015.0	12.1		11.3			
2026	9	30	3	15	150.0	2.6						1015.0	12.2		11.4			
2026	9	30	3	0	150.0	1.5						1015.0	12.3		11.5		1.0	
2026	9	30	2	45	160.0	1.0						1015.0	12.5		11.4			
2026	9	30	2	30	170.0	1.5						1015.0	12.7		11.6			
2026	9	30	2	15	170.0	1.0						1015.0	12.8		11.7			
2026	9	30	2	0	170.0	1.5						1014.0	12.8		11.9		0.0	
2026	9	30	1	45	150.0	2.1						1014.0	12.8		11.7			
2026	9	30	1	30	150.0	2.6						1014.0	12.9		11.5			
2026	9	30	1	15	150.0	2.6						1014.0	13.0		11.6			
2026	9	30	1	0	140.0	2.6						1014.0	12.9		11.7		1.0	
2026	9	30	0	45	140.0	2.6						1014.0	13.1		11.8			
2026	9	30	0	30	150.0	2.6						1014.0	13.2		11.8			
2026	9	30	0	15	150.0	2.1						1014.0	13.3		11.9			
2026	9	30	0	0	160.0	2.6						1014.0	13.3		11.7		1.0	
2026	9	29	23	45	160.0	2.1						1014.0	13.3		11.7			
2026	9	29	23	30	180.0	2.1						1014.0	13.3		11.6			
2026	9	29	23	15	190.0	2.1						1014.0	13.3		11.6			
2026	9	29	23	0	180.0	2.6						1014.0	13.5		11.6		1.0	
2026	9	29	22	45	190.0	2.1						1014.0	13.4		11.5			
2026	9	29	22	30	170.0	1.5						1013.0	13.3		11.6			
2026	9	29	22	15	220.0	2.6						1013.0	13.5		11.2			
2026	9	29	22	0	270.0	1.0						1013.0	13.6		11.3		0.0	
2026	9	29	21	45	230.0	2.6						1013.0	13.6		11.7			
2026	9	29	21	30	200.0	2.6						1012.0	13.4		12.6			
2026	9	29	21	15	180.0	3.6						1012.0	13.4		12.9			
2026	9	29	21	0	190.0	2.6						1013.0	13.5		13.2		1.0	
2026	9	29	20	45	190.0	3.1						1013.0	13.6		13.3			
2026	9	29	20	30	190.0	3.6						1013.0	13.6		13.3			
2026	9	29	20	15	190.0	3.6						1013.0	13.6		13.3			
2026	9	29	20	0	200.0	3.6						1013.0	13.7		13.4		1.0	
2026	9	29	19	45	190.0	3.6						1013.0	13.9		13.6			
2026	9	29	19	30	190.0	3.1						1013.0	14.1		13.8			
2026	9	29	19	15	180.0	3.1						1013.0	14.2		13.9			
2026	9	29	19	0	180.0	4.1						1013.0	14.1		13.8		1.0	
2026	9	29	18	45	180.0	4.6						1013.0	14.0		13.7			
2026	9	29	18	30	180.0	4.6						1013.0	14.0		13.7			
2026	9	29	18	15	180.0	4.1						1013.0	14.1		13.8			
2026	9	29	18	0	170.0	4.1						1012.0	14.0		13.7		1.0	
2026	9	29	17	45	180.0	4.6						1012.0	13.9		13.6			
2026	9	29	17	30	180.0	4.6						1012.0	13.9		13.6			
2026	9	29	17	15	180.0	4.6						1012.0	13.9		13.4			
2026	9	29	17	0	180.0	4.6						1012.0	13.9		13.4		1.0	
2026	9	29	16	45	180.0	4.1						1012.0	13.9		13.4			
2026	9	29	16	30	180.0	4.1						1012.0	14.0		13.5			
2026	9	29	16	15	170.0	4.1						1012.0	13.9		13.4			
2026	9	29	16	0	160.0	4.6						1012.0	13.9		13.3		1.0	
2026	9	29	15	45	160.0	4.6						1012.0	13.8		13.2			
2026	9	29	15	30	160.0	4.6						1011.0	13.7		13.1			
2026	9	29	15	15	160.0	4.6						1011.0	13.6		13.0			
2026	9	29	15	0	160.0	5.1						1011.0	13.5		12.9		0.0	
2026	9	29	14	45	160.0	5.1						1011.0	13.5		12.9			
2026	9	29	14	30	150.0	5.1						1011.0	13.4		12.8			
2026	9	29	14	15	150.0	5.1						1011.0	13.5		12.7			
2026	9	29	14	0	150.0	4.6						1011.0	13.4		12.5		0.0	
2026	9	29	13	45	150.0	4.6						1011.0	13.4		12.3			
2026	9	29	13	30	150.0	4.6						1011.0	13.4		12.3			
2026	9	29	13	15	150.0	5.1						1011.0	13.4		12.1			
2026	9	29	13	0	150.0	4.6						1011.0	13.4		12.1		0.0	
2026	9	29	12	45	150.0	5.1						1011.0	13.4		12.0			
2026	9	29	12	30	150.0	5.1						1011.0	13.5		11.7			
2026	9	29	12	15	150.0	5.1						1011.0	13.5		11.7			
2026	9	29	12	0	150.0	4.6						1011.0	13.4		11.7		-1.0	
2026	9	29	11	45	150.0	5.1						1011.0	13.5		11.6			
2026	9	29	11	30	150.0	5.1						1011.0	13.5		11.7			
2026	9	29	11	15	150.0	5.7						1011.0	13.4		11.7			
2026	9	29	11	0	150.0	5.7						1011.0	13.4		11.8		-1.0	
2026	9	29	10	45	150.0	5.7						1012.0	13.6		11.8			
2026	9	29	10	30	150.0	6.2						1012.0	13.6		11.8			
2026	9	29	10	15	150.0	5.7						1011.0	13.5		11.9			
2026	9	29	10	0	150.0	5.7						1011.0	13.5		12.1		-1.0	
2026	9	29	9	45	150.0	6.2						1011.0	13.4		12.0			
2026	9	29	9	30	140.0	6.2						1012.0	13.5		12.1			
2026	9	29	9	15	140.0	6.2						1012.0	13.6		12.0			
2026	9	29	9	0	140.0	6.2						1012.0	13.7		11.9		0.0	
2026	9	29	8	45	140.0	5.7						1012.0	13.7		11.9			
2026	9	29	8	30	140.0	5.7						1012.0	13.8		11.9			
2026	9	29	8	15	140.0	5.7						1012.0	13.8		11.9			
2026	9	29	8	0	150.0	6.2						1012.0	14.0		11.9		0.0	
2026	9	29	7	45	150.0	6.2						1012.0	14.2		11.8			
2026	9	29	7	30	150.0	7.7						1012.0	14.5		11.5			
2026	9	29	7	15	150.0	7.7						1012.0	14.9		11.3			
2026	9	29	7	0	160.0	6.7						1012.0	15.2		11.1		-1.0	
2026	9	29	6	45	150.0	7.7						1012.0	15.3		10.8			
2026	9	29	6	30	160.0	8.2						1012.0	15.4		10.7			
2026	9	29	6	15	160.0	7.7						1012.0	15.4		10.9			
2026	9	29	6	0	160.0	7.2						1012.0	15.5		10.8		-1.0	
2026	9	29	5	45	160.0	7.7						1012.0	15.6		10.9			
2026	9	29	5	30	160.0	7.2						1012.0	15.6		10.6			
2026	9	29	5	15	160.0	7.7						1012.0	15.6		10.4			
2026	9	29	5	0	160.0	7.7						1012.0	15.7		10.3		-1.0	
2026	9	29	4	45	150.0	7.2						1012.0	15.6		10.4			
2026	9	29	4	30	150.0	6.7						1012.0	15.5		10.1			
2026	9	29	4	15	150.0	6.2						1013.0	15.5		9.9			
2026	9	29	4	0	150.0	6.2						1013.0	15.6		9.8		-1.0	
2026	9	29	3	45	150.0	5.7						1013.0	15.7		9.5			
2026	9	29	3	30	150.0	6.2						1013.0	15.8		9.1			
2026	9	29	3	15	150.0	5.7						1013.0	15.8		8.9			
2026	9	29	3	0	150.0	4.6						1013.0	15.4		8.7		-2.0	
2026	9	29	2	45	140.0	2.6						1013.0	15.0		9.2			
2026	9	29	2	30	130.0	2.1						1013.0	14.9		9.6			
2026	9	29	2	15	130.0	2.1						1014.0	14.8		10.1			
2026	9	29	2	0	130.0	2.1						1013.0	14.8		10.3		-3.0	
2026	9	29	1	45	170.0	2.1						1013.0	15.0		10.1			
2026	9	29	1	30	160.0	2.1						1014.0	15.3		9.9			
2026	9	29	1	15	180.0	2.1						1014.0	15.6		9.8			
2026	9	29	1	0	170.0	2.1						1014.0	15.8		9.8		-2.0	
2026	9	29	0	45	180.0	2.1						1014.0	16.0		9.7			
2026	9	29	0	30	180.0	2.6						1014.0	16.4		9.7			
2026	9	29	0	15	190.0	2.6						1015.0	16.6		9.2			
2026	9	29	0	0	190.0	3.6						1015.0	16.9		8.7		-2.0	
2026	9	28	23	45	200.0	3.6						1015.0	17.1		9.1			
2026	9	28	23	30	200.0	3.1						1015.0	17.3		8.8			
2026	9	28	23	15	210.0	2.6						1016.0	17.7		9.0			
2026	9	28	23	0	210.0	2.6						1016.0	17.3		9.3		-2.0	
2026	9	28	22	45	200.0	3.1						1016.0	16.9		9.2			
2026	9	28	22	30	200.0	3.1						1016.0	17.0		9.3			
2026	9	28	22	15	180.0	3.1						1016.0	16.7		9.0			
2026	9	28	22	0	190.0	3.1						1016.0	16.7		9.3		-2.0	
2026	9	28	21	45	200.0	3.1						1017.0	16.4		9.4			
2026	9	28	21	30	200.0	3.1						1017.0	16.0		9.5			
2026	9	28	21	15	200.0	3.1						1017.0	15.8		9.6			
2026	9	28	21	0	200.0	3.1						1017.0	15.8		9.6		-1.0	
2026	9	28	20	45	200.0	3.6						1017.0	15.7		9.2			
2026	9	28	20	30	200.0	3.6						1017.0	15.5		9.3			
2026	9	28	20	15	190.0	2.6						1017.0	15.2		9.6			
2026	9	28	20	0	200.0	2.6						1018.0	14.9		9.3		0.0	
2026	9	28	19	45	210.0	2.6						1018.0	14.9		9.3			
2026	9	28	19	30	190.0	2.6						1018.0	14.8		9.0			
2026	9	28	19	15	180.0	3.6						1018.0	14.6		8.8			
2026	9	28	19	0	190.0	4.1						1018.0	14.6		8.8		0.0	
2026	9	28	18	45	190.0	4.1						1018.0	14.8		9.0			
2026	9	28	18	30	170.0	3.6						1018.0	14.6		9.3			
2026	9	28	18	15	170.0	4.1						1018.0	14.6		9.1			
2026	9	28	18	0	170.0	3.6						1018.0	13.8		9.3		0.0	
2026	9	28	17	45	180.0	4.1						1018.0	13.6		9.7			
2026	9	28	17	30	180.0	3.6						1018.0	13.0		9.7			
2026	9	28	17	15	170.0	2.6						1018.0	12.1		9.5			
2026	9	28	17	0	150.0	3.1						1018.0	11.3		8.9		1.0	
2026	9	28	16	45	130.0	2.6						1018.0	10.9		8.7			
2026	9	28	16	30	140.0	2.6						1018.0	10.2		8.5			
2026	9	28	16	15	150.0	2.1						1018.0	9.7		8.3			
2026	9	28	16	0	160.0	2.1						1018.0	9.3		7.9		1.0	
2026	9	28	15	45	140.0	2.1						1018.0	8.5		7.6			
2026	9	28	15	30	120.0	1.5						1018.0	8.0		7.7			
2026	9	28	15	15	100.0	0.5						1018.0	7.0		6.7			
2026	9	28	15	0	120.0	1.0						1018.0	6.5		6.4		1.0	
2026	9	28	14	45	120.0	1.5						1018.0	5.4		5.3			
2026	9	28	14	30	110.0	1.0						1018.0	5.1		4.8			
2026	9	28	14	15	130.0	1.0						1018.0	5.4		5.1			
2026	9	28	14	0	130.0	1.0						1017.0	5.6		5.3		-1.0	
2026	9	28	13	45	220.0	1.0						1017.0	5.8		5.5			
2026	9	28	13	30	220.0	0.5						1017.0	5.8		5.5			
2026	9	28	13	15		0.0						1017.0	5.9		5.8			
2026	9	28	13	0		0.0						1017.0	5.7		5.6		-1.0	
2026	9	28	12	45		0.0						1017.0	5.4		5.3			
2026	9	28	12	30	150.0	1.0						1018.0	5.3		5.2			
2026	9	28	12	15	160.0	1.0						1018.0	5.4		5.3			
2026	9	28	12	0		0.0						1017.0	5.0		4.9		-1.0	
2026	9	28	11	45	200.0	1.0						1017.0	4.7		4.6			
2026	9	28	11	30	160.0	1.5						1017.0	4.2		4.1			
2026	9	28	11	15	140.0	1.0						1017.0	3.9		3.6			
2026	9	28	11	0		0.0						1018.0	3.9		3.6		1.0	
2026	9	28	10	45	160.0	0.5						1018.0	3.9		3.6			
2026	9	28	10	30	130.0	1.5						1018.0	4.5		4.2			
2026	9	28	10	15	200.0	1.5						1018.0	4.6		4.3			
2026	9	28	10	0	200.0	1.5						1018.0	4.9		4.6		-0.0	
2026	9	28	9	45	170.0	1.5						1018.0	5.3		5.0			
2026	9	28	9	30	150.0	1.5						1018.0	5.2		5.1			
2026	9	28	9	15	140.0	1.5						1018.0	5.0		4.9			
2026	9	28	9	0	120.0	2.1						1018.0	4.4		4.1		1.0	
2026	9	28	8	45	110.0	1.5						1018.0	4.1		3.8			
2026	9	28	8	30	180.0	0.5						1018.0	5.0		4.7			
2026	9	28	8	15	230.0	1.0						1018.0	4.8		4.5			
2026	9	28	8	0	230.0	1.5						1017.0	4.1		3.7		0.0	
2026	9	28	7	45	160.0	1.0						1017.0	4.3		4.0			
2026	9	28	7	30	180.0	1.5						1017.0	4.6		4.2			
2026	9	28	7	15	140.0	1.0						1018.0	5.1		4.7			
2026	9	28	7	0	100.0	0.5						1018.0	5.0		4.6		1.0	
2026	9	28	6	45	90.0	1.5						1017.0	5.5		5.1			
2026	9	28	6	30	130.0	1.0						1017.0	5.5		4.9			
2026	9	28	6	15	110.0	1.0						1017.0	6.5		5.9			
2026	9	28	6	0		0.0						1017.0	6.8		6.2		1.0	
2026	9	28	5	45		0.0						1017.0	6.5		5.8			
2026	9	28	5	30		0.0						1017.0	6.4		5.7			
2026	9	28	5	15		0.0						1017.0	6.5		5.6			
2026	9	28	5	0	130.0	0.5						1017.0	6.7		5.7		1.0	
2026	9	28	4	45	160.0	1.5						1017.0	7.2		5.7			
2026	9	28	4	30	140.0	1.5						1017.0	8.1		6.3			
2026	9	28	4	15	150.0	1.5						1017.0	9.6		6.7			
2026	9	28	4	0	360.0	1.5						1017.0	12.0		7.4		1.0	
2026	9	28	3	45	320.0	2.6						1017.0	12.4		7.6			
2026	9	28	3	30	330.0	2.6						1017.0	12.3		8.2			
2026	9	28	3	15	320.0	3.1						1016.0	12.5		8.4			
2026	9	28	3	0	330.0	3.6						1016.0	12.5		9.4		0.0	
2026	9	28	2	45	340.0	3.6						1016.0	12.7		9.2			
2026	9	28	2	30	340.0	4.1						1016.0	12.8		8.7			
2026	9	28	2	15	340.0	3.1						1016.0	12.8		8.7			
2026	9	28	2	0	340.0	2.6						1016.0	12.9		8.6		-1.0	
2026	9	28	1	45	330.0	2.6						1016.0	13.3		8.6			
2026	9	28	1	30	330.0	3.6						1016.0	13.6		8.7			
2026	9	28	1	15	330.0	4.6						1016.0	13.8		8.9			
2026	9	28	1	0	340.0	5.1						1016.0	13.6		9.5		-1.0	
2026	9	28	0	45	340.0	4.1						1016.0	13.9		9.8			
2026	9	28	0	30	340.0	4.1						1016.0	14.2		9.3			
2026	9	28	0	15	330.0	4.6						1016.0	14.4		9.5			
2026	9	28	0	0	330.0	5.1						1016.0	14.5		9.4		-2.0	
2026	9	27	23	45	330.0	5.7						1016.0	14.6		10.1			
2026	9	27	23	30	330.0	5.7						1017.0	14.5		10.2			
2026	9	27	23	15	330.0	5.7						1017.0	14.4		10.3			
2026	9	27	23	0	340.0	5.7						1017.0	14.0		10.7		-1.0	
2026	9	27	22	45	340.0	5.7						1017.0	14.1		10.8			
2026	9	27	22	30	340.0	5.1						1017.0	14.2		10.7			
2026	9	27	22	15	350.0	6.2						1017.0	14.2		10.7			
2026	9	27	22	0	340.0	6.2						1017.0	14.3		10.8		-2.0	
2026	9	27	21	45	340.0	5.7						1017.0	14.5		10.8			
2026	9	27	21	30	340.0	5.7						1018.0	14.6		10.7			
2026	9	27	21	15	340.0	5.1						1018.0	14.8		10.1			
2026	9	27	21	0	340.0	4.6						1018.0	14.8		9.7		-1.0	
2026	9	27	20	45	330.0	4.6						1018.0	14.8		9.3			
2026	9	27	20	30	330.0	4.6						1018.0	14.6		9.3			
2026	9	27	20	15	330.0	5.1						1018.0	14.3		9.0			
2026	9	27	20	0	330.0	5.1						1018.0	14.1		9.4		-2.0	
2026	9	27	19	45	330.0	5.7						1018.0	13.7		9.4			
2026	9	27	19	30	330.0	5.7						1019.0	13.5		9.2			
2026	9	27	19	15	330.0	5.1						1019.0	13.7		8.8			
2026	9	27	19	0	340.0	5.1						1019.0	13.5		8.4		-1.0	
2026	9	27	18	45	350.0	4.6						1019.0	13.0		8.5			
2026	9	27	18	30	340.0	4.1						1019.0	12.4		8.0			
2026	9	27	18	15	330.0	3.6						1019.0	11.9		8.4			
2026	9	27	18	0	310.0	3.1						1019.0	11.8		8.9		-1.0	
2026	9	27	17	45	300.0	2.6						1019.0	12.0		9.1			
2026	9	27	17	30	300.0	1.0						1019.0	11.6		8.5			
2026	9	27	17	15	330.0	1.0						1019.0	10.9		8.0			
2026	9	27	17	0	330.0	2.6						1020.0	10.6		7.9		0.0	
2026	9	27	16	45	360.0	1.0						1019.0	10.8		7.5			
2026	9	27	16	30		0.0						1020.0	10.1		7.6			
2026	9	27	16	15	360.0	1.0						1020.0	9.6		7.4			
2026	9	27	16	0	350.0	1.5						1020.0	9.4		7.5		1.0	
2026	9	27	15	45	30.0	1.0						1020.0	8.5		8.1			
2026	9	27	15	30	120.0	1.0						1020.0	7.2		6.9			
2026	9	27	15	15	330.0	0.5						1020.0	5.6		5.3			
2026	9	27	15	0		0.0						1020.0	4.8		4.5		1.0	
2026	9	27	14	45	40.0	1.0						1020.0	4.2		3.9			
2026	9	27	14	30	110.0	0.5						1020.0	3.8		3.4			
2026	9	27	14	15		0.0						1020.0	4.0		3.4			
2026	9	27	14	0	80.0	1.0						1020.0	5.1		4.5		-0.0	
2026	9	27	13	45	20.0	0.5						1020.0	5.5		5.1			
2026	9	27	13	30		0.0						1019.0	5.5		5.1			
2026	9	27	13	15	30.0	0.5						1019.0	5.6		5.2			
2026	9	27	13	0		0.0						1019.0	5.5		4.9		-1.0	
2026	9	27	12	45		0.0						1019.0	5.4		4.8			
2026	9	27	12	30	60.0	1.0						1020.0	5.6		5.0			
2026	9	27	12	15	80.0	1.0						1020.0	5.6		4.9			
2026	9	27	12	0	60.0	1.0						1019.0	6.4		5.4		-1.0	
2026	9	27	11	45		0.0						1020.0	6.7		5.7			
2026	9	27	11	30		0.0						1020.0	6.9		5.7			
2026	9	27	11	15		0.0						1020.0	7.2		5.8			
2026	9	27	11	0	350.0	0.5						1020.0	7.3		5.9		0.0	
2026	9	27	10	45		0.0						1020.0	7.4		6.0			
2026	9	27	10	30	300.0	0.5						1020.0	7.5		6.1			
2026	9	27	10	15		0.0						1020.0	7.6		6.1			
2026	9	27	10	0		0.0						1020.0	7.7		6.2		-1.0	
2026	9	27	9	45		0.0						1020.0	7.6		5.9			
2026	9	27	9	30	50.0	0.5						1020.0	7.8		6.0			
2026	9	27	9	15	50.0	1.0						1020.0	8.2		6.4			
2026	9	27	9	0	30.0	1.5						1020.0	8.1		6.3		-1.0	
2026	9	27	8	45	10.0	1.0						1020.0	8.2		6.4			
2026	9	27	8	30	10.0	1.0						1020.0	8.5		6.6			
2026	9	27	8	15	350.0	1.5						1020.0	8.2		6.4			
2026	9	27	8	0	60.0	2.1						1020.0	8.5		6.6		-1.0	
2026	9	27	7	45	40.0	2.1						1021.0	8.8		6.8			
2026	9	27	7	30	50.0	2.1						1021.0	9.1		6.9			
2026	9	27	7	15	50.0	2.1						1021.0	9.1		6.9			
2026	9	27	7	0	50.0	2.1						1021.0	8.3		6.5		0.0	
2026	9	27	6	45	30.0	1.5						1021.0	8.1		6.3			
2026	9	27	6	30	40.0	1.0						1021.0	9.1		7.1			
2026	9	27	6	15	20.0	1.0						1021.0	8.9		7.2			
2026	9	27	6	0	30.0	1.5						1021.0	9.4		7.7		0.0	
2026	9	27	5	45	60.0	1.5						1021.0	10.6		8.2			
2026	9	27	5	30	60.0	1.5						1021.0	10.6		8.2			
2026	9	27	5	15	70.0	2.1						1021.0	9.7		8.0			
2026	9	27	5	0	70.0	1.5						1021.0	9.4		7.5		0.0	
2026	9	27	4	45	20.0	2.1						1021.0	10.9		8.5			
2026	9	27	4	30	360.0	2.1						1021.0	11.9		9.5			
2026	9	27	4	15	340.0	4.1						1021.0	12.6		10.0			
2026	9	27	4	0	330.0	4.1						1021.0	12.7		9.7		0.0	
2026	9	27	3	45	340.0	3.6						1021.0	12.4		9.1			
2026	9	27	3	30	340.0	2.6						1021.0	12.3		9.0			
2026	9	27	3	15	350.0	2.1						1021.0	12.1		8.8			
2026	9	27	3	0	350.0	2.6						1021.0	12.4		8.3		0.0	
2026	9	27	2	45	360.0	2.6						1021.0	12.1		8.2			
2026	9	27	2	30	360.0	3.1						1021.0	12.6		8.3			
2026	9	27	2	15	350.0	3.6						1021.0	12.6		8.7			
2026	9	27	2	0	340.0	3.6						1021.0	12.7		8.6		-1.0	
2026	9	27	1	45	340.0	3.1						1021.0	13.0		9.5			
2026	9	27	1	30	340.0	3.1						1021.0	13.2		9.9			
2026	9	27	1	15	340.0	3.6						1021.0	13.1		9.8			
2026	9	27	1	0	340.0	4.1						1021.0	13.1		9.6		-1.0	
2026	9	27	0	45	340.0	4.1						1021.0	13.2		9.5			
2026	9	27	0	30	340.0	4.1						1021.0	13.5		9.4			
2026	9	27	0	15	340.0	4.6						1021.0	13.6		10.3			
2026	9	27	0	0	340.0	4.6						1021.0	13.8		10.5		-1.0	
2026	9	26	23	45	340.0	4.6						1021.0	14.0		10.7			
2026	9	26	23	30	340.0	4.6						1022.0	14.4		10.9			
2026	9	26	23	15	340.0	4.1						1022.0	14.4		10.5			
2026	9	26	23	0	340.0	4.1						1022.0	14.6		9.5		-1.0	
2026	9	26	22	45	350.0	4.1						1022.0	15.2		9.0			
2026	9	26	22	30	350.0	4.1						1022.0	15.0		9.2			
2026	9	26	22	15	340.0	4.1						1022.0	15.0		9.7			
2026	9	26	22	0	340.0	4.1						1022.0	14.9		10.2		-1.0	
2026	9	26	21	45	330.0	4.6						1022.0	14.9		9.8			
2026	9	26	21	30	330.0	4.6						1022.0	15.1		10.2			
2026	9	26	21	15	340.0	4.6						1022.0	15.1		10.4			
2026	9	26	21	0	340.0	5.1						1022.0	15.0		9.7		-1.0	
2026	9	26	20	45	340.0	4.6						1022.0	15.3		9.1			
2026	9	26	20	30	340.0	4.1						1022.0	15.5		8.8			
2026	9	26	20	15	340.0	3.6						1023.0	15.6		8.9			
2026	9	26	20	0	320.0	2.1						1023.0	15.8		7.9		0.0	
2026	9	26	19	45	200.0	1.0						1023.0	16.1		6.4			
2026	9	26	19	30	190.0	1.0						1023.0	15.9		7.3			
2026	9	26	19	15	180.0	1.5						1023.0	15.7		9.0			
2026	9	26	19	0	150.0	1.0						1023.0	15.0		8.6		0.0	
2026	9	26	18	45	300.0	1.0						1023.0	15.0		9.7			
2026	9	26	18	30	230.0	1.5						1023.0	14.3		9.6			
2026	9	26	18	15	220.0	1.5						1023.0	14.2		9.9			
2026	9	26	18	0	220.0	2.1						1023.0	14.0		9.7		0.0	
2026	9	26	17	45	210.0	2.1						1023.0	13.7		9.8			
2026	9	26	17	30	190.0	2.6						1023.0	13.0		9.5			
2026	9	26	17	15	200.0	3.1						1023.0	12.9		9.6			
2026	9	26	17	0	190.0	2.6						1023.0	12.9		9.8		1.0	
2026	9	26	16	45	190.0	2.6						1023.0	12.3		9.5			
2026	9	26	16	30	190.0	2.6						1023.0	12.1		9.5			
2026	9	26	16	15	200.0	2.6						1023.0	11.9		9.5			
2026	9	26	16	0	170.0	2.6						1023.0	11.3		9.2		1.0	
2026	9	26	15	45	170.0	2.6						1023.0	11.0		9.1			
2026	9	26	15	30	170.0	2.6						1023.0	10.8		9.1			
2026	9	26	15	15	180.0	2.6						1023.0	10.6		8.9			
2026	9	26	15	0	180.0	2.6						1023.0	10.5		8.9		2.0	
2026	9	26	14	45	170.0	2.6						1023.0	10.5		8.9			
2026	9	26	14	30	170.0	2.6						1022.0	10.4		9.0			
2026	9	26	14	15	170.0	2.6						1022.0	10.4		9.0			
2026	9	26	14	0	170.0	2.6						1022.0	10.4		9.0		1.0	
2026	9	26	13	45	170.0	2.6						1022.0	10.3		8.9			
2026	9	26	13	30	170.0	2.6						1022.0	10.3		9.1			
2026	9	26	13	15	170.0	2.6						1022.0	10.2		8.8			
2026	9	26	13	0	180.0	3.1						1022.0	10.3		8.9		1.0	
2026	9	26	12	45	170.0	3.6						1021.0	10.3		8.9			
2026	9	26	12	30	170.0	3.1						1021.0	10.1		8.9			
2026	9	26	12	15	160.0	2.1						1021.0	9.8		8.6			
2026	9	26	12	0	160.0	2.1						1021.0	9.5		8.4		1.0	
2026	9	26	11	45	190.0	2.1						1021.0	9.7		8.3			
2026	9	26	11	30	190.0	3.1						1021.0	10.0		8.5			
2026	9	26	11	15	190.0	3.1						1021.0	10.0		8.5			
2026	9	26	11	0	190.0	2.6						1021.0	10.3		8.6		1.0	
2026	9	26	10	45	190.0	3.1						1021.0	10.1		8.6			
2026	9	26	10	30	190.0	3.1						1021.0	9.8		8.3			
2026	9	26	10	15	190.0	2.6						1021.0	10.1		8.4			
2026	9	26	10	0	180.0	3.1						1021.0	10.3		8.6		2.0	
2026	9	26	9	45	170.0	2.6						1021.0	10.5		8.8			
2026	9	26	9	30	190.0	2.6						1020.0	11.1		8.7			
2026	9	26	9	15	210.0	3.1						1020.0	10.9		8.8			
2026	9	26	9	0	210.0	4.1						1020.0	11.4		8.7		1.0	
2026	9	26	8	45	200.0	4.6						1020.0	11.3		8.7			
2026	9	26	8	30	190.0	4.6						1020.0	11.5		8.8			
2026	9	26	8	15	200.0	5.1						1020.0	12.2		8.1			
2026	9	26	8	0	220.0	4.1						1020.0	12.1		8.1		2.0	
2026	9	26	7	45	210.0	3.6						1020.0	12.0		8.3			
2026	9	26	7	30	220.0	4.1						1020.0	12.4		7.8			
2026	9	26	7	15	250.0	6.2						1019.0	12.6		7.5			
2026	9	26	7	0	260.0	5.7						1019.0	12.6		7.8		2.0	
2026	9	26	6	45	260.0	6.2						1019.0	12.7		7.8			
2026	9	26	6	30	260.0	6.7						1019.0	12.8		7.7			
2026	9	26	6	15	250.0	5.1						1019.0	12.6		7.8			
2026	9	26	6	0	260.0	5.1						1019.0	12.7		7.8		2.0	
2026	9	26	5	45	260.0	4.6						1018.0	12.7		7.6			
2026	9	26	5	30	260.0	5.7						1018.0	12.7		7.6			
2026	9	26	5	15	270.0	6.7						1018.0	12.7		7.6			
2026	9	26	5	0	260.0	7.2						1018.0	12.8		7.7		2.0	
2026	9	26	4	45	260.0	7.7						1017.0	12.9		7.6			
2026	9	26	4	30	260.0	7.7						1017.0	12.8		7.7			
2026	9	26	4	15	260.0	7.7						1017.0	12.9		7.8			
2026	9	26	4	0	250.0	7.2						1017.0	12.9		7.8		1.0	
2026	9	26	3	45	250.0	6.2						1018.0	12.8		7.9			
2026	9	26	3	30	240.0	5.7						1017.0	12.6		8.1			
2026	9	26	3	15	250.0	5.1						1017.0	12.6		8.0			
2026	9	26	3	0	250.0	5.7						1017.0	12.5		8.1		2.0	
2026	9	26	2	45	260.0	5.7						1017.0	12.6		8.3			
2026	9	26	2	30	250.0	5.1						1017.0	12.6		8.5			
2026	9	26	2	15	260.0	5.1						1016.0	12.6		8.9			
2026	9	26	2	0	250.0	6.2						1016.0	12.7		9.0		3.0	
2026	9	26	1	45	260.0	5.7						1016.0	12.8		9.1			
2026	9	26	1	30	260.0	6.2						1016.0	13.1		9.2			
2026	9	26	1	15	260.0	6.2						1016.0	13.3		9.6			
2026	9	26	1	0	260.0	5.7						1016.0	13.5		10.0		4.0	
2026	9	26	0	45	270.0	4.1						1016.0	13.5		10.4			
2026	9	26	0	30	200.0	2.6						1015.0	13.0		10.7			
2026	9	26	0	15	130.0	2.1						1015.0	12.2		10.6			
2026	9	26	0	0	120.0	1.5						1015.0	11.7		10.5		5.0	
2026	9	25	23	45	110.0	0.5						1015.0	11.4		10.3			
2026	9	25	23	30	270.0	2.1						1014.0	11.3		10.4			
2026	9	25	23	15	360.0	2.1						1014.0	11.2		10.3			
2026	9	25	23	0	330.0	4.1						1013.0	11.6		10.4		4.0	
2026	9	25	22	45	270.0	4.1						1013.0	11.9		10.3			
2026	9	25	22	30	270.0	3.6						1013.0	11.7		10.5			
2026	9	25	22	15	280.0	2.6						1012.0	11.4		10.5			
2026	9	25	22	0	270.0	2.6						1012.0	11.4		10.3		5.0	
2026	9	25	21	45	270.0	3.6						1012.0	11.6		10.7			
2026	9	25	21	30	280.0	3.6						1011.0	11.5		10.9			
2026	9	25	21	15	300.0	4.1						1011.0	11.5		10.9			
2026	9	25	21	0	320.0	5.1						1010.0	11.5		10.9		4.0	
2026	9	25	20	45	330.0	6.2						1010.0	11.7		11.1			
2026	9	25	20	30	330.0	5.7						1010.0	12.2		11.6			
2026	9	25	20	15	350.0	5.1						1009.0	12.7		11.8			
2026	9	25	20	0	350.0	5.1						1009.0	13.0		11.9		3.0	
2026	9	25	19	45	310.0	4.1						1008.0	14.5		12.0			
2026	9	25	19	30	240.0	2.6						1008.0	15.3		12.3			
2026	9	25	19	15	240.0	3.6						1008.0	15.5		12.7			
2026	9	25	19	0	210.0	4.1						1007.0	15.7		12.7		2.0	
2026	9	25	18	45	210.0	5.1						1007.0	15.9		12.7			
2026	9	25	18	30	210.0	5.1						1007.0	16.2		12.8			
2026	9	25	18	15	200.0	5.7						1007.0	16.5		12.9			
2026	9	25	18	0	190.0	5.1						1006.0	16.4		13.4		1.0	
2026	9	25	17	45	190.0	3.6						1006.0	15.9		13.6			
2026	9	25	17	30	190.0	2.6						1006.0	15.2		13.3			
2026	9	25	17	15	150.0	0.5						1006.0	14.5		13.1			
2026	9	25	17	0		0.0						1006.0	14.2		12.9		2.0	
2026	9	25	16	45	360.0	0.5						1006.0	13.9		13.1			
2026	9	25	16	30	340.0	1.5						1005.0	13.7		13.2			
2026	9	25	16	15	10.0	1.0						1005.0	13.5		13.2			
2026	9	25	16	0		0.0						1005.0	12.9		12.6		1.0	
2026	9	25	15	45	180.0	1.0						1005.0	12.7		12.4			
2026	9	25	15	30	150.0	1.0						1005.0	12.5		12.2			
2026	9	25	15	15	50.0	1.0						1005.0	12.5		12.2			
2026	9	25	15	0	10.0	1.0						1005.0	12.4		12.1		-0.0	
2026	9	25	14	45	30.0	1.0						1005.0	12.3		12.0			
2026	9	25	14	30	90.0	1.0						1005.0	12.2		11.7			
2026	9	25	14	15	210.0	0.5						1005.0	12.0		11.5			
2026	9	25	14	0		0.0						1004.0	12.0		11.5		-1.0	
2026	9	25	13	45	290.0	1.0						1004.0	11.7		11.2			
2026	9	25	13	30	190.0	1.0						1004.0	11.5		10.9			
2026	9	25	13	15	200.0	1.0						1004.0	11.9		11.1			
2026	9	25	13	0	170.0	2.1						1004.0	12.4		11.3		-2.0	
2026	9	25	12	45	160.0	1.5						1004.0	12.8		11.6			
2026	9	25	12	30	140.0	1.5						1004.0	13.0		11.6			
2026	9	25	12	15	90.0	2.6						1004.0	13.3		11.9			
2026	9	25	12	0	150.0	1.0						1005.0	13.3		11.9		-2.0	
2026	9	25	11	45	90.0	2.6						1005.0	13.3		11.9			
2026	9	25	11	30	80.0	3.6						1005.0	13.0		11.9			
2026	9	25	11	15	70.0	3.1						1005.0	12.7		12.1			
2026	9	25	11	0	40.0	1.5						1005.0	12.5		12.2		-3.0	
2026	9	25	10	45	350.0	1.5						1006.0	12.3		12.1			
2026	9	25	10	30	350.0	1.0						1006.0	12.2		12.0			
2026	9	25	10	15	20.0	1.0						1006.0	12.0		11.8			
2026	9	25	10	0		0.0						1006.0	12.1		11.9		-3.0	
2026	9	25	9	45	340.0	0.5						1007.0	12.2		12.0			
2026	9	25	9	30		0.0						1007.0	12.1		11.9			
2026	9	25	9	15		0.0						1007.0	12.1		11.9			
2026	9	25	9	0		0.0						1007.0	12.1		11.9		-2.0	
2026	9	25	8	45		0.0						1007.0	12.0		11.8			
2026	9	25	8	30	70.0	0.5						1007.0	12.0		11.8			
2026	9	25	8	15	70.0	1.0						1007.0	12.1		11.9			
2026	9	25	8	0		0.0						1008.0	12.1		11.8		-1.0	
2026	9	25	7	45		0.0						1008.0	12.1		11.8			
2026	9	25	7	30	90.0	0.5						1008.0	12.2		11.9			
2026	9	25	7	15		0.0						1008.0	12.2		11.9			
2026	9	25	7	0	220.0	1.0						1009.0	12.2		11.9		0.0	
2026	9	25	6	45	200.0	0.5						1009.0	12.2		11.9			
2026	9	25	6	30	210.0	1.0						1009.0	12.2		11.9			
2026	9	25	6	15	200.0	1.0						1009.0	12.3		11.8			
2026	9	25	6	0	210.0	0.5						1009.0	12.3		11.8		0.0	
2026	9	25	5	45		0.0						1009.0	12.2		11.7			
2026	9	25	5	30		0.0						1009.0	12.3		11.8			
2026	9	25	5	15	80.0	1.5						1009.0	12.4		11.9			
2026	9	25	5	0	20.0	2.1						1009.0	12.5		11.9		0.0	
2026	9	25	4	45	340.0	3.1						1009.0	12.6		12.0			
2026	9	25	4	30	330.0	3.1						1009.0	12.5		11.7			
2026	9	25	4	15	320.0	2.6						1009.0	12.5		11.7			
2026	9	25	4	0	320.0	2.6						1009.0	12.5		11.7		0.0	
2026	9	25	3	45	320.0	3.1						1009.0	12.6		11.8			
2026	9	25	3	30	330.0	4.1						1009.0	12.7		11.9			
2026	9	25	3	15	340.0	3.6						1009.0	12.8		12.0			
2026	9	25	3	0	340.0	3.6						1009.0	12.8		12.0		-1.0	
2026	9	25	2	45	340.0	3.6						1009.0	12.8		11.7			
2026	9	25	2	30	330.0	3.1						1009.0	12.8		11.7			
2026	9	25	2	15	330.0	4.1						1009.0	12.8		11.9			
2026	9	25	2	0	330.0	4.6						1009.0	12.8		12.0		-1.0	
2026	9	25	1	45	330.0	4.6						1009.0	12.9		12.1			
2026	9	25	1	30	350.0	4.1						1009.0	13.0		12.1			
2026	9	25	1	15	340.0	4.6						1009.0	13.1		12.0			
2026	9	25	1	0	330.0	4.6						1009.0	13.2		11.6		-2.0	
2026	9	25	0	45	330.0	4.6						1009.0	13.2		11.8			
2026	9	25	0	30	330.0	4.6						1009.0	13.2		11.8			
2026	9	25	0	15	330.0	4.6						1009.0	13.2		11.8			
2026	9	25	0	0	330.0	4.6						1010.0	13.3		11.7		-1.0	
2026	9	24	23	45	340.0	4.6						1010.0	13.3		11.7			
2026	9	24	23	30	330.0	4.6						1010.0	13.3		11.7			
2026	9	24	23	15	340.0	5.1						1010.0	13.5		11.7			
2026	9	24	23	0	340.0	4.6						1010.0	13.4		11.7		-2.0	
2026	9	24	22	45	330.0	5.1						1010.0	13.3		11.6			
2026	9	24	22	30	320.0	4.6						1010.0	13.3		11.7			
2026	9	24	22	15	340.0	4.6						1010.0	13.3		11.6			
2026	9	24	22	0	330.0	4.6						1011.0	13.4		11.5		-2.0	
2026	9	24	21	45	340.0	4.6						1011.0	13.6		11.2			
2026	9	24	21	30	330.0	3.6						1011.0	13.8		11.2			
2026	9	24	21	15	330.0	4.1						1011.0	13.5		11.2			
2026	9	24	21	0	330.0	4.6						1011.0	13.3		11.2		-2.0	
2026	9	24	20	45	330.0	4.6						1011.0	13.4		11.3			
2026	9	24	20	30	330.0	4.6						1012.0	13.4		11.0			
2026	9	24	20	15	330.0	4.1						1012.0	13.4		11.0			
2026	9	24	20	0	330.0	4.1						1012.0	13.4		10.8		-2.0	
2026	9	24	19	45	330.0	4.1						1012.0	13.4		11.0			
2026	9	24	19	30	340.0	4.1						1012.0	13.6		11.0			
2026	9	24	19	15	350.0	3.1						1013.0	13.6		10.6			
2026	9	24	19	0	350.0	3.6						1013.0	13.3		10.3		-2.0	
2026	9	24	18	45	350.0	3.6						1013.0	13.0		10.2			
2026	9	24	18	30	340.0	3.1						1013.0	12.7		10.1			
2026	9	24	18	15	340.0	3.1						1014.0	12.6		10.2			
2026	9	24	18	0	350.0	3.6						1013.0	12.5		10.3		-2.0	
2026	9	24	17	45	350.0	3.6						1014.0	12.5		10.3			
2026	9	24	17	30	340.0	3.6						1014.0	12.2		10.0			
2026	9	24	17	15	340.0	3.6						1014.0	11.9		9.8			
2026	9	24	17	0	350.0	3.1						1014.0	12.0		9.6		-2.0	
2026	9	24	16	45	10.0	2.1						1014.0	11.9		10.0			
2026	9	24	16	30	350.0	2.6						1014.0	11.6		9.9			
2026	9	24	16	15	360.0	2.6						1015.0	11.5		9.9			
2026	9	24	16	0	350.0	2.6						1015.0	11.5		9.9		-1.0	
2026	9	24	15	45	350.0	2.6						1015.0	11.3		9.7			
2026	9	24	15	30	350.0	2.6						1015.0	11.2		10.0			
2026	9	24	15	15	340.0	3.1						1015.0	11.3		9.9			
2026	9	24	15	0	340.0	2.6						1015.0	11.3		10.1		-2.0	
2026	9	24	14	45	330.0	3.1						1015.0	11.0		9.6			
2026	9	24	14	30	360.0	1.5						1015.0	9.4		8.6			
2026	9	24	14	15	30.0	1.0						1015.0	8.8		8.1			
2026	9	24	14	0		0.0						1016.0	8.5		7.8		-2.0	
2026	9	24	13	45	360.0	0.5						1016.0	8.1		7.5			
2026	9	24	13	30	10.0	0.5						1016.0	7.8		7.1			
2026	9	24	13	15	50.0	1.0						1016.0	8.0		7.1			
2026	9	24	13	0		0.0						1016.0	8.4		7.2		-2.0	
2026	9	24	12	45	80.0	1.0						1016.0	8.5		7.8			
2026	9	24	12	30		0.0						1017.0	8.1		7.7			
2026	9	24	12	15		0.0						1017.0	7.9		7.5			
2026	9	24	12	0	70.0	0.5						1017.0	7.9		7.5		-2.0	
2026	9	24	11	45	60.0	0.5						1017.0	7.9		7.5			
2026	9	24	11	30	20.0	0.5						1017.0	7.8		7.2			
2026	9	24	11	15	170.0	0.5						1018.0	8.0		7.4			
2026	9	24	11	0		0.0						1018.0	8.1		7.4		-1.0	
2026	9	24	10	45	20.0	0.5						1018.0	8.6		7.7			
2026	9	24	10	30	260.0	1.0						1018.0	8.6		7.9			
2026	9	24	10	15	260.0	1.0						1018.0	8.5		7.6			
2026	9	24	10	0	250.0	1.0						1018.0	8.3		7.6		-1.0	
2026	9	24	9	45	230.0	0.5						1018.0	8.1		7.4			
2026	9	24	9	30		0.0						1019.0	8.0		7.3			
2026	9	24	9	15		0.0						1019.0	7.8		7.2			
2026	9	24	9	0		0.0						1019.0	7.8		7.1		-1.0	
2026	9	24	8	45		0.0						1019.0	7.7		7.1			
2026	9	24	8	30	60.0	1.0						1019.0	7.5		6.9			
2026	9	24	8	15	90.0	1.0						1019.0	7.4		6.8			
2026	9	24	8	0	110.0	1.0						1019.0	7.3		6.6		-1.0	
2026	9	24	7	45	130.0	1.0						1019.0	7.5		6.6			
2026	9	24	7	30	90.0	1.5						1019.0	8.1		7.2			
2026	9	24	7	15	110.0	1.5						1019.0	8.3		7.1			
2026	9	24	7	0	140.0	1.5						1019.0	8.8		7.4		-1.0	
2026	9	24	6	45	140.0	1.5						1020.0	8.5		7.1			
2026	9	24	6	30	130.0	1.5						1020.0	9.3		7.4			
2026	9	24	6	15	130.0	1.5						1020.0	9.9		7.7			
2026	9	24	6	0	120.0	1.5						1020.0	10.1		7.7		0.0	
2026	9	24	5	45	140.0	1.5						1020.0	11.1		8.2			
2026	9	24	5	30	170.0	0.5						1020.0	11.4		8.7			
2026	9	24	5	15	200.0	1.5						1020.0	11.9		8.6			
2026	9	24	5	0	190.0	1.5						1020.0	12.6		8.1		0.0	
2026	9	24	4	45	180.0	0.5						1020.0	12.9		7.6			
2026	9	24	4	30		0.0						1020.0	12.9		7.4			
2026	9	24	4	15	200.0	0.5						1020.0	13.1		7.6			
2026	9	24	4	0	220.0	1.5						1020.0	13.3		7.4		0.0	
2026	9	24	3	45	240.0	1.5						1020.0	13.5		7.6			
2026	9	24	3	30	250.0	2.1						1020.0	13.4		7.5			
2026	9	24	3	15	220.0	1.5						1020.0	13.2		7.9			
2026	9	24	3	0	200.0	1.0						1020.0	13.1		8.4		0.0	
2026	9	24	2	45	230.0	1.5						1020.0	13.7		8.0			
2026	9	24	2	30	250.0	1.5						1020.0	14.0		8.3			
2026	9	24	2	15	240.0	1.0						1020.0	14.1		8.8			
2026	9	24	2	0	240.0	1.5						1020.0	14.4		8.9		0.0	
2026	9	24	1	45	210.0	1.5						1020.0	14.8		9.3			
2026	9	24	1	30	180.0	2.1						1020.0	15.2		9.6			
2026	9	24	1	15	180.0	2.1						1020.0	15.6		9.4			
2026	9	24	1	0	180.0	2.1						1020.0	15.6		9.8		-1.0	
2026	9	24	0	45	190.0	2.1						1020.0	15.9		9.0			
2026	9	24	0	30	220.0	2.1						1020.0	16.2		7.8			
2026	9	24	0	15	230.0	2.1						1020.0	16.3		7.9			
2026	9	24	0	0	220.0	2.1						1020.0	16.4		8.5		-1.0	
2026	9	23	23	45	210.0	2.1						1020.0	16.7		9.3			
2026	9	23	23	30	190.0	1.0						1020.0	16.8		9.8			
2026	9	23	23	15	200.0	1.5						1020.0	16.7		8.8			
2026	9	23	23	0	200.0	1.5						1020.0	16.7		9.0		-1.0	
2026	9	23	22	45	160.0	1.5						1020.0	16.4		9.9			
2026	9	23	22	30	200.0	2.1						1021.0	16.1		10.7			
2026	9	23	22	15	170.0	2.1						1021.0	15.9		11.1			
2026	9	23	22	0	180.0	2.1						1021.0	15.8		11.4		0.0	
2026	9	23	21	45	180.0	2.1						1021.0	15.6		12.2			
2026	9	23	21	30	160.0	2.1						1021.0	15.3		12.7			
2026	9	23	21	15	150.0	2.1						1021.0	15.0		12.7			
2026	9	23	21	0	140.0	2.6						1021.0	15.0		13.1		1.0	
2026	9	23	20	45	140.0	2.6						1021.0	14.6		13.0			
2026	9	23	20	30	150.0	2.6						1021.0	14.3		13.0			
2026	9	23	20	15	160.0	2.6						1021.0	14.0		12.7			
2026	9	23	20	0	160.0	2.6						1021.0	13.8		12.7		1.0	
2026	9	23	19	45	160.0	3.1						1021.0	13.5		12.6			
2026	9	23	19	30	170.0	3.1						1021.0	13.5		12.6			
2026	9	23	19	15	170.0	3.1						1021.0	13.2		12.4			
2026	9	23	19	0	170.0	3.1						1021.0	13.0		12.4		2.0	
2026	9	23	18	45	160.0	3.6						1021.0	12.8		12.3			
2026	9	23	18	30	160.0	4.6						1020.0	12.9		12.4			
2026	9	23	18	15	160.0	4.1						1020.0	12.8		12.5			
2026	9	23	18	0	160.0	3.6						1020.0	12.8		12.5		1.0	
2026	9	23	17	45	160.0	3.1						1020.0	12.7		12.2			
2026	9	23	17	30	160.0	3.6						1020.0	12.7		12.2			
2026	9	23	17	15	170.0	4.1						1020.0	13.2		12.1			
2026	9	23	17	0	200.0	3.6						1020.0	14.1		12.0		1.0	
2026	9	23	16	45	190.0	2.6						1020.0	14.3		11.7			
2026	9	23	16	30	180.0	3.1						1020.0	14.4		11.4			
2026	9	23	16	15	180.0	2.6						1020.0	14.4		11.2			
2026	9	23	16	0	180.0	2.6						1019.0	14.3		11.1		1.0	
2026	9	23	15	45	160.0	1.5						1019.0	14.0		11.0			
2026	9	23	15	30	170.0	1.5						1019.0	13.8		11.0			
2026	9	23	15	15	160.0	2.1						1019.0	13.7		10.9			
2026	9	23	15	0	150.0	2.6						1019.0	13.5		10.7		1.0	
2026	9	23	14	45	150.0	2.1						1019.0	13.4		10.6			
2026	9	23	14	30	150.0	2.6						1019.0	13.4		10.6			
2026	9	23	14	15	150.0	3.1						1019.0	13.5		10.5			
2026	9	23	14	0	150.0	3.1						1019.0	13.5		10.5		1.0	
2026	9	23	13	45	150.0	3.1						1019.0	13.6		10.4			
2026	9	23	13	30	150.0	3.1						1019.0	13.6		10.4			
2026	9	23	13	15	140.0	3.6						1019.0	13.6		10.4			
2026	9	23	13	0	150.0	2.6						1018.0	13.4		10.8		0.0	
2026	9	23	12	45	150.0	1.5						1018.0	13.0		10.9			
2026	9	23	12	30		0.0						1018.0	12.8		11.1			
2026	9	23	12	15	160.0	1.0						1018.0	12.7		11.1			
2026	9	23	12	0	170.0	1.0						1018.0	12.6		11.0		0.0	
2026	9	23	11	45	170.0	1.5						1018.0	12.5		10.9			
2026	9	23	11	30	160.0	2.1						1018.0	12.4		10.7			
2026	9	23	11	15	150.0	2.1						1018.0	12.7		11.0			
2026	9	23	11	0	130.0	1.5						1018.0	12.2		10.6		0.0	
2026	9	23	10	45	130.0	1.5						1018.0	12.2		10.6			
2026	9	23	10	30	140.0	2.1						1018.0	12.6		10.9			
2026	9	23	10	15	150.0	1.5						1018.0	12.8		10.9			
2026	9	23	10	0	150.0	1.5						1018.0	13.1		11.2		0.0	
2026	9	23	9	45	140.0	2.1						1018.0	13.0		11.3			
2026	9	23	9	30	150.0	2.1						1018.0	13.0		10.9			
2026	9	23	9	15	150.0	2.1						1018.0	12.9		10.8			
2026	9	23	9	0	180.0	1.0						1018.0	12.8		10.7		0.0	
2026	9	23	8	45	180.0	1.0						1018.0	12.8		10.7			
2026	9	23	8	30	180.0	1.0						1018.0	12.9		11.0			
2026	9	23	8	15	170.0	1.5						1018.0	13.3		10.7			
2026	9	23	8	0	140.0	1.5						1018.0	13.4		10.6		0.0	
2026	9	23	7	45	140.0	1.5						1018.0	13.2		10.4			
2026	9	23	7	30	130.0	1.5						1018.0	13.2		10.2			
2026	9	23	7	15	140.0	1.5						1018.0	13.4		10.4			
2026	9	23	7	0	150.0	1.0						1018.0	13.3		10.2		0.0	
2026	9	23	6	45	120.0	1.5						1018.0	13.2		9.9			
2026	9	23	6	30	130.0	2.1						1018.0	13.3		10.0			
2026	9	23	6	15	130.0	2.1						1018.0	13.0		10.0			
2026	9	23	6	0	110.0	1.0						1018.0	12.5		9.9		0.0	
2026	9	23	5	45	120.0	1.0						1018.0	12.3		9.7			
2026	9	23	5	30	120.0	1.0						1018.0	12.1		9.5			
2026	9	23	5	15	150.0	1.0						1018.0	11.8		9.2			
2026	9	23	5	0		0.0						1018.0	11.6		8.7		1.0	
2026	9	23	4	45	130.0	0.5						1018.0	11.5		8.0			
2026	9	23	4	30	130.0	1.0						1018.0	11.3		8.0			
2026	9	23	4	15	100.0	1.0						1018.0	10.6		7.7			
2026	9	23	4	0	140.0	1.5						1018.0	10.8		7.3		1.0	
2026	9	23	3	45	80.0	0.5						1018.0	11.5		7.7			
2026	9	23	3	30	60.0	1.0						1018.0	12.0		7.6			
2026	9	23	3	15		0.0						1018.0	12.9		7.6			
2026	9	23	3	0	130.0	0.5						1018.0	13.3		7.8		1.0	
2026	9	23	2	45	140.0	0.5						1018.0	14.3		7.7			
2026	9	23	2	30	250.0	1.0						1018.0	16.0		7.1			
2026	9	23	2	15	220.0	1.0						1017.0	16.1		7.2			
2026	9	23	2	0	210.0	1.5						1017.0	16.9		6.8		0.0	
2026	9	23	1	45	260.0	1.5						1017.0	17.3		6.3			
2026	9	23	1	30	270.0	2.1						1017.0	17.2		6.8			
2026	9	23	1	15	250.0	2.1						1017.0	17.8		5.9			
2026	9	23	1	0	260.0	2.1						1017.0	17.9		6.3		0.0	
2026	9	23	0	45	250.0	2.1						1017.0	18.2		6.6			
2026	9	23	0	30	260.0	3.1						1017.0	18.4		7.4			
2026	9	23	0	15	260.0	3.6						1017.0	18.7		8.8			
2026	9	23	0	0	270.0	3.6						1017.0	18.9		10.3		-1.0	
2026	9	22	23	45	270.0	3.6						1017.0	18.9		10.9			
2026	9	22	23	30	270.0	3.1						1017.0	19.3		11.0			
2026	9	22	23	15	270.0	3.1						1017.0	19.3		11.0			
2026	9	22	23	0	260.0	3.1						1017.0	19.5		11.4		-1.0	
2026	9	22	22	45	270.0	3.6						1017.0	19.2		11.6			
2026	9	22	22	30	270.0	4.1						1017.0	19.5		11.7			
2026	9	22	22	15	240.0	3.1						1017.0	20.1		11.5			
2026	9	22	22	0	220.0	3.1						1017.0	20.1		11.2		-1.0	
2026	9	22	21	45	240.0	3.1						1017.0	19.9		11.0			
2026	9	22	21	30	190.0	3.1						1017.0	19.6		11.3			
2026	9	22	21	15	180.0	2.6						1017.0	19.7		11.6			
2026	9	22	21	0	190.0	2.6						1018.0	19.7		11.6		0.0	
2026	9	22	20	45	180.0	3.1						1018.0	19.5		11.7			
2026	9	22	20	30	190.0	3.1						1018.0	19.7		12.1			
2026	9	22	20	15	210.0	2.6						1018.0	19.8		12.2			
2026	9	22	20	0	320.0	2.1						1018.0	18.6		12.5		0.0	
2026	9	22	19	45	320.0	2.1						1018.0	17.7		12.7			
2026	9	22	19	30	340.0	3.1						1018.0	17.4		13.0			
2026	9	22	19	15	300.0	2.6						1018.0	18.4		12.9			
2026	9	22	19	0	180.0	2.1						1018.0	18.9		12.5		0.0	
2026	9	22	18	45	140.0	2.1						1018.0	17.9		12.4			
2026	9	22	18	30	160.0	2.1						1018.0	17.5		12.3			
2026	9	22	18	15	170.0	1.5						1018.0	17.4		12.6			
2026	9	22	18	0	190.0	2.1						1018.0	17.0		12.4		1.0	
2026	9	22	17	45	160.0	2.6						1018.0	16.5		12.7			
2026	9	22	17	30	160.0	2.1						1018.0	15.8		12.4			
2026	9	22	17	15	170.0	2.1						1018.0	15.1		12.1			
2026	9	22	17	0	160.0	2.6						1018.0	15.0		12.4		1.0	
2026	9	22	16	45	160.0	2.6						1018.0	14.4		12.3			
2026	9	22	16	30	170.0	2.6						1018.0	13.8		11.9			
2026	9	22	16	15	170.0	2.6						1018.0	13.4		12.0			
2026	9	22	16	0	170.0	2.6						1018.0	13.0		11.9		1.0	
2026	9	22	15	45	150.0	1.5						1018.0	12.7		11.9			
2026	9	22	15	30	170.0	1.0						1018.0	12.3		11.8			
2026	9	22	15	15	170.0	1.0						1018.0	11.9		11.6			
2026	9	22	15	0	150.0	1.5						1017.0	11.5		11.2		0.0	
2026	9	22	14	45	130.0	1.5						1017.0	11.2		10.9			
2026	9	22	14	30	130.0	1.0						1017.0	11.0		10.7			
2026	9	22	14	15	140.0	1.0						1017.0	10.8		10.5			
2026	9	22	14	0	130.0	1.0						1017.0	10.4		10.1		0.0	
2026	9	22	13	45	140.0	1.0						1017.0	10.6		10.1			
2026	9	22	13	30	140.0	1.0						1017.0	11.0		10.5			
2026	9	22	13	15	150.0	1.0						1017.0	11.4		10.9			
2026	9	22	13	0	150.0	1.5						1017.0	11.7		11.1		0.0	
2026	9	22	12	45	140.0	1.5						1017.0	11.9		11.4			
2026	9	22	12	30	140.0	1.0						1017.0	11.8		11.3			
2026	9	22	12	15	150.0	1.5						1017.0	11.7		11.1			
2026	9	22	12	0	150.0	1.5						1017.0	12.0		11.5		0.0	
2026	9	22	11	45	160.0	1.5						1017.0	11.9		11.4			
2026	9	22	11	30	140.0	2.1						1017.0	12.0		11.5			
2026	9	22	11	15	160.0	1.5						1017.0	12.0		11.4			
2026	9	22	11	0	150.0	1.5						1017.0	12.3		11.7		0.0	
2026	9	22	10	45	160.0	1.0						1017.0	12.6		12.0			
2026	9	22	10	30	180.0	2.1						1017.0	13.0		12.2			
2026	9	22	10	15	170.0	2.1						1017.0	13.1		12.3			
2026	9	22	10	0	170.0	1.5						1017.0	13.1		12.3		1.0	
2026	9	22	9	45	170.0	1.5						1017.0	13.1		12.3			
2026	9	22	9	30	160.0	1.5						1017.0	13.3		12.4			
2026	9	22	9	15	170.0	1.5						1017.0	13.4		12.3			
2026	9	22	9	0	170.0	1.5						1017.0	13.5		12.4		-0.0	
2026	9	22	8	45	180.0	2.1						1017.0	13.5		12.4			
2026	9	22	8	30	180.0	2.1						1017.0	13.4		12.5			
2026	9	22	8	15	170.0	2.1						1017.0	13.3		12.2			
2026	9	22	8	0	170.0	2.1						1017.0	13.3		12.2		1.0	
2026	9	22	7	45	170.0	2.1						1017.0	13.3		12.0			
2026	9	22	7	30	170.0	2.1						1016.0	13.0		11.7			
2026	9	22	7	15	160.0	2.6						1017.0	12.8		11.6			
2026	9	22	7	0	170.0	2.6						1016.0	12.7		11.5		0.0	
2026	9	22	6	45	170.0	2.6						1017.0	13.3		11.6			
2026	9	22	6	30	170.0	2.1						1017.0	13.2		11.5			
2026	9	22	6	15	180.0	2.1						1017.0	13.3		11.6			
2026	9	22	6	0	190.0	3.1						1017.0	13.6		11.7		1.0	
2026	9	22	5	45	190.0	2.6						1017.0	13.8		11.5			
2026	9	22	5	30	170.0	1.5						1017.0	13.7		11.6			
2026	9	22	5	15	180.0	1.0						1016.0	13.6		11.5			
2026	9	22	5	0	170.0	1.5						1016.0	13.8		11.4		1.0	
2026	9	22	4	45	210.0	2.6						1016.0	14.2		11.4			
2026	9	22	4	30	210.0	2.6						1016.0	14.3		11.3			
2026	9	22	4	15	220.0	3.6						1016.0	14.7		11.3			
2026	9	22	4	0	220.0	3.6						1016.0	14.9		11.3		1.0	
2026	9	22	3	45	210.0	4.1						1016.0	15.0		11.4			
2026	9	22	3	30	200.0	3.1						1016.0	15.4		11.6			
2026	9	22	3	15	190.0	2.6						1016.0	15.4		12.0			
2026	9	22	3	0	200.0	2.1						1016.0	15.8		12.0		1.0	
2026	9	22	2	45	190.0	1.5						1015.0	15.8		12.2			
2026	9	22	2	30	130.0	1.0						1015.0	15.0		12.2			
2026	9	22	2	15	230.0	1.0						1015.0	16.2		12.4			
2026	9	22	2	0	210.0	2.1						1015.0	17.2		12.6		0.0	
2026	9	22	1	45	190.0	3.6						1015.0	18.1		12.9			
2026	9	22	1	30	190.0	3.6						1015.0	18.9		12.8			
2026	9	22	1	15	190.0	3.6						1015.0	19.5		13.1			
2026	9	22	1	0	210.0	3.1						1015.0	20.0		12.9		-1.0	
2026	9	22	0	45	220.0	3.1						1015.0	20.2		12.8			
2026	9	22	0	30	230.0	3.6						1015.0	20.2		12.8			
2026	9	22	0	15	250.0	3.1						1015.0	20.2		13.1			
2026	9	22	0	0	250.0	4.1						1015.0	20.2		13.1		-1.0	
2026	9	21	23	45	240.0	3.6						1015.0	20.4		13.0			
2026	9	21	23	30	230.0	3.6						1015.0	20.6		13.0			
2026	9	21	23	15	230.0	3.1						1015.0	20.4		13.0			
2026	9	21	23	0	230.0	3.1						1015.0	20.2		12.8		-1.0	
2026	9	21	22	45	230.0	3.1						1015.0	20.1		13.0			
2026	9	21	22	30	240.0	3.1						1016.0	19.9		12.8			
2026	9	21	22	15	230.0	4.1						1016.0	20.0		12.6			
2026	9	21	22	0	210.0	3.1						1016.0	20.1		12.7		0.0	
2026	9	21	21	45	230.0	3.1						1016.0	20.0		12.1			
2026	9	21	21	30	240.0	3.1						1016.0	20.1		11.7			
2026	9	21	21	15	230.0	3.1						1016.0	20.0		12.4			
2026	9	21	21	0	220.0	4.1						1016.0	19.6		12.5		-1.0	
2026	9	21	20	45	210.0	3.6						1016.0	19.5		12.6			
2026	9	21	20	30	180.0	3.6						1016.0	19.2		12.6			
2026	9	21	20	15	180.0	3.1						1016.0	18.7		12.3			
2026	9	21	20	0	180.0	3.1						1016.0	18.6		12.5		-1.0	
2026	9	21	19	45	190.0	3.6						1016.0	18.5		12.1			
2026	9	21	19	30	200.0	3.6						1016.0	18.4		12.0			
2026	9	21	19	15	230.0	3.6						1016.0	18.5		11.9			
2026	9	21	19	0	190.0	2.6						1016.0	18.2		12.3		0.0	
2026	9	21	18	45	190.0	2.6						1016.0	17.7		12.3			
2026	9	21	18	30	150.0	2.1						1016.0	17.0		12.2			
2026	9	21	18	15	150.0	2.1						1016.0	16.6		12.2			
2026	9	21	18	0	160.0	1.5						1017.0	16.2		12.2		1.0	
2026	9	21	17	45	140.0	2.1						1017.0	15.7		12.1			
2026	9	21	17	30	130.0	1.0						1017.0	15.5		12.1			
2026	9	21	17	15	160.0	1.5						1017.0	15.1		12.1			
2026	9	21	17	0	160.0	1.5						1017.0	14.7		12.1		1.0	
2026	9	21	16	45	170.0	1.0						1017.0	14.2		11.9			
2026	9	21	16	30	160.0	1.5						1017.0	13.6		11.7			
2026	9	21	16	15	180.0	1.5						1017.0	13.3		11.7			
2026	9	21	16	0	170.0	2.1						1016.0	12.9		11.7		0.0	
2026	9	21	15	45	170.0	2.6						1017.0	12.7		11.8			
2026	9	21	15	30	160.0	2.6						1016.0	12.3		11.7			
2026	9	21	15	15	160.0	3.1						1016.0	12.0		11.4			
2026	9	21	15	0	150.0	3.1						1016.0	11.8		11.3		0.0	
2026	9	21	14	45	150.0	3.1						1016.0	11.6		11.1			
2026	9	21	14	30	150.0	2.6						1016.0	11.3		11.0			
2026	9	21	14	15	150.0	2.6						1016.0	11.2		10.9			
2026	9	21	14	0	150.0	2.6						1016.0	10.9		10.6		0.0	
2026	9	21	13	45	150.0	2.6						1016.0	10.9		10.6			
2026	9	21	13	30	160.0	2.6						1016.0	11.1		11.0			
2026	9	21	13	15	160.0	2.6						1016.0	11.1		11.0			
2026	9	21	13	0	150.0	2.6						1016.0	10.9		10.8		0.0	
2026	9	21	12	45	160.0	2.6						1016.0	10.8		10.8			
2026	9	21	12	30	160.0	2.1						1016.0	10.2		10.2			
2026	9	21	12	15	150.0	2.1						1016.0	8.9		8.9			
2026	9	21	12	0	140.0	2.1						1016.0	7.8		7.7		0.0	
2026	9	21	11	45	130.0	1.5						1016.0	7.9		7.8			
2026	9	21	11	30	130.0	2.1						1016.0	7.9		7.8			
2026	9	21	11	15	130.0	1.5						1016.0	7.6		7.5			
2026	9	21	11	0	130.0	1.5						1016.0	7.7		7.6		0.0	
2026	9	21	10	45	120.0	1.5						1016.0	7.5		7.4			
2026	9	21	10	30	120.0	1.0						1016.0	7.3		7.2			
2026	9	21	10	15	130.0	1.5						1016.0	7.2		7.1			
2026	9	21	10	0	130.0	1.0						1016.0	7.0		6.9		0.0	
2026	9	21	9	45	120.0	1.5						1016.0	7.1		7.0			
2026	9	21	9	30	120.0	1.5						1016.0	6.9		6.8			
2026	9	21	9	15	100.0	1.0						1016.0	6.4		6.1			
2026	9	21	9	0	90.0	1.0						1016.0	6.8		6.5		0.0	
2026	9	21	8	45	80.0	1.0						1016.0	7.3		7.2			
2026	9	21	8	30	80.0	1.0						1016.0	7.2		7.1			
2026	9	21	8	15	100.0	0.5						1016.0	7.4		7.3			
2026	9	21	8	0	110.0	1.0						1016.0	7.7		7.6		0.0	
2026	9	21	7	45	120.0	1.5						1016.0	7.9		7.8			
2026	9	21	7	30	120.0	1.5						1016.0	7.5		7.2			
2026	9	21	7	15	120.0	1.5						1016.0	7.7		7.4			
2026	9	21	7	0	110.0	1.0						1016.0	7.6		7.3		0.0	
2026	9	21	6	45	120.0	1.0						1016.0	7.9		7.6			
2026	9	21	6	30	130.0	1.0						1016.0	8.2		7.8			
2026	9	21	6	15	130.0	1.5						1016.0	8.2		7.8			
2026	9	21	6	0	140.0	1.0						1016.0	8.0		7.6		0.0	
2026	9	21	5	45	110.0	0.5						1016.0	8.3		7.9			
2026	9	21	5	30	130.0	1.0						1016.0	8.6		8.2			
2026	9	21	5	15	120.0	1.0						1016.0	8.6		8.0			
2026	9	21	5	0	120.0	1.5						1016.0	9.5		8.9		0.0	
2026	9	21	4	45	130.0	2.1						1016.0	9.4		8.6			
2026	9	21	4	30	120.0	1.5						1016.0	9.8		8.7			
2026	9	21	4	15	130.0	1.5						1016.0	10.9		9.7			
2026	9	21	4	0	130.0	1.0						1016.0	10.6		9.4		0.0	
2026	9	21	3	45	130.0	1.5						1016.0	10.7		9.1			
2026	9	21	3	30	100.0	1.0						1016.0	11.7		10.1			
2026	9	21	3	15	110.0	0.5						1016.0	12.3		10.2			
2026	9	21	3	0	100.0	1.0						1016.0	13.0		10.7		0.0	
2026	9	21	2	45		0.0						1016.0	12.9		10.3			
2026	9	21	2	30	220.0	1.0						1016.0	14.1		10.9			
2026	9	21	2	15	220.0	1.0						1016.0	14.9		11.2			
2026	9	21	2	0	290.0	1.0						1016.0	15.3		12.5		-1.0	
2026	9	21	1	45	330.0	1.5						1016.0	15.5		12.7			
2026	9	21	1	30	330.0	2.1						1016.0	15.9		12.5			
2026	9	21	1	15	340.0	2.6						1016.0	16.2		12.6			
2026	9	21	1	0	330.0	2.6						1016.0	16.7		12.9		-2.0	
2026	9	21	0	45	330.0	3.1						1016.0	16.7		12.9			
2026	9	21	0	30	340.0	3.6						1016.0	16.6		13.2			
2026	9	21	0	15	340.0	3.1						1016.0	16.8		13.2			
2026	9	21	0	0	340.0	2.6						1016.0	17.1		13.1		-3.0	
2026	9	20	23	45	340.0	2.6						1017.0	17.0		13.2			
2026	9	20	23	30	340.0	2.6						1017.0	17.0		13.0			
2026	9	20	23	15	330.0	2.6						1017.0	17.1		13.1			
2026	9	20	23	0	330.0	3.1						1017.0	16.5		12.9		-2.0	
2026	9	20	22	45	330.0	3.6						1017.0	16.6		13.0			
2026	9	20	22	30	330.0	4.1						1018.0	16.1		12.9			
2026	9	20	22	15	330.0	4.1						1018.0	16.3		13.3			
2026	9	20	22	0	340.0	3.6						1018.0	16.2		13.0		-1.0	
2026	9	20	21	45	340.0	4.1						1018.0	16.2		13.0			
2026	9	20	21	30	330.0	3.6						1018.0	16.4		13.4			
2026	9	20	21	15	330.0	3.1						1018.0	16.3		13.1			
2026	9	20	21	0	330.0	3.6						1019.0	16.3		12.9		-1.0	
2026	9	20	20	45	330.0	3.1						1019.0	16.5		13.3			
2026	9	20	20	30	330.0	3.6						1019.0	16.0		13.0			
2026	9	20	20	15	330.0	3.6						1019.0	16.0		13.0			
2026	9	20	20	0	330.0	4.1						1019.0	15.6		12.8		-1.0	
2026	9	20	19	45	330.0	4.1						1019.0	15.8		12.8			
2026	9	20	19	30	350.0	2.1						1019.0	17.2		13.2			
2026	9	20	19	15	160.0	1.0						1019.0	17.2		12.6			
2026	9	20	19	0	110.0	1.0						1019.0	16.3		12.3		-1.0	
2026	9	20	18	45	140.0	1.5						1019.0	15.7		12.3			
2026	9	20	18	30	140.0	1.0						1020.0	15.0		12.2			
2026	9	20	18	15	140.0	1.0						1020.0	13.9		12.0			
2026	9	20	18	0	110.0	1.0						1020.0	13.0		11.6		0.0	
2026	9	20	17	45	160.0	1.5						1020.0	12.7		11.5			
2026	9	20	17	30	210.0	2.1						1020.0	12.6		11.4			
2026	9	20	17	15	200.0	2.6						1020.0	12.4		11.3			
2026	9	20	17	0	170.0	2.1						1020.0	12.1		11.3		0.0	
2026	9	20	16	45	160.0	2.1						1020.0	11.8		11.3			
2026	9	20	16	30	160.0	2.1						1020.0	11.5		11.2			
2026	9	20	16	15	140.0	2.6						1020.0	11.2		10.9			
2026	9	20	16	0	150.0	2.1						1020.0	10.9		10.8		1.0	
2026	9	20	15	45	150.0	1.5						1020.0	10.7		10.6			
2026	9	20	15	30	140.0	1.0						1020.0	9.8		9.7			
2026	9	20	15	15	150.0	1.5						1020.0	9.2		9.1			
2026	9	20	15	0		0.0						1020.0	8.6		8.6		-0.0	
2026	9	20	14	45	150.0	0.5						1020.0	7.2		7.2			
2026	9	20	14	30	170.0	0.5						1020.0	5.8		5.7			
2026	9	20	14	15	190.0	1.0						1020.0	5.4		5.3			
2026	9	20	14	0	190.0	1.0						1020.0	5.5		5.4		1.0	
2026	9	20	13	45	180.0	1.0						1020.0	5.2		5.1			
2026	9	20	13	30	160.0	1.0						1019.0	5.1		5.0			
2026	9	20	13	15	160.0	1.0						1019.0	5.3		5.2			
2026	9	20	13	0	180.0	0.5						1019.0	5.5		5.4		-1.0	
2026	9	20	12	45	170.0	1.0						1019.0	5.2		5.1			
2026	9	20	12	30	160.0	1.0						1019.0	5.4		5.3			
2026	9	20	12	15	140.0	0.5						1020.0	5.4		5.1			
2026	9	20	12	0	140.0	1.0						1020.0	6.3		6.2		1.0	
2026	9	20	11	45	180.0	0.5						1020.0	6.4		6.3			
2026	9	20	11	30		0.0						1019.0	6.2		6.1			
2026	9	20	11	15		0.0						1019.0	5.9		5.6			
2026	9	20	11	0		0.0						1019.0	5.9		5.6		0.0	
2026	9	20	10	45	150.0	1.0						1019.0	6.2		5.9			
2026	9	20	10	30	170.0	0.5						1019.0	6.3		6.0			
2026	9	20	10	15	180.0	0.5						1020.0	6.7		6.4			
2026	9	20	10	0	180.0	1.0						1020.0	7.1		6.8		1.0	
2026	9	20	9	45	130.0	1.0						1020.0	7.1		7.0			
2026	9	20	9	30	120.0	1.0						1020.0	6.9		6.6			
2026	9	20	9	15	130.0	0.5						1019.0	7.4		7.1			
2026	9	20	9	0		0.0						1019.0	7.1		6.8		-1.0	
2026	9	20	8	45	90.0	1.0						1019.0	7.2		6.9			
2026	9	20	8	30	100.0	1.0						1019.0	7.8		7.5			
2026	9	20	8	15	100.0	1.0						1019.0	7.9		7.6			
2026	9	20	8	0	120.0	1.0						1019.0	8.0		7.6		0.0	
2026	9	20	7	45	140.0	1.5						1019.0	8.3		7.7			
2026	9	20	7	30	160.0	1.5						1019.0	9.6		9.2			
2026	9	20	7	15	180.0	2.1						1019.0	9.5		9.1			
2026	9	20	7	0	150.0	1.0						1019.0	9.0		8.4		0.0	
2026	9	20	6	45	160.0	1.5						1019.0	9.2		8.6			
2026	9	20	6	30	170.0	1.5						1019.0	9.3		8.7			
2026	9	20	6	15	160.0	1.5						1020.0	9.4		9.0			
2026	9	20	6	0	130.0	1.5						1020.0	9.0		8.4		1.0	
2026	9	20	5	45	130.0	1.5						1020.0	9.2		8.5			
2026	9	20	5	30	130.0	1.5						1019.0	10.2		9.3			
2026	9	20	5	15	120.0	2.1						1020.0	10.1		9.3			
2026	9	20	5	0	130.0	2.1						1019.0	9.9		8.8		0.0	
2026	9	20	4	45	140.0	1.5						1019.0	10.9		9.8			
2026	9	20	4	30	120.0	1.5						1019.0	10.5		9.6			
2026	9	20	4	15	130.0	1.5						1019.0	10.4		9.5			
2026	9	20	4	0	110.0	1.5						1019.0	10.1		9.0		0.0	
2026	9	20	3	45	110.0	1.0						1019.0	10.8		9.2			
2026	9	20	3	30	100.0	0.5						1019.0	12.1		10.2			
2026	9	20	3	15	120.0	0.5						1019.0	12.3		10.4			
2026	9	20	3	0	210.0	1.0						1019.0	12.7		10.3		0.0	
2026	9	20	2	45	210.0	2.1						1019.0	12.6		10.4			
2026	9	20	2	30	210.0	2.1						1019.0	13.3		10.7			
2026	9	20	2	15	210.0	1.5						1019.0	14.2		11.0			
2026	9	20	2	0	210.0	1.5						1019.0	15.1		11.5		-1.0	
2026	9	20	1	45	210.0	1.5						1019.0	15.7		11.7			
2026	9	20	1	30	230.0	2.6						1019.0	16.1		11.7			
2026	9	20	1	15	240.0	2.6						1019.0	16.5		11.9			
2026	9	20	1	0	240.0	3.1						1019.0	16.8		12.0		-1.0	
2026	9	20	0	45	230.0	2.6						1019.0	17.2		12.4			
2026	9	20	0	30	240.0	2.6						1019.0	17.4		12.4			
2026	9	20	0	15	260.0	2.6						1019.0	17.8		12.6			
2026	9	20	0	0	280.0	2.1						1019.0	17.4		12.8		-2.0	
2026	9	19	23	45	340.0	2.1						1019.0	16.9		13.1			
2026	9	19	23	30	340.0	3.1						1019.0	16.4		13.2			
2026	9	19	23	15	340.0	3.6						1020.0	16.4		13.2			
2026	9	19	23	0	340.0	3.6						1020.0	16.4		13.2		-1.0	
2026	9	19	22	45	340.0	4.1						1020.0	16.2		13.0			
2026	9	19	22	30	340.0	4.1						1020.0	16.2		13.2			
2026	9	19	22	15	330.0	4.1						1020.0	16.1		13.1			
2026	9	19	22	0	340.0	4.1						1020.0	16.2		13.2		-1.0	
2026	9	19	21	45	330.0	4.6						1020.0	16.2		13.2			
2026	9	19	21	30	330.0	4.6						1020.0	16.2		13.0			
2026	9	19	21	15	340.0	4.1						1020.0	16.0		12.8			
2026	9	19	21	0	340.0	3.6						1021.0	16.2		12.8		-1.0	
2026	9	19	20	45	330.0	3.6						1021.0	16.3		13.1			
2026	9	19	20	30	330.0	1.5						1021.0	16.5		12.9			
2026	9	19	20	15	260.0	2.1						1021.0	17.0		12.8			
2026	9	19	20	0	280.0	1.5						1021.0	16.6		12.6		-1.0	
2026	9	19	19	45	220.0	1.5						1021.0	16.5		12.5			
2026	9	19	19	30	250.0	1.5						1021.0	16.2		12.4			
2026	9	19	19	15	300.0	0.5						1021.0	15.8		12.4			
2026	9	19	19	0	340.0	2.1						1021.0	15.4		12.6		-1.0	
2026	9	19	18	45	330.0	2.1						1021.0	15.2		12.4			
2026	9	19	18	30	340.0	1.0						1022.0	15.2		12.6			
2026	9	19	18	15	250.0	0.5						1022.0	15.4		12.6			
2026	9	19	18	0	190.0	1.0						1022.0	15.2		12.6		0.0	
2026	9	19	17	45	170.0	0.5						1022.0	14.8		12.3			
2026	9	19	17	30	170.0	1.0						1022.0	14.4		12.3			
2026	9	19	17	15	170.0	1.5						1022.0	14.1		12.0			
2026	9	19	17	0	150.0	1.5						1022.0	13.8		12.0		0.0	
2026	9	19	16	45	150.0	2.1						1022.0	13.4		12.0			
2026	9	19	16	30	150.0	2.1						1022.0	12.9		12.0			
2026	9	19	16	15	160.0	1.0						1022.0	12.5		11.9			
2026	9	19	16	0	170.0	1.5						1022.0	12.2		11.9		0.0	
2026	9	19	15	45	160.0	1.5						1022.0	11.8		11.7			
2026	9	19	15	30	150.0	1.0						1022.0	10.5		10.4			
2026	9	19	15	15	170.0	0.5						1022.0	9.4		9.3			
2026	9	19	15	0		0.0						1022.0	8.5		8.4		0.0	
2026	9	19	14	45		0.0						1022.0	7.6		7.5			
2026	9	19	14	30	180.0	1.0						1022.0	7.3		7.2			
2026	9	19	14	15	180.0	1.5						1022.0	7.3		7.2			
2026	9	19	14	0	160.0	1.5						1022.0	7.4		7.3		0.0	
2026	9	19	13	45	160.0	1.5						1022.0	7.7		7.6			
2026	9	19	13	30	160.0	1.5						1022.0	7.6		7.5			
2026	9	19	13	15	180.0	1.0						1022.0	7.5		7.4			
2026	9	19	13	0	140.0	1.0						1022.0	7.8		7.7		0.0	
2026	9	19	12	45	120.0	1.0						1022.0	8.0		7.9			
2026	9	19	12	30	130.0	1.0						1022.0	8.3		8.2			
2026	9	19	12	15	120.0	1.0						1022.0	8.4		8.1			
2026	9	19	12	0	90.0	0.5						1022.0	8.8		8.5		0.0	
2026	9	19	11	45	110.0	1.5						1022.0	9.3		9.2			
2026	9	19	11	30	120.0	1.5						1022.0	9.1		9.0			
2026	9	19	11	15	120.0	2.1						1022.0	9.0		8.9			
2026	9	19	11	0	130.0	1.5						1022.0	8.9		8.8		0.0	
2026	9	19	10	45	130.0	1.5						1022.0	8.7		8.4			
2026	9	19	10	30	140.0	1.5						1022.0	9.1		8.8			
2026	9	19	10	15	130.0	1.5						1022.0	9.0		8.7			
2026	9	19	10	0	160.0	1.5						1022.0	9.0		8.7		0.0	
2026	9	19	9	45	140.0	1.5						1022.0	9.2		8.9			
2026	9	19	9	30	130.0	1.5						1022.0	9.4		9.1			
2026	9	19	9	15	130.0	1.5						1022.0	9.6		9.3			
2026	9	19	9	0	130.0	1.5						1022.0	9.8		9.5		0.0	
2026	9	19	8	45	130.0	1.5						1022.0	9.8		9.4			
2026	9	19	8	30	130.0	1.0						1022.0	10.2		9.6			
2026	9	19	8	15	120.0	1.5						1022.0	10.5		10.1			
2026	9	19	8	0	130.0	1.0						1022.0	10.5		10.1		0.0	
2026	9	19	7	45	140.0	0.5						1022.0	10.1		9.5			
2026	9	19	7	30	140.0	1.5						1022.0	10.2		9.6			
2026	9	19	7	15	130.0	1.5						1022.0	10.3		9.7			
2026	9	19	7	0	130.0	1.5						1022.0	10.6		9.8		0.0	
2026	9	19	6	45	120.0	1.5						1022.0	10.5		9.9			
2026	9	19	6	30	130.0	1.5						1022.0	10.4		9.6			
2026	9	19	6	15	130.0	2.1						1022.0	11.0		10.2			
2026	9	19	6	0	130.0	1.5						1022.0	10.9		10.1		1.0	
2026	9	19	5	45	130.0	1.5						1022.0	10.7		9.6			
2026	9	19	5	30	150.0	1.0						1022.0	11.1		9.9			
2026	9	19	5	15	140.0	1.5						1022.0	11.3		10.2			
2026	9	19	5	0	130.0	1.5						1022.0	11.0		9.9		1.0	
2026	9	19	4	45	130.0	1.5						1022.0	10.8		9.7			
2026	9	19	4	30	130.0	1.5						1022.0	11.1		9.9			
2026	9	19	4	15	110.0	1.5						1022.0	10.8		9.6			
2026	9	19	4	0	120.0	1.0						1022.0	11.3		9.7		1.0	
2026	9	19	3	45	120.0	1.0						1021.0	11.9		10.2			
2026	9	19	3	30	110.0	1.0						1021.0	12.5		10.6			
2026	9	19	3	15	110.0	1.0						1021.0	13.3		10.5			
2026	9	19	3	0	80.0	0.5						1021.0	14.5		11.0		0.0	
2026	9	19	2	45		0.0						1021.0	15.2		11.1			
2026	9	19	2	30		0.0						1021.0	15.0		11.3			
2026	9	19	2	15	250.0	1.0						1021.0	15.8		11.2			
2026	9	19	2	0	260.0	2.1						1021.0	16.6		11.6		0.0	
2026	9	19	1	45	240.0	2.6						1021.0	17.4		12.0			
2026	9	19	1	30	240.0	2.6						1021.0	18.0		12.5			
2026	9	19	1	15	260.0	2.6						1021.0	18.3		12.8			
2026	9	19	1	0	260.0	2.6						1021.0	18.7		13.2		-1.0	
2026	9	19	0	45	290.0	2.6						1021.0	18.6		13.8			
2026	9	19	0	30	330.0	2.1						1021.0	18.3		13.9			
2026	9	19	0	15	340.0	2.6						1021.0	18.2		13.8			
2026	9	19	0	0	330.0	2.6						1021.0	18.2		14.0		-1.0	
2026	9	18	23	45	340.0	2.6						1021.0	18.1		14.1			
2026	9	18	23	30	330.0	2.6						1021.0	18.4		14.2			
2026	9	18	23	15	320.0	2.6						1021.0	18.7		14.7			
2026	9	18	23	0	250.0	2.1						1021.0	20.2		14.0		-1.0	
2026	9	18	22	45	170.0	1.5						1021.0	19.9		13.7			
2026	9	18	22	30	160.0	1.5						1021.0	19.4		13.7			
2026	9	18	22	15	180.0	2.1						1022.0	19.4		13.7			
2026	9	18	22	0	180.0	2.1						1022.0	18.9		13.4		0.0	
2026	9	18	21	45	180.0	2.6						1022.0	18.5		13.5			
2026	9	18	21	30	190.0	3.1						1022.0	18.2		13.4			
2026	9	18	21	15	190.0	3.1						1022.0	17.9		13.3			
2026	9	18	21	0	210.0	3.1						1022.0	17.8		13.2		0.0	
2026	9	18	20	45	200.0	3.1						1022.0	17.5		13.3			
2026	9	18	20	30	210.0	3.1						1022.0	17.5		13.3			
2026	9	18	20	15	210.0	3.1						1022.0	17.0		13.2			
2026	9	18	20	0	200.0	3.6						1022.0	16.7		13.3		0.0	
2026	9	18	19	45	190.0	3.6						1022.0	16.6		13.4			
2026	9	18	19	30	190.0	3.6						1022.0	16.4		13.2			
2026	9	18	19	15	180.0	4.1						1022.0	16.2		13.2			
2026	9	18	19	0	180.0	4.1						1022.0	16.0		13.0		0.0	
2026	9	18	18	45	200.0	3.6						1022.0	15.8		13.1			
2026	9	18	18	30	190.0	4.1						1023.0	15.6		13.0			
2026	9	18	18	15	170.0	3.6						1022.0	15.4		13.3			
2026	9	18	18	0	160.0	4.1						1022.0	14.9		13.0		1.0	
2026	9	18	17	45	170.0	4.6						1022.0	14.6		12.8			
2026	9	18	17	30	170.0	4.6						1022.0	14.5		12.9			
2026	9	18	17	15	180.0	5.1						1022.0	14.3		12.7			
2026	9	18	17	0	170.0	5.1						1022.0	14.3		12.9		1.0	
2026	9	18	16	45	180.0	5.1						1022.0	14.0		12.9			
2026	9	18	16	30	190.0	4.6						1022.0	13.7		12.8			
2026	9	18	16	15	180.0	3.6						1022.0	13.2		12.4			
2026	9	18	16	0	160.0	1.5						1022.0	12.1		11.6		2.0	
2026	9	18	15	45	160.0	1.5						1022.0	11.6		11.5			
2026	9	18	15	30	160.0	1.5						1022.0	11.3		11.3			
2026	9	18	15	15	160.0	1.0						1022.0	10.3		10.3			
2026	9	18	15	0	180.0	0.5						1021.0	8.9		8.9		1.0	
2026	9	18	14	45	160.0	0.5						1021.0	7.9		7.9			
2026	9	18	14	30	150.0	1.5						1021.0	7.1		7.1			
2026	9	18	14	15	170.0	1.5						1021.0	6.7		6.7			
2026	9	18	14	0	150.0	0.5						1021.0	6.2		6.1		2.0	
2026	9	18	13	45	110.0	1.0						1021.0	6.4		6.4			
2026	9	18	13	30	120.0	1.0						1021.0	5.6		5.5			
2026	9	18	13	15	130.0	1.5						1021.0	6.2		6.1			
2026	9	18	13	0	140.0	1.0						1020.0	6.2		6.1		1.0	
2026	9	18	12	45	150.0	1.5						1020.0	6.0		5.9			
2026	9	18	12	30	130.0	1.5						1020.0	6.6		6.5			
2026	9	18	12	15		0.0						1020.0	7.1		7.0			
2026	9	18	12	0	190.0	1.0						1020.0	7.0		6.9		1.0	
2026	9	18	11	45	130.0	1.5						1020.0	6.8		6.7			
2026	9	18	11	30	120.0	1.0						1019.0	7.4		7.3			
2026	9	18	11	15		0.0						1019.0	7.7		7.6			
2026	9	18	11	0		0.0						1019.0	7.4		7.3		1.0	
2026	9	18	10	45		0.0						1019.0	7.2		7.1			
2026	9	18	10	30	90.0	1.5						1019.0	7.6		7.3			
2026	9	18	10	15		0.0						1019.0	8.6		8.5			
2026	9	18	10	0		0.0						1019.0	8.2		8.1		1.0	
2026	9	18	9	45	100.0	0.5						1019.0	7.7		7.6			
2026	9	18	9	30	190.0	1.5						1019.0	7.6		7.3			
2026	9	18	9	15	130.0	1.5						1019.0	8.1		7.8			
2026	9	18	9	0	110.0	1.5						1019.0	8.1		7.8		1.0	
2026	9	18	8	45	120.0	1.0						1019.0	8.3		8.0			
2026	9	18	8	30	170.0	1.0						1018.0	8.5		8.2			
2026	9	18	8	15	190.0	1.0						1018.0	8.3		7.9			
2026	9	18	8	0	120.0	1.0						1018.0	9.2		8.8		0.0	
2026	9	18	7	45	140.0	1.0						1018.0	9.4		8.8			
2026	9	18	7	30	170.0	1.0						1018.0	9.6		9.0			
2026	9	18	7	15	190.0	1.0						1018.0	9.7		8.9			
2026	9	18	7	0		0.0						1018.0	10.0		9.2		1.0	
2026	9	18	6	45	220.0	0.5						1018.0	9.9		9.3			
2026	9	18	6	30	100.0	1.0						1018.0	9.3		8.5			
2026	9	18	6	15	80.0	0.5						1018.0	10.1		9.2			
2026	9	18	6	0	40.0	1.5						1018.0	10.1		9.2		1.0	
2026	9	18	5	45	60.0	1.5						1018.0	10.4		9.3			
2026	9	18	5	30	60.0	1.5						1018.0	10.5		9.3			
2026	9	18	5	15	310.0	0.5						1018.0	11.8		10.2			
2026	9	18	5	0	260.0	1.0						1018.0	11.8		10.6		1.0	
2026	9	18	4	45		0.0						1018.0	10.9		9.7			
2026	9	18	4	30	100.0	1.0						1018.0	11.1		9.5			
2026	9	18	4	15	140.0	1.0						1017.0	11.6		9.9			
2026	9	18	4	0	180.0	1.0						1017.0	12.3		10.2		1.0	
2026	9	18	3	45	110.0	0.5						1017.0	12.7		10.3			
2026	9	18	3	30	130.0	1.0						1017.0	12.4		10.0			
2026	9	18	3	15	110.0	1.5						1017.0	13.2		10.2			
2026	9	18	3	0	60.0	1.5						1017.0	14.8		10.7		-0.0	
2026	9	18	2	45		0.0						1017.0	15.3		11.5			
2026	9	18	2	30	340.0	1.5						1017.0	15.9		12.5			
2026	9	18	2	15	340.0	2.6						1017.0	16.1		12.5			
2026	9	18	2	0	330.0	2.1						1017.0	16.2		12.6		1.0	
2026	9	18	1	45	330.0	2.1						1016.0	16.4		12.8			
2026	9	18	1	30	340.0	2.6						1016.0	16.8		12.8			
2026	9	18	1	15	340.0	2.6						1017.0	17.2		12.6			
2026	9	18	1	0	340.0	2.1						1016.0	17.2		13.0		-1.0	
2026	9	18	0	45	340.0	3.6						1016.0	17.1		13.1			
2026	9	18	0	30	340.0	4.1						1016.0	17.8		12.8			
2026	9	18	0	15	350.0	4.1						1017.0	17.5		12.7			
2026	9	18	0	0	350.0	4.1						1017.0	17.0		13.0		-0.0	
2026	9	17	23	45	350.0	4.6						1017.0	17.0		13.2			
2026	9	17	23	30	350.0	5.1						1017.0	17.2		12.8			
2026	9	17	23	15	350.0	5.1						1017.0	16.9		12.9			
2026	9	17	23	0	350.0	5.7						1016.0	16.6		13.4		-2.0	
2026	9	17	22	45	350.0	5.1						1016.0	16.7		13.7			
2026	9	17	22	30	350.0	4.1						1016.0	17.0		13.8			
2026	9	17	22	15	340.0	4.6						1017.0	16.9		13.9			
2026	9	17	22	0	340.0	4.1						1017.0	17.1		13.7		-1.0	
2026	9	17	21	45	340.0	4.1						1017.0	16.9		13.7			
2026	9	17	21	30	350.0	4.6						1017.0	16.8		13.6			
2026	9	17	21	15	350.0	5.1						1017.0	16.7		13.5			
2026	9	17	21	0	350.0	5.7						1017.0	16.6		13.6		-1.0	
2026	9	17	20	45	350.0	5.7						1017.0	16.3		13.6			
2026	9	17	20	30	350.0	6.2						1017.0	16.2		13.7			
2026	9	17	20	15	340.0	6.2						1018.0	16.1		13.6			
2026	9	17	20	0	350.0	5.7						1018.0	16.1		13.8		0.0	
2026	9	17	19	45	350.0	5.7						1018.0	16.1		13.8			
2026	9	17	19	30	350.0	5.1						1018.0	15.9		13.6			
2026	9	17	19	15	350.0	5.7						1018.0	15.8		13.5			
2026	9	17	19	0	350.0	5.1						1018.0	16.0		13.7		0.0	
2026	9	17	18	45	350.0	5.1						1018.0	15.7		13.6			
2026	9	17	18	30	340.0	6.2						1018.0	15.4		13.5			
2026	9	17	18	15	330.0	5.7						1018.0	15.2		13.4			
2026	9	17	18	0	330.0	5.1						1018.0	15.1		13.3		0.0	
2026	9	17	17	45	330.0	5.1						1018.0	15.1		13.5			
2026	9	17	17	30	330.0	5.1						1018.0	15.1		13.5			
2026	9	17	17	15	330.0	4.1						1018.0	15.0		13.6			
2026	9	17	17	0	340.0	4.6						1018.0	14.8		13.5		0.0	
2026	9	17	16	45	340.0	4.1						1018.0	14.8		13.7			
2026	9	17	16	30	350.0	4.6						1018.0	14.3		13.2			
2026	9	17	16	15	350.0	4.1						1018.0	14.3		13.4			
2026	9	17	16	0	340.0	3.6						1018.0	14.3		13.5		0.0	
2026	9	17	15	45	350.0	4.1						1018.0	14.0		13.4			
2026	9	17	15	30	350.0	3.1						1018.0	13.7		13.4			
2026	9	17	15	15	350.0	4.1						1018.0	13.5		13.3			
2026	9	17	15	0	360.0	2.6						1018.0	12.8		12.6		0.0	
2026	9	17	14	45	20.0	2.1						1018.0	11.9		11.7			
2026	9	17	14	30	40.0	1.0						1018.0	11.7		11.6			
2026	9	17	14	15	20.0	1.0						1018.0	12.2		12.0			
2026	9	17	14	0	50.0	0.5						1018.0	11.6		11.5		0.0	
2026	9	17	13	45		0.0						1018.0	9.9		9.8			
2026	9	17	13	30	40.0	1.0						1018.0	10.6		10.3			
2026	9	17	13	15	20.0	1.5						1018.0	10.9		10.8			
2026	9	17	13	0	10.0	1.5						1018.0	11.2		11.1		0.0	
2026	9	17	12	45	90.0	1.0						1018.0	9.8		9.4			
2026	9	17	12	30	30.0	1.5						1018.0	12.1		11.8			
2026	9	17	12	15	30.0	1.5						1018.0	11.6		11.3			
2026	9	17	12	0	10.0	2.1						1018.0	11.7		11.4		0.0	
2026	9	17	11	45	10.0	1.5						1018.0	11.5		11.0			
2026	9	17	11	30	30.0	2.1						1018.0	11.7		11.1			
2026	9	17	11	15	40.0	1.5						1018.0	12.5		11.6			
2026	9	17	11	0	360.0	2.1						1018.0	13.8		12.7		-1.0	
2026	9	17	10	45	340.0	2.6						1018.0	14.4		13.1			
2026	9	17	10	30	360.0	2.6						1018.0	14.4		13.1			
2026	9	17	10	15	340.0	3.1						1018.0	14.4		13.1			
2026	9	17	10	0	360.0	3.1						1018.0	14.5		13.1		0.0	
2026	9	17	9	45	350.0	3.1						1018.0	14.7		13.1			
2026	9	17	9	30	360.0	2.1						1018.0	12.7		12.1			
2026	9	17	9	15	20.0	1.0						1018.0	10.2		9.8			
2026	9	17	9	0	40.0	1.0						1018.0	9.7		9.3		0.0	
2026	9	17	8	45	30.0	1.0						1018.0	9.6		9.2			
2026	9	17	8	30	40.0	1.0						1019.0	10.1		9.7			
2026	9	17	8	15		0.0						1019.0	10.7		10.4			
2026	9	17	8	0	310.0	0.5						1019.0	9.6		9.2		1.0	
2026	9	17	7	45	80.0	0.5						1019.0	9.7		9.3			
2026	9	17	7	30	110.0	0.5						1019.0	9.9		9.5			
2026	9	17	7	15	170.0	0.5						1018.0	10.4		9.8			
2026	9	17	7	0		0.0						1018.0	10.4		9.8		0.0	
2026	9	17	6	45		0.0						1018.0	10.8		10.0			
2026	9	17	6	30		0.0						1018.0	10.9		10.1			
2026	9	17	6	15	170.0	1.0						1018.0	11.1		10.3			
2026	9	17	6	0	130.0	0.5						1018.0	10.8		9.9		0.0	
2026	9	17	5	45	130.0	1.0						1019.0	11.3		9.9			
2026	9	17	5	30	20.0	1.5						1019.0	14.5		11.5			
2026	9	17	5	15		0.0						1019.0	14.7		12.1			
2026	9	17	5	0	350.0	3.1						1018.0	15.5		12.5		0.0	
2026	9	17	4	45	360.0	2.6						1019.0	15.2		12.2			
2026	9	17	4	30	360.0	2.6						1018.0	15.3		12.3			
2026	9	17	4	15	360.0	3.1						1018.0	15.3		12.5			
2026	9	17	4	0	350.0	3.1						1018.0	15.3		12.7		-1.0	
2026	9	17	3	45	350.0	3.1						1018.0	15.3		12.8			
2026	9	17	3	30	340.0	3.1						1018.0	15.1		13.0			
2026	9	17	3	15	340.0	3.1						1018.0	15.0		13.1			
2026	9	17	3	0	330.0	2.6						1018.0	14.8		13.0		-1.0	
2026	9	17	2	45	320.0	2.1						1018.0	15.0		13.4			
2026	9	17	2	30	330.0	3.1						1018.0	15.3		13.4			
2026	9	17	2	15	340.0	4.1						1018.0	15.9		13.2			
2026	9	17	2	0	340.0	4.6						1018.0	16.0		13.2		-2.0	
2026	9	17	1	45	350.0	4.1						1018.0	16.1		13.1			
2026	9	17	1	30	350.0	4.6						1019.0	16.2		13.2			
2026	9	17	1	15	340.0	4.6						1019.0	16.4		13.2			
2026	9	17	1	0	350.0	4.1						1019.0	16.9		13.3		-1.0	
2026	9	17	0	45	330.0	3.1						1019.0	17.1		13.3			
2026	9	17	0	30	330.0	3.6						1019.0	17.1		13.3			
2026	9	17	0	15	330.0	3.6						1019.0	17.0		13.2			
2026	9	17	0	0	340.0	4.1						1019.0	16.9		13.3		-2.0	
2026	9	16	23	45	340.0	4.6						1019.0	17.4		13.0			
2026	9	16	23	30	340.0	5.1						1019.0	17.5		12.9			
2026	9	16	23	15	340.0	5.7						1019.0	17.5		13.7			
2026	9	16	23	0	340.0	5.1						1020.0	17.8		13.8		-2.0	
2026	9	16	22	45	340.0	5.1						1020.0	17.5		14.1			
2026	9	16	22	30	340.0	5.7						1020.0	17.3		14.3			
2026	9	16	22	15	340.0	5.7						1020.0	17.1		14.1			
2026	9	16	22	0	340.0	5.1						1020.0	17.2		14.2		-2.0	
2026	9	16	21	45	350.0	5.1						1021.0	17.3		14.3			
2026	9	16	21	30	350.0	5.1						1021.0	17.0		14.5			
2026	9	16	21	15	340.0	5.1						1021.0	16.8		14.5			
2026	9	16	21	0	340.0	4.6						1021.0	17.0		14.5		-2.0	
2026	9	16	20	45	340.0	5.1						1021.0	16.9		14.4			
2026	9	16	20	30	350.0	4.6						1022.0	17.1		14.2			
2026	9	16	20	15	350.0	4.1						1022.0	16.7		14.0			
2026	9	16	20	0	350.0	3.6						1022.0	16.5		13.3		-1.0	
2026	9	16	19	45	330.0	3.6						1022.0	16.2		12.8			
2026	9	16	19	30	320.0	4.1						1022.0	15.6		12.4			
2026	9	16	19	15	330.0	3.6						1022.0	15.7		12.1			
2026	9	16	19	0	330.0	3.1						1022.0	15.4		12.2		-1.0	
2026	9	16	18	45	330.0	3.1						1023.0	15.6		12.0			
2026	9	16	18	30	330.0	3.1						1023.0	15.2		12.2			
2026	9	16	18	15	340.0	3.1						1023.0	14.8		12.0			
2026	9	16	18	0	330.0	3.1						1023.0	14.5		11.9		0.0	
2026	9	16	17	45	330.0	2.6						1023.0	14.4		11.6			
2026	9	16	17	30	320.0	2.6						1023.0	14.1		11.5			
2026	9	16	17	15	320.0	3.1						1023.0	14.1		11.7			
2026	9	16	17	0	310.0	2.6						1023.0	14.0		11.7		1.0	
2026	9	16	16	45	320.0	2.6						1023.0	13.8		12.2			
2026	9	16	16	30	330.0	1.5						1023.0	13.2		12.4			
2026	9	16	16	15	320.0	2.1						1023.0	13.0		12.5			
2026	9	16	16	0	310.0	1.0						1023.0	12.7		12.5		2.0	
2026	9	16	15	45		0.0						1023.0	12.4		12.2			
2026	9	16	15	30		0.0						1023.0	11.4		11.4			
2026	9	16	15	15		0.0						1023.0	10.4		10.4			
2026	9	16	15	0		0.0						1023.0	9.6		9.6		2.0	
2026	9	16	14	45		0.0						1022.0	8.5		8.4			
2026	9	16	14	30		0.0						1022.0	8.0		7.9			
2026	9	16	14	15		0.0						1022.0	8.4		8.3			
2026	9	16	14	0		0.0						1022.0	7.3		7.2		2.0	
2026	9	16	13	45	130.0	0.5						1022.0	7.3		7.2			
2026	9	16	13	30	180.0	0.5						1022.0	7.5		7.4			
2026	9	16	13	15	100.0	0.5						1022.0	8.1		8.0			
2026	9	16	13	0	60.0	1.0						1021.0	8.1		8.0		1.0	
2026	9	16	12	45	50.0	1.5						1021.0	8.8		8.7			
2026	9	16	12	30	60.0	2.1						1021.0	8.3		8.2			
2026	9	16	12	15	40.0	1.0						1021.0	8.7		8.6			
2026	9	16	12	0		0.0						1021.0	8.7		8.6		1.0	
2026	9	16	11	45		0.0						1021.0	8.1		8.0			
2026	9	16	11	30		0.0						1021.0	7.9		7.6			
2026	9	16	11	15	10.0	1.0						1020.0	9.4		9.1			
2026	9	16	11	0	280.0	0.5						1020.0	10.0		9.9		0.0	
2026	9	16	10	45		0.0						1020.0	9.1		9.0			
2026	9	16	10	30		0.0						1020.0	8.6		8.3			
2026	9	16	10	15		0.0						1020.0	9.0		8.7			
2026	9	16	10	0	120.0	0.5						1020.0	9.5		9.2		0.0	
2026	9	16	9	45		0.0						1020.0	10.7		10.4			
2026	9	16	9	30	330.0	1.0						1020.0	10.8		10.7			
2026	9	16	9	15	360.0	1.5						1020.0	9.5		9.4			
2026	9	16	9	0	20.0	1.0						1020.0	9.3		9.2		1.0	
2026	9	16	8	45	30.0	1.0						1020.0	9.4		9.3			
2026	9	16	8	30	100.0	0.5						1020.0	9.0		8.7			
2026	9	16	8	15	170.0	0.5						1020.0	8.7		8.4			
2026	9	16	8	0	130.0	1.0						1020.0	9.3		9.0		1.0	
2026	9	16	7	45	110.0	1.5						1020.0	9.2		8.9			
2026	9	16	7	30	120.0	1.0						1020.0	9.8		9.4			
2026	9	16	7	15	120.0	1.0						1020.0	9.9		9.5			
2026	9	16	7	0	130.0	1.0						1020.0	9.6		9.0		1.0	
2026	9	16	6	45	210.0	0.5						1020.0	10.2		9.6			
2026	9	16	6	30	180.0	1.0						1020.0	9.9		9.1			
2026	9	16	6	15	130.0	1.0						1020.0	10.3		9.5			
2026	9	16	6	0	140.0	1.0						1019.0	10.4		9.5		1.0	
2026	9	16	5	45	60.0	1.0						1019.0	10.6		9.7			
2026	9	16	5	30		0.0						1019.0	10.6		9.5			
2026	9	16	5	15	80.0	0.5						1019.0	11.2		9.8			
2026	9	16	5	0		0.0						1019.0	12.8		11.2		2.0	
2026	9	16	4	45	130.0	0.5						1019.0	12.6		11.0			
2026	9	16	4	30		0.0						1019.0	13.2		11.6			
2026	9	16	4	15		0.0						1019.0	13.5		11.6			
2026	9	16	4	0	280.0	1.0						1019.0	14.5		11.9		2.0	
2026	9	16	3	45	280.0	1.0						1019.0	14.5		11.9			
2026	9	16	3	30	290.0	1.5						1018.0	15.0		11.8			
2026	9	16	3	15	280.0	2.1						1018.0	14.8		12.0			
2026	9	16	3	0	280.0	1.5						1018.0	14.4		11.9		1.0	
2026	9	16	2	45	280.0	2.1						1018.0	15.1		12.1			
2026	9	16	2	30	350.0	3.1						1018.0	15.7		11.5			
2026	9	16	2	15	340.0	3.1						1018.0	15.6		12.2			
2026	9	16	2	0	340.0	3.6						1017.0	15.7		12.3		0.0	
2026	9	16	1	45	350.0	3.6						1017.0	15.7		12.3			
2026	9	16	1	30	350.0	4.1						1017.0	15.8		12.4			
2026	9	16	1	15	340.0	4.1						1017.0	15.7		12.7			
2026	9	16	1	0	340.0	4.6						1017.0	15.7		12.7		0.0	
2026	9	16	0	45	350.0	5.7						1017.0	16.1		12.7			
2026	9	16	0	30	350.0	5.7						1017.0	16.0		13.0			
2026	9	16	0	15	350.0	5.7						1017.0	16.1		12.9			
2026	9	16	0	0	350.0	5.1						1017.0	16.5		12.9		0.0	
2026	9	15	23	45	350.0	4.6						1017.0	16.3		12.9			
2026	9	15	23	30	350.0	4.6						1017.0	16.0		13.2			
2026	9	15	23	15	350.0	5.1						1017.0	15.9		13.4			
2026	9	15	23	0	340.0	5.1						1017.0	15.9		13.4		0.0	
2026	9	15	22	45	340.0	5.1						1017.0	15.8		13.3			
2026	9	15	22	30	340.0	5.1						1017.0	15.9		13.4			
2026	9	15	22	15	340.0	5.7						1017.0	16.3		13.6			
2026	9	15	22	0	340.0	5.7						1017.0	16.4		13.6		-1.0	
2026	9	15	21	45	340.0	6.7						1017.0	16.5		13.5			
2026	9	15	21	30	340.0	6.7						1017.0	16.7		12.9			
2026	9	15	21	15	340.0	5.7						1017.0	16.5		12.7			
2026	9	15	21	0	340.0	5.7						1017.0	16.5		12.7		-1.0	
2026	9	15	20	45	350.0	5.1						1017.0	16.3		12.9			
2026	9	15	20	30	340.0	4.6						1017.0	16.0		12.8			
2026	9	15	20	15	340.0	3.6						1017.0	15.8		12.4			
2026	9	15	20	0	340.0	4.1						1017.0	15.7		12.1		-1.0	
2026	9	15	19	45	340.0	3.6						1017.0	15.7		12.3			
2026	9	15	19	30	330.0	3.1						1017.0	15.7		11.9			
2026	9	15	19	15	340.0	3.1						1018.0	15.5		11.9			
2026	9	15	19	0	330.0	3.6						1018.0	15.1		12.1		1.0	
2026	9	15	18	45	320.0	3.6						1018.0	14.9		12.4			
2026	9	15	18	30	330.0	3.1						1018.0	14.6		12.3			
2026	9	15	18	15	330.0	3.1						1018.0	14.5		12.4			
2026	9	15	18	0	320.0	3.1						1018.0	14.5		12.4		1.0	
2026	9	15	17	45	320.0	3.1						1017.0	14.7		12.2			
2026	9	15	17	30	320.0	2.6						1018.0	14.7		12.2			
2026	9	15	17	15	310.0	2.6						1018.0	14.9		12.6			
2026	9	15	17	0	300.0	2.1						1018.0	15.0		12.5		1.0	
2026	9	15	16	45	260.0	1.0						1018.0	15.3		12.5			
2026	9	15	16	30	190.0	0.5						1017.0	14.8		12.3			
2026	9	15	16	15		0.0						1017.0	13.8		12.2			
2026	9	15	16	0	220.0	0.5						1017.0	13.1		11.8		0.0	
2026	9	15	15	45		0.0						1017.0	12.9		12.0			
2026	9	15	15	30		0.0						1017.0	12.5		12.0			
2026	9	15	15	15	90.0	0.5						1017.0	11.9		11.4			
2026	9	15	15	0	50.0	1.0						1017.0	11.6		11.1		0.0	
2026	9	15	14	45	50.0	0.5						1017.0	11.6		11.1			
2026	9	15	14	30		0.0						1017.0	11.6		11.1			
2026	9	15	14	15	110.0	0.5						1017.0	11.7		11.1			
2026	9	15	14	0	120.0	1.0						1017.0	11.9		11.3		0.0	
2026	9	15	13	45	120.0	1.0						1017.0	12.0		11.4			
2026	9	15	13	30	110.0	1.0						1017.0	12.2		11.4			
2026	9	15	13	15	140.0	0.5						1017.0	12.4		11.6			
2026	9	15	13	0	160.0	1.0						1017.0	12.5		11.6		0.0	
2026	9	15	12	45	140.0	1.0						1017.0	12.5		11.4			
2026	9	15	12	30	130.0	1.5						1017.0	12.4		11.5			
2026	9	15	12	15	120.0	1.0						1017.0	12.3		11.4			
2026	9	15	12	0	130.0	1.0						1017.0	12.3		11.4		-1.0	
2026	9	15	11	45	140.0	1.0						1017.0	12.3		11.4			
2026	9	15	11	30	120.0	1.0						1017.0	12.2		11.3			
2026	9	15	11	15	130.0	1.0						1017.0	12.2		11.3			
2026	9	15	11	0	130.0	0.5						1017.0	12.4		11.3		-1.0	
2026	9	15	10	45	140.0	1.0						1017.0	12.5		11.3			
2026	9	15	10	30	160.0	1.5						1017.0	12.6		11.2			
2026	9	15	10	15	160.0	1.0						1017.0	12.5		11.3			
2026	9	15	10	0		0.0						1017.0	12.5		11.3		-1.0	
2026	9	15	9	45	180.0	1.5						1017.0	12.4		11.2			
2026	9	15	9	30	140.0	1.0						1017.0	12.3		11.1			
2026	9	15	9	15	120.0	1.0						1017.0	12.4		11.0			
2026	9	15	9	0	160.0	1.0						1018.0	12.4		11.0		-1.0	
2026	9	15	8	45	150.0	1.0						1018.0	12.4		11.2			
2026	9	15	8	30	160.0	1.0						1018.0	12.4		11.2			
2026	9	15	8	15	150.0	1.0						1018.0	12.4		11.3			
2026	9	15	8	0	140.0	1.0						1018.0	12.3		11.5		-1.0	
2026	9	15	7	45	150.0	1.0						1018.0	12.1		11.3			
2026	9	15	7	30	170.0	1.0						1018.0	12.1		11.2			
2026	9	15	7	15	160.0	0.5						1018.0	12.3		11.2			
2026	9	15	7	0	180.0	1.0						1018.0	12.5		11.4		-1.0	
2026	9	15	6	45	160.0	1.0						1019.0	12.8		11.4			
2026	9	15	6	30	170.0	0.5						1019.0	12.8		11.2			
2026	9	15	6	15		0.0						1019.0	12.7		11.1			
2026	9	15	6	0	160.0	1.0						1019.0	12.9		11.2		0.0	
2026	9	15	5	45	120.0	1.5						1019.0	13.0		11.1			
2026	9	15	5	30	130.0	1.5						1019.0	13.0		11.4			
2026	9	15	5	15	140.0	1.5						1019.0	13.1		11.2			
2026	9	15	5	0	120.0	1.5						1019.0	13.3		11.0		0.0	
2026	9	15	4	45	210.0	0.5						1019.0	14.3		10.8			
2026	9	15	4	30	160.0	1.0						1019.0	13.7		11.4			
2026	9	15	4	15	130.0	1.0						1019.0	13.8		11.5			
2026	9	15	4	0	120.0	0.5						1019.0	13.9		11.3		-1.0	
2026	9	15	3	45		0.0						1019.0	14.0		11.2			
2026	9	15	3	30		0.0						1019.0	14.4		11.0			
2026	9	15	3	15	100.0	1.0						1019.0	14.0		11.0			
2026	9	15	3	0		0.0						1019.0	14.2		11.2		-1.0	
2026	9	15	2	45	240.0	1.0						1019.0	14.9		11.0			
2026	9	15	2	30	260.0	1.5						1019.0	15.2		10.9			
2026	9	15	2	15	250.0	2.1						1019.0	15.5		11.0			
2026	9	15	2	0	260.0	2.1						1019.0	15.9		11.1		-1.0	
2026	9	15	1	45	260.0	1.0						1019.0	16.1		11.3			
2026	9	15	1	30	260.0	1.5						1019.0	16.2		11.4			
2026	9	15	1	15	260.0	1.5						1019.0	16.3		11.5			
2026	9	15	1	0	260.0	1.5						1020.0	16.2		11.4		0.0	
2026	9	15	0	45	250.0	2.1						1020.0	16.3		11.7			
2026	9	15	0	30	250.0	2.6						1020.0	16.5		11.7			
2026	9	15	0	15	290.0	1.5						1020.0	16.6		12.2			
2026	9	15	0	0	320.0	2.1						1020.0	16.3		12.5		0.0	
2026	9	14	23	45	320.0	2.1						1020.0	16.8		13.0			
2026	9	14	23	30	330.0	2.1						1020.0	17.1		12.7			
2026	9	14	23	15	320.0	1.5						1020.0	16.9		12.5			
2026	9	14	23	0	330.0	2.1						1020.0	16.9		12.5		-1.0	
2026	9	14	22	45	330.0	2.1						1020.0	17.0		12.8			
2026	9	14	22	30	340.0	2.1						1020.0	16.9		12.7			
2026	9	14	22	15	330.0	2.1						1020.0	17.1		12.5			
2026	9	14	22	0	340.0	2.1						1020.0	17.0		12.6		-1.0	
2026	9	14	21	45	310.0	1.5						1020.0	17.1		12.5			
2026	9	14	21	30	330.0	1.5						1020.0	16.9		12.3			
2026	9	14	21	15	350.0	1.0						1020.0	16.6		12.0			
2026	9	14	21	0	340.0	1.5						1020.0	16.5		12.1		-1.0	
2026	9	14	20	45	360.0	1.0						1020.0	16.6		12.2			
2026	9	14	20	30	340.0	2.1						1020.0	16.3		12.3			
2026	9	14	20	15	340.0	2.6						1021.0	16.2		12.6			
2026	9	14	20	0	340.0	2.1						1021.0	15.9		12.3		0.0	
2026	9	14	19	45	340.0	2.1						1021.0	15.8		12.6			
2026	9	14	19	30	340.0	2.1						1021.0	16.1		12.3			
2026	9	14	19	15	340.0	2.1						1021.0	16.1		12.5			
2026	9	14	19	0	290.0	1.5						1021.0	16.4		12.4		0.0	
2026	9	14	18	45	260.0	1.0						1021.0	16.6		12.6			
2026	9	14	18	30	220.0	0.5						1021.0	16.2		12.4			
2026	9	14	18	15	140.0	0.5						1021.0	16.0		12.4			
2026	9	14	18	0	170.0	0.5						1021.0	15.9		12.9		1.0	
2026	9	14	17	45	160.0	1.0						1021.0	15.3		13.0			
2026	9	14	17	30	150.0	1.5						1021.0	15.1		13.0			
2026	9	14	17	15	160.0	2.1						1021.0	14.9		13.0			
2026	9	14	17	0	170.0	2.1						1021.0	14.7		12.9		1.0	
2026	9	14	16	45	170.0	1.5						1021.0	14.6		13.0			
2026	9	14	16	30	180.0	2.1						1021.0	14.4		13.0			
2026	9	14	16	15	180.0	1.5						1021.0	14.3		13.0			
2026	9	14	16	0	180.0	2.1						1021.0	14.3		13.0		1.0	
2026	9	14	15	45	160.0	2.1						1021.0	14.1		13.0			
2026	9	14	15	30	160.0	2.1						1021.0	14.0		13.1			
2026	9	14	15	15	160.0	2.1						1020.0	13.9		13.1			
2026	9	14	15	0	150.0	1.5						1020.0	13.7		12.9		0.0	
2026	9	14	14	45	160.0	1.5						1020.0	13.6		13.0			
2026	9	14	14	30	170.0	2.1						1020.0	13.5		12.9			
2026	9	14	14	15	170.0	1.5						1020.0	13.4		12.8			
2026	9	14	14	0	160.0	2.1						1020.0	13.4		12.8		1.0	
2026	9	14	13	45	150.0	1.5						1020.0	13.4		12.8			
2026	9	14	13	30	150.0	1.5						1020.0	13.5		12.9			
2026	9	14	13	15	150.0	1.5						1020.0	13.5		12.7			
2026	9	14	13	0	150.0	1.5						1020.0	13.6		12.8		1.0	
2026	9	14	12	45	160.0	1.5						1020.0	13.6		12.8			
2026	9	14	12	30	160.0	1.5						1020.0	13.6		12.8			
2026	9	14	12	15	160.0	1.5						1020.0	13.6		12.7			
2026	9	14	12	0	160.0	1.5						1020.0	13.6		12.7		1.0	
2026	9	14	11	45	170.0	2.1						1020.0	13.6		12.7			
2026	9	14	11	30	170.0	1.5						1020.0	13.6		12.8			
2026	9	14	11	15	170.0	2.1						1019.0	13.7		12.8			
2026	9	14	11	0	170.0	2.6						1019.0	13.8		12.7		1.0	
2026	9	14	10	45	160.0	2.6						1019.0	13.8		12.7			
2026	9	14	10	30	170.0	2.6						1019.0	13.9		12.6			
2026	9	14	10	15	170.0	3.6						1019.0	14.0		12.6			
2026	9	14	10	0	160.0	2.6						1019.0	14.0		12.7		1.0	
2026	9	14	9	45	160.0	2.1						1019.0	13.9		13.0			
2026	9	14	9	30	160.0	1.5						1019.0	13.9		13.0			
2026	9	14	9	15	160.0	1.5						1019.0	14.0		13.1			
2026	9	14	9	0	160.0	1.5						1019.0	14.1		13.0		1.0	
2026	9	14	8	45	160.0	2.1						1019.0	14.2		12.9			
2026	9	14	8	30	160.0	1.5						1019.0	13.9		12.8			
2026	9	14	8	15	160.0	1.5						1018.0	13.7		12.9			
2026	9	14	8	0	150.0	1.5						1018.0	13.6		13.0		1.0	
2026	9	14	7	45	160.0	1.5						1018.0	13.5		12.9			
2026	9	14	7	30	180.0	1.5						1018.0	13.6		13.0			
2026	9	14	7	15	160.0	2.1						1018.0	13.6		13.0			
2026	9	14	7	0	160.0	1.5						1018.0	13.6		13.0		2.0	
2026	9	14	6	45	160.0	1.5						1018.0	13.6		12.8			
2026	9	14	6	30	170.0	1.5						1018.0	13.9		13.0			
2026	9	14	6	15	200.0	1.0						1018.0	13.9		13.0			
2026	9	14	6	0	180.0	1.0						1018.0	14.3		13.2		2.0	
2026	9	14	5	45	170.0	1.5						1018.0	14.5		13.2			
2026	9	14	5	30	190.0	1.0						1017.0	14.6		13.3			
2026	9	14	5	15	220.0	1.5						1017.0	14.7		13.4			
2026	9	14	5	0	210.0	2.1						1017.0	14.8		13.4		2.0	
2026	9	14	4	45	190.0	2.1						1017.0	14.7		13.3			
2026	9	14	4	30	200.0	2.1						1017.0	14.5		13.1			
2026	9	14	4	15	200.0	1.5						1017.0	14.5		13.1			
2026	9	14	4	0	190.0	2.6						1016.0	14.5		12.9		1.0	
2026	9	14	3	45	170.0	2.6						1016.0	14.4		12.8			
2026	9	14	3	30	170.0	3.1						1016.0	14.6		12.8			
2026	9	14	3	15	170.0	3.1						1016.0	14.9		13.0			
2026	9	14	3	0	170.0	3.6						1016.0	15.3		13.2		1.0	
2026	9	14	2	45	170.0	4.1						1015.0	15.5		13.2			
2026	9	14	2	30	160.0	4.1						1015.0	15.6		13.3			
2026	9	14	2	15	160.0	4.1						1015.0	15.7		13.4			
2026	9	14	2	0	150.0	4.1						1015.0	15.7		13.2		1.0	
2026	9	14	1	45	150.0	4.6						1015.0	15.8		13.3			
2026	9	14	1	30	150.0	5.1						1015.0	15.9		13.4			
2026	9	14	1	15	150.0	5.1						1015.0	16.0		13.3			
2026	9	14	1	0	160.0	4.6						1015.0	16.0		13.3		1.0	
2026	9	14	0	45	160.0	5.1						1015.0	16.1		13.4			
2026	9	14	0	30	160.0	5.1						1015.0	16.2		13.5			
2026	9	14	0	15	170.0	5.7						1015.0	16.2		13.5			
2026	9	14	0	0	170.0	5.7						1015.0	16.3		13.6		1.0	
2026	9	13	23	45	160.0	5.7						1015.0	16.3		13.6			
2026	9	13	23	30	170.0	4.6						1015.0	16.3		13.8			
2026	9	13	23	15	170.0	5.7						1015.0	16.0		13.5			
2026	9	13	23	0	170.0	6.2						1014.0	16.0		13.3		1.0	
2026	9	13	22	45	170.0	5.7						1014.0	15.8		13.5			
2026	9	13	22	30	170.0	5.7						1014.0	15.6		13.3			
2026	9	13	22	15	170.0	5.7						1014.0	15.6		13.5			
2026	9	13	22	0	170.0	5.1						1014.0	15.5		13.6		1.0	
2026	9	13	21	45	180.0	5.1						1014.0	15.5		13.6			
2026	9	13	21	30	170.0	5.1						1014.0	15.4		13.5			
2026	9	13	21	15	180.0	4.6						1014.0	15.5		13.7			
2026	9	13	21	0	180.0	4.1						1014.0	15.4		13.5		1.0	
2026	9	13	20	45	180.0	3.6						1014.0	15.3		13.2			
2026	9	13	20	30	180.0	4.1						1014.0	15.4		13.3			
2026	9	13	20	15	180.0	3.6						1014.0	15.2		13.1			
2026	9	13	20	0	180.0	3.6						1013.0	15.2		13.1		0.0	
2026	9	13	19	45	180.0	3.6						1013.0	15.1		13.0			
2026	9	13	19	30	190.0	3.6						1013.0	15.1		13.2			
2026	9	13	19	15	180.0	3.6						1013.0	15.0		13.2			
2026	9	13	19	0	180.0	3.1						1013.0	14.9		13.1		0.0	
2026	9	13	18	45	180.0	3.1						1013.0	14.8		12.9			
2026	9	13	18	30	180.0	3.6						1013.0	14.8		13.0			
2026	9	13	18	15	180.0	3.6						1013.0	14.7		13.1			
2026	9	13	18	0	170.0	3.6						1013.0	14.5		13.4		1.0	
2026	9	13	17	45	180.0	3.6						1013.0	14.2		13.3			
2026	9	13	17	30	180.0	3.6						1013.0	14.0		13.2			
2026	9	13	17	15	170.0	3.1						1013.0	14.0		13.2			
2026	9	13	17	0	170.0	3.6						1013.0	13.8		13.0		1.0	
2026	9	13	16	45	160.0	3.1						1013.0	13.9		13.1			
2026	9	13	16	30	160.0	3.1						1013.0	13.7		12.9			
2026	9	13	16	15	170.0	3.1						1013.0	13.5		12.6			
2026	9	13	16	0	160.0	3.6						1013.0	13.4		12.6		1.0	
2026	9	13	15	45	170.0	3.1						1013.0	13.2		12.6			
2026	9	13	15	30	160.0	2.6						1012.0	13.2		12.7			
2026	9	13	15	15	140.0	3.6						1012.0	13.2		12.7			
2026	9	13	15	0	150.0	3.1						1012.0	13.2		12.7		0.0	
2026	9	13	14	45	170.0	3.1						1012.0	13.2		12.7			
2026	9	13	14	30	170.0	3.1						1012.0	13.2		12.7			
2026	9	13	14	15	180.0	2.6						1012.0	13.3		12.8			
2026	9	13	14	0	170.0	2.6						1012.0	13.4		12.9		0.0	
2026	9	13	13	45	140.0	2.6						1012.0	13.4		12.9			
2026	9	13	13	30	140.0	2.1						1012.0	13.3		12.8			
2026	9	13	13	15	140.0	1.5						1012.0	13.3		12.8			
2026	9	13	13	0	150.0	1.5						1012.0	13.3		12.7		0.0	
2026	9	13	12	45	160.0	1.0						1012.0	13.3		12.7			
2026	9	13	12	30	170.0	1.0						1012.0	13.3		12.7			
2026	9	13	12	15	150.0	1.5						1013.0	13.3		12.5			
2026	9	13	12	0	170.0	2.1						1012.0	13.2		12.4		0.0	
2026	9	13	11	45	170.0	2.1						1012.0	13.2		12.4			
2026	9	13	11	30	160.0	3.1						1012.0	13.2		12.4			
2026	9	13	11	15	160.0	3.1						1012.0	13.3		12.5			
2026	9	13	11	0	160.0	3.6						1012.0	13.4		12.5		0.0	
2026	9	13	10	45	180.0	4.1						1012.0	13.6		12.7			
2026	9	13	10	30	180.0	3.6						1012.0	13.7		12.8			
2026	9	13	10	15	160.0	3.6						1012.0	13.9		12.8			
2026	9	13	10	0	150.0	3.1						1012.0	14.2		12.9		0.0	
2026	9	13	9	45	150.0	3.6						1012.0	14.4		12.8			
2026	9	13	9	30	160.0	4.1						1012.0	14.6		12.8			
2026	9	13	9	15	150.0	3.6						1012.0	14.4		13.0			
2026	9	13	9	0	150.0	2.1						1012.0	14.1		12.8		1.0	
2026	9	13	8	45	160.0	1.5						1012.0	14.1		12.5			
2026	9	13	8	30	160.0	1.5						1012.0	14.1		12.3			
2026	9	13	8	15	160.0	2.1						1012.0	14.2		12.3			
2026	9	13	8	0	160.0	2.6						1012.0	14.2		12.3		1.0	
2026	9	13	7	45	170.0	2.6						1012.0	14.2		12.1			
2026	9	13	7	30	160.0	2.6						1012.0	14.2		12.1			
2026	9	13	7	15	160.0	2.6						1012.0	14.3		11.9			
2026	9	13	7	0	170.0	2.6						1012.0	14.2		11.8		1.0	
2026	9	13	6	45	160.0	2.6						1012.0	14.2		11.6			
2026	9	13	6	30	150.0	2.1						1011.0	14.0		11.4			
2026	9	13	6	15	170.0	2.6						1011.0	14.3		11.1			
2026	9	13	6	0	170.0	3.1						1011.0	14.3		11.1		0.0	
2026	9	13	5	45	170.0	2.1						1011.0	14.4		11.2			
2026	9	13	5	30	190.0	2.1						1011.0	14.2		11.6			
2026	9	13	5	15	210.0	2.1						1010.0	14.4		11.9			
2026	9	13	5	0	240.0	2.1						1011.0	14.5		12.0		0.0	
2026	9	13	4	45	240.0	1.0						1010.0	14.7		11.9			
2026	9	13	4	30	240.0	1.0						1011.0	14.5		11.7			
2026	9	13	4	15		0.0						1011.0	14.6		11.6			
2026	9	13	4	0	20.0	1.0						1011.0	14.5		11.7		1.0	
2026	9	13	3	45	60.0	1.5						1011.0	14.5		11.9			
2026	9	13	3	30	20.0	2.1						1010.0	15.2		12.2			
2026	9	13	3	15	310.0	2.1						1010.0	15.3		11.7			
2026	9	13	3	0	300.0	1.0						1011.0	15.5		12.3		1.0	
2026	9	13	2	45	180.0	1.0						1011.0	16.0		12.2			
2026	9	13	2	30	180.0	1.5						1011.0	16.2		12.0			
2026	9	13	2	15	170.0	2.6						1012.0	16.3		11.7			
2026	9	13	2	0	190.0	3.1						1011.0	16.4		11.4		1.0	
2026	9	13	1	45	190.0	3.1						1011.0	16.6		11.4			
2026	9	13	1	30	210.0	2.6						1011.0	16.8		11.4			
2026	9	13	1	15	220.0	3.1						1011.0	17.1		11.2			
2026	9	13	1	0	230.0	2.6						1010.0	17.9		11.6		-1.0	
2026	9	13	0	45	260.0	1.0						1010.0	18.4		11.8			
2026	9	13	0	30	260.0	1.0						1010.0	18.2		12.1			
2026	9	13	0	15	250.0	1.5						1011.0	17.3		12.1			
2026	9	13	0	0	330.0	2.1						1010.0	16.8		12.2		-2.0	
2026	9	12	23	45	330.0	3.1						1010.0	17.0		11.8			
2026	9	12	23	30	340.0	3.1						1011.0	17.2		12.8			
2026	9	12	23	15	340.0	2.6						1011.0	17.1		13.3			
2026	9	12	23	0	340.0	3.1						1010.0	17.5		12.7		-2.0	
2026	9	12	22	45	340.0	3.1						1010.0	17.5		13.1			
2026	9	12	22	30	350.0	3.1						1011.0	17.4		13.4			
2026	9	12	22	15	340.0	3.1						1011.0	17.0		13.8			
2026	9	12	22	0	340.0	3.6						1011.0	16.6		13.9		-2.0	
2026	9	12	21	45	330.0	4.1						1011.0	16.9		14.0			
2026	9	12	21	30	340.0	4.1						1011.0	17.1		13.7			
2026	9	12	21	15	340.0	4.6						1011.0	16.9		13.7			
2026	9	12	21	0	340.0	4.1						1012.0	16.4		13.7		-1.0	
2026	9	12	20	45	330.0	4.1						1012.0	16.0		13.2			
2026	9	12	20	30	350.0	4.6						1012.0	15.9		13.4			
2026	9	12	20	15	340.0	4.1						1012.0	16.3		13.3			
2026	9	12	20	0	330.0	3.6						1012.0	16.2		13.2		-1.0	
2026	9	12	19	45	340.0	3.1						1012.0	16.2		13.4			
2026	9	12	19	30	350.0	3.1						1012.0	15.6		13.3			
2026	9	12	19	15	330.0	2.6						1012.0	15.4		13.1			
2026	9	12	19	0	330.0	2.6						1013.0	15.6		13.3		0.0	
2026	9	12	18	45	340.0	3.1						1012.0	15.4		13.3			
2026	9	12	18	30	340.0	3.1						1013.0	15.4		13.1			
2026	9	12	18	15	340.0	2.6						1013.0	15.1		12.8			
2026	9	12	18	0	330.0	2.6						1013.0	15.3		12.7		0.0	
2026	9	12	17	45	330.0	2.6						1013.0	15.8		13.0			
2026	9	12	17	30	310.0	2.1						1013.0	15.8		12.8			
2026	9	12	17	15	320.0	1.5						1013.0	15.8		12.4			
2026	9	12	17	0		0.0						1013.0	16.3		12.7		0.0	
2026	9	12	16	45		0.0						1013.0	14.9		12.3			
2026	9	12	16	30		0.0						1013.0	14.1		12.2			
2026	9	12	16	15		0.0						1013.0	13.1		11.5			
2026	9	12	16	0	140.0	0.5						1013.0	12.7		11.5		0.0	
2026	9	12	15	45	130.0	1.0						1013.0	12.4		11.5			
2026	9	12	15	30	90.0	1.0						1013.0	12.2		11.6			
2026	9	12	15	15		0.0						1013.0	11.8		11.3			
2026	9	12	15	0		0.0						1013.0	11.4		11.1		0.0	
2026	9	12	14	45	90.0	1.0						1013.0	10.8		10.5			
2026	9	12	14	30	110.0	1.0						1013.0	10.6		10.1			
2026	9	12	14	15	140.0	1.0						1013.0	10.5		10.1			
2026	9	12	14	0		0.0						1013.0	10.4		10.0		0.0	
2026	9	12	13	45	200.0	0.5						1013.0	10.4		10.0			
2026	9	12	13	30		0.0						1013.0	10.2		9.8			
2026	9	12	13	15	180.0	0.5						1013.0	10.4		10.0			
2026	9	12	13	0		0.0						1013.0	10.5		10.1		0.0	
2026	9	12	12	45	60.0	0.5						1013.0	10.4		9.8			
2026	9	12	12	30	140.0	1.0						1013.0	10.4		9.8			
2026	9	12	12	15	140.0	1.0						1013.0	10.5		9.9			
2026	9	12	12	0	160.0	1.5						1013.0	10.9		10.3		0.0	
2026	9	12	11	45	170.0	0.5						1013.0	10.8		10.2			
2026	9	12	11	30		0.0						1013.0	10.8		10.2			
2026	9	12	11	15	110.0	0.5						1013.0	10.9		10.3			
2026	9	12	11	0	70.0	1.0						1013.0	10.9		10.3		0.0	
2026	9	12	10	45	40.0	1.0						1013.0	10.8		10.3			
2026	9	12	10	30	50.0	0.5						1013.0	10.2		9.8			
2026	9	12	10	15	60.0	1.0						1013.0	10.0		9.4			
2026	9	12	10	0	90.0	0.5						1013.0	10.3		9.7		0.0	
2026	9	12	9	45		0.0						1013.0	10.6		10.0			
2026	9	12	9	30	220.0	0.5						1013.0	10.2		9.6			
2026	9	12	9	15	120.0	1.0						1013.0	10.0		9.2			
2026	9	12	9	0	60.0	0.5						1013.0	10.7		9.9		0.0	
2026	9	12	8	45	30.0	1.0						1013.0	10.8		10.0			
2026	9	12	8	30	40.0	1.0						1013.0	11.2		10.4			
2026	9	12	8	15	40.0	1.5						1013.0	11.1		10.3			
2026	9	12	8	0	50.0	1.0						1013.0	11.1		10.3		0.0	
2026	9	12	7	45	50.0	1.0						1013.0	11.2		10.4			
2026	9	12	7	30	40.0	1.5						1013.0	11.4		10.3			
2026	9	12	7	15	140.0	1.0						1013.0	12.0		10.8			
2026	9	12	7	0	100.0	1.0						1013.0	12.7		11.3		-1.0	
2026	9	12	6	45	360.0	1.0						1013.0	13.0		11.6			
2026	9	12	6	30		0.0						1013.0	12.6		11.4			
2026	9	12	6	15	40.0	1.0						1013.0	12.5		11.4			
2026	9	12	6	0	20.0	1.0						1013.0	12.1		11.0		0.0	
2026	9	12	5	45		0.0						1013.0	12.1		10.9			
2026	9	12	5	30	70.0	0.5						1013.0	13.0		11.4			
2026	9	12	5	15	340.0	1.0						1014.0	13.9		12.1			
2026	9	12	5	0	310.0	1.0						1013.0	13.8		11.7		-1.0	
2026	9	12	4	45	30.0	1.0						1013.0	13.7		11.6			
2026	9	12	4	30	30.0	1.5						1013.0	13.8		11.7			
2026	9	12	4	15	350.0	2.1						1014.0	14.4		12.6			
2026	9	12	4	0	330.0	2.6						1014.0	14.5		12.7		-0.0	
2026	9	12	3	45	360.0	1.5						1013.0	14.5		11.7			
2026	9	12	3	30	360.0	1.5						1013.0	14.4		11.4			
2026	9	12	3	15	10.0	1.0						1013.0	14.4		11.0			
2026	9	12	3	0	20.0	1.5						1013.0	14.6		11.1		-1.0	
2026	9	12	2	45	20.0	1.5						1013.0	14.9		11.5			
2026	9	12	2	30	340.0	1.0						1014.0	14.9		12.6			
2026	9	12	2	15	340.0	2.1						1014.0	15.3		12.3			
2026	9	12	2	0	340.0	2.1						1014.0	15.5		12.5		-1.0	
2026	9	12	1	45	350.0	2.6						1014.0	15.7		12.3			
2026	9	12	1	30	340.0	3.1						1014.0	15.8		12.4			
2026	9	12	1	15	340.0	3.1						1014.0	16.1		12.7			
2026	9	12	1	0	340.0	3.1						1014.0	16.2		11.8		-1.0	
2026	9	12	0	45	340.0	3.1						1014.0	16.2		11.8			
2026	9	12	0	30	340.0	3.1						1014.0	16.2		12.0			
2026	9	12	0	15	340.0	3.1						1014.0	16.3		12.3			
2026	9	12	0	0	330.0	3.6						1014.0	16.6		12.0		-1.0	
2026	9	11	23	45	330.0	3.6						1014.0	16.9		12.3			
2026	9	11	23	30	330.0	4.1						1014.0	16.7		12.3			
2026	9	11	23	15	330.0	4.1						1015.0	16.6		12.2			
2026	9	11	23	0	340.0	4.1						1015.0	16.8		12.4		-1.0	
2026	9	11	22	45	340.0	4.1						1015.0	17.1		12.5			
2026	9	11	22	30	310.0	2.6						1015.0	18.5		11.9			
2026	9	11	22	15	200.0	1.0						1015.0	19.0		10.4			
2026	9	11	22	0	200.0	3.1						1015.0	19.1		10.5		-1.0	
2026	9	11	21	45	200.0	3.1						1015.0	19.1		10.5			
2026	9	11	21	30	210.0	3.6						1015.0	19.0		10.9			
2026	9	11	21	15	220.0	3.6						1015.0	18.5		11.0			
2026	9	11	21	0	180.0	3.6						1015.0	18.7		11.2		-1.0	
2026	9	11	20	45	190.0	3.6						1016.0	18.3		11.3			
2026	9	11	20	30	200.0	4.1						1016.0	17.8		11.2			
2026	9	11	20	15	200.0	3.6						1016.0	17.7		11.1			
2026	9	11	20	0	200.0	3.6						1016.0	17.5		11.4		0.0	
2026	9	11	19	45	180.0	3.6						1016.0	17.4		11.3			
2026	9	11	19	30	200.0	3.1						1016.0	17.5		11.6			
2026	9	11	19	15	210.0	3.1						1016.0	17.1		11.7			
2026	9	11	19	0	170.0	2.6						1016.0	17.0		11.6		0.0	
2026	9	11	18	45	170.0	2.6						1016.0	17.0		11.6			
2026	9	11	18	30	160.0	2.6						1016.0	16.7		11.7			
2026	9	11	18	15	180.0	3.1						1016.0	16.1		11.5			
2026	9	11	18	0	170.0	3.6						1016.0	15.8		11.2		0.0	
2026	9	11	17	45	180.0	4.1						1016.0	15.6		11.3			
2026	9	11	17	30	170.0	4.1						1016.0	15.2		11.1			
2026	9	11	17	15	160.0	4.1						1016.0	15.0		11.1			
2026	9	11	17	0	160.0	4.6						1016.0	15.0		11.1		0.0	
2026	9	11	16	45	160.0	4.1						1016.0	15.0		11.4			
2026	9	11	16	30	160.0	4.1						1016.0	14.8		11.4			
2026	9	11	16	15	140.0	3.1						1016.0	14.5		11.7			
2026	9	11	16	0	130.0	2.6						1016.0	14.1		11.7		0.0	
2026	9	11	15	45	140.0	2.1						1017.0	13.6		11.3			
2026	9	11	15	30	120.0	2.1						1016.0	13.0		11.1			
2026	9	11	15	15	130.0	2.1						1016.0	12.8		11.1			
2026	9	11	15	0	120.0	2.1						1016.0	12.6		10.9		0.0	
2026	9	11	14	45	120.0	2.1						1016.0	12.5		10.9			
2026	9	11	14	30	120.0	1.5						1016.0	12.3		10.9			
2026	9	11	14	15	140.0	1.5						1016.0	11.9		10.8			
2026	9	11	14	0	150.0	1.5						1016.0	11.7		10.6		0.0	
2026	9	11	13	45	150.0	1.5						1016.0	11.5		10.6			
2026	9	11	13	30	140.0	1.0						1016.0	11.3		10.4			
2026	9	11	13	15	130.0	0.5						1016.0	11.2		10.3			
2026	9	11	13	0	150.0	1.5						1016.0	11.1		10.0		1.0	
2026	9	11	12	45	160.0	2.1						1015.0	11.5		10.3			
2026	9	11	12	30	150.0	2.1						1015.0	11.7		10.5			
2026	9	11	12	15	150.0	1.5						1015.0	11.7		10.6			
2026	9	11	12	0	140.0	2.1						1016.0	11.7		10.9		1.0	
2026	9	11	11	45	120.0	2.1						1015.0	11.7		10.9			
2026	9	11	11	30	130.0	1.5						1016.0	11.6		10.8			
2026	9	11	11	15	130.0	1.5						1016.0	11.5		10.7			
2026	9	11	11	0	140.0	1.5						1016.0	11.3		10.7		1.0	
2026	9	11	10	45	140.0	1.5						1015.0	10.6		10.0			
2026	9	11	10	30	130.0	1.0						1015.0	10.1		9.5			
2026	9	11	10	15	140.0	0.5						1015.0	10.1		9.5			
2026	9	11	10	0	160.0	1.0						1015.0	10.3		9.5		0.0	
2026	9	11	9	45	140.0	1.5						1015.0	10.2		9.4			
2026	9	11	9	30	120.0	1.0						1015.0	10.3		9.5			
2026	9	11	9	15	90.0	1.5						1015.0	10.3		9.7			
2026	9	11	9	0	120.0	1.5						1015.0	10.0		9.2		1.0	
2026	9	11	8	45	130.0	1.5						1015.0	10.2		9.3			
2026	9	11	8	30	140.0	1.5						1015.0	10.6		9.7			
2026	9	11	8	15	100.0	1.5						1015.0	10.9		10.0			
2026	9	11	8	0	110.0	1.5						1015.0	10.5		9.6		-0.0	
2026	9	11	7	45	120.0	2.1						1015.0	10.5		9.6			
2026	9	11	7	30	120.0	1.5						1015.0	10.1		9.3			
2026	9	11	7	15	130.0	1.5						1015.0	9.8		9.0			
2026	9	11	7	0	130.0	1.5						1015.0	10.0		9.1		-0.0	
2026	9	11	6	45	140.0	2.1						1014.0	10.0		9.1			
2026	9	11	6	30	130.0	1.0						1014.0	10.0		9.1			
2026	9	11	6	15	130.0	1.0						1014.0	10.4		9.0			
2026	9	11	6	0	110.0	0.5						1014.0	11.1		9.5		0.0	
2026	9	11	5	45		0.0						1014.0	11.1		9.5			
2026	9	11	5	30	60.0	1.0						1014.0	11.2		9.6			
2026	9	11	5	15	80.0	1.0						1014.0	11.3		9.7			
2026	9	11	5	0	90.0	1.0						1015.0	11.6		9.5		1.0	
2026	9	11	4	45		0.0						1014.0	12.0		9.8			
2026	9	11	4	30	70.0	0.5						1015.0	12.2		10.0			
2026	9	11	4	15	120.0	1.0						1015.0	13.1		10.3			
2026	9	11	4	0	120.0	0.5						1015.0	14.1		10.9		-0.0	
2026	9	11	3	45		0.0						1014.0	14.6		11.4			
2026	9	11	3	30	290.0	1.5						1014.0	14.9		11.2			
2026	9	11	3	15	320.0	1.0						1014.0	15.4		11.8			
2026	9	11	3	0		0.0						1014.0	15.8		10.2		-1.0	
2026	9	11	2	45	10.0	1.0						1014.0	15.6		9.1			
2026	9	11	2	30	350.0	1.5						1014.0	16.0		9.7			
2026	9	11	2	15	10.0	1.5						1014.0	16.3		10.3			
2026	9	11	2	0	340.0	2.1						1014.0	16.6		11.4		-1.0	
2026	9	11	1	45	340.0	2.1						1014.0	16.7		11.3			
2026	9	11	1	30	340.0	2.1						1015.0	16.9		10.8			
2026	9	11	1	15	340.0	3.1						1015.0	17.0		10.5			
2026	9	11	1	0	340.0	4.1						1015.0	17.3		10.8		-1.0	
2026	9	11	0	45	340.0	3.6						1015.0	17.6		10.8			
2026	9	11	0	30	340.0	4.1						1015.0	17.3		11.2			
2026	9	11	0	15	340.0	4.1						1015.0	17.5		11.2			
2026	9	11	0	0	330.0	3.6						1015.0	17.7		11.1		-2.0	
2026	9	10	23	45	320.0	4.1						1015.0	17.7		10.9			
2026	9	10	23	30	320.0	4.6						1015.0	17.1		11.7			
2026	9	10	23	15	330.0	5.1						1015.0	16.9		11.7			
2026	9	10	23	0	330.0	4.6						1015.0	18.0		11.7		-2.0	
2026	9	10	22	45	330.0	4.1						1016.0	18.0		11.4			
2026	9	10	22	30	330.0	4.1						1016.0	17.8		11.2			
2026	9	10	22	15	330.0	4.1						1016.0	17.7		12.0			
2026	9	10	22	0	330.0	5.1						1016.0	17.4		11.5		-1.0	
2026	9	10	21	45	330.0	5.1						1016.0	17.5		12.1			
2026	9	10	21	30	330.0	5.1						1016.0	17.6		11.9			
2026	9	10	21	15	330.0	5.7						1016.0	17.7		11.8			
2026	9	10	21	0	330.0	5.1						1017.0	17.8		11.9		0.0	
2026	9	10	20	45	330.0	5.7						1017.0	17.5		11.4			
2026	9	10	20	30	340.0	5.7						1017.0	17.9		11.3			
2026	9	10	20	15	340.0	6.2						1017.0	18.1		11.1			
2026	9	10	20	0	330.0	5.1						1017.0	18.1		12.0		0.0	
2026	9	10	19	45	330.0	5.1						1017.0	18.2		12.3			
2026	9	10	19	30	340.0	4.6						1017.0	18.0		11.9			
2026	9	10	19	15	330.0	4.6						1017.0	18.1		12.0			
2026	9	10	19	0	340.0	4.6						1017.0	18.1		12.4		-1.0	
2026	9	10	18	45	330.0	4.1						1017.0	17.9		13.1			
2026	9	10	18	30	330.0	3.6						1017.0	17.8		13.4			
2026	9	10	18	15	330.0	3.6						1017.0	17.8		13.4			
2026	9	10	18	0	330.0	3.6						1017.0	17.6		13.2		-1.0	
2026	9	10	17	45	330.0	3.1						1017.0	17.6		13.0			
2026	9	10	17	30	330.0	2.6						1017.0	17.6		13.2			
2026	9	10	17	15	340.0	1.0						1017.0	17.6		13.4			
2026	9	10	17	0	200.0	1.0						1017.0	17.3		13.3		0.0	
2026	9	10	16	45	170.0	0.5						1017.0	16.8		13.4			
2026	9	10	16	30	150.0	1.5						1017.0	16.3		13.5			
2026	9	10	16	15	160.0	1.5						1018.0	15.6		13.1			
2026	9	10	16	0	140.0	1.5						1018.0	15.1		13.0		1.0	
2026	9	10	15	45	130.0	1.0						1018.0	14.4		12.6			
2026	9	10	15	30	140.0	1.0						1018.0	13.6		12.7			
2026	9	10	15	15	170.0	1.0						1018.0	12.8		12.3			
2026	9	10	15	0		0.0						1018.0	12.0		11.5		1.0	
2026	9	10	14	45		0.0						1018.0	11.7		11.1			
2026	9	10	14	30		0.0						1017.0	11.4		10.8			
2026	9	10	14	15	130.0	0.5						1017.0	11.5		10.7			
2026	9	10	14	0		0.0						1017.0	12.3		11.5		0.0	
2026	9	10	13	45	100.0	0.5						1017.0	12.5		11.6			
2026	9	10	13	30	100.0	1.0						1017.0	12.7		11.8			
2026	9	10	13	15	130.0	1.5						1017.0	13.1		12.0			
2026	9	10	13	0	140.0	1.0						1017.0	13.2		11.9		-1.0	
2026	9	10	12	45	130.0	1.5						1017.0	13.3		12.0			
2026	9	10	12	30	120.0	1.0						1017.0	13.6		12.0			
2026	9	10	12	15	160.0	1.0						1017.0	13.9		12.0			
2026	9	10	12	0	190.0	2.1						1017.0	14.0		11.9		-1.0	
2026	9	10	11	45	190.0	3.1						1017.0	14.2		12.1			
2026	9	10	11	30	180.0	2.6						1017.0	14.2		12.1			
2026	9	10	11	15	150.0	2.6						1017.0	14.4		12.5			
2026	9	10	11	0	140.0	3.1						1017.0	14.4		12.6		-2.0	
2026	9	10	10	45	150.0	3.1						1017.0	14.5		12.6			
2026	9	10	10	30	160.0	3.1						1018.0	14.2		12.4			
2026	9	10	10	15	170.0	3.1						1018.0	14.0		12.2			
2026	9	10	10	0	170.0	2.6						1018.0	13.9		12.1		-1.0	
2026	9	10	9	45	170.0	2.6						1018.0	13.9		12.1			
2026	9	10	9	30	190.0	3.1						1018.0	14.1		12.3			
2026	9	10	9	15	190.0	3.1						1018.0	13.9		12.3			
2026	9	10	9	0	170.0	2.1						1018.0	13.5		12.2		-1.0	
2026	9	10	8	45	170.0	3.1						1018.0	13.6		12.3			
2026	9	10	8	30	170.0	3.1						1019.0	13.5		11.9			
2026	9	10	8	15	160.0	3.1						1019.0	14.0		12.1			
2026	9	10	8	0	140.0	3.1						1019.0	13.9		12.0		0.0	
2026	9	10	7	45	130.0	3.1						1019.0	13.9		12.0			
2026	9	10	7	30	160.0	2.6						1019.0	14.2		12.1			
2026	9	10	7	15	150.0	1.5						1019.0	13.8		12.0			
2026	9	10	7	0	140.0	2.1						1019.0	14.3		12.0		-1.0	
2026	9	10	6	45	160.0	1.5						1019.0	14.6		12.3			
2026	9	10	6	30		0.0						1019.0	14.3		12.5			
2026	9	10	6	15		0.0						1019.0	14.0		12.6			
2026	9	10	6	0	120.0	0.5						1019.0	14.0		12.7		-1.0	
2026	9	10	5	45	120.0	1.0						1019.0	14.3		12.7			
2026	9	10	5	30	180.0	1.5						1019.0	14.5		12.7			
2026	9	10	5	15	180.0	1.0						1019.0	14.6		12.8			
2026	9	10	5	0	210.0	1.0						1019.0	14.7		13.1		-1.0	
2026	9	10	4	45	130.0	1.0						1019.0	15.1		13.2			
2026	9	10	4	30	350.0	1.5						1020.0	15.8		13.5			
2026	9	10	4	15	340.0	2.6						1020.0	15.8		13.5			
2026	9	10	4	0	340.0	2.6						1020.0	15.7		13.6		-1.0	
2026	9	10	3	45	320.0	2.6						1020.0	16.2		13.7			
2026	9	10	3	30	350.0	1.5						1020.0	16.4		12.6			
2026	9	10	3	15	360.0	3.1						1019.0	17.0		12.8			
2026	9	10	3	0	350.0	3.6						1020.0	17.0		13.0		-2.0	
2026	9	10	2	45	360.0	2.6						1020.0	17.1		12.9			
2026	9	10	2	30	360.0	2.6						1020.0	17.3		12.9			
2026	9	10	2	15	350.0	2.6						1020.0	17.1		12.9			
2026	9	10	2	0	350.0	2.6						1020.0	16.9		13.1		-2.0	
2026	9	10	1	45	360.0	3.1						1020.0	16.6		13.0			
2026	9	10	1	30	350.0	3.1						1021.0	16.3		13.1			
2026	9	10	1	15	340.0	4.6						1021.0	16.6		13.2			
2026	9	10	1	0	340.0	5.1						1021.0	16.9		12.9		-2.0	
2026	9	10	0	45	340.0	5.1						1021.0	17.1		13.1			
2026	9	10	0	30	340.0	5.1						1022.0	17.3		13.5			
2026	9	10	0	15	340.0	5.1						1022.0	17.4		13.8			
2026	9	10	0	0	350.0	5.1						1022.0	17.3		13.9		-2.0	
2026	9	9	23	45	350.0	5.1						1022.0	17.6		14.0			
2026	9	9	23	30	350.0	5.1						1022.0	18.1		14.3			
2026	9	9	23	15	340.0	4.6						1022.0	18.3		14.3			
2026	9	9	23	0	340.0	5.1						1022.0	18.1		14.5		-2.0	
2026	9	9	22	45	340.0	4.6						1022.0	18.2		14.4			
2026	9	9	22	30	340.0	4.1						1022.0	18.2		14.4			
2026	9	9	22	15	340.0	4.6						1023.0	18.0		14.4			
2026	9	9	22	0	340.0	4.6						1023.0	17.8		14.6		-2.0	
2026	9	9	21	45	340.0	5.1						1023.0	18.0		14.8			
2026	9	9	21	30	340.0	5.1						1023.0	18.4		14.6			
2026	9	9	21	15	340.0	5.1						1023.0	18.8		14.6			
2026	9	9	21	0	340.0	5.1						1024.0	18.6		14.6		-1.0	
2026	9	9	20	45	340.0	5.1						1024.0	18.6		14.8			
2026	9	9	20	30	340.0	5.1						1024.0	18.4		14.8			
2026	9	9	20	15	340.0	4.6						1024.0	18.2		14.9			
2026	9	9	20	0	340.0	4.6						1024.0	17.7		14.8		-1.0	
2026	9	9	19	45	340.0	5.1						1024.0	17.6		14.9			
2026	9	9	19	30	340.0	5.1						1025.0	17.8		14.9			
2026	9	9	19	15	340.0	5.1						1025.0	17.8		14.7			
2026	9	9	19	0	340.0	5.1						1025.0	17.8		14.7		0.0	
2026	9	9	18	45	340.0	5.1						1025.0	17.6		14.9			
2026	9	9	18	30	340.0	4.6						1025.0	17.6		14.9			
2026	9	9	18	15	340.0	3.6						1025.0	17.4		14.7			
2026	9	9	18	0	340.0	3.6						1025.0	17.3		14.6		0.0	
2026	9	9	17	45	340.0	3.1						1025.0	17.2		14.7			
2026	9	9	17	30	330.0	2.6						1025.0	16.9		14.4			
2026	9	9	17	15	330.0	3.1						1025.0	16.8		14.3			
2026	9	9	17	0	320.0	3.1						1025.0	16.6		14.3		0.0	
2026	9	9	16	45	320.0	3.1						1025.0	16.2		14.2			
2026	9	9	16	30	320.0	2.6						1025.0	16.0		14.2			
2026	9	9	16	15	320.0	2.1						1025.0	15.7		14.1			
2026	9	9	16	0	320.0	2.6						1025.0	15.3		14.0		0.0	
2026	9	9	15	45	320.0	2.1						1025.0	14.8		14.0			
2026	9	9	15	30	320.0	2.1						1025.0	14.2		13.9			
2026	9	9	15	15	320.0	1.0						1025.0	13.6		13.4			
2026	9	9	15	0		0.0						1025.0	12.8		12.6		0.0	
2026	9	9	14	45	340.0	0.5						1025.0	12.0		11.8			
2026	9	9	14	30		0.0						1025.0	10.8		10.7			
2026	9	9	14	15	30.0	1.0						1025.0	10.9		10.8			
2026	9	9	14	0	30.0	1.0						1025.0	10.2		10.1		0.0	
2026	9	9	13	45	40.0	1.0						1025.0	10.1		10.0			
2026	9	9	13	30	60.0	0.5						1025.0	8.9		8.8			
2026	9	9	13	15	100.0	0.5						1025.0	9.0		8.9			
2026	9	9	13	0		0.0						1025.0	9.2		9.1		0.0	
2026	9	9	12	45		0.0						1025.0	9.6		9.3			
2026	9	9	12	30	30.0	1.0						1025.0	10.8		10.7			
2026	9	9	12	15	30.0	0.5						1025.0	10.5		10.4			
2026	9	9	12	0	20.0	0.5						1025.0	10.5		10.4		0.0	
2026	9	9	11	45	30.0	0.5						1025.0	10.8		10.7			
2026	9	9	11	30		0.0						1025.0	9.9		9.8			
2026	9	9	11	15		0.0						1025.0	9.4		9.3			
2026	9	9	11	0		0.0						1025.0	9.3		9.0		0.0	
2026	9	9	10	45		0.0						1025.0	9.5		9.2			
2026	9	9	10	30		0.0						1025.0	10.5		10.2			
2026	9	9	10	15	90.0	0.5						1025.0	10.4		10.3			
2026	9	9	10	0		0.0						1025.0	9.6		9.3		0.0	
2026	9	9	9	45		0.0						1025.0	9.7		9.4			
2026	9	9	9	30	160.0	0.5						1025.0	9.5		9.2			
2026	9	9	9	15	110.0	1.0						1025.0	9.6		9.2			
2026	9	9	9	0	60.0	1.0						1025.0	10.5		10.1		0.0	
2026	9	9	8	45	20.0	1.0						1025.0	10.9		10.6			
2026	9	9	8	30		0.0						1025.0	10.1		9.7			
2026	9	9	8	15		0.0						1025.0	10.0		9.6			
2026	9	9	8	0	130.0	0.5						1025.0	10.5		10.1		0.0	
2026	9	9	7	45	50.0	1.0						1025.0	11.1		10.6			
2026	9	9	7	30	40.0	1.0						1025.0	10.9		10.4			
2026	9	9	7	15	110.0	0.5						1025.0	10.6		10.0			
2026	9	9	7	0	100.0	1.0						1025.0	11.0		10.4		1.0	
2026	9	9	6	45	60.0	1.0						1025.0	11.4		10.6			
2026	9	9	6	30	80.0	1.0						1025.0	11.9		11.1			
2026	9	9	6	15	100.0	1.0						1025.0	11.9		11.1			
2026	9	9	6	0	190.0	1.0						1025.0	12.1		11.2		2.0	
2026	9	9	5	45	120.0	1.0						1025.0	12.4		11.3			
2026	9	9	5	30	100.0	1.5						1025.0	12.7		11.5			
2026	9	9	5	15	30.0	1.0						1025.0	14.3		12.5			
2026	9	9	5	0	350.0	1.5						1025.0	14.6		12.7		1.0	
2026	9	9	4	45	90.0	0.5						1025.0	13.7		11.8			
2026	9	9	4	30	110.0	0.5						1025.0	14.5		12.0			
2026	9	9	4	15		0.0						1024.0	14.4		12.3			
2026	9	9	4	0	80.0	1.0						1024.0	13.9		11.8		-0.0	
2026	9	9	3	45	10.0	1.5						1024.0	15.1		12.6			
2026	9	9	3	30	350.0	2.1						1024.0	15.6		13.1			
2026	9	9	3	15	10.0	1.5						1024.0	15.7		12.9			
2026	9	9	3	0	360.0	1.5						1023.0	15.8		13.1		-1.0	
2026	9	9	2	45	340.0	2.1						1023.0	16.2		13.4			
2026	9	9	2	30	340.0	3.1						1023.0	16.6		13.2			
2026	9	9	2	15	340.0	2.6						1023.0	17.1		13.3			
2026	9	9	2	0	350.0	3.1						1024.0	17.0		13.6		0.0	
2026	9	9	1	45	340.0	3.6						1024.0	17.0		14.0			
2026	9	9	1	30	350.0	3.1						1024.0	17.6		13.8			
2026	9	9	1	15	340.0	4.1						1024.0	17.2		13.6			
2026	9	9	1	0	340.0	3.6						1024.0	16.9		13.5		0.0	
2026	9	9	0	45	330.0	3.1						1024.0	17.4		13.8			
2026	9	9	0	30	340.0	3.6						1024.0	17.0		13.8			
2026	9	9	0	15	330.0	4.1						1024.0	17.0		13.6			
2026	9	9	0	0	330.0	4.1						1024.0	17.3		14.1		-1.0	
2026	9	8	23	45	340.0	4.6						1024.0	17.2		13.8			
2026	9	8	23	30	340.0	5.7						1024.0	17.3		13.5			
2026	9	8	23	15	340.0	6.2						1024.0	17.7		13.5			
2026	9	8	23	0	350.0	5.7						1024.0	17.5		13.5		-1.0	
2026	9	8	22	45	340.0	6.2						1024.0	17.6		13.8			
2026	9	8	22	30	350.0	5.1						1024.0	17.6		13.8			
2026	9	8	22	15	340.0	5.1						1024.0	17.6		14.0			
2026	9	8	22	0	340.0	4.6						1024.0	17.6		14.0		-1.0	
2026	9	8	21	45	340.0	4.1						1024.0	17.5		14.1			
2026	9	8	21	30	340.0	4.6						1025.0	17.7		14.5			
2026	9	8	21	15	350.0	5.1						1025.0	17.8		14.6			
2026	9	8	21	0	350.0	5.1						1025.0	17.7		14.6		0.0	
2026	9	8	20	45	340.0	5.7						1025.0	17.9		14.5			
2026	9	8	20	30	340.0	5.7						1025.0	18.0		14.6			
2026	9	8	20	15	340.0	5.7						1025.0	18.2		14.8			
2026	9	8	20	0	340.0	6.2						1025.0	17.9		14.7		0.0	
2026	9	8	19	45	340.0	5.7						1025.0	18.1		14.8			
2026	9	8	19	30	330.0	6.2						1025.0	18.1		14.8			
2026	9	8	19	15	340.0	6.7						1025.0	17.7		14.6			
2026	9	8	19	0	340.0	5.7						1025.0	17.8		15.1		1.0	
2026	9	8	18	45	340.0	4.1						1025.0	17.3		14.8			
2026	9	8	18	30	330.0	3.6						1025.0	17.2		14.2			
2026	9	8	18	15	330.0	3.1						1025.0	17.2		13.8			
2026	9	8	18	0	330.0	2.6						1025.0	17.0		13.4		1.0	
2026	9	8	17	45	330.0	2.6						1025.0	16.9		13.1			
2026	9	8	17	30	310.0	3.1						1025.0	16.7		13.1			
2026	9	8	17	15	320.0	2.6						1025.0	16.4		13.0			
2026	9	8	17	0	330.0	2.1						1025.0	16.0		13.3		1.0	
2026	9	8	16	45	330.0	2.1						1025.0	15.7		13.2			
2026	9	8	16	30	360.0	1.5						1025.0	15.9		12.7			
2026	9	8	16	15	40.0	1.5						1025.0	15.6		12.0			
2026	9	8	16	0	50.0	1.0						1024.0	14.9		11.9		1.0	
2026	9	8	15	45	60.0	1.0						1024.0	14.7		12.1			
2026	9	8	15	30	90.0	1.0						1024.0	14.2		11.9			
2026	9	8	15	15	90.0	1.5						1024.0	13.7		11.9			
2026	9	8	15	0	80.0	0.5						1024.0	13.3		12.2		1.0	
2026	9	8	14	45	90.0	0.5						1024.0	13.2		12.4			
2026	9	8	14	30		0.0						1024.0	13.0		12.4			
2026	9	8	14	15		0.0						1024.0	12.8		12.2			
2026	9	8	14	0		0.0						1024.0	12.7		12.1		1.0	
2026	9	8	13	45		0.0						1024.0	12.6		12.0			
2026	9	8	13	30		0.0						1024.0	12.5		11.7			
2026	9	8	13	15		0.0						1023.0	12.5		11.7			
2026	9	8	13	0	210.0	1.0						1023.0	12.5		11.9		0.0	
2026	9	8	12	45		0.0						1023.0	12.5		11.9			
2026	9	8	12	30		0.0						1023.0	12.5		11.9			
2026	9	8	12	15		0.0						1023.0	12.4		11.6			
2026	9	8	12	0	180.0	0.5						1023.0	12.5		11.7		0.0	
2026	9	8	11	45		0.0						1023.0	12.6		11.8			
2026	9	8	11	30	160.0	0.5						1023.0	12.6		11.8			
2026	9	8	11	15	150.0	0.5						1023.0	12.7		11.8			
2026	9	8	11	0		0.0						1023.0	12.9		11.8		0.0	
2026	9	8	10	45	90.0	1.0						1023.0	13.0		11.9			
2026	9	8	10	30	120.0	1.0						1023.0	13.0		11.9			
2026	9	8	10	15	120.0	1.0						1023.0	13.0		12.1			
2026	9	8	10	0	120.0	1.0						1023.0	13.0		12.1		0.0	
2026	9	8	9	45	180.0	1.0						1023.0	12.7		11.9			
2026	9	8	9	30	190.0	1.5						1023.0	12.7		11.9			
2026	9	8	9	15	190.0	1.0						1023.0	12.9		12.0			
2026	9	8	9	0	160.0	1.5						1023.0	13.0		12.1		0.0	
2026	9	8	8	45	180.0	1.0						1023.0	13.0		12.1			
2026	9	8	8	30	140.0	0.5						1023.0	13.0		12.1			
2026	9	8	8	15	140.0	0.5						1023.0	13.0		11.9			
2026	9	8	8	0	100.0	1.0						1023.0	13.2		11.6		1.0	
2026	9	8	7	45	100.0	1.0						1023.0	13.4		11.3			
2026	9	8	7	30	120.0	1.0						1023.0	13.5		11.4			
2026	9	8	7	15		0.0						1023.0	14.3		11.1			
2026	9	8	7	0	140.0	1.0						1023.0	13.7		11.4		1.0	
2026	9	8	6	45	100.0	0.5						1023.0	13.6		11.5			
2026	9	8	6	30		0.0						1023.0	13.4		11.7			
2026	9	8	6	15	160.0	0.5						1023.0	13.0		11.7			
2026	9	8	6	0		0.0						1023.0	12.7		11.8		1.0	
2026	9	8	5	45		0.0						1022.0	12.5		11.4			
2026	9	8	5	30	80.0	0.5						1022.0	12.5		11.4			
2026	9	8	5	15	110.0	1.0						1022.0	13.0		11.6			
2026	9	8	5	0	80.0	1.0						1022.0	13.4		11.7		1.0	
2026	9	8	4	45	110.0	1.0						1022.0	14.2		11.9			
2026	9	8	4	30	120.0	0.5						1022.0	15.0		12.0			
2026	9	8	4	15	100.0	0.5						1022.0	15.1		12.3			
2026	9	8	4	0	250.0	1.0						1022.0	15.6		12.2		1.0	
2026	9	8	3	45	240.0	1.5						1022.0	15.7		12.7			
2026	9	8	3	30	240.0	1.5						1022.0	15.9		12.9			
2026	9	8	3	15	230.0	1.5						1022.0	16.4		12.8			
2026	9	8	3	0	240.0	0.5						1022.0	17.2		12.0		1.0	
2026	9	8	2	45		0.0						1021.0	17.4		11.8			
2026	9	8	2	30	300.0	1.0						1022.0	17.7		11.8			
2026	9	8	2	15	310.0	1.5						1022.0	17.9		12.0			
2026	9	8	2	0	280.0	2.1						1021.0	18.1		11.8		0.0	
2026	9	8	1	45	270.0	2.6						1021.0	18.3		11.7			
2026	9	8	1	30	270.0	2.6						1021.0	18.2		11.9			
2026	9	8	1	15	260.0	3.1						1021.0	18.3		12.0			
2026	9	8	1	0	260.0	3.1						1021.0	18.6		11.8		0.0	
2026	9	8	0	45	260.0	2.6						1021.0	18.9		12.1			
2026	9	8	0	30	260.0	2.6						1021.0	18.9		12.1			
2026	9	8	0	15	280.0	1.5						1021.0	18.9		12.1			
2026	9	8	0	0	310.0	2.1						1021.0	19.0		12.2		0.0	
2026	9	7	23	45	320.0	1.0						1021.0	19.0		12.2			
2026	9	7	23	30	250.0	1.5						1021.0	19.2		12.4			
2026	9	7	23	15	150.0	0.5						1021.0	19.3		12.4			
2026	9	7	23	0	150.0	0.5						1021.0	19.4		12.3		0.0	
2026	9	7	22	45	150.0	1.0						1021.0	19.3		12.4			
2026	9	7	22	30	190.0	2.1						1021.0	19.7		13.3			
2026	9	7	22	15	180.0	2.6						1021.0	19.3		13.1			
2026	9	7	22	0	190.0	2.1						1021.0	19.2		13.0		0.0	
2026	9	7	21	45	190.0	2.1						1021.0	19.0		13.3			
2026	9	7	21	30	150.0	2.1						1021.0	18.5		13.2			
2026	9	7	21	15	180.0	2.1						1021.0	18.4		13.1			
2026	9	7	21	0	180.0	2.6						1021.0	18.1		12.9		0.0	
2026	9	7	20	45	180.0	3.1						1021.0	18.2		13.4			
2026	9	7	20	30	180.0	3.6						1021.0	18.4		13.6			
2026	9	7	20	15	170.0	3.6						1021.0	18.1		13.5			
2026	9	7	20	0	160.0	4.1						1021.0	17.9		13.7		1.0	
2026	9	7	19	45	170.0	4.1						1021.0	17.5		13.9			
2026	9	7	19	30	170.0	4.1						1021.0	17.2		14.2			
2026	9	7	19	15	170.0	4.6						1021.0	17.0		14.1			
2026	9	7	19	0	160.0	4.1						1021.0	17.1		14.2		1.0	
2026	9	7	18	45	160.0	3.6						1021.0	16.8		14.1			
2026	9	7	18	30	160.0	3.6						1021.0	16.5		14.2			
2026	9	7	18	15	170.0	2.6						1021.0	15.9		13.9			
2026	9	7	18	0	160.0	3.1						1021.0	15.5		13.9		1.0	
2026	9	7	17	45	150.0	2.6						1021.0	14.9		13.8			
2026	9	7	17	30	160.0	2.6						1021.0	14.3		13.4			
2026	9	7	17	15	150.0	2.6						1021.0	14.0		13.2			
2026	9	7	17	0	140.0	3.1						1020.0	13.8		13.0		1.0	
2026	9	7	16	45	130.0	3.1						1020.0	13.7		12.9			
2026	9	7	16	30	130.0	3.6						1020.0	13.6		12.8			
2026	9	7	16	15	140.0	4.1						1020.0	13.5		12.7			
2026	9	7	16	0	180.0	2.6						1020.0	13.6		12.7		1.0	
2026	9	7	15	45	210.0	4.6						1020.0	13.6		12.5			
2026	9	7	15	30	180.0	3.6						1020.0	13.8		12.4			
2026	9	7	15	15	180.0	3.6						1020.0	13.9		12.3			
2026	9	7	15	0	150.0	2.1						1020.0	14.1		12.3		2.0	
2026	9	7	14	45	130.0	2.1						1020.0	14.0		12.2			
2026	9	7	14	30	140.0	2.6						1020.0	14.0		12.2			
2026	9	7	14	15	140.0	2.6						1019.0	14.0		12.1			
2026	9	7	14	0	130.0	2.6						1019.0	14.0		12.1		1.0	
2026	9	7	13	45	150.0	2.6						1019.0	14.0		12.2			
2026	9	7	13	30	160.0	3.1						1019.0	14.2		12.1			
2026	9	7	13	15	160.0	3.1						1019.0	14.5		12.0			
2026	9	7	13	0	180.0	2.6						1019.0	14.7		12.1		2.0	
2026	9	7	12	45	180.0	2.6						1019.0	14.7		12.1			
2026	9	7	12	30	190.0	3.1						1018.0	14.7		12.1			
2026	9	7	12	15	210.0	3.6						1018.0	14.6		12.1			
2026	9	7	12	0	200.0	3.6						1018.0	14.4		12.1		1.0	
2026	9	7	11	45	180.0	2.6						1018.0	14.0		11.9			
2026	9	7	11	30	190.0	2.6						1018.0	14.0		11.7			
2026	9	7	11	15	200.0	3.1						1018.0	14.2		11.8			
2026	9	7	11	0	200.0	3.6						1018.0	14.3		11.7		1.0	
2026	9	7	10	45	180.0	4.1						1018.0	14.2		11.8			
2026	9	7	10	30	190.0	4.1						1018.0	14.2		11.9			
2026	9	7	10	15	180.0	4.1						1018.0	14.2		11.9			
2026	9	7	10	0	180.0	3.1						1017.0	14.3		12.0		0.0	
2026	9	7	9	45	190.0	3.6						1017.0	14.3		12.2			
2026	9	7	9	30	200.0	3.1						1017.0	14.5		12.2			
2026	9	7	9	15	190.0	3.1						1017.0	14.3		12.2			
2026	9	7	9	0	210.0	2.1						1017.0	14.3		12.2		1.0	
2026	9	7	8	45	210.0	2.6						1017.0	14.0		11.9			
2026	9	7	8	30	220.0	3.1						1017.0	13.9		12.0			
2026	9	7	8	15	210.0	2.1						1017.0	13.8		11.9			
2026	9	7	8	0	190.0	2.6						1017.0	13.6		11.8		1.0	
2026	9	7	7	45	180.0	2.6						1017.0	13.4		11.8			
2026	9	7	7	30	170.0	2.6						1017.0	13.5		11.7			
2026	9	7	7	15	180.0	2.6						1017.0	13.8		11.9			
2026	9	7	7	0	200.0	4.1						1017.0	14.0		11.9		1.0	
2026	9	7	6	45	190.0	4.6						1016.0	14.1		12.0			
2026	9	7	6	30	190.0	4.1						1016.0	14.2		11.9			
2026	9	7	6	15	200.0	4.1						1016.0	14.2		11.9			
2026	9	7	6	0	200.0	4.6						1016.0	14.2		11.8		1.0	
2026	9	7	5	45	190.0	4.1						1016.0	14.2		11.6			
2026	9	7	5	30	180.0	4.1						1016.0	14.2		11.4			
2026	9	7	5	15	180.0	4.1						1016.0	13.6		11.3			
2026	9	7	5	0	160.0	3.6						1016.0	13.3		11.0		1.0	
2026	9	7	4	45	180.0	4.1						1016.0	13.8		10.6			
2026	9	7	4	30	180.0	2.1						1016.0	12.8		10.4			
2026	9	7	4	15	130.0	2.1						1016.0	11.7		9.8			
2026	9	7	4	0	150.0	1.5						1016.0	12.9		10.3		1.0	
2026	9	7	3	45	150.0	1.5						1016.0	13.1		10.5			
2026	9	7	3	30	180.0	1.5						1015.0	13.5		10.4			
2026	9	7	3	15	150.0	1.5						1015.0	13.8		10.5			
2026	9	7	3	0	120.0	2.1						1015.0	14.4		10.5		0.0	
2026	9	7	2	45	220.0	1.5						1015.0	16.0		10.4			
2026	9	7	2	30	220.0	2.1						1015.0	17.1		10.6			
2026	9	7	2	15	230.0	2.1						1015.0	18.0		10.5			
2026	9	7	2	0	200.0	2.1						1015.0	18.8		11.3		0.0	
2026	9	7	1	45	260.0	1.0						1015.0	19.4		12.3			
2026	9	7	1	30	300.0	1.0						1015.0	19.2		13.5			
2026	9	7	1	15	340.0	1.5						1015.0	19.0		13.5			
2026	9	7	1	0	340.0	2.6						1015.0	18.9		13.2		0.0	
2026	9	7	0	45	340.0	3.1						1015.0	18.9		13.0			
2026	9	7	0	30	340.0	3.6						1015.0	18.7		13.0			
2026	9	7	0	15	340.0	3.6						1015.0	18.8		13.1			
2026	9	7	0	0	340.0	3.6						1015.0	18.7		13.0		0.0	
2026	9	6	23	45	340.0	3.6						1015.0	18.7		13.0			
2026	9	6	23	30	340.0	4.1						1015.0	18.9		13.0			
2026	9	6	23	15	340.0	4.6						1015.0	19.0		12.6			
2026	9	6	23	0	340.0	4.1						1015.0	18.9		12.5		0.0	
2026	9	6	22	45	350.0	3.6						1015.0	18.6		12.7			
2026	9	6	22	30	350.0	3.6						1015.0	18.4		12.5			
2026	9	6	22	15	340.0	3.6						1015.0	17.8		12.6			
2026	9	6	22	0	340.0	4.1						1015.0	17.8		13.2		-1.0	
2026	9	6	21	45	330.0	4.6						1015.0	17.9		12.9			
2026	9	6	21	30	340.0	4.6						1015.0	17.3		13.7			
2026	9	6	21	15	340.0	5.1						1015.0	17.3		13.9			
2026	9	6	21	0	350.0	4.6						1015.0	17.5		13.9		-1.0	
2026	9	6	20	45	340.0	4.6						1015.0	17.5		13.1			
2026	9	6	20	30	340.0	4.6						1015.0	17.3		13.1			
2026	9	6	20	15	340.0	5.1						1015.0	17.1		13.3			
2026	9	6	20	0	340.0	5.1						1015.0	17.2		13.4		-2.0	
2026	9	6	19	45	340.0	5.1						1016.0	17.2		13.2			
2026	9	6	19	30	340.0	5.1						1016.0	17.1		13.5			
2026	9	6	19	15	330.0	4.6						1016.0	16.9		13.5			
2026	9	6	19	0	330.0	4.1						1016.0	16.8		13.0		-1.0	
2026	9	6	18	45	340.0	3.1						1016.0	16.5		11.7			
2026	9	6	18	30	350.0	2.6						1016.0	16.1		10.9			
2026	9	6	18	15	340.0	2.6						1016.0	15.6		10.9			
2026	9	6	18	0	350.0	3.6						1016.0	15.2		10.9		-1.0	
2026	9	6	17	45	340.0	2.6						1017.0	15.0		11.3			
2026	9	6	17	30	330.0	3.1						1017.0	14.6		11.4			
2026	9	6	17	15	320.0	3.1						1017.0	14.4		11.6			
2026	9	6	17	0	330.0	3.6						1017.0	14.2		11.8		0.0	
2026	9	6	16	45	330.0	3.1						1017.0	13.6		11.7			
2026	9	6	16	30	340.0	3.6						1017.0	13.5		11.4			
2026	9	6	16	15	330.0	3.6						1017.0	13.8		11.2			
2026	9	6	16	0	330.0	2.6						1017.0	13.9		11.1		0.0	
2026	9	6	15	45	320.0	1.5						1017.0	13.8		11.0			
2026	9	6	15	30	330.0	0.5						1017.0	13.7		10.5			
2026	9	6	15	15	30.0	1.0						1017.0	13.0		10.6			
2026	9	6	15	0	360.0	1.0						1017.0	12.0		10.4		0.0	
2026	9	6	14	45	360.0	0.5						1017.0	11.5		10.1			
2026	9	6	14	30	30.0	0.5						1017.0	10.6		9.4			
2026	9	6	14	15	10.0	1.0						1017.0	10.1		8.9			
2026	9	6	14	0		0.0						1017.0	9.9		8.8		0.0	
2026	9	6	13	45	30.0	0.5						1017.0	10.2		8.8			
2026	9	6	13	30		0.0						1016.0	10.4		9.2			
2026	9	6	13	15		0.0						1016.0	10.1		8.7			
2026	9	6	13	0	10.0	1.0						1017.0	10.7		9.0		0.0	
2026	9	6	12	45	360.0	0.5						1017.0	11.1		9.4			
2026	9	6	12	30	350.0	1.0						1017.0	11.0		9.3			
2026	9	6	12	15	340.0	1.0						1017.0	11.5		9.4			
2026	9	6	12	0	350.0	1.0						1017.0	11.5		9.4		0.0	
2026	9	6	11	45	320.0	1.0						1017.0	12.0		9.4			
2026	9	6	11	30		0.0						1017.0	12.3		9.5			
2026	9	6	11	15	310.0	1.0						1017.0	12.2		9.6			
2026	9	6	11	0	250.0	0.5						1017.0	12.2		9.6		0.0	
2026	9	6	10	45	90.0	2.1						1017.0	12.7		9.9			
2026	9	6	10	30	70.0	2.6						1017.0	12.6		10.0			
2026	9	6	10	15	70.0	2.6						1017.0	12.5		10.1			
2026	9	6	10	0	60.0	1.5						1017.0	12.3		10.1		0.0	
2026	9	6	9	45		0.0						1017.0	12.4		10.0			
2026	9	6	9	30		0.0						1017.0	12.6		10.2			
2026	9	6	9	15	70.0	1.5						1017.0	12.9		10.3			
2026	9	6	9	0	60.0	2.6						1017.0	13.2		10.4		0.0	
2026	9	6	8	45	60.0	2.6						1017.0	13.1		10.3			
2026	9	6	8	30	60.0	2.6						1017.0	13.4		10.6			
2026	9	6	8	15	90.0	1.5						1017.0	13.4		10.6			
2026	9	6	8	0	70.0	2.1						1017.0	13.5		10.5		0.0	
2026	9	6	7	45	70.0	2.6						1017.0	13.8		10.6			
2026	9	6	7	30	50.0	3.1						1017.0	13.9		10.6			
2026	9	6	7	15	60.0	3.1						1017.0	14.2		10.7			
2026	9	6	7	0	60.0	2.6						1017.0	14.3		10.6		0.0	
2026	9	6	6	45	60.0	2.1						1017.0	14.6		10.7			
2026	9	6	6	30	70.0	2.6						1017.0	14.9		10.6			
2026	9	6	6	15	70.0	3.1						1017.0	15.3		10.6			
2026	9	6	6	0	50.0	3.6						1017.0	15.1		10.4		0.0	
2026	9	6	5	45	50.0	3.6						1017.0	15.3		10.6			
2026	9	6	5	30	60.0	4.1						1017.0	15.5		10.8			
2026	9	6	5	15	50.0	2.6						1017.0	15.0		10.7			
2026	9	6	5	0	320.0	1.0						1017.0	15.4		10.9		0.0	
2026	9	6	4	45	300.0	1.0						1017.0	15.3		11.2			
2026	9	6	4	30	350.0	1.5						1017.0	14.2		11.0			
2026	9	6	4	15	30.0	1.5						1017.0	14.2		10.9			
2026	9	6	4	0	20.0	1.5						1017.0	15.6		11.5		0.0	
2026	9	6	3	45	20.0	1.5						1017.0	15.6		11.6			
2026	9	6	3	30	60.0	1.5						1017.0	15.3		12.5			
2026	9	6	3	15	330.0	1.5						1017.0	15.6		13.0			
2026	9	6	3	0	320.0	2.1						1017.0	15.5		12.9		1.0	
2026	9	6	2	45	320.0	2.6						1017.0	15.6		13.1			
2026	9	6	2	30	320.0	2.1						1017.0	16.3		13.5			
2026	9	6	2	15	330.0	2.1						1017.0	17.2		13.4			
2026	9	6	2	0	350.0	2.1						1017.0	17.7		12.7		-0.0	
2026	9	6	1	45	340.0	3.6						1017.0	17.1		12.9			
2026	9	6	1	30	330.0	3.6						1016.0	17.4		13.4			
2026	9	6	1	15	340.0	3.6						1017.0	17.6		13.4			
2026	9	6	1	0	340.0	3.6						1017.0	17.9		13.3		-0.0	
2026	9	6	0	45	340.0	4.1						1017.0	17.5		13.3			
2026	9	6	0	30	340.0	4.1						1017.0	17.5		13.3			
2026	9	6	0	15	340.0	5.1						1016.0	17.2		13.2			
2026	9	6	0	0	340.0	5.1						1016.0	17.3		13.5		-1.0	
2026	9	5	23	45	340.0	4.1						1016.0	17.7		13.7			
2026	9	5	23	30	330.0	3.1						1016.0	18.4		13.6			
2026	9	5	23	15	330.0	3.1						1017.0	18.6		13.1			
2026	9	5	23	0	330.0	2.6						1017.0	18.8		13.1		0.0	
2026	9	5	22	45	340.0	2.6						1017.0	17.8		13.4			
2026	9	5	22	30	340.0	2.6						1017.0	18.2		13.0			
2026	9	5	22	15	340.0	3.6						1017.0	18.4		12.9			
2026	9	5	22	0	340.0	4.1						1017.0	17.9		13.1		-1.0	
2026	9	5	21	45	340.0	4.1						1017.0	17.5		12.9			
2026	9	5	21	30	340.0	4.1						1017.0	16.9		13.1			
2026	9	5	21	15	340.0	4.6						1017.0	17.0		13.4			
2026	9	5	21	0	340.0	4.1						1017.0	17.6		13.4		-1.0	
2026	9	5	20	45	340.0	4.1						1017.0	17.1		13.3			
2026	9	5	20	30	340.0	4.1						1017.0	17.2		13.6			
2026	9	5	20	15	340.0	4.6						1017.0	16.7		13.8			
2026	9	5	20	0	340.0	4.6						1017.0	16.7		13.7		-1.0	
2026	9	5	19	45	340.0	5.1						1018.0	16.6		13.8			
2026	9	5	19	30	340.0	4.1						1018.0	17.0		13.6			
2026	9	5	19	15	340.0	3.6						1018.0	17.1		13.5			
2026	9	5	19	0	340.0	3.6						1018.0	16.9		13.3		0.0	
2026	9	5	18	45	330.0	3.1						1018.0	16.8		13.4			
2026	9	5	18	30	330.0	3.1						1018.0	16.4		13.2			
2026	9	5	18	15	330.0	3.1						1018.0	16.2		13.2			
2026	9	5	18	0	330.0	3.1						1018.0	16.1		13.3		0.0	
2026	9	5	17	45	330.0	3.6						1018.0	16.0		13.3			
2026	9	5	17	30	330.0	3.1						1018.0	15.9		13.2			
2026	9	5	17	15	330.0	2.6						1018.0	16.2		13.2			
2026	9	5	17	0	20.0	1.5						1018.0	16.9		12.5		1.0	
2026	9	5	16	45	80.0	1.5						1018.0	16.5		11.9			
2026	9	5	16	30	70.0	1.5						1018.0	16.3		12.1			
2026	9	5	16	15	120.0	1.5						1018.0	15.8		11.8			
2026	9	5	16	0	140.0	1.5						1018.0	15.3		11.9		1.0	
2026	9	5	15	45	150.0	1.0						1018.0	14.9		12.1			
2026	9	5	15	30		0.0						1018.0	14.6		12.3			
2026	9	5	15	15		0.0						1018.0	13.9		12.3			
2026	9	5	15	0		0.0						1018.0	13.0		12.4		1.0	
2026	9	5	14	45		0.0						1018.0	12.2		11.9			
2026	9	5	14	30		0.0						1018.0	11.6		11.3			
2026	9	5	14	15		0.0						1018.0	11.1		10.8			
2026	9	5	14	0		0.0						1017.0	10.7		10.4		0.0	
2026	9	5	13	45		0.0						1017.0	10.3		10.0			
2026	9	5	13	30		0.0						1017.0	10.2		9.9			
2026	9	5	13	15	150.0	1.0						1017.0	9.9		9.6			
2026	9	5	13	0	120.0	1.0						1017.0	9.8		9.5		0.0	
2026	9	5	12	45	110.0	0.5						1017.0	9.7		9.4			
2026	9	5	12	30		0.0						1017.0	9.6		9.3			
2026	9	5	12	15	150.0	0.5						1017.0	9.4		9.0			
2026	9	5	12	0		0.0						1017.0	10.0		9.6		0.0	
2026	9	5	11	45		0.0						1017.0	10.2		9.8			
2026	9	5	11	30		0.0						1017.0	10.2		9.9			
2026	9	5	11	15	50.0	0.5						1017.0	9.9		9.5			
2026	9	5	11	0		0.0						1017.0	10.0		9.6		1.0	
2026	9	5	10	45	210.0	1.0						1017.0	10.1		9.5			
2026	9	5	10	30	140.0	1.0						1017.0	10.4		9.8			
2026	9	5	10	15	170.0	0.5						1017.0	10.6		10.0			
2026	9	5	10	0		0.0						1017.0	10.3		9.5		1.0	
2026	9	5	9	45		0.0						1017.0	10.6		9.7			
2026	9	5	9	30	60.0	1.0						1017.0	11.3		10.5			
2026	9	5	9	15	70.0	1.0						1017.0	11.4		10.5			
2026	9	5	9	0	50.0	1.5						1017.0	12.2		11.4		1.0	
2026	9	5	8	45	50.0	1.5						1017.0	12.1		11.3			
2026	9	5	8	30	20.0	1.5						1016.0	12.0		11.1			
2026	9	5	8	15	360.0	1.0						1016.0	12.6		11.8			
2026	9	5	8	0	310.0	1.0						1016.0	11.9		11.1		0.0	
2026	9	5	7	45	30.0	1.0						1016.0	11.9		11.0			
2026	9	5	7	30	20.0	0.5						1017.0	11.8		10.9			
2026	9	5	7	15	110.0	0.5						1016.0	11.7		10.6			
2026	9	5	7	0	150.0	1.0						1016.0	11.8		10.7		0.0	
2026	9	5	6	45	70.0	1.0						1016.0	12.4		11.0			
2026	9	5	6	30	330.0	0.5						1016.0	12.6		11.4			
2026	9	5	6	15	90.0	1.0						1016.0	12.4		11.2			
2026	9	5	6	0	100.0	1.0						1016.0	13.0		11.1		1.0	
2026	9	5	5	45		0.0						1016.0	13.6		11.2			
2026	9	5	5	30		0.0						1016.0	13.7		11.3			
2026	9	5	5	15	70.0	1.0						1016.0	13.6		11.3			
2026	9	5	5	0	360.0	2.6						1016.0	14.5		12.2		1.0	
2026	9	5	4	45	340.0	3.1						1016.0	14.4		11.9			
2026	9	5	4	30	360.0	1.5						1016.0	14.0		11.2			
2026	9	5	4	15	20.0	1.5						1016.0	14.0		11.2			
2026	9	5	4	0	360.0	2.1						1016.0	14.5		11.7		1.0	
2026	9	5	3	45	350.0	1.5						1016.0	14.4		11.2			
2026	9	5	3	30	80.0	1.5						1016.0	14.7		11.2			
2026	9	5	3	15	100.0	2.6						1016.0	14.4		11.6			
2026	9	5	3	0	340.0	2.1						1015.0	14.6		12.0		1.0	
2026	9	5	2	45	350.0	2.6						1015.0	14.7		12.2			
2026	9	5	2	30	350.0	3.1						1015.0	14.8		12.5			
2026	9	5	2	15	350.0	3.6						1015.0	14.9		12.8			
2026	9	5	2	0	350.0	4.1						1015.0	15.0		12.7		1.0	
2026	9	5	1	45	340.0	4.1						1015.0	15.2		12.7			
2026	9	5	1	30	340.0	4.1						1015.0	15.2		12.7			
2026	9	5	1	15	330.0	4.6						1015.0	15.5		12.9			
2026	9	5	1	0	330.0	4.6						1015.0	15.6		12.8		1.0	
2026	9	5	0	45	330.0	4.6						1014.0	16.0		13.0			
2026	9	5	0	30	320.0	4.6						1014.0	15.6		13.0			
2026	9	5	0	15	330.0	5.1						1014.0	15.6		13.1			
2026	9	5	0	0	330.0	5.7						1014.0	15.1		13.0		0.0	
2026	9	4	23	45	340.0	6.2						1014.0	15.5		13.0			
2026	9	4	23	30	350.0	6.2						1014.0	15.9		13.1			
2026	9	4	23	15	340.0	5.1						1014.0	16.2		13.2			
2026	9	4	23	0	330.0	6.2						1014.0	16.1		12.9		0.0	
2026	9	4	22	45	340.0	5.1						1014.0	16.3		13.1			
2026	9	4	22	30	340.0	4.6						1014.0	16.9		12.9			
2026	9	4	22	15	340.0	5.1						1014.0	16.8		13.0			
2026	9	4	22	0	340.0	5.1						1014.0	16.3		13.1		0.0	
2026	9	4	21	45	340.0	5.1						1014.0	16.1		13.1			
2026	9	4	21	30	340.0	5.1						1014.0	16.3		13.1			
2026	9	4	21	15	340.0	5.1						1014.0	16.7		13.3			
2026	9	4	21	0	340.0	5.1						1014.0	16.4		13.2		0.0	
2026	9	4	20	45	340.0	4.6						1014.0	16.5		13.1			
2026	9	4	20	30	340.0	4.6						1014.0	16.2		13.0			
2026	9	4	20	15	330.0	5.1						1014.0	15.8		12.8			
2026	9	4	20	0	330.0	4.1						1014.0	15.6		12.8		0.0	
2026	9	4	19	45	330.0	3.6						1014.0	15.4		13.3			
2026	9	4	19	30	330.0	3.1						1014.0	15.4		12.6			
2026	9	4	19	15	330.0	3.1						1014.0	15.3		12.7			
2026	9	4	19	0	330.0	3.1						1014.0	15.2		12.7		0.0	
2026	9	4	18	45	330.0	3.1						1014.0	14.6		12.3			
2026	9	4	18	30	320.0	3.1						1014.0	14.4		12.5			
2026	9	4	18	15	320.0	3.1						1014.0	14.8		12.3			
2026	9	4	18	0	320.0	3.1						1014.0	14.8		12.5		1.0	
2026	9	4	17	45	330.0	2.1						1014.0	15.0		12.5			
2026	9	4	17	30	50.0	1.0						1014.0	15.6		13.1			
2026	9	4	17	15	240.0	1.0						1014.0	15.0		13.1			
2026	9	4	17	0		0.0						1014.0	14.3		12.5		1.0	
2026	9	4	16	45		0.0						1014.0	13.9		12.3			
2026	9	4	16	30		0.0						1014.0	13.5		12.2			
2026	9	4	16	15		0.0						1014.0	13.1		12.2			
2026	9	4	16	0		0.0						1014.0	12.9		12.3		2.0	
2026	9	4	15	45		0.0						1014.0	12.5		12.0			
2026	9	4	15	30	20.0	1.0						1014.0	12.2		11.7			
2026	9	4	15	15		0.0						1013.0	12.0		11.5			
2026	9	4	15	0		0.0						1013.0	11.7		11.2		2.0	
2026	9	4	14	45	120.0	1.0						1013.0	11.5		11.0			
2026	9	4	14	30	140.0	1.0						1013.0	11.5		11.0			
2026	9	4	14	15		0.0						1013.0	11.3		10.7			
2026	9	4	14	0		0.0						1013.0	11.2		10.7		2.0	
2026	9	4	13	45	100.0	1.5						1012.0	11.2		10.6			
2026	9	4	13	30	210.0	0.5						1012.0	11.2		10.6			
2026	9	4	13	15	230.0	1.5						1012.0	11.2		10.6			
2026	9	4	13	0	190.0	1.0						1012.0	11.1		10.5		1.0	
2026	9	4	12	45	160.0	0.5						1012.0	11.0		10.4			
2026	9	4	12	30	30.0	0.5						1012.0	10.8		10.2			
2026	9	4	12	15	110.0	0.5						1012.0	10.7		10.1			
2026	9	4	12	0	90.0	1.0						1011.0	10.7		10.1		0.0	
2026	9	4	11	45		0.0						1011.0	10.6		10.0			
2026	9	4	11	30		0.0						1011.0	10.4		9.8			
2026	9	4	11	15		0.0						1011.0	10.3		9.7			
2026	9	4	11	0		0.0						1011.0	10.4		9.8		0.0	
2026	9	4	10	45	120.0	0.5						1011.0	10.5		9.7			
2026	9	4	10	30		0.0						1011.0	10.5		9.7			
2026	9	4	10	15		0.0						1011.0	10.4		9.6			
2026	9	4	10	0		0.0						1011.0	10.3		9.5		0.0	
2026	9	4	9	45		0.0						1011.0	10.4		9.6			
2026	9	4	9	30	50.0	1.5						1011.0	10.1		9.3			
2026	9	4	9	15	20.0	1.0						1011.0	10.3		9.5			
2026	9	4	9	0	90.0	0.5						1011.0	10.0		9.2		0.0	
2026	9	4	8	45	180.0	0.5						1011.0	9.7		9.1			
2026	9	4	8	30	160.0	0.5						1011.0	9.4		8.6			
2026	9	4	8	15		0.0						1011.0	9.6		9.0			
2026	9	4	8	0		0.0						1011.0	8.7		8.0		0.0	
2026	9	4	7	45	70.0	1.0						1011.0	8.8		8.1			
2026	9	4	7	30	120.0	0.5						1011.0	9.1		8.4			
2026	9	4	7	15	160.0	1.0						1011.0	9.1		8.4			
2026	9	4	7	0	150.0	1.5						1011.0	8.8		7.9		1.0	
2026	9	4	6	45	90.0	1.0						1011.0	9.5		8.3			
2026	9	4	6	30		0.0						1011.0	9.6		8.2			
2026	9	4	6	15	30.0	1.0						1011.0	10.2		8.7			
2026	9	4	6	0		0.0						1011.0	10.8		9.1		1.0	
2026	9	4	5	45	90.0	0.5						1011.0	10.9		9.0			
2026	9	4	5	30	110.0	1.0						1011.0	10.7		8.8			
2026	9	4	5	15	160.0	0.5						1011.0	12.7		9.6			
2026	9	4	5	0		0.0						1011.0	13.5		9.4		2.0	
2026	9	4	4	45		0.0						1010.0	13.6		9.7			
2026	9	4	4	30		0.0						1010.0	12.5		9.7			
2026	9	4	4	15	60.0	1.5						1010.0	12.8		9.7			
2026	9	4	4	0	340.0	2.1						1010.0	13.8		11.5		1.0	
2026	9	4	3	45	340.0	1.5						1010.0	13.9		11.8			
2026	9	4	3	30	340.0	2.1						1010.0	14.3		11.5			
2026	9	4	3	15	360.0	1.5						1010.0	15.2		10.7			
2026	9	4	3	0		0.0						1010.0	15.9		9.9		1.0	
2026	9	4	2	45	230.0	0.5						1010.0	17.0		10.0			
2026	9	4	2	30	220.0	1.5						1010.0	17.9		9.7			
2026	9	4	2	15	230.0	1.5						1010.0	18.6		9.5			
2026	9	4	2	0	210.0	2.1						1009.0	18.8		9.7		-1.0	
2026	9	4	1	45	210.0	2.6						1009.0	19.0		9.6			
2026	9	4	1	30	200.0	3.6						1009.0	19.2		9.3			
2026	9	4	1	15	210.0	3.6						1009.0	19.5		9.8			
2026	9	4	1	0	210.0	2.1						1009.0	19.5		9.8		-1.0	
2026	9	4	0	45	210.0	2.6						1009.0	19.3		9.9			
2026	9	4	0	30	200.0	2.6						1009.0	19.2		10.1			
2026	9	4	0	15	190.0	2.6						1009.0	19.2		10.4			
2026	9	4	0	0	160.0	3.1						1009.0	19.3		10.2		-1.0	
2026	9	3	23	45	180.0	2.1						1009.0	19.3		9.9			
2026	9	3	23	30	180.0	2.6						1010.0	19.1		9.5			
2026	9	3	23	15	180.0	3.1						1010.0	19.2		9.3			
2026	9	3	23	0	190.0	3.1						1010.0	19.7		9.5		0.0	
2026	9	3	22	45	160.0	3.1						1010.0	19.4		9.7			
2026	9	3	22	30	170.0	3.6						1010.0	19.5		9.6			
2026	9	3	22	15	160.0	4.1						1010.0	19.2		9.6			
2026	9	3	22	0	150.0	4.6						1010.0	19.2		10.1		1.0	
2026	9	3	21	45	170.0	5.1						1010.0	19.5		10.4			
2026	9	3	21	30	160.0	4.1						1010.0	19.5		10.6			
2026	9	3	21	15	170.0	4.1						1010.0	18.8		10.2			
2026	9	3	21	0	150.0	4.1						1010.0	18.8		10.2		1.0	
2026	9	3	20	45	160.0	4.6						1010.0	18.8		10.8			
2026	9	3	20	30	160.0	3.6						1010.0	18.3		10.8			
2026	9	3	20	15	160.0	3.6						1010.0	18.1		10.6			
2026	9	3	20	0	130.0	3.6						1010.0	17.8		10.3		1.0	
2026	9	3	19	45	140.0	3.6						1010.0	17.7		10.4			
2026	9	3	19	30	140.0	3.1						1010.0	17.6		10.4			
2026	9	3	19	15	140.0	4.1						1009.0	17.3		10.3			
2026	9	3	19	0	140.0	4.6						1009.0	17.3		10.3		0.0	
2026	9	3	18	45	130.0	4.6						1009.0	16.7		10.2			
2026	9	3	18	30	140.0	4.6						1009.0	16.2		10.2			
2026	9	3	18	15	160.0	5.1						1009.0	16.2		10.2			
2026	9	3	18	0	160.0	4.1						1009.0	16.0		10.4		1.0	
2026	9	3	17	45	150.0	5.1						1009.0	16.2		10.4			
2026	9	3	17	30	140.0	5.7						1009.0	16.6		10.8			
2026	9	3	17	15	150.0	5.7						1009.0	16.8		11.0			
2026	9	3	17	0	150.0	6.2						1009.0	16.5		10.9		1.0	
2026	9	3	16	45	160.0	6.2						1009.0	16.3		11.1			
2026	9	3	16	30	160.0	6.2						1009.0	15.7		10.7			
2026	9	3	16	15	150.0	5.7						1009.0	15.6		11.1			
2026	9	3	16	0	140.0	5.1						1009.0	15.0		10.9		1.0	
2026	9	3	15	45	140.0	4.6						1009.0	14.4		10.7			
2026	9	3	15	30	140.0	4.1						1009.0	14.2		10.7			
2026	9	3	15	15	140.0	4.6						1009.0	14.2		10.5			
2026	9	3	15	0	140.0	4.1						1008.0	14.1		10.6		1.0	
2026	9	3	14	45	130.0	4.1						1008.0	13.9		10.9			
2026	9	3	14	30	140.0	3.6						1008.0	14.0		10.7			
2026	9	3	14	15	140.0	4.1						1008.0	14.1		10.4			
2026	9	3	14	0	130.0	4.6						1008.0	14.0		10.1		1.0	
2026	9	3	13	45	140.0	4.6						1008.0	13.9		10.2			
2026	9	3	13	30	140.0	4.6						1008.0	13.9		10.4			
2026	9	3	13	15	150.0	4.1						1008.0	13.9		10.2			
2026	9	3	13	0	150.0	4.6						1008.0	14.4		9.7		1.0	
2026	9	3	12	45	150.0	5.1						1008.0	14.7		9.6			
2026	9	3	12	30	150.0	5.7						1007.0	14.9		9.6			
2026	9	3	12	15	150.0	5.7						1007.0	14.9		9.6			
2026	9	3	12	0	150.0	5.7						1007.0	14.7		9.6		1.0	
2026	9	3	11	45	140.0	5.1						1007.0	14.6		9.5			
2026	9	3	11	30	140.0	5.7						1007.0	14.6		9.5			
2026	9	3	11	15	130.0	5.1						1007.0	14.4		9.7			
