YY	MM	DD	hh	mm	WDIR	WSPD	GST	WVHT	DPD	APD	MWD	PRES	ATMP	WTMP	DEWP	VIS	PTDY	TIDE
2026	9	4	18	30									15.1		12.8			
2026	9	4	18	20									15.0		12.7			
2026	9	4	18	10									14.7		12.6			
2026	9	4	18	0									14.6		12.9			
2026	9	4	17	50									14.5		12.6			
2026	9	4	17	30									14.4		12.5			
2026	9	4	17	20									14.3		13.0			
2026	9	4	17	10									14.1		12.5			
2026	9	4	17	0									14.3		12.8			
2026	9	4	16	50									14.2		13.1			
2026	9	4	16	40									14.2		13.6			
2026	9	4	16	30									13.7		13.3			
2026	9	4	16	20									13.4		13.2			
2026	9	4	16	10									13.2		13.2			
2026	9	4	15	50									13.1		13.1			
2026	9	4	15	40									13.0		13.0			
2026	9	4	15	30									13.0		12.8			
2026	9	4	15	20									13.1		12.8			
2026	9	4	15	10									12.9		12.4			
2026	9	4	15	0									12.8		12.5			
2026	9	4	14	50									12.8		12.7			
2026	9	4	14	40									12.5		12.1			
2026	9	4	14	30									12.8		12.8			
2026	9	4	14	10									12.7		12.6			
2026	9	4	14	0									12.9		12.8			
2026	9	4	13	50									12.8		12.7			
2026	9	4	13	40									12.8		12.5			
2026	9	4	13	30									12.7		12.2			
2026	9	4	13	10									12.8		12.2			
2026	9	4	13	0									12.6		12.3			
2026	9	4	12	50									12.7		12.1			
2026	9	4	12	40									12.7		11.6			
2026	9	4	12	30									12.8		11.7			
2026	9	4	12	10									12.8		12.8			
2026	9	4	12	0									13.0		13.0			
2026	9	4	11	50									13.1		13.1			
2026	9	4	11	40									13.1		13.1			
2026	9	4	11	30									12.9		12.9			
2026	9	4	11	10									12.9		12.9			
2026	9	4	11	0									12.8		12.8			
2026	9	4	10	50									12.8		12.8			
2026	9	4	10	40									12.6		12.6			
2026	9	4	10	30									12.7		12.7			
2026	9	4	10	20									12.7		12.7			
2026	9	4	10	10									12.9		12.9			
2026	9	4	10	0									12.8		12.8			
2026	9	4	9	50									12.8		12.8			
2026	9	4	9	40									12.8		12.8			
2026	9	4	9	30									12.8		12.8			
2026	9	4	9	20									12.9		12.9			
2026	9	4	9	10									13.0		13.0			
2026	9	4	9	0									13.2		13.2			
2026	9	4	8	50									13.4		13.4			
2026	9	4	8	40									13.2		13.2			
2026	9	4	8	30									13.3		13.3			
2026	9	4	8	10									13.4		13.4			
2026	9	4	8	0									13.4		13.4			
2026	9	4	7	50									13.3		13.3			
2026	9	4	7	40									13.1		13.1			
2026	9	4	7	30									13.1		13.1			
2026	9	4	7	20									13.4		13.4			
2026	9	4	7	10									13.4		12.9			
2026	9	4	7	0									13.4		12.6			
2026	9	4	6	50									13.4		12.7			
2026	9	4	6	40									13.6		12.6			
2026	9	4	6	30									14.0		13.4			
2026	9	4	6	20									14.0		13.4			
2026	9	4	6	0									14.1		13.7			
2026	9	4	5	50									14.0		13.4			
2026	9	4	5	40									14.1		13.1			
2026	9	4	5	30									14.1		13.2			
2026	9	4	5	10									14.2		13.4			
2026	9	4	5	0									14.2		13.2			
2026	9	4	4	50									14.3		13.3			
2026	9	4	4	40									14.3		12.9			
2026	9	4	4	30									14.2		12.8			
2026	9	4	4	20									14.4		13.0			
2026	9	4	4	10									14.7		13.4			
2026	9	4	3	50									14.7		13.1			
2026	9	4	3	40									14.7		13.0			
2026	9	4	3	30									14.9		12.9			
2026	9	4	3	20									15.0		12.3			
2026	9	4	3	10									15.5		12.4			
2026	9	4	3	0									15.6		11.8			
2026	9	4	2	50									15.3		12.0			
2026	9	4	2	40									16.1		11.7			
2026	9	4	2	30									16.6		10.1			
2026	9	4	2	20									16.6		10.1			
2026	9	4	2	10									16.7		10.0			
2026	9	4	2	0									17.0		12.0			
2026	9	4	1	50									16.9		11.8			
2026	9	4	1	40									17.1		9.8			
2026	9	4	1	30									17.0		10.3			
2026	9	4	1	20									17.0		10.2			
2026	9	4	1	10									17.1		9.9			
2026	9	4	1	0									17.2		10.9			
2026	9	4	0	50									17.2		9.5			
2026	9	4	0	40									17.3		9.9			
2026	9	4	0	30									17.5		9.3			
2026	9	4	0	20									17.7		9.4			
2026	9	4	0	0									17.7		8.3			
2026	9	3	23	50									17.8		9.0			
2026	9	3	23	40									17.4		9.0			
2026	9	3	23	30									17.2		10.5			
2026	9	3	23	10									17.4		10.2			
2026	9	3	23	0									17.5		10.1			
2026	9	3	22	50									17.5		10.7			
2026	9	3	22	40									17.3		10.9			
2026	9	3	22	30									17.2		10.9			
2026	9	3	22	20									17.3		10.8			
2026	9	3	22	10									17.2		10.6			
2026	9	3	22	0									17.0		10.3			
2026	9	3	21	50									17.1		11.0			
2026	9	3	21	40									17.0		10.6			
2026	9	3	21	30									16.7		11.2			
2026	9	3	21	10									16.7		11.0			
2026	9	3	21	0									17.1		11.6			
2026	9	3	20	50									17.3		10.6			
2026	9	3	20	40									16.7		11.3			
2026	9	3	20	30									16.8		10.1			
2026	9	3	20	20									16.8		10.8			
2026	9	3	20	10									16.8		10.3			
2026	9	3	20	0									16.8		10.5			
2026	9	3	19	50									16.7		10.7			
2026	9	3	19	40									16.7		10.7			
2026	9	3	19	30									16.4		11.6			
2026	9	3	19	20									16.0		12.4			
2026	9	3	19	10									16.0		12.1			
2026	9	3	19	0									15.8		12.7			
2026	9	3	18	40									15.6		13.1			
2026	9	3	18	30									15.3		13.0			
2026	9	3	18	20									15.1		12.3			
2026	9	3	18	10									15.1		13.5			
2026	9	3	18	0									14.8		13.5			
2026	9	3	17	50									14.9		13.3			
2026	9	3	17	30									14.7		13.5			
2026	9	3	17	10									14.7		13.7			
2026	9	3	17	0									14.6		13.5			
2026	9	3	16	50									14.5		13.7			
2026	9	3	16	40									14.4		13.6			
2026	9	3	16	30									14.5		14.2			
2026	9	3	16	20									14.2		14.1			
2026	9	3	16	10									14.0		13.8			
2026	9	3	15	50									14.1		14.1			
2026	9	3	15	40									14.1		14.1			
2026	9	3	15	30									13.8		13.8			
2026	9	3	15	10									13.8		13.8			
2026	9	3	15	0									13.7		13.7			
2026	9	3	14	50									13.7		13.7			
2026	9	3	14	40									13.7		13.7			
2026	9	3	14	30									13.8		13.8			
2026	9	3	14	10									13.7		13.7			
2026	9	3	14	0									13.6		13.6			
2026	9	3	13	50									13.7		13.7			
2026	9	3	13	40									13.8		13.8			
2026	9	3	13	30									13.8		13.8			
2026	9	3	13	20									13.8		13.8			
2026	9	3	13	10									13.7		13.7			
2026	9	3	13	0									13.7		13.7			
2026	9	3	12	50									13.7		13.7			
2026	9	3	12	40									13.6		13.6			
2026	9	3	12	30									13.8		13.8			
2026	9	3	12	20									13.7		13.7			
2026	9	3	12	10									13.7		13.7			
2026	9	3	12	0									13.9		13.9			
2026	9	3	11	50									13.9		13.9			
2026	9	3	11	40									13.7		13.7			
2026	9	3	11	30									13.7		13.7			
2026	9	3	11	20									13.7		13.7			
2026	9	3	11	10									13.8		13.8			
2026	9	3	11	0									13.7		13.7			
2026	9	3	10	40									13.7		13.7			
2026	9	3	10	30									13.8		13.8			
2026	9	3	10	20									13.7		13.7			
2026	9	3	10	10									13.6		13.6			
2026	9	3	10	0									13.7		13.7			
2026	9	3	9	50									13.8		13.8			
2026	9	3	9	40									13.7		13.7			
2026	9	3	9	30									14.0		14.0			
2026	9	3	9	20									14.0		14.0			
2026	9	3	9	10									14.0		13.8			
2026	9	3	9	0									14.1		13.3			
2026	9	3	8	50									14.1		13.2			
2026	9	3	8	40									14.2		13.3			
2026	9	3	8	30									14.2		13.1			
2026	9	3	8	20									14.2		13.1			
2026	9	3	8	10									14.2		13.1			
2026	9	3	8	0									14.2		12.9			
2026	9	3	7	50									14.4		13.2			
2026	9	3	7	40									14.5		13.2			
2026	9	3	7	30									14.5		12.8			
2026	9	3	7	10									14.5		12.9			
2026	9	3	7	0									14.5		13.1			
2026	9	3	6	50									14.6		13.2			
2026	9	3	6	40									14.7		13.3			
2026	9	3	6	30									14.7		12.8			
2026	9	3	6	10									14.7		12.9			
2026	9	3	6	0									14.5		13.2			
2026	9	3	5	50									14.4		13.4			
2026	9	3	5	40									14.4		13.7			
2026	9	3	5	30									14.5		13.6			
2026	9	3	5	10									14.5		13.7			
2026	9	3	5	0									14.5		13.9			
2026	9	3	4	50									14.6		13.7			
2026	9	3	4	40									14.9		14.2			
2026	9	3	4	30									15.0		14.4			
2026	9	3	4	20									15.1		14.4			
2026	9	3	4	10									14.9		14.3			
2026	9	3	3	50									15.0		14.8			
2026	9	3	3	40									15.1		14.9			
2026	9	3	3	30									15.4		14.8			
2026	9	3	3	20									15.0		15.0			
2026	9	3	3	0									15.0		15.0			
2026	9	3	2	50									15.2		15.2			
2026	9	3	2	40									15.5		15.4			
2026	9	3	2	30									15.4		14.7			
2026	9	3	2	20									15.4		15.1			
2026	9	3	2	10									16.0		15.3			
2026	9	3	2	0									16.0		14.9			
2026	9	3	1	40									16.0		14.6			
2026	9	3	1	30									15.9		14.5			
2026	9	3	1	20									16.0		15.1			
2026	9	3	1	10									16.1		15.3			
2026	9	3	1	0									16.0		14.9			
2026	9	3	0	50									15.7		14.7			
2026	9	3	0	40									15.6		14.9			
2026	9	3	0	30									15.7		15.0			
2026	9	3	0	20									15.5		14.0			
2026	9	3	0	10									15.6		14.7			
2026	9	3	0	0									15.6		14.7			
2026	9	2	23	50									15.7		14.7			
2026	9	2	23	40									15.5		15.4			
2026	9	2	23	30									15.3		15.3			
2026	9	2	23	20									15.7		14.5			
2026	9	2	23	10									15.7		14.1			
2026	9	2	23	0									15.4		14.0			
2026	9	2	22	50									15.5		14.2			
2026	9	2	22	30									15.2		14.5			
2026	9	2	22	20									15.0		15.0			
2026	9	2	22	10									15.0		14.9			
2026	9	2	22	0									15.1		14.5			
2026	9	2	21	50									15.2		14.6			
2026	9	2	21	40									15.0		15.0			
2026	9	2	21	30									15.4		14.3			
2026	9	2	21	20									15.6		13.8			
2026	9	2	21	10									15.5		13.5			
2026	9	2	21	0									15.8		13.7			
2026	9	2	20	50									16.0		13.9			
2026	9	2	20	30									16.2		14.5			
2026	9	2	20	20									16.3		14.9			
2026	9	2	20	10									16.8		14.2			
2026	9	2	20	0									16.8		14.2			
2026	9	2	19	50									17.1		13.4			
2026	9	2	19	40									17.1		13.8			
2026	9	2	19	30									16.0		15.7			
2026	9	2	19	20									15.8		15.2			
2026	9	2	19	10									15.6		15.2			
2026	9	2	19	0									15.7		15.3			
2026	9	2	18	40									15.9		15.1			
2026	9	2	18	30									15.9		15.0			
2026	9	2	18	20									15.7		14.9			
2026	9	2	18	10									15.6		14.8			
2026	9	2	17	50									15.7		14.4			
2026	9	2	17	40									16.4		14.1			
2026	9	2	17	30									16.3		13.6			
2026	9	2	17	20									16.2		13.5			
2026	9	2	17	0									16.0		13.4			
2026	9	2	16	50									16.0		13.8			
2026	9	2	16	40									15.9		13.8			
2026	9	2	16	30									15.8		13.9			
2026	9	2	16	20									15.6		14.0			
2026	9	2	16	0									15.7		14.1			
2026	9	2	15	50									15.6		13.8			
2026	9	2	15	40									15.7		14.0			
2026	9	2	15	30									15.7		13.9			
2026	9	2	15	20									15.7		14.1			
2026	9	2	15	0									15.5		14.3			
2026	9	2	14	50									15.4		14.7			
2026	9	2	14	40									15.3		14.7			
2026	9	2	14	30									15.2		14.8			
2026	9	2	14	10									15.1		14.8			
2026	9	2	14	0									15.6		14.5			
2026	9	2	13	50									15.6		14.6			
2026	9	2	13	40									15.5		14.9			
2026	9	2	13	30									15.5		14.8			
2026	9	2	13	10									15.7		14.7			
2026	9	2	13	0									15.6		15.2			
2026	9	2	12	50									15.7		15.1			
2026	9	2	12	40									15.7		15.1			
2026	9	2	12	30									15.6		15.2			
2026	9	2	12	20									15.6		15.4			
2026	9	2	12	10									15.6		15.5			
2026	9	2	12	0									15.6		15.4			
2026	9	2	11	50									15.6		15.3			
2026	9	2	11	40									15.6		15.2			
2026	9	2	11	30									15.6		15.2			
2026	9	2	11	20									15.7		15.1			
2026	9	2	11	10									15.7		14.9			
2026	9	2	10	50									15.7		14.9			
2026	9	2	10	40									15.7		14.7			
2026	9	2	10	30									15.7		14.8			
2026	9	2	10	10									15.7		15.0			
2026	9	2	10	0									15.7		14.8			
2026	9	2	9	50									15.7		14.9			
2026	9	2	9	40									15.6		14.7			
2026	9	2	9	30									15.7		14.9			
2026	9	2	9	20									15.8		14.5			
2026	9	2	9	10									15.7		14.9			
2026	9	2	9	0									15.8		14.7			
2026	9	2	8	50									15.7		14.7			
2026	9	2	8	40									16.2		13.7			
2026	9	2	8	30									16.2		13.4			
2026	9	2	8	20									16.3		13.9			
2026	9	2	8	10									16.2		13.7			
2026	9	2	8	0									16.2		14.2			
2026	9	2	7	50									16.3		13.9			
2026	9	2	7	40									16.1		14.1			
2026	9	2	7	30									16.1		13.7			
2026	9	2	7	10									16.2		14.4			
2026	9	2	7	0									16.1		14.6			
2026	9	2	6	50									16.1		14.6			
2026	9	2	6	40									16.1		14.9			
2026	9	2	6	30									15.9		15.6			
2026	9	2	6	10									16.0		15.8			
2026	9	2	6	0									16.0		15.8			
2026	9	2	5	50									16.1		15.6			
2026	9	2	5	40									16.1		15.3			
2026	9	2	5	30									16.4		15.1			
2026	9	2	5	10									16.3		14.8			
2026	9	2	5	0									16.3		14.9			
2026	9	2	4	50									16.4		15.2			
2026	9	2	4	40									16.5		14.9			
2026	9	2	4	30									16.6		14.7			
2026	9	2	4	10									16.6		14.7			
2026	9	2	4	0									16.6		14.8			
2026	9	2	3	50									16.5		14.8			
2026	9	2	3	40									16.7		14.7			
2026	9	2	3	30									16.9		14.3			
2026	9	2	3	20									17.0		14.3			
2026	9	2	3	10									17.2		13.9			
2026	9	2	2	50									17.5		14.0			
2026	9	2	2	40									17.6		14.2			
2026	9	2	2	30									17.8		14.5			
2026	9	2	2	20									17.8		14.0			
2026	9	2	2	0									18.1		13.8			
2026	9	2	1	50									18.2		13.7			
2026	9	2	1	40									18.6		13.4			
2026	9	2	1	30									18.6		13.5			
2026	9	2	1	20									18.5		13.2			
2026	9	2	1	10									18.7		13.1			
2026	9	2	1	0									18.8		13.0			
2026	9	2	0	50									18.9		13.1			
2026	9	2	0	40									18.8		12.8			
2026	9	2	0	30									19.0		12.8			
2026	9	2	0	20									19.3		13.3			
2026	9	2	0	10									19.0		13.2			
2026	9	2	0	0									18.9		13.2			
2026	9	1	23	50									19.0		12.9			
2026	9	1	23	40									19.4		13.4			
2026	9	1	23	30									19.4		13.5			
2026	9	1	23	20									19.0		13.6			
2026	9	1	23	10									19.4		13.5			
2026	9	1	23	0									19.2		13.6			
2026	9	1	22	50									19.2		13.4			
2026	9	1	22	40									19.3		13.5			
2026	9	1	22	30									19.2		13.2			
2026	9	1	22	20									18.9		13.2			
2026	9	1	22	10									18.7		13.5			
2026	9	1	22	0									18.6		13.9			
2026	9	1	21	50									18.7		14.3			
2026	9	1	21	40									18.6		13.8			
2026	9	1	21	30									18.9		13.9			
2026	9	1	21	20									18.8		14.2			
2026	9	1	21	10									18.6		13.8			
2026	9	1	21	0									18.5		13.7			
2026	9	1	20	50									18.3		14.4			
2026	9	1	20	30									18.2		13.8			
2026	9	1	20	20									18.0		14.0			
2026	9	1	20	10									17.8		13.9			
2026	9	1	20	0									17.9		14.2			
2026	9	1	19	50									17.8		14.6			
2026	9	1	19	30									17.7		14.1			
2026	9	1	19	20									17.7		14.4			
2026	9	1	19	10									17.7		14.8			
2026	9	1	19	0									17.6		14.9			
2026	9	1	18	50									17.5		15.1			
2026	9	1	18	30									17.4		15.3			
2026	9	1	18	20									17.0		15.3			
2026	9	1	18	10									17.0		15.0			
2026	9	1	17	50									17.0		14.9			
2026	9	1	17	40									17.0		15.0			
2026	9	1	17	30									17.0		15.0			
2026	9	1	17	20									17.1		14.9			
2026	9	1	17	0									16.8		14.7			
2026	9	1	16	50									16.7		14.6			
2026	9	1	16	40									17.0		15.1			
2026	9	1	16	30									16.7		14.7			
2026	9	1	16	20									16.6		14.8			
2026	9	1	16	0									16.4		15.1			
2026	9	1	15	50									16.2		15.1			
2026	9	1	15	40									16.0		15.5			
2026	9	1	15	30									15.8		15.6			
2026	9	1	15	20									15.8		15.8			
2026	9	1	15	10									15.9		15.9			
2026	9	1	14	50									15.9		15.7			
2026	9	1	14	40									16.0		15.8			
2026	9	1	14	30									15.9		15.8			
2026	9	1	14	20									16.1		16.1			
2026	9	1	14	0									15.9		15.9			
2026	9	1	13	50									15.8		15.7			
2026	9	1	13	40									15.8		15.7			
2026	9	1	13	30									15.9		15.9			
2026	9	1	13	10									15.7		15.7			
2026	9	1	13	0									15.6		15.6			
2026	9	1	12	50									15.6		15.6			
2026	9	1	12	40									15.4		15.4			
2026	9	1	12	30									15.4		15.4			
2026	9	1	12	10									15.2		15.2			
2026	9	1	12	0									15.1		15.1			
2026	9	1	11	50									15.1		15.1			
2026	9	1	11	40									15.0		15.0			
2026	9	1	11	30									14.9		14.9			
2026	9	1	11	20									14.9		14.9			
2026	9	1	11	10									14.7		14.7			
2026	9	1	11	0									14.7		14.7			
2026	9	1	10	40									15.1		15.1			
2026	9	1	10	30									15.3		15.3			
2026	9	1	10	20									15.6		15.6			
2026	9	1	10	10									16.1		16.1			
2026	9	1	10	0									16.1		15.8			
2026	9	1	9	50									16.3		15.8			
2026	9	1	9	40									16.1		15.1			
2026	9	1	9	30									16.4		14.9			
2026	9	1	9	10									16.4		14.6			
2026	9	1	9	0									16.4		14.5			
2026	9	1	8	50									16.4		14.1			
2026	9	1	8	40									16.6		14.3			
2026	9	1	8	30									16.7		14.0			
2026	9	1	8	20									16.8		14.2			
2026	9	1	8	10									16.8		12.8			
2026	9	1	8	0									16.8		12.8			
2026	9	1	7	50									16.9		12.5			
2026	9	1	7	40									17.0		13.7			
2026	9	1	7	30									17.1		12.7			
2026	9	1	7	20									17.1		12.6			
2026	9	1	7	10									17.0		12.3			
2026	9	1	7	0									17.2		12.2			
2026	9	1	6	50									17.3		12.3			
2026	9	1	6	40									17.5		12.3			
2026	9	1	6	30									17.8		12.6			
2026	9	1	6	20									17.9		12.5			
2026	9	1	6	10									17.9		12.2			
2026	9	1	6	0									18.4		13.6			
2026	9	1	5	50									18.2		12.7			
2026	9	1	5	40									18.3		12.8			
2026	9	1	5	30									18.6		13.5			
2026	9	1	5	20									18.8		13.6			
2026	9	1	5	10									18.9		13.5			
2026	9	1	5	0									19.0		13.5			
2026	9	1	4	50									19.3		13.2			
2026	9	1	4	40									19.6		13.5			
2026	9	1	4	30									20.1		13.0			
2026	9	1	4	20									20.2		14.0			
2026	9	1	4	0									20.4		13.0			
2026	9	1	3	50									20.6		12.4			
2026	9	1	3	40									21.1		14.4			
2026	9	1	3	30									20.5		14.1			
2026	9	1	3	10									21.4		16.3			
2026	9	1	3	0									22.0		14.7			
2026	9	1	2	50									21.8		16.3			
2026	9	1	2	40									22.3		15.5			
2026	9	1	2	30									22.0		16.1			
2026	9	1	2	10									22.1		17.3			
2026	9	1	2	0									23.1		13.8			
2026	9	1	1	50									22.9		16.1			
2026	9	1	1	40									23.1		12.9			
2026	9	1	1	30									24.0		13.1			
2026	9	1	1	20									24.0		13.5			
2026	9	1	1	10									23.7		15.1			
2026	9	1	1	0									23.4		16.1			
2026	9	1	0	50									24.1		13.4			
2026	9	1	0	40									24.2		13.5			
2026	9	1	0	30									24.1		12.3			
2026	9	1	0	20									23.1		13.7			
2026	9	1	0	10									24.1		12.6			
2026	9	1	0	0									23.8		15.1			
2026	8	31	23	50									24.3		15.3			
2026	8	31	23	40									24.2		11.9			
2026	8	31	20	30									21.2		12.5			
2026	8	31	20	20									21.1		12.7			
2026	8	31	20	10									20.9		12.2			
2026	8	31	20	0									20.6		12.7			
2026	8	31	19	50									20.2		12.6			
2026	8	31	19	40									19.8		13.2			
2026	8	31	19	30									20.0		13.6			
2026	8	31	19	20									20.6		13.5			
2026	8	31	19	10									19.5		12.8			
2026	8	31	19	0									18.7		13.4			
2026	8	31	18	50									18.4		14.3			
2026	8	31	18	40									18.0		13.5			
2026	8	31	18	30									17.9		13.7			
2026	8	31	18	20									17.5		14.2			
2026	8	31	18	10									18.7		13.6			
2026	8	31	18	0									18.1		13.0			
2026	8	31	17	50									18.3		13.7			
2026	8	31	17	40									17.0		13.9			
2026	8	31	17	30									16.5		14.1			
2026	8	31	17	20									15.9		14.7			
2026	8	31	17	10									16.0		14.8			
2026	8	31	16	50									16.6		14.1			
2026	8	31	16	40									15.7		14.3			
2026	8	31	16	30									16.0		13.9			
2026	8	31	16	20									15.2		15.1			
2026	8	31	16	0									14.5		14.5			
2026	8	31	15	50									14.2		14.2			
2026	8	31	15	40									14.0		14.0			
2026	8	31	15	30									13.9		13.9			
2026	8	31	15	10									13.8		13.8			
2026	8	31	15	0									13.6		13.6			
2026	8	31	14	50									13.5		13.5			
2026	8	31	14	40									13.7		13.7			
2026	8	31	14	30									13.8		13.8			
2026	8	31	14	10									13.8		13.8			
2026	8	31	14	0									13.8		13.8			
2026	8	31	13	50									13.6		13.6			
2026	8	31	13	40									13.5		13.5			
2026	8	31	13	30									13.7		13.7			
2026	8	31	13	20									13.9		13.9			
2026	8	31	13	10									13.8		13.8			
2026	8	31	13	0									13.8		13.8			
2026	8	31	12	50									14.0		14.0			
2026	8	31	12	40									13.9		13.9			
2026	8	31	12	30									14.2		14.2			
2026	8	31	12	20									14.3		14.3			
2026	8	31	12	10									14.5		14.5			
2026	8	31	12	0									14.4		13.5			
2026	8	31	11	50									14.6		13.6			
2026	8	31	11	40									14.5		13.4			
2026	8	31	11	30									14.6		13.6			
2026	8	31	11	10									14.7		14.4			
2026	8	31	11	0									14.8		14.1			
2026	8	31	10	50									14.8		13.4			
2026	8	31	10	40									15.1		12.6			
2026	8	31	10	30									15.0		12.8			
2026	8	31	10	20									15.0		13.4			
2026	8	31	10	10									15.0		13.5			
2026	8	31	10	0									14.9		13.0			
2026	8	31	9	50									14.9		13.0			
2026	8	31	9	40									14.9		12.9			
2026	8	31	9	30									15.1		12.6			
2026	8	31	9	20									15.3		12.7			
2026	8	31	9	10									15.5		12.8			
2026	8	31	9	0									15.5		12.6			
2026	8	31	8	50									15.5		12.4			
2026	8	31	8	40									15.8		12.4			
2026	8	31	8	30									15.8		12.3			
2026	8	31	8	10									16.2		12.6			
2026	8	31	8	0									16.0		12.5			
2026	8	31	7	50									16.2		12.6			
2026	8	31	7	40									16.3		12.2			
2026	8	31	7	30									16.5		12.0			
2026	8	31	7	10									16.8		11.9			
2026	8	31	7	0									17.4		12.1			
2026	8	31	6	50									17.3		12.1			
2026	8	31	6	40									17.1		11.7			
2026	8	31	6	30									17.3		12.1			
2026	8	31	6	20									17.3		11.6			
2026	8	31	6	10									17.4		11.5			
2026	8	31	6	0									17.6		11.9			
2026	8	31	5	50									17.7		11.9			
2026	8	31	5	40									17.8		11.9			
2026	8	31	5	30									17.9		11.7			
2026	8	31	5	20									18.0		11.9			
2026	8	31	5	10									18.1		11.8			
2026	8	31	5	0									18.2		11.5			
2026	8	31	4	50									18.1		11.5			
2026	8	31	4	40									18.4		11.1			
2026	8	31	4	30									18.4		11.2			
2026	8	31	4	20									18.6		11.9			
2026	8	31	4	10									18.6		11.6			
2026	8	31	4	0									18.8		11.6			
2026	8	31	3	50									19.0		11.4			
2026	8	31	3	40									19.1		11.4			
2026	8	31	3	30									19.3		11.5			
2026	8	31	3	10									19.5		11.0			
2026	8	31	3	0									19.8		10.7			
2026	8	31	2	50									20.2		10.5			
2026	8	31	2	40									20.2		13.1			
2026	8	31	2	30									20.6		11.6			
2026	8	31	2	20									20.7		12.4			
2026	8	31	2	10									20.7		12.5			
2026	8	31	2	0									20.8		12.9			
2026	8	31	1	50									20.8		13.2			
2026	8	31	1	40									20.9		14.2			
2026	8	31	1	30									20.9		14.4			
2026	8	31	1	20									21.1		13.4			
2026	8	31	1	10									20.9		14.0			
2026	8	31	1	0									20.9		13.4			
2026	8	31	0	50									21.0		13.2			
2026	8	31	0	40									21.0		11.2			
2026	8	31	0	30									20.9		12.2			
2026	8	31	0	20									20.9		12.1			
2026	8	31	0	10									20.9		12.9			
2026	8	31	0	0									20.7		11.8			
2026	8	30	23	50									20.6		12.5			
2026	8	30	23	30									20.8		13.7			
2026	8	30	23	20									20.6		11.3			
2026	8	30	23	10									20.7		11.2			
2026	8	30	23	0									20.6		10.4			
2026	8	30	22	50									20.6		10.7			
2026	8	30	22	40									20.5		11.7			
2026	8	30	22	30									20.4		11.6			
2026	8	30	22	20									20.2		11.5			
2026	8	30	22	10									20.1		10.4			
2026	8	30	22	0									20.1		10.3			
2026	8	30	21	50									20.0		11.4			
2026	8	30	21	40									19.9		11.4			
2026	8	30	21	30									19.9		11.6			
2026	8	30	21	20									19.8		12.0			
2026	8	30	21	10									19.5		11.0			
2026	8	30	21	0									19.2		11.6			
2026	8	30	20	50									19.1		11.1			
2026	8	30	20	40									19.2		11.4			
2026	8	30	20	30									18.8		11.4			
2026	8	30	20	20									18.4		11.3			
2026	8	30	20	10									18.2		11.6			
2026	8	30	19	50									18.0		11.1			
2026	8	30	19	40									17.8		11.8			
2026	8	30	19	30									17.8		12.1			
2026	8	30	19	20									17.3		11.6			
2026	8	30	19	10									17.1		11.7			
2026	8	30	19	0									16.9		12.3			
2026	8	30	18	50									16.7		12.6			
2026	8	30	18	40									16.5		12.5			
2026	8	30	18	30									16.3		12.9			
2026	8	30	18	20									16.0		12.6			
2026	8	30	18	10									16.0		12.8			
2026	8	30	17	50									15.9		12.6			
2026	8	30	17	40									15.7		12.6			
2026	8	30	17	30									15.5		12.7			
2026	8	30	17	20									15.4		12.8			
2026	8	30	17	0									15.2		12.4			
2026	8	30	16	50									15.4		11.9			
2026	8	30	16	40									15.5		12.3			
2026	8	30	16	30									14.5		13.2			
2026	8	30	16	10									14.3		13.6			
2026	8	30	16	0									14.0		13.3			
2026	8	30	15	50									13.9		13.4			
2026	8	30	15	40									14.0		13.4			
2026	8	30	15	30									14.0		13.4			
2026	8	30	15	20									14.0		13.6			
2026	8	30	15	10									13.8		13.4			
2026	8	30	15	0									13.8		13.4			
2026	8	30	14	50									13.8		13.5			
2026	8	30	14	40									13.8		13.5			
2026	8	30	14	30									13.9		13.3			
2026	8	30	14	10									13.8		13.3			
2026	8	30	14	0									13.8		13.3			
2026	8	30	13	50									13.8		13.2			
2026	8	30	13	40									13.8		13.4			
2026	8	30	13	30									13.6		13.2			
2026	8	30	13	10									13.7		13.1			
2026	8	30	13	0									13.8		13.4			
2026	8	30	12	50									13.8		13.5			
2026	8	30	12	40									13.8		13.5			
2026	8	30	12	30									14.0		13.5			
2026	8	30	12	10									13.9		13.5			
2026	8	30	12	0									14.0		13.4			
2026	8	30	11	50									13.9		13.5			
2026	8	30	11	40									14.0		13.6			
2026	8	30	11	30									13.9		13.4			
2026	8	30	11	20									14.0		13.3			
2026	8	30	11	10									13.9		13.0			
2026	8	30	11	0									14.0		13.1			
2026	8	30	10	50									13.9		12.9			
2026	8	30	10	40									13.9		12.8			
2026	8	30	10	30									13.9		12.6			
2026	8	30	10	10									13.8		12.5			
2026	8	30	10	0									13.9		12.6			
2026	8	30	9	50									13.9		13.1			
2026	8	30	9	40									14.0		13.3			
2026	8	30	9	30									13.9		12.8			
2026	8	30	9	10									13.8		12.7			
2026	8	30	9	0									13.8		12.7			
2026	8	30	8	50									13.8		12.7			
2026	8	30	8	40									13.7		12.8			
2026	8	30	8	30									13.9		12.8			
2026	8	30	8	20									13.9		12.7			
2026	8	30	8	10									14.1		13.0			
2026	8	30	8	0									13.9		12.4			
2026	8	30	7	50									14.2		12.9			
2026	8	30	7	40									14.1		12.9			
2026	8	30	7	30									14.2		12.9			
2026	8	30	7	20									14.1		12.8			
2026	8	30	7	10									14.1		12.6			
2026	8	30	7	0									14.4		12.5			
2026	8	30	6	50									14.8		12.4			
2026	8	30	6	40									14.9		12.2			
2026	8	30	6	30									15.0		12.1			
2026	8	30	6	20									15.1		12.2			
2026	8	30	6	10									15.2		11.8			
2026	8	30	6	0									15.3		12.2			
2026	8	30	5	50									15.4		12.2			
2026	8	30	5	40									15.5		12.4			
2026	8	30	5	30									15.5		11.9			
2026	8	30	5	20									15.6		11.6			
2026	8	30	5	10									15.7		11.6			
2026	8	30	5	0									15.7		11.4			
2026	8	30	4	50									15.9		11.2			
2026	8	30	4	40									16.2		11.0			
2026	8	30	4	30									16.2		11.0			
2026	8	30	4	20									16.5		10.9			
2026	8	30	4	0									16.8		10.4			
2026	8	30	3	50									16.9		10.3			
2026	8	30	3	40									17.2		10.3			
2026	8	30	3	30									17.7		10.2			
2026	8	30	3	20									17.9		10.8			
2026	8	30	3	10									18.0		10.7			
2026	8	30	2	50									18.2		10.5			
2026	8	30	2	40									18.6		10.8			
2026	8	30	2	30									18.8		10.2			
2026	8	30	2	20									18.9		10.3			
2026	8	30	2	10									19.1		10.7			
2026	8	30	2	0									19.2		10.8			
2026	8	30	1	40									19.4		10.0			
2026	8	30	1	30									19.6		10.5			
2026	8	30	1	20									19.7		10.2			
2026	8	30	1	10									19.7		9.9			
2026	8	30	1	0									19.8		9.5			
2026	8	30	0	50									20.0		9.6			
2026	8	30	0	40									20.0		9.4			
2026	8	30	0	30									20.0		9.2			
2026	8	30	0	20									20.0		9.2			
2026	8	30	0	10									20.1		9.3			
2026	8	30	0	0									20.3		9.7			
2026	8	29	23	40									20.5		10.0			
2026	8	29	23	30									20.4		8.9			
2026	8	29	23	10									20.2		9.4			
2026	8	29	23	0									20.3		8.8			
2026	8	29	22	50									20.4		10.2			
2026	8	29	22	40									20.7		8.7			
2026	8	29	22	30									20.5		8.8			
2026	8	29	22	20									21.0		8.5			
2026	8	29	22	10									20.6		9.0			
2026	8	29	22	0									20.6		8.8			
2026	8	29	21	50									20.8		7.9			
2026	8	29	21	40									20.9		7.7			
2026	8	29	21	30									20.7		8.8			
2026	8	29	21	20									20.5		7.9			
2026	8	29	21	10									20.4		8.3			
2026	8	29	21	0									20.3		8.0			
2026	8	29	20	50									20.3		8.9			
2026	8	29	20	40									19.8		10.2			
2026	8	29	20	30									19.7		9.9			
2026	8	29	20	20									19.8		9.3			
2026	8	29	20	10									18.6		11.5			
2026	8	29	20	0									18.2		12.9			
2026	8	29	19	50									18.0		12.8			
2026	8	29	19	40									17.8		13.2			
2026	8	29	19	30									17.8		14.0			
2026	8	29	19	20									17.3		13.8			
2026	8	29	19	10									16.7		13.3			
2026	8	29	19	0									16.5		13.6			
2026	8	29	18	50									16.6		13.5			
2026	8	29	18	40									16.7		13.1			
2026	8	29	18	30									16.3		13.9			
2026	8	29	18	20									15.7		14.6			
2026	8	29	18	10									15.8		14.4			
2026	8	29	18	0									15.7		14.8			
2026	8	29	17	50									15.7		14.3			
2026	8	29	17	40									15.7		13.5			
2026	8	29	17	30									15.6		14.0			
2026	8	29	17	20									15.5		14.3			
2026	8	29	17	10									14.9		14.6			
2026	8	29	17	0									14.7		14.7			
2026	8	29	16	50									14.6		14.6			
2026	8	29	16	40									14.6		14.4			
2026	8	29	16	30									14.4		14.3			
2026	8	29	16	20									14.2		14.2			
2026	8	29	16	0									14.3		14.3			
2026	8	29	15	50									14.4		14.4			
2026	8	29	15	40									14.3		14.3			
2026	8	29	15	30									14.0		14.0			
2026	8	29	15	20									14.0		14.0			
2026	8	29	15	0									13.8		13.8			
2026	8	29	14	50									14.1		14.1			
2026	8	29	14	40									14.1		14.1			
2026	8	29	14	30									13.9		13.9			
2026	8	29	14	20									13.8		13.8			
2026	8	29	14	10									14.3		14.3			
2026	8	29	14	0									14.1		14.1			
2026	8	29	13	50									13.9		13.9			
2026	8	29	13	40									13.7		13.7			
2026	8	29	13	30									13.9		13.9			
2026	8	29	13	20									13.8		13.8			
2026	8	29	13	10									14.0		14.0			
2026	8	29	13	0									14.0		14.0			
2026	8	29	12	50									13.9		13.9			
2026	8	29	12	40									14.0		14.0			
2026	8	29	12	30									13.9		13.9			
2026	8	29	12	10									14.0		14.0			
2026	8	29	12	0									14.1		14.1			
2026	8	29	11	50									14.1		14.1			
2026	8	29	11	40									14.0		14.0			
2026	8	29	11	30									14.0		14.0			
2026	8	29	11	10									14.2		14.2			
2026	8	29	11	0									14.4		14.4			
2026	8	29	10	50									14.3		14.3			
2026	8	29	10	40									14.4		14.2			
2026	8	29	10	30									14.5		14.2			
2026	8	29	10	20									14.5		14.2			
2026	8	29	10	10									14.5		14.2			
2026	8	29	10	0									14.6		14.4			
2026	8	29	9	50									14.6		14.4			
2026	8	29	9	40									14.5		14.2			
2026	8	29	9	30									14.5		14.4			
2026	8	29	9	20									14.7		14.6			
2026	8	29	9	10									14.6		14.5			
2026	8	29	9	0									14.6		14.5			
2026	8	29	8	50									14.6		14.6			
2026	8	29	8	40									14.5		14.5			
2026	8	29	8	30									14.6		14.6			
2026	8	29	8	10									14.7		14.3			
2026	8	29	8	0									14.8		14.4			
2026	8	29	7	50									14.9		14.5			
2026	8	29	7	40									14.8		14.6			
2026	8	29	7	30									14.9		14.3			
2026	8	29	7	10									15.1		14.5			
2026	8	29	7	0									15.1		14.4			
2026	8	29	6	50									15.1		14.2			
2026	8	29	6	40									15.2		14.1			
2026	8	29	6	30									15.4		13.9			
2026	8	29	6	10									15.5		14.0			
2026	8	29	6	0									15.5		13.9			
2026	8	29	5	50									15.8		14.1			
2026	8	29	5	40									15.9		14.0			
2026	8	29	5	30									16.2		13.8			
2026	8	29	5	20									16.5		13.8			
2026	8	29	5	0									16.7		13.5			
2026	8	29	4	50									16.7		12.7			
2026	8	29	4	40									17.0		12.8			
2026	8	29	4	30									17.3		12.6			
2026	8	29	4	20									17.5		12.7			
2026	8	29	4	0									17.6		12.4			
2026	8	29	3	50									17.7		11.8			
2026	8	29	3	40									18.0		12.2			
2026	8	29	3	30									18.2		11.8			
2026	8	29	3	20									18.4		11.7			
2026	8	29	3	10									18.6		11.6			
2026	8	29	3	0									18.9		11.7			
2026	8	29	2	50									19.0		11.0			
2026	8	29	2	30									19.5		11.3			
2026	8	29	2	20									19.8		11.6			
2026	8	29	2	10									20.0		11.5			
2026	8	29	1	50									20.2		10.9			
2026	8	29	1	40									20.5		11.3			
2026	8	29	1	30									20.8		11.2			
2026	8	29	1	20									21.0		11.5			
2026	8	29	1	10									21.2		11.5			
2026	8	29	1	0									21.5		11.3			
2026	8	29	0	50									21.6		11.5			
2026	8	29	0	40									21.4		11.4			
2026	8	29	0	30									21.5		11.7			
2026	8	29	0	20									21.6		11.7			
2026	8	29	0	10									21.6		11.2			
2026	8	29	0	0									21.8		11.5			
2026	8	28	23	50									21.6		11.0			
2026	8	28	23	40									21.6		11.1			
2026	8	28	23	30									21.4		10.9			
2026	8	28	23	20									21.4		11.5			
2026	8	28	23	10									21.2		13.0			
2026	8	28	23	0									21.2		11.5			
2026	8	28	22	50									21.3		12.3			
2026	8	28	22	40									21.2		12.3			
2026	8	28	22	30									21.1		12.1			
2026	8	28	22	20									20.9		11.6			
2026	8	28	22	10									20.7		11.6			
2026	8	28	22	0									20.9		11.6			
2026	8	28	21	50									20.8		12.1			
2026	8	28	21	40									20.7		12.5			
2026	8	28	21	30									20.4		12.9			
2026	8	28	21	20									20.3		12.8			
2026	8	28	21	10									20.1		13.7			
2026	8	28	21	0									19.8		13.1			
2026	8	28	20	50									19.5		13.9			
2026	8	28	20	30									19.3		14.8			
2026	8	28	20	20									19.0		14.6			
2026	8	28	20	10									19.0		14.4			
2026	8	28	20	0									18.9		14.8			
2026	8	28	19	50									18.6		14.7			
2026	8	28	19	40									18.0		15.3			
2026	8	28	19	30									18.0		15.0			
2026	8	28	19	20									17.9		15.1			
2026	8	28	19	10									17.8		14.9			
2026	8	28	19	0									17.6		15.4			
2026	8	28	18	50									17.5		15.2			
2026	8	28	18	30									17.2		15.1			
2026	8	28	18	20									17.3		15.4			
2026	8	28	18	10									17.2		14.9			
2026	8	28	18	0									17.4		14.9			
2026	8	28	17	40									17.1		14.7			
2026	8	28	17	30									16.9		14.4			
2026	8	28	17	20									16.7		15.0			
2026	8	28	17	10									16.4		15.8			
2026	8	28	16	50									16.5		15.3			
2026	8	28	16	40									16.5		16.0			
2026	8	28	16	30									16.0		16.0			
2026	8	28	16	20									15.8		15.8			
2026	8	28	16	0									15.5		15.5			
2026	8	28	15	50									15.4		15.4			
2026	8	28	15	40									15.5		15.5			
2026	8	28	15	30									15.8		15.8			
2026	8	28	15	20									15.7		15.6			
2026	8	28	15	0									15.7		15.7			
2026	8	28	14	50									15.5		15.5			
2026	8	28	14	40									15.5		15.5			
2026	8	28	14	30									15.4		15.4			
2026	8	28	14	10									15.5		15.5			
2026	8	28	14	0									15.5		15.5			
2026	8	28	13	50									15.4		15.4			
2026	8	28	13	40									15.4		15.4			
2026	8	28	13	30									15.2		15.2			
2026	8	28	13	10									15.1		15.1			
2026	8	28	13	0									15.2		15.2			
2026	8	28	12	50									15.1		15.1			
2026	8	28	12	40									15.0		15.0			
2026	8	28	12	30									14.9		14.9			
2026	8	28	12	20									14.9		14.9			
2026	8	28	12	10									14.8		14.8			
2026	8	28	12	0									15.0		15.0			
2026	8	28	11	50									14.8		14.8			
2026	8	28	11	40									14.9		14.9			
2026	8	28	11	30									14.9		14.9			
2026	8	28	11	10									14.9		14.9			
2026	8	28	11	0									14.8		14.8			
2026	8	28	10	50									14.9		14.9			
2026	8	28	10	40									14.8		14.8			
2026	8	28	10	30									14.7		14.7			
2026	8	28	10	10									14.7		14.7			
2026	8	28	10	0									14.7		14.7			
2026	8	28	9	50									14.5		14.5			
2026	8	28	9	40									14.6		14.6			
2026	8	28	9	30									14.6		14.6			
2026	8	28	9	20									14.7		14.7			
2026	8	28	9	10									14.5		14.5			
2026	8	28	9	0									14.4		14.4			
2026	8	28	8	50									14.4		14.4			
2026	8	28	8	40									14.5		14.5			
2026	8	28	8	30									14.6		14.6			
2026	8	28	8	20									14.7		14.7			
2026	8	28	8	10									14.7		14.7			
2026	8	28	8	0									14.8		14.8			
2026	8	28	7	50									14.6		14.6			
2026	8	28	7	40									14.7		14.7			
2026	8	28	7	30									14.7		14.7			
2026	8	28	7	10									14.9		14.9			
2026	8	28	7	0									14.9		14.9			
2026	8	28	6	50									15.2		15.2			
2026	8	28	6	40									15.3		15.3			
2026	8	28	6	30									15.6		15.3			
2026	8	28	6	10									15.8		15.2			
2026	8	28	6	0									15.8		15.1			
2026	8	28	5	50									15.9		15.2			
2026	8	28	5	40									15.9		15.3			
2026	8	28	5	30									16.0		15.4			
2026	8	28	5	10									16.2		15.3			
2026	8	28	5	0									16.3		15.3			
2026	8	28	4	50									16.6		15.2			
2026	8	28	4	40									16.9		15.0			
2026	8	28	4	30									16.9		15.0			
2026	8	28	4	20									17.0		15.0			
2026	8	28	4	10									17.0		15.2			
2026	8	28	4	0									17.3		15.1			
2026	8	28	3	50									17.5		15.4			
2026	8	28	3	40									17.8		14.7			
2026	8	28	3	30									17.9		14.5			
2026	8	28	3	20									18.0		14.6			
2026	8	28	3	10									18.2		14.7			
2026	8	28	2	50									18.4		14.6			
2026	8	28	2	40									18.5		14.6			
2026	8	28	2	30									18.9		13.8			
2026	8	28	2	20									19.0		13.9			
2026	8	28	2	10									19.1		14.6			
2026	8	28	1	50									19.1		13.9			
2026	8	28	1	40									19.2		13.4			
2026	8	28	1	30									19.5		13.8			
2026	8	28	1	20									19.3		14.0			
2026	8	28	1	10									19.4		14.3			
2026	8	28	1	0									19.3		14.1			
2026	8	28	0	50									19.4		13.9			
2026	8	28	0	40									19.4		14.0			
2026	8	28	0	30									19.2		13.7			
2026	8	28	0	20									19.2		13.8			
2026	8	28	0	10									18.8		13.5			
2026	8	28	0	0									19.2		14.1			
2026	8	27	23	50									19.2		14.1			
2026	8	27	23	40									19.2		14.4			
2026	8	27	23	30									19.4		13.7			
2026	8	27	23	20									19.2		14.6			
2026	8	27	23	10									18.9		15.0			
2026	8	27	23	0									18.5		15.3			
2026	8	27	22	50									18.8		14.8			
2026	8	27	22	40									19.2		14.7			
2026	8	27	22	30									19.1		14.8			
2026	8	27	22	20									18.8		14.9			
2026	8	27	22	10									19.3		14.0			
2026	8	27	22	0									19.6		13.7			
2026	8	27	21	50									19.8		13.7			
2026	8	27	21	40									20.1		14.1			
2026	8	27	21	20									19.9		14.5			
2026	8	27	21	10									19.9		14.9			
2026	8	27	21	0									20.2		14.5			
2026	8	27	20	50									19.7		14.3			
2026	8	27	20	40									19.2		15.0			
2026	8	27	20	30									19.2		14.8			
2026	8	27	20	20									18.8		15.0			
2026	8	27	20	10									19.0		14.7			
2026	8	27	20	0									18.9		15.2			
2026	8	27	19	50									18.3		15.1			
2026	8	27	19	40									18.1		16.3			
2026	8	27	19	30									17.8		15.8			
2026	8	27	19	20									17.9		16.4			
2026	8	27	19	10									17.7		16.2			
2026	8	27	19	0									17.5		17.2			
2026	8	27	18	50									17.3		17.1			
2026	8	27	18	40									17.0		17.0			
2026	8	27	18	20									16.8		16.8			
2026	8	27	18	10									16.5		16.5			
2026	8	27	18	0									16.3		16.3			
2026	8	27	17	50									16.3		16.3			
2026	8	27	17	40									16.2		16.2			
2026	8	27	17	30									15.7		15.7			
2026	8	27	17	10									15.7		15.7			
2026	8	27	17	0									15.8		15.8			
2026	8	27	16	50									16.1		16.1			
2026	8	27	16	40									16.9		15.0			
2026	8	27	16	30									16.9		14.9			
2026	8	27	16	20									17.0		15.0			
2026	8	27	16	10									16.8		14.8			
2026	8	27	16	0									16.9		14.8			
2026	8	27	15	50									16.8		15.0			
2026	8	27	15	40									16.8		15.4			
2026	8	27	15	30									16.6		15.8			
2026	8	27	15	20									16.5		15.7			
2026	8	27	15	10									16.6		15.8			
2026	8	27	15	0									16.6		15.6			
2026	8	27	14	50									16.6		15.6			
2026	8	27	14	40									16.6		15.5			
2026	8	27	14	30									16.4		16.0			
2026	8	27	14	20									16.5		16.5			
2026	8	27	14	10									16.4		16.1			
2026	8	27	14	0									16.2		16.1			
2026	8	27	13	50									16.3		16.3			
2026	8	27	13	40									16.4		16.4			
2026	8	27	13	30									16.3		16.3			
2026	8	27	13	10									16.2		16.2			
2026	8	27	13	0									16.3		16.3			
2026	8	27	12	50									16.3		16.3			
2026	8	27	12	40									16.3		16.3			
2026	8	27	12	30									16.4		16.4			
2026	8	27	12	20									16.5		16.5			
2026	8	27	12	10									16.5		16.5			
2026	8	27	12	0									16.4		16.4			
2026	8	27	11	50									16.3		16.3			
2026	8	27	11	40									16.4		16.4			
2026	8	27	11	30									16.3		16.3			
2026	8	27	11	20									16.4		16.4			
2026	8	27	11	10									16.4		16.4			
2026	8	27	11	0									16.4		16.4			
2026	8	27	10	50									16.6		16.6			
2026	8	27	10	40									16.5		16.5			
2026	8	27	10	30									16.3		16.3			
2026	8	27	10	10									16.6		16.1			
2026	8	27	10	0									16.5		16.2			
2026	8	27	9	50									16.7		16.2			
2026	8	27	9	40									17.0		16.1			
2026	8	27	9	30									17.0		15.7			
2026	8	27	9	10									17.1		15.5			
2026	8	27	9	0									17.0		15.4			
2026	8	27	8	50									17.1		15.1			
2026	8	27	8	40									16.9		15.2			
2026	8	27	8	30									16.8		15.1			
2026	8	27	8	20									16.9		14.9			
2026	8	27	8	10									17.1		14.9			
2026	8	27	8	0									17.0		15.3			
2026	8	27	7	50									17.1		15.3			
2026	8	27	7	40									17.0		15.3			
2026	8	27	7	30									17.0		14.8			
2026	8	27	7	20									17.0		14.6			
2026	8	27	7	10									17.2		14.7			
2026	8	27	7	0									17.0		14.1			
2026	8	27	6	50									17.2		13.9			
2026	8	27	6	40									17.6		14.0			
2026	8	27	6	30									18.4		13.7			
2026	8	27	6	10									18.8		13.4			
2026	8	27	6	0									18.9		13.0			
2026	8	27	5	50									19.0		13.2			
2026	8	27	5	40									19.1		13.1			
2026	8	27	5	30									19.2		12.9			
2026	8	27	5	20									19.2		13.0			
2026	8	27	5	10									19.3		12.5			
2026	8	27	5	0									19.3		12.3			
2026	8	27	4	50									19.4		12.4			
2026	8	27	4	40									19.7		12.2			
2026	8	27	4	30									20.1		12.2			
2026	8	27	4	20									20.2		11.6			
2026	8	27	4	10									20.5		11.1			
2026	8	27	4	0									20.7		11.1			
2026	8	27	3	50									20.8		11.2			
2026	8	27	3	40									20.8		11.4			
2026	8	27	3	30									21.2		10.8			
2026	8	27	3	10									21.2		10.4			
2026	8	27	3	0									21.3		10.7			
2026	8	27	2	50									21.6		11.3			
2026	8	27	2	40									21.8		11.5			
2026	8	27	2	30									21.9		11.1			
2026	8	27	2	10									22.0		10.3			
2026	8	27	2	0									22.2		11.2			
2026	8	27	1	50									22.3		11.3			
2026	8	27	1	40									22.2		11.2			
2026	8	27	1	30									22.3		11.9			
2026	8	27	1	10									22.4		12.1			
2026	8	27	1	0									22.5		12.1			
2026	8	27	0	50									22.6		12.3			
2026	8	27	0	40									22.6		12.4			
2026	8	27	0	30									23.0		12.8			
2026	8	27	0	20									22.9		13.2			
2026	8	27	0	10									22.9		12.6			
2026	8	27	0	0									23.1		12.6			
2026	8	26	23	50									23.0		13.0			
2026	8	26	23	40									23.0		12.8			
2026	8	26	23	30									22.8		12.9			
2026	8	26	23	20									22.9		11.9			
2026	8	26	23	10									23.0		12.9			
2026	8	26	22	50									22.5		12.8			
2026	8	26	22	40									22.6		13.3			
2026	8	26	22	30									23.0		12.4			
2026	8	26	22	10									22.8		12.5			
2026	8	26	22	0									22.4		13.4			
2026	8	26	21	50									22.8		13.2			
2026	8	26	21	40									22.7		13.8			
2026	8	26	21	30									22.3		13.8			
2026	8	26	21	10									21.9		12.3			
2026	8	26	21	0									21.7		13.9			
2026	8	26	20	50									21.5		13.1			
2026	8	26	20	40									21.2		12.7			
2026	8	26	20	30									21.0		12.6			
2026	8	26	20	20									21.1		12.8			
2026	8	26	20	10									20.8		13.4			
2026	8	26	20	0									20.5		12.0			
2026	8	26	19	50									20.4		12.8			
2026	8	26	19	40									20.1		13.3			
2026	8	26	19	30									19.8		12.9			
2026	8	26	19	10									19.9		12.9			
2026	8	26	19	0									19.5		13.3			
2026	8	26	18	50									19.4		13.3			
2026	8	26	18	40									19.3		13.6			
2026	8	26	18	30									19.1		13.4			
2026	8	26	18	20									18.9		13.2			
2026	8	26	18	10									18.7		13.4			
2026	8	26	18	0									18.6		13.5			
2026	8	26	17	50									18.1		13.3			
2026	8	26	17	40									17.9		14.8			
2026	8	26	17	30									17.3		14.0			
2026	8	26	17	20									17.2		14.2			
2026	8	26	17	10									17.1		13.9			
2026	8	26	17	0									16.8		14.5			
2026	8	26	16	50									16.6		15.3			
2026	8	26	16	40									16.1		15.1			
2026	8	26	16	30									15.9		15.7			
2026	8	26	16	10									15.8		15.7			
2026	8	26	16	0									15.6		15.6			
2026	8	26	15	50									15.3		15.3			
2026	8	26	15	40									15.0		15.0			
2026	8	26	15	30									14.6		14.6			
2026	8	26	15	10									14.8		14.8			
2026	8	26	15	0									15.0		15.0			
2026	8	26	14	50									14.7		14.7			
2026	8	26	14	40									14.7		14.7			
2026	8	26	14	30									14.3		14.3			
2026	8	26	14	20									14.7		14.7			
2026	8	26	14	10									14.3		14.3			
2026	8	26	14	0									14.5		14.5			
2026	8	26	13	50									14.6		14.6			
2026	8	26	13	40									14.6		14.6			
2026	8	26	13	30									14.5		14.5			
2026	8	26	13	20									14.5		14.5			
2026	8	26	13	10									14.6		14.6			
2026	8	26	13	0									14.7		14.7			
2026	8	26	12	50									14.7		14.7			
2026	8	26	12	40									14.7		14.7			
2026	8	26	12	30									14.9		14.8			
2026	8	26	12	10									15.0		14.6			
2026	8	26	12	0									15.2		14.7			
2026	8	26	11	50									15.3		14.6			
2026	8	26	11	40									15.4		15.1			
2026	8	26	11	30									15.3		14.8			
2026	8	26	11	20									15.4		14.8			
2026	8	26	11	10									15.4		15.0			
2026	8	26	11	0									15.5		15.0			
2026	8	26	10	50									15.5		14.9			
2026	8	26	10	40									15.6		15.1			
2026	8	26	10	30									15.6		14.9			
2026	8	26	10	20									15.5		15.1			
2026	8	26	10	10									15.6		15.2			
2026	8	26	10	0									15.6		15.5			
2026	8	26	9	50									15.6		15.6			
2026	8	26	9	40									15.7		15.7			
2026	8	26	9	30									15.7		15.7			
2026	8	26	9	20									15.7		15.7			
2026	8	26	9	10									15.8		15.8			
2026	8	26	9	0									15.7		15.7			
2026	8	26	8	50									15.7		15.7			
2026	8	26	8	40									15.7		15.7			
2026	8	26	8	30									15.8		15.7			
2026	8	26	8	10									15.8		15.8			
2026	8	26	8	0									15.8		15.8			
2026	8	26	7	50									15.8		15.6			
2026	8	26	7	40									15.8		15.5			
2026	8	26	7	30									15.9		15.7			
2026	8	26	7	20									15.8		15.2			
2026	8	26	7	10									16.1		15.4			
2026	8	26	7	0									16.2		15.2			
2026	8	26	6	50									16.2		15.2			
2026	8	26	6	40									16.2		15.2			
2026	8	26	6	30									16.2		15.1			
2026	8	26	6	20									16.2		14.9			
2026	8	26	6	10									16.2		15.0			
2026	8	26	6	0									16.2		15.2			
2026	8	26	5	50									16.3		15.4			
2026	8	26	5	40									16.3		15.2			
2026	8	26	5	30									16.3		15.4			
2026	8	26	5	20									16.2		14.8			
2026	8	26	5	10									16.4		14.9			
2026	8	26	5	0									16.6		14.6			
2026	8	26	4	50									16.9		14.5			
2026	8	26	4	40									17.0		14.4			
2026	8	26	4	30									17.3		14.4			
2026	8	26	4	10									17.5		14.1			
2026	8	26	4	0									17.6		14.3			
2026	8	26	3	50									17.8		14.2			
2026	8	26	3	40									18.0		13.8			
2026	8	26	3	30									18.2		14.3			
2026	8	26	3	20									18.4		14.2			
2026	8	26	3	10									18.8		14.0			
2026	8	26	3	0									19.2		14.3			
2026	8	26	2	50									19.4		14.4			
2026	8	26	2	40									19.8		14.5			
2026	8	26	2	30									20.0		14.8			
2026	8	26	2	20									20.2		14.6			
2026	8	26	2	10									20.6		14.9			
2026	8	26	2	0									20.8		14.5			
2026	8	26	1	50									20.7		14.2			
2026	8	26	1	40									21.0		14.5			
2026	8	26	1	30									20.8		15.0			
2026	8	26	1	20									20.9		14.9			
2026	8	26	1	10									21.0		14.8			
2026	8	26	1	0									21.1		14.6			
2026	8	26	0	50									21.4		14.6			
2026	8	26	0	40									21.7		14.5			
2026	8	26	0	30									21.7		14.4			
2026	8	26	0	20									21.4		14.7			
2026	8	26	0	10									22.0		14.2			
2026	8	26	0	0									22.3		14.6			
2026	8	25	23	50									22.3		15.9			
2026	8	25	23	40									22.5		15.1			
2026	8	25	23	30									22.1		15.5			
2026	8	25	23	20									22.1		15.8			
2026	8	25	23	10									22.3		15.9			
2026	8	25	23	0									22.1		15.6			
2026	8	25	22	50									21.8		16.3			
2026	8	25	22	40									21.7		16.1			
2026	8	25	22	30									21.8		16.1			
2026	8	25	22	20									22.7		15.9			
2026	8	25	22	10									22.3		15.9			
2026	8	25	22	0									22.7		15.8			
2026	8	25	21	50									23.3		15.6			
2026	8	25	21	40									23.0		15.6			
2026	8	25	21	30									23.3		16.0			
2026	8	25	21	10									23.7		16.3			
2026	8	25	21	0									23.9		15.8			
2026	8	25	20	50									24.0		15.7			
2026	8	25	20	40									23.8		16.5			
2026	8	25	20	30									23.7		15.8			
2026	8	25	20	20									23.4		15.7			
2026	8	25	20	0									23.8		15.3			
2026	8	25	19	50									23.7		15.9			
2026	8	25	19	40									23.5		15.1			
2026	8	25	19	30									23.5		15.3			
2026	8	25	19	10									23.6		15.3			
2026	8	25	19	0									23.6		15.2			
2026	8	25	18	50									23.3		14.8			
2026	8	25	18	40									22.1		16.1			
2026	8	25	18	30									21.1		16.3			
2026	8	25	18	20									21.1		15.5			
2026	8	25	18	10									20.7		15.6			
2026	8	25	18	0									20.6		15.4			
2026	8	25	17	50									19.5		16.1			
2026	8	25	17	40									19.1		15.6			
2026	8	25	17	30									18.4		16.2			
2026	8	25	17	10									17.7		16.1			
2026	8	25	17	0									17.3		16.2			
2026	8	25	16	50									17.4		16.2			
2026	8	25	16	40									17.2		16.1			
2026	8	25	16	30									16.7		15.8			
2026	8	25	16	20									16.4		15.6			
2026	8	25	16	10									16.4		16.0			
2026	8	25	16	0									16.1		15.6			
2026	8	25	15	50									15.9		15.7			
2026	8	25	15	40									15.7		15.7			
2026	8	25	15	30									15.7		15.7			
2026	8	25	15	20									15.8		15.8			
2026	8	25	15	10									15.6		15.6			
2026	8	25	15	0									15.5		15.5			
2026	8	25	14	50									15.4		15.4			
2026	8	25	14	40									15.7		15.7			
2026	8	25	14	30									15.5		15.5			
2026	8	25	14	10									15.8		15.8			
2026	8	25	14	0									15.9		15.9			
2026	8	25	13	50									15.7		15.7			
2026	8	25	13	40									15.7		15.7			
2026	8	25	13	30									15.9		15.9			
2026	8	25	13	10									15.9		15.9			
2026	8	25	13	0									16.0		16.0			
2026	8	25	12	50									15.9		15.9			
2026	8	25	12	40									15.7		15.7			
2026	8	25	12	30									15.8		15.8			
2026	8	25	12	20									15.9		15.9			
2026	8	25	12	10									16.3		16.3			
2026	8	25	12	0									16.2		16.2			
2026	8	25	11	50									16.3		16.3			
2026	8	25	11	40									16.6		16.6			
2026	8	25	11	30									16.5		16.5			
2026	8	25	11	20									16.8		16.8			
2026	8	25	11	10									16.7		16.7			
2026	8	25	11	0									16.9		16.9			
2026	8	25	10	50									16.7		16.7			
2026	8	25	10	40									16.9		16.9			
2026	8	25	10	30									16.9		16.9			
2026	8	25	10	10									16.8		16.8			
2026	8	25	10	0									17.0		17.0			
2026	8	25	9	50									17.1		16.8			
2026	8	25	9	40									17.6		16.7			
2026	8	25	9	30									17.7		15.6			
2026	8	25	9	10									17.9		15.7			
2026	8	25	9	0									18.1		16.8			
2026	8	25	8	50									18.0		15.5			
2026	8	25	8	40									18.0		16.3			
2026	8	25	8	30									18.1		16.0			
2026	8	25	8	10									18.3		16.2			
2026	8	25	8	0									18.4		16.3			
2026	8	25	7	50									18.8		15.5			
2026	8	25	7	40									18.9		15.9			
2026	8	25	7	30									19.1		15.6			
2026	8	25	7	10									19.3		15.6			
2026	8	25	7	0									19.4		16.3			
2026	8	25	6	50									19.6		15.7			
2026	8	25	6	40									19.7		15.8			
2026	8	25	6	30									20.0		15.6			
2026	8	25	6	10									19.9		15.7			
2026	8	25	6	0									20.1		15.6			
2026	8	25	5	50									20.3		14.8			
2026	8	25	5	40									20.7		15.9			
2026	8	25	5	30									20.7		16.8			
2026	8	25	5	20									20.9		17.5			
2026	8	25	5	10									21.2		15.8			
2026	8	25	5	0									21.1		15.7			
2026	8	25	4	50									21.0		15.9			
2026	8	25	4	40									21.4		16.0			
2026	8	25	4	30									22.1		15.8			
2026	8	25	4	20									22.2		15.7			
2026	8	25	4	0									22.4		14.8			
2026	8	25	3	50									22.6		13.9			
2026	8	25	3	40									23.1		15.5			
2026	8	25	3	30									23.0		16.1			
2026	8	25	3	20									23.8		16.6			
2026	8	25	3	10									24.3		16.4			
2026	8	25	3	0									24.3		17.8			
2026	8	25	2	50									24.2		17.0			
2026	8	25	2	40									24.1		17.2			
2026	8	25	2	30									24.7		17.3			
2026	8	25	2	20									24.9		16.3			
2026	8	25	2	0									25.1		16.7			
2026	8	25	1	50									25.4		17.5			
2026	8	25	1	40									25.7		17.1			
2026	8	25	0	30									25.8		17.1			
2026	8	25	0	10									25.3		18.0			
2026	8	25	0	0									25.5		17.6			
2026	8	24	23	50									26.0		16.6			
2026	8	24	23	40									26.1		16.3			
2026	8	24	23	30									25.8		16.9			
2026	8	24	23	20									25.9		16.1			
2026	8	24	23	10									25.7		15.6			
2026	8	24	23	0									25.7		17.5			
2026	8	24	22	50									25.7		16.4			
2026	8	24	22	40									25.2		16.3			
2026	8	24	22	30									24.7		16.8			
2026	8	24	22	20									24.4		18.9			
2026	8	24	22	10									24.9		17.0			
2026	8	24	22	0									24.7		17.1			
2026	8	24	21	50									24.4		17.6			
2026	8	24	21	40									24.5		17.2			
2026	8	24	21	30									25.1		15.9			
2026	8	24	21	20									24.7		17.1			
2026	8	24	21	10									24.7		15.3			
2026	8	24	21	0									24.3		16.8			
2026	8	24	20	50									24.1		16.1			
2026	8	24	20	40									24.0		17.2			
2026	8	24	20	30									23.9		16.3			
2026	8	24	20	10									23.7		16.7			
2026	8	24	20	0									23.4		16.2			
2026	8	24	19	50									23.0		15.9			
2026	8	24	19	40									22.6		16.9			
2026	8	24	19	30									21.6		16.5			
2026	8	24	19	10									21.2		16.0			
2026	8	24	19	0									21.0		15.9			
2026	8	24	18	50									21.3		15.9			
2026	8	24	18	40									20.6		16.3			
2026	8	24	18	30									19.2		15.9			
2026	8	24	18	10									19.6		15.9			
2026	8	24	18	0									18.9		15.5			
2026	8	24	17	50									18.9		15.8			
2026	8	24	17	40									18.8		15.6			
2026	8	24	17	30									17.7		15.8			
2026	8	24	17	10									17.5		15.9			
2026	8	24	17	0									17.2		15.9			
2026	8	24	16	50									16.6		15.9			
2026	8	24	16	40									16.3		16.0			
2026	8	24	16	30									16.9		16.0			
2026	8	24	16	10									16.3		15.9			
2026	8	24	16	0									15.9		15.8			
2026	8	24	15	50									15.7		15.7			
2026	8	24	15	40									15.9		15.8			
2026	8	24	15	30									15.5		15.5			
2026	8	24	15	20									15.6		15.6			
2026	8	24	15	10									16.0		15.7			
2026	8	24	15	0									15.5		15.5			
2026	8	24	14	50									15.5		15.5			
2026	8	24	14	40									16.2		15.0			
2026	8	24	14	30									15.9		15.5			
2026	8	24	14	20									15.5		15.4			
2026	8	24	14	10									15.7		15.6			
2026	8	24	14	0									15.2		15.2			
2026	8	24	13	50									15.0		15.0			
2026	8	24	13	40									14.7		14.7			
2026	8	24	13	30									14.4		14.4			
2026	8	24	13	10									14.6		14.6			
2026	8	24	13	0									14.6		14.6			
2026	8	24	12	50									14.5		14.5			
2026	8	24	12	40									14.9		14.9			
2026	8	24	12	30									14.9		14.9			
2026	8	24	12	10									15.1		15.1			
2026	8	24	12	0									15.3		15.3			
2026	8	24	11	50									15.2		15.0			
2026	8	24	11	40									15.4		15.2			
2026	8	24	11	30									15.4		15.3			
2026	8	24	11	20									15.6		15.5			
2026	8	24	11	10									15.6		15.2			
2026	8	24	11	0									15.5		15.5			
2026	8	24	10	50									15.8		15.4			
2026	8	24	10	40									15.7		15.5			
2026	8	24	10	30									15.8		15.8			
2026	8	24	10	20									15.7		15.7			
2026	8	24	10	10									15.9		15.7			
2026	8	24	10	0									16.0		15.8			
2026	8	24	9	50									16.0		15.6			
2026	8	24	9	40									16.3		15.7			
2026	8	24	9	30									16.5		15.9			
2026	8	24	9	10									16.6		15.9			
2026	8	24	9	0									16.6		16.0			
2026	8	24	8	50									16.6		15.8			
2026	8	24	8	40									16.9		15.9			
2026	8	24	8	30									16.8		15.9			
2026	8	24	8	10									16.8		15.8			
2026	8	24	8	0									16.9		15.5			
2026	8	24	7	50									17.4		15.7			
2026	8	24	7	40									17.4		15.8			
2026	8	24	7	30									17.4		15.4			
2026	8	24	7	10									17.3		15.3			
2026	8	24	7	0									17.5		15.1			
2026	8	24	6	50									17.4		14.7			
2026	8	24	6	40									17.5		14.9			
2026	8	24	6	30									17.7		14.7			
2026	8	24	6	20									17.8		14.7			
2026	8	24	6	0									17.8		15.1			
2026	8	24	5	50									18.4		14.7			
2026	8	24	5	40									18.5		14.4			
2026	8	24	5	30									18.7		14.7			
2026	8	24	5	20									18.9		15.1			
2026	8	24	5	0									19.1		14.8			
2026	8	24	4	50									19.5		15.2			
2026	8	24	4	40									19.6		14.7			
2026	8	24	4	30									19.8		15.1			
2026	8	24	4	10									20.0		15.0			
2026	8	24	4	0									20.2		15.0			
2026	8	24	3	50									20.5		15.0			
2026	8	24	3	40									20.7		14.6			
2026	8	24	3	30									21.1		14.9			
2026	8	24	3	10									20.8		15.5			
2026	8	24	3	0									20.3		18.1			
2026	8	24	2	50									20.3		17.7			
2026	8	24	2	40									20.5		17.0			
2026	8	24	2	30									20.4		17.1			
2026	8	24	2	10									20.6		15.4			
2026	8	24	2	0									20.1		16.9			
2026	8	24	1	50									20.3		17.6			
2026	8	24	1	40									20.5		17.1			
2026	8	24	1	30									20.8		16.8			
2026	8	24	1	10									21.1		15.6			
2026	8	24	1	0									20.7		15.5			
2026	8	24	0	50									20.8		16.0			
2026	8	24	0	40									20.5		16.7			
2026	8	24	0	30									20.5		17.3			
2026	8	24	0	10									20.3		17.2			
2026	8	24	0	0									20.2		16.8			
2026	8	23	23	50									20.9		16.6			
2026	8	23	23	40									20.9		16.2			
2026	8	23	23	30									21.2		14.1			
2026	8	23	23	20									21.7		13.8			
2026	8	23	23	0									21.8		14.3			
2026	8	23	22	50									21.7		13.8			
2026	8	23	22	40									21.8		14.0			
2026	8	23	22	30									21.8		14.5			
2026	8	23	22	10									21.7		14.0			
2026	8	23	22	0									21.0		14.1			
2026	8	23	21	50									20.9		14.2			
2026	8	23	21	40									20.9		13.9			
2026	8	23	21	30									20.9		14.0			
2026	8	23	21	10									20.9		13.7			
2026	8	23	21	0									20.8		13.6			
2026	8	23	20	50									20.8		14.0			
2026	8	23	20	40									20.8		13.5			
2026	8	23	20	30									20.3		13.7			
2026	8	23	20	10									20.5		13.7			
2026	8	23	20	0									20.6		13.4			
2026	8	23	19	50									20.5		13.5			
2026	8	23	19	40									20.2		13.6			
2026	8	23	19	30									20.2		12.9			
2026	8	23	19	10									20.0		13.2			
2026	8	23	19	0									20.2		13.5			
2026	8	23	18	50									20.2		13.1			
2026	8	23	18	40									19.9		13.4			
2026	8	23	18	30									19.8		13.0			
2026	8	23	18	10									19.5		14.2			
2026	8	23	18	0									19.7		13.8			
2026	8	23	17	50									19.2		14.8			
2026	8	23	17	40									18.8		15.0			
2026	8	23	17	30									18.5		15.4			
2026	8	23	17	10									18.4		15.4			
2026	8	23	17	0									18.5		15.6			
2026	8	23	16	50									18.0		16.0			
2026	8	23	16	40									17.5		16.3			
2026	8	23	16	30									17.2		16.6			
2026	8	23	16	20									17.2		16.6			
2026	8	23	16	10									17.1		16.9			
2026	8	23	16	0									17.0		16.4			
2026	8	23	15	50									16.9		16.2			
2026	8	23	15	40									16.8		16.1			
2026	8	23	15	30									16.7		16.0			
2026	8	23	15	10									16.6		16.3			
2026	8	23	15	0									16.6		16.5			
2026	8	23	14	50									16.4		16.4			
2026	8	23	14	40									16.4		16.4			
2026	8	23	14	30									16.4		16.4			
2026	8	23	14	10									16.5		16.5			
2026	8	23	14	0									16.4		16.4			
2026	8	23	13	50									16.3		16.3			
2026	8	23	13	40									16.4		16.4			
2026	8	23	13	30									16.3		16.3			
2026	8	23	13	20									16.4		16.4			
2026	8	23	13	10									16.3		16.3			
2026	8	23	13	0									15.9		15.9			
2026	8	23	12	50									15.9		15.9			
2026	8	23	12	40									16.2		16.2			
2026	8	23	12	30									16.0		16.0			
2026	8	23	12	20									16.0		16.0			
2026	8	23	12	10									16.3		16.3			
2026	8	23	12	0									16.1		16.1			
2026	8	23	11	50									16.0		16.0			
2026	8	23	11	40									15.9		15.9			
2026	8	23	11	30									15.7		15.7			
2026	8	23	11	10									15.6		15.6			
2026	8	23	11	0									15.7		15.7			
2026	8	23	10	50									15.5		15.5			
2026	8	23	10	40									15.8		15.8			
2026	8	23	10	30									15.7		15.7			
2026	8	23	10	20									15.9		15.9			
2026	8	23	10	10									16.0		15.9			
2026	8	23	10	0									16.2		16.1			
2026	8	23	9	50									15.9		15.9			
2026	8	23	9	40									16.1		16.1			
2026	8	23	9	30									15.9		15.9			
2026	8	23	9	20									16.0		16.0			
2026	8	23	9	10									16.0		16.0			
2026	8	23	9	0									16.2		16.2			
2026	8	23	8	50									16.3		16.0			
2026	8	23	8	40									16.5		15.7			
2026	8	23	8	30									16.6		15.8			
2026	8	23	8	10									16.9		15.7			
2026	8	23	8	0									17.1		15.5			
2026	8	23	7	50									17.2		15.6			
2026	8	23	7	40									17.3		15.2			
2026	8	23	7	30									17.2		15.1			
2026	8	23	7	10									17.4		15.0			
2026	8	23	7	0									17.4		14.8			
2026	8	23	6	50									17.4		15.2			
2026	8	23	6	40									17.4		14.8			
2026	8	23	6	30									17.5		14.8			
2026	8	23	6	20									17.5		14.8			
2026	8	23	6	10									17.6		14.6			
2026	8	23	6	0									17.6		14.4			
2026	8	23	5	50									17.8		14.1			
2026	8	23	5	40									17.8		13.9			
2026	8	23	5	30									17.8		13.7			
2026	8	23	5	20									17.7		13.6			
2026	8	23	5	10									17.6		14.1			
2026	8	23	5	0									18.0		13.7			
2026	8	23	4	50									18.4		12.9			
2026	8	23	4	40									18.4		13.0			
2026	8	23	4	30									18.5		13.0			
2026	8	23	4	10									18.3		13.3			
2026	8	23	4	0									18.3		13.3			
2026	8	23	3	50									18.8		12.7			
2026	8	23	3	40									18.7		12.9			
2026	8	23	3	30									19.0		12.8			
2026	8	23	3	10									19.2		12.6			
2026	8	23	3	0									19.2		12.6			
2026	8	23	2	50									19.3		12.4			
2026	8	23	2	40									19.5		12.5			
2026	8	23	2	30									19.5		12.1			
2026	8	23	2	20									19.6		12.3			
2026	8	23	2	10									19.8		12.4			
2026	8	23	2	0									19.8		12.3			
2026	8	23	1	50									19.9		12.1			
2026	8	23	1	40									19.9		12.9			
2026	8	23	1	30									19.9		13.5			
2026	8	23	1	10									19.8		13.3			
2026	8	23	1	0									19.9		13.5			
2026	8	23	0	50									19.9		13.4			
2026	8	23	0	40									20.1		13.4			
2026	8	23	0	30									20.2		13.2			
2026	8	23	0	20									20.2		13.1			
2026	8	23	0	10									20.3		13.3			
2026	8	23	0	0									20.4		13.3			
2026	8	22	23	50									20.1		13.5			
2026	8	22	23	40									19.9		13.3			
2026	8	22	23	30									20.2		13.5			
2026	8	22	23	20									20.2		13.7			
2026	8	22	23	10									20.0		13.7			
2026	8	22	23	0									20.2		13.7			
2026	8	22	22	50									20.0		13.5			
2026	8	22	22	40									19.8		13.7			
2026	8	22	22	30									19.7		14.5			
2026	8	22	22	20									19.5		14.3			
2026	8	22	22	10									19.7		14.2			
2026	8	22	22	0									19.9		14.2			
2026	8	22	21	50									19.5		14.2			
2026	8	22	21	40									19.7		14.2			
2026	8	22	21	30									19.9		14.6			
2026	8	22	21	10									20.1		13.8			
2026	8	22	21	0									19.7		13.6			
2026	8	22	20	50									20.4		13.7			
2026	8	22	20	40									20.6		13.4			
2026	8	22	20	30									20.1		13.9			
2026	8	22	20	10									19.8		13.6			
2026	8	22	20	0									19.6		13.9			
2026	8	22	19	50									19.3		13.8			
2026	8	22	19	40									19.5		14.3			
2026	8	22	19	30									19.1		14.2			
2026	8	22	19	20									18.6		14.2			
2026	8	22	19	0									18.4		14.0			
2026	8	22	18	50									18.4		13.9			
2026	8	22	18	40									18.2		13.9			
2026	8	22	18	30									17.8		14.5			
2026	8	22	18	20									17.4		14.2			
2026	8	22	18	0									17.0		14.9			
2026	8	22	17	50									17.0		14.6			
2026	8	22	17	40									17.0		14.5			
2026	8	22	17	30									17.1		14.5			
2026	8	22	17	10									16.7		14.4			
2026	8	22	17	0									16.8		14.5			
2026	8	22	16	50									16.5		14.7			
2026	8	22	16	40									16.6		15.4			
2026	8	22	16	30									16.3		14.6			
2026	8	22	16	10									16.2		14.8			
2026	8	22	16	0									16.0		14.6			
2026	8	22	15	50									15.9		14.6			
2026	8	22	15	40									15.9		14.8			
2026	8	22	15	30									16.0		14.9			
2026	8	22	15	20									15.9		14.8			
2026	8	22	15	10									15.8		14.9			
2026	8	22	15	0									15.7		15.0			
2026	8	22	14	50									15.8		15.3			
2026	8	22	14	40									15.6		15.0			
2026	8	22	14	30									15.5		14.8			
2026	8	22	14	10									15.6		15.1			
2026	8	22	14	0									15.8		15.4			
2026	8	22	13	50									15.7		15.1			
2026	8	22	13	40									15.9		15.5			
2026	8	22	13	30									15.7		15.1			
2026	8	22	13	10									15.7		15.1			
2026	8	22	13	0									15.9		15.6			
2026	8	22	12	50									15.8		15.5			
2026	8	22	12	40									15.8		15.6			
2026	8	22	12	30									15.7		15.3			
2026	8	22	12	20									15.7		15.3			
2026	8	22	12	10									15.8		15.4			
2026	8	22	12	0									15.9		15.6			
2026	8	22	11	50									16.0		15.7			
2026	8	22	11	40									16.1		15.6			
2026	8	22	11	30									16.3		15.3			
2026	8	22	11	10									16.3		15.2			
2026	8	22	11	0									16.4		15.3			
2026	8	22	10	50									16.4		15.2			
2026	8	22	10	40									16.4		15.1			
2026	8	22	10	30									16.4		15.4			
2026	8	22	10	10									16.6		16.0			
2026	8	22	10	0									16.3		15.2			
2026	8	22	9	50									16.4		15.6			
2026	8	22	9	40									16.3		15.3			
2026	8	22	9	30									16.2		15.9			
2026	8	22	9	10									16.3		16.3			
2026	8	22	9	0									16.1		16.1			
2026	8	22	8	50									15.9		15.9			
2026	8	22	8	40									16.0		16.0			
2026	8	22	8	30									16.0		16.0			
2026	8	22	8	20									16.0		16.0			
2026	8	22	8	10									16.1		16.1			
2026	8	22	8	0									16.1		16.1			
2026	8	22	7	50									16.0		16.0			
2026	8	22	7	40									16.1		16.1			
2026	8	22	7	30									16.3		16.3			
2026	8	22	7	10									16.3		16.3			
2026	8	22	7	0									16.3		16.3			
2026	8	22	6	50									16.3		16.3			
2026	8	22	6	40									16.4		16.4			
2026	8	22	6	30									16.5		16.5			
2026	8	22	6	10									16.4		16.4			
2026	8	22	6	0									16.5		16.5			
2026	8	22	5	50									16.5		16.5			
2026	8	22	5	40									16.6		16.6			
2026	8	22	5	30									16.5		16.5			
2026	8	22	5	10									16.5		16.5			
2026	8	22	5	0									16.6		16.5			
2026	8	22	4	50									16.6		16.4			
2026	8	22	4	40									16.7		16.5			
2026	8	22	4	30									16.7		16.4			
2026	8	22	4	20									16.8		16.4			
2026	8	22	4	10									16.8		16.3			
2026	8	22	4	0									16.8		16.3			
2026	8	22	3	50									16.8		16.3			
2026	8	22	3	40									17.0		16.1			
2026	8	22	3	30									17.2		16.0			
2026	8	22	3	20									17.5		15.9			
2026	8	22	3	0									17.7		15.8			
2026	8	22	2	50									18.1		15.6			
2026	8	22	2	40									18.2		15.6			
2026	8	22	2	30									18.6		15.4			
2026	8	22	2	10									19.3		15.4			
2026	8	22	2	0									19.9		15.2			
2026	8	22	1	50									20.0		15.4			
2026	8	22	1	40									20.2		15.7			
2026	8	22	1	30									20.3		15.6			
2026	8	22	1	10									20.9		15.3			
2026	8	22	1	0									20.8		15.7			
2026	8	22	0	50									21.3		15.3			
2026	8	22	0	40									21.4		15.2			
2026	8	22	0	30									21.0		15.4			
2026	8	22	0	20									21.2		15.5			
2026	8	22	0	10									21.1		15.2			
2026	8	22	0	0									21.1		15.4			
2026	8	21	23	50									20.9		15.4			
2026	8	21	23	40									21.4		15.4			
2026	8	21	23	30									22.5		15.4			
2026	8	21	23	10									23.2		16.1			
2026	8	21	23	0									23.4		15.9			
2026	8	21	22	50									23.9		15.1			
2026	8	21	22	40									23.8		15.0			
2026	8	21	22	30									23.7		15.5			
2026	8	21	22	20									23.4		15.7			
2026	8	21	22	10									23.5		16.2			
2026	8	21	22	0									23.7		16.2			
2026	8	21	21	50									24.2		17.3			
2026	8	21	21	40									24.4		15.7			
2026	8	21	21	30									24.6		15.6			
2026	8	21	21	10									24.4		16.5			
2026	8	21	21	0									25.2		15.6			
2026	8	21	20	50									25.8		15.9			
2026	8	21	20	40									26.1		14.9			
2026	8	21	20	30									26.1		15.0			
2026	8	21	20	20									25.2		17.3			
2026	8	21	20	10									23.5		16.9			
2026	8	21	20	0									23.4		17.0			
2026	8	21	19	50									23.0		17.3			
2026	8	21	19	40									23.0		15.9			
2026	8	21	19	30									22.9		17.6			
2026	8	21	19	20									22.6		16.7			
2026	8	21	19	10									22.4		17.7			
2026	8	21	19	0									22.0		18.1			
2026	8	21	18	50									21.2		17.3			
2026	8	21	18	40									21.3		17.6			
2026	8	21	18	30									20.7		17.6			
2026	8	21	18	20									20.4		17.1			
2026	8	21	18	10									20.0		17.2			
2026	8	21	18	0									19.7		17.4			
2026	8	21	17	40									19.0		17.7			
2026	8	21	17	20									19.0		18.4			
2026	8	21	17	10									18.8		18.3			
2026	8	21	17	0									19.0		18.5			
2026	8	21	16	50									18.7		17.6			
2026	8	21	16	40									18.4		17.5			
2026	8	21	16	30									18.6		17.4			
2026	8	21	16	20									17.6		17.3			
2026	8	21	16	10									17.2		17.1			
2026	8	21	16	0									16.9		16.9			
2026	8	21	15	50									16.8		16.8			
2026	8	21	15	40									16.9		16.9			
2026	8	21	15	30									17.0		17.0			
2026	8	21	15	20									16.6		16.6			
2026	8	21	15	10									16.5		16.5			
2026	8	21	14	50									16.4		16.4			
2026	8	21	14	40									16.5		16.5			
2026	8	21	14	30									16.3		16.3			
2026	8	21	14	20									16.3		16.3			
2026	8	21	14	10									16.5		16.5			
2026	8	21	13	50									16.4		16.4			
2026	8	21	13	40									16.7		16.7			
2026	8	21	13	30									16.7		16.7			
2026	8	21	13	20									16.5		16.5			
2026	8	21	13	0									16.5		16.5			
2026	8	21	12	50									16.7		16.7			
2026	8	21	12	40									16.5		16.5			
2026	8	21	12	30									16.7		16.7			
2026	8	21	12	10									16.9		16.9			
2026	8	21	12	0									16.9		16.9			
2026	8	21	11	50									16.8		16.8			
2026	8	21	11	40									17.2		17.2			
2026	8	21	11	30									17.3		17.3			
2026	8	21	11	10									17.6		17.6			
2026	8	21	11	0									17.5		17.5			
2026	8	21	10	50									17.7		17.7			
2026	8	21	10	40									17.6		17.6			
2026	8	21	10	30									17.9		17.9			
2026	8	21	10	20									18.1		18.0			
2026	8	21	10	10									18.3		18.2			
2026	8	21	10	0									18.3		18.0			
2026	8	21	9	50									18.8		17.8			
2026	8	21	9	40									18.6		16.8			
2026	8	21	9	30									18.7		16.9			
2026	8	21	9	20									18.7		17.1			
2026	8	21	9	10									18.9		17.5			
2026	8	21	9	0									19.1		18.2			
2026	8	21	8	50									19.3		18.3			
2026	8	21	8	40									19.3		18.1			
2026	8	21	8	30									19.5		17.7			
2026	8	21	8	10									19.6		18.4			
2026	8	21	8	0									19.6		17.9			
2026	8	21	7	50									19.9		18.6			
2026	8	21	7	40									20.1		18.2			
2026	8	21	7	30									20.5		18.0			
2026	8	21	7	10									20.7		17.0			
2026	8	21	7	0									20.7		17.0			
2026	8	21	6	50									20.7		18.7			
2026	8	21	6	40									20.6		18.1			
2026	8	21	6	30									21.2		18.2			
2026	8	21	6	10									21.4		18.5			
2026	8	21	6	0									21.5		18.2			
2026	8	21	5	50									21.7		17.7			
2026	8	21	5	40									21.9		18.8			
2026	8	21	5	30									21.9		18.5			
2026	8	21	5	20									22.3		18.6			
2026	8	21	5	0									22.8		17.3			
2026	8	21	4	50									22.6		16.6			
2026	8	21	4	40									22.8		19.5			
2026	8	21	4	30									23.3		18.4			
2026	8	21	4	20									23.7		19.6			
2026	8	21	4	0									24.2		16.9			
2026	8	21	3	50									24.9		15.5			
2026	8	21	3	40									25.0		15.4			
2026	8	21	3	30									25.3		17.3			
2026	8	21	3	20									25.6		16.6			
2026	8	21	3	0									25.9		16.6			
2026	8	21	2	50									25.8		18.9			
2026	8	21	2	40									26.7		19.2			
2026	8	21	2	30									26.5		18.7			
2026	8	21	2	20									26.7		19.1			
2026	8	21	2	10									26.9		18.3			
2026	8	21	2	0									27.8		18.3			
2026	8	21	1	50									27.1		18.5			
2026	8	21	1	30									26.9		20.4			
2026	8	21	1	20									26.9		19.6			
2026	8	21	1	10									27.8		18.0			
2026	8	21	1	0									27.1		20.9			
2026	8	21	0	50									27.6		21.0			
2026	8	21	0	40									28.0		19.2			
2026	8	21	0	30									27.7		16.8			
2026	8	21	0	20									27.6		18.4			
2026	8	21	0	10									27.5		15.3			
2026	8	21	0	0									26.6		19.5			
2026	8	20	23	50									27.0		17.4			
2026	8	20	23	40									27.7		14.2			
2026	8	20	23	30									26.8		17.1			
2026	8	20	23	20									26.8		15.6			
2026	8	20	23	10									25.9		18.5			
2026	8	20	23	0									26.2		16.5			
2026	8	20	22	50									26.1		18.4			
2026	8	20	22	40									25.7		17.9			
2026	8	20	22	30									25.6		18.1			
2026	8	20	22	20									25.8		18.1			
2026	8	20	22	10									25.1		17.1			
2026	8	20	21	50									24.7		18.3			
2026	8	20	21	40									24.5		18.6			
2026	8	20	21	30									24.5		16.7			
2026	8	20	21	20									24.7		16.9			
2026	8	20	21	0									23.8		19.4			
2026	8	20	20	50									24.7		17.7			
2026	8	20	20	40									23.9		18.3			
2026	8	20	20	30									23.0		19.1			
2026	8	20	20	20									22.8		18.7			
2026	8	20	20	10									22.4		17.9			
2026	8	20	20	0									22.3		16.7			
2026	8	20	19	40									21.8		17.1			
2026	8	20	19	20									21.4		16.3			
2026	8	20	19	10									21.6		16.4			
2026	8	20	19	0									21.1		16.1			
2026	8	20	18	50									20.8		16.5			
2026	8	20	18	40									20.5		16.5			
2026	8	20	18	30									20.1		16.2			
2026	8	20	18	20									20.3		16.1			
2026	8	20	18	10									19.4		17.0			
2026	8	20	18	0									19.5		17.5			
2026	8	20	17	50									19.4		17.3			
2026	8	20	17	40									19.0		17.3			
2026	8	20	17	30									18.8		17.3			
2026	8	20	17	20									18.4		17.8			
2026	8	20	17	10									18.2		17.8			
2026	8	20	17	0									18.1		17.7			
2026	8	20	16	50									17.8		17.8			
2026	8	20	16	40									17.3		17.3			
2026	8	20	16	30									17.0		17.0			
2026	8	20	16	20									16.9		16.9			
2026	8	20	16	10									16.7		16.7			
2026	8	20	16	0									16.5		16.5			
2026	8	20	15	40									16.3		16.3			
2026	8	20	15	30									16.1		16.1			
2026	8	20	15	20									15.9		15.9			
2026	8	20	15	10									16.0		16.0			
2026	8	20	14	50									15.7		15.7			
2026	8	20	14	40									15.9		15.9			
2026	8	20	14	30									15.8		15.8			
2026	8	20	14	20									15.7		15.7			
2026	8	20	14	0									15.6		15.6			
2026	8	20	13	50									15.7		15.7			
2026	8	20	13	40									15.8		15.8			
2026	8	20	13	30									15.8		15.8			
2026	8	20	13	10									16.0		16.0			
2026	8	20	13	0									16.0		16.0			
2026	8	20	12	50									16.3		16.3			
2026	8	20	12	40									16.3		16.3			
2026	8	20	12	30									16.5		16.5			
2026	8	20	12	20									16.7		16.7			
2026	8	20	12	10									16.7		16.7			
2026	8	20	12	0									16.7		16.7			
2026	8	20	11	50									16.9		16.9			
2026	8	20	11	40									16.8		16.8			
2026	8	20	11	30									16.8		16.8			
2026	8	20	11	20									17.1		17.1			
2026	8	20	11	10									17.4		17.3			
2026	8	20	11	0									17.4		16.9			
2026	8	20	10	50									17.3		16.7			
2026	8	20	10	40									17.5		17.5			
2026	8	20	10	30									17.8		16.7			
2026	8	20	10	10									17.8		15.6			
2026	8	20	10	0									17.9		15.6			
2026	8	20	9	50									18.2		16.9			
2026	8	20	9	40									18.1		15.8			
2026	8	20	9	30									18.4		16.7			
2026	8	20	9	20									18.3		14.3			
2026	8	20	9	10									18.7		14.7			
2026	8	20	9	0									18.8		14.8			
2026	8	20	8	50									19.0		15.6			
2026	8	20	8	40									19.0		16.0			
2026	8	20	8	30									19.2		15.1			
2026	8	20	8	20									19.2		15.0			
2026	8	20	8	10									19.5		15.0			
2026	8	20	8	0									19.6		14.6			
2026	8	20	7	50									19.6		14.4			
2026	8	20	7	40									19.7		14.2			
2026	8	20	7	30									20.4		15.1			
2026	8	20	7	10									20.3		14.3			
2026	8	20	7	0									20.6		14.0			
2026	8	20	6	50									20.7		15.0			
2026	8	20	6	40									20.6		17.0			
2026	8	20	6	30									20.8		17.4			
2026	8	20	6	10									20.8		17.1			
2026	8	20	6	0									21.7		17.1			
2026	8	20	5	50									21.3		17.4			
2026	8	20	5	40									21.5		17.5			
2026	8	20	5	30									21.9		17.7			
2026	8	20	5	10									21.6		18.0			
2026	8	20	5	0									22.6		17.9			
2026	8	20	4	50									22.4		17.4			
2026	8	20	4	40									22.5		18.2			
2026	8	20	4	30									22.4		17.9			
2026	8	20	4	20									22.7		17.8			
2026	8	20	4	0									23.3		17.4			
2026	8	20	3	50									23.7		19.4			
2026	8	20	3	40									23.7		17.8			
2026	8	20	3	30									24.1		18.5			
2026	8	20	3	20									24.2		17.7			
2026	8	20	3	0									24.2		17.4			
2026	8	20	2	50									24.4		16.0			
2026	8	20	2	40									24.5		16.0			
2026	8	20	2	30									25.0		17.1			
2026	8	20	2	20									25.5		16.5			
2026	8	20	2	10									26.3		16.7			
2026	8	20	2	0									26.3		15.2			
2026	8	20	1	50									25.9		15.4			
2026	8	20	1	40									26.1		16.5			
2026	8	20	1	30									26.4		17.7			
2026	8	20	1	10									26.1		16.0			
2026	8	20	1	0									25.9		16.5			
2026	8	20	0	50									25.8		15.3			
2026	8	20	0	40									25.7		16.5			
2026	8	20	0	30									25.9		16.4			
2026	8	20	0	20									25.8		16.1			
2026	8	20	0	10									25.3		17.5			
2026	8	20	0	0									24.9		17.9			
2026	8	19	23	50									25.2		19.1			
2026	8	19	23	40									25.1		16.9			
2026	8	19	23	30									24.6		18.9			
2026	8	19	23	20									24.1		17.7			
2026	8	19	23	10									24.0		17.8			
2026	8	19	23	0									23.9		18.2			
2026	8	19	22	50									23.9		18.0			
2026	8	19	22	40									23.8		17.7			
2026	8	19	22	30									23.6		17.0			
2026	8	19	22	20									23.8		16.6			
2026	8	19	22	10									22.5		17.9			
2026	8	19	22	0									22.3		16.3			
2026	8	19	21	50									23.1		14.8			
2026	8	19	21	40									23.5		14.9			
2026	8	19	21	30									24.1		14.3			
2026	8	19	21	20									22.7		14.3			
2026	8	19	21	10									22.5		14.3			
2026	8	19	21	0									21.9		14.7			
2026	8	19	20	50									21.4		15.1			
2026	8	19	20	40									20.8		14.9			
2026	8	19	20	30									21.6		15.3			
2026	8	19	20	20									19.9		14.8			
2026	8	19	20	10									19.7		15.1			
2026	8	19	20	0									19.0		15.0			
2026	8	19	19	50									18.9		14.8			
2026	8	19	19	40									18.5		14.9			
2026	8	19	19	30									19.0		14.7			
2026	8	19	19	20									18.5		14.8			
2026	8	19	19	10									17.9		15.4			
2026	8	19	19	0									17.2		15.6			
2026	8	19	18	40									16.8		15.2			
2026	8	19	18	30									16.7		15.5			
2026	8	19	18	20									16.0		15.4			
2026	8	19	18	10									15.7		15.7			
2026	8	19	18	0									15.4		15.4			
2026	8	19	17	50									15.2		15.2			
2026	8	19	17	40									15.2		15.2			
2026	8	19	17	30									15.2		15.2			
2026	8	19	17	20									15.3		15.3			
2026	8	19	17	10									15.7		14.6			
2026	8	19	17	0									15.8		14.5			
2026	8	19	16	50									15.7		14.7			
2026	8	19	16	40									15.0		15.0			
2026	8	19	16	30									14.6		14.6			
2026	8	19	16	20									14.4		14.4			
2026	8	19	16	10									14.2		14.2			
2026	8	19	15	50									14.2		14.2			
2026	8	19	15	40									13.9		13.9			
2026	8	19	15	30									13.7		13.7			
2026	8	19	15	10									13.5		13.5			
2026	8	19	15	0									13.3		13.3			
2026	8	19	14	50									13.3		13.3			
2026	8	19	14	40									13.2		13.2			
2026	8	19	14	30									13.2		13.2			
2026	8	19	14	10									13.4		13.4			
2026	8	19	14	0									13.4		13.4			
2026	8	19	13	50									13.3		13.3			
2026	8	19	13	40									13.2		13.2			
2026	8	19	13	30									13.4		13.4			
2026	8	19	13	10									13.6		13.6			
2026	8	19	13	0									13.5		13.5			
2026	8	19	12	50									13.6		13.6			
2026	8	19	12	40									13.7		13.7			
2026	8	19	12	30									13.4		13.4			
2026	8	19	12	10									13.7		13.7			
2026	8	19	12	0									13.7		13.7			
2026	8	19	11	50									13.6		13.6			
2026	8	19	11	40									13.9		13.9			
2026	8	19	11	30									14.1		14.1			
2026	8	19	11	10									14.1		14.1			
2026	8	19	11	0									14.0		14.0			
2026	8	19	10	50									14.1		14.1			
2026	8	19	10	40									14.0		14.0			
2026	8	19	10	30									14.3		14.3			
2026	8	19	10	20									14.1		14.1			
2026	8	19	10	10									14.0		14.0			
2026	8	19	10	0									14.0		14.0			
2026	8	19	9	50									14.1		14.1			
2026	8	19	9	40									14.2		14.2			
2026	8	19	9	30									14.2		14.2			
2026	8	19	9	20									14.3		14.3			
2026	8	19	9	10									14.3		14.3			
2026	8	19	9	0									14.4		14.4			
2026	8	19	8	50									14.5		14.5			
2026	8	19	8	40									14.6		14.6			
2026	8	19	8	30									14.6		14.6			
2026	8	19	8	10									14.8		14.8			
2026	8	19	8	0									14.9		14.9			
2026	8	19	7	50									14.9		14.9			
2026	8	19	7	40									14.9		14.9			
2026	8	19	7	30									15.2		15.2			
2026	8	19	7	10									15.4		15.4			
2026	8	19	7	0									15.6		15.6			
2026	8	19	6	50									15.5		15.5			
2026	8	19	6	40									15.6		15.6			
2026	8	19	6	30									15.7		15.7			
2026	8	19	6	20									15.9		15.6			
2026	8	19	6	0									16.0		15.7			
2026	8	19	5	50									16.2		15.5			
2026	8	19	5	40									16.2		15.3			
2026	8	19	5	30									16.4		15.5			
2026	8	19	5	20									16.5		15.3			
2026	8	19	5	10									16.7		15.2			
2026	8	19	4	50									16.9		15.5			
2026	8	19	4	40									17.2		15.2			
2026	8	19	4	30									17.8		15.3			
2026	8	19	4	20									18.5		15.0			
2026	8	19	4	0									18.7		15.4			
2026	8	19	3	50									19.3		14.8			
2026	8	19	3	40									19.6		15.1			
2026	8	19	3	30									19.8		15.5			
2026	8	19	3	20									20.3		15.6			
2026	8	19	3	10									20.4		15.8			
2026	8	19	2	50									21.1		15.3			
2026	8	19	2	40									21.5		15.2			
2026	8	19	2	30									21.3		15.4			
2026	8	19	2	20									21.6		15.7			
2026	8	19	2	10									22.1		15.0			
2026	8	19	2	0									21.9		15.1			
2026	8	19	1	50									21.9		15.4			
2026	8	19	1	40									22.5		15.4			
2026	8	19	1	30									23.1		15.7			
2026	8	19	1	10									22.9		15.3			
2026	8	19	1	0									23.2		15.2			
2026	8	19	0	50									23.2		15.2			
2026	8	19	0	40									23.1		15.4			
2026	8	19	0	20									23.0		15.2			
2026	8	19	0	10									22.9		15.4			
2026	8	19	0	0									22.6		15.2			
2026	8	18	23	50									22.3		14.9			
2026	8	18	23	40									21.9		15.4			
2026	8	18	23	30									21.6		15.4			
2026	8	18	23	20									21.5		15.2			
2026	8	18	23	10									21.7		15.3			
2026	8	18	23	0									21.5		15.5			
2026	8	18	22	40									21.6		15.2			
2026	8	18	22	30									21.6		15.0			
2026	8	18	22	20									21.1		14.8			
2026	8	18	22	10									21.1		14.9			
2026	8	18	22	0									21.0		15.2			
2026	8	18	21	50									20.7		14.8			
2026	8	18	21	40									20.5		15.4			
2026	8	18	21	30									20.5		15.4			
2026	8	18	21	20									20.5		16.0			
2026	8	18	21	10									20.4		15.4			
2026	8	18	21	0									20.4		15.2			
2026	8	18	20	50									20.3		14.9			
2026	8	18	20	40									20.2		15.5			
2026	8	18	20	30									20.1		15.2			
2026	8	18	20	20									20.0		15.1			
2026	8	18	20	10									20.0		15.2			
2026	8	18	19	50									19.6		15.4			
2026	8	18	19	40									19.2		15.1			
2026	8	18	19	30									19.0		15.6			
2026	8	18	19	20									18.8		15.5			
2026	8	18	19	0									18.4		15.1			
2026	8	18	18	50									18.1		15.6			
2026	8	18	18	40									18.0		15.4			
2026	8	18	18	30									17.9		15.2			
2026	8	18	18	20									17.8		15.1			
2026	8	18	18	10									17.6		15.0			
2026	8	18	18	0									17.2		15.0			
2026	8	18	17	50									16.9		15.3			
2026	8	18	17	40									17.0		15.2			
2026	8	18	17	30									16.4		14.8			
2026	8	18	17	20									16.2		14.9			
2026	8	18	17	10									16.1		15.2			
2026	8	18	17	0									15.9		14.7			
2026	8	18	16	50									15.6		14.8			
2026	8	18	16	40									15.5		15.0			
2026	8	18	16	30									15.1		14.3			
2026	8	18	16	20									15.1		14.4			
2026	8	18	16	10									14.8		14.5			
2026	8	18	16	0									14.7		14.7			
2026	8	18	15	40									14.5		14.5			
2026	8	18	15	30									14.3		14.3			
2026	8	18	15	20									14.0		14.0			
2026	8	18	15	10									13.9		13.9			
2026	8	18	14	50									13.8		13.8			
2026	8	18	14	40									13.7		13.7			
2026	8	18	14	30									13.9		13.9			
2026	8	18	14	20									14.0		14.0			
2026	8	18	14	0									14.0		14.0			
2026	8	18	13	50									13.9		13.9			
2026	8	18	13	40									13.9		13.9			
2026	8	18	13	30									14.0		14.0			
2026	8	18	13	10									14.1		14.1			
2026	8	18	13	0									14.1		14.1			
2026	8	18	12	50									14.0		14.0			
2026	8	18	12	40									14.0		14.0			
2026	8	18	12	30									14.1		14.1			
2026	8	18	12	20									14.3		14.3			
2026	8	18	12	0									14.3		14.3			
2026	8	18	11	50									14.5		14.5			
2026	8	18	11	40									14.2		14.2			
2026	8	18	11	30									14.3		14.3			
2026	8	18	11	10									14.4		14.4			
2026	8	18	11	0									14.3		14.3			
2026	8	18	10	50									14.3		14.3			
2026	8	18	10	40									14.7		14.7			
2026	8	18	10	30									14.7		14.7			
2026	8	18	10	10									14.6		14.6			
2026	8	18	10	0									14.8		14.8			
2026	8	18	9	50									14.8		14.8			
2026	8	18	9	40									14.8		14.8			
2026	8	18	9	30									14.9		14.9			
2026	8	18	9	10									15.1		15.1			
2026	8	18	9	0									15.2		15.2			
2026	8	18	8	50									15.6		15.6			
2026	8	18	8	40									15.6		15.6			
2026	8	18	8	30									15.9		15.9			
2026	8	18	8	20									16.0		16.0			
2026	8	18	8	10									16.3		16.1			
2026	8	18	8	0									16.6		16.2			
2026	8	18	7	50									16.8		16.5			
2026	8	18	7	40									16.9		16.3			
2026	8	18	7	30									17.3		16.2			
2026	8	18	7	10									17.5		16.0			
2026	8	18	7	0									17.8		16.7			
2026	8	18	6	50									18.0		16.7			
2026	8	18	6	40									18.1		16.3			
2026	8	18	6	30									18.6		16.5			
2026	8	18	6	10									18.8		16.1			
2026	8	18	6	0									19.2		16.3			
2026	8	18	5	50									19.4		16.3			
2026	8	18	5	40									19.7		16.8			
2026	8	18	5	30									20.0		16.1			
2026	8	18	5	20									20.2		16.2			
2026	8	18	5	0									20.4		16.2			
2026	8	18	4	50									20.8		16.6			
2026	8	18	4	40									21.1		16.4			
2026	8	18	4	30									21.3		15.8			
2026	8	18	4	20									21.7		16.3			
2026	8	18	4	0									22.0		16.3			
2026	8	18	3	50									22.2		15.5			
2026	8	18	3	40									22.8		16.5			
2026	8	18	3	30									23.2		15.7			
2026	8	18	3	20									23.7		15.8			
2026	8	18	3	0									23.8		16.2			
2026	8	18	2	50									24.2		16.6			
2026	8	18	2	40									24.6		16.2			
2026	8	18	2	30									25.1		17.0			
2026	8	18	2	20									25.5		16.5			
2026	8	18	2	10									25.8		16.3			
2026	8	18	1	50									25.9		16.2			
2026	8	18	1	40									26.2		16.8			
2026	8	18	1	30									26.4		16.0			
2026	8	18	1	20									26.6		16.3			
2026	8	18	1	10									26.7		16.1			
2026	8	18	1	0									26.7		16.7			
2026	8	18	0	50									26.8		15.9			
2026	8	18	0	40									25.7		16.5			
2026	8	18	0	30									26.3		16.6			
2026	8	18	0	20									26.0		15.4			
2026	8	18	0	0									26.2		16.5			
2026	8	17	23	50									25.7		16.2			
2026	8	17	23	40									25.1		18.8			
2026	8	17	23	30									24.7		18.7			
2026	8	17	23	20									25.4		16.1			
2026	8	17	23	10									24.4		18.8			
2026	8	17	23	0									24.3		18.0			
2026	8	17	22	50									24.0		19.1			
2026	8	17	22	40									24.0		18.9			
2026	8	17	22	30									23.7		19.2			
2026	8	17	22	20									23.6		18.4			
2026	8	17	22	10									23.0		18.2			
2026	8	17	22	0									23.3		17.5			
2026	8	17	21	50									22.8		16.5			
2026	8	17	21	40									22.6		17.8			
2026	8	17	21	30									22.7		17.2			
2026	8	17	21	20									22.3		17.5			
2026	8	17	21	10									22.4		16.7			
2026	8	17	21	0									22.1		16.9			
2026	8	17	20	50									22.2		16.7			
2026	8	17	20	40									21.2		18.4			
2026	8	17	20	30									20.9		18.1			
2026	8	17	20	20									20.6		17.5			
2026	8	17	20	10									20.3		17.0			
2026	8	17	20	0									20.0		17.0			
2026	8	17	19	50									19.8		16.7			
2026	8	17	19	40									19.5		16.7			
2026	8	17	19	30									18.9		16.1			
2026	8	17	19	20									18.5		16.6			
2026	8	17	19	0									18.2		16.5			
2026	8	17	18	50									17.8		16.6			
2026	8	17	18	40									17.4		16.9			
2026	8	17	18	30									17.0		17.0			
2026	8	17	18	20									16.4		16.4			
2026	8	17	18	10									16.1		16.1			
2026	8	17	18	0									15.9		15.9			
2026	8	17	17	50									15.7		15.7			
2026	8	17	17	40									15.7		15.7			
2026	8	17	17	30									15.6		15.6			
2026	8	17	17	20									15.5		15.5			
2026	8	17	17	10									15.6		15.6			
2026	8	17	17	0									15.7		15.6			
2026	8	17	16	50									15.7		15.7			
2026	8	17	16	40									15.3		15.3			
2026	8	17	16	30									14.6		14.6			
2026	8	17	16	20									14.2		14.2			
2026	8	17	16	10									13.8		13.8			
2026	8	17	16	0									13.7		13.7			
2026	8	17	15	50									13.3		13.3			
2026	8	17	15	40									13.3		13.3			
2026	8	17	15	30									13.5		13.5			
2026	8	17	15	10									13.2		13.2			
2026	8	17	15	0									13.2		13.2			
2026	8	17	14	50									13.0		13.0			
2026	8	17	14	40									12.8		12.8			
2026	8	17	14	30									12.7		12.7			
2026	8	17	14	20									12.7		12.7			
2026	8	17	14	0									13.0		13.0			
2026	8	17	13	50									12.8		12.8			
2026	8	17	13	40									13.1		13.1			
2026	8	17	13	30									13.2		13.2			
2026	8	17	13	10									13.1		13.1			
2026	8	17	13	0									13.2		13.2			
2026	8	17	12	50									13.2		13.2			
2026	8	17	12	40									13.3		13.3			
2026	8	17	12	30									13.4		13.4			
2026	8	17	12	10									13.5		13.5			
2026	8	17	12	0									13.6		13.6			
2026	8	17	11	50									13.8		13.8			
2026	8	17	11	40									13.8		13.8			
2026	8	17	11	30									13.9		13.9			
2026	8	17	11	10									14.1		14.1			
2026	8	17	11	0									14.2		14.2			
2026	8	17	10	50									14.2		14.2			
2026	8	17	10	40									14.5		14.5			
2026	8	17	10	30									14.6		14.6			
2026	8	17	10	20									14.7		14.7			
2026	8	17	10	10									14.6		14.6			
2026	8	17	10	0									14.8		14.8			
2026	8	17	9	50									14.8		14.8			
2026	8	17	9	40									15.0		15.0			
2026	8	17	9	30									15.1		15.1			
2026	8	17	9	10									15.1		15.1			
2026	8	17	9	0									15.2		15.2			
2026	8	17	8	50									15.2		15.2			
2026	8	17	8	40									15.4		15.4			
2026	8	17	8	30									15.6		15.6			
2026	8	17	8	10									15.7		15.7			
2026	8	17	8	0									16.0		16.0			
2026	8	17	7	50									15.9		15.9			
2026	8	17	7	40									16.1		16.1			
2026	8	17	7	30									16.3		16.0			
2026	8	17	7	10									16.4		15.8			
2026	8	17	7	0									16.6		16.0			
2026	8	17	6	50									16.8		16.1			
2026	8	17	6	40									17.0		16.0			
2026	8	17	6	30									17.3		16.2			
2026	8	17	6	20									17.3		15.9			
2026	8	17	6	0									17.4		16.1			
2026	8	17	5	50									17.4		16.1			
2026	8	17	5	40									17.5		16.2			
2026	8	17	5	30									17.9		16.7			
2026	8	17	5	20									18.0		16.4			
2026	8	17	5	0									18.5		16.3			
2026	8	17	4	50									18.8		16.4			
2026	8	17	4	40									18.9		16.5			
2026	8	17	4	30									19.2		15.9			
2026	8	17	4	20									19.4		16.2			
2026	8	17	4	0									19.5		16.0			
2026	8	17	3	50									19.8		16.5			
2026	8	17	3	40									19.9		16.3			
2026	8	17	3	30									20.3		16.0			
2026	8	17	3	20									20.5		16.0			
2026	8	17	3	10									20.7		15.7			
2026	8	17	2	50									21.1		15.6			
2026	8	17	2	40									21.1		15.6			
2026	8	17	2	30									21.7		15.2			
2026	8	17	2	20									21.8		15.6			
2026	8	17	2	10									22.0		15.3			
2026	8	17	1	50									22.0		15.8			
2026	8	17	1	40									22.2		15.5			
2026	8	17	1	30									22.3		15.0			
2026	8	17	1	20									22.3		15.1			
2026	8	17	1	10									22.7		14.9			
2026	8	17	1	0									22.3		15.1			
2026	8	17	0	50									22.3		15.4			
2026	8	17	0	40									22.5		15.4			
2026	8	17	0	20									22.7		15.4			
2026	8	17	0	10									22.5		15.4			
2026	8	17	0	0									22.6		15.4			
2026	8	16	23	50									22.9		15.1			
2026	8	16	23	40									22.6		14.9			
2026	8	16	23	30									22.5		14.7			
2026	8	16	23	20									22.4		15.0			
2026	8	16	23	10									21.8		15.4			
2026	8	16	23	0									21.9		16.0			
2026	8	16	22	50									21.8		14.6			
2026	8	16	22	40									21.6		14.6			
2026	8	16	22	30									21.7		15.7			
2026	8	16	22	20									21.7		14.4			
2026	8	16	22	10									21.0		14.9			
2026	8	16	22	0									20.8		15.6			
2026	8	16	21	50									20.1		15.6			
2026	8	16	21	40									20.8		14.4			
2026	8	16	21	30									19.7		15.9			
2026	8	16	21	10									19.3		15.5			
2026	8	16	21	0									19.9		14.8			
2026	8	16	20	50									19.4		15.9			
2026	8	16	20	40									19.3		15.2			
2026	8	16	20	30									19.0		14.5			
2026	8	16	20	20									19.2		15.1			
2026	8	16	20	10									19.5		14.2			
2026	8	16	20	0									19.1		15.1			
2026	8	16	19	50									18.3		14.9			
2026	8	16	19	40									18.0		15.0			
2026	8	16	19	30									17.9		14.5			
2026	8	16	19	20									17.7		14.0			
2026	8	16	19	10									17.9		14.4			
2026	8	16	19	0									17.7		14.0			
2026	8	16	18	40									17.6		13.9			
2026	8	16	18	30									17.3		14.1			
2026	8	16	18	20									17.2		14.1			
2026	8	16	18	10									16.9		14.1			
2026	8	16	18	0									17.0		14.7			
2026	8	16	17	50									16.8		14.2			
2026	8	16	17	40									16.7		14.4			
2026	8	16	17	30									16.6		14.3			
2026	8	16	17	20									16.4		14.1			
2026	8	16	17	10									16.2		14.5			
2026	8	16	17	0									15.9		14.5			
2026	8	16	16	50									15.6		14.5			
2026	8	16	16	40									15.5		14.8			
2026	8	16	16	30									15.3		14.6			
2026	8	16	16	20									15.3		14.8			
2026	8	16	16	10									15.2		14.9			
2026	8	16	16	0									15.1		14.6			
2026	8	16	15	50									15.0		14.8			
2026	8	16	15	40									15.0		15.0			
2026	8	16	15	30									14.9		14.9			
2026	8	16	15	20									14.8		14.8			
2026	8	16	15	0									14.7		14.7			
2026	8	16	14	50									14.8		14.8			
2026	8	16	14	40									14.7		14.7			
2026	8	16	14	30									14.6		14.6			
2026	8	16	14	10									14.6		14.6			
2026	8	16	14	0									14.4		14.4			
2026	8	16	13	50									14.5		14.5			
2026	8	16	13	40									14.5		14.5			
2026	8	16	13	30									14.5		14.5			
2026	8	16	13	10									14.6		14.6			
2026	8	16	13	0									14.6		14.6			
2026	8	16	12	50									14.7		14.7			
2026	8	16	12	40									14.8		14.8			
2026	8	16	12	30									14.8		14.8			
2026	8	16	12	10									14.8		14.8			
2026	8	16	12	0									14.8		14.8			
2026	8	16	11	50									14.9		14.9			
2026	8	16	11	40									14.9		14.9			
2026	8	16	11	30									14.8		14.8			
2026	8	16	11	20									14.9		14.9			
2026	8	16	11	10									14.9		14.9			
2026	8	16	11	0									15.0		15.0			
2026	8	16	10	50									15.0		15.0			
2026	8	16	10	40									14.9		14.9			
2026	8	16	10	30									15.0		15.0			
2026	8	16	10	10									14.9		14.9			
2026	8	16	10	0									15.0		15.0			
2026	8	16	9	50									15.0		15.0			
2026	8	16	9	40									15.0		15.0			
2026	8	16	9	30									15.0		15.0			
2026	8	16	9	10									15.2		15.2			
2026	8	16	9	0									15.1		15.1			
2026	8	16	8	50									15.1		15.1			
2026	8	16	8	40									15.3		15.3			
2026	8	16	8	30									15.2		15.2			
2026	8	16	8	20									15.2		15.2			
2026	8	16	8	0									15.3		15.3			
2026	8	16	7	50									15.2		15.2			
2026	8	16	7	40									15.2		15.2			
2026	8	16	7	30									15.4		15.4			
2026	8	16	7	20									15.4		15.4			
2026	8	16	7	0									15.4		15.4			
2026	8	16	6	50									15.5		15.4			
2026	8	16	6	40									15.7		15.6			
2026	8	16	6	30									15.7		15.2			
2026	8	16	6	20									15.8		15.1			
2026	8	16	6	0									15.8		14.8			
2026	8	16	5	50									15.9		14.8			
2026	8	16	5	40									16.1		14.9			
2026	8	16	5	30									16.2		14.8			
2026	8	16	5	20									16.3		14.5			
2026	8	16	5	10									16.4		14.4			
2026	8	16	4	50									16.5		14.4			
2026	8	16	4	40									16.7		14.5			
2026	8	16	4	30									16.8		14.6			
2026	8	16	4	20									16.9		14.4			
2026	8	16	4	10									17.0		14.4			
2026	8	16	4	0									17.1		14.5			
2026	8	16	3	50									17.4		14.8			
2026	8	16	3	40									17.5		14.4			
2026	8	16	3	30									17.7		14.4			
2026	8	16	3	10									17.9		14.5			
2026	8	16	3	0									18.2		14.3			
2026	8	16	2	50									18.3		14.4			
2026	8	16	2	40									18.5		14.3			
2026	8	16	2	30									18.8		14.5			
2026	8	16	2	20									19.2		14.6			
2026	8	16	2	10									19.4		14.4			
2026	8	16	2	0									19.4		14.4			
2026	8	16	1	50									19.5		14.5			
2026	8	16	1	40									19.7		14.8			
2026	8	16	1	20									19.5		15.1			
2026	8	16	1	10									19.8		14.9			
2026	8	16	1	0									20.0		14.6			
2026	8	16	0	50									19.9		14.7			
2026	8	16	0	40									20.2		14.9			
2026	8	16	0	30									20.6		14.9			
2026	8	16	0	10									20.7		14.9			
2026	8	16	0	0									20.9		14.7			
2026	8	15	23	50									20.8		14.8			
2026	8	15	23	40									20.7		14.9			
2026	8	15	23	30									20.9		15.4			
2026	8	15	23	20									20.7		15.0			
2026	8	15	23	10									20.7		15.1			
2026	8	15	23	0									21.0		14.8			
2026	8	15	22	50									21.2		14.5			
2026	8	15	22	40									21.3		14.0			
2026	8	15	22	30									21.3		14.3			
2026	8	15	22	10									21.2		14.0			
2026	8	15	22	0									21.3		14.5			
2026	8	15	21	50									21.3		14.0			
2026	8	15	21	40									21.3		13.5			
2026	8	15	21	30									21.3		14.4			
2026	8	15	21	20									21.2		13.6			
2026	8	15	21	0									21.2		13.9			
2026	8	15	20	50									21.1		13.5			
2026	8	15	20	40									20.7		13.7			
2026	8	15	20	30									20.4		14.6			
2026	8	15	20	10									20.3		13.9			
2026	8	15	20	0									20.2		13.9			
2026	8	15	19	50									19.8		13.8			
2026	8	15	19	40									19.5		14.0			
2026	8	15	19	30									18.9		14.6			
2026	8	15	19	10									18.9		14.6			
2026	8	15	19	0									18.9		14.7			
2026	8	15	18	50									18.7		14.4			
2026	8	15	18	40									18.3		14.5			
2026	8	15	18	30									18.1		14.4			
2026	8	15	18	20									17.9		14.9			
2026	8	15	18	10									17.6		14.6			
2026	8	15	18	0									17.6		14.8			
2026	8	15	17	50									17.2		14.9			
2026	8	15	17	40									17.1		14.8			
2026	8	15	17	30									16.7		15.0			
2026	8	15	17	20									16.5		15.2			
2026	8	15	17	10									16.2		15.5			
2026	8	15	17	0									16.0		15.7			
2026	8	15	16	50									15.7		15.7			
2026	8	15	16	40									15.4		15.4			
2026	8	15	16	30									15.3		15.3			
2026	8	15	16	20									15.3		15.3			
2026	8	15	16	10									15.1		15.1			
2026	8	15	16	0									15.0		15.0			
2026	8	15	15	50									14.9		14.9			
2026	8	15	15	40									14.8		14.8			
2026	8	15	15	30									14.9		14.9			
2026	8	15	15	20									14.7		14.7			
2026	8	15	15	10									14.7		14.7			
2026	8	15	15	0									14.9		14.9			
2026	8	15	14	50									14.8		14.8			
2026	8	15	14	40									14.8		14.8			
2026	8	15	14	30									14.7		14.7			
2026	8	15	14	20									14.6		14.6			
2026	8	15	14	10									14.6		14.6			
2026	8	15	13	50									14.7		14.7			
2026	8	15	13	40									14.6		14.6			
2026	8	15	13	30									14.7		14.7			
2026	8	15	13	20									14.7		14.7			
2026	8	15	13	0									14.8		14.8			
2026	8	15	12	50									14.8		14.8			
2026	8	15	12	40									14.8		14.8			
2026	8	15	12	30									14.9		14.9			
2026	8	15	12	10									14.8		14.8			
2026	8	15	12	0									15.0		15.0			
2026	8	15	11	50									14.8		14.8			
2026	8	15	11	40									14.9		14.9			
2026	8	15	11	30									14.9		14.9			
2026	8	15	11	10									14.9		14.9			
2026	8	15	11	0									14.8		14.8			
2026	8	15	10	50									14.8		14.8			
2026	8	15	10	40									14.8		14.8			
2026	8	15	10	30									14.8		14.8			
2026	8	15	10	20									14.7		14.7			
2026	8	15	10	10									14.8		14.8			
2026	8	15	10	0									14.9		14.9			
2026	8	15	9	50									14.8		14.8			
2026	8	15	9	40									14.9		14.9			
2026	8	15	9	30									14.9		14.9			
2026	8	15	9	10									14.9		14.9			
2026	8	15	9	0									15.0		15.0			
2026	8	15	8	50									15.0		15.0			
2026	8	15	8	40									15.0		15.0			
2026	8	15	8	30									15.1		15.1			
2026	8	15	8	20									15.1		15.1			
2026	8	15	8	10									15.3		15.3			
2026	8	15	8	0									15.3		15.3			
2026	8	15	7	50									15.4		15.4			
2026	8	15	7	40									15.4		15.4			
2026	8	15	7	30									15.4		15.4			
2026	8	15	7	20									15.6		15.6			
2026	8	15	7	10									15.6		15.6			
2026	8	15	7	0									15.7		15.7			
2026	8	15	6	50									15.8		15.8			
2026	8	15	6	40									15.8		15.8			
2026	8	15	6	30									16.0		15.9			
2026	8	15	6	20									16.2		15.9			
2026	8	15	6	10									16.3		15.8			
2026	8	15	5	50									16.4		15.9			
2026	8	15	5	40									16.5		15.8			
2026	8	15	5	30									16.6		15.7			
2026	8	15	5	20									16.7		15.7			
2026	8	15	5	10									16.9		15.6			
2026	8	15	5	0									16.9		15.2			
2026	8	15	4	50									17.1		15.4			
2026	8	15	4	40									17.2		15.5			
2026	8	15	4	30									17.3		15.4			
2026	8	15	4	20									17.4		15.4			
2026	8	15	4	10									17.6		15.5			
2026	8	15	4	0									17.7		15.4			
2026	8	15	3	50									17.9		15.6			
2026	8	15	3	40									18.1		15.3			
2026	8	15	3	30									18.2		15.6			
2026	8	15	3	20									18.4		15.4			
2026	8	15	3	10									18.6		15.7			
2026	8	15	3	0									18.8		15.3			
2026	8	15	2	50									19.2		15.5			
2026	8	15	2	40									19.7		15.6			
2026	8	15	2	30									19.8		15.7			
2026	8	15	2	20									20.0		15.7			
2026	8	15	2	10									20.3		15.6			
2026	8	15	2	0									20.3		15.9			
2026	8	15	1	50									20.7		15.8			
2026	8	15	1	40									20.8		16.1			
2026	8	15	1	30									20.5		15.8			
2026	8	15	1	20									21.2		15.5			
2026	8	15	1	10									21.5		15.2			
2026	8	15	1	0									21.8		15.2			
2026	8	15	0	50									21.9		15.1			
2026	8	15	0	40									21.8		15.6			
2026	8	15	0	30									22.1		15.4			
2026	8	15	0	20									21.8		15.8			
2026	8	15	0	10									22.3		15.2			
2026	8	14	23	50									22.2		15.3			
2026	8	14	23	40									22.4		15.3			
2026	8	14	23	30									22.3		15.4			
2026	8	14	23	20									22.2		15.4			
2026	8	14	23	10									22.2		15.5			
2026	8	14	22	50									21.9		15.2			
2026	8	14	22	40									22.6		15.5			
2026	8	14	22	30									22.0		15.8			
2026	8	14	22	10									22.3		15.8			
2026	8	14	22	0									22.4		14.9			
2026	8	14	21	50									22.4		15.7			
2026	8	14	21	40									22.2		15.5			
2026	8	14	21	30									22.5		15.2			
2026	8	14	21	20									22.2		14.9			
2026	8	14	21	10									21.8		14.9			
2026	8	14	21	0									21.8		15.0			
2026	8	14	20	50									21.6		15.4			
2026	8	14	20	40									21.3		15.1			
2026	8	14	20	30									21.1		15.1			
2026	8	14	20	20									21.0		15.8			
2026	8	14	20	10									19.7		16.2			
2026	8	14	20	0									19.4		15.2			
2026	8	14	19	50									19.0		15.4			
2026	8	14	19	40									18.4		15.9			
2026	8	14	19	30									18.1		15.4			
2026	8	14	19	20									17.6		15.4			
2026	8	14	19	0									17.6		15.6			
2026	8	14	18	50									17.3		15.5			
2026	8	14	18	40									17.1		15.3			
2026	8	14	18	30									17.6		15.1			
2026	8	14	18	20									17.2		14.6			
2026	8	14	18	10									16.7		14.7			
2026	8	14	18	0									16.3		14.7			
2026	8	14	17	50									15.9		14.7			
2026	8	14	17	40									15.5		14.7			
2026	8	14	17	30									15.4		15.1			
2026	8	14	17	20									15.4		15.1			
2026	8	14	17	10									14.8		14.8			
2026	8	14	17	0									14.7		14.7			
2026	8	14	16	50									14.6		14.6			
2026	8	14	16	30									14.3		14.3			
2026	8	14	16	20									14.1		14.1			
2026	8	14	16	10									14.0		14.0			
2026	8	14	16	0									14.0		14.0			
2026	8	14	15	40									13.7		13.7			
2026	8	14	15	30									13.6		13.6			
2026	8	14	15	20									13.6		13.6			
2026	8	14	15	10									13.6		13.6			
2026	8	14	14	50									13.5		13.5			
2026	8	14	14	40									13.4		13.4			
2026	8	14	14	30									13.2		13.2			
2026	8	14	14	20									13.4		13.4			
2026	8	14	14	0									13.3		13.3			
2026	8	14	13	50									13.5		13.5			
2026	8	14	13	40									13.5		13.5			
2026	8	14	13	30									13.5		13.5			
2026	8	14	13	20									13.4		13.4			
2026	8	14	13	0									13.6		13.6			
2026	8	14	12	50									13.7		13.7			
2026	8	14	12	40									13.7		13.7			
2026	8	14	12	30									13.9		13.9			
2026	8	14	12	20									14.0		14.0			
2026	8	14	12	0									13.9		13.9			
2026	8	14	11	50									14.0		14.0			
2026	8	14	11	40									14.1		14.1			
2026	8	14	11	30									14.3		14.3			
2026	8	14	11	10									14.3		14.3			
2026	8	14	11	0									14.3		14.3			
2026	8	14	10	50									14.6		14.6			
2026	8	14	10	40									14.5		14.5			
2026	8	14	10	30									14.7		14.7			
2026	8	14	10	10									14.6		14.6			
2026	8	14	10	0									14.9		14.9			
2026	8	14	9	50									15.0		15.0			
2026	8	14	9	40									15.1		15.1			
2026	8	14	9	30									15.3		15.3			
2026	8	14	9	20									15.4		15.4			
2026	8	14	9	10									15.6		15.6			
2026	8	14	9	0									15.8		15.8			
2026	8	14	8	50									15.9		15.9			
2026	8	14	8	40									16.3		16.3			
2026	8	14	8	30									16.7		16.7			
2026	8	14	8	10									16.8		16.8			
2026	8	14	8	0									17.0		16.9			
2026	8	14	7	50									17.1		16.9			
2026	8	14	7	40									17.3		17.2			
2026	8	14	7	30									17.5		17.0			
2026	8	14	7	10									17.5		16.9			
2026	8	14	7	0									17.7		16.8			
2026	8	14	6	50									17.8		16.9			
2026	8	14	6	40									18.0		17.0			
2026	8	14	6	30									18.3		16.8			
2026	8	14	6	20									18.4		17.1			
2026	8	14	6	0									18.6		16.8			
2026	8	14	5	50									18.5		16.6			
2026	8	14	5	40									18.8		16.8			
2026	8	14	5	30									19.3		16.5			
2026	8	14	5	20									19.4		16.4			
2026	8	14	5	0									19.8		16.8			
2026	8	14	4	50									19.9		16.5			
2026	8	14	4	40									20.0		16.5			
2026	8	14	4	30									20.3		17.1			
2026	8	14	4	20									20.3		16.5			
2026	8	14	4	0									20.7		16.6			
2026	8	14	3	50									21.1		16.8			
2026	8	14	3	40									21.6		16.1			
2026	8	14	3	30									21.9		16.3			
2026	8	14	3	20									22.4		16.3			
2026	8	14	3	10									22.7		15.7			
2026	8	14	3	0									23.0		15.8			
2026	8	14	2	40									23.1		16.1			
2026	8	14	2	30									23.2		15.9			
2026	8	14	2	20									23.7		15.5			
2026	8	14	2	10									23.3		16.5			
2026	8	14	2	0									23.8		16.0			
2026	8	14	1	50									24.2		15.7			
2026	8	14	1	40									24.4		16.1			
2026	8	14	1	30									24.5		15.9			
2026	8	14	1	20									24.6		15.6			
2026	8	14	1	10									25.6		15.6			
2026	8	14	1	0									25.4		15.3			
2026	8	14	0	50									25.9		15.1			
2026	8	14	0	40									25.7		14.6			
2026	8	14	0	30									25.3		15.5			
2026	8	14	0	10									26.1		14.9			
2026	8	14	0	0									25.9		15.0			
2026	8	13	23	50									25.4		14.4			
2026	8	13	23	40									26.0		14.4			
2026	8	13	23	30									25.7		14.5			
2026	8	13	23	20									25.7		14.5			
2026	8	13	23	0									25.4		14.7			
2026	8	13	22	50									25.3		15.0			
2026	8	13	22	40									24.2		15.9			
2026	8	13	22	30									23.4		15.7			
2026	8	13	22	10									22.5		17.4			
2026	8	13	22	0									22.7		16.9			
2026	8	13	21	50									22.3		17.4			
2026	8	13	21	40									22.1		16.1			
2026	8	13	21	30									21.9		15.3			
2026	8	13	21	20									21.7		15.1			
2026	8	13	21	0									21.3		15.5			
2026	8	13	20	50									20.8		15.9			
2026	8	13	20	40									20.7		16.2			
2026	8	13	20	30									20.9		15.5			
2026	8	13	20	20									19.8		15.4			
2026	8	13	20	0									20.2		15.8			
2026	8	13	19	50									19.7		15.7			
2026	8	13	19	40									19.5		16.0			
2026	8	13	19	30									19.8		15.6			
2026	8	13	19	20									19.6		15.9			
2026	8	13	19	0									18.9		16.0			
2026	8	13	18	50									18.3		16.0			
2026	8	13	18	40									18.4		15.8			
2026	8	13	18	30									17.2		15.9			
2026	8	13	18	10									16.8		15.7			
2026	8	13	18	0									16.7		16.1			
2026	8	13	17	50									16.5		15.8			
2026	8	13	17	40									16.5		15.6			
2026	8	13	17	30									16.3		16.1			
2026	8	13	17	10									16.3		15.3			
2026	8	13	17	0									15.8		15.8			
2026	8	13	16	50									14.9		14.9			
2026	8	13	16	40									14.6		14.6			
2026	8	13	16	30									14.3		14.3			
2026	8	13	16	20									14.3		14.3			
2026	8	13	16	10									14.1		14.1			
2026	8	13	16	0									14.2		14.2			
2026	8	13	15	50									14.0		14.0			
2026	8	13	15	40									14.0		14.0			
2026	8	13	15	30									13.9		13.9			
2026	8	13	15	20									13.8		13.8			
2026	8	13	15	10									13.8		13.8			
2026	8	13	15	0									13.7		13.7			
2026	8	13	14	50									13.6		13.6			
2026	8	13	14	40									13.6		13.6			
2026	8	13	14	30									13.8		13.8			
2026	8	13	14	10									13.6		13.6			
2026	8	13	14	0									13.6		13.6			
2026	8	13	13	50									13.6		13.6			
2026	8	13	13	40									13.7		13.7			
2026	8	13	13	30									13.7		13.7			
2026	8	13	13	10									13.7		13.7			
2026	8	13	13	0									13.8		13.8			
2026	8	13	12	50									13.9		13.9			
2026	8	13	12	40									13.9		13.9			
2026	8	13	12	30									14.0		14.0			
2026	8	13	12	10									14.1		14.1			
2026	8	13	12	0									14.3		14.3			
2026	8	13	11	50									14.3		14.3			
2026	8	13	11	40									14.4		14.4			
2026	8	13	11	30									14.5		14.5			
2026	8	13	11	20									14.6		14.6			
2026	8	13	11	0									14.7		14.7			
2026	8	13	10	50									14.6		14.6			
2026	8	13	10	40									14.8		14.8			
2026	8	13	10	30									15.0		15.0			
2026	8	13	10	10									15.0		15.0			
2026	8	13	10	0									15.2		15.2			
2026	8	13	9	50									15.2		15.2			
2026	8	13	9	40									15.3		15.3			
2026	8	13	9	30									15.4		15.4			
2026	8	13	9	10									15.5		15.5			
2026	8	13	9	0									15.5		15.5			
2026	8	13	8	50									15.6		15.6			
2026	8	13	8	40									15.7		15.7			
2026	8	13	8	30									15.9		15.9			
2026	8	13	8	10									15.9		15.8			
2026	8	13	8	0									16.0		15.9			
2026	8	13	7	50									16.1		15.8			
2026	8	13	7	40									16.2		15.6			
2026	8	13	7	30									16.4		15.6			
2026	8	13	7	20									16.6		15.7			
2026	8	13	7	10									16.8		15.7			
2026	8	13	7	0									16.8		15.6			
2026	8	13	6	50									17.0		15.6			
2026	8	13	6	40									17.1		15.6			
2026	8	13	6	30									17.5		15.7			
2026	8	13	6	10									17.8		16.0			
2026	8	13	6	0									18.0		15.7			
2026	8	13	5	50									18.2		15.6			
2026	8	13	5	40									18.4		15.8			
2026	8	13	5	30									18.8		15.7			
2026	8	13	5	20									19.0		15.6			
2026	8	13	5	0									19.3		15.5			
2026	8	13	4	50									19.5		15.4			
2026	8	13	4	40									19.9		15.8			
2026	8	13	4	30									20.3		15.6			
2026	8	13	4	20									20.5		15.9			
2026	8	13	4	0									21.0		16.6			
2026	8	13	3	50									21.4		16.1			
2026	8	13	3	40									21.8		15.8			
2026	8	13	3	30									22.1		15.2			
2026	8	13	3	20									22.5		15.3			
2026	8	13	3	0									22.8		15.1			
2026	8	13	2	50									23.0		15.8			
2026	8	13	2	40									23.2		15.2			
2026	8	13	2	30									23.6		15.8			
2026	8	13	2	20									23.8		15.9			
2026	8	13	2	0									24.0		16.2			
2026	8	13	1	50									24.2		15.8			
2026	8	13	1	40									24.5		15.8			
2026	8	13	1	30									24.7		15.9			
2026	8	13	1	20									24.8		16.4			
2026	8	13	1	10									24.7		16.4			
2026	8	13	1	0									24.5		15.9			
2026	8	13	0	40									24.6		16.0			
2026	8	13	0	30									24.5		16.4			
2026	8	13	0	20									24.4		16.1			
2026	8	13	0	10									24.5		15.6			
2026	8	13	0	0									24.5		15.8			
2026	8	12	23	50									24.3		15.5			
2026	8	12	23	40									24.7		15.2			
2026	8	12	23	30									24.9		14.9			
2026	8	12	23	20									24.7		15.0			
2026	8	12	23	10									24.7		14.9			
2026	8	12	23	0									24.4		15.4			
2026	8	12	22	50									24.5		15.8			
2026	8	12	22	40									24.4		14.9			
2026	8	12	22	30									24.3		14.5			
2026	8	12	22	20									24.3		14.4			
2026	8	12	22	10									24.2		15.2			
2026	8	12	22	0									24.1		15.2			
2026	8	12	21	50									23.7		15.3			
2026	8	12	21	40									23.5		15.5			
2026	8	12	21	30									23.0		15.9			
2026	8	12	21	20									22.9		15.7			
2026	8	12	21	10									23.0		15.8			
2026	8	12	21	0									22.4		16.4			
2026	8	12	20	50									22.6		16.9			
2026	8	12	20	40									22.6		16.4			
