YY	MM	DD	hh	mm	WDIR	WSPD	GST	WVHT	DPD	APD	MWD	PRES	ATMP	WTMP	DEWP	VIS	PTDY	TIDE
2026	9	24	18	30	40.0	4.0							14.8		9.1			
2026	9	24	18	20	50.0	5.0							14.7		9.0			
2026	9	24	18	10	40.0	4.0							14.6		9.0			
2026	9	24	18	0	40.0	4.0							14.5		9.0			
2026	9	24	17	50									14.4		9.0			
2026	9	24	17	40									14.4		9.1			
2026	9	24	17	30									14.3		9.2			
2026	9	24	17	20									14.1		9.4			
2026	9	24	17	10									13.9		9.8			
2026	9	24	17	0									13.6		9.9			
2026	9	24	16	50									13.4		9.9			
2026	9	24	13	30	40.0	5.0							12.9		9.4			
2026	9	24	13	20									12.9		9.3			
2026	9	24	13	10	50.0	3.0							12.9		9.1			
2026	9	24	13	0	30.0	5.0							12.9		8.9			
2026	9	24	12	50	30.0	2.0							13.1		8.9			
2026	9	24	12	40	40.0	3.0							13.0		8.5			
2026	9	24	12	30	50.0	4.0							12.8		8.2			
2026	9	24	12	20	40.0	3.0							12.9		8.1			
2026	9	24	12	10	50.0	3.0							12.8		7.9			
2026	9	24	12	0	60.0	4.0							12.8		7.8			
2026	9	24	11	50	70.0	4.0							12.8		7.9			
2026	9	24	11	40	60.0	3.0							12.8		7.8			
2026	9	24	11	30	50.0	3.0							13.1		8.0			
2026	9	24	11	20	50.0	2.0							13.0		8.1			
2026	9	24	11	10	30.0	3.0							13.1		8.2			
2026	9	24	11	0	40.0	4.0							13.1		8.3			
2026	9	24	10	50	50.0	4.0							13.2		8.5			
2026	9	24	10	40	20.0	4.0							13.1		8.5			
2026	9	24	10	30	10.0	3.0							13.1		8.5			
2026	9	24	10	20	30.0	4.0							13.2		8.7			
2026	9	24	10	10									13.2		8.7			
2026	9	24	10	0									13.3		8.7			
2026	9	24	9	50									13.1		8.6			
2026	9	24	9	40									13.1		8.6			
2026	9	24	9	30									13.2		8.8			
2026	9	24	9	20									13.3		8.9			
2026	9	24	9	10									13.3		9.1			
2026	9	24	9	0									13.3		8.9			
2026	9	24	8	50									13.3		8.9			
2026	9	24	8	40									13.3		8.7			
2026	9	24	8	30									13.4		8.7			
2026	9	24	8	20									13.5		8.8			
2026	9	24	8	10									13.3		8.7			
2026	9	24	8	0									13.5		8.9			
2026	9	24	7	50									13.8		9.1			
2026	9	24	7	40									13.7		9.0			
2026	9	24	7	30									13.8		9.3			
2026	9	24	7	20									13.6		9.5			
2026	9	24	7	10									13.4		9.5			
2026	9	24	7	0									12.7		8.7			
2026	9	24	6	50									12.5		8.3			
2026	9	24	6	40									12.6		8.2			
2026	9	24	6	30	20.0	3.0							12.8		8.1			
2026	9	24	6	20	310.0	2.0							12.6		7.5			
2026	9	24	6	10	350.0	1.0							13.3		7.7			
2026	9	24	5	30	30.0	4.0							14.4		7.9			
2026	9	24	5	20	30.0	4.0							14.4		7.8			
2026	9	24	5	10	30.0	5.0							14.6		8.0			
2026	9	24	5	0	40.0	4.0							14.7		8.0			
2026	9	24	4	50	30.0	5.0							14.8		8.1			
2026	9	24	4	40	40.0	6.0							14.9		8.3			
2026	9	24	4	30	40.0	5.0							14.9		8.3			
2026	9	24	4	20									14.9		8.2			
2026	9	24	4	10	30.0	6.0							15.1		8.4			
2026	9	24	4	0	40.0	6.0							15.1		8.5			
2026	9	24	3	50	40.0	6.0							15.2		8.6			
2026	9	24	3	40	40.0	6.0							15.2		8.7			
2026	9	24	3	30	50.0	6.0							15.3		8.8			
2026	9	24	3	20	50.0	5.0							15.4		8.9			
2026	9	24	3	10	30.0	4.0							15.6		9.0			
2026	9	24	3	0	50.0	6.0							15.6		9.2			
2026	9	24	2	50	50.0	7.0							15.8		9.8			
2026	9	24	2	40	50.0	5.0							16.0		10.0			
2026	9	24	2	30	50.0	5.0							16.1		10.2			
2026	9	24	2	20	50.0	5.0							16.3		10.5			
2026	9	24	2	10									16.5		10.4			
2026	9	24	2	0									16.5		10.2			
2026	9	24	1	50									16.8		9.9			
2026	9	24	1	40									17.2		9.2			
2026	9	24	1	30									18.0		8.3			
2026	9	24	1	20									18.4		7.2			
2026	9	24	1	10									19.0		6.9			
2026	9	24	1	0									18.7		7.0			
2026	9	24	0	50									18.4		7.5			
2026	9	24	0	40									18.5		7.1			
2026	9	24	0	30									19.0		7.2			
2026	9	24	0	20									18.8		6.9			
2026	9	24	0	10									18.6		7.3			
2026	9	24	0	0									18.6		7.3			
2026	9	23	23	50									18.5		7.2			
2026	9	23	23	40									18.7		7.6			
2026	9	23	23	30									18.5		7.6			
2026	9	23	23	20									18.6		7.7			
2026	9	23	23	10									18.7		8.4			
2026	9	23	23	0									18.3		9.5			
2026	9	23	22	50									18.0		10.0			
2026	9	23	22	40									17.7		10.7			
2026	9	23	22	30	130.0	4.0							17.7		11.0			
2026	9	23	22	20	120.0	2.0							16.9		11.1			
2026	9	23	22	10	160.0	3.0							17.3		11.1			
2026	9	23	22	0	150.0	3.0							17.1		11.5			
2026	9	23	21	50	140.0	3.0							16.6		11.8			
2026	9	23	21	40	130.0	4.0							16.7		11.8			
2026	9	23	21	30	130.0	5.0							16.6		11.7			
2026	9	23	21	20									16.7		11.7			
2026	9	23	21	10	140.0	4.0							16.6		11.5			
2026	9	23	21	0	140.0	3.0							16.6		11.5			
2026	9	23	20	50	150.0	3.0							16.5		11.4			
2026	9	23	20	40	150.0	3.0							16.6		11.2			
2026	9	23	20	30	160.0	2.0							17.1		11.8			
2026	9	23	20	20	140.0	1.0							16.8		11.7			
2026	9	23	20	10	220.0	2.0							16.4		11.4			
2026	9	23	20	0	210.0	2.0							16.3		11.4			
2026	9	23	19	50	220.0	2.0							16.2		11.2			
2026	9	23	19	40	220.0	2.0							16.0		11.1			
2026	9	23	19	30	210.0	2.0							16.0		11.1			
2026	9	23	19	20	240.0	4.0							16.0		11.2			
2026	9	23	19	10	230.0	3.0							15.7		11.3			
2026	9	23	19	0	240.0	4.0							15.6		11.6			
2026	9	23	18	50	240.0	2.0							15.6		12.0			
2026	9	23	18	40	270.0	2.0							15.5		12.0			
2026	9	23	18	30	260.0	3.0							15.3		12.2			
2026	9	23	18	20	270.0	3.0							15.1		12.5			
2026	9	23	18	10	210.0	1.0							15.1		12.8			
2026	9	23	18	0	220.0	2.0							14.9		13.0			
2026	9	23	17	50									14.9		13.2			
2026	9	23	17	40									14.7		13.3			
2026	9	23	17	30									14.5		13.4			
2026	9	23	17	20									14.3		13.2			
2026	9	23	17	10									14.1		13.2			
2026	9	23	17	0									13.9		13.2			
2026	9	23	16	50									13.7		13.1			
2026	9	23	16	40									13.5		13.1			
2026	9	23	16	30									13.4		13.0			
2026	9	23	16	20									13.3		12.9			
2026	9	23	16	10									13.4		13.0			
2026	9	23	16	0									13.2		12.8			
2026	9	23	15	50									13.1		12.5			
2026	9	23	15	40									13.1		12.4			
2026	9	23	15	30									12.9		12.1			
2026	9	23	15	20									12.8		11.8			
2026	9	23	15	10									12.9		11.7			
2026	9	23	15	0									13.0		11.7			
2026	9	23	14	50									13.1		11.7			
2026	9	23	14	40									13.2		11.8			
2026	9	23	14	30									13.1		11.9			
2026	9	23	14	20									13.1		11.8			
2026	9	23	14	10	220.0	1.0							13.0		11.8			
2026	9	23	14	0	300.0	1.0							13.1		12.0			
2026	9	23	13	50	220.0	2.0							13.0		11.8			
2026	9	23	13	40	210.0	1.0							13.0		11.9			
2026	9	23	13	30	200.0	3.0							12.9		11.8			
2026	9	23	13	20	210.0	1.0							12.8		11.8			
2026	9	23	13	10	220.0	2.0							12.8		11.8			
2026	9	23	13	0	230.0	3.0							13.0		12.0			
2026	9	23	12	50	210.0	3.0							12.9		12.0			
2026	9	23	12	40	220.0	2.0							12.9		12.0			
2026	9	23	12	30	230.0	3.0							12.7		11.8			
2026	9	23	12	20	230.0	2.0							12.8		11.8			
2026	9	23	12	10	270.0	3.0							12.7		11.7			
2026	9	23	12	0	230.0	3.0							13.1		12.1			
2026	9	23	11	50	220.0	3.0							13.3		12.2			
2026	9	23	11	40	200.0	3.0							13.2		12.2			
2026	9	23	11	30	190.0	4.0							13.2		12.1			
2026	9	23	11	20	210.0	2.0							13.3		12.2			
2026	9	23	11	10	190.0	2.0							13.0		11.9			
2026	9	23	11	0	210.0	2.0							12.9		11.8			
2026	9	23	10	50	190.0	3.0							13.0		11.8			
2026	9	23	10	40	190.0	2.0							13.0		11.8			
2026	9	23	10	30	200.0	2.0							13.0		11.7			
2026	9	23	10	20	230.0	2.0							12.9		11.4			
2026	9	23	10	10	230.0	2.0							13.0		11.5			
2026	9	23	10	0	230.0	2.0							13.0		11.5			
2026	9	23	9	50	220.0	2.0							13.2		11.5			
2026	9	23	9	40									13.6					
2026	9	23	9	30	200.0	2.0							13.3		11.6			
2026	9	23	9	20	180.0	2.0							13.4		11.6			
2026	9	23	9	10									13.7		11.8			
2026	9	23	9	0									13.7		11.8			
2026	9	23	8	50									13.6		11.7			
2026	9	23	8	40									13.7		11.7			
2026	9	23	8	30									13.7		11.7			
2026	9	23	8	20									13.7		11.7			
2026	9	23	8	10									13.8		11.8			
2026	9	23	8	0									14.0		12.0			
2026	9	23	7	50									14.2		12.2			
2026	9	23	7	40									14.2		12.2			
2026	9	23	7	30									14.4		12.2			
2026	9	23	7	20									14.6		12.3			
2026	9	23	2	30	270.0	6.0							17.8		9.4			
2026	9	23	2	20	250.0	5.0							18.3		9.1			
2026	9	23	2	10	260.0	5.0							18.6		9.2			
2026	9	23	2	0	250.0	5.0							18.8		9.3			
2026	9	23	1	50	240.0	4.0							18.9		9.5			
2026	9	23	1	40	240.0	4.0							19.2		9.6			
2026	9	23	1	30	240.0	6.0							19.3		9.5			
2026	9	23	1	20	240.0	7.0							19.6		9.8			
2026	9	23	1	10	250.0	7.0							19.7		9.9			
2026	9	23	1	0	240.0	8.0							19.8		9.9			
2026	9	23	0	50	230.0	6.0							20.0		9.9			
2026	9	23	0	40	230.0	5.0							20.1		9.9			
2026	9	23	0	30	220.0	7.0							20.0		9.9			
2026	9	23	0	20									20.1		10.0			
2026	9	23	0	10									20.4		10.0			
2026	9	23	0	0									20.0		11.4			
2026	9	22	23	50									19.8		12.2			
2026	9	22	23	40									19.0		12.6			
2026	9	22	23	30									19.2		13.3			
2026	9	22	23	20									18.3		13.9			
2026	9	22	23	10									17.9		14.3			
2026	9	22	23	0									17.6		14.3			
2026	9	22	22	50									17.5		14.3			
2026	9	22	22	40									17.4		14.2			
2026	9	22	22	30									17.3		14.1			
2026	9	22	22	20									17.4		14.0			
2026	9	22	22	10									17.2		13.7			
2026	9	22	22	0									17.2		13.5			
2026	9	22	21	50									17.3		13.4			
2026	9	22	21	40									18.1		14.2			
2026	9	22	21	30									17.5		14.4			
2026	9	22	21	20									17.2		14.6			
2026	9	22	21	10									16.8		14.5			
2026	9	22	21	0									16.7		14.5			
2026	9	22	20	50	210.0	2.0							16.4		14.4			
2026	9	22	20	40	210.0	4.0							16.4		14.7			
2026	9	22	20	30	200.0	3.0							16.3		14.8			
2026	9	22	20	20	190.0	3.0							16.4		15.2			
2026	9	22	20	10	180.0	4.0							16.2		15.3			
2026	9	22	20	0	180.0	4.0							16.2		15.7			
2026	9	22	19	50	220.0	1.0							16.5		16.3			
2026	9	22	19	40	180.0	1.0							15.8		15.6			
2026	9	22	19	30	150.0	2.0							15.7		15.6			
2026	9	22	19	20	160.0	2.0							15.6		15.5			
2026	9	22	19	10	210.0	2.0							15.5		15.4			
2026	9	22	19	0	190.0	3.0							15.4		15.3			
2026	9	22	18	50	200.0	2.0							15.4		15.3			
2026	9	22	18	40	200.0	2.0							15.4		15.3			
2026	9	22	18	30	230.0	1.0							15.2		15.1			
2026	9	22	18	20	240.0	2.0							15.1		15.0			
2026	9	22	18	10									15.1		15.0			
2026	9	22	18	0	220.0	2.0							15.0		14.9			
2026	9	22	17	50		0.0							15.3		15.2			
2026	9	22	17	40		0.0							15.1		14.9			
2026	9	22	17	30									15.0		14.9			
2026	9	22	17	20		0.0							14.9		14.8			
2026	9	22	17	10	190.0	1.0							14.8		14.7			
2026	9	22	17	0	230.0	1.0							14.8		14.7			
2026	9	22	16	50	290.0	1.0							14.8		14.7			
2026	9	22	16	40	290.0	1.0							14.6		14.5			
2026	9	22	16	30	290.0	1.0							14.7		14.6			
2026	9	22	16	20	310.0	1.0							14.7		14.5			
2026	9	22	16	10		0.0							14.7		14.6			
2026	9	22	16	0		0.0							14.6		14.5			
2026	9	22	15	50	320.0	1.0							14.5		14.4			
2026	9	22	15	40	270.0	1.0							14.5		14.4			
2026	9	22	15	30	300.0	1.0							14.5		14.4			
2026	9	22	15	20									14.5		14.4			
2026	9	22	15	10									14.5		14.4			
2026	9	22	15	0									14.5		14.4			
2026	9	22	14	50									14.5		14.4			
2026	9	22	14	40									14.5		14.4			
2026	9	22	14	30									14.5		14.4			
2026	9	22	14	20									14.4		14.3			
2026	9	22	14	10									14.4		14.3			
2026	9	22	14	0									14.4		14.3			
2026	9	22	13	50									14.4		14.3			
2026	9	22	13	40									14.4		14.3			
2026	9	22	13	30									14.4		14.3			
2026	9	22	13	20									14.4		14.3			
2026	9	22	13	10									14.3		14.2			
2026	9	22	13	0									14.4		14.3			
2026	9	22	12	50									14.3		14.2			
2026	9	22	12	40									14.3		14.2			
2026	9	22	12	30									14.4		14.2			
2026	9	22	12	20									14.4		14.3			
2026	9	22	12	10									14.4		14.3			
2026	9	22	12	0									14.4		14.3			
2026	9	22	11	50	350.0	3.0							14.6		14.5			
2026	9	22	11	40	300.0	2.0							14.6		14.5			
2026	9	22	11	30	340.0	2.0							14.7		14.6			
2026	9	22	11	20	20.0	2.0							14.8		14.7			
2026	9	22	11	10	300.0	1.0							14.8		14.7			
2026	9	22	11	0	320.0	2.0							14.9		14.8			
2026	9	22	10	50	300.0	1.0							14.8		14.7			
2026	9	22	10	40	300.0	1.0							14.7		14.6			
2026	9	22	10	30	320.0	1.0							14.7		14.6			
2026	9	22	10	20	300.0	1.0							14.8		14.7			
2026	9	22	10	10	360.0	1.0							14.8		14.7			
2026	9	22	10	0	340.0	1.0							14.8		14.7			
2026	9	22	9	50	10.0	2.0							14.8		14.7			
2026	9	22	9	40	20.0	3.0							15.0		14.8			
2026	9	22	9	30	30.0	2.0							14.9		14.8			
2026	9	22	9	20	20.0	2.0							15.0		14.9			
2026	9	22	9	10	20.0	2.0							15.1		15.0			
2026	9	22	9	0	10.0	1.0							15.1		15.0			
2026	9	22	8	50		0.0							15.1		15.0			
2026	9	22	8	40									15.1		15.0			
2026	9	22	8	30	310.0	1.0							15.1		15.0			
2026	9	22	8	20	310.0	1.0							15.1		14.9			
2026	9	22	8	10	270.0	1.0							15.0		14.8			
2026	9	22	8	0									15.1		14.9			
2026	9	22	7	50	270.0	1.0							15.2		15.0			
2026	9	22	7	40	250.0	1.0							15.5		15.2			
2026	9	22	7	30	200.0	2.0							15.7		15.4			
2026	9	22	7	20	180.0	1.0							15.7		15.3			
2026	9	22	7	10	210.0	1.0							15.5		15.1			
2026	9	22	7	0	230.0	1.0							15.2		14.7			
2026	9	22	6	50	260.0	2.0							15.2		14.7			
2026	9	22	6	40	280.0	2.0							15.3		14.7			
2026	9	22	6	30	280.0	2.0							15.7		15.0			
2026	9	22	6	20	220.0	1.0							16.0		15.3			
2026	9	22	6	10	200.0	1.0							15.8		15.1			
2026	9	22	6	0	220.0	1.0							15.7		14.9			
2026	9	22	5	50									15.5		14.5			
2026	9	22	5	40									15.4		14.3			
2026	9	22	5	30									15.3		14.2			
2026	9	22	5	20									15.5		14.2			
2026	9	22	5	10									15.7		14.4			
2026	9	22	5	0									15.7		14.3			
2026	9	22	4	50									15.9		14.3			
2026	9	22	4	40									16.1		14.4			
2026	9	22	4	30									16.1		14.3			
2026	9	22	4	20									16.4		14.5			
2026	9	22	4	10									16.2		14.1			
2026	9	22	4	0									16.1		13.9			
2026	9	22	3	50									16.0		13.7			
2026	9	22	3	40									16.4		13.9			
2026	9	22	3	30									16.7		14.0			
2026	9	22	3	20									16.8		13.9			
2026	9	22	3	10									16.8		14.0			
2026	9	22	3	0									16.9		14.2			
2026	9	22	2	50									16.8		14.2			
2026	9	22	2	40									16.7		14.3			
2026	9	22	2	30									16.8		14.4			
2026	9	22	2	20	300.0	1.0							16.8		14.4			
2026	9	22	2	10	330.0	1.0							17.0		14.6			
2026	9	22	2	0	220.0	1.0							16.9		14.5			
2026	9	22	1	50	280.0	1.0							17.2		14.6			
2026	9	22	1	40	180.0	1.0							17.2		14.6			
2026	9	22	1	30	150.0	1.0							17.2		14.6			
2026	9	22	1	20	160.0	2.0							17.1		14.4			
2026	9	22	1	10	150.0	2.0							17.0		14.3			
2026	9	22	1	0	140.0	2.0							17.0		14.3			
2026	9	22	0	50	140.0	2.0							17.1		14.3			
2026	9	22	0	40	140.0	2.0							16.9		14.1			
2026	9	22	0	30	130.0	3.0							16.9		14.2			
2026	9	22	0	20	140.0	3.0							16.9		14.2			
2026	9	22	0	10	140.0	3.0							16.8		14.1			
2026	9	22	0	0	130.0	3.0							16.5		13.9			
2026	9	21	23	50	130.0	3.0							16.7		13.9			
2026	9	21	23	40	120.0	4.0												
2026	9	21	23	30									16.5		13.4			
2026	9	21	23	20									16.7		13.2			
2026	9	21	23	10									17.2		13.4			
2026	9	21	23	0									17.7		13.9			
2026	9	21	22	50									17.3		14.1			
2026	9	21	22	40									17.1		14.5			
2026	9	21	22	30									16.7		14.8			
2026	9	21	22	20									16.5		15.2			
2026	9	21	22	10									15.8		14.8			
2026	9	21	22	0									15.3		14.4			
2026	9	21	21	50									15.2		14.3			
2026	9	21	21	40	130.0	4.0							15.1		14.3			
2026	9	21	19	30									13.5		13.4			
2026	9	21	19	20									13.5		13.3			
2026	9	21	19	10									13.5		13.3			
2026	9	21	19	0									13.3		13.1			
2026	9	21	18	50									13.2		13.1			
2026	9	21	18	40									13.2		13.1			
2026	9	21	18	30									13.3		13.2			
2026	9	21	18	20									12.9		12.8			
2026	9	21	18	10									12.7		12.6			
2026	9	21	18	0									13.0		12.9			
2026	9	21	17	50									12.6		12.5			
2026	9	21	17	40									12.4		12.2			
2026	9	21	17	30									12.2		12.1			
2026	9	21	17	20									12.0		11.9			
2026	9	21	17	10									11.9		11.8			
2026	9	21	17	0									11.8		11.7			
2026	9	21	16	50									11.8		11.6			
2026	9	21	16	40	280.0	3.0							11.6		11.4			
2026	9	21	16	30	270.0	4.0							11.7		11.6			
2026	9	21	16	20	290.0	4.0							11.9		11.8			
2026	9	21	16	10	260.0	2.0							12.0		11.9			
2026	9	21	16	0	250.0	2.0							11.7		11.6			
2026	9	21	15	50	230.0	2.0							11.5		11.4			
2026	9	21	15	40	230.0	2.0							11.5		11.3			
2026	9	21	15	30	260.0	3.0							11.5		11.4			
2026	9	21	15	20	260.0	2.0							11.2		11.1			
2026	9	21	15	10	280.0	3.0							11.2		11.0			
2026	9	21	15	0	270.0	3.0							11.0		10.9			
2026	9	21	14	50	270.0	2.0							11.0		10.9			
2026	9	21	14	40	280.0	3.0							11.4		11.3			
2026	9	21	14	30	280.0	3.0							11.3		11.2			
2026	9	21	14	20	290.0	4.0							11.3		11.2			
2026	9	21	14	10	310.0	2.0							11.5		11.4			
2026	9	21	14	0	310.0	2.0							11.7		11.6			
2026	9	21	13	50	300.0	2.0							11.7		11.6			
2026	9	21	13	40	290.0	2.0							11.9		11.8			
2026	9	21	13	30	290.0	2.0							12.0		11.9			
2026	9	21	13	20									12.0		11.9			
2026	9	21	13	10	300.0	2.0							11.9		11.8			
2026	9	21	13	0	330.0	1.0							12.5		12.4			
2026	9	21	12	50	310.0	2.0							12.7		12.6			
2026	9	21	12	40	330.0	1.0							12.5		12.4			
2026	9	21	12	30	300.0	1.0							13.6					
2026	9	21	12	20	330.0	2.0							12.5		12.4			
2026	9	21	12	10	350.0	1.0							12.4		12.3			
2026	9	21	12	0	320.0	2.0							12.6		12.4			
2026	9	21	11	50	330.0	2.0							12.7		12.6			
2026	9	21	11	40	320.0	1.0							12.7		12.6			
2026	9	21	11	30	280.0	1.0							12.7		12.5			
2026	9	21	11	20	300.0	1.0							12.7		12.6			
2026	9	21	11	10	300.0	2.0							12.7		12.6			
2026	9	21	11	0	310.0	2.0							12.7		12.6			
2026	9	21	10	50	290.0	2.0							12.8		12.7			
2026	9	21	10	40	290.0	3.0							12.9		12.7			
2026	9	21	10	30	280.0	3.0							12.9		12.7			
2026	9	21	10	20	280.0	2.0							12.8		12.7			
2026	9	21	10	10	270.0	2.0							12.9		12.8			
2026	9	21	10	0									13.2		13.0			
2026	9	21	9	50									13.2		13.0			
2026	9	21	9	40									13.2		13.0			
2026	9	21	9	30									13.2		12.9			
2026	9	21	9	20									13.3		13.0			
2026	9	21	9	10									13.4		13.0			
2026	9	21	9	0									13.6		13.2			
2026	9	21	8	50									13.5		13.1			
2026	9	21	8	40									13.4		13.0			
2026	9	21	8	30									13.6		13.2			
2026	9	21	8	20									13.7		13.3			
2026	9	21	8	10									13.7		13.2			
2026	9	21	8	0									13.6		13.1			
2026	9	21	7	50									13.7		13.1			
2026	9	21	7	40									13.5		12.8			
2026	9	21	7	30									14.0		13.3			
2026	9	21	7	20									14.0		13.3			
2026	9	21	7	10									14.0		13.1			
2026	9	21	7	0									13.9		13.0			
2026	9	21	6	50									13.9		13.0			
2026	9	21	6	40	280.0	2.0							14.1		13.1			
2026	9	21	6	30	270.0	2.0							14.4		13.4			
2026	9	21	6	20	260.0	2.0							14.3		13.2			
2026	9	21	6	10	270.0	2.0							14.3		13.1			
2026	9	21	6	0	280.0	3.0							14.7		13.5			
2026	9	21	5	50	280.0	2.0							14.5		13.3			
2026	9	21	5	40	280.0	2.0												
2026	9	21	5	30	270.0	2.0							14.8		13.5			
2026	9	21	5	20	280.0	2.0							14.8		13.4			
2026	9	21	5	10	270.0	2.0							14.9		13.4			
2026	9	21	5	0	270.0	3.0							15.0		13.5			
2026	9	21	4	50	290.0	2.0							15.0		13.4			
2026	9	21	4	40	290.0	2.0							15.2		13.5			
2026	9	21	4	30	280.0	2.0							15.3		13.5			
2026	9	21	4	20	280.0	2.0							15.5		13.6			
2026	9	21	4	10	260.0	1.0							15.8		13.9			
2026	9	21	4	0	290.0	2.0							15.8		13.8			
2026	9	21	3	50	270.0	2.0							15.9		13.8			
2026	9	21	3	40	280.0	2.0							16.0		13.8			
2026	9	21	3	30	290.0	3.0							13.6					
2026	9	21	3	20	290.0	2.0							16.4		13.7			
2026	9	21	3	10	260.0	2.0							16.7		13.9			
2026	9	21	3	0	270.0	2.0							16.7		13.7			
2026	9	21	2	50	280.0	2.0							17.0		13.6			
2026	9	21	2	40	280.0	2.0							17.3		13.3			
2026	9	21	2	30	290.0	1.0							17.6		13.1			
2026	9	21	2	20	310.0	2.0							17.9		12.7			
2026	9	21	2	10	320.0	2.0							18.0		12.4			
2026	9	21	2	0									18.9		12.4			
2026	9	21	1	50		0.0							20.4		13.5			
2026	9	21	1	40		0.0							20.2		13.3			
2026	9	21	1	30	10.0	1.0							20.4		12.2			
2026	9	21	1	20		0.0							22.3		14.1			
2026	9	21	1	10		0.0							22.2		13.7			
2026	9	21	1	0		0.0							21.6		14.0			
2026	9	21	0	50		0.0							21.4		14.6			
2026	9	21	0	40	320.0	1.0							20.8		14.5			
2026	9	21	0	30	310.0	1.0							20.4		14.4			
2026	9	21	0	20									21.3		15.8			
2026	9	21	0	10		0.0							19.6		14.6			
2026	9	21	0	0	200.0	1.0							19.3		14.5			
2026	9	20	23	50	280.0	1.0							19.5		14.8			
2026	9	20	23	40									18.8		14.6			
2026	9	20	23	30									19.5		15.4			
2026	9	20	23	20									18.6		15.0			
2026	9	20	23	10									18.3		15.1			
2026	9	20	23	0									18.2		15.3			
2026	9	20	22	50									18.1		15.7			
2026	9	20	22	40									17.5		15.5			
2026	9	20	22	30									17.7		15.7			
2026	9	20	22	20									17.5		15.6			
2026	9	20	22	10									17.3		15.4			
2026	9	20	22	0									17.1		15.1			
2026	9	20	21	50									17.1		15.0			
2026	9	20	21	40									16.8		14.6			
2026	9	20	21	30									17.0		14.6			
2026	9	20	21	20									16.8		14.4			
2026	9	20	21	10									16.8		14.3			
2026	9	20	21	0									16.5		13.8			
2026	9	20	20	50									16.6		13.8			
2026	9	20	20	40									16.4		13.6			
2026	9	20	20	30									16.4		13.6			
2026	9	20	20	20	150.0	3.0							16.2		13.4			
2026	9	20	20	10	150.0	3.0							16.0		13.4			
2026	9	20	20	0	170.0	3.0							16.0		13.5			
2026	9	20	19	50	170.0	2.0							16.1		13.8			
2026	9	20	19	40	170.0	2.0							15.8		13.7			
2026	9	20	19	30	170.0	2.0							15.6		13.7			
2026	9	20	19	20	170.0	2.0							15.5		13.8			
2026	9	20	19	10	160.0	2.0							15.2		13.6			
2026	9	20	19	0	170.0	3.0							15.2		13.8			
2026	9	20	18	50	180.0	2.0							15.0		13.8			
2026	9	20	18	40	180.0	1.0							14.6		13.7			
2026	9	20	18	30	180.0	2.0							14.4		13.6			
2026	9	20	18	20	180.0	3.0							14.3		13.6			
2026	9	20	18	10	180.0	2.0							14.0		13.5			
2026	9	20	18	0	180.0	2.0							13.7		13.2			
2026	9	20	17	50	210.0	1.0							13.6		13.2			
2026	9	20	17	40	190.0	1.0							13.6					
2026	9	20	17	30		0.0							13.6		13.3			
2026	9	20	17	20	350.0	1.0							13.4		13.2			
2026	9	20	17	10	360.0	1.0							13.1		13.0			
2026	9	20	17	0	10.0	2.0							12.9		12.8			
2026	9	20	16	50	10.0	1.0							12.8		12.7			
2026	9	20	16	40	50.0	2.0							12.6		12.5			
2026	9	20	16	30	40.0	2.0							12.6		12.5			
2026	9	20	16	20	50.0	3.0							12.7		12.6			
2026	9	20	16	10	10.0	2.0							12.6		12.5			
2026	9	20	16	0	10.0	2.0							12.5		12.4			
2026	9	20	15	50	30.0	2.0							12.4		12.2			
2026	9	20	15	40	10.0	2.0							12.3		12.2			
2026	9	20	15	30	10.0	2.0							12.2		12.1			
2026	9	20	15	20	360.0	2.0							13.6					
2026	9	20	15	10	320.0	2.0							12.1		12.0			
2026	9	20	15	0	320.0	2.0							12.0		11.8			
2026	9	20	14	50	310.0	1.0							12.1		11.9			
2026	9	20	14	40	300.0	2.0							11.8		11.6			
2026	9	20	14	30	330.0	2.0							11.6		11.5			
2026	9	20	14	20	300.0	2.0							11.5		11.4			
2026	9	20	14	10	310.0	2.0							11.6		11.5			
2026	9	20	14	0	300.0	2.0							11.6		11.5			
2026	9	20	13	50	290.0	2.0							11.5		11.4			
2026	9	20	13	40	300.0	3.0							11.6		11.5			
2026	9	20	13	30	300.0	2.0							11.6		11.5			
2026	9	20	13	20	290.0	2.0							11.6		11.5			
2026	9	20	13	10	300.0	2.0							11.8		11.7			
2026	9	20	13	0									11.7		11.5			
2026	9	20	12	50									11.8		11.6			
2026	9	20	12	40									11.8		11.7			
2026	9	20	12	30									11.8		11.7			
2026	9	20	12	20									11.7		11.6			
2026	9	20	12	10									11.9		11.8			
2026	9	20	12	0									12.1		11.9			
2026	9	20	11	50									12.0		11.9			
2026	9	20	11	40									12.0		11.9			
2026	9	20	11	30									12.1		12.0			
2026	9	20	11	20									12.2		12.1			
2026	9	20	11	10									12.2		12.1			
2026	9	20	11	0									12.2		12.1			
2026	9	20	10	50									12.4		12.3			
2026	9	20	10	40									12.4		12.3			
2026	9	20	10	30									12.4		12.2			
2026	9	20	10	20									12.4		12.2			
2026	9	20	10	10									12.5		12.3			
2026	9	20	10	0									12.6		12.4			
2026	9	20	9	50									12.5		12.3			
2026	9	20	9	40	280.0	2.0							12.4		12.1			
2026	9	20	9	30	280.0	2.0							12.4		12.0			
2026	9	20	9	20	300.0	2.0							12.5		12.2			
2026	9	20	9	10	290.0	2.0							12.7		12.3			
2026	9	20	9	0	320.0	1.0							12.8		12.4			
2026	9	20	8	50	290.0	1.0							12.7		12.2			
2026	9	20	8	40	290.0	1.0							12.9		12.4			
2026	9	20	8	30	300.0	1.0							12.9		12.4			
2026	9	20	8	20	290.0	1.0							13.1		12.5			
2026	9	20	8	10	310.0	1.0							13.0		12.4			
2026	9	20	8	0	350.0	1.0							13.1		12.5			
2026	9	20	7	50	340.0	1.0							13.2		12.6			
2026	9	20	7	40	300.0	1.0							13.7		13.0			
2026	9	20	7	30	10.0	2.0							13.8		13.2			
2026	9	20	7	20	10.0	3.0							13.9		13.2			
2026	9	20	7	10	320.0	1.0							13.5		12.8			
2026	9	20	7	0	10.0	1.0							13.7		12.9			
2026	9	20	6	50	350.0	2.0							13.8		13.0			
2026	9	20	6	40	360.0	2.0							14.1		13.3			
2026	9	20	6	30	300.0	1.0							14.1		13.3			
2026	9	20	6	20	10.0	2.0							14.2		13.3			
2026	9	20	6	10	360.0	2.0							14.1		13.2			
2026	9	20	6	0	310.0	3.0							14.0		13.0			
2026	9	20	5	50	330.0	1.0							14.2		13.1			
2026	9	20	5	40	30.0	2.0							14.7		13.7			
2026	9	20	5	30	20.0	1.0							14.3		13.2			
2026	9	20	5	20	310.0	1.0							14.2		13.1			
2026	9	20	5	10	300.0	2.0							14.4		13.2			
2026	9	20	5	0	350.0	1.0							14.3		13.0			
2026	9	20	4	50	300.0	2.0							14.1		12.8			
2026	9	20	4	40	280.0	2.0							14.3		12.9			
2026	9	20	4	30	300.0	2.0							14.5		13.1			
2026	9	20	4	20	290.0	2.0							14.3		12.8			
2026	9	20	4	10	280.0	2.0							14.5		12.9			
2026	9	20	4	0	280.0	2.0							14.6		12.9			
2026	9	20	3	50	270.0	2.0							14.7		13.0			
2026	9	20	3	40	270.0	2.0							14.8		13.0			
2026	9	20	3	30									15.1		13.2			
2026	9	20	3	20	310.0	1.0							15.3		13.4			
2026	9	20	3	10	320.0	1.0							15.2		13.2			
2026	9	20	3	0	320.0	1.0							15.3		13.3			
2026	9	20	2	50	350.0	2.0							15.4		13.4			
2026	9	20	2	40	360.0	2.0							15.5		13.4			
2026	9	20	2	30	360.0	2.0							15.8		13.7			
2026	9	20	2	20	10.0	2.0							15.7		13.5			
2026	9	20	2	10	10.0	2.0							15.8		13.5			
2026	9	20	2	0	360.0	2.0							16.0		13.5			
2026	9	20	1	50									16.3		13.7			
2026	9	20	1	40									16.7		14.2			
2026	9	20	1	30									16.4		13.9			
2026	9	20	1	20									16.3		13.7			
2026	9	20	1	10									16.3		13.7			
2026	9	20	1	0									16.3		13.6			
2026	9	20	0	50									16.2		13.5			
2026	9	20	0	40									16.0		13.2			
2026	9	20	0	30									16.0		13.2			
2026	9	20	0	20									15.9		13.1			
2026	9	20	0	10									15.8		13.0			
2026	9	20	0	0									15.6		12.8			
2026	9	19	23	50									15.7		12.8			
2026	9	19	23	40									15.7		12.8			
2026	9	19	23	30									15.7		12.7			
2026	9	19	23	20									16.0		13.0			
2026	9	19	23	10									15.7		12.8			
2026	9	19	23	0									15.5		12.7			
2026	9	19	22	50									15.3		12.6			
2026	9	19	22	40	140.0	2.0							15.5		12.7			
2026	9	19	22	30	150.0	3.0							15.3		12.7			
2026	9	19	22	20	140.0	3.0							15.2		12.7			
2026	9	19	22	10									15.2		12.7			
2026	9	19	21	50	120.0	2.0							15.2		12.8			
2026	9	19	21	40	130.0	2.0							14.9		12.7			
2026	9	19	21	30	130.0	3.0							14.8		12.7			
2026	9	19	21	20	140.0	3.0							14.6		12.5			
2026	9	19	21	10	130.0	3.0							14.6		12.6			
2026	9	19	21	0	110.0	2.0							14.6		12.8			
2026	9	19	20	50	110.0	2.0							14.5		12.7			
2026	9	19	20	40	100.0	1.0							14.4		12.7			
2026	9	19	20	30	110.0	1.0							14.4		12.8			
2026	9	19	20	20	120.0	1.0							14.3		12.8			
2026	9	19	20	10	120.0	1.0							14.0		12.7			
2026	9	19	20	0	120.0	1.0							14.0		12.7			
2026	9	19	19	50									13.8		12.7			
2026	9	19	19	40									13.8		12.7			
2026	9	19	19	30	120.0	2.0							13.7		12.7			
2026	9	19	19	20	140.0	1.0							13.6		12.6			
2026	9	19	19	10	140.0	2.0							13.6		12.7			
2026	9	19	18	30	140.0	2.0							13.4		12.7			
2026	9	19	18	20	100.0	1.0							13.4		12.7			
2026	9	19	18	10	100.0	1.0							13.3		12.7			
2026	9	19	18	0	140.0	1.0							13.3		12.7			
2026	9	19	17	50	80.0	1.0							13.1		12.6			
2026	9	19	17	40		0.0							13.2		12.7			
2026	9	19	17	30	70.0	1.0							13.0		12.5			
2026	9	19	17	20	60.0	1.0							12.9		12.4			
2026	9	19	17	10									12.9		12.5			
2026	9	19	17	0	80.0	1.0							12.9		12.5			
2026	9	19	16	50		0.0							13.0		12.6			
2026	9	19	16	40	170.0	1.0							12.9		12.5			
2026	9	19	16	30		0.0							12.8		12.4			
2026	9	19	16	20		0.0							12.6		12.2			
2026	9	19	16	10		0.0							12.5		12.1			
2026	9	19	16	0	210.0	1.0							12.4		12.0			
2026	9	19	15	50	240.0	1.0							12.3		11.9			
2026	9	19	15	40	230.0	1.0							12.2		11.8			
2026	9	19	15	30	250.0	1.0							12.2		11.9			
2026	9	19	15	20	250.0	1.0							13.6					
2026	9	19	15	10	260.0	1.0							12.1		11.6			
2026	9	19	15	0	240.0	1.0							12.1		11.6			
2026	9	19	14	50	230.0	2.0							12.0		11.5			
2026	9	19	14	40	220.0	2.0							12.2		11.8			
2026	9	19	14	30									11.9		11.5			
2026	9	19	14	20									11.9		11.4			
2026	9	19	14	10									11.8		11.3			
2026	9	19	14	0									11.4		10.9			
2026	9	19	13	50									11.6		11.0			
2026	9	19	13	40									11.7		11.2			
2026	9	19	13	30									11.8		11.2			
2026	9	19	13	20									11.7		11.0			
2026	9	19	13	10									11.5		10.8			
2026	9	19	13	0									11.6		10.9			
2026	9	19	12	50									11.9		11.1			
2026	9	19	12	40									11.8		11.0			
2026	9	19	12	30									12.1		11.3			
2026	9	19	12	20									11.9		11.1			
2026	9	19	12	10									11.7		10.8			
2026	9	19	12	0									11.8		10.9			
2026	9	19	11	50									11.8		10.8			
2026	9	19	11	40									11.9		10.8			
2026	9	19	11	30									12.1		11.0			
2026	9	19	11	20	290.0	1.0												
2026	9	19	11	10	280.0	1.0							12.3		11.1			
2026	9	19	11	0	250.0	1.0							12.6		11.4			
2026	9	19	10	50		0.0							12.4		11.1			
2026	9	19	10	40	270.0	1.0							12.4		11.1			
2026	9	19	10	30	270.0	1.0							12.6		11.2			
2026	9	19	10	20	290.0	1.0							12.4		10.9			
2026	9	19	10	10	260.0	1.0							12.4		10.9			
2026	9	19	10	0									12.5		10.9			
2026	9	19	9	50	280.0	1.0							13.0		11.4			
2026	9	19	9	40	270.0	1.0							13.1		11.4			
2026	9	19	9	30	270.0	1.0							12.9		11.1			
2026	9	19	9	20									13.2		11.3			
2026	9	19	9	10	240.0	1.0							13.5		11.7			
2026	9	19	9	0	200.0	1.0							13.6		11.8			
2026	9	19	8	50	200.0	2.0							13.7		11.8			
2026	9	19	8	40	200.0	1.0							13.5		11.6			
2026	9	19	8	30	170.0	1.0							13.4		11.5			
2026	9	19	8	20		0.0							13.2		11.3			
2026	9	19	8	10	270.0	1.0							13.4		11.4			
2026	9	19	8	0	240.0	1.0							13.4		11.2			
2026	9	19	7	50	270.0	1.0							13.4		11.1			
2026	9	19	7	40	270.0	2.0							13.6		11.2			
2026	9	19	7	30	280.0	1.0							13.9		11.3			
2026	9	19	7	20	250.0	1.0							14.3		11.6			
2026	9	19	7	10	200.0	1.0							14.4		11.5			
2026	9	19	7	0	230.0	1.0							14.4		11.4			
2026	9	19	6	50	230.0	2.0							14.5		11.5			
2026	9	19	6	40	220.0	2.0							14.6		11.6			
2026	9	19	6	30	220.0	2.0							14.7		11.6			
2026	9	19	6	20	220.0	1.0							14.7		11.6			
2026	9	19	6	10	240.0	2.0							14.8		11.7			
2026	9	19	6	0	200.0	1.0							14.9		11.8			
2026	9	19	5	50	250.0	2.0							14.9		11.8			
2026	9	19	5	40	270.0	4.0							14.9		11.8			
2026	9	19	5	30	270.0	4.0							14.9		11.7			
2026	9	19	5	20	270.0	4.0							15.0		11.7			
2026	9	19	5	10	270.0	5.0							15.1		11.8			
2026	9	19	5	0	270.0	5.0							15.2		11.7			
2026	9	19	4	50	270.0	4.0							15.3		11.8			
2026	9	19	4	40	270.0	5.0							15.4		11.8			
2026	9	19	4	30	280.0	5.0							15.5		11.8			
2026	9	19	4	20	270.0	5.0							15.6		11.8			
2026	9	19	4	10	270.0	5.0												
2026	9	19	4	0	260.0	5.0							15.8		11.8			
2026	9	19	3	50	270.0	5.0							16.0		11.8			
2026	9	19	3	40									16.1		11.7			
2026	9	19	3	30	270.0	6.0							16.4		11.8			
2026	9	19	3	20	250.0	4.0							16.6		11.8			
2026	9	19	3	10	260.0	4.0							16.8		11.7			
2026	9	19	3	0	260.0	5.0							17.2		11.8			
2026	9	19	2	50	240.0	4.0							17.4		11.8			
2026	9	19	2	40									17.6		11.8			
2026	9	19	2	30									17.8		11.8			
2026	9	19	2	20									18.2		11.9			
2026	9	19	2	10									18.3		11.9			
2026	9	19	2	0									18.5		11.8			
2026	9	19	1	50									19.0		12.0			
2026	9	19	1	40									19.2		12.1			
2026	9	19	1	30									19.3		12.2			
2026	9	19	1	20									19.4		12.6			
2026	9	19	1	10									19.3		12.6			
2026	9	19	1	0									19.4		12.7			
2026	9	19	0	50									19.1		13.0			
2026	9	19	0	40									18.4		12.9			
2026	9	19	0	30									18.3		12.6			
2026	9	19	0	20									18.2		12.5			
2026	9	19	0	10									18.3		12.1			
2026	9	19	0	0									19.3		12.5			
2026	9	18	23	50									18.9		12.3			
2026	9	18	23	40									19.1		12.5			
2026	9	18	23	30	200.0	3.0							19.0		12.5			
2026	9	18	23	20	180.0	2.0							19.0		12.8			
2026	9	18	23	10	110.0	3.0							18.1		12.5			
2026	9	18	23	0	200.0	2.0							17.7		12.5			
2026	9	18	22	50	120.0	3.0							18.4		12.2			
2026	9	18	22	40	210.0	3.0							18.5		12.1			
2026	9	18	22	30	220.0	3.0							18.6		12.1			
2026	9	18	22	20									18.4		12.2			
2026	9	18	22	10	140.0	3.0							18.4		11.9			
2026	9	18	22	0	250.0	2.0							18.2		12.2			
2026	9	18	21	50	230.0	4.0							18.0		12.2			
2026	9	18	21	40	230.0	4.0							17.6		12.2			
2026	9	18	21	30	230.0	4.0							17.6		12.2			
2026	9	18	21	20	210.0	4.0							17.5		12.3			
2026	9	18	21	10	200.0	3.0							17.3		12.3			
2026	9	18	21	0	220.0	3.0							17.3		12.3			
2026	9	18	20	50	220.0	4.0							17.2		12.3			
2026	9	18	20	40	230.0	4.0							16.9		12.1			
2026	9	18	20	30	230.0	5.0							16.9		12.1			
2026	9	18	20	20	220.0	5.0							16.8		12.0			
2026	9	18	20	10									16.8		12.0			
2026	9	18	20	0	220.0	2.0							16.8		12.0			
2026	9	18	19	50	250.0	4.0							16.6		12.1			
2026	9	18	19	40	220.0	4.0							16.5		12.1			
2026	9	18	19	30	200.0	3.0							16.3		12.2			
2026	9	18	19	20	200.0	3.0							16.3		12.3			
2026	9	18	18	30	220.0	4.0							15.9		13.3			
2026	9	18	18	20	180.0	3.0							15.6		13.3			
2026	9	18	18	10	170.0	4.0							15.5		13.3			
2026	9	18	18	0	170.0	3.0							15.5		13.4			
2026	9	18	17	50	180.0	4.0							15.4		13.3			
2026	9	18	17	40	190.0	2.0							15.3		13.3			
2026	9	18	17	30	190.0	3.0							15.1		13.2			
2026	9	18	17	20	170.0	3.0							15.1		13.2			
2026	9	18	17	10	170.0	3.0							15.1		13.3			
2026	9	18	17	0	180.0	3.0							15.0		13.3			
2026	9	18	16	50	190.0	2.0							14.8		13.1			
2026	9	18	16	40	190.0	3.0							13.1					
2026	9	18	16	30	190.0	3.0							14.5		13.1			
2026	9	18	16	20	200.0	4.0							14.4		13.0			
2026	9	18	16	10	200.0	4.0							14.4		13.1			
2026	9	18	16	0	200.0	4.0							14.3		13.0			
2026	9	18	15	50	190.0	4.0							14.1		12.8			
2026	9	18	15	40	190.0	4.0							14.1		12.9			
2026	9	18	15	30	190.0	5.0							14.0		12.8			
2026	9	18	15	20	190.0	4.0							13.9		12.7			
2026	9	18	15	10									13.9		12.6			
2026	9	18	15	0	200.0	3.0							13.8		12.5			
2026	9	18	14	50	190.0	4.0							13.7		12.4			
2026	9	18	14	40	180.0	4.0							13.8		12.4			
2026	9	18	14	30									13.8		12.3			
2026	9	18	14	20									13.9		12.3			
2026	9	18	14	10									13.9		12.3			
2026	9	18	14	0									14.0		12.3			
2026	9	18	13	50									14.1		12.3			
2026	9	18	13	40									14.3		12.5			
2026	9	18	13	30									14.5		12.6			
2026	9	18	13	20									14.9		13.0			
2026	9	18	13	10									14.8		12.8			
2026	9	18	13	0									15.0		13.0			
2026	9	18	12	50									15.0		13.0			
2026	9	18	12	40									15.1		13.1			
2026	9	18	12	30									15.1		13.1			
2026	9	18	12	20									15.1		13.1			
2026	9	18	12	10									15.0		13.1			
2026	9	18	12	0									15.0		13.1			
2026	9	18	11	50									15.1		13.3			
2026	9	18	11	40									15.0		13.3			
2026	9	18	11	30									15.1		13.4			
2026	9	18	11	20	230.0	3.0							15.1		13.4			
2026	9	18	11	10	250.0	3.0							15.1		13.5			
2026	9	18	11	0	240.0	3.0							15.2		13.5			
2026	9	18	10	50	250.0	3.0							15.1		13.5			
2026	9	18	10	40	250.0	3.0							15.0		13.3			
2026	9	18	10	30									15.1		13.4			
2026	9	18	10	20	240.0	3.0							14.9		13.3			
2026	9	18	10	10	250.0	3.0							15.0		13.3			
2026	9	18	10	0	210.0	2.0							14.9		13.1			
2026	9	18	9	50	270.0	2.0							14.9		13.1			
2026	9	18	9	40	240.0	3.0							14.8		13.0			
2026	9	18	9	30	290.0	2.0							14.8		12.9			
2026	9	18	9	20	250.0	3.0							14.9		12.9			
2026	9	18	9	10	250.0	2.0							14.9		12.7			
2026	9	18	9	0	230.0	3.0							15.0		12.8			
2026	9	18	8	50	260.0	5.0							15.0		12.6			
2026	9	18	8	40	240.0	3.0							15.2		12.6			
2026	9	18	8	30	250.0	4.0							15.5		12.8			
2026	9	18	8	20	270.0	3.0							15.8		12.9			
2026	9	18	8	10	270.0	4.0							16.0		13.0			
2026	9	18	8	0	270.0	3.0							16.2		13.4			
2026	9	18	7	50	260.0	2.0							16.0		13.2			
2026	9	18	7	40	180.0	1.0							16.4		13.4			
2026	9	18	7	30	190.0	1.0							16.6		13.4			
2026	9	18	7	20	170.0	1.0							17.0		13.6			
2026	9	18	7	10	230.0	1.0							16.8		13.7			
2026	9	18	7	0	270.0	1.0							16.6		13.6			
2026	9	18	6	50	280.0	1.0							16.6		13.5			
2026	9	18	6	40	190.0	1.0							16.8		13.4			
2026	9	18	6	30	140.0	1.0							17.1		13.5			
2026	9	18	6	20	230.0	1.0							17.3		13.4			
2026	9	18	6	10	260.0	1.0							17.6		13.7			
2026	9	18	6	0	250.0	2.0							17.3		13.3			
2026	9	18	5	50	270.0	2.0							17.2		13.4			
2026	9	18	5	40	280.0	2.0							16.8		13.4			
2026	9	18	5	30	270.0	3.0							16.4		13.0			
2026	9	18	5	20	290.0	2.0							16.7		13.1			
2026	9	18	5	10	260.0	2.0							16.7		12.8			
2026	9	18	5	0									17.2		12.9			
2026	9	18	4	50	280.0	3.0							17.2		12.5			
2026	9	18	4	40	290.0	4.0							17.7		12.6			
2026	9	18	4	30	280.0	3.0							18.1		13.6			
2026	9	18	4	20	270.0	5.0							17.2		13.5			
2026	9	18	4	10	270.0	2.0							17.5		13.7			
2026	9	18	4	0	270.0	2.0							17.7		13.6			
2026	9	18	3	40	280.0	3.0							17.9		13.8			
2026	9	18	3	30	270.0	2.0							17.8		13.9			
2026	9	18	3	20									18.2		13.9			
2026	9	18	3	10	240.0	1.0							19.1		14.0			
2026	9	18	3	0	290.0	1.0							19.3		14.0			
2026	9	18	2	50	300.0	1.0							19.3		14.2			
2026	9	18	2	40	320.0	2.0							18.8		14.1			
2026	9	18	2	30	350.0	2.0							19.0		14.3			
2026	9	18	2	20	10.0	3.0							19.4		13.9			
2026	9	18	2	10	30.0	1.0							19.9		13.4			
2026	9	18	2	0	50.0	1.0							20.6		13.5			
2026	9	18	1	50									20.1		13.7			
2026	9	18	1	40									20.7		13.9			
2026	9	18	1	30									20.7		14.4			
2026	9	18	1	20									20.4		14.6			
2026	9	18	1	10									20.2		14.9			
2026	9	18	1	0									20.2		15.3			
2026	9	18	0	50									20.1		15.6			
2026	9	18	0	40									19.3		14.7			
2026	9	18	0	30									19.3		14.5			
2026	9	18	0	20									19.5		14.2			
2026	9	18	0	10									20.4		14.0			
2026	9	18	0	0									21.7		15.0			
2026	9	17	23	50									21.4		14.8			
2026	9	17	23	40									21.5		15.0			
2026	9	17	23	30									20.7		14.1			
2026	9	17	23	20									20.0		14.1			
2026	9	17	23	10									20.1		13.8			
2026	9	17	23	0									20.2		14.0			
2026	9	17	22	50									19.9		13.6			
2026	9	17	22	40	150.0	3.0							19.8		13.9			
2026	9	17	22	30	160.0	3.0							19.7		14.2			
2026	9	17	22	20	160.0	3.0							19.3		14.2			
2026	9	17	22	10	170.0	3.0							19.2		14.4			
2026	9	17	22	0	160.0	3.0												
2026	9	17	21	50	160.0	4.0							18.5		14.6			
2026	9	17	21	40	170.0	3.0							18.3		14.5			
2026	9	17	21	30	150.0	3.0							18.4		14.6			
2026	9	17	21	20	150.0	4.0							18.3		14.4			
2026	9	17	21	10	140.0	4.0							18.1		14.3			
2026	9	17	21	0	120.0	4.0							17.9		14.0			
2026	9	17	20	50	130.0	4.0							17.8		13.7			
2026	9	17	20	40	140.0	4.0							18.3		13.3			
2026	9	17	20	30	150.0	2.0							19.3		13.7			
2026	9	17	20	20	150.0	2.0							18.9		13.2			
2026	9	17	20	10	160.0	2.0							19.5		12.7			
2026	9	17	20	0	130.0	1.0							20.3		12.7			
2026	9	17	19	50	160.0	1.0							20.2		13.1			
2026	9	17	19	40	220.0	1.0							19.3		12.7			
2026	9	17	19	30		0.0							19.4		13.8			
2026	9	17	19	20	320.0	1.0							18.2		13.6			
2026	9	17	19	10	270.0	2.0							17.7		13.6			
2026	9	17	18	40	190.0	2.0							17.0		13.5			
2026	9	17	18	20	180.0	2.0							16.7		13.4			
2026	9	17	18	10									16.5		13.4			
2026	9	17	18	0	210.0	2.0							16.3		13.5			
2026	9	17	17	50	220.0	2.0							16.1		13.5			
2026	9	17	17	40	200.0	2.0							15.8		13.5			
2026	9	17	17	30	220.0	2.0												
2026	9	17	17	20	240.0	2.0							15.2		13.3			
2026	9	17	17	10	230.0	1.0							15.0		13.4			
2026	9	17	17	0									14.8		13.4			
2026	9	17	16	50	210.0	1.0							14.7		13.3			
2026	9	17	16	40		0.0							14.4		13.3			
2026	9	17	16	30									14.1		13.0			
2026	9	17	16	20	290.0	1.0							14.1		13.0			
2026	9	17	16	10	320.0	1.0							14.0		12.9			
2026	9	17	16	0	330.0	1.0							13.6		12.6			
2026	9	17	15	50	360.0	2.0							13.5		12.6			
2026	9	17	15	40	360.0	1.0							13.5		12.5			
2026	9	17	15	30									13.3		12.4			
2026	9	17	15	20									13.2		12.3			
2026	9	17	15	10									13.1		12.2			
2026	9	17	15	0									13.1		12.2			
2026	9	17	14	50	320.0	1.0							12.8		11.9			
2026	9	17	14	40	290.0	1.0							12.4		11.4			
2026	9	17	14	30	310.0	2.0							12.5		11.6			
2026	9	17	14	20	260.0	1.0							12.6		11.6			
2026	9	17	14	10	270.0	1.0							12.5		11.5			
2026	9	17	14	0	290.0	1.0							12.5		11.5			
2026	9	17	13	50	290.0	2.0												
2026	9	17	13	40	280.0	2.0							12.5		11.4			
2026	9	17	13	30	290.0	1.0							12.3		11.2			
2026	9	17	13	20	280.0	2.0							12.2		11.1			
2026	9	17	13	10	280.0	2.0												
2026	9	17	13	0	310.0	2.0							12.3		11.2			
2026	9	17	12	50									12.1		10.9			
2026	9	17	12	40									12.2		11.0			
2026	9	17	12	30									12.6		11.2			
2026	9	17	12	20									12.9		11.5			
2026	9	17	12	10									13.0		11.6			
2026	9	17	12	0									13.0		11.6			
2026	9	17	11	50									12.8		11.4			
2026	9	17	11	40									13.0		11.5			
2026	9	17	11	30									12.9		11.4			
2026	9	17	11	20									13.2		11.7			
2026	9	17	11	10									13.2		11.7			
2026	9	17	11	0									13.5		11.9			
2026	9	17	10	50									13.7		12.1			
2026	9	17	10	40									14.0		12.4			
2026	9	17	10	30									14.1		12.4			
2026	9	17	10	20									13.6		11.8			
2026	9	17	10	10									13.6		11.8			
2026	9	17	10	0									13.8		11.9			
2026	9	17	9	50	20.0	2.0							14.5		12.5			
2026	9	17	9	40	20.0	2.0							14.5		12.5			
2026	9	17	9	30	360.0	1.0							12.1					
2026	9	17	9	20	310.0	1.0							14.1		12.0			
2026	9	17	9	10	300.0	1.0							14.2		12.2			
2026	9	17	9	0									14.1		12.0			
2026	9	17	8	50	290.0	2.0							14.1		12.0			
2026	9	17	8	40	330.0	1.0							14.0		11.9			
2026	9	17	8	30	310.0	1.0							14.4		12.3			
2026	9	17	8	20	290.0	3.0							14.1		11.8			
2026	9	17	8	10	290.0	3.0							14.4		12.2			
2026	9	17	8	0	290.0	1.0							14.3		12.1			
2026	9	17	7	50	290.0	2.0							14.6		12.4			
2026	9	17	7	40	290.0	2.0							14.4		12.1			
2026	9	17	7	30									14.5		12.1			
2026	9	17	7	20	280.0	2.0							14.3		11.9			
2026	9	17	7	10	280.0	3.0							14.7		12.1			
2026	9	17	7	0	280.0	2.0							15.0		12.3			
2026	9	17	6	50	290.0	2.0							15.2		12.4			
2026	9	17	6	40	270.0	2.0							14.9		11.9			
2026	9	17	6	30	290.0	2.0							15.1		12.0			
2026	9	17	6	20	270.0	1.0							15.4		12.2			
2026	9	17	6	10	300.0	2.0							15.5		12.2			
2026	9	17	6	0	290.0	2.0							15.6		12.0			
2026	9	17	5	50	280.0	1.0							16.0		12.1			
2026	9	17	5	40	300.0	1.0							16.2		12.0			
2026	9	17	5	30	270.0	2.0							16.4		12.1			
2026	9	17	5	20	280.0	1.0							16.8		12.2			
2026	9	17	5	10	280.0	2.0							16.9		12.1			
2026	9	17	5	0	300.0	2.0							16.8		12.1			
2026	9	17	4	50	270.0	2.0							16.8		11.7			
2026	9	17	4	40	280.0	2.0							17.5		11.8			
2026	9	17	4	30	290.0	2.0							17.8		11.8			
2026	9	17	4	20	280.0	2.0							17.5		11.4			
2026	9	17	4	10	280.0	2.0							18.1		11.2			
2026	9	17	4	0	310.0	2.0							18.6		11.0			
2026	9	17	3	50	300.0	1.0							18.6		11.0			
2026	9	17	3	40		0.0							18.3		10.8			
2026	9	17	3	30		0.0							18.4		10.9			
2026	9	17	3	20		0.0							18.6		10.8			
2026	9	17	3	10	70.0	1.0							19.2		11.0			
2026	9	17	3	0	50.0	2.0							19.3		11.1			
2026	9	17	2	50	60.0	3.0							19.2		11.5			
2026	9	17	2	40	70.0	3.0							19.0		12.0			
2026	9	17	2	30	50.0	1.0							18.6		11.4			
2026	9	17	2	20	90.0	2.0							19.7		11.5			
2026	9	17	2	10	100.0	2.0							19.4		11.0			
2026	9	17	2	0	70.0	2.0							20.1		10.8			
2026	9	17	1	50	140.0	1.0							21.4		11.4			
2026	9	17	1	40	110.0	1.0							22.2		12.5			
2026	9	17	1	30	270.0	1.0							21.0		12.7			
2026	9	17	1	20	260.0	1.0							19.9		12.0			
2026	9	17	1	10	330.0	1.0							21.1		12.7			
2026	9	17	1	0	230.0	1.0							20.6		12.3			
2026	9	17	0	50	220.0	1.0							20.8		12.7			
2026	9	17	0	40	190.0	2.0							20.3		13.0			
2026	9	17	0	30	200.0	3.0							20.2		12.7			
2026	9	17	0	20	220.0	1.0							20.1		12.2			
2026	9	17	0	10	240.0	1.0							21.1		12.4			
2026	9	17	0	0	260.0	1.0							20.5		12.1			
2026	9	16	23	50	290.0	1.0							20.4		11.9			
2026	9	16	23	40	140.0	1.0							21.8		11.7			
2026	9	16	23	30									21.6		11.4			
2026	9	16	23	20									20.4		11.8			
2026	9	16	23	10									20.3		11.1			
2026	9	16	23	0									20.8		11.0			
2026	9	16	22	50									20.7		10.9			
2026	9	16	22	40									20.6		11.2			
2026	9	16	22	30									20.6		11.7			
2026	9	16	22	20									20.0		11.5			
2026	9	16	22	10									20.2		11.7			
2026	9	16	22	0									19.8		11.9			
2026	9	16	21	50									19.8		11.8			
2026	9	16	21	40									19.7		11.8			
2026	9	16	21	30									19.9		11.9			
2026	9	16	21	20									20.1		11.9			
2026	9	16	21	10									20.0		11.9			
2026	9	16	21	0									19.6		12.0			
2026	9	16	20	50									19.6		12.2			
2026	9	16	20	40									19.4		12.2			
2026	9	16	20	30	60.0	5.0							19.1		12.5			
2026	9	16	20	20	50.0	5.0							19.0		12.6			
2026	9	16	20	10	70.0	3.0							18.7		12.5			
2026	9	16	20	0	80.0	4.0							18.5		12.6			
2026	9	16	19	50	60.0	4.0							18.4		12.6			
2026	9	16	19	40	60.0	4.0							18.3		12.6			
2026	9	16	19	30	70.0	5.0							18.2		12.6			
2026	9	16	19	20	60.0	5.0							18.1		12.6			
2026	9	16	19	10	60.0	5.0							18.0		12.6			
2026	9	16	18	30	60.0	3.0							17.4		13.1			
2026	9	16	18	20	60.0	3.0							17.2		13.1			
2026	9	16	18	10	40.0	4.0							17.0		13.1			
2026	9	16	18	0	40.0	4.0							16.8		13.2			
2026	9	16	17	50	50.0	4.0							16.4		13.0			
2026	9	16	17	40	50.0	2.0							12.9					
2026	9	16	17	30	20.0	3.0							15.8		12.7			
2026	9	16	17	20	10.0	3.0							15.3		12.2			
2026	9	16	17	10	350.0	3.0							15.1		12.1			
2026	9	16	17	0	320.0	2.0							14.9		12.0			
2026	9	16	16	50	330.0	2.0							15.0		12.2			
2026	9	16	16	40	310.0	1.0							14.8		12.1			
2026	9	16	16	30	330.0	1.0							14.6		12.0			
2026	9	16	16	20	330.0	1.0							14.4		11.9			
2026	9	16	16	10	360.0	1.0							14.6		12.3			
2026	9	16	16	0	360.0	2.0							14.2		12.1			
2026	9	16	15	50	340.0	1.0							14.1		12.1			
2026	9	16	15	40									14.1		12.3			
2026	9	16	15	30	320.0	3.0							13.9		12.2			
2026	9	16	15	20	330.0	3.0							13.7		12.2			
2026	9	16	15	10	320.0	3.0							13.5		12.2			
2026	9	16	15	0	320.0	3.0							13.5		12.3			
2026	9	16	14	50	340.0	2.0							13.3		12.3			
2026	9	16	14	40	320.0	3.0							13.2		12.2			
2026	9	16	14	30	320.0	2.0							12.8		11.9			
2026	9	16	14	20	310.0	3.0							12.4		11.6			
2026	9	16	14	10	320.0	3.0							12.7		11.9			
2026	9	16	14	0	310.0	3.0							12.5		11.7			
2026	9	16	13	50	290.0	2.0							12.3		11.5			
2026	9	16	13	40	360.0	1.0							12.4		11.6			
2026	9	16	13	30	50.0	1.0							12.6		11.9			
2026	9	16	13	20	30.0	2.0							12.5		11.8			
2026	9	16	13	10	330.0	1.0							12.0		11.2			
2026	9	16	13	0	290.0	2.0							11.8		11.0			
2026	9	16	12	50	280.0	2.0							11.9		11.0			
2026	9	16	12	40	300.0	2.0							11.8		10.9			
2026	9	16	12	30	300.0	2.0							12.0		11.0			
2026	9	16	12	20	280.0	1.0							12.1		11.1			
2026	9	16	12	10	310.0	2.0							12.1		11.0			
2026	9	16	12	0	310.0	2.0							12.4		11.3			
2026	9	16	11	50	290.0	2.0							12.6		11.5			
2026	9	16	11	40									12.4		11.3			
2026	9	16	11	30	300.0	2.0							12.8		11.6			
2026	9	16	11	20	60.0	2.0							13.2		12.0			
2026	9	16	11	10	30.0	2.0							13.1		11.8			
2026	9	16	11	0	310.0	1.0							12.7		11.4			
2026	9	16	10	50	20.0	3.0							13.3		12.0			
2026	9	16	10	40	30.0	3.0							13.3		12.0			
2026	9	16	10	30	30.0	3.0							13.2		11.9			
2026	9	16	10	20	40.0	3.0							13.4		12.0			
2026	9	16	10	10	30.0	2.0							13.4		12.0			
2026	9	16	10	0	20.0	3.0							13.5		12.0			
2026	9	16	9	50	10.0	3.0							13.6		12.1			
2026	9	16	9	40									13.7		12.2			
2026	9	16	9	30									13.8		12.3			
2026	9	16	9	20									13.7		12.2			
2026	9	16	9	10									13.9		12.3			
2026	9	16	9	0									13.9		12.3			
2026	9	16	8	50									13.6		12.0			
2026	9	16	8	40									13.5		11.8			
2026	9	16	8	30									13.3		11.5			
2026	9	16	8	20									13.3		11.5			
2026	9	16	8	10									13.2		11.4			
2026	9	16	8	0									13.5		11.5			
2026	9	16	7	50									13.4		11.3			
2026	9	16	7	40									13.7		11.5			
2026	9	16	7	30									13.7		11.4			
2026	9	16	7	20									13.8		11.3			
2026	9	16	7	10									13.9		11.3			
2026	9	16	7	0									14.0		11.3			
2026	9	16	6	50									14.2		11.5			
2026	9	16	6	40	300.0	2.0							14.3		11.6			
2026	9	16	6	30	280.0	3.0							14.1		11.3			
2026	9	16	6	20	270.0	2.0							14.4		11.5			
2026	9	16	6	10	260.0	2.0							14.5		11.5			
2026	9	16	6	0	300.0	2.0							15.0		11.8			
2026	9	16	5	50	10.0	2.0							15.4		12.3			
2026	9	16	5	40	20.0	3.0							15.4		12.5			
2026	9	16	5	30	10.0	3.0							15.2		12.4			
2026	9	16	5	20	310.0	2.0							14.8		11.9			
2026	9	16	5	10	280.0	3.0							14.6		11.6			
2026	9	16	5	0	290.0	3.0							15.0		11.8			
2026	9	16	4	50	270.0	2.0							14.8		11.3			
2026	9	16	4	40	280.0	3.0							15.2		11.3			
2026	9	16	4	30	270.0	2.0							15.6		11.1			
2026	9	16	4	20	310.0	2.0							16.2		10.9			
2026	9	16	4	10									16.7		11.3			
2026	9	16	4	0	330.0	2.0							16.6		11.2			
2026	9	16	3	50	50.0	3.0							16.9		11.4			
2026	9	16	3	40	60.0	3.0							16.9		11.5			
2026	9	16	3	30	70.0	3.0							16.8		11.3			
2026	9	16	3	20	80.0	3.0							17.0		11.6			
2026	9	16	3	10	70.0	3.0							16.9		11.8			
2026	9	16	3	0	50.0	2.0							16.9		11.7			
2026	9	16	2	50	40.0	3.0							17.3		11.4			
2026	9	16	2	40	40.0	4.0							17.5		11.2			
2026	9	16	2	30	60.0	4.0							17.8		11.4			
2026	9	16	2	20	50.0	4.0							17.7		11.5			
2026	9	16	2	10	70.0	4.0							17.6		11.8			
2026	9	16	2	0	60.0	3.0							17.7		11.7			
2026	9	16	1	50	70.0	3.0							18.1		11.7			
2026	9	16	1	40	80.0	4.0							17.9		12.2			
2026	9	16	1	30									17.8		11.9			
2026	9	16	1	20	40.0	4.0							18.1		11.8			
2026	9	16	1	10	60.0	4.0							18.1		11.8			
2026	9	16	1	0	50.0	4.0							18.3		11.8			
2026	9	16	0	50	50.0	4.0							18.3		11.9			
2026	9	16	0	40	40.0	3.0							18.4		12.0			
2026	9	16	0	30	50.0	3.0							18.3		11.9			
2026	9	16	0	20									18.2		11.9			
2026	9	16	0	10	40.0	2.0							18.5		11.4			
2026	9	16	0	0	60.0	2.0							18.5		11.5			
2026	9	15	23	50	290.0	1.0							18.5		12.1			
2026	9	15	23	40	230.0	1.0							18.1		12.2			
2026	9	15	23	30	230.0	1.0							17.7		12.3			
2026	9	15	23	20	220.0	1.0							17.6		12.6			
2026	9	15	23	10	190.0	1.0							17.5		12.6			
2026	9	15	23	0	200.0	2.0							17.3		12.5			
2026	9	15	22	50	230.0	2.0							17.3		12.7			
2026	9	15	22	40	210.0	2.0							17.0		12.5			
2026	9	15	22	30	220.0	1.0							17.0		12.7			
2026	9	15	22	20	190.0	2.0							16.9		12.6			
2026	9	15	22	10	190.0	2.0							16.8		12.5			
2026	9	15	22	0	200.0	2.0							16.7		12.4			
2026	9	15	21	50	200.0	2.0							16.6		12.3			
2026	9	15	21	40	190.0	2.0							16.3		12.2			
2026	9	15	21	30	190.0	2.0							16.3		12.1			
2026	9	15	21	20	200.0	2.0							16.0		11.9			
2026	9	15	21	10	200.0	2.0							16.0		11.9			
2026	9	15	21	0									16.1		11.9			
2026	9	15	20	50	180.0	2.0							16.3		12.1			
2026	9	15	20	40	160.0	2.0							16.3		12.3			
2026	9	15	20	30		0.0							16.8		12.9			
2026	9	15	20	20	10.0	1.0							16.1		12.3			
2026	9	15	20	10	20.0	2.0							15.8		12.1			
2026	9	15	20	0	20.0	2.0							15.9		12.3			
2026	9	15	19	50	20.0	2.0							15.5		12.2			
2026	9	15	19	40	20.0	2.0							15.5		12.3			
2026	9	15	19	30	30.0	3.0							15.5		12.5			
2026	9	15	19	20									15.3		12.5			
2026	9	15	19	10									15.3		12.7			
2026	9	15	19	0									15.0		12.5			
2026	9	15	18	50									15.0		12.5			
2026	9	15	18	40									14.7		12.4			
2026	9	15	18	30									14.7		12.4			
2026	9	15	18	20									14.6		12.4			
2026	9	15	18	10									14.5		12.4			
2026	9	15	18	0									14.5		12.5			
2026	9	15	17	50									14.5		12.6			
2026	9	15	17	40									14.4		12.5			
2026	9	15	17	30									14.2		12.4			
2026	9	15	17	20									14.1		12.4			
2026	9	15	17	10									14.0		12.4			
2026	9	15	17	0									14.0		12.4			
2026	9	15	16	50									13.8		12.3			
2026	9	15	16	40									13.8		12.4			
2026	9	15	16	30	20.0	1.0							13.7		12.3			
2026	9	15	16	20									13.5		12.3			
2026	9	15	16	10	350.0	1.0							13.5		12.4			
2026	9	15	16	0	360.0	1.0							13.4		12.3			
2026	9	15	15	50	10.0	1.0							13.4		12.4			
2026	9	15	15	40	20.0	2.0							13.4		12.4			
2026	9	15	15	30	20.0	2.0							13.4		12.5			
2026	9	15	15	20	10.0	1.0							13.3		12.4			
2026	9	15	15	10									13.2		12.4			
2026	9	15	15	0	300.0	1.0							13.3		12.5			
2026	9	15	14	50	290.0	2.0							13.5		12.7			
2026	9	15	14	40	10.0	1.0							13.2		12.4			
2026	9	15	14	30	20.0	1.0							13.6					
2026	9	15	14	20	20.0	2.0							13.2		12.5			
2026	9	15	14	10	340.0	1.0							13.3		12.6			
2026	9	15	14	0	320.0	2.0							13.3		12.7			
2026	9	15	13	50	10.0	2.0							13.1		12.4			
2026	9	15	13	40	360.0	1.0							13.1		12.5			
2026	9	15	13	30	320.0	1.0							13.2		12.6			
2026	9	15	13	20	290.0	2.0							13.2		12.6			
2026	9	15	13	10	290.0	2.0							13.2		12.6			
2026	9	15	13	0	280.0	2.0							13.2		12.6			
2026	9	15	12	50	290.0	2.0							13.3		12.7			
2026	9	15	12	40	260.0	1.0							13.3		12.6			
2026	9	15	12	30	250.0	1.0							13.3		12.6			
2026	9	15	12	20	290.0	1.0							13.1		12.4			
2026	9	15	12	10	280.0	2.0							13.2		12.5			
2026	9	15	12	0	270.0	1.0							13.4		12.7			
2026	9	15	11	50	300.0	1.0							13.2		12.4			
2026	9	15	11	40	290.0	2.0							13.1		12.3			
2026	9	15	11	30	290.0	2.0							13.2		12.4			
2026	9	15	11	20	300.0	2.0							13.2		12.4			
2026	9	15	11	10	290.0	3.0							13.0		12.2			
2026	9	15	11	0	280.0	2.0							13.0		12.2			
2026	9	15	10	50	290.0	2.0							13.0		12.2			
2026	9	15	10	40	280.0	2.0							13.0		12.1			
2026	9	15	10	30	290.0	2.0							13.0		12.2			
2026	9	15	10	20	280.0	2.0							12.8		11.9			
2026	9	15	10	10	280.0	2.0							12.9		12.0			
2026	9	15	10	0	290.0	2.0							12.9		11.9			
2026	9	15	9	50	280.0	3.0							13.0		11.9			
2026	9	15	9	40	270.0	2.0							13.0		12.0			
2026	9	15	9	30	260.0	1.0												
2026	9	15	9	20	240.0	2.0							13.4		12.3			
2026	9	15	9	10	250.0	2.0							13.1		12.0			
2026	9	15	9	0	260.0	2.0							13.2		12.0			
2026	9	15	8	50	280.0	2.0							13.3		12.0			
2026	9	15	8	40	270.0	3.0							13.3		12.0			
2026	9	15	8	30	270.0	2.0							13.5		12.1			
2026	9	15	8	20	260.0	2.0							13.5		12.0			
2026	9	15	8	10	270.0	2.0							13.6		12.1			
2026	9	15	8	0	280.0	1.0							13.5		11.9			
2026	9	15	7	50	280.0	2.0							13.6		12.0			
2026	9	15	7	40	280.0	2.0							13.7		11.9			
2026	9	15	7	30	280.0	2.0							13.8		12.1			
2026	9	15	7	20	290.0	2.0							13.7		11.9			
2026	9	15	7	10	280.0	2.0							13.8		11.9			
2026	9	15	7	0	280.0	2.0							13.9		12.0			
2026	9	15	6	50	280.0	2.0							14.0		12.0			
2026	9	15	6	40	280.0	2.0							14.1		12.1			
2026	9	15	6	30	270.0	2.0							14.1		12.0			
2026	9	15	6	20	260.0	2.0							14.2		12.0			
2026	9	15	6	10	280.0	2.0							14.7		12.4			
2026	9	15	6	0	290.0	2.0							14.6		12.2			
2026	9	15	5	50	290.0	2.0							14.6		12.2			
2026	9	15	5	40	270.0	2.0							14.5		12.1			
2026	9	15	5	30	270.0	2.0							14.5		12.0			
2026	9	15	5	20	270.0	2.0							14.6		11.9			
2026	9	15	5	10	270.0	2.0							14.8		11.9			
2026	9	15	5	0	270.0	2.0							14.8		11.6			
2026	9	15	4	50	270.0	1.0							15.2		11.6			
2026	9	15	4	40	280.0	1.0							15.8		11.7			
2026	9	15	4	30									15.9		11.6			
2026	9	15	4	20									16.3		11.9			
2026	9	15	4	10									16.3		11.9			
2026	9	15	4	0									16.2		11.9			
2026	9	15	3	50									16.4		12.0			
2026	9	15	3	40									16.3		12.2			
2026	9	15	3	30									16.2		12.4			
2026	9	15	3	20									15.8		12.3			
2026	9	15	3	10									15.7		11.9			
2026	9	15	3	0									15.8		11.7			
2026	9	15	2	50									16.1		11.5			
2026	9	15	2	40									16.3		11.0			
2026	9	15	2	30									16.4		10.8			
2026	9	15	2	20									16.8		10.7			
2026	9	15	2	10									17.0		10.5			
2026	9	15	2	0									17.2		10.2			
2026	9	15	1	50									17.5		10.0			
2026	9	15	1	40		0.0							17.7		9.9			
2026	9	15	1	30	190.0	1.0							17.8		9.6			
2026	9	15	1	20	240.0	1.0							18.0		9.6			
2026	9	15	1	10	230.0	1.0							18.1		9.4			
2026	9	15	1	0	210.0	1.0							18.2		9.5			
2026	9	15	0	50	190.0	1.0							18.1		9.3			
2026	9	15	0	40		0.0							18.4		9.3			
2026	9	15	0	30	260.0	1.0							18.5		9.3			
2026	9	15	0	20	290.0	1.0							18.6		9.4			
2026	9	15	0	10									18.5		9.6			
2026	9	15	0	0	250.0	2.0							18.4		9.9			
2026	9	14	23	50	240.0	3.0							18.3		9.8			
2026	9	14	23	40	220.0	3.0							18.3		9.9			
2026	9	14	23	30	220.0	3.0							18.3		10.0			
2026	9	14	23	20	220.0	2.0							18.0		9.8			
2026	9	14	23	10	240.0	3.0							18.2		10.3			
2026	9	14	23	0	220.0	3.0							17.7		10.2			
2026	9	14	22	50									13.6					
2026	9	14	22	40	140.0	2.0							17.5		10.0			
2026	9	14	22	30	130.0	1.0							17.9		9.8			
2026	9	14	22	20	150.0	1.0							17.8		10.0			
2026	9	14	22	0	120.0	2.0							17.7		10.3			
2026	9	14	21	50	170.0	1.0							17.4		10.2			
2026	9	14	21	40	150.0	1.0							17.6		10.3			
2026	9	14	21	30	120.0	2.0							17.4		10.0			
2026	9	14	21	20	100.0	3.0							17.9		9.0			
2026	9	14	21	10	320.0	1.0							18.5		9.2			
2026	9	14	21	0	300.0	2.0							18.2		9.3			
2026	9	14	20	50	270.0	1.0							18.3		9.7			
2026	9	14	20	40	280.0	1.0							17.9		9.9			
2026	9	14	20	30	270.0	3.0							17.4		9.9			
2026	9	14	20	20	240.0	2.0							17.5		10.2			
2026	9	14	20	10	230.0	1.0							17.4		10.2			
2026	9	14	20	0	250.0	4.0							17.3		10.5			
2026	9	14	19	50	210.0	3.0							17.1		10.6			
2026	9	14	19	40	220.0	3.0							17.1		11.0			
2026	9	14	19	30	240.0	4.0							17.1		11.4			
2026	9	14	19	20	230.0	3.0							16.9		12.1			
2026	9	14	19	10	220.0	3.0							16.6		12.7			
2026	9	14	18	30									15.8		13.0			
2026	9	14	18	20	100.0	2.0							15.7		12.9			
2026	9	14	18	10	190.0	2.0							16.2		13.4			
2026	9	14	18	0	260.0	1.0							15.9		13.4			
2026	9	14	17	50	290.0	2.0							15.8		13.6			
2026	9	14	17	40	280.0	3.0							15.6		13.7			
2026	9	14	17	30	270.0	3.0							15.6		13.9			
2026	9	14	17	20	250.0	3.0							15.4		14.0			
2026	9	14	17	10	250.0	4.0							15.3		14.2			
2026	9	14	17	0	250.0	3.0							15.0		14.0			
2026	9	14	16	50	240.0	1.0							14.8		14.0			
2026	9	14	16	40	220.0	1.0							14.5		13.7			
2026	9	14	16	30		0.0							14.5		13.7			
2026	9	14	16	20	100.0	1.0							14.3		13.5			
2026	9	14	16	10	80.0	1.0							14.3		13.5			
2026	9	14	16	0	90.0	1.0							14.2		13.5			
2026	9	14	15	50	40.0	1.0							14.2		13.5			
2026	9	14	15	40	30.0	1.0							14.2		13.4			
2026	9	14	15	30	60.0	1.0							14.1		13.3			
2026	9	14	15	20	40.0	1.0							14.0		13.2			
2026	9	14	15	10	60.0	1.0							14.0		13.2			
2026	9	14	15	0	60.0	2.0							14.0		13.1			
2026	9	14	14	50	30.0	2.0							14.1		13.2			
2026	9	14	14	40	360.0	2.0							14.2		13.3			
2026	9	14	14	30	350.0	1.0							14.3		13.4			
2026	9	14	14	20	290.0	2.0							14.2		13.4			
2026	9	14	14	10	300.0	2.0							14.1		13.3			
2026	9	14	14	0	310.0	1.0							14.0		13.1			
2026	9	14	13	50	360.0	1.0							13.9		13.1			
2026	9	14	13	40	10.0	1.0							13.9		13.1			
2026	9	14	13	30	340.0	1.0							13.9		13.1			
2026	9	14	13	20									14.0		13.2			
2026	9	14	13	10									14.1		13.3			
2026	9	14	13	0									14.0		13.3			
2026	9	14	12	50									14.0		13.2			
2026	9	14	12	40									13.8		13.1			
2026	9	14	12	30									13.7		12.9			
2026	9	14	12	20									13.6		12.8			
2026	9	14	12	10									13.5		12.7			
2026	9	14	12	0									13.4		12.6			
2026	9	14	11	50									13.3		12.4			
2026	9	14	11	40									13.3		12.4			
2026	9	14	11	30									13.3		12.3			
2026	9	14	11	20									13.2		12.2			
2026	9	14	11	10									13.2		12.1			
2026	9	14	11	0									13.2		12.1			
2026	9	14	10	50									13.2		12.0			
2026	9	14	10	40									13.4		12.1			
2026	9	14	10	30	270.0	1.0							13.5		12.1			
2026	9	14	10	10		0.0							13.5		12.0			
2026	9	14	10	0	250.0	1.0							13.6		12.1			
2026	9	14	9	50	260.0	1.0							14.1		12.5			
2026	9	14	9	40	220.0	2.0							14.2		12.5			
2026	9	14	9	30	220.0	2.0							14.0		12.4			
2026	9	14	9	20	240.0	1.0							14.0		12.2			
2026	9	14	9	10	240.0	2.0							14.3		12.5			
2026	9	14	9	0	220.0	3.0							14.4		12.5			
2026	9	14	8	50	230.0	3.0							14.3		12.4			
2026	9	14	8	40	210.0	4.0							14.5		12.6			
2026	9	14	8	30	210.0	4.0							14.6		12.6			
2026	9	14	8	20	210.0	5.0							14.5		12.5			
2026	9	14	8	10	210.0	5.0							12.5					
2026	9	14	8	0	210.0	4.0							14.6		12.6			
2026	9	14	7	50	230.0	4.0							14.6		12.6			
2026	9	14	7	40									14.6		12.5			
2026	9	14	7	30	210.0	4.0							14.6		12.4			
2026	9	14	7	20	190.0	5.0												
2026	9	14	7	10	210.0	5.0							14.7		12.4			
2026	9	14	7	0	190.0	5.0							14.6		12.3			
2026	9	14	6	50									14.7		12.2			
2026	9	14	6	40	200.0	4.0							14.8		12.2			
2026	9	14	6	30	200.0	4.0							14.8		12.1			
2026	9	14	6	20	200.0	5.0							14.9		12.0			
2026	9	14	6	10	210.0	6.0							15.0		12.0			
2026	9	14	6	0	210.0	5.0							15.0		11.9			
2026	9	14	5	50	210.0	7.0							15.0		11.9			
2026	9	14	5	40	200.0	5.0							15.0		11.8			
2026	9	14	5	30	200.0	5.0							15.1		11.8			
2026	9	14	5	20	210.0	5.0							15.1		11.8			
2026	9	14	5	10	200.0	4.0							15.2		11.8			
2026	9	14	5	0	210.0	5.0							15.4		11.9			
2026	9	14	4	50	210.0	5.0							15.5		12.1			
2026	9	14	4	40	210.0	6.0							15.5		12.1			
2026	9	14	4	30	210.0	4.0							15.5		12.0			
2026	9	14	4	20	220.0	5.0							15.6		11.9			
2026	9	14	4	10	220.0	6.0							15.7		11.9			
2026	9	14	4	0	230.0	7.0							15.8		11.9			
2026	9	14	3	50	220.0	6.0							15.9		11.9			
2026	9	14	3	40	230.0	6.0							15.9		11.9			
2026	9	14	3	30	220.0	7.0							16.0		11.8			
2026	9	14	3	20	230.0	6.0							16.0		11.7			
2026	9	14	3	10	240.0	6.0							16.2		11.7			
2026	9	14	3	0	220.0	7.0							16.3		11.9			
2026	9	14	2	50	230.0	7.0												
2026	9	14	2	30	250.0	4.0							16.6		12.3			
2026	9	14	2	20	230.0	6.0							16.9		12.6			
2026	9	14	2	10	250.0	6.0							16.9		12.7			
2026	9	14	2	0	230.0	8.0							17.0		12.8			
2026	9	14	1	50	240.0	9.0							17.1		13.0			
2026	9	14	1	40	230.0	5.0							17.1		13.0			
2026	9	14	1	30	220.0	6.0							17.2		13.1			
2026	9	14	1	20	220.0	6.0							17.3		13.2			
2026	9	14	1	10	240.0	6.0							17.3		13.2			
2026	9	14	1	0	230.0	8.0							17.3		13.4			
2026	9	14	0	50	230.0	8.0							17.3		13.4			
2026	9	14	0	40	210.0	5.0							17.1		13.2			
2026	9	14	0	30	220.0	6.0							17.2		13.4			
2026	9	14	0	20	220.0	7.0							17.1		13.4			
2026	9	14	0	10	220.0	6.0							17.0		13.5			
2026	9	14	0	0	210.0	5.0							16.9		13.5			
2026	9	13	23	50	230.0	6.0							16.9		13.7			
2026	9	13	23	40	240.0	6.0							16.8		13.8			
2026	9	13	23	30	230.0	7.0							16.8		13.9			
2026	9	13	23	20	220.0	5.0							16.6		14.0			
2026	9	13	23	10	230.0	4.0							16.5		14.1			
2026	9	13	23	0	230.0	4.0							13.6					
2026	9	13	22	50	230.0	4.0							16.5		14.2			
2026	9	13	22	40	220.0	5.0							16.3		14.1			
2026	9	13	22	30	230.0	5.0							16.4		14.2			
2026	9	13	22	20	220.0	4.0							16.4		14.2			
2026	9	13	22	10	200.0	3.0							16.4		14.4			
2026	9	13	22	0	210.0	3.0							16.4		14.4			
2026	9	13	21	50	210.0	4.0							16.3		14.4			
2026	9	13	21	40	210.0	5.0							16.3		14.5			
2026	9	13	21	30									16.2		14.5			
2026	9	13	21	20									15.9		14.3			
2026	9	13	21	10									15.8		14.3			
2026	9	13	21	0									15.7		14.3			
2026	9	13	20	50									15.5		14.3			
2026	9	13	20	40									15.5		14.4			
2026	9	13	20	30									15.3		14.3			
2026	9	13	20	20									15.3		14.4			
2026	9	13	20	10									15.1		14.3			
2026	9	13	20	0									15.1		14.4			
2026	9	13	19	50									15.0		14.4			
2026	9	13	19	40									14.9		14.5			
2026	9	13	19	30									14.7		14.4			
2026	9	13	19	20									14.6		14.3			
2026	9	13	18	30	210.0	4.0							13.8		13.6			
2026	9	13	18	20	220.0	4.0							13.7		13.5			
2026	9	13	18	10	220.0	5.0							13.6		13.4			
2026	9	13	18	0	220.0	4.0							13.5		13.3			
2026	9	13	17	50	210.0	4.0							13.4		13.2			
2026	9	13	17	40	210.0	5.0							13.4		13.2			
2026	9	13	17	30	210.0	4.0							13.3		13.0			
2026	9	13	17	20	220.0	4.0							13.3		13.0			
2026	9	13	17	10	220.0	5.0							13.3		13.1			
2026	9	13	17	0	230.0	3.0							13.1		12.8			
2026	9	13	16	50	220.0	4.0							13.1		12.8			
2026	9	13	16	40	200.0	5.0							13.1		12.7			
2026	9	13	16	30	210.0	4.0							13.2		12.8			
2026	9	13	16	20	230.0	4.0							13.0		12.7			
2026	9	13	16	10	220.0	5.0							13.0		12.6			
2026	9	13	16	0	200.0	5.0							13.0		12.6			
2026	9	13	15	50	210.0	5.0							13.0		12.6			
2026	9	13	15	40	220.0	5.0							13.0		12.7			
2026	9	13	15	30	210.0	5.0							13.0		12.6			
2026	9	13	15	20	200.0	7.0							13.1		12.7			
2026	9	13	15	10	200.0	5.0							13.0		12.6			
2026	9	13	15	0	220.0	4.0							13.0		12.6			
2026	9	13	14	50	220.0	6.0							13.1		12.6			
2026	9	13	14	40	210.0	6.0							13.1		12.7			
2026	9	13	14	30	200.0	4.0							13.2		12.7			
2026	9	13	14	20	200.0	5.0							13.2		12.7			
2026	9	13	14	10	210.0	4.0							13.2		12.7			
2026	9	13	14	0	200.0	5.0							13.2		12.7			
2026	9	13	13	50	190.0	6.0							13.4		12.7			
2026	9	13	13	40	190.0	6.0							13.6		13.0			
2026	9	13	13	30	200.0	5.0							13.5		12.9			
2026	9	13	13	20	190.0	3.0							13.6		12.9			
2026	9	13	13	10	190.0	4.0							13.5		12.8			
2026	9	13	13	0	220.0	3.0							13.5		12.8			
2026	9	13	12	50	210.0	4.0							13.6		12.9			
2026	9	13	12	40	210.0	3.0							13.7		13.0			
2026	9	13	12	30	240.0	4.0							13.5		12.8			
2026	9	13	12	20	230.0	4.0							13.6		12.9			
2026	9	13	12	10	240.0	6.0							13.6		12.9			
2026	9	13	12	0	240.0	5.0							13.7		13.0			
2026	9	13	11	50	230.0	4.0							13.7		13.0			
2026	9	13	11	40	240.0	5.0							13.5		12.8			
2026	9	13	11	30	240.0	4.0							13.7		13.0			
2026	9	13	11	20	220.0	3.0							13.8		13.1			
2026	9	13	11	10	230.0	3.0							13.8		13.2			
2026	9	13	11	0	240.0	4.0							13.7		13.1			
2026	9	13	10	50	230.0	3.0							13.8		13.2			
2026	9	13	10	40	240.0	3.0							13.9		13.3			
2026	9	13	10	30	240.0	4.0							13.9		13.3			
2026	9	13	10	20	240.0	3.0							14.1		13.6			
2026	9	13	10	10	230.0	3.0							14.0		13.5			
2026	9	13	10	0									14.0		13.5			
2026	9	13	9	50	250.0	4.0							13.9		13.4			
2026	9	13	9	40	260.0	5.0							13.8		13.3			
2026	9	13	9	30	240.0	3.0							13.9		13.4			
2026	9	13	9	20	210.0	3.0							14.0		13.5			
2026	9	13	9	10	200.0	2.0							14.1		13.5			
2026	9	13	9	0	220.0	2.0							14.1		13.5			
2026	9	13	8	50	220.0	4.0							14.1		13.6			
2026	9	13	8	40	220.0	4.0							14.2		13.6			
2026	9	13	8	30									13.6					
2026	9	13	8	20	210.0	2.0							14.3		13.6			
2026	9	13	8	10	190.0	3.0							14.3		13.6			
2026	9	13	8	0	200.0	3.0							14.4		13.6			
2026	9	13	7	50	200.0	3.0							14.4		13.6			
2026	9	13	7	40	220.0	1.0							14.3		13.4			
2026	9	13	7	30	280.0	1.0							14.4		13.5			
2026	9	13	7	20	170.0	2.0							14.4		13.5			
2026	9	13	7	10	170.0	2.0							14.3		13.4			
2026	9	13	7	0	140.0	1.0							14.3		13.3			
2026	9	13	6	50	180.0	2.0							14.3		13.3			
2026	9	13	6	40	200.0	3.0							14.3		13.2			
2026	9	13	6	30	210.0	1.0							14.3		13.2			
2026	9	13	6	20	220.0	3.0							14.4		13.3			
2026	9	13	6	10	230.0	3.0							14.4		13.2			
2026	9	13	6	0	230.0	3.0							14.5		13.2			
2026	9	13	5	50	240.0	3.0							14.5		13.1			
2026	9	13	5	40	220.0	3.0							14.7		13.3			
2026	9	13	5	30	230.0	4.0							14.5		13.0			
2026	9	13	5	20									14.6		12.9			
2026	9	13	5	10									14.7		12.8			
2026	9	13	5	0									14.8		12.8			
2026	9	13	4	50									14.8		12.5			
2026	9	13	4	40									14.9		12.3			
2026	9	13	4	30									15.0		12.2			
2026	9	13	4	20									15.1		11.9			
2026	9	13	4	10									15.4		11.7			
2026	9	13	4	0									15.7		11.4			
2026	9	13	3	50									15.8		11.3			
2026	9	13	3	40									16.1		11.3			
2026	9	13	3	30									16.2		11.3			
2026	9	13	3	20									16.4		11.3			
2026	9	13	3	10									16.6		11.6			
2026	9	13	3	0									16.6		12.1			
2026	9	13	2	50									16.6		12.6			
2026	9	13	2	40	260.0	3.0							16.5		13.1			
2026	9	13	2	30	320.0	2.0							16.4		12.7			
2026	9	13	2	20	280.0	2.0							16.1		12.5			
2026	9	13	2	10	310.0	2.0							16.0		12.5			
2026	9	13	2	0	280.0	2.0							16.5		12.7			
2026	9	13	1	50	330.0	2.0												
2026	9	13	1	40	340.0	1.0							16.5		12.4			
2026	9	13	1	30	340.0	1.0							17.0		12.7			
2026	9	13	1	20	50.0	1.0							16.9		12.8			
2026	9	13	1	10	100.0	2.0							16.3		13.0			
2026	9	13	1	0	100.0	2.0							16.1		13.1			
2026	9	13	0	40	100.0	2.0							16.5		13.3			
2026	9	13	0	30	140.0	2.0							16.4		13.1			
2026	9	13	0	20	150.0	2.0							16.4		13.1			
2026	9	13	0	10	150.0	2.0							16.2		12.8			
2026	9	13	0	0	150.0	2.0							16.4		12.5			
2026	9	12	23	50	140.0	2.0							16.5		12.2			
2026	9	12	23	40	150.0	3.0							16.7		11.6			
2026	9	12	23	30	180.0	3.0							16.9		11.8			
2026	9	12	23	20	180.0	3.0							17.0		12.1			
2026	9	12	23	10	180.0	3.0							16.9		12.2			
2026	9	12	23	0	180.0	3.0												
2026	9	12	22	50	190.0	3.0							16.8		12.6			
2026	9	12	22	40	190.0	3.0							16.7		12.8			
2026	9	12	22	30	190.0	3.0							16.5		13.0			
2026	9	12	22	20	180.0	3.0							16.0		13.0			
2026	9	12	22	10	170.0	4.0							15.8		12.6			
2026	9	12	22	0	170.0	3.0							16.0		12.4			
2026	9	12	21	50	150.0	2.0							16.4		12.2			
2026	9	12	21	40									16.8		11.8			
2026	9	12	21	30	170.0	1.0							17.3		11.7			
2026	9	12	21	20	150.0	2.0							16.5		11.0			
2026	9	12	21	10	160.0	2.0							16.6		11.2			
2026	9	12	21	0	180.0	1.0							16.4		11.2			
2026	9	12	20	50	190.0	1.0							16.8		11.5			
2026	9	12	20	40	170.0	1.0							16.5		11.6			
2026	9	12	20	30	200.0	1.0							16.3		11.8			
2026	9	12	20	20	220.0	1.0							15.7		11.7			
2026	9	12	20	10	250.0	1.0							15.9		12.0			
2026	9	12	20	0	240.0	1.0							15.9		12.0			
2026	9	12	19	50	280.0	1.0							15.7		11.9			
2026	9	12	19	40	270.0	1.0							15.4		11.6			
2026	9	12	19	30	250.0	2.0							15.3		11.6			
2026	9	12	19	20	250.0	2.0							15.2		11.6			
2026	9	12	19	0	270.0	1.0							15.1		11.6			
2026	9	12	18	50									15.1		11.8			
2026	9	12	18	40	230.0	1.0							14.8		11.7			
2026	9	12	18	30	180.0	1.0							14.7		11.8			
2026	9	12	18	20		0.0							14.6		11.8			
2026	9	12	18	10	200.0	1.0							14.6		12.0			
2026	9	12	18	0		0.0							15.3		12.9			
2026	9	12	17	50		0.0							14.6		12.4			
2026	9	12	17	40		0.0							14.6		12.6			
2026	9	12	17	30		0.0							14.5		12.6			
2026	9	12	17	20		0.0							14.1		12.4			
2026	9	12	17	10		0.0							14.1		12.6			
2026	9	12	17	0	110.0	1.0							13.8		12.4			
2026	9	12	16	50		0.0							13.7		12.4			
2026	9	12	16	40	300.0	1.0							13.4		12.2			
2026	9	12	16	30	280.0	2.0							13.5		12.3			
2026	9	12	16	20	280.0	2.0							13.6		12.4			
2026	9	12	16	10	270.0	1.0							13.5		12.4			
2026	9	12	16	0	220.0	1.0							13.5		12.3			
2026	9	12	15	50	260.0	1.0							13.4		12.2			
2026	9	12	15	40	250.0	1.0							13.2		12.0			
2026	9	12	15	30	270.0	1.0							13.1		11.9			
2026	9	12	15	20	280.0	2.0							13.0		11.8			
2026	9	12	15	10	260.0	2.0							12.8		11.6			
2026	9	12	15	0	270.0	2.0							13.1		11.8			
2026	9	12	14	50	260.0	2.0							12.9		11.6			
2026	9	12	14	40	290.0	1.0							12.8		11.6			
2026	9	12	14	30	260.0	1.0							12.9		11.6			
2026	9	12	14	20	320.0	1.0							13.0		11.7			
2026	9	12	14	10	300.0	2.0							12.7		11.4			
2026	9	12	14	0	290.0	2.0							13.0		11.6			
2026	9	12	13	50	230.0	1.0							13.2		11.9			
2026	9	12	13	40	220.0	1.0												
2026	9	12	13	30	240.0	1.0							12.9		11.5			
2026	9	12	13	20	290.0	2.0							12.8		11.4			
2026	9	12	13	10	270.0	2.0							13.0		11.5			
2026	9	12	13	0	300.0	1.0							12.7		11.3			
2026	9	12	12	50	290.0	2.0							12.7		11.2			
2026	9	12	12	40	290.0	2.0							12.9		11.4			
2026	9	12	12	30									12.8		11.3			
2026	9	12	12	20									12.7		11.1			
2026	9	12	12	10									12.8		11.2			
2026	9	12	12	0									12.8		11.2			
2026	9	12	11	50									12.9		11.3			
2026	9	12	11	40									13.0		11.3			
2026	9	12	11	30									13.1		11.4			
2026	9	12	11	20									13.3		11.6			
2026	9	12	11	10									13.2		11.5			
2026	9	12	11	0									13.2		11.5			
2026	9	12	10	50									13.1		11.4			
2026	9	12	10	40									13.2		11.5			
2026	9	12	10	30									13.1		11.4			
2026	9	12	10	20									13.2		11.5			
2026	9	12	10	10									13.2		11.5			
2026	9	12	10	0	270.0	3.0							13.1		11.3			
2026	9	12	9	50	270.0	3.0							13.0		11.3			
2026	9	12	9	40	270.0	2.0							13.2		11.4			
2026	9	12	9	30	260.0	2.0							13.4		11.5			
2026	9	12	9	20	260.0	2.0							13.3		11.4			
2026	9	12	9	10	250.0	2.0							13.3		11.4			
2026	9	12	9	0	280.0	2.0							13.1		11.2			
2026	9	12	8	50	280.0	2.0							13.1		11.1			
2026	9	12	8	40	280.0	1.0							13.1		11.1			
2026	9	12	8	30	290.0	2.0							13.4		11.3			
2026	9	12	8	20	320.0	1.0							13.3		11.1			
2026	9	12	8	10	290.0	2.0							13.1		10.9			
2026	9	12	8	0	280.0	2.0							13.2		10.9			
2026	9	12	7	50									13.3		10.9			
2026	9	12	7	40	270.0	2.0							13.7		11.2			
2026	9	12	7	30	270.0	2.0							13.4		10.9			
2026	9	12	7	20	260.0	1.0							13.4		10.9			
2026	9	12	7	10	290.0	2.0							13.6		10.9			
2026	9	12	7	0	280.0	2.0							13.6					
2026	9	12	6	50	330.0	1.0							13.8		11.1			
2026	9	12	6	40	280.0	1.0							13.7		11.0			
2026	9	12	6	30	280.0	1.0							13.6		10.8			
2026	9	12	6	20	280.0	1.0							13.4		10.6			
2026	9	12	6	10	300.0	2.0							13.6		10.7			
2026	9	12	6	0	280.0	3.0							13.5		10.6			
2026	9	12	5	50	270.0	2.0							13.8		10.8			
2026	9	12	5	40									13.7		10.7			
2026	9	12	5	30	270.0	2.0							14.0		10.9			
2026	9	12	5	20	280.0	2.0							14.0		10.8			
2026	9	12	5	10	290.0	2.0							14.4		11.1			
2026	9	12	5	0	320.0	1.0							14.3		11.0			
2026	9	12	4	50	310.0	1.0							14.2		11.1			
2026	9	12	4	40	290.0	2.0							13.9		11.0			
2026	9	12	4	30	270.0	3.0							13.9		10.9			
2026	9	12	4	20	270.0	2.0							14.2		11.1			
2026	9	12	4	10	290.0	2.0							14.4		11.1			
2026	9	12	4	0	270.0	2.0							14.7		11.2			
2026	9	12	3	50	280.0	2.0							14.6		11.0			
2026	9	12	3	40	270.0	3.0							14.8		11.0			
2026	9	12	3	30	280.0	3.0							15.2		11.1			
2026	9	12	3	20	310.0	1.0							15.5		11.0			
2026	9	12	3	10		0.0							15.2		10.6			
2026	9	12	3	0		0.0							15.5		10.9			
2026	9	12	2	50	310.0	1.0							16.0		11.0			
2026	9	12	2	40	310.0	1.0							16.0		11.0			
2026	9	12	2	30	260.0	2.0							16.2		11.3			
2026	9	12	2	20	240.0	1.0							16.2		11.3			
2026	9	12	2	10	310.0	1.0							16.5		11.5			
2026	9	12	2	0	330.0	1.0							16.6		11.4			
2026	9	12	1	50		0.0							16.4		11.1			
2026	9	12	1	40	180.0	1.0							16.5		11.2			
2026	9	12	1	30	230.0	1.0							16.4		11.3			
2026	9	12	1	20									16.5		11.6			
2026	9	12	1	10	110.0	2.0							16.5		11.5			
2026	9	12	1	0	110.0	2.0							16.4		11.5			
2026	9	12	0	50	80.0	2.0							16.4		11.4			
2026	9	12	0	40	120.0	2.0							16.5		11.2			
2026	9	12	0	30	140.0	2.0							16.8		11.0			
2026	9	12	0	20	110.0	1.0							17.1		11.0			
2026	9	12	0	10	160.0	3.0							16.8		10.8			
2026	9	12	0	0	160.0	3.0							16.9		10.4			
2026	9	11	23	50	150.0	3.0							17.1		10.4			
2026	9	11	23	40	140.0	3.0							17.3		10.5			
2026	9	11	23	30	140.0	3.0							17.1		10.8			
2026	9	11	23	20									16.8		11.2			
2026	9	11	23	10	130.0	3.0							16.6		11.1			
2026	9	11	23	0	120.0	3.0							16.7		11.1			
2026	9	11	22	50	120.0	3.0							16.5		11.2			
2026	9	11	22	40	140.0	2.0							16.5		11.4			
2026	9	11	22	30	120.0	3.0							16.3		11.2			
2026	9	11	22	20	110.0	3.0							16.2		11.2			
2026	9	11	22	10	120.0	3.0							16.3		11.2			
2026	9	11	22	0	120.0	3.0							16.3		11.1			
2026	9	11	21	50	110.0	4.0							16.4		11.0			
2026	9	11	21	40	100.0	1.0							16.5		10.9			
2026	9	11	21	30	160.0	1.0							16.7		10.7			
2026	9	11	21	20	150.0	2.0							16.8		10.6			
2026	9	11	21	10	230.0	3.0							16.2		10.9			
2026	9	11	21	0	140.0	2.0							16.3		10.7			
2026	9	11	20	50	170.0	3.0							16.5		10.7			
2026	9	11	20	40	170.0	3.0							16.5		10.9			
2026	9	11	20	30	180.0	4.0							16.2		10.8			
2026	9	11	20	20	160.0	5.0							16.1		10.7			
2026	9	11	20	10	160.0	5.0							16.1		10.9			
2026	9	11	20	0	180.0	5.0							16.1		11.0			
2026	9	11	19	50									15.9		11.0			
2026	9	11	19	40	160.0	4.0							15.9		11.1			
2026	9	11	19	30	160.0	2.0							15.9		11.3			
2026	9	11	19	20	160.0	3.0							15.8		11.2			
2026	9	11	19	10									15.6		11.0			
2026	9	11	18	30									15.7		10.9			
2026	9	11	18	20									15.6		10.9			
2026	9	11	18	10									15.3		10.6			
2026	9	11	18	0									15.2		10.7			
2026	9	11	17	50									15.3		10.8			
2026	9	11	17	40									15.0		10.7			
2026	9	11	17	30									14.9		10.8			
2026	9	11	17	20									14.9		10.9			
2026	9	11	17	10									14.8		11.0			
2026	9	11	17	0									14.7		11.0			
2026	9	11	16	50									14.5		11.0			
2026	9	11	16	40	210.0	4.0							14.5		11.0			
2026	9	11	16	30	220.0	4.0							14.3		10.9			
2026	9	11	16	20	210.0	4.0							14.2		11.0			
2026	9	11	16	10	210.0	4.0							14.0		11.0			
2026	9	11	16	0	230.0	4.0							13.9		11.0			
2026	9	11	15	50	220.0	3.0							13.6		10.9			
2026	9	11	15	40	220.0	3.0							13.7		11.1			
2026	9	11	15	30	220.0	2.0							13.4		10.8			
2026	9	11	15	20	230.0	2.0							13.3		10.8			
2026	9	11	15	10	220.0	3.0							13.4		10.9			
2026	9	11	15	0	210.0	3.0							13.2		10.8			
2026	9	11	14	50	200.0	5.0							13.3		11.0			
2026	9	11	14	40	200.0	4.0							13.2		11.0			
2026	9	11	14	30	190.0	5.0							13.2		11.0			
2026	9	11	14	20	200.0	4.0							13.1		10.9			
2026	9	11	14	10									13.0		10.7			
2026	9	11	14	0	210.0	3.0							12.9		10.7			
2026	9	11	13	50	200.0	3.0							13.1		10.9			
2026	9	11	13	40	200.0	4.0							13.1		10.8			
2026	9	11	13	30									13.1		10.9			
2026	9	11	13	20	200.0	3.0							12.9		10.8			
2026	9	11	13	10	190.0	3.0							12.9		10.7			
2026	9	11	13	0	200.0	3.0							12.7		10.6			
2026	9	11	12	50	200.0	2.0							12.8		10.6			
2026	9	11	12	40	200.0	4.0							12.9		10.7			
2026	9	11	12	30	180.0	4.0							12.8		10.6			
2026	9	11	12	20	190.0	3.0							13.0		10.7			
2026	9	11	12	10	190.0	3.0							12.9		10.7			
2026	9	11	12	0									13.0		10.7			
2026	9	11	11	50	200.0	4.0							13.1		10.8			
2026	9	11	11	40	200.0	4.0							13.2		11.0			
2026	9	11	11	30	200.0	5.0							13.3		11.0			
2026	9	11	11	20	200.0	4.0							13.3		11.0			
2026	9	11	11	10	210.0	4.0							13.3		11.0			
2026	9	11	11	0	190.0	4.0							13.0		10.7			
2026	9	11	10	50	190.0	4.0							13.1		10.7			
2026	9	11	10	40	180.0	4.0							13.1		10.8			
2026	9	11	10	30	180.0	4.0							13.2		10.8			
2026	9	11	10	20	190.0	4.0							13.1		10.7			
2026	9	11	10	10	210.0	3.0							13.3		10.9			
2026	9	11	10	0	200.0	4.0							13.2		10.7			
2026	9	11	9	50	200.0	5.0							13.3		10.7			
2026	9	11	9	40	210.0	4.0							13.4		10.8			
2026	9	11	9	30	190.0	4.0							13.3		10.7			
2026	9	11	9	20	210.0	3.0							13.3		10.6			
2026	9	11	9	10	200.0	3.0							13.4		10.7			
2026	9	11	9	0	200.0	4.0							13.5		10.7			
2026	9	11	8	50	190.0	3.0							13.6		10.8			
2026	9	11	8	40	180.0	4.0							13.7		10.9			
2026	9	11	8	30	190.0	3.0							13.8		11.0			
2026	9	11	8	20	190.0	4.0							14.0		11.0			
2026	9	11	8	10	190.0	4.0							13.6					
2026	9	11	8	0	210.0	4.0							14.0		11.0			
2026	9	11	7	50	210.0	4.0							14.1		11.1			
2026	9	11	7	40	220.0	4.0							14.1		11.0			
2026	9	11	7	30	200.0	3.0							14.2		11.1			
2026	9	11	7	20	230.0	3.0							14.1		11.1			
2026	9	11	7	10	230.0	2.0							14.1		11.0			
2026	9	11	7	0									14.1		10.9			
2026	9	11	6	50	230.0	3.0							14.2		10.9			
2026	9	11	6	40	230.0	3.0							14.2		10.8			
2026	9	11	6	30	230.0	3.0							14.4		10.9			
2026	9	11	6	20	230.0	3.0							14.6		11.0			
2026	9	11	6	10	220.0	3.0							14.6		10.9			
2026	9	11	6	0	220.0	4.0							14.8		11.0			
2026	9	11	5	50	240.0	3.0							14.8		10.9			
2026	9	11	5	40	210.0	2.0							15.1		11.1			
2026	9	11	5	30	240.0	2.0							15.2		11.2			
2026	9	11	5	20	250.0	4.0							15.4		11.3			
2026	9	11	5	10	250.0	5.0							15.5		11.3			
2026	9	11	5	0	250.0	5.0							15.6		11.4			
2026	9	11	4	50	260.0	6.0							15.8		11.4			
2026	9	11	4	40	240.0	4.0							15.9		11.5			
2026	9	11	4	30	250.0	5.0							16.2		11.7			
2026	9	11	4	20	280.0	5.0							16.2		11.7			
2026	9	11	4	10	280.0	5.0							16.4		11.8			
2026	9	11	4	0	260.0	4.0							16.6		11.9			
2026	9	11	3	50	270.0	4.0												
2026	9	11	3	40	260.0	5.0							17.0		11.8			
2026	9	11	3	30	250.0	4.0							17.0		11.7			
2026	9	11	3	20	260.0	6.0							17.2		11.8			
2026	9	11	3	10	260.0	5.0							17.3		11.8			
2026	9	11	3	0	240.0	6.0							17.5		11.8			
2026	9	11	2	50	240.0	5.0							17.7		11.8			
2026	9	11	2	40	240.0	6.0							18.0		11.7			
2026	9	11	2	30	240.0	4.0							18.4		11.7			
2026	9	11	2	20	240.0	5.0							18.8		11.6			
2026	9	11	2	10	240.0	6.0							19.0		11.7			
2026	9	11	2	0	240.0	3.0							19.4		12.0			
2026	9	11	1	50	270.0	6.0							19.4		11.8			
2026	9	11	1	40	270.0	5.0							19.7		12.0			
2026	9	11	1	30	270.0	5.0							19.9		11.9			
2026	9	11	1	20									20.4		12.3			
2026	9	11	1	10									20.4		12.6			
2026	9	11	1	0									20.3		13.2			
2026	9	11	0	50									20.3		14.3			
2026	9	11	0	40									19.4		14.6			
2026	9	11	0	30									19.2		14.6			
2026	9	11	0	20									19.1		14.7			
2026	9	11	0	10									18.9		14.9			
2026	9	11	0	0									18.9		14.7			
2026	9	10	23	50									18.9		14.8			
2026	9	10	23	40									18.9		14.5			
2026	9	10	23	30									19.0		14.1			
2026	9	10	23	20									19.5		13.6			
2026	9	10	23	10									19.9		13.6			
2026	9	10	23	0									19.7		13.7			
2026	9	10	22	50									19.8		14.0			
2026	9	10	22	40	230.0	1.0							19.5		14.1			
2026	9	10	22	30	170.0	2.0							19.0		14.1			
2026	9	10	22	20	170.0	3.0							19.0		14.0			
2026	9	10	22	10	160.0	3.0							19.2		13.7			
2026	9	10	22	0	200.0	3.0							19.3		13.5			
2026	9	10	21	50	220.0	4.0							19.1		13.7			
2026	9	10	21	40	190.0	3.0							19.1		13.7			
2026	9	10	21	30	150.0	2.0							19.5		13.9			
2026	9	10	21	20	130.0	1.0							19.3		13.7			
2026	9	10	21	10	90.0	1.0							19.4		13.7			
2026	9	10	21	0									19.2		13.7			
2026	9	10	20	50	20.0	1.0							19.0		13.5			
2026	9	10	20	40	50.0	1.0							19.1		13.4			
2026	9	10	20	30	90.0	1.0							18.9		13.0			
2026	9	10	20	20	50.0	1.0							18.7		12.5			
2026	9	10	20	10	90.0	1.0							18.9		12.3			
2026	9	10	20	0	110.0	1.0							19.4		12.3			
2026	9	10	19	50		0.0							20.2		13.1			
2026	9	10	19	40		0.0							19.7		12.8			
2026	9	10	19	30		0.0							19.2		12.8			
2026	9	10	19	20	290.0	1.0							19.3		13.0			
2026	9	10	19	10	310.0	1.0							19.4		13.6			
2026	9	10	18	30	280.0	1.0							17.3		12.7			
2026	9	10	18	20									17.1		12.7			
2026	9	10	18	10	260.0	2.0							17.2		12.8			
2026	9	10	18	0	220.0	2.0							16.9		12.6			
2026	9	10	17	50	240.0	1.0							17.0		12.6			
2026	9	10	17	40	230.0	1.0							17.3		12.9			
2026	9	10	17	30	190.0	1.0							17.6		13.4			
2026	9	10	17	20		0.0							17.2		13.3			
2026	9	10	17	10		0.0							16.7		13.1			
2026	9	10	17	0	50.0	2.0							16.4		13.0			
2026	9	10	16	50	40.0	2.0							16.2		13.0			
2026	9	10	16	40	30.0	3.0							16.2		13.0			
2026	9	10	16	30	30.0	3.0							16.2		13.2			
2026	9	10	16	20	40.0	4.0							15.9		13.1			
2026	9	10	16	10	40.0	4.0							15.7		13.2			
2026	9	10	16	0	40.0	5.0							15.6		13.3			
2026	9	10	15	50	40.0	6.0							15.6		13.5			
2026	9	10	15	40	40.0	5.0							15.3		13.4			
2026	9	10	15	30	30.0	3.0							15.5		13.6			
2026	9	10	15	20	40.0	3.0							15.5		13.6			
2026	9	10	15	10	40.0	4.0							15.5		13.6			
2026	9	10	15	0	320.0	1.0							15.6		13.8			
2026	9	10	14	50	320.0	2.0							15.4		13.6			
2026	9	10	14	40	250.0	1.0							15.3		13.5			
2026	9	10	14	30	270.0	1.0							15.5		13.6			
2026	9	10	14	20	270.0	1.0							15.4		13.5			
2026	9	10	14	10	250.0	2.0							15.5		13.5			
2026	9	10	14	0									15.6		13.6			
2026	9	10	13	50	300.0	2.0							15.6		13.6			
2026	9	10	13	40	270.0	2.0							15.7		13.6			
2026	9	10	13	30	310.0	1.0							15.7		13.6			
2026	9	10	13	20									15.6		13.5			
2026	9	10	13	10	350.0	1.0							15.6		13.4			
2026	9	10	13	0	290.0	2.0							15.6		13.2			
2026	9	10	12	50	270.0	2.0							15.7		13.3			
2026	9	10	12	40	280.0	3.0							15.8		13.3			
2026	9	10	12	30	270.0	2.0							16.0		13.4			
2026	9	10	12	20	270.0	1.0							15.9		13.3			
2026	9	10	12	10	330.0	1.0							15.8		13.1			
2026	9	10	12	0	290.0	2.0							15.6		12.8			
2026	9	10	11	50	290.0	2.0							15.7		12.7			
2026	9	10	11	40	310.0	2.0							15.9		12.9			
2026	9	10	11	30	290.0	3.0							15.7		12.7			
2026	9	10	11	20	280.0	3.0							15.9		12.9			
2026	9	10	11	10	280.0	3.0							16.1		13.1			
2026	9	10	11	0	280.0	3.0							16.1		13.0			
2026	9	10	10	50	280.0	2.0							16.1		12.9			
2026	9	10	10	40	270.0	2.0							16.6		13.2			
2026	9	10	10	30	290.0	2.0							17.0		13.5			
2026	9	10	10	20									16.9		13.5			
2026	9	10	10	10	290.0	1.0							16.8		13.6			
2026	9	10	10	0	280.0	1.0							16.7		13.6			
2026	9	10	9	50	280.0	2.0							16.7		13.7			
2026	9	10	9	40	280.0	2.0							16.6		13.7			
2026	9	10	9	30	270.0	2.0							16.8		14.0			
2026	9	10	9	20	270.0	2.0							16.7		13.9			
2026	9	10	9	10	300.0	2.0							17.1		14.3			
2026	9	10	9	0	330.0	1.0							17.0		14.2			
2026	9	10	8	50	310.0	2.0							16.7		13.9			
2026	9	10	8	40	290.0	1.0							16.5		13.7			
2026	9	10	8	30	280.0	2.0							16.5		13.5			
2026	9	10	8	20	280.0	2.0							16.6		13.5			
2026	9	10	8	10	260.0	2.0							16.6		13.5			
2026	9	10	8	0	290.0	2.0							16.7		13.7			
2026	9	10	7	50	280.0	2.0							16.6		13.6			
2026	9	10	7	40	290.0	2.0							16.9		13.9			
2026	9	10	7	30	280.0	2.0							16.8		13.8			
2026	9	10	7	20	280.0	2.0							17.1		14.0			
2026	9	10	7	10	290.0	1.0							17.1		14.0			
2026	9	10	7	0	300.0	2.0							17.2		14.0			
2026	9	10	6	50									17.1		13.8			
2026	9	10	6	40									17.2		13.9			
2026	9	10	6	30									17.5		14.0			
2026	9	10	6	20									17.7		14.0			
2026	9	10	6	10									17.9		14.0			
2026	9	10	6	0									18.8		14.8			
2026	9	10	5	50									18.5		14.7			
2026	9	10	5	40									18.2		14.6			
2026	9	10	5	30									18.1		14.6			
2026	9	10	5	20									18.0		14.6			
2026	9	10	5	10									18.2		14.8			
2026	9	10	5	0									18.7		15.2			
2026	9	10	4	50									18.7		15.1			
2026	9	10	4	40									18.8		15.2			
2026	9	10	4	30									18.7		15.3			
2026	9	10	4	20	290.0	3.0							18.5		15.2			
2026	9	10	4	10	300.0	2.0							19.2		15.8			
2026	9	10	4	0		0.0							20.1		16.4			
2026	9	10	3	50	190.0	1.0							20.2		16.2			
2026	9	10	3	40	110.0	1.0							20.3		16.1			
2026	9	10	3	30	130.0	1.0							20.2		15.8			
2026	9	10	3	20		0.0							20.8		15.9			
2026	9	10	3	10	30.0	1.0							21.1		15.5			
2026	9	10	3	0		0.0							21.4		14.8			
2026	9	10	2	50	320.0	1.0							21.5		13.6			
2026	9	10	2	40	330.0	1.0							21.5		13.8			
2026	9	10	2	30	330.0	1.0							21.3		13.8			
2026	9	10	2	20		0.0							21.7		14.1			
2026	9	10	2	10	300.0	1.0							22.0		14.6			
2026	9	10	2	0		0.0							21.7		14.4			
2026	9	10	1	50		0.0							22.1		15.1			
2026	9	10	1	40		0.0							21.9		15.3			
2026	9	10	1	30									21.9		15.5			
2026	9	10	1	20		0.0							21.7		15.7			
2026	9	10	1	10		0.0							22.2		16.2			
2026	9	10	1	0	150.0	1.0							21.8		15.7			
2026	9	10	0	50	140.0	1.0							21.5		15.6			
2026	9	10	0	40	120.0	2.0							21.7		15.7			
2026	9	10	0	30	140.0	1.0							21.9		15.8			
2026	9	10	0	20	160.0	2.0							21.6		15.8			
2026	9	10	0	10	150.0	2.0							21.6		16.0			
2026	9	10	0	0	150.0	1.0							21.5		15.9			
2026	9	9	23	50	130.0	2.0							21.7		15.9			
2026	9	9	23	40	140.0	1.0							22.0		15.5			
2026	9	9	23	30	160.0	1.0							23.0		15.6			
2026	9	9	23	20	160.0	2.0							22.7		16.1			
2026	9	9	23	10	180.0	1.0							22.5		15.6			
2026	9	9	23	0	200.0	1.0							22.0		16.9			
2026	9	9	22	50	180.0	1.0												
2026	9	9	22	40	190.0	1.0							22.2		16.6			
2026	9	9	22	30	140.0	1.0							22.5		16.3			
2026	9	9	22	20		0.0							22.3		15.8			
2026	9	9	22	10	200.0	1.0							21.1		15.4			
2026	9	9	22	0	190.0	2.0							21.3		15.9			
2026	9	9	21	50	190.0	2.0							20.6		16.0			
2026	9	9	21	40	200.0	1.0							20.4		16.4			
2026	9	9	21	30	210.0	1.0							20.2		16.5			
2026	9	9	21	20	190.0	1.0							19.9		16.3			
2026	9	9	21	10	170.0	2.0							19.9		16.3			
2026	9	9	21	0	160.0	2.0							19.7		15.9			
2026	9	9	20	50	160.0	2.0							19.6		15.4			
2026	9	9	20	40	140.0	2.0							20.1		15.2			
2026	9	9	20	30	160.0	2.0							20.0		14.9			
2026	9	9	20	20	180.0	2.0							19.8		14.6			
2026	9	9	20	10	170.0	3.0							19.6		14.6			
2026	9	9	20	0	180.0	3.0							19.5		14.9			
2026	9	9	19	50	190.0	3.0							19.1		14.7			
2026	9	9	19	40	180.0	3.0							19.0		14.5			
2026	9	9	19	30	180.0	2.0							18.9		14.4			
2026	9	9	19	20	190.0	2.0							18.8		14.4			
2026	9	9	18	30	200.0	2.0							17.7		13.7			
2026	9	9	18	20	200.0	2.0							17.3		13.6			
2026	9	9	18	10	200.0	2.0							16.9		13.3			
2026	9	9	18	0	210.0	1.0							16.6		13.0			
2026	9	9	17	50	180.0	1.0							16.7		12.9			
2026	9	9	17	40	160.0	1.0							16.8		13.1			
2026	9	9	17	30	140.0	1.0							16.7		13.2			
2026	9	9	17	20	90.0	2.0							16.4		13.1			
2026	9	9	17	10	50.0	2.0							16.2		13.2			
2026	9	9	17	0	40.0	2.0							15.9		13.2			
2026	9	9	16	50	20.0	2.0							15.6		13.0			
2026	9	9	16	40	10.0	3.0							15.5		13.1			
2026	9	9	16	30	20.0	2.0							15.4		13.2			
2026	9	9	16	20	30.0	2.0							15.0		13.0			
2026	9	9	16	10	20.0	2.0							14.8		13.0			
2026	9	9	16	0	10.0	2.0							14.8		13.0			
2026	9	9	15	50	20.0	1.0							14.4		12.7			
2026	9	9	15	40	20.0	2.0							14.3		12.6			
2026	9	9	15	30	40.0	1.0							14.2		12.5			
2026	9	9	15	20	50.0	2.0							14.3		12.6			
2026	9	9	15	10	30.0	2.0							14.4		12.7			
2026	9	9	15	0		0.0							14.2		12.6			
2026	9	9	14	50									13.9		12.3			
2026	9	9	14	40	340.0	1.0							14.2		12.5			
2026	9	9	14	30	20.0	2.0							14.2		12.5			
2026	9	9	14	20	20.0	2.0							14.1		12.4			
2026	9	9	14	10	20.0	2.0							14.0		12.3			
2026	9	9	14	0	40.0	1.0							13.9		12.2			
2026	9	9	13	50	60.0	2.0							14.0		12.3			
2026	9	9	13	40	50.0	2.0							14.3		12.5			
2026	9	9	13	30	30.0	3.0							14.4		12.6			
2026	9	9	13	20	10.0	2.0							14.3		12.5			
2026	9	9	13	10	20.0	2.0							14.3		12.5			
2026	9	9	13	0	290.0	1.0							14.1		12.2			
2026	9	9	12	50	290.0	2.0							14.0		12.1			
2026	9	9	12	40	280.0	2.0							14.1		12.1			
2026	9	9	12	30	280.0	2.0							14.0		12.0			
2026	9	9	12	20	320.0	2.0							14.5		12.4			
2026	9	9	12	10	300.0	2.0							14.5		12.4			
2026	9	9	12	0	300.0	2.0												
2026	9	9	11	40	300.0	2.0							14.4		12.1			
2026	9	9	11	30									14.5		12.0			
2026	9	9	11	20									14.5		11.8			
2026	9	9	11	10									15.1		12.2			
2026	9	9	11	0									15.1		12.0			
2026	9	9	10	50									15.8		12.4			
2026	9	9	10	40									15.7		12.5			
2026	9	9	10	30									15.7		12.5			
2026	9	9	10	20									15.9		12.6			
2026	9	9	10	10									15.8		12.6			
2026	9	9	10	0									15.9		12.7			
2026	9	9	9	50									15.8		12.8			
2026	9	9	9	40									16.0		13.0			
2026	9	9	9	30									15.9		12.9			
2026	9	9	9	20	20.0	3.0							15.7		12.9			
2026	9	9	9	10	360.0	3.0							15.8		13.2			
2026	9	9	9	0	30.0	2.0							15.8		13.3			
2026	9	9	8	50	30.0	2.0							15.4		13.0			
2026	9	9	8	30	310.0	2.0							15.2		12.7			
2026	9	9	8	20	340.0	1.0							15.6		13.1			
2026	9	9	8	10	320.0	2.0							15.5		12.9			
2026	9	9	7	50	310.0	2.0							15.3		12.6			
2026	9	9	7	40	360.0	2.0							15.7		13.0			
2026	9	9	7	30	310.0	2.0							15.7		12.7			
2026	9	9	7	20	300.0	2.0							15.5		12.3			
2026	9	9	7	10	270.0	2.0							15.8		12.5			
2026	9	9	7	0	290.0	2.0							16.2		12.7			
2026	9	9	6	50	280.0	2.0							16.2		12.6			
2026	9	9	6	40	290.0	2.0							16.6		12.8			
2026	9	9	6	30	310.0	1.0							16.7		12.8			
2026	9	9	6	20	280.0	2.0							16.9		12.9			
2026	9	9	6	10	20.0	2.0							17.2		13.2			
2026	9	9	5	50	20.0	3.0							17.3		13.2			
2026	9	9	5	40	30.0	2.0							17.5		13.2			
2026	9	9	5	30	20.0	2.0							18.1		13.2			
2026	9	9	5	20	20.0	3.0							17.8		12.7			
2026	9	9	5	10	30.0	2.0							18.1		12.8			
2026	9	9	5	0	340.0	1.0												
2026	9	9	4	50	320.0	1.0							18.6		13.2			
2026	9	9	4	40	310.0	2.0							17.9		13.2			
2026	9	9	4	30	280.0	3.0							17.5		12.8			
2026	9	9	4	20	280.0	3.0							18.2		13.1			
2026	9	9	4	0	360.0	1.0							18.2		13.2			
2026	9	9	3	50	330.0	2.0							19.0		13.5			
2026	9	9	3	40	10.0	2.0							19.0		12.9			
2026	9	9	3	30	20.0	2.0							19.2		12.8			
2026	9	9	3	20	10.0	2.0							19.5		12.8			
2026	9	9	3	10	40.0	1.0							19.5		12.2			
2026	9	9	3	0	60.0	2.0							19.7		12.2			
2026	9	9	2	40	70.0	3.0							20.1		12.1			
2026	9	9	2	30	70.0	4.0							20.3		11.8			
2026	9	9	2	20	80.0	5.0							20.7		11.8			
2026	9	9	2	0	90.0	5.0							20.8		12.1			
2026	9	9	1	50	80.0	4.0							21.1		12.2			
2026	9	9	1	40	80.0	5.0							21.3		12.1			
2026	9	9	1	30	80.0	5.0							21.2		12.7			
2026	9	9	1	20	80.0	4.0							21.3		13.2			
2026	9	9	1	10	60.0	4.0							21.2		13.3			
2026	9	9	0	50	50.0	4.0							21.1		13.0			
2026	9	9	0	40	60.0	4.0							21.7		12.5			
2026	9	9	0	30	80.0	3.0							21.7		12.5			
2026	9	9	0	20	80.0	1.0							22.2		12.4			
2026	9	9	0	10	30.0	1.0							22.1		12.8			
2026	9	9	0	0	340.0	1.0							22.2		14.0			
2026	9	8	23	50		0.0							21.0		13.9			
2026	9	8	23	40	200.0	2.0							20.8		13.5			
2026	9	8	23	30	190.0	2.0							20.5		13.4			
2026	9	8	23	20	210.0	1.0												
2026	9	8	23	10	190.0	3.0							20.5		13.6			
2026	9	8	23	0									20.3		13.6			
2026	9	8	22	50									20.0		13.8			
2026	9	8	22	40									20.2		13.7			
2026	9	8	22	30									20.3		13.4			
2026	9	8	22	20									20.4		13.1			
2026	9	8	22	10									20.8		12.8			
2026	9	8	22	0									20.5		13.3			
2026	9	8	21	50									20.2		13.5			
2026	9	8	21	40									20.1		13.3			
2026	9	8	21	30									19.8		13.0			
2026	9	8	21	20									20.0		13.3			
2026	9	8	21	10									19.7		13.6			
2026	9	8	21	0									19.5		13.6			
2026	9	8	20	50									19.3		13.6			
2026	9	8	20	40									19.1		13.7			
2026	9	8	20	30									19.0		13.8			
2026	9	8	20	20									18.8		13.8			
2026	9	8	20	10									18.7		13.7			
2026	9	8	20	0									18.5		13.7			
2026	9	8	19	50	180.0	3.0							18.4		13.5			
2026	9	8	19	40	180.0	3.0							18.3		13.4			
2026	9	8	19	30									18.2		13.1			
2026	9	8	19	20	180.0	3.0							18.3		12.9			
2026	9	8	19	10	180.0	2.0							18.0		12.7			
2026	9	8	18	30		0.0							18.4		13.7			
2026	9	8	18	20	140.0	1.0							17.6		13.4			
2026	9	8	18	10	150.0	1.0							17.4		13.6			
2026	9	8	18	0	190.0	1.0							16.4		12.9			
2026	9	8	17	50	220.0	1.0							16.1		12.8			
2026	9	8	17	40	230.0	1.0							15.9		12.8			
2026	9	8	17	30	220.0	1.0							15.8		12.9			
2026	9	8	17	20	230.0	1.0							15.5		12.8			
2026	9	8	17	10	230.0	1.0							15.3		12.7			
2026	9	8	17	0	280.0	1.0							15.2		12.7			
2026	9	8	16	50		0.0							15.2		12.8			
2026	9	8	16	40	280.0	1.0							15.2		12.9			
2026	9	8	16	30	290.0	1.0							15.3		13.0			
2026	9	8	16	20		0.0							15.3		13.2			
2026	9	8	16	10		0.0							15.6		13.7			
2026	9	8	16	0									14.8		13.1			
2026	9	8	15	50									14.5		12.8			
2026	9	8	15	40									14.4		12.8			
2026	9	8	15	30									14.2		12.7			
2026	9	8	15	20									14.3		12.8			
2026	9	8	15	10									14.2		12.8			
2026	9	8	15	0									14.3		12.9			
2026	9	8	14	50									14.0		12.6			
2026	9	8	14	40									13.6		12.2			
2026	9	8	14	30									13.2		11.8			
2026	9	8	14	20									13.1		11.6			
2026	9	8	14	10									13.2		11.7			
2026	9	8	14	0									13.1		11.6			
2026	9	8	13	50									13.1		11.6			
2026	9	8	13	40	280.0	2.0							13.4		11.8			
2026	9	8	13	30	280.0	2.0							13.6		12.0			
2026	9	8	13	20	290.0	1.0							13.5		11.8			
2026	9	8	13	10	290.0	2.0							13.4		11.6			
2026	9	8	13	0	10.0	2.0							13.9		12.1			
2026	9	8	12	50	330.0	1.0							13.7		11.8			
2026	9	8	12	40	270.0	1.0												
2026	9	8	12	30	300.0	2.0							13.8		11.8			
2026	9	8	12	20	290.0	1.0							14.0		11.9			
2026	9	8	12	10	360.0	1.0							14.0		11.9			
2026	9	8	12	0	290.0	1.0							13.9		11.7			
2026	9	8	11	50	290.0	2.0							13.8		11.6			
2026	9	8	11	40	290.0	2.0							14.1		11.6			
2026	9	8	11	30	310.0	2.0							14.1		11.6			
2026	9	8	11	20	300.0	2.0							14.5		11.8			
2026	9	8	11	10	280.0	2.0							14.9		12.1			
2026	9	8	11	0	20.0	2.0							15.1		12.3			
2026	9	8	10	50	20.0	2.0							15.2		12.4			
2026	9	8	10	40									15.3		12.4			
2026	9	8	10	30	350.0	1.0							15.4		12.5			
2026	9	8	10	20	20.0	2.0							15.3		12.4			
2026	9	8	10	10	20.0	3.0							15.3		12.3			
2026	9	8	10	0	30.0	3.0							15.3		12.3			
2026	9	8	9	50	300.0	2.0							15.1		11.9			
2026	9	8	9	40	310.0	2.0							15.7		12.3			
2026	9	8	9	30	30.0	4.0							15.8		12.2			
2026	9	8	9	20	30.0	2.0							15.8		12.2			
2026	9	8	9	10	20.0	2.0							16.0		12.3			
2026	9	8	9	0	20.0	2.0							16.2		12.5			
2026	9	8	8	50	30.0	2.0							16.1		12.4			
2026	9	8	8	40	10.0	3.0							16.1		12.3			
2026	9	8	8	30	20.0	4.0							16.2		12.3			
2026	9	8	8	20	30.0	4.0							16.3		12.4			
2026	9	8	8	10	40.0	3.0							16.5		12.4			
2026	9	8	8	0	30.0	3.0							16.6		12.6			
2026	9	8	7	50									16.5		12.6			
2026	9	8	7	40	30.0	4.0							16.6		12.7			
2026	9	8	7	30	20.0	4.0							16.6		12.7			
2026	9	8	7	20	20.0	4.0							16.8		12.9			
2026	9	8	7	10	10.0	3.0							16.9		12.9			
2026	9	8	7	0	10.0	4.0							16.6		12.5			
2026	9	8	6	50	20.0	3.0							16.8		12.6			
2026	9	8	6	40	30.0	3.0							16.9		12.6			
2026	9	8	6	30	20.0	4.0							16.9		12.4			
2026	9	8	6	20	20.0	4.0												
2026	9	8	6	10	40.0	4.0							17.2		12.4			
2026	9	8	6	0	30.0	3.0							17.3		12.5			
2026	9	8	5	50	20.0	3.0							17.6		12.5			
2026	9	8	5	40	20.0	3.0							17.4		12.5			
2026	9	8	5	30	20.0	2.0							17.4		12.6			
2026	9	8	5	20	340.0	2.0							17.6		12.9			
2026	9	8	5	10	360.0	2.0							17.6		13.0			
2026	9	8	5	0	30.0	1.0							17.8		13.2			
2026	9	8	4	50	20.0	2.0												
2026	9	8	4	40	10.0	2.0							17.6		13.5			
2026	9	8	4	30	300.0	3.0							17.4		13.2			
2026	9	8	4	20									18.1		13.8			
2026	9	8	4	10	10.0	3.0							18.0		13.8			
2026	9	8	4	0	30.0	3.0							18.1		13.8			
2026	9	8	3	50	30.0	2.0							18.3		13.7			
2026	9	8	3	40	20.0	2.0							18.5		13.4			
2026	9	8	3	30	40.0	2.0							18.6		13.0			
2026	9	8	3	20	50.0	3.0							18.8		12.9			
2026	9	8	3	10	70.0	3.0							19.0		13.3			
2026	9	8	3	0	90.0	3.0							18.6		13.7			
2026	9	8	2	50	30.0	3.0							18.7		13.7			
2026	9	8	2	40	20.0	2.0							19.1		13.9			
2026	9	8	2	30	50.0	2.0							19.0		13.5			
2026	9	8	2	20	60.0	2.0							19.0		13.3			
2026	9	8	2	10	50.0	3.0							19.1		13.3			
2026	9	8	2	0	50.0	2.0							19.0		13.1			
2026	9	8	1	50	50.0	2.0							19.3		13.0			
2026	9	8	1	40	50.0	3.0							19.3		13.1			
2026	9	8	1	30	50.0	4.0							19.3		13.1			
2026	9	8	1	20	70.0	3.0							19.3		13.5			
2026	9	8	1	10	50.0	3.0							19.4		13.5			
2026	9	8	1	0	40.0	2.0							19.4		13.8			
2026	9	8	0	50	50.0	5.0							19.3		13.8			
2026	9	8	0	40	40.0	5.0							19.4		13.7			
2026	9	8	0	30	40.0	1.0							19.8		13.8			
2026	9	8	0	20	130.0	1.0							20.1		13.9			
2026	9	8	0	10	50.0	1.0							19.8		13.5			
2026	9	8	0	0	70.0	2.0							19.6		13.2			
2026	9	7	23	50	120.0	3.0							19.5		13.6			
2026	9	7	23	40	110.0	2.0							19.1		13.9			
2026	9	7	23	30	140.0	2.0							19.0		13.8			
2026	9	7	23	20	150.0	3.0							18.6		13.6			
2026	9	7	23	10	160.0	3.0							19.0		13.7			
2026	9	7	23	0	150.0	3.0							18.9		13.7			
2026	9	7	22	40	150.0	3.0							18.8		13.6			
2026	9	7	22	30	140.0	2.0							19.0		13.5			
2026	9	7	22	20	140.0	2.0							18.9		13.4			
2026	9	7	22	10	120.0	2.0							18.6		13.3			
2026	9	7	22	0	120.0	3.0							18.2		13.4			
2026	9	7	21	50	130.0	3.0							18.3		13.4			
2026	9	7	21	40	120.0	4.0							18.2		13.2			
2026	9	7	21	30	130.0	3.0							18.1		12.9			
2026	9	7	21	20	120.0	2.0							18.3		13.2			
2026	9	7	21	10	140.0	2.0							18.1		13.3			
2026	9	7	21	0	160.0	2.0							17.8		13.1			
2026	9	7	20	50	140.0	2.0							17.8		13.4			
2026	9	7	20	40	110.0	2.0							17.4		13.6			
2026	9	7	20	30	80.0	2.0							17.1		13.4			
2026	9	7	20	20	70.0	2.0							17.1		13.4			
2026	9	7	20	10	70.0	3.0							16.9		13.3			
2026	9	7	20	0	80.0	3.0							16.8		13.4			
2026	9	7	19	50	70.0	4.0							16.6		13.3			
2026	9	7	19	40	70.0	3.0							16.4		13.1			
2026	9	7	19	30									16.3		12.9			
2026	9	7	19	20									16.2		12.7			
2026	9	7	19	10									16.2		12.7			
2026	9	7	18	40									16.3		12.7			
2026	9	7	18	30									16.4		12.9			
2026	9	7	18	20									16.4		12.8			
2026	9	7	18	10									16.4		13.0			
2026	9	7	18	0									16.2		13.1			
2026	9	7	17	50									15.9		12.9			
2026	9	7	17	40									15.6		12.7			
2026	9	7	17	30	30.0	2.0							12.8					
2026	9	7	17	20	10.0	2.0							15.7		12.7			
2026	9	7	17	10	340.0	1.0							15.7		12.8			
2026	9	7	17	0									15.5		12.6			
2026	9	7	16	50	350.0	1.0							15.8		12.9			
2026	9	7	16	40	290.0	2.0							15.5		12.7			
2026	9	7	16	30	270.0	1.0							15.4		12.8			
2026	9	7	16	20	270.0	2.0							15.1		12.5			
2026	9	7	16	10	260.0	2.0							15.0		12.5			
2026	9	7	16	0	270.0	3.0							14.9		12.5			
2026	9	7	15	50									14.6		12.3			
2026	9	7	15	40	280.0	4.0							14.6		12.3			
2026	9	7	15	30	260.0	4.0							14.6		12.2			
2026	9	7	15	20	250.0	3.0							14.5		12.1			
2026	9	7	15	10	250.0	3.0							14.5		12.1			
2026	9	7	15	0	270.0	3.0							14.1		11.6			
2026	9	7	14	50	260.0	5.0							14.2		11.6			
2026	9	7	14	40	280.0	4.0							14.5		11.8			
2026	9	7	14	30	260.0	3.0							14.6		11.9			
2026	9	7	14	20	270.0	3.0							15.0		12.3			
2026	9	7	14	10	180.0	2.0							14.8		12.1			
2026	9	7	14	0	200.0	3.0							15.0		12.3			
2026	9	7	13	50	210.0	2.0							15.0		12.2			
2026	9	7	13	40	220.0	2.0							15.3		12.4			
2026	9	7	13	30									15.2		12.3			
2026	9	7	13	20	220.0	3.0							15.3		12.4			
2026	9	7	13	10	220.0	3.0							15.4		12.3			
2026	9	7	13	0	240.0	4.0							15.5		12.4			
2026	9	7	12	50	230.0	2.0							15.5		12.4			
2026	9	7	12	40	240.0	3.0							15.4		12.3			
2026	9	7	12	30	230.0	3.0							15.4		12.2			
2026	9	7	12	20	230.0	4.0							15.5		12.2			
2026	9	7	12	10	230.0	3.0							15.5		12.2			
2026	9	7	12	0	240.0	3.0							15.3		12.1			
2026	9	7	11	50	240.0	3.0							15.3		12.1			
2026	9	7	11	40	260.0	3.0							15.3		12.1			
2026	9	7	11	30	240.0	4.0							15.2		12.0			
2026	9	7	11	20	230.0	3.0							15.3		12.1			
2026	9	7	11	10	240.0	4.0							13.6					
2026	9	7	11	0	240.0	4.0							15.3		12.1			
2026	9	7	10	50	230.0	3.0							15.4		12.2			
2026	9	7	10	40	250.0	3.0							15.3		12.1			
2026	9	7	10	30	210.0	3.0							15.4		12.3			
2026	9	7	10	20	210.0	3.0							15.4		12.3			
2026	9	7	10	10	230.0	5.0							15.3		12.2			
2026	9	7	10	0	210.0	5.0							15.5		12.3			
2026	9	7	9	50	200.0	2.0							15.4		12.1			
2026	9	7	9	40	230.0	4.0							15.6		12.3			
2026	9	7	9	30	220.0	3.0							15.5		12.2			
2026	9	7	9	20	190.0	4.0							15.5		12.2			
2026	9	7	9	10	220.0	4.0							15.6		12.2			
2026	9	7	9	0	240.0	3.0							13.6					
2026	9	7	8	50	250.0	4.0							15.7		12.2			
2026	9	7	8	40	230.0	4.0							15.7		12.3			
2026	9	7	8	30	230.0	6.0							15.7		12.2			
2026	9	7	8	20	220.0	4.0							15.9		12.4			
2026	9	7	8	10	230.0	3.0							15.7		12.4			
2026	9	7	8	0	240.0	4.0							15.8		12.4			
2026	9	7	7	50	230.0	5.0							15.9		12.6			
2026	9	7	7	40									15.7		12.5			
2026	9	7	7	30	240.0	5.0							15.8		12.6			
2026	9	7	7	20	230.0	5.0							15.7		12.5			
2026	9	7	7	10	230.0	3.0							15.9		12.7			
2026	9	7	7	0	250.0	4.0							15.8		12.7			
2026	9	7	6	50	230.0	4.0							15.9		12.8			
2026	9	7	6	40	210.0	3.0							15.8		12.7			
2026	9	7	6	30	230.0	4.0							15.9		12.7			
2026	9	7	6	20	240.0	4.0							16.0		12.8			
2026	9	7	6	10	240.0	4.0							16.1		12.8			
2026	9	7	6	0	220.0	4.0							16.1		12.6			
2026	9	7	5	50	230.0	3.0							16.2		12.6			
2026	9	7	5	40	250.0	3.0							16.2		12.5			
2026	9	7	5	30	220.0	3.0							16.5		12.6			
2026	9	7	5	20	220.0	4.0							16.5		12.5			
2026	9	7	5	10	230.0	3.0							16.7		12.5			
2026	9	7	5	0	240.0	3.0							16.7		12.3			
2026	9	7	4	50	220.0	3.0							17.0		12.4			
2026	9	7	4	40	240.0	3.0							17.3		12.3			
2026	9	7	4	30	260.0	4.0							17.6		12.4			
2026	9	7	4	20	250.0	3.0							18.1		12.5			
2026	9	7	4	10	270.0	6.0							18.3		12.3			
2026	9	7	4	0	260.0	7.0							18.7		12.5			
2026	9	7	3	50	270.0	6.0							19.1		12.6			
2026	9	7	3	40	270.0	8.0							19.2		12.6			
2026	9	7	3	30	270.0	8.0							19.5		12.8			
2026	9	7	3	20	270.0	6.0							19.8		12.6			
2026	9	7	3	10	260.0	7.0							20.0		12.3			
2026	9	7	3	0	260.0	6.0							20.4		11.6			
2026	9	7	2	50									20.6		11.5			
2026	9	7	2	40	260.0	4.0							21.0		11.0			
2026	9	7	2	30	260.0	3.0							21.0		10.9			
2026	9	7	2	20	280.0	4.0							21.0		10.9			
2026	9	7	2	10	260.0	5.0							21.6		11.1			
2026	9	7	2	0	280.0	2.0							20.8		12.6			
2026	9	7	1	50	320.0	1.0							20.0		12.8			
2026	9	7	1	40		0.0							19.8		13.5			
2026	9	7	1	30	50.0	1.0							19.2		13.6			
2026	9	7	1	20		0.0							19.4		13.9			
2026	9	7	1	10	220.0	1.0							19.5		14.0			
2026	9	7	1	0	130.0	2.0							19.4		13.8			
2026	9	7	0	50	120.0	2.0							19.6		13.7			
2026	9	7	0	40	120.0	2.0							19.9		13.5			
2026	9	7	0	30	140.0	3.0												
2026	9	7	0	20	140.0	3.0							19.6		13.5			
2026	9	7	0	10	140.0	2.0							19.7		13.4			
2026	9	7	0	0	140.0	3.0							19.5		13.5			
2026	9	6	23	50	120.0	2.0							19.7		13.7			
2026	9	6	23	40	140.0	3.0							19.5		13.5			
2026	9	6	23	30	130.0	3.0							19.4		13.5			
2026	9	6	23	20	130.0	4.0							19.3		13.5			
2026	9	6	23	10	140.0	4.0							19.3		13.6			
2026	9	6	23	0	140.0	4.0							19.1		13.7			
2026	9	6	22	50	150.0	3.0							19.1		13.7			
2026	9	6	22	40									19.1		13.6			
2026	9	6	22	30									19.0		13.4			
2026	9	6	22	20									18.8		13.4			
2026	9	6	22	10									18.8		13.5			
2026	9	6	22	0									18.7		13.4			
2026	9	6	21	50									18.7		13.5			
2026	9	6	21	40									18.5		13.2			
2026	9	6	21	30									18.6		13.1			
2026	9	6	21	20									18.7		12.9			
2026	9	6	21	10									18.8		12.7			
2026	9	6	21	0									19.2		12.9			
2026	9	6	20	50									19.1		12.6			
2026	9	6	20	40									18.7		12.9			
2026	9	6	20	30	160.0	2.0							18.8		12.9			
2026	9	6	20	20	180.0	2.0							18.5		12.8			
2026	9	6	20	10	170.0	3.0							18.3		12.6			
2026	9	6	20	0	160.0	3.0							18.1		12.5			
2026	9	6	19	50	150.0	4.0							17.6		12.3			
2026	9	6	19	40	160.0	3.0							17.5		11.9			
2026	9	6	19	30	170.0	3.0							18.1		12.1			
2026	9	6	19	20	220.0	1.0							17.9		12.1			
2026	9	6	19	10	210.0	2.0							17.5		12.0			
2026	9	6	18	30	180.0	1.0							16.9		11.9			
2026	9	6	18	20		0.0							16.7		12.2			
2026	9	6	18	10	250.0	1.0							16.3		12.1			
2026	9	6	18	0	240.0	1.0							16.0		12.0			
2026	9	6	17	50	240.0	1.0							15.8		11.8			
2026	9	6	17	40	230.0	1.0							16.0		12.0			
2026	9	6	17	30									15.9		12.1			
2026	9	6	17	20		0.0							15.6		12.0			
2026	9	6	17	10	240.0	1.0							15.6		12.1			
2026	9	6	17	0	250.0	1.0							15.5		12.1			
2026	9	6	16	50	300.0	1.0							15.4		12.1			
2026	9	6	16	40	10.0	1.0							15.4		12.3			
2026	9	6	16	30		0.0							15.6		12.6			
2026	9	6	16	20									14.9		11.9			
2026	9	6	16	10	10.0	2.0							14.8		11.9			
2026	9	6	16	0	20.0	3.0							14.5		11.7			
2026	9	6	15	50	40.0	3.0							14.6		11.9			
2026	9	6	15	40	30.0	2.0							14.5		11.8			
2026	9	6	15	30	20.0	3.0							14.6		12.0			
2026	9	6	15	20	10.0	2.0							14.7		12.1			
2026	9	6	15	10	30.0	3.0							14.5		12.1			
2026	9	6	15	0	30.0	4.0							14.5		12.3			
2026	9	6	14	50	40.0	2.0							14.4		12.5			
2026	9	6	14	40	30.0	3.0							14.2		12.4			
2026	9	6	14	30	300.0	2.0							13.7		12.0			
2026	9	6	14	20	280.0	2.0							13.5		11.9			
2026	9	6	14	10	280.0	2.0							13.5		12.0			
2026	9	6	14	0	280.0	2.0							13.2		11.7			
2026	9	6	13	50	310.0	2.0							13.4		11.9			
2026	9	6	13	40	290.0	1.0							13.4		11.8			
2026	9	6	13	30	300.0	2.0							13.3		11.6			
2026	9	6	13	20	280.0	2.0							13.3		11.7			
2026	9	6	13	10	280.0	3.0							13.1		11.4			
2026	9	6	13	0	290.0	3.0							13.2		11.4			
2026	9	6	12	50	290.0	3.0							13.2		11.4			
2026	9	6	12	40	280.0	2.0							13.4		11.6			
2026	9	6	12	30	270.0	3.0							13.2		11.4			
2026	9	6	12	20	260.0	2.0							13.6		11.8			
2026	9	6	12	10	270.0	2.0							13.4		11.6			
2026	9	6	12	0	270.0	2.0							13.2		11.3			
2026	9	6	11	50	290.0	3.0							13.2		11.3			
2026	9	6	11	40	270.0	3.0							13.3		11.4			
2026	9	6	11	30	280.0	3.0							13.5		11.5			
2026	9	6	11	20	270.0	2.0							13.8		11.8			
2026	9	6	11	10	270.0	2.0							13.3		11.2			
2026	9	6	11	0	280.0	2.0							13.3		11.3			
2026	9	6	10	50	270.0	1.0							13.6		11.6			
2026	9	6	10	40	290.0	2.0							13.9		11.8			
2026	9	6	10	30	270.0	2.0							13.8		11.7			
2026	9	6	10	20	260.0	1.0							13.9		11.7			
2026	9	6	10	10	280.0	2.0							13.8		11.6			
2026	9	6	10	0	300.0	2.0							13.7		11.6			
2026	9	6	9	50	290.0	1.0							13.4		11.2			
2026	9	6	9	40	290.0	3.0							13.3		11.1			
2026	9	6	9	30	240.0	2.0							14.1		11.8			
2026	9	6	9	20	210.0	3.0							14.1		11.6			
2026	9	6	9	10	260.0	2.0							13.8		11.4			
2026	9	6	9	0	270.0	3.0							13.9		11.3			
2026	9	6	8	50	270.0	2.0							13.4		10.8			
2026	9	6	8	40	270.0	3.0							13.5		10.7			
2026	9	6	8	30	270.0	3.0							13.7		10.9			
2026	9	6	8	20									14.0		11.1			
2026	9	6	8	10	290.0	2.0							14.0		10.9			
2026	9	6	7	30	290.0	3.0							14.2		10.8			
2026	9	6	7	20	280.0	3.0							13.6					
2026	9	6	7	10	300.0	1.0							14.8		11.2			
2026	9	6	7	0	280.0	2.0							14.5		10.9			
2026	9	6	6	50	280.0	2.0							14.4		10.5			
2026	9	6	6	40	310.0	2.0							15.1		10.8			
2026	9	6	6	30	20.0	2.0							15.9		11.5			
2026	9	6	6	20	10.0	2.0							16.1		11.4			
2026	9	6	6	10	10.0	2.0							16.1		11.4			
2026	9	6	6	0	360.0	1.0							15.8		11.2			
2026	9	6	5	50	310.0	2.0							15.8		11.5			
2026	9	6	5	40	260.0	2.0							15.9		11.6			
2026	9	6	5	30									16.3		12.2			
2026	9	6	5	20	20.0	4.0							16.3		12.2			
2026	9	6	5	10	20.0	4.0							16.6		12.5			
2026	9	6	5	0	30.0	4.0							16.6		12.5			
2026	9	6	4	50	20.0	4.0							16.7		12.6			
2026	9	6	4	40	20.0	3.0							16.7		12.3			
2026	9	6	4	30	20.0	2.0							17.0		12.3			
2026	9	6	4	20	10.0	2.0							16.8		12.1			
2026	9	6	4	10	320.0	1.0							16.1		11.4			
2026	9	6	4	0	290.0	2.0							16.3		11.4			
2026	9	6	3	50	300.0	2.0							16.7		11.6			
2026	9	6	3	40	310.0	2.0							16.6		11.6			
2026	9	6	3	30	300.0	2.0							17.0		11.8			
2026	9	6	3	20	340.0	1.0							17.1		12.0			
2026	9	6	3	10	310.0	1.0							17.0		11.8			
2026	9	6	3	0	310.0	1.0							17.2		11.5			
2026	9	6	2	50	360.0	1.0							17.7		12.0			
2026	9	6	2	40	360.0	1.0							17.9		12.0			
2026	9	6	2	30		0.0							18.0		11.8			
2026	9	6	2	20	320.0	1.0							17.9		11.7			
2026	9	6	2	10	320.0	1.0							18.5		12.1			
2026	9	6	2	0	320.0	1.0							18.4		11.6			
2026	9	6	1	50	300.0	1.0							19.0		11.4			
2026	9	6	1	40	320.0	1.0							19.4		10.6			
2026	9	6	1	30									20.6		7.9			
2026	9	6	1	20		0.0							21.8		10.0			
2026	9	6	1	10		0.0							21.8		8.8			
2026	9	6	1	0		0.0							22.9		10.3			
2026	9	6	0	50									23.0		11.2			
2026	9	6	0	40									20.8		10.2			
2026	9	6	0	30									20.9		10.1			
2026	9	6	0	20									20.5		9.5			
2026	9	6	0	10									20.3		9.9			
2026	9	6	0	0									19.8		10.3			
2026	9	5	23	50									19.8		10.5			
2026	9	5	23	40									20.7		11.3			
2026	9	5	23	30									20.3		11.2			
2026	9	5	23	20									19.7		11.1			
2026	9	5	23	10									19.5		11.3			
2026	9	5	23	0									19.3		11.3			
2026	9	5	22	50	290.0	1.0							19.0		11.0			
2026	9	5	22	40	310.0	1.0							20.0		12.1			
2026	9	5	22	30		0.0							19.8		13.0			
2026	9	5	22	20		0.0							19.0		12.6			
2026	9	5	22	10	180.0	1.0							18.4		12.3			
2026	9	5	22	0	190.0	1.0							18.5		12.7			
2026	9	5	21	50	170.0	2.0							17.9		12.4			
2026	9	5	21	40	160.0	3.0							17.5		12.6			
2026	9	5	21	30	150.0	4.0							17.3		12.8			
2026	9	5	21	20	150.0	4.0							17.2		12.7			
2026	9	5	21	10	160.0	3.0							17.2		12.6			
2026	9	5	21	0	160.0	4.0							17.0		12.4			
2026	9	5	20	50	170.0	4.0							17.0		12.3			
2026	9	5	20	40	160.0	2.0							17.0		12.1			
2026	9	5	20	30	170.0	2.0							17.0		12.1			
2026	9	5	20	20	180.0	1.0							16.9		12.1			
2026	9	5	20	10	220.0	1.0							16.7		12.2			
2026	9	5	20	0	240.0	1.0							16.7		12.4			
2026	9	5	19	50	210.0	1.0							16.4		12.4			
2026	9	5	19	40	200.0	2.0							16.4		12.9			
2026	9	5	19	30	230.0	1.0							16.2		13.1			
2026	9	5	19	20	220.0	1.0							16.2		13.4			
2026	9	5	19	10	210.0	1.0							15.8		13.4			
2026	9	5	18	50	170.0	1.0							15.4		13.7			
2026	9	5	18	40	160.0	1.0							15.1		13.7			
2026	9	5	18	30		0.0							14.9		13.7			
2026	9	5	18	20	130.0	1.0							14.6		13.5			
2026	9	5	18	10	140.0	1.0							14.4		13.5			
2026	9	5	18	0									14.2		13.3			
2026	9	5	17	50	150.0	3.0							14.2		13.4			
2026	9	5	17	40	140.0	3.0							14.0		13.2			
2026	9	5	17	30	150.0	3.0							13.9		13.2			
2026	9	5	17	10	130.0	2.0							13.7		13.1			
2026	9	5	17	0	110.0	2.0							13.6		12.9			
2026	9	5	16	50	70.0	1.0							13.4		12.8			
2026	9	5	16	40	30.0	2.0							13.3		12.7			
2026	9	5	16	30	30.0	2.0							13.2		12.7			
2026	9	5	16	10	10.0	2.0							13.1		12.5			
2026	9	5	16	0	320.0	1.0							13.0		12.5			
2026	9	5	15	50	320.0	1.0							13.0		12.4			
2026	9	5	15	40	290.0	1.0							12.9		12.3			
2026	9	5	15	20	230.0	2.0							12.8		12.1			
2026	9	5	15	10	250.0	2.0							12.7		12.1			
2026	9	5	15	0	240.0	2.0							12.8		12.1			
2026	9	5	14	50	200.0	2.0							13.6					
2026	9	5	14	40	190.0	2.0							12.7		12.0			
2026	9	5	14	30									12.7		11.9			
2026	9	5	14	20	260.0	2.0							12.8		12.0			
2026	9	5	14	10	250.0	2.0							12.9		12.1			
2026	9	5	14	0	260.0	2.0							12.8		11.9			
2026	9	5	13	50	280.0	2.0							12.7		11.8			
2026	9	5	13	40	300.0	2.0							12.8		11.8			
2026	9	5	13	30	260.0	1.0							12.9		11.9			
2026	9	5	13	20	270.0	2.0							12.7		11.7			
2026	9	5	13	10	260.0	2.0							13.1		12.1			
2026	9	5	13	0	190.0	2.0							13.1		11.9			
2026	9	5	12	50	220.0	1.0							13.1		12.0			
2026	9	5	12	40	250.0	1.0							13.0		11.9			
2026	9	5	12	30	270.0	1.0							13.0		11.8			
2026	9	5	12	20	260.0	2.0							12.7		11.5			
2026	9	5	12	10	270.0	2.0							13.1		11.7			
2026	9	5	12	0	200.0	2.0							13.4		12.1			
2026	9	5	11	50									13.3		12.0			
2026	9	5	11	40	240.0	1.0							13.4		12.0			
2026	9	5	11	30	310.0	1.0							13.3		11.9			
2026	9	5	11	20	300.0	2.0							13.2		11.7			
2026	9	5	11	10									13.6		12.1			
2026	9	5	11	0	50.0	2.0							13.7		12.2			
2026	9	5	10	50	50.0	2.0							13.9		12.4			
2026	9	5	10	40	260.0	2.0							13.2		11.6			
2026	9	5	10	30	290.0	2.0							13.0		11.4			
2026	9	5	10	20	280.0	2.0							13.1		11.4			
2026	9	5	10	10	280.0	2.0							12.8		11.1			
2026	9	5	10	0	280.0	2.0							13.4		11.6			
2026	9	5	9	50	270.0	2.0							13.2		11.3			
2026	9	5	9	40	270.0	2.0							13.7		11.7			
2026	9	5	9	30	270.0	2.0							13.8		11.8			
2026	9	5	9	20	290.0	2.0							13.7		11.6			
2026	9	5	9	10	270.0	2.0							14.1		11.8			
2026	9	5	9	0	270.0	1.0							14.3		12.0			
2026	9	5	8	50	260.0	2.0							13.6		11.3			
2026	9	5	8	40	290.0	2.0							13.8		11.4			
2026	9	5	8	30	290.0	2.0							14.2		11.6			
2026	9	5	8	20									14.4		11.7			
2026	9	5	8	10	290.0	3.0							14.0		11.1			
2026	9	5	8	0	280.0	1.0							14.6		11.5			
2026	9	5	7	50	250.0	2.0							15.0		11.5			
2026	9	5	7	40	260.0	1.0							15.3		11.6			
2026	9	5	7	30	20.0	1.0												
2026	9	5	7	20	40.0	2.0							15.4		11.8			
2026	9	5	7	10	50.0	2.0							15.5		12.0			
2026	9	5	7	0									15.7		12.0			
2026	9	5	6	50	50.0	4.0							15.9		12.0			
2026	9	5	6	40	30.0	4.0							16.0		11.9			
2026	9	5	6	30	30.0	4.0							16.2		11.9			
2026	9	5	6	20	40.0	3.0							16.2		11.7			
2026	9	5	6	10	30.0	2.0							16.5		11.7			
2026	9	5	6	0	40.0	3.0							16.4		11.1			
2026	9	5	5	50	30.0	2.0							16.7		11.0			
2026	9	5	5	40	50.0	3.0							16.7		10.8			
2026	9	5	5	30									16.8		11.1			
2026	9	5	5	20	90.0	2.0							16.6		11.6			
2026	9	5	5	10	70.0	2.0							16.9		12.5			
2026	9	5	5	0	50.0	1.0							16.9		12.5			
2026	9	5	4	50	360.0	2.0							16.5		12.1			
2026	9	5	4	40	320.0	2.0							16.2		11.9			
2026	9	5	4	30	280.0	3.0							16.1		11.8			
2026	9	5	4	20	290.0	2.0							16.2		11.6			
2026	9	5	4	10	280.0	2.0							16.4		11.6			
2026	9	5	4	0	250.0	2.0							17.0		11.5			
2026	9	5	3	50	290.0	1.0							17.8		11.1			
2026	9	5	3	40	330.0	1.0							18.5		10.9			
2026	9	5	3	30	70.0	1.0							18.1		10.6			
2026	9	5	3	20	80.0	2.0							17.9		11.3			
2026	9	5	3	10	30.0	1.0							18.1		11.4			
2026	9	5	3	0	60.0	1.0							18.2		11.2			
2026	9	5	2	50	110.0	1.0							17.9		11.6			
2026	9	5	2	40	140.0	1.0							17.7		12.0			
2026	9	5	2	30									18.1		12.4			
2026	9	5	2	20									17.8		11.9			
2026	9	5	2	10									18.2		11.9			
2026	9	5	2	0									18.6		11.1			
2026	9	5	1	50									18.6		11.1			
2026	9	5	1	40									18.6		11.4			
2026	9	5	1	30									18.5		11.5			
2026	9	5	1	20									18.5		11.8			
2026	9	5	1	10									18.5		11.6			
2026	9	5	1	0									18.8		11.6			
2026	9	5	0	50									19.0		11.7			
2026	9	5	0	40									18.5		11.8			
2026	9	5	0	30	180.0	3.0							18.5		12.2			
2026	9	5	0	20	180.0	3.0							18.4		12.3			
2026	9	5	0	10	170.0	4.0							18.2		12.0			
2026	9	5	0	0	150.0	4.0							18.4		12.0			
2026	9	4	23	50	140.0	4.0							18.6		11.9			
2026	9	4	23	40									19.2		11.8			
2026	9	4	23	30	170.0	2.0							18.9		12.0			
2026	9	4	23	20	150.0	2.0							19.3		11.9			
2026	9	4	23	10	170.0	2.0							19.4		11.6			
2026	9	4	23	0	170.0	2.0							19.3		11.9			
2026	9	4	22	50	170.0	3.0							19.1		12.2			
2026	9	4	22	40	180.0	3.0							18.7		11.9			
2026	9	4	22	30	180.0	3.0							18.8		11.9			
2026	9	4	22	20	180.0	2.0							18.5		11.6			
2026	9	4	22	10	190.0	2.0							18.5		11.2			
2026	9	4	22	0	190.0	2.0							18.5		11.0			
2026	9	4	21	50	200.0	1.0							18.7		11.4			
2026	9	4	21	40	160.0	1.0							18.7		11.6			
2026	9	4	21	30	180.0	1.0							18.4		11.5			
2026	9	4	21	20		0.0							18.2		11.7			
2026	9	4	21	10	220.0	1.0							17.8		11.5			
2026	9	4	21	0	210.0	2.0							17.5		11.3			
2026	9	4	20	50	210.0	2.0							17.6		11.3			
2026	9	4	20	40	200.0	2.0							17.4		11.0			
2026	9	4	20	30	190.0	2.0							17.5		11.0			
2026	9	4	20	20	200.0	1.0												
2026	9	4	20	10	200.0	1.0							17.9		12.2			
2026	9	4	20	0		0.0							17.7		12.5			
2026	9	4	19	50	20.0	1.0							17.2		12.2			
2026	9	4	19	40		0.0							17.1		12.5			
2026	9	4	19	30	320.0	1.0							16.5		12.2			
2026	9	4	19	20	270.0	1.0							16.4		12.3			
2026	9	4	18	30	20.0	1.0							15.3		12.4			
2026	9	4	18	20	20.0	1.0							15.1		12.5			
2026	9	4	18	10	20.0	2.0							14.9		12.4			
2026	9	4	18	0	10.0	2.0							14.7		12.4			
2026	9	4	17	50	30.0	3.0							14.7		12.5			
2026	9	4	17	40	40.0	3.0							14.6		12.8			
2026	9	4	17	30	40.0	3.0							14.3		12.7			
2026	9	4	17	20	10.0	2.0							14.4		12.9			
2026	9	4	17	10									14.3		12.9			
2026	9	4	17	0	10.0	2.0							14.2		12.8			
2026	9	4	16	50	30.0	2.0							14.0		12.7			
2026	9	4	16	40	50.0	2.0							13.9		12.6			
2026	9	4	16	30									13.9		12.6			
2026	9	4	16	20	40.0	1.0							13.8		12.5			
2026	9	4	16	10	30.0	2.0							13.8		12.6			
2026	9	4	16	0	10.0	2.0							13.6		12.4			
2026	9	4	15	50	10.0	2.0							13.5		12.3			
2026	9	4	15	40	360.0	1.0							13.6		12.4			
2026	9	4	15	30	330.0	1.0							13.4		12.2			
2026	9	4	15	20	300.0	1.0							13.3		12.1			
2026	9	4	15	10	270.0	1.0												
2026	9	4	15	0	350.0	1.0							13.5		12.3			
2026	9	4	14	50	350.0	1.0							13.3		12.1			
2026	9	4	14	40	320.0	1.0							13.0		11.8			
2026	9	4	14	30	290.0	1.0							13.0		11.8			
2026	9	4	14	20	320.0	2.0							13.0		11.8			
2026	9	4	14	10	320.0	2.0							13.2		12.0			
2026	9	4	14	0	300.0	1.0							13.1		11.9			
2026	9	4	13	50	290.0	2.0							13.2		11.9			
2026	9	4	13	40	300.0	2.0							13.1		11.9			
2026	9	4	13	30	290.0	1.0							13.0		11.7			
2026	9	4	13	20	320.0	2.0							13.0		11.8			
2026	9	4	13	10	300.0	1.0							12.8		11.6			
2026	9	4	13	0	290.0	1.0							12.8		11.5			
2026	9	4	12	50	270.0	1.0							13.1		11.8			
2026	9	4	12	40	290.0	1.0							13.1		11.8			
2026	9	4	12	30	280.0	1.0							12.9		11.5			
2026	9	4	12	20	300.0	1.0							12.8		11.4			
2026	9	4	12	10	280.0	2.0							12.8		11.4			
2026	9	4	12	0	280.0	2.0							12.8		11.4			
2026	9	4	11	50	300.0	2.0							12.6		11.1			
2026	9	4	11	40	290.0	3.0							12.9		11.3			
2026	9	4	11	30	280.0	2.0							12.8		11.2			
2026	9	4	11	20	290.0	2.0							13.0		11.3			
2026	9	4	11	10	260.0	2.0							12.9		11.2			
2026	9	4	11	0	310.0	1.0							13.2		11.4			
2026	9	4	10	50	280.0	2.0							13.3		11.4			
2026	9	4	10	40	290.0	2.0							13.7		11.8			
2026	9	4	10	30	240.0	1.0							13.6		11.7			
2026	9	4	10	20									13.7		11.7			
2026	9	4	10	10		0.0							13.5		11.5			
2026	9	4	10	0	260.0	1.0							13.5		11.5			
2026	9	4	9	50	250.0	1.0							13.4		11.4			
2026	9	4	9	40	270.0	2.0							13.4		11.3			
2026	9	4	9	30	280.0	2.0							13.5		11.4			
2026	9	4	9	20	280.0	3.0							13.4		11.3			
2026	9	4	9	10	280.0	3.0							13.3		11.2			
2026	9	4	9	0	270.0	2.0							13.7		11.4			
2026	9	4	8	50	280.0	2.0							13.5		11.2			
2026	9	4	8	40	280.0	2.0							13.7		11.4			
2026	9	4	8	30	280.0	2.0							14.0		11.6			
2026	9	4	8	20	270.0	1.0							13.7		11.3			
2026	9	4	8	10	280.0	2.0							13.7		11.2			
2026	9	4	8	0	300.0	2.0							13.8		11.3			
2026	9	4	7	50	310.0	2.0							13.9		11.4			
2026	9	4	7	40	300.0	2.0							13.8		11.3			
2026	9	4	7	30	340.0	1.0							13.8		11.2			
2026	9	4	7	20									13.8		11.2			
2026	9	4	7	10	300.0	2.0							13.6		10.9			
2026	9	4	7	0	310.0	1.0							13.8		11.1			
2026	9	4	6	50	280.0	1.0							13.7		11.1			
2026	9	4	6	40	280.0	1.0							13.7		11.0			
2026	9	4	6	30	290.0	2.0							13.8		11.0			
2026	9	4	6	20	260.0	2.0							13.9		11.1			
2026	9	4	6	10	230.0	2.0							14.3		11.4			
2026	9	4	6	0	180.0	2.0							14.6		11.5			
2026	9	4	5	50	170.0	2.0							14.7		11.3			
2026	9	4	5	40	160.0	3.0							14.9		11.3			
2026	9	4	5	30	150.0	1.0							14.9		11.3			
2026	9	4	5	20	160.0	1.0							14.6		11.0			
2026	9	4	5	10	230.0	1.0							14.1		10.5			
2026	9	4	5	0	280.0	2.0							14.2		10.5			
2026	9	4	4	50	290.0	3.0							14.4		10.7			
2026	9	4	4	40	280.0	2.0							14.5		10.6			
2026	9	4	4	30	270.0	2.0							14.6		10.6			
2026	9	4	4	20	270.0	2.0							14.8		10.7			
2026	9	4	4	10	280.0	1.0							14.9		10.7			
2026	9	4	4	0	310.0	2.0							15.2		10.7			
2026	9	4	3	50	320.0	2.0							15.3		10.7			
2026	9	4	3	40	330.0	2.0							15.4		10.4			
2026	9	4	3	30	350.0	2.0							15.8		10.1			
2026	9	4	3	20									15.8		9.8			
2026	9	4	3	10									16.1		9.7			
2026	9	4	3	0									16.1		9.6			
2026	9	4	2	50									16.0		9.6			
2026	9	4	2	40									16.1		10.0			
2026	9	4	2	30									16.0		10.3			
2026	9	4	2	20									16.1		10.2			
2026	9	4	2	10									16.7		10.4			
2026	9	4	2	0									17.0		10.6			
2026	9	4	1	50									16.8		10.3			
2026	9	4	1	40									16.8		10.2			
2026	9	4	1	30		0.0							16.8		10.3			
2026	9	4	1	20		0.0							16.7		10.4			
2026	9	4	1	10	280.0	1.0							16.8		10.3			
2026	9	4	1	0	260.0	2.0							16.8		10.3			
2026	9	4	0	50									16.6		10.1			
2026	9	4	0	40	270.0	4.0							16.6		10.2			
2026	9	4	0	30	240.0	2.0							17.0		10.6			
2026	9	4	0	20	210.0	4.0							16.9		10.3			
2026	9	4	0	10	230.0	3.0							16.7		10.8			
2026	9	4	0	0	230.0	4.0							16.7		11.4			
2026	9	3	23	50	230.0	3.0							16.5		12.0			
2026	9	3	23	40	280.0	2.0							16.2		11.9			
2026	9	3	23	30	270.0	3.0							16.0		11.6			
2026	9	3	23	20									16.0		11.3			
2026	9	3	23	10	270.0	4.0							16.0		10.9			
2026	9	3	23	0	250.0	5.0							16.4		10.8			
2026	9	3	22	50	280.0	6.0							17.0		10.7			
2026	9	3	22	40	290.0	5.0							17.2		10.6			
2026	9	3	22	30									17.3		10.3			
2026	9	3	22	20	180.0	3.0							17.2		10.1			
2026	9	3	22	10	170.0	4.0							17.2		10.0			
2026	9	3	22	0	170.0	4.0							17.3		9.7			
2026	9	3	21	50	180.0	3.0							17.2		9.9			
2026	9	3	21	40	210.0	2.0							17.2		10.0			
2026	9	3	21	30	230.0	2.0							17.2		10.0			
2026	9	3	21	20	210.0	3.0							16.9		10.1			
2026	9	3	21	10	200.0	3.0												
2026	9	3	21	0	210.0	3.0							16.7		10.3			
2026	9	3	20	50	190.0	4.0							16.6		10.1			
2026	9	3	20	40	190.0	4.0							16.5		10.3			
2026	9	3	20	30	170.0	5.0							16.5		10.4			
2026	9	3	20	20	180.0	5.0							16.5		10.6			
2026	9	3	20	10	210.0	6.0							16.5		10.8			
2026	9	3	20	0	210.0	2.0							16.5		10.8			
2026	9	3	19	50	210.0	4.0							16.3		10.9			
2026	9	3	19	40	240.0	6.0							16.0		11.0			
2026	9	3	19	30	170.0	3.0							15.9		11.2			
2026	9	3	19	20	210.0	3.0							15.7		11.1			
2026	9	3	18	40	190.0	4.0							15.3		11.6			
2026	9	3	18	20	200.0	5.0							15.2		11.8			
2026	9	3	18	10	190.0	5.0												
2026	9	3	18	0	180.0	3.0							14.9		11.9			
2026	9	3	17	50	200.0	5.0							14.7		12.0			
2026	9	3	17	40	170.0	3.0							14.7		12.3			
2026	9	3	17	30	180.0	2.0							14.5		12.2			
2026	9	3	17	20	160.0	2.0							14.3		12.0			
2026	9	3	17	10	180.0	3.0							14.2		12.0			
2026	9	3	17	0	180.0	3.0							14.2		12.0			
2026	9	3	16	50	180.0	3.0							14.1		12.0			
2026	9	3	16	40	180.0	3.0							14.0		11.9			
2026	9	3	16	30	200.0	3.0							13.9		11.9			
2026	9	3	16	20									13.8		11.8			
2026	9	3	16	10	160.0	3.0							13.8		11.8			
2026	9	3	16	0	160.0	4.0							13.6		11.6			
2026	9	3	15	50	150.0	4.0							13.6		11.6			
2026	9	3	15	40	140.0	4.0							13.6		11.6			
2026	9	3	15	30	140.0	3.0							13.5		11.5			
2026	9	3	15	20	140.0	3.0							13.6		11.6			
2026	9	3	15	10	150.0	3.0							13.6		11.6			
2026	9	3	15	0	180.0	3.0							13.6		11.6			
2026	9	3	14	50	180.0	3.0							13.6		11.6			
2026	9	3	14	40	180.0	3.0							13.6		11.6			
2026	9	3	14	30	170.0	2.0							13.7		11.7			
2026	9	3	14	20	190.0	3.0							13.6		11.6			
2026	9	3	14	10	190.0	3.0							13.6		11.5			
2026	9	3	14	0	200.0	3.0							13.6		11.4			
2026	9	3	13	50	170.0	4.0							13.8		11.6			
2026	9	3	13	40	170.0	4.0							13.8		11.4			
2026	9	3	13	30	180.0	4.0							13.9		11.5			
2026	9	3	13	20	180.0	4.0							14.0		11.6			
2026	9	3	13	10	180.0	5.0							13.9		11.5			
2026	9	3	13	0	180.0	5.0							14.0		11.6			
2026	9	3	12	50	190.0	5.0							14.0		11.5			
2026	9	3	12	40	190.0	6.0							14.0		11.4			
2026	9	3	12	30	180.0	8.0							14.0		11.3			
2026	9	3	12	20	180.0	5.0							14.1		11.2			
2026	9	3	12	10	180.0	6.0							14.2		11.2			
2026	9	3	12	0	200.0	7.0							14.3		11.1			
2026	9	3	11	50	180.0	7.0							14.7		11.5			
2026	9	3	11	40	200.0	6.0							14.6		11.3			
2026	9	3	11	30									14.6		11.2			
2026	9	3	11	20									14.7		11.2			
2026	9	3	11	10									15.0		11.5			
