YY	MM	DD	hh	mm	WDIR	WSPD	GST	WVHT	DPD	APD	MWD	PRES	ATMP	WTMP	DEWP	VIS	PTDY	TIDE
2026	9	4	17	30	40.0	3.0							14.3		12.7			
2026	9	4	17	20	10.0	2.0							14.4		12.9			
2026	9	4	17	10									14.3		12.9			
2026	9	4	17	0	10.0	2.0							14.2		12.8			
2026	9	4	16	50	30.0	2.0							14.0		12.7			
2026	9	4	16	40	50.0	2.0							13.9		12.6			
2026	9	4	16	30									13.9		12.6			
2026	9	4	16	20	40.0	1.0							13.8		12.5			
2026	9	4	16	10	30.0	2.0							13.8		12.6			
2026	9	4	16	0	10.0	2.0							13.6		12.4			
2026	9	4	15	50	10.0	2.0							13.5		12.3			
2026	9	4	15	40	360.0	1.0							13.6		12.4			
2026	9	4	15	30	330.0	1.0							13.4		12.2			
2026	9	4	15	20	300.0	1.0							13.3		12.1			
2026	9	4	15	10	270.0	1.0												
2026	9	4	15	0	350.0	1.0							13.5		12.3			
2026	9	4	14	50	350.0	1.0							13.3		12.1			
2026	9	4	14	40	320.0	1.0							13.0		11.8			
2026	9	4	14	30	290.0	1.0							13.0		11.8			
2026	9	4	14	20	320.0	2.0							13.0		11.8			
2026	9	4	14	10	320.0	2.0							13.2		12.0			
2026	9	4	14	0	300.0	1.0							13.1		11.9			
2026	9	4	13	50	290.0	2.0							13.2		11.9			
2026	9	4	13	40	300.0	2.0							13.1		11.9			
2026	9	4	13	30	290.0	1.0							13.0		11.7			
2026	9	4	13	20	320.0	2.0							13.0		11.8			
2026	9	4	13	10	300.0	1.0							12.8		11.6			
2026	9	4	13	0	290.0	1.0							12.8		11.5			
2026	9	4	12	50	270.0	1.0							13.1		11.8			
2026	9	4	12	40	290.0	1.0							13.1		11.8			
2026	9	4	12	30	280.0	1.0							12.9		11.5			
2026	9	4	12	20	300.0	1.0							12.8		11.4			
2026	9	4	12	10	280.0	2.0							12.8		11.4			
2026	9	4	12	0	280.0	2.0							12.8		11.4			
2026	9	4	11	50	300.0	2.0							12.6		11.1			
2026	9	4	11	40	290.0	3.0							12.9		11.3			
2026	9	4	11	30	280.0	2.0							12.8		11.2			
2026	9	4	11	20	290.0	2.0							13.0		11.3			
2026	9	4	11	10	260.0	2.0							12.9		11.2			
2026	9	4	11	0	310.0	1.0							13.2		11.4			
2026	9	4	10	50	280.0	2.0							13.3		11.4			
2026	9	4	10	40	290.0	2.0							13.7		11.8			
2026	9	4	10	30	240.0	1.0							13.6		11.7			
2026	9	4	10	20									13.7		11.7			
2026	9	4	10	10		0.0							13.5		11.5			
2026	9	4	10	0	260.0	1.0							13.5		11.5			
2026	9	4	9	50	250.0	1.0							13.4		11.4			
2026	9	4	9	40	270.0	2.0							13.4		11.3			
2026	9	4	9	30	280.0	2.0							13.5		11.4			
2026	9	4	9	20	280.0	3.0							13.4		11.3			
2026	9	4	9	10	280.0	3.0							13.3		11.2			
2026	9	4	9	0	270.0	2.0							13.7		11.4			
2026	9	4	8	50	280.0	2.0							13.5		11.2			
2026	9	4	8	40	280.0	2.0							13.7		11.4			
2026	9	4	8	30	280.0	2.0							14.0		11.6			
2026	9	4	8	20	270.0	1.0							13.7		11.3			
2026	9	4	8	10	280.0	2.0							13.7		11.2			
2026	9	4	8	0	300.0	2.0							13.8		11.3			
2026	9	4	7	50	310.0	2.0							13.9		11.4			
2026	9	4	7	40	300.0	2.0							13.8		11.3			
2026	9	4	7	30	340.0	1.0							13.8		11.2			
2026	9	4	7	20									13.8		11.2			
2026	9	4	7	10	300.0	2.0							13.6		10.9			
2026	9	4	7	0	310.0	1.0							13.8		11.1			
2026	9	4	6	50	280.0	1.0							13.7		11.1			
2026	9	4	6	40	280.0	1.0							13.7		11.0			
2026	9	4	6	30	290.0	2.0							13.8		11.0			
2026	9	4	6	20	260.0	2.0							13.9		11.1			
2026	9	4	6	10	230.0	2.0							14.3		11.4			
2026	9	4	6	0	180.0	2.0							14.6		11.5			
2026	9	4	5	50	170.0	2.0							14.7		11.3			
2026	9	4	5	40	160.0	3.0							14.9		11.3			
2026	9	4	5	30	150.0	1.0							14.9		11.3			
2026	9	4	5	20	160.0	1.0							14.6		11.0			
2026	9	4	5	10	230.0	1.0							14.1		10.5			
2026	9	4	5	0	280.0	2.0							14.2		10.5			
2026	9	4	4	50	290.0	3.0							14.4		10.7			
2026	9	4	4	40	280.0	2.0							14.5		10.6			
2026	9	4	4	30	270.0	2.0							14.6		10.6			
2026	9	4	4	20	270.0	2.0							14.8		10.7			
2026	9	4	4	10	280.0	1.0							14.9		10.7			
2026	9	4	4	0	310.0	2.0							15.2		10.7			
2026	9	4	3	50	320.0	2.0							15.3		10.7			
2026	9	4	3	40	330.0	2.0							15.4		10.4			
2026	9	4	3	30	350.0	2.0							15.8		10.1			
2026	9	4	3	20									15.8		9.8			
2026	9	4	3	10									16.1		9.7			
2026	9	4	3	0									16.1		9.6			
2026	9	4	2	50									16.0		9.6			
2026	9	4	2	40									16.1		10.0			
2026	9	4	2	30									16.0		10.3			
2026	9	4	2	20									16.1		10.2			
2026	9	4	2	10									16.7		10.4			
2026	9	4	2	0									17.0		10.6			
2026	9	4	1	50									16.8		10.3			
2026	9	4	1	40									16.8		10.2			
2026	9	4	1	30		0.0							16.8		10.3			
2026	9	4	1	20		0.0							16.7		10.4			
2026	9	4	1	10	280.0	1.0							16.8		10.3			
2026	9	4	1	0	260.0	2.0							16.8		10.3			
2026	9	4	0	50									16.6		10.1			
2026	9	4	0	40	270.0	4.0							16.6		10.2			
2026	9	4	0	30	240.0	2.0							17.0		10.6			
2026	9	4	0	20	210.0	4.0							16.9		10.3			
2026	9	4	0	10	230.0	3.0							16.7		10.8			
2026	9	4	0	0	230.0	4.0							16.7		11.4			
2026	9	3	23	50	230.0	3.0							16.5		12.0			
2026	9	3	23	40	280.0	2.0							16.2		11.9			
2026	9	3	23	30	270.0	3.0							16.0		11.6			
2026	9	3	23	20									16.0		11.3			
2026	9	3	23	10	270.0	4.0							16.0		10.9			
2026	9	3	23	0	250.0	5.0							16.4		10.8			
2026	9	3	22	50	280.0	6.0							17.0		10.7			
2026	9	3	22	40	290.0	5.0							17.2		10.6			
2026	9	3	22	30									17.3		10.3			
2026	9	3	22	20	180.0	3.0							17.2		10.1			
2026	9	3	22	10	170.0	4.0							17.2		10.0			
2026	9	3	22	0	170.0	4.0							17.3		9.7			
2026	9	3	21	50	180.0	3.0							17.2		9.9			
2026	9	3	21	40	210.0	2.0							17.2		10.0			
2026	9	3	21	30	230.0	2.0							17.2		10.0			
2026	9	3	21	20	210.0	3.0							16.9		10.1			
2026	9	3	21	10	200.0	3.0												
2026	9	3	21	0	210.0	3.0							16.7		10.3			
2026	9	3	20	50	190.0	4.0							16.6		10.1			
2026	9	3	20	40	190.0	4.0							16.5		10.3			
2026	9	3	20	30	170.0	5.0							16.5		10.4			
2026	9	3	20	20	180.0	5.0							16.5		10.6			
2026	9	3	20	10	210.0	6.0							16.5		10.8			
2026	9	3	20	0	210.0	2.0							16.5		10.8			
2026	9	3	19	50	210.0	4.0							16.3		10.9			
2026	9	3	19	40	240.0	6.0							16.0		11.0			
2026	9	3	19	30	170.0	3.0							15.9		11.2			
2026	9	3	19	20	210.0	3.0							15.7		11.1			
2026	9	3	18	40	190.0	4.0							15.3		11.6			
2026	9	3	18	20	200.0	5.0							15.2		11.8			
2026	9	3	18	10	190.0	5.0												
2026	9	3	18	0	180.0	3.0							14.9		11.9			
2026	9	3	17	50	200.0	5.0							14.7		12.0			
2026	9	3	17	40	170.0	3.0							14.7		12.3			
2026	9	3	17	30	180.0	2.0							14.5		12.2			
2026	9	3	17	20	160.0	2.0							14.3		12.0			
2026	9	3	17	10	180.0	3.0							14.2		12.0			
2026	9	3	17	0	180.0	3.0							14.2		12.0			
2026	9	3	16	50	180.0	3.0							14.1		12.0			
2026	9	3	16	40	180.0	3.0							14.0		11.9			
2026	9	3	16	30	200.0	3.0							13.9		11.9			
2026	9	3	16	20									13.8		11.8			
2026	9	3	16	10	160.0	3.0							13.8		11.8			
2026	9	3	16	0	160.0	4.0							13.6		11.6			
2026	9	3	15	50	150.0	4.0							13.6		11.6			
2026	9	3	15	40	140.0	4.0							13.6		11.6			
2026	9	3	15	30	140.0	3.0							13.5		11.5			
2026	9	3	15	20	140.0	3.0							13.6		11.6			
2026	9	3	15	10	150.0	3.0							13.6		11.6			
2026	9	3	15	0	180.0	3.0							13.6		11.6			
2026	9	3	14	50	180.0	3.0							13.6		11.6			
2026	9	3	14	40	180.0	3.0							13.6		11.6			
2026	9	3	14	30	170.0	2.0							13.7		11.7			
2026	9	3	14	20	190.0	3.0							13.6		11.6			
2026	9	3	14	10	190.0	3.0							13.6		11.5			
2026	9	3	14	0	200.0	3.0							13.6		11.4			
2026	9	3	13	50	170.0	4.0							13.8		11.6			
2026	9	3	13	40	170.0	4.0							13.8		11.4			
2026	9	3	13	30	180.0	4.0							13.9		11.5			
2026	9	3	13	20	180.0	4.0							14.0		11.6			
2026	9	3	13	10	180.0	5.0							13.9		11.5			
2026	9	3	13	0	180.0	5.0							14.0		11.6			
2026	9	3	12	50	190.0	5.0							14.0		11.5			
2026	9	3	12	40	190.0	6.0							14.0		11.4			
2026	9	3	12	30	180.0	8.0							14.0		11.3			
2026	9	3	12	20	180.0	5.0							14.1		11.2			
2026	9	3	12	10	180.0	6.0							14.2		11.2			
2026	9	3	12	0	200.0	7.0							14.3		11.1			
2026	9	3	11	50	180.0	7.0							14.7		11.5			
2026	9	3	11	40	200.0	6.0							14.6		11.3			
2026	9	3	11	30									14.6		11.2			
2026	9	3	11	20									14.7		11.2			
2026	9	3	11	10									15.0		11.5			
2026	9	3	11	0									14.8		11.4			
2026	9	3	10	50									14.7		11.3			
2026	9	3	10	40									14.7		11.3			
2026	9	3	10	30									14.7		11.3			
2026	9	3	10	20									14.6		11.2			
2026	9	3	10	10									14.6		11.2			
2026	9	3	10	0									14.7		11.3			
2026	9	3	9	50									14.5		11.3			
2026	9	3	9	40									14.6		11.3			
2026	9	3	9	30									14.6		11.3			
2026	9	3	9	20									14.7		11.5			
2026	9	3	9	10									14.6		11.5			
2026	9	3	9	0									14.4		11.4			
2026	9	3	8	50									14.4		11.4			
2026	9	3	8	40									14.5		11.3			
2026	9	3	8	30	190.0	5.0							14.7		11.4			
2026	9	3	8	20	190.0	5.0							14.7		11.5			
2026	9	3	8	10	200.0	4.0							14.8		11.6			
2026	9	3	8	0	200.0	5.0							14.7		11.4			
2026	9	3	7	50	200.0	4.0							14.7		11.3			
2026	9	3	7	40	210.0	4.0							15.0		11.3			
2026	9	3	7	30	180.0	4.0							15.0		11.3			
2026	9	3	7	20	190.0	6.0							15.1		11.5			
2026	9	3	7	10	180.0	5.0							15.1		11.7			
2026	9	3	7	0	180.0	4.0							15.0		11.8			
2026	9	3	6	50	200.0	3.0							15.0		11.9			
2026	9	3	6	40	210.0	2.0							14.8		11.8			
2026	9	3	6	30	190.0	4.0							14.9		12.0			
2026	9	3	6	20	200.0	3.0							14.7		11.9			
2026	9	3	6	10	190.0	2.0							14.7		11.8			
2026	9	3	6	0	200.0	2.0							14.6		11.8			
2026	9	3	5	50	200.0	2.0							13.6					
2026	9	3	5	40	190.0	3.0							14.6		11.7			
2026	9	3	5	30	210.0	3.0							14.5		11.6			
2026	9	3	5	20	200.0	3.0							14.3		11.3			
2026	9	3	5	10	200.0	2.0							14.3		11.3			
2026	9	3	5	0	190.0	2.0							14.4		11.2			
2026	9	3	4	50	210.0	2.0							14.7		11.4			
2026	9	3	4	40	190.0	3.0							14.7		11.3			
2026	9	3	4	30	190.0	2.0							14.7		11.1			
2026	9	3	4	20	200.0	3.0							14.8		10.8			
2026	9	3	4	10	200.0	3.0							15.1		10.9			
2026	9	3	4	0	210.0	4.0							15.4		11.2			
2026	9	3	3	50	210.0	4.0							15.4		11.1			
2026	9	3	3	40									15.5		11.2			
2026	9	3	3	30	210.0	4.0							15.6		11.2			
2026	9	3	3	20									15.6		11.2			
2026	9	3	3	10									15.7		11.3			
2026	9	3	3	0									15.8		11.5			
2026	9	3	2	50									15.9		11.7			
2026	9	3	2	40									16.0		11.9			
2026	9	3	2	30									16.0		11.9			
2026	9	3	2	20									16.0		12.1			
2026	9	3	2	10									16.0		12.3			
2026	9	3	2	0									15.9		12.5			
2026	9	3	1	50									15.8		12.6			
2026	9	3	1	40	230.0	7.0							15.6		12.7			
2026	9	3	1	30	220.0	6.0							15.5		12.9			
2026	9	3	1	20	210.0	7.0							15.4		13.0			
2026	9	3	1	10	220.0	6.0							15.0		12.7			
2026	9	3	1	0	220.0	5.0							14.7		12.4			
2026	9	3	0	50	230.0	6.0							14.6		12.2			
2026	9	3	0	40	240.0	5.0							14.7		12.2			
2026	9	3	0	30	240.0	6.0							15.0		12.3			
2026	9	3	0	20	250.0	4.0							15.4		12.6			
2026	9	3	0	10	260.0	6.0							15.9		12.7			
2026	9	3	0	0	180.0	7.0							16.0		13.1			
2026	9	2	23	50	170.0	7.0							15.9		13.6			
2026	9	2	23	40	180.0	4.0							15.3		13.3			
2026	9	2	23	30	180.0	4.0							15.2		13.1			
2026	9	2	23	20	180.0	4.0							15.3		13.3			
2026	9	2	23	10	180.0	4.0							15.1		13.2			
2026	9	2	23	0	170.0	3.0							15.2		13.2			
2026	9	2	22	50	170.0	3.0							15.3		13.3			
2026	9	2	22	40	150.0	4.0							15.2		13.2			
2026	9	2	22	30	140.0	2.0							15.1		13.0			
2026	9	2	22	20	140.0	3.0							15.1		12.8			
2026	9	2	22	10	130.0	3.0							15.1		12.7			
2026	9	2	22	0	150.0	3.0							15.2		12.6			
2026	9	2	21	50	140.0	3.0							13.6					
2026	9	2	21	40	120.0	2.0							15.2		12.2			
2026	9	2	21	30	120.0	1.0							15.3		12.2			
2026	9	2	21	20	210.0	1.0							15.4		12.0			
2026	9	2	21	10	210.0	2.0							15.6		11.8			
2026	9	2	21	0	220.0	4.0							15.8		11.6			
2026	9	2	20	50	210.0	4.0							16.0		11.3			
2026	9	2	20	40	210.0	8.0							16.4		11.2			
2026	9	2	20	30									16.8		11.1			
2026	9	2	20	20	210.0	10.0							16.9		11.2			
2026	9	2	20	10	190.0	11.0							17.0		11.1			
2026	9	2	20	0	190.0	7.0							17.3		11.0			
2026	9	2	19	50	210.0	8.0							17.7		11.1			
2026	9	2	19	40	210.0	7.0							18.0		10.9			
2026	9	2	19	30	180.0	8.0							18.3		11.1			
2026	9	2	19	20	180.0	9.0							18.3		11.2			
2026	9	2	18	30	210.0	2.0							16.8		13.4			
2026	9	2	18	20	40.0	2.0							16.1		13.0			
2026	9	2	18	10	360.0	1.0							16.0		13.1			
2026	9	2	18	0	10.0	2.0							15.8		13.1			
2026	9	2	17	50	10.0	2.0							15.5		12.9			
2026	9	2	17	40	10.0	2.0							15.5		13.0			
2026	9	2	17	30	10.0	2.0							15.5		13.0			
2026	9	2	17	20	10.0	2.0							15.6		12.9			
2026	9	2	17	10	10.0	2.0							15.3		12.6			
2026	9	2	17	0	10.0	2.0							15.5		12.6			
2026	9	2	16	50									15.5		12.6			
2026	9	2	16	40	20.0	1.0							15.5		12.7			
2026	9	2	16	30	60.0	1.0							15.5		12.8			
2026	9	2	16	20	70.0	1.0							15.3		12.7			
2026	9	2	16	10	80.0	1.0							15.3		12.7			
2026	9	2	16	0		0.0							15.4		12.8			
2026	9	2	15	50	140.0	1.0							15.3		12.7			
2026	9	2	15	40	140.0	2.0							15.4		12.6			
2026	9	2	15	30	140.0	1.0							15.3		12.5			
2026	9	2	15	20	150.0	1.0							15.4		12.5			
2026	9	2	15	10	140.0	2.0							15.4		12.5			
2026	9	2	15	0	190.0	2.0							15.4		12.5			
2026	9	2	14	50	210.0	1.0							15.4		12.6			
2026	9	2	14	40	220.0	2.0							15.3		12.6			
2026	9	2	14	30	230.0	3.0							15.4		12.6			
2026	9	2	14	20	220.0	3.0							15.3		12.7			
2026	9	2	14	10	210.0	3.0							15.3		12.8			
2026	9	2	14	0	230.0	4.0							15.1		12.6			
2026	9	2	13	50	220.0	3.0							15.2		12.7			
2026	9	2	13	40	200.0	3.0							15.2		12.6			
2026	9	2	13	30	200.0	4.0							15.3		12.6			
2026	9	2	13	20	210.0	4.0							15.3		12.6			
2026	9	2	13	10	200.0	4.0							15.5		12.7			
2026	9	2	13	0	210.0	4.0							15.5		12.8			
2026	9	2	12	50	220.0	5.0							15.5		12.9			
2026	9	2	12	40	230.0	4.0							15.4		12.8			
2026	9	2	12	30	230.0	4.0							15.5		12.9			
2026	9	2	12	20	220.0	4.0							15.4		12.8			
2026	9	2	12	10	230.0	4.0							15.4		12.9			
2026	9	2	12	0	230.0	2.0							15.5		12.9			
2026	9	2	11	50	220.0	4.0							15.5		12.9			
2026	9	2	11	40	210.0	4.0							15.6		13.1			
2026	9	2	11	30	210.0	5.0							15.6		13.3			
2026	9	2	11	20	230.0	4.0							15.5		13.4			
2026	9	2	11	10	230.0	3.0							15.4		13.4			
2026	9	2	11	0	260.0	2.0							15.5		13.5			
2026	9	2	10	50									15.3		13.4			
2026	9	2	10	40		0.0							15.4		13.5			
2026	9	2	10	30	200.0	2.0							15.4		13.4			
2026	9	2	10	20	180.0	1.0							15.4		13.4			
2026	9	2	10	10	190.0	2.0							15.4		13.5			
2026	9	2	10	0	180.0	3.0							15.5		13.6			
2026	9	2	9	50	190.0	2.0							15.4		13.5			
2026	9	2	9	40	220.0	1.0							15.3		13.4			
2026	9	2	9	30		0.0							15.3		13.4			
2026	9	2	9	20		0.0							15.3		13.4			
2026	9	2	9	10	30.0	1.0							15.3		13.4			
2026	9	2	9	0	230.0	3.0							15.7		13.9			
2026	9	2	8	50	220.0	3.0							15.7		13.9			
2026	9	2	8	40	280.0	1.0							15.3		13.5			
2026	9	2	8	30	340.0	1.0							15.2		13.4			
2026	9	2	8	20	200.0	3.0							15.4		13.7			
2026	9	2	8	10	140.0	2.0							15.0		13.1			
2026	9	2	8	0	210.0	1.0							14.9		13.0			
2026	9	2	7	50	220.0	2.0							14.9		12.9			
2026	9	2	7	40	230.0	2.0							14.9		12.8			
2026	9	2	7	30	230.0	1.0							14.7		12.7			
2026	9	2	7	20	260.0	2.0							14.7		12.5			
2026	9	2	7	10	300.0	2.0							14.7		12.3			
2026	9	2	7	0	230.0	1.0							15.1		12.7			
2026	9	2	6	50	260.0	1.0							15.2		12.8			
2026	9	2	6	40	220.0	1.0							15.3		12.7			
2026	9	2	6	30	180.0	2.0							15.4		12.7			
2026	9	2	6	20	180.0	2.0							15.5		12.6			
2026	9	2	6	10	210.0	2.0							15.7		12.8			
2026	9	2	6	0	200.0	2.0							15.5		12.5			
2026	9	2	5	50	190.0	2.0							15.6		12.3			
2026	9	2	5	40									16.0		12.4			
2026	9	2	5	30	210.0	3.0							16.2		12.4			
2026	9	2	5	20	230.0	3.0							16.4		12.5			
2026	9	2	5	10	230.0	4.0							16.4		12.6			
2026	9	2	5	0	250.0	3.0							16.5		12.7			
2026	9	2	4	50	230.0	5.0							16.5		12.8			
2026	9	2	4	40	230.0	5.0							16.5		12.8			
2026	9	2	4	30	240.0	4.0							16.5		12.9			
2026	9	2	4	20	230.0	4.0							16.6		12.9			
2026	9	2	4	10									16.6		12.8			
2026	9	2	4	0	240.0	5.0							16.7		12.9			
2026	9	2	3	50	230.0	6.0							16.8		12.9			
2026	9	2	3	40	260.0	4.0							16.9		13.0			
2026	9	2	3	30	260.0	5.0							17.0		13.1			
2026	9	2	3	20	250.0	6.0							17.1		13.1			
2026	9	2	3	10									17.3		13.3			
2026	9	2	3	0	220.0	7.0							17.4		13.5			
2026	9	2	2	50									17.3		13.3			
2026	9	2	2	40									17.4		13.2			
2026	9	2	2	30									17.5		13.2			
2026	9	2	2	20									17.5		13.1			
2026	9	2	2	10									17.5		13.1			
2026	9	2	2	0									17.5		13.0			
2026	9	2	1	50									17.5		12.8			
2026	9	2	1	40									17.8		12.8			
2026	9	2	1	30									17.8		12.9			
2026	9	2	1	20									18.0		13.2			
2026	9	2	1	10	260.0	7.0							18.4		13.7			
2026	9	2	1	0									18.4		14.4			
2026	9	2	0	50	230.0	4.0							18.0		15.2			
2026	9	2	0	40	170.0	3.0							17.0		14.6			
2026	9	2	0	30	170.0	4.0							17.0		14.5			
2026	9	2	0	20	170.0	4.0							17.0		14.3			
2026	9	2	0	10	170.0	4.0							17.1		13.9			
2026	9	1	23	50	190.0	5.0							17.5		13.7			
2026	9	1	23	40	210.0	6.0							17.9		13.8			
2026	9	1	23	30	200.0	5.0							17.8		14.1			
2026	9	1	23	20	220.0	4.0							17.5		14.2			
2026	9	1	23	10	180.0	7.0							17.4		13.6			
2026	9	1	23	0	180.0	5.0							17.9		13.3			
2026	9	1	22	50	210.0	6.0							18.3		13.5			
2026	9	1	22	40	220.0	5.0							18.1		13.4			
2026	9	1	22	30	230.0	6.0							18.2		13.5			
2026	9	1	22	20	240.0	4.0							18.1		13.4			
2026	9	1	22	10	240.0	5.0							18.1		13.3			
2026	9	1	22	0	220.0	5.0							18.0		13.2			
2026	9	1	21	50	220.0	5.0							18.0		13.1			
2026	9	1	21	40	230.0	6.0							18.0		13.0			
2026	9	1	21	30	230.0	7.0							18.1		13.1			
2026	9	1	21	20	240.0	4.0							18.0		13.2			
2026	9	1	21	10	240.0	4.0							18.0		13.0			
2026	9	1	21	0	250.0	5.0							18.0		13.2			
2026	9	1	20	50	240.0	4.0							18.1		13.1			
2026	9	1	20	40	230.0	6.0							18.0		13.0			
2026	9	1	20	30	230.0	5.0							17.9		12.9			
2026	9	1	20	20	250.0	4.0							17.9		12.9			
2026	9	1	20	10	230.0	5.0							18.1		13.0			
2026	9	1	20	0	240.0	5.0							18.2		12.9			
2026	9	1	19	50	270.0	8.0							18.2		12.9			
2026	9	1	19	40	230.0	6.0							18.2		12.9			
2026	9	1	19	30	240.0	5.0							18.3		13.0			
2026	9	1	19	20	240.0	4.0							18.2		12.9			
2026	9	1	19	10	240.0	4.0							18.4		13.2			
2026	9	1	18	30	230.0	4.0							18.0		13.1			
2026	9	1	18	20	240.0	4.0							17.9		13.1			
2026	9	1	18	10									17.8		13.2			
2026	9	1	18	0	230.0	4.0							17.9		13.2			
2026	9	1	17	50	230.0	7.0							17.7		13.3			
2026	9	1	17	40	250.0	5.0							17.6		13.2			
2026	9	1	17	30	240.0	6.0							17.6		13.3			
2026	9	1	17	20	220.0	4.0							17.4		13.4			
2026	9	1	17	10	240.0	4.0							17.3		13.6			
2026	9	1	17	0	230.0	6.0							17.1		13.6			
2026	9	1	16	50	230.0	5.0							16.9		13.7			
2026	9	1	16	40	230.0	6.0							16.8		13.9			
2026	9	1	16	30	250.0	1.0							16.5		13.8			
2026	9	1	16	20	230.0	4.0							16.4		13.9			
2026	9	1	16	10	230.0	3.0							16.3		13.9			
2026	9	1	16	0	210.0	4.0							16.0		13.9			
2026	9	1	15	50	190.0	2.0							15.8		13.7			
2026	9	1	0	0									20.7		14.2			
2026	8	31	23	50									21.0		14.2			
2026	8	31	23	40	200.0	3.0							20.8		13.9			
2026	8	31	20	40	190.0	1.0							19.8		12.8			
2026	8	31	20	30	190.0	1.0							19.4		12.8			
2026	8	31	20	20	200.0	1.0							19.4		12.6			
2026	8	31	20	10	200.0	2.0							19.4		12.0			
2026	8	31	20	0									18.9		12.1			
2026	8	31	19	50	170.0	1.0							19.2		11.9			
2026	8	31	19	40	60.0	3.0							19.4		12.3			
2026	8	31	19	30	70.0	3.0							19.1		12.6			
2026	8	31	19	20	60.0	4.0							19.0		12.6			
2026	8	31	18	40	60.0	4.0							18.5		12.6			
2026	8	31	18	30	60.0	3.0							18.3		12.5			
2026	8	31	18	20	60.0	3.0							18.1		12.6			
2026	8	31	18	10	60.0	3.0							17.9		12.6			
2026	8	31	18	0	60.0	3.0							17.9		12.4			
2026	8	31	17	50	50.0	4.0							17.8		12.6			
2026	8	31	17	40	50.0	4.0							17.5		12.6			
2026	8	31	17	30									17.4		12.7			
2026	8	31	17	20	50.0	4.0							17.1		12.7			
2026	8	31	17	10	40.0	4.0							16.8		12.8			
2026	8	31	17	0	40.0	4.0							16.6		12.9			
2026	8	31	16	50	40.0	4.0							16.4		13.0			
2026	8	31	16	40	40.0	5.0							16.1		12.9			
2026	8	31	16	30	40.0	4.0							16.0		12.9			
2026	8	31	16	20	40.0	4.0							15.8		12.9			
2026	8	31	16	10	40.0	4.0							15.6		12.8			
2026	8	31	16	0	50.0	4.0							15.4		12.8			
2026	8	31	15	50	50.0	3.0							15.1		12.6			
2026	8	31	15	40	50.0	2.0							14.9		12.4			
2026	8	31	15	30	30.0	2.0							14.8		12.4			
2026	8	31	15	20	40.0	3.0							14.8		12.4			
2026	8	31	15	10	50.0	3.0							14.8		12.5			
2026	8	31	15	0	60.0	1.0							14.8		12.5			
2026	8	31	14	50									14.9		12.6			
2026	8	31	14	40	80.0	1.0							14.9		12.7			
2026	8	31	14	30	90.0	1.0							14.6		12.5			
2026	8	31	14	20	50.0	1.0							14.6		12.6			
2026	8	31	14	10	50.0	2.0							14.6		12.5			
2026	8	31	14	0	50.0	2.0							14.6		12.6			
2026	8	31	13	50	70.0	1.0							14.4		12.4			
2026	8	31	13	40	90.0	3.0							14.6		12.7			
2026	8	31	13	30	10.0	2.0							14.6		12.6			
2026	8	31	13	20	10.0	1.0							14.5		12.5			
2026	8	31	13	10	40.0	3.0							14.6		12.5			
2026	8	31	13	0	60.0	3.0							14.7		12.6			
2026	8	31	12	50	60.0	3.0							14.7		12.6			
2026	8	31	12	40	50.0	4.0							14.8		12.6			
2026	8	31	12	30	50.0	3.0							14.7		12.5			
2026	8	31	12	20	40.0	4.0							14.7		12.5			
2026	8	31	12	10	40.0	4.0							14.8		12.5			
2026	8	31	12	0	40.0	5.0							14.8		12.4			
2026	8	31	11	50	40.0	5.0							15.0		12.5			
2026	8	31	11	40	40.0	5.0							15.0		12.3			
2026	8	31	11	30	40.0	4.0							15.1		12.3			
2026	8	31	11	20	40.0	5.0							15.2		12.3			
2026	8	31	11	10	50.0	4.0							15.2		12.2			
2026	8	31	11	0	50.0	5.0							15.6		12.5			
2026	8	31	10	50	50.0	5.0							15.4		12.4			
2026	8	31	10	40	60.0	5.0							15.4		12.3			
2026	8	31	10	30	60.0	4.0												
2026	8	31	10	20	50.0	5.0							15.6		12.2			
2026	8	31	10	10	60.0	6.0							15.6		12.1			
2026	8	31	10	0	50.0	5.0							15.7		12.1			
2026	8	31	9	50	30.0	6.0							15.8		12.0			
2026	8	31	9	40	50.0	6.0							15.9		11.9			
2026	8	31	9	30	50.0	6.0							16.0		11.8			
2026	8	31	9	20	50.0	4.0							16.0		11.7			
2026	8	31	9	10	50.0	5.0							16.1		11.7			
2026	8	31	9	0	50.0	4.0							16.3		11.7			
2026	8	31	8	50	50.0	4.0							16.3		11.6			
2026	8	31	8	40	50.0	5.0							16.3		11.4			
2026	8	31	8	30									16.5		11.5			
2026	8	31	8	20	60.0	4.0							16.5		11.4			
2026	8	31	8	10	50.0	6.0							16.6		11.3			
2026	8	31	8	0	30.0	5.0							16.7		11.4			
2026	8	31	7	50	50.0	4.0							16.7		11.3			
2026	8	31	7	40	50.0	4.0							16.8		11.4			
2026	8	31	7	30	40.0	4.0							16.9		11.5			
2026	8	31	7	20	40.0	4.0							17.2		11.6			
2026	8	31	7	10	50.0	3.0							17.2		11.6			
2026	8	31	7	0	40.0	4.0							17.2		11.5			
2026	8	31	6	50	50.0	4.0							17.4		11.5			
2026	8	31	6	40	40.0	4.0							17.5		11.6			
2026	8	31	6	30	40.0	5.0							17.6		11.6			
2026	8	31	6	20									17.9		11.7			
2026	8	31	6	10	50.0	5.0							17.9		11.5			
2026	8	31	6	0	40.0	5.0							18.0		11.5			
2026	8	31	5	50	40.0	6.0							18.0		11.7			
2026	8	31	5	40	50.0	5.0							18.2		11.8			
2026	8	31	5	30	40.0	5.0							18.3		11.7			
2026	8	31	5	20	40.0	5.0							18.4		11.5			
2026	8	31	5	10	40.0	5.0							18.6		11.6			
2026	8	31	5	0	40.0	5.0							18.7		11.6			
2026	8	31	4	50	50.0	5.0							18.8		11.4			
2026	8	31	4	40	50.0	5.0							19.0		11.3			
2026	8	31	4	30	50.0	5.0							18.9		11.5			
2026	8	31	4	20	40.0	5.0							19.0		11.6			
2026	8	31	4	10	30.0	4.0							19.0		11.6			
2026	8	31	4	0	40.0	4.0							19.1		11.6			
2026	8	31	3	50	40.0	4.0							18.9		12.4			
2026	8	31	3	40									19.1		12.7			
2026	8	31	3	30	40.0	4.0							19.3		12.7			
2026	8	31	3	20	40.0	3.0							19.0		12.6			
2026	8	31	3	10	30.0	1.0							18.8		12.0			
2026	8	31	3	0	360.0	1.0							18.3		12.0			
2026	8	31	2	50	340.0	1.0							18.1		11.9			
2026	8	31	2	40	310.0	1.0							18.2		11.2			
2026	8	31	2	30	310.0	1.0							18.3		11.2			
2026	8	31	2	20	300.0	2.0							18.6		11.7			
2026	8	31	2	10	310.0	1.0							18.4		12.4			
2026	8	31	2	0	180.0	1.0							18.4		12.7			
2026	8	31	1	50	270.0	1.0							19.1		13.2			
2026	8	31	1	40		0.0							18.8		12.8			
2026	8	31	1	30	170.0	1.0							18.4		12.3			
2026	8	31	1	20	180.0	1.0							18.4		12.2			
2026	8	31	1	10	190.0	1.0							18.4		11.7			
2026	8	31	1	0	160.0	2.0							18.8		11.3			
2026	8	31	0	50	140.0	3.0							18.5		11.3			
2026	8	31	0	40	160.0	2.0												
2026	8	31	0	30	170.0	2.0							18.8		10.7			
2026	8	31	0	20	150.0	2.0							19.3		10.6			
2026	8	31	0	10	170.0	3.0							18.9		11.1			
2026	8	31	0	0	170.0	2.0							19.2		10.5			
2026	8	30	23	50	120.0	3.0							19.0		10.7			
2026	8	30	23	40	130.0	3.0							18.6		11.8			
2026	8	30	23	30	140.0	3.0							18.3		12.1			
2026	8	30	23	20	140.0	2.0							18.5		12.1			
2026	8	30	23	10	140.0	2.0							18.4		11.8			
2026	8	30	23	0									18.4		11.9			
2026	8	30	22	50									18.3		12.3			
2026	8	30	22	40									18.2		12.5			
2026	8	30	22	30									18.1		12.5			
2026	8	30	22	20									17.8		12.8			
2026	8	30	22	10									17.6		13.1			
2026	8	30	22	0									17.8		13.4			
2026	8	30	21	50									17.5		13.2			
2026	8	30	21	40									17.5		12.9			
2026	8	30	21	30									17.8		13.0			
2026	8	30	21	20	140.0	2.0							17.2		13.0			
2026	8	30	21	10	120.0	2.0							17.0		13.1			
2026	8	30	21	0	120.0	2.0							16.9		13.0			
2026	8	30	20	50	120.0	2.0							16.7		12.9			
2026	8	30	20	40	140.0	2.0							16.6		13.0			
2026	8	30	20	30	130.0	2.0							16.3		12.8			
2026	8	30	20	20	130.0	3.0							16.2		12.8			
2026	8	30	20	10	130.0	3.0							15.9		12.6			
2026	8	30	20	0	110.0	3.0							16.1		12.8			
2026	8	30	19	50	130.0	2.0							15.7		12.5			
2026	8	30	19	40	140.0	2.0												
2026	8	30	19	30	140.0	2.0							15.4		12.4			
2026	8	30	19	20	130.0	2.0							15.3		12.4			
2026	8	30	19	10	130.0	2.0							15.2		12.4			
2026	8	30	18	30	130.0	2.0							14.7		11.9			
2026	8	30	18	20	130.0	2.0							14.7		12.0			
2026	8	30	18	10	120.0	2.0							14.5		11.8			
2026	8	30	18	0	120.0	3.0							14.3		11.8			
2026	8	30	17	50	140.0	2.0							14.4		11.9			
2026	8	30	17	40	130.0	2.0							14.5		12.0			
2026	8	30	17	30									14.4		12.0			
2026	8	30	17	20	120.0	2.0							14.4		12.0			
2026	8	30	17	10	110.0	1.0							14.3		11.9			
2026	8	30	17	0	180.0	1.0							14.3		12.0			
2026	8	30	16	50	120.0	1.0							14.2		12.0			
2026	8	30	16	40	90.0	1.0							14.0		11.8			
2026	8	30	16	30	90.0	1.0							13.8		11.7			
2026	8	30	16	20	100.0	1.0							13.8		11.8			
2026	8	30	16	10	110.0	1.0							13.8		11.8			
2026	8	30	16	0		0.0							14.0		12.0			
2026	8	30	15	50	310.0	1.0							13.6		11.7			
2026	8	30	15	40	250.0	1.0							13.4		11.5			
2026	8	30	15	30	290.0	2.0							13.4		11.5			
2026	8	30	15	20	290.0	1.0							13.3		11.5			
2026	8	30	15	10	270.0	1.0							13.4		11.5			
2026	8	30	15	0	260.0	2.0							13.4		11.5			
2026	8	30	14	50	290.0	2.0							13.3		11.4			
2026	8	30	14	40	290.0	2.0							13.2		11.3			
2026	8	30	14	30	290.0	2.0							13.1		11.2			
2026	8	30	14	20	270.0	2.0							13.2		11.2			
2026	8	30	14	10	270.0	2.0							13.2		11.3			
2026	8	30	14	0	230.0	1.0							13.3		11.3			
2026	8	30	13	50	250.0	2.0							13.3		11.3			
2026	8	30	13	40	240.0	2.0							13.3		11.3			
2026	8	30	13	30	220.0	1.0							13.6					
2026	8	30	13	20	210.0	1.0							13.4		11.3			
2026	8	30	13	10	210.0	1.0							13.3		11.2			
2026	8	30	13	0	200.0	1.0							13.3		11.2			
2026	8	30	12	50	210.0	2.0							13.3		11.2			
2026	8	30	12	40	220.0	1.0							13.3		11.2			
2026	8	30	12	30	230.0	1.0							13.3		11.2			
2026	8	30	12	20	200.0	1.0							13.3		11.1			
2026	8	30	12	10	260.0	1.0							13.3		11.1			
2026	8	30	12	0	280.0	2.0							13.4		11.1			
2026	8	30	11	50	270.0	2.0							13.4		11.1			
2026	8	30	11	40	270.0	1.0							13.5		11.2			
2026	8	30	11	30	230.0	2.0							13.4		11.0			
2026	8	30	11	20	230.0	1.0							13.4		11.1			
2026	8	30	11	10	210.0	2.0							13.5		11.2			
2026	8	30	11	0	220.0	2.0							13.5		11.2			
2026	8	30	10	50	210.0	2.0							13.4		11.1			
2026	8	30	10	40	190.0	2.0							13.4		11.2			
2026	8	30	10	30	230.0	1.0							13.5		11.2			
2026	8	30	10	20	230.0	1.0							13.4		11.2			
2026	8	30	10	10		0.0							13.3		11.0			
2026	8	30	10	0	280.0	1.0							13.3		11.0			
2026	8	30	9	50	260.0	1.0							13.3		10.8			
2026	8	30	9	40	270.0	1.0							13.4		10.9			
2026	8	30	9	30	200.0	2.0							13.5		10.9			
2026	8	30	9	20	190.0	2.0							13.5		10.8			
2026	8	30	9	10	250.0	1.0							13.6		10.9			
2026	8	30	9	0	220.0	1.0							13.7		10.9			
2026	8	30	8	50	180.0	2.0							13.7		10.8			
2026	8	30	8	40									13.6		10.7			
2026	8	30	8	30	180.0	2.0							13.9		11.0			
2026	8	30	8	20	190.0	2.0							13.9		10.9			
2026	8	30	8	10	230.0	1.0							14.0		10.9			
2026	8	30	8	0									14.2		11.0			
2026	8	30	7	50	200.0	2.0							14.3		10.9			
2026	8	30	7	40	220.0	1.0							14.4		10.9			
2026	8	30	7	30	210.0	2.0							14.4		10.9			
2026	8	30	7	20	210.0	2.0							14.5		10.9			
2026	8	30	7	10	210.0	2.0							14.5		10.8			
2026	8	30	7	0	230.0	2.0							14.5		10.8			
2026	8	30	6	50	190.0	2.0							14.6		10.9			
2026	8	30	6	40	230.0	2.0							14.8		11.0			
2026	8	30	6	30	220.0	2.0							14.8		10.9			
2026	8	30	6	20	210.0	2.0							15.0		10.9			
2026	8	30	6	10	220.0	3.0							15.0		10.8			
2026	8	30	6	0	210.0	2.0							13.6					
2026	8	30	5	50	230.0	3.0							15.2		10.7			
2026	8	30	5	40	230.0	3.0							15.4		10.8			
2026	8	30	5	30	230.0	5.0							15.4		10.6			
2026	8	30	5	20	230.0	3.0							15.5		10.5			
2026	8	30	5	10									15.7		10.4			
2026	8	30	5	0	250.0	3.0							15.9		10.3			
2026	8	30	4	50	250.0	5.0							16.0		10.2			
2026	8	30	4	40	250.0	5.0							16.2		10.0			
2026	8	30	4	30	240.0	6.0							16.4		10.0			
2026	8	30	4	20	240.0	5.0							16.6		9.9			
2026	8	30	4	10	250.0	5.0							16.6		9.8			
2026	8	30	4	0	250.0	4.0							16.8		9.7			
2026	8	30	3	50	240.0	5.0							17.0		9.6			
2026	8	30	3	40	240.0	4.0							17.2		9.5			
2026	8	30	3	30	250.0	5.0							17.4		9.5			
2026	8	30	3	20	240.0	5.0							17.5		9.5			
2026	8	30	3	10	230.0	4.0							17.8		9.2			
2026	8	30	3	0	240.0	6.0							18.0		9.0			
2026	8	30	2	50	240.0	6.0							18.3		8.9			
2026	8	30	2	40	250.0	7.0							18.4		9.1			
2026	8	30	2	30	240.0	6.0							18.6		9.1			
2026	8	30	2	20	230.0	6.0							18.6		9.0			
2026	8	30	2	10	240.0	5.0							19.0		8.9			
2026	8	30	2	0	250.0	6.0							19.1		8.6			
2026	8	30	1	50	250.0	6.0							19.3		8.9			
2026	8	30	1	40	250.0	7.0							19.4		8.7			
2026	8	30	1	30	270.0	10.0							19.2		8.9			
2026	8	30	1	20	270.0	8.0							19.2		8.9			
2026	8	30	1	10	250.0	8.0							19.8		8.5			
2026	8	30	1	0	250.0	7.0							19.5		8.6			
2026	8	30	0	50	260.0	8.0							19.8		8.6			
2026	8	30	0	40	250.0	7.0							19.7		8.6			
2026	8	30	0	30	250.0	8.0							19.8		8.7			
2026	8	30	0	20	250.0	7.0							19.5		8.9			
2026	8	30	0	10	270.0	11.0												
2026	8	30	0	0	270.0	7.0							19.8		8.8			
2026	8	29	23	50	250.0	7.0							19.9		8.7			
2026	8	29	23	40	250.0	10.0							19.8		9.2			
2026	8	29	23	30	240.0	9.0							19.9		8.7			
2026	8	29	23	20	240.0	8.0							20.1		9.0			
2026	8	29	23	10	230.0	6.0							20.0		9.1			
2026	8	29	23	0	260.0	5.0							19.9		9.1			
2026	8	29	22	50									19.7		9.6			
2026	8	29	22	40	230.0	8.0							19.6		10.0			
2026	8	29	22	30	220.0	8.0							19.4		10.0			
2026	8	29	22	20	220.0	7.0							19.6		9.3			
2026	8	29	22	10	230.0	7.0							19.9		9.0			
2026	8	29	22	0	220.0	7.0							19.8		8.9			
2026	8	29	21	50	230.0	9.0							19.3		8.8			
2026	8	29	21	40	250.0	4.0							20.1		8.1			
2026	8	29	21	30	230.0	6.0							20.0		8.3			
2026	8	29	21	20	280.0	3.0							19.5		9.0			
2026	8	29	21	10	210.0	5.0							19.6		8.6			
2026	8	29	21	0	250.0	6.0							19.3		9.1			
2026	8	29	20	40	320.0	5.0							18.6		10.5			
2026	8	29	20	30	10.0	1.0							19.0		10.3			
2026	8	29	20	20	240.0	2.0							18.8		11.2			
2026	8	29	20	10	210.0	6.0							17.7		12.4			
2026	8	29	20	0	100.0	3.0							17.1		12.7			
2026	8	29	19	50									16.5		12.7			
2026	8	29	19	40									16.2		12.5			
2026	8	29	19	30									16.3		12.4			
2026	8	29	19	20									16.2		12.1			
2026	8	29	19	10									16.4		12.1			
2026	8	29	18	40									16.0		12.4			
2026	8	29	18	30	170.0	4.0							15.8		12.3			
2026	8	29	18	20	160.0	3.0							16.0		12.5			
2026	8	29	18	10	180.0	2.0							15.7		12.5			
2026	8	29	18	0	200.0	2.0							15.5		12.5			
2026	8	29	17	50	160.0	3.0							15.5		12.6			
2026	8	29	17	40	200.0	2.0							15.2		12.5			
2026	8	29	17	30	190.0	4.0							15.2		12.7			
2026	8	29	17	20	200.0	4.0							15.0		12.6			
2026	8	29	17	10	160.0	2.0							15.2		12.9			
2026	8	29	17	0	170.0	2.0							15.1		13.1			
2026	8	29	16	50	230.0	1.0							15.0		13.1			
2026	8	29	16	40	250.0	2.0							14.7		12.9			
2026	8	29	16	30	250.0	2.0							14.7		13.0			
2026	8	29	16	20	250.0	2.0							14.5		12.9			
2026	8	29	16	10	240.0	2.0							14.4		12.8			
2026	8	29	16	0	250.0	3.0							14.4		12.9			
2026	8	29	15	50	240.0	4.0							14.4		12.9			
2026	8	29	15	40	220.0	4.0							14.4		12.9			
2026	8	29	15	30	220.0	2.0							14.4		12.9			
2026	8	29	15	20	240.0	3.0							14.1		12.6			
2026	8	29	15	10	220.0	3.0							13.6					
2026	8	29	15	0	220.0	3.0							13.9		12.4			
2026	8	29	14	50	230.0	5.0							14.0		12.4			
2026	8	29	14	40	230.0	4.0							14.1		12.4			
2026	8	29	14	30	290.0	1.0							14.1		12.4			
2026	8	29	14	20	240.0	2.0							14.1		12.3			
2026	8	29	14	10	240.0	2.0							14.1		12.3			
2026	8	29	14	0	250.0	2.0							14.1		12.2			
2026	8	29	13	50	240.0	3.0							14.2		12.1			
2026	8	29	13	40	250.0	3.0							14.3		12.2			
2026	8	29	13	30	240.0	4.0							14.3		12.1			
2026	8	29	13	20	230.0	4.0							14.3		12.0			
2026	8	29	13	10	240.0	4.0							14.4		12.0			
2026	8	29	13	0	250.0	4.0							14.4		12.0			
2026	8	29	12	50	230.0	3.0							14.5		12.0			
2026	8	29	12	40	210.0	4.0							14.4		11.9			
2026	8	29	12	30	210.0	4.0							14.4		11.9			
2026	8	29	12	20	210.0	4.0							14.3		11.7			
2026	8	29	12	10	220.0	2.0							14.5		11.9			
2026	8	29	12	0	230.0	3.0							14.5		11.9			
2026	8	29	11	50	210.0	3.0							14.5		11.9			
2026	8	29	11	40	200.0	3.0							14.5		11.8			
2026	8	29	11	30	200.0	2.0							14.5		11.9			
2026	8	29	11	20	180.0	3.0							14.4		11.7			
2026	8	29	11	10	190.0	3.0							14.6		11.9			
2026	8	29	11	0	210.0	3.0							14.6		11.8			
2026	8	29	10	50	200.0	4.0							14.6		11.7			
2026	8	29	10	40	180.0	3.0							14.6		11.7			
2026	8	29	10	30	190.0	4.0							14.6		11.6			
2026	8	29	10	20	180.0	4.0							14.7		11.7			
2026	8	29	10	10	190.0	3.0							14.6		11.5			
2026	8	29	10	0	180.0	5.0							14.7		11.5			
2026	8	29	9	50	190.0	4.0							14.9		11.5			
2026	8	29	9	40	190.0	4.0							14.9		11.4			
2026	8	29	9	30	190.0	3.0							14.9		11.3			
2026	8	29	9	20	180.0	3.0							15.0		11.5			
2026	8	29	9	10	180.0	4.0							15.0		11.4			
2026	8	29	9	0	170.0	4.0							15.0		11.3			
2026	8	29	8	50	180.0	5.0							11.4					
2026	8	29	8	40	170.0	4.0							15.5		11.7			
2026	8	29	8	30	190.0	3.0							15.5		11.7			
2026	8	29	8	20	180.0	2.0							15.5		11.7			
2026	8	29	8	10	210.0	3.0												
2026	8	29	8	0	200.0	3.0							15.6		11.9			
2026	8	29	7	50	220.0	3.0							15.5		11.8			
2026	8	29	7	40	210.0	4.0							15.5		11.9			
2026	8	29	7	30	210.0	4.0							15.6		11.9			
2026	8	29	7	20	200.0	3.0							15.7		11.9			
2026	8	29	7	10	190.0	2.0							15.7		11.8			
2026	8	29	7	0	210.0	2.0							15.9		11.9			
2026	8	29	6	50	220.0	2.0							15.8		11.8			
2026	8	29	6	40	220.0	1.0							15.8		11.8			
2026	8	29	6	30	200.0	2.0							16.0		11.9			
2026	8	29	6	20	200.0	1.0							16.0		11.7			
2026	8	29	6	10	210.0	1.0							11.7					
2026	8	29	6	0	280.0	2.0							16.2		11.7			
2026	8	29	5	50	280.0	1.0							16.3		11.7			
2026	8	29	5	40	260.0	2.0							16.3		11.6			
2026	8	29	5	30	250.0	3.0							16.3		11.5			
2026	8	29	5	20									16.5		11.6			
2026	8	29	5	10	240.0	3.0							16.6		11.4			
2026	8	29	5	0	260.0	4.0							16.7		11.3			
2026	8	29	4	50	280.0	3.0							16.9		11.3			
2026	8	29	4	40	260.0	5.0							17.0		11.2			
2026	8	29	4	30	250.0	5.0							17.2		11.2			
2026	8	29	4	20	280.0	6.0							17.4		11.1			
2026	8	29	4	10	250.0	7.0							17.5		11.0			
2026	8	29	4	0	270.0	6.0												
2026	8	29	3	50	270.0	7.0							17.9		10.9			
2026	8	29	3	40	270.0	7.0							18.1		11.0			
2026	8	29	3	30	270.0	6.0							18.1		11.1			
2026	8	29	3	20	270.0	7.0							18.2		10.9			
2026	8	29	3	10	270.0	7.0							18.5		11.1			
2026	8	29	3	0									18.8		11.1			
2026	8	29	2	50	250.0	7.0							19.0		11.1			
2026	8	29	2	40	260.0	6.0							19.4		10.9			
2026	8	29	2	30	280.0	7.0							19.9		10.8			
2026	8	29	2	20	280.0	6.0												
2026	8	29	2	10	250.0	4.0							20.5		11.0			
2026	8	29	2	0	240.0	3.0							20.5		10.8			
2026	8	29	1	50	250.0	5.0							20.6		10.6			
2026	8	29	1	40	240.0	5.0							20.8		10.5			
2026	8	29	1	30									20.9		10.8			
2026	8	29	1	20	230.0	5.0							20.8		10.9			
2026	8	29	1	10	230.0	5.0							21.0		10.7			
2026	8	29	0	50	220.0	3.0							20.9		11.1			
2026	8	29	0	40	250.0	4.0							20.5		11.2			
2026	8	29	0	30	230.0	4.0							20.5		11.3			
2026	8	29	0	20	230.0	4.0							20.7		11.3			
2026	8	29	0	10	220.0	4.0							20.6		11.4			
2026	8	29	0	0	230.0	5.0							20.4		11.5			
2026	8	28	23	50	220.0	5.0							20.5		11.3			
2026	8	28	23	40	240.0	4.0							20.7		11.7			
2026	8	28	23	30	250.0	4.0							20.7		12.0			
2026	8	28	23	20	240.0	4.0							20.4		12.5			
2026	8	28	23	10	210.0	4.0							20.0		13.5			
2026	8	28	23	0	70.0	1.0							18.9		13.8			
2026	8	28	22	50	110.0	2.0							18.7		13.8			
2026	8	28	22	40	110.0	2.0							18.4		13.9			
2026	8	28	22	30	110.0	3.0							18.1		14.2			
2026	8	28	22	20	100.0	3.0							17.8		14.5			
2026	8	28	22	10	70.0	2.0							17.8		14.6			
2026	8	28	22	0	110.0	2.0							17.7		14.5			
2026	8	28	21	50	140.0	2.0							17.5		14.4			
2026	8	28	21	40	140.0	3.0							17.5		14.5			
2026	8	28	21	30	140.0	2.0							17.6		14.5			
2026	8	28	21	20	140.0	3.0							17.4		14.4			
2026	8	28	21	10	140.0	3.0							17.2		14.4			
2026	8	28	21	0	130.0	3.0							17.1		14.6			
2026	8	28	20	50	130.0	3.0							17.0		14.6			
2026	8	28	20	40	140.0	3.0							16.9		14.8			
2026	8	28	20	30	140.0	3.0							16.7		14.7			
2026	8	28	20	20	140.0	3.0							16.5		14.6			
2026	8	28	20	10	130.0	3.0							16.5		14.6			
2026	8	28	20	0	140.0	3.0							16.5		14.7			
2026	8	28	19	50	140.0	2.0							16.5		14.9			
2026	8	28	19	40	140.0	2.0							16.4		14.9			
2026	8	28	19	30	140.0	2.0							16.3		14.9			
2026	8	28	19	20	160.0	2.0							16.3		15.0			
2026	8	28	19	10	160.0	2.0							16.3		15.1			
2026	8	28	18	30		0.0							15.6		14.6			
2026	8	28	18	20		0.0							15.4		14.4			
2026	8	28	18	10	210.0	2.0							15.2		14.3			
2026	8	28	18	0	200.0	2.0							15.3		14.3			
2026	8	28	17	50	200.0	2.0							14.4					
2026	8	28	17	40	220.0	2.0							15.3		14.3			
2026	8	28	17	30	200.0	1.0							15.3		14.4			
2026	8	28	17	20									15.2		14.2			
2026	8	28	17	10	210.0	1.0							15.2		14.2			
2026	8	28	17	0	220.0	1.0							15.2		14.2			
2026	8	28	16	50	190.0	1.0							15.1		14.2			
2026	8	28	16	40	140.0	1.0							15.2		14.2			
2026	8	28	16	30	180.0	1.0							15.2		14.3			
2026	8	28	16	20	140.0	1.0							15.2		14.2			
2026	8	28	16	10		0.0							15.3		14.4			
2026	8	28	16	0		0.0							15.1		14.2			
2026	8	28	15	50									15.4		14.4			
2026	8	28	15	40									15.1		14.2			
2026	8	28	15	30									15.0		14.1			
2026	8	28	15	20									14.9		14.0			
2026	8	28	15	10									14.8		13.9			
2026	8	28	15	0									14.8		13.8			
2026	8	28	14	50									14.7		13.7			
2026	8	28	14	40									14.7		13.7			
2026	8	28	14	30	200.0	2.0							14.8		13.7			
2026	8	28	14	20	200.0	3.0							14.8		13.7			
2026	8	28	14	10	190.0	2.0							14.8		13.6			
2026	8	28	14	0	190.0	2.0							14.8		13.5			
2026	8	28	13	50	210.0	2.0							14.9		13.6			
2026	8	28	13	40	250.0	1.0							15.0		13.6			
2026	8	28	13	30	260.0	1.0							14.9		13.5			
2026	8	28	13	20	250.0	1.0							15.0		13.5			
2026	8	28	13	10	270.0	1.0							15.0		13.5			
2026	8	28	13	0	250.0	1.0							15.1		13.5			
2026	8	28	12	50	240.0	1.0							15.1		13.5			
2026	8	28	12	40	220.0	1.0												
2026	8	28	12	30	230.0	1.0							15.1		13.5			
2026	8	28	12	20	220.0	1.0							15.2		13.5			
2026	8	28	12	10	220.0	2.0							15.2		13.5			
2026	8	28	12	0	220.0	1.0							15.2		13.5			
2026	8	28	11	50	230.0	1.0							15.1		13.4			
2026	8	28	11	40	230.0	1.0							15.2		13.5			
2026	8	28	11	30	210.0	2.0							15.2		13.5			
2026	8	28	11	20									15.2		13.5			
2026	8	28	11	10	230.0	2.0							15.2		13.5			
2026	8	28	11	0	230.0	1.0							15.3		13.5			
2026	8	28	10	50	210.0	1.0							15.3		13.5			
2026	8	28	10	40	210.0	1.0							15.3		13.5			
2026	8	28	10	30		0.0							15.3		13.5			
2026	8	28	10	20		0.0							15.2		13.4			
2026	8	28	10	10	230.0	1.0							15.3		13.5			
2026	8	28	10	0		0.0							15.2		13.4			
2026	8	28	9	50	210.0	1.0							15.4		13.6			
2026	8	28	9	40	230.0	1.0							15.4		13.6			
2026	8	28	9	30		0.0							15.4		13.5			
2026	8	28	9	20		0.0							15.4		13.4			
2026	8	28	9	10	230.0	1.0							15.3		13.4			
2026	8	28	9	0	240.0	1.0							15.2		13.2			
2026	8	28	8	50		0.0							15.1		13.1			
2026	8	28	8	40	170.0	1.0							15.3		13.2			
2026	8	28	8	30		0.0							15.2		13.1			
2026	8	28	8	20		0.0							15.2		13.1			
2026	8	28	8	10	250.0	1.0							15.0		12.8			
2026	8	28	8	0	260.0	1.0							15.2		12.9			
2026	8	28	7	50	220.0	1.0							15.4		13.0			
2026	8	28	7	40	200.0	1.0							15.4		12.9			
2026	8	28	7	30	210.0	1.0							15.5		12.8			
2026	8	28	7	20	190.0	2.0							15.7		12.7			
2026	8	28	7	10	210.0	2.0							15.8		12.7			
2026	8	28	7	0	240.0	1.0							16.1		12.8			
2026	8	28	6	50	170.0	1.0							16.4		12.9			
2026	8	28	6	40	210.0	1.0							16.4		12.9			
2026	8	28	6	30	210.0	2.0							16.5		12.9			
2026	8	28	6	20	200.0	2.0							16.4		12.8			
2026	8	28	6	10	220.0	2.0							16.6		12.9			
2026	8	28	6	0	170.0	2.0							16.8		13.1			
2026	8	28	5	50	240.0	4.0							16.6		12.9			
2026	8	28	5	40									16.8		13.0			
2026	8	28	5	30	230.0	5.0							16.8		13.1			
2026	8	28	5	20	240.0	4.0							16.8		13.1			
2026	8	28	5	10	270.0	6.0							16.8		13.1			
2026	8	28	5	0	270.0	6.0							17.0		13.1			
2026	8	28	4	50	260.0	6.0							17.1		13.2			
2026	8	28	4	40	260.0	6.0							17.2		13.2			
2026	8	28	4	30	270.0	7.0							17.1		13.1			
2026	8	28	4	20	270.0	6.0							17.3		13.1			
2026	8	28	4	10	260.0	6.0							17.5		13.4			
2026	8	28	4	0	270.0	4.0							17.5		13.3			
2026	8	28	3	50	270.0	4.0							17.7		13.2			
2026	8	28	3	40	240.0	4.0							18.1		13.6			
2026	8	28	3	30	250.0	4.0							18.0		13.4			
2026	8	28	3	20	270.0	4.0							18.0		13.2			
2026	8	28	3	10	270.0	3.0							18.4		13.3			
2026	8	28	3	0	270.0	3.0							18.7		13.4			
2026	8	28	2	50	260.0	4.0							18.8		13.5			
2026	8	28	2	40	240.0	3.0							18.8		13.5			
2026	8	28	2	30	260.0	5.0							18.8		13.4			
2026	8	28	2	20	270.0	6.0							18.9		13.4			
2026	8	28	2	10	260.0	4.0							19.2		13.5			
2026	8	28	2	0	270.0	6.0							19.2		13.4			
2026	8	28	1	50	250.0	6.0							19.2		13.3			
2026	8	28	1	40	270.0	6.0							19.3		12.9			
2026	8	28	1	30	260.0	7.0							19.8		12.8			
2026	8	28	1	20									19.9		13.0			
2026	8	28	1	10	270.0	7.0							19.7		13.1			
2026	8	28	1	0	280.0	6.0							19.8		13.3			
2026	8	28	0	50									19.8		13.2			
2026	8	28	0	40									19.7		12.9			
2026	8	28	0	30	270.0	6.0							20.2		12.6			
2026	8	28	0	20	280.0	9.0							20.3		12.8			
2026	8	28	0	10	270.0	7.0							20.0		12.8			
2026	8	28	0	0	270.0	8.0							20.1		12.7			
2026	8	27	23	50	260.0	7.0							20.1		12.8			
2026	8	27	23	40	260.0	8.0							19.9		13.1			
2026	8	27	23	30	270.0	6.0							19.7		13.3			
2026	8	27	23	20	270.0	5.0							19.9		13.1			
2026	8	27	23	10	280.0	7.0							20.0		12.8			
2026	8	27	22	50	280.0	5.0							19.7		12.9			
2026	8	27	22	40	270.0	6.0							20.5		12.2			
2026	8	27	22	30	260.0	7.0							20.6		11.7			
2026	8	27	22	10	240.0	6.0							20.7		11.7			
2026	8	27	22	0	260.0	5.0							20.5		12.6			
2026	8	27	21	50	230.0	8.0							20.2		12.8			
2026	8	27	21	40	240.0	7.0							20.0		13.7			
2026	8	27	21	30	230.0	6.0							19.5		14.1			
2026	8	27	21	20	220.0	7.0							19.0		14.4			
2026	8	27	21	10	220.0	3.0							18.3		14.0			
2026	8	27	21	0	230.0	5.0							17.8		13.4			
2026	8	27	20	50	270.0	8.0							18.4		12.8			
2026	8	27	20	40	240.0	6.0							19.1		13.3			
2026	8	27	20	30	220.0	5.0							19.0		13.3			
2026	8	27	20	20	250.0	6.0							19.1		13.2			
2026	8	27	20	10	250.0	6.0							18.8		13.2			
2026	8	27	20	0	220.0	7.0							18.7		13.2			
2026	8	27	19	50									18.4		13.1			
2026	8	27	19	40	230.0	6.0							18.5		13.4			
2026	8	27	19	30	210.0	6.0							18.3		13.5			
2026	8	27	19	20	230.0	5.0							18.1		13.5			
2026	8	27	18	30	220.0	3.0							17.0		13.9			
2026	8	27	18	20	230.0	4.0							16.7		13.6			
2026	8	27	18	10	230.0	4.0							16.5		13.2			
2026	8	27	18	0	230.0	5.0							16.8		13.1			
2026	8	27	17	50	240.0	5.0							16.9		13.1			
2026	8	27	17	40	230.0	7.0							17.0		13.2			
2026	8	27	17	30	240.0	5.0							16.9		13.2			
2026	8	27	17	20	230.0	4.0							16.7		13.1			
2026	8	27	17	10	250.0	6.0							16.6		12.9			
2026	8	27	17	0	230.0	6.0							16.8		12.9			
2026	8	27	16	50	240.0	6.0							16.8		12.8			
2026	8	27	16	40	250.0	5.0							17.3		13.3			
2026	8	27	16	30	240.0	4.0							17.1		13.6			
2026	8	27	16	20	220.0	3.0							16.8		13.5			
2026	8	27	16	10	220.0	3.0							16.6		13.6			
2026	8	27	16	0	200.0	4.0							16.5		13.7			
2026	8	27	15	50	190.0	2.0							16.4		13.7			
2026	8	27	15	40	200.0	2.0							16.3		13.7			
2026	8	27	15	30	210.0	3.0							16.2		13.7			
2026	8	27	15	20	210.0	4.0							16.3		13.8			
2026	8	27	15	10									16.2		13.9			
2026	8	27	15	0	200.0	1.0							16.0		13.9			
2026	8	27	14	50	230.0	2.0							15.9		13.7			
2026	8	27	14	40	220.0	3.0							15.9		13.8			
2026	8	27	14	30	230.0	3.0							15.8		13.8			
2026	8	27	14	20	220.0	3.0							13.8					
2026	8	27	14	10	200.0	2.0							15.8		13.7			
2026	8	27	14	0	180.0	3.0							15.9		13.7			
2026	8	27	13	50									16.0		13.7			
2026	8	27	13	40	170.0	4.0							16.1		13.7			
2026	8	27	13	30	160.0	3.0							16.1		13.7			
2026	8	27	13	20	170.0	3.0							16.2		13.7			
2026	8	27	13	10	170.0	3.0							16.4		13.6			
2026	8	27	13	0	190.0	2.0							16.3		13.5			
2026	8	27	12	50	230.0	2.0							16.5		13.6			
2026	8	27	12	40	240.0	3.0							16.5		13.6			
2026	8	27	12	30	240.0	2.0							16.6		13.7			
2026	8	27	12	20									16.6		13.7			
2026	8	27	12	10	250.0	3.0							16.5		13.7			
2026	8	27	12	0	220.0	2.0							16.6		13.8			
2026	8	27	11	50	230.0	2.0							16.6		13.8			
2026	8	27	11	40	250.0	2.0							16.7		13.8			
2026	8	27	11	30	220.0	1.0							16.7		13.8			
2026	8	27	11	20	240.0	3.0							16.8		13.8			
2026	8	27	11	10	230.0	2.0							16.8		13.8			
2026	8	27	11	0	240.0	2.0							16.8		13.7			
2026	8	27	10	50									16.8		13.7			
2026	8	27	10	40									16.8		13.6			
2026	8	27	10	30									16.8		13.6			
2026	8	27	10	20									16.8		13.6			
2026	8	27	10	10									16.8		13.6			
2026	8	27	10	0									16.7		13.6			
2026	8	27	9	50									16.8		13.5			
2026	8	27	9	40	240.0	2.0							16.8		13.6			
2026	8	27	9	30									16.8		13.5			
2026	8	27	9	20	240.0	3.0							16.8		13.5			
2026	8	27	9	10	210.0	3.0							16.8		13.4			
2026	8	27	9	0	230.0	4.0							16.8		13.4			
2026	8	27	8	50	220.0	4.0							16.9		13.4			
2026	8	27	8	40	230.0	4.0							16.8		13.3			
2026	8	27	8	30	230.0	4.0							16.9		13.2			
2026	8	27	8	20	240.0	4.0							16.9		13.2			
2026	8	27	8	10	240.0	5.0							16.9		13.1			
2026	8	27	8	0	250.0	5.0							17.0		13.1			
2026	8	27	7	50	250.0	4.0							17.0		13.0			
2026	8	27	7	40	260.0	3.0							17.1		12.9			
2026	8	27	7	30	250.0	4.0							17.2		12.8			
2026	8	27	7	20	250.0	6.0							17.3		12.7			
2026	8	27	7	10	230.0	4.0							17.5		12.7			
2026	8	27	7	0	260.0	4.0							17.5		12.7			
2026	8	27	6	50	250.0	5.0							17.6		12.6			
2026	8	27	6	40	250.0	5.0							17.8		12.5			
2026	8	27	6	30	280.0	5.0							18.1		12.6			
2026	8	27	6	20	240.0	3.0							18.2		12.6			
2026	8	27	6	10	230.0	2.0							18.4		12.6			
2026	8	27	6	0	250.0	2.0							18.4		12.5			
2026	8	27	5	50	250.0	2.0							18.5		12.5			
2026	8	27	5	40	270.0	1.0							18.6		12.5			
2026	8	27	5	30	230.0	3.0							18.6		12.5			
2026	8	27	5	20	240.0	2.0							18.8		12.4			
2026	8	27	5	10	240.0	3.0							18.9		12.4			
2026	8	27	5	0	210.0	2.0							18.9		12.3			
2026	8	27	4	50	230.0	2.0							19.2		12.3			
2026	8	27	4	40									19.1		12.1			
2026	8	27	4	30	230.0	3.0							19.3		12.1			
2026	8	27	4	20	230.0	1.0							19.3		12.1			
2026	8	27	4	10	260.0	3.0							19.5		12.2			
2026	8	27	4	0	250.0	2.0							19.3		11.9			
2026	8	27	3	50	260.0	2.0												
2026	8	27	3	40	270.0	2.0							19.6		11.8			
2026	8	27	3	30	280.0	3.0							20.0		12.2			
2026	8	27	3	20	270.0	3.0							20.1		12.1			
2026	8	27	3	10	270.0	4.0							20.6		12.3			
2026	8	27	3	0	280.0	5.0							20.4		12.0			
2026	8	27	2	50	280.0	5.0							20.7		12.3			
2026	8	27	2	40	270.0	5.0							20.8		12.2			
2026	8	27	2	30	270.0	6.0							21.4		12.3			
2026	8	27	2	20	270.0	7.0							21.6		12.6			
2026	8	27	2	10	290.0	7.0							21.3		12.1			
2026	8	27	2	0	270.0	6.0							21.9		12.5			
2026	8	27	1	50	280.0	6.0							21.9		12.4			
2026	8	27	1	40	280.0	6.0							22.5		12.7			
2026	8	27	1	30	290.0	5.0							22.7		12.7			
2026	8	27	1	20	290.0	6.0							22.7		12.5			
2026	8	27	1	10	280.0	3.0							22.9		12.8			
2026	8	27	1	0	290.0	5.0							22.8		12.6			
2026	8	27	0	50	270.0	5.0							22.8		12.8			
2026	8	27	0	40	280.0	6.0							23.5		13.2			
2026	8	27	0	30	310.0	3.0							23.5		12.9			
2026	8	27	0	20	270.0	3.0							23.3		12.6			
2026	8	27	0	10	270.0	4.0							23.2		13.1			
2026	8	27	0	0	270.0	3.0							23.0		13.6			
2026	8	26	23	50	310.0	1.0							22.8		14.0			
2026	8	26	23	40	110.0	1.0							22.5		13.8			
2026	8	26	23	30	170.0	1.0							22.9		13.9			
2026	8	26	23	20	160.0	2.0							21.6		13.9			
2026	8	26	23	10	120.0	2.0							21.2		13.8			
2026	8	26	23	0	160.0	1.0							22.1		14.0			
2026	8	26	22	50	150.0	3.0							20.8		14.0			
2026	8	26	22	40	150.0	3.0							21.2		13.8			
2026	8	26	22	30	200.0	2.0							21.2		14.1			
2026	8	26	22	20									20.9		13.6			
2026	8	26	22	10	130.0	3.0							20.4		13.5			
2026	8	26	22	0	140.0	3.0							20.0		13.2			
2026	8	26	21	50	170.0	3.0							20.3		13.4			
2026	8	26	21	40	150.0	2.0							20.0		13.2			
2026	8	26	21	30	140.0	3.0							20.0		13.3			
2026	8	26	21	20	150.0	3.0							19.6		13.2			
2026	8	26	21	10	180.0	4.0							19.4		13.6			
2026	8	26	21	0	160.0	4.0												
2026	8	26	20	50	170.0	2.0							18.8		13.5			
2026	8	26	20	40	180.0	3.0							18.5		13.3			
2026	8	26	20	30	200.0	2.0							18.6		13.3			
2026	8	26	20	20	160.0	4.0							18.4		13.1			
2026	8	26	20	10	180.0	4.0							18.4		13.1			
2026	8	26	20	0	170.0	4.0							18.3		13.1			
2026	8	26	19	50	200.0	4.0							18.4		13.0			
2026	8	26	19	40	180.0	4.0							18.2		12.7			
2026	8	26	19	30									18.4		12.7			
2026	8	26	19	20	230.0	4.0							18.4		12.8			
2026	8	26	19	10	220.0	3.0							18.3		12.9			
2026	8	26	18	30	180.0	1.0							17.4		13.2			
2026	8	26	18	20	170.0	1.0							17.2		13.1			
2026	8	26	18	10	150.0	2.0							16.8		12.8			
2026	8	26	18	0	250.0	2.0							16.9		13.1			
2026	8	26	17	50	260.0	2.0							16.7		13.1			
2026	8	26	17	40	250.0	3.0							16.6		13.0			
2026	8	26	17	30	230.0	4.0							16.7		13.1			
2026	8	26	17	20	200.0	3.0							16.5		13.1			
2026	8	26	17	10	220.0	5.0							16.4		13.1			
2026	8	26	17	0	210.0	4.0							16.4		13.2			
2026	8	26	16	50	240.0	4.0							16.3		13.1			
2026	8	26	16	40									16.1		13.0			
2026	8	26	16	30	240.0	3.0							16.3		13.1			
2026	8	26	16	20	230.0	2.0							16.2		13.1			
2026	8	26	16	10	240.0	4.0							16.3		13.3			
2026	8	26	16	0	240.0	3.0							16.1		13.2			
2026	8	26	15	50	210.0	3.0							16.3		13.5			
2026	8	26	15	40	190.0	3.0							16.2		13.5			
2026	8	26	15	30	210.0	3.0							16.0		13.4			
2026	8	26	15	20	210.0	2.0							16.1		13.6			
2026	8	26	15	10	180.0	3.0												
2026	8	26	15	0	180.0	3.0							15.9		13.5			
2026	8	26	14	50	190.0	3.0							15.9		13.6			
2026	8	26	14	40	200.0	2.0							15.8		13.6			
2026	8	26	14	30	210.0	3.0							15.7		13.5			
2026	8	26	14	20	200.0	2.0							15.7		13.5			
2026	8	26	14	10	190.0	2.0							15.5		13.4			
2026	8	26	14	0	200.0	3.0							15.5		13.4			
2026	8	26	13	50									15.5		13.4			
2026	8	26	13	40	190.0	3.0							15.6		13.6			
2026	8	26	13	30	190.0	3.0							15.4		13.4			
2026	8	26	13	20	200.0	2.0							15.3		13.4			
2026	8	26	13	10	190.0	3.0							15.3		13.4			
2026	8	26	13	0	190.0	2.0							15.3		13.4			
2026	8	26	12	50	190.0	3.0							15.3		13.4			
2026	8	26	12	40	200.0	3.0							15.1		13.3			
2026	8	26	12	30	200.0	3.0							15.2		13.3			
2026	8	26	12	20									15.0		13.2			
2026	8	26	12	10	220.0	3.0							15.1		13.3			
2026	8	26	12	0	200.0	2.0							15.1		13.2			
2026	8	26	11	50	220.0	3.0							14.9		13.0			
2026	8	26	11	40	210.0	3.0							14.9		13.0			
2026	8	26	11	30	190.0	4.0							15.1		13.2			
2026	8	26	11	20	190.0	3.0							15.2		13.3			
2026	8	26	11	10	190.0	3.0							15.1		13.0			
2026	8	26	11	0	200.0	3.0							15.2		13.1			
2026	8	26	10	50	200.0	4.0							15.2		13.0			
2026	8	26	10	40	200.0	3.0							15.3		13.0			
2026	8	26	10	30	220.0	3.0							15.1		12.9			
2026	8	26	10	20	220.0	3.0							15.2		12.9			
2026	8	26	10	10	220.0	3.0							15.4		13.0			
2026	8	26	10	0	210.0	4.0							15.4		12.8			
2026	8	26	9	50	210.0	4.0							15.6		13.0			
2026	8	26	9	40	210.0	3.0							15.8		13.0			
2026	8	26	9	30									15.8		13.0			
2026	8	26	9	20	220.0	3.0							15.9		13.0			
2026	8	26	9	10	240.0	3.0							15.9		12.9			
2026	8	26	9	0	230.0	4.0							16.0		13.0			
2026	8	26	8	50	240.0	4.0							16.0		12.9			
2026	8	26	8	40	220.0	4.0							16.0		12.9			
2026	8	26	8	30	240.0	4.0							16.0		12.8			
2026	8	26	8	20	250.0	4.0							16.0		12.8			
2026	8	26	8	10	230.0	4.0							16.0		12.8			
2026	8	26	8	0	240.0	6.0							16.0		12.8			
2026	8	26	7	50	230.0	3.0							16.1		12.8			
2026	8	26	7	40	230.0	3.0							16.0		12.7			
2026	8	26	7	30	230.0	3.0							16.0		12.7			
2026	8	26	7	20	240.0	3.0							16.1		12.7			
2026	8	26	7	10	230.0	4.0							16.2		12.8			
2026	8	26	7	0	250.0	4.0							16.2		12.6			
2026	8	26	6	50									16.4		12.6			
2026	8	26	6	40	250.0	3.0							16.4		12.6			
2026	8	26	6	30	250.0	3.0							16.5		12.6			
2026	8	26	6	20	250.0	3.0							16.5		12.6			
2026	8	26	6	10	250.0	4.0							16.5		12.6			
2026	8	26	6	0	250.0	4.0							13.6					
2026	8	26	5	50	250.0	4.0							16.5		12.8			
2026	8	26	5	40	230.0	4.0							16.5		12.7			
2026	8	26	5	30	250.0	4.0							16.5		12.7			
2026	8	26	5	20	250.0	4.0							16.5		12.8			
2026	8	26	5	10	260.0	5.0							16.6		12.8			
2026	8	26	5	0									16.7		12.8			
2026	8	26	4	50									16.9		12.8			
2026	8	26	4	40									17.0		12.8			
2026	8	26	4	30									17.1		12.9			
2026	8	26	4	20									17.2		13.0			
2026	8	26	4	10									17.5		13.3			
2026	8	26	4	0									17.6		13.5			
2026	8	26	3	50	260.0	11.0							17.7		13.5			
2026	8	26	3	40	260.0	8.0							17.8		13.4			
2026	8	26	3	30	270.0	9.0							18.0		13.4			
2026	8	26	3	20	280.0	8.0							18.2		13.4			
2026	8	26	3	10	270.0	8.0							18.4		13.3			
2026	8	26	3	0	250.0	9.0							18.6		13.4			
2026	8	26	2	50	280.0	10.0							18.9		13.5			
2026	8	26	2	40	260.0	8.0							19.2		13.5			
2026	8	26	2	30	260.0	6.0							19.5		13.6			
2026	8	26	2	20	270.0	6.0							19.7		13.7			
2026	8	26	2	10	270.0	8.0							19.8		13.8			
2026	8	26	2	0	280.0	6.0							20.0		13.8			
2026	8	26	1	50	290.0	7.0							20.2		13.9			
2026	8	26	1	40	280.0	6.0							20.5		13.9			
2026	8	26	1	30	300.0	7.0							20.5		14.0			
2026	8	26	1	20	260.0	9.0							20.7		13.9			
2026	8	26	1	10	270.0	6.0							20.9		14.1			
2026	8	26	1	0	270.0	5.0							21.1		14.1			
2026	8	26	0	50	260.0	8.0							21.2		14.2			
2026	8	26	0	40	270.0	5.0							21.3		14.2			
2026	8	26	0	30	260.0	7.0							21.5		14.2			
2026	8	26	0	20	280.0	10.0							21.7		14.3			
2026	8	26	0	10	280.0	9.0							21.6		14.5			
2026	8	26	0	0	260.0	6.0							21.7		14.8			
2026	8	25	23	50	290.0	9.0							21.8		15.2			
2026	8	25	23	40	300.0	8.0							21.9		15.2			
2026	8	25	23	30	300.0	6.0							22.1		15.2			
2026	8	25	23	20	290.0	7.0							22.0		15.2			
2026	8	25	23	10	300.0	5.0							22.0		15.3			
2026	8	25	23	0									21.9		15.2			
2026	8	25	22	50	270.0	8.0							22.3		15.4			
2026	8	25	22	40	310.0	7.0							22.3		15.1			
2026	8	25	22	30	270.0	5.0							22.8		15.3			
2026	8	25	22	20	280.0	5.0							23.1		15.3			
2026	8	25	22	10	270.0	6.0							23.6		15.4			
2026	8	25	22	0	260.0	7.0							23.8		15.6			
2026	8	25	21	50	260.0	7.0							23.8		15.5			
2026	8	25	21	40	270.0	6.0							23.9		15.7			
2026	8	25	21	30									23.8		15.7			
2026	8	25	21	20	270.0	8.0							23.7		15.6			
2026	8	25	21	10	270.0	8.0							23.8		15.6			
2026	8	25	21	0	260.0	7.0							23.9		15.7			
2026	8	25	20	50	270.0	6.0							24.0		15.6			
2026	8	25	20	40	280.0	5.0							24.3		15.6			
2026	8	25	20	30	280.0	5.0							24.2		15.9			
2026	8	25	20	20	260.0	5.0							24.0		16.5			
2026	8	25	20	10	180.0	2.0							22.6		16.9			
2026	8	25	20	0	140.0	2.0							20.6		16.2			
2026	8	25	19	50	150.0	2.0							21.0		16.0			
2026	8	25	19	40	130.0	2.0							21.5		15.7			
2026	8	25	19	30	130.0	2.0							21.1		15.9			
2026	8	25	19	20	100.0	1.0							20.5		16.0			
2026	8	25	19	10	140.0	2.0							20.3		16.4			
2026	8	25	18	30	130.0	1.0							19.1		16.7			
2026	8	25	18	20	120.0	1.0							18.9		16.5			
2026	8	25	18	10	130.0	1.0							18.7		16.3			
2026	8	25	18	0	120.0	2.0							18.5		16.1			
2026	8	25	17	50	140.0	1.0							18.5		16.1			
2026	8	25	17	40	170.0	1.0							18.3		16.1			
2026	8	25	17	30	160.0	1.0							18.2		16.2			
2026	8	25	17	20	150.0	1.0							18.0		16.0			
2026	8	25	17	10	140.0	2.0							17.6		15.7			
2026	8	25	17	0	120.0	2.0							17.4		15.6			
2026	8	25	16	50	100.0	1.0							17.4		15.7			
2026	8	25	16	40	100.0	1.0							17.4		15.7			
2026	8	25	16	30	90.0	1.0							17.4		15.6			
2026	8	25	16	20	120.0	1.0							17.2		15.5			
2026	8	25	16	10	110.0	1.0							17.1		15.3			
2026	8	25	16	0	70.0	1.0							16.9		15.1			
2026	8	25	15	50	80.0	1.0							16.7		15.0			
2026	8	25	15	40	100.0	1.0							16.8		15.0			
2026	8	25	15	30	120.0	1.0							16.8		15.0			
2026	8	25	15	20	130.0	1.0							16.9		15.2			
2026	8	25	15	10	280.0	2.0							16.3		14.6			
2026	8	25	15	0	280.0	2.0							16.2		14.5			
2026	8	25	14	50	270.0	2.0							16.2		14.5			
2026	8	25	14	40	280.0	2.0							16.0		14.4			
2026	8	25	14	30	280.0	2.0							15.9		14.2			
2026	8	25	14	20	280.0	2.0							15.9		14.2			
2026	8	25	14	10	260.0	2.0							15.8		14.0			
2026	8	25	14	0	290.0	2.0							15.9		14.0			
2026	8	25	13	50	280.0	1.0							16.0		14.1			
2026	8	25	13	40	280.0	1.0							16.1		14.2			
2026	8	25	13	30	280.0	1.0							16.2		14.3			
2026	8	25	13	20	280.0	2.0							15.9		14.0			
2026	8	25	13	10	280.0	2.0							16.0		14.0			
2026	8	25	13	0	300.0	2.0							16.2		14.1			
2026	8	25	12	50	300.0	2.0							16.2		14.1			
2026	8	25	12	40	300.0	1.0							16.3		14.1			
2026	8	25	12	30	270.0	1.0							16.4		14.2			
2026	8	25	12	20	280.0	1.0							16.7		14.4			
2026	8	25	12	10	50.0	2.0							16.8		14.5			
2026	8	25	12	0	320.0	1.0							16.5		14.1			
2026	8	25	11	50	300.0	2.0							16.6		14.1			
2026	8	25	11	40	290.0	2.0							16.7		14.1			
2026	8	25	11	30	280.0	2.0							16.8		14.1			
2026	8	25	11	20	270.0	2.0							16.8		14.1			
2026	8	25	11	10	270.0	2.0							17.0		14.2			
2026	8	25	11	0	280.0	2.0							17.0		14.2			
2026	8	25	10	50	280.0	1.0							17.1		14.3			
2026	8	25	10	40	300.0	1.0												
2026	8	25	10	30	300.0	1.0							17.1		14.3			
2026	8	25	10	20	280.0	3.0							17.0		14.2			
2026	8	25	10	10	280.0	3.0							17.3		14.4			
2026	8	25	10	0									17.4		14.5			
2026	8	25	9	50	280.0	2.0							17.6		14.6			
2026	8	25	9	40	280.0	2.0							17.6		14.5			
2026	8	25	9	30	290.0	3.0							17.6		14.6			
2026	8	25	9	20	270.0	2.0							17.8		14.8			
2026	8	25	9	10	280.0	2.0							18.4		15.3			
2026	8	25	9	0	260.0	2.0							18.2		15.0			
2026	8	25	8	50	270.0	2.0							18.0		14.6			
2026	8	25	8	40	280.0	2.0							18.1		14.6			
2026	8	25	8	30	280.0	2.0							18.3		14.7			
2026	8	25	8	20	270.0	2.0							18.6		14.7			
2026	8	25	8	10	210.0	1.0							19.2		15.1			
2026	8	25	8	0		0.0							19.0		14.9			
2026	8	25	7	50	230.0	1.0							18.8		14.9			
2026	8	25	7	40	290.0	1.0							18.8		14.8			
2026	8	25	7	30	300.0	2.0							18.9		14.7			
2026	8	25	7	20	320.0	2.0							19.4		14.7			
2026	8	25	7	10	320.0	1.0												
2026	8	25	7	0	330.0	2.0							19.5		14.7			
2026	8	25	6	50	300.0	2.0							19.5		14.8			
2026	8	25	6	40	320.0	2.0							19.1		14.7			
2026	8	25	6	30	360.0	1.0							19.3		14.6			
2026	8	25	6	20	20.0	2.0							19.7		14.5			
2026	8	25	6	10	10.0	3.0							19.9		14.3			
2026	8	25	6	0	20.0	2.0							20.1		14.3			
2026	8	25	5	50									20.0		14.1			
2026	8	25	5	40	60.0	1.0							19.9		13.9			
2026	8	25	5	30	70.0	1.0							20.4		14.0			
2026	8	25	5	20	360.0	1.0							20.8		14.0			
2026	8	25	5	10	360.0	1.0							20.8		14.0			
2026	8	25	5	0	10.0	2.0							20.9		14.1			
2026	8	25	4	50	10.0	3.0							20.9		14.2			
2026	8	25	4	40	10.0	3.0							20.8		14.2			
2026	8	25	4	30	40.0	2.0							20.9		14.0			
2026	8	25	4	20	10.0	2.0							21.2		14.3			
2026	8	25	4	10	360.0	2.0							21.0		14.4			
2026	8	25	4	0	10.0	2.0												
2026	8	25	3	50	360.0	2.0							20.6		14.4			
2026	8	25	3	40	30.0	3.0							21.0		14.1			
2026	8	25	3	30	30.0	3.0							21.2		14.2			
2026	8	25	3	20	30.0	2.0							21.5		13.9			
2026	8	25	3	10	40.0	3.0							22.0		13.8			
2026	8	25	3	0	40.0	4.0							22.6		13.7			
2026	8	25	2	50	50.0	4.0							23.1		14.0			
2026	8	25	2	40									22.6		15.1			
2026	8	25	2	30	60.0	1.0							22.6		15.9			
2026	8	25	2	10	320.0	1.0							22.9		16.4			
2026	8	25	2	0	330.0	2.0							23.0		16.4			
2026	8	25	1	50	350.0	1.0							22.7		16.5			
2026	8	25	1	40		0.0							22.3		16.5			
2026	8	25	0	30	180.0	2.0							22.2		15.8			
2026	8	25	0	20	180.0	3.0							22.0		15.9			
2026	8	25	0	10	140.0	1.0							22.0		15.9			
2026	8	25	0	0	190.0	1.0							22.2		15.6			
2026	8	24	23	50	210.0	2.0							22.8		15.2			
2026	8	24	23	40	220.0	2.0							23.4		15.5			
2026	8	24	23	30	190.0	1.0							23.4		15.2			
2026	8	24	23	20	170.0	1.0							23.0		15.2			
2026	8	24	23	10	150.0	1.0							22.7		14.7			
2026	8	24	23	0	100.0	2.0							23.1		14.7			
2026	8	24	22	50									22.5		14.6			
2026	8	24	22	40	70.0	4.0							22.9		14.1			
2026	8	24	22	30	60.0	4.0							22.7		14.1			
2026	8	24	22	20	70.0	4.0							22.7		14.4			
2026	8	24	22	10	60.0	4.0							22.2		14.1			
2026	8	24	22	0									22.6		14.3			
2026	8	24	21	50									22.3		14.0			
2026	8	24	21	40									22.2		14.6			
2026	8	24	21	30									21.9		14.5			
2026	8	24	21	20									22.0		14.6			
2026	8	24	21	10									21.6		14.7			
2026	8	24	21	0	110.0	2.0							21.1		14.4			
2026	8	24	20	50	60.0	5.0							21.5		14.6			
2026	8	24	20	40	50.0	4.0							21.3		14.4			
2026	8	24	20	30	60.0	4.0							21.3		14.6			
2026	8	24	20	20	60.0	3.0							20.8		14.2			
2026	8	24	20	10	60.0	4.0							20.9		14.4			
2026	8	24	20	0	60.0	3.0							20.9		14.4			
2026	8	24	19	50	50.0	5.0							20.6		14.5			
2026	8	24	19	40	60.0	4.0							20.4		14.8			
2026	8	24	19	30	60.0	4.0							20.0		14.7			
2026	8	24	19	20	50.0	3.0							20.0		14.7			
2026	8	24	19	10	20.0	1.0							20.0		14.9			
2026	8	24	19	0	350.0	1.0							19.8		14.7			
2026	8	24	18	50	40.0	1.0							19.6		14.5			
2026	8	24	18	40	70.0	2.0							19.4		14.3			
2026	8	24	18	30	70.0	2.0							19.3		14.3			
2026	8	24	18	20	80.0	3.0							19.3		14.5			
2026	8	24	18	10	70.0	3.0							18.9		14.3			
2026	8	24	18	0	70.0	4.0							18.7		14.3			
2026	8	24	17	50	60.0	3.0							18.3		14.2			
2026	8	24	17	40	50.0	5.0							18.3		14.2			
2026	8	24	17	30	60.0	4.0							18.0		14.4			
2026	8	24	17	20	50.0	5.0							17.9		14.6			
2026	8	24	17	10	50.0	3.0							17.5		14.5			
2026	8	24	17	0	60.0	3.0							17.3		14.5			
2026	8	24	16	50	70.0	3.0							17.2		14.6			
2026	8	24	16	40	80.0	2.0							16.8		14.4			
2026	8	24	16	30	60.0	3.0							16.7		14.4			
2026	8	24	16	20	80.0	2.0							16.4		14.2			
2026	8	24	16	10	60.0	2.0							16.3		14.3			
2026	8	24	16	0	60.0	3.0							16.0		14.1			
2026	8	24	15	50	60.0	4.0							15.8		14.0			
2026	8	24	15	40	40.0	4.0							15.7		14.0			
2026	8	24	15	30	30.0	2.0							15.4		13.6			
2026	8	24	15	20	40.0	3.0							15.2		13.4			
2026	8	24	15	10	40.0	3.0							15.0		13.2			
2026	8	24	15	0	40.0	4.0							15.0		13.1			
2026	8	24	14	50									14.9		13.0			
2026	8	24	14	40	30.0	4.0							14.9		13.0			
2026	8	24	14	30	30.0	2.0							14.9		13.0			
2026	8	24	14	20	60.0	3.0							14.9		12.9			
2026	8	24	14	10	60.0	4.0							15.1		13.1			
2026	8	24	14	0	50.0	3.0							15.2		13.1			
2026	8	24	13	50	60.0	3.0							15.2		13.2			
2026	8	24	13	40	60.0	3.0							15.3		13.3			
2026	8	24	13	30	50.0	3.0							15.3		13.3			
2026	8	24	13	20	50.0	3.0							15.4		13.4			
2026	8	24	13	10	50.0	3.0							15.6		13.6			
2026	8	24	13	0	40.0	3.0							15.6		13.6			
2026	8	24	12	50	50.0	4.0							15.6		13.6			
2026	8	24	12	40	60.0	3.0							15.6		13.7			
2026	8	24	12	30	50.0	3.0							13.6					
2026	8	24	12	20	50.0	4.0							15.5		13.6			
2026	8	24	12	10	60.0	4.0							15.5		13.6			
2026	8	24	12	0	50.0	4.0							15.6		13.7			
2026	8	24	11	50	50.0	5.0							15.6		13.7			
2026	8	24	11	40	50.0	6.0							15.7		13.7			
2026	8	24	11	30	40.0	5.0							15.7		13.6			
2026	8	24	11	20	40.0	5.0							15.9		13.8			
2026	8	24	11	10									15.9		13.7			
2026	8	24	11	0	40.0	6.0							16.0		13.7			
2026	8	24	10	50	40.0	6.0							13.7					
2026	8	24	10	40	40.0	7.0							16.0		13.7			
2026	8	24	10	30	40.0	7.0							16.2		13.8			
2026	8	24	10	20	50.0	5.0							16.4		14.0			
2026	8	24	10	10	40.0	5.0							16.3		13.9			
2026	8	24	10	0	30.0	7.0							16.3		13.8			
2026	8	24	9	50	50.0	5.0							16.3		13.8			
2026	8	24	9	40	50.0	6.0							16.4		13.8			
2026	8	24	9	30	40.0	6.0							16.5		13.8			
2026	8	24	9	20	40.0	7.0							16.5		13.8			
2026	8	24	9	10	40.0	5.0							16.6		13.8			
2026	8	24	9	0	40.0	5.0							16.7		13.9			
2026	8	24	8	50	40.0	5.0							16.8		13.9			
2026	8	24	8	40	40.0	6.0							17.0		14.0			
2026	8	24	8	30	40.0	5.0							17.0		13.9			
2026	8	24	8	20	50.0	5.0							17.1		13.9			
2026	8	24	8	10	60.0	3.0							17.1		13.9			
2026	8	24	8	0	60.0	5.0							17.2		14.0			
2026	8	24	7	50	60.0	3.0							17.2		14.0			
2026	8	24	7	40	50.0	3.0							17.4		14.1			
2026	8	24	7	30	50.0	5.0							17.4		14.1			
2026	8	24	7	20	30.0	4.0							17.6		14.2			
2026	8	24	7	10	40.0	3.0							17.6		14.2			
2026	8	24	7	0									17.7		14.3			
2026	8	24	6	50	30.0	3.0							17.7		14.3			
2026	8	24	6	40	30.0	3.0							17.8		14.4			
2026	8	24	6	30	40.0	4.0							17.8		14.5			
2026	8	24	6	20	40.0	4.0							17.8		14.5			
2026	8	24	6	10	40.0	6.0							18.0		14.5			
2026	8	24	6	0	30.0	6.0							18.1		14.5			
2026	8	24	5	50	30.0	4.0							18.3		14.6			
2026	8	24	5	40	30.0	6.0							18.4		14.5			
2026	8	24	5	30	20.0	4.0							18.6		14.6			
2026	8	24	5	20									18.6		14.5			
2026	8	24	5	10	20.0	5.0							18.7		14.4			
2026	8	24	5	0	20.0	5.0							18.8		14.5			
2026	8	24	4	50	20.0	5.0							18.9		14.5			
2026	8	24	4	40	20.0	5.0							19.0		14.6			
2026	8	24	4	30	20.0	5.0							19.2		14.6			
2026	8	24	4	20	30.0	5.0							19.3		14.7			
2026	8	24	4	10	20.0	5.0							19.4		14.7			
2026	8	24	4	0	20.0	5.0							19.5		14.7			
2026	8	24	3	50	30.0	5.0							19.6		14.7			
2026	8	24	3	40	30.0	5.0							19.8		14.7			
2026	8	24	3	30	20.0	4.0							19.8		14.6			
2026	8	24	3	20	20.0	4.0							20.0		14.7			
2026	8	24	3	10	20.0	4.0							19.9		14.9			
2026	8	24	3	0	10.0	3.0							20.0		15.2			
2026	8	24	2	50	20.0	2.0							19.9		15.2			
2026	8	24	2	40									20.2		15.0			
2026	8	24	2	30	30.0	3.0							20.3		14.5			
2026	8	24	2	20	30.0	3.0							21.1		14.1			
2026	8	24	2	10	20.0	3.0							21.2		13.6			
2026	8	24	2	0									20.9		12.8			
2026	8	24	1	50	20.0	2.0							21.7		11.5			
2026	8	24	1	40	360.0	2.0							21.9		11.8			
2026	8	24	1	30	360.0	2.0							22.0		12.2			
2026	8	24	1	20	20.0	2.0							21.9		12.0			
2026	8	24	1	10	50.0	1.0												
2026	8	24	1	0		0.0							22.4		11.8			
2026	8	24	0	50		0.0							23.1		12.1			
2026	8	24	0	40	350.0	1.0							22.8		12.1			
2026	8	24	0	30	350.0	1.0							22.6		12.3			
2026	8	24	0	20	10.0	1.0							22.1		12.5			
2026	8	24	0	10	40.0	2.0							21.1		12.3			
2026	8	24	0	0	60.0	1.0							21.5		12.4			
2026	8	23	23	50	100.0	1.0							21.4		13.0			
2026	8	23	23	40	90.0	3.0							20.8		12.7			
2026	8	23	23	30	60.0	2.0							20.9		12.5			
2026	8	23	23	20	10.0	2.0							20.7		13.3			
2026	8	23	23	10	60.0	3.0												
2026	8	23	23	0	60.0	3.0							20.4		13.5			
2026	8	23	22	50	60.0	3.0							19.9		13.5			
2026	8	23	22	40	50.0	3.0							20.4		12.9			
2026	8	23	22	30	60.0	2.0							20.6		13.1			
2026	8	23	22	20	70.0	2.0							21.4		12.1			
2026	8	23	22	10		0.0							21.9		12.8			
2026	8	23	22	0	300.0	1.0							21.5		13.0			
2026	8	23	21	50	280.0	3.0												
2026	8	23	21	40	300.0	3.0							20.8		12.9			
2026	8	23	21	30	330.0	2.0							21.0		13.1			
2026	8	23	21	20	320.0	1.0							20.7		13.1			
2026	8	23	21	10	330.0	2.0							20.5		13.2			
2026	8	23	21	0	330.0	1.0							19.8		13.3			
2026	8	23	20	50	320.0	2.0							19.6		13.3			
2026	8	23	20	40	50.0	1.0							19.4		13.1			
2026	8	23	20	30	50.0	1.0							19.4		13.4			
2026	8	23	20	20	30.0	1.0							19.3		13.4			
2026	8	23	20	10	90.0	1.0							19.0		13.4			
2026	8	23	20	0	140.0	2.0							19.1		13.5			
2026	8	23	19	50	130.0	2.0							19.1		13.4			
2026	8	23	19	40	140.0	4.0							18.8		13.7			
2026	8	23	19	30	140.0	4.0							18.6		13.7			
2026	8	23	19	20	130.0	3.0							18.7		14.0			
2026	8	23	19	10	130.0	4.0							18.5		14.1			
2026	8	23	18	30	120.0	3.0							17.8		14.2			
2026	8	23	18	20	120.0	3.0							17.6		14.2			
2026	8	23	18	10	120.0	3.0							17.5		14.2			
2026	8	23	18	0	130.0	3.0							17.4		13.9			
2026	8	23	17	50	160.0	5.0							17.6		13.8			
2026	8	23	17	40	150.0	2.0							17.7		14.0			
2026	8	23	17	30	140.0	2.0							17.7		14.0			
2026	8	23	17	20	140.0	3.0							17.7		14.0			
2026	8	23	17	10									18.0		14.6			
2026	8	23	17	0	210.0	2.0							17.3		14.2			
2026	8	23	16	50	230.0	3.0							17.2		14.3			
2026	8	23	16	40	220.0	3.0							17.1		14.5			
2026	8	23	16	30									16.9		14.5			
2026	8	23	16	20	230.0	1.0							16.9		14.5			
2026	8	23	16	10	250.0	2.0							16.7		14.5			
2026	8	23	16	0	230.0	2.0							16.8		14.6			
2026	8	23	15	50	240.0	2.0							16.7		14.6			
2026	8	23	15	40	220.0	1.0							16.5		14.5			
2026	8	23	15	30	250.0	3.0							16.5		14.6			
2026	8	23	15	20	240.0	2.0							16.4		14.6			
2026	8	23	15	10	230.0	3.0							16.3		14.5			
2026	8	23	15	0	240.0	4.0							16.2		14.4			
2026	8	23	14	50	200.0	1.0							15.9		14.1			
2026	8	23	14	40	190.0	2.0							15.9		14.2			
2026	8	23	14	30	210.0	2.0							16.0		14.4			
2026	8	23	14	20	200.0	2.0							15.8		14.1			
2026	8	23	14	10									15.7		14.0			
2026	8	23	14	0									15.6		13.9			
2026	8	23	13	50									15.7		13.9			
2026	8	23	13	40									15.8		14.0			
2026	8	23	13	30									15.9		14.1			
2026	8	23	13	20	230.0	3.0							16.2		14.4			
2026	8	23	13	10	220.0	2.0							16.1		14.4			
2026	8	23	13	0	260.0	2.0							15.7		14.0			
2026	8	23	12	50	250.0	2.0							15.7		14.0			
2026	8	23	12	40	260.0	2.0							15.5		13.8			
2026	8	23	12	30	260.0	1.0							15.2		13.4			
2026	8	23	12	20	270.0	1.0							15.5		13.6			
2026	8	23	12	10	290.0	2.0							15.1		13.1			
2026	8	23	12	0	230.0	2.0							15.6		13.5			
2026	8	23	11	50	260.0	2.0							15.7		13.6			
2026	8	23	11	40									15.7		13.5			
2026	8	23	11	30	250.0	3.0							15.8		13.6			
2026	8	23	11	20	280.0	3.0							15.9		13.5			
2026	8	23	11	10	250.0	4.0							16.1		13.8			
2026	8	23	11	0	260.0	4.0							16.2		14.0			
2026	8	23	10	50	250.0	4.0												
2026	8	23	10	40	240.0	4.0							16.1		13.8			
2026	8	23	10	30	240.0	3.0							16.0		13.7			
2026	8	23	10	20	230.0	3.0							16.0		13.7			
2026	8	23	10	10	220.0	2.0												
2026	8	23	10	0	220.0	2.0							16.1		13.6			
2026	8	23	9	50	250.0	2.0							16.3		13.7			
2026	8	23	9	40	240.0	2.0							16.4		13.9			
2026	8	23	9	30	240.0	3.0							16.6		14.0			
2026	8	23	9	20	250.0	4.0												
2026	8	23	9	10	230.0	5.0							16.6		14.2			
2026	8	23	9	0	230.0	3.0							16.6		14.3			
2026	8	23	8	50	240.0	3.0							16.5		14.2			
2026	8	23	8	40	220.0	3.0							16.4		14.1			
2026	8	23	8	30	230.0	1.0							16.2		13.9			
2026	8	23	8	20	200.0	2.0							16.2		13.9			
2026	8	23	8	10	220.0	1.0							16.2		13.8			
2026	8	23	8	0									16.2		13.8			
2026	8	23	7	50	250.0	3.0							16.4		13.9			
2026	8	23	7	40	240.0	4.0							16.3		13.8			
2026	8	23	7	30	220.0	2.0							16.1		13.5			
2026	8	23	7	20									16.3		13.6			
2026	8	23	7	10	230.0	3.0							16.3		13.5			
2026	8	23	7	0	220.0	2.0							16.3		13.3			
2026	8	23	6	50	230.0	3.0							16.5		13.3			
2026	8	23	6	40	240.0	4.0							16.6		13.3			
2026	8	23	6	30	230.0	4.0							16.7		13.3			
2026	8	23	6	20	230.0	4.0							16.7		13.0			
2026	8	23	6	10	230.0	4.0							17.1		13.2			
2026	8	23	6	0	240.0	6.0							17.2		13.2			
2026	8	23	5	50	240.0	5.0							17.3		13.1			
2026	8	23	5	40	260.0	6.0							17.3		13.0			
2026	8	23	5	30	240.0	7.0							17.5		13.1			
2026	8	23	5	20	250.0	5.0							17.4		13.0			
2026	8	23	5	10	250.0	5.0							17.5		12.8			
2026	8	23	5	0	250.0	5.0							17.5		12.7			
2026	8	23	4	50	240.0	5.0							17.6		12.7			
2026	8	23	4	40	240.0	4.0							17.8		12.7			
2026	8	23	4	30	250.0	4.0							17.8		12.6			
2026	8	23	4	20	250.0	4.0							17.9		12.6			
2026	8	23	4	10	260.0	5.0							18.1		12.7			
2026	8	23	4	0	250.0	4.0							18.2		12.7			
2026	8	23	3	50	260.0	5.0							17.9		12.3			
2026	8	23	3	40	280.0	3.0							18.1		12.3			
2026	8	23	3	30	270.0	4.0							18.5		12.4			
2026	8	23	3	20	280.0	5.0							18.6		12.2			
2026	8	23	3	10	290.0	5.0							18.6		11.8			
2026	8	23	3	0	270.0	4.0							19.1		11.9			
2026	8	23	2	50	260.0	4.0							19.3		11.8			
2026	8	23	2	40	250.0	4.0							19.4		11.8			
2026	8	23	2	30	260.0	4.0							19.4		11.8			
2026	8	23	2	20	290.0	5.0							19.4		11.9			
2026	8	23	2	10	280.0	3.0							19.4		12.0			
2026	8	23	2	0	280.0	6.0							19.3		11.9			
2026	8	23	1	50	280.0	7.0							19.4		12.1			
2026	8	23	1	40	260.0	5.0							19.5		12.1			
2026	8	23	1	30	280.0	8.0							19.7		12.2			
2026	8	23	1	20	270.0	6.0							19.9		12.1			
2026	8	23	1	10	280.0	5.0							20.0		12.2			
2026	8	23	1	0	280.0	6.0							20.3		12.8			
2026	8	23	0	50	260.0	5.0							20.3		12.6			
2026	8	23	0	40	280.0	7.0							20.3		12.7			
2026	8	23	0	30	280.0	8.0							20.0		12.9			
2026	8	23	0	20									19.8		12.7			
2026	8	23	0	10	290.0	7.0							20.0		12.8			
2026	8	23	0	0	270.0	4.0							19.9		12.5			
2026	8	22	23	50	280.0	5.0							20.2		12.9			
2026	8	22	23	40	280.0	6.0							20.3		13.0			
2026	8	22	23	30	280.0	5.0							19.8		12.6			
2026	8	22	23	20	290.0	5.0							20.2		12.7			
2026	8	22	23	10	270.0	7.0							19.8		12.4			
2026	8	22	23	0	260.0	7.0							20.6		13.3			
2026	8	22	22	50									20.3		13.1			
2026	8	22	22	40	280.0	7.0							20.2		13.0			
2026	8	22	22	30	280.0	6.0							20.5		13.3			
2026	8	22	22	20	290.0	6.0							20.4		13.2			
2026	8	22	22	10	270.0	7.0							20.2		12.6			
2026	8	22	22	0	230.0	3.0							21.2		13.0			
2026	8	22	21	50	240.0	6.0							20.9		12.9			
2026	8	22	21	40	230.0	4.0							20.9		12.9			
2026	8	22	21	30	230.0	5.0							20.6		12.7			
2026	8	22	21	20	230.0	4.0												
2026	8	22	21	10	220.0	4.0							20.7		12.8			
2026	8	22	21	0	220.0	5.0							20.0		12.4			
2026	8	22	20	50	240.0	4.0							20.0		12.4			
2026	8	22	20	40	230.0	5.0							19.8		12.4			
2026	8	22	20	30	210.0	5.0							19.8		12.6			
2026	8	22	20	20	210.0	5.0							19.4		12.6			
2026	8	22	20	10	240.0	4.0							19.3		12.5			
2026	8	22	20	0	220.0	6.0							18.9		12.5			
2026	8	22	19	50	210.0	5.0							19.0		12.7			
2026	8	22	19	40	210.0	6.0							18.8		12.9			
2026	8	22	19	30	230.0	4.0							18.6		13.1			
2026	8	22	19	20	220.0	3.0							18.1		12.9			
2026	8	22	18	30	210.0	5.0							17.4		12.9			
2026	8	22	18	20	240.0	6.0							17.1		13.0			
2026	8	22	18	10	220.0	4.0							16.9		12.9			
2026	8	22	18	0	230.0	5.0							16.7		12.9			
2026	8	22	17	50	230.0	6.0							16.6		12.8			
2026	8	22	17	40	240.0	5.0							16.5		12.8			
2026	8	22	17	30	240.0	4.0							16.5		12.8			
2026	8	22	17	20	230.0	4.0							16.3		12.6			
2026	8	22	17	10	230.0	3.0							16.3		12.6			
2026	8	22	17	0	230.0	3.0							16.2		12.6			
2026	8	22	16	50	240.0	3.0							16.1		12.6			
2026	8	22	16	40	240.0	3.0							16.0		12.5			
2026	8	22	16	30	240.0	3.0							15.9		12.5			
2026	8	22	16	20	240.0	3.0							15.8		12.6			
2026	8	22	16	10	240.0	3.0							15.8		12.6			
2026	8	22	16	0	240.0	4.0							15.9		12.7			
2026	8	22	15	50	240.0	4.0							15.7		12.8			
2026	8	22	15	40	220.0	4.0							15.7		13.0			
2026	8	22	15	30	240.0	3.0							15.6		13.1			
2026	8	22	15	20	230.0	4.0							15.6		13.1			
2026	8	22	15	10	240.0	3.0							15.5		13.0			
2026	8	22	15	0	220.0	3.0							15.5		13.0			
2026	8	22	14	50	240.0	3.0							15.5		13.0			
2026	8	22	14	40	230.0	4.0							15.5		12.9			
2026	8	22	14	30	250.0	3.0							15.5		12.8			
2026	8	22	14	20	240.0	4.0							15.5		12.8			
2026	8	22	14	10	240.0	3.0							15.5		12.9			
2026	8	22	14	0	230.0	3.0							15.6		12.9			
2026	8	22	13	50	270.0	3.0							15.6		12.9			
2026	8	22	13	40	250.0	3.0							15.6		12.8			
2026	8	22	13	30	220.0	4.0							15.7		12.8			
2026	8	22	13	20	240.0	4.0												
2026	8	22	13	10	230.0	4.0							15.7		12.8			
2026	8	22	13	0	240.0	4.0							15.7		12.8			
2026	8	22	12	50									15.8		12.8			
2026	8	22	12	40	240.0	3.0							15.8		12.9			
2026	8	22	12	30	230.0	5.0							15.8		12.9			
2026	8	22	12	20	230.0	4.0							15.9		13.1			
2026	8	22	12	10	240.0	3.0							15.9		13.0			
2026	8	22	12	0	250.0	4.0							15.9		13.1			
2026	8	22	11	50	240.0	5.0							15.9		13.2			
2026	8	22	11	40	230.0	3.0							16.0		13.3			
2026	8	22	11	30	230.0	3.0							16.0		13.4			
2026	8	22	11	20	230.0	4.0							16.1		13.5			
2026	8	22	11	10	250.0	3.0							16.0		13.4			
2026	8	22	11	0	260.0	3.0							16.0		13.5			
2026	8	22	10	50	220.0	3.0							16.1		13.6			
2026	8	22	10	40	280.0	2.0							16.1		13.6			
2026	8	22	10	30	250.0	3.0							16.1		13.7			
2026	8	22	10	20	230.0	4.0							16.1		13.7			
2026	8	22	10	10	240.0	5.0							16.0		13.7			
2026	8	22	10	0	240.0	5.0							16.1		13.8			
2026	8	22	9	50	250.0	4.0							16.1		13.8			
2026	8	22	9	40	260.0	3.0							16.1		13.9			
2026	8	22	9	30	250.0	3.0							16.1		13.9			
2026	8	22	9	20	220.0	4.0							16.2		14.0			
2026	8	22	9	10	240.0	5.0							16.1		14.0			
2026	8	22	9	0	240.0	4.0							16.1		14.1			
2026	8	22	8	50	240.0	4.0							16.1		14.1			
2026	8	22	8	40	240.0	3.0							16.0		14.0			
2026	8	22	8	30									16.1		14.1			
2026	8	22	8	20	240.0	3.0							16.1		14.1			
2026	8	22	8	10	240.0	3.0							16.2		14.2			
2026	8	22	8	0	240.0	2.0							16.1		14.1			
2026	8	22	7	50	240.0	4.0							16.2		14.2			
2026	8	22	7	40	210.0	3.0							16.1		14.1			
2026	8	22	7	30	240.0	3.0							16.2		14.1			
2026	8	22	7	20	240.0	3.0							16.2		14.1			
2026	8	22	7	10	240.0	2.0							16.3		14.1			
2026	8	22	7	0	220.0	2.0							16.4		14.2			
2026	8	22	6	50	230.0	2.0							16.4		14.2			
2026	8	22	6	40	190.0	1.0							16.4		14.2			
2026	8	22	6	30	230.0	3.0							16.5		14.2			
2026	8	22	6	20	260.0	3.0							16.6		14.3			
2026	8	22	6	10	250.0	4.0							16.5		14.2			
2026	8	22	6	0	250.0	3.0							16.6		14.2			
2026	8	22	5	50	270.0	7.0							16.7		14.2			
2026	8	22	5	40	260.0	4.0							16.8		14.3			
2026	8	22	5	30	250.0	5.0							16.9		14.4			
2026	8	22	5	20	260.0	3.0							17.0		14.3			
2026	8	22	5	10									17.0		14.3			
2026	8	22	5	0									17.1		14.4			
2026	8	22	4	50									17.1		14.2			
2026	8	22	4	40									17.2		14.3			
2026	8	22	4	30	280.0	6.0							17.3		14.2			
2026	8	22	4	20	270.0	6.0							17.5		14.3			
2026	8	22	4	10	290.0	6.0							17.6		14.3			
2026	8	22	4	0	270.0	7.0							17.8		14.3			
2026	8	22	3	50	270.0	5.0							18.1		14.4			
2026	8	22	3	40	260.0	9.0							18.3		14.3			
2026	8	22	3	30	280.0	4.0							18.6		14.4			
2026	8	22	3	20	280.0	5.0							18.9		14.5			
2026	8	22	3	10	270.0	6.0							19.1		14.4			
2026	8	22	3	0	280.0	4.0							19.4		14.5			
2026	8	22	2	50	280.0	3.0							19.7		14.6			
2026	8	22	2	40	280.0	5.0							19.8		14.7			
2026	8	22	2	30	260.0	6.0							19.9		14.8			
2026	8	22	2	20	260.0	5.0							20.2		14.9			
2026	8	22	2	10	260.0	5.0							20.4		14.8			
2026	8	22	2	0									20.6		14.8			
2026	8	22	1	50	280.0	4.0							21.0		15.2			
2026	8	22	1	40	280.0	4.0							21.3		15.3			
2026	8	22	1	30	260.0	4.0							21.6		15.3			
2026	8	22	1	20									21.7		15.0			
2026	8	22	1	10	260.0	6.0							21.9		15.0			
2026	8	22	1	0	270.0	5.0							22.3		15.1			
2026	8	22	0	50	290.0	7.0							22.5		15.3			
2026	8	22	0	40	270.0	5.0							22.9		15.2			
2026	8	22	0	30	260.0	5.0							23.0		15.3			
2026	8	22	0	20	270.0	4.0							23.4		15.3			
2026	8	22	0	10	270.0	6.0							23.7		15.4			
2026	8	22	0	0	250.0	4.0												
2026	8	21	23	50	270.0	3.0							23.7		16.1			
2026	8	21	23	40	260.0	4.0							23.8		15.8			
2026	8	21	23	30	270.0	6.0							23.7		16.1			
2026	8	21	23	20	270.0	5.0							23.4		16.2			
2026	8	21	23	10	260.0	4.0							23.6		16.1			
2026	8	21	23	0	260.0	4.0							23.9		15.7			
2026	8	21	22	50	250.0	4.0							23.8		15.8			
2026	8	21	22	40	270.0	4.0							23.8		15.9			
2026	8	21	22	30	260.0	4.0							24.3		15.7			
2026	8	21	22	20	260.0	4.0							24.3		15.7			
2026	8	21	22	10	240.0	4.0							24.4		16.1			
2026	8	21	22	0	230.0	5.0							23.8		17.0			
2026	8	21	21	50	190.0	3.0							21.9		16.9			
2026	8	21	21	30	140.0	4.0							21.5		16.3			
2026	8	21	21	20	150.0	4.0							22.7		17.1			
2026	8	21	21	10	140.0	3.0							22.8		16.7			
2026	8	21	21	0	180.0	3.0							22.7		17.2			
2026	8	21	20	50	190.0	3.0							21.9		17.8			
2026	8	21	20	40	200.0	3.0							21.8		17.8			
2026	8	21	20	30	130.0	3.0							21.4		17.5			
2026	8	21	20	20	110.0	3.0							21.4		17.4			
2026	8	21	20	10	130.0	2.0												
2026	8	21	20	0	170.0	3.0							21.3		17.6			
2026	8	21	19	50	160.0	3.0							20.5		17.1			
2026	8	21	19	40	150.0	2.0							20.2		16.8			
2026	8	21	19	30	160.0	3.0							20.1		16.6			
2026	8	21	19	20	150.0	3.0							20.1		16.5			
2026	8	21	18	50	160.0	3.0							19.8		15.7			
2026	8	21	18	40	140.0	3.0							20.3		15.4			
2026	8	21	18	30	170.0	2.0							21.4		15.5			
2026	8	21	17	40	250.0	1.0							20.4		15.8			
2026	8	21	17	30	250.0	1.0							20.0		16.1			
2026	8	21	17	20	240.0	1.0							19.3		15.9			
2026	8	21	17	10	210.0	2.0							19.3		16.2			
2026	8	21	17	0	230.0	1.0							19.5		16.3			
2026	8	21	16	50	260.0	1.0							19.3		16.1			
2026	8	21	16	40	270.0	1.0							19.6		16.4			
2026	8	21	16	30		0.0							19.9		17.1			
2026	8	21	16	20		0.0							20.0		17.4			
2026	8	21	16	10		0.0							19.3		16.9			
2026	8	21	16	0		0.0							18.9		16.7			
2026	8	21	15	50		0.0							19.2		17.3			
2026	8	21	15	40		0.0							18.0		16.1			
2026	8	21	15	30	70.0	1.0							18.2		16.3			
2026	8	21	15	20	150.0	1.0							18.2		16.3			
2026	8	21	15	10		0.0							18.4		16.6			
2026	8	21	15	0		0.0							18.6		16.9			
2026	8	21	14	50	240.0	1.0							17.7		16.2			
2026	8	21	14	40	190.0	1.0							17.7		16.1			
2026	8	21	14	30	180.0	1.0							17.7		16.2			
2026	8	21	14	20	220.0	1.0							17.3		15.9			
2026	8	21	14	10	220.0	1.0							17.1		15.6			
2026	8	21	14	0	260.0	2.0							16.8		15.3			
2026	8	21	13	50	260.0	2.0							16.9		15.2			
2026	8	21	13	40	280.0	2.0							16.8		15.1			
2026	8	21	13	30	270.0	2.0							16.8		15.0			
2026	8	21	13	20	270.0	2.0							17.0		15.1			
2026	8	21	13	10	280.0	2.0							16.9		14.9			
2026	8	21	13	0	250.0	2.0							17.1		15.1			
2026	8	21	12	50	260.0	2.0							17.3		15.4			
2026	8	21	12	40	270.0	2.0							16.6		14.7			
2026	8	21	12	30	290.0	3.0							16.5		14.5			
2026	8	21	12	20	280.0	2.0							16.8		14.7			
2026	8	21	12	10	280.0	1.0							16.9		14.8			
2026	8	21	12	0	290.0	1.0							16.6		14.5			
2026	8	21	11	50	280.0	2.0							13.6					
2026	8	21	11	40	270.0	2.0							17.4		15.0			
2026	8	21	11	30	270.0	1.0							17.5		15.2			
2026	8	21	11	20	280.0	1.0							17.1		14.7			
2026	8	21	11	10	270.0	2.0							17.3		14.8			
2026	8	21	11	0	290.0	2.0							17.9		15.2			
2026	8	21	10	50	300.0	2.0							18.0		15.1			
2026	8	21	10	40	280.0	2.0							18.1		15.2			
2026	8	21	10	30	10.0	2.0							18.4		15.6			
2026	8	21	10	20	20.0	3.0							18.5		15.9			
2026	8	21	10	10	10.0	3.0							18.3		15.9			
2026	8	21	10	0	330.0	2.0							18.0		15.5			
2026	8	21	9	50									13.6					
2026	8	21	9	40	330.0	1.0							17.9		15.4			
2026	8	21	9	30	300.0	2.0							18.0		15.4			
2026	8	21	9	20	300.0	2.0							18.0		15.5			
2026	8	21	9	10	280.0	2.0							17.9		15.4			
2026	8	21	9	0	300.0	2.0							17.9		15.4			
2026	8	21	8	50	290.0	2.0							18.1		15.5			
2026	8	21	8	40	280.0	2.0							18.2		15.5			
2026	8	21	8	30	280.0	2.0							18.3		15.4			
2026	8	21	8	20	280.0	2.0							18.5		15.6			
2026	8	21	8	10	270.0	2.0							18.8		15.9			
2026	8	21	8	0	290.0	2.0							18.6		15.8			
2026	8	21	7	50	280.0	2.0							18.5		15.7			
2026	8	21	7	40	270.0	2.0							18.6		15.7			
2026	8	21	7	30	290.0	2.0							18.5		15.5			
2026	8	21	7	20	280.0	2.0							18.6		15.5			
2026	8	21	7	10	250.0	2.0							18.9		15.6			
2026	8	21	7	0	240.0	2.0							19.3		15.6			
2026	8	21	6	50	280.0	3.0							19.5		15.7			
2026	8	21	6	40	280.0	3.0							19.4		15.7			
2026	8	21	6	30	270.0	3.0							19.4		15.7			
2026	8	21	6	20	280.0	4.0							19.4		15.7			
2026	8	21	6	10	280.0	3.0							19.6		15.7			
2026	8	21	6	0	260.0	3.0							19.9		15.6			
2026	8	21	5	50	280.0	3.0							20.7		15.7			
2026	8	21	5	40	290.0	3.0							20.4		16.0			
2026	8	21	5	30	280.0	4.0							20.3		16.2			
2026	8	21	5	20	260.0	3.0												
2026	8	21	5	10	270.0	3.0							20.8		16.2			
2026	8	21	5	0	280.0	3.0							21.2		16.5			
2026	8	21	4	50	280.0	3.0							20.8		16.6			
2026	8	21	4	40	280.0	2.0							21.1		16.7			
2026	8	21	4	20	270.0	2.0							22.0		16.7			
2026	8	21	4	10	290.0	2.0							22.0		16.7			
2026	8	21	4	0	260.0	2.0							22.4		16.2			
2026	8	21	3	50	280.0	1.0							23.8		16.5			
2026	8	21	3	40	330.0	1.0							23.7		15.6			
2026	8	21	3	30	30.0	1.0							24.3		15.7			
2026	8	21	3	20		0.0							24.2		15.6			
2026	8	21	3	10	300.0	1.0							23.5		16.0			
2026	8	21	3	0	230.0	1.0												
2026	8	21	2	50	210.0	1.0							24.1		16.5			
2026	8	21	2	40	200.0	1.0							24.9		15.4			
2026	8	21	2	30	200.0	2.0							24.8		15.3			
2026	8	21	2	20									25.0		15.6			
2026	8	21	2	10	210.0	2.0							25.0		16.1			
2026	8	21	1	50	210.0	2.0							24.7		16.7			
2026	8	21	1	40	210.0	2.0							24.0		16.9			
2026	8	21	1	30	210.0	2.0							24.2		17.0			
2026	8	21	1	20	210.0	2.0							24.1		17.1			
2026	8	21	1	10	190.0	2.0							24.7		16.4			
2026	8	21	1	0	200.0	3.0							25.2		16.5			
2026	8	21	0	50	200.0	3.0							25.1		16.0			
2026	8	21	0	40	210.0	2.0							26.0		15.1			
2026	8	21	0	30	190.0	2.0							25.9		15.3			
2026	8	21	0	20	200.0	1.0							25.9		15.8			
2026	8	21	0	10	190.0	2.0							26.5		14.9			
2026	8	21	0	0	200.0	2.0							25.8		15.0			
2026	8	20	23	50	200.0	1.0												
2026	8	20	23	40	210.0	2.0							25.8		14.5			
2026	8	20	23	30	200.0	2.0							25.9		14.9			
2026	8	20	23	20	200.0	2.0							25.7		15.3			
2026	8	20	23	10	200.0	2.0							25.1		16.0			
2026	8	20	23	0	200.0	3.0							24.1		16.9			
2026	8	20	22	50	220.0	2.0							24.0		17.0			
2026	8	20	22	40	200.0	2.0							23.6		16.8			
2026	8	20	22	30	190.0	2.0							23.2		17.0			
2026	8	20	22	20	180.0	2.0							23.0		17.0			
2026	8	20	22	10	170.0	2.0							22.7		17.3			
2026	8	20	22	0	150.0	2.0							22.4		17.5			
2026	8	20	21	50	150.0	2.0							22.1		17.4			
2026	8	20	21	40	170.0	2.0							23.2		17.3			
2026	8	20	21	30	170.0	3.0							23.2		16.5			
2026	8	20	21	20	180.0	2.0							23.4		16.4			
2026	8	20	21	10	180.0	2.0							23.2		16.2			
2026	8	20	21	0	170.0	2.0							23.2		16.0			
2026	8	20	20	50	180.0	2.0							22.9		16.1			
2026	8	20	20	40	180.0	2.0							22.6		16.3			
2026	8	20	20	30	190.0	2.0							22.2		16.5			
2026	8	20	20	20	190.0	2.0							21.8		17.0			
2026	8	20	20	0	180.0	2.0							21.3		17.2			
2026	8	20	19	50	190.0	1.0												
2026	8	20	19	40	190.0	1.0							20.2		16.7			
2026	8	20	19	30	180.0	1.0							19.9		16.2			
2026	8	20	19	20	150.0	2.0							20.7		16.1			
2026	8	20	19	10									20.9		15.8			
2026	8	20	18	40	180.0	3.0							20.1		15.5			
2026	8	20	18	30	190.0	2.0							19.8		15.3			
2026	8	20	18	20	200.0	2.0							19.5		15.3			
2026	8	20	18	0	190.0	2.0							19.2		14.9			
2026	8	20	17	50	200.0	2.0							19.0		14.7			
2026	8	20	17	40	190.0	2.0							18.6		14.7			
2026	8	20	17	30	170.0	1.0							18.4		14.6			
2026	8	20	17	20									18.4		14.5			
2026	8	20	17	10	200.0	1.0							18.3		14.4			
2026	8	20	17	0	210.0	1.0							18.0		14.2			
2026	8	20	16	50	210.0	1.0							17.8		14.1			
2026	8	20	16	40	180.0	1.0							18.3		14.6			
2026	8	20	16	30	180.0	1.0							18.4		14.7			
2026	8	20	16	20		0.0							19.0		15.8			
2026	8	20	16	10		0.0							18.1		15.4			
2026	8	20	16	0		0.0							18.0		15.6			
2026	8	20	15	50	100.0	1.0							17.4		15.3			
2026	8	20	15	40	70.0	1.0							17.1		15.4			
2026	8	20	15	30	40.0	1.0							17.1		15.5			
2026	8	20	15	20		0.0							17.8		16.4			
2026	8	20	15	10		0.0							17.4		16.2			
2026	8	20	15	0		0.0							16.8		15.7			
2026	8	20	14	50	250.0	1.0							16.4		15.4			
2026	8	20	14	40	280.0	1.0							16.3		15.3			
2026	8	20	14	30	280.0	1.0							16.1		15.1			
2026	8	20	14	20	280.0	1.0							15.9		14.9			
2026	8	20	14	10	280.0	1.0							15.9		15.0			
2026	8	20	14	0	280.0	2.0							15.8		14.8			
2026	8	20	13	50	280.0	2.0							15.8		14.7			
2026	8	20	13	40	280.0	3.0							15.8		14.8			
2026	8	20	13	30	280.0	2.0							15.8		14.6			
2026	8	20	13	20	290.0	2.0							15.8		14.6			
2026	8	20	13	10	280.0	2.0							16.0		14.8			
2026	8	20	13	0	310.0	1.0							16.1		15.0			
2026	8	20	12	50	360.0	1.0							16.0		14.9			
2026	8	20	12	40	290.0	2.0							16.0		14.8			
2026	8	20	12	30									15.8		14.6			
2026	8	20	12	20									15.8		14.5			
2026	8	20	12	10									15.8		14.5			
2026	8	20	12	0									16.0		14.6			
2026	8	20	11	50									15.8		14.4			
2026	8	20	11	40									16.2		14.7			
2026	8	20	11	30									16.5		15.0			
2026	8	20	11	20									16.4		14.8			
2026	8	20	11	10									16.6		14.9			
2026	8	20	11	0									17.0		15.4			
2026	8	20	10	50									16.9		15.3			
2026	8	20	10	40									16.9		15.1			
2026	8	20	10	30									16.7		15.0			
2026	8	20	10	20									16.6		14.7			
2026	8	20	10	10									16.7		14.7			
2026	8	20	10	0									17.3		15.3			
2026	8	20	9	50									17.3		15.2			
2026	8	20	9	40									17.5		15.3			
2026	8	20	9	30									17.5		15.3			
2026	8	20	9	20									17.1		14.7			
2026	8	20	9	10									17.6		15.1			
2026	8	20	9	0									17.7		15.2			
2026	8	20	8	50									17.5		15.1			
2026	8	20	8	40									17.5		15.1			
2026	8	20	8	30	290.0	2.0							17.4		14.9			
2026	8	20	8	20	310.0	2.0							17.7		15.2			
2026	8	20	8	10	310.0	2.0							17.6		15.1			
2026	8	20	8	0	320.0	2.0							17.7		15.2			
2026	8	20	7	50	300.0	2.0							17.5		15.0			
2026	8	20	7	40	290.0	3.0							17.6		15.0			
2026	8	20	7	30	280.0	2.0							17.6		14.9			
2026	8	20	7	20	280.0	1.0							17.7		15.0			
2026	8	20	7	10	290.0	2.0							18.0		15.1			
2026	8	20	7	0	280.0	2.0							17.8		14.7			
2026	8	20	6	50	280.0	2.0							18.2		15.0			
2026	8	20	6	40	280.0	2.0							18.5		15.0			
2026	8	20	6	30	280.0	2.0							18.6		15.0			
2026	8	20	6	20	260.0	2.0							19.1		15.0			
2026	8	20	6	10	240.0	2.0							19.4		14.8			
2026	8	20	6	0	290.0	2.0							19.5		14.9			
2026	8	20	5	50	270.0	2.0							19.7		14.9			
2026	8	20	5	40	280.0	2.0							20.0		15.1			
2026	8	20	5	30	290.0	3.0							20.2		15.3			
2026	8	20	5	20									20.4		15.7			
2026	8	20	5	10	280.0	3.0							19.9		15.7			
2026	8	20	5	0	280.0	2.0							20.0		16.1			
2026	8	20	4	50	270.0	2.0							19.9		15.7			
2026	8	20	4	40	260.0	1.0							20.1		15.2			
2026	8	20	4	30	270.0	2.0							20.9		15.3			
2026	8	20	4	20	300.0	2.0							21.4		15.4			
2026	8	20	4	10	290.0	2.0							21.7		15.7			
2026	8	20	4	0	320.0	2.0							21.2		15.9			
2026	8	20	3	50	270.0	2.0							20.9		15.8			
2026	8	20	3	40									21.0		16.0			
2026	8	20	3	30	350.0	2.0							21.5		16.1			
2026	8	20	3	20	360.0	2.0							21.7		15.3			
2026	8	20	3	10	30.0	1.0							21.5		15.6			
2026	8	20	3	0	60.0	1.0							20.9		15.2			
2026	8	20	2	50		0.0							21.1		15.2			
2026	8	20	2	40									21.2		15.3			
2026	8	20	2	30	140.0	2.0							21.1		15.9			
2026	8	20	2	20	130.0	2.0							21.1		16.2			
2026	8	20	2	10	220.0	1.0							21.0		16.4			
2026	8	20	2	0	120.0	1.0							21.6		16.9			
2026	8	20	1	50		0.0							21.7		17.0			
2026	8	20	1	40		0.0							21.5		17.2			
2026	8	20	1	30		0.0							21.4		17.1			
2026	8	20	1	20	150.0	2.0							20.9		16.2			
2026	8	20	1	10	170.0	3.0							20.9		16.2			
2026	8	20	1	0	170.0	3.0							20.9		16.4			
2026	8	20	0	50	160.0	3.0												
2026	8	20	0	40	170.0	3.0							20.8		16.9			
2026	8	20	0	30	150.0	2.0							20.6		16.9			
2026	8	20	0	20	170.0	2.0							20.5		16.7			
2026	8	20	0	10	150.0	3.0							20.8		16.8			
2026	8	20	0	0	150.0	3.0							20.7		16.5			
2026	8	19	23	50	140.0	2.0							21.1		16.2			
2026	8	19	23	40	160.0	3.0							21.7		16.1			
2026	8	19	23	30	170.0	3.0							21.0		16.0			
2026	8	19	23	20	170.0	3.0							20.9		16.1			
2026	8	19	23	10	170.0	3.0							20.7		16.1			
2026	8	19	23	0	170.0	3.0							20.5		16.1			
2026	8	19	22	50	170.0	3.0							20.3		16.0			
2026	8	19	22	40	160.0	2.0							20.6		16.1			
2026	8	19	22	30	170.0	2.0							20.3		16.3			
2026	8	19	22	20	190.0	2.0							20.4		16.3			
2026	8	19	22	10	170.0	1.0							20.4		16.2			
2026	8	19	22	0	140.0	2.0							20.0		16.2			
2026	8	19	21	50	140.0	1.0							20.0		16.5			
2026	8	19	21	0	170.0	1.0							19.1		15.2			
2026	8	19	20	50	190.0	1.0							19.0		15.2			
2026	8	19	20	40	160.0	1.0							18.5		14.9			
2026	8	19	20	30	150.0	1.0							18.5		14.9			
2026	8	19	20	20	150.0	1.0							18.2		14.8			
2026	8	19	20	10	150.0	1.0							17.9		14.8			
2026	8	19	20	0	130.0	1.0							17.7		14.8			
2026	8	19	19	50	140.0	1.0							17.4		14.8			
2026	8	19	19	40	120.0	1.0							17.0		14.7			
2026	8	19	19	30	120.0	1.0							16.9		14.8			
2026	8	19	19	20	110.0	1.0							16.5		14.6			
2026	8	19	17	40									14.7		13.8			
2026	8	19	17	30									14.6		13.7			
2026	8	19	17	20									14.5		13.7			
2026	8	19	17	10									14.4		13.6			
2026	8	19	17	0	150.0	2.0							14.3		13.6			
2026	8	19	16	50	150.0	2.0							14.3		13.6			
2026	8	19	16	40	150.0	3.0							14.1		13.5			
2026	8	19	16	30	170.0	2.0							14.2		13.5			
2026	8	19	16	20	170.0	3.0							14.1		13.5			
2026	8	19	16	10	170.0	2.0							14.1		13.5			
2026	8	19	15	50	170.0	2.0							14.2		13.5			
2026	8	19	15	40	160.0	2.0							14.2		13.5			
2026	8	19	15	30	160.0	2.0							14.2		13.6			
2026	8	19	15	20	190.0	1.0							14.1		13.5			
2026	8	19	15	10	260.0	1.0							14.1		13.5			
2026	8	19	15	0	220.0	2.0							14.0		13.4			
2026	8	19	14	50									13.9		13.3			
2026	8	19	14	40	290.0	1.0							14.0		13.4			
2026	8	19	14	30	220.0	1.0							14.0		13.3			
2026	8	19	14	20	230.0	2.0							14.0		13.3			
2026	8	19	14	10	230.0	1.0							14.2		13.6			
2026	8	19	14	0	210.0	2.0							14.1		13.5			
2026	8	19	13	50	260.0	1.0							14.0		13.4			
2026	8	19	13	40	300.0	1.0							14.0		13.4			
2026	8	19	13	30	280.0	2.0							14.0		13.4			
2026	8	19	13	20	190.0	1.0							14.0		13.3			
2026	8	19	13	10	270.0	2.0							14.1		13.4			
2026	8	19	13	0	270.0	2.0							14.0		13.3			
2026	8	19	12	50	230.0	2.0							14.1		13.4			
2026	8	19	12	40	240.0	2.0							14.1		13.4			
2026	8	19	12	30	220.0	3.0							14.2		13.4			
2026	8	19	12	20	220.0	3.0							14.0		13.1			
2026	8	19	12	10	220.0	4.0							14.1		13.2			
2026	8	19	12	0	230.0	3.0							14.0		13.1			
2026	8	19	11	50	280.0	3.0							14.0		13.1			
2026	8	19	11	40	270.0	3.0							14.0		13.0			
2026	8	19	11	30	250.0	3.0							14.0		13.0			
2026	8	19	11	20	280.0	3.0							14.1		13.0			
2026	8	19	11	10	250.0	3.0							14.0		12.9			
2026	8	19	11	0	280.0	3.0							14.1		12.9			
2026	8	19	10	50	240.0	2.0							14.1		12.9			
2026	8	19	10	40	220.0	1.0							14.1		12.8			
2026	8	19	10	30	260.0	2.0							14.1		12.8			
2026	8	19	10	20	240.0	2.0							14.1		12.8			
2026	8	19	10	10	230.0	3.0							14.2		12.7			
2026	8	19	10	0	250.0	2.0							14.2		12.6			
2026	8	19	9	50	290.0	2.0							14.2		12.6			
2026	8	19	9	40	290.0	2.0							14.4		12.7			
2026	8	19	9	30	250.0	2.0							14.3		12.6			
2026	8	19	9	20	250.0	3.0							14.4		12.6			
2026	8	19	9	10	240.0	3.0							14.4		12.6			
2026	8	19	9	0	260.0	2.0							14.5		12.6			
2026	8	19	8	50	260.0	2.0							14.6		12.6			
2026	8	19	8	40	290.0	2.0							14.6		12.6			
2026	8	19	8	30	270.0	2.0							14.7		12.6			
2026	8	19	8	20	250.0	3.0							14.7		12.5			
2026	8	19	8	10									14.7		12.5			
2026	8	19	8	0									14.9		12.5			
2026	8	19	7	50									14.9		12.5			
2026	8	19	7	40									15.1		12.6			
2026	8	19	7	30	230.0	3.0							15.2		12.7			
2026	8	19	7	20	230.0	2.0							15.3		12.7			
2026	8	19	7	10	240.0	2.0							15.3		12.6			
2026	8	19	7	0	230.0	2.0							15.4		12.7			
2026	8	19	6	50									15.4		12.7			
2026	8	19	6	40	270.0	1.0							15.4		12.7			
2026	8	19	6	30	250.0	3.0							15.6		12.7			
2026	8	19	6	20	260.0	3.0							15.6		12.7			
2026	8	19	6	10									13.6					
2026	8	19	6	0	270.0	4.0							16.0		12.9			
2026	8	19	5	50	240.0	2.0							16.1		12.9			
2026	8	19	5	40	260.0	5.0							16.4		12.8			
2026	8	19	5	20	260.0	4.0							16.8		12.9			
2026	8	19	5	10									17.2		13.0			
2026	8	19	5	0	260.0	5.0							17.4		13.0			
2026	8	19	4	50	250.0	5.0							17.9		13.0			
2026	8	19	4	40	270.0	4.0							18.3		13.1			
2026	8	19	4	30									18.6		13.4			
2026	8	19	4	20	270.0	3.0							18.9		13.7			
2026	8	19	4	10	260.0	5.0							19.1		13.6			
2026	8	19	4	0	250.0	4.0							19.5		13.7			
2026	8	19	3	50	270.0	3.0							19.8		13.8			
2026	8	19	3	40	250.0	3.0							20.3		13.8			
2026	8	19	3	20	260.0	3.0							20.7		13.8			
2026	8	19	3	10	250.0	4.0							20.8		13.9			
2026	8	19	3	0	260.0	4.0							21.1		14.0			
2026	8	19	2	50	250.0	3.0							21.2		14.1			
2026	8	19	2	40	270.0	4.0							21.7		14.2			
2026	8	19	2	30	270.0	3.0							22.0		14.5			
2026	8	19	2	20	290.0	4.0							21.9		14.3			
2026	8	19	2	10	280.0	4.0												
2026	8	19	2	0	270.0	4.0							22.5		14.6			
2026	8	19	1	50	260.0	2.0							22.5		14.7			
2026	8	19	1	40	260.0	3.0							22.4		14.7			
2026	8	19	1	30	260.0	3.0							22.4		14.6			
2026	8	19	1	20	260.0	2.0							22.4		14.4			
2026	8	19	1	10									22.7		14.4			
2026	8	19	1	0	260.0	5.0							22.4		14.5			
2026	8	19	0	50	260.0	5.0							22.5		14.3			
2026	8	19	0	40	270.0	5.0							22.9		14.2			
2026	8	19	0	30	270.0	1.0							22.9		15.1			
2026	8	19	0	20	230.0	1.0							22.7		15.0			
2026	8	19	0	10	250.0	1.0							22.8		15.3			
2026	8	19	0	0	140.0	1.0							22.0		15.2			
2026	8	18	23	50	140.0	1.0							21.9		16.2			
2026	8	18	23	40	140.0	1.0							22.2		16.2			
2026	8	18	23	30	130.0	1.0							22.0		16.4			
2026	8	18	23	20	90.0	1.0							21.7		16.2			
2026	8	18	23	10	70.0	1.0							21.3		16.0			
2026	8	18	23	0	90.0	1.0							21.1		16.0			
2026	8	18	22	50	80.0	2.0												
2026	8	18	22	40	100.0	2.0							20.8		15.7			
2026	8	18	22	30	110.0	2.0							20.7		16.1			
2026	8	18	22	20	120.0	2.0							20.1		16.4			
2026	8	18	22	10	130.0	2.0							19.7		16.6			
2026	8	18	22	0	120.0	1.0							19.8		16.8			
2026	8	18	21	50	120.0	2.0							19.1		16.3			
2026	8	18	21	40	120.0	2.0							19.1		16.3			
2026	8	18	21	30	120.0	2.0							19.0		16.1			
2026	8	18	21	20	140.0	3.0							18.9		16.0			
2026	8	18	21	0	130.0	3.0							18.4		15.5			
2026	8	18	20	50	140.0	3.0							18.2		15.3			
2026	8	18	20	40	120.0	3.0							17.9		15.1			
2026	8	18	20	20	130.0	3.0							17.6		14.9			
2026	8	18	20	10	140.0	3.0							17.6		15.0			
2026	8	18	20	0	130.0	3.0							17.3		15.0			
2026	8	18	19	50	120.0	3.0							17.0		14.9			
2026	8	18	19	40	120.0	3.0							16.8		14.7			
2026	8	18	19	30	130.0	4.0							16.5		14.4			
2026	8	18	19	20	130.0	4.0							16.5		14.4			
2026	8	18	19	10	140.0	4.0							16.3		14.3			
2026	8	18	19	0	150.0	3.0							16.3		14.4			
2026	8	18	18	50	150.0	3.0							16.0		14.2			
2026	8	18	18	40	160.0	4.0							16.1		14.3			
2026	8	18	18	30	190.0	2.0							16.1		14.5			
2026	8	18	18	20	210.0	2.0							16.0		14.7			
2026	8	18	18	10	190.0	3.0							15.7		14.5			
2026	8	18	18	0	200.0	2.0							15.6		14.5			
2026	8	18	17	50	220.0	3.0							15.4		14.5			
2026	8	18	17	40	210.0	3.0							15.2		14.4			
2026	8	18	17	30	210.0	2.0							15.0		14.3			
2026	8	18	17	20	210.0	3.0							15.0		14.3			
2026	8	18	17	0	240.0	2.0							15.0		14.4			
2026	8	18	16	50	250.0	2.0							14.7		14.1			
2026	8	18	16	40	190.0	2.0							14.6		14.1			
2026	8	18	16	20	350.0	2.0							14.5		13.9			
2026	8	18	16	10	230.0	2.0							14.6		14.0			
2026	8	18	16	0	230.0	3.0							14.5		14.0			
2026	8	18	15	50	220.0	2.0							14.5		13.9			
2026	8	18	15	40	240.0	4.0							14.5		14.0			
2026	8	18	15	30	230.0	5.0							14.4		13.8			
2026	8	18	15	20	220.0	4.0							14.4		13.8			
2026	8	18	15	10	240.0	4.0							14.5		13.9			
2026	8	18	15	0	260.0	2.0							14.4		13.8			
2026	8	18	14	50	240.0	3.0							14.4		13.8			
2026	8	18	14	40	270.0	1.0							14.3		13.6			
2026	8	18	14	30	230.0	1.0							14.3		13.6			
2026	8	18	14	20	250.0	2.0							14.3		13.5			
2026	8	18	14	10									14.3		13.5			
2026	8	18	14	0	280.0	2.0							14.3		13.5			
2026	8	18	13	50	240.0	3.0							14.4		13.6			
2026	8	18	13	40	240.0	3.0							14.4		13.6			
2026	8	18	13	30	230.0	3.0							14.3		13.4			
2026	8	18	13	20	250.0	5.0							14.4		13.5			
2026	8	18	13	10	260.0	2.0							14.3		13.4			
2026	8	18	13	0	260.0	3.0							14.3		13.4			
2026	8	18	12	50	50.0	4.0							14.4		13.5			
2026	8	18	12	40	240.0	4.0							14.4		13.4			
2026	8	18	12	30	240.0	3.0							14.5		13.5			
2026	8	18	12	20	240.0	3.0							14.6		13.6			
2026	8	18	12	10	240.0	4.0							14.5		13.4			
2026	8	18	12	0	30.0	2.0							14.6		13.5			
2026	8	18	11	50	240.0	3.0							14.7		13.5			
2026	8	18	11	40	230.0	2.0							14.9		13.7			
2026	8	18	11	30	240.0	3.0							14.9		13.7			
2026	8	18	11	20	240.0	2.0							14.9		13.6			
2026	8	18	11	10	300.0	3.0							14.9		13.6			
2026	8	18	11	0	290.0	4.0							15.0		13.6			
2026	8	18	10	50	280.0	3.0							15.1		13.6			
2026	8	18	10	40	250.0	2.0							15.3		13.8			
2026	8	18	10	30	290.0	3.0							15.2		13.6			
2026	8	18	10	20	270.0	4.0							15.3		13.7			
2026	8	18	10	10	250.0	3.0							15.4		13.7			
2026	8	18	10	0	250.0	3.0							15.5		13.7			
2026	8	18	9	50	240.0	2.0							15.5		13.7			
2026	8	18	9	40	240.0	2.0							15.6		13.8			
2026	8	18	9	30	250.0	3.0							15.6		13.7			
2026	8	18	9	20	260.0	3.0							15.8		13.8			
2026	8	18	9	10	280.0	3.0							15.9		13.9			
2026	8	18	9	0	260.0	3.0							15.9		13.7			
2026	8	18	8	50	260.0	3.0							16.2		13.9			
2026	8	18	8	40	260.0	3.0							16.3		14.0			
2026	8	18	8	30	260.0	2.0							16.5		14.1			
2026	8	18	8	20	290.0	3.0							16.5		14.1			
2026	8	18	8	10	260.0	3.0							16.7		14.1			
2026	8	18	8	0	260.0	4.0							16.8		14.1			
2026	8	18	7	50	270.0	4.0							16.9		14.0			
2026	8	18	7	40	60.0	3.0							17.1		14.1			
2026	8	18	7	30	270.0	3.0							17.2		14.0			
2026	8	18	7	20	260.0	4.0							17.5		14.2			
2026	8	18	7	10	270.0	5.0							17.8		14.4			
2026	8	18	7	0									18.0		14.5			
2026	8	18	6	50	280.0	3.0							18.4		14.8			
2026	8	18	6	40	280.0	4.0							18.5		14.6			
2026	8	18	6	30	280.0	4.0							18.6		14.7			
2026	8	18	6	20	290.0	3.0							18.9		14.7			
2026	8	18	6	10	280.0	3.0							19.2		14.8			
2026	8	18	6	0	270.0	2.0							19.5		14.9			
2026	8	18	5	50	280.0	4.0							19.6		15.0			
2026	8	18	5	40	290.0	3.0							19.8		15.1			
2026	8	18	5	30									19.9		15.0			
2026	8	18	5	20	280.0	3.0							20.3		15.1			
2026	8	18	5	10	270.0	5.0							20.6		15.3			
2026	8	18	5	0	270.0	5.0							20.7		15.6			
2026	8	18	4	50	270.0	2.0							20.5		15.9			
2026	8	18	4	40	280.0	3.0							20.5		15.8			
2026	8	18	4	30	280.0	3.0							20.4		15.7			
2026	8	18	4	20	270.0	3.0							20.6		15.5			
2026	8	18	4	10	270.0	2.0							21.1		15.8			
2026	8	18	4	0	280.0	3.0							21.1		15.5			
2026	8	18	3	50	290.0	2.0							21.8		15.8			
2026	8	18	3	40	320.0	2.0							22.1		16.8			
2026	8	18	3	30	320.0	2.0							21.0		16.1			
2026	8	18	3	20	310.0	3.0							21.1		16.2			
2026	8	18	3	10	270.0	2.0							20.9		15.1			
2026	8	18	3	0	280.0	1.0							21.8		15.1			
2026	8	18	2	50	290.0	1.0							21.9		15.1			
2026	8	18	2	40	290.0	1.0							22.2		15.4			
2026	8	18	2	30	300.0	1.0							22.4		15.6			
2026	8	18	2	20	30.0	1.0							22.4		15.6			
2026	8	18	2	10		0.0							22.5		15.6			
2026	8	18	2	0	90.0	1.0							22.9		15.6			
2026	8	18	1	50		0.0							23.1		16.2			
2026	8	18	1	40		0.0							22.9		16.8			
2026	8	18	1	30		0.0							22.8		17.3			
2026	8	18	1	20	290.0	1.0							22.1		17.1			
2026	8	18	1	10	310.0	1.0							21.8		17.4			
2026	8	18	1	0		0.0							20.9		16.7			
2026	8	18	0	50	200.0	2.0							20.8		16.5			
2026	8	18	0	40	190.0	2.0							21.1		16.4			
2026	8	18	0	30	130.0	2.0							21.4		16.8			
2026	8	18	0	10	120.0	3.0							21.1		16.9			
2026	8	18	0	0	130.0	3.0							20.9		16.7			
2026	8	17	23	50	140.0	3.0							21.2		16.5			
2026	8	17	23	40	150.0	3.0							21.3		16.1			
2026	8	17	23	30	170.0	3.0							21.1		16.0			
2026	8	17	23	20	170.0	3.0							20.9		16.2			
2026	8	17	23	10	180.0	2.0							20.5		16.3			
2026	8	17	23	0	180.0	2.0							20.3		16.4			
2026	8	17	22	50	180.0	3.0							19.8		16.4			
2026	8	17	22	40	190.0	3.0							19.8		16.5			
2026	8	17	22	30	180.0	3.0							19.5		16.4			
2026	8	17	22	20	130.0	4.0							19.8		16.9			
2026	8	17	22	10	130.0	4.0							19.3		16.5			
2026	8	17	22	0	140.0	4.0							19.6		16.8			
2026	8	17	21	50	140.0	4.0							19.6		16.9			
2026	8	17	21	40	160.0	3.0							19.6		17.2			
2026	8	17	21	30	150.0	3.0							19.4		17.4			
2026	8	17	21	20	150.0	3.0							19.0		17.5			
2026	8	17	21	10	160.0	2.0							18.8		17.8			
2026	8	17	21	0	160.0	2.0							18.2		17.6			
2026	8	17	20	40	170.0	2.0							17.6		17.2			
2026	8	17	20	30	170.0	2.0							17.3		17.1			
2026	8	17	20	20	160.0	2.0							16.7		16.6			
2026	8	17	20	10	160.0	2.0							16.5		16.4			
2026	8	17	20	0									16.4		16.3			
2026	8	17	19	50									16.1		16.0			
2026	8	17	19	40									15.9		15.8			
2026	8	17	19	30									15.5		15.4			
2026	8	17	19	20	120.0	1.0							15.2		15.1			
2026	8	17	19	10	150.0	2.0							15.0		14.9			
2026	8	17	19	0	150.0	2.0							14.7		14.6			
2026	8	17	18	50	150.0	2.0							14.6		14.5			
2026	8	17	18	40	140.0	2.0							14.6		14.5			
2026	8	17	18	30									14.4		14.3			
2026	8	17	18	20	150.0	2.0							14.4		14.2			
2026	8	17	18	10	120.0	2.0							14.2		14.1			
2026	8	17	18	0	240.0	1.0							14.0		13.9			
2026	8	17	17	50	180.0	1.0							13.8		13.7			
2026	8	17	17	40	180.0	2.0							13.8		13.7			
2026	8	17	17	30		0.0							13.8		13.6			
2026	8	17	17	20	240.0	1.0							13.8		13.7			
2026	8	17	17	10	260.0	1.0							13.6		13.5			
2026	8	17	17	0		0.0							13.5		13.4			
2026	8	17	16	50	170.0	1.0							13.6		13.4			
2026	8	17	16	40	230.0	1.0							13.7		13.5			
2026	8	17	16	30	210.0	2.0							13.6		13.5			
2026	8	17	16	20	200.0	1.0							13.5		13.4			
2026	8	17	16	10	210.0	1.0							13.7		13.6			
2026	8	17	16	0	210.0	2.0							13.7		13.6			
2026	8	17	15	40	230.0	2.0							13.6		13.4			
2026	8	17	15	30	200.0	1.0							13.5		13.3			
2026	8	17	15	20	210.0	2.0							13.6		13.4			
2026	8	17	15	10	230.0	2.0							13.6		13.4			
2026	8	17	15	0	220.0	2.0							13.6		13.3			
2026	8	17	14	50	280.0	1.0							13.7		13.3			
2026	8	17	14	40	240.0	1.0							13.7		13.3			
2026	8	17	14	30	310.0	1.0							13.8		13.4			
2026	8	17	14	20	50.0	2.0							13.6		13.2			
2026	8	17	14	10		0.0							13.4		13.0			
2026	8	17	14	0	320.0	2.0							13.6		13.2			
2026	8	17	13	50	280.0	2.0							13.6		13.1			
2026	8	17	13	40	260.0	2.0							13.6		13.0			
2026	8	17	13	30	260.0	2.0							13.6		13.0			
2026	8	17	13	20	260.0	2.0							13.7		13.1			
2026	8	17	13	10	240.0	2.0							13.6		12.9			
2026	8	17	13	0	250.0	3.0							13.7		13.0			
2026	8	17	12	50	240.0	2.0							13.6		12.8			
2026	8	17	12	40	240.0	3.0							13.6		12.7			
2026	8	17	12	30	250.0	3.0							13.7		12.8			
2026	8	17	12	20	280.0	2.0							13.9		12.9			
2026	8	17	12	10	270.0	2.0							13.9		12.8			
2026	8	17	12	0	280.0	2.0							14.0		12.9			
2026	8	17	11	50	290.0	2.0							14.0		12.8			
2026	8	17	11	40	280.0	3.0							14.0		12.8			
2026	8	17	11	30	260.0	2.0							14.0		12.8			
2026	8	17	11	20									14.0		12.7			
2026	8	17	11	10	270.0	3.0							14.0		12.6			
2026	8	17	11	0	250.0	3.0							14.1		12.6			
2026	8	17	10	50	260.0	2.0							14.4		12.9			
2026	8	17	10	40	280.0	2.0							14.5		12.9			
2026	8	17	10	30	290.0	2.0							14.6		13.0			
2026	8	17	10	20	270.0	2.0							14.6		13.0			
2026	8	17	10	10	270.0	2.0							14.6		12.8			
2026	8	17	10	0	270.0	4.0							14.7		13.0			
2026	8	17	9	50	260.0	3.0							14.9		13.1			
2026	8	17	9	40	260.0	3.0							15.0		13.1			
2026	8	17	9	30	260.0	3.0							14.9		13.0			
2026	8	17	9	20	270.0	3.0							15.2		13.2			
2026	8	17	9	10	270.0	2.0							15.1		13.1			
2026	8	17	9	0	260.0	2.0							15.3		13.1			
2026	8	17	8	50	270.0	2.0							15.6		13.3			
2026	8	17	8	40	260.0	2.0							15.6		13.2			
2026	8	17	8	30	260.0	2.0							15.7		13.3			
2026	8	17	8	20	270.0	2.0							15.8		13.3			
2026	8	17	8	10	280.0	2.0							15.9		13.3			
2026	8	17	8	0	260.0	2.0							16.1		13.5			
2026	8	17	7	50	290.0	2.0							16.2		13.4			
2026	8	17	7	40									16.4		13.5			
2026	8	17	7	30	280.0	1.0							16.5		13.6			
2026	8	17	7	20	300.0	2.0							16.5		13.5			
2026	8	17	7	10	290.0	2.0							16.7		13.6			
2026	8	17	7	0	270.0	2.0							16.8		13.7			
2026	8	17	6	50	290.0	1.0							16.9		13.8			
2026	8	17	6	40	280.0	1.0							17.1		13.9			
2026	8	17	6	30	280.0	2.0							17.2		14.0			
2026	8	17	6	20	290.0	2.0							17.3		14.0			
2026	8	17	6	10	280.0	2.0							17.4		14.1			
2026	8	17	6	0	300.0	2.0							17.5		14.3			
2026	8	17	5	50	280.0	3.0							17.8		14.5			
2026	8	17	5	40	300.0	2.0							17.9		14.5			
2026	8	17	5	30	290.0	3.0							18.0		14.6			
2026	8	17	5	20	300.0	3.0							18.2		14.6			
2026	8	17	5	10	290.0	3.0							18.3		14.7			
2026	8	17	5	0	290.0	4.0							18.4		14.7			
2026	8	17	4	50	280.0	4.0							18.6		14.7			
2026	8	17	4	40	280.0	4.0							18.7		14.7			
2026	8	17	4	30	270.0	4.0							18.8		14.6			
2026	8	17	4	20	290.0	4.0							19.0		14.6			
2026	8	17	4	10	290.0	5.0							19.2		14.6			
2026	8	17	4	0	280.0	5.0							19.4		14.6			
2026	8	17	3	50	270.0	4.0							19.7		14.7			
2026	8	17	3	40	280.0	4.0							20.0		14.6			
2026	8	17	3	30	280.0	4.0							20.2		14.7			
2026	8	17	3	20	280.0	4.0							20.3		14.8			
2026	8	17	3	10	290.0	4.0							20.4		14.9			
2026	8	17	3	0	280.0	4.0							20.8		15.0			
2026	8	17	2	50	270.0	4.0							21.0		15.4			
2026	8	17	2	40	290.0	2.0							20.8		15.6			
2026	8	17	2	30	320.0	1.0							20.3		15.3			
2026	8	17	2	20		0.0							20.5		15.5			
2026	8	17	2	10	250.0	1.0							20.4		15.5			
2026	8	17	2	0	160.0	2.0							19.9		15.0			
2026	8	17	1	50	130.0	2.0							20.0		15.0			
2026	8	17	1	40	140.0	2.0							20.0		15.2			
2026	8	17	1	30	150.0	2.0							20.0		15.0			
2026	8	17	1	20	170.0	3.0							20.0		14.8			
2026	8	17	1	10	170.0	3.0							20.0		14.5			
2026	8	17	1	0	160.0	3.0							20.8		14.0			
2026	8	17	0	50	160.0	3.0							20.9		13.8			
2026	8	17	0	40	170.0	3.0							21.0		13.9			
2026	8	17	0	30	170.0	3.0							20.7		14.4			
2026	8	17	0	20									20.2		14.8			
2026	8	17	0	10	160.0	2.0							20.1		15.2			
2026	8	17	0	0	160.0	3.0							19.5		15.1			
2026	8	16	23	50	160.0	3.0							19.6		15.0			
2026	8	16	23	40	150.0	3.0							19.7		14.9			
2026	8	16	23	30	150.0	3.0							19.6		14.8			
2026	8	16	23	20	140.0	3.0							19.4		14.7			
2026	8	16	23	10	140.0	3.0							19.3		14.7			
2026	8	16	23	0	140.0	3.0							19.5		14.5			
2026	8	16	22	40	140.0	3.0							19.4		14.6			
2026	8	16	22	30	120.0	2.0							18.8		14.6			
2026	8	16	22	20	90.0	2.0							18.8		14.6			
2026	8	16	22	10	100.0	2.0							18.8		14.4			
2026	8	16	22	0	110.0	2.0							18.4		14.1			
2026	8	16	21	50	120.0	2.0							18.5		14.2			
2026	8	16	21	40	120.0	2.0							18.3		14.2			
2026	8	16	21	30	110.0	2.0							18.4		13.9			
2026	8	16	21	10	130.0	1.0							18.8		14.0			
2026	8	16	21	0	130.0	2.0							18.1		13.7			
2026	8	16	20	50	130.0	2.0							17.7		13.6			
2026	8	16	20	40	130.0	3.0							17.8		13.7			
2026	8	16	20	30	130.0	3.0							17.6		13.5			
2026	8	16	20	20	110.0	2.0							17.5		13.4			
2026	8	16	20	10	110.0	2.0							17.3		13.2			
2026	8	16	20	0	110.0	2.0							17.2		13.2			
2026	8	16	19	50	130.0	2.0							17.2		13.2			
2026	8	16	19	40	120.0	2.0							17.0		13.1			
2026	8	16	19	20	120.0	2.0							17.0		13.2			
2026	8	16	19	10	140.0	2.0							16.8		13.1			
2026	8	16	19	0	130.0	2.0							16.7		13.1			
2026	8	16	18	50	130.0	2.0							16.5		12.9			
2026	8	16	18	40	130.0	2.0							16.4		12.9			
2026	8	16	18	30	130.0	2.0							16.3		12.8			
2026	8	16	18	20	140.0	2.0							16.4		13.0			
2026	8	16	18	10	100.0	2.0							16.3		12.9			
2026	8	16	18	0	130.0	2.0							16.3		12.9			
2026	8	16	17	50	120.0	2.0							16.0		12.8			
2026	8	16	17	40	120.0	1.0							15.9		12.7			
2026	8	16	17	30	140.0	2.0							15.9		12.7			
2026	8	16	17	20	150.0	2.0							15.8		12.6			
2026	8	16	17	10	170.0	2.0							15.7		12.5			
2026	8	16	17	0	190.0	2.0							15.7		12.5			
2026	8	16	16	50	200.0	2.0							15.6		12.5			
2026	8	16	16	40	220.0	2.0							15.6		12.5			
2026	8	16	16	30	210.0	2.0							15.6		12.5			
2026	8	16	16	20									15.5		12.5			
2026	8	16	16	10		0.0							15.5		12.6			
2026	8	16	16	0	240.0	1.0							15.2		12.4			
2026	8	16	15	50	250.0	1.0							15.2		12.4			
2026	8	16	15	40	240.0	2.0							15.2		12.5			
2026	8	16	15	30	260.0	2.0							15.0		12.3			
2026	8	16	15	20	250.0	2.0							15.0		12.3			
2026	8	16	15	10	250.0	2.0							14.9		12.3			
2026	8	16	15	0	250.0	3.0							14.9		12.4			
2026	8	16	14	50	260.0	3.0							15.0		12.4			
2026	8	16	14	40	260.0	3.0							14.9		12.3			
2026	8	16	14	30									14.9		12.3			
2026	8	16	14	20	260.0	3.0							14.8		12.3			
2026	8	16	14	10	270.0	2.0							14.9		12.3			
2026	8	16	14	0	230.0	3.0							14.9		12.3			
2026	8	16	13	50	240.0	3.0							14.9		12.4			
2026	8	16	13	40	250.0	2.0							15.0		12.4			
2026	8	16	13	30	260.0	3.0							14.8		12.3			
2026	8	16	13	20	260.0	3.0							14.8		12.3			
2026	8	16	13	0	250.0	2.0							14.9		12.4			
2026	8	16	12	50	260.0	3.0							14.9		12.3			
2026	8	16	12	40	260.0	3.0							14.8		12.3			
2026	8	16	12	30	260.0	3.0							14.9		12.4			
2026	8	16	12	20	260.0	3.0							15.0		12.4			
2026	8	16	12	10	260.0	3.0							14.9		12.3			
2026	8	16	12	0	250.0	2.0							15.1		12.4			
2026	8	16	11	50	260.0	2.0							15.1		12.4			
2026	8	16	11	40	230.0	3.0							15.1		12.4			
2026	8	16	11	30	230.0	2.0							15.2		12.4			
2026	8	16	11	20	260.0	3.0							15.1		12.4			
2026	8	16	11	10	250.0	3.0							15.2		12.4			
2026	8	16	11	0	240.0	2.0							15.3		12.5			
2026	8	16	10	50	260.0	3.0							15.2		12.4			
2026	8	16	10	40	250.0	3.0							15.2		12.4			
2026	8	16	10	30	250.0	2.0							15.2		12.4			
2026	8	16	10	20	250.0	3.0							15.2		12.5			
2026	8	16	10	10	260.0	3.0							15.3		12.5			
2026	8	16	10	0	250.0	2.0							15.3		12.5			
2026	8	16	9	50	270.0	3.0							15.3		12.5			
2026	8	16	9	40	250.0	3.0							15.3		12.5			
2026	8	16	9	30	240.0	2.0							15.3		12.6			
2026	8	16	9	20	240.0	3.0							15.2		12.5			
2026	8	16	9	10									15.3		12.5			
2026	8	16	9	0	260.0	3.0							15.3		12.5			
2026	8	16	8	50	260.0	2.0							15.3		12.5			
2026	8	16	8	40	260.0	4.0							15.3		12.4			
2026	8	16	8	30	260.0	4.0							15.4		12.5			
2026	8	16	8	20	230.0	3.0							15.4		12.5			
2026	8	16	8	10	260.0	3.0							15.3		12.3			
2026	8	16	8	0	270.0	4.0							15.5		12.3			
2026	8	16	7	50	250.0	5.0							15.4		12.2			
2026	8	16	7	40	250.0	4.0							15.5		12.2			
2026	8	16	7	30	260.0	4.0							15.5		12.1			
2026	8	16	7	20	260.0	4.0							15.6		12.2			
2026	8	16	7	10	240.0	4.0							15.6		12.2			
2026	8	16	7	0	250.0	3.0							15.6		12.2			
2026	8	16	6	50	260.0	4.0							15.7		12.3			
2026	8	16	6	40	250.0	4.0							15.7		12.4			
2026	8	16	6	30	240.0	3.0							15.7		12.4			
2026	8	16	6	20									15.8		12.5			
2026	8	16	6	10	270.0	3.0							15.9		12.6			
2026	8	16	6	0	280.0	4.0							16.0		12.6			
2026	8	16	5	50									16.1		12.7			
2026	8	16	5	40	260.0	3.0							16.2		12.7			
2026	8	16	5	30	280.0	3.0							16.2		12.7			
2026	8	16	5	20	260.0	4.0							16.3		12.7			
2026	8	16	5	10	270.0	4.0							16.4		12.7			
2026	8	16	5	0	280.0	4.0							16.5		12.8			
2026	8	16	4	50	270.0	3.0							16.6		12.7			
2026	8	16	4	40	270.0	4.0							16.8		12.7			
2026	8	16	4	30	280.0	4.0							16.9		12.7			
2026	8	16	4	20	270.0	5.0							17.0		12.7			
2026	8	16	4	10	260.0	5.0							17.2		12.6			
2026	8	16	4	0	260.0	4.0							17.4		12.7			
2026	8	16	3	50	260.0	4.0							17.6		12.7			
2026	8	16	3	40	270.0	4.0							17.7		12.8			
2026	8	16	3	30	270.0	4.0							17.9		12.8			
2026	8	16	3	20	300.0	3.0							18.2		12.9			
2026	8	16	3	10	270.0	5.0							18.3		13.0			
2026	8	16	3	0	290.0	4.0							18.5		13.2			
2026	8	16	2	50	280.0	5.0							18.6		13.2			
2026	8	16	2	40	280.0	4.0							18.9		13.3			
2026	8	16	2	30	270.0	4.0							19.1		13.3			
2026	8	16	2	20	260.0	5.0							19.2		13.3			
2026	8	16	2	10	260.0	5.0							19.3		13.2			
2026	8	16	2	0	270.0	5.0							19.7		13.6			
2026	8	16	1	50	270.0	6.0							19.8		13.7			
2026	8	16	1	30	280.0	6.0							20.2		14.0			
2026	8	16	1	20	260.0	5.0							20.4		14.1			
2026	8	16	1	10	280.0	6.0							20.3		14.0			
2026	8	16	1	0	280.0	5.0							20.8		14.2			
2026	8	16	0	50	280.0	6.0							21.1		14.2			
2026	8	16	0	40	270.0	4.0							20.9		14.2			
2026	8	16	0	30	260.0	4.0							21.2		14.3			
2026	8	16	0	20	260.0	3.0							21.4		14.3			
2026	8	16	0	10	240.0	3.0							21.0		14.2			
2026	8	16	0	0	270.0	4.0							21.3		14.2			
2026	8	15	23	50	230.0	3.0							21.5		14.3			
2026	8	15	23	40									21.2		14.0			
2026	8	15	23	30									21.5		14.2			
2026	8	15	23	20									21.5		14.2			
2026	8	15	23	10									21.7		14.2			
2026	8	15	23	0									21.1		13.7			
2026	8	15	22	50									21.0		13.8			
2026	8	15	22	40									20.9		14.0			
2026	8	15	22	30									20.4		14.1			
2026	8	15	22	20	230.0	4.0							19.6		14.0			
2026	8	15	22	10	220.0	3.0							20.5		14.1			
2026	8	15	21	50	210.0	4.0							19.8		14.7			
2026	8	15	21	40	160.0	4.0							19.0		14.0			
2026	8	15	21	30	350.0	3.0							19.2		14.4			
2026	8	15	21	20	150.0	3.0							18.6		14.1			
2026	8	15	21	10	150.0	3.0							18.7		14.0			
2026	8	15	21	0	200.0	3.0							18.7		14.6			
2026	8	15	20	50	150.0	4.0							18.2		14.2			
2026	8	15	20	40	180.0	3.0							17.8		14.1			
2026	8	15	20	30	160.0	4.0							17.7		14.1			
2026	8	15	20	20	160.0	4.0							17.6		13.9			
2026	8	15	20	10	160.0	5.0							17.6		13.7			
2026	8	15	20	0	180.0	4.0							17.8		13.8			
2026	8	15	19	50	170.0	4.0							17.9		13.9			
2026	8	15	19	40	190.0	4.0							17.5		13.8			
2026	8	15	19	30	200.0	4.0							17.5		14.0			
2026	8	15	19	20	150.0	4.0							17.0		13.6			
2026	8	15	19	10	140.0	4.0							17.0		13.7			
2026	8	15	19	0	140.0	4.0							16.9		13.6			
2026	8	15	18	50	170.0	4.0							16.8		13.6			
2026	8	15	18	40	140.0	4.0							16.5		13.4			
2026	8	15	18	30	140.0	4.0							16.7		13.5			
2026	8	15	18	20									16.6		13.3			
2026	8	15	18	10	170.0	3.0							16.9		13.6			
2026	8	15	18	0	170.0	3.0							16.7		13.2			
2026	8	15	17	50	160.0	4.0							16.7		13.0			
2026	8	15	17	40	160.0	3.0							16.9		13.0			
2026	8	15	17	30	200.0	2.0							17.0		13.0			
2026	8	15	17	20	200.0	2.0							16.7		12.9			
2026	8	15	17	10	220.0	2.0							16.6		13.1			
2026	8	15	17	0	240.0	1.0							16.6		13.2			
2026	8	15	16	50	230.0	2.0							16.4		13.0			
2026	8	15	16	40	220.0	1.0							16.2		13.0			
2026	8	15	16	30	220.0	2.0							16.1		13.0			
2026	8	15	16	20	230.0	2.0							16.0		13.0			
2026	8	15	16	10	260.0	3.0							15.9		12.9			
2026	8	15	16	0	30.0	2.0							15.8		12.9			
2026	8	15	15	40	240.0	1.0							15.6		12.8			
2026	8	15	15	30									15.4		12.7			
2026	8	15	15	20	260.0	2.0							15.5		12.9			
2026	8	15	15	10	40.0	2.0							15.4		12.7			
2026	8	15	14	50	250.0	2.0							15.3		12.7			
2026	8	15	14	40	240.0	3.0							15.3		12.7			
2026	8	15	14	30	240.0	3.0							15.2		12.7			
2026	8	15	14	20	250.0	2.0							15.2		12.7			
2026	8	15	14	10	260.0	1.0							15.1		12.6			
2026	8	15	14	0	250.0	1.0							15.0		12.6			
2026	8	15	13	50	250.0	2.0							15.1		12.7			
2026	8	15	13	40	250.0	2.0							15.0		12.7			
2026	8	15	13	30	270.0	2.0							15.1		12.7			
2026	8	15	13	20	260.0	1.0							15.1		12.7			
2026	8	15	13	10	290.0	1.0							15.1		12.7			
2026	8	15	13	0	240.0	2.0							15.1		12.7			
2026	8	15	12	50	270.0	2.0							15.1		12.6			
2026	8	15	12	40	260.0	3.0							15.1		12.8			
2026	8	15	12	30	250.0	3.0							15.1		12.7			
2026	8	15	12	20	230.0	4.0							15.2		12.9			
2026	8	15	12	10	230.0	3.0							15.3		13.0			
2026	8	15	12	0	220.0	2.0							15.3		13.0			
2026	8	15	11	50	210.0	1.0							15.2		12.9			
2026	8	15	11	40	210.0	2.0							15.2		12.8			
2026	8	15	11	30	240.0	1.0							15.1		12.8			
2026	8	15	11	20	240.0	2.0							15.1		12.8			
2026	8	15	11	10	240.0	2.0							15.1		12.8			
2026	8	15	11	0	250.0	2.0							15.0		12.8			
2026	8	15	10	50	250.0	3.0							15.0		12.8			
2026	8	15	10	40	260.0	4.0							15.0		12.8			
2026	8	15	10	30	240.0	2.0							15.0		12.9			
2026	8	15	10	20	240.0	3.0							15.2		13.1			
2026	8	15	10	10	270.0	2.0							15.1		13.0			
2026	8	15	10	0	250.0	2.0							15.1		13.0			
2026	8	15	9	50	250.0	3.0							15.2		13.1			
2026	8	15	9	40	250.0	2.0							15.1		13.0			
2026	8	15	9	30	280.0	3.0							15.2		13.1			
2026	8	15	9	20	260.0	2.0							15.2		13.1			
2026	8	15	9	10	250.0	3.0							15.2		13.1			
2026	8	15	9	0	250.0	3.0							15.2		13.1			
2026	8	15	8	50	230.0	3.0							15.2		13.0			
2026	8	15	8	40	230.0	3.0							15.2		13.0			
2026	8	15	8	30	230.0	2.0							15.3		13.1			
2026	8	15	8	20	230.0	3.0							15.3		13.1			
2026	8	15	8	10	230.0	2.0							15.3		13.1			
2026	8	15	8	0	220.0	2.0							15.4		13.1			
2026	8	15	7	50	240.0	2.0							15.3		13.0			
2026	8	15	7	40	250.0	2.0							15.4		13.1			
2026	8	15	7	30	250.0	3.0							15.4		13.0			
2026	8	15	7	20	220.0	2.0							15.5		13.2			
2026	8	15	7	10	250.0	2.0							15.5		13.1			
2026	8	15	7	0	240.0	3.0							15.6		13.1			
2026	8	15	6	50	250.0	3.0							15.8		13.2			
2026	8	15	6	40	250.0	3.0							15.8		13.3			
2026	8	15	6	30	250.0	2.0							15.9		13.3			
2026	8	15	6	20	40.0	3.0							15.9		13.3			
2026	8	15	6	10	270.0	4.0							16.1		13.4			
2026	8	15	6	0	240.0	4.0							16.1		13.3			
2026	8	15	5	50	230.0	2.0							16.2		13.4			
2026	8	15	5	40	250.0	4.0							16.4		13.5			
2026	8	15	5	30	260.0	3.0							16.5		13.5			
2026	8	15	5	20	250.0	3.0							16.7		13.7			
2026	8	15	5	10	250.0	4.0							16.8		13.7			
2026	8	15	5	0	50.0	5.0							16.9		13.7			
2026	8	15	4	50	260.0	4.0							17.0		13.8			
2026	8	15	4	40	270.0	5.0							17.1		13.7			
2026	8	15	4	30	250.0	3.0							17.1		13.8			
2026	8	15	4	20	270.0	4.0							17.3		13.8			
2026	8	15	4	10	240.0	4.0							17.4		13.9			
2026	8	15	4	0	240.0	3.0							17.6		14.0			
2026	8	15	3	50	260.0	5.0							17.8		14.0			
2026	8	15	3	40	260.0	5.0							18.0		14.0			
2026	8	15	3	30									18.2		14.1			
2026	8	15	3	20	260.0	4.0							18.6		14.2			
2026	8	15	3	10	260.0	3.0							18.8		14.3			
2026	8	15	3	0	260.0	3.0							19.2		14.5			
2026	8	15	2	50	250.0	5.0							19.5		14.5			
2026	8	15	2	40	260.0	6.0							19.6		14.6			
2026	8	15	2	30	260.0	6.0							19.8		14.6			
2026	8	15	2	20	250.0	5.0							20.2		14.7			
2026	8	15	2	10	260.0	5.0							20.4		14.8			
2026	8	15	2	0	260.0	7.0							20.5		14.8			
2026	8	15	1	50	260.0	5.0							20.8		14.9			
2026	8	15	1	40	260.0	5.0							20.8		14.9			
2026	8	15	1	30	260.0	5.0							21.0		14.9			
2026	8	15	1	20	280.0	6.0							21.4		15.2			
2026	8	15	1	10	280.0	5.0							21.4		15.0			
2026	8	15	1	0	260.0	4.0							21.9		15.1			
2026	8	15	0	50	260.0	5.0							22.2		15.3			
2026	8	15	0	40	260.0	5.0							22.1		15.4			
2026	8	15	0	30	280.0	5.0							22.1		15.4			
2026	8	15	0	10	260.0	3.0							22.0		15.8			
2026	8	15	0	0	120.0	1.0							21.3		15.7			
2026	8	14	23	50	150.0	1.0							21.7		15.6			
2026	8	14	23	40	140.0	2.0							21.7		14.3			
2026	8	14	23	20	120.0	1.0							21.7		14.4			
2026	8	14	23	10	140.0	2.0							21.5		14.5			
2026	8	14	23	0	120.0	2.0							21.3		14.5			
2026	8	14	22	50	120.0	2.0							21.3		14.7			
2026	8	14	22	40	130.0	3.0							20.8		15.1			
2026	8	14	22	30	140.0	3.0							20.5		15.4			
2026	8	14	22	20	140.0	3.0							20.2		15.7			
2026	8	14	22	10	140.0	3.0							20.0		15.7			
2026	8	14	22	0	130.0	3.0							19.7		15.6			
2026	8	14	21	50	140.0	3.0							19.4		15.5			
2026	8	14	21	40	140.0	2.0							19.4		15.6			
2026	8	14	21	30	120.0	2.0							19.3		15.5			
2026	8	14	21	20	80.0	2.0							18.9		15.2			
2026	8	14	21	10	90.0	1.0							18.9		15.1			
2026	8	14	21	0	130.0	2.0							18.7		14.8			
2026	8	14	20	50	140.0	2.0							18.4		14.7			
2026	8	14	20	40	130.0	2.0							18.2		14.6			
2026	8	14	20	30	140.0	2.0							18.0		14.5			
2026	8	14	20	20	140.0	2.0							17.8		14.6			
2026	8	14	20	10	140.0	3.0							17.4		14.5			
2026	8	14	20	0	130.0	2.0							17.2		14.3			
2026	8	14	19	50	120.0	2.0							17.1		14.4			
2026	8	14	19	40	120.0	2.0							17.0		14.5			
2026	8	14	19	30	80.0	1.0							16.7		14.5			
2026	8	14	19	20	120.0	2.0							16.4		14.3			
2026	8	14	19	10	120.0	2.0							16.1		14.3			
2026	8	14	18	50	120.0	2.0							15.9		14.2			
2026	8	14	18	40	120.0	2.0							15.6		14.0			
2026	8	14	18	30	100.0	2.0							15.5		13.9			
2026	8	14	18	20	80.0	1.0							15.4		14.0			
2026	8	14	18	10	100.0	1.0							15.3		14.0			
2026	8	14	18	0	30.0	1.0							15.5		14.2			
2026	8	14	17	50	300.0	1.0							15.2		14.1			
2026	8	14	17	40	270.0	1.0							15.0		13.9			
2026	8	14	17	30	290.0	2.0							14.9		13.8			
2026	8	14	17	10	280.0	1.0							14.7		13.7			
2026	8	14	17	0									14.5		13.6			
2026	8	14	16	50	280.0	2.0							14.4		13.4			
2026	8	14	16	40	230.0	1.0							14.4		13.5			
2026	8	14	16	30	280.0	3.0							14.3		13.4			
2026	8	14	16	10	270.0	2.0							14.2		13.3			
2026	8	14	16	0	240.0	2.0							14.1		13.2			
2026	8	14	15	50	240.0	3.0							14.2		13.2			
2026	8	14	15	40	250.0	2.0							14.1		13.2			
2026	8	14	15	30	240.0	3.0							14.0		13.1			
2026	8	14	15	20	220.0	4.0							14.2		13.4			
2026	8	14	15	10	240.0	3.0							14.1		13.2			
2026	8	14	15	0	230.0	3.0							13.9		13.0			
2026	8	14	14	50	250.0	2.0							13.9		13.1			
2026	8	14	14	40	240.0	4.0							14.2		13.4			
2026	8	14	14	30	230.0	4.0							14.0		13.2			
2026	8	14	14	20	230.0	2.0							14.1		13.3			
2026	8	14	14	10	280.0	4.0							13.9		13.1			
2026	8	14	14	0									13.9		13.0			
2026	8	14	13	50	220.0	4.0							14.0		13.1			
2026	8	14	13	40									14.1		13.3			
2026	8	14	13	30	260.0	3.0							14.0		13.2			
2026	8	14	13	20									14.1		13.3			
2026	8	14	13	10	260.0	4.0							14.0		13.2			
2026	8	14	13	0	230.0	2.0							14.2		13.3			
2026	8	14	12	50	250.0	3.0							14.2		13.4			
2026	8	14	12	40	280.0	4.0							14.3		13.5			
2026	8	14	12	30									14.3		13.5			
2026	8	14	12	20	270.0	3.0							14.4		13.6			
2026	8	14	12	10	240.0	3.0							14.3		13.5			
2026	8	14	12	0	240.0	5.0							14.4		13.6			
2026	8	14	11	50	280.0	3.0							14.4		13.6			
2026	8	14	11	40	270.0	3.0							14.6		13.8			
2026	8	14	11	30	290.0	5.0							14.4		13.5			
2026	8	14	11	20	270.0	3.0							14.5		13.6			
2026	8	14	11	10	280.0	5.0							14.7		13.7			
2026	8	14	11	0	270.0	6.0							14.7		13.8			
2026	8	14	10	50	290.0	5.0							14.8		13.8			
2026	8	14	10	40	280.0	5.0							15.0		13.9			
2026	8	14	10	30	250.0	5.0							15.1		13.9			
2026	8	14	10	20	260.0	4.0							15.2		14.0			
2026	8	14	10	10	260.0	3.0							15.1		13.9			
2026	8	14	10	0	270.0	4.0							15.4		14.1			
2026	8	14	9	50	250.0	3.0							15.5		14.1			
2026	8	14	9	40	40.0	3.0							15.5		14.0			
2026	8	14	9	30	250.0	3.0							15.6		14.2			
2026	8	14	9	20	250.0	3.0							15.6		14.1			
2026	8	14	9	10									15.7		14.1			
2026	8	14	9	0	260.0	4.0							15.8		14.0			
2026	8	14	8	50	260.0	2.0							15.9		14.1			
2026	8	14	8	40	260.0	3.0							16.0		14.1			
2026	8	14	8	30	240.0	3.0							16.1		14.1			
2026	8	14	8	20	230.0	2.0							16.3		14.2			
2026	8	14	8	10	250.0	2.0							16.4		14.2			
2026	8	14	8	0	260.0	4.0							16.6		14.3			
2026	8	14	7	50	260.0	4.0							16.7		14.3			
2026	8	14	7	40	260.0	3.0							16.9		14.4			
2026	8	14	7	30	260.0	3.0							17.1		14.5			
2026	8	14	7	20	260.0	2.0							17.3		14.6			
2026	8	14	7	10	260.0	3.0							17.6		14.8			
2026	8	14	7	0	270.0	2.0							17.7		14.8			
2026	8	14	6	50									17.9		14.9			
2026	8	14	6	40									18.1		14.9			
2026	8	14	6	30									18.2		15.0			
2026	8	14	6	20									18.4		15.1			
2026	8	14	6	10									18.6		15.2			
2026	8	14	6	0									18.9		15.2			
2026	8	14	5	50									19.1		15.2			
2026	8	14	5	40									19.3		15.2			
2026	8	14	5	30									19.5		15.2			
2026	8	14	5	20	280.0	3.0							19.8		15.2			
2026	8	14	5	10	290.0	4.0							20.0		15.2			
2026	8	14	4	50	280.0	5.0							20.2		15.3			
2026	8	14	4	40	280.0	3.0							20.4		15.3			
2026	8	14	4	30	290.0	5.0							20.6		15.4			
2026	8	14	4	20	290.0	3.0							20.8		15.8			
2026	8	14	4	10	280.0	3.0							20.7		15.4			
2026	8	14	4	0	280.0	4.0							21.2		15.6			
2026	8	14	3	50	290.0	3.0							21.3		15.8			
2026	8	14	3	40	290.0	2.0							21.9		15.5			
2026	8	14	3	30									22.4		15.7			
2026	8	14	3	10	280.0	2.0							22.5		15.7			
2026	8	14	3	0									22.3		15.9			
2026	8	14	2	50	260.0	2.0							22.1		15.5			
2026	8	14	2	40	230.0	3.0							22.2		15.7			
2026	8	14	2	30	230.0	2.0							23.0		15.6			
2026	8	14	2	20									23.0		15.9			
2026	8	14	2	10	170.0	1.0							22.2		15.9			
2026	8	14	1	50	170.0	1.0							22.1		16.2			
2026	8	14	1	40	280.0	2.0							21.2		16.1			
2026	8	14	1	30	140.0	3.0							20.8		15.7			
2026	8	14	1	20	130.0	4.0							20.8		15.3			
2026	8	14	1	10	140.0	4.0							21.1		15.2			
2026	8	14	1	0	150.0	4.0							21.1		15.7			
2026	8	14	0	50	140.0	3.0							20.2		15.8			
2026	8	14	0	40	150.0	4.0							20.1		16.0			
2026	8	14	0	30	150.0	4.0							20.0		16.3			
2026	8	14	0	20	110.0	3.0							20.0		16.4			
2026	8	14	0	0	110.0	2.0							20.3		16.6			
2026	8	13	23	50									20.2		16.6			
2026	8	13	23	40	150.0	3.0							20.2		16.7			
2026	8	13	23	30	140.0	3.0							20.2		17.0			
2026	8	13	23	20									19.6		16.9			
2026	8	13	23	10	160.0	3.0							19.7		17.1			
2026	8	13	23	0	160.0	2.0							19.8		17.1			
2026	8	13	22	50	160.0	2.0							20.0		17.1			
2026	8	13	22	40	160.0	2.0							19.9		17.1			
2026	8	13	22	30	160.0	2.0							19.8		17.0			
2026	8	13	22	20	150.0	2.0							19.7		16.9			
2026	8	13	22	10	160.0	3.0							19.2		16.5			
2026	8	13	22	0	170.0	2.0							19.2		16.6			
2026	8	13	21	50	140.0	1.0							19.2		16.6			
2026	8	13	21	40	160.0	1.0							19.1		16.6			
2026	8	13	21	30	140.0	1.0							18.9		16.5			
2026	8	13	21	20	140.0	2.0							18.4		16.0			
2026	8	13	21	10	160.0	2.0							18.1		15.7			
2026	8	13	21	0	160.0	2.0							17.9		15.6			
2026	8	13	20	50	150.0	2.0							17.8		15.5			
2026	8	13	20	40	160.0	2.0							17.7		15.6			
2026	8	13	20	30	140.0	2.0							17.5		15.5			
2026	8	13	20	20	150.0	3.0							17.0		15.2			
2026	8	13	20	10									16.8		15.0			
2026	8	13	20	0	150.0	3.0							16.6		14.9			
2026	8	13	19	50	130.0	3.0							16.4		14.7			
2026	8	13	19	40	140.0	3.0							16.2		14.5			
2026	8	13	19	30	140.0	3.0							16.2		14.6			
2026	8	13	19	20	140.0	3.0							16.0		14.4			
2026	8	13	19	10	140.0	3.0							16.0		14.5			
2026	8	13	19	0	130.0	3.0							15.8		14.4			
2026	8	13	18	50	140.0	3.0							15.6		14.3			
2026	8	13	18	40	150.0	3.0							15.4		14.2			
2026	8	13	18	30	160.0	4.0							15.4		14.2			
2026	8	13	18	20	170.0	4.0							15.5		14.3			
2026	8	13	18	10	150.0	4.0							15.1		13.9			
2026	8	13	18	0	160.0	3.0							15.1		14.0			
2026	8	13	17	50	180.0	2.0							15.1		14.0			
2026	8	13	17	40	170.0	2.0							15.1		14.1			
2026	8	13	17	30	140.0	1.0							15.0		14.0			
2026	8	13	17	20	170.0	1.0							14.8		13.9			
2026	8	13	17	10	220.0	1.0							14.6		13.7			
2026	8	13	17	0	180.0	1.0							14.6		13.7			
2026	8	13	16	50	240.0	1.0							14.5		13.7			
2026	8	13	16	40	240.0	1.0							14.3		13.6			
2026	8	13	16	30	260.0	2.0							14.3		13.6			
2026	8	13	16	20	240.0	2.0							14.2		13.4			
2026	8	13	16	10	240.0	3.0							14.2		13.5			
2026	8	13	16	0	220.0	2.0							14.2		13.4			
2026	8	13	15	50	250.0	1.0							14.1		13.4			
2026	8	13	15	40	220.0	1.0							14.1		13.3			
2026	8	13	15	30	240.0	3.0							14.2		13.4			
2026	8	13	15	20	250.0	1.0							14.2		13.5			
2026	8	13	15	10	210.0	2.0							14.1		13.4			
2026	8	13	15	0	230.0	2.0							14.1		13.4			
2026	8	13	14	50	270.0	2.0							14.1		13.3			
2026	8	13	14	40	260.0	3.0							14.0		13.2			
2026	8	13	14	30	280.0	3.0							13.9		13.1			
2026	8	13	14	20	240.0	2.0							14.0		13.2			
2026	8	13	14	10	300.0	2.0							14.0		13.1			
2026	8	13	14	0	240.0	3.0							14.0		13.2			
2026	8	13	13	50	230.0	3.0							14.0		13.1			
2026	8	13	13	40	360.0	3.0							14.0		13.1			
2026	8	13	13	30	220.0	3.0							14.0		13.1			
2026	8	13	13	20	210.0	2.0							14.0		13.1			
2026	8	13	13	10	210.0	2.0							14.0		13.0			
2026	8	13	13	0	270.0	3.0							14.1		13.0			
2026	8	13	12	50	280.0	2.0							14.0		12.9			
2026	8	13	12	40	220.0	3.0							14.2		13.1			
2026	8	13	12	30	230.0	3.0							14.2		13.0			
2026	8	13	12	10	210.0	2.0							14.1		12.9			
2026	8	13	12	0	250.0	2.0							14.1		12.8			
2026	8	13	11	50	260.0	3.0							14.4		13.1			
2026	8	13	11	40	300.0	3.0							14.3		13.0			
2026	8	13	11	30	250.0	3.0							14.2		12.8			
2026	8	13	11	20	270.0	2.0							14.2		12.7			
2026	8	13	11	10	250.0	3.0							14.4		12.9			
2026	8	13	11	0	250.0	3.0							14.4		12.8			
2026	8	13	10	50	260.0	3.0							14.6		12.9			
2026	8	13	10	40	240.0	2.0							14.7		13.0			
2026	8	13	10	30	260.0	1.0							14.7		12.9			
2026	8	13	10	20	230.0	1.0							14.7		12.9			
2026	8	13	10	10	260.0	2.0							14.8		13.0			
2026	8	13	10	0	240.0	1.0							15.0		13.1			
2026	8	13	9	50	250.0	2.0							15.1		13.2			
2026	8	13	9	40	250.0	2.0							15.2		13.2			
2026	8	13	9	30	230.0	1.0							15.1		13.0			
2026	8	13	9	20	230.0	2.0							15.2		13.1			
2026	8	13	9	10	250.0	2.0							15.3		13.2			
2026	8	13	9	0	280.0	3.0							15.3		13.1			
2026	8	13	8	50	270.0	3.0							15.4		13.1			
2026	8	13	8	40	270.0	3.0							15.6		13.3			
2026	8	13	8	30	260.0	4.0							15.6		13.3			
2026	8	13	8	20	230.0	3.0							15.8		13.3			
2026	8	13	8	10	270.0	3.0							15.9		13.4			
2026	8	13	8	0	270.0	3.0							16.0		13.4			
2026	8	13	7	50	260.0	3.0							16.2		13.5			
2026	8	13	7	40	270.0	3.0							16.2		13.5			
2026	8	13	7	30	290.0	4.0							16.3		13.5			
2026	8	13	7	20	280.0	4.0							16.5		13.5			
2026	8	13	7	10	270.0	5.0							16.7		13.7			
2026	8	13	7	0	270.0	4.0							16.9		13.8			
2026	8	13	6	50	260.0	5.0							17.1		13.8			
2026	8	13	6	40	280.0	4.0							17.4		13.9			
2026	8	13	6	30	270.0	5.0							17.6		14.2			
2026	8	13	6	20	280.0	4.0							17.8		14.2			
2026	8	13	6	10	280.0	4.0							18.1		14.2			
2026	8	13	6	0	270.0	3.0							18.2		14.2			
2026	8	13	5	50	270.0	4.0							18.5		14.2			
2026	8	13	5	40	270.0	4.0							18.8		14.3			
2026	8	13	5	30	280.0	4.0							19.0		14.4			
2026	8	13	5	20	280.0	4.0							19.4		14.6			
2026	8	13	5	10	290.0	5.0							19.7		14.5			
2026	8	13	5	0	290.0	5.0							19.9		14.7			
2026	8	13	4	50	280.0	4.0							20.2		14.7			
2026	8	13	4	40	280.0	5.0							20.5		14.7			
2026	8	13	4	30	280.0	4.0							20.8		14.8			
2026	8	13	4	20	280.0	4.0							21.1		14.6			
2026	8	13	4	10	280.0	5.0							21.6		14.6			
2026	8	13	4	0	290.0	5.0							21.8		14.7			
2026	8	13	3	50	280.0	4.0							22.1		14.8			
2026	8	13	3	40	290.0	5.0							22.2		14.9			
2026	8	13	3	30	290.0	5.0							22.4		15.0			
2026	8	13	3	20	300.0	4.0							22.8		15.0			
2026	8	13	3	10	310.0	4.0							23.2		15.3			
2026	8	13	3	0	350.0	3.0							23.0		15.7			
2026	8	13	2	50	350.0	4.0							22.5		16.0			
2026	8	13	2	40	20.0	3.0							22.4		15.7			
2026	8	13	2	30	100.0	2.0							22.8		15.5			
2026	8	13	2	20	100.0	3.0							22.6		15.5			
2026	8	13	2	10	120.0	3.0							22.8		15.8			
2026	8	13	2	0	110.0	3.0							21.5		16.0			
2026	8	13	1	50	120.0	3.0							21.6		15.6			
2026	8	13	1	40	110.0	3.0							22.5		15.7			
2026	8	13	1	30	110.0	2.0							22.5		15.6			
2026	8	13	1	20	40.0	1.0							23.4		16.0			
2026	8	13	1	10	310.0	2.0							23.2		16.9			
2026	8	13	1	0	140.0	3.0							22.0		16.0			
2026	8	13	0	50	140.0	3.0							21.9		15.7			
2026	8	13	0	40	160.0	2.0							22.1		16.2			
2026	8	13	0	30	170.0	2.0							20.9		15.7			
2026	8	13	0	20	170.0	2.0							21.7		15.9			
2026	8	13	0	10	140.0	2.0							21.4		16.0			
