/opt/ohpc/admin/lmod/lmod/init/bash: line 93: LD_LIBRARY_PATH: unbound variable
start 2026-09-27T11:55:05Z host n3453 sample=Dogfish_Bay_11 location=Dogfish_Bay
[M::bwa_idx_load_from_disk] read 0 ALT contigs
[M::process] read 1066668 sequences (160000200 bp)...
[M::process] read 1066668 sequences (160000200 bp)...
[M::mem_pestat] # candidate unique pairs for (FF, FR, RF, RR): (32, 224017, 59, 27)
[M::mem_pestat] analyzing insert size distribution for orientation FF...
[M::mem_pestat] (25, 50, 75) percentile: (311, 418, 1034)
[M::mem_pestat] low and high boundaries for computing mean and std.dev: (1, 2480)
[M::mem_pestat] mean and std.dev: (574.43, 417.38)
[M::mem_pestat] low and high boundaries for proper pairs: (1, 3203)
[M::mem_pestat] analyzing insert size distribution for orientation FR...
[M::mem_pestat] (25, 50, 75) percentile: (271, 354, 450)
[M::mem_pestat] low and high boundaries for computing mean and std.dev: (1, 808)
[M::mem_pestat] mean and std.dev: (360.59, 136.91)
[M::mem_pestat] low and high boundaries for proper pairs: (1, 987)
[M::mem_pestat] analyzing insert size distribution for orientation RF...
[M::mem_pestat] (25, 50, 75) percentile: (319, 949, 6449)
[M::mem_pestat] low and high boundaries for computing mean and std.dev: (1, 18709)
[M::mem_pestat] mean and std.dev: (2926.00, 3277.80)
[M::mem_pestat] low and high boundaries for proper pairs: (1, 24839)
[M::mem_pestat] analyzing insert size distribution for orientation RR...
[M::mem_pestat] (25, 50, 75) percentile: (376, 470, 928)
[M::mem_pestat] low and high boundaries for computing mean and std.dev: (1, 2032)
[M::mem_pestat] mean and std.dev: (493.45, 277.61)
[M::mem_pestat] low and high boundaries for proper pairs: (1, 2584)
[M::mem_pestat] skip orientation FF
[M::mem_pestat] skip orientation RF
[M::mem_pestat] skip orientation RR
[M::mem_process_seqs] Processed 1066668 reads in 856.974 CPU sec, 59.277 real sec
[M::process] read 1066668 sequences (160000200 bp)...
[M::mem_pestat] # candidate unique pairs for (FF, FR, RF, RR): (43, 226087, 67, 27)
[M::mem_pestat] analyzing insert size distribution for orientation FF...
[M::mem_pestat] (25, 50, 75) percentile: (420, 591, 1124)
[M::mem_pestat] low and high boundaries for computing mean and std.dev: (1, 2532)
[M::mem_pestat] mean and std.dev: (694.46, 512.74)
[M::mem_pestat] low and high boundaries for proper pairs: (1, 3236)
[M::mem_pestat] analyzing insert size distribution for orientation FR...
[M::mem_pestat] (25, 50, 75) percentile: (278, 362, 461)
[M::mem_pestat] low and high boundaries for computing mean and std.dev: (1, 827)
[M::mem_pestat] mean and std.dev: (369.07, 138.95)
[M::mem_pestat] low and high boundaries for proper pairs: (1, 1010)
[M::mem_pestat] analyzing insert size distribution for orientation RF...
[M::mem_pestat] (25, 50, 75) percentile: (360, 998, 5248)
[M::mem_pestat] low and high boundaries for computing mean and std.dev: (1, 15024)
[M::mem_pestat] mean and std.dev: (2597.36, 2841.63)
[M::mem_pestat] low and high boundaries for proper pairs: (1, 19912)
[M::mem_pestat] analyzing insert size distribution for orientation RR...
[M::mem_pestat] (25, 50, 75) percentile: (299, 1027, 3096)
[M::mem_pestat] low and high boundaries for computing mean and std.dev: (1, 8690)
[M::mem_pestat] mean and std.dev: (1609.08, 1939.74)
[M::mem_pestat] low and high boundaries for proper pairs: (1, 11487)
[M::mem_pestat] skip orientation FF
[M::mem_pestat] skip orientation RF
[M::mem_pestat] skip orientation RR
[M::mem_process_seqs] Processed 1066668 reads in 860.728 CPU sec, 64.701 real sec
[M::mem_pestat] # candidate unique pairs for (FF, FR, RF, RR): (43, 225518, 80, 26)
[M::mem_pestat] analyzing insert size distribution for orientation FF...
[M::mem_pestat] (25, 50, 75) percentile: (357, 508, 1082)
[M::mem_pestat] low and high boundaries for computing mean and std.dev: (1, 2532)
[M::mem_pestat] mean and std.dev: (584.81, 476.91)
[M::mem_pestat] low and high boundaries for proper pairs: (1, 3257)
[M::mem_pestat] analyzing insert size distribution for orientation FR...
[M::mem_pestat] (25, 50, 75) percentile: (273, 358, 458)
[M::mem_pestat] low and high boundaries for computing mean and std.dev: (1, 828)
[M::mem_pestat] mean and std.dev: (366.32, 140.58)
[M::mem_pestat] low and high boundaries for proper pairs: (1, 1013)
[M::mem_pestat] analyzing insert size distribution for orientation RF...
[M::mem_pestat] (25, 50, 75) percentile: (330, 992, 3391)
[M::mem_pestat] low and high boundaries for computing mean and std.dev: (1, 9513)
[M::mem_pestat] mean and std.dev: (2028.32, 2485.77)
[M::mem_pestat] low and high boundaries for proper pairs: (1, 12574)
[M::mem_pestat] analyzing insert size distribution for orientation RR...
[M::mem_pestat] (25, 50, 75) percentile: (133, 534, 860)
[M::mem_pestat] low and high boundaries for computing mean and std.dev: (1, 2314)
[M::mem_pestat] mean and std.dev: (356.25, 277.09)
[M::mem_pestat] low and high boundaries for proper pairs: (1, 3041)
[M::mem_pestat] skip orientation FF
[M::mem_pestat] skip orientation RF
[M::mem_pestat] skip orientation RR
[M::process] read 1066668 sequences (160000200 bp)...
[M::mem_process_seqs] Processed 1066668 reads in 872.919 CPU sec, 59.591 real sec
[M::mem_pestat] # candidate unique pairs for (FF, FR, RF, RR): (41, 224265, 73, 42)
[M::mem_pestat] analyzing insert size distribution for orientation FF...
[M::mem_pestat] (25, 50, 75) percentile: (232, 345, 1687)
[M::mem_pestat] low and high boundaries for computing mean and std.dev: (1, 4597)
[M::mem_pestat] mean and std.dev: (687.77, 935.25)
[M::mem_pestat] low and high boundaries for proper pairs: (1, 6052)
[M::mem_pestat] analyzing insert size distribution for orientation FR...
[M::mem_pestat] (25, 50, 75) percentile: (274, 359, 461)
[M::mem_pestat] low and high boundaries for computing mean and std.dev: (1, 835)
[M::mem_pestat] mean and std.dev: (368.90, 141.85)
[M::mem_pestat] low and high boundaries for proper pairs: (1, 1022)
[M::mem_pestat] analyzing insert size distribution for orientation RF...
[M::mem_pestat] (25, 50, 75) percentile: (295, 1210, 4513)
[M::mem_pestat] low and high boundaries for computing mean and std.dev: (1, 12949)
[M::mem_pestat] mean and std.dev: (2519.48, 2727.06)
[M::mem_pestat] low and high boundaries for proper pairs: (1, 17167)
[M::mem_pestat] analyzing insert size distribution for orientation RR...
[M::mem_pestat] (25, 50, 75) percentile: (265, 426, 906)
[M::mem_pestat] low and high boundaries for computing mean and std.dev: (1, 2188)
[M::mem_pestat] mean and std.dev: (531.38, 436.63)
[M::mem_pestat] low and high boundaries for proper pairs: (1, 2829)
[M::mem_pestat] skip orientation FF
[M::mem_pestat] skip orientation RF
[M::mem_pestat] skip orientation RR
[M::process] read 1066668 sequences (160000200 bp)...
[M::mem_process_seqs] Processed 1066668 reads in 870.723 CPU sec, 58.906 real sec
[M::mem_pestat] # candidate unique pairs for (FF, FR, RF, RR): (31, 225846, 73, 43)
[M::mem_pestat] analyzing insert size distribution for orientation FF...
[M::mem_pestat] (25, 50, 75) percentile: (250, 490, 1018)
[M::mem_pestat] low and high boundaries for computing mean and std.dev: (1, 2554)
[M::mem_pestat] mean and std.dev: (663.79, 708.62)
[M::mem_pestat] low and high boundaries for proper pairs: (1, 3498)
[M::mem_pestat] analyzing insert size distribution for orientation FR...
[M::mem_pestat] (25, 50, 75) percentile: (272, 357, 457)
[M::mem_pestat] low and high boundaries for computing mean and std.dev: (1, 827)
[M::mem_pestat] mean and std.dev: (365.48, 139.98)
[M::mem_pestat] low and high boundaries for proper pairs: (1, 1012)
[M::mem_pestat] analyzing insert size distribution for orientation RF...
[M::mem_pestat] (25, 50, 75) percentile: (314, 1323, 5872)
[M::mem_pestat] low and high boundaries for computing mean and std.dev: (1, 16988)
[M::mem_pestat] mean and std.dev: (2754.90, 3114.77)
[M::mem_pestat] low and high boundaries for proper pairs: (1, 22546)
[M::mem_pestat] analyzing insert size distribution for orientation RR...
[M::mem_pestat] (25, 50, 75) percentile: (217, 420, 964)
[M::mem_pestat] low and high boundaries for computing mean and std.dev: (1, 2458)
[M::mem_pestat] mean and std.dev: (557.00, 415.48)
[M::mem_pestat] low and high boundaries for proper pairs: (1, 3205)
[M::mem_pestat] skip orientation FF
[M::mem_pestat] skip orientation RF
[M::mem_pestat] skip orientation RR
[M::process] read 1066668 sequences (160000200 bp)...
[M::mem_process_seqs] Processed 1066668 reads in 857.394 CPU sec, 57.547 real sec
[M::mem_pestat] # candidate unique pairs for (FF, FR, RF, RR): (26, 224552, 78, 42)
[M::mem_pestat] analyzing insert size distribution for orientation FF...
[M::mem_pestat] (25, 50, 75) percentile: (159, 345, 663)
[M::mem_pestat] low and high boundaries for computing mean and std.dev: (1, 1671)
[M::mem_pestat] mean and std.dev: (353.52, 296.10)
[M::mem_pestat] low and high boundaries for proper pairs: (1, 2175)
[M::mem_pestat] analyzing insert size distribution for orientation FR...
[M::mem_pestat] (25, 50, 75) percentile: (272, 356, 457)
[M::mem_pestat] low and high boundaries for computing mean and std.dev: (1, 827)
[M::mem_pestat] mean and std.dev: (364.80, 139.89)
[M::mem_pestat] low and high boundaries for proper pairs: (1, 1012)
[M::mem_pestat] analyzing insert size distribution for orientation RF...
[M::mem_pestat] (25, 50, 75) percentile: (182, 1626, 6200)
[M::mem_pestat] low and high boundaries for computing mean and std.dev: (1, 18236)
[M::mem_pestat] mean and std.dev: (3161.99, 3222.30)
[M::mem_pestat] low and high boundaries for proper pairs: (1, 24254)
[M::mem_pestat] analyzing insert size distribution for orientation RR...
[M::mem_pestat] (25, 50, 75) percentile: (268, 646, 1933)
[M::mem_pestat] low and high boundaries for computing mean and std.dev: (1, 5263)
[M::mem_pestat] mean and std.dev: (1092.56, 1094.13)
[M::mem_pestat] low and high boundaries for proper pairs: (1, 6928)
[M::mem_pestat] skip orientation FF
[M::mem_pestat] skip orientation RF
[M::mem_pestat] skip orientation RR
[M::process] read 1066668 sequences (160000200 bp)...
[M::mem_process_seqs] Processed 1066668 reads in 903.879 CPU sec, 60.441 real sec
[M::mem_pestat] # candidate unique pairs for (FF, FR, RF, RR): (36, 225039, 74, 28)
[M::mem_pestat] analyzing insert size distribution for orientation FF...
[M::mem_pestat] (25, 50, 75) percentile: (428, 602, 1432)
[M::mem_pestat] low and high boundaries for computing mean and std.dev: (1, 3440)
[M::mem_pestat] mean and std.dev: (810.42, 609.42)
[M::mem_pestat] low and high boundaries for proper pairs: (1, 4444)
[M::mem_pestat] analyzing insert size distribution for orientation FR...
[M::mem_pestat] (25, 50, 75) percentile: (269, 351, 452)
[M::mem_pestat] low and high boundaries for computing mean and std.dev: (1, 818)
[M::mem_pestat] mean and std.dev: (361.05, 138.76)
[M::mem_pestat] low and high boundaries for proper pairs: (1, 1001)
[M::mem_pestat] analyzing insert size distribution for orientation RF...
[M::mem_pestat] (25, 50, 75) percentile: (569, 1476, 4539)
[M::mem_pestat] low and high boundaries for computing mean and std.dev: (1, 12479)
[M::mem_pestat] mean and std.dev: (2835.57, 2805.58)
[M::mem_pestat] low and high boundaries for proper pairs: (1, 16449)
[M::mem_pestat] analyzing insert size distribution for orientation RR...
[M::mem_pestat] (25, 50, 75) percentile: (212, 449, 1175)
[M::mem_pestat] low and high boundaries for computing mean and std.dev: (1, 3101)
[M::mem_pestat] mean and std.dev: (616.88, 583.19)
[M::mem_pestat] low and high boundaries for proper pairs: (1, 4064)
[M::mem_pestat] skip orientation FF
[M::mem_pestat] skip orientation RF
[M::mem_pestat] skip orientation RR
[M::process] read 1066668 sequences (160000200 bp)...
[M::mem_process_seqs] Processed 1066668 reads in 883.798 CPU sec, 62.094 real sec
[M::mem_pestat] # candidate unique pairs for (FF, FR, RF, RR): (34, 225030, 84, 41)
[M::mem_pestat] analyzing insert size distribution for orientation FF...
[M::mem_pestat] (25, 50, 75) percentile: (236, 441, 1673)
[M::mem_pestat] low and high boundaries for computing mean and std.dev: (1, 4547)
[M::mem_pestat] mean and std.dev: (738.94, 738.69)
[M::mem_pestat] low and high boundaries for proper pairs: (1, 5984)
[M::mem_pestat] analyzing insert size distribution for orientation FR...
[M::mem_pestat] (25, 50, 75) percentile: (269, 353, 454)
[M::mem_pestat] low and high boundaries for computing mean and std.dev: (1, 824)
[M::mem_pestat] mean and std.dev: (362.78, 139.93)
[M::mem_pestat] low and high boundaries for proper pairs: (1, 1009)
[M::mem_pestat] analyzing insert size distribution for orientation RF...
[M::mem_pestat] (25, 50, 75) percentile: (159, 1134, 5640)
[M::mem_pestat] low and high boundaries for computing mean and std.dev: (1, 16602)
[M::mem_pestat] mean and std.dev: (2847.17, 3455.95)
[M::mem_pestat] low and high boundaries for proper pairs: (1, 22083)
[M::mem_pestat] analyzing insert size distribution for orientation RR...
[M::mem_pestat] (25, 50, 75) percentile: (241, 637, 2658)
[M::mem_pestat] low and high boundaries for computing mean and std.dev: (1, 7492)
[M::mem_pestat] mean and std.dev: (1511.46, 1707.88)
[M::mem_pestat] low and high boundaries for proper pairs: (1, 9909)
[M::mem_pestat] skip orientation FF
[M::mem_pestat] skip orientation RF
[M::mem_pestat] skip orientation RR
[M::process] read 1066668 sequences (160000200 bp)...
[M::mem_process_seqs] Processed 1066668 reads in 878.525 CPU sec, 61.363 real sec
[M::mem_pestat] # candidate unique pairs for (FF, FR, RF, RR): (33, 223849, 78, 55)
[M::mem_pestat] analyzing insert size distribution for orientation FF...
[M::mem_pestat] (25, 50, 75) percentile: (237, 345, 1369)
[M::mem_pestat] low and high boundaries for computing mean and std.dev: (1, 3633)
[M::mem_pestat] mean and std.dev: (546.79, 608.38)
[M::mem_pestat] low and high boundaries for proper pairs: (1, 4765)
[M::mem_pestat] analyzing insert size distribution for orientation FR...
[M::mem_pestat] (25, 50, 75) percentile: (269, 355, 455)
[M::mem_pestat] low and high boundaries for computing mean and std.dev: (1, 827)
[M::mem_pestat] mean and std.dev: (363.06, 140.10)
[M::mem_pestat] low and high boundaries for proper pairs: (1, 1013)
[M::mem_pestat] analyzing insert size distribution for orientation RF...
[M::mem_pestat] (25, 50, 75) percentile: (146, 872, 5346)
[M::mem_pestat] low and high boundaries for computing mean and std.dev: (1, 15746)
[M::mem_pestat] mean and std.dev: (2757.68, 3098.45)
[M::mem_pestat] low and high boundaries for proper pairs: (1, 20946)
[M::mem_pestat] analyzing insert size distribution for orientation RR...
[M::mem_pestat] (25, 50, 75) percentile: (263, 531, 1290)
[M::mem_pestat] low and high boundaries for computing mean and std.dev: (1, 3344)
[M::mem_pestat] mean and std.dev: (651.87, 566.07)
[M::mem_pestat] low and high boundaries for proper pairs: (1, 4371)
[M::mem_pestat] skip orientation FF
[M::mem_pestat] skip orientation RF
[M::mem_pestat] skip orientation RR
[M::process] read 1066668 sequences (160000200 bp)...
[M::mem_process_seqs] Processed 1066668 reads in 891.314 CPU sec, 67.451 real sec
[M::mem_pestat] # candidate unique pairs for (FF, FR, RF, RR): (37, 225757, 83, 37)
[M::mem_pestat] analyzing insert size distribution for orientation FF...
[M::mem_pestat] (25, 50, 75) percentile: (296, 511, 1593)
[M::mem_pestat] low and high boundaries for computing mean and std.dev: (1, 4187)
[M::mem_pestat] mean and std.dev: (880.65, 882.32)
[M::mem_pestat] low and high boundaries for proper pairs: (1, 5484)
[M::mem_pestat] analyzing insert size distribution for orientation FR...
[M::mem_pestat] (25, 50, 75) percentile: (277, 365, 466)
[M::mem_pestat] low and high boundaries for computing mean and std.dev: (1, 844)
[M::mem_pestat] mean and std.dev: (371.85, 142.28)
[M::mem_pestat] low and high boundaries for proper pairs: (1, 1033)
[M::mem_pestat] analyzing insert size distribution for orientation RF...
[M::mem_pestat] (25, 50, 75) percentile: (499, 1211, 5040)
[M::mem_pestat] low and high boundaries for computing mean and std.dev: (1, 14122)
[M::mem_pestat] mean and std.dev: (2820.48, 3137.17)
[M::mem_pestat] low and high boundaries for proper pairs: (1, 18663)
[M::mem_pestat] analyzing insert size distribution for orientation RR...
[M::mem_pestat] (25, 50, 75) percentile: (286, 359, 1432)
[M::mem_pestat] low and high boundaries for computing mean and std.dev: (1, 3724)
[M::mem_pestat] mean and std.dev: (495.65, 502.27)
[M::mem_pestat] low and high boundaries for proper pairs: (1, 4870)
[M::mem_pestat] skip orientation FF
[M::mem_pestat] skip orientation RF
[M::mem_pestat] skip orientation RR
[M::process] read 1066668 sequences (160000200 bp)...
[M::mem_process_seqs] Processed 1066668 reads in 861.209 CPU sec, 60.180 real sec
[M::mem_pestat] # candidate unique pairs for (FF, FR, RF, RR): (49, 224853, 94, 33)
[M::mem_pestat] analyzing insert size distribution for orientation FF...
[M::mem_pestat] (25, 50, 75) percentile: (296, 398, 762)
[M::mem_pestat] low and high boundaries for computing mean and std.dev: (1, 1694)
[M::mem_pestat] mean and std.dev: (469.74, 378.55)
[M::mem_pestat] low and high boundaries for proper pairs: (1, 2160)
[M::mem_pestat] analyzing insert size distribution for orientation FR...
[M::mem_pestat] (25, 50, 75) percentile: (279, 365, 469)
[M::mem_pestat] low and high boundaries for computing mean and std.dev: (1, 849)
[M::mem_pestat] mean and std.dev: (374.15, 143.59)
[M::mem_pestat] low and high boundaries for proper pairs: (1, 1039)
[M::mem_pestat] analyzing insert size distribution for orientation RF...
[M::mem_pestat] (25, 50, 75) percentile: (403, 1173, 5927)
[M::mem_pestat] low and high boundaries for computing mean and std.dev: (1, 16975)
[M::mem_pestat] mean and std.dev: (2735.94, 2877.76)
[M::mem_pestat] low and high boundaries for proper pairs: (1, 22499)
[M::mem_pestat] analyzing insert size distribution for orientation RR...
[M::mem_pestat] (25, 50, 75) percentile: (308, 910, 2997)
[M::mem_pestat] low and high boundaries for computing mean and std.dev: (1, 8375)
[M::mem_pestat] mean and std.dev: (1723.21, 1944.89)
[M::mem_pestat] low and high boundaries for proper pairs: (1, 11064)
[M::mem_pestat] skip orientation FF
[M::mem_pestat] skip orientation RF
[M::mem_pestat] skip orientation RR
[M::process] read 1066668 sequences (160000200 bp)...
[M::mem_process_seqs] Processed 1066668 reads in 871.374 CPU sec, 61.214 real sec
[M::mem_pestat] # candidate unique pairs for (FF, FR, RF, RR): (30, 225428, 71, 36)
[M::mem_pestat] analyzing insert size distribution for orientation FF...
[M::mem_pestat] (25, 50, 75) percentile: (180, 415, 1026)
[M::mem_pestat] low and high boundaries for computing mean and std.dev: (1, 2718)
[M::mem_pestat] mean and std.dev: (394.67, 342.19)
[M::mem_pestat] low and high boundaries for proper pairs: (1, 3564)
[M::mem_pestat] analyzing insert size distribution for orientation FR...
[M::mem_pestat] (25, 50, 75) percentile: (274, 361, 465)
[M::mem_pestat] low and high boundaries for computing mean and std.dev: (1, 847)
[M::mem_pestat] mean and std.dev: (370.25, 144.01)
[M::mem_pestat] low and high boundaries for proper pairs: (1, 1038)
[M::mem_pestat] analyzing insert size distribution for orientation RF...
[M::mem_pestat] (25, 50, 75) percentile: (155, 491, 2498)
[M::mem_pestat] low and high boundaries for computing mean and std.dev: (1, 7184)
[M::mem_pestat] mean and std.dev: (1603.75, 2175.14)
[M::mem_pestat] low and high boundaries for proper pairs: (1, 10304)
[M::mem_pestat] analyzing insert size distribution for orientation RR...
[M::mem_pestat] (25, 50, 75) percentile: (259, 649, 4612)
[M::mem_pestat] low and high boundaries for computing mean and std.dev: (1, 13318)
[M::mem_pestat] mean and std.dev: (2158.58, 2784.61)
[M::mem_pestat] low and high boundaries for proper pairs: (1, 17671)
[M::mem_pestat] skip orientation FF
[M::mem_pestat] skip orientation RF
[M::mem_pestat] skip orientation RR
[M::process] read 1066668 sequences (160000200 bp)...
[M::mem_process_seqs] Processed 1066668 reads in 879.582 CPU sec, 66.708 real sec
[M::mem_pestat] # candidate unique pairs for (FF, FR, RF, RR): (23, 226132, 90, 39)
[M::mem_pestat] analyzing insert size distribution for orientation FF...
[M::mem_pestat] (25, 50, 75) percentile: (396, 587, 1041)
[M::mem_pestat] low and high boundaries for computing mean and std.dev: (1, 2331)
[M::mem_pestat] mean and std.dev: (519.28, 270.07)
[M::mem_pestat] low and high boundaries for proper pairs: (1, 2976)
[M::mem_pestat] analyzing insert size distribution for orientation FR...
[M::mem_pestat] (25, 50, 75) percentile: (275, 360, 464)
[M::mem_pestat] low and high boundaries for computing mean and std.dev: (1, 842)
[M::mem_pestat] mean and std.dev: (369.77, 142.73)
[M::mem_pestat] low and high boundaries for proper pairs: (1, 1031)
[M::mem_pestat] analyzing insert size distribution for orientation RF...
[M::mem_pestat] (25, 50, 75) percentile: (228, 940, 2477)
[M::mem_pestat] low and high boundaries for computing mean and std.dev: (1, 6975)
[M::mem_pestat] mean and std.dev: (1509.16, 1773.33)
[M::mem_pestat] low and high boundaries for proper pairs: (1, 9224)
[M::mem_pestat] analyzing insert size distribution for orientation RR...
[M::mem_pestat] (25, 50, 75) percentile: (280, 344, 722)
[M::mem_pestat] low and high boundaries for computing mean and std.dev: (1, 1606)
[M::mem_pestat] mean and std.dev: (410.82, 299.43)
[M::mem_pestat] low and high boundaries for proper pairs: (1, 2048)
[M::mem_pestat] skip orientation FF
[M::mem_pestat] skip orientation RF
[M::mem_pestat] skip orientation RR
[M::process] read 1066668 sequences (160000200 bp)...
[M::mem_process_seqs] Processed 1066668 reads in 881.860 CPU sec, 59.042 real sec
[M::mem_pestat] # candidate unique pairs for (FF, FR, RF, RR): (17, 225421, 74, 33)
[M::mem_pestat] analyzing insert size distribution for orientation FF...
[M::mem_pestat] (25, 50, 75) percentile: (226, 282, 864)
[M::mem_pestat] low and high boundaries for computing mean and std.dev: (1, 2140)
[M::mem_pestat] mean and std.dev: (484.56, 379.93)
[M::mem_pestat] low and high boundaries for proper pairs: (1, 2778)
[M::mem_pestat] analyzing insert size distribution for orientation FR...
[M::mem_pestat] (25, 50, 75) percentile: (274, 359, 462)
[M::mem_pestat] low and high boundaries for computing mean and std.dev: (1, 838)
[M::mem_pestat] mean and std.dev: (368.20, 141.22)
[M::mem_pestat] low and high boundaries for proper pairs: (1, 1026)
[M::mem_pestat] analyzing insert size distribution for orientation RF...
[M::mem_pestat] (25, 50, 75) percentile: (348, 1013, 4081)
[M::mem_pestat] low and high boundaries for computing mean and std.dev: (1, 11547)
[M::mem_pestat] mean and std.dev: (2581.95, 3139.48)
[M::mem_pestat] low and high boundaries for proper pairs: (1, 15280)
[M::mem_pestat] analyzing insert size distribution for orientation RR...
[M::mem_pestat] (25, 50, 75) percentile: (293, 422, 3360)
[M::mem_pestat] low and high boundaries for computing mean and std.dev: (1, 9494)
[M::mem_pestat] mean and std.dev: (1732.18, 2160.48)
[M::mem_pestat] low and high boundaries for proper pairs: (1, 12561)
[M::mem_pestat] skip orientation FF
[M::mem_pestat] skip orientation RF
[M::mem_pestat] skip orientation RR
[M::process] read 1066668 sequences (160000200 bp)...
[M::mem_process_seqs] Processed 1066668 reads in 877.401 CPU sec, 59.447 real sec
[M::mem_pestat] # candidate unique pairs for (FF, FR, RF, RR): (29, 225382, 85, 26)
[M::mem_pestat] analyzing insert size distribution for orientation FF...
[M::mem_pestat] (25, 50, 75) percentile: (250, 517, 1272)
[M::mem_pestat] low and high boundaries for computing mean and std.dev: (1, 3316)
[M::mem_pestat] mean and std.dev: (719.69, 727.71)
[M::mem_pestat] low and high boundaries for proper pairs: (1, 4338)
[M::mem_pestat] analyzing insert size distribution for orientation FR...
[M::mem_pestat] (25, 50, 75) percentile: (272, 357, 461)
[M::mem_pestat] low and high boundaries for computing mean and std.dev: (1, 839)
[M::mem_pestat] mean and std.dev: (367.30, 142.06)
[M::mem_pestat] low and high boundaries for proper pairs: (1, 1028)
[M::mem_pestat] analyzing insert size distribution for orientation RF...
[M::mem_pestat] (25, 50, 75) percentile: (320, 1019, 4410)
[M::mem_pestat] low and high boundaries for computing mean and std.dev: (1, 12590)
[M::mem_pestat] mean and std.dev: (2379.40, 2811.81)
[M::mem_pestat] low and high boundaries for proper pairs: (1, 16680)
[M::mem_pestat] analyzing insert size distribution for orientation RR...
[M::mem_pestat] (25, 50, 75) percentile: (298, 475, 1247)
[M::mem_pestat] low and high boundaries for computing mean and std.dev: (1, 3145)
[M::mem_pestat] mean and std.dev: (730.75, 677.43)
[M::mem_pestat] low and high boundaries for proper pairs: (1, 4094)
[M::mem_pestat] skip orientation FF
[M::mem_pestat] skip orientation RF
[M::mem_pestat] skip orientation RR
[M::process] read 1066668 sequences (160000200 bp)...
[M::mem_process_seqs] Processed 1066668 reads in 879.806 CPU sec, 58.501 real sec
[M::mem_pestat] # candidate unique pairs for (FF, FR, RF, RR): (38, 223788, 75, 25)
[M::mem_pestat] analyzing insert size distribution for orientation FF...
[M::mem_pestat] (25, 50, 75) percentile: (181, 425, 1008)
[M::mem_pestat] low and high boundaries for computing mean and std.dev: (1, 2662)
[M::mem_pestat] mean and std.dev: (632.26, 612.17)
[M::mem_pestat] low and high boundaries for proper pairs: (1, 3489)
[M::mem_pestat] analyzing insert size distribution for orientation FR...
[M::mem_pestat] (25, 50, 75) percentile: (270, 355, 458)
[M::mem_pestat] low and high boundaries for computing mean and std.dev: (1, 834)
[M::mem_pestat] mean and std.dev: (364.83, 141.90)
[M::mem_pestat] low and high boundaries for proper pairs: (1, 1022)
[M::mem_pestat] analyzing insert size distribution for orientation RF...
[M::mem_pestat] (25, 50, 75) percentile: (689, 1360, 6139)
[M::mem_pestat] low and high boundaries for computing mean and std.dev: (1, 17039)
[M::mem_pestat] mean and std.dev: (3322.29, 3265.94)
[M::mem_pestat] low and high boundaries for proper pairs: (1, 22489)
[M::mem_pestat] analyzing insert size distribution for orientation RR...
[M::mem_pestat] (25, 50, 75) percentile: (241, 385, 579)
[M::mem_pestat] low and high boundaries for computing mean and std.dev: (1, 1255)
[M::mem_pestat] mean and std.dev: (356.10, 147.54)
[M::mem_pestat] low and high boundaries for proper pairs: (1, 1593)
[M::mem_pestat] skip orientation FF
[M::mem_pestat] skip orientation RF
[M::mem_pestat] skip orientation RR
[M::process] read 1066668 sequences (160000200 bp)...
[M::mem_process_seqs] Processed 1066668 reads in 888.545 CPU sec, 60.541 real sec
[M::mem_pestat] # candidate unique pairs for (FF, FR, RF, RR): (33, 224577, 65, 34)
[M::mem_pestat] analyzing insert size distribution for orientation FF...
[M::mem_pestat] (25, 50, 75) percentile: (203, 351, 827)
[M::mem_pestat] low and high boundaries for computing mean and std.dev: (1, 2075)
[M::mem_pestat] mean and std.dev: (535.91, 460.96)
[M::mem_pestat] low and high boundaries for proper pairs: (1, 2699)
[M::mem_pestat] analyzing insert size distribution for orientation FR...
[M::mem_pestat] (25, 50, 75) percentile: (269, 353, 454)
[M::mem_pestat] low and high boundaries for computing mean and std.dev: (1, 824)
[M::mem_pestat] mean and std.dev: (362.39, 139.97)
[M::mem_pestat] low and high boundaries for proper pairs: (1, 1009)
[M::mem_pestat] analyzing insert size distribution for orientation RF...
[M::mem_pestat] (25, 50, 75) percentile: (220, 1018, 7752)
[M::mem_pestat] low and high boundaries for computing mean and std.dev: (1, 22816)
[M::mem_pestat] mean and std.dev: (3240.45, 3640.52)
[M::mem_pestat] low and high boundaries for proper pairs: (1, 30348)
[M::mem_pestat] analyzing insert size distribution for orientation RR...
[M::mem_pestat] (25, 50, 75) percentile: (274, 923, 2214)
[M::mem_pestat] low and high boundaries for computing mean and std.dev: (1, 6094)
[M::mem_pestat] mean and std.dev: (1673.53, 1823.41)
[M::mem_pestat] low and high boundaries for proper pairs: (1, 8967)
[M::mem_pestat] skip orientation FF
[M::mem_pestat] skip orientation RF
[M::mem_pestat] skip orientation RR
[M::process] read 1066668 sequences (160000200 bp)...
[M::mem_process_seqs] Processed 1066668 reads in 898.645 CPU sec, 60.673 real sec
[M::mem_pestat] # candidate unique pairs for (FF, FR, RF, RR): (40, 223599, 63, 49)
[M::mem_pestat] analyzing insert size distribution for orientation FF...
[M::mem_pestat] (25, 50, 75) percentile: (315, 747, 1832)
[M::mem_pestat] low and high boundaries for computing mean and std.dev: (1, 4866)
[M::mem_pestat] mean and std.dev: (1242.26, 1231.16)
[M::mem_pestat] low and high boundaries for proper pairs: (1, 6383)
[M::mem_pestat] analyzing insert size distribution for orientation FR...
[M::mem_pestat] (25, 50, 75) percentile: (271, 358, 459)
[M::mem_pestat] low and high boundaries for computing mean and std.dev: (1, 835)
[M::mem_pestat] mean and std.dev: (365.35, 142.70)
[M::mem_pestat] low and high boundaries for proper pairs: (1, 1023)
[M::mem_pestat] analyzing insert size distribution for orientation RF...
[M::mem_pestat] (25, 50, 75) percentile: (687, 1134, 4848)
[M::mem_pestat] low and high boundaries for computing mean and std.dev: (1, 13170)
[M::mem_pestat] mean and std.dev: (2762.17, 3128.65)
[M::mem_pestat] low and high boundaries for proper pairs: (1, 17331)
[M::mem_pestat] analyzing insert size distribution for orientation RR...
[M::mem_pestat] (25, 50, 75) percentile: (305, 429, 1329)
[M::mem_pestat] low and high boundaries for computing mean and std.dev: (1, 3377)
[M::mem_pestat] mean and std.dev: (794.83, 724.35)
[M::mem_pestat] low and high boundaries for proper pairs: (1, 4401)
[M::mem_pestat] skip orientation FF
[M::mem_pestat] skip orientation RF
[M::mem_pestat] skip orientation RR
[M::process] read 1066668 sequences (160000200 bp)...
[M::mem_process_seqs] Processed 1066668 reads in 874.701 CPU sec, 58.083 real sec
[M::mem_pestat] # candidate unique pairs for (FF, FR, RF, RR): (44, 225089, 100, 33)
[M::mem_pestat] analyzing insert size distribution for orientation FF...
[M::mem_pestat] (25, 50, 75) percentile: (194, 276, 1054)
[M::mem_pestat] low and high boundaries for computing mean and std.dev: (1, 2774)
[M::mem_pestat] mean and std.dev: (567.95, 582.67)
[M::mem_pestat] low and high boundaries for proper pairs: (1, 3634)
[M::mem_pestat] analyzing insert size distribution for orientation FR...
[M::mem_pestat] (25, 50, 75) percentile: (277, 365, 467)
[M::mem_pestat] low and high boundaries for computing mean and std.dev: (1, 847)
[M::mem_pestat] mean and std.dev: (372.53, 143.13)
[M::mem_pestat] low and high boundaries for proper pairs: (1, 1037)
[M::mem_pestat] analyzing insert size distribution for orientation RF...
[M::mem_pestat] (25, 50, 75) percentile: (326, 1942, 6285)
[M::mem_pestat] low and high boundaries for computing mean and std.dev: (1, 18203)
[M::mem_pestat] mean and std.dev: (3014.86, 2982.44)
[M::mem_pestat] low and high boundaries for proper pairs: (1, 24162)
[M::mem_pestat] analyzing insert size distribution for orientation RR...
[M::mem_pestat] (25, 50, 75) percentile: (141, 157, 501)
[M::mem_pestat] low and high boundaries for computing mean and std.dev: (1, 1221)
[M::mem_pestat] mean and std.dev: (227.59, 149.45)
[M::mem_pestat] low and high boundaries for proper pairs: (1, 1581)
[M::mem_pestat] skip orientation FF
[M::mem_pestat] skip orientation RF
[M::mem_pestat] skip orientation RR
[M::mem_process_seqs] Processed 1066668 reads in 866.240 CPU sec, 59.209 real sec
[M::process] read 1066668 sequences (160000200 bp)...
[M::mem_pestat] # candidate unique pairs for (FF, FR, RF, RR): (54, 225408, 67, 41)
[M::mem_pestat] analyzing insert size distribution for orientation FF...
[M::mem_pestat] (25, 50, 75) percentile: (193, 348, 813)
[M::mem_pestat] low and high boundaries for computing mean and std.dev: (1, 2053)
[M::mem_pestat] mean and std.dev: (473.69, 370.27)
[M::mem_pestat] low and high boundaries for proper pairs: (1, 2673)
[M::mem_pestat] analyzing insert size distribution for orientation FR...
[M::mem_pestat] (25, 50, 75) percentile: (269, 355, 456)
[M::mem_pestat] low and high boundaries for computing mean and std.dev: (1, 830)
[M::mem_pestat] mean and std.dev: (363.25, 140.81)
[M::mem_pestat] low and high boundaries for proper pairs: (1, 1017)
[M::mem_pestat] analyzing insert size distribution for orientation RF...
[M::mem_pestat] (25, 50, 75) percentile: (215, 1015, 3638)
[M::mem_pestat] low and high boundaries for computing mean and std.dev: (1, 10484)
[M::mem_pestat] mean and std.dev: (2171.79, 2555.43)
[M::mem_pestat] low and high boundaries for proper pairs: (1, 13907)
[M::mem_pestat] analyzing insert size distribution for orientation RR...
[M::mem_pestat] (25, 50, 75) percentile: (292, 542, 2415)
[M::mem_pestat] low and high boundaries for computing mean and std.dev: (1, 6661)
[M::mem_pestat] mean and std.dev: (1105.64, 1304.47)
[M::mem_pestat] low and high boundaries for proper pairs: (1, 8784)
[M::mem_pestat] skip orientation FF
[M::mem_pestat] skip orientation RF
[M::mem_pestat] skip orientation RR
[M::process] read 1066668 sequences (160000200 bp)...
[M::mem_process_seqs] Processed 1066668 reads in 868.665 CPU sec, 56.840 real sec
[M::mem_pestat] # candidate unique pairs for (FF, FR, RF, RR): (30, 225564, 82, 41)
[M::mem_pestat] analyzing insert size distribution for orientation FF...
[M::mem_pestat] (25, 50, 75) percentile: (262, 613, 1164)
[M::mem_pestat] low and high boundaries for computing mean and std.dev: (1, 2968)
[M::mem_pestat] mean and std.dev: (688.19, 610.92)
[M::mem_pestat] low and high boundaries for proper pairs: (1, 3870)
[M::mem_pestat] analyzing insert size distribution for orientation FR...
[M::mem_pestat] (25, 50, 75) percentile: (270, 355, 458)
[M::mem_pestat] low and high boundaries for computing mean and std.dev: (1, 834)
[M::mem_pestat] mean and std.dev: (364.52, 142.36)
[M::mem_pestat] low and high boundaries for proper pairs: (1, 1022)
[M::mem_pestat] analyzing insert size distribution for orientation RF...
[M::mem_pestat] (25, 50, 75) percentile: (100, 732, 3736)
[M::mem_pestat] low and high boundaries for computing mean and std.dev: (1, 11008)
[M::mem_pestat] mean and std.dev: (2107.63, 2686.35)
[M::mem_pestat] low and high boundaries for proper pairs: (1, 14644)
[M::mem_pestat] analyzing insert size distribution for orientation RR...
[M::mem_pestat] (25, 50, 75) percentile: (254, 311, 1287)
[M::mem_pestat] low and high boundaries for computing mean and std.dev: (1, 3353)
[M::mem_pestat] mean and std.dev: (624.78, 788.52)
[M::mem_pestat] low and high boundaries for proper pairs: (1, 4386)
[M::mem_pestat] skip orientation FF
[M::mem_pestat] skip orientation RF
[M::mem_pestat] skip orientation RR
[M::process] read 1066668 sequences (160000200 bp)...
[M::mem_process_seqs] Processed 1066668 reads in 880.550 CPU sec, 59.308 real sec
[M::mem_pestat] # candidate unique pairs for (FF, FR, RF, RR): (24, 225345, 79, 34)
[M::mem_pestat] analyzing insert size distribution for orientation FF...
[M::mem_pestat] (25, 50, 75) percentile: (204, 438, 909)
[M::mem_pestat] low and high boundaries for computing mean and std.dev: (1, 2319)
[M::mem_pestat] mean and std.dev: (457.52, 391.50)
[M::mem_pestat] low and high boundaries for proper pairs: (1, 3024)
[M::mem_pestat] analyzing insert size distribution for orientation FR...
[M::mem_pestat] (25, 50, 75) percentile: (271, 357, 460)
[M::mem_pestat] low and high boundaries for computing mean and std.dev: (1, 838)
[M::mem_pestat] mean and std.dev: (366.37, 142.46)
[M::mem_pestat] low and high boundaries for proper pairs: (1, 1027)
[M::mem_pestat] analyzing insert size distribution for orientation RF...
[M::mem_pestat] (25, 50, 75) percentile: (447, 1698, 4739)
[M::mem_pestat] low and high boundaries for computing mean and std.dev: (1, 13323)
[M::mem_pestat] mean and std.dev: (2988.91, 3223.30)
[M::mem_pestat] low and high boundaries for proper pairs: (1, 17615)
[M::mem_pestat] analyzing insert size distribution for orientation RR...
[M::mem_pestat] (25, 50, 75) percentile: (184, 463, 936)
[M::mem_pestat] low and high boundaries for computing mean and std.dev: (1, 2440)
[M::mem_pestat] mean and std.dev: (556.06, 557.00)
[M::mem_pestat] low and high boundaries for proper pairs: (1, 3192)
[M::mem_pestat] skip orientation FF
[M::mem_pestat] skip orientation RF
[M::mem_pestat] skip orientation RR
[M::process] read 1066668 sequences (160000200 bp)...
[M::mem_process_seqs] Processed 1066668 reads in 881.186 CPU sec, 58.761 real sec
[M::mem_pestat] # candidate unique pairs for (FF, FR, RF, RR): (26, 224888, 81, 32)
[M::mem_pestat] analyzing insert size distribution for orientation FF...
[M::mem_pestat] (25, 50, 75) percentile: (231, 452, 1164)
[M::mem_pestat] low and high boundaries for computing mean and std.dev: (1, 3030)
[M::mem_pestat] mean and std.dev: (513.64, 453.38)
[M::mem_pestat] low and high boundaries for proper pairs: (1, 3963)
[M::mem_pestat] analyzing insert size distribution for orientation FR...
[M::mem_pestat] (25, 50, 75) percentile: (272, 357, 461)
[M::mem_pestat] low and high boundaries for computing mean and std.dev: (1, 839)
[M::mem_pestat] mean and std.dev: (367.65, 142.56)
[M::mem_pestat] low and high boundaries for proper pairs: (1, 1028)
[M::mem_pestat] analyzing insert size distribution for orientation RF...
[M::mem_pestat] (25, 50, 75) percentile: (368, 1656, 5690)
[M::mem_pestat] low and high boundaries for computing mean and std.dev: (1, 16334)
[M::mem_pestat] mean and std.dev: (3263.64, 3333.91)
[M::mem_pestat] low and high boundaries for proper pairs: (1, 21656)
[M::mem_pestat] analyzing insert size distribution for orientation RR...
[M::mem_pestat] (25, 50, 75) percentile: (356, 592, 1081)
[M::mem_pestat] low and high boundaries for computing mean and std.dev: (1, 2531)
[M::mem_pestat] mean and std.dev: (548.81, 325.13)
[M::mem_pestat] low and high boundaries for proper pairs: (1, 3256)
[M::mem_pestat] skip orientation FF
[M::mem_pestat] skip orientation RF
[M::mem_pestat] skip orientation RR
[M::process] read 1066668 sequences (160000200 bp)...
[M::mem_process_seqs] Processed 1066668 reads in 900.118 CPU sec, 62.196 real sec
[M::mem_pestat] # candidate unique pairs for (FF, FR, RF, RR): (35, 224775, 104, 25)
[M::mem_pestat] analyzing insert size distribution for orientation FF...
[M::mem_pestat] (25, 50, 75) percentile: (243, 391, 1390)
[M::mem_pestat] low and high boundaries for computing mean and std.dev: (1, 3684)
[M::mem_pestat] mean and std.dev: (885.41, 946.70)
[M::mem_pestat] low and high boundaries for proper pairs: (1, 4831)
[M::mem_pestat] analyzing insert size distribution for orientation FR...
[M::mem_pestat] (25, 50, 75) percentile: (270, 355, 459)
[M::mem_pestat] low and high boundaries for computing mean and std.dev: (1, 837)
[M::mem_pestat] mean and std.dev: (365.55, 142.29)
[M::mem_pestat] low and high boundaries for proper pairs: (1, 1026)
[M::mem_pestat] analyzing insert size distribution for orientation RF...
[M::mem_pestat] (25, 50, 75) percentile: (251, 1288, 4740)
[M::mem_pestat] low and high boundaries for computing mean and std.dev: (1, 13718)
[M::mem_pestat] mean and std.dev: (2761.43, 3036.01)
[M::mem_pestat] low and high boundaries for proper pairs: (1, 18207)
[M::mem_pestat] analyzing insert size distribution for orientation RR...
[M::mem_pestat] (25, 50, 75) percentile: (191, 448, 5564)
[M::mem_pestat] low and high boundaries for computing mean and std.dev: (1, 16310)
[M::mem_pestat] mean and std.dev: (1989.28, 2651.84)
[M::mem_pestat] low and high boundaries for proper pairs: (1, 21683)
[M::mem_pestat] skip orientation FF
[M::mem_pestat] skip orientation RF
[M::mem_pestat] skip orientation RR
[M::process] read 1066668 sequences (160000200 bp)...
[M::mem_process_seqs] Processed 1066668 reads in 884.829 CPU sec, 58.289 real sec
[M::mem_pestat] # candidate unique pairs for (FF, FR, RF, RR): (26, 224531, 84, 42)
[M::mem_pestat] analyzing insert size distribution for orientation FF...
[M::mem_pestat] (25, 50, 75) percentile: (289, 522, 831)
[M::mem_pestat] low and high boundaries for computing mean and std.dev: (1, 1915)
[M::mem_pestat] mean and std.dev: (604.12, 427.08)
[M::mem_pestat] low and high boundaries for proper pairs: (1, 2457)
[M::mem_pestat] analyzing insert size distribution for orientation FR...
[M::mem_pestat] (25, 50, 75) percentile: (270, 355, 457)
[M::mem_pestat] low and high boundaries for computing mean and std.dev: (1, 831)
[M::mem_pestat] mean and std.dev: (364.69, 141.29)
[M::mem_pestat] low and high boundaries for proper pairs: (1, 1018)
[M::mem_pestat] analyzing insert size distribution for orientation RF...
[M::mem_pestat] (25, 50, 75) percentile: (266, 780, 3206)
[M::mem_pestat] low and high boundaries for computing mean and std.dev: (1, 9086)
[M::mem_pestat] mean and std.dev: (1800.10, 2365.50)
[M::mem_pestat] low and high boundaries for proper pairs: (1, 12026)
[M::mem_pestat] analyzing insert size distribution for orientation RR...
[M::mem_pestat] (25, 50, 75) percentile: (202, 483, 1730)
[M::mem_pestat] low and high boundaries for computing mean and std.dev: (1, 4786)
[M::mem_pestat] mean and std.dev: (909.90, 918.36)
[M::mem_pestat] low and high boundaries for proper pairs: (1, 6314)
[M::mem_pestat] skip orientation FF
[M::mem_pestat] skip orientation RF
[M::mem_pestat] skip orientation RR
[M::process] read 1066668 sequences (160000200 bp)...
[M::mem_process_seqs] Processed 1066668 reads in 882.036 CPU sec, 59.165 real sec
[M::mem_pestat] # candidate unique pairs for (FF, FR, RF, RR): (30, 224038, 91, 32)
[M::mem_pestat] analyzing insert size distribution for orientation FF...
[M::mem_pestat] (25, 50, 75) percentile: (441, 1046, 5730)
[M::mem_pestat] low and high boundaries for computing mean and std.dev: (1, 16308)
[M::mem_pestat] mean and std.dev: (2776.23, 2963.53)
[M::mem_pestat] low and high boundaries for proper pairs: (1, 21597)
[M::mem_pestat] analyzing insert size distribution for orientation FR...
[M::mem_pestat] (25, 50, 75) percentile: (269, 355, 456)
[M::mem_pestat] low and high boundaries for computing mean and std.dev: (1, 830)
[M::mem_pestat] mean and std.dev: (363.14, 141.10)
[M::mem_pestat] low and high boundaries for proper pairs: (1, 1017)
[M::mem_pestat] analyzing insert size distribution for orientation RF...
[M::mem_pestat] (25, 50, 75) percentile: (235, 813, 3798)
[M::mem_pestat] low and high boundaries for computing mean and std.dev: (1, 10924)
[M::mem_pestat] mean and std.dev: (2266.86, 2802.66)
[M::mem_pestat] low and high boundaries for proper pairs: (1, 14487)
[M::mem_pestat] analyzing insert size distribution for orientation RR...
[M::mem_pestat] (25, 50, 75) percentile: (108, 361, 584)
[M::mem_pestat] low and high boundaries for computing mean and std.dev: (1, 1536)
[M::mem_pestat] mean and std.dev: (297.15, 209.40)
[M::mem_pestat] low and high boundaries for proper pairs: (1, 2012)
[M::mem_pestat] skip orientation FF
[M::mem_pestat] skip orientation RF
[M::mem_pestat] skip orientation RR
[M::process] read 1066668 sequences (160000200 bp)...
[M::mem_process_seqs] Processed 1066668 reads in 877.897 CPU sec, 59.234 real sec
[M::mem_pestat] # candidate unique pairs for (FF, FR, RF, RR): (46, 224605, 69, 37)
[M::mem_pestat] analyzing insert size distribution for orientation FF...
[M::mem_pestat] (25, 50, 75) percentile: (229, 477, 757)
[M::mem_pestat] low and high boundaries for computing mean and std.dev: (1, 1813)
[M::mem_pestat] mean and std.dev: (432.70, 318.89)
[M::mem_pestat] low and high boundaries for proper pairs: (1, 2341)
[M::mem_pestat] analyzing insert size distribution for orientation FR...
[M::mem_pestat] (25, 50, 75) percentile: (275, 361, 462)
[M::mem_pestat] low and high boundaries for computing mean and std.dev: (1, 836)
[M::mem_pestat] mean and std.dev: (368.64, 142.26)
[M::mem_pestat] low and high boundaries for proper pairs: (1, 1023)
[M::mem_pestat] analyzing insert size distribution for orientation RF...
[M::mem_pestat] (25, 50, 75) percentile: (242, 940, 4781)
[M::mem_pestat] low and high boundaries for computing mean and std.dev: (1, 13859)
[M::mem_pestat] mean and std.dev: (2382.46, 2908.16)
[M::mem_pestat] low and high boundaries for proper pairs: (1, 18398)
[M::mem_pestat] analyzing insert size distribution for orientation RR...
[M::mem_pestat] (25, 50, 75) percentile: (199, 411, 622)
[M::mem_pestat] low and high boundaries for computing mean and std.dev: (1, 1468)
[M::mem_pestat] mean and std.dev: (440.31, 290.01)
[M::mem_pestat] low and high boundaries for proper pairs: (1, 1891)
[M::mem_pestat] skip orientation FF
[M::mem_pestat] skip orientation RF
[M::mem_pestat] skip orientation RR
[M::process] read 1066668 sequences (160000200 bp)...
[M::mem_process_seqs] Processed 1066668 reads in 863.560 CPU sec, 59.189 real sec
[M::mem_pestat] # candidate unique pairs for (FF, FR, RF, RR): (43, 226243, 96, 24)
[M::mem_pestat] analyzing insert size distribution for orientation FF...
[M::mem_pestat] (25, 50, 75) percentile: (214, 306, 978)
[M::mem_pestat] low and high boundaries for computing mean and std.dev: (1, 2506)
[M::mem_pestat] mean and std.dev: (476.62, 444.80)
[M::mem_pestat] low and high boundaries for proper pairs: (1, 3270)
[M::mem_pestat] analyzing insert size distribution for orientation FR...
[M::mem_pestat] (25, 50, 75) percentile: (270, 354, 453)
[M::mem_pestat] low and high boundaries for computing mean and std.dev: (1, 819)
[M::mem_pestat] mean and std.dev: (362.01, 138.80)
[M::mem_pestat] low and high boundaries for proper pairs: (1, 1002)
[M::mem_pestat] analyzing insert size distribution for orientation RF...
[M::mem_pestat] (25, 50, 75) percentile: (230, 964, 3710)
[M::mem_pestat] low and high boundaries for computing mean and std.dev: (1, 10670)
[M::mem_pestat] mean and std.dev: (2292.85, 2866.98)
[M::mem_pestat] low and high boundaries for proper pairs: (1, 14150)
[M::mem_pestat] analyzing insert size distribution for orientation RR...
[M::mem_pestat] (25, 50, 75) percentile: (249, 533, 1764)
[M::mem_pestat] low and high boundaries for computing mean and std.dev: (1, 4794)
[M::mem_pestat] mean and std.dev: (797.70, 707.19)
[M::mem_pestat] low and high boundaries for proper pairs: (1, 6309)
[M::mem_pestat] skip orientation FF
[M::mem_pestat] skip orientation RF
[M::mem_pestat] skip orientation RR
[M::process] read 1066668 sequences (160000200 bp)...
[M::mem_process_seqs] Processed 1066668 reads in 861.143 CPU sec, 63.617 real sec
[M::mem_pestat] # candidate unique pairs for (FF, FR, RF, RR): (25, 224672, 67, 41)
[M::mem_pestat] analyzing insert size distribution for orientation FF...
[M::mem_pestat] (25, 50, 75) percentile: (381, 1151, 4077)
[M::mem_pestat] low and high boundaries for computing mean and std.dev: (1, 11469)
[M::mem_pestat] mean and std.dev: (2118.92, 2118.03)
[M::mem_pestat] low and high boundaries for proper pairs: (1, 15165)
[M::mem_pestat] analyzing insert size distribution for orientation FR...
[M::mem_pestat] (25, 50, 75) percentile: (276, 364, 467)
[M::mem_pestat] low and high boundaries for computing mean and std.dev: (1, 849)
[M::mem_pestat] mean and std.dev: (372.51, 144.09)
[M::mem_pestat] low and high boundaries for proper pairs: (1, 1040)
[M::mem_pestat] analyzing insert size distribution for orientation RF...
[M::mem_pestat] (25, 50, 75) percentile: (306, 1097, 3068)
[M::mem_pestat] low and high boundaries for computing mean and std.dev: (1, 8592)
[M::mem_pestat] mean and std.dev: (1487.12, 1792.15)
[M::mem_pestat] low and high boundaries for proper pairs: (1, 11354)
[M::mem_pestat] analyzing insert size distribution for orientation RR...
[M::mem_pestat] (25, 50, 75) percentile: (417, 885, 2499)
[M::mem_pestat] low and high boundaries for computing mean and std.dev: (1, 6663)
[M::mem_pestat] mean and std.dev: (2051.63, 2265.51)
[M::mem_pestat] low and high boundaries for proper pairs: (1, 11114)
[M::mem_pestat] skip orientation FF
[M::mem_pestat] skip orientation RF
[M::mem_pestat] skip orientation RR
[M::process] read 1066668 sequences (160000200 bp)...
[M::mem_process_seqs] Processed 1066668 reads in 878.515 CPU sec, 58.391 real sec
[M::mem_pestat] # candidate unique pairs for (FF, FR, RF, RR): (35, 225469, 75, 38)
[M::mem_pestat] analyzing insert size distribution for orientation FF...
[M::mem_pestat] (25, 50, 75) percentile: (506, 2346, 5429)
[M::mem_pestat] low and high boundaries for computing mean and std.dev: (1, 15275)
[M::mem_pestat] mean and std.dev: (3083.37, 2715.18)
[M::mem_pestat] low and high boundaries for proper pairs: (1, 20198)
[M::mem_pestat] analyzing insert size distribution for orientation FR...
[M::mem_pestat] (25, 50, 75) percentile: (272, 357, 458)
[M::mem_pestat] low and high boundaries for computing mean and std.dev: (1, 830)
[M::mem_pestat] mean and std.dev: (365.65, 140.91)
[M::mem_pestat] low and high boundaries for proper pairs: (1, 1016)
[M::mem_pestat] analyzing insert size distribution for orientation RF...
[M::mem_pestat] (25, 50, 75) percentile: (233, 791, 2961)
[M::mem_pestat] low and high boundaries for computing mean and std.dev: (1, 8417)
[M::mem_pestat] mean and std.dev: (1486.12, 1917.09)
[M::mem_pestat] low and high boundaries for proper pairs: (1, 11145)
[M::mem_pestat] analyzing insert size distribution for orientation RR...
[M::mem_pestat] (25, 50, 75) percentile: (257, 777, 2060)
[M::mem_pestat] low and high boundaries for computing mean and std.dev: (1, 5666)
[M::mem_pestat] mean and std.dev: (1020.62, 1071.43)
[M::mem_pestat] low and high boundaries for proper pairs: (1, 7469)
[M::mem_pestat] skip orientation FF
[M::mem_pestat] skip orientation RF
[M::mem_pestat] skip orientation RR
[M::process] read 1066668 sequences (160000200 bp)...
[M::mem_process_seqs] Processed 1066668 reads in 873.106 CPU sec, 57.924 real sec
[M::mem_pestat] # candidate unique pairs for (FF, FR, RF, RR): (32, 225149, 77, 38)
[M::mem_pestat] analyzing insert size distribution for orientation FF...
[M::mem_pestat] (25, 50, 75) percentile: (365, 663, 1256)
[M::mem_pestat] low and high boundaries for computing mean and std.dev: (1, 3038)
[M::mem_pestat] mean and std.dev: (656.68, 544.16)
[M::mem_pestat] low and high boundaries for proper pairs: (1, 3929)
[M::mem_pestat] analyzing insert size distribution for orientation FR...
[M::mem_pestat] (25, 50, 75) percentile: (271, 355, 457)
[M::mem_pestat] low and high boundaries for computing mean and std.dev: (1, 829)
[M::mem_pestat] mean and std.dev: (364.60, 141.13)
[M::mem_pestat] low and high boundaries for proper pairs: (1, 1015)
[M::mem_pestat] analyzing insert size distribution for orientation RF...
[M::mem_pestat] (25, 50, 75) percentile: (223, 795, 4418)
[M::mem_pestat] low and high boundaries for computing mean and std.dev: (1, 12808)
[M::mem_pestat] mean and std.dev: (2407.81, 3213.56)
[M::mem_pestat] low and high boundaries for proper pairs: (1, 17003)
[M::mem_pestat] analyzing insert size distribution for orientation RR...
[M::mem_pestat] (25, 50, 75) percentile: (254, 545, 1637)
[M::mem_pestat] low and high boundaries for computing mean and std.dev: (1, 4403)
[M::mem_pestat] mean and std.dev: (730.63, 621.38)
[M::mem_pestat] low and high boundaries for proper pairs: (1, 5786)
[M::mem_pestat] skip orientation FF
[M::mem_pestat] skip orientation RF
[M::mem_pestat] skip orientation RR
[M::process] read 1066668 sequences (160000200 bp)...
[M::mem_process_seqs] Processed 1066668 reads in 902.349 CPU sec, 60.877 real sec
[M::mem_pestat] # candidate unique pairs for (FF, FR, RF, RR): (44, 224114, 81, 30)
[M::mem_pestat] analyzing insert size distribution for orientation FF...
[M::mem_pestat] (25, 50, 75) percentile: (171, 463, 1174)
[M::mem_pestat] low and high boundaries for computing mean and std.dev: (1, 3180)
[M::mem_pestat] mean and std.dev: (500.74, 474.11)
[M::mem_pestat] low and high boundaries for proper pairs: (1, 4183)
[M::mem_pestat] analyzing insert size distribution for orientation FR...
[M::mem_pestat] (25, 50, 75) percentile: (269, 355, 457)
[M::mem_pestat] low and high boundaries for computing mean and std.dev: (1, 833)
[M::mem_pestat] mean and std.dev: (364.44, 141.70)
[M::mem_pestat] low and high boundaries for proper pairs: (1, 1021)
[M::mem_pestat] analyzing insert size distribution for orientation RF...
[M::mem_pestat] (25, 50, 75) percentile: (368, 1103, 3546)
[M::mem_pestat] low and high boundaries for computing mean and std.dev: (1, 9902)
[M::mem_pestat] mean and std.dev: (2311.99, 2743.83)
[M::mem_pestat] low and high boundaries for proper pairs: (1, 13287)
[M::mem_pestat] analyzing insert size distribution for orientation RR...
[M::mem_pestat] (25, 50, 75) percentile: (204, 619, 1441)
[M::mem_pestat] low and high boundaries for computing mean and std.dev: (1, 3915)
[M::mem_pestat] mean and std.dev: (648.04, 587.71)
[M::mem_pestat] low and high boundaries for proper pairs: (1, 5152)
[M::mem_pestat] skip orientation FF
[M::mem_pestat] skip orientation RF
[M::mem_pestat] skip orientation RR
[M::process] read 1066668 sequences (160000200 bp)...
[M::mem_process_seqs] Processed 1066668 reads in 891.611 CPU sec, 58.818 real sec
[M::mem_pestat] # candidate unique pairs for (FF, FR, RF, RR): (22, 224224, 63, 34)
[M::mem_pestat] analyzing insert size distribution for orientation FF...
[M::mem_pestat] (25, 50, 75) percentile: (332, 479, 725)
[M::mem_pestat] low and high boundaries for computing mean and std.dev: (1, 1511)
[M::mem_pestat] mean and std.dev: (574.05, 372.29)
[M::mem_pestat] low and high boundaries for proper pairs: (1, 2063)
[M::mem_pestat] analyzing insert size distribution for orientation FR...
[M::mem_pestat] (25, 50, 75) percentile: (267, 352, 455)
[M::mem_pestat] low and high boundaries for computing mean and std.dev: (1, 831)
[M::mem_pestat] mean and std.dev: (362.31, 142.02)
[M::mem_pestat] low and high boundaries for proper pairs: (1, 1019)
[M::mem_pestat] analyzing insert size distribution for orientation RF...
[M::mem_pestat] (25, 50, 75) percentile: (257, 1077, 5449)
[M::mem_pestat] low and high boundaries for computing mean and std.dev: (1, 15833)
[M::mem_pestat] mean and std.dev: (2742.10, 3139.48)
[M::mem_pestat] low and high boundaries for proper pairs: (1, 21025)
[M::mem_pestat] analyzing insert size distribution for orientation RR...
[M::mem_pestat] (25, 50, 75) percentile: (215, 411, 1075)
[M::mem_pestat] low and high boundaries for computing mean and std.dev: (1, 2795)
[M::mem_pestat] mean and std.dev: (410.19, 344.14)
[M::mem_pestat] low and high boundaries for proper pairs: (1, 3655)
[M::mem_pestat] skip orientation FF
[M::mem_pestat] skip orientation RF
[M::mem_pestat] skip orientation RR
[M::process] read 1066668 sequences (160000200 bp)...
[M::mem_process_seqs] Processed 1066668 reads in 889.966 CPU sec, 61.339 real sec
[M::mem_pestat] # candidate unique pairs for (FF, FR, RF, RR): (37, 223045, 91, 26)
[M::mem_pestat] analyzing insert size distribution for orientation FF...
[M::mem_pestat] (25, 50, 75) percentile: (266, 610, 1759)
[M::mem_pestat] low and high boundaries for computing mean and std.dev: (1, 4745)
[M::mem_pestat] mean and std.dev: (730.47, 735.88)
[M::mem_pestat] low and high boundaries for proper pairs: (1, 6238)
[M::mem_pestat] analyzing insert size distribution for orientation FR...
[M::mem_pestat] (25, 50, 75) percentile: (271, 360, 468)
[M::mem_pestat] low and high boundaries for computing mean and std.dev: (1, 862)
[M::mem_pestat] mean and std.dev: (369.98, 146.02)
[M::mem_pestat] low and high boundaries for proper pairs: (1, 1059)
[M::mem_pestat] analyzing insert size distribution for orientation RF...
[M::mem_pestat] (25, 50, 75) percentile: (450, 1640, 4524)
[M::mem_pestat] low and high boundaries for computing mean and std.dev: (1, 12672)
[M::mem_pestat] mean and std.dev: (2871.77, 2931.46)
[M::mem_pestat] low and high boundaries for proper pairs: (1, 16746)
[M::mem_pestat] analyzing insert size distribution for orientation RR...
[M::mem_pestat] (25, 50, 75) percentile: (224, 429, 711)
[M::mem_pestat] low and high boundaries for computing mean and std.dev: (1, 1685)
[M::mem_pestat] mean and std.dev: (399.05, 233.34)
[M::mem_pestat] low and high boundaries for proper pairs: (1, 2172)
[M::mem_pestat] skip orientation FF
[M::mem_pestat] skip orientation RF
[M::mem_pestat] skip orientation RR
[M::process] read 1066668 sequences (160000200 bp)...
[M::mem_process_seqs] Processed 1066668 reads in 914.468 CPU sec, 61.532 real sec
[M::mem_pestat] # candidate unique pairs for (FF, FR, RF, RR): (42, 222713, 77, 22)
[M::mem_pestat] analyzing insert size distribution for orientation FF...
[M::mem_pestat] (25, 50, 75) percentile: (384, 625, 1224)
[M::mem_pestat] low and high boundaries for computing mean and std.dev: (1, 2904)
[M::mem_pestat] mean and std.dev: (679.97, 562.05)
[M::mem_pestat] low and high boundaries for proper pairs: (1, 3744)
[M::mem_pestat] analyzing insert size distribution for orientation FR...
[M::mem_pestat] (25, 50, 75) percentile: (280, 378, 489)
[M::mem_pestat] low and high boundaries for computing mean and std.dev: (1, 907)
[M::mem_pestat] mean and std.dev: (385.69, 152.10)
[M::mem_pestat] low and high boundaries for proper pairs: (1, 1116)
[M::mem_pestat] analyzing insert size distribution for orientation RF...
[M::mem_pestat] (25, 50, 75) percentile: (402, 1781, 5663)
[M::mem_pestat] low and high boundaries for computing mean and std.dev: (1, 16185)
[M::mem_pestat] mean and std.dev: (2854.16, 3044.61)
[M::mem_pestat] low and high boundaries for proper pairs: (1, 21446)
[M::mem_pestat] analyzing insert size distribution for orientation RR...
[M::mem_pestat] (25, 50, 75) percentile: (252, 670, 2335)
[M::mem_pestat] low and high boundaries for computing mean and std.dev: (1, 6501)
[M::mem_pestat] mean and std.dev: (1761.23, 2054.11)
[M::mem_pestat] low and high boundaries for proper pairs: (1, 9978)
[M::mem_pestat] skip orientation FF
[M::mem_pestat] skip orientation RF
[M::mem_pestat] skip orientation RR
[M::process] read 1066668 sequences (160000200 bp)...
[M::mem_process_seqs] Processed 1066668 reads in 896.131 CPU sec, 59.548 real sec
[M::mem_pestat] # candidate unique pairs for (FF, FR, RF, RR): (40, 223264, 91, 33)
[M::mem_pestat] analyzing insert size distribution for orientation FF...
[M::mem_pestat] (25, 50, 75) percentile: (214, 419, 527)
[M::mem_pestat] low and high boundaries for computing mean and std.dev: (1, 1153)
[M::mem_pestat] mean and std.dev: (327.76, 176.48)
[M::mem_pestat] low and high boundaries for proper pairs: (1, 1466)
[M::mem_pestat] analyzing insert size distribution for orientation FR...
[M::mem_pestat] (25, 50, 75) percentile: (279, 372, 485)
[M::mem_pestat] low and high boundaries for computing mean and std.dev: (1, 897)
[M::mem_pestat] mean and std.dev: (381.98, 150.20)
[M::mem_pestat] low and high boundaries for proper pairs: (1, 1103)
[M::mem_pestat] analyzing insert size distribution for orientation RF...
[M::mem_pestat] (25, 50, 75) percentile: (844, 2335, 7135)
[M::mem_pestat] low and high boundaries for computing mean and std.dev: (1, 19717)
[M::mem_pestat] mean and std.dev: (3263.81, 3035.77)
[M::mem_pestat] low and high boundaries for proper pairs: (1, 26008)
[M::mem_pestat] analyzing insert size distribution for orientation RR...
[M::mem_pestat] (25, 50, 75) percentile: (161, 410, 1826)
[M::mem_pestat] low and high boundaries for computing mean and std.dev: (1, 5156)
[M::mem_pestat] mean and std.dev: (1001.72, 1285.42)
[M::mem_pestat] low and high boundaries for proper pairs: (1, 6821)
[M::mem_pestat] skip orientation FF
[M::mem_pestat] skip orientation RF
[M::mem_pestat] skip orientation RR
[M::process] read 1066668 sequences (160000200 bp)...
[M::mem_process_seqs] Processed 1066668 reads in 888.355 CPU sec, 60.516 real sec
[M::mem_pestat] # candidate unique pairs for (FF, FR, RF, RR): (38, 222579, 66, 34)
[M::mem_pestat] analyzing insert size distribution for orientation FF...
[M::mem_pestat] (25, 50, 75) percentile: (385, 688, 2377)
[M::mem_pestat] low and high boundaries for computing mean and std.dev: (1, 6361)
[M::mem_pestat] mean and std.dev: (1226.71, 1552.57)
[M::mem_pestat] low and high boundaries for proper pairs: (1, 8353)
[M::mem_pestat] analyzing insert size distribution for orientation FR...
[M::mem_pestat] (25, 50, 75) percentile: (275, 366, 476)
[M::mem_pestat] low and high boundaries for computing mean and std.dev: (1, 878)
[M::mem_pestat] mean and std.dev: (376.62, 148.88)
[M::mem_pestat] low and high boundaries for proper pairs: (1, 1079)
[M::mem_pestat] analyzing insert size distribution for orientation RF...
[M::mem_pestat] (25, 50, 75) percentile: (568, 1068, 6090)
[M::mem_pestat] low and high boundaries for computing mean and std.dev: (1, 17134)
[M::mem_pestat] mean and std.dev: (2821.77, 3002.58)
[M::mem_pestat] low and high boundaries for proper pairs: (1, 22656)
[M::mem_pestat] analyzing insert size distribution for orientation RR...
[M::mem_pestat] (25, 50, 75) percentile: (605, 848, 1659)
[M::mem_pestat] low and high boundaries for computing mean and std.dev: (1, 3767)
[M::mem_pestat] mean and std.dev: (1125.19, 874.97)
[M::mem_pestat] low and high boundaries for proper pairs: (1, 4821)
[M::mem_pestat] skip orientation FF
[M::mem_pestat] skip orientation RF
[M::mem_pestat] skip orientation RR
[M::mem_process_seqs] Processed 1066668 reads in 880.813 CPU sec, 61.147 real sec
[M::process] read 1066668 sequences (160000200 bp)...
[M::mem_pestat] # candidate unique pairs for (FF, FR, RF, RR): (34, 223236, 100, 31)
[M::mem_pestat] analyzing insert size distribution for orientation FF...
[M::mem_pestat] (25, 50, 75) percentile: (243, 411, 3644)
[M::mem_pestat] low and high boundaries for computing mean and std.dev: (1, 10446)
[M::mem_pestat] mean and std.dev: (1531.62, 1716.32)
[M::mem_pestat] low and high boundaries for proper pairs: (1, 13847)
[M::mem_pestat] analyzing insert size distribution for orientation FR...
[M::mem_pestat] (25, 50, 75) percentile: (274, 365, 474)
[M::mem_pestat] low and high boundaries for computing mean and std.dev: (1, 874)
[M::mem_pestat] mean and std.dev: (374.90, 148.06)
[M::mem_pestat] low and high boundaries for proper pairs: (1, 1074)
[M::mem_pestat] analyzing insert size distribution for orientation RF...
[M::mem_pestat] (25, 50, 75) percentile: (438, 1019, 2346)
[M::mem_pestat] low and high boundaries for computing mean and std.dev: (1, 6162)
[M::mem_pestat] mean and std.dev: (1317.21, 1358.65)
[M::mem_pestat] low and high boundaries for proper pairs: (1, 8070)
[M::mem_pestat] analyzing insert size distribution for orientation RR...
[M::mem_pestat] (25, 50, 75) percentile: (421, 748, 5081)
[M::mem_pestat] low and high boundaries for computing mean and std.dev: (1, 14401)
[M::mem_pestat] mean and std.dev: (3157.65, 3586.15)
[M::mem_pestat] low and high boundaries for proper pairs: (1, 19061)
[M::mem_pestat] skip orientation FF
[M::mem_pestat] skip orientation RF
[M::mem_pestat] skip orientation RR
[M::process] read 1066668 sequences (160000200 bp)...
[M::mem_process_seqs] Processed 1066668 reads in 886.339 CPU sec, 58.463 real sec
[M::mem_pestat] # candidate unique pairs for (FF, FR, RF, RR): (47, 223708, 70, 40)
[M::mem_pestat] analyzing insert size distribution for orientation FF...
[M::mem_pestat] (25, 50, 75) percentile: (344, 587, 2152)
[M::mem_pestat] low and high boundaries for computing mean and std.dev: (1, 5768)
[M::mem_pestat] mean and std.dev: (1387.35, 1385.90)
[M::mem_pestat] low and high boundaries for proper pairs: (1, 7576)
[M::mem_pestat] analyzing insert size distribution for orientation FR...
[M::mem_pestat] (25, 50, 75) percentile: (277, 366, 475)
[M::mem_pestat] low and high boundaries for computing mean and std.dev: (1, 871)
[M::mem_pestat] mean and std.dev: (376.74, 147.51)
[M::mem_pestat] low and high boundaries for proper pairs: (1, 1069)
[M::mem_pestat] analyzing insert size distribution for orientation RF...
[M::mem_pestat] (25, 50, 75) percentile: (332, 1098, 4012)
[M::mem_pestat] low and high boundaries for computing mean and std.dev: (1, 11372)
[M::mem_pestat] mean and std.dev: (2459.83, 2787.24)
[M::mem_pestat] low and high boundaries for proper pairs: (1, 15052)
[M::mem_pestat] analyzing insert size distribution for orientation RR...
[M::mem_pestat] (25, 50, 75) percentile: (367, 711, 1225)
[M::mem_pestat] low and high boundaries for computing mean and std.dev: (1, 2941)
[M::mem_pestat] mean and std.dev: (741.70, 469.00)
[M::mem_pestat] low and high boundaries for proper pairs: (1, 3799)
[M::mem_pestat] skip orientation FF
[M::mem_pestat] skip orientation RF
[M::mem_pestat] skip orientation RR
[M::process] read 1066668 sequences (160000200 bp)...
[M::mem_process_seqs] Processed 1066668 reads in 894.351 CPU sec, 66.894 real sec
[M::mem_pestat] # candidate unique pairs for (FF, FR, RF, RR): (26, 222681, 81, 22)
[M::mem_pestat] analyzing insert size distribution for orientation FF...
[M::mem_pestat] (25, 50, 75) percentile: (255, 568, 2414)
[M::mem_pestat] low and high boundaries for computing mean and std.dev: (1, 6732)
[M::mem_pestat] mean and std.dev: (968.74, 1184.51)
[M::mem_pestat] low and high boundaries for proper pairs: (1, 8891)
[M::mem_pestat] analyzing insert size distribution for orientation FR...
[M::mem_pestat] (25, 50, 75) percentile: (276, 364, 472)
[M::mem_pestat] low and high boundaries for computing mean and std.dev: (1, 864)
[M::mem_pestat] mean and std.dev: (374.75, 146.55)
[M::mem_pestat] low and high boundaries for proper pairs: (1, 1060)
[M::mem_pestat] analyzing insert size distribution for orientation RF...
[M::mem_pestat] (25, 50, 75) percentile: (286, 866, 4764)
[M::mem_pestat] low and high boundaries for computing mean and std.dev: (1, 13720)
[M::mem_pestat] mean and std.dev: (2602.28, 3151.72)
[M::mem_pestat] low and high boundaries for proper pairs: (1, 18198)
[M::mem_pestat] analyzing insert size distribution for orientation RR...
[M::mem_pestat] (25, 50, 75) percentile: (218, 311, 1860)
[M::mem_pestat] low and high boundaries for computing mean and std.dev: (1, 5144)
[M::mem_pestat] mean and std.dev: (955.00, 1187.13)
[M::mem_pestat] low and high boundaries for proper pairs: (1, 6786)
[M::mem_pestat] skip orientation FF
[M::mem_pestat] skip orientation RF
[M::mem_pestat] skip orientation RR
[M::process] read 1066668 sequences (160000200 bp)...
[M::mem_process_seqs] Processed 1066668 reads in 893.505 CPU sec, 60.256 real sec
[M::mem_pestat] # candidate unique pairs for (FF, FR, RF, RR): (49, 224674, 91, 34)
[M::mem_pestat] analyzing insert size distribution for orientation FF...
[M::mem_pestat] (25, 50, 75) percentile: (258, 690, 1890)
[M::mem_pestat] low and high boundaries for computing mean and std.dev: (1, 5154)
[M::mem_pestat] mean and std.dev: (1010.40, 1109.21)
[M::mem_pestat] low and high boundaries for proper pairs: (1, 6786)
[M::mem_pestat] analyzing insert size distribution for orientation FR...
[M::mem_pestat] (25, 50, 75) percentile: (276, 365, 472)
[M::mem_pestat] low and high boundaries for computing mean and std.dev: (1, 864)
[M::mem_pestat] mean and std.dev: (375.22, 145.99)
[M::mem_pestat] low and high boundaries for proper pairs: (1, 1060)
[M::mem_pestat] analyzing insert size distribution for orientation RF...
[M::mem_pestat] (25, 50, 75) percentile: (173, 1120, 5831)
[M::mem_pestat] low and high boundaries for computing mean and std.dev: (1, 17147)
[M::mem_pestat] mean and std.dev: (2917.69, 3245.27)
[M::mem_pestat] low and high boundaries for proper pairs: (1, 22805)
[M::mem_pestat] analyzing insert size distribution for orientation RR...
[M::mem_pestat] (25, 50, 75) percentile: (403, 1091, 3314)
[M::mem_pestat] low and high boundaries for computing mean and std.dev: (1, 9136)
[M::mem_pestat] mean and std.dev: (1704.25, 1883.75)
[M::mem_pestat] low and high boundaries for proper pairs: (1, 12047)
[M::mem_pestat] skip orientation FF
[M::mem_pestat] skip orientation RF
[M::mem_pestat] skip orientation RR
[M::process] read 1066668 sequences (160000200 bp)...
[M::mem_process_seqs] Processed 1066668 reads in 890.923 CPU sec, 59.133 real sec
[M::mem_pestat] # candidate unique pairs for (FF, FR, RF, RR): (43, 222047, 84, 29)
[M::mem_pestat] analyzing insert size distribution for orientation FF...
[M::mem_pestat] (25, 50, 75) percentile: (276, 437, 1288)
[M::mem_pestat] low and high boundaries for computing mean and std.dev: (1, 3312)
[M::mem_pestat] mean and std.dev: (851.27, 940.52)
[M::mem_pestat] low and high boundaries for proper pairs: (1, 4613)
[M::mem_pestat] analyzing insert size distribution for orientation FR...
[M::mem_pestat] (25, 50, 75) percentile: (271, 361, 473)
[M::mem_pestat] low and high boundaries for computing mean and std.dev: (1, 877)
[M::mem_pestat] mean and std.dev: (373.22, 149.21)
[M::mem_pestat] low and high boundaries for proper pairs: (1, 1079)
[M::mem_pestat] analyzing insert size distribution for orientation RF...
[M::mem_pestat] (25, 50, 75) percentile: (445, 2309, 5867)
[M::mem_pestat] low and high boundaries for computing mean and std.dev: (1, 16711)
[M::mem_pestat] mean and std.dev: (3250.89, 3019.22)
[M::mem_pestat] low and high boundaries for proper pairs: (1, 22133)
[M::mem_pestat] analyzing insert size distribution for orientation RR...
[M::mem_pestat] (25, 50, 75) percentile: (342, 556, 1881)
[M::mem_pestat] low and high boundaries for computing mean and std.dev: (1, 4959)
[M::mem_pestat] mean and std.dev: (666.56, 593.45)
[M::mem_pestat] low and high boundaries for proper pairs: (1, 6498)
[M::mem_pestat] skip orientation FF
[M::mem_pestat] skip orientation RF
[M::mem_pestat] skip orientation RR
[M::process] read 1066668 sequences (160000200 bp)...
[M::mem_process_seqs] Processed 1066668 reads in 924.994 CPU sec, 61.764 real sec
[M::mem_pestat] # candidate unique pairs for (FF, FR, RF, RR): (27, 221590, 78, 50)
[M::mem_pestat] analyzing insert size distribution for orientation FF...
[M::mem_pestat] (25, 50, 75) percentile: (321, 685, 1579)
[M::mem_pestat] low and high boundaries for computing mean and std.dev: (1, 4095)
[M::mem_pestat] mean and std.dev: (954.04, 805.84)
[M::mem_pestat] low and high boundaries for proper pairs: (1, 5353)
[M::mem_pestat] analyzing insert size distribution for orientation FR...
[M::mem_pestat] (25, 50, 75) percentile: (273, 367, 483)
[M::mem_pestat] low and high boundaries for computing mean and std.dev: (1, 903)
[M::mem_pestat] mean and std.dev: (378.34, 153.56)
[M::mem_pestat] low and high boundaries for proper pairs: (1, 1113)
[M::mem_pestat] analyzing insert size distribution for orientation RF...
[M::mem_pestat] (25, 50, 75) percentile: (519, 1041, 2633)
[M::mem_pestat] low and high boundaries for computing mean and std.dev: (1, 6861)
[M::mem_pestat] mean and std.dev: (1416.22, 1472.62)
[M::mem_pestat] low and high boundaries for proper pairs: (1, 8975)
[M::mem_pestat] analyzing insert size distribution for orientation RR...
[M::mem_pestat] (25, 50, 75) percentile: (274, 607, 4990)
[M::mem_pestat] low and high boundaries for computing mean and std.dev: (1, 14422)
[M::mem_pestat] mean and std.dev: (2676.54, 3367.06)
[M::mem_pestat] low and high boundaries for proper pairs: (1, 19138)
[M::mem_pestat] skip orientation FF
[M::mem_pestat] skip orientation RF
[M::mem_pestat] skip orientation RR
[M::process] read 1066668 sequences (160000200 bp)...
[M::mem_process_seqs] Processed 1066668 reads in 885.247 CPU sec, 58.684 real sec
[M::mem_pestat] # candidate unique pairs for (FF, FR, RF, RR): (34, 222369, 71, 29)
[M::mem_pestat] analyzing insert size distribution for orientation FF...
[M::mem_pestat] (25, 50, 75) percentile: (298, 721, 1138)
[M::mem_pestat] low and high boundaries for computing mean and std.dev: (1, 2818)
[M::mem_pestat] mean and std.dev: (624.83, 422.52)
[M::mem_pestat] low and high boundaries for proper pairs: (1, 3658)
[M::mem_pestat] analyzing insert size distribution for orientation FR...
[M::mem_pestat] (25, 50, 75) percentile: (272, 366, 482)
[M::mem_pestat] low and high boundaries for computing mean and std.dev: (1, 902)
[M::mem_pestat] mean and std.dev: (377.64, 152.72)
[M::mem_pestat] low and high boundaries for proper pairs: (1, 1112)
[M::mem_pestat] analyzing insert size distribution for orientation RF...
[M::mem_pestat] (25, 50, 75) percentile: (272, 963, 4855)
[M::mem_pestat] low and high boundaries for computing mean and std.dev: (1, 14021)
[M::mem_pestat] mean and std.dev: (2577.68, 3054.80)
[M::mem_pestat] low and high boundaries for proper pairs: (1, 18604)
[M::mem_pestat] analyzing insert size distribution for orientation RR...
[M::mem_pestat] (25, 50, 75) percentile: (189, 263, 502)
[M::mem_pestat] low and high boundaries for computing mean and std.dev: (1, 1128)
[M::mem_pestat] mean and std.dev: (275.79, 124.31)
[M::mem_pestat] low and high boundaries for proper pairs: (1, 1441)
[M::mem_pestat] skip orientation FF
[M::mem_pestat] skip orientation RF
[M::mem_pestat] skip orientation RR
[M::process] read 1066668 sequences (160000200 bp)...
[M::mem_process_seqs] Processed 1066668 reads in 898.377 CPU sec, 60.093 real sec
[M::mem_pestat] # candidate unique pairs for (FF, FR, RF, RR): (32, 223112, 73, 50)
[M::mem_pestat] analyzing insert size distribution for orientation FF...
[M::mem_pestat] (25, 50, 75) percentile: (319, 597, 2516)
[M::mem_pestat] low and high boundaries for computing mean and std.dev: (1, 6910)
[M::mem_pestat] mean and std.dev: (812.81, 935.75)
[M::mem_pestat] low and high boundaries for proper pairs: (1, 9107)
[M::mem_pestat] analyzing insert size distribution for orientation FR...
[M::mem_pestat] (25, 50, 75) percentile: (273, 367, 480)
[M::mem_pestat] low and high boundaries for computing mean and std.dev: (1, 894)
[M::mem_pestat] mean and std.dev: (377.92, 151.41)
[M::mem_pestat] low and high boundaries for proper pairs: (1, 1101)
[M::mem_pestat] analyzing insert size distribution for orientation RF...
[M::mem_pestat] (25, 50, 75) percentile: (312, 976, 3074)
[M::mem_pestat] low and high boundaries for computing mean and std.dev: (1, 8598)
[M::mem_pestat] mean and std.dev: (1839.90, 2180.04)
[M::mem_pestat] low and high boundaries for proper pairs: (1, 11360)
[M::mem_pestat] analyzing insert size distribution for orientation RR...
[M::mem_pestat] (25, 50, 75) percentile: (205, 345, 761)
[M::mem_pestat] low and high boundaries for computing mean and std.dev: (1, 1873)
[M::mem_pestat] mean and std.dev: (364.12, 241.09)
[M::mem_pestat] low and high boundaries for proper pairs: (1, 2429)
[M::mem_pestat] skip orientation FF
[M::mem_pestat] skip orientation RF
[M::mem_pestat] skip orientation RR
[M::process] read 1066668 sequences (160000200 bp)...
[M::mem_process_seqs] Processed 1066668 reads in 901.654 CPU sec, 60.250 real sec
[M::mem_pestat] # candidate unique pairs for (FF, FR, RF, RR): (40, 222595, 78, 30)
[M::mem_pestat] analyzing insert size distribution for orientation FF...
[M::mem_pestat] (25, 50, 75) percentile: (441, 485, 1770)
[M::mem_pestat] low and high boundaries for computing mean and std.dev: (1, 4428)
[M::mem_pestat] mean and std.dev: (779.29, 746.59)
[M::mem_pestat] low and high boundaries for proper pairs: (1, 5757)
[M::mem_pestat] analyzing insert size distribution for orientation FR...
[M::mem_pestat] (25, 50, 75) percentile: (274, 367, 477)
[M::mem_pestat] low and high boundaries for computing mean and std.dev: (1, 883)
[M::mem_pestat] mean and std.dev: (376.73, 149.65)
[M::mem_pestat] low and high boundaries for proper pairs: (1, 1086)
[M::mem_pestat] analyzing insert size distribution for orientation RF...
[M::mem_pestat] (25, 50, 75) percentile: (431, 949, 4271)
[M::mem_pestat] low and high boundaries for computing mean and std.dev: (1, 11951)
[M::mem_pestat] mean and std.dev: (2415.71, 2833.60)
[M::mem_pestat] low and high boundaries for proper pairs: (1, 15791)
[M::mem_pestat] analyzing insert size distribution for orientation RR...
[M::mem_pestat] (25, 50, 75) percentile: (266, 588, 1985)
[M::mem_pestat] low and high boundaries for computing mean and std.dev: (1, 5423)
[M::mem_pestat] mean and std.dev: (764.65, 825.55)
[M::mem_pestat] low and high boundaries for proper pairs: (1, 7142)
[M::mem_pestat] skip orientation FF
[M::mem_pestat] skip orientation RF
[M::mem_pestat] skip orientation RR
[M::process] read 1066668 sequences (160000200 bp)...
[M::mem_process_seqs] Processed 1066668 reads in 905.584 CPU sec, 60.645 real sec
[M::mem_pestat] # candidate unique pairs for (FF, FR, RF, RR): (43, 223667, 87, 38)
[M::mem_pestat] analyzing insert size distribution for orientation FF...
[M::mem_pestat] (25, 50, 75) percentile: (300, 385, 1089)
[M::mem_pestat] low and high boundaries for computing mean and std.dev: (1, 2667)
[M::mem_pestat] mean and std.dev: (680.46, 660.97)
[M::mem_pestat] low and high boundaries for proper pairs: (1, 3456)
[M::mem_pestat] analyzing insert size distribution for orientation FR...
[M::mem_pestat] (25, 50, 75) percentile: (278, 372, 485)
[M::mem_pestat] low and high boundaries for computing mean and std.dev: (1, 899)
[M::mem_pestat] mean and std.dev: (382.38, 152.22)
[M::mem_pestat] low and high boundaries for proper pairs: (1, 1106)
[M::mem_pestat] analyzing insert size distribution for orientation RF...
[M::mem_pestat] (25, 50, 75) percentile: (430, 1988, 5020)
[M::mem_pestat] low and high boundaries for computing mean and std.dev: (1, 14200)
[M::mem_pestat] mean and std.dev: (2753.83, 2934.70)
[M::mem_pestat] low and high boundaries for proper pairs: (1, 18790)
[M::mem_pestat] analyzing insert size distribution for orientation RR...
[M::mem_pestat] (25, 50, 75) percentile: (250, 522, 1164)
[M::mem_pestat] low and high boundaries for computing mean and std.dev: (1, 2992)
[M::mem_pestat] mean and std.dev: (574.36, 537.01)
[M::mem_pestat] low and high boundaries for proper pairs: (1, 3906)
[M::mem_pestat] skip orientation FF
[M::mem_pestat] skip orientation RF
[M::mem_pestat] skip orientation RR
[M::process] read 1066668 sequences (160000200 bp)...
[M::mem_process_seqs] Processed 1066668 reads in 882.585 CPU sec, 58.679 real sec
[M::mem_pestat] # candidate unique pairs for (FF, FR, RF, RR): (33, 224328, 80, 42)
[M::mem_pestat] analyzing insert size distribution for orientation FF...
[M::mem_pestat] (25, 50, 75) percentile: (338, 469, 1664)
[M::mem_pestat] low and high boundaries for computing mean and std.dev: (1, 4316)
[M::mem_pestat] mean and std.dev: (710.89, 639.25)
[M::mem_pestat] low and high boundaries for proper pairs: (1, 5642)
[M::mem_pestat] analyzing insert size distribution for orientation FR...
[M::mem_pestat] (25, 50, 75) percentile: (278, 370, 481)
[M::mem_pestat] low and high boundaries for computing mean and std.dev: (1, 887)
[M::mem_pestat] mean and std.dev: (380.24, 149.81)
[M::mem_pestat] low and high boundaries for proper pairs: (1, 1090)
[M::mem_pestat] analyzing insert size distribution for orientation RF...
[M::mem_pestat] (25, 50, 75) percentile: (247, 1010, 4750)
[M::mem_pestat] low and high boundaries for computing mean and std.dev: (1, 13756)
[M::mem_pestat] mean and std.dev: (2515.60, 2934.93)
[M::mem_pestat] low and high boundaries for proper pairs: (1, 18259)
[M::mem_pestat] analyzing insert size distribution for orientation RR...
[M::mem_pestat] (25, 50, 75) percentile: (260, 549, 1094)
[M::mem_pestat] low and high boundaries for computing mean and std.dev: (1, 2762)
[M::mem_pestat] mean and std.dev: (544.92, 416.42)
[M::mem_pestat] low and high boundaries for proper pairs: (1, 3596)
[M::mem_pestat] skip orientation FF
[M::mem_pestat] skip orientation RF
[M::mem_pestat] skip orientation RR
[M::process] read 1066668 sequences (160000200 bp)...
[M::mem_process_seqs] Processed 1066668 reads in 900.346 CPU sec, 59.632 real sec
[M::mem_pestat] # candidate unique pairs for (FF, FR, RF, RR): (30, 223403, 88, 38)
[M::mem_pestat] analyzing insert size distribution for orientation FF...
[M::mem_pestat] (25, 50, 75) percentile: (179, 321, 2207)
[M::mem_pestat] low and high boundaries for computing mean and std.dev: (1, 6263)
[M::mem_pestat] mean and std.dev: (1082.07, 1553.89)
[M::mem_pestat] low and high boundaries for proper pairs: (1, 8291)
[M::mem_pestat] analyzing insert size distribution for orientation FR...
[M::mem_pestat] (25, 50, 75) percentile: (276, 366, 479)
[M::mem_pestat] low and high boundaries for computing mean and std.dev: (1, 885)
[M::mem_pestat] mean and std.dev: (378.55, 150.14)
[M::mem_pestat] low and high boundaries for proper pairs: (1, 1088)
[M::mem_pestat] analyzing insert size distribution for orientation RF...
[M::mem_pestat] (25, 50, 75) percentile: (220, 1259, 3887)
[M::mem_pestat] low and high boundaries for computing mean and std.dev: (1, 11221)
[M::mem_pestat] mean and std.dev: (2506.42, 2884.48)
[M::mem_pestat] low and high boundaries for proper pairs: (1, 14888)
[M::mem_pestat] analyzing insert size distribution for orientation RR...
[M::mem_pestat] (25, 50, 75) percentile: (234, 362, 1620)
[M::mem_pestat] low and high boundaries for computing mean and std.dev: (1, 4392)
[M::mem_pestat] mean and std.dev: (764.80, 929.88)
[M::mem_pestat] low and high boundaries for proper pairs: (1, 5778)
[M::mem_pestat] skip orientation FF
[M::mem_pestat] skip orientation RF
[M::mem_pestat] skip orientation RR
[M::process] read 1066668 sequences (160000200 bp)...
[M::mem_process_seqs] Processed 1066668 reads in 879.465 CPU sec, 70.521 real sec
[M::mem_pestat] # candidate unique pairs for (FF, FR, RF, RR): (37, 222171, 76, 29)
[M::mem_pestat] analyzing insert size distribution for orientation FF...
[M::mem_pestat] (25, 50, 75) percentile: (283, 523, 3259)
[M::mem_pestat] low and high boundaries for computing mean and std.dev: (1, 9211)
[M::mem_pestat] mean and std.dev: (1654.39, 1935.73)
[M::mem_pestat] low and high boundaries for proper pairs: (1, 12187)
[M::mem_pestat] analyzing insert size distribution for orientation FR...
[M::mem_pestat] (25, 50, 75) percentile: (270, 361, 475)
[M::mem_pestat] low and high boundaries for computing mean and std.dev: (1, 885)
[M::mem_pestat] mean and std.dev: (373.98, 151.06)
[M::mem_pestat] low and high boundaries for proper pairs: (1, 1090)
[M::mem_pestat] analyzing insert size distribution for orientation RF...
[M::mem_pestat] (25, 50, 75) percentile: (516, 1200, 2719)
[M::mem_pestat] low and high boundaries for computing mean and std.dev: (1, 7125)
[M::mem_pestat] mean and std.dev: (1695.97, 1931.62)
[M::mem_pestat] low and high boundaries for proper pairs: (1, 9422)
[M::mem_pestat] analyzing insert size distribution for orientation RR...
[M::mem_pestat] (25, 50, 75) percentile: (307, 649, 2043)
[M::mem_pestat] low and high boundaries for computing mean and std.dev: (1, 5515)
[M::mem_pestat] mean and std.dev: (956.69, 916.58)
[M::mem_pestat] low and high boundaries for proper pairs: (1, 7251)
[M::mem_pestat] skip orientation FF
[M::mem_pestat] skip orientation RF
[M::mem_pestat] skip orientation RR
[M::process] read 1066668 sequences (160000200 bp)...
[M::mem_process_seqs] Processed 1066668 reads in 905.890 CPU sec, 61.927 real sec
[M::mem_pestat] # candidate unique pairs for (FF, FR, RF, RR): (38, 221082, 88, 38)
[M::mem_pestat] analyzing insert size distribution for orientation FF...
[M::mem_pestat] (25, 50, 75) percentile: (281, 628, 1722)
[M::mem_pestat] low and high boundaries for computing mean and std.dev: (1, 4604)
[M::mem_pestat] mean and std.dev: (757.75, 777.54)
[M::mem_pestat] low and high boundaries for proper pairs: (1, 6045)
[M::mem_pestat] analyzing insert size distribution for orientation FR...
[M::mem_pestat] (25, 50, 75) percentile: (269, 363, 478)
[M::mem_pestat] low and high boundaries for computing mean and std.dev: (1, 896)
[M::mem_pestat] mean and std.dev: (374.07, 152.66)
[M::mem_pestat] low and high boundaries for proper pairs: (1, 1105)
[M::mem_pestat] analyzing insert size distribution for orientation RF...
[M::mem_pestat] (25, 50, 75) percentile: (387, 2054, 6289)
[M::mem_pestat] low and high boundaries for computing mean and std.dev: (1, 18093)
[M::mem_pestat] mean and std.dev: (3196.69, 3224.77)
[M::mem_pestat] low and high boundaries for proper pairs: (1, 23995)
[M::mem_pestat] analyzing insert size distribution for orientation RR...
[M::mem_pestat] (25, 50, 75) percentile: (273, 353, 1023)
[M::mem_pestat] low and high boundaries for computing mean and std.dev: (1, 2523)
[M::mem_pestat] mean and std.dev: (783.63, 790.95)
[M::mem_pestat] low and high boundaries for proper pairs: (1, 3947)
[M::mem_pestat] skip orientation FF
[M::mem_pestat] skip orientation RF
[M::mem_pestat] skip orientation RR
[M::process] read 1066668 sequences (160000200 bp)...
[M::mem_process_seqs] Processed 1066668 reads in 908.142 CPU sec, 61.836 real sec
[M::mem_pestat] # candidate unique pairs for (FF, FR, RF, RR): (28, 221218, 87, 36)
[M::mem_pestat] analyzing insert size distribution for orientation FF...
[M::mem_pestat] (25, 50, 75) percentile: (233, 407, 2894)
[M::mem_pestat] low and high boundaries for computing mean and std.dev: (1, 8216)
[M::mem_pestat] mean and std.dev: (980.89, 1198.03)
[M::mem_pestat] low and high boundaries for proper pairs: (1, 10877)
[M::mem_pestat] analyzing insert size distribution for orientation FR...
[M::mem_pestat] (25, 50, 75) percentile: (269, 362, 475)
[M::mem_pestat] low and high boundaries for computing mean and std.dev: (1, 887)
[M::mem_pestat] mean and std.dev: (373.34, 151.65)
[M::mem_pestat] low and high boundaries for proper pairs: (1, 1093)
[M::mem_pestat] analyzing insert size distribution for orientation RF...
[M::mem_pestat] (25, 50, 75) percentile: (476, 1505, 2705)
[M::mem_pestat] low and high boundaries for computing mean and std.dev: (1, 7163)
[M::mem_pestat] mean and std.dev: (1899.37, 1899.99)
[M::mem_pestat] low and high boundaries for proper pairs: (1, 9499)
[M::mem_pestat] analyzing insert size distribution for orientation RR...
[M::mem_pestat] (25, 50, 75) percentile: (328, 471, 912)
[M::mem_pestat] low and high boundaries for computing mean and std.dev: (1, 2080)
[M::mem_pestat] mean and std.dev: (590.72, 510.54)
[M::mem_pestat] low and high boundaries for proper pairs: (1, 2664)
[M::mem_pestat] skip orientation FF
[M::mem_pestat] skip orientation RF
[M::mem_pestat] skip orientation RR
[M::process] read 1066668 sequences (160000200 bp)...
[M::mem_process_seqs] Processed 1066668 reads in 898.443 CPU sec, 59.613 real sec
[M::mem_pestat] # candidate unique pairs for (FF, FR, RF, RR): (38, 221769, 89, 24)
[M::mem_pestat] analyzing insert size distribution for orientation FF...
[M::mem_pestat] (25, 50, 75) percentile: (213, 596, 3595)
[M::mem_pestat] low and high boundaries for computing mean and std.dev: (1, 10359)
[M::mem_pestat] mean and std.dev: (1997.63, 2619.69)
[M::mem_pestat] low and high boundaries for proper pairs: (1, 13741)
[M::mem_pestat] analyzing insert size distribution for orientation FR...
[M::mem_pestat] (25, 50, 75) percentile: (267, 358, 470)
[M::mem_pestat] low and high boundaries for computing mean and std.dev: (1, 876)
[M::mem_pestat] mean and std.dev: (369.47, 149.77)
[M::mem_pestat] low and high boundaries for proper pairs: (1, 1079)
[M::mem_pestat] analyzing insert size distribution for orientation RF...
[M::mem_pestat] (25, 50, 75) percentile: (490, 1503, 5522)
[M::mem_pestat] low and high boundaries for computing mean and std.dev: (1, 15586)
[M::mem_pestat] mean and std.dev: (2965.02, 3006.34)
[M::mem_pestat] low and high boundaries for proper pairs: (1, 20618)
[M::mem_pestat] analyzing insert size distribution for orientation RR...
[M::mem_pestat] (25, 50, 75) percentile: (243, 417, 962)
[M::mem_pestat] low and high boundaries for computing mean and std.dev: (1, 2400)
[M::mem_pestat] mean and std.dev: (495.86, 350.78)
[M::mem_pestat] low and high boundaries for proper pairs: (1, 3119)
[M::mem_pestat] skip orientation FF
[M::mem_pestat] skip orientation RF
[M::mem_pestat] skip orientation RR
[M::process] read 1066668 sequences (160000200 bp)...
[M::mem_process_seqs] Processed 1066668 reads in 893.953 CPU sec, 60.393 real sec
[M::mem_pestat] # candidate unique pairs for (FF, FR, RF, RR): (60, 222148, 99, 28)
[M::mem_pestat] analyzing insert size distribution for orientation FF...
[M::mem_pestat] (25, 50, 75) percentile: (351, 529, 1163)
[M::mem_pestat] low and high boundaries for computing mean and std.dev: (1, 2787)
[M::mem_pestat] mean and std.dev: (753.64, 577.31)
[M::mem_pestat] low and high boundaries for proper pairs: (1, 3599)
[M::mem_pestat] analyzing insert size distribution for orientation FR...
[M::mem_pestat] (25, 50, 75) percentile: (273, 365, 478)
[M::mem_pestat] low and high boundaries for computing mean and std.dev: (1, 888)
[M::mem_pestat] mean and std.dev: (376.68, 151.61)
[M::mem_pestat] low and high boundaries for proper pairs: (1, 1093)
[M::mem_pestat] analyzing insert size distribution for orientation RF...
[M::mem_pestat] (25, 50, 75) percentile: (474, 1317, 4482)
[M::mem_pestat] low and high boundaries for computing mean and std.dev: (1, 12498)
[M::mem_pestat] mean and std.dev: (2688.07, 2918.54)
[M::mem_pestat] low and high boundaries for proper pairs: (1, 16506)
[M::mem_pestat] analyzing insert size distribution for orientation RR...
[M::mem_pestat] (25, 50, 75) percentile: (232, 592, 1644)
[M::mem_pestat] low and high boundaries for computing mean and std.dev: (1, 4468)
[M::mem_pestat] mean and std.dev: (879.92, 1003.80)
[M::mem_pestat] low and high boundaries for proper pairs: (1, 5880)
[M::mem_pestat] skip orientation FF
[M::mem_pestat] skip orientation RF
[M::mem_pestat] skip orientation RR
[M::process] read 1066668 sequences (160000200 bp)...
[M::mem_process_seqs] Processed 1066668 reads in 894.951 CPU sec, 60.164 real sec
[M::mem_pestat] # candidate unique pairs for (FF, FR, RF, RR): (30, 223813, 83, 32)
[M::mem_pestat] analyzing insert size distribution for orientation FF...
[M::mem_pestat] (25, 50, 75) percentile: (320, 896, 1514)
[M::mem_pestat] low and high boundaries for computing mean and std.dev: (1, 3902)
[M::mem_pestat] mean and std.dev: (823.58, 724.12)
[M::mem_pestat] low and high boundaries for proper pairs: (1, 5096)
[M::mem_pestat] analyzing insert size distribution for orientation FR...
[M::mem_pestat] (25, 50, 75) percentile: (278, 372, 486)
[M::mem_pestat] low and high boundaries for computing mean and std.dev: (1, 902)
[M::mem_pestat] mean and std.dev: (383.06, 153.33)
[M::mem_pestat] low and high boundaries for proper pairs: (1, 1110)
[M::mem_pestat] analyzing insert size distribution for orientation RF...
[M::mem_pestat] (25, 50, 75) percentile: (277, 937, 4845)
[M::mem_pestat] low and high boundaries for computing mean and std.dev: (1, 13981)
[M::mem_pestat] mean and std.dev: (2630.31, 3088.03)
[M::mem_pestat] low and high boundaries for proper pairs: (1, 18549)
[M::mem_pestat] analyzing insert size distribution for orientation RR...
[M::mem_pestat] (25, 50, 75) percentile: (255, 529, 1994)
[M::mem_pestat] low and high boundaries for computing mean and std.dev: (1, 5472)
[M::mem_pestat] mean and std.dev: (935.84, 941.09)
[M::mem_pestat] low and high boundaries for proper pairs: (1, 7211)
[M::mem_pestat] skip orientation FF
[M::mem_pestat] skip orientation RF
[M::mem_pestat] skip orientation RR
[M::mem_process_seqs] Processed 1066668 reads in 895.999 CPU sec, 62.301 real sec
[M::process] read 1066668 sequences (160000200 bp)...
[M::mem_pestat] # candidate unique pairs for (FF, FR, RF, RR): (34, 223296, 65, 27)
[M::mem_pestat] analyzing insert size distribution for orientation FF...
[M::mem_pestat] (25, 50, 75) percentile: (205, 376, 463)
[M::mem_pestat] low and high boundaries for computing mean and std.dev: (1, 979)
[M::mem_pestat] mean and std.dev: (335.53, 151.29)
[M::mem_pestat] low and high boundaries for proper pairs: (1, 1237)
[M::mem_pestat] analyzing insert size distribution for orientation FR...
[M::mem_pestat] (25, 50, 75) percentile: (276, 367, 479)
[M::mem_pestat] low and high boundaries for computing mean and std.dev: (1, 885)
[M::mem_pestat] mean and std.dev: (378.89, 150.93)
[M::mem_pestat] low and high boundaries for proper pairs: (1, 1088)
[M::mem_pestat] analyzing insert size distribution for orientation RF...
[M::mem_pestat] (25, 50, 75) percentile: (418, 1259, 5666)
[M::mem_pestat] low and high boundaries for computing mean and std.dev: (1, 16162)
[M::mem_pestat] mean and std.dev: (3012.34, 3064.98)
[M::mem_pestat] low and high boundaries for proper pairs: (1, 21410)
[M::mem_pestat] analyzing insert size distribution for orientation RR...
[M::mem_pestat] (25, 50, 75) percentile: (170, 319, 377)
[M::mem_pestat] low and high boundaries for computing mean and std.dev: (1, 791)
[M::mem_pestat] mean and std.dev: (258.35, 102.80)
[M::mem_pestat] low and high boundaries for proper pairs: (1, 998)
[M::mem_pestat] skip orientation FF
[M::mem_pestat] skip orientation RF
[M::mem_pestat] skip orientation RR
[M::process] read 1066668 sequences (160000200 bp)...
[M::mem_process_seqs] Processed 1066668 reads in 894.585 CPU sec, 59.111 real sec
[M::mem_pestat] # candidate unique pairs for (FF, FR, RF, RR): (45, 223522, 61, 47)
[M::mem_pestat] analyzing insert size distribution for orientation FF...
[M::mem_pestat] (25, 50, 75) percentile: (303, 475, 984)
[M::mem_pestat] low and high boundaries for computing mean and std.dev: (1, 2346)
[M::mem_pestat] mean and std.dev: (690.15, 607.59)
[M::mem_pestat] low and high boundaries for proper pairs: (1, 3121)
[M::mem_pestat] analyzing insert size distribution for orientation FR...
[M::mem_pestat] (25, 50, 75) percentile: (276, 366, 478)
[M::mem_pestat] low and high boundaries for computing mean and std.dev: (1, 882)
[M::mem_pestat] mean and std.dev: (377.70, 149.48)
[M::mem_pestat] low and high boundaries for proper pairs: (1, 1084)
[M::mem_pestat] analyzing insert size distribution for orientation RF...
[M::mem_pestat] (25, 50, 75) percentile: (372, 1278, 4450)
[M::mem_pestat] low and high boundaries for computing mean and std.dev: (1, 12606)
[M::mem_pestat] mean and std.dev: (2575.64, 3032.49)
[M::mem_pestat] low and high boundaries for proper pairs: (1, 16684)
[M::mem_pestat] analyzing insert size distribution for orientation RR...
[M::mem_pestat] (25, 50, 75) percentile: (352, 567, 1027)
[M::mem_pestat] low and high boundaries for computing mean and std.dev: (1, 2377)
[M::mem_pestat] mean and std.dev: (631.52, 426.86)
[M::mem_pestat] low and high boundaries for proper pairs: (1, 3052)
[M::mem_pestat] skip orientation FF
[M::mem_pestat] skip orientation RF
[M::mem_pestat] skip orientation RR
[M::process] read 1066668 sequences (160000200 bp)...
[M::mem_process_seqs] Processed 1066668 reads in 901.420 CPU sec, 59.052 real sec
[M::mem_pestat] # candidate unique pairs for (FF, FR, RF, RR): (29, 221538, 63, 28)
[M::mem_pestat] analyzing insert size distribution for orientation FF...
[M::mem_pestat] (25, 50, 75) percentile: (246, 353, 1212)
[M::mem_pestat] low and high boundaries for computing mean and std.dev: (1, 3144)
[M::mem_pestat] mean and std.dev: (558.48, 548.97)
[M::mem_pestat] low and high boundaries for proper pairs: (1, 4110)
[M::mem_pestat] analyzing insert size distribution for orientation FR...
[M::mem_pestat] (25, 50, 75) percentile: (269, 362, 477)
[M::mem_pestat] low and high boundaries for computing mean and std.dev: (1, 893)
[M::mem_pestat] mean and std.dev: (374.34, 152.56)
[M::mem_pestat] low and high boundaries for proper pairs: (1, 1101)
[M::mem_pestat] analyzing insert size distribution for orientation RF...
[M::mem_pestat] (25, 50, 75) percentile: (321, 1398, 4175)
[M::mem_pestat] low and high boundaries for computing mean and std.dev: (1, 11883)
[M::mem_pestat] mean and std.dev: (2509.13, 2784.36)
[M::mem_pestat] low and high boundaries for proper pairs: (1, 15737)
[M::mem_pestat] analyzing insert size distribution for orientation RR...
[M::mem_pestat] (25, 50, 75) percentile: (247, 701, 1020)
[M::mem_pestat] low and high boundaries for computing mean and std.dev: (1, 2566)
[M::mem_pestat] mean and std.dev: (615.08, 454.44)
[M::mem_pestat] low and high boundaries for proper pairs: (1, 3339)
[M::mem_pestat] skip orientation FF
[M::mem_pestat] skip orientation RF
[M::mem_pestat] skip orientation RR
[M::process] read 1066668 sequences (160000200 bp)...
[M::mem_process_seqs] Processed 1066668 reads in 914.862 CPU sec, 60.279 real sec
[M::mem_pestat] # candidate unique pairs for (FF, FR, RF, RR): (49, 221844, 72, 28)
[M::mem_pestat] analyzing insert size distribution for orientation FF...
[M::mem_pestat] (25, 50, 75) percentile: (288, 827, 1672)
[M::mem_pestat] low and high boundaries for computing mean and std.dev: (1, 4440)
[M::mem_pestat] mean and std.dev: (840.02, 710.37)
[M::mem_pestat] low and high boundaries for proper pairs: (1, 5824)
[M::mem_pestat] analyzing insert size distribution for orientation FR...
[M::mem_pestat] (25, 50, 75) percentile: (274, 370, 483)
[M::mem_pestat] low and high boundaries for computing mean and std.dev: (1, 901)
[M::mem_pestat] mean and std.dev: (378.90, 151.78)
[M::mem_pestat] low and high boundaries for proper pairs: (1, 1110)
[M::mem_pestat] analyzing insert size distribution for orientation RF...
[M::mem_pestat] (25, 50, 75) percentile: (352, 626, 2170)
[M::mem_pestat] low and high boundaries for computing mean and std.dev: (1, 5806)
[M::mem_pestat] mean and std.dev: (1069.17, 1348.13)
[M::mem_pestat] low and high boundaries for proper pairs: (1, 7624)
[M::mem_pestat] analyzing insert size distribution for orientation RR...
[M::mem_pestat] (25, 50, 75) percentile: (216, 314, 572)
[M::mem_pestat] low and high boundaries for computing mean and std.dev: (1, 1284)
[M::mem_pestat] mean and std.dev: (350.62, 205.49)
[M::mem_pestat] low and high boundaries for proper pairs: (1, 1640)
[M::mem_pestat] skip orientation FF
[M::mem_pestat] skip orientation RF
[M::mem_pestat] skip orientation RR
[M::process] read 1066668 sequences (160000200 bp)...
[M::mem_process_seqs] Processed 1066668 reads in 903.096 CPU sec, 59.694 real sec
[M::mem_pestat] # candidate unique pairs for (FF, FR, RF, RR): (33, 221081, 97, 48)
[M::mem_pestat] analyzing insert size distribution for orientation FF...
[M::mem_pestat] (25, 50, 75) percentile: (233, 635, 2097)
[M::mem_pestat] low and high boundaries for computing mean and std.dev: (1, 5825)
[M::mem_pestat] mean and std.dev: (1012.00, 950.97)
[M::mem_pestat] low and high boundaries for proper pairs: (1, 7689)
[M::mem_pestat] analyzing insert size distribution for orientation FR...
[M::mem_pestat] (25, 50, 75) percentile: (270, 363, 473)
[M::mem_pestat] low and high boundaries for computing mean and std.dev: (1, 879)
[M::mem_pestat] mean and std.dev: (372.95, 150.30)
[M::mem_pestat] low and high boundaries for proper pairs: (1, 1082)
[M::mem_pestat] analyzing insert size distribution for orientation RF...
[M::mem_pestat] (25, 50, 75) percentile: (299, 1313, 6384)
[M::mem_pestat] low and high boundaries for computing mean and std.dev: (1, 18554)
[M::mem_pestat] mean and std.dev: (3086.39, 3113.80)
[M::mem_pestat] low and high boundaries for proper pairs: (1, 24639)
[M::mem_pestat] analyzing insert size distribution for orientation RR...
[M::mem_pestat] (25, 50, 75) percentile: (340, 525, 1437)
[M::mem_pestat] low and high boundaries for computing mean and std.dev: (1, 3631)
[M::mem_pestat] mean and std.dev: (598.52, 527.81)
[M::mem_pestat] low and high boundaries for proper pairs: (1, 4728)
[M::mem_pestat] skip orientation FF
[M::mem_pestat] skip orientation RF
[M::mem_pestat] skip orientation RR
[M::process] read 1066668 sequences (160000200 bp)...
[M::mem_process_seqs] Processed 1066668 reads in 898.526 CPU sec, 59.144 real sec
[M::mem_pestat] # candidate unique pairs for (FF, FR, RF, RR): (34, 221982, 80, 38)
[M::mem_pestat] analyzing insert size distribution for orientation FF...
[M::mem_pestat] (25, 50, 75) percentile: (199, 565, 1391)
[M::mem_pestat] low and high boundaries for computing mean and std.dev: (1, 3775)
[M::mem_pestat] mean and std.dev: (877.13, 1036.52)
[M::mem_pestat] low and high boundaries for proper pairs: (1, 5023)
[M::mem_pestat] analyzing insert size distribution for orientation FR...
[M::mem_pestat] (25, 50, 75) percentile: (271, 364, 476)
[M::mem_pestat] low and high boundaries for computing mean and std.dev: (1, 886)
[M::mem_pestat] mean and std.dev: (374.57, 150.33)
[M::mem_pestat] low and high boundaries for proper pairs: (1, 1091)
[M::mem_pestat] analyzing insert size distribution for orientation RF...
[M::mem_pestat] (25, 50, 75) percentile: (351, 1080, 7350)
[M::mem_pestat] low and high boundaries for computing mean and std.dev: (1, 21348)
[M::mem_pestat] mean and std.dev: (2916.59, 3571.68)
[M::mem_pestat] low and high boundaries for proper pairs: (1, 28347)
[M::mem_pestat] analyzing insert size distribution for orientation RR...
[M::mem_pestat] (25, 50, 75) percentile: (311, 872, 1828)
[M::mem_pestat] low and high boundaries for computing mean and std.dev: (1, 4862)
[M::mem_pestat] mean and std.dev: (1098.94, 1026.02)
[M::mem_pestat] low and high boundaries for proper pairs: (1, 6379)
[M::mem_pestat] skip orientation FF
[M::mem_pestat] skip orientation RF
[M::mem_pestat] skip orientation RR
[M::process] read 1066668 sequences (160000200 bp)...
[M::mem_process_seqs] Processed 1066668 reads in 893.058 CPU sec, 59.494 real sec
[M::mem_pestat] # candidate unique pairs for (FF, FR, RF, RR): (40, 223007, 56, 34)
[M::mem_pestat] analyzing insert size distribution for orientation FF...
[M::mem_pestat] (25, 50, 75) percentile: (460, 836, 1810)
[M::mem_pestat] low and high boundaries for computing mean and std.dev: (1, 4510)
[M::mem_pestat] mean and std.dev: (945.57, 835.08)
[M::mem_pestat] low and high boundaries for proper pairs: (1, 5860)
[M::mem_pestat] analyzing insert size distribution for orientation FR...
[M::mem_pestat] (25, 50, 75) percentile: (274, 364, 476)
[M::mem_pestat] low and high boundaries for computing mean and std.dev: (1, 880)
[M::mem_pestat] mean and std.dev: (376.03, 149.74)
[M::mem_pestat] low and high boundaries for proper pairs: (1, 1082)
[M::mem_pestat] analyzing insert size distribution for orientation RF...
[M::mem_pestat] (25, 50, 75) percentile: (436, 2183, 6025)
[M::mem_pestat] low and high boundaries for computing mean and std.dev: (1, 17203)
[M::mem_pestat] mean and std.dev: (3240.89, 3014.45)
[M::mem_pestat] low and high boundaries for proper pairs: (1, 22792)
[M::mem_pestat] analyzing insert size distribution for orientation RR...
[M::mem_pestat] (25, 50, 75) percentile: (353, 1561, 5645)
[M::mem_pestat] low and high boundaries for computing mean and std.dev: (1, 16229)
[M::mem_pestat] mean and std.dev: (3035.88, 3327.33)
[M::mem_pestat] low and high boundaries for proper pairs: (1, 21521)
[M::mem_pestat] skip orientation FF
[M::mem_pestat] skip orientation RF
[M::mem_pestat] skip orientation RR
[M::process] read 1066668 sequences (160000200 bp)...
[M::mem_process_seqs] Processed 1066668 reads in 888.638 CPU sec, 59.908 real sec
[M::mem_pestat] # candidate unique pairs for (FF, FR, RF, RR): (43, 222508, 85, 30)
[M::mem_pestat] analyzing insert size distribution for orientation FF...
[M::mem_pestat] (25, 50, 75) percentile: (310, 817, 1356)
[M::mem_pestat] low and high boundaries for computing mean and std.dev: (1, 3448)
[M::mem_pestat] mean and std.dev: (936.07, 765.11)
[M::mem_pestat] low and high boundaries for proper pairs: (1, 4494)
[M::mem_pestat] analyzing insert size distribution for orientation FR...
[M::mem_pestat] (25, 50, 75) percentile: (275, 365, 477)
[M::mem_pestat] low and high boundaries for computing mean and std.dev: (1, 881)
[M::mem_pestat] mean and std.dev: (377.20, 149.33)
[M::mem_pestat] low and high boundaries for proper pairs: (1, 1083)
[M::mem_pestat] analyzing insert size distribution for orientation RF...
[M::mem_pestat] (25, 50, 75) percentile: (129, 552, 2975)
[M::mem_pestat] low and high boundaries for computing mean and std.dev: (1, 8667)
[M::mem_pestat] mean and std.dev: (1416.31, 1958.59)
[M::mem_pestat] low and high boundaries for proper pairs: (1, 11513)
[M::mem_pestat] analyzing insert size distribution for orientation RR...
[M::mem_pestat] (25, 50, 75) percentile: (214, 342, 621)
[M::mem_pestat] low and high boundaries for computing mean and std.dev: (1, 1435)
[M::mem_pestat] mean and std.dev: (434.52, 349.74)
[M::mem_pestat] low and high boundaries for proper pairs: (1, 1842)
[M::mem_pestat] skip orientation FF
[M::mem_pestat] skip orientation RF
[M::mem_pestat] skip orientation RR
[M::process] read 1066668 sequences (160000200 bp)...
[M::mem_process_seqs] Processed 1066668 reads in 897.581 CPU sec, 58.759 real sec
[M::mem_pestat] # candidate unique pairs for (FF, FR, RF, RR): (39, 222578, 66, 24)
[M::mem_pestat] analyzing insert size distribution for orientation FF...
[M::mem_pestat] (25, 50, 75) percentile: (253, 439, 1345)
[M::mem_pestat] low and high boundaries for computing mean and std.dev: (1, 3529)
[M::mem_pestat] mean and std.dev: (771.89, 783.26)
[M::mem_pestat] low and high boundaries for proper pairs: (1, 4621)
[M::mem_pestat] analyzing insert size distribution for orientation FR...
[M::mem_pestat] (25, 50, 75) percentile: (273, 362, 472)
[M::mem_pestat] low and high boundaries for computing mean and std.dev: (1, 870)
[M::mem_pestat] mean and std.dev: (373.96, 148.06)
[M::mem_pestat] low and high boundaries for proper pairs: (1, 1069)
[M::mem_pestat] analyzing insert size distribution for orientation RF...
[M::mem_pestat] (25, 50, 75) percentile: (253, 1205, 4782)
[M::mem_pestat] low and high boundaries for computing mean and std.dev: (1, 13840)
[M::mem_pestat] mean and std.dev: (2632.76, 2994.02)
[M::mem_pestat] low and high boundaries for proper pairs: (1, 18369)
[M::mem_pestat] analyzing insert size distribution for orientation RR...
[M::mem_pestat] (25, 50, 75) percentile: (243, 268, 1496)
[M::mem_pestat] low and high boundaries for computing mean and std.dev: (1, 4002)
[M::mem_pestat] mean and std.dev: (802.79, 965.91)
[M::mem_pestat] low and high boundaries for proper pairs: (1, 5255)
[M::mem_pestat] skip orientation FF
[M::mem_pestat] skip orientation RF
[M::mem_pestat] skip orientation RR
[M::process] read 1066668 sequences (160000200 bp)...
[M::mem_process_seqs] Processed 1066668 reads in 902.855 CPU sec, 59.601 real sec
[M::mem_pestat] # candidate unique pairs for (FF, FR, RF, RR): (30, 222887, 68, 42)
[M::mem_pestat] analyzing insert size distribution for orientation FF...
[M::mem_pestat] (25, 50, 75) percentile: (202, 417, 2102)
[M::mem_pestat] low and high boundaries for computing mean and std.dev: (1, 5902)
[M::mem_pestat] mean and std.dev: (1087.14, 1480.87)
[M::mem_pestat] low and high boundaries for proper pairs: (1, 7802)
[M::mem_pestat] analyzing insert size distribution for orientation FR...
[M::mem_pestat] (25, 50, 75) percentile: (275, 363, 471)
[M::mem_pestat] low and high boundaries for computing mean and std.dev: (1, 863)
[M::mem_pestat] mean and std.dev: (374.16, 146.59)
[M::mem_pestat] low and high boundaries for proper pairs: (1, 1059)
[M::mem_pestat] analyzing insert size distribution for orientation RF...
[M::mem_pestat] (25, 50, 75) percentile: (260, 1210, 3157)
[M::mem_pestat] low and high boundaries for computing mean and std.dev: (1, 8951)
[M::mem_pestat] mean and std.dev: (1893.01, 2048.67)
[M::mem_pestat] low and high boundaries for proper pairs: (1, 11848)
[M::mem_pestat] analyzing insert size distribution for orientation RR...
[M::mem_pestat] (25, 50, 75) percentile: (304, 606, 1086)
[M::mem_pestat] low and high boundaries for computing mean and std.dev: (1, 2650)
[M::mem_pestat] mean and std.dev: (656.66, 499.35)
[M::mem_pestat] low and high boundaries for proper pairs: (1, 3432)
[M::mem_pestat] skip orientation FF
[M::mem_pestat] skip orientation RF
[M::mem_pestat] skip orientation RR
[M::process] read 273146 sequences (40971900 bp)...
[M::mem_process_seqs] Processed 1066668 reads in 900.939 CPU sec, 59.401 real sec
[M::mem_pestat] # candidate unique pairs for (FF, FR, RF, RR): (8, 56945, 23, 5)
[M::mem_pestat] skip orientation FF as there are not enough pairs
[M::mem_pestat] analyzing insert size distribution for orientation FR...
[M::mem_pestat] (25, 50, 75) percentile: (276, 365, 474)
[M::mem_pestat] low and high boundaries for computing mean and std.dev: (1, 870)
[M::mem_pestat] mean and std.dev: (375.70, 147.35)
[M::mem_pestat] low and high boundaries for proper pairs: (1, 1068)
[M::mem_pestat] analyzing insert size distribution for orientation RF...
[M::mem_pestat] (25, 50, 75) percentile: (501, 860, 4444)
[M::mem_pestat] low and high boundaries for computing mean and std.dev: (1, 12330)
[M::mem_pestat] mean and std.dev: (2625.04, 2559.46)
[M::mem_pestat] low and high boundaries for proper pairs: (1, 16273)
[M::mem_pestat] skip orientation RR as there are not enough pairs
[M::mem_pestat] skip orientation RF
[M::mem_process_seqs] Processed 273146 reads in 232.031 CPU sec, 15.497 real sec
[main] Version: 0.7.19-r1273
[main] CMD: bwa mem -t 16 -R @RG\tID:Dogfish_Bay_11\tSM:Dogfish_Bay_11\tLB:Dogfish_Bay_11\tPL:ILLUMINA output/05_realign_xbOstLuri2/reference/GCA_061535525.1_xbOstLuri2_USDA-ARS_PSRF_primary_genomic.fna data/raw/Dogfish_Bay_11_S52_L004_R1_001.fastq.gz data/raw/Dogfish_Bay_11_S52_L004_R2_001.fastq.gz
[main] Real time: 3966.603 sec; CPU: 57949.576 sec
[bam_sort_core] merging from 3 files and 8 in-memory blocks...
end 2026-09-27T13:07:20Z sample=Dogfish_Bay_11
