/opt/ohpc/admin/lmod/lmod/init/bash: line 93: LD_LIBRARY_PATH: unbound variable
start 2026-09-27T11:55:05Z host n3447 sample=CS18_22_Wild_plate1_E6 location=CS18_22_Wild_plate1
[M::bwa_idx_load_from_disk] read 0 ALT contigs
[M::process] read 1066668 sequences (160000200 bp)...
[M::process] read 1066668 sequences (160000200 bp)...
[M::mem_pestat] # candidate unique pairs for (FF, FR, RF, RR): (30, 229461, 59, 30)
[M::mem_pestat] analyzing insert size distribution for orientation FF...
[M::mem_pestat] (25, 50, 75) percentile: (257, 413, 2279)
[M::mem_pestat] low and high boundaries for computing mean and std.dev: (1, 6323)
[M::mem_pestat] mean and std.dev: (1095.64, 1299.15)
[M::mem_pestat] low and high boundaries for proper pairs: (1, 8345)
[M::mem_pestat] analyzing insert size distribution for orientation FR...
[M::mem_pestat] (25, 50, 75) percentile: (205, 281, 358)
[M::mem_pestat] low and high boundaries for computing mean and std.dev: (1, 664)
[M::mem_pestat] mean and std.dev: (283.89, 111.63)
[M::mem_pestat] low and high boundaries for proper pairs: (1, 817)
[M::mem_pestat] analyzing insert size distribution for orientation RF...
[M::mem_pestat] (25, 50, 75) percentile: (121, 241, 1529)
[M::mem_pestat] low and high boundaries for computing mean and std.dev: (1, 4345)
[M::mem_pestat] mean and std.dev: (446.74, 643.20)
[M::mem_pestat] low and high boundaries for proper pairs: (1, 5753)
[M::mem_pestat] analyzing insert size distribution for orientation RR...
[M::mem_pestat] (25, 50, 75) percentile: (143, 482, 1129)
[M::mem_pestat] low and high boundaries for computing mean and std.dev: (1, 3101)
[M::mem_pestat] mean and std.dev: (512.38, 581.32)
[M::mem_pestat] low and high boundaries for proper pairs: (1, 4087)
[M::mem_pestat] skip orientation FF
[M::mem_pestat] skip orientation RF
[M::mem_pestat] skip orientation RR
[M::mem_process_seqs] Processed 1066668 reads in 756.930 CPU sec, 50.432 real sec
[M::mem_pestat] # candidate unique pairs for (FF, FR, RF, RR): (26, 230300, 80, 46)
[M::mem_pestat] analyzing insert size distribution for orientation FF...
[M::mem_pestat] (25, 50, 75) percentile: (202, 315, 734)
[M::mem_pestat] low and high boundaries for computing mean and std.dev: (1, 1798)
[M::mem_pestat] mean and std.dev: (431.22, 385.42)
[M::mem_pestat] low and high boundaries for proper pairs: (1, 2330)
[M::mem_pestat] analyzing insert size distribution for orientation FR...
[M::mem_pestat] (25, 50, 75) percentile: (210, 286, 364)
[M::mem_pestat] low and high boundaries for computing mean and std.dev: (1, 672)
[M::mem_pestat] mean and std.dev: (289.01, 112.68)
[M::mem_pestat] low and high boundaries for proper pairs: (1, 826)
[M::mem_pestat] analyzing insert size distribution for orientation RF...
[M::mem_pestat] (25, 50, 75) percentile: (186, 1093, 6158)
[M::mem_pestat] low and high boundaries for computing mean and std.dev: (1, 18102)
[M::mem_pestat] mean and std.dev: (2801.16, 3294.03)
[M::mem_pestat] low and high boundaries for proper pairs: (1, 24074)
[M::mem_pestat] analyzing insert size distribution for orientation RR...
[M::mem_pestat] (25, 50, 75) percentile: (174, 217, 424)
[M::mem_pestat] low and high boundaries for computing mean and std.dev: (1, 924)
[M::mem_pestat] mean and std.dev: (251.26, 167.04)
[M::mem_pestat] low and high boundaries for proper pairs: (1, 1174)
[M::mem_pestat] skip orientation FF
[M::mem_pestat] skip orientation RF
[M::mem_pestat] skip orientation RR
[M::process] read 1066668 sequences (160000200 bp)...
[M::mem_process_seqs] Processed 1066668 reads in 762.579 CPU sec, 50.029 real sec
[M::mem_pestat] # candidate unique pairs for (FF, FR, RF, RR): (41, 230406, 54, 31)
[M::mem_pestat] analyzing insert size distribution for orientation FF...
[M::mem_pestat] (25, 50, 75) percentile: (145, 236, 1203)
[M::mem_pestat] low and high boundaries for computing mean and std.dev: (1, 3319)
[M::mem_pestat] mean and std.dev: (526.76, 664.01)
[M::mem_pestat] low and high boundaries for proper pairs: (1, 4377)
[M::mem_pestat] analyzing insert size distribution for orientation FR...
[M::mem_pestat] (25, 50, 75) percentile: (208, 283, 360)
[M::mem_pestat] low and high boundaries for computing mean and std.dev: (1, 664)
[M::mem_pestat] mean and std.dev: (286.34, 112.05)
[M::mem_pestat] low and high boundaries for proper pairs: (1, 816)
[M::mem_pestat] analyzing insert size distribution for orientation RF...
[M::mem_pestat] (25, 50, 75) percentile: (205, 660, 1934)
[M::mem_pestat] low and high boundaries for computing mean and std.dev: (1, 5392)
[M::mem_pestat] mean and std.dev: (1025.92, 1284.00)
[M::mem_pestat] low and high boundaries for proper pairs: (1, 7121)
[M::mem_pestat] analyzing insert size distribution for orientation RR...
[M::mem_pestat] (25, 50, 75) percentile: (129, 304, 947)
[M::mem_pestat] low and high boundaries for computing mean and std.dev: (1, 2583)
[M::mem_pestat] mean and std.dev: (414.27, 574.71)
[M::mem_pestat] low and high boundaries for proper pairs: (1, 3401)
[M::mem_pestat] skip orientation FF
[M::mem_pestat] skip orientation RF
[M::mem_pestat] skip orientation RR
[M::process] read 1066668 sequences (160000200 bp)...
[M::mem_process_seqs] Processed 1066668 reads in 768.396 CPU sec, 50.155 real sec
[M::mem_pestat] # candidate unique pairs for (FF, FR, RF, RR): (27, 230282, 51, 37)
[M::mem_pestat] analyzing insert size distribution for orientation FF...
[M::mem_pestat] (25, 50, 75) percentile: (228, 408, 796)
[M::mem_pestat] low and high boundaries for computing mean and std.dev: (1, 1932)
[M::mem_pestat] mean and std.dev: (375.36, 284.41)
[M::mem_pestat] low and high boundaries for proper pairs: (1, 2500)
[M::mem_pestat] analyzing insert size distribution for orientation FR...
[M::mem_pestat] (25, 50, 75) percentile: (208, 283, 361)
[M::mem_pestat] low and high boundaries for computing mean and std.dev: (1, 667)
[M::mem_pestat] mean and std.dev: (286.95, 112.50)
[M::mem_pestat] low and high boundaries for proper pairs: (1, 820)
[M::mem_pestat] analyzing insert size distribution for orientation RF...
[M::mem_pestat] (25, 50, 75) percentile: (100, 1309, 5511)
[M::mem_pestat] low and high boundaries for computing mean and std.dev: (1, 16333)
[M::mem_pestat] mean and std.dev: (2610.73, 2966.14)
[M::mem_pestat] low and high boundaries for proper pairs: (1, 21744)
[M::mem_pestat] analyzing insert size distribution for orientation RR...
[M::mem_pestat] (25, 50, 75) percentile: (99, 197, 587)
[M::mem_pestat] low and high boundaries for computing mean and std.dev: (1, 1563)
[M::mem_pestat] mean and std.dev: (263.22, 222.33)
[M::mem_pestat] low and high boundaries for proper pairs: (1, 2051)
[M::mem_pestat] skip orientation FF
[M::mem_pestat] skip orientation RF
[M::mem_pestat] skip orientation RR
[M::process] read 1066668 sequences (160000200 bp)...
[M::mem_process_seqs] Processed 1066668 reads in 769.972 CPU sec, 50.259 real sec
[M::mem_pestat] # candidate unique pairs for (FF, FR, RF, RR): (34, 230140, 65, 26)
[M::mem_pestat] analyzing insert size distribution for orientation FF...
[M::mem_pestat] (25, 50, 75) percentile: (131, 343, 741)
[M::mem_pestat] low and high boundaries for computing mean and std.dev: (1, 1961)
[M::mem_pestat] mean and std.dev: (420.06, 389.97)
[M::mem_pestat] low and high boundaries for proper pairs: (1, 2571)
[M::mem_pestat] analyzing insert size distribution for orientation FR...
[M::mem_pestat] (25, 50, 75) percentile: (207, 282, 359)
[M::mem_pestat] low and high boundaries for computing mean and std.dev: (1, 663)
[M::mem_pestat] mean and std.dev: (285.40, 112.14)
[M::mem_pestat] low and high boundaries for proper pairs: (1, 815)
[M::mem_pestat] analyzing insert size distribution for orientation RF...
[M::mem_pestat] (25, 50, 75) percentile: (152, 446, 1794)
[M::mem_pestat] low and high boundaries for computing mean and std.dev: (1, 5078)
[M::mem_pestat] mean and std.dev: (736.86, 975.60)
[M::mem_pestat] low and high boundaries for proper pairs: (1, 6720)
[M::mem_pestat] analyzing insert size distribution for orientation RR...
[M::mem_pestat] (25, 50, 75) percentile: (111, 253, 347)
[M::mem_pestat] low and high boundaries for computing mean and std.dev: (1, 819)
[M::mem_pestat] mean and std.dev: (265.39, 217.92)
[M::mem_pestat] low and high boundaries for proper pairs: (1, 1137)
[M::mem_pestat] skip orientation FF
[M::mem_pestat] skip orientation RF
[M::mem_pestat] skip orientation RR
[M::process] read 1066668 sequences (160000200 bp)...
[M::mem_process_seqs] Processed 1066668 reads in 760.134 CPU sec, 49.567 real sec
[M::mem_pestat] # candidate unique pairs for (FF, FR, RF, RR): (33, 230080, 77, 28)
[M::mem_pestat] analyzing insert size distribution for orientation FF...
[M::mem_pestat] (25, 50, 75) percentile: (133, 280, 1219)
[M::mem_pestat] low and high boundaries for computing mean and std.dev: (1, 3391)
[M::mem_pestat] mean and std.dev: (537.97, 639.50)
[M::mem_pestat] low and high boundaries for proper pairs: (1, 4477)
[M::mem_pestat] analyzing insert size distribution for orientation FR...
[M::mem_pestat] (25, 50, 75) percentile: (208, 282, 359)
[M::mem_pestat] low and high boundaries for computing mean and std.dev: (1, 661)
[M::mem_pestat] mean and std.dev: (285.95, 111.82)
[M::mem_pestat] low and high boundaries for proper pairs: (1, 812)
[M::mem_pestat] analyzing insert size distribution for orientation RF...
[M::mem_pestat] (25, 50, 75) percentile: (145, 516, 4092)
[M::mem_pestat] low and high boundaries for computing mean and std.dev: (1, 11986)
[M::mem_pestat] mean and std.dev: (2229.82, 2837.92)
[M::mem_pestat] low and high boundaries for proper pairs: (1, 15933)
[M::mem_pestat] analyzing insert size distribution for orientation RR...
[M::mem_pestat] (25, 50, 75) percentile: (262, 353, 716)
[M::mem_pestat] low and high boundaries for computing mean and std.dev: (1, 1624)
[M::mem_pestat] mean and std.dev: (453.92, 327.80)
[M::mem_pestat] low and high boundaries for proper pairs: (1, 2078)
[M::mem_pestat] skip orientation FF
[M::mem_pestat] skip orientation RF
[M::mem_pestat] skip orientation RR
[M::process] read 1066668 sequences (160000200 bp)...
[M::mem_process_seqs] Processed 1066668 reads in 773.451 CPU sec, 50.378 real sec
[M::mem_pestat] # candidate unique pairs for (FF, FR, RF, RR): (35, 230519, 49, 28)
[M::mem_pestat] analyzing insert size distribution for orientation FF...
[M::mem_pestat] (25, 50, 75) percentile: (169, 363, 1143)
[M::mem_pestat] low and high boundaries for computing mean and std.dev: (1, 3091)
[M::mem_pestat] mean and std.dev: (640.82, 713.22)
[M::mem_pestat] low and high boundaries for proper pairs: (1, 4065)
[M::mem_pestat] analyzing insert size distribution for orientation FR...
[M::mem_pestat] (25, 50, 75) percentile: (205, 278, 354)
[M::mem_pestat] low and high boundaries for computing mean and std.dev: (1, 652)
[M::mem_pestat] mean and std.dev: (282.36, 109.79)
[M::mem_pestat] low and high boundaries for proper pairs: (1, 801)
[M::mem_pestat] analyzing insert size distribution for orientation RF...
[M::mem_pestat] (25, 50, 75) percentile: (441, 881, 5183)
[M::mem_pestat] low and high boundaries for computing mean and std.dev: (1, 14667)
[M::mem_pestat] mean and std.dev: (2607.06, 3086.75)
[M::mem_pestat] low and high boundaries for proper pairs: (1, 19409)
[M::mem_pestat] analyzing insert size distribution for orientation RR...
[M::mem_pestat] (25, 50, 75) percentile: (203, 371, 1138)
[M::mem_pestat] low and high boundaries for computing mean and std.dev: (1, 3008)
[M::mem_pestat] mean and std.dev: (529.00, 766.96)
[M::mem_pestat] low and high boundaries for proper pairs: (1, 3943)
[M::mem_pestat] skip orientation FF
[M::mem_pestat] skip orientation RF
[M::mem_pestat] skip orientation RR
[M::process] read 1066668 sequences (160000200 bp)...
[M::mem_process_seqs] Processed 1066668 reads in 793.124 CPU sec, 51.565 real sec
[M::mem_pestat] # candidate unique pairs for (FF, FR, RF, RR): (29, 229933, 59, 35)
[M::mem_pestat] analyzing insert size distribution for orientation FF...
[M::mem_pestat] (25, 50, 75) percentile: (167, 387, 1646)
[M::mem_pestat] low and high boundaries for computing mean and std.dev: (1, 4604)
[M::mem_pestat] mean and std.dev: (621.08, 640.82)
[M::mem_pestat] low and high boundaries for proper pairs: (1, 6083)
[M::mem_pestat] analyzing insert size distribution for orientation FR...
[M::mem_pestat] (25, 50, 75) percentile: (204, 278, 354)
[M::mem_pestat] low and high boundaries for computing mean and std.dev: (1, 654)
[M::mem_pestat] mean and std.dev: (281.69, 110.30)
[M::mem_pestat] low and high boundaries for proper pairs: (1, 804)
[M::mem_pestat] analyzing insert size distribution for orientation RF...
[M::mem_pestat] (25, 50, 75) percentile: (188, 929, 2595)
[M::mem_pestat] low and high boundaries for computing mean and std.dev: (1, 7409)
[M::mem_pestat] mean and std.dev: (1426.39, 1822.92)
[M::mem_pestat] low and high boundaries for proper pairs: (1, 9816)
[M::mem_pestat] analyzing insert size distribution for orientation RR...
[M::mem_pestat] (25, 50, 75) percentile: (175, 747, 2360)
[M::mem_pestat] low and high boundaries for computing mean and std.dev: (1, 6730)
[M::mem_pestat] mean and std.dev: (1282.29, 1435.10)
[M::mem_pestat] low and high boundaries for proper pairs: (1, 8915)
[M::mem_pestat] skip orientation FF
[M::mem_pestat] skip orientation RF
[M::mem_pestat] skip orientation RR
[M::process] read 1066668 sequences (160000200 bp)...
[M::mem_process_seqs] Processed 1066668 reads in 773.830 CPU sec, 50.631 real sec
[M::process] read 1066668 sequences (160000200 bp)...
[M::mem_pestat] # candidate unique pairs for (FF, FR, RF, RR): (32, 230669, 59, 31)
[M::mem_pestat] analyzing insert size distribution for orientation FF...
[M::mem_pestat] (25, 50, 75) percentile: (155, 347, 700)
[M::mem_pestat] low and high boundaries for computing mean and std.dev: (1, 1790)
[M::mem_pestat] mean and std.dev: (329.71, 229.56)
[M::mem_pestat] low and high boundaries for proper pairs: (1, 2335)
[M::mem_pestat] analyzing insert size distribution for orientation FR...
[M::mem_pestat] (25, 50, 75) percentile: (203, 278, 355)
[M::mem_pestat] low and high boundaries for computing mean and std.dev: (1, 659)
[M::mem_pestat] mean and std.dev: (282.17, 111.38)
[M::mem_pestat] low and high boundaries for proper pairs: (1, 811)
[M::mem_pestat] analyzing insert size distribution for orientation RF...
[M::mem_pestat] (25, 50, 75) percentile: (447, 1217, 2894)
[M::mem_pestat] low and high boundaries for computing mean and std.dev: (1, 7788)
[M::mem_pestat] mean and std.dev: (1786.59, 1817.85)
[M::mem_pestat] low and high boundaries for proper pairs: (1, 10235)
[M::mem_pestat] analyzing insert size distribution for orientation RR...
[M::mem_pestat] (25, 50, 75) percentile: (186, 482, 1205)
[M::mem_pestat] low and high boundaries for computing mean and std.dev: (1, 3243)
[M::mem_pestat] mean and std.dev: (653.63, 695.33)
[M::mem_pestat] low and high boundaries for proper pairs: (1, 4262)
[M::mem_pestat] skip orientation FF
[M::mem_pestat] skip orientation RF
[M::mem_pestat] skip orientation RR
[M::mem_process_seqs] Processed 1066668 reads in 782.633 CPU sec, 51.494 real sec
[M::process] read 1066668 sequences (160000200 bp)...
[M::mem_pestat] # candidate unique pairs for (FF, FR, RF, RR): (47, 228443, 104, 37)
[M::mem_pestat] analyzing insert size distribution for orientation FF...
[M::mem_pestat] (25, 50, 75) percentile: (188, 460, 1663)
[M::mem_pestat] low and high boundaries for computing mean and std.dev: (1, 4613)
[M::mem_pestat] mean and std.dev: (895.02, 1200.44)
[M::mem_pestat] low and high boundaries for proper pairs: (1, 6088)
[M::mem_pestat] analyzing insert size distribution for orientation FR...
[M::mem_pestat] (25, 50, 75) percentile: (205, 283, 363)
[M::mem_pestat] low and high boundaries for computing mean and std.dev: (1, 679)
[M::mem_pestat] mean and std.dev: (286.84, 114.60)
[M::mem_pestat] low and high boundaries for proper pairs: (1, 837)
[M::mem_pestat] analyzing insert size distribution for orientation RF...
[M::mem_pestat] (25, 50, 75) percentile: (210, 1015, 3916)
[M::mem_pestat] low and high boundaries for computing mean and std.dev: (1, 11328)
[M::mem_pestat] mean and std.dev: (2419.46, 2958.64)
[M::mem_pestat] low and high boundaries for proper pairs: (1, 15034)
[M::mem_pestat] analyzing insert size distribution for orientation RR...
[M::mem_pestat] (25, 50, 75) percentile: (231, 392, 752)
[M::mem_pestat] low and high boundaries for computing mean and std.dev: (1, 1794)
[M::mem_pestat] mean and std.dev: (485.74, 405.18)
[M::mem_pestat] low and high boundaries for proper pairs: (1, 2315)
[M::mem_pestat] skip orientation FF
[M::mem_pestat] skip orientation RF
[M::mem_pestat] skip orientation RR
[M::mem_process_seqs] Processed 1066668 reads in 768.570 CPU sec, 50.175 real sec
[M::process] read 1066668 sequences (160000200 bp)...
[M::mem_pestat] # candidate unique pairs for (FF, FR, RF, RR): (28, 229412, 60, 21)
[M::mem_pestat] analyzing insert size distribution for orientation FF...
[M::mem_pestat] (25, 50, 75) percentile: (212, 562, 1844)
[M::mem_pestat] low and high boundaries for computing mean and std.dev: (1, 5108)
[M::mem_pestat] mean and std.dev: (1325.89, 1503.18)
[M::mem_pestat] low and high boundaries for proper pairs: (1, 7339)
[M::mem_pestat] analyzing insert size distribution for orientation FR...
[M::mem_pestat] (25, 50, 75) percentile: (209, 286, 367)
[M::mem_pestat] low and high boundaries for computing mean and std.dev: (1, 683)
[M::mem_pestat] mean and std.dev: (290.45, 115.24)
[M::mem_pestat] low and high boundaries for proper pairs: (1, 841)
[M::mem_pestat] analyzing insert size distribution for orientation RF...
[M::mem_pestat] (25, 50, 75) percentile: (146, 447, 2305)
[M::mem_pestat] low and high boundaries for computing mean and std.dev: (1, 6623)
[M::mem_pestat] mean and std.dev: (1194.18, 1745.34)
[M::mem_pestat] low and high boundaries for proper pairs: (1, 8782)
[M::mem_pestat] analyzing insert size distribution for orientation RR...
[M::mem_pestat] (25, 50, 75) percentile: (227, 524, 1807)
[M::mem_pestat] low and high boundaries for computing mean and std.dev: (1, 4967)
[M::mem_pestat] mean and std.dev: (761.83, 684.35)
[M::mem_pestat] low and high boundaries for proper pairs: (1, 6547)
[M::mem_pestat] skip orientation FF
[M::mem_pestat] skip orientation RF
[M::mem_pestat] skip orientation RR
[M::mem_process_seqs] Processed 1066668 reads in 770.150 CPU sec, 50.058 real sec
[M::mem_pestat] # candidate unique pairs for (FF, FR, RF, RR): (26, 229374, 65, 41)
[M::mem_pestat] analyzing insert size distribution for orientation FF...
[M::mem_pestat] (25, 50, 75) percentile: (161, 290, 568)
[M::mem_pestat] low and high boundaries for computing mean and std.dev: (1, 1382)
[M::mem_pestat] mean and std.dev: (319.59, 256.57)
[M::mem_pestat] low and high boundaries for proper pairs: (1, 1789)
[M::mem_pestat] analyzing insert size distribution for orientation FR...
[M::mem_pestat] (25, 50, 75) percentile: (206, 282, 361)
[M::mem_pestat] low and high boundaries for computing mean and std.dev: (1, 671)
[M::mem_pestat] mean and std.dev: (286.34, 113.34)
[M::mem_pestat] low and high boundaries for proper pairs: (1, 826)
[M::mem_pestat] analyzing insert size distribution for orientation RF...
[M::mem_pestat] (25, 50, 75) percentile: (206, 981, 5344)
[M::mem_pestat] low and high boundaries for computing mean and std.dev: (1, 15620)
[M::mem_pestat] mean and std.dev: (2786.55, 3151.85)
[M::mem_pestat] low and high boundaries for proper pairs: (1, 20758)
[M::mem_pestat] analyzing insert size distribution for orientation RR...
[M::mem_pestat] (25, 50, 75) percentile: (215, 517, 1389)
[M::mem_pestat] low and high boundaries for computing mean and std.dev: (1, 3737)
[M::mem_pestat] mean and std.dev: (662.17, 666.77)
[M::mem_pestat] low and high boundaries for proper pairs: (1, 4911)
[M::mem_pestat] skip orientation FF
[M::mem_pestat] skip orientation RF
[M::mem_pestat] skip orientation RR
[M::process] read 1066668 sequences (160000200 bp)...
[M::mem_process_seqs] Processed 1066668 reads in 770.442 CPU sec, 49.919 real sec
[M::mem_pestat] # candidate unique pairs for (FF, FR, RF, RR): (24, 229872, 76, 28)
[M::mem_pestat] analyzing insert size distribution for orientation FF...
[M::mem_pestat] (25, 50, 75) percentile: (150, 417, 936)
[M::mem_pestat] low and high boundaries for computing mean and std.dev: (1, 2508)
[M::mem_pestat] mean and std.dev: (435.10, 355.42)
[M::mem_pestat] low and high boundaries for proper pairs: (1, 3294)
[M::mem_pestat] analyzing insert size distribution for orientation FR...
[M::mem_pestat] (25, 50, 75) percentile: (206, 282, 361)
[M::mem_pestat] low and high boundaries for computing mean and std.dev: (1, 671)
[M::mem_pestat] mean and std.dev: (286.28, 113.07)
[M::mem_pestat] low and high boundaries for proper pairs: (1, 826)
[M::mem_pestat] analyzing insert size distribution for orientation RF...
[M::mem_pestat] (25, 50, 75) percentile: (491, 2306, 4304)
[M::mem_pestat] low and high boundaries for computing mean and std.dev: (1, 11930)
[M::mem_pestat] mean and std.dev: (3070.13, 2961.41)
[M::mem_pestat] low and high boundaries for proper pairs: (1, 15743)
[M::mem_pestat] analyzing insert size distribution for orientation RR...
[M::mem_pestat] (25, 50, 75) percentile: (166, 245, 400)
[M::mem_pestat] low and high boundaries for computing mean and std.dev: (1, 868)
[M::mem_pestat] mean and std.dev: (234.92, 135.45)
[M::mem_pestat] low and high boundaries for proper pairs: (1, 1102)
[M::mem_pestat] skip orientation FF
[M::mem_pestat] skip orientation RF
[M::mem_pestat] skip orientation RR
[M::process] read 1066668 sequences (160000200 bp)...
[M::mem_process_seqs] Processed 1066668 reads in 769.111 CPU sec, 50.063 real sec
[M::mem_pestat] # candidate unique pairs for (FF, FR, RF, RR): (28, 231007, 78, 37)
[M::mem_pestat] analyzing insert size distribution for orientation FF...
[M::mem_pestat] (25, 50, 75) percentile: (111, 201, 764)
[M::mem_pestat] low and high boundaries for computing mean and std.dev: (1, 2070)
[M::mem_pestat] mean and std.dev: (353.28, 392.14)
[M::mem_pestat] low and high boundaries for proper pairs: (1, 2723)
[M::mem_pestat] analyzing insert size distribution for orientation FR...
[M::mem_pestat] (25, 50, 75) percentile: (207, 282, 360)
[M::mem_pestat] low and high boundaries for computing mean and std.dev: (1, 666)
[M::mem_pestat] mean and std.dev: (286.11, 112.79)
[M::mem_pestat] low and high boundaries for proper pairs: (1, 819)
[M::mem_pestat] analyzing insert size distribution for orientation RF...
[M::mem_pestat] (25, 50, 75) percentile: (220, 1678, 3536)
[M::mem_pestat] low and high boundaries for computing mean and std.dev: (1, 10168)
[M::mem_pestat] mean and std.dev: (2263.27, 2394.90)
[M::mem_pestat] low and high boundaries for proper pairs: (1, 13484)
[M::mem_pestat] analyzing insert size distribution for orientation RR...
[M::mem_pestat] (25, 50, 75) percentile: (142, 373, 1138)
[M::mem_pestat] low and high boundaries for computing mean and std.dev: (1, 3130)
[M::mem_pestat] mean and std.dev: (714.41, 806.11)
[M::mem_pestat] low and high boundaries for proper pairs: (1, 4126)
[M::mem_pestat] skip orientation FF
[M::mem_pestat] skip orientation RF
[M::mem_pestat] skip orientation RR
[M::process] read 1066668 sequences (160000200 bp)...
[M::mem_process_seqs] Processed 1066668 reads in 767.180 CPU sec, 50.062 real sec
[M::mem_pestat] # candidate unique pairs for (FF, FR, RF, RR): (30, 230192, 54, 39)
[M::mem_pestat] analyzing insert size distribution for orientation FF...
[M::mem_pestat] (25, 50, 75) percentile: (141, 424, 719)
[M::mem_pestat] low and high boundaries for computing mean and std.dev: (1, 1875)
[M::mem_pestat] mean and std.dev: (430.22, 380.51)
[M::mem_pestat] low and high boundaries for proper pairs: (1, 2453)
[M::mem_pestat] analyzing insert size distribution for orientation FR...
[M::mem_pestat] (25, 50, 75) percentile: (207, 282, 360)
[M::mem_pestat] low and high boundaries for computing mean and std.dev: (1, 666)
[M::mem_pestat] mean and std.dev: (286.08, 112.60)
[M::mem_pestat] low and high boundaries for proper pairs: (1, 819)
[M::mem_pestat] analyzing insert size distribution for orientation RF...
[M::mem_pestat] (25, 50, 75) percentile: (134, 676, 2514)
[M::mem_pestat] low and high boundaries for computing mean and std.dev: (1, 7274)
[M::mem_pestat] mean and std.dev: (1282.70, 1695.99)
[M::mem_pestat] low and high boundaries for proper pairs: (1, 9654)
[M::mem_pestat] analyzing insert size distribution for orientation RR...
[M::mem_pestat] (25, 50, 75) percentile: (227, 430, 2357)
[M::mem_pestat] low and high boundaries for computing mean and std.dev: (1, 6617)
[M::mem_pestat] mean and std.dev: (1196.74, 1536.83)
[M::mem_pestat] low and high boundaries for proper pairs: (1, 8747)
[M::mem_pestat] skip orientation FF
[M::mem_pestat] skip orientation RF
[M::mem_pestat] skip orientation RR
[M::process] read 1066668 sequences (160000200 bp)...
[M::mem_process_seqs] Processed 1066668 reads in 773.443 CPU sec, 50.352 real sec
[M::mem_pestat] # candidate unique pairs for (FF, FR, RF, RR): (39, 230089, 72, 31)
[M::mem_pestat] analyzing insert size distribution for orientation FF...
[M::mem_pestat] (25, 50, 75) percentile: (220, 330, 1082)
[M::mem_pestat] low and high boundaries for computing mean and std.dev: (1, 2806)
[M::mem_pestat] mean and std.dev: (625.06, 601.81)
[M::mem_pestat] low and high boundaries for proper pairs: (1, 3668)
[M::mem_pestat] analyzing insert size distribution for orientation FR...
[M::mem_pestat] (25, 50, 75) percentile: (203, 278, 356)
[M::mem_pestat] low and high boundaries for computing mean and std.dev: (1, 662)
[M::mem_pestat] mean and std.dev: (282.62, 111.74)
[M::mem_pestat] low and high boundaries for proper pairs: (1, 815)
[M::mem_pestat] analyzing insert size distribution for orientation RF...
[M::mem_pestat] (25, 50, 75) percentile: (186, 631, 2979)
[M::mem_pestat] low and high boundaries for computing mean and std.dev: (1, 8565)
[M::mem_pestat] mean and std.dev: (1896.67, 2583.93)
[M::mem_pestat] low and high boundaries for proper pairs: (1, 12232)
[M::mem_pestat] analyzing insert size distribution for orientation RR...
[M::mem_pestat] (25, 50, 75) percentile: (140, 320, 1695)
[M::mem_pestat] low and high boundaries for computing mean and std.dev: (1, 4805)
[M::mem_pestat] mean and std.dev: (1190.60, 1584.74)
[M::mem_pestat] low and high boundaries for proper pairs: (1, 7530)
[M::mem_pestat] skip orientation FF
[M::mem_pestat] skip orientation RF
[M::mem_pestat] skip orientation RR
[M::process] read 1066668 sequences (160000200 bp)...
[M::mem_process_seqs] Processed 1066668 reads in 778.520 CPU sec, 50.885 real sec
[M::mem_pestat] # candidate unique pairs for (FF, FR, RF, RR): (22, 230375, 63, 44)
[M::mem_pestat] analyzing insert size distribution for orientation FF...
[M::mem_pestat] (25, 50, 75) percentile: (168, 238, 556)
[M::mem_pestat] low and high boundaries for computing mean and std.dev: (1, 1332)
[M::mem_pestat] mean and std.dev: (253.72, 166.22)
[M::mem_pestat] low and high boundaries for proper pairs: (1, 1720)
[M::mem_pestat] analyzing insert size distribution for orientation FR...
[M::mem_pestat] (25, 50, 75) percentile: (204, 278, 356)
[M::mem_pestat] low and high boundaries for computing mean and std.dev: (1, 660)
[M::mem_pestat] mean and std.dev: (282.94, 111.41)
[M::mem_pestat] low and high boundaries for proper pairs: (1, 812)
[M::mem_pestat] analyzing insert size distribution for orientation RF...
[M::mem_pestat] (25, 50, 75) percentile: (160, 449, 3088)
[M::mem_pestat] low and high boundaries for computing mean and std.dev: (1, 8944)
[M::mem_pestat] mean and std.dev: (1800.84, 2525.30)
[M::mem_pestat] low and high boundaries for proper pairs: (1, 11902)
[M::mem_pestat] analyzing insert size distribution for orientation RR...
[M::mem_pestat] (25, 50, 75) percentile: (242, 384, 721)
[M::mem_pestat] low and high boundaries for computing mean and std.dev: (1, 1679)
[M::mem_pestat] mean and std.dev: (342.62, 182.84)
[M::mem_pestat] low and high boundaries for proper pairs: (1, 2158)
[M::mem_pestat] skip orientation FF
[M::mem_pestat] skip orientation RF
[M::mem_pestat] skip orientation RR
[M::process] read 1066668 sequences (160000200 bp)...
[M::mem_process_seqs] Processed 1066668 reads in 790.273 CPU sec, 51.401 real sec
[M::mem_pestat] # candidate unique pairs for (FF, FR, RF, RR): (23, 229492, 52, 27)
[M::mem_pestat] analyzing insert size distribution for orientation FF...
[M::mem_pestat] (25, 50, 75) percentile: (98, 187, 631)
[M::mem_pestat] low and high boundaries for computing mean and std.dev: (1, 1697)
[M::mem_pestat] mean and std.dev: (335.41, 360.21)
[M::mem_pestat] low and high boundaries for proper pairs: (1, 2230)
[M::mem_pestat] analyzing insert size distribution for orientation FR...
[M::mem_pestat] (25, 50, 75) percentile: (201, 278, 357)
[M::mem_pestat] low and high boundaries for computing mean and std.dev: (1, 669)
[M::mem_pestat] mean and std.dev: (281.83, 113.20)
[M::mem_pestat] low and high boundaries for proper pairs: (1, 825)
[M::mem_pestat] analyzing insert size distribution for orientation RF...
[M::mem_pestat] (25, 50, 75) percentile: (243, 1436, 3869)
[M::mem_pestat] low and high boundaries for computing mean and std.dev: (1, 11121)
[M::mem_pestat] mean and std.dev: (2600.50, 2690.27)
[M::mem_pestat] low and high boundaries for proper pairs: (1, 14747)
[M::mem_pestat] analyzing insert size distribution for orientation RR...
[M::mem_pestat] (25, 50, 75) percentile: (211, 362, 791)
[M::mem_pestat] low and high boundaries for computing mean and std.dev: (1, 1951)
[M::mem_pestat] mean and std.dev: (408.91, 286.00)
[M::mem_pestat] low and high boundaries for proper pairs: (1, 2531)
[M::mem_pestat] skip orientation FF
[M::mem_pestat] skip orientation RF
[M::mem_pestat] skip orientation RR
[M::process] read 1066668 sequences (160000200 bp)...
[M::mem_process_seqs] Processed 1066668 reads in 788.098 CPU sec, 51.176 real sec
[M::mem_pestat] # candidate unique pairs for (FF, FR, RF, RR): (37, 228965, 72, 37)
[M::mem_pestat] analyzing insert size distribution for orientation FF...
[M::mem_pestat] (25, 50, 75) percentile: (137, 251, 1020)
[M::mem_pestat] low and high boundaries for computing mean and std.dev: (1, 2786)
[M::mem_pestat] mean and std.dev: (537.36, 612.01)
[M::mem_pestat] low and high boundaries for proper pairs: (1, 3669)
[M::mem_pestat] analyzing insert size distribution for orientation FR...
[M::mem_pestat] (25, 50, 75) percentile: (204, 282, 363)
[M::mem_pestat] low and high boundaries for computing mean and std.dev: (1, 681)
[M::mem_pestat] mean and std.dev: (286.33, 115.03)
[M::mem_pestat] low and high boundaries for proper pairs: (1, 840)
[M::mem_pestat] analyzing insert size distribution for orientation RF...
[M::mem_pestat] (25, 50, 75) percentile: (80, 456, 4397)
[M::mem_pestat] low and high boundaries for computing mean and std.dev: (1, 13031)
[M::mem_pestat] mean and std.dev: (2402.32, 3106.50)
[M::mem_pestat] low and high boundaries for proper pairs: (1, 17348)
[M::mem_pestat] analyzing insert size distribution for orientation RR...
[M::mem_pestat] (25, 50, 75) percentile: (225, 366, 1294)
[M::mem_pestat] low and high boundaries for computing mean and std.dev: (1, 3432)
[M::mem_pestat] mean and std.dev: (445.52, 503.33)
[M::mem_pestat] low and high boundaries for proper pairs: (1, 4501)
[M::mem_pestat] skip orientation FF
[M::mem_pestat] skip orientation RF
[M::mem_pestat] skip orientation RR
[M::mem_process_seqs] Processed 1066668 reads in 770.007 CPU sec, 51.755 real sec
[M::process] read 1066668 sequences (160000200 bp)...
[M::mem_pestat] # candidate unique pairs for (FF, FR, RF, RR): (32, 230570, 66, 34)
[M::mem_pestat] analyzing insert size distribution for orientation FF...
[M::mem_pestat] (25, 50, 75) percentile: (204, 302, 587)
[M::mem_pestat] low and high boundaries for computing mean and std.dev: (1, 1353)
[M::mem_pestat] mean and std.dev: (288.12, 147.59)
[M::mem_pestat] low and high boundaries for proper pairs: (1, 1736)
[M::mem_pestat] analyzing insert size distribution for orientation FR...
[M::mem_pestat] (25, 50, 75) percentile: (206, 283, 362)
[M::mem_pestat] low and high boundaries for computing mean and std.dev: (1, 674)
[M::mem_pestat] mean and std.dev: (286.39, 113.58)
[M::mem_pestat] low and high boundaries for proper pairs: (1, 830)
[M::mem_pestat] analyzing insert size distribution for orientation RF...
[M::mem_pestat] (25, 50, 75) percentile: (80, 545, 2427)
[M::mem_pestat] low and high boundaries for computing mean and std.dev: (1, 7121)
[M::mem_pestat] mean and std.dev: (1116.45, 1565.32)
[M::mem_pestat] low and high boundaries for proper pairs: (1, 9468)
[M::mem_pestat] analyzing insert size distribution for orientation RR...
[M::mem_pestat] (25, 50, 75) percentile: (228, 566, 1746)
[M::mem_pestat] low and high boundaries for computing mean and std.dev: (1, 4782)
[M::mem_pestat] mean and std.dev: (712.10, 764.77)
[M::mem_pestat] low and high boundaries for proper pairs: (1, 6300)
[M::mem_pestat] skip orientation FF
[M::mem_pestat] skip orientation RF
[M::mem_pestat] skip orientation RR
[M::process] read 1066668 sequences (160000200 bp)...
[M::mem_process_seqs] Processed 1066668 reads in 759.298 CPU sec, 48.896 real sec
[M::mem_pestat] # candidate unique pairs for (FF, FR, RF, RR): (17, 230682, 52, 35)
[M::mem_pestat] analyzing insert size distribution for orientation FF...
[M::mem_pestat] (25, 50, 75) percentile: (110, 222, 984)
[M::mem_pestat] low and high boundaries for computing mean and std.dev: (1, 2732)
[M::mem_pestat] mean and std.dev: (362.88, 355.01)
[M::mem_pestat] low and high boundaries for proper pairs: (1, 3606)
[M::mem_pestat] analyzing insert size distribution for orientation FR...
[M::mem_pestat] (25, 50, 75) percentile: (203, 279, 358)
[M::mem_pestat] low and high boundaries for computing mean and std.dev: (1, 668)
[M::mem_pestat] mean and std.dev: (283.56, 113.46)
[M::mem_pestat] low and high boundaries for proper pairs: (1, 823)
[M::mem_pestat] analyzing insert size distribution for orientation RF...
[M::mem_pestat] (25, 50, 75) percentile: (188, 966, 3463)
[M::mem_pestat] low and high boundaries for computing mean and std.dev: (1, 10013)
[M::mem_pestat] mean and std.dev: (2108.79, 2562.45)
[M::mem_pestat] low and high boundaries for proper pairs: (1, 13288)
[M::mem_pestat] analyzing insert size distribution for orientation RR...
[M::mem_pestat] (25, 50, 75) percentile: (193, 246, 478)
[M::mem_pestat] low and high boundaries for computing mean and std.dev: (1, 1048)
[M::mem_pestat] mean and std.dev: (284.69, 173.40)
[M::mem_pestat] low and high boundaries for proper pairs: (1, 1333)
[M::mem_pestat] skip orientation FF
[M::mem_pestat] skip orientation RF
[M::mem_pestat] skip orientation RR
[M::process] read 1066668 sequences (160000200 bp)...
[M::mem_process_seqs] Processed 1066668 reads in 771.611 CPU sec, 50.086 real sec
[M::mem_pestat] # candidate unique pairs for (FF, FR, RF, RR): (34, 230198, 55, 23)
[M::mem_pestat] analyzing insert size distribution for orientation FF...
[M::mem_pestat] (25, 50, 75) percentile: (201, 385, 985)
[M::mem_pestat] low and high boundaries for computing mean and std.dev: (1, 2553)
[M::mem_pestat] mean and std.dev: (571.31, 506.00)
[M::mem_pestat] low and high boundaries for proper pairs: (1, 3337)
[M::mem_pestat] analyzing insert size distribution for orientation FR...
[M::mem_pestat] (25, 50, 75) percentile: (203, 278, 356)
[M::mem_pestat] low and high boundaries for computing mean and std.dev: (1, 662)
[M::mem_pestat] mean and std.dev: (282.12, 111.94)
[M::mem_pestat] low and high boundaries for proper pairs: (1, 815)
[M::mem_pestat] analyzing insert size distribution for orientation RF...
[M::mem_pestat] (25, 50, 75) percentile: (223, 842, 2458)
[M::mem_pestat] low and high boundaries for computing mean and std.dev: (1, 6928)
[M::mem_pestat] mean and std.dev: (1437.70, 1756.56)
[M::mem_pestat] low and high boundaries for proper pairs: (1, 9163)
[M::mem_pestat] analyzing insert size distribution for orientation RR...
[M::mem_pestat] (25, 50, 75) percentile: (162, 214, 338)
[M::mem_pestat] low and high boundaries for computing mean and std.dev: (1, 690)
[M::mem_pestat] mean and std.dev: (222.68, 134.20)
[M::mem_pestat] low and high boundaries for proper pairs: (1, 866)
[M::mem_pestat] skip orientation FF
[M::mem_pestat] skip orientation RF
[M::mem_pestat] skip orientation RR
[M::process] read 1066668 sequences (160000200 bp)...
[M::mem_process_seqs] Processed 1066668 reads in 767.512 CPU sec, 50.048 real sec
[M::mem_pestat] # candidate unique pairs for (FF, FR, RF, RR): (34, 230330, 90, 22)
[M::mem_pestat] analyzing insert size distribution for orientation FF...
[M::mem_pestat] (25, 50, 75) percentile: (242, 448, 1439)
[M::mem_pestat] low and high boundaries for computing mean and std.dev: (1, 3833)
[M::mem_pestat] mean and std.dev: (888.12, 907.40)
[M::mem_pestat] low and high boundaries for proper pairs: (1, 5030)
[M::mem_pestat] analyzing insert size distribution for orientation FR...
[M::mem_pestat] (25, 50, 75) percentile: (205, 280, 359)
[M::mem_pestat] low and high boundaries for computing mean and std.dev: (1, 667)
[M::mem_pestat] mean and std.dev: (284.98, 113.14)
[M::mem_pestat] low and high boundaries for proper pairs: (1, 821)
[M::mem_pestat] analyzing insert size distribution for orientation RF...
[M::mem_pestat] (25, 50, 75) percentile: (154, 901, 2506)
[M::mem_pestat] low and high boundaries for computing mean and std.dev: (1, 7210)
[M::mem_pestat] mean and std.dev: (1645.40, 2096.62)
[M::mem_pestat] low and high boundaries for proper pairs: (1, 10032)
[M::mem_pestat] analyzing insert size distribution for orientation RR...
[M::mem_pestat] (25, 50, 75) percentile: (166, 304, 792)
[M::mem_pestat] low and high boundaries for computing mean and std.dev: (1, 2044)
[M::mem_pestat] mean and std.dev: (396.00, 358.40)
[M::mem_pestat] low and high boundaries for proper pairs: (1, 2670)
[M::mem_pestat] skip orientation FF
[M::mem_pestat] skip orientation RF
[M::mem_pestat] skip orientation RR
[M::process] read 1066668 sequences (160000200 bp)...
[M::mem_process_seqs] Processed 1066668 reads in 768.093 CPU sec, 50.251 real sec
[M::mem_pestat] # candidate unique pairs for (FF, FR, RF, RR): (25, 230294, 66, 24)
[M::mem_pestat] analyzing insert size distribution for orientation FF...
[M::mem_pestat] (25, 50, 75) percentile: (161, 272, 494)
[M::mem_pestat] low and high boundaries for computing mean and std.dev: (1, 1160)
[M::mem_pestat] mean and std.dev: (326.22, 230.87)
[M::mem_pestat] low and high boundaries for proper pairs: (1, 1493)
[M::mem_pestat] analyzing insert size distribution for orientation FR...
[M::mem_pestat] (25, 50, 75) percentile: (205, 278, 357)
[M::mem_pestat] low and high boundaries for computing mean and std.dev: (1, 661)
[M::mem_pestat] mean and std.dev: (283.60, 112.19)
[M::mem_pestat] low and high boundaries for proper pairs: (1, 813)
[M::mem_pestat] analyzing insert size distribution for orientation RF...
[M::mem_pestat] (25, 50, 75) percentile: (168, 500, 3314)
[M::mem_pestat] low and high boundaries for computing mean and std.dev: (1, 9606)
[M::mem_pestat] mean and std.dev: (1923.25, 2608.98)
[M::mem_pestat] low and high boundaries for proper pairs: (1, 12752)
[M::mem_pestat] analyzing insert size distribution for orientation RR...
[M::mem_pestat] (25, 50, 75) percentile: (187, 332, 629)
[M::mem_pestat] low and high boundaries for computing mean and std.dev: (1, 1513)
[M::mem_pestat] mean and std.dev: (271.84, 140.82)
[M::mem_pestat] low and high boundaries for proper pairs: (1, 1955)
[M::mem_pestat] skip orientation FF
[M::mem_pestat] skip orientation RF
[M::mem_pestat] skip orientation RR
[M::process] read 1066668 sequences (160000200 bp)...
[M::mem_process_seqs] Processed 1066668 reads in 777.001 CPU sec, 50.337 real sec
[M::mem_pestat] # candidate unique pairs for (FF, FR, RF, RR): (39, 229998, 70, 24)
[M::mem_pestat] analyzing insert size distribution for orientation FF...
[M::mem_pestat] (25, 50, 75) percentile: (171, 246, 745)
[M::mem_pestat] low and high boundaries for computing mean and std.dev: (1, 1893)
[M::mem_pestat] mean and std.dev: (338.45, 394.90)
[M::mem_pestat] low and high boundaries for proper pairs: (1, 2467)
[M::mem_pestat] analyzing insert size distribution for orientation FR...
[M::mem_pestat] (25, 50, 75) percentile: (204, 278, 356)
[M::mem_pestat] low and high boundaries for computing mean and std.dev: (1, 660)
[M::mem_pestat] mean and std.dev: (283.02, 111.82)
[M::mem_pestat] low and high boundaries for proper pairs: (1, 812)
[M::mem_pestat] analyzing insert size distribution for orientation RF...
[M::mem_pestat] (25, 50, 75) percentile: (190, 1176, 4717)
[M::mem_pestat] low and high boundaries for computing mean and std.dev: (1, 13771)
[M::mem_pestat] mean and std.dev: (2702.10, 2883.29)
[M::mem_pestat] low and high boundaries for proper pairs: (1, 18298)
[M::mem_pestat] analyzing insert size distribution for orientation RR...
[M::mem_pestat] (25, 50, 75) percentile: (160, 281, 773)
[M::mem_pestat] low and high boundaries for computing mean and std.dev: (1, 1999)
[M::mem_pestat] mean and std.dev: (362.91, 307.46)
[M::mem_pestat] low and high boundaries for proper pairs: (1, 2612)
[M::mem_pestat] skip orientation FF
[M::mem_pestat] skip orientation RF
[M::mem_pestat] skip orientation RR
[M::process] read 1066668 sequences (160000200 bp)...
[M::mem_process_seqs] Processed 1066668 reads in 774.274 CPU sec, 50.399 real sec
[M::mem_pestat] # candidate unique pairs for (FF, FR, RF, RR): (32, 229197, 68, 36)
[M::mem_pestat] analyzing insert size distribution for orientation FF...
[M::mem_pestat] (25, 50, 75) percentile: (176, 252, 2848)
[M::mem_pestat] low and high boundaries for computing mean and std.dev: (1, 8192)
[M::mem_pestat] mean and std.dev: (1327.80, 2360.50)
[M::mem_pestat] low and high boundaries for proper pairs: (1, 10864)
[M::mem_pestat] analyzing insert size distribution for orientation FR...
[M::mem_pestat] (25, 50, 75) percentile: (203, 277, 355)
[M::mem_pestat] low and high boundaries for computing mean and std.dev: (1, 659)
[M::mem_pestat] mean and std.dev: (281.41, 111.20)
[M::mem_pestat] low and high boundaries for proper pairs: (1, 811)
[M::mem_pestat] analyzing insert size distribution for orientation RF...
[M::mem_pestat] (25, 50, 75) percentile: (319, 1114, 6847)
[M::mem_pestat] low and high boundaries for computing mean and std.dev: (1, 19903)
[M::mem_pestat] mean and std.dev: (3167.21, 3370.41)
[M::mem_pestat] low and high boundaries for proper pairs: (1, 26431)
[M::mem_pestat] analyzing insert size distribution for orientation RR...
[M::mem_pestat] (25, 50, 75) percentile: (250, 343, 934)
[M::mem_pestat] low and high boundaries for computing mean and std.dev: (1, 2302)
[M::mem_pestat] mean and std.dev: (396.77, 376.83)
[M::mem_pestat] low and high boundaries for proper pairs: (1, 2986)
[M::mem_pestat] skip orientation FF
[M::mem_pestat] skip orientation RF
[M::mem_pestat] skip orientation RR
[M::process] read 1066668 sequences (160000200 bp)...
[M::mem_process_seqs] Processed 1066668 reads in 787.460 CPU sec, 51.084 real sec
[M::mem_pestat] # candidate unique pairs for (FF, FR, RF, RR): (37, 229092, 51, 23)
[M::mem_pestat] analyzing insert size distribution for orientation FF...
[M::mem_pestat] (25, 50, 75) percentile: (145, 374, 1251)
[M::mem_pestat] low and high boundaries for computing mean and std.dev: (1, 3463)
[M::mem_pestat] mean and std.dev: (416.42, 428.12)
[M::mem_pestat] low and high boundaries for proper pairs: (1, 4569)
[M::mem_pestat] analyzing insert size distribution for orientation FR...
[M::mem_pestat] (25, 50, 75) percentile: (204, 281, 360)
[M::mem_pestat] low and high boundaries for computing mean and std.dev: (1, 672)
[M::mem_pestat] mean and std.dev: (285.03, 113.74)
[M::mem_pestat] low and high boundaries for proper pairs: (1, 828)
[M::mem_pestat] analyzing insert size distribution for orientation RF...
[M::mem_pestat] (25, 50, 75) percentile: (99, 798, 2567)
[M::mem_pestat] low and high boundaries for computing mean and std.dev: (1, 7503)
[M::mem_pestat] mean and std.dev: (1182.95, 1674.19)
[M::mem_pestat] low and high boundaries for proper pairs: (1, 9971)
[M::mem_pestat] analyzing insert size distribution for orientation RR...
[M::mem_pestat] (25, 50, 75) percentile: (98, 281, 1460)
[M::mem_pestat] low and high boundaries for computing mean and std.dev: (1, 4184)
[M::mem_pestat] mean and std.dev: (757.77, 953.41)
[M::mem_pestat] low and high boundaries for proper pairs: (1, 5546)
[M::mem_pestat] skip orientation FF
[M::mem_pestat] skip orientation RF
[M::mem_pestat] skip orientation RR
[M::process] read 1066668 sequences (160000200 bp)...
[M::mem_process_seqs] Processed 1066668 reads in 765.800 CPU sec, 49.887 real sec
[M::mem_pestat] # candidate unique pairs for (FF, FR, RF, RR): (26, 229265, 74, 39)
[M::mem_pestat] analyzing insert size distribution for orientation FF...
[M::mem_pestat] (25, 50, 75) percentile: (166, 370, 924)
[M::mem_pestat] low and high boundaries for computing mean and std.dev: (1, 2440)
[M::mem_pestat] mean and std.dev: (538.42, 434.42)
[M::mem_pestat] low and high boundaries for proper pairs: (1, 3198)
[M::mem_pestat] analyzing insert size distribution for orientation FR...
[M::mem_pestat] (25, 50, 75) percentile: (206, 284, 363)
[M::mem_pestat] low and high boundaries for computing mean and std.dev: (1, 677)
[M::mem_pestat] mean and std.dev: (287.35, 114.37)
[M::mem_pestat] low and high boundaries for proper pairs: (1, 834)
[M::mem_pestat] analyzing insert size distribution for orientation RF...
[M::mem_pestat] (25, 50, 75) percentile: (126, 326, 2419)
[M::mem_pestat] low and high boundaries for computing mean and std.dev: (1, 7005)
[M::mem_pestat] mean and std.dev: (913.87, 1545.38)
[M::mem_pestat] low and high boundaries for proper pairs: (1, 9298)
[M::mem_pestat] analyzing insert size distribution for orientation RR...
[M::mem_pestat] (25, 50, 75) percentile: (158, 194, 531)
[M::mem_pestat] low and high boundaries for computing mean and std.dev: (1, 1277)
[M::mem_pestat] mean and std.dev: (286.65, 259.68)
[M::mem_pestat] low and high boundaries for proper pairs: (1, 1650)
[M::mem_pestat] skip orientation FF
[M::mem_pestat] skip orientation RF
[M::mem_pestat] skip orientation RR
[M::process] read 1066668 sequences (160000200 bp)...
[M::mem_process_seqs] Processed 1066668 reads in 766.151 CPU sec, 49.716 real sec
[M::mem_pestat] # candidate unique pairs for (FF, FR, RF, RR): (36, 230514, 68, 43)
[M::mem_pestat] analyzing insert size distribution for orientation FF...
[M::mem_pestat] (25, 50, 75) percentile: (293, 1480, 2755)
[M::mem_pestat] low and high boundaries for computing mean and std.dev: (1, 7679)
[M::mem_pestat] mean and std.dev: (1783.11, 1976.97)
[M::mem_pestat] low and high boundaries for proper pairs: (1, 10141)
[M::mem_pestat] analyzing insert size distribution for orientation FR...
[M::mem_pestat] (25, 50, 75) percentile: (204, 280, 358)
[M::mem_pestat] low and high boundaries for computing mean and std.dev: (1, 666)
[M::mem_pestat] mean and std.dev: (283.99, 112.41)
[M::mem_pestat] low and high boundaries for proper pairs: (1, 820)
[M::mem_pestat] analyzing insert size distribution for orientation RF...
[M::mem_pestat] (25, 50, 75) percentile: (198, 753, 3118)
[M::mem_pestat] low and high boundaries for computing mean and std.dev: (1, 8958)
[M::mem_pestat] mean and std.dev: (1909.27, 2545.54)
[M::mem_pestat] low and high boundaries for proper pairs: (1, 12091)
[M::mem_pestat] analyzing insert size distribution for orientation RR...
[M::mem_pestat] (25, 50, 75) percentile: (241, 313, 778)
[M::mem_pestat] low and high boundaries for computing mean and std.dev: (1, 1852)
[M::mem_pestat] mean and std.dev: (388.32, 273.85)
[M::mem_pestat] low and high boundaries for proper pairs: (1, 2389)
[M::mem_pestat] skip orientation FF
[M::mem_pestat] skip orientation RF
[M::mem_pestat] skip orientation RR
[M::process] read 1066668 sequences (160000200 bp)...
[M::mem_process_seqs] Processed 1066668 reads in 763.681 CPU sec, 49.622 real sec
[M::mem_pestat] # candidate unique pairs for (FF, FR, RF, RR): (28, 230300, 48, 35)
[M::mem_pestat] analyzing insert size distribution for orientation FF...
[M::mem_pestat] (25, 50, 75) percentile: (200, 335, 3112)
[M::mem_pestat] low and high boundaries for computing mean and std.dev: (1, 8936)
[M::mem_pestat] mean and std.dev: (1542.43, 2129.92)
[M::mem_pestat] low and high boundaries for proper pairs: (1, 11848)
[M::mem_pestat] analyzing insert size distribution for orientation FR...
[M::mem_pestat] (25, 50, 75) percentile: (207, 282, 361)
[M::mem_pestat] low and high boundaries for computing mean and std.dev: (1, 669)
[M::mem_pestat] mean and std.dev: (286.50, 113.41)
[M::mem_pestat] low and high boundaries for proper pairs: (1, 823)
[M::mem_pestat] analyzing insert size distribution for orientation RF...
[M::mem_pestat] (25, 50, 75) percentile: (122, 913, 3895)
[M::mem_pestat] low and high boundaries for computing mean and std.dev: (1, 11441)
[M::mem_pestat] mean and std.dev: (1948.83, 2439.48)
[M::mem_pestat] low and high boundaries for proper pairs: (1, 15214)
[M::mem_pestat] analyzing insert size distribution for orientation RR...
[M::mem_pestat] (25, 50, 75) percentile: (176, 380, 828)
[M::mem_pestat] low and high boundaries for computing mean and std.dev: (1, 2132)
[M::mem_pestat] mean and std.dev: (423.17, 378.67)
[M::mem_pestat] low and high boundaries for proper pairs: (1, 2784)
[M::mem_pestat] skip orientation FF
[M::mem_pestat] skip orientation RF
[M::mem_pestat] skip orientation RR
[M::process] read 1066668 sequences (160000200 bp)...
[M::mem_process_seqs] Processed 1066668 reads in 764.046 CPU sec, 49.565 real sec
[M::mem_pestat] # candidate unique pairs for (FF, FR, RF, RR): (38, 229829, 65, 48)
[M::mem_pestat] analyzing insert size distribution for orientation FF...
[M::mem_pestat] (25, 50, 75) percentile: (180, 259, 468)
[M::mem_pestat] low and high boundaries for computing mean and std.dev: (1, 1044)
[M::mem_pestat] mean and std.dev: (295.91, 200.32)
[M::mem_pestat] low and high boundaries for proper pairs: (1, 1332)
[M::mem_pestat] analyzing insert size distribution for orientation FR...
[M::mem_pestat] (25, 50, 75) percentile: (205, 280, 358)
[M::mem_pestat] low and high boundaries for computing mean and std.dev: (1, 664)
[M::mem_pestat] mean and std.dev: (284.06, 112.45)
[M::mem_pestat] low and high boundaries for proper pairs: (1, 817)
[M::mem_pestat] analyzing insert size distribution for orientation RF...
[M::mem_pestat] (25, 50, 75) percentile: (60, 554, 5375)
[M::mem_pestat] low and high boundaries for computing mean and std.dev: (1, 16005)
[M::mem_pestat] mean and std.dev: (2345.69, 2986.75)
[M::mem_pestat] low and high boundaries for proper pairs: (1, 21320)
[M::mem_pestat] analyzing insert size distribution for orientation RR...
[M::mem_pestat] (25, 50, 75) percentile: (180, 325, 767)
[M::mem_pestat] low and high boundaries for computing mean and std.dev: (1, 1941)
[M::mem_pestat] mean and std.dev: (415.19, 330.43)
[M::mem_pestat] low and high boundaries for proper pairs: (1, 2528)
[M::mem_pestat] skip orientation FF
[M::mem_pestat] skip orientation RF
[M::mem_pestat] skip orientation RR
[M::process] read 1066668 sequences (160000200 bp)...
[M::mem_process_seqs] Processed 1066668 reads in 766.204 CPU sec, 49.881 real sec
[M::mem_pestat] # candidate unique pairs for (FF, FR, RF, RR): (22, 229477, 71, 27)
[M::mem_pestat] analyzing insert size distribution for orientation FF...
[M::mem_pestat] (25, 50, 75) percentile: (199, 244, 669)
[M::mem_pestat] low and high boundaries for computing mean and std.dev: (1, 1609)
[M::mem_pestat] mean and std.dev: (389.48, 364.47)
[M::mem_pestat] low and high boundaries for proper pairs: (1, 2079)
[M::mem_pestat] analyzing insert size distribution for orientation FR...
[M::mem_pestat] (25, 50, 75) percentile: (204, 278, 356)
[M::mem_pestat] low and high boundaries for computing mean and std.dev: (1, 660)
[M::mem_pestat] mean and std.dev: (282.87, 111.86)
[M::mem_pestat] low and high boundaries for proper pairs: (1, 812)
[M::mem_pestat] analyzing insert size distribution for orientation RF...
[M::mem_pestat] (25, 50, 75) percentile: (132, 652, 3450)
[M::mem_pestat] low and high boundaries for computing mean and std.dev: (1, 10086)
[M::mem_pestat] mean and std.dev: (2106.24, 2675.77)
[M::mem_pestat] low and high boundaries for proper pairs: (1, 13404)
[M::mem_pestat] analyzing insert size distribution for orientation RR...
[M::mem_pestat] (25, 50, 75) percentile: (228, 334, 1695)
[M::mem_pestat] low and high boundaries for computing mean and std.dev: (1, 4629)
[M::mem_pestat] mean and std.dev: (652.67, 793.66)
[M::mem_pestat] low and high boundaries for proper pairs: (1, 6096)
[M::mem_pestat] skip orientation FF
[M::mem_pestat] skip orientation RF
[M::mem_pestat] skip orientation RR
[M::process] read 1066668 sequences (160000200 bp)...
[M::mem_process_seqs] Processed 1066668 reads in 769.743 CPU sec, 50.300 real sec
[M::mem_pestat] # candidate unique pairs for (FF, FR, RF, RR): (32, 230826, 70, 43)
[M::mem_pestat] analyzing insert size distribution for orientation FF...
[M::mem_pestat] (25, 50, 75) percentile: (201, 286, 707)
[M::mem_pestat] low and high boundaries for computing mean and std.dev: (1, 1719)
[M::mem_pestat] mean and std.dev: (316.65, 215.75)
[M::mem_pestat] low and high boundaries for proper pairs: (1, 2225)
[M::mem_pestat] analyzing insert size distribution for orientation FR...
[M::mem_pestat] (25, 50, 75) percentile: (203, 276, 355)
[M::mem_pestat] low and high boundaries for computing mean and std.dev: (1, 659)
[M::mem_pestat] mean and std.dev: (281.45, 111.54)
[M::mem_pestat] low and high boundaries for proper pairs: (1, 811)
[M::mem_pestat] analyzing insert size distribution for orientation RF...
[M::mem_pestat] (25, 50, 75) percentile: (119, 891, 4021)
[M::mem_pestat] low and high boundaries for computing mean and std.dev: (1, 11825)
[M::mem_pestat] mean and std.dev: (2551.67, 3151.06)
[M::mem_pestat] low and high boundaries for proper pairs: (1, 15727)
[M::mem_pestat] analyzing insert size distribution for orientation RR...
[M::mem_pestat] (25, 50, 75) percentile: (161, 264, 848)
[M::mem_pestat] low and high boundaries for computing mean and std.dev: (1, 2222)
[M::mem_pestat] mean and std.dev: (469.18, 498.06)
[M::mem_pestat] low and high boundaries for proper pairs: (1, 2909)
[M::mem_pestat] skip orientation FF
[M::mem_pestat] skip orientation RF
[M::mem_pestat] skip orientation RR
[M::process] read 1066668 sequences (160000200 bp)...
[M::mem_process_seqs] Processed 1066668 reads in 778.854 CPU sec, 50.585 real sec
[M::mem_pestat] # candidate unique pairs for (FF, FR, RF, RR): (35, 229934, 51, 40)
[M::mem_pestat] analyzing insert size distribution for orientation FF...
[M::mem_pestat] (25, 50, 75) percentile: (196, 407, 1232)
[M::mem_pestat] low and high boundaries for computing mean and std.dev: (1, 3304)
[M::mem_pestat] mean and std.dev: (525.43, 578.80)
[M::mem_pestat] low and high boundaries for proper pairs: (1, 4340)
[M::mem_pestat] analyzing insert size distribution for orientation FR...
[M::mem_pestat] (25, 50, 75) percentile: (203, 277, 355)
[M::mem_pestat] low and high boundaries for computing mean and std.dev: (1, 659)
[M::mem_pestat] mean and std.dev: (281.65, 111.56)
[M::mem_pestat] low and high boundaries for proper pairs: (1, 811)
[M::mem_pestat] analyzing insert size distribution for orientation RF...
[M::mem_pestat] (25, 50, 75) percentile: (203, 898, 5882)
[M::mem_pestat] low and high boundaries for computing mean and std.dev: (1, 17240)
[M::mem_pestat] mean and std.dev: (2709.06, 3284.84)
[M::mem_pestat] low and high boundaries for proper pairs: (1, 22919)
[M::mem_pestat] analyzing insert size distribution for orientation RR...
[M::mem_pestat] (25, 50, 75) percentile: (148, 339, 1355)
[M::mem_pestat] low and high boundaries for computing mean and std.dev: (1, 3769)
[M::mem_pestat] mean and std.dev: (609.33, 785.92)
[M::mem_pestat] low and high boundaries for proper pairs: (1, 4976)
[M::mem_pestat] skip orientation FF
[M::mem_pestat] skip orientation RF
[M::mem_pestat] skip orientation RR
[M::process] read 1066668 sequences (160000200 bp)...
[M::mem_process_seqs] Processed 1066668 reads in 788.419 CPU sec, 51.228 real sec
[M::mem_pestat] # candidate unique pairs for (FF, FR, RF, RR): (43, 227683, 48, 26)
[M::mem_pestat] analyzing insert size distribution for orientation FF...
[M::mem_pestat] (25, 50, 75) percentile: (203, 341, 495)
[M::mem_pestat] low and high boundaries for computing mean and std.dev: (1, 1079)
[M::mem_pestat] mean and std.dev: (313.54, 151.14)
[M::mem_pestat] low and high boundaries for proper pairs: (1, 1371)
[M::mem_pestat] analyzing insert size distribution for orientation FR...
[M::mem_pestat] (25, 50, 75) percentile: (202, 279, 363)
[M::mem_pestat] low and high boundaries for computing mean and std.dev: (1, 685)
[M::mem_pestat] mean and std.dev: (285.97, 117.03)
[M::mem_pestat] low and high boundaries for proper pairs: (1, 846)
[M::mem_pestat] analyzing insert size distribution for orientation RF...
[M::mem_pestat] (25, 50, 75) percentile: (99, 290, 1024)
[M::mem_pestat] low and high boundaries for computing mean and std.dev: (1, 2874)
[M::mem_pestat] mean and std.dev: (391.15, 416.80)
[M::mem_pestat] low and high boundaries for proper pairs: (1, 3799)
[M::mem_pestat] analyzing insert size distribution for orientation RR...
[M::mem_pestat] (25, 50, 75) percentile: (159, 256, 378)
[M::mem_pestat] low and high boundaries for computing mean and std.dev: (1, 816)
[M::mem_pestat] mean and std.dev: (202.15, 83.41)
[M::mem_pestat] low and high boundaries for proper pairs: (1, 1035)
[M::mem_pestat] skip orientation FF
[M::mem_pestat] skip orientation RF
[M::mem_pestat] skip orientation RR
[M::process] read 1066668 sequences (160000200 bp)...
[M::mem_process_seqs] Processed 1066668 reads in 802.348 CPU sec, 52.133 real sec
[M::mem_pestat] # candidate unique pairs for (FF, FR, RF, RR): (34, 228154, 73, 35)
[M::mem_pestat] analyzing insert size distribution for orientation FF...
[M::mem_pestat] (25, 50, 75) percentile: (153, 354, 598)
[M::mem_pestat] low and high boundaries for computing mean and std.dev: (1, 1488)
[M::mem_pestat] mean and std.dev: (416.66, 379.71)
[M::mem_pestat] low and high boundaries for proper pairs: (1, 1936)
[M::mem_pestat] analyzing insert size distribution for orientation FR...
[M::mem_pestat] (25, 50, 75) percentile: (206, 285, 372)
[M::mem_pestat] low and high boundaries for computing mean and std.dev: (1, 704)
[M::mem_pestat] mean and std.dev: (292.25, 120.30)
[M::mem_pestat] low and high boundaries for proper pairs: (1, 870)
[M::mem_pestat] analyzing insert size distribution for orientation RF...
[M::mem_pestat] (25, 50, 75) percentile: (166, 1349, 3842)
[M::mem_pestat] low and high boundaries for computing mean and std.dev: (1, 11194)
[M::mem_pestat] mean and std.dev: (2312.77, 2568.07)
[M::mem_pestat] low and high boundaries for proper pairs: (1, 14870)
[M::mem_pestat] analyzing insert size distribution for orientation RR...
[M::mem_pestat] (25, 50, 75) percentile: (162, 270, 616)
[M::mem_pestat] low and high boundaries for computing mean and std.dev: (1, 1524)
[M::mem_pestat] mean and std.dev: (336.90, 320.55)
[M::mem_pestat] low and high boundaries for proper pairs: (1, 1978)
[M::mem_pestat] skip orientation FF
[M::mem_pestat] skip orientation RF
[M::mem_pestat] skip orientation RR
[M::mem_process_seqs] Processed 1066668 reads in 783.967 CPU sec, 51.974 real sec
[M::process] read 1066668 sequences (160000200 bp)...
[M::process] read 1066668 sequences (160000200 bp)...
[M::mem_pestat] # candidate unique pairs for (FF, FR, RF, RR): (41, 227884, 68, 36)
[M::mem_pestat] analyzing insert size distribution for orientation FF...
[M::mem_pestat] (25, 50, 75) percentile: (215, 331, 750)
[M::mem_pestat] low and high boundaries for computing mean and std.dev: (1, 1820)
[M::mem_pestat] mean and std.dev: (398.72, 360.70)
[M::mem_pestat] low and high boundaries for proper pairs: (1, 2355)
[M::mem_pestat] analyzing insert size distribution for orientation FR...
[M::mem_pestat] (25, 50, 75) percentile: (203, 280, 364)
[M::mem_pestat] low and high boundaries for computing mean and std.dev: (1, 686)
[M::mem_pestat] mean and std.dev: (287.00, 117.30)
[M::mem_pestat] low and high boundaries for proper pairs: (1, 847)
[M::mem_pestat] analyzing insert size distribution for orientation RF...
[M::mem_pestat] (25, 50, 75) percentile: (140, 800, 4041)
[M::mem_pestat] low and high boundaries for computing mean and std.dev: (1, 11843)
[M::mem_pestat] mean and std.dev: (2442.74, 3102.45)
[M::mem_pestat] low and high boundaries for proper pairs: (1, 15744)
[M::mem_pestat] analyzing insert size distribution for orientation RR...
[M::mem_pestat] (25, 50, 75) percentile: (193, 446, 839)
[M::mem_pestat] low and high boundaries for computing mean and std.dev: (1, 2131)
[M::mem_pestat] mean and std.dev: (445.71, 305.69)
[M::mem_pestat] low and high boundaries for proper pairs: (1, 2777)
[M::mem_pestat] skip orientation FF
[M::mem_pestat] skip orientation RF
[M::mem_pestat] skip orientation RR
[M::mem_process_seqs] Processed 1066668 reads in 780.214 CPU sec, 50.355 real sec
[M::mem_pestat] # candidate unique pairs for (FF, FR, RF, RR): (37, 228790, 51, 23)
[M::mem_pestat] analyzing insert size distribution for orientation FF...
[M::mem_pestat] (25, 50, 75) percentile: (151, 220, 1329)
[M::mem_pestat] low and high boundaries for computing mean and std.dev: (1, 3685)
[M::mem_pestat] mean and std.dev: (465.45, 535.45)
[M::mem_pestat] low and high boundaries for proper pairs: (1, 4863)
[M::mem_pestat] analyzing insert size distribution for orientation FR...
[M::mem_pestat] (25, 50, 75) percentile: (204, 280, 363)
[M::mem_pestat] low and high boundaries for computing mean and std.dev: (1, 681)
[M::mem_pestat] mean and std.dev: (286.63, 116.34)
[M::mem_pestat] low and high boundaries for proper pairs: (1, 840)
[M::mem_pestat] analyzing insert size distribution for orientation RF...
[M::mem_pestat] (25, 50, 75) percentile: (227, 843, 5896)
[M::mem_pestat] low and high boundaries for computing mean and std.dev: (1, 17234)
[M::mem_pestat] mean and std.dev: (2711.90, 3086.38)
[M::mem_pestat] low and high boundaries for proper pairs: (1, 22903)
[M::mem_pestat] analyzing insert size distribution for orientation RR...
[M::mem_pestat] (25, 50, 75) percentile: (152, 264, 463)
[M::mem_pestat] low and high boundaries for computing mean and std.dev: (1, 1085)
[M::mem_pestat] mean and std.dev: (263.26, 139.49)
[M::mem_pestat] low and high boundaries for proper pairs: (1, 1396)
[M::mem_pestat] skip orientation FF
[M::mem_pestat] skip orientation RF
[M::mem_pestat] skip orientation RR
[M::process] read 1066668 sequences (160000200 bp)...
[M::mem_process_seqs] Processed 1066668 reads in 780.481 CPU sec, 50.748 real sec
[M::mem_pestat] # candidate unique pairs for (FF, FR, RF, RR): (31, 228407, 65, 20)
[M::mem_pestat] analyzing insert size distribution for orientation FF...
[M::mem_pestat] (25, 50, 75) percentile: (217, 354, 712)
[M::mem_pestat] low and high boundaries for computing mean and std.dev: (1, 1702)
[M::mem_pestat] mean and std.dev: (474.55, 412.43)
[M::mem_pestat] low and high boundaries for proper pairs: (1, 2197)
[M::mem_pestat] analyzing insert size distribution for orientation FR...
[M::mem_pestat] (25, 50, 75) percentile: (204, 280, 362)
[M::mem_pestat] low and high boundaries for computing mean and std.dev: (1, 678)
[M::mem_pestat] mean and std.dev: (286.24, 115.42)
[M::mem_pestat] low and high boundaries for proper pairs: (1, 836)
[M::mem_pestat] analyzing insert size distribution for orientation RF...
[M::mem_pestat] (25, 50, 75) percentile: (281, 1037, 3869)
[M::mem_pestat] low and high boundaries for computing mean and std.dev: (1, 11045)
[M::mem_pestat] mean and std.dev: (2142.38, 2445.18)
[M::mem_pestat] low and high boundaries for proper pairs: (1, 14633)
[M::mem_pestat] analyzing insert size distribution for orientation RR...
[M::mem_pestat] (25, 50, 75) percentile: (172, 202, 1166)
[M::mem_pestat] low and high boundaries for computing mean and std.dev: (1, 3154)
[M::mem_pestat] mean and std.dev: (494.47, 516.37)
[M::mem_pestat] low and high boundaries for proper pairs: (1, 4148)
[M::mem_pestat] skip orientation FF
[M::mem_pestat] skip orientation RF
[M::mem_pestat] skip orientation RR
[M::process] read 1066668 sequences (160000200 bp)...
[M::mem_process_seqs] Processed 1066668 reads in 782.811 CPU sec, 51.095 real sec
[M::mem_pestat] # candidate unique pairs for (FF, FR, RF, RR): (30, 229351, 60, 33)
[M::mem_pestat] analyzing insert size distribution for orientation FF...
[M::mem_pestat] (25, 50, 75) percentile: (163, 345, 762)
[M::mem_pestat] low and high boundaries for computing mean and std.dev: (1, 1960)
[M::mem_pestat] mean and std.dev: (416.85, 382.80)
[M::mem_pestat] low and high boundaries for proper pairs: (1, 2559)
[M::mem_pestat] analyzing insert size distribution for orientation FR...
[M::mem_pestat] (25, 50, 75) percentile: (206, 282, 362)
[M::mem_pestat] low and high boundaries for computing mean and std.dev: (1, 674)
[M::mem_pestat] mean and std.dev: (287.57, 115.11)
[M::mem_pestat] low and high boundaries for proper pairs: (1, 830)
[M::mem_pestat] analyzing insert size distribution for orientation RF...
[M::mem_pestat] (25, 50, 75) percentile: (437, 936, 5776)
[M::mem_pestat] low and high boundaries for computing mean and std.dev: (1, 16454)
[M::mem_pestat] mean and std.dev: (2799.82, 3155.03)
[M::mem_pestat] low and high boundaries for proper pairs: (1, 21793)
[M::mem_pestat] analyzing insert size distribution for orientation RR...
[M::mem_pestat] (25, 50, 75) percentile: (181, 310, 1919)
[M::mem_pestat] low and high boundaries for computing mean and std.dev: (1, 5395)
[M::mem_pestat] mean and std.dev: (904.21, 1137.72)
[M::mem_pestat] low and high boundaries for proper pairs: (1, 7133)
[M::mem_pestat] skip orientation FF
[M::mem_pestat] skip orientation RF
[M::mem_pestat] skip orientation RR
[M::process] read 1066668 sequences (160000200 bp)...
[M::mem_process_seqs] Processed 1066668 reads in 784.532 CPU sec, 51.000 real sec
[M::mem_pestat] # candidate unique pairs for (FF, FR, RF, RR): (31, 229249, 61, 41)
[M::mem_pestat] analyzing insert size distribution for orientation FF...
[M::mem_pestat] (25, 50, 75) percentile: (158, 256, 873)
[M::mem_pestat] low and high boundaries for computing mean and std.dev: (1, 2303)
[M::mem_pestat] mean and std.dev: (438.48, 421.94)
[M::mem_pestat] low and high boundaries for proper pairs: (1, 3018)
[M::mem_pestat] analyzing insert size distribution for orientation FR...
[M::mem_pestat] (25, 50, 75) percentile: (207, 282, 363)
[M::mem_pestat] low and high boundaries for computing mean and std.dev: (1, 675)
[M::mem_pestat] mean and std.dev: (287.89, 114.61)
[M::mem_pestat] low and high boundaries for proper pairs: (1, 831)
[M::mem_pestat] analyzing insert size distribution for orientation RF...
[M::mem_pestat] (25, 50, 75) percentile: (222, 771, 5685)
[M::mem_pestat] low and high boundaries for computing mean and std.dev: (1, 16611)
[M::mem_pestat] mean and std.dev: (2610.25, 3361.21)
[M::mem_pestat] low and high boundaries for proper pairs: (1, 22074)
[M::mem_pestat] analyzing insert size distribution for orientation RR...
[M::mem_pestat] (25, 50, 75) percentile: (170, 285, 678)
[M::mem_pestat] low and high boundaries for computing mean and std.dev: (1, 1694)
[M::mem_pestat] mean and std.dev: (342.37, 297.82)
[M::mem_pestat] low and high boundaries for proper pairs: (1, 2202)
[M::mem_pestat] skip orientation FF
[M::mem_pestat] skip orientation RF
[M::mem_pestat] skip orientation RR
[M::process] read 1066668 sequences (160000200 bp)...
[M::mem_process_seqs] Processed 1066668 reads in 790.311 CPU sec, 51.518 real sec
[M::mem_pestat] # candidate unique pairs for (FF, FR, RF, RR): (31, 229180, 81, 30)
[M::mem_pestat] analyzing insert size distribution for orientation FF...
[M::mem_pestat] (25, 50, 75) percentile: (160, 261, 1241)
[M::mem_pestat] low and high boundaries for computing mean and std.dev: (1, 3403)
[M::mem_pestat] mean and std.dev: (411.56, 414.27)
[M::mem_pestat] low and high boundaries for proper pairs: (1, 4484)
[M::mem_pestat] analyzing insert size distribution for orientation FR...
[M::mem_pestat] (25, 50, 75) percentile: (207, 282, 362)
[M::mem_pestat] low and high boundaries for computing mean and std.dev: (1, 672)
[M::mem_pestat] mean and std.dev: (287.44, 114.26)
[M::mem_pestat] low and high boundaries for proper pairs: (1, 827)
[M::mem_pestat] analyzing insert size distribution for orientation RF...
[M::mem_pestat] (25, 50, 75) percentile: (211, 865, 6487)
[M::mem_pestat] low and high boundaries for computing mean and std.dev: (1, 19039)
[M::mem_pestat] mean and std.dev: (2911.30, 3430.52)
[M::mem_pestat] low and high boundaries for proper pairs: (1, 25315)
[M::mem_pestat] analyzing insert size distribution for orientation RR...
[M::mem_pestat] (25, 50, 75) percentile: (149, 335, 772)
[M::mem_pestat] low and high boundaries for computing mean and std.dev: (1, 2018)
[M::mem_pestat] mean and std.dev: (314.29, 257.79)
[M::mem_pestat] low and high boundaries for proper pairs: (1, 2641)
[M::mem_pestat] skip orientation FF
[M::mem_pestat] skip orientation RF
[M::mem_pestat] skip orientation RR
[M::process] read 1066668 sequences (160000200 bp)...
[M::mem_process_seqs] Processed 1066668 reads in 795.538 CPU sec, 51.589 real sec
[M::process] read 1066668 sequences (160000200 bp)...
[M::mem_pestat] # candidate unique pairs for (FF, FR, RF, RR): (41, 227943, 51, 21)
[M::mem_pestat] analyzing insert size distribution for orientation FF...
[M::mem_pestat] (25, 50, 75) percentile: (125, 285, 995)
[M::mem_pestat] low and high boundaries for computing mean and std.dev: (1, 2735)
[M::mem_pestat] mean and std.dev: (532.63, 624.85)
[M::mem_pestat] low and high boundaries for proper pairs: (1, 3605)
[M::mem_pestat] analyzing insert size distribution for orientation FR...
[M::mem_pestat] (25, 50, 75) percentile: (199, 275, 358)
[M::mem_pestat] low and high boundaries for computing mean and std.dev: (1, 676)
[M::mem_pestat] mean and std.dev: (282.40, 116.74)
[M::mem_pestat] low and high boundaries for proper pairs: (1, 835)
[M::mem_pestat] analyzing insert size distribution for orientation RF...
[M::mem_pestat] (25, 50, 75) percentile: (281, 2771, 6108)
[M::mem_pestat] low and high boundaries for computing mean and std.dev: (1, 17762)
[M::mem_pestat] mean and std.dev: (3770.45, 3525.19)
[M::mem_pestat] low and high boundaries for proper pairs: (1, 23589)
[M::mem_pestat] analyzing insert size distribution for orientation RR...
[M::mem_pestat] (25, 50, 75) percentile: (146, 176, 507)
[M::mem_pestat] low and high boundaries for computing mean and std.dev: (1, 1229)
[M::mem_pestat] mean and std.dev: (222.17, 164.18)
[M::mem_pestat] low and high boundaries for proper pairs: (1, 1590)
[M::mem_pestat] skip orientation FF
[M::mem_pestat] skip orientation RF
[M::mem_pestat] skip orientation RR
[M::mem_process_seqs] Processed 1066668 reads in 797.610 CPU sec, 52.006 real sec
[M::process] read 1066668 sequences (160000200 bp)...
[M::mem_pestat] # candidate unique pairs for (FF, FR, RF, RR): (33, 226903, 93, 33)
[M::mem_pestat] analyzing insert size distribution for orientation FF...
[M::mem_pestat] (25, 50, 75) percentile: (180, 311, 1351)
[M::mem_pestat] low and high boundaries for computing mean and std.dev: (1, 3693)
[M::mem_pestat] mean and std.dev: (495.03, 510.98)
[M::mem_pestat] low and high boundaries for proper pairs: (1, 4864)
[M::mem_pestat] analyzing insert size distribution for orientation FR...
[M::mem_pestat] (25, 50, 75) percentile: (200, 277, 362)
[M::mem_pestat] low and high boundaries for computing mean and std.dev: (1, 686)
[M::mem_pestat] mean and std.dev: (284.97, 117.95)
[M::mem_pestat] low and high boundaries for proper pairs: (1, 848)
[M::mem_pestat] analyzing insert size distribution for orientation RF...
[M::mem_pestat] (25, 50, 75) percentile: (223, 956, 5167)
[M::mem_pestat] low and high boundaries for computing mean and std.dev: (1, 15055)
[M::mem_pestat] mean and std.dev: (2783.45, 3200.61)
[M::mem_pestat] low and high boundaries for proper pairs: (1, 19999)
[M::mem_pestat] analyzing insert size distribution for orientation RR...
[M::mem_pestat] (25, 50, 75) percentile: (151, 349, 1277)
[M::mem_pestat] low and high boundaries for computing mean and std.dev: (1, 3529)
[M::mem_pestat] mean and std.dev: (660.66, 797.68)
[M::mem_pestat] low and high boundaries for proper pairs: (1, 4655)
[M::mem_pestat] skip orientation FF
[M::mem_pestat] skip orientation RF
[M::mem_pestat] skip orientation RR
[M::mem_process_seqs] Processed 1066668 reads in 787.655 CPU sec, 51.506 real sec
[M::mem_pestat] # candidate unique pairs for (FF, FR, RF, RR): (29, 229412, 58, 32)
[M::mem_pestat] analyzing insert size distribution for orientation FF...
[M::mem_pestat] (25, 50, 75) percentile: (203, 354, 779)
[M::mem_pestat] low and high boundaries for computing mean and std.dev: (1, 1931)
[M::mem_pestat] mean and std.dev: (408.12, 316.23)
[M::mem_pestat] low and high boundaries for proper pairs: (1, 2507)
[M::mem_pestat] analyzing insert size distribution for orientation FR...
[M::mem_pestat] (25, 50, 75) percentile: (202, 277, 361)
[M::mem_pestat] low and high boundaries for computing mean and std.dev: (1, 679)
[M::mem_pestat] mean and std.dev: (285.25, 117.16)
[M::mem_pestat] low and high boundaries for proper pairs: (1, 838)
[M::mem_pestat] analyzing insert size distribution for orientation RF...
[M::mem_pestat] (25, 50, 75) percentile: (172, 542, 2148)
[M::mem_pestat] low and high boundaries for computing mean and std.dev: (1, 6100)
[M::mem_pestat] mean and std.dev: (1027.82, 1364.37)
[M::mem_pestat] low and high boundaries for proper pairs: (1, 8076)
[M::mem_pestat] analyzing insert size distribution for orientation RR...
[M::mem_pestat] (25, 50, 75) percentile: (227, 329, 1343)
[M::mem_pestat] low and high boundaries for computing mean and std.dev: (1, 3575)
[M::mem_pestat] mean and std.dev: (541.25, 688.37)
[M::mem_pestat] low and high boundaries for proper pairs: (1, 4691)
[M::mem_pestat] skip orientation FF
[M::mem_pestat] skip orientation RF
[M::mem_pestat] skip orientation RR
[M::process] read 1066668 sequences (160000200 bp)...
[M::mem_process_seqs] Processed 1066668 reads in 771.544 CPU sec, 50.101 real sec
[M::process] read 1066668 sequences (160000200 bp)...
[M::mem_pestat] # candidate unique pairs for (FF, FR, RF, RR): (31, 228312, 63, 39)
[M::mem_pestat] analyzing insert size distribution for orientation FF...
[M::mem_pestat] (25, 50, 75) percentile: (167, 277, 748)
[M::mem_pestat] low and high boundaries for computing mean and std.dev: (1, 1910)
[M::mem_pestat] mean and std.dev: (398.57, 351.26)
[M::mem_pestat] low and high boundaries for proper pairs: (1, 2491)
[M::mem_pestat] analyzing insert size distribution for orientation FR...
[M::mem_pestat] (25, 50, 75) percentile: (201, 278, 362)
[M::mem_pestat] low and high boundaries for computing mean and std.dev: (1, 684)
[M::mem_pestat] mean and std.dev: (285.36, 117.42)
[M::mem_pestat] low and high boundaries for proper pairs: (1, 845)
[M::mem_pestat] analyzing insert size distribution for orientation RF...
[M::mem_pestat] (25, 50, 75) percentile: (89, 429, 2470)
[M::mem_pestat] low and high boundaries for computing mean and std.dev: (1, 7232)
[M::mem_pestat] mean and std.dev: (1359.87, 1855.42)
[M::mem_pestat] low and high boundaries for proper pairs: (1, 9613)
[M::mem_pestat] analyzing insert size distribution for orientation RR...
[M::mem_pestat] (25, 50, 75) percentile: (130, 297, 1046)
[M::mem_pestat] low and high boundaries for computing mean and std.dev: (1, 2878)
[M::mem_pestat] mean and std.dev: (452.69, 481.74)
[M::mem_pestat] low and high boundaries for proper pairs: (1, 3794)
[M::mem_pestat] skip orientation FF
[M::mem_pestat] skip orientation RF
[M::mem_pestat] skip orientation RR
[M::mem_process_seqs] Processed 1066668 reads in 788.532 CPU sec, 51.772 real sec
[M::process] read 1066668 sequences (160000200 bp)...
[M::mem_pestat] # candidate unique pairs for (FF, FR, RF, RR): (31, 228812, 76, 43)
[M::mem_pestat] analyzing insert size distribution for orientation FF...
[M::mem_pestat] (25, 50, 75) percentile: (136, 314, 1105)
[M::mem_pestat] low and high boundaries for computing mean and std.dev: (1, 3043)
[M::mem_pestat] mean and std.dev: (542.45, 535.55)
[M::mem_pestat] low and high boundaries for proper pairs: (1, 4012)
[M::mem_pestat] analyzing insert size distribution for orientation FR...
[M::mem_pestat] (25, 50, 75) percentile: (203, 280, 364)
[M::mem_pestat] low and high boundaries for computing mean and std.dev: (1, 686)
[M::mem_pestat] mean and std.dev: (287.40, 117.56)
[M::mem_pestat] low and high boundaries for proper pairs: (1, 847)
[M::mem_pestat] analyzing insert size distribution for orientation RF...
[M::mem_pestat] (25, 50, 75) percentile: (139, 859, 2533)
[M::mem_pestat] low and high boundaries for computing mean and std.dev: (1, 7321)
[M::mem_pestat] mean and std.dev: (1400.97, 1651.78)
[M::mem_pestat] low and high boundaries for proper pairs: (1, 9715)
[M::mem_pestat] analyzing insert size distribution for orientation RR...
[M::mem_pestat] (25, 50, 75) percentile: (129, 205, 1222)
[M::mem_pestat] low and high boundaries for computing mean and std.dev: (1, 3408)
[M::mem_pestat] mean and std.dev: (522.13, 768.31)
[M::mem_pestat] low and high boundaries for proper pairs: (1, 4501)
[M::mem_pestat] skip orientation FF
[M::mem_pestat] skip orientation RF
[M::mem_pestat] skip orientation RR
[M::mem_process_seqs] Processed 1066668 reads in 783.272 CPU sec, 50.921 real sec
[M::mem_pestat] # candidate unique pairs for (FF, FR, RF, RR): (41, 228369, 59, 32)
[M::mem_pestat] analyzing insert size distribution for orientation FF...
[M::mem_pestat] (25, 50, 75) percentile: (155, 359, 1288)
[M::mem_pestat] low and high boundaries for computing mean and std.dev: (1, 3554)
[M::mem_pestat] mean and std.dev: (514.69, 483.07)
[M::mem_pestat] low and high boundaries for proper pairs: (1, 4687)
[M::mem_pestat] analyzing insert size distribution for orientation FR...
[M::mem_pestat] (25, 50, 75) percentile: (206, 284, 368)
[M::mem_pestat] low and high boundaries for computing mean and std.dev: (1, 692)
[M::mem_pestat] mean and std.dev: (290.78, 118.60)
[M::mem_pestat] low and high boundaries for proper pairs: (1, 854)
[M::mem_pestat] analyzing insert size distribution for orientation RF...
[M::mem_pestat] (25, 50, 75) percentile: (155, 759, 4198)
[M::mem_pestat] low and high boundaries for computing mean and std.dev: (1, 12284)
[M::mem_pestat] mean and std.dev: (2318.97, 2907.08)
[M::mem_pestat] low and high boundaries for proper pairs: (1, 16327)
[M::mem_pestat] analyzing insert size distribution for orientation RR...
[M::mem_pestat] (25, 50, 75) percentile: (201, 405, 1488)
[M::mem_pestat] low and high boundaries for computing mean and std.dev: (1, 4062)
[M::mem_pestat] mean and std.dev: (678.73, 782.57)
[M::mem_pestat] low and high boundaries for proper pairs: (1, 5349)
[M::mem_pestat] skip orientation FF
[M::mem_pestat] skip orientation RF
[M::mem_pestat] skip orientation RR
[M::process] read 1066668 sequences (160000200 bp)...
[M::mem_process_seqs] Processed 1066668 reads in 790.591 CPU sec, 51.534 real sec
[M::mem_pestat] # candidate unique pairs for (FF, FR, RF, RR): (34, 229421, 65, 27)
[M::mem_pestat] analyzing insert size distribution for orientation FF...
[M::mem_pestat] (25, 50, 75) percentile: (158, 195, 466)
[M::mem_pestat] low and high boundaries for computing mean and std.dev: (1, 1082)
[M::mem_pestat] mean and std.dev: (275.45, 222.75)
[M::mem_pestat] low and high boundaries for proper pairs: (1, 1390)
[M::mem_pestat] analyzing insert size distribution for orientation FR...
[M::mem_pestat] (25, 50, 75) percentile: (205, 281, 362)
[M::mem_pestat] low and high boundaries for computing mean and std.dev: (1, 676)
[M::mem_pestat] mean and std.dev: (287.04, 115.53)
[M::mem_pestat] low and high boundaries for proper pairs: (1, 833)
[M::mem_pestat] analyzing insert size distribution for orientation RF...
[M::mem_pestat] (25, 50, 75) percentile: (119, 515, 3316)
[M::mem_pestat] low and high boundaries for computing mean and std.dev: (1, 9710)
[M::mem_pestat] mean and std.dev: (2011.61, 2738.48)
[M::mem_pestat] low and high boundaries for proper pairs: (1, 12966)
[M::mem_pestat] analyzing insert size distribution for orientation RR...
[M::mem_pestat] (25, 50, 75) percentile: (153, 218, 371)
[M::mem_pestat] low and high boundaries for computing mean and std.dev: (1, 807)
[M::mem_pestat] mean and std.dev: (244.08, 148.66)
[M::mem_pestat] low and high boundaries for proper pairs: (1, 1025)
[M::mem_pestat] skip orientation FF
[M::mem_pestat] skip orientation RF
[M::mem_pestat] skip orientation RR
[M::process] read 1066668 sequences (160000200 bp)...
[M::mem_process_seqs] Processed 1066668 reads in 780.455 CPU sec, 50.699 real sec
[M::mem_pestat] # candidate unique pairs for (FF, FR, RF, RR): (31, 228300, 69, 32)
[M::mem_pestat] analyzing insert size distribution for orientation FF...
[M::mem_pestat] (25, 50, 75) percentile: (146, 274, 1343)
[M::mem_pestat] low and high boundaries for computing mean and std.dev: (1, 3737)
[M::mem_pestat] mean and std.dev: (470.89, 569.43)
[M::mem_pestat] low and high boundaries for proper pairs: (1, 4934)
[M::mem_pestat] analyzing insert size distribution for orientation FR...
[M::mem_pestat] (25, 50, 75) percentile: (206, 280, 362)
[M::mem_pestat] low and high boundaries for computing mean and std.dev: (1, 674)
[M::mem_pestat] mean and std.dev: (286.99, 114.96)
[M::mem_pestat] low and high boundaries for proper pairs: (1, 830)
[M::mem_pestat] analyzing insert size distribution for orientation RF...
[M::mem_pestat] (25, 50, 75) percentile: (198, 1186, 5146)
[M::mem_pestat] low and high boundaries for computing mean and std.dev: (1, 15042)
[M::mem_pestat] mean and std.dev: (2710.03, 3042.78)
[M::mem_pestat] low and high boundaries for proper pairs: (1, 19990)
[M::mem_pestat] analyzing insert size distribution for orientation RR...
[M::mem_pestat] (25, 50, 75) percentile: (248, 391, 1313)
[M::mem_pestat] low and high boundaries for computing mean and std.dev: (1, 3443)
[M::mem_pestat] mean and std.dev: (573.76, 587.21)
[M::mem_pestat] low and high boundaries for proper pairs: (1, 4508)
[M::mem_pestat] skip orientation FF
[M::mem_pestat] skip orientation RF
[M::mem_pestat] skip orientation RR
[M::process] read 1066668 sequences (160000200 bp)...
[M::mem_process_seqs] Processed 1066668 reads in 794.546 CPU sec, 51.540 real sec
[M::mem_pestat] # candidate unique pairs for (FF, FR, RF, RR): (29, 226892, 52, 34)
[M::mem_pestat] analyzing insert size distribution for orientation FF...
[M::mem_pestat] (25, 50, 75) percentile: (165, 265, 855)
[M::mem_pestat] low and high boundaries for computing mean and std.dev: (1, 2235)
[M::mem_pestat] mean and std.dev: (429.38, 465.81)
[M::mem_pestat] low and high boundaries for proper pairs: (1, 2925)
[M::mem_pestat] analyzing insert size distribution for orientation FR...
[M::mem_pestat] (25, 50, 75) percentile: (196, 271, 353)
[M::mem_pestat] low and high boundaries for computing mean and std.dev: (1, 667)
[M::mem_pestat] mean and std.dev: (278.87, 115.29)
[M::mem_pestat] low and high boundaries for proper pairs: (1, 824)
[M::mem_pestat] analyzing insert size distribution for orientation RF...
[M::mem_pestat] (25, 50, 75) percentile: (103, 876, 3084)
[M::mem_pestat] low and high boundaries for computing mean and std.dev: (1, 9046)
[M::mem_pestat] mean and std.dev: (1630.08, 2208.37)
[M::mem_pestat] low and high boundaries for proper pairs: (1, 12027)
[M::mem_pestat] analyzing insert size distribution for orientation RR...
[M::mem_pestat] (25, 50, 75) percentile: (167, 375, 708)
[M::mem_pestat] low and high boundaries for computing mean and std.dev: (1, 1790)
[M::mem_pestat] mean and std.dev: (357.55, 299.46)
[M::mem_pestat] low and high boundaries for proper pairs: (1, 2331)
[M::mem_pestat] skip orientation FF
[M::mem_pestat] skip orientation RF
[M::mem_pestat] skip orientation RR
[M::process] read 1066668 sequences (160000200 bp)...
[M::mem_process_seqs] Processed 1066668 reads in 784.135 CPU sec, 51.182 real sec
[M::mem_pestat] # candidate unique pairs for (FF, FR, RF, RR): (41, 227633, 65, 26)
[M::mem_pestat] analyzing insert size distribution for orientation FF...
[M::mem_pestat] (25, 50, 75) percentile: (141, 349, 673)
[M::mem_pestat] low and high boundaries for computing mean and std.dev: (1, 1737)
[M::mem_pestat] mean and std.dev: (378.69, 340.18)
[M::mem_pestat] low and high boundaries for proper pairs: (1, 2269)
[M::mem_pestat] analyzing insert size distribution for orientation FR...
[M::mem_pestat] (25, 50, 75) percentile: (199, 276, 359)
[M::mem_pestat] low and high boundaries for computing mean and std.dev: (1, 679)
[M::mem_pestat] mean and std.dev: (283.30, 117.37)
[M::mem_pestat] low and high boundaries for proper pairs: (1, 839)
[M::mem_pestat] analyzing insert size distribution for orientation RF...
[M::mem_pestat] (25, 50, 75) percentile: (106, 655, 2723)
[M::mem_pestat] low and high boundaries for computing mean and std.dev: (1, 7957)
[M::mem_pestat] mean and std.dev: (1506.83, 1888.49)
[M::mem_pestat] low and high boundaries for proper pairs: (1, 10574)
[M::mem_pestat] analyzing insert size distribution for orientation RR...
[M::mem_pestat] (25, 50, 75) percentile: (185, 322, 1277)
[M::mem_pestat] low and high boundaries for computing mean and std.dev: (1, 3461)
[M::mem_pestat] mean and std.dev: (548.39, 678.71)
[M::mem_pestat] low and high boundaries for proper pairs: (1, 4553)
[M::mem_pestat] skip orientation FF
[M::mem_pestat] skip orientation RF
[M::mem_pestat] skip orientation RR
[M::process] read 1066668 sequences (160000200 bp)...
[M::mem_process_seqs] Processed 1066668 reads in 786.847 CPU sec, 51.296 real sec
[M::mem_pestat] # candidate unique pairs for (FF, FR, RF, RR): (38, 226728, 50, 20)
[M::mem_pestat] analyzing insert size distribution for orientation FF...
[M::mem_pestat] (25, 50, 75) percentile: (157, 377, 1384)
[M::mem_pestat] low and high boundaries for computing mean and std.dev: (1, 3838)
[M::mem_pestat] mean and std.dev: (779.51, 947.08)
[M::mem_pestat] low and high boundaries for proper pairs: (1, 5065)
[M::mem_pestat] analyzing insert size distribution for orientation FR...
[M::mem_pestat] (25, 50, 75) percentile: (197, 273, 355)
[M::mem_pestat] low and high boundaries for computing mean and std.dev: (1, 671)
[M::mem_pestat] mean and std.dev: (280.39, 115.49)
[M::mem_pestat] low and high boundaries for proper pairs: (1, 829)
[M::mem_pestat] analyzing insert size distribution for orientation RF...
[M::mem_pestat] (25, 50, 75) percentile: (87, 257, 1419)
[M::mem_pestat] low and high boundaries for computing mean and std.dev: (1, 4083)
[M::mem_pestat] mean and std.dev: (619.45, 836.81)
[M::mem_pestat] low and high boundaries for proper pairs: (1, 5415)
[M::mem_pestat] analyzing insert size distribution for orientation RR...
[M::mem_pestat] (25, 50, 75) percentile: (227, 486, 755)
[M::mem_pestat] low and high boundaries for computing mean and std.dev: (1, 1811)
[M::mem_pestat] mean and std.dev: (535.80, 419.93)
[M::mem_pestat] low and high boundaries for proper pairs: (1, 2339)
[M::mem_pestat] skip orientation FF
[M::mem_pestat] skip orientation RF
[M::mem_pestat] skip orientation RR
[M::process] read 1066668 sequences (160000200 bp)...
[M::mem_process_seqs] Processed 1066668 reads in 784.134 CPU sec, 51.090 real sec
[M::mem_pestat] # candidate unique pairs for (FF, FR, RF, RR): (45, 227878, 51, 25)
[M::mem_pestat] analyzing insert size distribution for orientation FF...
[M::mem_pestat] (25, 50, 75) percentile: (148, 257, 509)
[M::mem_pestat] low and high boundaries for computing mean and std.dev: (1, 1231)
[M::mem_pestat] mean and std.dev: (279.64, 229.20)
[M::mem_pestat] low and high boundaries for proper pairs: (1, 1592)
[M::mem_pestat] analyzing insert size distribution for orientation FR...
[M::mem_pestat] (25, 50, 75) percentile: (198, 273, 356)
[M::mem_pestat] low and high boundaries for computing mean and std.dev: (1, 672)
[M::mem_pestat] mean and std.dev: (280.69, 115.57)
[M::mem_pestat] low and high boundaries for proper pairs: (1, 830)
[M::mem_pestat] analyzing insert size distribution for orientation RF...
[M::mem_pestat] (25, 50, 75) percentile: (110, 532, 2271)
[M::mem_pestat] low and high boundaries for computing mean and std.dev: (1, 6593)
[M::mem_pestat] mean and std.dev: (1197.89, 1734.71)
[M::mem_pestat] low and high boundaries for proper pairs: (1, 8754)
[M::mem_pestat] analyzing insert size distribution for orientation RR...
[M::mem_pestat] (25, 50, 75) percentile: (128, 188, 298)
[M::mem_pestat] low and high boundaries for computing mean and std.dev: (1, 638)
[M::mem_pestat] mean and std.dev: (214.57, 134.91)
[M::mem_pestat] low and high boundaries for proper pairs: (1, 808)
[M::mem_pestat] skip orientation FF
[M::mem_pestat] skip orientation RF
[M::mem_pestat] skip orientation RR
[M::mem_process_seqs] Processed 1066668 reads in 785.495 CPU sec, 54.610 real sec
[M::process] read 1066668 sequences (160000200 bp)...
[M::process] read 1066668 sequences (160000200 bp)...
[M::mem_pestat] # candidate unique pairs for (FF, FR, RF, RR): (40, 228314, 59, 30)
[M::mem_pestat] analyzing insert size distribution for orientation FF...
[M::mem_pestat] (25, 50, 75) percentile: (163, 401, 623)
[M::mem_pestat] low and high boundaries for computing mean and std.dev: (1, 1543)
[M::mem_pestat] mean and std.dev: (398.78, 336.30)
[M::mem_pestat] low and high boundaries for proper pairs: (1, 2003)
[M::mem_pestat] analyzing insert size distribution for orientation FR...
[M::mem_pestat] (25, 50, 75) percentile: (203, 280, 363)
[M::mem_pestat] low and high boundaries for computing mean and std.dev: (1, 683)
[M::mem_pestat] mean and std.dev: (287.00, 117.45)
[M::mem_pestat] low and high boundaries for proper pairs: (1, 843)
[M::mem_pestat] analyzing insert size distribution for orientation RF...
[M::mem_pestat] (25, 50, 75) percentile: (182, 1362, 3456)
[M::mem_pestat] low and high boundaries for computing mean and std.dev: (1, 10004)
[M::mem_pestat] mean and std.dev: (2317.19, 2841.94)
[M::mem_pestat] low and high boundaries for proper pairs: (1, 13685)
[M::mem_pestat] analyzing insert size distribution for orientation RR...
[M::mem_pestat] (25, 50, 75) percentile: (181, 252, 354)
[M::mem_pestat] low and high boundaries for computing mean and std.dev: (1, 700)
[M::mem_pestat] mean and std.dev: (239.92, 124.93)
[M::mem_pestat] low and high boundaries for proper pairs: (1, 873)
[M::mem_pestat] skip orientation FF
[M::mem_pestat] skip orientation RF
[M::mem_pestat] skip orientation RR
[M::mem_process_seqs] Processed 1066668 reads in 782.389 CPU sec, 50.595 real sec
[M::process] read 1066668 sequences (160000200 bp)...
[M::mem_pestat] # candidate unique pairs for (FF, FR, RF, RR): (33, 228902, 64, 42)
[M::mem_pestat] analyzing insert size distribution for orientation FF...
[M::mem_pestat] (25, 50, 75) percentile: (131, 229, 649)
[M::mem_pestat] low and high boundaries for computing mean and std.dev: (1, 1685)
[M::mem_pestat] mean and std.dev: (239.44, 159.01)
[M::mem_pestat] low and high boundaries for proper pairs: (1, 2203)
[M::mem_pestat] analyzing insert size distribution for orientation FR...
[M::mem_pestat] (25, 50, 75) percentile: (205, 281, 363)
[M::mem_pestat] low and high boundaries for computing mean and std.dev: (1, 679)
[M::mem_pestat] mean and std.dev: (287.99, 116.61)
[M::mem_pestat] low and high boundaries for proper pairs: (1, 837)
[M::mem_pestat] analyzing insert size distribution for orientation RF...
[M::mem_pestat] (25, 50, 75) percentile: (117, 504, 1821)
[M::mem_pestat] low and high boundaries for computing mean and std.dev: (1, 5229)
[M::mem_pestat] mean and std.dev: (883.15, 1097.67)
[M::mem_pestat] low and high boundaries for proper pairs: (1, 6933)
[M::mem_pestat] analyzing insert size distribution for orientation RR...
[M::mem_pestat] (25, 50, 75) percentile: (206, 438, 587)
[M::mem_pestat] low and high boundaries for computing mean and std.dev: (1, 1349)
[M::mem_pestat] mean and std.dev: (382.06, 260.32)
[M::mem_pestat] low and high boundaries for proper pairs: (1, 1730)
[M::mem_pestat] skip orientation FF
[M::mem_pestat] skip orientation RF
[M::mem_pestat] skip orientation RR
[M::mem_process_seqs] Processed 1066668 reads in 783.056 CPU sec, 51.140 real sec
[M::mem_pestat] # candidate unique pairs for (FF, FR, RF, RR): (31, 228756, 66, 35)
[M::mem_pestat] analyzing insert size distribution for orientation FF...
[M::mem_pestat] (25, 50, 75) percentile: (125, 331, 1674)
[M::mem_pestat] low and high boundaries for computing mean and std.dev: (1, 4772)
[M::mem_pestat] mean and std.dev: (531.72, 793.76)
[M::mem_pestat] low and high boundaries for proper pairs: (1, 6321)
[M::mem_pestat] analyzing insert size distribution for orientation FR...
[M::mem_pestat] (25, 50, 75) percentile: (206, 281, 363)
[M::mem_pestat] low and high boundaries for computing mean and std.dev: (1, 677)
[M::mem_pestat] mean and std.dev: (287.42, 115.49)
[M::mem_pestat] low and high boundaries for proper pairs: (1, 834)
[M::mem_pestat] analyzing insert size distribution for orientation RF...
[M::mem_pestat] (25, 50, 75) percentile: (195, 586, 2350)
[M::mem_pestat] low and high boundaries for computing mean and std.dev: (1, 6660)
[M::mem_pestat] mean and std.dev: (1151.81, 1524.03)
[M::mem_pestat] low and high boundaries for proper pairs: (1, 8815)
[M::mem_pestat] analyzing insert size distribution for orientation RR...
[M::mem_pestat] (25, 50, 75) percentile: (200, 258, 478)
[M::mem_pestat] low and high boundaries for computing mean and std.dev: (1, 1034)
[M::mem_pestat] mean and std.dev: (300.55, 194.18)
[M::mem_pestat] low and high boundaries for proper pairs: (1, 1312)
[M::mem_pestat] skip orientation FF
[M::mem_pestat] skip orientation RF
[M::mem_pestat] skip orientation RR
[M::process] read 1066668 sequences (160000200 bp)...
[M::mem_process_seqs] Processed 1066668 reads in 793.610 CPU sec, 51.960 real sec
[M::process] read 1066668 sequences (160000200 bp)...
[M::mem_pestat] # candidate unique pairs for (FF, FR, RF, RR): (30, 227836, 64, 37)
[M::mem_pestat] analyzing insert size distribution for orientation FF...
[M::mem_pestat] (25, 50, 75) percentile: (122, 275, 339)
[M::mem_pestat] low and high boundaries for computing mean and std.dev: (1, 773)
[M::mem_pestat] mean and std.dev: (232.24, 137.97)
[M::mem_pestat] low and high boundaries for proper pairs: (1, 990)
[M::mem_pestat] analyzing insert size distribution for orientation FR...
[M::mem_pestat] (25, 50, 75) percentile: (200, 276, 358)
[M::mem_pestat] low and high boundaries for computing mean and std.dev: (1, 674)
[M::mem_pestat] mean and std.dev: (282.95, 115.70)
[M::mem_pestat] low and high boundaries for proper pairs: (1, 832)
[M::mem_pestat] analyzing insert size distribution for orientation RF...
[M::mem_pestat] (25, 50, 75) percentile: (185, 1204, 5717)
[M::mem_pestat] low and high boundaries for computing mean and std.dev: (1, 16781)
[M::mem_pestat] mean and std.dev: (2623.91, 3147.97)
[M::mem_pestat] low and high boundaries for proper pairs: (1, 22313)
[M::mem_pestat] analyzing insert size distribution for orientation RR...
[M::mem_pestat] (25, 50, 75) percentile: (130, 431, 1772)
[M::mem_pestat] low and high boundaries for computing mean and std.dev: (1, 5056)
[M::mem_pestat] mean and std.dev: (774.78, 1076.52)
[M::mem_pestat] low and high boundaries for proper pairs: (1, 6698)
[M::mem_pestat] skip orientation FF
[M::mem_pestat] skip orientation RF
[M::mem_pestat] skip orientation RR
[M::mem_process_seqs] Processed 1066668 reads in 807.844 CPU sec, 52.590 real sec
[M::mem_pestat] # candidate unique pairs for (FF, FR, RF, RR): (38, 226657, 56, 52)
[M::mem_pestat] analyzing insert size distribution for orientation FF...
[M::mem_pestat] (25, 50, 75) percentile: (130, 286, 705)
[M::mem_pestat] low and high boundaries for computing mean and std.dev: (1, 1855)
[M::mem_pestat] mean and std.dev: (431.25, 388.72)
[M::mem_pestat] low and high boundaries for proper pairs: (1, 2430)
[M::mem_pestat] analyzing insert size distribution for orientation FR...
[M::mem_pestat] (25, 50, 75) percentile: (199, 277, 362)
[M::mem_pestat] low and high boundaries for computing mean and std.dev: (1, 688)
[M::mem_pestat] mean and std.dev: (284.60, 118.13)
[M::mem_pestat] low and high boundaries for proper pairs: (1, 851)
[M::mem_pestat] analyzing insert size distribution for orientation RF...
[M::mem_pestat] (25, 50, 75) percentile: (139, 514, 4212)
[M::mem_pestat] low and high boundaries for computing mean and std.dev: (1, 12358)
[M::mem_pestat] mean and std.dev: (2232.07, 2759.15)
[M::mem_pestat] low and high boundaries for proper pairs: (1, 16431)
[M::mem_pestat] analyzing insert size distribution for orientation RR...
[M::mem_pestat] (25, 50, 75) percentile: (172, 367, 816)
[M::mem_pestat] low and high boundaries for computing mean and std.dev: (1, 2104)
[M::mem_pestat] mean and std.dev: (446.87, 376.92)
[M::mem_pestat] low and high boundaries for proper pairs: (1, 2748)
[M::mem_pestat] skip orientation FF
[M::mem_pestat] skip orientation RF
[M::mem_pestat] skip orientation RR
[M::process] read 1066668 sequences (160000200 bp)...
[M::mem_process_seqs] Processed 1066668 reads in 788.742 CPU sec, 51.462 real sec
[M::mem_pestat] # candidate unique pairs for (FF, FR, RF, RR): (37, 227401, 76, 36)
[M::mem_pestat] analyzing insert size distribution for orientation FF...
[M::mem_pestat] (25, 50, 75) percentile: (267, 415, 1061)
[M::mem_pestat] low and high boundaries for computing mean and std.dev: (1, 2649)
[M::mem_pestat] mean and std.dev: (678.03, 587.21)
[M::mem_pestat] low and high boundaries for proper pairs: (1, 3443)
[M::mem_pestat] analyzing insert size distribution for orientation FR...
[M::mem_pestat] (25, 50, 75) percentile: (199, 276, 360)
[M::mem_pestat] low and high boundaries for computing mean and std.dev: (1, 682)
[M::mem_pestat] mean and std.dev: (283.20, 117.37)
[M::mem_pestat] low and high boundaries for proper pairs: (1, 843)
[M::mem_pestat] analyzing insert size distribution for orientation RF...
[M::mem_pestat] (25, 50, 75) percentile: (116, 289, 1556)
[M::mem_pestat] low and high boundaries for computing mean and std.dev: (1, 4436)
[M::mem_pestat] mean and std.dev: (657.87, 838.26)
[M::mem_pestat] low and high boundaries for proper pairs: (1, 5876)
[M::mem_pestat] analyzing insert size distribution for orientation RR...
[M::mem_pestat] (25, 50, 75) percentile: (168, 296, 1699)
[M::mem_pestat] low and high boundaries for computing mean and std.dev: (1, 4761)
[M::mem_pestat] mean and std.dev: (635.19, 814.71)
[M::mem_pestat] low and high boundaries for proper pairs: (1, 6292)
[M::mem_pestat] skip orientation FF
[M::mem_pestat] skip orientation RF
[M::mem_pestat] skip orientation RR
[M::process] read 1066668 sequences (160000200 bp)...
[M::mem_process_seqs] Processed 1066668 reads in 792.326 CPU sec, 51.952 real sec
[M::mem_pestat] # candidate unique pairs for (FF, FR, RF, RR): (37, 227822, 38, 34)
[M::mem_pestat] analyzing insert size distribution for orientation FF...
[M::mem_pestat] (25, 50, 75) percentile: (139, 233, 654)
[M::mem_pestat] low and high boundaries for computing mean and std.dev: (1, 1684)
[M::mem_pestat] mean and std.dev: (307.00, 312.92)
[M::mem_pestat] low and high boundaries for proper pairs: (1, 2199)
[M::mem_pestat] analyzing insert size distribution for orientation FR...
[M::mem_pestat] (25, 50, 75) percentile: (200, 277, 360)
[M::mem_pestat] low and high boundaries for computing mean and std.dev: (1, 680)
[M::mem_pestat] mean and std.dev: (284.05, 117.22)
[M::mem_pestat] low and high boundaries for proper pairs: (1, 840)
[M::mem_pestat] analyzing insert size distribution for orientation RF...
[M::mem_pestat] (25, 50, 75) percentile: (94, 449, 2299)
[M::mem_pestat] low and high boundaries for computing mean and std.dev: (1, 6709)
[M::mem_pestat] mean and std.dev: (1162.97, 1650.74)
[M::mem_pestat] low and high boundaries for proper pairs: (1, 8914)
[M::mem_pestat] analyzing insert size distribution for orientation RR...
[M::mem_pestat] (25, 50, 75) percentile: (185, 538, 847)
[M::mem_pestat] low and high boundaries for computing mean and std.dev: (1, 2171)
[M::mem_pestat] mean and std.dev: (468.03, 301.00)
[M::mem_pestat] low and high boundaries for proper pairs: (1, 2833)
[M::mem_pestat] skip orientation FF
[M::mem_pestat] skip orientation RF
[M::mem_pestat] skip orientation RR
[M::process] read 1066668 sequences (160000200 bp)...
[M::mem_process_seqs] Processed 1066668 reads in 776.543 CPU sec, 50.549 real sec
[M::mem_pestat] # candidate unique pairs for (FF, FR, RF, RR): (36, 227867, 71, 41)
[M::mem_pestat] analyzing insert size distribution for orientation FF...
[M::mem_pestat] (25, 50, 75) percentile: (223, 352, 4054)
[M::mem_pestat] low and high boundaries for computing mean and std.dev: (1, 11716)
[M::mem_pestat] mean and std.dev: (1322.58, 1731.45)
[M::mem_pestat] low and high boundaries for proper pairs: (1, 15547)
[M::mem_pestat] analyzing insert size distribution for orientation FR...
[M::mem_pestat] (25, 50, 75) percentile: (201, 277, 360)
[M::mem_pestat] low and high boundaries for computing mean and std.dev: (1, 678)
[M::mem_pestat] mean and std.dev: (283.92, 116.41)
[M::mem_pestat] low and high boundaries for proper pairs: (1, 837)
[M::mem_pestat] analyzing insert size distribution for orientation RF...
[M::mem_pestat] (25, 50, 75) percentile: (163, 913, 6858)
[M::mem_pestat] low and high boundaries for computing mean and std.dev: (1, 20248)
[M::mem_pestat] mean and std.dev: (2960.89, 3454.62)
[M::mem_pestat] low and high boundaries for proper pairs: (1, 26943)
[M::mem_pestat] analyzing insert size distribution for orientation RR...
[M::mem_pestat] (25, 50, 75) percentile: (145, 225, 930)
[M::mem_pestat] low and high boundaries for computing mean and std.dev: (1, 2500)
[M::mem_pestat] mean and std.dev: (414.89, 486.10)
[M::mem_pestat] low and high boundaries for proper pairs: (1, 3285)
[M::mem_pestat] skip orientation FF
[M::mem_pestat] skip orientation RF
[M::mem_pestat] skip orientation RR
[M::process] read 1066668 sequences (160000200 bp)...
[M::mem_process_seqs] Processed 1066668 reads in 774.971 CPU sec, 50.212 real sec
[M::mem_pestat] # candidate unique pairs for (FF, FR, RF, RR): (33, 228697, 66, 26)
[M::mem_pestat] analyzing insert size distribution for orientation FF...
[M::mem_pestat] (25, 50, 75) percentile: (145, 451, 1773)
[M::mem_pestat] low and high boundaries for computing mean and std.dev: (1, 5029)
[M::mem_pestat] mean and std.dev: (841.33, 1039.63)
[M::mem_pestat] low and high boundaries for proper pairs: (1, 6657)
[M::mem_pestat] analyzing insert size distribution for orientation FR...
[M::mem_pestat] (25, 50, 75) percentile: (205, 280, 361)
[M::mem_pestat] low and high boundaries for computing mean and std.dev: (1, 673)
[M::mem_pestat] mean and std.dev: (286.40, 115.15)
[M::mem_pestat] low and high boundaries for proper pairs: (1, 829)
[M::mem_pestat] analyzing insert size distribution for orientation RF...
[M::mem_pestat] (25, 50, 75) percentile: (152, 1516, 4939)
[M::mem_pestat] low and high boundaries for computing mean and std.dev: (1, 14513)
[M::mem_pestat] mean and std.dev: (2742.35, 3152.83)
[M::mem_pestat] low and high boundaries for proper pairs: (1, 19300)
[M::mem_pestat] analyzing insert size distribution for orientation RR...
[M::mem_pestat] (25, 50, 75) percentile: (224, 996, 3205)
[M::mem_pestat] low and high boundaries for computing mean and std.dev: (1, 9167)
[M::mem_pestat] mean and std.dev: (1785.96, 2155.46)
[M::mem_pestat] low and high boundaries for proper pairs: (1, 12148)
[M::mem_pestat] skip orientation FF
[M::mem_pestat] skip orientation RF
[M::mem_pestat] skip orientation RR
[M::process] read 1066668 sequences (160000200 bp)...
[M::mem_process_seqs] Processed 1066668 reads in 773.530 CPU sec, 50.064 real sec
[M::mem_pestat] # candidate unique pairs for (FF, FR, RF, RR): (27, 227800, 55, 34)
[M::mem_pestat] analyzing insert size distribution for orientation FF...
[M::mem_pestat] (25, 50, 75) percentile: (179, 233, 534)
[M::mem_pestat] low and high boundaries for computing mean and std.dev: (1, 1244)
[M::mem_pestat] mean and std.dev: (312.96, 309.15)
[M::mem_pestat] low and high boundaries for proper pairs: (1, 1599)
[M::mem_pestat] analyzing insert size distribution for orientation FR...
[M::mem_pestat] (25, 50, 75) percentile: (204, 279, 360)
[M::mem_pestat] low and high boundaries for computing mean and std.dev: (1, 672)
[M::mem_pestat] mean and std.dev: (285.76, 115.03)
[M::mem_pestat] low and high boundaries for proper pairs: (1, 828)
[M::mem_pestat] analyzing insert size distribution for orientation RF...
[M::mem_pestat] (25, 50, 75) percentile: (102, 321, 1913)
[M::mem_pestat] low and high boundaries for computing mean and std.dev: (1, 5535)
[M::mem_pestat] mean and std.dev: (744.98, 1204.25)
[M::mem_pestat] low and high boundaries for proper pairs: (1, 7346)
[M::mem_pestat] analyzing insert size distribution for orientation RR...
[M::mem_pestat] (25, 50, 75) percentile: (204, 351, 659)
[M::mem_pestat] low and high boundaries for computing mean and std.dev: (1, 1569)
[M::mem_pestat] mean and std.dev: (327.39, 200.23)
[M::mem_pestat] low and high boundaries for proper pairs: (1, 2024)
[M::mem_pestat] skip orientation FF
[M::mem_pestat] skip orientation RF
[M::mem_pestat] skip orientation RR
[M::process] read 1066668 sequences (160000200 bp)...
[M::mem_process_seqs] Processed 1066668 reads in 777.809 CPU sec, 50.407 real sec
[M::mem_pestat] # candidate unique pairs for (FF, FR, RF, RR): (32, 228576, 63, 32)
[M::mem_pestat] analyzing insert size distribution for orientation FF...
[M::mem_pestat] (25, 50, 75) percentile: (132, 397, 709)
[M::mem_pestat] low and high boundaries for computing mean and std.dev: (1, 1863)
[M::mem_pestat] mean and std.dev: (417.00, 408.72)
[M::mem_pestat] low and high boundaries for proper pairs: (1, 2440)
[M::mem_pestat] analyzing insert size distribution for orientation FR...
[M::mem_pestat] (25, 50, 75) percentile: (206, 281, 360)
[M::mem_pestat] low and high boundaries for computing mean and std.dev: (1, 668)
[M::mem_pestat] mean and std.dev: (286.02, 113.97)
[M::mem_pestat] low and high boundaries for proper pairs: (1, 822)
[M::mem_pestat] analyzing insert size distribution for orientation RF...
[M::mem_pestat] (25, 50, 75) percentile: (183, 1322, 4156)
[M::mem_pestat] low and high boundaries for computing mean and std.dev: (1, 12102)
[M::mem_pestat] mean and std.dev: (2261.32, 2516.31)
[M::mem_pestat] low and high boundaries for proper pairs: (1, 16075)
[M::mem_pestat] analyzing insert size distribution for orientation RR...
[M::mem_pestat] (25, 50, 75) percentile: (211, 358, 631)
[M::mem_pestat] low and high boundaries for computing mean and std.dev: (1, 1471)
[M::mem_pestat] mean and std.dev: (378.43, 260.95)
[M::mem_pestat] low and high boundaries for proper pairs: (1, 1891)
[M::mem_pestat] skip orientation FF
[M::mem_pestat] skip orientation RF
[M::mem_pestat] skip orientation RR
[M::process] read 477474 sequences (71621100 bp)...
[M::mem_process_seqs] Processed 1066668 reads in 768.528 CPU sec, 49.992 real sec
[M::mem_pestat] # candidate unique pairs for (FF, FR, RF, RR): (23, 102098, 31, 13)
[M::mem_pestat] analyzing insert size distribution for orientation FF...
[M::mem_pestat] (25, 50, 75) percentile: (131, 212, 324)
[M::mem_pestat] low and high boundaries for computing mean and std.dev: (1, 710)
[M::mem_pestat] mean and std.dev: (214.62, 127.04)
[M::mem_pestat] low and high boundaries for proper pairs: (1, 903)
[M::mem_pestat] analyzing insert size distribution for orientation FR...
[M::mem_pestat] (25, 50, 75) percentile: (208, 283, 364)
[M::mem_pestat] low and high boundaries for computing mean and std.dev: (1, 676)
[M::mem_pestat] mean and std.dev: (288.89, 115.21)
[M::mem_pestat] low and high boundaries for proper pairs: (1, 832)
[M::mem_pestat] analyzing insert size distribution for orientation RF...
[M::mem_pestat] (25, 50, 75) percentile: (260, 599, 2545)
[M::mem_pestat] low and high boundaries for computing mean and std.dev: (1, 7115)
[M::mem_pestat] mean and std.dev: (1383.03, 1528.57)
[M::mem_pestat] low and high boundaries for proper pairs: (1, 9400)
[M::mem_pestat] analyzing insert size distribution for orientation RR...
[M::mem_pestat] (25, 50, 75) percentile: (150, 235, 1365)
[M::mem_pestat] low and high boundaries for computing mean and std.dev: (1, 3795)
[M::mem_pestat] mean and std.dev: (487.75, 522.74)
[M::mem_pestat] low and high boundaries for proper pairs: (1, 5010)
[M::mem_pestat] skip orientation FF
[M::mem_pestat] skip orientation RF
[M::mem_pestat] skip orientation RR
[M::mem_process_seqs] Processed 477474 reads in 350.572 CPU sec, 23.500 real sec
[main] Version: 0.7.19-r1273
[main] CMD: bwa mem -t 16 -R @RG\tID:CS18_22_Wild_plate1_E6\tSM:CS18_22_Wild_plate1_E6\tLB:CS18_22_Wild_plate1_E6\tPL:ILLUMINA output/05_realign_xbOstLuri2/reference/GCA_061535525.1_xbOstLuri2_USDA-ARS_PSRF_primary_genomic.fna data/raw/CS18_22_Wild_plate1_E6_S43_L004_R1_001.fastq.gz data/raw/CS18_22_Wild_plate1_E6_S43_L004_R2_001.fastq.gz
[main] Real time: 3352.457 sec; CPU: 50968.111 sec
[bam_sort_core] merging from 3 files and 8 in-memory blocks...
end 2026-09-27T12:57:03Z sample=CS18_22_Wild_plate1_E6
