/opt/ohpc/admin/lmod/lmod/init/bash: line 93: LD_LIBRARY_PATH: unbound variable
start 2026-09-27T11:55:05Z host n3455 sample=Dogfish_Bay_8 location=Dogfish_Bay
[M::bwa_idx_load_from_disk] read 0 ALT contigs
[M::process] read 1066668 sequences (160000200 bp)...
[M::process] read 1066668 sequences (160000200 bp)...
[M::mem_pestat] # candidate unique pairs for (FF, FR, RF, RR): (38, 221772, 80, 36)
[M::mem_pestat] analyzing insert size distribution for orientation FF...
[M::mem_pestat] (25, 50, 75) percentile: (242, 452, 828)
[M::mem_pestat] low and high boundaries for computing mean and std.dev: (1, 2000)
[M::mem_pestat] mean and std.dev: (492.73, 403.87)
[M::mem_pestat] low and high boundaries for proper pairs: (1, 2586)
[M::mem_pestat] analyzing insert size distribution for orientation FR...
[M::mem_pestat] (25, 50, 75) percentile: (273, 357, 455)
[M::mem_pestat] low and high boundaries for computing mean and std.dev: (1, 819)
[M::mem_pestat] mean and std.dev: (364.72, 138.68)
[M::mem_pestat] low and high boundaries for proper pairs: (1, 1001)
[M::mem_pestat] analyzing insert size distribution for orientation RF...
[M::mem_pestat] (25, 50, 75) percentile: (250, 984, 3264)
[M::mem_pestat] low and high boundaries for computing mean and std.dev: (1, 9292)
[M::mem_pestat] mean and std.dev: (1960.95, 2262.20)
[M::mem_pestat] low and high boundaries for proper pairs: (1, 12306)
[M::mem_pestat] analyzing insert size distribution for orientation RR...
[M::mem_pestat] (25, 50, 75) percentile: (207, 397, 937)
[M::mem_pestat] low and high boundaries for computing mean and std.dev: (1, 2397)
[M::mem_pestat] mean and std.dev: (467.50, 473.16)
[M::mem_pestat] low and high boundaries for proper pairs: (1, 3127)
[M::mem_pestat] skip orientation FF
[M::mem_pestat] skip orientation RF
[M::mem_pestat] skip orientation RR
[M::mem_process_seqs] Processed 1066668 reads in 755.979 CPU sec, 50.348 real sec
[M::mem_pestat] # candidate unique pairs for (FF, FR, RF, RR): (25, 223301, 76, 24)
[M::mem_pestat] analyzing insert size distribution for orientation FF...
[M::mem_pestat] (25, 50, 75) percentile: (351, 624, 2932)
[M::mem_pestat] low and high boundaries for computing mean and std.dev: (1, 8094)
[M::mem_pestat] mean and std.dev: (1887.04, 2146.45)
[M::mem_pestat] low and high boundaries for proper pairs: (1, 10675)
[M::mem_pestat] analyzing insert size distribution for orientation FR...
[M::mem_pestat] (25, 50, 75) percentile: (280, 365, 464)
[M::mem_pestat] low and high boundaries for computing mean and std.dev: (1, 832)
[M::mem_pestat] mean and std.dev: (372.33, 140.34)
[M::mem_pestat] low and high boundaries for proper pairs: (1, 1016)
[M::mem_pestat] analyzing insert size distribution for orientation RF...
[M::mem_pestat] (25, 50, 75) percentile: (306, 1153, 4784)
[M::mem_pestat] low and high boundaries for computing mean and std.dev: (1, 13740)
[M::mem_pestat] mean and std.dev: (2751.89, 3097.09)
[M::mem_pestat] low and high boundaries for proper pairs: (1, 18218)
[M::mem_pestat] analyzing insert size distribution for orientation RR...
[M::mem_pestat] (25, 50, 75) percentile: (373, 381, 1247)
[M::mem_pestat] low and high boundaries for computing mean and std.dev: (1, 2995)
[M::mem_pestat] mean and std.dev: (546.00, 380.84)
[M::mem_pestat] low and high boundaries for proper pairs: (1, 3869)
[M::mem_pestat] skip orientation FF
[M::mem_pestat] skip orientation RF
[M::mem_pestat] skip orientation RR
[M::process] read 1066668 sequences (160000200 bp)...
[M::mem_process_seqs] Processed 1066668 reads in 758.546 CPU sec, 48.908 real sec
[M::mem_pestat] # candidate unique pairs for (FF, FR, RF, RR): (27, 224573, 93, 33)
[M::mem_pestat] analyzing insert size distribution for orientation FF...
[M::mem_pestat] (25, 50, 75) percentile: (336, 492, 1437)
[M::mem_pestat] low and high boundaries for computing mean and std.dev: (1, 3639)
[M::mem_pestat] mean and std.dev: (906.46, 886.37)
[M::mem_pestat] low and high boundaries for proper pairs: (1, 4740)
[M::mem_pestat] analyzing insert size distribution for orientation FR...
[M::mem_pestat] (25, 50, 75) percentile: (275, 361, 462)
[M::mem_pestat] low and high boundaries for computing mean and std.dev: (1, 836)
[M::mem_pestat] mean and std.dev: (369.46, 141.28)
[M::mem_pestat] low and high boundaries for proper pairs: (1, 1023)
[M::mem_pestat] analyzing insert size distribution for orientation RF...
[M::mem_pestat] (25, 50, 75) percentile: (105, 647, 3607)
[M::mem_pestat] low and high boundaries for computing mean and std.dev: (1, 10611)
[M::mem_pestat] mean and std.dev: (2051.28, 2815.79)
[M::mem_pestat] low and high boundaries for proper pairs: (1, 14113)
[M::mem_pestat] analyzing insert size distribution for orientation RR...
[M::mem_pestat] (25, 50, 75) percentile: (360, 552, 1132)
[M::mem_pestat] low and high boundaries for computing mean and std.dev: (1, 2676)
[M::mem_pestat] mean and std.dev: (772.00, 591.03)
[M::mem_pestat] low and high boundaries for proper pairs: (1, 3448)
[M::mem_pestat] skip orientation FF
[M::mem_pestat] skip orientation RF
[M::mem_pestat] skip orientation RR
[M::process] read 1066668 sequences (160000200 bp)...
[M::mem_process_seqs] Processed 1066668 reads in 765.512 CPU sec, 49.321 real sec
[M::mem_pestat] # candidate unique pairs for (FF, FR, RF, RR): (34, 223298, 72, 31)
[M::mem_pestat] analyzing insert size distribution for orientation FF...
[M::mem_pestat] (25, 50, 75) percentile: (278, 509, 2078)
[M::mem_pestat] low and high boundaries for computing mean and std.dev: (1, 5678)
[M::mem_pestat] mean and std.dev: (1208.19, 1528.46)
[M::mem_pestat] low and high boundaries for proper pairs: (1, 7478)
[M::mem_pestat] analyzing insert size distribution for orientation FR...
[M::mem_pestat] (25, 50, 75) percentile: (277, 363, 467)
[M::mem_pestat] low and high boundaries for computing mean and std.dev: (1, 847)
[M::mem_pestat] mean and std.dev: (372.49, 142.89)
[M::mem_pestat] low and high boundaries for proper pairs: (1, 1037)
[M::mem_pestat] analyzing insert size distribution for orientation RF...
[M::mem_pestat] (25, 50, 75) percentile: (277, 1089, 2931)
[M::mem_pestat] low and high boundaries for computing mean and std.dev: (1, 8239)
[M::mem_pestat] mean and std.dev: (1917.29, 2330.84)
[M::mem_pestat] low and high boundaries for proper pairs: (1, 11241)
[M::mem_pestat] analyzing insert size distribution for orientation RR...
[M::mem_pestat] (25, 50, 75) percentile: (289, 481, 1125)
[M::mem_pestat] low and high boundaries for computing mean and std.dev: (1, 2797)
[M::mem_pestat] mean and std.dev: (625.40, 477.45)
[M::mem_pestat] low and high boundaries for proper pairs: (1, 3633)
[M::mem_pestat] skip orientation FF
[M::mem_pestat] skip orientation RF
[M::mem_pestat] skip orientation RR
[M::process] read 1066668 sequences (160000200 bp)...
[M::mem_process_seqs] Processed 1066668 reads in 768.371 CPU sec, 49.592 real sec
[M::mem_pestat] # candidate unique pairs for (FF, FR, RF, RR): (50, 223716, 84, 44)
[M::mem_pestat] analyzing insert size distribution for orientation FF...
[M::mem_pestat] (25, 50, 75) percentile: (384, 902, 2496)
[M::mem_pestat] low and high boundaries for computing mean and std.dev: (1, 6720)
[M::mem_pestat] mean and std.dev: (1750.71, 1957.40)
[M::mem_pestat] low and high boundaries for proper pairs: (1, 9580)
[M::mem_pestat] analyzing insert size distribution for orientation FR...
[M::mem_pestat] (25, 50, 75) percentile: (274, 360, 462)
[M::mem_pestat] low and high boundaries for computing mean and std.dev: (1, 838)
[M::mem_pestat] mean and std.dev: (368.94, 141.65)
[M::mem_pestat] low and high boundaries for proper pairs: (1, 1026)
[M::mem_pestat] analyzing insert size distribution for orientation RF...
[M::mem_pestat] (25, 50, 75) percentile: (253, 1093, 4663)
[M::mem_pestat] low and high boundaries for computing mean and std.dev: (1, 13483)
[M::mem_pestat] mean and std.dev: (2548.35, 2934.15)
[M::mem_pestat] low and high boundaries for proper pairs: (1, 17893)
[M::mem_pestat] analyzing insert size distribution for orientation RR...
[M::mem_pestat] (25, 50, 75) percentile: (189, 450, 909)
[M::mem_pestat] low and high boundaries for computing mean and std.dev: (1, 2349)
[M::mem_pestat] mean and std.dev: (427.24, 405.04)
[M::mem_pestat] low and high boundaries for proper pairs: (1, 3069)
[M::mem_pestat] skip orientation FF
[M::mem_pestat] skip orientation RF
[M::mem_pestat] skip orientation RR
[M::process] read 1066668 sequences (160000200 bp)...
[M::mem_process_seqs] Processed 1066668 reads in 773.562 CPU sec, 49.814 real sec
[M::mem_pestat] # candidate unique pairs for (FF, FR, RF, RR): (37, 223575, 91, 52)
[M::mem_pestat] analyzing insert size distribution for orientation FF...
[M::mem_pestat] (25, 50, 75) percentile: (290, 650, 2984)
[M::mem_pestat] low and high boundaries for computing mean and std.dev: (1, 8372)
[M::mem_pestat] mean and std.dev: (1739.46, 2407.20)
[M::mem_pestat] low and high boundaries for proper pairs: (1, 11368)
[M::mem_pestat] analyzing insert size distribution for orientation FR...
[M::mem_pestat] (25, 50, 75) percentile: (276, 362, 463)
[M::mem_pestat] low and high boundaries for computing mean and std.dev: (1, 837)
[M::mem_pestat] mean and std.dev: (369.98, 141.34)
[M::mem_pestat] low and high boundaries for proper pairs: (1, 1024)
[M::mem_pestat] analyzing insert size distribution for orientation RF...
[M::mem_pestat] (25, 50, 75) percentile: (205, 1166, 5686)
[M::mem_pestat] low and high boundaries for computing mean and std.dev: (1, 16648)
[M::mem_pestat] mean and std.dev: (2765.33, 3100.70)
[M::mem_pestat] low and high boundaries for proper pairs: (1, 22129)
[M::mem_pestat] analyzing insert size distribution for orientation RR...
[M::mem_pestat] (25, 50, 75) percentile: (290, 648, 2363)
[M::mem_pestat] low and high boundaries for computing mean and std.dev: (1, 6509)
[M::mem_pestat] mean and std.dev: (1341.06, 1444.13)
[M::mem_pestat] low and high boundaries for proper pairs: (1, 8582)
[M::mem_pestat] skip orientation FF
[M::mem_pestat] skip orientation RF
[M::mem_pestat] skip orientation RR
[M::process] read 1066668 sequences (160000200 bp)...
[M::mem_process_seqs] Processed 1066668 reads in 777.631 CPU sec, 50.089 real sec
[M::mem_pestat] # candidate unique pairs for (FF, FR, RF, RR): (49, 223379, 74, 40)
[M::mem_pestat] analyzing insert size distribution for orientation FF...
[M::mem_pestat] (25, 50, 75) percentile: (214, 565, 1653)
[M::mem_pestat] low and high boundaries for computing mean and std.dev: (1, 4531)
[M::mem_pestat] mean and std.dev: (844.52, 1036.26)
[M::mem_pestat] low and high boundaries for proper pairs: (1, 5970)
[M::mem_pestat] analyzing insert size distribution for orientation FR...
[M::mem_pestat] (25, 50, 75) percentile: (271, 355, 455)
[M::mem_pestat] low and high boundaries for computing mean and std.dev: (1, 823)
[M::mem_pestat] mean and std.dev: (364.19, 139.43)
[M::mem_pestat] low and high boundaries for proper pairs: (1, 1007)
[M::mem_pestat] analyzing insert size distribution for orientation RF...
[M::mem_pestat] (25, 50, 75) percentile: (190, 1220, 3274)
[M::mem_pestat] low and high boundaries for computing mean and std.dev: (1, 9442)
[M::mem_pestat] mean and std.dev: (2221.86, 2637.91)
[M::mem_pestat] low and high boundaries for proper pairs: (1, 12773)
[M::mem_pestat] analyzing insert size distribution for orientation RR...
[M::mem_pestat] (25, 50, 75) percentile: (293, 470, 1408)
[M::mem_pestat] low and high boundaries for computing mean and std.dev: (1, 3638)
[M::mem_pestat] mean and std.dev: (579.06, 649.36)
[M::mem_pestat] low and high boundaries for proper pairs: (1, 4753)
[M::mem_pestat] skip orientation FF
[M::mem_pestat] skip orientation RF
[M::mem_pestat] skip orientation RR
[M::process] read 1066668 sequences (160000200 bp)...
[M::mem_process_seqs] Processed 1066668 reads in 795.105 CPU sec, 51.087 real sec
[M::mem_pestat] # candidate unique pairs for (FF, FR, RF, RR): (24, 223025, 80, 32)
[M::mem_pestat] analyzing insert size distribution for orientation FF...
[M::mem_pestat] (25, 50, 75) percentile: (512, 824, 1886)
[M::mem_pestat] low and high boundaries for computing mean and std.dev: (1, 4634)
[M::mem_pestat] mean and std.dev: (976.29, 921.61)
[M::mem_pestat] low and high boundaries for proper pairs: (1, 6008)
[M::mem_pestat] analyzing insert size distribution for orientation FR...
[M::mem_pestat] (25, 50, 75) percentile: (271, 355, 455)
[M::mem_pestat] low and high boundaries for computing mean and std.dev: (1, 823)
[M::mem_pestat] mean and std.dev: (363.78, 139.91)
[M::mem_pestat] low and high boundaries for proper pairs: (1, 1007)
[M::mem_pestat] analyzing insert size distribution for orientation RF...
[M::mem_pestat] (25, 50, 75) percentile: (338, 1026, 3312)
[M::mem_pestat] low and high boundaries for computing mean and std.dev: (1, 9260)
[M::mem_pestat] mean and std.dev: (1995.62, 2506.85)
[M::mem_pestat] low and high boundaries for proper pairs: (1, 12234)
[M::mem_pestat] analyzing insert size distribution for orientation RR...
[M::mem_pestat] (25, 50, 75) percentile: (475, 811, 1364)
[M::mem_pestat] low and high boundaries for computing mean and std.dev: (1, 3142)
[M::mem_pestat] mean and std.dev: (745.00, 447.83)
[M::mem_pestat] low and high boundaries for proper pairs: (1, 4031)
[M::mem_pestat] skip orientation FF
[M::mem_pestat] skip orientation RF
[M::mem_pestat] skip orientation RR
[M::process] read 1066668 sequences (160000200 bp)...
[M::mem_process_seqs] Processed 1066668 reads in 772.977 CPU sec, 49.727 real sec
[M::mem_pestat] # candidate unique pairs for (FF, FR, RF, RR): (30, 222124, 72, 31)
[M::mem_pestat] analyzing insert size distribution for orientation FF...
[M::mem_pestat] (25, 50, 75) percentile: (437, 551, 1438)
[M::mem_pestat] low and high boundaries for computing mean and std.dev: (1, 3440)
[M::mem_pestat] mean and std.dev: (1086.80, 928.40)
[M::mem_pestat] low and high boundaries for proper pairs: (1, 4800)
[M::mem_pestat] analyzing insert size distribution for orientation FR...
[M::mem_pestat] (25, 50, 75) percentile: (271, 357, 458)
[M::mem_pestat] low and high boundaries for computing mean and std.dev: (1, 832)
[M::mem_pestat] mean and std.dev: (365.48, 141.54)
[M::mem_pestat] low and high boundaries for proper pairs: (1, 1019)
[M::mem_pestat] analyzing insert size distribution for orientation RF...
[M::mem_pestat] (25, 50, 75) percentile: (230, 1079, 3435)
[M::mem_pestat] low and high boundaries for computing mean and std.dev: (1, 9845)
[M::mem_pestat] mean and std.dev: (2043.83, 2496.68)
[M::mem_pestat] low and high boundaries for proper pairs: (1, 13050)
[M::mem_pestat] analyzing insert size distribution for orientation RR...
[M::mem_pestat] (25, 50, 75) percentile: (270, 346, 683)
[M::mem_pestat] low and high boundaries for computing mean and std.dev: (1, 1509)
[M::mem_pestat] mean and std.dev: (335.48, 160.46)
[M::mem_pestat] low and high boundaries for proper pairs: (1, 1922)
[M::mem_pestat] skip orientation FF
[M::mem_pestat] skip orientation RF
[M::mem_pestat] skip orientation RR
[M::process] read 1066668 sequences (160000200 bp)...
[M::mem_process_seqs] Processed 1066668 reads in 783.162 CPU sec, 50.492 real sec
[M::mem_pestat] # candidate unique pairs for (FF, FR, RF, RR): (26, 222731, 81, 26)
[M::mem_pestat] analyzing insert size distribution for orientation FF...
[M::mem_pestat] (25, 50, 75) percentile: (282, 690, 1294)
[M::mem_pestat] low and high boundaries for computing mean and std.dev: (1, 3318)
[M::mem_pestat] mean and std.dev: (693.05, 646.23)
[M::mem_pestat] low and high boundaries for proper pairs: (1, 4330)
[M::mem_pestat] analyzing insert size distribution for orientation FR...
[M::mem_pestat] (25, 50, 75) percentile: (278, 366, 469)
[M::mem_pestat] low and high boundaries for computing mean and std.dev: (1, 851)
[M::mem_pestat] mean and std.dev: (373.76, 144.35)
[M::mem_pestat] low and high boundaries for proper pairs: (1, 1042)
[M::mem_pestat] analyzing insert size distribution for orientation RF...
[M::mem_pestat] (25, 50, 75) percentile: (200, 574, 3170)
[M::mem_pestat] low and high boundaries for computing mean and std.dev: (1, 9110)
[M::mem_pestat] mean and std.dev: (1886.51, 2632.96)
[M::mem_pestat] low and high boundaries for proper pairs: (1, 12418)
[M::mem_pestat] analyzing insert size distribution for orientation RR...
[M::mem_pestat] (25, 50, 75) percentile: (380, 397, 1041)
[M::mem_pestat] low and high boundaries for computing mean and std.dev: (1, 2363)
[M::mem_pestat] mean and std.dev: (563.14, 482.33)
[M::mem_pestat] low and high boundaries for proper pairs: (1, 3024)
[M::mem_pestat] skip orientation FF
[M::mem_pestat] skip orientation RF
[M::mem_pestat] skip orientation RR
[M::process] read 1066668 sequences (160000200 bp)...
[M::mem_process_seqs] Processed 1066668 reads in 760.500 CPU sec, 48.971 real sec
[M::mem_pestat] # candidate unique pairs for (FF, FR, RF, RR): (34, 222955, 98, 40)
[M::mem_pestat] analyzing insert size distribution for orientation FF...
[M::mem_pestat] (25, 50, 75) percentile: (327, 591, 1211)
[M::mem_pestat] low and high boundaries for computing mean and std.dev: (1, 2979)
[M::mem_pestat] mean and std.dev: (598.75, 508.81)
[M::mem_pestat] low and high boundaries for proper pairs: (1, 3863)
[M::mem_pestat] analyzing insert size distribution for orientation FR...
[M::mem_pestat] (25, 50, 75) percentile: (283, 372, 475)
[M::mem_pestat] low and high boundaries for computing mean and std.dev: (1, 859)
[M::mem_pestat] mean and std.dev: (379.14, 144.88)
[M::mem_pestat] low and high boundaries for proper pairs: (1, 1051)
[M::mem_pestat] analyzing insert size distribution for orientation RF...
[M::mem_pestat] (25, 50, 75) percentile: (270, 1306, 4189)
[M::mem_pestat] low and high boundaries for computing mean and std.dev: (1, 12027)
[M::mem_pestat] mean and std.dev: (2426.71, 2755.55)
[M::mem_pestat] low and high boundaries for proper pairs: (1, 15946)
[M::mem_pestat] analyzing insert size distribution for orientation RR...
[M::mem_pestat] (25, 50, 75) percentile: (321, 545, 2453)
[M::mem_pestat] low and high boundaries for computing mean and std.dev: (1, 6717)
[M::mem_pestat] mean and std.dev: (1250.66, 1507.63)
[M::mem_pestat] low and high boundaries for proper pairs: (1, 8849)
[M::mem_pestat] skip orientation FF
[M::mem_pestat] skip orientation RF
[M::mem_pestat] skip orientation RR
[M::process] read 1066668 sequences (160000200 bp)...
[M::mem_process_seqs] Processed 1066668 reads in 762.152 CPU sec, 49.079 real sec
[M::mem_pestat] # candidate unique pairs for (FF, FR, RF, RR): (24, 223119, 80, 53)
[M::mem_pestat] analyzing insert size distribution for orientation FF...
[M::mem_pestat] (25, 50, 75) percentile: (350, 585, 1414)
[M::mem_pestat] low and high boundaries for computing mean and std.dev: (1, 3542)
[M::mem_pestat] mean and std.dev: (677.24, 727.30)
[M::mem_pestat] low and high boundaries for proper pairs: (1, 4606)
[M::mem_pestat] analyzing insert size distribution for orientation FR...
[M::mem_pestat] (25, 50, 75) percentile: (277, 365, 471)
[M::mem_pestat] low and high boundaries for computing mean and std.dev: (1, 859)
[M::mem_pestat] mean and std.dev: (374.57, 145.47)
[M::mem_pestat] low and high boundaries for proper pairs: (1, 1053)
[M::mem_pestat] analyzing insert size distribution for orientation RF...
[M::mem_pestat] (25, 50, 75) percentile: (429, 1741, 6385)
[M::mem_pestat] low and high boundaries for computing mean and std.dev: (1, 18297)
[M::mem_pestat] mean and std.dev: (3304.56, 3120.54)
[M::mem_pestat] low and high boundaries for proper pairs: (1, 24253)
[M::mem_pestat] analyzing insert size distribution for orientation RR...
[M::mem_pestat] (25, 50, 75) percentile: (196, 442, 873)
[M::mem_pestat] low and high boundaries for computing mean and std.dev: (1, 2227)
[M::mem_pestat] mean and std.dev: (440.48, 326.54)
[M::mem_pestat] low and high boundaries for proper pairs: (1, 2904)
[M::mem_pestat] skip orientation FF
[M::mem_pestat] skip orientation RF
[M::mem_pestat] skip orientation RR
[M::process] read 1066668 sequences (160000200 bp)...
[M::mem_process_seqs] Processed 1066668 reads in 769.570 CPU sec, 49.490 real sec
[M::mem_pestat] # candidate unique pairs for (FF, FR, RF, RR): (30, 222437, 63, 31)
[M::mem_pestat] analyzing insert size distribution for orientation FF...
[M::mem_pestat] (25, 50, 75) percentile: (355, 1270, 2160)
[M::mem_pestat] low and high boundaries for computing mean and std.dev: (1, 5770)
[M::mem_pestat] mean and std.dev: (1242.70, 1209.18)
[M::mem_pestat] low and high boundaries for proper pairs: (1, 7575)
[M::mem_pestat] analyzing insert size distribution for orientation FR...
[M::mem_pestat] (25, 50, 75) percentile: (276, 364, 468)
[M::mem_pestat] low and high boundaries for computing mean and std.dev: (1, 852)
[M::mem_pestat] mean and std.dev: (373.07, 144.30)
[M::mem_pestat] low and high boundaries for proper pairs: (1, 1044)
[M::mem_pestat] analyzing insert size distribution for orientation RF...
[M::mem_pestat] (25, 50, 75) percentile: (300, 1255, 4036)
[M::mem_pestat] low and high boundaries for computing mean and std.dev: (1, 11508)
[M::mem_pestat] mean and std.dev: (2518.37, 2885.01)
[M::mem_pestat] low and high boundaries for proper pairs: (1, 15244)
[M::mem_pestat] analyzing insert size distribution for orientation RR...
[M::mem_pestat] (25, 50, 75) percentile: (383, 739, 2001)
[M::mem_pestat] low and high boundaries for computing mean and std.dev: (1, 5237)
[M::mem_pestat] mean and std.dev: (1064.45, 1022.03)
[M::mem_pestat] low and high boundaries for proper pairs: (1, 6855)
[M::mem_pestat] skip orientation FF
[M::mem_pestat] skip orientation RF
[M::mem_pestat] skip orientation RR
[M::process] read 1066668 sequences (160000200 bp)...
[M::mem_process_seqs] Processed 1066668 reads in 771.042 CPU sec, 49.610 real sec
[M::mem_pestat] # candidate unique pairs for (FF, FR, RF, RR): (44, 222122, 87, 25)
[M::mem_pestat] analyzing insert size distribution for orientation FF...
[M::mem_pestat] (25, 50, 75) percentile: (298, 514, 1141)
[M::mem_pestat] low and high boundaries for computing mean and std.dev: (1, 2827)
[M::mem_pestat] mean and std.dev: (475.09, 315.32)
[M::mem_pestat] low and high boundaries for proper pairs: (1, 3670)
[M::mem_pestat] analyzing insert size distribution for orientation FR...
[M::mem_pestat] (25, 50, 75) percentile: (277, 365, 467)
[M::mem_pestat] low and high boundaries for computing mean and std.dev: (1, 847)
[M::mem_pestat] mean and std.dev: (372.90, 142.68)
[M::mem_pestat] low and high boundaries for proper pairs: (1, 1037)
[M::mem_pestat] analyzing insert size distribution for orientation RF...
[M::mem_pestat] (25, 50, 75) percentile: (203, 923, 2758)
[M::mem_pestat] low and high boundaries for computing mean and std.dev: (1, 7868)
[M::mem_pestat] mean and std.dev: (1350.81, 1780.54)
[M::mem_pestat] low and high boundaries for proper pairs: (1, 10423)
[M::mem_pestat] analyzing insert size distribution for orientation RR...
[M::mem_pestat] (25, 50, 75) percentile: (329, 469, 1120)
[M::mem_pestat] low and high boundaries for computing mean and std.dev: (1, 2702)
[M::mem_pestat] mean and std.dev: (686.56, 605.76)
[M::mem_pestat] low and high boundaries for proper pairs: (1, 3493)
[M::mem_pestat] skip orientation FF
[M::mem_pestat] skip orientation RF
[M::mem_pestat] skip orientation RR
[M::process] read 1066668 sequences (160000200 bp)...
[M::mem_process_seqs] Processed 1066668 reads in 774.583 CPU sec, 49.949 real sec
[M::mem_pestat] # candidate unique pairs for (FF, FR, RF, RR): (23, 223891, 95, 42)
[M::mem_pestat] analyzing insert size distribution for orientation FF...
[M::mem_pestat] (25, 50, 75) percentile: (197, 347, 642)
[M::mem_pestat] low and high boundaries for computing mean and std.dev: (1, 1532)
[M::mem_pestat] mean and std.dev: (350.60, 201.69)
[M::mem_pestat] low and high boundaries for proper pairs: (1, 1977)
[M::mem_pestat] analyzing insert size distribution for orientation FR...
[M::mem_pestat] (25, 50, 75) percentile: (276, 363, 466)
[M::mem_pestat] low and high boundaries for computing mean and std.dev: (1, 846)
[M::mem_pestat] mean and std.dev: (371.91, 143.63)
[M::mem_pestat] low and high boundaries for proper pairs: (1, 1036)
[M::mem_pestat] analyzing insert size distribution for orientation RF...
[M::mem_pestat] (25, 50, 75) percentile: (256, 1135, 2733)
[M::mem_pestat] low and high boundaries for computing mean and std.dev: (1, 7687)
[M::mem_pestat] mean and std.dev: (1596.50, 1828.44)
[M::mem_pestat] low and high boundaries for proper pairs: (1, 10164)
[M::mem_pestat] analyzing insert size distribution for orientation RR...
[M::mem_pestat] (25, 50, 75) percentile: (306, 459, 2267)
[M::mem_pestat] low and high boundaries for computing mean and std.dev: (1, 6189)
[M::mem_pestat] mean and std.dev: (1203.27, 1261.27)
[M::mem_pestat] low and high boundaries for proper pairs: (1, 8150)
[M::mem_pestat] skip orientation FF
[M::mem_pestat] skip orientation RF
[M::mem_pestat] skip orientation RR
[M::process] read 1066668 sequences (160000200 bp)...
[M::mem_process_seqs] Processed 1066668 reads in 774.500 CPU sec, 49.831 real sec
[M::mem_pestat] # candidate unique pairs for (FF, FR, RF, RR): (29, 221775, 73, 33)
[M::mem_pestat] analyzing insert size distribution for orientation FF...
[M::mem_pestat] (25, 50, 75) percentile: (202, 609, 2743)
[M::mem_pestat] low and high boundaries for computing mean and std.dev: (1, 7825)
[M::mem_pestat] mean and std.dev: (1716.62, 2355.18)
[M::mem_pestat] low and high boundaries for proper pairs: (1, 11137)
[M::mem_pestat] analyzing insert size distribution for orientation FR...
[M::mem_pestat] (25, 50, 75) percentile: (272, 358, 462)
[M::mem_pestat] low and high boundaries for computing mean and std.dev: (1, 842)
[M::mem_pestat] mean and std.dev: (368.15, 143.24)
[M::mem_pestat] low and high boundaries for proper pairs: (1, 1032)
[M::mem_pestat] analyzing insert size distribution for orientation RF...
[M::mem_pestat] (25, 50, 75) percentile: (243, 718, 5307)
[M::mem_pestat] low and high boundaries for computing mean and std.dev: (1, 15435)
[M::mem_pestat] mean and std.dev: (2595.22, 3013.17)
[M::mem_pestat] low and high boundaries for proper pairs: (1, 20499)
[M::mem_pestat] analyzing insert size distribution for orientation RR...
[M::mem_pestat] (25, 50, 75) percentile: (335, 425, 6273)
[M::mem_pestat] low and high boundaries for computing mean and std.dev: (1, 18149)
[M::mem_pestat] mean and std.dev: (2151.64, 2878.54)
[M::mem_pestat] low and high boundaries for proper pairs: (1, 24087)
[M::mem_pestat] skip orientation FF
[M::mem_pestat] skip orientation RF
[M::mem_pestat] skip orientation RR
[M::process] read 1066668 sequences (160000200 bp)...
[M::mem_process_seqs] Processed 1066668 reads in 788.556 CPU sec, 50.752 real sec
[M::mem_pestat] # candidate unique pairs for (FF, FR, RF, RR): (39, 222897, 83, 34)
[M::mem_pestat] analyzing insert size distribution for orientation FF...
[M::mem_pestat] (25, 50, 75) percentile: (234, 349, 598)
[M::mem_pestat] low and high boundaries for computing mean and std.dev: (1, 1326)
[M::mem_pestat] mean and std.dev: (333.33, 178.70)
[M::mem_pestat] low and high boundaries for proper pairs: (1, 1690)
[M::mem_pestat] analyzing insert size distribution for orientation FR...
[M::mem_pestat] (25, 50, 75) percentile: (272, 358, 462)
[M::mem_pestat] low and high boundaries for computing mean and std.dev: (1, 842)
[M::mem_pestat] mean and std.dev: (368.06, 142.60)
[M::mem_pestat] low and high boundaries for proper pairs: (1, 1032)
[M::mem_pestat] analyzing insert size distribution for orientation RF...
[M::mem_pestat] (25, 50, 75) percentile: (424, 1890, 4660)
[M::mem_pestat] low and high boundaries for computing mean and std.dev: (1, 13132)
[M::mem_pestat] mean and std.dev: (2821.59, 2957.69)
[M::mem_pestat] low and high boundaries for proper pairs: (1, 17368)
[M::mem_pestat] analyzing insert size distribution for orientation RR...
[M::mem_pestat] (25, 50, 75) percentile: (244, 665, 1126)
[M::mem_pestat] low and high boundaries for computing mean and std.dev: (1, 2890)
[M::mem_pestat] mean and std.dev: (670.13, 547.27)
[M::mem_pestat] low and high boundaries for proper pairs: (1, 3772)
[M::mem_pestat] skip orientation FF
[M::mem_pestat] skip orientation RF
[M::mem_pestat] skip orientation RR
[M::process] read 1066668 sequences (160000200 bp)...
[M::mem_process_seqs] Processed 1066668 reads in 787.976 CPU sec, 50.811 real sec
[M::mem_pestat] # candidate unique pairs for (FF, FR, RF, RR): (36, 221413, 80, 47)
[M::mem_pestat] analyzing insert size distribution for orientation FF...
[M::mem_pestat] (25, 50, 75) percentile: (216, 518, 2041)
[M::mem_pestat] low and high boundaries for computing mean and std.dev: (1, 5691)
[M::mem_pestat] mean and std.dev: (793.45, 995.21)
[M::mem_pestat] low and high boundaries for proper pairs: (1, 7516)
[M::mem_pestat] analyzing insert size distribution for orientation FR...
[M::mem_pestat] (25, 50, 75) percentile: (270, 357, 460)
[M::mem_pestat] low and high boundaries for computing mean and std.dev: (1, 840)
[M::mem_pestat] mean and std.dev: (366.18, 142.53)
[M::mem_pestat] low and high boundaries for proper pairs: (1, 1030)
[M::mem_pestat] analyzing insert size distribution for orientation RF...
[M::mem_pestat] (25, 50, 75) percentile: (472, 1192, 3888)
[M::mem_pestat] low and high boundaries for computing mean and std.dev: (1, 10720)
[M::mem_pestat] mean and std.dev: (2479.35, 2711.20)
[M::mem_pestat] low and high boundaries for proper pairs: (1, 14136)
[M::mem_pestat] analyzing insert size distribution for orientation RR...
[M::mem_pestat] (25, 50, 75) percentile: (289, 420, 1690)
[M::mem_pestat] low and high boundaries for computing mean and std.dev: (1, 4492)
[M::mem_pestat] mean and std.dev: (895.40, 932.43)
[M::mem_pestat] low and high boundaries for proper pairs: (1, 5893)
[M::mem_pestat] skip orientation FF
[M::mem_pestat] skip orientation RF
[M::mem_pestat] skip orientation RR
[M::process] read 1066668 sequences (160000200 bp)...
[M::mem_process_seqs] Processed 1066668 reads in 825.723 CPU sec, 53.213 real sec
[M::mem_pestat] # candidate unique pairs for (FF, FR, RF, RR): (29, 222935, 74, 39)
[M::mem_pestat] analyzing insert size distribution for orientation FF...
[M::mem_pestat] (25, 50, 75) percentile: (211, 363, 1066)
[M::mem_pestat] low and high boundaries for computing mean and std.dev: (1, 2776)
[M::mem_pestat] mean and std.dev: (698.81, 770.04)
[M::mem_pestat] low and high boundaries for proper pairs: (1, 3779)
[M::mem_pestat] analyzing insert size distribution for orientation FR...
[M::mem_pestat] (25, 50, 75) percentile: (278, 366, 470)
[M::mem_pestat] low and high boundaries for computing mean and std.dev: (1, 854)
[M::mem_pestat] mean and std.dev: (374.00, 144.71)
[M::mem_pestat] low and high boundaries for proper pairs: (1, 1046)
[M::mem_pestat] analyzing insert size distribution for orientation RF...
[M::mem_pestat] (25, 50, 75) percentile: (233, 1102, 2751)
[M::mem_pestat] low and high boundaries for computing mean and std.dev: (1, 7787)
[M::mem_pestat] mean and std.dev: (1776.61, 2057.54)
[M::mem_pestat] low and high boundaries for proper pairs: (1, 10305)
[M::mem_pestat] analyzing insert size distribution for orientation RR...
[M::mem_pestat] (25, 50, 75) percentile: (319, 536, 2947)
[M::mem_pestat] low and high boundaries for computing mean and std.dev: (1, 8203)
[M::mem_pestat] mean and std.dev: (1431.10, 1746.31)
[M::mem_pestat] low and high boundaries for proper pairs: (1, 10831)
[M::mem_pestat] skip orientation FF
[M::mem_pestat] skip orientation RF
[M::mem_pestat] skip orientation RR
[M::mem_process_seqs] Processed 1066668 reads in 816.785 CPU sec, 53.604 real sec
[M::process] read 1066668 sequences (160000200 bp)...
[M::mem_pestat] # candidate unique pairs for (FF, FR, RF, RR): (31, 222875, 76, 47)
[M::mem_pestat] analyzing insert size distribution for orientation FF...
[M::mem_pestat] (25, 50, 75) percentile: (334, 603, 2015)
[M::mem_pestat] low and high boundaries for computing mean and std.dev: (1, 5377)
[M::mem_pestat] mean and std.dev: (779.38, 645.45)
[M::mem_pestat] low and high boundaries for proper pairs: (1, 7058)
[M::mem_pestat] analyzing insert size distribution for orientation FR...
[M::mem_pestat] (25, 50, 75) percentile: (277, 364, 465)
[M::mem_pestat] low and high boundaries for computing mean and std.dev: (1, 841)
[M::mem_pestat] mean and std.dev: (371.64, 142.68)
[M::mem_pestat] low and high boundaries for proper pairs: (1, 1029)
[M::mem_pestat] analyzing insert size distribution for orientation RF...
[M::mem_pestat] (25, 50, 75) percentile: (99, 795, 3505)
[M::mem_pestat] low and high boundaries for computing mean and std.dev: (1, 10317)
[M::mem_pestat] mean and std.dev: (1933.05, 2363.67)
[M::mem_pestat] low and high boundaries for proper pairs: (1, 13723)
[M::mem_pestat] analyzing insert size distribution for orientation RR...
[M::mem_pestat] (25, 50, 75) percentile: (163, 282, 832)
[M::mem_pestat] low and high boundaries for computing mean and std.dev: (1, 2170)
[M::mem_pestat] mean and std.dev: (399.27, 396.82)
[M::mem_pestat] low and high boundaries for proper pairs: (1, 2839)
[M::mem_pestat] skip orientation FF
[M::mem_pestat] skip orientation RF
[M::mem_pestat] skip orientation RR
[M::process] read 1066668 sequences (160000200 bp)...
[M::mem_process_seqs] Processed 1066668 reads in 810.269 CPU sec, 51.579 real sec
[M::mem_pestat] # candidate unique pairs for (FF, FR, RF, RR): (28, 222514, 78, 31)
[M::mem_pestat] analyzing insert size distribution for orientation FF...
[M::mem_pestat] (25, 50, 75) percentile: (232, 405, 619)
[M::mem_pestat] low and high boundaries for computing mean and std.dev: (1, 1393)
[M::mem_pestat] mean and std.dev: (427.35, 271.82)
[M::mem_pestat] low and high boundaries for proper pairs: (1, 1780)
[M::mem_pestat] analyzing insert size distribution for orientation FR...
[M::mem_pestat] (25, 50, 75) percentile: (272, 360, 465)
[M::mem_pestat] low and high boundaries for computing mean and std.dev: (1, 851)
[M::mem_pestat] mean and std.dev: (369.30, 145.15)
[M::mem_pestat] low and high boundaries for proper pairs: (1, 1044)
[M::mem_pestat] analyzing insert size distribution for orientation RF...
[M::mem_pestat] (25, 50, 75) percentile: (377, 1629, 4810)
[M::mem_pestat] low and high boundaries for computing mean and std.dev: (1, 13676)
[M::mem_pestat] mean and std.dev: (2949.12, 3140.07)
[M::mem_pestat] low and high boundaries for proper pairs: (1, 18109)
[M::mem_pestat] analyzing insert size distribution for orientation RR...
[M::mem_pestat] (25, 50, 75) percentile: (300, 654, 1930)
[M::mem_pestat] low and high boundaries for computing mean and std.dev: (1, 5190)
[M::mem_pestat] mean and std.dev: (1046.79, 1044.93)
[M::mem_pestat] low and high boundaries for proper pairs: (1, 6820)
[M::mem_pestat] skip orientation FF
[M::mem_pestat] skip orientation RF
[M::mem_pestat] skip orientation RR
[M::process] read 1066668 sequences (160000200 bp)...
[M::mem_process_seqs] Processed 1066668 reads in 831.253 CPU sec, 53.473 real sec
[M::mem_pestat] # candidate unique pairs for (FF, FR, RF, RR): (26, 223200, 82, 40)
[M::mem_pestat] analyzing insert size distribution for orientation FF...
[M::mem_pestat] (25, 50, 75) percentile: (279, 743, 1802)
[M::mem_pestat] low and high boundaries for computing mean and std.dev: (1, 4848)
[M::mem_pestat] mean and std.dev: (1053.62, 1129.22)
[M::mem_pestat] low and high boundaries for proper pairs: (1, 6371)
[M::mem_pestat] analyzing insert size distribution for orientation FR...
[M::mem_pestat] (25, 50, 75) percentile: (272, 359, 461)
[M::mem_pestat] low and high boundaries for computing mean and std.dev: (1, 839)
[M::mem_pestat] mean and std.dev: (367.49, 142.99)
[M::mem_pestat] low and high boundaries for proper pairs: (1, 1028)
[M::mem_pestat] analyzing insert size distribution for orientation RF...
[M::mem_pestat] (25, 50, 75) percentile: (343, 1063, 3747)
[M::mem_pestat] low and high boundaries for computing mean and std.dev: (1, 10555)
[M::mem_pestat] mean and std.dev: (2273.29, 2617.80)
[M::mem_pestat] low and high boundaries for proper pairs: (1, 13959)
[M::mem_pestat] analyzing insert size distribution for orientation RR...
[M::mem_pestat] (25, 50, 75) percentile: (363, 568, 1747)
[M::mem_pestat] low and high boundaries for computing mean and std.dev: (1, 4515)
[M::mem_pestat] mean and std.dev: (880.79, 764.06)
[M::mem_pestat] low and high boundaries for proper pairs: (1, 5899)
[M::mem_pestat] skip orientation FF
[M::mem_pestat] skip orientation RF
[M::mem_pestat] skip orientation RR
[M::process] read 1066668 sequences (160000200 bp)...
[M::mem_process_seqs] Processed 1066668 reads in 827.562 CPU sec, 53.249 real sec
[M::mem_pestat] # candidate unique pairs for (FF, FR, RF, RR): (30, 223602, 82, 26)
[M::mem_pestat] analyzing insert size distribution for orientation FF...
[M::mem_pestat] (25, 50, 75) percentile: (378, 723, 2675)
[M::mem_pestat] low and high boundaries for computing mean and std.dev: (1, 7269)
[M::mem_pestat] mean and std.dev: (1134.52, 1077.39)
[M::mem_pestat] low and high boundaries for proper pairs: (1, 9566)
[M::mem_pestat] analyzing insert size distribution for orientation FR...
[M::mem_pestat] (25, 50, 75) percentile: (275, 363, 468)
[M::mem_pestat] low and high boundaries for computing mean and std.dev: (1, 854)
[M::mem_pestat] mean and std.dev: (372.03, 144.98)
[M::mem_pestat] low and high boundaries for proper pairs: (1, 1047)
[M::mem_pestat] analyzing insert size distribution for orientation RF...
[M::mem_pestat] (25, 50, 75) percentile: (298, 1299, 4108)
[M::mem_pestat] low and high boundaries for computing mean and std.dev: (1, 11728)
[M::mem_pestat] mean and std.dev: (2583.76, 2766.69)
[M::mem_pestat] low and high boundaries for proper pairs: (1, 15538)
[M::mem_pestat] analyzing insert size distribution for orientation RR...
[M::mem_pestat] (25, 50, 75) percentile: (277, 585, 1043)
[M::mem_pestat] low and high boundaries for computing mean and std.dev: (1, 2575)
[M::mem_pestat] mean and std.dev: (495.90, 409.34)
[M::mem_pestat] low and high boundaries for proper pairs: (1, 3341)
[M::mem_pestat] skip orientation FF
[M::mem_pestat] skip orientation RF
[M::mem_pestat] skip orientation RR
[M::process] read 1066668 sequences (160000200 bp)...
[M::mem_process_seqs] Processed 1066668 reads in 825.520 CPU sec, 53.270 real sec
[M::mem_pestat] # candidate unique pairs for (FF, FR, RF, RR): (38, 223877, 108, 34)
[M::mem_pestat] analyzing insert size distribution for orientation FF...
[M::mem_pestat] (25, 50, 75) percentile: (403, 912, 1198)
[M::mem_pestat] low and high boundaries for computing mean and std.dev: (1, 2788)
[M::mem_pestat] mean and std.dev: (811.03, 519.89)
[M::mem_pestat] low and high boundaries for proper pairs: (1, 3583)
[M::mem_pestat] analyzing insert size distribution for orientation FR...
[M::mem_pestat] (25, 50, 75) percentile: (273, 360, 465)
[M::mem_pestat] low and high boundaries for computing mean and std.dev: (1, 849)
[M::mem_pestat] mean and std.dev: (370.28, 144.21)
[M::mem_pestat] low and high boundaries for proper pairs: (1, 1041)
[M::mem_pestat] analyzing insert size distribution for orientation RF...
[M::mem_pestat] (25, 50, 75) percentile: (264, 1061, 2907)
[M::mem_pestat] low and high boundaries for computing mean and std.dev: (1, 8193)
[M::mem_pestat] mean and std.dev: (1674.70, 1976.11)
[M::mem_pestat] low and high boundaries for proper pairs: (1, 10836)
[M::mem_pestat] analyzing insert size distribution for orientation RR...
[M::mem_pestat] (25, 50, 75) percentile: (311, 470, 912)
[M::mem_pestat] low and high boundaries for computing mean and std.dev: (1, 2114)
[M::mem_pestat] mean and std.dev: (558.00, 428.51)
[M::mem_pestat] low and high boundaries for proper pairs: (1, 2715)
[M::mem_pestat] skip orientation FF
[M::mem_pestat] skip orientation RF
[M::mem_pestat] skip orientation RR
[M::process] read 1066668 sequences (160000200 bp)...
[M::mem_process_seqs] Processed 1066668 reads in 837.676 CPU sec, 54.023 real sec
[M::mem_pestat] # candidate unique pairs for (FF, FR, RF, RR): (31, 222424, 109, 26)
[M::mem_pestat] analyzing insert size distribution for orientation FF...
[M::mem_pestat] (25, 50, 75) percentile: (399, 598, 1700)
[M::mem_pestat] low and high boundaries for computing mean and std.dev: (1, 4302)
[M::mem_pestat] mean and std.dev: (1094.90, 1048.70)
[M::mem_pestat] low and high boundaries for proper pairs: (1, 5603)
[M::mem_pestat] analyzing insert size distribution for orientation FR...
[M::mem_pestat] (25, 50, 75) percentile: (272, 359, 465)
[M::mem_pestat] low and high boundaries for computing mean and std.dev: (1, 851)
[M::mem_pestat] mean and std.dev: (369.86, 144.46)
[M::mem_pestat] low and high boundaries for proper pairs: (1, 1044)
[M::mem_pestat] analyzing insert size distribution for orientation RF...
[M::mem_pestat] (25, 50, 75) percentile: (335, 1137, 3866)
[M::mem_pestat] low and high boundaries for computing mean and std.dev: (1, 10928)
[M::mem_pestat] mean and std.dev: (2509.50, 2775.73)
[M::mem_pestat] low and high boundaries for proper pairs: (1, 14459)
[M::mem_pestat] analyzing insert size distribution for orientation RR...
[M::mem_pestat] (25, 50, 75) percentile: (249, 339, 490)
[M::mem_pestat] low and high boundaries for computing mean and std.dev: (1, 972)
[M::mem_pestat] mean and std.dev: (332.50, 139.40)
[M::mem_pestat] low and high boundaries for proper pairs: (1, 1213)
[M::mem_pestat] skip orientation FF
[M::mem_pestat] skip orientation RF
[M::mem_pestat] skip orientation RR
[M::process] read 1066668 sequences (160000200 bp)...
[M::mem_process_seqs] Processed 1066668 reads in 831.870 CPU sec, 53.524 real sec
[M::mem_pestat] # candidate unique pairs for (FF, FR, RF, RR): (35, 222026, 77, 32)
[M::mem_pestat] analyzing insert size distribution for orientation FF...
[M::mem_pestat] (25, 50, 75) percentile: (218, 401, 1085)
[M::mem_pestat] low and high boundaries for computing mean and std.dev: (1, 2819)
[M::mem_pestat] mean and std.dev: (425.75, 327.20)
[M::mem_pestat] low and high boundaries for proper pairs: (1, 3686)
[M::mem_pestat] analyzing insert size distribution for orientation FR...
[M::mem_pestat] (25, 50, 75) percentile: (272, 358, 462)
[M::mem_pestat] low and high boundaries for computing mean and std.dev: (1, 842)
[M::mem_pestat] mean and std.dev: (368.11, 142.59)
[M::mem_pestat] low and high boundaries for proper pairs: (1, 1032)
[M::mem_pestat] analyzing insert size distribution for orientation RF...
[M::mem_pestat] (25, 50, 75) percentile: (434, 1327, 4410)
[M::mem_pestat] low and high boundaries for computing mean and std.dev: (1, 12362)
[M::mem_pestat] mean and std.dev: (2487.57, 2782.19)
[M::mem_pestat] low and high boundaries for proper pairs: (1, 16338)
[M::mem_pestat] analyzing insert size distribution for orientation RR...
[M::mem_pestat] (25, 50, 75) percentile: (316, 525, 1134)
[M::mem_pestat] low and high boundaries for computing mean and std.dev: (1, 2770)
[M::mem_pestat] mean and std.dev: (683.93, 518.67)
[M::mem_pestat] low and high boundaries for proper pairs: (1, 3588)
[M::mem_pestat] skip orientation FF
[M::mem_pestat] skip orientation RF
[M::mem_pestat] skip orientation RR
[M::process] read 1066668 sequences (160000200 bp)...
[M::mem_process_seqs] Processed 1066668 reads in 841.230 CPU sec, 54.212 real sec
[M::mem_pestat] # candidate unique pairs for (FF, FR, RF, RR): (32, 222107, 90, 34)
[M::mem_pestat] analyzing insert size distribution for orientation FF...
[M::mem_pestat] (25, 50, 75) percentile: (405, 2493, 6818)
[M::mem_pestat] low and high boundaries for computing mean and std.dev: (1, 19644)
[M::mem_pestat] mean and std.dev: (3490.00, 3160.29)
[M::mem_pestat] low and high boundaries for proper pairs: (1, 26057)
[M::mem_pestat] analyzing insert size distribution for orientation FR...
[M::mem_pestat] (25, 50, 75) percentile: (272, 361, 462)
[M::mem_pestat] low and high boundaries for computing mean and std.dev: (1, 842)
[M::mem_pestat] mean and std.dev: (367.90, 143.26)
[M::mem_pestat] low and high boundaries for proper pairs: (1, 1032)
[M::mem_pestat] analyzing insert size distribution for orientation RF...
[M::mem_pestat] (25, 50, 75) percentile: (195, 736, 2733)
[M::mem_pestat] low and high boundaries for computing mean and std.dev: (1, 7809)
[M::mem_pestat] mean and std.dev: (1403.71, 1810.40)
[M::mem_pestat] low and high boundaries for proper pairs: (1, 10347)
[M::mem_pestat] analyzing insert size distribution for orientation RR...
[M::mem_pestat] (25, 50, 75) percentile: (257, 299, 775)
[M::mem_pestat] low and high boundaries for computing mean and std.dev: (1, 1811)
[M::mem_pestat] mean and std.dev: (496.09, 399.54)
[M::mem_pestat] low and high boundaries for proper pairs: (1, 2329)
[M::mem_pestat] skip orientation FF
[M::mem_pestat] skip orientation RF
[M::mem_pestat] skip orientation RR
[M::process] read 1066668 sequences (160000200 bp)...
[M::mem_process_seqs] Processed 1066668 reads in 819.184 CPU sec, 52.835 real sec
[M::mem_pestat] # candidate unique pairs for (FF, FR, RF, RR): (31, 222201, 98, 42)
[M::mem_pestat] analyzing insert size distribution for orientation FF...
[M::mem_pestat] (25, 50, 75) percentile: (316, 555, 2469)
[M::mem_pestat] low and high boundaries for computing mean and std.dev: (1, 6775)
[M::mem_pestat] mean and std.dev: (1554.67, 2027.21)
[M::mem_pestat] low and high boundaries for proper pairs: (1, 9664)
[M::mem_pestat] analyzing insert size distribution for orientation FR...
[M::mem_pestat] (25, 50, 75) percentile: (278, 365, 467)
[M::mem_pestat] low and high boundaries for computing mean and std.dev: (1, 845)
[M::mem_pestat] mean and std.dev: (372.55, 142.81)
[M::mem_pestat] low and high boundaries for proper pairs: (1, 1034)
[M::mem_pestat] analyzing insert size distribution for orientation RF...
[M::mem_pestat] (25, 50, 75) percentile: (355, 1849, 4801)
[M::mem_pestat] low and high boundaries for computing mean and std.dev: (1, 13693)
[M::mem_pestat] mean and std.dev: (2860.63, 3083.18)
[M::mem_pestat] low and high boundaries for proper pairs: (1, 18139)
[M::mem_pestat] analyzing insert size distribution for orientation RR...
[M::mem_pestat] (25, 50, 75) percentile: (344, 1220, 2752)
[M::mem_pestat] low and high boundaries for computing mean and std.dev: (1, 7568)
[M::mem_pestat] mean and std.dev: (1883.95, 1848.71)
[M::mem_pestat] low and high boundaries for proper pairs: (1, 9976)
[M::mem_pestat] skip orientation FF
[M::mem_pestat] skip orientation RF
[M::mem_pestat] skip orientation RR
[M::process] read 1066668 sequences (160000200 bp)...
[M::mem_process_seqs] Processed 1066668 reads in 773.454 CPU sec, 49.797 real sec
[M::mem_pestat] # candidate unique pairs for (FF, FR, RF, RR): (35, 223518, 80, 24)
[M::mem_pestat] analyzing insert size distribution for orientation FF...
[M::mem_pestat] (25, 50, 75) percentile: (282, 629, 1216)
[M::mem_pestat] low and high boundaries for computing mean and std.dev: (1, 3084)
[M::mem_pestat] mean and std.dev: (715.70, 590.01)
[M::mem_pestat] low and high boundaries for proper pairs: (1, 4018)
[M::mem_pestat] analyzing insert size distribution for orientation FR...
[M::mem_pestat] (25, 50, 75) percentile: (272, 357, 457)
[M::mem_pestat] low and high boundaries for computing mean and std.dev: (1, 827)
[M::mem_pestat] mean and std.dev: (364.84, 140.60)
[M::mem_pestat] low and high boundaries for proper pairs: (1, 1012)
[M::mem_pestat] analyzing insert size distribution for orientation RF...
[M::mem_pestat] (25, 50, 75) percentile: (377, 868, 3042)
[M::mem_pestat] low and high boundaries for computing mean and std.dev: (1, 8372)
[M::mem_pestat] mean and std.dev: (1641.13, 2018.94)
[M::mem_pestat] low and high boundaries for proper pairs: (1, 11037)
[M::mem_pestat] analyzing insert size distribution for orientation RR...
[M::mem_pestat] (25, 50, 75) percentile: (234, 374, 1440)
[M::mem_pestat] low and high boundaries for computing mean and std.dev: (1, 3852)
[M::mem_pestat] mean and std.dev: (564.19, 545.62)
[M::mem_pestat] low and high boundaries for proper pairs: (1, 5058)
[M::mem_pestat] skip orientation FF
[M::mem_pestat] skip orientation RF
[M::mem_pestat] skip orientation RR
[M::process] read 1066668 sequences (160000200 bp)...
[M::mem_process_seqs] Processed 1066668 reads in 800.434 CPU sec, 51.613 real sec
[M::mem_pestat] # candidate unique pairs for (FF, FR, RF, RR): (37, 223365, 85, 28)
[M::mem_pestat] analyzing insert size distribution for orientation FF...
[M::mem_pestat] (25, 50, 75) percentile: (341, 660, 4116)
[M::mem_pestat] low and high boundaries for computing mean and std.dev: (1, 11666)
[M::mem_pestat] mean and std.dev: (2619.49, 3359.34)
[M::mem_pestat] low and high boundaries for proper pairs: (1, 16057)
[M::mem_pestat] analyzing insert size distribution for orientation FR...
[M::mem_pestat] (25, 50, 75) percentile: (278, 366, 471)
[M::mem_pestat] low and high boundaries for computing mean and std.dev: (1, 857)
[M::mem_pestat] mean and std.dev: (375.53, 145.72)
[M::mem_pestat] low and high boundaries for proper pairs: (1, 1050)
[M::mem_pestat] analyzing insert size distribution for orientation RF...
[M::mem_pestat] (25, 50, 75) percentile: (534, 1330, 5155)
[M::mem_pestat] low and high boundaries for computing mean and std.dev: (1, 14397)
[M::mem_pestat] mean and std.dev: (2875.84, 2970.27)
[M::mem_pestat] low and high boundaries for proper pairs: (1, 19018)
[M::mem_pestat] analyzing insert size distribution for orientation RR...
[M::mem_pestat] (25, 50, 75) percentile: (215, 434, 1590)
[M::mem_pestat] low and high boundaries for computing mean and std.dev: (1, 4340)
[M::mem_pestat] mean and std.dev: (752.04, 738.25)
[M::mem_pestat] low and high boundaries for proper pairs: (1, 5715)
[M::mem_pestat] skip orientation FF
[M::mem_pestat] skip orientation RF
[M::mem_pestat] skip orientation RR
[M::process] read 1066668 sequences (160000200 bp)...
[M::mem_process_seqs] Processed 1066668 reads in 827.801 CPU sec, 53.276 real sec
[M::mem_pestat] # candidate unique pairs for (FF, FR, RF, RR): (43, 222880, 85, 35)
[M::mem_pestat] analyzing insert size distribution for orientation FF...
[M::mem_pestat] (25, 50, 75) percentile: (223, 299, 622)
[M::mem_pestat] low and high boundaries for computing mean and std.dev: (1, 1420)
[M::mem_pestat] mean and std.dev: (449.57, 337.29)
[M::mem_pestat] low and high boundaries for proper pairs: (1, 1819)
[M::mem_pestat] analyzing insert size distribution for orientation FR...
[M::mem_pestat] (25, 50, 75) percentile: (274, 360, 463)
[M::mem_pestat] low and high boundaries for computing mean and std.dev: (1, 841)
[M::mem_pestat] mean and std.dev: (369.23, 142.72)
[M::mem_pestat] low and high boundaries for proper pairs: (1, 1030)
[M::mem_pestat] analyzing insert size distribution for orientation RF...
[M::mem_pestat] (25, 50, 75) percentile: (160, 903, 4927)
[M::mem_pestat] low and high boundaries for computing mean and std.dev: (1, 14461)
[M::mem_pestat] mean and std.dev: (2483.33, 3094.94)
[M::mem_pestat] low and high boundaries for proper pairs: (1, 19228)
[M::mem_pestat] analyzing insert size distribution for orientation RR...
[M::mem_pestat] (25, 50, 75) percentile: (388, 1112, 4034)
[M::mem_pestat] low and high boundaries for computing mean and std.dev: (1, 11326)
[M::mem_pestat] mean and std.dev: (2316.11, 2559.30)
[M::mem_pestat] low and high boundaries for proper pairs: (1, 14972)
[M::mem_pestat] skip orientation FF
[M::mem_pestat] skip orientation RF
[M::mem_pestat] skip orientation RR
[M::process] read 1066668 sequences (160000200 bp)...
[M::mem_process_seqs] Processed 1066668 reads in 826.375 CPU sec, 53.318 real sec
[M::mem_pestat] # candidate unique pairs for (FF, FR, RF, RR): (22, 222613, 70, 45)
[M::mem_pestat] analyzing insert size distribution for orientation FF...
[M::mem_pestat] (25, 50, 75) percentile: (250, 518, 4861)
[M::mem_pestat] low and high boundaries for computing mean and std.dev: (1, 14083)
[M::mem_pestat] mean and std.dev: (2379.27, 2992.53)
[M::mem_pestat] low and high boundaries for proper pairs: (1, 18694)
[M::mem_pestat] analyzing insert size distribution for orientation FR...
[M::mem_pestat] (25, 50, 75) percentile: (273, 359, 462)
[M::mem_pestat] low and high boundaries for computing mean and std.dev: (1, 840)
[M::mem_pestat] mean and std.dev: (368.60, 142.69)
[M::mem_pestat] low and high boundaries for proper pairs: (1, 1029)
[M::mem_pestat] analyzing insert size distribution for orientation RF...
[M::mem_pestat] (25, 50, 75) percentile: (285, 989, 4403)
[M::mem_pestat] low and high boundaries for computing mean and std.dev: (1, 12639)
[M::mem_pestat] mean and std.dev: (2514.51, 2806.57)
[M::mem_pestat] low and high boundaries for proper pairs: (1, 16757)
[M::mem_pestat] analyzing insert size distribution for orientation RR...
[M::mem_pestat] (25, 50, 75) percentile: (307, 420, 879)
[M::mem_pestat] low and high boundaries for computing mean and std.dev: (1, 2023)
[M::mem_pestat] mean and std.dev: (456.76, 329.22)
[M::mem_pestat] low and high boundaries for proper pairs: (1, 2595)
[M::mem_pestat] skip orientation FF
[M::mem_pestat] skip orientation RF
[M::mem_pestat] skip orientation RR
[M::process] read 1066668 sequences (160000200 bp)...
[M::mem_process_seqs] Processed 1066668 reads in 834.231 CPU sec, 53.806 real sec
[M::mem_pestat] # candidate unique pairs for (FF, FR, RF, RR): (30, 222476, 85, 30)
[M::mem_pestat] analyzing insert size distribution for orientation FF...
[M::mem_pestat] (25, 50, 75) percentile: (222, 630, 4634)
[M::mem_pestat] low and high boundaries for computing mean and std.dev: (1, 13458)
[M::mem_pestat] mean and std.dev: (2452.07, 3453.59)
[M::mem_pestat] low and high boundaries for proper pairs: (1, 17870)
[M::mem_pestat] analyzing insert size distribution for orientation FR...
[M::mem_pestat] (25, 50, 75) percentile: (273, 360, 465)
[M::mem_pestat] low and high boundaries for computing mean and std.dev: (1, 849)
[M::mem_pestat] mean and std.dev: (369.61, 144.11)
[M::mem_pestat] low and high boundaries for proper pairs: (1, 1041)
[M::mem_pestat] analyzing insert size distribution for orientation RF...
[M::mem_pestat] (25, 50, 75) percentile: (412, 1066, 4314)
[M::mem_pestat] low and high boundaries for computing mean and std.dev: (1, 12118)
[M::mem_pestat] mean and std.dev: (2551.69, 2978.12)
[M::mem_pestat] low and high boundaries for proper pairs: (1, 16020)
[M::mem_pestat] analyzing insert size distribution for orientation RR...
[M::mem_pestat] (25, 50, 75) percentile: (220, 324, 943)
[M::mem_pestat] low and high boundaries for computing mean and std.dev: (1, 2389)
[M::mem_pestat] mean and std.dev: (521.86, 436.98)
[M::mem_pestat] low and high boundaries for proper pairs: (1, 3112)
[M::mem_pestat] skip orientation FF
[M::mem_pestat] skip orientation RF
[M::mem_pestat] skip orientation RR
[M::process] read 1066668 sequences (160000200 bp)...
[M::mem_process_seqs] Processed 1066668 reads in 842.273 CPU sec, 54.209 real sec
[M::mem_pestat] # candidate unique pairs for (FF, FR, RF, RR): (34, 222287, 111, 48)
[M::mem_pestat] analyzing insert size distribution for orientation FF...
[M::mem_pestat] (25, 50, 75) percentile: (204, 320, 1000)
[M::mem_pestat] low and high boundaries for computing mean and std.dev: (1, 2592)
[M::mem_pestat] mean and std.dev: (429.67, 410.61)
[M::mem_pestat] low and high boundaries for proper pairs: (1, 3388)
[M::mem_pestat] analyzing insert size distribution for orientation FR...
[M::mem_pestat] (25, 50, 75) percentile: (270, 356, 459)
[M::mem_pestat] low and high boundaries for computing mean and std.dev: (1, 837)
[M::mem_pestat] mean and std.dev: (365.73, 143.12)
[M::mem_pestat] low and high boundaries for proper pairs: (1, 1026)
[M::mem_pestat] analyzing insert size distribution for orientation RF...
[M::mem_pestat] (25, 50, 75) percentile: (147, 922, 3692)
[M::mem_pestat] low and high boundaries for computing mean and std.dev: (1, 10782)
[M::mem_pestat] mean and std.dev: (2127.47, 2687.43)
[M::mem_pestat] low and high boundaries for proper pairs: (1, 14327)
[M::mem_pestat] analyzing insert size distribution for orientation RR...
[M::mem_pestat] (25, 50, 75) percentile: (273, 486, 2086)
[M::mem_pestat] low and high boundaries for computing mean and std.dev: (1, 5712)
[M::mem_pestat] mean and std.dev: (1146.25, 1582.34)
[M::mem_pestat] low and high boundaries for proper pairs: (1, 7525)
[M::mem_pestat] skip orientation FF
[M::mem_pestat] skip orientation RF
[M::mem_pestat] skip orientation RR
[M::process] read 1066668 sequences (160000200 bp)...
[M::mem_process_seqs] Processed 1066668 reads in 842.717 CPU sec, 54.323 real sec
[M::mem_pestat] # candidate unique pairs for (FF, FR, RF, RR): (35, 221211, 82, 38)
[M::mem_pestat] analyzing insert size distribution for orientation FF...
[M::mem_pestat] (25, 50, 75) percentile: (217, 332, 760)
[M::mem_pestat] low and high boundaries for computing mean and std.dev: (1, 1846)
[M::mem_pestat] mean and std.dev: (554.12, 508.27)
[M::mem_pestat] low and high boundaries for proper pairs: (1, 2587)
[M::mem_pestat] analyzing insert size distribution for orientation FR...
[M::mem_pestat] (25, 50, 75) percentile: (273, 361, 467)
[M::mem_pestat] low and high boundaries for computing mean and std.dev: (1, 855)
[M::mem_pestat] mean and std.dev: (370.93, 145.31)
[M::mem_pestat] low and high boundaries for proper pairs: (1, 1049)
[M::mem_pestat] analyzing insert size distribution for orientation RF...
[M::mem_pestat] (25, 50, 75) percentile: (152, 483, 3930)
[M::mem_pestat] low and high boundaries for computing mean and std.dev: (1, 11486)
[M::mem_pestat] mean and std.dev: (2231.78, 3001.14)
[M::mem_pestat] low and high boundaries for proper pairs: (1, 15264)
[M::mem_pestat] analyzing insert size distribution for orientation RR...
[M::mem_pestat] (25, 50, 75) percentile: (290, 421, 956)
[M::mem_pestat] low and high boundaries for computing mean and std.dev: (1, 2288)
[M::mem_pestat] mean and std.dev: (583.42, 428.98)
[M::mem_pestat] low and high boundaries for proper pairs: (1, 2954)
[M::mem_pestat] skip orientation FF
[M::mem_pestat] skip orientation RF
[M::mem_pestat] skip orientation RR
[M::process] read 1066668 sequences (160000200 bp)...
[M::mem_process_seqs] Processed 1066668 reads in 856.348 CPU sec, 55.205 real sec
[M::mem_pestat] # candidate unique pairs for (FF, FR, RF, RR): (23, 219981, 89, 57)
[M::mem_pestat] analyzing insert size distribution for orientation FF...
[M::mem_pestat] (25, 50, 75) percentile: (222, 295, 666)
[M::mem_pestat] low and high boundaries for computing mean and std.dev: (1, 1554)
[M::mem_pestat] mean and std.dev: (425.43, 410.05)
[M::mem_pestat] low and high boundaries for proper pairs: (1, 2066)
[M::mem_pestat] analyzing insert size distribution for orientation FR...
[M::mem_pestat] (25, 50, 75) percentile: (283, 382, 495)
[M::mem_pestat] low and high boundaries for computing mean and std.dev: (1, 919)
[M::mem_pestat] mean and std.dev: (389.74, 153.71)
[M::mem_pestat] low and high boundaries for proper pairs: (1, 1131)
[M::mem_pestat] analyzing insert size distribution for orientation RF...
[M::mem_pestat] (25, 50, 75) percentile: (345, 1917, 6603)
[M::mem_pestat] low and high boundaries for computing mean and std.dev: (1, 19119)
[M::mem_pestat] mean and std.dev: (3024.69, 2836.63)
[M::mem_pestat] low and high boundaries for proper pairs: (1, 25377)
[M::mem_pestat] analyzing insert size distribution for orientation RR...
[M::mem_pestat] (25, 50, 75) percentile: (430, 717, 1220)
[M::mem_pestat] low and high boundaries for computing mean and std.dev: (1, 2800)
[M::mem_pestat] mean and std.dev: (824.26, 631.11)
[M::mem_pestat] low and high boundaries for proper pairs: (1, 3590)
[M::mem_pestat] skip orientation FF
[M::mem_pestat] skip orientation RF
[M::mem_pestat] skip orientation RR
[M::process] read 1066668 sequences (160000200 bp)...
[M::mem_process_seqs] Processed 1066668 reads in 855.583 CPU sec, 55.143 real sec
[M::mem_pestat] # candidate unique pairs for (FF, FR, RF, RR): (59, 219930, 91, 46)
[M::mem_pestat] analyzing insert size distribution for orientation FF...
[M::mem_pestat] (25, 50, 75) percentile: (337, 786, 1996)
[M::mem_pestat] low and high boundaries for computing mean and std.dev: (1, 5314)
[M::mem_pestat] mean and std.dev: (1177.56, 1084.20)
[M::mem_pestat] low and high boundaries for proper pairs: (1, 6973)
[M::mem_pestat] analyzing insert size distribution for orientation FR...
[M::mem_pestat] (25, 50, 75) percentile: (282, 378, 490)
[M::mem_pestat] low and high boundaries for computing mean and std.dev: (1, 906)
[M::mem_pestat] mean and std.dev: (386.52, 152.55)
[M::mem_pestat] low and high boundaries for proper pairs: (1, 1114)
[M::mem_pestat] analyzing insert size distribution for orientation RF...
[M::mem_pestat] (25, 50, 75) percentile: (683, 1159, 4813)
[M::mem_pestat] low and high boundaries for computing mean and std.dev: (1, 13073)
[M::mem_pestat] mean and std.dev: (2796.77, 2952.39)
[M::mem_pestat] low and high boundaries for proper pairs: (1, 17203)
[M::mem_pestat] analyzing insert size distribution for orientation RR...
[M::mem_pestat] (25, 50, 75) percentile: (237, 327, 1142)
[M::mem_pestat] low and high boundaries for computing mean and std.dev: (1, 2952)
[M::mem_pestat] mean and std.dev: (478.24, 408.21)
[M::mem_pestat] low and high boundaries for proper pairs: (1, 3857)
[M::mem_pestat] skip orientation FF
[M::mem_pestat] skip orientation RF
[M::mem_pestat] skip orientation RR
[M::mem_process_seqs] Processed 1066668 reads in 843.823 CPU sec, 55.471 real sec
[M::process] read 1066668 sequences (160000200 bp)...
[M::mem_pestat] # candidate unique pairs for (FF, FR, RF, RR): (34, 221035, 70, 39)
[M::mem_pestat] analyzing insert size distribution for orientation FF...
[M::mem_pestat] (25, 50, 75) percentile: (333, 730, 1249)
[M::mem_pestat] low and high boundaries for computing mean and std.dev: (1, 3081)
[M::mem_pestat] mean and std.dev: (552.62, 310.54)
[M::mem_pestat] low and high boundaries for proper pairs: (1, 3997)
[M::mem_pestat] analyzing insert size distribution for orientation FR...
[M::mem_pestat] (25, 50, 75) percentile: (276, 370, 482)
[M::mem_pestat] low and high boundaries for computing mean and std.dev: (1, 894)
[M::mem_pestat] mean and std.dev: (379.90, 150.88)
[M::mem_pestat] low and high boundaries for proper pairs: (1, 1100)
[M::mem_pestat] analyzing insert size distribution for orientation RF...
[M::mem_pestat] (25, 50, 75) percentile: (256, 996, 6056)
[M::mem_pestat] low and high boundaries for computing mean and std.dev: (1, 17656)
[M::mem_pestat] mean and std.dev: (2735.63, 3040.63)
[M::mem_pestat] low and high boundaries for proper pairs: (1, 23456)
[M::mem_pestat] analyzing insert size distribution for orientation RR...
[M::mem_pestat] (25, 50, 75) percentile: (367, 1037, 1740)
[M::mem_pestat] low and high boundaries for computing mean and std.dev: (1, 4486)
[M::mem_pestat] mean and std.dev: (1169.59, 990.36)
[M::mem_pestat] low and high boundaries for proper pairs: (1, 5859)
[M::mem_pestat] skip orientation FF
[M::mem_pestat] skip orientation RF
[M::mem_pestat] skip orientation RR
[M::process] read 1066668 sequences (160000200 bp)...
[M::mem_process_seqs] Processed 1066668 reads in 837.036 CPU sec, 53.331 real sec
[M::mem_pestat] # candidate unique pairs for (FF, FR, RF, RR): (34, 220183, 86, 42)
[M::mem_pestat] analyzing insert size distribution for orientation FF...
[M::mem_pestat] (25, 50, 75) percentile: (383, 827, 1370)
[M::mem_pestat] low and high boundaries for computing mean and std.dev: (1, 3344)
[M::mem_pestat] mean and std.dev: (844.10, 632.59)
[M::mem_pestat] low and high boundaries for proper pairs: (1, 4331)
[M::mem_pestat] analyzing insert size distribution for orientation FR...
[M::mem_pestat] (25, 50, 75) percentile: (276, 369, 478)
[M::mem_pestat] low and high boundaries for computing mean and std.dev: (1, 882)
[M::mem_pestat] mean and std.dev: (378.39, 149.26)
[M::mem_pestat] low and high boundaries for proper pairs: (1, 1084)
[M::mem_pestat] analyzing insert size distribution for orientation RF...
[M::mem_pestat] (25, 50, 75) percentile: (354, 1029, 3478)
[M::mem_pestat] low and high boundaries for computing mean and std.dev: (1, 9726)
[M::mem_pestat] mean and std.dev: (2407.42, 2766.42)
[M::mem_pestat] low and high boundaries for proper pairs: (1, 13473)
[M::mem_pestat] analyzing insert size distribution for orientation RR...
[M::mem_pestat] (25, 50, 75) percentile: (321, 442, 751)
[M::mem_pestat] low and high boundaries for computing mean and std.dev: (1, 1611)
[M::mem_pestat] mean and std.dev: (578.41, 367.42)
[M::mem_pestat] low and high boundaries for proper pairs: (1, 2048)
[M::mem_pestat] skip orientation FF
[M::mem_pestat] skip orientation RF
[M::mem_pestat] skip orientation RR
[M::process] read 1066668 sequences (160000200 bp)...
[M::mem_process_seqs] Processed 1066668 reads in 794.299 CPU sec, 50.999 real sec
[M::mem_pestat] # candidate unique pairs for (FF, FR, RF, RR): (31, 221558, 93, 37)
[M::mem_pestat] analyzing insert size distribution for orientation FF...
[M::mem_pestat] (25, 50, 75) percentile: (145, 423, 1886)
[M::mem_pestat] low and high boundaries for computing mean and std.dev: (1, 5368)
[M::mem_pestat] mean and std.dev: (941.59, 1218.26)
[M::mem_pestat] low and high boundaries for proper pairs: (1, 7109)
[M::mem_pestat] analyzing insert size distribution for orientation FR...
[M::mem_pestat] (25, 50, 75) percentile: (279, 370, 480)
[M::mem_pestat] low and high boundaries for computing mean and std.dev: (1, 882)
[M::mem_pestat] mean and std.dev: (380.72, 150.01)
[M::mem_pestat] low and high boundaries for proper pairs: (1, 1083)
[M::mem_pestat] analyzing insert size distribution for orientation RF...
[M::mem_pestat] (25, 50, 75) percentile: (252, 1063, 2688)
[M::mem_pestat] low and high boundaries for computing mean and std.dev: (1, 7560)
[M::mem_pestat] mean and std.dev: (1601.99, 1854.27)
[M::mem_pestat] low and high boundaries for proper pairs: (1, 9996)
[M::mem_pestat] analyzing insert size distribution for orientation RR...
[M::mem_pestat] (25, 50, 75) percentile: (667, 856, 2862)
[M::mem_pestat] low and high boundaries for computing mean and std.dev: (1, 7252)
[M::mem_pestat] mean and std.dev: (1412.72, 1470.68)
[M::mem_pestat] low and high boundaries for proper pairs: (1, 9447)
[M::mem_pestat] skip orientation FF
[M::mem_pestat] skip orientation RF
[M::mem_pestat] skip orientation RR
[M::process] read 1066668 sequences (160000200 bp)...
[M::mem_process_seqs] Processed 1066668 reads in 798.942 CPU sec, 51.326 real sec
[M::mem_pestat] # candidate unique pairs for (FF, FR, RF, RR): (45, 221611, 95, 26)
[M::mem_pestat] analyzing insert size distribution for orientation FF...
[M::mem_pestat] (25, 50, 75) percentile: (217, 493, 1138)
[M::mem_pestat] low and high boundaries for computing mean and std.dev: (1, 2980)
[M::mem_pestat] mean and std.dev: (675.79, 519.39)
[M::mem_pestat] low and high boundaries for proper pairs: (1, 3901)
[M::mem_pestat] analyzing insert size distribution for orientation FR...
[M::mem_pestat] (25, 50, 75) percentile: (278, 368, 478)
[M::mem_pestat] low and high boundaries for computing mean and std.dev: (1, 878)
[M::mem_pestat] mean and std.dev: (378.68, 148.11)
[M::mem_pestat] low and high boundaries for proper pairs: (1, 1078)
[M::mem_pestat] analyzing insert size distribution for orientation RF...
[M::mem_pestat] (25, 50, 75) percentile: (394, 1395, 5620)
[M::mem_pestat] low and high boundaries for computing mean and std.dev: (1, 16072)
[M::mem_pestat] mean and std.dev: (3153.91, 3356.01)
[M::mem_pestat] low and high boundaries for proper pairs: (1, 21298)
[M::mem_pestat] analyzing insert size distribution for orientation RR...
[M::mem_pestat] (25, 50, 75) percentile: (1080, 1670, 3692)
[M::mem_pestat] low and high boundaries for computing mean and std.dev: (1, 8916)
[M::mem_pestat] mean and std.dev: (2466.73, 2095.08)
[M::mem_pestat] low and high boundaries for proper pairs: (1, 11528)
[M::mem_pestat] skip orientation FF
[M::mem_pestat] skip orientation RF
[M::mem_pestat] skip orientation RR
[M::process] read 1066668 sequences (160000200 bp)...
[M::mem_process_seqs] Processed 1066668 reads in 853.503 CPU sec, 54.905 real sec
[M::mem_pestat] # candidate unique pairs for (FF, FR, RF, RR): (27, 221095, 90, 42)
[M::mem_pestat] analyzing insert size distribution for orientation FF...
[M::mem_pestat] (25, 50, 75) percentile: (412, 524, 1983)
[M::mem_pestat] low and high boundaries for computing mean and std.dev: (1, 5125)
[M::mem_pestat] mean and std.dev: (1374.74, 1637.98)
[M::mem_pestat] low and high boundaries for proper pairs: (1, 7927)
[M::mem_pestat] analyzing insert size distribution for orientation FR...
[M::mem_pestat] (25, 50, 75) percentile: (279, 368, 476)
[M::mem_pestat] low and high boundaries for computing mean and std.dev: (1, 870)
[M::mem_pestat] mean and std.dev: (378.42, 147.26)
[M::mem_pestat] low and high boundaries for proper pairs: (1, 1067)
[M::mem_pestat] analyzing insert size distribution for orientation RF...
[M::mem_pestat] (25, 50, 75) percentile: (253, 985, 3154)
[M::mem_pestat] low and high boundaries for computing mean and std.dev: (1, 8956)
[M::mem_pestat] mean and std.dev: (1809.14, 2119.00)
[M::mem_pestat] low and high boundaries for proper pairs: (1, 11857)
[M::mem_pestat] analyzing insert size distribution for orientation RR...
[M::mem_pestat] (25, 50, 75) percentile: (310, 567, 2201)
[M::mem_pestat] low and high boundaries for computing mean and std.dev: (1, 5983)
[M::mem_pestat] mean and std.dev: (1222.00, 1264.19)
[M::mem_pestat] low and high boundaries for proper pairs: (1, 7874)
[M::mem_pestat] skip orientation FF
[M::mem_pestat] skip orientation RF
[M::mem_pestat] skip orientation RR
[M::process] read 1066668 sequences (160000200 bp)...
[M::mem_process_seqs] Processed 1066668 reads in 851.433 CPU sec, 54.858 real sec
[M::mem_pestat] # candidate unique pairs for (FF, FR, RF, RR): (35, 220764, 65, 42)
[M::mem_pestat] analyzing insert size distribution for orientation FF...
[M::mem_pestat] (25, 50, 75) percentile: (186, 545, 1326)
[M::mem_pestat] low and high boundaries for computing mean and std.dev: (1, 3606)
[M::mem_pestat] mean and std.dev: (698.34, 658.28)
[M::mem_pestat] low and high boundaries for proper pairs: (1, 4746)
[M::mem_pestat] analyzing insert size distribution for orientation FR...
[M::mem_pestat] (25, 50, 75) percentile: (277, 367, 477)
[M::mem_pestat] low and high boundaries for computing mean and std.dev: (1, 877)
[M::mem_pestat] mean and std.dev: (378.22, 148.83)
[M::mem_pestat] low and high boundaries for proper pairs: (1, 1077)
[M::mem_pestat] analyzing insert size distribution for orientation RF...
[M::mem_pestat] (25, 50, 75) percentile: (250, 1200, 4814)
[M::mem_pestat] low and high boundaries for computing mean and std.dev: (1, 13942)
[M::mem_pestat] mean and std.dev: (2864.97, 3227.50)
[M::mem_pestat] low and high boundaries for proper pairs: (1, 18506)
[M::mem_pestat] analyzing insert size distribution for orientation RR...
[M::mem_pestat] (25, 50, 75) percentile: (262, 714, 5957)
[M::mem_pestat] low and high boundaries for computing mean and std.dev: (1, 17347)
[M::mem_pestat] mean and std.dev: (2573.07, 2952.87)
[M::mem_pestat] low and high boundaries for proper pairs: (1, 23042)
[M::mem_pestat] skip orientation FF
[M::mem_pestat] skip orientation RF
[M::mem_pestat] skip orientation RR
[M::process] read 1066668 sequences (160000200 bp)...
[M::mem_process_seqs] Processed 1066668 reads in 865.708 CPU sec, 55.704 real sec
[M::mem_pestat] # candidate unique pairs for (FF, FR, RF, RR): (40, 218629, 76, 38)
[M::mem_pestat] analyzing insert size distribution for orientation FF...
[M::mem_pestat] (25, 50, 75) percentile: (339, 411, 1588)
[M::mem_pestat] low and high boundaries for computing mean and std.dev: (1, 4086)
[M::mem_pestat] mean and std.dev: (856.59, 807.26)
[M::mem_pestat] low and high boundaries for proper pairs: (1, 5335)
[M::mem_pestat] analyzing insert size distribution for orientation FR...
[M::mem_pestat] (25, 50, 75) percentile: (272, 368, 485)
[M::mem_pestat] low and high boundaries for computing mean and std.dev: (1, 911)
[M::mem_pestat] mean and std.dev: (379.60, 154.90)
[M::mem_pestat] low and high boundaries for proper pairs: (1, 1124)
[M::mem_pestat] analyzing insert size distribution for orientation RF...
[M::mem_pestat] (25, 50, 75) percentile: (513, 1186, 4392)
[M::mem_pestat] low and high boundaries for computing mean and std.dev: (1, 12150)
[M::mem_pestat] mean and std.dev: (2614.63, 3020.86)
[M::mem_pestat] low and high boundaries for proper pairs: (1, 16029)
[M::mem_pestat] analyzing insert size distribution for orientation RR...
[M::mem_pestat] (25, 50, 75) percentile: (345, 398, 1386)
[M::mem_pestat] low and high boundaries for computing mean and std.dev: (1, 3468)
[M::mem_pestat] mean and std.dev: (815.49, 675.15)
[M::mem_pestat] low and high boundaries for proper pairs: (1, 4509)
[M::mem_pestat] skip orientation FF
[M::mem_pestat] skip orientation RF
[M::mem_pestat] skip orientation RR
[M::process] read 1066668 sequences (160000200 bp)...
[M::mem_process_seqs] Processed 1066668 reads in 857.187 CPU sec, 55.191 real sec
[M::mem_pestat] # candidate unique pairs for (FF, FR, RF, RR): (51, 220009, 75, 41)
[M::mem_pestat] analyzing insert size distribution for orientation FF...
[M::mem_pestat] (25, 50, 75) percentile: (251, 364, 488)
[M::mem_pestat] low and high boundaries for computing mean and std.dev: (1, 962)
[M::mem_pestat] mean and std.dev: (322.95, 162.56)
[M::mem_pestat] low and high boundaries for proper pairs: (1, 1199)
[M::mem_pestat] analyzing insert size distribution for orientation FR...
[M::mem_pestat] (25, 50, 75) percentile: (275, 372, 488)
[M::mem_pestat] low and high boundaries for computing mean and std.dev: (1, 914)
[M::mem_pestat] mean and std.dev: (383.05, 155.29)
[M::mem_pestat] low and high boundaries for proper pairs: (1, 1127)
[M::mem_pestat] analyzing insert size distribution for orientation RF...
[M::mem_pestat] (25, 50, 75) percentile: (522, 1415, 4584)
[M::mem_pestat] low and high boundaries for computing mean and std.dev: (1, 12708)
[M::mem_pestat] mean and std.dev: (2781.39, 2909.91)
[M::mem_pestat] low and high boundaries for proper pairs: (1, 16770)
[M::mem_pestat] analyzing insert size distribution for orientation RR...
[M::mem_pestat] (25, 50, 75) percentile: (295, 498, 1206)
[M::mem_pestat] low and high boundaries for computing mean and std.dev: (1, 3028)
[M::mem_pestat] mean and std.dev: (796.90, 667.38)
[M::mem_pestat] low and high boundaries for proper pairs: (1, 3939)
[M::mem_pestat] skip orientation FF
[M::mem_pestat] skip orientation RF
[M::mem_pestat] skip orientation RR
[M::process] read 1066668 sequences (160000200 bp)...
[M::mem_process_seqs] Processed 1066668 reads in 853.397 CPU sec, 54.921 real sec
[M::mem_pestat] # candidate unique pairs for (FF, FR, RF, RR): (28, 220416, 74, 27)
[M::mem_pestat] analyzing insert size distribution for orientation FF...
[M::mem_pestat] (25, 50, 75) percentile: (379, 658, 2577)
[M::mem_pestat] low and high boundaries for computing mean and std.dev: (1, 6973)
[M::mem_pestat] mean and std.dev: (1443.04, 1469.46)
[M::mem_pestat] low and high boundaries for proper pairs: (1, 9171)
[M::mem_pestat] analyzing insert size distribution for orientation FR...
[M::mem_pestat] (25, 50, 75) percentile: (275, 371, 487)
[M::mem_pestat] low and high boundaries for computing mean and std.dev: (1, 911)
[M::mem_pestat] mean and std.dev: (382.34, 154.38)
[M::mem_pestat] low and high boundaries for proper pairs: (1, 1123)
[M::mem_pestat] analyzing insert size distribution for orientation RF...
[M::mem_pestat] (25, 50, 75) percentile: (293, 1108, 3695)
[M::mem_pestat] low and high boundaries for computing mean and std.dev: (1, 10499)
[M::mem_pestat] mean and std.dev: (2900.59, 3344.60)
[M::mem_pestat] low and high boundaries for proper pairs: (1, 16279)
[M::mem_pestat] analyzing insert size distribution for orientation RR...
[M::mem_pestat] (25, 50, 75) percentile: (258, 497, 553)
[M::mem_pestat] low and high boundaries for computing mean and std.dev: (1, 1143)
[M::mem_pestat] mean and std.dev: (401.29, 192.74)
[M::mem_pestat] low and high boundaries for proper pairs: (1, 1438)
[M::mem_pestat] skip orientation FF
[M::mem_pestat] skip orientation RF
[M::mem_pestat] skip orientation RR
[M::process] read 1066668 sequences (160000200 bp)...
[M::mem_process_seqs] Processed 1066668 reads in 856.435 CPU sec, 55.241 real sec
[M::mem_pestat] # candidate unique pairs for (FF, FR, RF, RR): (34, 220401, 80, 48)
[M::mem_pestat] analyzing insert size distribution for orientation FF...
[M::mem_pestat] (25, 50, 75) percentile: (192, 386, 2189)
[M::mem_pestat] low and high boundaries for computing mean and std.dev: (1, 6183)
[M::mem_pestat] mean and std.dev: (997.03, 1364.87)
[M::mem_pestat] low and high boundaries for proper pairs: (1, 8180)
[M::mem_pestat] analyzing insert size distribution for orientation FR...
[M::mem_pestat] (25, 50, 75) percentile: (276, 370, 483)
[M::mem_pestat] low and high boundaries for computing mean and std.dev: (1, 897)
[M::mem_pestat] mean and std.dev: (380.18, 151.46)
[M::mem_pestat] low and high boundaries for proper pairs: (1, 1104)
[M::mem_pestat] analyzing insert size distribution for orientation RF...
[M::mem_pestat] (25, 50, 75) percentile: (159, 982, 2534)
[M::mem_pestat] low and high boundaries for computing mean and std.dev: (1, 7284)
[M::mem_pestat] mean and std.dev: (1476.04, 1798.71)
[M::mem_pestat] low and high boundaries for proper pairs: (1, 9659)
[M::mem_pestat] analyzing insert size distribution for orientation RR...
[M::mem_pestat] (25, 50, 75) percentile: (252, 571, 3272)
[M::mem_pestat] low and high boundaries for computing mean and std.dev: (1, 9312)
[M::mem_pestat] mean and std.dev: (1296.67, 1818.67)
[M::mem_pestat] low and high boundaries for proper pairs: (1, 12332)
[M::mem_pestat] skip orientation FF
[M::mem_pestat] skip orientation RF
[M::mem_pestat] skip orientation RR
[M::process] read 1066668 sequences (160000200 bp)...
[M::mem_process_seqs] Processed 1066668 reads in 852.819 CPU sec, 54.895 real sec
[M::mem_pestat] # candidate unique pairs for (FF, FR, RF, RR): (48, 221743, 86, 24)
[M::mem_pestat] analyzing insert size distribution for orientation FF...
[M::mem_pestat] (25, 50, 75) percentile: (369, 781, 988)
[M::mem_pestat] low and high boundaries for computing mean and std.dev: (1, 2226)
[M::mem_pestat] mean and std.dev: (659.43, 401.37)
[M::mem_pestat] low and high boundaries for proper pairs: (1, 2845)
[M::mem_pestat] analyzing insert size distribution for orientation FR...
[M::mem_pestat] (25, 50, 75) percentile: (280, 374, 489)
[M::mem_pestat] low and high boundaries for computing mean and std.dev: (1, 907)
[M::mem_pestat] mean and std.dev: (385.18, 154.00)
[M::mem_pestat] low and high boundaries for proper pairs: (1, 1116)
[M::mem_pestat] analyzing insert size distribution for orientation RF...
[M::mem_pestat] (25, 50, 75) percentile: (347, 1304, 3606)
[M::mem_pestat] low and high boundaries for computing mean and std.dev: (1, 10124)
[M::mem_pestat] mean and std.dev: (2311.20, 2442.02)
[M::mem_pestat] low and high boundaries for proper pairs: (1, 13383)
[M::mem_pestat] analyzing insert size distribution for orientation RR...
[M::mem_pestat] (25, 50, 75) percentile: (328, 416, 763)
[M::mem_pestat] low and high boundaries for computing mean and std.dev: (1, 1633)
[M::mem_pestat] mean and std.dev: (589.21, 412.30)
[M::mem_pestat] low and high boundaries for proper pairs: (1, 2238)
[M::mem_pestat] skip orientation FF
[M::mem_pestat] skip orientation RF
[M::mem_pestat] skip orientation RR
[M::process] read 1066668 sequences (160000200 bp)...
[M::mem_process_seqs] Processed 1066668 reads in 852.251 CPU sec, 54.844 real sec
[M::mem_pestat] # candidate unique pairs for (FF, FR, RF, RR): (29, 220534, 88, 43)
[M::mem_pestat] analyzing insert size distribution for orientation FF...
[M::mem_pestat] (25, 50, 75) percentile: (257, 559, 2056)
[M::mem_pestat] low and high boundaries for computing mean and std.dev: (1, 5654)
[M::mem_pestat] mean and std.dev: (1175.59, 1205.04)
[M::mem_pestat] low and high boundaries for proper pairs: (1, 7453)
[M::mem_pestat] analyzing insert size distribution for orientation FR...
[M::mem_pestat] (25, 50, 75) percentile: (282, 375, 489)
[M::mem_pestat] low and high boundaries for computing mean and std.dev: (1, 903)
[M::mem_pestat] mean and std.dev: (386.55, 152.81)
[M::mem_pestat] low and high boundaries for proper pairs: (1, 1110)
[M::mem_pestat] analyzing insert size distribution for orientation RF...
[M::mem_pestat] (25, 50, 75) percentile: (386, 1301, 4642)
[M::mem_pestat] low and high boundaries for computing mean and std.dev: (1, 13154)
[M::mem_pestat] mean and std.dev: (2563.80, 2777.80)
[M::mem_pestat] low and high boundaries for proper pairs: (1, 17410)
[M::mem_pestat] analyzing insert size distribution for orientation RR...
[M::mem_pestat] (25, 50, 75) percentile: (325, 473, 1207)
[M::mem_pestat] low and high boundaries for computing mean and std.dev: (1, 2971)
[M::mem_pestat] mean and std.dev: (621.29, 473.91)
[M::mem_pestat] low and high boundaries for proper pairs: (1, 3853)
[M::mem_pestat] skip orientation FF
[M::mem_pestat] skip orientation RF
[M::mem_pestat] skip orientation RR
[M::process] read 1066668 sequences (160000200 bp)...
[M::mem_process_seqs] Processed 1066668 reads in 852.256 CPU sec, 54.790 real sec
[M::mem_pestat] # candidate unique pairs for (FF, FR, RF, RR): (58, 221432, 71, 22)
[M::mem_pestat] analyzing insert size distribution for orientation FF...
[M::mem_pestat] (25, 50, 75) percentile: (446, 528, 1544)
[M::mem_pestat] low and high boundaries for computing mean and std.dev: (1, 3740)
[M::mem_pestat] mean and std.dev: (901.04, 715.54)
[M::mem_pestat] low and high boundaries for proper pairs: (1, 4838)
[M::mem_pestat] analyzing insert size distribution for orientation FR...
[M::mem_pestat] (25, 50, 75) percentile: (277, 369, 483)
[M::mem_pestat] low and high boundaries for computing mean and std.dev: (1, 895)
[M::mem_pestat] mean and std.dev: (381.79, 152.38)
[M::mem_pestat] low and high boundaries for proper pairs: (1, 1101)
[M::mem_pestat] analyzing insert size distribution for orientation RF...
[M::mem_pestat] (25, 50, 75) percentile: (180, 883, 2800)
[M::mem_pestat] low and high boundaries for computing mean and std.dev: (1, 8040)
[M::mem_pestat] mean and std.dev: (1718.15, 2209.76)
[M::mem_pestat] low and high boundaries for proper pairs: (1, 10660)
[M::mem_pestat] analyzing insert size distribution for orientation RR...
[M::mem_pestat] (25, 50, 75) percentile: (389, 1090, 2255)
[M::mem_pestat] low and high boundaries for computing mean and std.dev: (1, 5987)
[M::mem_pestat] mean and std.dev: (1325.35, 1267.69)
[M::mem_pestat] low and high boundaries for proper pairs: (1, 7853)
[M::mem_pestat] skip orientation FF
[M::mem_pestat] skip orientation RF
[M::mem_pestat] skip orientation RR
[M::process] read 1066668 sequences (160000200 bp)...
[M::mem_process_seqs] Processed 1066668 reads in 838.885 CPU sec, 53.925 real sec
[M::mem_pestat] # candidate unique pairs for (FF, FR, RF, RR): (30, 220757, 61, 40)
[M::mem_pestat] analyzing insert size distribution for orientation FF...
[M::mem_pestat] (25, 50, 75) percentile: (143, 365, 2359)
[M::mem_pestat] low and high boundaries for computing mean and std.dev: (1, 6791)
[M::mem_pestat] mean and std.dev: (1073.12, 1578.00)
[M::mem_pestat] low and high boundaries for proper pairs: (1, 9007)
[M::mem_pestat] analyzing insert size distribution for orientation FR...
[M::mem_pestat] (25, 50, 75) percentile: (278, 370, 486)
[M::mem_pestat] low and high boundaries for computing mean and std.dev: (1, 902)
[M::mem_pestat] mean and std.dev: (383.48, 152.96)
[M::mem_pestat] low and high boundaries for proper pairs: (1, 1110)
[M::mem_pestat] analyzing insert size distribution for orientation RF...
[M::mem_pestat] (25, 50, 75) percentile: (188, 1134, 4529)
[M::mem_pestat] low and high boundaries for computing mean and std.dev: (1, 13211)
[M::mem_pestat] mean and std.dev: (2489.67, 2838.36)
[M::mem_pestat] low and high boundaries for proper pairs: (1, 17552)
[M::mem_pestat] analyzing insert size distribution for orientation RR...
[M::mem_pestat] (25, 50, 75) percentile: (191, 349, 1012)
[M::mem_pestat] low and high boundaries for computing mean and std.dev: (1, 2654)
[M::mem_pestat] mean and std.dev: (517.69, 595.51)
[M::mem_pestat] low and high boundaries for proper pairs: (1, 3475)
[M::mem_pestat] skip orientation FF
[M::mem_pestat] skip orientation RF
[M::mem_pestat] skip orientation RR
[M::process] read 1066668 sequences (160000200 bp)...
[M::mem_process_seqs] Processed 1066668 reads in 795.396 CPU sec, 51.255 real sec
[M::mem_pestat] # candidate unique pairs for (FF, FR, RF, RR): (29, 218530, 76, 20)
[M::mem_pestat] analyzing insert size distribution for orientation FF...
[M::mem_pestat] (25, 50, 75) percentile: (218, 827, 2648)
[M::mem_pestat] low and high boundaries for computing mean and std.dev: (1, 7508)
[M::mem_pestat] mean and std.dev: (1595.03, 1868.56)
[M::mem_pestat] low and high boundaries for proper pairs: (1, 9938)
[M::mem_pestat] analyzing insert size distribution for orientation FR...
[M::mem_pestat] (25, 50, 75) percentile: (268, 362, 476)
[M::mem_pestat] low and high boundaries for computing mean and std.dev: (1, 892)
[M::mem_pestat] mean and std.dev: (373.97, 153.34)
[M::mem_pestat] low and high boundaries for proper pairs: (1, 1100)
[M::mem_pestat] analyzing insert size distribution for orientation RF...
[M::mem_pestat] (25, 50, 75) percentile: (265, 1986, 5308)
[M::mem_pestat] low and high boundaries for computing mean and std.dev: (1, 15394)
[M::mem_pestat] mean and std.dev: (3131.76, 3120.37)
[M::mem_pestat] low and high boundaries for proper pairs: (1, 20437)
[M::mem_pestat] analyzing insert size distribution for orientation RR...
[M::mem_pestat] (25, 50, 75) percentile: (197, 372, 669)
[M::mem_pestat] low and high boundaries for computing mean and std.dev: (1, 1613)
[M::mem_pestat] mean and std.dev: (486.20, 385.06)
[M::mem_pestat] low and high boundaries for proper pairs: (1, 2085)
[M::mem_pestat] skip orientation FF
[M::mem_pestat] skip orientation RF
[M::mem_pestat] skip orientation RR
[M::process] read 1066668 sequences (160000200 bp)...
[M::mem_process_seqs] Processed 1066668 reads in 800.523 CPU sec, 51.511 real sec
[M::mem_pestat] # candidate unique pairs for (FF, FR, RF, RR): (37, 218879, 69, 32)
[M::mem_pestat] analyzing insert size distribution for orientation FF...
[M::mem_pestat] (25, 50, 75) percentile: (253, 286, 2292)
[M::mem_pestat] low and high boundaries for computing mean and std.dev: (1, 6370)
[M::mem_pestat] mean and std.dev: (927.31, 1120.40)
[M::mem_pestat] low and high boundaries for proper pairs: (1, 8409)
[M::mem_pestat] analyzing insert size distribution for orientation FR...
[M::mem_pestat] (25, 50, 75) percentile: (273, 368, 484)
[M::mem_pestat] low and high boundaries for computing mean and std.dev: (1, 906)
[M::mem_pestat] mean and std.dev: (379.62, 154.51)
[M::mem_pestat] low and high boundaries for proper pairs: (1, 1117)
[M::mem_pestat] analyzing insert size distribution for orientation RF...
[M::mem_pestat] (25, 50, 75) percentile: (780, 1528, 4141)
[M::mem_pestat] low and high boundaries for computing mean and std.dev: (1, 10863)
[M::mem_pestat] mean and std.dev: (2583.32, 2546.80)
[M::mem_pestat] low and high boundaries for proper pairs: (1, 14224)
[M::mem_pestat] analyzing insert size distribution for orientation RR...
[M::mem_pestat] (25, 50, 75) percentile: (212, 377, 1510)
[M::mem_pestat] low and high boundaries for computing mean and std.dev: (1, 4106)
[M::mem_pestat] mean and std.dev: (659.48, 731.47)
[M::mem_pestat] low and high boundaries for proper pairs: (1, 5404)
[M::mem_pestat] skip orientation FF
[M::mem_pestat] skip orientation RF
[M::mem_pestat] skip orientation RR
[M::process] read 1066668 sequences (160000200 bp)...
[M::mem_process_seqs] Processed 1066668 reads in 835.237 CPU sec, 53.867 real sec
[M::mem_pestat] # candidate unique pairs for (FF, FR, RF, RR): (40, 219919, 104, 43)
[M::mem_pestat] analyzing insert size distribution for orientation FF...
[M::mem_pestat] (25, 50, 75) percentile: (289, 418, 640)
[M::mem_pestat] low and high boundaries for computing mean and std.dev: (1, 1342)
[M::mem_pestat] mean and std.dev: (418.06, 230.20)
[M::mem_pestat] low and high boundaries for proper pairs: (1, 1693)
[M::mem_pestat] analyzing insert size distribution for orientation FR...
[M::mem_pestat] (25, 50, 75) percentile: (269, 362, 477)
[M::mem_pestat] low and high boundaries for computing mean and std.dev: (1, 893)
[M::mem_pestat] mean and std.dev: (374.08, 152.25)
[M::mem_pestat] low and high boundaries for proper pairs: (1, 1101)
[M::mem_pestat] analyzing insert size distribution for orientation RF...
[M::mem_pestat] (25, 50, 75) percentile: (360, 1693, 4572)
[M::mem_pestat] low and high boundaries for computing mean and std.dev: (1, 12996)
[M::mem_pestat] mean and std.dev: (2766.32, 2741.89)
[M::mem_pestat] low and high boundaries for proper pairs: (1, 17208)
[M::mem_pestat] analyzing insert size distribution for orientation RR...
[M::mem_pestat] (25, 50, 75) percentile: (315, 864, 1523)
[M::mem_pestat] low and high boundaries for computing mean and std.dev: (1, 3939)
[M::mem_pestat] mean and std.dev: (831.77, 657.93)
[M::mem_pestat] low and high boundaries for proper pairs: (1, 5147)
[M::mem_pestat] skip orientation FF
[M::mem_pestat] skip orientation RF
[M::mem_pestat] skip orientation RR
[M::process] read 1066668 sequences (160000200 bp)...
[M::mem_process_seqs] Processed 1066668 reads in 851.655 CPU sec, 54.819 real sec
[M::mem_pestat] # candidate unique pairs for (FF, FR, RF, RR): (35, 219137, 82, 40)
[M::mem_pestat] analyzing insert size distribution for orientation FF...
[M::mem_pestat] (25, 50, 75) percentile: (274, 597, 2000)
[M::mem_pestat] low and high boundaries for computing mean and std.dev: (1, 5452)
[M::mem_pestat] mean and std.dev: (972.69, 1126.01)
[M::mem_pestat] low and high boundaries for proper pairs: (1, 7178)
[M::mem_pestat] analyzing insert size distribution for orientation FR...
[M::mem_pestat] (25, 50, 75) percentile: (271, 364, 477)
[M::mem_pestat] low and high boundaries for computing mean and std.dev: (1, 889)
[M::mem_pestat] mean and std.dev: (375.14, 151.61)
[M::mem_pestat] low and high boundaries for proper pairs: (1, 1095)
[M::mem_pestat] analyzing insert size distribution for orientation RF...
[M::mem_pestat] (25, 50, 75) percentile: (293, 1751, 5203)
[M::mem_pestat] low and high boundaries for computing mean and std.dev: (1, 15023)
[M::mem_pestat] mean and std.dev: (2711.60, 2772.58)
[M::mem_pestat] low and high boundaries for proper pairs: (1, 19933)
[M::mem_pestat] analyzing insert size distribution for orientation RR...
[M::mem_pestat] (25, 50, 75) percentile: (234, 522, 1364)
[M::mem_pestat] low and high boundaries for computing mean and std.dev: (1, 3624)
[M::mem_pestat] mean and std.dev: (648.78, 578.30)
[M::mem_pestat] low and high boundaries for proper pairs: (1, 4754)
[M::mem_pestat] skip orientation FF
[M::mem_pestat] skip orientation RF
[M::mem_pestat] skip orientation RR
[M::mem_process_seqs] Processed 1066668 reads in 837.026 CPU sec, 54.966 real sec
[M::process] read 1066668 sequences (160000200 bp)...
[M::mem_pestat] # candidate unique pairs for (FF, FR, RF, RR): (38, 220815, 88, 28)
[M::mem_pestat] analyzing insert size distribution for orientation FF...
[M::mem_pestat] (25, 50, 75) percentile: (376, 622, 1497)
[M::mem_pestat] low and high boundaries for computing mean and std.dev: (1, 3739)
[M::mem_pestat] mean and std.dev: (809.45, 626.90)
[M::mem_pestat] low and high boundaries for proper pairs: (1, 4860)
[M::mem_pestat] analyzing insert size distribution for orientation FR...
[M::mem_pestat] (25, 50, 75) percentile: (279, 375, 492)
[M::mem_pestat] low and high boundaries for computing mean and std.dev: (1, 918)
[M::mem_pestat] mean and std.dev: (387.14, 156.25)
[M::mem_pestat] low and high boundaries for proper pairs: (1, 1131)
[M::mem_pestat] analyzing insert size distribution for orientation RF...
[M::mem_pestat] (25, 50, 75) percentile: (200, 697, 5899)
[M::mem_pestat] low and high boundaries for computing mean and std.dev: (1, 17297)
[M::mem_pestat] mean and std.dev: (2526.28, 3172.60)
[M::mem_pestat] low and high boundaries for proper pairs: (1, 22996)
[M::mem_pestat] analyzing insert size distribution for orientation RR...
[M::mem_pestat] (25, 50, 75) percentile: (175, 500, 1339)
[M::mem_pestat] low and high boundaries for computing mean and std.dev: (1, 3667)
[M::mem_pestat] mean and std.dev: (915.50, 1068.19)
[M::mem_pestat] low and high boundaries for proper pairs: (1, 5188)
[M::mem_pestat] skip orientation FF
[M::mem_pestat] skip orientation RF
[M::mem_pestat] skip orientation RR
[M::process] read 1066668 sequences (160000200 bp)...
[M::mem_process_seqs] Processed 1066668 reads in 826.889 CPU sec, 52.762 real sec
[M::mem_pestat] # candidate unique pairs for (FF, FR, RF, RR): (37, 220893, 92, 32)
[M::mem_pestat] analyzing insert size distribution for orientation FF...
[M::mem_pestat] (25, 50, 75) percentile: (297, 465, 2325)
[M::mem_pestat] low and high boundaries for computing mean and std.dev: (1, 6381)
[M::mem_pestat] mean and std.dev: (1298.76, 1655.35)
[M::mem_pestat] low and high boundaries for proper pairs: (1, 8409)
[M::mem_pestat] analyzing insert size distribution for orientation FR...
[M::mem_pestat] (25, 50, 75) percentile: (279, 373, 487)
[M::mem_pestat] low and high boundaries for computing mean and std.dev: (1, 903)
[M::mem_pestat] mean and std.dev: (384.54, 153.27)
[M::mem_pestat] low and high boundaries for proper pairs: (1, 1111)
[M::mem_pestat] analyzing insert size distribution for orientation RF...
[M::mem_pestat] (25, 50, 75) percentile: (134, 1620, 6371)
[M::mem_pestat] low and high boundaries for computing mean and std.dev: (1, 18845)
[M::mem_pestat] mean and std.dev: (3045.88, 3320.97)
[M::mem_pestat] low and high boundaries for proper pairs: (1, 25082)
[M::mem_pestat] analyzing insert size distribution for orientation RR...
[M::mem_pestat] (25, 50, 75) percentile: (183, 434, 1001)
[M::mem_pestat] low and high boundaries for computing mean and std.dev: (1, 2637)
[M::mem_pestat] mean and std.dev: (522.36, 436.83)
[M::mem_pestat] low and high boundaries for proper pairs: (1, 3455)
[M::mem_pestat] skip orientation FF
[M::mem_pestat] skip orientation RF
[M::mem_pestat] skip orientation RR
[M::process] read 1066668 sequences (160000200 bp)...
[M::mem_process_seqs] Processed 1066668 reads in 833.093 CPU sec, 53.672 real sec
[M::mem_pestat] # candidate unique pairs for (FF, FR, RF, RR): (37, 221540, 90, 31)
[M::mem_pestat] analyzing insert size distribution for orientation FF...
[M::mem_pestat] (25, 50, 75) percentile: (313, 417, 1545)
[M::mem_pestat] low and high boundaries for computing mean and std.dev: (1, 4009)
[M::mem_pestat] mean and std.dev: (601.41, 600.63)
[M::mem_pestat] low and high boundaries for proper pairs: (1, 5241)
[M::mem_pestat] analyzing insert size distribution for orientation FR...
[M::mem_pestat] (25, 50, 75) percentile: (278, 370, 483)
[M::mem_pestat] low and high boundaries for computing mean and std.dev: (1, 893)
[M::mem_pestat] mean and std.dev: (382.21, 151.73)
[M::mem_pestat] low and high boundaries for proper pairs: (1, 1098)
[M::mem_pestat] analyzing insert size distribution for orientation RF...
[M::mem_pestat] (25, 50, 75) percentile: (242, 1294, 5376)
[M::mem_pestat] low and high boundaries for computing mean and std.dev: (1, 15644)
[M::mem_pestat] mean and std.dev: (2879.13, 3261.02)
[M::mem_pestat] low and high boundaries for proper pairs: (1, 20778)
[M::mem_pestat] analyzing insert size distribution for orientation RR...
[M::mem_pestat] (25, 50, 75) percentile: (387, 448, 1702)
[M::mem_pestat] low and high boundaries for computing mean and std.dev: (1, 4332)
[M::mem_pestat] mean and std.dev: (771.81, 745.52)
[M::mem_pestat] low and high boundaries for proper pairs: (1, 5647)
[M::mem_pestat] skip orientation FF
[M::mem_pestat] skip orientation RF
[M::mem_pestat] skip orientation RR
[M::process] read 1066668 sequences (160000200 bp)...
[M::mem_process_seqs] Processed 1066668 reads in 842.695 CPU sec, 54.195 real sec
[M::mem_pestat] # candidate unique pairs for (FF, FR, RF, RR): (37, 221160, 78, 25)
[M::mem_pestat] analyzing insert size distribution for orientation FF...
[M::mem_pestat] (25, 50, 75) percentile: (249, 870, 2095)
[M::mem_pestat] low and high boundaries for computing mean and std.dev: (1, 5787)
[M::mem_pestat] mean and std.dev: (1263.71, 1311.13)
[M::mem_pestat] low and high boundaries for proper pairs: (1, 7633)
[M::mem_pestat] analyzing insert size distribution for orientation FR...
[M::mem_pestat] (25, 50, 75) percentile: (275, 368, 483)
[M::mem_pestat] low and high boundaries for computing mean and std.dev: (1, 899)
[M::mem_pestat] mean and std.dev: (381.13, 153.47)
[M::mem_pestat] low and high boundaries for proper pairs: (1, 1107)
[M::mem_pestat] analyzing insert size distribution for orientation RF...
[M::mem_pestat] (25, 50, 75) percentile: (368, 1347, 4651)
[M::mem_pestat] low and high boundaries for computing mean and std.dev: (1, 13217)
[M::mem_pestat] mean and std.dev: (2956.29, 3339.62)
[M::mem_pestat] low and high boundaries for proper pairs: (1, 17500)
[M::mem_pestat] analyzing insert size distribution for orientation RR...
[M::mem_pestat] (25, 50, 75) percentile: (268, 360, 1661)
[M::mem_pestat] low and high boundaries for computing mean and std.dev: (1, 4447)
[M::mem_pestat] mean and std.dev: (860.62, 947.74)
[M::mem_pestat] low and high boundaries for proper pairs: (1, 5840)
[M::mem_pestat] skip orientation FF
[M::mem_pestat] skip orientation RF
[M::mem_pestat] skip orientation RR
[M::process] read 1066668 sequences (160000200 bp)...
[M::mem_process_seqs] Processed 1066668 reads in 843.364 CPU sec, 54.308 real sec
[M::mem_pestat] # candidate unique pairs for (FF, FR, RF, RR): (51, 217898, 85, 36)
[M::mem_pestat] analyzing insert size distribution for orientation FF...
[M::mem_pestat] (25, 50, 75) percentile: (407, 929, 2855)
[M::mem_pestat] low and high boundaries for computing mean and std.dev: (1, 7751)
[M::mem_pestat] mean and std.dev: (1684.06, 1755.17)
[M::mem_pestat] low and high boundaries for proper pairs: (1, 10199)
[M::mem_pestat] analyzing insert size distribution for orientation FR...
[M::mem_pestat] (25, 50, 75) percentile: (273, 370, 485)
[M::mem_pestat] low and high boundaries for computing mean and std.dev: (1, 909)
[M::mem_pestat] mean and std.dev: (380.38, 154.59)
[M::mem_pestat] low and high boundaries for proper pairs: (1, 1121)
[M::mem_pestat] analyzing insert size distribution for orientation RF...
[M::mem_pestat] (25, 50, 75) percentile: (241, 1292, 5344)
[M::mem_pestat] low and high boundaries for computing mean and std.dev: (1, 15550)
[M::mem_pestat] mean and std.dev: (2791.96, 3140.34)
[M::mem_pestat] low and high boundaries for proper pairs: (1, 20653)
[M::mem_pestat] analyzing insert size distribution for orientation RR...
[M::mem_pestat] (25, 50, 75) percentile: (336, 634, 922)
[M::mem_pestat] low and high boundaries for computing mean and std.dev: (1, 2094)
[M::mem_pestat] mean and std.dev: (603.75, 353.40)
[M::mem_pestat] low and high boundaries for proper pairs: (1, 2680)
[M::mem_pestat] skip orientation FF
[M::mem_pestat] skip orientation RF
[M::mem_pestat] skip orientation RR
[M::process] read 1066668 sequences (160000200 bp)...
[M::mem_process_seqs] Processed 1066668 reads in 821.612 CPU sec, 52.899 real sec
[M::mem_pestat] # candidate unique pairs for (FF, FR, RF, RR): (29, 219062, 96, 38)
[M::mem_pestat] analyzing insert size distribution for orientation FF...
[M::mem_pestat] (25, 50, 75) percentile: (229, 325, 3795)
[M::mem_pestat] low and high boundaries for computing mean and std.dev: (1, 10927)
[M::mem_pestat] mean and std.dev: (1847.48, 2679.28)
[M::mem_pestat] low and high boundaries for proper pairs: (1, 14493)
[M::mem_pestat] analyzing insert size distribution for orientation FR...
[M::mem_pestat] (25, 50, 75) percentile: (273, 368, 483)
[M::mem_pestat] low and high boundaries for computing mean and std.dev: (1, 903)
[M::mem_pestat] mean and std.dev: (378.99, 153.67)
[M::mem_pestat] low and high boundaries for proper pairs: (1, 1113)
[M::mem_pestat] analyzing insert size distribution for orientation RF...
[M::mem_pestat] (25, 50, 75) percentile: (150, 743, 3289)
[M::mem_pestat] low and high boundaries for computing mean and std.dev: (1, 9567)
[M::mem_pestat] mean and std.dev: (1993.16, 2686.21)
[M::mem_pestat] low and high boundaries for proper pairs: (1, 12738)
[M::mem_pestat] analyzing insert size distribution for orientation RR...
[M::mem_pestat] (25, 50, 75) percentile: (250, 423, 643)
[M::mem_pestat] low and high boundaries for computing mean and std.dev: (1, 1429)
[M::mem_pestat] mean and std.dev: (462.61, 291.09)
[M::mem_pestat] low and high boundaries for proper pairs: (1, 1822)
[M::mem_pestat] skip orientation FF
[M::mem_pestat] skip orientation RF
[M::mem_pestat] skip orientation RR
[M::process] read 1066668 sequences (160000200 bp)...
[M::mem_process_seqs] Processed 1066668 reads in 821.377 CPU sec, 52.772 real sec
[M::mem_pestat] # candidate unique pairs for (FF, FR, RF, RR): (27, 218076, 81, 29)
[M::mem_pestat] analyzing insert size distribution for orientation FF...
[M::mem_pestat] (25, 50, 75) percentile: (292, 343, 626)
[M::mem_pestat] low and high boundaries for computing mean and std.dev: (1, 1294)
[M::mem_pestat] mean and std.dev: (379.96, 190.52)
[M::mem_pestat] low and high boundaries for proper pairs: (1, 1628)
[M::mem_pestat] analyzing insert size distribution for orientation FR...
[M::mem_pestat] (25, 50, 75) percentile: (274, 368, 484)
[M::mem_pestat] low and high boundaries for computing mean and std.dev: (1, 904)
[M::mem_pestat] mean and std.dev: (379.37, 153.44)
[M::mem_pestat] low and high boundaries for proper pairs: (1, 1114)
[M::mem_pestat] analyzing insert size distribution for orientation RF...
[M::mem_pestat] (25, 50, 75) percentile: (514, 1296, 5806)
[M::mem_pestat] low and high boundaries for computing mean and std.dev: (1, 16390)
[M::mem_pestat] mean and std.dev: (3001.80, 2926.97)
[M::mem_pestat] low and high boundaries for proper pairs: (1, 21682)
[M::mem_pestat] analyzing insert size distribution for orientation RR...
[M::mem_pestat] (25, 50, 75) percentile: (194, 389, 594)
[M::mem_pestat] low and high boundaries for computing mean and std.dev: (1, 1394)
[M::mem_pestat] mean and std.dev: (411.33, 284.62)
[M::mem_pestat] low and high boundaries for proper pairs: (1, 1794)
[M::mem_pestat] skip orientation FF
[M::mem_pestat] skip orientation RF
[M::mem_pestat] skip orientation RR
[M::process] read 1066668 sequences (160000200 bp)...
[M::mem_process_seqs] Processed 1066668 reads in 819.169 CPU sec, 52.706 real sec
[M::mem_pestat] # candidate unique pairs for (FF, FR, RF, RR): (52, 219680, 73, 34)
[M::mem_pestat] analyzing insert size distribution for orientation FF...
[M::mem_pestat] (25, 50, 75) percentile: (293, 458, 827)
[M::mem_pestat] low and high boundaries for computing mean and std.dev: (1, 1895)
[M::mem_pestat] mean and std.dev: (537.00, 415.96)
[M::mem_pestat] low and high boundaries for proper pairs: (1, 2429)
[M::mem_pestat] analyzing insert size distribution for orientation FR...
[M::mem_pestat] (25, 50, 75) percentile: (273, 367, 479)
[M::mem_pestat] low and high boundaries for computing mean and std.dev: (1, 891)
[M::mem_pestat] mean and std.dev: (376.93, 151.50)
[M::mem_pestat] low and high boundaries for proper pairs: (1, 1097)
[M::mem_pestat] analyzing insert size distribution for orientation RF...
[M::mem_pestat] (25, 50, 75) percentile: (178, 720, 1555)
[M::mem_pestat] low and high boundaries for computing mean and std.dev: (1, 4309)
[M::mem_pestat] mean and std.dev: (776.77, 854.33)
[M::mem_pestat] low and high boundaries for proper pairs: (1, 5686)
[M::mem_pestat] analyzing insert size distribution for orientation RR...
[M::mem_pestat] (25, 50, 75) percentile: (221, 436, 1567)
[M::mem_pestat] low and high boundaries for computing mean and std.dev: (1, 4259)
[M::mem_pestat] mean and std.dev: (832.81, 942.06)
[M::mem_pestat] low and high boundaries for proper pairs: (1, 5605)
[M::mem_pestat] skip orientation FF
[M::mem_pestat] skip orientation RF
[M::mem_pestat] skip orientation RR
[M::process] read 1066668 sequences (160000200 bp)...
[M::mem_process_seqs] Processed 1066668 reads in 803.196 CPU sec, 51.759 real sec
[M::mem_pestat] # candidate unique pairs for (FF, FR, RF, RR): (47, 221094, 73, 32)
[M::mem_pestat] analyzing insert size distribution for orientation FF...
[M::mem_pestat] (25, 50, 75) percentile: (231, 496, 1255)
[M::mem_pestat] low and high boundaries for computing mean and std.dev: (1, 3303)
[M::mem_pestat] mean and std.dev: (635.38, 624.95)
[M::mem_pestat] low and high boundaries for proper pairs: (1, 4327)
[M::mem_pestat] analyzing insert size distribution for orientation FR...
[M::mem_pestat] (25, 50, 75) percentile: (276, 368, 481)
[M::mem_pestat] low and high boundaries for computing mean and std.dev: (1, 891)
[M::mem_pestat] mean and std.dev: (380.16, 151.89)
[M::mem_pestat] low and high boundaries for proper pairs: (1, 1096)
[M::mem_pestat] analyzing insert size distribution for orientation RF...
[M::mem_pestat] (25, 50, 75) percentile: (350, 1248, 5524)
[M::mem_pestat] low and high boundaries for computing mean and std.dev: (1, 15872)
[M::mem_pestat] mean and std.dev: (2885.56, 3108.08)
[M::mem_pestat] low and high boundaries for proper pairs: (1, 21046)
[M::mem_pestat] analyzing insert size distribution for orientation RR...
[M::mem_pestat] (25, 50, 75) percentile: (324, 460, 1299)
[M::mem_pestat] low and high boundaries for computing mean and std.dev: (1, 3249)
[M::mem_pestat] mean and std.dev: (714.23, 679.48)
[M::mem_pestat] low and high boundaries for proper pairs: (1, 4224)
[M::mem_pestat] skip orientation FF
[M::mem_pestat] skip orientation RF
[M::mem_pestat] skip orientation RR
[M::process] read 1066668 sequences (160000200 bp)...
[M::mem_process_seqs] Processed 1066668 reads in 803.107 CPU sec, 51.675 real sec
[M::mem_pestat] # candidate unique pairs for (FF, FR, RF, RR): (46, 220830, 71, 44)
[M::mem_pestat] analyzing insert size distribution for orientation FF...
[M::mem_pestat] (25, 50, 75) percentile: (315, 598, 1258)
[M::mem_pestat] low and high boundaries for computing mean and std.dev: (1, 3144)
[M::mem_pestat] mean and std.dev: (741.73, 638.19)
[M::mem_pestat] low and high boundaries for proper pairs: (1, 4087)
[M::mem_pestat] analyzing insert size distribution for orientation FR...
[M::mem_pestat] (25, 50, 75) percentile: (276, 367, 480)
[M::mem_pestat] low and high boundaries for computing mean and std.dev: (1, 888)
[M::mem_pestat] mean and std.dev: (379.10, 150.74)
[M::mem_pestat] low and high boundaries for proper pairs: (1, 1092)
[M::mem_pestat] analyzing insert size distribution for orientation RF...
[M::mem_pestat] (25, 50, 75) percentile: (347, 842, 3118)
[M::mem_pestat] low and high boundaries for computing mean and std.dev: (1, 8660)
[M::mem_pestat] mean and std.dev: (1812.84, 2105.86)
[M::mem_pestat] low and high boundaries for proper pairs: (1, 11431)
[M::mem_pestat] analyzing insert size distribution for orientation RR...
[M::mem_pestat] (25, 50, 75) percentile: (201, 493, 1328)
[M::mem_pestat] low and high boundaries for computing mean and std.dev: (1, 3582)
[M::mem_pestat] mean and std.dev: (721.48, 771.45)
[M::mem_pestat] low and high boundaries for proper pairs: (1, 4709)
[M::mem_pestat] skip orientation FF
[M::mem_pestat] skip orientation RF
[M::mem_pestat] skip orientation RR
[M::process] read 1066668 sequences (160000200 bp)...
[M::mem_process_seqs] Processed 1066668 reads in 820.699 CPU sec, 52.922 real sec
[M::mem_pestat] # candidate unique pairs for (FF, FR, RF, RR): (31, 220701, 93, 40)
[M::mem_pestat] analyzing insert size distribution for orientation FF...
[M::mem_pestat] (25, 50, 75) percentile: (190, 528, 1713)
[M::mem_pestat] low and high boundaries for computing mean and std.dev: (1, 4759)
[M::mem_pestat] mean and std.dev: (666.96, 691.53)
[M::mem_pestat] low and high boundaries for proper pairs: (1, 6282)
[M::mem_pestat] analyzing insert size distribution for orientation FR...
[M::mem_pestat] (25, 50, 75) percentile: (276, 366, 477)
[M::mem_pestat] low and high boundaries for computing mean and std.dev: (1, 879)
[M::mem_pestat] mean and std.dev: (377.54, 149.49)
[M::mem_pestat] low and high boundaries for proper pairs: (1, 1080)
[M::mem_pestat] analyzing insert size distribution for orientation RF...
[M::mem_pestat] (25, 50, 75) percentile: (334, 2121, 5621)
[M::mem_pestat] low and high boundaries for computing mean and std.dev: (1, 16195)
[M::mem_pestat] mean and std.dev: (3140.31, 3253.74)
[M::mem_pestat] low and high boundaries for proper pairs: (1, 21482)
[M::mem_pestat] analyzing insert size distribution for orientation RR...
[M::mem_pestat] (25, 50, 75) percentile: (412, 989, 3078)
[M::mem_pestat] low and high boundaries for computing mean and std.dev: (1, 8410)
[M::mem_pestat] mean and std.dev: (1760.25, 1858.99)
[M::mem_pestat] low and high boundaries for proper pairs: (1, 11076)
[M::mem_pestat] skip orientation FF
[M::mem_pestat] skip orientation RF
[M::mem_pestat] skip orientation RR
[M::process] read 932796 sequences (139919400 bp)...
[M::mem_process_seqs] Processed 1066668 reads in 812.568 CPU sec, 52.337 real sec
[M::mem_pestat] # candidate unique pairs for (FF, FR, RF, RR): (31, 192085, 63, 19)
[M::mem_pestat] analyzing insert size distribution for orientation FF...
[M::mem_pestat] (25, 50, 75) percentile: (237, 356, 1200)
[M::mem_pestat] low and high boundaries for computing mean and std.dev: (1, 3126)
[M::mem_pestat] mean and std.dev: (584.32, 526.80)
[M::mem_pestat] low and high boundaries for proper pairs: (1, 4089)
[M::mem_pestat] analyzing insert size distribution for orientation FR...
[M::mem_pestat] (25, 50, 75) percentile: (277, 369, 479)
[M::mem_pestat] low and high boundaries for computing mean and std.dev: (1, 883)
[M::mem_pestat] mean and std.dev: (379.50, 149.14)
[M::mem_pestat] low and high boundaries for proper pairs: (1, 1085)
[M::mem_pestat] analyzing insert size distribution for orientation RF...
[M::mem_pestat] (25, 50, 75) percentile: (368, 2657, 6602)
[M::mem_pestat] low and high boundaries for computing mean and std.dev: (1, 19070)
[M::mem_pestat] mean and std.dev: (3603.65, 3257.05)
[M::mem_pestat] low and high boundaries for proper pairs: (1, 25304)
[M::mem_pestat] analyzing insert size distribution for orientation RR...
[M::mem_pestat] (25, 50, 75) percentile: (249, 396, 1145)
[M::mem_pestat] low and high boundaries for computing mean and std.dev: (1, 2937)
[M::mem_pestat] mean and std.dev: (472.75, 437.13)
[M::mem_pestat] low and high boundaries for proper pairs: (1, 3833)
[M::mem_pestat] skip orientation FF
[M::mem_pestat] skip orientation RF
[M::mem_pestat] skip orientation RR
[M::mem_process_seqs] Processed 932796 reads in 710.908 CPU sec, 45.917 real sec
[main] Version: 0.7.19-r1273
[main] CMD: bwa mem -t 16 -R @RG\tID:Dogfish_Bay_8\tSM:Dogfish_Bay_8\tLB:Dogfish_Bay_8\tPL:ILLUMINA output/05_realign_xbOstLuri2/reference/GCA_061535525.1_xbOstLuri2_USDA-ARS_PSRF_primary_genomic.fna data/raw/Dogfish_Bay_8_S49_L004_R1_001.fastq.gz data/raw/Dogfish_Bay_8_S49_L004_R2_001.fastq.gz
[main] Real time: 3549.996 sec; CPU: 54560.893 sec
[bam_sort_core] merging from 3 files and 8 in-memory blocks...
end 2026-09-27T13:00:16Z sample=Dogfish_Bay_8
