/opt/ohpc/admin/lmod/lmod/init/bash: line 93: LD_LIBRARY_PATH: unbound variable
start 2026-09-27T14:08:37Z host n3432 sample=NS18_Sequim_Wild_6 location=NS18_Sequim_Wild
[M::bwa_idx_load_from_disk] read 0 ALT contigs
[M::process] read 1066668 sequences (160000200 bp)...
[M::process] read 1066668 sequences (160000200 bp)...
[M::mem_pestat] # candidate unique pairs for (FF, FR, RF, RR): (31, 227023, 58, 20)
[M::mem_pestat] analyzing insert size distribution for orientation FF...
[M::mem_pestat] (25, 50, 75) percentile: (167, 293, 525)
[M::mem_pestat] low and high boundaries for computing mean and std.dev: (1, 1241)
[M::mem_pestat] mean and std.dev: (298.25, 188.73)
[M::mem_pestat] low and high boundaries for proper pairs: (1, 1599)
[M::mem_pestat] analyzing insert size distribution for orientation FR...
[M::mem_pestat] (25, 50, 75) percentile: (211, 286, 365)
[M::mem_pestat] low and high boundaries for computing mean and std.dev: (1, 673)
[M::mem_pestat] mean and std.dev: (290.21, 113.29)
[M::mem_pestat] low and high boundaries for proper pairs: (1, 827)
[M::mem_pestat] analyzing insert size distribution for orientation RF...
[M::mem_pestat] (25, 50, 75) percentile: (103, 717, 5332)
[M::mem_pestat] low and high boundaries for computing mean and std.dev: (1, 15790)
[M::mem_pestat] mean and std.dev: (2740.76, 3236.97)
[M::mem_pestat] low and high boundaries for proper pairs: (1, 21019)
[M::mem_pestat] analyzing insert size distribution for orientation RR...
[M::mem_pestat] (25, 50, 75) percentile: (149, 276, 323)
[M::mem_pestat] low and high boundaries for computing mean and std.dev: (1, 671)
[M::mem_pestat] mean and std.dev: (241.89, 155.67)
[M::mem_pestat] low and high boundaries for proper pairs: (1, 865)
[M::mem_pestat] skip orientation FF
[M::mem_pestat] skip orientation RF
[M::mem_pestat] skip orientation RR
[M::mem_process_seqs] Processed 1066668 reads in 817.635 CPU sec, 57.879 real sec
[M::mem_pestat] # candidate unique pairs for (FF, FR, RF, RR): (42, 227983, 59, 37)
[M::mem_pestat] analyzing insert size distribution for orientation FF...
[M::mem_pestat] (25, 50, 75) percentile: (202, 450, 1457)
[M::mem_pestat] low and high boundaries for computing mean and std.dev: (1, 3967)
[M::mem_pestat] mean and std.dev: (945.48, 958.55)
[M::mem_pestat] low and high boundaries for proper pairs: (1, 5222)
[M::mem_pestat] analyzing insert size distribution for orientation FR...
[M::mem_pestat] (25, 50, 75) percentile: (216, 291, 371)
[M::mem_pestat] low and high boundaries for computing mean and std.dev: (1, 681)
[M::mem_pestat] mean and std.dev: (295.42, 114.48)
[M::mem_pestat] low and high boundaries for proper pairs: (1, 836)
[M::mem_pestat] analyzing insert size distribution for orientation RF...
[M::mem_pestat] (25, 50, 75) percentile: (183, 790, 3314)
[M::mem_pestat] low and high boundaries for computing mean and std.dev: (1, 9576)
[M::mem_pestat] mean and std.dev: (2137.68, 2561.20)
[M::mem_pestat] low and high boundaries for proper pairs: (1, 12707)
[M::mem_pestat] analyzing insert size distribution for orientation RR...
[M::mem_pestat] (25, 50, 75) percentile: (171, 273, 1589)
[M::mem_pestat] low and high boundaries for computing mean and std.dev: (1, 4425)
[M::mem_pestat] mean and std.dev: (880.38, 992.57)
[M::mem_pestat] low and high boundaries for proper pairs: (1, 5843)
[M::mem_pestat] skip orientation FF
[M::mem_pestat] skip orientation RF
[M::mem_pestat] skip orientation RR
[M::process] read 1066668 sequences (160000200 bp)...
[M::mem_process_seqs] Processed 1066668 reads in 818.001 CPU sec, 54.761 real sec
[M::process] read 1066668 sequences (160000200 bp)...
[M::mem_pestat] # candidate unique pairs for (FF, FR, RF, RR): (32, 229267, 50, 26)
[M::mem_pestat] analyzing insert size distribution for orientation FF...
[M::mem_pestat] (25, 50, 75) percentile: (189, 508, 2500)
[M::mem_pestat] low and high boundaries for computing mean and std.dev: (1, 7122)
[M::mem_pestat] mean and std.dev: (1034.97, 1068.73)
[M::mem_pestat] low and high boundaries for proper pairs: (1, 9433)
[M::mem_pestat] analyzing insert size distribution for orientation FR...
[M::mem_pestat] (25, 50, 75) percentile: (214, 287, 367)
[M::mem_pestat] low and high boundaries for computing mean and std.dev: (1, 673)
[M::mem_pestat] mean and std.dev: (292.19, 114.05)
[M::mem_pestat] low and high boundaries for proper pairs: (1, 826)
[M::mem_pestat] analyzing insert size distribution for orientation RF...
[M::mem_pestat] (25, 50, 75) percentile: (73, 491, 4175)
[M::mem_pestat] low and high boundaries for computing mean and std.dev: (1, 12379)
[M::mem_pestat] mean and std.dev: (2223.32, 2970.10)
[M::mem_pestat] low and high boundaries for proper pairs: (1, 16481)
[M::mem_pestat] analyzing insert size distribution for orientation RR...
[M::mem_pestat] (25, 50, 75) percentile: (117, 324, 477)
[M::mem_pestat] low and high boundaries for computing mean and std.dev: (1, 1197)
[M::mem_pestat] mean and std.dev: (239.36, 162.41)
[M::mem_pestat] low and high boundaries for proper pairs: (1, 1557)
[M::mem_pestat] skip orientation FF
[M::mem_pestat] skip orientation RF
[M::mem_pestat] skip orientation RR
[M::mem_process_seqs] Processed 1066668 reads in 820.420 CPU sec, 55.324 real sec
[M::mem_pestat] # candidate unique pairs for (FF, FR, RF, RR): (32, 228324, 64, 24)
[M::mem_pestat] analyzing insert size distribution for orientation FF...
[M::mem_pestat] (25, 50, 75) percentile: (179, 472, 1052)
[M::mem_pestat] low and high boundaries for computing mean and std.dev: (1, 2798)
[M::mem_pestat] mean and std.dev: (523.30, 513.68)
[M::mem_pestat] low and high boundaries for proper pairs: (1, 3671)
[M::mem_pestat] analyzing insert size distribution for orientation FR...
[M::mem_pestat] (25, 50, 75) percentile: (213, 287, 367)
[M::mem_pestat] low and high boundaries for computing mean and std.dev: (1, 675)
[M::mem_pestat] mean and std.dev: (292.38, 114.31)
[M::mem_pestat] low and high boundaries for proper pairs: (1, 829)
[M::mem_pestat] analyzing insert size distribution for orientation RF...
[M::mem_pestat] (25, 50, 75) percentile: (273, 1073, 5638)
[M::mem_pestat] low and high boundaries for computing mean and std.dev: (1, 16368)
[M::mem_pestat] mean and std.dev: (2728.62, 3459.51)
[M::mem_pestat] low and high boundaries for proper pairs: (1, 21733)
[M::mem_pestat] analyzing insert size distribution for orientation RR...
[M::mem_pestat] (25, 50, 75) percentile: (420, 1070, 1428)
[M::mem_pestat] low and high boundaries for computing mean and std.dev: (1, 3444)
[M::mem_pestat] mean and std.dev: (864.29, 483.98)
[M::mem_pestat] low and high boundaries for proper pairs: (1, 4452)
[M::mem_pestat] skip orientation FF
[M::mem_pestat] skip orientation RF
[M::mem_pestat] skip orientation RR
[M::process] read 1066668 sequences (160000200 bp)...
[M::mem_process_seqs] Processed 1066668 reads in 824.863 CPU sec, 56.044 real sec
[M::mem_pestat] # candidate unique pairs for (FF, FR, RF, RR): (37, 229379, 53, 21)
[M::mem_pestat] analyzing insert size distribution for orientation FF...
[M::mem_pestat] (25, 50, 75) percentile: (159, 322, 663)
[M::mem_pestat] low and high boundaries for computing mean and std.dev: (1, 1671)
[M::mem_pestat] mean and std.dev: (315.16, 302.61)
[M::mem_pestat] low and high boundaries for proper pairs: (1, 2175)
[M::mem_pestat] analyzing insert size distribution for orientation FR...
[M::mem_pestat] (25, 50, 75) percentile: (213, 287, 367)
[M::mem_pestat] low and high boundaries for computing mean and std.dev: (1, 675)
[M::mem_pestat] mean and std.dev: (292.30, 114.22)
[M::mem_pestat] low and high boundaries for proper pairs: (1, 829)
[M::mem_pestat] analyzing insert size distribution for orientation RF...
[M::mem_pestat] (25, 50, 75) percentile: (292, 1329, 4612)
[M::mem_pestat] low and high boundaries for computing mean and std.dev: (1, 13252)
[M::mem_pestat] mean and std.dev: (2713.62, 2933.95)
[M::mem_pestat] low and high boundaries for proper pairs: (1, 17572)
[M::mem_pestat] analyzing insert size distribution for orientation RR...
[M::mem_pestat] (25, 50, 75) percentile: (143, 198, 542)
[M::mem_pestat] low and high boundaries for computing mean and std.dev: (1, 1340)
[M::mem_pestat] mean and std.dev: (251.79, 169.51)
[M::mem_pestat] low and high boundaries for proper pairs: (1, 1739)
[M::mem_pestat] skip orientation FF
[M::mem_pestat] skip orientation RF
[M::mem_pestat] skip orientation RR
[M::process] read 1066668 sequences (160000200 bp)...
[M::mem_process_seqs] Processed 1066668 reads in 821.237 CPU sec, 55.425 real sec
[M::process] read 1066668 sequences (160000200 bp)...
[M::mem_pestat] # candidate unique pairs for (FF, FR, RF, RR): (27, 228457, 54, 23)
[M::mem_pestat] analyzing insert size distribution for orientation FF...
[M::mem_pestat] (25, 50, 75) percentile: (177, 519, 789)
[M::mem_pestat] low and high boundaries for computing mean and std.dev: (1, 2013)
[M::mem_pestat] mean and std.dev: (439.00, 304.96)
[M::mem_pestat] low and high boundaries for proper pairs: (1, 2625)
[M::mem_pestat] analyzing insert size distribution for orientation FR...
[M::mem_pestat] (25, 50, 75) percentile: (212, 285, 363)
[M::mem_pestat] low and high boundaries for computing mean and std.dev: (1, 665)
[M::mem_pestat] mean and std.dev: (289.84, 112.74)
[M::mem_pestat] low and high boundaries for proper pairs: (1, 816)
[M::mem_pestat] analyzing insert size distribution for orientation RF...
[M::mem_pestat] (25, 50, 75) percentile: (152, 498, 1592)
[M::mem_pestat] low and high boundaries for computing mean and std.dev: (1, 4472)
[M::mem_pestat] mean and std.dev: (648.29, 785.92)
[M::mem_pestat] low and high boundaries for proper pairs: (1, 5912)
[M::mem_pestat] analyzing insert size distribution for orientation RR...
[M::mem_pestat] (25, 50, 75) percentile: (161, 285, 555)
[M::mem_pestat] low and high boundaries for computing mean and std.dev: (1, 1343)
[M::mem_pestat] mean and std.dev: (344.81, 265.94)
[M::mem_pestat] low and high boundaries for proper pairs: (1, 1737)
[M::mem_pestat] skip orientation FF
[M::mem_pestat] skip orientation RF
[M::mem_pestat] skip orientation RR
[M::mem_process_seqs] Processed 1066668 reads in 838.625 CPU sec, 58.828 real sec
[M::process] read 1066668 sequences (160000200 bp)...
[M::mem_pestat] # candidate unique pairs for (FF, FR, RF, RR): (39, 228184, 75, 25)
[M::mem_pestat] analyzing insert size distribution for orientation FF...
[M::mem_pestat] (25, 50, 75) percentile: (270, 335, 1027)
[M::mem_pestat] low and high boundaries for computing mean and std.dev: (1, 2541)
[M::mem_pestat] mean and std.dev: (542.71, 505.53)
[M::mem_pestat] low and high boundaries for proper pairs: (1, 3298)
[M::mem_pestat] analyzing insert size distribution for orientation FR...
[M::mem_pestat] (25, 50, 75) percentile: (210, 283, 361)
[M::mem_pestat] low and high boundaries for computing mean and std.dev: (1, 663)
[M::mem_pestat] mean and std.dev: (287.94, 111.78)
[M::mem_pestat] low and high boundaries for proper pairs: (1, 814)
[M::mem_pestat] analyzing insert size distribution for orientation RF...
[M::mem_pestat] (25, 50, 75) percentile: (85, 577, 4313)
[M::mem_pestat] low and high boundaries for computing mean and std.dev: (1, 12769)
[M::mem_pestat] mean and std.dev: (2314.33, 3000.58)
[M::mem_pestat] low and high boundaries for proper pairs: (1, 16997)
[M::mem_pestat] analyzing insert size distribution for orientation RR...
[M::mem_pestat] (25, 50, 75) percentile: (396, 694, 1636)
[M::mem_pestat] low and high boundaries for computing mean and std.dev: (1, 4116)
[M::mem_pestat] mean and std.dev: (896.61, 755.73)
[M::mem_pestat] low and high boundaries for proper pairs: (1, 5356)
[M::mem_pestat] skip orientation FF
[M::mem_pestat] skip orientation RF
[M::mem_pestat] skip orientation RR
[M::mem_process_seqs] Processed 1066668 reads in 819.359 CPU sec, 60.195 real sec
[M::mem_pestat] # candidate unique pairs for (FF, FR, RF, RR): (31, 227297, 59, 33)
[M::mem_pestat] analyzing insert size distribution for orientation FF...
[M::mem_pestat] (25, 50, 75) percentile: (288, 483, 870)
[M::mem_pestat] low and high boundaries for computing mean and std.dev: (1, 2034)
[M::mem_pestat] mean and std.dev: (403.84, 269.67)
[M::mem_pestat] low and high boundaries for proper pairs: (1, 2616)
[M::mem_pestat] analyzing insert size distribution for orientation FR...
[M::mem_pestat] (25, 50, 75) percentile: (211, 283, 362)
[M::mem_pestat] low and high boundaries for computing mean and std.dev: (1, 664)
[M::mem_pestat] mean and std.dev: (289.17, 113.00)
[M::mem_pestat] low and high boundaries for proper pairs: (1, 815)
[M::mem_pestat] analyzing insert size distribution for orientation RF...
[M::mem_pestat] (25, 50, 75) percentile: (194, 2552, 7784)
[M::mem_pestat] low and high boundaries for computing mean and std.dev: (1, 22964)
[M::mem_pestat] mean and std.dev: (3413.39, 3434.05)
[M::mem_pestat] low and high boundaries for proper pairs: (1, 30554)
[M::mem_pestat] analyzing insert size distribution for orientation RR...
[M::mem_pestat] (25, 50, 75) percentile: (335, 493, 1323)
[M::mem_pestat] low and high boundaries for computing mean and std.dev: (1, 3299)
[M::mem_pestat] mean and std.dev: (845.84, 883.87)
[M::mem_pestat] low and high boundaries for proper pairs: (1, 4381)
[M::mem_pestat] skip orientation FF
[M::mem_pestat] skip orientation RF
[M::mem_pestat] skip orientation RR
[M::process] read 1066668 sequences (160000200 bp)...
[M::mem_process_seqs] Processed 1066668 reads in 831.255 CPU sec, 55.662 real sec
[M::process] read 1066668 sequences (160000200 bp)...
[M::mem_pestat] # candidate unique pairs for (FF, FR, RF, RR): (33, 227092, 62, 24)
[M::mem_pestat] analyzing insert size distribution for orientation FF...
[M::mem_pestat] (25, 50, 75) percentile: (228, 406, 1122)
[M::mem_pestat] low and high boundaries for computing mean and std.dev: (1, 2910)
[M::mem_pestat] mean and std.dev: (469.11, 456.30)
[M::mem_pestat] low and high boundaries for proper pairs: (1, 3804)
[M::mem_pestat] analyzing insert size distribution for orientation FR...
[M::mem_pestat] (25, 50, 75) percentile: (209, 286, 368)
[M::mem_pestat] low and high boundaries for computing mean and std.dev: (1, 686)
[M::mem_pestat] mean and std.dev: (291.45, 116.55)
[M::mem_pestat] low and high boundaries for proper pairs: (1, 845)
[M::mem_pestat] analyzing insert size distribution for orientation RF...
[M::mem_pestat] (25, 50, 75) percentile: (244, 516, 4342)
[M::mem_pestat] low and high boundaries for computing mean and std.dev: (1, 12538)
[M::mem_pestat] mean and std.dev: (2225.69, 2771.07)
[M::mem_pestat] low and high boundaries for proper pairs: (1, 16636)
[M::mem_pestat] analyzing insert size distribution for orientation RR...
[M::mem_pestat] (25, 50, 75) percentile: (228, 377, 1489)
[M::mem_pestat] low and high boundaries for computing mean and std.dev: (1, 4011)
[M::mem_pestat] mean and std.dev: (627.24, 758.76)
[M::mem_pestat] low and high boundaries for proper pairs: (1, 5272)
[M::mem_pestat] skip orientation FF
[M::mem_pestat] skip orientation RF
[M::mem_pestat] skip orientation RR
[M::mem_process_seqs] Processed 1066668 reads in 825.502 CPU sec, 55.809 real sec
[M::mem_pestat] # candidate unique pairs for (FF, FR, RF, RR): (34, 227185, 64, 33)
[M::mem_pestat] analyzing insert size distribution for orientation FF...
[M::mem_pestat] (25, 50, 75) percentile: (217, 768, 2844)
[M::mem_pestat] low and high boundaries for computing mean and std.dev: (1, 8098)
[M::mem_pestat] mean and std.dev: (1732.06, 2111.52)
[M::mem_pestat] low and high boundaries for proper pairs: (1, 10725)
[M::mem_pestat] analyzing insert size distribution for orientation FR...
[M::mem_pestat] (25, 50, 75) percentile: (213, 291, 374)
[M::mem_pestat] low and high boundaries for computing mean and std.dev: (1, 696)
[M::mem_pestat] mean and std.dev: (296.14, 117.95)
[M::mem_pestat] low and high boundaries for proper pairs: (1, 857)
[M::mem_pestat] analyzing insert size distribution for orientation RF...
[M::mem_pestat] (25, 50, 75) percentile: (124, 581, 4090)
[M::mem_pestat] low and high boundaries for computing mean and std.dev: (1, 12022)
[M::mem_pestat] mean and std.dev: (2098.78, 2557.48)
[M::mem_pestat] low and high boundaries for proper pairs: (1, 15988)
[M::mem_pestat] analyzing insert size distribution for orientation RR...
[M::mem_pestat] (25, 50, 75) percentile: (390, 691, 2852)
[M::mem_pestat] low and high boundaries for computing mean and std.dev: (1, 7776)
[M::mem_pestat] mean and std.dev: (1876.12, 2315.49)
[M::mem_pestat] low and high boundaries for proper pairs: (1, 11138)
[M::mem_pestat] skip orientation FF
[M::mem_pestat] skip orientation RF
[M::mem_pestat] skip orientation RR
[M::process] read 1066668 sequences (160000200 bp)...
[M::mem_process_seqs] Processed 1066668 reads in 828.035 CPU sec, 55.651 real sec
[M::mem_pestat] # candidate unique pairs for (FF, FR, RF, RR): (29, 228101, 75, 30)
[M::mem_pestat] analyzing insert size distribution for orientation FF...
[M::mem_pestat] (25, 50, 75) percentile: (332, 399, 2449)
[M::mem_pestat] low and high boundaries for computing mean and std.dev: (1, 6683)
[M::mem_pestat] mean and std.dev: (1153.96, 1425.58)
[M::mem_pestat] low and high boundaries for proper pairs: (1, 8800)
[M::mem_pestat] analyzing insert size distribution for orientation FR...
[M::mem_pestat] (25, 50, 75) percentile: (213, 288, 370)
[M::mem_pestat] low and high boundaries for computing mean and std.dev: (1, 684)
[M::mem_pestat] mean and std.dev: (293.77, 115.88)
[M::mem_pestat] low and high boundaries for proper pairs: (1, 841)
[M::mem_pestat] analyzing insert size distribution for orientation RF...
[M::mem_pestat] (25, 50, 75) percentile: (86, 622, 3863)
[M::mem_pestat] low and high boundaries for computing mean and std.dev: (1, 11417)
[M::mem_pestat] mean and std.dev: (2016.53, 2562.70)
[M::mem_pestat] low and high boundaries for proper pairs: (1, 15194)
[M::mem_pestat] analyzing insert size distribution for orientation RR...
[M::mem_pestat] (25, 50, 75) percentile: (515, 1321, 2210)
[M::mem_pestat] low and high boundaries for computing mean and std.dev: (1, 5600)
[M::mem_pestat] mean and std.dev: (1357.43, 1101.64)
[M::mem_pestat] low and high boundaries for proper pairs: (1, 7295)
[M::mem_pestat] skip orientation FF
[M::mem_pestat] skip orientation RF
[M::mem_pestat] skip orientation RR
[M::process] read 1066668 sequences (160000200 bp)...
[M::mem_process_seqs] Processed 1066668 reads in 822.445 CPU sec, 56.144 real sec
[M::mem_pestat] # candidate unique pairs for (FF, FR, RF, RR): (25, 228680, 49, 35)
[M::mem_pestat] analyzing insert size distribution for orientation FF...
[M::mem_pestat] (25, 50, 75) percentile: (136, 372, 1425)
[M::mem_pestat] low and high boundaries for computing mean and std.dev: (1, 4003)
[M::mem_pestat] mean and std.dev: (648.33, 825.74)
[M::mem_pestat] low and high boundaries for proper pairs: (1, 5292)
[M::mem_pestat] analyzing insert size distribution for orientation FR...
[M::mem_pestat] (25, 50, 75) percentile: (212, 287, 368)
[M::mem_pestat] low and high boundaries for computing mean and std.dev: (1, 680)
[M::mem_pestat] mean and std.dev: (292.52, 115.27)
[M::mem_pestat] low and high boundaries for proper pairs: (1, 836)
[M::mem_pestat] analyzing insert size distribution for orientation RF...
[M::mem_pestat] (25, 50, 75) percentile: (376, 896, 5490)
[M::mem_pestat] low and high boundaries for computing mean and std.dev: (1, 15718)
[M::mem_pestat] mean and std.dev: (2832.35, 3164.97)
[M::mem_pestat] low and high boundaries for proper pairs: (1, 20832)
[M::mem_pestat] analyzing insert size distribution for orientation RR...
[M::mem_pestat] (25, 50, 75) percentile: (263, 527, 1384)
[M::mem_pestat] low and high boundaries for computing mean and std.dev: (1, 3626)
[M::mem_pestat] mean and std.dev: (704.85, 690.15)
[M::mem_pestat] low and high boundaries for proper pairs: (1, 4747)
[M::mem_pestat] skip orientation FF
[M::mem_pestat] skip orientation RF
[M::mem_pestat] skip orientation RR
[M::process] read 1066668 sequences (160000200 bp)...
[M::mem_process_seqs] Processed 1066668 reads in 817.079 CPU sec, 53.796 real sec
[M::mem_pestat] # candidate unique pairs for (FF, FR, RF, RR): (37, 228719, 63, 27)
[M::mem_pestat] analyzing insert size distribution for orientation FF...
[M::mem_pestat] (25, 50, 75) percentile: (168, 370, 1319)
[M::mem_pestat] low and high boundaries for computing mean and std.dev: (1, 3621)
[M::mem_pestat] mean and std.dev: (717.15, 957.25)
[M::mem_pestat] low and high boundaries for proper pairs: (1, 4772)
[M::mem_pestat] analyzing insert size distribution for orientation FR...
[M::mem_pestat] (25, 50, 75) percentile: (213, 288, 368)
[M::mem_pestat] low and high boundaries for computing mean and std.dev: (1, 678)
[M::mem_pestat] mean and std.dev: (292.69, 115.22)
[M::mem_pestat] low and high boundaries for proper pairs: (1, 833)
[M::mem_pestat] analyzing insert size distribution for orientation RF...
[M::mem_pestat] (25, 50, 75) percentile: (333, 1469, 6010)
[M::mem_pestat] low and high boundaries for computing mean and std.dev: (1, 17364)
[M::mem_pestat] mean and std.dev: (3398.62, 3251.97)
[M::mem_pestat] low and high boundaries for proper pairs: (1, 23041)
[M::mem_pestat] analyzing insert size distribution for orientation RR...
[M::mem_pestat] (25, 50, 75) percentile: (279, 593, 1762)
[M::mem_pestat] low and high boundaries for computing mean and std.dev: (1, 4728)
[M::mem_pestat] mean and std.dev: (1025.54, 1131.38)
[M::mem_pestat] low and high boundaries for proper pairs: (1, 6211)
[M::mem_pestat] skip orientation FF
[M::mem_pestat] skip orientation RF
[M::mem_pestat] skip orientation RR
[M::process] read 1066668 sequences (160000200 bp)...
[M::mem_process_seqs] Processed 1066668 reads in 826.453 CPU sec, 54.640 real sec
[M::mem_pestat] # candidate unique pairs for (FF, FR, RF, RR): (20, 228190, 57, 37)
[M::mem_pestat] analyzing insert size distribution for orientation FF...
[M::mem_pestat] (25, 50, 75) percentile: (256, 374, 3004)
[M::mem_pestat] low and high boundaries for computing mean and std.dev: (1, 8500)
[M::mem_pestat] mean and std.dev: (1232.63, 1485.37)
[M::mem_pestat] low and high boundaries for proper pairs: (1, 11248)
[M::mem_pestat] analyzing insert size distribution for orientation FR...
[M::mem_pestat] (25, 50, 75) percentile: (212, 285, 366)
[M::mem_pestat] low and high boundaries for computing mean and std.dev: (1, 674)
[M::mem_pestat] mean and std.dev: (291.46, 114.61)
[M::mem_pestat] low and high boundaries for proper pairs: (1, 828)
[M::mem_pestat] analyzing insert size distribution for orientation RF...
[M::mem_pestat] (25, 50, 75) percentile: (441, 1294, 3640)
[M::mem_pestat] low and high boundaries for computing mean and std.dev: (1, 10038)
[M::mem_pestat] mean and std.dev: (2359.14, 2485.83)
[M::mem_pestat] low and high boundaries for proper pairs: (1, 13237)
[M::mem_pestat] analyzing insert size distribution for orientation RR...
[M::mem_pestat] (25, 50, 75) percentile: (259, 555, 2360)
[M::mem_pestat] low and high boundaries for computing mean and std.dev: (1, 6562)
[M::mem_pestat] mean and std.dev: (1189.00, 1291.09)
[M::mem_pestat] low and high boundaries for proper pairs: (1, 8663)
[M::mem_pestat] skip orientation FF
[M::mem_pestat] skip orientation RF
[M::mem_pestat] skip orientation RR
[M::process] read 1066668 sequences (160000200 bp)...
[M::mem_process_seqs] Processed 1066668 reads in 832.307 CPU sec, 56.420 real sec
[M::mem_pestat] # candidate unique pairs for (FF, FR, RF, RR): (29, 228831, 50, 22)
[M::mem_pestat] analyzing insert size distribution for orientation FF...
[M::mem_pestat] (25, 50, 75) percentile: (176, 304, 768)
[M::mem_pestat] low and high boundaries for computing mean and std.dev: (1, 1952)
[M::mem_pestat] mean and std.dev: (492.22, 436.48)
[M::mem_pestat] low and high boundaries for proper pairs: (1, 2544)
[M::mem_pestat] analyzing insert size distribution for orientation FR...
[M::mem_pestat] (25, 50, 75) percentile: (210, 283, 363)
[M::mem_pestat] low and high boundaries for computing mean and std.dev: (1, 669)
[M::mem_pestat] mean and std.dev: (289.30, 113.74)
[M::mem_pestat] low and high boundaries for proper pairs: (1, 822)
[M::mem_pestat] analyzing insert size distribution for orientation RF...
[M::mem_pestat] (25, 50, 75) percentile: (151, 367, 1524)
[M::mem_pestat] low and high boundaries for computing mean and std.dev: (1, 4270)
[M::mem_pestat] mean and std.dev: (716.36, 938.14)
[M::mem_pestat] low and high boundaries for proper pairs: (1, 5643)
[M::mem_pestat] analyzing insert size distribution for orientation RR...
[M::mem_pestat] (25, 50, 75) percentile: (283, 527, 1003)
[M::mem_pestat] low and high boundaries for computing mean and std.dev: (1, 2443)
[M::mem_pestat] mean and std.dev: (585.75, 374.93)
[M::mem_pestat] low and high boundaries for proper pairs: (1, 3163)
[M::mem_pestat] skip orientation FF
[M::mem_pestat] skip orientation RF
[M::mem_pestat] skip orientation RR
[M::process] read 1066668 sequences (160000200 bp)...
[M::mem_process_seqs] Processed 1066668 reads in 830.953 CPU sec, 56.309 real sec
[M::mem_pestat] # candidate unique pairs for (FF, FR, RF, RR): (30, 227723, 60, 28)
[M::mem_pestat] analyzing insert size distribution for orientation FF...
[M::mem_pestat] (25, 50, 75) percentile: (156, 333, 906)
[M::mem_pestat] low and high boundaries for computing mean and std.dev: (1, 2406)
[M::mem_pestat] mean and std.dev: (379.76, 458.80)
[M::mem_pestat] low and high boundaries for proper pairs: (1, 3156)
[M::mem_pestat] analyzing insert size distribution for orientation FR...
[M::mem_pestat] (25, 50, 75) percentile: (210, 283, 362)
[M::mem_pestat] low and high boundaries for computing mean and std.dev: (1, 666)
[M::mem_pestat] mean and std.dev: (288.68, 112.95)
[M::mem_pestat] low and high boundaries for proper pairs: (1, 818)
[M::mem_pestat] analyzing insert size distribution for orientation RF...
[M::mem_pestat] (25, 50, 75) percentile: (198, 541, 3759)
[M::mem_pestat] low and high boundaries for computing mean and std.dev: (1, 10881)
[M::mem_pestat] mean and std.dev: (2350.62, 2928.05)
[M::mem_pestat] low and high boundaries for proper pairs: (1, 14442)
[M::mem_pestat] analyzing insert size distribution for orientation RR...
[M::mem_pestat] (25, 50, 75) percentile: (254, 381, 842)
[M::mem_pestat] low and high boundaries for computing mean and std.dev: (1, 2018)
[M::mem_pestat] mean and std.dev: (569.79, 498.20)
[M::mem_pestat] low and high boundaries for proper pairs: (1, 2606)
[M::mem_pestat] skip orientation FF
[M::mem_pestat] skip orientation RF
[M::mem_pestat] skip orientation RR
[M::process] read 1066668 sequences (160000200 bp)...
[M::mem_process_seqs] Processed 1066668 reads in 852.937 CPU sec, 58.921 real sec
[M::mem_pestat] # candidate unique pairs for (FF, FR, RF, RR): (25, 226935, 57, 28)
[M::mem_pestat] analyzing insert size distribution for orientation FF...
[M::mem_pestat] (25, 50, 75) percentile: (172, 225, 670)
[M::mem_pestat] low and high boundaries for computing mean and std.dev: (1, 1666)
[M::mem_pestat] mean and std.dev: (347.70, 279.80)
[M::mem_pestat] low and high boundaries for proper pairs: (1, 2164)
[M::mem_pestat] analyzing insert size distribution for orientation FR...
[M::mem_pestat] (25, 50, 75) percentile: (207, 283, 365)
[M::mem_pestat] low and high boundaries for computing mean and std.dev: (1, 681)
[M::mem_pestat] mean and std.dev: (288.72, 115.96)
[M::mem_pestat] low and high boundaries for proper pairs: (1, 839)
[M::mem_pestat] analyzing insert size distribution for orientation RF...
[M::mem_pestat] (25, 50, 75) percentile: (307, 1261, 4770)
[M::mem_pestat] low and high boundaries for computing mean and std.dev: (1, 13696)
[M::mem_pestat] mean and std.dev: (2923.56, 3162.02)
[M::mem_pestat] low and high boundaries for proper pairs: (1, 18159)
[M::mem_pestat] analyzing insert size distribution for orientation RR...
[M::mem_pestat] (25, 50, 75) percentile: (190, 315, 1757)
[M::mem_pestat] low and high boundaries for computing mean and std.dev: (1, 4891)
[M::mem_pestat] mean and std.dev: (726.73, 948.89)
[M::mem_pestat] low and high boundaries for proper pairs: (1, 6458)
[M::mem_pestat] skip orientation FF
[M::mem_pestat] skip orientation RF
[M::mem_pestat] skip orientation RR
[M::process] read 1066668 sequences (160000200 bp)...
[M::mem_process_seqs] Processed 1066668 reads in 828.896 CPU sec, 55.228 real sec
[M::process] read 1066668 sequences (160000200 bp)...
[M::mem_pestat] # candidate unique pairs for (FF, FR, RF, RR): (29, 227322, 66, 24)
[M::mem_pestat] analyzing insert size distribution for orientation FF...
[M::mem_pestat] (25, 50, 75) percentile: (135, 471, 1652)
[M::mem_pestat] low and high boundaries for computing mean and std.dev: (1, 4686)
[M::mem_pestat] mean and std.dev: (889.58, 1148.07)
[M::mem_pestat] low and high boundaries for proper pairs: (1, 6203)
[M::mem_pestat] analyzing insert size distribution for orientation FR...
[M::mem_pestat] (25, 50, 75) percentile: (212, 289, 371)
[M::mem_pestat] low and high boundaries for computing mean and std.dev: (1, 689)
[M::mem_pestat] mean and std.dev: (294.34, 117.49)
[M::mem_pestat] low and high boundaries for proper pairs: (1, 848)
[M::mem_pestat] analyzing insert size distribution for orientation RF...
[M::mem_pestat] (25, 50, 75) percentile: (152, 941, 4387)
[M::mem_pestat] low and high boundaries for computing mean and std.dev: (1, 12857)
[M::mem_pestat] mean and std.dev: (2407.36, 2963.75)
[M::mem_pestat] low and high boundaries for proper pairs: (1, 17092)
[M::mem_pestat] analyzing insert size distribution for orientation RR...
[M::mem_pestat] (25, 50, 75) percentile: (217, 384, 2461)
[M::mem_pestat] low and high boundaries for computing mean and std.dev: (1, 6949)
[M::mem_pestat] mean and std.dev: (878.57, 1079.09)
[M::mem_pestat] low and high boundaries for proper pairs: (1, 9193)
[M::mem_pestat] skip orientation FF
[M::mem_pestat] skip orientation RF
[M::mem_pestat] skip orientation RR
[M::mem_process_seqs] Processed 1066668 reads in 820.015 CPU sec, 55.658 real sec
[M::mem_pestat] # candidate unique pairs for (FF, FR, RF, RR): (24, 228833, 66, 35)
[M::mem_pestat] analyzing insert size distribution for orientation FF...
[M::mem_pestat] (25, 50, 75) percentile: (310, 702, 2911)
[M::mem_pestat] low and high boundaries for computing mean and std.dev: (1, 8113)
[M::mem_pestat] mean and std.dev: (1910.92, 2388.32)
[M::mem_pestat] low and high boundaries for proper pairs: (1, 11464)
[M::mem_pestat] analyzing insert size distribution for orientation FR...
[M::mem_pestat] (25, 50, 75) percentile: (210, 284, 365)
[M::mem_pestat] low and high boundaries for computing mean and std.dev: (1, 675)
[M::mem_pestat] mean and std.dev: (289.73, 114.94)
[M::mem_pestat] low and high boundaries for proper pairs: (1, 830)
[M::mem_pestat] analyzing insert size distribution for orientation RF...
[M::mem_pestat] (25, 50, 75) percentile: (105, 483, 2009)
[M::mem_pestat] low and high boundaries for computing mean and std.dev: (1, 5817)
[M::mem_pestat] mean and std.dev: (1022.37, 1391.98)
[M::mem_pestat] low and high boundaries for proper pairs: (1, 7721)
[M::mem_pestat] analyzing insert size distribution for orientation RR...
[M::mem_pestat] (25, 50, 75) percentile: (187, 371, 1156)
[M::mem_pestat] low and high boundaries for computing mean and std.dev: (1, 3094)
[M::mem_pestat] mean and std.dev: (442.77, 384.46)
[M::mem_pestat] low and high boundaries for proper pairs: (1, 4063)
[M::mem_pestat] skip orientation FF
[M::mem_pestat] skip orientation RF
[M::mem_pestat] skip orientation RR
[M::mem_process_seqs] Processed 1066668 reads in 815.261 CPU sec, 55.159 real sec
[M::process] read 1066668 sequences (160000200 bp)...
[M::process] read 1066668 sequences (160000200 bp)...
[M::mem_pestat] # candidate unique pairs for (FF, FR, RF, RR): (16, 228367, 56, 42)
[M::mem_pestat] analyzing insert size distribution for orientation FF...
[M::mem_pestat] (25, 50, 75) percentile: (245, 949, 2398)
[M::mem_pestat] low and high boundaries for computing mean and std.dev: (1, 6704)
[M::mem_pestat] mean and std.dev: (1298.75, 1432.93)
[M::mem_pestat] low and high boundaries for proper pairs: (1, 8857)
[M::mem_pestat] analyzing insert size distribution for orientation FR...
[M::mem_pestat] (25, 50, 75) percentile: (210, 284, 365)
[M::mem_pestat] low and high boundaries for computing mean and std.dev: (1, 675)
[M::mem_pestat] mean and std.dev: (290.12, 115.26)
[M::mem_pestat] low and high boundaries for proper pairs: (1, 830)
[M::mem_pestat] analyzing insert size distribution for orientation RF...
[M::mem_pestat] (25, 50, 75) percentile: (305, 806, 2163)
[M::mem_pestat] low and high boundaries for computing mean and std.dev: (1, 5879)
[M::mem_pestat] mean and std.dev: (1235.61, 1505.60)
[M::mem_pestat] low and high boundaries for proper pairs: (1, 7737)
[M::mem_pestat] analyzing insert size distribution for orientation RR...
[M::mem_pestat] (25, 50, 75) percentile: (241, 450, 1034)
[M::mem_pestat] low and high boundaries for computing mean and std.dev: (1, 2620)
[M::mem_pestat] mean and std.dev: (394.52, 250.10)
[M::mem_pestat] low and high boundaries for proper pairs: (1, 3413)
[M::mem_pestat] skip orientation FF
[M::mem_pestat] skip orientation RF
[M::mem_pestat] skip orientation RR
[M::mem_process_seqs] Processed 1066668 reads in 802.374 CPU sec, 74.882 real sec
[M::mem_pestat] # candidate unique pairs for (FF, FR, RF, RR): (18, 228344, 65, 31)
[M::mem_pestat] analyzing insert size distribution for orientation FF...
[M::mem_pestat] (25, 50, 75) percentile: (201, 314, 663)
[M::mem_pestat] low and high boundaries for computing mean and std.dev: (1, 1587)
[M::mem_pestat] mean and std.dev: (436.94, 349.82)
[M::mem_pestat] low and high boundaries for proper pairs: (1, 2049)
[M::mem_pestat] analyzing insert size distribution for orientation FR...
[M::mem_pestat] (25, 50, 75) percentile: (209, 284, 364)
[M::mem_pestat] low and high boundaries for computing mean and std.dev: (1, 674)
[M::mem_pestat] mean and std.dev: (289.65, 115.22)
[M::mem_pestat] low and high boundaries for proper pairs: (1, 829)
[M::mem_pestat] analyzing insert size distribution for orientation RF...
[M::mem_pestat] (25, 50, 75) percentile: (347, 693, 5442)
[M::mem_pestat] low and high boundaries for computing mean and std.dev: (1, 15632)
[M::mem_pestat] mean and std.dev: (2831.25, 3509.55)
[M::mem_pestat] low and high boundaries for proper pairs: (1, 20727)
[M::mem_pestat] analyzing insert size distribution for orientation RR...
[M::mem_pestat] (25, 50, 75) percentile: (199, 561, 1074)
[M::mem_pestat] low and high boundaries for computing mean and std.dev: (1, 2824)
[M::mem_pestat] mean and std.dev: (691.30, 614.98)
[M::mem_pestat] low and high boundaries for proper pairs: (1, 3699)
[M::mem_pestat] skip orientation FF
[M::mem_pestat] skip orientation RF
[M::mem_pestat] skip orientation RR
[M::process] read 1066668 sequences (160000200 bp)...
[M::mem_process_seqs] Processed 1066668 reads in 825.711 CPU sec, 55.900 real sec
[M::mem_pestat] # candidate unique pairs for (FF, FR, RF, RR): (23, 228530, 53, 21)
[M::mem_pestat] analyzing insert size distribution for orientation FF...
[M::mem_pestat] (25, 50, 75) percentile: (149, 282, 2541)
[M::mem_pestat] low and high boundaries for computing mean and std.dev: (1, 7325)
[M::mem_pestat] mean and std.dev: (1223.70, 1859.91)
[M::mem_pestat] low and high boundaries for proper pairs: (1, 9717)
[M::mem_pestat] analyzing insert size distribution for orientation FR...
[M::mem_pestat] (25, 50, 75) percentile: (211, 285, 365)
[M::mem_pestat] low and high boundaries for computing mean and std.dev: (1, 673)
[M::mem_pestat] mean and std.dev: (290.34, 114.04)
[M::mem_pestat] low and high boundaries for proper pairs: (1, 827)
[M::mem_pestat] analyzing insert size distribution for orientation RF...
[M::mem_pestat] (25, 50, 75) percentile: (210, 1659, 5318)
[M::mem_pestat] low and high boundaries for computing mean and std.dev: (1, 15534)
[M::mem_pestat] mean and std.dev: (2697.94, 3075.12)
[M::mem_pestat] low and high boundaries for proper pairs: (1, 20642)
[M::mem_pestat] analyzing insert size distribution for orientation RR...
[M::mem_pestat] (25, 50, 75) percentile: (190, 260, 1724)
[M::mem_pestat] low and high boundaries for computing mean and std.dev: (1, 4792)
[M::mem_pestat] mean and std.dev: (605.89, 849.52)
[M::mem_pestat] low and high boundaries for proper pairs: (1, 6326)
[M::mem_pestat] skip orientation FF
[M::mem_pestat] skip orientation RF
[M::mem_pestat] skip orientation RR
[M::process] read 1066668 sequences (160000200 bp)...
[M::mem_process_seqs] Processed 1066668 reads in 832.906 CPU sec, 54.981 real sec
[M::mem_pestat] # candidate unique pairs for (FF, FR, RF, RR): (29, 228365, 61, 33)
[M::mem_pestat] analyzing insert size distribution for orientation FF...
[M::mem_pestat] (25, 50, 75) percentile: (242, 494, 856)
[M::mem_pestat] low and high boundaries for computing mean and std.dev: (1, 2084)
[M::mem_pestat] mean and std.dev: (452.44, 313.28)
[M::mem_pestat] low and high boundaries for proper pairs: (1, 2698)
[M::mem_pestat] analyzing insert size distribution for orientation FR...
[M::mem_pestat] (25, 50, 75) percentile: (209, 283, 363)
[M::mem_pestat] low and high boundaries for computing mean and std.dev: (1, 671)
[M::mem_pestat] mean and std.dev: (288.51, 113.72)
[M::mem_pestat] low and high boundaries for proper pairs: (1, 825)
[M::mem_pestat] analyzing insert size distribution for orientation RF...
[M::mem_pestat] (25, 50, 75) percentile: (289, 1227, 4990)
[M::mem_pestat] low and high boundaries for computing mean and std.dev: (1, 14392)
[M::mem_pestat] mean and std.dev: (2587.43, 2789.65)
[M::mem_pestat] low and high boundaries for proper pairs: (1, 19093)
[M::mem_pestat] analyzing insert size distribution for orientation RR...
[M::mem_pestat] (25, 50, 75) percentile: (185, 547, 1261)
[M::mem_pestat] low and high boundaries for computing mean and std.dev: (1, 3413)
[M::mem_pestat] mean and std.dev: (606.84, 467.38)
[M::mem_pestat] low and high boundaries for proper pairs: (1, 4489)
[M::mem_pestat] skip orientation FF
[M::mem_pestat] skip orientation RF
[M::mem_pestat] skip orientation RR
[M::process] read 1066668 sequences (160000200 bp)...
[M::mem_process_seqs] Processed 1066668 reads in 829.837 CPU sec, 54.929 real sec
[M::mem_pestat] # candidate unique pairs for (FF, FR, RF, RR): (22, 227870, 68, 33)
[M::mem_pestat] analyzing insert size distribution for orientation FF...
[M::mem_pestat] (25, 50, 75) percentile: (157, 392, 3692)
[M::mem_pestat] low and high boundaries for computing mean and std.dev: (1, 10762)
[M::mem_pestat] mean and std.dev: (1777.00, 2466.20)
[M::mem_pestat] low and high boundaries for proper pairs: (1, 14297)
[M::mem_pestat] analyzing insert size distribution for orientation FR...
[M::mem_pestat] (25, 50, 75) percentile: (210, 283, 363)
[M::mem_pestat] low and high boundaries for computing mean and std.dev: (1, 669)
[M::mem_pestat] mean and std.dev: (289.01, 113.56)
[M::mem_pestat] low and high boundaries for proper pairs: (1, 822)
[M::mem_pestat] analyzing insert size distribution for orientation RF...
[M::mem_pestat] (25, 50, 75) percentile: (413, 1423, 4176)
[M::mem_pestat] low and high boundaries for computing mean and std.dev: (1, 11702)
[M::mem_pestat] mean and std.dev: (2640.69, 2836.41)
[M::mem_pestat] low and high boundaries for proper pairs: (1, 15465)
[M::mem_pestat] analyzing insert size distribution for orientation RR...
[M::mem_pestat] (25, 50, 75) percentile: (121, 250, 1370)
[M::mem_pestat] low and high boundaries for computing mean and std.dev: (1, 3868)
[M::mem_pestat] mean and std.dev: (701.66, 943.88)
[M::mem_pestat] low and high boundaries for proper pairs: (1, 5117)
[M::mem_pestat] skip orientation FF
[M::mem_pestat] skip orientation RF
[M::mem_pestat] skip orientation RR
[M::process] read 1066668 sequences (160000200 bp)...
[M::mem_process_seqs] Processed 1066668 reads in 840.151 CPU sec, 55.912 real sec
[M::mem_pestat] # candidate unique pairs for (FF, FR, RF, RR): (30, 227817, 73, 37)
[M::mem_pestat] analyzing insert size distribution for orientation FF...
[M::mem_pestat] (25, 50, 75) percentile: (392, 780, 1910)
[M::mem_pestat] low and high boundaries for computing mean and std.dev: (1, 4946)
[M::mem_pestat] mean and std.dev: (945.73, 1025.36)
[M::mem_pestat] low and high boundaries for proper pairs: (1, 6464)
[M::mem_pestat] analyzing insert size distribution for orientation FR...
[M::mem_pestat] (25, 50, 75) percentile: (209, 284, 365)
[M::mem_pestat] low and high boundaries for computing mean and std.dev: (1, 677)
[M::mem_pestat] mean and std.dev: (289.63, 115.18)
[M::mem_pestat] low and high boundaries for proper pairs: (1, 833)
[M::mem_pestat] analyzing insert size distribution for orientation RF...
[M::mem_pestat] (25, 50, 75) percentile: (372, 1224, 4529)
[M::mem_pestat] low and high boundaries for computing mean and std.dev: (1, 12843)
[M::mem_pestat] mean and std.dev: (2827.40, 3077.27)
[M::mem_pestat] low and high boundaries for proper pairs: (1, 17000)
[M::mem_pestat] analyzing insert size distribution for orientation RR...
[M::mem_pestat] (25, 50, 75) percentile: (180, 338, 940)
[M::mem_pestat] low and high boundaries for computing mean and std.dev: (1, 2460)
[M::mem_pestat] mean and std.dev: (425.56, 442.33)
[M::mem_pestat] low and high boundaries for proper pairs: (1, 3220)
[M::mem_pestat] skip orientation FF
[M::mem_pestat] skip orientation RF
[M::mem_pestat] skip orientation RR
[M::process] read 1066668 sequences (160000200 bp)...
[M::mem_process_seqs] Processed 1066668 reads in 828.716 CPU sec, 60.277 real sec
[M::mem_pestat] # candidate unique pairs for (FF, FR, RF, RR): (25, 227825, 66, 34)
[M::mem_pestat] analyzing insert size distribution for orientation FF...
[M::mem_pestat] (25, 50, 75) percentile: (154, 212, 2138)
[M::mem_pestat] low and high boundaries for computing mean and std.dev: (1, 6106)
[M::mem_pestat] mean and std.dev: (1007.28, 1431.13)
[M::mem_pestat] low and high boundaries for proper pairs: (1, 8090)
[M::mem_pestat] analyzing insert size distribution for orientation FR...
[M::mem_pestat] (25, 50, 75) percentile: (212, 289, 371)
[M::mem_pestat] low and high boundaries for computing mean and std.dev: (1, 689)
[M::mem_pestat] mean and std.dev: (293.87, 116.64)
[M::mem_pestat] low and high boundaries for proper pairs: (1, 848)
[M::mem_pestat] analyzing insert size distribution for orientation RF...
[M::mem_pestat] (25, 50, 75) percentile: (216, 939, 2891)
[M::mem_pestat] low and high boundaries for computing mean and std.dev: (1, 8241)
[M::mem_pestat] mean and std.dev: (1867.42, 2161.40)
[M::mem_pestat] low and high boundaries for proper pairs: (1, 10916)
[M::mem_pestat] analyzing insert size distribution for orientation RR...
[M::mem_pestat] (25, 50, 75) percentile: (209, 290, 487)
[M::mem_pestat] low and high boundaries for computing mean and std.dev: (1, 1043)
[M::mem_pestat] mean and std.dev: (271.85, 110.91)
[M::mem_pestat] low and high boundaries for proper pairs: (1, 1321)
[M::mem_pestat] skip orientation FF
[M::mem_pestat] skip orientation RF
[M::mem_pestat] skip orientation RR
[M::process] read 1066668 sequences (160000200 bp)...
[M::mem_process_seqs] Processed 1066668 reads in 826.076 CPU sec, 55.829 real sec
[M::mem_pestat] # candidate unique pairs for (FF, FR, RF, RR): (31, 228701, 50, 23)
[M::mem_pestat] analyzing insert size distribution for orientation FF...
[M::mem_pestat] (25, 50, 75) percentile: (278, 404, 1243)
[M::mem_pestat] low and high boundaries for computing mean and std.dev: (1, 3173)
[M::mem_pestat] mean and std.dev: (781.35, 774.92)
[M::mem_pestat] low and high boundaries for proper pairs: (1, 4138)
[M::mem_pestat] analyzing insert size distribution for orientation FR...
[M::mem_pestat] (25, 50, 75) percentile: (210, 285, 364)
[M::mem_pestat] low and high boundaries for computing mean and std.dev: (1, 672)
[M::mem_pestat] mean and std.dev: (288.78, 113.71)
[M::mem_pestat] low and high boundaries for proper pairs: (1, 826)
[M::mem_pestat] analyzing insert size distribution for orientation RF...
[M::mem_pestat] (25, 50, 75) percentile: (299, 1130, 3496)
[M::mem_pestat] low and high boundaries for computing mean and std.dev: (1, 9890)
[M::mem_pestat] mean and std.dev: (2191.92, 2552.22)
[M::mem_pestat] low and high boundaries for proper pairs: (1, 13087)
[M::mem_pestat] analyzing insert size distribution for orientation RR...
[M::mem_pestat] (25, 50, 75) percentile: (199, 497, 2655)
[M::mem_pestat] low and high boundaries for computing mean and std.dev: (1, 7567)
[M::mem_pestat] mean and std.dev: (1080.87, 1197.19)
[M::mem_pestat] low and high boundaries for proper pairs: (1, 10023)
[M::mem_pestat] skip orientation FF
[M::mem_pestat] skip orientation RF
[M::mem_pestat] skip orientation RR
[M::process] read 1066668 sequences (160000200 bp)...
[M::mem_process_seqs] Processed 1066668 reads in 821.233 CPU sec, 57.025 real sec
[M::mem_pestat] # candidate unique pairs for (FF, FR, RF, RR): (22, 227924, 68, 18)
[M::mem_pestat] analyzing insert size distribution for orientation FF...
[M::mem_pestat] (25, 50, 75) percentile: (131, 445, 1782)
[M::mem_pestat] low and high boundaries for computing mean and std.dev: (1, 5084)
[M::mem_pestat] mean and std.dev: (1002.62, 1374.86)
[M::mem_pestat] low and high boundaries for proper pairs: (1, 6735)
[M::mem_pestat] analyzing insert size distribution for orientation FR...
[M::mem_pestat] (25, 50, 75) percentile: (213, 288, 369)
[M::mem_pestat] low and high boundaries for computing mean and std.dev: (1, 681)
[M::mem_pestat] mean and std.dev: (293.62, 116.15)
[M::mem_pestat] low and high boundaries for proper pairs: (1, 837)
[M::mem_pestat] analyzing insert size distribution for orientation RF...
[M::mem_pestat] (25, 50, 75) percentile: (261, 1104, 2974)
[M::mem_pestat] low and high boundaries for computing mean and std.dev: (1, 8400)
[M::mem_pestat] mean and std.dev: (1734.96, 2011.54)
[M::mem_pestat] low and high boundaries for proper pairs: (1, 11113)
[M::mem_pestat] analyzing insert size distribution for orientation RR...
[M::mem_pestat] (25, 50, 75) percentile: (225, 496, 736)
[M::mem_pestat] low and high boundaries for computing mean and std.dev: (1, 1758)
[M::mem_pestat] mean and std.dev: (531.56, 388.72)
[M::mem_pestat] low and high boundaries for proper pairs: (1, 2269)
[M::mem_pestat] skip orientation FF
[M::mem_pestat] skip orientation RF
[M::mem_pestat] skip orientation RR
[M::process] read 1066668 sequences (160000200 bp)...
[M::mem_process_seqs] Processed 1066668 reads in 832.505 CPU sec, 57.380 real sec
[M::mem_pestat] # candidate unique pairs for (FF, FR, RF, RR): (23, 227966, 61, 31)
[M::mem_pestat] analyzing insert size distribution for orientation FF...
[M::mem_pestat] (25, 50, 75) percentile: (212, 305, 673)
[M::mem_pestat] low and high boundaries for computing mean and std.dev: (1, 1595)
[M::mem_pestat] mean and std.dev: (290.39, 164.55)
[M::mem_pestat] low and high boundaries for proper pairs: (1, 2056)
[M::mem_pestat] analyzing insert size distribution for orientation FR...
[M::mem_pestat] (25, 50, 75) percentile: (210, 285, 365)
[M::mem_pestat] low and high boundaries for computing mean and std.dev: (1, 675)
[M::mem_pestat] mean and std.dev: (290.19, 114.44)
[M::mem_pestat] low and high boundaries for proper pairs: (1, 830)
[M::mem_pestat] analyzing insert size distribution for orientation RF...
[M::mem_pestat] (25, 50, 75) percentile: (283, 1709, 4721)
[M::mem_pestat] low and high boundaries for computing mean and std.dev: (1, 13597)
[M::mem_pestat] mean and std.dev: (2722.48, 2900.79)
[M::mem_pestat] low and high boundaries for proper pairs: (1, 18035)
[M::mem_pestat] analyzing insert size distribution for orientation RR...
[M::mem_pestat] (25, 50, 75) percentile: (243, 1468, 4159)
[M::mem_pestat] low and high boundaries for computing mean and std.dev: (1, 11991)
[M::mem_pestat] mean and std.dev: (2769.97, 3235.88)
[M::mem_pestat] low and high boundaries for proper pairs: (1, 15907)
[M::mem_pestat] skip orientation FF
[M::mem_pestat] skip orientation RF
[M::mem_pestat] skip orientation RR
[M::process] read 1066668 sequences (160000200 bp)...
[M::mem_process_seqs] Processed 1066668 reads in 838.472 CPU sec, 55.893 real sec
[M::mem_pestat] # candidate unique pairs for (FF, FR, RF, RR): (30, 227949, 60, 34)
[M::mem_pestat] analyzing insert size distribution for orientation FF...
[M::mem_pestat] (25, 50, 75) percentile: (158, 569, 2976)
[M::mem_pestat] low and high boundaries for computing mean and std.dev: (1, 8612)
[M::mem_pestat] mean and std.dev: (1589.83, 2080.18)
[M::mem_pestat] low and high boundaries for proper pairs: (1, 11430)
[M::mem_pestat] analyzing insert size distribution for orientation FR...
[M::mem_pestat] (25, 50, 75) percentile: (210, 284, 364)
[M::mem_pestat] low and high boundaries for computing mean and std.dev: (1, 672)
[M::mem_pestat] mean and std.dev: (289.50, 113.63)
[M::mem_pestat] low and high boundaries for proper pairs: (1, 826)
[M::mem_pestat] analyzing insert size distribution for orientation RF...
[M::mem_pestat] (25, 50, 75) percentile: (176, 1338, 4288)
[M::mem_pestat] low and high boundaries for computing mean and std.dev: (1, 12512)
[M::mem_pestat] mean and std.dev: (2658.50, 3248.95)
[M::mem_pestat] low and high boundaries for proper pairs: (1, 16624)
[M::mem_pestat] analyzing insert size distribution for orientation RR...
[M::mem_pestat] (25, 50, 75) percentile: (162, 276, 1472)
[M::mem_pestat] low and high boundaries for computing mean and std.dev: (1, 4092)
[M::mem_pestat] mean and std.dev: (730.42, 913.08)
[M::mem_pestat] low and high boundaries for proper pairs: (1, 5402)
[M::mem_pestat] skip orientation FF
[M::mem_pestat] skip orientation RF
[M::mem_pestat] skip orientation RR
[M::process] read 1066668 sequences (160000200 bp)...
[M::mem_process_seqs] Processed 1066668 reads in 841.389 CPU sec, 57.669 real sec
[M::mem_pestat] # candidate unique pairs for (FF, FR, RF, RR): (23, 228145, 62, 42)
[M::mem_pestat] analyzing insert size distribution for orientation FF...
[M::mem_pestat] (25, 50, 75) percentile: (196, 334, 1330)
[M::mem_pestat] low and high boundaries for computing mean and std.dev: (1, 3598)
[M::mem_pestat] mean and std.dev: (511.57, 486.75)
[M::mem_pestat] low and high boundaries for proper pairs: (1, 4732)
[M::mem_pestat] analyzing insert size distribution for orientation FR...
[M::mem_pestat] (25, 50, 75) percentile: (208, 281, 362)
[M::mem_pestat] low and high boundaries for computing mean and std.dev: (1, 670)
[M::mem_pestat] mean and std.dev: (287.73, 114.22)
[M::mem_pestat] low and high boundaries for proper pairs: (1, 824)
[M::mem_pestat] analyzing insert size distribution for orientation RF...
[M::mem_pestat] (25, 50, 75) percentile: (92, 869, 2825)
[M::mem_pestat] low and high boundaries for computing mean and std.dev: (1, 8291)
[M::mem_pestat] mean and std.dev: (1648.93, 2241.37)
[M::mem_pestat] low and high boundaries for proper pairs: (1, 11024)
[M::mem_pestat] analyzing insert size distribution for orientation RR...
[M::mem_pestat] (25, 50, 75) percentile: (212, 642, 1907)
[M::mem_pestat] low and high boundaries for computing mean and std.dev: (1, 5297)
[M::mem_pestat] mean and std.dev: (1041.79, 1158.84)
[M::mem_pestat] low and high boundaries for proper pairs: (1, 6992)
[M::mem_pestat] skip orientation FF
[M::mem_pestat] skip orientation RF
[M::mem_pestat] skip orientation RR
[M::process] read 1066668 sequences (160000200 bp)...
[M::mem_process_seqs] Processed 1066668 reads in 842.840 CPU sec, 56.860 real sec
[M::mem_pestat] # candidate unique pairs for (FF, FR, RF, RR): (23, 228129, 70, 29)
[M::mem_pestat] analyzing insert size distribution for orientation FF...
[M::mem_pestat] (25, 50, 75) percentile: (181, 544, 790)
[M::mem_pestat] low and high boundaries for computing mean and std.dev: (1, 2008)
[M::mem_pestat] mean and std.dev: (375.89, 270.70)
[M::mem_pestat] low and high boundaries for proper pairs: (1, 2617)
[M::mem_pestat] analyzing insert size distribution for orientation FR...
[M::mem_pestat] (25, 50, 75) percentile: (209, 282, 362)
[M::mem_pestat] low and high boundaries for computing mean and std.dev: (1, 668)
[M::mem_pestat] mean and std.dev: (287.71, 113.40)
[M::mem_pestat] low and high boundaries for proper pairs: (1, 821)
[M::mem_pestat] analyzing insert size distribution for orientation RF...
[M::mem_pestat] (25, 50, 75) percentile: (183, 1056, 3291)
[M::mem_pestat] low and high boundaries for computing mean and std.dev: (1, 9507)
[M::mem_pestat] mean and std.dev: (2260.71, 2673.86)
[M::mem_pestat] low and high boundaries for proper pairs: (1, 12956)
[M::mem_pestat] analyzing insert size distribution for orientation RR...
[M::mem_pestat] (25, 50, 75) percentile: (521, 1239, 2579)
[M::mem_pestat] low and high boundaries for computing mean and std.dev: (1, 6695)
[M::mem_pestat] mean and std.dev: (1416.00, 1225.01)
[M::mem_pestat] low and high boundaries for proper pairs: (1, 8753)
[M::mem_pestat] skip orientation FF
[M::mem_pestat] skip orientation RF
[M::mem_pestat] skip orientation RR
[M::process] read 1066668 sequences (160000200 bp)...
[M::mem_process_seqs] Processed 1066668 reads in 854.368 CPU sec, 56.536 real sec
[M::mem_pestat] # candidate unique pairs for (FF, FR, RF, RR): (19, 225974, 45, 27)
[M::mem_pestat] analyzing insert size distribution for orientation FF...
[M::mem_pestat] (25, 50, 75) percentile: (229, 238, 698)
[M::mem_pestat] low and high boundaries for computing mean and std.dev: (1, 1636)
[M::mem_pestat] mean and std.dev: (368.47, 261.57)
[M::mem_pestat] low and high boundaries for proper pairs: (1, 2105)
[M::mem_pestat] analyzing insert size distribution for orientation FR...
[M::mem_pestat] (25, 50, 75) percentile: (208, 285, 374)
[M::mem_pestat] low and high boundaries for computing mean and std.dev: (1, 706)
[M::mem_pestat] mean and std.dev: (294.59, 121.71)
[M::mem_pestat] low and high boundaries for proper pairs: (1, 872)
[M::mem_pestat] analyzing insert size distribution for orientation RF...
[M::mem_pestat] (25, 50, 75) percentile: (144, 706, 5751)
[M::mem_pestat] low and high boundaries for computing mean and std.dev: (1, 16965)
[M::mem_pestat] mean and std.dev: (2468.33, 3240.39)
[M::mem_pestat] low and high boundaries for proper pairs: (1, 22572)
[M::mem_pestat] analyzing insert size distribution for orientation RR...
[M::mem_pestat] (25, 50, 75) percentile: (226, 256, 444)
[M::mem_pestat] low and high boundaries for computing mean and std.dev: (1, 880)
[M::mem_pestat] mean and std.dev: (287.17, 152.71)
[M::mem_pestat] low and high boundaries for proper pairs: (1, 1098)
[M::mem_pestat] skip orientation FF
[M::mem_pestat] skip orientation RF
[M::mem_pestat] skip orientation RR
[M::process] read 1066668 sequences (160000200 bp)...
[M::mem_process_seqs] Processed 1066668 reads in 860.662 CPU sec, 59.195 real sec
[M::mem_pestat] # candidate unique pairs for (FF, FR, RF, RR): (26, 225739, 62, 22)
[M::mem_pestat] analyzing insert size distribution for orientation FF...
[M::mem_pestat] (25, 50, 75) percentile: (137, 192, 598)
[M::mem_pestat] low and high boundaries for computing mean and std.dev: (1, 1520)
[M::mem_pestat] mean and std.dev: (322.91, 270.68)
[M::mem_pestat] low and high boundaries for proper pairs: (1, 1981)
[M::mem_pestat] analyzing insert size distribution for orientation FR...
[M::mem_pestat] (25, 50, 75) percentile: (211, 289, 379)
[M::mem_pestat] low and high boundaries for computing mean and std.dev: (1, 715)
[M::mem_pestat] mean and std.dev: (297.86, 122.42)
[M::mem_pestat] low and high boundaries for proper pairs: (1, 883)
[M::mem_pestat] analyzing insert size distribution for orientation RF...
[M::mem_pestat] (25, 50, 75) percentile: (178, 1235, 5902)
[M::mem_pestat] low and high boundaries for computing mean and std.dev: (1, 17350)
[M::mem_pestat] mean and std.dev: (2787.68, 2997.16)
[M::mem_pestat] low and high boundaries for proper pairs: (1, 23074)
[M::mem_pestat] analyzing insert size distribution for orientation RR...
[M::mem_pestat] (25, 50, 75) percentile: (257, 811, 2877)
[M::mem_pestat] low and high boundaries for computing mean and std.dev: (1, 8117)
[M::mem_pestat] mean and std.dev: (1536.45, 1852.93)
[M::mem_pestat] low and high boundaries for proper pairs: (1, 10737)
[M::mem_pestat] skip orientation FF
[M::mem_pestat] skip orientation RF
[M::mem_pestat] skip orientation RR
[M::process] read 1066668 sequences (160000200 bp)...
[M::mem_process_seqs] Processed 1066668 reads in 848.840 CPU sec, 58.358 real sec
[M::mem_pestat] # candidate unique pairs for (FF, FR, RF, RR): (39, 226464, 43, 25)
[M::mem_pestat] analyzing insert size distribution for orientation FF...
[M::mem_pestat] (25, 50, 75) percentile: (247, 393, 1407)
[M::mem_pestat] low and high boundaries for computing mean and std.dev: (1, 3727)
[M::mem_pestat] mean and std.dev: (665.89, 651.02)
[M::mem_pestat] low and high boundaries for proper pairs: (1, 4887)
[M::mem_pestat] analyzing insert size distribution for orientation FR...
[M::mem_pestat] (25, 50, 75) percentile: (208, 284, 371)
[M::mem_pestat] low and high boundaries for computing mean and std.dev: (1, 697)
[M::mem_pestat] mean and std.dev: (293.04, 120.12)
[M::mem_pestat] low and high boundaries for proper pairs: (1, 860)
[M::mem_pestat] analyzing insert size distribution for orientation RF...
[M::mem_pestat] (25, 50, 75) percentile: (178, 440, 3392)
[M::mem_pestat] low and high boundaries for computing mean and std.dev: (1, 9820)
[M::mem_pestat] mean and std.dev: (2145.23, 2931.77)
[M::mem_pestat] low and high boundaries for proper pairs: (1, 13872)
[M::mem_pestat] analyzing insert size distribution for orientation RR...
[M::mem_pestat] (25, 50, 75) percentile: (112, 518, 1522)
[M::mem_pestat] low and high boundaries for computing mean and std.dev: (1, 4342)
[M::mem_pestat] mean and std.dev: (680.04, 738.92)
[M::mem_pestat] low and high boundaries for proper pairs: (1, 5752)
[M::mem_pestat] skip orientation FF
[M::mem_pestat] skip orientation RF
[M::mem_pestat] skip orientation RR
[M::process] read 1066668 sequences (160000200 bp)...
[M::mem_process_seqs] Processed 1066668 reads in 842.970 CPU sec, 60.154 real sec
[M::mem_pestat] # candidate unique pairs for (FF, FR, RF, RR): (37, 226317, 51, 23)
[M::mem_pestat] analyzing insert size distribution for orientation FF...
[M::mem_pestat] (25, 50, 75) percentile: (229, 438, 3840)
[M::mem_pestat] low and high boundaries for computing mean and std.dev: (1, 11062)
[M::mem_pestat] mean and std.dev: (1866.27, 2095.44)
[M::mem_pestat] low and high boundaries for proper pairs: (1, 14673)
[M::mem_pestat] analyzing insert size distribution for orientation FR...
[M::mem_pestat] (25, 50, 75) percentile: (209, 285, 370)
[M::mem_pestat] low and high boundaries for computing mean and std.dev: (1, 692)
[M::mem_pestat] mean and std.dev: (292.79, 118.71)
[M::mem_pestat] low and high boundaries for proper pairs: (1, 853)
[M::mem_pestat] analyzing insert size distribution for orientation RF...
[M::mem_pestat] (25, 50, 75) percentile: (296, 1446, 3157)
[M::mem_pestat] low and high boundaries for computing mean and std.dev: (1, 8879)
[M::mem_pestat] mean and std.dev: (2304.65, 2455.57)
[M::mem_pestat] low and high boundaries for proper pairs: (1, 12127)
[M::mem_pestat] analyzing insert size distribution for orientation RR...
[M::mem_pestat] (25, 50, 75) percentile: (253, 424, 2125)
[M::mem_pestat] low and high boundaries for computing mean and std.dev: (1, 5869)
[M::mem_pestat] mean and std.dev: (732.05, 848.90)
[M::mem_pestat] low and high boundaries for proper pairs: (1, 7741)
[M::mem_pestat] skip orientation FF
[M::mem_pestat] skip orientation RF
[M::mem_pestat] skip orientation RR
[M::process] read 1066668 sequences (160000200 bp)...
[M::mem_process_seqs] Processed 1066668 reads in 841.688 CPU sec, 56.746 real sec
[M::mem_pestat] # candidate unique pairs for (FF, FR, RF, RR): (31, 227125, 55, 29)
[M::mem_pestat] analyzing insert size distribution for orientation FF...
[M::mem_pestat] (25, 50, 75) percentile: (209, 467, 1188)
[M::mem_pestat] low and high boundaries for computing mean and std.dev: (1, 3146)
[M::mem_pestat] mean and std.dev: (604.48, 624.44)
[M::mem_pestat] low and high boundaries for proper pairs: (1, 4125)
[M::mem_pestat] analyzing insert size distribution for orientation FR...
[M::mem_pestat] (25, 50, 75) percentile: (212, 287, 371)
[M::mem_pestat] low and high boundaries for computing mean and std.dev: (1, 689)
[M::mem_pestat] mean and std.dev: (294.78, 118.01)
[M::mem_pestat] low and high boundaries for proper pairs: (1, 848)
[M::mem_pestat] analyzing insert size distribution for orientation RF...
[M::mem_pestat] (25, 50, 75) percentile: (694, 2652, 5792)
[M::mem_pestat] low and high boundaries for computing mean and std.dev: (1, 15988)
[M::mem_pestat] mean and std.dev: (3451.09, 2927.27)
[M::mem_pestat] low and high boundaries for proper pairs: (1, 21086)
[M::mem_pestat] analyzing insert size distribution for orientation RR...
[M::mem_pestat] (25, 50, 75) percentile: (231, 492, 2072)
[M::mem_pestat] low and high boundaries for computing mean and std.dev: (1, 5754)
[M::mem_pestat] mean and std.dev: (1207.46, 1633.97)
[M::mem_pestat] low and high boundaries for proper pairs: (1, 7743)
[M::mem_pestat] skip orientation FF
[M::mem_pestat] skip orientation RF
[M::mem_pestat] skip orientation RR
[M::process] read 1066668 sequences (160000200 bp)...
[M::mem_process_seqs] Processed 1066668 reads in 837.488 CPU sec, 64.097 real sec
[M::mem_pestat] # candidate unique pairs for (FF, FR, RF, RR): (23, 226823, 56, 22)
[M::mem_pestat] analyzing insert size distribution for orientation FF...
[M::mem_pestat] (25, 50, 75) percentile: (140, 344, 1054)
[M::mem_pestat] low and high boundaries for computing mean and std.dev: (1, 2882)
[M::mem_pestat] mean and std.dev: (382.42, 449.55)
[M::mem_pestat] low and high boundaries for proper pairs: (1, 3796)
[M::mem_pestat] analyzing insert size distribution for orientation FR...
[M::mem_pestat] (25, 50, 75) percentile: (213, 288, 372)
[M::mem_pestat] low and high boundaries for computing mean and std.dev: (1, 690)
[M::mem_pestat] mean and std.dev: (295.29, 117.78)
[M::mem_pestat] low and high boundaries for proper pairs: (1, 849)
[M::mem_pestat] analyzing insert size distribution for orientation RF...
[M::mem_pestat] (25, 50, 75) percentile: (137, 829, 3184)
[M::mem_pestat] low and high boundaries for computing mean and std.dev: (1, 9278)
[M::mem_pestat] mean and std.dev: (2089.13, 2916.58)
[M::mem_pestat] low and high boundaries for proper pairs: (1, 13755)
[M::mem_pestat] analyzing insert size distribution for orientation RR...
[M::mem_pestat] (25, 50, 75) percentile: (169, 687, 956)
[M::mem_pestat] low and high boundaries for computing mean and std.dev: (1, 2530)
[M::mem_pestat] mean and std.dev: (654.64, 545.99)
[M::mem_pestat] low and high boundaries for proper pairs: (1, 3317)
[M::mem_pestat] skip orientation FF
[M::mem_pestat] skip orientation RF
[M::mem_pestat] skip orientation RR
[M::process] read 1066668 sequences (160000200 bp)...
[M::mem_process_seqs] Processed 1066668 reads in 863.389 CPU sec, 57.057 real sec
[M::mem_pestat] # candidate unique pairs for (FF, FR, RF, RR): (29, 226012, 65, 28)
[M::mem_pestat] analyzing insert size distribution for orientation FF...
[M::mem_pestat] (25, 50, 75) percentile: (263, 410, 1099)
[M::mem_pestat] low and high boundaries for computing mean and std.dev: (1, 2771)
[M::mem_pestat] mean and std.dev: (644.52, 670.83)
[M::mem_pestat] low and high boundaries for proper pairs: (1, 3607)
[M::mem_pestat] analyzing insert size distribution for orientation FR...
[M::mem_pestat] (25, 50, 75) percentile: (212, 286, 370)
[M::mem_pestat] low and high boundaries for computing mean and std.dev: (1, 686)
[M::mem_pestat] mean and std.dev: (293.87, 116.98)
[M::mem_pestat] low and high boundaries for proper pairs: (1, 844)
[M::mem_pestat] analyzing insert size distribution for orientation RF...
[M::mem_pestat] (25, 50, 75) percentile: (206, 841, 3340)
[M::mem_pestat] low and high boundaries for computing mean and std.dev: (1, 9608)
[M::mem_pestat] mean and std.dev: (1958.45, 2540.90)
[M::mem_pestat] low and high boundaries for proper pairs: (1, 12742)
[M::mem_pestat] analyzing insert size distribution for orientation RR...
[M::mem_pestat] (25, 50, 75) percentile: (162, 823, 3468)
[M::mem_pestat] low and high boundaries for computing mean and std.dev: (1, 10080)
[M::mem_pestat] mean and std.dev: (1612.36, 2172.24)
[M::mem_pestat] low and high boundaries for proper pairs: (1, 13386)
[M::mem_pestat] skip orientation FF
[M::mem_pestat] skip orientation RF
[M::mem_pestat] skip orientation RR
[M::process] read 1066668 sequences (160000200 bp)...
[M::mem_process_seqs] Processed 1066668 reads in 865.481 CPU sec, 56.925 real sec
[M::mem_pestat] # candidate unique pairs for (FF, FR, RF, RR): (27, 226219, 70, 26)
[M::mem_pestat] analyzing insert size distribution for orientation FF...
[M::mem_pestat] (25, 50, 75) percentile: (242, 293, 413)
[M::mem_pestat] low and high boundaries for computing mean and std.dev: (1, 755)
[M::mem_pestat] mean and std.dev: (308.65, 139.65)
[M::mem_pestat] low and high boundaries for proper pairs: (1, 926)
[M::mem_pestat] analyzing insert size distribution for orientation FR...
[M::mem_pestat] (25, 50, 75) percentile: (205, 280, 365)
[M::mem_pestat] low and high boundaries for computing mean and std.dev: (1, 685)
[M::mem_pestat] mean and std.dev: (289.10, 118.86)
[M::mem_pestat] low and high boundaries for proper pairs: (1, 845)
[M::mem_pestat] analyzing insert size distribution for orientation RF...
[M::mem_pestat] (25, 50, 75) percentile: (592, 1592, 4023)
[M::mem_pestat] low and high boundaries for computing mean and std.dev: (1, 10885)
[M::mem_pestat] mean and std.dev: (2505.29, 2396.34)
[M::mem_pestat] low and high boundaries for proper pairs: (1, 14316)
[M::mem_pestat] analyzing insert size distribution for orientation RR...
[M::mem_pestat] (25, 50, 75) percentile: (199, 429, 656)
[M::mem_pestat] low and high boundaries for computing mean and std.dev: (1, 1570)
[M::mem_pestat] mean and std.dev: (506.88, 428.15)
[M::mem_pestat] low and high boundaries for proper pairs: (1, 2219)
[M::mem_pestat] skip orientation FF
[M::mem_pestat] skip orientation RF
[M::mem_pestat] skip orientation RR
[M::process] read 1066668 sequences (160000200 bp)...
[M::mem_process_seqs] Processed 1066668 reads in 852.479 CPU sec, 56.326 real sec
[M::mem_pestat] # candidate unique pairs for (FF, FR, RF, RR): (25, 225642, 79, 34)
[M::mem_pestat] analyzing insert size distribution for orientation FF...
[M::mem_pestat] (25, 50, 75) percentile: (222, 310, 849)
[M::mem_pestat] low and high boundaries for computing mean and std.dev: (1, 2103)
[M::mem_pestat] mean and std.dev: (411.43, 308.14)
[M::mem_pestat] low and high boundaries for proper pairs: (1, 2730)
[M::mem_pestat] analyzing insert size distribution for orientation FR...
[M::mem_pestat] (25, 50, 75) percentile: (205, 282, 371)
[M::mem_pestat] low and high boundaries for computing mean and std.dev: (1, 703)
[M::mem_pestat] mean and std.dev: (292.40, 122.11)
[M::mem_pestat] low and high boundaries for proper pairs: (1, 869)
[M::mem_pestat] analyzing insert size distribution for orientation RF...
[M::mem_pestat] (25, 50, 75) percentile: (146, 763, 3247)
[M::mem_pestat] low and high boundaries for computing mean and std.dev: (1, 9449)
[M::mem_pestat] mean and std.dev: (1976.23, 2649.16)
[M::mem_pestat] low and high boundaries for proper pairs: (1, 12573)
[M::mem_pestat] analyzing insert size distribution for orientation RR...
[M::mem_pestat] (25, 50, 75) percentile: (231, 779, 2653)
[M::mem_pestat] low and high boundaries for computing mean and std.dev: (1, 7497)
[M::mem_pestat] mean and std.dev: (1995.71, 2288.26)
[M::mem_pestat] low and high boundaries for proper pairs: (1, 11149)
[M::mem_pestat] skip orientation FF
[M::mem_pestat] skip orientation RF
[M::mem_pestat] skip orientation RR
[M::process] read 1066668 sequences (160000200 bp)...
[M::mem_process_seqs] Processed 1066668 reads in 842.268 CPU sec, 55.093 real sec
[M::mem_pestat] # candidate unique pairs for (FF, FR, RF, RR): (27, 225808, 63, 19)
[M::mem_pestat] analyzing insert size distribution for orientation FF...
[M::mem_pestat] (25, 50, 75) percentile: (129, 256, 1016)
[M::mem_pestat] low and high boundaries for computing mean and std.dev: (1, 2790)
[M::mem_pestat] mean and std.dev: (486.33, 605.09)
[M::mem_pestat] low and high boundaries for proper pairs: (1, 3677)
[M::mem_pestat] analyzing insert size distribution for orientation FR...
[M::mem_pestat] (25, 50, 75) percentile: (207, 282, 369)
[M::mem_pestat] low and high boundaries for computing mean and std.dev: (1, 693)
[M::mem_pestat] mean and std.dev: (291.07, 119.57)
[M::mem_pestat] low and high boundaries for proper pairs: (1, 855)
[M::mem_pestat] analyzing insert size distribution for orientation RF...
[M::mem_pestat] (25, 50, 75) percentile: (185, 1463, 5670)
[M::mem_pestat] low and high boundaries for computing mean and std.dev: (1, 16640)
[M::mem_pestat] mean and std.dev: (2745.41, 3077.57)
[M::mem_pestat] low and high boundaries for proper pairs: (1, 22125)
[M::mem_pestat] analyzing insert size distribution for orientation RR...
[M::mem_pestat] (25, 50, 75) percentile: (250, 403, 1676)
[M::mem_pestat] low and high boundaries for computing mean and std.dev: (1, 4528)
[M::mem_pestat] mean and std.dev: (929.37, 1052.64)
[M::mem_pestat] low and high boundaries for proper pairs: (1, 5954)
[M::mem_pestat] skip orientation FF
[M::mem_pestat] skip orientation RF
[M::mem_pestat] skip orientation RR
[M::process] read 1066668 sequences (160000200 bp)...
[M::mem_process_seqs] Processed 1066668 reads in 856.669 CPU sec, 56.032 real sec
[M::mem_pestat] # candidate unique pairs for (FF, FR, RF, RR): (30, 226459, 54, 22)
[M::mem_pestat] analyzing insert size distribution for orientation FF...
[M::mem_pestat] (25, 50, 75) percentile: (306, 347, 2832)
[M::mem_pestat] low and high boundaries for computing mean and std.dev: (1, 7884)
[M::mem_pestat] mean and std.dev: (1103.46, 1622.92)
[M::mem_pestat] low and high boundaries for proper pairs: (1, 10410)
[M::mem_pestat] analyzing insert size distribution for orientation FR...
[M::mem_pestat] (25, 50, 75) percentile: (207, 283, 370)
[M::mem_pestat] low and high boundaries for computing mean and std.dev: (1, 696)
[M::mem_pestat] mean and std.dev: (292.39, 120.13)
[M::mem_pestat] low and high boundaries for proper pairs: (1, 859)
[M::mem_pestat] analyzing insert size distribution for orientation RF...
[M::mem_pestat] (25, 50, 75) percentile: (198, 1668, 3876)
[M::mem_pestat] low and high boundaries for computing mean and std.dev: (1, 11232)
[M::mem_pestat] mean and std.dev: (2748.41, 2893.66)
[M::mem_pestat] low and high boundaries for proper pairs: (1, 14910)
[M::mem_pestat] analyzing insert size distribution for orientation RR...
[M::mem_pestat] (25, 50, 75) percentile: (116, 497, 666)
[M::mem_pestat] low and high boundaries for computing mean and std.dev: (1, 1766)
[M::mem_pestat] mean and std.dev: (564.24, 497.32)
[M::mem_pestat] low and high boundaries for proper pairs: (1, 2554)
[M::mem_pestat] skip orientation FF
[M::mem_pestat] skip orientation RF
[M::mem_pestat] skip orientation RR
[M::process] read 1066668 sequences (160000200 bp)...
[M::mem_process_seqs] Processed 1066668 reads in 863.015 CPU sec, 56.853 real sec
[M::mem_pestat] # candidate unique pairs for (FF, FR, RF, RR): (31, 226625, 85, 22)
[M::mem_pestat] analyzing insert size distribution for orientation FF...
[M::mem_pestat] (25, 50, 75) percentile: (204, 303, 625)
[M::mem_pestat] low and high boundaries for computing mean and std.dev: (1, 1467)
[M::mem_pestat] mean and std.dev: (332.38, 188.78)
[M::mem_pestat] low and high boundaries for proper pairs: (1, 1888)
[M::mem_pestat] analyzing insert size distribution for orientation FR...
[M::mem_pestat] (25, 50, 75) percentile: (210, 287, 374)
[M::mem_pestat] low and high boundaries for computing mean and std.dev: (1, 702)
[M::mem_pestat] mean and std.dev: (295.23, 120.93)
[M::mem_pestat] low and high boundaries for proper pairs: (1, 866)
[M::mem_pestat] analyzing insert size distribution for orientation RF...
[M::mem_pestat] (25, 50, 75) percentile: (215, 1312, 3990)
[M::mem_pestat] low and high boundaries for computing mean and std.dev: (1, 11540)
[M::mem_pestat] mean and std.dev: (2289.47, 2431.32)
[M::mem_pestat] low and high boundaries for proper pairs: (1, 15315)
[M::mem_pestat] analyzing insert size distribution for orientation RR...
[M::mem_pestat] (25, 50, 75) percentile: (220, 451, 1249)
[M::mem_pestat] low and high boundaries for computing mean and std.dev: (1, 3307)
[M::mem_pestat] mean and std.dev: (466.33, 431.47)
[M::mem_pestat] low and high boundaries for proper pairs: (1, 4336)
[M::mem_pestat] skip orientation FF
[M::mem_pestat] skip orientation RF
[M::mem_pestat] skip orientation RR
[M::process] read 1066668 sequences (160000200 bp)...
[M::mem_process_seqs] Processed 1066668 reads in 865.148 CPU sec, 56.964 real sec
[M::mem_pestat] # candidate unique pairs for (FF, FR, RF, RR): (35, 227386, 51, 32)
[M::mem_pestat] analyzing insert size distribution for orientation FF...
[M::mem_pestat] (25, 50, 75) percentile: (202, 350, 720)
[M::mem_pestat] low and high boundaries for computing mean and std.dev: (1, 1756)
[M::mem_pestat] mean and std.dev: (383.21, 343.62)
[M::mem_pestat] low and high boundaries for proper pairs: (1, 2274)
[M::mem_pestat] analyzing insert size distribution for orientation FR...
[M::mem_pestat] (25, 50, 75) percentile: (212, 287, 372)
[M::mem_pestat] low and high boundaries for computing mean and std.dev: (1, 692)
[M::mem_pestat] mean and std.dev: (294.91, 119.05)
[M::mem_pestat] low and high boundaries for proper pairs: (1, 852)
[M::mem_pestat] analyzing insert size distribution for orientation RF...
[M::mem_pestat] (25, 50, 75) percentile: (377, 1664, 4269)
[M::mem_pestat] low and high boundaries for computing mean and std.dev: (1, 12053)
[M::mem_pestat] mean and std.dev: (2610.69, 2582.72)
[M::mem_pestat] low and high boundaries for proper pairs: (1, 15945)
[M::mem_pestat] analyzing insert size distribution for orientation RR...
[M::mem_pestat] (25, 50, 75) percentile: (145, 433, 1709)
[M::mem_pestat] low and high boundaries for computing mean and std.dev: (1, 4837)
[M::mem_pestat] mean and std.dev: (1073.87, 1454.58)
[M::mem_pestat] low and high boundaries for proper pairs: (1, 6892)
[M::mem_pestat] skip orientation FF
[M::mem_pestat] skip orientation RF
[M::mem_pestat] skip orientation RR
[M::process] read 1066668 sequences (160000200 bp)...
[M::mem_process_seqs] Processed 1066668 reads in 859.854 CPU sec, 56.675 real sec
[M::mem_pestat] # candidate unique pairs for (FF, FR, RF, RR): (36, 227109, 71, 35)
[M::mem_pestat] analyzing insert size distribution for orientation FF...
[M::mem_pestat] (25, 50, 75) percentile: (181, 296, 496)
[M::mem_pestat] low and high boundaries for computing mean and std.dev: (1, 1126)
[M::mem_pestat] mean and std.dev: (270.03, 169.10)
[M::mem_pestat] low and high boundaries for proper pairs: (1, 1441)
[M::mem_pestat] analyzing insert size distribution for orientation FR...
[M::mem_pestat] (25, 50, 75) percentile: (212, 286, 370)
[M::mem_pestat] low and high boundaries for computing mean and std.dev: (1, 686)
[M::mem_pestat] mean and std.dev: (293.82, 117.72)
[M::mem_pestat] low and high boundaries for proper pairs: (1, 844)
[M::mem_pestat] analyzing insert size distribution for orientation RF...
[M::mem_pestat] (25, 50, 75) percentile: (253, 1092, 4185)
[M::mem_pestat] low and high boundaries for computing mean and std.dev: (1, 12049)
[M::mem_pestat] mean and std.dev: (2222.93, 2442.16)
[M::mem_pestat] low and high boundaries for proper pairs: (1, 15981)
[M::mem_pestat] analyzing insert size distribution for orientation RR...
[M::mem_pestat] (25, 50, 75) percentile: (339, 621, 1226)
[M::mem_pestat] low and high boundaries for computing mean and std.dev: (1, 3000)
[M::mem_pestat] mean and std.dev: (772.00, 642.03)
[M::mem_pestat] low and high boundaries for proper pairs: (1, 3887)
[M::mem_pestat] skip orientation FF
[M::mem_pestat] skip orientation RF
[M::mem_pestat] skip orientation RR
[M::process] read 1066668 sequences (160000200 bp)...
[M::mem_process_seqs] Processed 1066668 reads in 834.432 CPU sec, 54.508 real sec
[M::mem_pestat] # candidate unique pairs for (FF, FR, RF, RR): (41, 225732, 71, 15)
[M::mem_pestat] analyzing insert size distribution for orientation FF...
[M::mem_pestat] (25, 50, 75) percentile: (319, 506, 1166)
[M::mem_pestat] low and high boundaries for computing mean and std.dev: (1, 2860)
[M::mem_pestat] mean and std.dev: (621.47, 529.70)
[M::mem_pestat] low and high boundaries for proper pairs: (1, 3707)
[M::mem_pestat] analyzing insert size distribution for orientation FR...
[M::mem_pestat] (25, 50, 75) percentile: (204, 279, 363)
[M::mem_pestat] low and high boundaries for computing mean and std.dev: (1, 681)
[M::mem_pestat] mean and std.dev: (287.39, 118.20)
[M::mem_pestat] low and high boundaries for proper pairs: (1, 840)
[M::mem_pestat] analyzing insert size distribution for orientation RF...
[M::mem_pestat] (25, 50, 75) percentile: (146, 762, 5381)
[M::mem_pestat] low and high boundaries for computing mean and std.dev: (1, 15851)
[M::mem_pestat] mean and std.dev: (2493.83, 3143.30)
[M::mem_pestat] low and high boundaries for proper pairs: (1, 21086)
[M::mem_pestat] analyzing insert size distribution for orientation RR...
[M::mem_pestat] (25, 50, 75) percentile: (188, 457, 1408)
[M::mem_pestat] low and high boundaries for computing mean and std.dev: (1, 3848)
[M::mem_pestat] mean and std.dev: (621.36, 652.64)
[M::mem_pestat] low and high boundaries for proper pairs: (1, 5068)
[M::mem_pestat] skip orientation FF
[M::mem_pestat] skip orientation RF
[M::mem_pestat] skip orientation RR
[M::process] read 1066668 sequences (160000200 bp)...
[M::mem_process_seqs] Processed 1066668 reads in 841.694 CPU sec, 55.823 real sec
[M::mem_pestat] # candidate unique pairs for (FF, FR, RF, RR): (34, 225030, 75, 41)
[M::mem_pestat] analyzing insert size distribution for orientation FF...
[M::mem_pestat] (25, 50, 75) percentile: (227, 330, 640)
[M::mem_pestat] low and high boundaries for computing mean and std.dev: (1, 1466)
[M::mem_pestat] mean and std.dev: (325.07, 206.04)
[M::mem_pestat] low and high boundaries for proper pairs: (1, 1879)
[M::mem_pestat] analyzing insert size distribution for orientation FR...
[M::mem_pestat] (25, 50, 75) percentile: (204, 281, 368)
[M::mem_pestat] low and high boundaries for computing mean and std.dev: (1, 696)
[M::mem_pestat] mean and std.dev: (290.19, 120.92)
[M::mem_pestat] low and high boundaries for proper pairs: (1, 860)
[M::mem_pestat] analyzing insert size distribution for orientation RF...
[M::mem_pestat] (25, 50, 75) percentile: (336, 1064, 3157)
[M::mem_pestat] low and high boundaries for computing mean and std.dev: (1, 8799)
[M::mem_pestat] mean and std.dev: (1754.87, 2101.96)
[M::mem_pestat] low and high boundaries for proper pairs: (1, 11620)
[M::mem_pestat] analyzing insert size distribution for orientation RR...
[M::mem_pestat] (25, 50, 75) percentile: (138, 353, 787)
[M::mem_pestat] low and high boundaries for computing mean and std.dev: (1, 2085)
[M::mem_pestat] mean and std.dev: (469.76, 476.15)
[M::mem_pestat] low and high boundaries for proper pairs: (1, 2734)
[M::mem_pestat] skip orientation FF
[M::mem_pestat] skip orientation RF
[M::mem_pestat] skip orientation RR
[M::process] read 1066668 sequences (160000200 bp)...
[M::mem_process_seqs] Processed 1066668 reads in 856.479 CPU sec, 57.689 real sec
[M::mem_pestat] # candidate unique pairs for (FF, FR, RF, RR): (24, 225831, 58, 35)
[M::mem_pestat] analyzing insert size distribution for orientation FF...
[M::mem_pestat] (25, 50, 75) percentile: (296, 702, 7335)
[M::mem_pestat] low and high boundaries for computing mean and std.dev: (1, 21413)
[M::mem_pestat] mean and std.dev: (2263.21, 2998.16)
[M::mem_pestat] low and high boundaries for proper pairs: (1, 28452)
[M::mem_pestat] analyzing insert size distribution for orientation FR...
[M::mem_pestat] (25, 50, 75) percentile: (202, 278, 363)
[M::mem_pestat] low and high boundaries for computing mean and std.dev: (1, 685)
[M::mem_pestat] mean and std.dev: (286.69, 118.96)
[M::mem_pestat] low and high boundaries for proper pairs: (1, 846)
[M::mem_pestat] analyzing insert size distribution for orientation RF...
[M::mem_pestat] (25, 50, 75) percentile: (311, 1326, 5174)
[M::mem_pestat] low and high boundaries for computing mean and std.dev: (1, 14900)
[M::mem_pestat] mean and std.dev: (2657.81, 2842.96)
[M::mem_pestat] low and high boundaries for proper pairs: (1, 19763)
[M::mem_pestat] analyzing insert size distribution for orientation RR...
[M::mem_pestat] (25, 50, 75) percentile: (199, 485, 1094)
[M::mem_pestat] low and high boundaries for computing mean and std.dev: (1, 2884)
[M::mem_pestat] mean and std.dev: (561.64, 534.91)
[M::mem_pestat] low and high boundaries for proper pairs: (1, 3779)
[M::mem_pestat] skip orientation FF
[M::mem_pestat] skip orientation RF
[M::mem_pestat] skip orientation RR
[M::process] read 1066668 sequences (160000200 bp)...
[M::mem_process_seqs] Processed 1066668 reads in 853.494 CPU sec, 57.070 real sec
[M::mem_pestat] # candidate unique pairs for (FF, FR, RF, RR): (20, 225562, 67, 24)
[M::mem_pestat] analyzing insert size distribution for orientation FF...
[M::mem_pestat] (25, 50, 75) percentile: (138, 224, 634)
[M::mem_pestat] low and high boundaries for computing mean and std.dev: (1, 1626)
[M::mem_pestat] mean and std.dev: (342.68, 353.14)
[M::mem_pestat] low and high boundaries for proper pairs: (1, 2122)
[M::mem_pestat] analyzing insert size distribution for orientation FR...
[M::mem_pestat] (25, 50, 75) percentile: (203, 278, 362)
[M::mem_pestat] low and high boundaries for computing mean and std.dev: (1, 680)
[M::mem_pestat] mean and std.dev: (286.75, 118.43)
[M::mem_pestat] low and high boundaries for proper pairs: (1, 839)
[M::mem_pestat] analyzing insert size distribution for orientation RF...
[M::mem_pestat] (25, 50, 75) percentile: (274, 1204, 6359)
[M::mem_pestat] low and high boundaries for computing mean and std.dev: (1, 18529)
[M::mem_pestat] mean and std.dev: (3097.19, 3312.67)
[M::mem_pestat] low and high boundaries for proper pairs: (1, 24614)
[M::mem_pestat] analyzing insert size distribution for orientation RR...
[M::mem_pestat] (25, 50, 75) percentile: (109, 364, 552)
[M::mem_pestat] low and high boundaries for computing mean and std.dev: (1, 1438)
[M::mem_pestat] mean and std.dev: (275.30, 181.53)
[M::mem_pestat] low and high boundaries for proper pairs: (1, 1881)
[M::mem_pestat] skip orientation FF
[M::mem_pestat] skip orientation RF
[M::mem_pestat] skip orientation RR
[M::process] read 1066668 sequences (160000200 bp)...
[M::mem_process_seqs] Processed 1066668 reads in 859.803 CPU sec, 57.473 real sec
[M::mem_pestat] # candidate unique pairs for (FF, FR, RF, RR): (36, 227159, 65, 26)
[M::mem_pestat] analyzing insert size distribution for orientation FF...
[M::mem_pestat] (25, 50, 75) percentile: (177, 271, 1182)
[M::mem_pestat] low and high boundaries for computing mean and std.dev: (1, 3192)
[M::mem_pestat] mean and std.dev: (480.22, 568.45)
[M::mem_pestat] low and high boundaries for proper pairs: (1, 4197)
[M::mem_pestat] analyzing insert size distribution for orientation FR...
[M::mem_pestat] (25, 50, 75) percentile: (209, 285, 373)
[M::mem_pestat] low and high boundaries for computing mean and std.dev: (1, 701)
[M::mem_pestat] mean and std.dev: (294.04, 120.87)
[M::mem_pestat] low and high boundaries for proper pairs: (1, 865)
[M::mem_pestat] analyzing insert size distribution for orientation RF...
[M::mem_pestat] (25, 50, 75) percentile: (230, 849, 2246)
[M::mem_pestat] low and high boundaries for computing mean and std.dev: (1, 6278)
[M::mem_pestat] mean and std.dev: (1077.36, 1287.91)
[M::mem_pestat] low and high boundaries for proper pairs: (1, 8294)
[M::mem_pestat] analyzing insert size distribution for orientation RR...
[M::mem_pestat] (25, 50, 75) percentile: (129, 252, 773)
[M::mem_pestat] low and high boundaries for computing mean and std.dev: (1, 2061)
[M::mem_pestat] mean and std.dev: (373.17, 407.66)
[M::mem_pestat] low and high boundaries for proper pairs: (1, 2705)
[M::mem_pestat] skip orientation FF
[M::mem_pestat] skip orientation RF
[M::mem_pestat] skip orientation RR
[M::process] read 1066668 sequences (160000200 bp)...
[M::mem_process_seqs] Processed 1066668 reads in 852.283 CPU sec, 56.755 real sec
[M::mem_pestat] # candidate unique pairs for (FF, FR, RF, RR): (23, 226982, 50, 31)
[M::mem_pestat] analyzing insert size distribution for orientation FF...
[M::mem_pestat] (25, 50, 75) percentile: (210, 350, 688)
[M::mem_pestat] low and high boundaries for computing mean and std.dev: (1, 1644)
[M::mem_pestat] mean and std.dev: (334.89, 225.52)
[M::mem_pestat] low and high boundaries for proper pairs: (1, 2122)
[M::mem_pestat] analyzing insert size distribution for orientation FR...
[M::mem_pestat] (25, 50, 75) percentile: (210, 286, 372)
[M::mem_pestat] low and high boundaries for computing mean and std.dev: (1, 696)
[M::mem_pestat] mean and std.dev: (294.44, 119.56)
[M::mem_pestat] low and high boundaries for proper pairs: (1, 858)
[M::mem_pestat] analyzing insert size distribution for orientation RF...
[M::mem_pestat] (25, 50, 75) percentile: (477, 1227, 6344)
[M::mem_pestat] low and high boundaries for computing mean and std.dev: (1, 18078)
[M::mem_pestat] mean and std.dev: (3193.32, 3296.81)
[M::mem_pestat] low and high boundaries for proper pairs: (1, 23945)
[M::mem_pestat] analyzing insert size distribution for orientation RR...
[M::mem_pestat] (25, 50, 75) percentile: (183, 333, 957)
[M::mem_pestat] low and high boundaries for computing mean and std.dev: (1, 2505)
[M::mem_pestat] mean and std.dev: (524.63, 593.35)
[M::mem_pestat] low and high boundaries for proper pairs: (1, 3279)
[M::mem_pestat] skip orientation FF
[M::mem_pestat] skip orientation RF
[M::mem_pestat] skip orientation RR
[M::process] read 1066668 sequences (160000200 bp)...
[M::mem_process_seqs] Processed 1066668 reads in 862.910 CPU sec, 57.711 real sec
[M::mem_pestat] # candidate unique pairs for (FF, FR, RF, RR): (23, 226057, 67, 42)
[M::mem_pestat] analyzing insert size distribution for orientation FF...
[M::mem_pestat] (25, 50, 75) percentile: (276, 651, 3802)
[M::mem_pestat] low and high boundaries for computing mean and std.dev: (1, 10854)
[M::mem_pestat] mean and std.dev: (1655.91, 1845.01)
[M::mem_pestat] low and high boundaries for proper pairs: (1, 14380)
[M::mem_pestat] analyzing insert size distribution for orientation FR...
[M::mem_pestat] (25, 50, 75) percentile: (212, 286, 370)
[M::mem_pestat] low and high boundaries for computing mean and std.dev: (1, 686)
[M::mem_pestat] mean and std.dev: (293.72, 117.76)
[M::mem_pestat] low and high boundaries for proper pairs: (1, 844)
[M::mem_pestat] analyzing insert size distribution for orientation RF...
[M::mem_pestat] (25, 50, 75) percentile: (206, 740, 3856)
[M::mem_pestat] low and high boundaries for computing mean and std.dev: (1, 11156)
[M::mem_pestat] mean and std.dev: (2099.75, 2537.26)
[M::mem_pestat] low and high boundaries for proper pairs: (1, 14806)
[M::mem_pestat] analyzing insert size distribution for orientation RR...
[M::mem_pestat] (25, 50, 75) percentile: (222, 697, 1906)
[M::mem_pestat] low and high boundaries for computing mean and std.dev: (1, 5274)
[M::mem_pestat] mean and std.dev: (1145.67, 1368.71)
[M::mem_pestat] low and high boundaries for proper pairs: (1, 6958)
[M::mem_pestat] skip orientation FF
[M::mem_pestat] skip orientation RF
[M::mem_pestat] skip orientation RR
[M::process] read 1066668 sequences (160000200 bp)...
[M::mem_process_seqs] Processed 1066668 reads in 870.754 CPU sec, 57.301 real sec
[M::mem_pestat] # candidate unique pairs for (FF, FR, RF, RR): (26, 226353, 57, 27)
[M::mem_pestat] analyzing insert size distribution for orientation FF...
[M::mem_pestat] (25, 50, 75) percentile: (132, 251, 1126)
[M::mem_pestat] low and high boundaries for computing mean and std.dev: (1, 3114)
[M::mem_pestat] mean and std.dev: (391.00, 552.58)
[M::mem_pestat] low and high boundaries for proper pairs: (1, 4108)
[M::mem_pestat] analyzing insert size distribution for orientation FR...
[M::mem_pestat] (25, 50, 75) percentile: (205, 281, 365)
[M::mem_pestat] low and high boundaries for computing mean and std.dev: (1, 685)
[M::mem_pestat] mean and std.dev: (288.78, 118.50)
[M::mem_pestat] low and high boundaries for proper pairs: (1, 845)
[M::mem_pestat] analyzing insert size distribution for orientation RF...
[M::mem_pestat] (25, 50, 75) percentile: (149, 320, 1948)
[M::mem_pestat] low and high boundaries for computing mean and std.dev: (1, 5546)
[M::mem_pestat] mean and std.dev: (925.06, 1325.39)
[M::mem_pestat] low and high boundaries for proper pairs: (1, 7345)
[M::mem_pestat] analyzing insert size distribution for orientation RR...
[M::mem_pestat] (25, 50, 75) percentile: (280, 840, 1531)
[M::mem_pestat] low and high boundaries for computing mean and std.dev: (1, 4033)
[M::mem_pestat] mean and std.dev: (870.46, 688.06)
[M::mem_pestat] low and high boundaries for proper pairs: (1, 5284)
[M::mem_pestat] skip orientation FF
[M::mem_pestat] skip orientation RF
[M::mem_pestat] skip orientation RR
[M::mem_process_seqs] Processed 1066668 reads in 861.255 CPU sec, 59.771 real sec
[M::process] read 1066668 sequences (160000200 bp)...
[M::process] read 1066668 sequences (160000200 bp)...
[M::mem_pestat] # candidate unique pairs for (FF, FR, RF, RR): (35, 225180, 49, 28)
[M::mem_pestat] analyzing insert size distribution for orientation FF...
[M::mem_pestat] (25, 50, 75) percentile: (244, 592, 835)
[M::mem_pestat] low and high boundaries for computing mean and std.dev: (1, 2017)
[M::mem_pestat] mean and std.dev: (495.16, 322.41)
[M::mem_pestat] low and high boundaries for proper pairs: (1, 2608)
[M::mem_pestat] analyzing insert size distribution for orientation FR...
[M::mem_pestat] (25, 50, 75) percentile: (205, 283, 370)
[M::mem_pestat] low and high boundaries for computing mean and std.dev: (1, 700)
[M::mem_pestat] mean and std.dev: (291.22, 120.97)
[M::mem_pestat] low and high boundaries for proper pairs: (1, 865)
[M::mem_pestat] analyzing insert size distribution for orientation RF...
[M::mem_pestat] (25, 50, 75) percentile: (211, 786, 1843)
[M::mem_pestat] low and high boundaries for computing mean and std.dev: (1, 5107)
[M::mem_pestat] mean and std.dev: (890.38, 943.03)
[M::mem_pestat] low and high boundaries for proper pairs: (1, 6739)
[M::mem_pestat] analyzing insert size distribution for orientation RR...
[M::mem_pestat] (25, 50, 75) percentile: (234, 309, 1016)
[M::mem_pestat] low and high boundaries for computing mean and std.dev: (1, 2580)
[M::mem_pestat] mean and std.dev: (480.00, 427.11)
[M::mem_pestat] low and high boundaries for proper pairs: (1, 3362)
[M::mem_pestat] skip orientation FF
[M::mem_pestat] skip orientation RF
[M::mem_pestat] skip orientation RR
[M::mem_process_seqs] Processed 1066668 reads in 828.013 CPU sec, 55.219 real sec
[M::mem_pestat] # candidate unique pairs for (FF, FR, RF, RR): (36, 225225, 53, 49)
[M::mem_pestat] analyzing insert size distribution for orientation FF...
[M::mem_pestat] (25, 50, 75) percentile: (155, 371, 1185)
[M::mem_pestat] low and high boundaries for computing mean and std.dev: (1, 3245)
[M::mem_pestat] mean and std.dev: (498.91, 479.10)
[M::mem_pestat] low and high boundaries for proper pairs: (1, 4275)
[M::mem_pestat] analyzing insert size distribution for orientation FR...
[M::mem_pestat] (25, 50, 75) percentile: (204, 281, 367)
[M::mem_pestat] low and high boundaries for computing mean and std.dev: (1, 693)
[M::mem_pestat] mean and std.dev: (289.03, 119.61)
[M::mem_pestat] low and high boundaries for proper pairs: (1, 856)
[M::mem_pestat] analyzing insert size distribution for orientation RF...
[M::mem_pestat] (25, 50, 75) percentile: (76, 1993, 4104)
[M::mem_pestat] low and high boundaries for computing mean and std.dev: (1, 12160)
[M::mem_pestat] mean and std.dev: (2574.96, 2677.36)
[M::mem_pestat] low and high boundaries for proper pairs: (1, 16188)
[M::mem_pestat] analyzing insert size distribution for orientation RR...
[M::mem_pestat] (25, 50, 75) percentile: (248, 573, 1134)
[M::mem_pestat] low and high boundaries for computing mean and std.dev: (1, 2906)
[M::mem_pestat] mean and std.dev: (653.33, 522.68)
[M::mem_pestat] low and high boundaries for proper pairs: (1, 3792)
[M::mem_pestat] skip orientation FF
[M::mem_pestat] skip orientation RF
[M::mem_pestat] skip orientation RR
[M::process] read 1066668 sequences (160000200 bp)...
[M::mem_process_seqs] Processed 1066668 reads in 841.972 CPU sec, 56.058 real sec
[M::mem_pestat] # candidate unique pairs for (FF, FR, RF, RR): (31, 226114, 82, 30)
[M::mem_pestat] analyzing insert size distribution for orientation FF...
[M::mem_pestat] (25, 50, 75) percentile: (152, 288, 594)
[M::mem_pestat] low and high boundaries for computing mean and std.dev: (1, 1478)
[M::mem_pestat] mean and std.dev: (335.08, 286.38)
[M::mem_pestat] low and high boundaries for proper pairs: (1, 1920)
[M::mem_pestat] analyzing insert size distribution for orientation FR...
[M::mem_pestat] (25, 50, 75) percentile: (205, 282, 368)
[M::mem_pestat] low and high boundaries for computing mean and std.dev: (1, 694)
[M::mem_pestat] mean and std.dev: (289.92, 119.94)
[M::mem_pestat] low and high boundaries for proper pairs: (1, 857)
[M::mem_pestat] analyzing insert size distribution for orientation RF...
[M::mem_pestat] (25, 50, 75) percentile: (164, 2197, 5391)
[M::mem_pestat] low and high boundaries for computing mean and std.dev: (1, 15845)
[M::mem_pestat] mean and std.dev: (2948.79, 3053.56)
[M::mem_pestat] low and high boundaries for proper pairs: (1, 21072)
[M::mem_pestat] analyzing insert size distribution for orientation RR...
[M::mem_pestat] (25, 50, 75) percentile: (174, 345, 571)
[M::mem_pestat] low and high boundaries for computing mean and std.dev: (1, 1365)
[M::mem_pestat] mean and std.dev: (322.96, 187.79)
[M::mem_pestat] low and high boundaries for proper pairs: (1, 1762)
[M::mem_pestat] skip orientation FF
[M::mem_pestat] skip orientation RF
[M::mem_pestat] skip orientation RR
[M::process] read 1066668 sequences (160000200 bp)...
[M::mem_process_seqs] Processed 1066668 reads in 838.632 CPU sec, 55.375 real sec
[M::process] read 1066668 sequences (160000200 bp)...
[M::mem_pestat] # candidate unique pairs for (FF, FR, RF, RR): (29, 226617, 54, 27)
[M::mem_pestat] analyzing insert size distribution for orientation FF...
[M::mem_pestat] (25, 50, 75) percentile: (129, 412, 867)
[M::mem_pestat] low and high boundaries for computing mean and std.dev: (1, 2343)
[M::mem_pestat] mean and std.dev: (442.04, 454.52)
[M::mem_pestat] low and high boundaries for proper pairs: (1, 3081)
[M::mem_pestat] analyzing insert size distribution for orientation FR...
[M::mem_pestat] (25, 50, 75) percentile: (209, 283, 367)
[M::mem_pestat] low and high boundaries for computing mean and std.dev: (1, 683)
[M::mem_pestat] mean and std.dev: (291.27, 117.83)
[M::mem_pestat] low and high boundaries for proper pairs: (1, 841)
[M::mem_pestat] analyzing insert size distribution for orientation RF...
[M::mem_pestat] (25, 50, 75) percentile: (248, 1346, 4900)
[M::mem_pestat] low and high boundaries for computing mean and std.dev: (1, 14204)
[M::mem_pestat] mean and std.dev: (2696.57, 2786.24)
[M::mem_pestat] low and high boundaries for proper pairs: (1, 18856)
[M::mem_pestat] analyzing insert size distribution for orientation RR...
[M::mem_pestat] (25, 50, 75) percentile: (215, 476, 1377)
[M::mem_pestat] low and high boundaries for computing mean and std.dev: (1, 3701)
[M::mem_pestat] mean and std.dev: (756.54, 611.16)
[M::mem_pestat] low and high boundaries for proper pairs: (1, 4863)
[M::mem_pestat] skip orientation FF
[M::mem_pestat] skip orientation RF
[M::mem_pestat] skip orientation RR
[M::mem_process_seqs] Processed 1066668 reads in 826.116 CPU sec, 59.959 real sec
[M::process] read 1066668 sequences (160000200 bp)...
[M::mem_pestat] # candidate unique pairs for (FF, FR, RF, RR): (25, 226946, 54, 20)
[M::mem_pestat] analyzing insert size distribution for orientation FF...
[M::mem_pestat] (25, 50, 75) percentile: (174, 420, 797)
[M::mem_pestat] low and high boundaries for computing mean and std.dev: (1, 2043)
[M::mem_pestat] mean and std.dev: (361.43, 219.57)
[M::mem_pestat] low and high boundaries for proper pairs: (1, 2666)
[M::mem_pestat] analyzing insert size distribution for orientation FR...
[M::mem_pestat] (25, 50, 75) percentile: (211, 285, 368)
[M::mem_pestat] low and high boundaries for computing mean and std.dev: (1, 682)
[M::mem_pestat] mean and std.dev: (292.26, 116.59)
[M::mem_pestat] low and high boundaries for proper pairs: (1, 839)
[M::mem_pestat] analyzing insert size distribution for orientation RF...
[M::mem_pestat] (25, 50, 75) percentile: (218, 1036, 5813)
[M::mem_pestat] low and high boundaries for computing mean and std.dev: (1, 17003)
[M::mem_pestat] mean and std.dev: (2817.35, 3032.15)
[M::mem_pestat] low and high boundaries for proper pairs: (1, 22598)
[M::mem_pestat] analyzing insert size distribution for orientation RR...
[M::mem_pestat] (25, 50, 75) percentile: (219, 380, 848)
[M::mem_pestat] low and high boundaries for computing mean and std.dev: (1, 2106)
[M::mem_pestat] mean and std.dev: (443.88, 297.95)
[M::mem_pestat] low and high boundaries for proper pairs: (1, 2735)
[M::mem_pestat] skip orientation FF
[M::mem_pestat] skip orientation RF
[M::mem_pestat] skip orientation RR
[M::mem_process_seqs] Processed 1066668 reads in 829.968 CPU sec, 55.256 real sec
[M::mem_pestat] # candidate unique pairs for (FF, FR, RF, RR): (23, 227066, 64, 28)
[M::mem_pestat] analyzing insert size distribution for orientation FF...
[M::mem_pestat] (25, 50, 75) percentile: (174, 287, 1225)
[M::mem_pestat] low and high boundaries for computing mean and std.dev: (1, 3327)
[M::mem_pestat] mean and std.dev: (731.57, 759.96)
[M::mem_pestat] low and high boundaries for proper pairs: (1, 4378)
[M::mem_pestat] analyzing insert size distribution for orientation FR...
[M::mem_pestat] (25, 50, 75) percentile: (210, 285, 368)
[M::mem_pestat] low and high boundaries for computing mean and std.dev: (1, 684)
[M::mem_pestat] mean and std.dev: (292.05, 117.12)
[M::mem_pestat] low and high boundaries for proper pairs: (1, 842)
[M::mem_pestat] analyzing insert size distribution for orientation RF...
[M::mem_pestat] (25, 50, 75) percentile: (256, 986, 4505)
[M::mem_pestat] low and high boundaries for computing mean and std.dev: (1, 13003)
[M::mem_pestat] mean and std.dev: (2603.95, 3199.03)
[M::mem_pestat] low and high boundaries for proper pairs: (1, 17252)
[M::mem_pestat] analyzing insert size distribution for orientation RR...
[M::mem_pestat] (25, 50, 75) percentile: (171, 556, 1559)
[M::mem_pestat] low and high boundaries for computing mean and std.dev: (1, 4335)
[M::mem_pestat] mean and std.dev: (990.14, 1031.11)
[M::mem_pestat] low and high boundaries for proper pairs: (1, 5723)
[M::mem_pestat] skip orientation FF
[M::mem_pestat] skip orientation RF
[M::mem_pestat] skip orientation RR
[M::process] read 786134 sequences (117920100 bp)...
[M::mem_process_seqs] Processed 1066668 reads in 838.556 CPU sec, 56.166 real sec
[M::mem_pestat] # candidate unique pairs for (FF, FR, RF, RR): (20, 166864, 51, 15)
[M::mem_pestat] analyzing insert size distribution for orientation FF...
[M::mem_pestat] (25, 50, 75) percentile: (278, 394, 974)
[M::mem_pestat] low and high boundaries for computing mean and std.dev: (1, 2366)
[M::mem_pestat] mean and std.dev: (492.06, 354.82)
[M::mem_pestat] low and high boundaries for proper pairs: (1, 3062)
[M::mem_pestat] analyzing insert size distribution for orientation FR...
[M::mem_pestat] (25, 50, 75) percentile: (213, 287, 371)
[M::mem_pestat] low and high boundaries for computing mean and std.dev: (1, 687)
[M::mem_pestat] mean and std.dev: (294.48, 117.42)
[M::mem_pestat] low and high boundaries for proper pairs: (1, 845)
[M::mem_pestat] analyzing insert size distribution for orientation RF...
[M::mem_pestat] (25, 50, 75) percentile: (190, 870, 4456)
[M::mem_pestat] low and high boundaries for computing mean and std.dev: (1, 12988)
[M::mem_pestat] mean and std.dev: (2532.10, 3084.69)
[M::mem_pestat] low and high boundaries for proper pairs: (1, 17254)
[M::mem_pestat] analyzing insert size distribution for orientation RR...
[M::mem_pestat] (25, 50, 75) percentile: (177, 315, 674)
[M::mem_pestat] low and high boundaries for computing mean and std.dev: (1, 1668)
[M::mem_pestat] mean and std.dev: (373.54, 278.78)
[M::mem_pestat] low and high boundaries for proper pairs: (1, 2165)
[M::mem_pestat] skip orientation FF
[M::mem_pestat] skip orientation RF
[M::mem_pestat] skip orientation RR
[M::mem_process_seqs] Processed 786134 reads in 622.678 CPU sec, 41.117 real sec
[main] Version: 0.7.19-r1273
[main] CMD: bwa mem -t 16 -R @RG\tID:NS18_Sequim_Wild_6\tSM:NS18_Sequim_Wild_6\tLB:NS18_Sequim_Wild_6\tPL:ILLUMINA output/05_realign_xbOstLuri2/reference/GCA_061535525.1_xbOstLuri2_USDA-ARS_PSRF_primary_genomic.fna data/raw/NS18_Sequim_Wild_6_S13_L004_R1_001.fastq.gz data/raw/NS18_Sequim_Wild_6_S13_L004_R2_001.fastq.gz
[main] Real time: 3487.557 sec; CPU: 50934.456 sec
[bam_sort_core] merging from 3 files and 8 in-memory blocks...
end 2026-09-27T15:12:43Z sample=NS18_Sequim_Wild_6
