/opt/ohpc/admin/lmod/lmod/init/bash: line 93: LD_LIBRARY_PATH: unbound variable
start 2026-09-27T12:48:17Z host n3472 sample=Fidalgo_Bay_10 location=Fidalgo_Bay
[M::bwa_idx_load_from_disk] read 0 ALT contigs
[M::process] read 1066668 sequences (160000200 bp)...
[M::process] read 1066668 sequences (160000200 bp)...
[M::mem_pestat] # candidate unique pairs for (FF, FR, RF, RR): (34, 223422, 58, 38)
[M::mem_pestat] analyzing insert size distribution for orientation FF...
[M::mem_pestat] (25, 50, 75) percentile: (297, 638, 2888)
[M::mem_pestat] low and high boundaries for computing mean and std.dev: (1, 8070)
[M::mem_pestat] mean and std.dev: (1682.32, 1788.07)
[M::mem_pestat] low and high boundaries for proper pairs: (1, 10661)
[M::mem_pestat] analyzing insert size distribution for orientation FR...
[M::mem_pestat] (25, 50, 75) percentile: (280, 365, 465)
[M::mem_pestat] low and high boundaries for computing mean and std.dev: (1, 835)
[M::mem_pestat] mean and std.dev: (372.74, 140.76)
[M::mem_pestat] low and high boundaries for proper pairs: (1, 1020)
[M::mem_pestat] analyzing insert size distribution for orientation RF...
[M::mem_pestat] (25, 50, 75) percentile: (313, 1255, 3279)
[M::mem_pestat] low and high boundaries for computing mean and std.dev: (1, 9211)
[M::mem_pestat] mean and std.dev: (2242.48, 2521.55)
[M::mem_pestat] low and high boundaries for proper pairs: (1, 12329)
[M::mem_pestat] analyzing insert size distribution for orientation RR...
[M::mem_pestat] (25, 50, 75) percentile: (219, 501, 1646)
[M::mem_pestat] low and high boundaries for computing mean and std.dev: (1, 4500)
[M::mem_pestat] mean and std.dev: (572.22, 535.12)
[M::mem_pestat] low and high boundaries for proper pairs: (1, 5927)
[M::mem_pestat] skip orientation FF
[M::mem_pestat] skip orientation RF
[M::mem_pestat] skip orientation RR
[M::mem_process_seqs] Processed 1066668 reads in 764.383 CPU sec, 52.241 real sec
[M::mem_pestat] # candidate unique pairs for (FF, FR, RF, RR): (37, 225094, 100, 41)
[M::mem_pestat] analyzing insert size distribution for orientation FF...
[M::mem_pestat] (25, 50, 75) percentile: (410, 652, 2330)
[M::mem_pestat] low and high boundaries for computing mean and std.dev: (1, 6170)
[M::mem_pestat] mean and std.dev: (1242.00, 973.33)
[M::mem_pestat] low and high boundaries for proper pairs: (1, 8090)
[M::mem_pestat] analyzing insert size distribution for orientation FR...
[M::mem_pestat] (25, 50, 75) percentile: (287, 372, 473)
[M::mem_pestat] low and high boundaries for computing mean and std.dev: (1, 845)
[M::mem_pestat] mean and std.dev: (380.18, 141.42)
[M::mem_pestat] low and high boundaries for proper pairs: (1, 1031)
[M::mem_pestat] analyzing insert size distribution for orientation RF...
[M::mem_pestat] (25, 50, 75) percentile: (265, 981, 1951)
[M::mem_pestat] low and high boundaries for computing mean and std.dev: (1, 5323)
[M::mem_pestat] mean and std.dev: (1249.94, 1288.94)
[M::mem_pestat] low and high boundaries for proper pairs: (1, 7009)
[M::mem_pestat] analyzing insert size distribution for orientation RR...
[M::mem_pestat] (25, 50, 75) percentile: (331, 651, 5001)
[M::mem_pestat] low and high boundaries for computing mean and std.dev: (1, 14341)
[M::mem_pestat] mean and std.dev: (2747.15, 3435.56)
[M::mem_pestat] low and high boundaries for proper pairs: (1, 19011)
[M::mem_pestat] skip orientation FF
[M::mem_pestat] skip orientation RF
[M::mem_pestat] skip orientation RR
[M::process] read 1066668 sequences (160000200 bp)...
[M::mem_process_seqs] Processed 1066668 reads in 768.465 CPU sec, 49.955 real sec
[M::mem_pestat] # candidate unique pairs for (FF, FR, RF, RR): (41, 224598, 93, 53)
[M::mem_pestat] analyzing insert size distribution for orientation FF...
[M::mem_pestat] (25, 50, 75) percentile: (232, 510, 1025)
[M::mem_pestat] low and high boundaries for computing mean and std.dev: (1, 2611)
[M::mem_pestat] mean and std.dev: (500.70, 415.19)
[M::mem_pestat] low and high boundaries for proper pairs: (1, 3404)
[M::mem_pestat] analyzing insert size distribution for orientation FR...
[M::mem_pestat] (25, 50, 75) percentile: (284, 369, 473)
[M::mem_pestat] low and high boundaries for computing mean and std.dev: (1, 851)
[M::mem_pestat] mean and std.dev: (378.91, 143.22)
[M::mem_pestat] low and high boundaries for proper pairs: (1, 1040)
[M::mem_pestat] analyzing insert size distribution for orientation RF...
[M::mem_pestat] (25, 50, 75) percentile: (461, 1224, 3653)
[M::mem_pestat] low and high boundaries for computing mean and std.dev: (1, 10037)
[M::mem_pestat] mean and std.dev: (2567.27, 2770.67)
[M::mem_pestat] low and high boundaries for proper pairs: (1, 13650)
[M::mem_pestat] analyzing insert size distribution for orientation RR...
[M::mem_pestat] (25, 50, 75) percentile: (309, 454, 1356)
[M::mem_pestat] low and high boundaries for computing mean and std.dev: (1, 3450)
[M::mem_pestat] mean and std.dev: (646.68, 600.78)
[M::mem_pestat] low and high boundaries for proper pairs: (1, 4497)
[M::mem_pestat] skip orientation FF
[M::mem_pestat] skip orientation RF
[M::mem_pestat] skip orientation RR
[M::process] read 1066668 sequences (160000200 bp)...
[M::mem_process_seqs] Processed 1066668 reads in 781.658 CPU sec, 50.699 real sec
[M::mem_pestat] # candidate unique pairs for (FF, FR, RF, RR): (33, 224343, 51, 33)
[M::mem_pestat] analyzing insert size distribution for orientation FF...
[M::mem_pestat] (25, 50, 75) percentile: (407, 558, 3097)
[M::mem_pestat] low and high boundaries for computing mean and std.dev: (1, 8477)
[M::mem_pestat] mean and std.dev: (1874.91, 2438.52)
[M::mem_pestat] low and high boundaries for proper pairs: (1, 11629)
[M::mem_pestat] analyzing insert size distribution for orientation FR...
[M::mem_pestat] (25, 50, 75) percentile: (284, 370, 476)
[M::mem_pestat] low and high boundaries for computing mean and std.dev: (1, 860)
[M::mem_pestat] mean and std.dev: (380.39, 145.11)
[M::mem_pestat] low and high boundaries for proper pairs: (1, 1052)
[M::mem_pestat] analyzing insert size distribution for orientation RF...
[M::mem_pestat] (25, 50, 75) percentile: (210, 1857, 5178)
[M::mem_pestat] low and high boundaries for computing mean and std.dev: (1, 15114)
[M::mem_pestat] mean and std.dev: (2927.53, 3175.26)
[M::mem_pestat] low and high boundaries for proper pairs: (1, 20082)
[M::mem_pestat] analyzing insert size distribution for orientation RR...
[M::mem_pestat] (25, 50, 75) percentile: (225, 847, 2204)
[M::mem_pestat] low and high boundaries for computing mean and std.dev: (1, 6162)
[M::mem_pestat] mean and std.dev: (1323.94, 1382.75)
[M::mem_pestat] low and high boundaries for proper pairs: (1, 8141)
[M::mem_pestat] skip orientation FF
[M::mem_pestat] skip orientation RF
[M::mem_pestat] skip orientation RR
[M::process] read 1066668 sequences (160000200 bp)...
[M::mem_process_seqs] Processed 1066668 reads in 799.241 CPU sec, 51.964 real sec
[M::mem_pestat] # candidate unique pairs for (FF, FR, RF, RR): (45, 223960, 58, 60)
[M::mem_pestat] analyzing insert size distribution for orientation FF...
[M::mem_pestat] (25, 50, 75) percentile: (205, 492, 1868)
[M::mem_pestat] low and high boundaries for computing mean and std.dev: (1, 5194)
[M::mem_pestat] mean and std.dev: (898.09, 1081.38)
[M::mem_pestat] low and high boundaries for proper pairs: (1, 6857)
[M::mem_pestat] analyzing insert size distribution for orientation FR...
[M::mem_pestat] (25, 50, 75) percentile: (282, 368, 472)
[M::mem_pestat] low and high boundaries for computing mean and std.dev: (1, 852)
[M::mem_pestat] mean and std.dev: (377.38, 143.72)
[M::mem_pestat] low and high boundaries for proper pairs: (1, 1042)
[M::mem_pestat] analyzing insert size distribution for orientation RF...
[M::mem_pestat] (25, 50, 75) percentile: (691, 1776, 5156)
[M::mem_pestat] low and high boundaries for computing mean and std.dev: (1, 14086)
[M::mem_pestat] mean and std.dev: (3120.67, 2985.14)
[M::mem_pestat] low and high boundaries for proper pairs: (1, 18551)
[M::mem_pestat] analyzing insert size distribution for orientation RR...
[M::mem_pestat] (25, 50, 75) percentile: (317, 946, 4473)
[M::mem_pestat] low and high boundaries for computing mean and std.dev: (1, 12785)
[M::mem_pestat] mean and std.dev: (2443.98, 2778.54)
[M::mem_pestat] low and high boundaries for proper pairs: (1, 16941)
[M::mem_pestat] skip orientation FF
[M::mem_pestat] skip orientation RF
[M::mem_pestat] skip orientation RR
[M::process] read 1066668 sequences (160000200 bp)...
[M::mem_process_seqs] Processed 1066668 reads in 809.153 CPU sec, 52.517 real sec
[M::mem_pestat] # candidate unique pairs for (FF, FR, RF, RR): (33, 223855, 61, 43)
[M::mem_pestat] analyzing insert size distribution for orientation FF...
[M::mem_pestat] (25, 50, 75) percentile: (410, 612, 2114)
[M::mem_pestat] low and high boundaries for computing mean and std.dev: (1, 5522)
[M::mem_pestat] mean and std.dev: (947.34, 1024.01)
[M::mem_pestat] low and high boundaries for proper pairs: (1, 7226)
[M::mem_pestat] analyzing insert size distribution for orientation FR...
[M::mem_pestat] (25, 50, 75) percentile: (282, 368, 474)
[M::mem_pestat] low and high boundaries for computing mean and std.dev: (1, 858)
[M::mem_pestat] mean and std.dev: (378.39, 143.98)
[M::mem_pestat] low and high boundaries for proper pairs: (1, 1050)
[M::mem_pestat] analyzing insert size distribution for orientation RF...
[M::mem_pestat] (25, 50, 75) percentile: (360, 1469, 5545)
[M::mem_pestat] low and high boundaries for computing mean and std.dev: (1, 15915)
[M::mem_pestat] mean and std.dev: (3048.39, 3348.02)
[M::mem_pestat] low and high boundaries for proper pairs: (1, 21100)
[M::mem_pestat] analyzing insert size distribution for orientation RR...
[M::mem_pestat] (25, 50, 75) percentile: (377, 1225, 3877)
[M::mem_pestat] low and high boundaries for computing mean and std.dev: (1, 10877)
[M::mem_pestat] mean and std.dev: (1801.58, 1835.28)
[M::mem_pestat] low and high boundaries for proper pairs: (1, 14377)
[M::mem_pestat] skip orientation FF
[M::mem_pestat] skip orientation RF
[M::mem_pestat] skip orientation RR
[M::process] read 1066668 sequences (160000200 bp)...
[M::mem_process_seqs] Processed 1066668 reads in 811.658 CPU sec, 52.852 real sec
[M::mem_pestat] # candidate unique pairs for (FF, FR, RF, RR): (43, 223242, 80, 36)
[M::mem_pestat] analyzing insert size distribution for orientation FF...
[M::mem_pestat] (25, 50, 75) percentile: (212, 320, 670)
[M::mem_pestat] low and high boundaries for computing mean and std.dev: (1, 1586)
[M::mem_pestat] mean and std.dev: (385.59, 253.41)
[M::mem_pestat] low and high boundaries for proper pairs: (1, 2044)
[M::mem_pestat] analyzing insert size distribution for orientation FR...
[M::mem_pestat] (25, 50, 75) percentile: (277, 362, 465)
[M::mem_pestat] low and high boundaries for computing mean and std.dev: (1, 841)
[M::mem_pestat] mean and std.dev: (372.14, 142.15)
[M::mem_pestat] low and high boundaries for proper pairs: (1, 1029)
[M::mem_pestat] analyzing insert size distribution for orientation RF...
[M::mem_pestat] (25, 50, 75) percentile: (212, 1190, 3985)
[M::mem_pestat] low and high boundaries for computing mean and std.dev: (1, 11531)
[M::mem_pestat] mean and std.dev: (2457.26, 2827.75)
[M::mem_pestat] low and high boundaries for proper pairs: (1, 15304)
[M::mem_pestat] analyzing insert size distribution for orientation RR...
[M::mem_pestat] (25, 50, 75) percentile: (365, 613, 1327)
[M::mem_pestat] low and high boundaries for computing mean and std.dev: (1, 3251)
[M::mem_pestat] mean and std.dev: (641.69, 475.44)
[M::mem_pestat] low and high boundaries for proper pairs: (1, 4213)
[M::mem_pestat] skip orientation FF
[M::mem_pestat] skip orientation RF
[M::mem_pestat] skip orientation RR
[M::process] read 1066668 sequences (160000200 bp)...
[M::mem_process_seqs] Processed 1066668 reads in 832.105 CPU sec, 53.938 real sec
[M::mem_pestat] # candidate unique pairs for (FF, FR, RF, RR): (44, 222897, 75, 36)
[M::mem_pestat] analyzing insert size distribution for orientation FF...
[M::mem_pestat] (25, 50, 75) percentile: (401, 605, 1486)
[M::mem_pestat] low and high boundaries for computing mean and std.dev: (1, 3656)
[M::mem_pestat] mean and std.dev: (923.43, 802.15)
[M::mem_pestat] low and high boundaries for proper pairs: (1, 4741)
[M::mem_pestat] analyzing insert size distribution for orientation FR...
[M::mem_pestat] (25, 50, 75) percentile: (278, 364, 468)
[M::mem_pestat] low and high boundaries for computing mean and std.dev: (1, 848)
[M::mem_pestat] mean and std.dev: (374.23, 143.79)
[M::mem_pestat] low and high boundaries for proper pairs: (1, 1038)
[M::mem_pestat] analyzing insert size distribution for orientation RF...
[M::mem_pestat] (25, 50, 75) percentile: (139, 896, 3548)
[M::mem_pestat] low and high boundaries for computing mean and std.dev: (1, 10366)
[M::mem_pestat] mean and std.dev: (2102.44, 2564.37)
[M::mem_pestat] low and high boundaries for proper pairs: (1, 13775)
[M::mem_pestat] analyzing insert size distribution for orientation RR...
[M::mem_pestat] (25, 50, 75) percentile: (274, 511, 827)
[M::mem_pestat] low and high boundaries for computing mean and std.dev: (1, 1933)
[M::mem_pestat] mean and std.dev: (518.00, 305.00)
[M::mem_pestat] low and high boundaries for proper pairs: (1, 2486)
[M::mem_pestat] skip orientation FF
[M::mem_pestat] skip orientation RF
[M::mem_pestat] skip orientation RR
[M::process] read 1066668 sequences (160000200 bp)...
[M::mem_process_seqs] Processed 1066668 reads in 808.468 CPU sec, 52.506 real sec
[M::mem_pestat] # candidate unique pairs for (FF, FR, RF, RR): (30, 223178, 86, 36)
[M::mem_pestat] analyzing insert size distribution for orientation FF...
[M::mem_pestat] (25, 50, 75) percentile: (289, 646, 909)
[M::mem_pestat] low and high boundaries for computing mean and std.dev: (1, 2149)
[M::mem_pestat] mean and std.dev: (546.62, 381.23)
[M::mem_pestat] low and high boundaries for proper pairs: (1, 2769)
[M::mem_pestat] analyzing insert size distribution for orientation FR...
[M::mem_pestat] (25, 50, 75) percentile: (279, 366, 471)
[M::mem_pestat] low and high boundaries for computing mean and std.dev: (1, 855)
[M::mem_pestat] mean and std.dev: (375.79, 144.60)
[M::mem_pestat] low and high boundaries for proper pairs: (1, 1047)
[M::mem_pestat] analyzing insert size distribution for orientation RF...
[M::mem_pestat] (25, 50, 75) percentile: (185, 1641, 6205)
[M::mem_pestat] low and high boundaries for computing mean and std.dev: (1, 18245)
[M::mem_pestat] mean and std.dev: (2944.29, 3051.66)
[M::mem_pestat] low and high boundaries for proper pairs: (1, 24265)
[M::mem_pestat] analyzing insert size distribution for orientation RR...
[M::mem_pestat] (25, 50, 75) percentile: (440, 849, 2100)
[M::mem_pestat] low and high boundaries for computing mean and std.dev: (1, 5420)
[M::mem_pestat] mean and std.dev: (1244.12, 1104.45)
[M::mem_pestat] low and high boundaries for proper pairs: (1, 7080)
[M::mem_pestat] skip orientation FF
[M::mem_pestat] skip orientation RF
[M::mem_pestat] skip orientation RR
[M::process] read 1066668 sequences (160000200 bp)...
[M::mem_process_seqs] Processed 1066668 reads in 811.274 CPU sec, 52.640 real sec
[M::mem_pestat] # candidate unique pairs for (FF, FR, RF, RR): (40, 222999, 54, 44)
[M::mem_pestat] analyzing insert size distribution for orientation FF...
[M::mem_pestat] (25, 50, 75) percentile: (274, 397, 1623)
[M::mem_pestat] low and high boundaries for computing mean and std.dev: (1, 4321)
[M::mem_pestat] mean and std.dev: (815.33, 850.66)
[M::mem_pestat] low and high boundaries for proper pairs: (1, 5670)
[M::mem_pestat] analyzing insert size distribution for orientation FR...
[M::mem_pestat] (25, 50, 75) percentile: (285, 376, 482)
[M::mem_pestat] low and high boundaries for computing mean and std.dev: (1, 876)
[M::mem_pestat] mean and std.dev: (384.02, 147.24)
[M::mem_pestat] low and high boundaries for proper pairs: (1, 1073)
[M::mem_pestat] analyzing insert size distribution for orientation RF...
[M::mem_pestat] (25, 50, 75) percentile: (249, 581, 2525)
[M::mem_pestat] low and high boundaries for computing mean and std.dev: (1, 7077)
[M::mem_pestat] mean and std.dev: (1358.45, 1646.15)
[M::mem_pestat] low and high boundaries for proper pairs: (1, 9353)
[M::mem_pestat] analyzing insert size distribution for orientation RR...
[M::mem_pestat] (25, 50, 75) percentile: (376, 535, 1514)
[M::mem_pestat] low and high boundaries for computing mean and std.dev: (1, 3790)
[M::mem_pestat] mean and std.dev: (690.30, 640.04)
[M::mem_pestat] low and high boundaries for proper pairs: (1, 4928)
[M::mem_pestat] skip orientation FF
[M::mem_pestat] skip orientation RF
[M::mem_pestat] skip orientation RR
[M::process] read 1066668 sequences (160000200 bp)...
[M::mem_process_seqs] Processed 1066668 reads in 772.513 CPU sec, 51.141 real sec
[M::mem_pestat] # candidate unique pairs for (FF, FR, RF, RR): (50, 224342, 76, 39)
[M::mem_pestat] analyzing insert size distribution for orientation FF...
[M::mem_pestat] (25, 50, 75) percentile: (340, 551, 1010)
[M::mem_pestat] low and high boundaries for computing mean and std.dev: (1, 2350)
[M::mem_pestat] mean and std.dev: (576.77, 457.88)
[M::mem_pestat] low and high boundaries for proper pairs: (1, 3020)
[M::mem_pestat] analyzing insert size distribution for orientation FR...
[M::mem_pestat] (25, 50, 75) percentile: (289, 378, 486)
[M::mem_pestat] low and high boundaries for computing mean and std.dev: (1, 880)
[M::mem_pestat] mean and std.dev: (387.39, 147.86)
[M::mem_pestat] low and high boundaries for proper pairs: (1, 1077)
[M::mem_pestat] analyzing insert size distribution for orientation RF...
[M::mem_pestat] (25, 50, 75) percentile: (187, 1131, 4031)
[M::mem_pestat] low and high boundaries for computing mean and std.dev: (1, 11719)
[M::mem_pestat] mean and std.dev: (2408.62, 2968.42)
[M::mem_pestat] low and high boundaries for proper pairs: (1, 15563)
[M::mem_pestat] analyzing insert size distribution for orientation RR...
[M::mem_pestat] (25, 50, 75) percentile: (191, 355, 817)
[M::mem_pestat] low and high boundaries for computing mean and std.dev: (1, 2069)
[M::mem_pestat] mean and std.dev: (493.29, 451.68)
[M::mem_pestat] low and high boundaries for proper pairs: (1, 2695)
[M::mem_pestat] skip orientation FF
[M::mem_pestat] skip orientation RF
[M::mem_pestat] skip orientation RR
[M::process] read 1066668 sequences (160000200 bp)...
[M::mem_process_seqs] Processed 1066668 reads in 789.813 CPU sec, 51.079 real sec
[M::mem_pestat] # candidate unique pairs for (FF, FR, RF, RR): (41, 224235, 82, 34)
[M::mem_pestat] analyzing insert size distribution for orientation FF...
[M::mem_pestat] (25, 50, 75) percentile: (430, 708, 2146)
[M::mem_pestat] low and high boundaries for computing mean and std.dev: (1, 5578)
[M::mem_pestat] mean and std.dev: (1209.88, 1167.29)
[M::mem_pestat] low and high boundaries for proper pairs: (1, 7294)
[M::mem_pestat] analyzing insert size distribution for orientation FR...
[M::mem_pestat] (25, 50, 75) percentile: (284, 373, 481)
[M::mem_pestat] low and high boundaries for computing mean and std.dev: (1, 875)
[M::mem_pestat] mean and std.dev: (383.17, 147.70)
[M::mem_pestat] low and high boundaries for proper pairs: (1, 1072)
[M::mem_pestat] analyzing insert size distribution for orientation RF...
[M::mem_pestat] (25, 50, 75) percentile: (109, 1056, 2777)
[M::mem_pestat] low and high boundaries for computing mean and std.dev: (1, 8113)
[M::mem_pestat] mean and std.dev: (1538.60, 1747.93)
[M::mem_pestat] low and high boundaries for proper pairs: (1, 10781)
[M::mem_pestat] analyzing insert size distribution for orientation RR...
[M::mem_pestat] (25, 50, 75) percentile: (288, 408, 1974)
[M::mem_pestat] low and high boundaries for computing mean and std.dev: (1, 5346)
[M::mem_pestat] mean and std.dev: (977.09, 1100.57)
[M::mem_pestat] low and high boundaries for proper pairs: (1, 7032)
[M::mem_pestat] skip orientation FF
[M::mem_pestat] skip orientation RF
[M::mem_pestat] skip orientation RR
[M::process] read 1066668 sequences (160000200 bp)...
[M::mem_process_seqs] Processed 1066668 reads in 805.027 CPU sec, 52.020 real sec
[M::mem_pestat] # candidate unique pairs for (FF, FR, RF, RR): (35, 224098, 80, 33)
[M::mem_pestat] analyzing insert size distribution for orientation FF...
[M::mem_pestat] (25, 50, 75) percentile: (354, 677, 2199)
[M::mem_pestat] low and high boundaries for computing mean and std.dev: (1, 5889)
[M::mem_pestat] mean and std.dev: (1119.09, 1056.30)
[M::mem_pestat] low and high boundaries for proper pairs: (1, 7734)
[M::mem_pestat] analyzing insert size distribution for orientation FR...
[M::mem_pestat] (25, 50, 75) percentile: (283, 371, 480)
[M::mem_pestat] low and high boundaries for computing mean and std.dev: (1, 874)
[M::mem_pestat] mean and std.dev: (382.33, 147.35)
[M::mem_pestat] low and high boundaries for proper pairs: (1, 1071)
[M::mem_pestat] analyzing insert size distribution for orientation RF...
[M::mem_pestat] (25, 50, 75) percentile: (443, 1470, 5794)
[M::mem_pestat] low and high boundaries for computing mean and std.dev: (1, 16496)
[M::mem_pestat] mean and std.dev: (3024.16, 3081.40)
[M::mem_pestat] low and high boundaries for proper pairs: (1, 21847)
[M::mem_pestat] analyzing insert size distribution for orientation RR...
[M::mem_pestat] (25, 50, 75) percentile: (282, 626, 5827)
[M::mem_pestat] low and high boundaries for computing mean and std.dev: (1, 16917)
[M::mem_pestat] mean and std.dev: (2757.52, 3178.42)
[M::mem_pestat] low and high boundaries for proper pairs: (1, 22462)
[M::mem_pestat] skip orientation FF
[M::mem_pestat] skip orientation RF
[M::mem_pestat] skip orientation RR
[M::process] read 1066668 sequences (160000200 bp)...
[M::mem_process_seqs] Processed 1066668 reads in 805.700 CPU sec, 52.286 real sec
[M::mem_pestat] # candidate unique pairs for (FF, FR, RF, RR): (37, 224192, 87, 30)
[M::mem_pestat] analyzing insert size distribution for orientation FF...
[M::mem_pestat] (25, 50, 75) percentile: (260, 395, 906)
[M::mem_pestat] low and high boundaries for computing mean and std.dev: (1, 2198)
[M::mem_pestat] mean and std.dev: (406.57, 277.03)
[M::mem_pestat] low and high boundaries for proper pairs: (1, 2844)
[M::mem_pestat] analyzing insert size distribution for orientation FR...
[M::mem_pestat] (25, 50, 75) percentile: (283, 370, 475)
[M::mem_pestat] low and high boundaries for computing mean and std.dev: (1, 859)
[M::mem_pestat] mean and std.dev: (380.01, 145.22)
[M::mem_pestat] low and high boundaries for proper pairs: (1, 1051)
[M::mem_pestat] analyzing insert size distribution for orientation RF...
[M::mem_pestat] (25, 50, 75) percentile: (382, 2072, 4452)
[M::mem_pestat] low and high boundaries for computing mean and std.dev: (1, 12592)
[M::mem_pestat] mean and std.dev: (2846.61, 2959.50)
[M::mem_pestat] low and high boundaries for proper pairs: (1, 16662)
[M::mem_pestat] analyzing insert size distribution for orientation RR...
[M::mem_pestat] (25, 50, 75) percentile: (230, 464, 577)
[M::mem_pestat] low and high boundaries for computing mean and std.dev: (1, 1271)
[M::mem_pestat] mean and std.dev: (387.00, 174.34)
[M::mem_pestat] low and high boundaries for proper pairs: (1, 1618)
[M::mem_pestat] skip orientation FF
[M::mem_pestat] skip orientation RF
[M::mem_pestat] skip orientation RR
[M::process] read 1066668 sequences (160000200 bp)...
[M::mem_process_seqs] Processed 1066668 reads in 803.514 CPU sec, 52.125 real sec
[M::mem_pestat] # candidate unique pairs for (FF, FR, RF, RR): (44, 224570, 66, 34)
[M::mem_pestat] analyzing insert size distribution for orientation FF...
[M::mem_pestat] (25, 50, 75) percentile: (330, 488, 1263)
[M::mem_pestat] low and high boundaries for computing mean and std.dev: (1, 3129)
[M::mem_pestat] mean and std.dev: (816.28, 721.45)
[M::mem_pestat] low and high boundaries for proper pairs: (1, 4062)
[M::mem_pestat] analyzing insert size distribution for orientation FR...
[M::mem_pestat] (25, 50, 75) percentile: (282, 370, 476)
[M::mem_pestat] low and high boundaries for computing mean and std.dev: (1, 864)
[M::mem_pestat] mean and std.dev: (379.86, 146.01)
[M::mem_pestat] low and high boundaries for proper pairs: (1, 1058)
[M::mem_pestat] analyzing insert size distribution for orientation RF...
[M::mem_pestat] (25, 50, 75) percentile: (245, 1186, 4093)
[M::mem_pestat] low and high boundaries for computing mean and std.dev: (1, 11789)
[M::mem_pestat] mean and std.dev: (2418.58, 2467.63)
[M::mem_pestat] low and high boundaries for proper pairs: (1, 15637)
[M::mem_pestat] analyzing insert size distribution for orientation RR...
[M::mem_pestat] (25, 50, 75) percentile: (315, 801, 2044)
[M::mem_pestat] low and high boundaries for computing mean and std.dev: (1, 5502)
[M::mem_pestat] mean and std.dev: (1015.33, 1316.85)
[M::mem_pestat] low and high boundaries for proper pairs: (1, 7231)
[M::mem_pestat] skip orientation FF
[M::mem_pestat] skip orientation RF
[M::mem_pestat] skip orientation RR
[M::process] read 1066668 sequences (160000200 bp)...
[M::mem_process_seqs] Processed 1066668 reads in 803.309 CPU sec, 52.162 real sec
[M::mem_pestat] # candidate unique pairs for (FF, FR, RF, RR): (49, 223283, 86, 31)
[M::mem_pestat] analyzing insert size distribution for orientation FF...
[M::mem_pestat] (25, 50, 75) percentile: (352, 637, 1500)
[M::mem_pestat] low and high boundaries for computing mean and std.dev: (1, 3796)
[M::mem_pestat] mean and std.dev: (824.62, 758.90)
[M::mem_pestat] low and high boundaries for proper pairs: (1, 4944)
[M::mem_pestat] analyzing insert size distribution for orientation FR...
[M::mem_pestat] (25, 50, 75) percentile: (279, 366, 472)
[M::mem_pestat] low and high boundaries for computing mean and std.dev: (1, 858)
[M::mem_pestat] mean and std.dev: (376.66, 145.74)
[M::mem_pestat] low and high boundaries for proper pairs: (1, 1051)
[M::mem_pestat] analyzing insert size distribution for orientation RF...
[M::mem_pestat] (25, 50, 75) percentile: (293, 1191, 4056)
[M::mem_pestat] low and high boundaries for computing mean and std.dev: (1, 11582)
[M::mem_pestat] mean and std.dev: (2402.31, 2641.10)
[M::mem_pestat] low and high boundaries for proper pairs: (1, 15345)
[M::mem_pestat] analyzing insert size distribution for orientation RR...
[M::mem_pestat] (25, 50, 75) percentile: (407, 709, 1338)
[M::mem_pestat] low and high boundaries for computing mean and std.dev: (1, 3200)
[M::mem_pestat] mean and std.dev: (852.47, 630.52)
[M::mem_pestat] low and high boundaries for proper pairs: (1, 4131)
[M::mem_pestat] skip orientation FF
[M::mem_pestat] skip orientation RF
[M::mem_pestat] skip orientation RR
[M::process] read 1066668 sequences (160000200 bp)...
[M::mem_process_seqs] Processed 1066668 reads in 820.907 CPU sec, 53.242 real sec
[M::mem_pestat] # candidate unique pairs for (FF, FR, RF, RR): (39, 222789, 57, 33)
[M::mem_pestat] analyzing insert size distribution for orientation FF...
[M::mem_pestat] (25, 50, 75) percentile: (289, 421, 982)
[M::mem_pestat] low and high boundaries for computing mean and std.dev: (1, 2368)
[M::mem_pestat] mean and std.dev: (587.75, 474.94)
[M::mem_pestat] low and high boundaries for proper pairs: (1, 3061)
[M::mem_pestat] analyzing insert size distribution for orientation FR...
[M::mem_pestat] (25, 50, 75) percentile: (278, 365, 471)
[M::mem_pestat] low and high boundaries for computing mean and std.dev: (1, 857)
[M::mem_pestat] mean and std.dev: (376.34, 145.43)
[M::mem_pestat] low and high boundaries for proper pairs: (1, 1050)
[M::mem_pestat] analyzing insert size distribution for orientation RF...
[M::mem_pestat] (25, 50, 75) percentile: (180, 864, 4161)
[M::mem_pestat] low and high boundaries for computing mean and std.dev: (1, 12123)
[M::mem_pestat] mean and std.dev: (2351.21, 3000.65)
[M::mem_pestat] low and high boundaries for proper pairs: (1, 16104)
[M::mem_pestat] analyzing insert size distribution for orientation RR...
[M::mem_pestat] (25, 50, 75) percentile: (383, 587, 2924)
[M::mem_pestat] low and high boundaries for computing mean and std.dev: (1, 8006)
[M::mem_pestat] mean and std.dev: (1711.61, 2293.09)
[M::mem_pestat] low and high boundaries for proper pairs: (1, 10884)
[M::mem_pestat] skip orientation FF
[M::mem_pestat] skip orientation RF
[M::mem_pestat] skip orientation RR
[M::process] read 1066668 sequences (160000200 bp)...
[M::mem_process_seqs] Processed 1066668 reads in 834.093 CPU sec, 54.222 real sec
[M::mem_pestat] # candidate unique pairs for (FF, FR, RF, RR): (34, 223796, 78, 36)
[M::mem_pestat] analyzing insert size distribution for orientation FF...
[M::mem_pestat] (25, 50, 75) percentile: (294, 797, 1167)
[M::mem_pestat] low and high boundaries for computing mean and std.dev: (1, 2913)
[M::mem_pestat] mean and std.dev: (714.59, 517.00)
[M::mem_pestat] low and high boundaries for proper pairs: (1, 3786)
[M::mem_pestat] analyzing insert size distribution for orientation FR...
[M::mem_pestat] (25, 50, 75) percentile: (280, 368, 474)
[M::mem_pestat] low and high boundaries for computing mean and std.dev: (1, 862)
[M::mem_pestat] mean and std.dev: (377.37, 146.43)
[M::mem_pestat] low and high boundaries for proper pairs: (1, 1056)
[M::mem_pestat] analyzing insert size distribution for orientation RF...
[M::mem_pestat] (25, 50, 75) percentile: (186, 1325, 6723)
[M::mem_pestat] low and high boundaries for computing mean and std.dev: (1, 19797)
[M::mem_pestat] mean and std.dev: (3336.36, 3687.52)
[M::mem_pestat] low and high boundaries for proper pairs: (1, 26334)
[M::mem_pestat] analyzing insert size distribution for orientation RR...
[M::mem_pestat] (25, 50, 75) percentile: (438, 693, 1520)
[M::mem_pestat] low and high boundaries for computing mean and std.dev: (1, 3684)
[M::mem_pestat] mean and std.dev: (837.58, 589.34)
[M::mem_pestat] low and high boundaries for proper pairs: (1, 4766)
[M::mem_pestat] skip orientation FF
[M::mem_pestat] skip orientation RF
[M::mem_pestat] skip orientation RR
[M::process] read 1066668 sequences (160000200 bp)...
[M::mem_process_seqs] Processed 1066668 reads in 805.036 CPU sec, 52.139 real sec
[M::mem_pestat] # candidate unique pairs for (FF, FR, RF, RR): (42, 223261, 71, 47)
[M::mem_pestat] analyzing insert size distribution for orientation FF...
[M::mem_pestat] (25, 50, 75) percentile: (402, 1034, 2640)
[M::mem_pestat] low and high boundaries for computing mean and std.dev: (1, 7116)
[M::mem_pestat] mean and std.dev: (1714.53, 1714.96)
[M::mem_pestat] low and high boundaries for proper pairs: (1, 9354)
[M::mem_pestat] analyzing insert size distribution for orientation FR...
[M::mem_pestat] (25, 50, 75) percentile: (287, 377, 483)
[M::mem_pestat] low and high boundaries for computing mean and std.dev: (1, 875)
[M::mem_pestat] mean and std.dev: (385.05, 147.12)
[M::mem_pestat] low and high boundaries for proper pairs: (1, 1071)
[M::mem_pestat] analyzing insert size distribution for orientation RF...
[M::mem_pestat] (25, 50, 75) percentile: (237, 1251, 5430)
[M::mem_pestat] low and high boundaries for computing mean and std.dev: (1, 15816)
[M::mem_pestat] mean and std.dev: (2670.58, 2966.33)
[M::mem_pestat] low and high boundaries for proper pairs: (1, 21009)
[M::mem_pestat] analyzing insert size distribution for orientation RR...
[M::mem_pestat] (25, 50, 75) percentile: (275, 400, 996)
[M::mem_pestat] low and high boundaries for computing mean and std.dev: (1, 2438)
[M::mem_pestat] mean and std.dev: (490.43, 418.45)
[M::mem_pestat] low and high boundaries for proper pairs: (1, 3159)
[M::mem_pestat] skip orientation FF
[M::mem_pestat] skip orientation RF
[M::mem_pestat] skip orientation RR
[M::mem_process_seqs] Processed 1066668 reads in 795.725 CPU sec, 52.592 real sec
[M::process] read 1066668 sequences (160000200 bp)...
[M::mem_pestat] # candidate unique pairs for (FF, FR, RF, RR): (44, 224141, 77, 61)
[M::mem_pestat] analyzing insert size distribution for orientation FF...
[M::mem_pestat] (25, 50, 75) percentile: (304, 562, 1599)
[M::mem_pestat] low and high boundaries for computing mean and std.dev: (1, 4189)
[M::mem_pestat] mean and std.dev: (917.42, 1091.07)
[M::mem_pestat] low and high boundaries for proper pairs: (1, 5484)
[M::mem_pestat] analyzing insert size distribution for orientation FR...
[M::mem_pestat] (25, 50, 75) percentile: (280, 367, 472)
[M::mem_pestat] low and high boundaries for computing mean and std.dev: (1, 856)
[M::mem_pestat] mean and std.dev: (376.49, 144.69)
[M::mem_pestat] low and high boundaries for proper pairs: (1, 1048)
[M::mem_pestat] analyzing insert size distribution for orientation RF...
[M::mem_pestat] (25, 50, 75) percentile: (265, 890, 4685)
[M::mem_pestat] low and high boundaries for computing mean and std.dev: (1, 13525)
[M::mem_pestat] mean and std.dev: (2629.17, 3184.85)
[M::mem_pestat] low and high boundaries for proper pairs: (1, 17945)
[M::mem_pestat] analyzing insert size distribution for orientation RR...
[M::mem_pestat] (25, 50, 75) percentile: (334, 715, 3321)
[M::mem_pestat] low and high boundaries for computing mean and std.dev: (1, 9295)
[M::mem_pestat] mean and std.dev: (1502.43, 1637.02)
[M::mem_pestat] low and high boundaries for proper pairs: (1, 12282)
[M::mem_pestat] skip orientation FF
[M::mem_pestat] skip orientation RF
[M::mem_pestat] skip orientation RR
[M::process] read 1066668 sequences (160000200 bp)...
[M::mem_process_seqs] Processed 1066668 reads in 795.813 CPU sec, 51.032 real sec
[M::mem_pestat] # candidate unique pairs for (FF, FR, RF, RR): (34, 224225, 83, 33)
[M::mem_pestat] analyzing insert size distribution for orientation FF...
[M::mem_pestat] (25, 50, 75) percentile: (217, 359, 1095)
[M::mem_pestat] low and high boundaries for computing mean and std.dev: (1, 2851)
[M::mem_pestat] mean and std.dev: (763.06, 729.38)
[M::mem_pestat] low and high boundaries for proper pairs: (1, 3729)
[M::mem_pestat] analyzing insert size distribution for orientation FR...
[M::mem_pestat] (25, 50, 75) percentile: (281, 370, 478)
[M::mem_pestat] low and high boundaries for computing mean and std.dev: (1, 872)
[M::mem_pestat] mean and std.dev: (380.11, 148.04)
[M::mem_pestat] low and high boundaries for proper pairs: (1, 1069)
[M::mem_pestat] analyzing insert size distribution for orientation RF...
[M::mem_pestat] (25, 50, 75) percentile: (443, 1391, 3799)
[M::mem_pestat] low and high boundaries for computing mean and std.dev: (1, 10511)
[M::mem_pestat] mean and std.dev: (2624.47, 2857.66)
[M::mem_pestat] low and high boundaries for proper pairs: (1, 14055)
[M::mem_pestat] analyzing insert size distribution for orientation RR...
[M::mem_pestat] (25, 50, 75) percentile: (265, 461, 2060)
[M::mem_pestat] low and high boundaries for computing mean and std.dev: (1, 5650)
[M::mem_pestat] mean and std.dev: (1088.62, 1328.50)
[M::mem_pestat] low and high boundaries for proper pairs: (1, 7445)
[M::mem_pestat] skip orientation FF
[M::mem_pestat] skip orientation RF
[M::mem_pestat] skip orientation RR
[M::process] read 1066668 sequences (160000200 bp)...
[M::mem_process_seqs] Processed 1066668 reads in 800.581 CPU sec, 51.870 real sec
[M::mem_pestat] # candidate unique pairs for (FF, FR, RF, RR): (35, 223640, 78, 40)
[M::mem_pestat] analyzing insert size distribution for orientation FF...
[M::mem_pestat] (25, 50, 75) percentile: (306, 418, 1089)
[M::mem_pestat] low and high boundaries for computing mean and std.dev: (1, 2655)
[M::mem_pestat] mean and std.dev: (609.16, 608.36)
[M::mem_pestat] low and high boundaries for proper pairs: (1, 3438)
[M::mem_pestat] analyzing insert size distribution for orientation FR...
[M::mem_pestat] (25, 50, 75) percentile: (279, 367, 473)
[M::mem_pestat] low and high boundaries for computing mean and std.dev: (1, 861)
[M::mem_pestat] mean and std.dev: (377.06, 145.95)
[M::mem_pestat] low and high boundaries for proper pairs: (1, 1055)
[M::mem_pestat] analyzing insert size distribution for orientation RF...
[M::mem_pestat] (25, 50, 75) percentile: (340, 1610, 3490)
[M::mem_pestat] low and high boundaries for computing mean and std.dev: (1, 9790)
[M::mem_pestat] mean and std.dev: (2273.55, 2310.61)
[M::mem_pestat] low and high boundaries for proper pairs: (1, 12940)
[M::mem_pestat] analyzing insert size distribution for orientation RR...
[M::mem_pestat] (25, 50, 75) percentile: (274, 564, 1751)
[M::mem_pestat] low and high boundaries for computing mean and std.dev: (1, 4705)
[M::mem_pestat] mean and std.dev: (795.17, 728.46)
[M::mem_pestat] low and high boundaries for proper pairs: (1, 6182)
[M::mem_pestat] skip orientation FF
[M::mem_pestat] skip orientation RF
[M::mem_pestat] skip orientation RR
[M::process] read 1066668 sequences (160000200 bp)...
[M::mem_process_seqs] Processed 1066668 reads in 777.571 CPU sec, 50.428 real sec
[M::mem_pestat] # candidate unique pairs for (FF, FR, RF, RR): (46, 223267, 86, 46)
[M::mem_pestat] analyzing insert size distribution for orientation FF...
[M::mem_pestat] (25, 50, 75) percentile: (387, 598, 2271)
[M::mem_pestat] low and high boundaries for computing mean and std.dev: (1, 6039)
[M::mem_pestat] mean and std.dev: (1159.28, 1123.67)
[M::mem_pestat] low and high boundaries for proper pairs: (1, 7923)
[M::mem_pestat] analyzing insert size distribution for orientation FR...
[M::mem_pestat] (25, 50, 75) percentile: (281, 369, 478)
[M::mem_pestat] low and high boundaries for computing mean and std.dev: (1, 872)
[M::mem_pestat] mean and std.dev: (380.30, 147.70)
[M::mem_pestat] low and high boundaries for proper pairs: (1, 1069)
[M::mem_pestat] analyzing insert size distribution for orientation RF...
[M::mem_pestat] (25, 50, 75) percentile: (324, 1638, 5355)
[M::mem_pestat] low and high boundaries for computing mean and std.dev: (1, 15417)
[M::mem_pestat] mean and std.dev: (3037.47, 3092.38)
[M::mem_pestat] low and high boundaries for proper pairs: (1, 20448)
[M::mem_pestat] analyzing insert size distribution for orientation RR...
[M::mem_pestat] (25, 50, 75) percentile: (263, 423, 2121)
[M::mem_pestat] low and high boundaries for computing mean and std.dev: (1, 5837)
[M::mem_pestat] mean and std.dev: (1110.64, 1325.85)
[M::mem_pestat] low and high boundaries for proper pairs: (1, 7695)
[M::mem_pestat] skip orientation FF
[M::mem_pestat] skip orientation RF
[M::mem_pestat] skip orientation RR
[M::process] read 1066668 sequences (160000200 bp)...
[M::mem_process_seqs] Processed 1066668 reads in 784.821 CPU sec, 51.107 real sec
[M::mem_pestat] # candidate unique pairs for (FF, FR, RF, RR): (31, 223232, 84, 51)
[M::mem_pestat] analyzing insert size distribution for orientation FF...
[M::mem_pestat] (25, 50, 75) percentile: (267, 457, 1777)
[M::mem_pestat] low and high boundaries for computing mean and std.dev: (1, 4797)
[M::mem_pestat] mean and std.dev: (822.69, 844.63)
[M::mem_pestat] low and high boundaries for proper pairs: (1, 6307)
[M::mem_pestat] analyzing insert size distribution for orientation FR...
[M::mem_pestat] (25, 50, 75) percentile: (279, 367, 476)
[M::mem_pestat] low and high boundaries for computing mean and std.dev: (1, 870)
[M::mem_pestat] mean and std.dev: (378.71, 147.27)
[M::mem_pestat] low and high boundaries for proper pairs: (1, 1067)
[M::mem_pestat] analyzing insert size distribution for orientation RF...
[M::mem_pestat] (25, 50, 75) percentile: (233, 1000, 3000)
[M::mem_pestat] low and high boundaries for computing mean and std.dev: (1, 8534)
[M::mem_pestat] mean and std.dev: (1725.41, 2026.47)
[M::mem_pestat] low and high boundaries for proper pairs: (1, 11301)
[M::mem_pestat] analyzing insert size distribution for orientation RR...
[M::mem_pestat] (25, 50, 75) percentile: (447, 757, 1719)
[M::mem_pestat] low and high boundaries for computing mean and std.dev: (1, 4263)
[M::mem_pestat] mean and std.dev: (1042.46, 835.20)
[M::mem_pestat] low and high boundaries for proper pairs: (1, 5535)
[M::mem_pestat] skip orientation FF
[M::mem_pestat] skip orientation RF
[M::mem_pestat] skip orientation RR
[M::process] read 1066668 sequences (160000200 bp)...
[M::mem_process_seqs] Processed 1066668 reads in 788.875 CPU sec, 51.342 real sec
[M::mem_pestat] # candidate unique pairs for (FF, FR, RF, RR): (28, 222788, 60, 39)
[M::mem_pestat] analyzing insert size distribution for orientation FF...
[M::mem_pestat] (25, 50, 75) percentile: (311, 441, 1794)
[M::mem_pestat] low and high boundaries for computing mean and std.dev: (1, 4760)
[M::mem_pestat] mean and std.dev: (744.88, 851.43)
[M::mem_pestat] low and high boundaries for proper pairs: (1, 6243)
[M::mem_pestat] analyzing insert size distribution for orientation FR...
[M::mem_pestat] (25, 50, 75) percentile: (279, 366, 474)
[M::mem_pestat] low and high boundaries for computing mean and std.dev: (1, 864)
[M::mem_pestat] mean and std.dev: (377.68, 146.47)
[M::mem_pestat] low and high boundaries for proper pairs: (1, 1059)
[M::mem_pestat] analyzing insert size distribution for orientation RF...
[M::mem_pestat] (25, 50, 75) percentile: (341, 1377, 2389)
[M::mem_pestat] low and high boundaries for computing mean and std.dev: (1, 6485)
[M::mem_pestat] mean and std.dev: (1259.60, 1264.82)
[M::mem_pestat] low and high boundaries for proper pairs: (1, 8533)
[M::mem_pestat] analyzing insert size distribution for orientation RR...
[M::mem_pestat] (25, 50, 75) percentile: (426, 780, 1723)
[M::mem_pestat] low and high boundaries for computing mean and std.dev: (1, 4317)
[M::mem_pestat] mean and std.dev: (952.72, 731.11)
[M::mem_pestat] low and high boundaries for proper pairs: (1, 5614)
[M::mem_pestat] skip orientation FF
[M::mem_pestat] skip orientation RF
[M::mem_pestat] skip orientation RR
[M::process] read 1066668 sequences (160000200 bp)...
[M::mem_process_seqs] Processed 1066668 reads in 805.576 CPU sec, 52.224 real sec
[M::mem_pestat] # candidate unique pairs for (FF, FR, RF, RR): (34, 223166, 90, 44)
[M::mem_pestat] analyzing insert size distribution for orientation FF...
[M::mem_pestat] (25, 50, 75) percentile: (347, 572, 1030)
[M::mem_pestat] low and high boundaries for computing mean and std.dev: (1, 2396)
[M::mem_pestat] mean and std.dev: (555.00, 349.75)
[M::mem_pestat] low and high boundaries for proper pairs: (1, 3079)
[M::mem_pestat] analyzing insert size distribution for orientation FR...
[M::mem_pestat] (25, 50, 75) percentile: (280, 367, 473)
[M::mem_pestat] low and high boundaries for computing mean and std.dev: (1, 859)
[M::mem_pestat] mean and std.dev: (376.86, 144.97)
[M::mem_pestat] low and high boundaries for proper pairs: (1, 1052)
[M::mem_pestat] analyzing insert size distribution for orientation RF...
[M::mem_pestat] (25, 50, 75) percentile: (412, 1667, 5614)
[M::mem_pestat] low and high boundaries for computing mean and std.dev: (1, 16018)
[M::mem_pestat] mean and std.dev: (3063.29, 3084.36)
[M::mem_pestat] low and high boundaries for proper pairs: (1, 21220)
[M::mem_pestat] analyzing insert size distribution for orientation RR...
[M::mem_pestat] (25, 50, 75) percentile: (241, 512, 1303)
[M::mem_pestat] low and high boundaries for computing mean and std.dev: (1, 3427)
[M::mem_pestat] mean and std.dev: (621.00, 641.43)
[M::mem_pestat] low and high boundaries for proper pairs: (1, 4489)
[M::mem_pestat] skip orientation FF
[M::mem_pestat] skip orientation RF
[M::mem_pestat] skip orientation RR
[M::process] read 1066668 sequences (160000200 bp)...
[M::mem_process_seqs] Processed 1066668 reads in 811.333 CPU sec, 52.634 real sec
[M::mem_pestat] # candidate unique pairs for (FF, FR, RF, RR): (26, 223606, 64, 35)
[M::mem_pestat] analyzing insert size distribution for orientation FF...
[M::mem_pestat] (25, 50, 75) percentile: (315, 448, 930)
[M::mem_pestat] low and high boundaries for computing mean and std.dev: (1, 2160)
[M::mem_pestat] mean and std.dev: (589.00, 525.50)
[M::mem_pestat] low and high boundaries for proper pairs: (1, 2775)
[M::mem_pestat] analyzing insert size distribution for orientation FR...
[M::mem_pestat] (25, 50, 75) percentile: (285, 372, 478)
[M::mem_pestat] low and high boundaries for computing mean and std.dev: (1, 864)
[M::mem_pestat] mean and std.dev: (381.27, 145.55)
[M::mem_pestat] low and high boundaries for proper pairs: (1, 1057)
[M::mem_pestat] analyzing insert size distribution for orientation RF...
[M::mem_pestat] (25, 50, 75) percentile: (247, 1160, 5832)
[M::mem_pestat] low and high boundaries for computing mean and std.dev: (1, 17002)
[M::mem_pestat] mean and std.dev: (2370.03, 2861.50)
[M::mem_pestat] low and high boundaries for proper pairs: (1, 22587)
[M::mem_pestat] analyzing insert size distribution for orientation RR...
[M::mem_pestat] (25, 50, 75) percentile: (146, 379, 1258)
[M::mem_pestat] low and high boundaries for computing mean and std.dev: (1, 3482)
[M::mem_pestat] mean and std.dev: (499.77, 489.22)
[M::mem_pestat] low and high boundaries for proper pairs: (1, 4594)
[M::mem_pestat] skip orientation FF
[M::mem_pestat] skip orientation RF
[M::mem_pestat] skip orientation RR
[M::process] read 1066668 sequences (160000200 bp)...
[M::mem_process_seqs] Processed 1066668 reads in 794.661 CPU sec, 51.588 real sec
[M::mem_pestat] # candidate unique pairs for (FF, FR, RF, RR): (44, 223762, 92, 37)
[M::mem_pestat] analyzing insert size distribution for orientation FF...
[M::mem_pestat] (25, 50, 75) percentile: (275, 546, 996)
[M::mem_pestat] low and high boundaries for computing mean and std.dev: (1, 2438)
[M::mem_pestat] mean and std.dev: (635.36, 536.19)
[M::mem_pestat] low and high boundaries for proper pairs: (1, 3159)
[M::mem_pestat] analyzing insert size distribution for orientation FR...
[M::mem_pestat] (25, 50, 75) percentile: (281, 366, 469)
[M::mem_pestat] low and high boundaries for computing mean and std.dev: (1, 845)
[M::mem_pestat] mean and std.dev: (375.03, 142.63)
[M::mem_pestat] low and high boundaries for proper pairs: (1, 1033)
[M::mem_pestat] analyzing insert size distribution for orientation RF...
[M::mem_pestat] (25, 50, 75) percentile: (523, 1160, 5281)
[M::mem_pestat] low and high boundaries for computing mean and std.dev: (1, 14797)
[M::mem_pestat] mean and std.dev: (2707.08, 2944.34)
[M::mem_pestat] low and high boundaries for proper pairs: (1, 19555)
[M::mem_pestat] analyzing insert size distribution for orientation RR...
[M::mem_pestat] (25, 50, 75) percentile: (417, 1093, 1953)
[M::mem_pestat] low and high boundaries for computing mean and std.dev: (1, 5025)
[M::mem_pestat] mean and std.dev: (1370.95, 1170.75)
[M::mem_pestat] low and high boundaries for proper pairs: (1, 6561)
[M::mem_pestat] skip orientation FF
[M::mem_pestat] skip orientation RF
[M::mem_pestat] skip orientation RR
[M::process] read 1066668 sequences (160000200 bp)...
[M::mem_process_seqs] Processed 1066668 reads in 794.483 CPU sec, 51.435 real sec
[M::mem_pestat] # candidate unique pairs for (FF, FR, RF, RR): (30, 223061, 79, 30)
[M::mem_pestat] analyzing insert size distribution for orientation FF...
[M::mem_pestat] (25, 50, 75) percentile: (379, 707, 2751)
[M::mem_pestat] low and high boundaries for computing mean and std.dev: (1, 7495)
[M::mem_pestat] mean and std.dev: (1312.96, 1472.83)
[M::mem_pestat] low and high boundaries for proper pairs: (1, 9867)
[M::mem_pestat] analyzing insert size distribution for orientation FR...
[M::mem_pestat] (25, 50, 75) percentile: (284, 373, 482)
[M::mem_pestat] low and high boundaries for computing mean and std.dev: (1, 878)
[M::mem_pestat] mean and std.dev: (383.60, 148.47)
[M::mem_pestat] low and high boundaries for proper pairs: (1, 1076)
[M::mem_pestat] analyzing insert size distribution for orientation RF...
[M::mem_pestat] (25, 50, 75) percentile: (353, 2268, 5268)
[M::mem_pestat] low and high boundaries for computing mean and std.dev: (1, 15098)
[M::mem_pestat] mean and std.dev: (3274.14, 3149.78)
[M::mem_pestat] low and high boundaries for proper pairs: (1, 20013)
[M::mem_pestat] analyzing insert size distribution for orientation RR...
[M::mem_pestat] (25, 50, 75) percentile: (390, 938, 1699)
[M::mem_pestat] low and high boundaries for computing mean and std.dev: (1, 4317)
[M::mem_pestat] mean and std.dev: (929.00, 808.43)
[M::mem_pestat] low and high boundaries for proper pairs: (1, 5626)
[M::mem_pestat] skip orientation FF
[M::mem_pestat] skip orientation RF
[M::mem_pestat] skip orientation RR
[M::process] read 1066668 sequences (160000200 bp)...
[M::mem_process_seqs] Processed 1066668 reads in 800.471 CPU sec, 51.815 real sec
[M::mem_pestat] # candidate unique pairs for (FF, FR, RF, RR): (43, 223465, 97, 43)
[M::mem_pestat] analyzing insert size distribution for orientation FF...
[M::mem_pestat] (25, 50, 75) percentile: (311, 1306, 2488)
[M::mem_pestat] low and high boundaries for computing mean and std.dev: (1, 6842)
[M::mem_pestat] mean and std.dev: (1618.07, 1572.49)
[M::mem_pestat] low and high boundaries for proper pairs: (1, 9019)
[M::mem_pestat] analyzing insert size distribution for orientation FR...
[M::mem_pestat] (25, 50, 75) percentile: (282, 370, 476)
[M::mem_pestat] low and high boundaries for computing mean and std.dev: (1, 864)
[M::mem_pestat] mean and std.dev: (379.90, 145.90)
[M::mem_pestat] low and high boundaries for proper pairs: (1, 1058)
[M::mem_pestat] analyzing insert size distribution for orientation RF...
[M::mem_pestat] (25, 50, 75) percentile: (325, 2145, 5952)
[M::mem_pestat] low and high boundaries for computing mean and std.dev: (1, 17206)
[M::mem_pestat] mean and std.dev: (3345.65, 3244.94)
[M::mem_pestat] low and high boundaries for proper pairs: (1, 22833)
[M::mem_pestat] analyzing insert size distribution for orientation RR...
[M::mem_pestat] (25, 50, 75) percentile: (355, 580, 1202)
[M::mem_pestat] low and high boundaries for computing mean and std.dev: (1, 2896)
[M::mem_pestat] mean and std.dev: (608.16, 441.91)
[M::mem_pestat] low and high boundaries for proper pairs: (1, 3743)
[M::mem_pestat] skip orientation FF
[M::mem_pestat] skip orientation RF
[M::mem_pestat] skip orientation RR
[M::process] read 1066668 sequences (160000200 bp)...
[M::mem_process_seqs] Processed 1066668 reads in 806.360 CPU sec, 52.002 real sec
[M::mem_pestat] # candidate unique pairs for (FF, FR, RF, RR): (48, 223463, 81, 43)
[M::mem_pestat] analyzing insert size distribution for orientation FF...
[M::mem_pestat] (25, 50, 75) percentile: (325, 495, 1233)
[M::mem_pestat] low and high boundaries for computing mean and std.dev: (1, 3049)
[M::mem_pestat] mean and std.dev: (615.05, 578.24)
[M::mem_pestat] low and high boundaries for proper pairs: (1, 3957)
[M::mem_pestat] analyzing insert size distribution for orientation FR...
[M::mem_pestat] (25, 50, 75) percentile: (280, 367, 472)
[M::mem_pestat] low and high boundaries for computing mean and std.dev: (1, 856)
[M::mem_pestat] mean and std.dev: (377.07, 145.29)
[M::mem_pestat] low and high boundaries for proper pairs: (1, 1048)
[M::mem_pestat] analyzing insert size distribution for orientation RF...
[M::mem_pestat] (25, 50, 75) percentile: (200, 1157, 4080)
[M::mem_pestat] low and high boundaries for computing mean and std.dev: (1, 11840)
[M::mem_pestat] mean and std.dev: (2199.01, 2630.49)
[M::mem_pestat] low and high boundaries for proper pairs: (1, 15720)
[M::mem_pestat] analyzing insert size distribution for orientation RR...
[M::mem_pestat] (25, 50, 75) percentile: (281, 543, 1216)
[M::mem_pestat] low and high boundaries for computing mean and std.dev: (1, 3086)
[M::mem_pestat] mean and std.dev: (651.67, 577.93)
[M::mem_pestat] low and high boundaries for proper pairs: (1, 4021)
[M::mem_pestat] skip orientation FF
[M::mem_pestat] skip orientation RF
[M::mem_pestat] skip orientation RR
[M::process] read 1066668 sequences (160000200 bp)...
[M::mem_process_seqs] Processed 1066668 reads in 809.322 CPU sec, 52.355 real sec
[M::mem_pestat] # candidate unique pairs for (FF, FR, RF, RR): (29, 222985, 75, 41)
[M::mem_pestat] analyzing insert size distribution for orientation FF...
[M::mem_pestat] (25, 50, 75) percentile: (378, 580, 1183)
[M::mem_pestat] low and high boundaries for computing mean and std.dev: (1, 2793)
[M::mem_pestat] mean and std.dev: (680.73, 473.35)
[M::mem_pestat] low and high boundaries for proper pairs: (1, 3598)
[M::mem_pestat] analyzing insert size distribution for orientation FR...
[M::mem_pestat] (25, 50, 75) percentile: (279, 366, 474)
[M::mem_pestat] low and high boundaries for computing mean and std.dev: (1, 864)
[M::mem_pestat] mean and std.dev: (377.47, 145.96)
[M::mem_pestat] low and high boundaries for proper pairs: (1, 1059)
[M::mem_pestat] analyzing insert size distribution for orientation RF...
[M::mem_pestat] (25, 50, 75) percentile: (246, 1426, 5906)
[M::mem_pestat] low and high boundaries for computing mean and std.dev: (1, 17226)
[M::mem_pestat] mean and std.dev: (3143.39, 3171.92)
[M::mem_pestat] low and high boundaries for proper pairs: (1, 22886)
[M::mem_pestat] analyzing insert size distribution for orientation RR...
[M::mem_pestat] (25, 50, 75) percentile: (410, 691, 1551)
[M::mem_pestat] low and high boundaries for computing mean and std.dev: (1, 3833)
[M::mem_pestat] mean and std.dev: (879.27, 764.27)
[M::mem_pestat] low and high boundaries for proper pairs: (1, 4974)
[M::mem_pestat] skip orientation FF
[M::mem_pestat] skip orientation RF
[M::mem_pestat] skip orientation RR
[M::process] read 1066668 sequences (160000200 bp)...
[M::mem_process_seqs] Processed 1066668 reads in 815.972 CPU sec, 52.956 real sec
[M::mem_pestat] # candidate unique pairs for (FF, FR, RF, RR): (32, 223225, 68, 34)
[M::mem_pestat] analyzing insert size distribution for orientation FF...
[M::mem_pestat] (25, 50, 75) percentile: (225, 539, 2252)
[M::mem_pestat] low and high boundaries for computing mean and std.dev: (1, 6306)
[M::mem_pestat] mean and std.dev: (1211.23, 1490.37)
[M::mem_pestat] low and high boundaries for proper pairs: (1, 8333)
[M::mem_pestat] analyzing insert size distribution for orientation FR...
[M::mem_pestat] (25, 50, 75) percentile: (276, 364, 471)
[M::mem_pestat] low and high boundaries for computing mean and std.dev: (1, 861)
[M::mem_pestat] mean and std.dev: (374.97, 146.15)
[M::mem_pestat] low and high boundaries for proper pairs: (1, 1056)
[M::mem_pestat] analyzing insert size distribution for orientation RF...
[M::mem_pestat] (25, 50, 75) percentile: (307, 842, 3270)
[M::mem_pestat] low and high boundaries for computing mean and std.dev: (1, 9196)
[M::mem_pestat] mean and std.dev: (2035.93, 2419.55)
[M::mem_pestat] low and high boundaries for proper pairs: (1, 12159)
[M::mem_pestat] analyzing insert size distribution for orientation RR...
[M::mem_pestat] (25, 50, 75) percentile: (293, 705, 882)
[M::mem_pestat] low and high boundaries for computing mean and std.dev: (1, 2060)
[M::mem_pestat] mean and std.dev: (676.72, 481.16)
[M::mem_pestat] low and high boundaries for proper pairs: (1, 2649)
[M::mem_pestat] skip orientation FF
[M::mem_pestat] skip orientation RF
[M::mem_pestat] skip orientation RR
[M::process] read 1066668 sequences (160000200 bp)...
[M::mem_process_seqs] Processed 1066668 reads in 822.231 CPU sec, 53.317 real sec
[M::mem_pestat] # candidate unique pairs for (FF, FR, RF, RR): (37, 222300, 75, 45)
[M::mem_pestat] analyzing insert size distribution for orientation FF...
[M::mem_pestat] (25, 50, 75) percentile: (211, 795, 4474)
[M::mem_pestat] low and high boundaries for computing mean and std.dev: (1, 13000)
[M::mem_pestat] mean and std.dev: (2281.68, 2793.05)
[M::mem_pestat] low and high boundaries for proper pairs: (1, 17263)
[M::mem_pestat] analyzing insert size distribution for orientation FR...
[M::mem_pestat] (25, 50, 75) percentile: (280, 370, 480)
[M::mem_pestat] low and high boundaries for computing mean and std.dev: (1, 880)
[M::mem_pestat] mean and std.dev: (381.18, 148.29)
[M::mem_pestat] low and high boundaries for proper pairs: (1, 1080)
[M::mem_pestat] analyzing insert size distribution for orientation RF...
[M::mem_pestat] (25, 50, 75) percentile: (606, 2549, 5115)
[M::mem_pestat] low and high boundaries for computing mean and std.dev: (1, 14133)
[M::mem_pestat] mean and std.dev: (3094.61, 2625.25)
[M::mem_pestat] low and high boundaries for proper pairs: (1, 18642)
[M::mem_pestat] analyzing insert size distribution for orientation RR...
[M::mem_pestat] (25, 50, 75) percentile: (240, 440, 888)
[M::mem_pestat] low and high boundaries for computing mean and std.dev: (1, 2184)
[M::mem_pestat] mean and std.dev: (524.62, 481.25)
[M::mem_pestat] low and high boundaries for proper pairs: (1, 2832)
[M::mem_pestat] skip orientation FF
[M::mem_pestat] skip orientation RF
[M::mem_pestat] skip orientation RR
[M::process] read 1066668 sequences (160000200 bp)...
[M::mem_process_seqs] Processed 1066668 reads in 838.039 CPU sec, 54.177 real sec
[M::mem_pestat] # candidate unique pairs for (FF, FR, RF, RR): (45, 219754, 70, 44)
[M::mem_pestat] analyzing insert size distribution for orientation FF...
[M::mem_pestat] (25, 50, 75) percentile: (322, 540, 939)
[M::mem_pestat] low and high boundaries for computing mean and std.dev: (1, 2173)
[M::mem_pestat] mean and std.dev: (561.66, 309.18)
[M::mem_pestat] low and high boundaries for proper pairs: (1, 2790)
[M::mem_pestat] analyzing insert size distribution for orientation FR...
[M::mem_pestat] (25, 50, 75) percentile: (291, 392, 508)
[M::mem_pestat] low and high boundaries for computing mean and std.dev: (1, 942)
[M::mem_pestat] mean and std.dev: (399.92, 156.46)
[M::mem_pestat] low and high boundaries for proper pairs: (1, 1159)
[M::mem_pestat] analyzing insert size distribution for orientation RF...
[M::mem_pestat] (25, 50, 75) percentile: (494, 1625, 4378)
[M::mem_pestat] low and high boundaries for computing mean and std.dev: (1, 12146)
[M::mem_pestat] mean and std.dev: (2867.67, 2903.85)
[M::mem_pestat] low and high boundaries for proper pairs: (1, 16030)
[M::mem_pestat] analyzing insert size distribution for orientation RR...
[M::mem_pestat] (25, 50, 75) percentile: (255, 579, 3164)
[M::mem_pestat] low and high boundaries for computing mean and std.dev: (1, 8982)
[M::mem_pestat] mean and std.dev: (1606.82, 1861.02)
[M::mem_pestat] low and high boundaries for proper pairs: (1, 11891)
[M::mem_pestat] skip orientation FF
[M::mem_pestat] skip orientation RF
[M::mem_pestat] skip orientation RR
[M::process] read 1066668 sequences (160000200 bp)...
[M::mem_process_seqs] Processed 1066668 reads in 838.542 CPU sec, 54.194 real sec
[M::mem_pestat] # candidate unique pairs for (FF, FR, RF, RR): (39, 220454, 66, 37)
[M::mem_pestat] analyzing insert size distribution for orientation FF...
[M::mem_pestat] (25, 50, 75) percentile: (312, 688, 1634)
[M::mem_pestat] low and high boundaries for computing mean and std.dev: (1, 4278)
[M::mem_pestat] mean and std.dev: (879.74, 794.95)
[M::mem_pestat] low and high boundaries for proper pairs: (1, 5600)
[M::mem_pestat] analyzing insert size distribution for orientation FR...
[M::mem_pestat] (25, 50, 75) percentile: (291, 388, 503)
[M::mem_pestat] low and high boundaries for computing mean and std.dev: (1, 927)
[M::mem_pestat] mean and std.dev: (397.39, 155.08)
[M::mem_pestat] low and high boundaries for proper pairs: (1, 1139)
[M::mem_pestat] analyzing insert size distribution for orientation RF...
[M::mem_pestat] (25, 50, 75) percentile: (890, 3373, 4726)
[M::mem_pestat] low and high boundaries for computing mean and std.dev: (1, 12398)
[M::mem_pestat] mean and std.dev: (3167.97, 2430.46)
[M::mem_pestat] low and high boundaries for proper pairs: (1, 16234)
[M::mem_pestat] analyzing insert size distribution for orientation RR...
[M::mem_pestat] (25, 50, 75) percentile: (253, 453, 3982)
[M::mem_pestat] low and high boundaries for computing mean and std.dev: (1, 11440)
[M::mem_pestat] mean and std.dev: (2206.00, 3048.37)
[M::mem_pestat] low and high boundaries for proper pairs: (1, 15169)
[M::mem_pestat] skip orientation FF
[M::mem_pestat] skip orientation RF
[M::mem_pestat] skip orientation RR
[M::process] read 1066668 sequences (160000200 bp)...
[M::mem_process_seqs] Processed 1066668 reads in 809.413 CPU sec, 52.416 real sec
[M::mem_pestat] # candidate unique pairs for (FF, FR, RF, RR): (23, 221467, 66, 50)
[M::mem_pestat] analyzing insert size distribution for orientation FF...
[M::mem_pestat] (25, 50, 75) percentile: (260, 689, 4185)
[M::mem_pestat] low and high boundaries for computing mean and std.dev: (1, 12035)
[M::mem_pestat] mean and std.dev: (1753.78, 1950.50)
[M::mem_pestat] low and high boundaries for proper pairs: (1, 15960)
[M::mem_pestat] analyzing insert size distribution for orientation FR...
[M::mem_pestat] (25, 50, 75) percentile: (285, 379, 495)
[M::mem_pestat] low and high boundaries for computing mean and std.dev: (1, 915)
[M::mem_pestat] mean and std.dev: (390.21, 153.61)
[M::mem_pestat] low and high boundaries for proper pairs: (1, 1125)
[M::mem_pestat] analyzing insert size distribution for orientation RF...
[M::mem_pestat] (25, 50, 75) percentile: (306, 1923, 4548)
[M::mem_pestat] low and high boundaries for computing mean and std.dev: (1, 13032)
[M::mem_pestat] mean and std.dev: (2849.89, 2776.82)
[M::mem_pestat] low and high boundaries for proper pairs: (1, 17274)
[M::mem_pestat] analyzing insert size distribution for orientation RR...
[M::mem_pestat] (25, 50, 75) percentile: (251, 421, 1512)
[M::mem_pestat] low and high boundaries for computing mean and std.dev: (1, 4034)
[M::mem_pestat] mean and std.dev: (933.39, 984.03)
[M::mem_pestat] low and high boundaries for proper pairs: (1, 5295)
[M::mem_pestat] skip orientation FF
[M::mem_pestat] skip orientation RF
[M::mem_pestat] skip orientation RR
[M::mem_process_seqs] Processed 1066668 reads in 798.592 CPU sec, 53.267 real sec
[M::process] read 1066668 sequences (160000200 bp)...
[M::mem_pestat] # candidate unique pairs for (FF, FR, RF, RR): (44, 220947, 80, 43)
[M::mem_pestat] analyzing insert size distribution for orientation FF...
[M::mem_pestat] (25, 50, 75) percentile: (392, 647, 2574)
[M::mem_pestat] low and high boundaries for computing mean and std.dev: (1, 6938)
[M::mem_pestat] mean and std.dev: (1192.83, 1296.09)
[M::mem_pestat] low and high boundaries for proper pairs: (1, 9120)
[M::mem_pestat] analyzing insert size distribution for orientation FR...
[M::mem_pestat] (25, 50, 75) percentile: (285, 379, 492)
[M::mem_pestat] low and high boundaries for computing mean and std.dev: (1, 906)
[M::mem_pestat] mean and std.dev: (389.09, 152.78)
[M::mem_pestat] low and high boundaries for proper pairs: (1, 1113)
[M::mem_pestat] analyzing insert size distribution for orientation RF...
[M::mem_pestat] (25, 50, 75) percentile: (532, 1330, 5008)
[M::mem_pestat] low and high boundaries for computing mean and std.dev: (1, 13960)
[M::mem_pestat] mean and std.dev: (2602.99, 2828.79)
[M::mem_pestat] low and high boundaries for proper pairs: (1, 18436)
[M::mem_pestat] analyzing insert size distribution for orientation RR...
[M::mem_pestat] (25, 50, 75) percentile: (451, 625, 1767)
[M::mem_pestat] low and high boundaries for computing mean and std.dev: (1, 4399)
[M::mem_pestat] mean and std.dev: (1155.07, 1119.49)
[M::mem_pestat] low and high boundaries for proper pairs: (1, 5715)
[M::mem_pestat] skip orientation FF
[M::mem_pestat] skip orientation RF
[M::mem_pestat] skip orientation RR
[M::process] read 1066668 sequences (160000200 bp)...
[M::mem_process_seqs] Processed 1066668 reads in 799.247 CPU sec, 52.278 real sec
[M::mem_pestat] # candidate unique pairs for (FF, FR, RF, RR): (42, 221427, 88, 32)
[M::mem_pestat] analyzing insert size distribution for orientation FF...
[M::mem_pestat] (25, 50, 75) percentile: (273, 389, 2520)
[M::mem_pestat] low and high boundaries for computing mean and std.dev: (1, 7014)
[M::mem_pestat] mean and std.dev: (1231.53, 1758.74)
[M::mem_pestat] low and high boundaries for proper pairs: (1, 9261)
[M::mem_pestat] analyzing insert size distribution for orientation FR...
[M::mem_pestat] (25, 50, 75) percentile: (285, 377, 491)
[M::mem_pestat] low and high boundaries for computing mean and std.dev: (1, 903)
[M::mem_pestat] mean and std.dev: (389.01, 152.60)
[M::mem_pestat] low and high boundaries for proper pairs: (1, 1109)
[M::mem_pestat] analyzing insert size distribution for orientation RF...
[M::mem_pestat] (25, 50, 75) percentile: (282, 1177, 3343)
[M::mem_pestat] low and high boundaries for computing mean and std.dev: (1, 9465)
[M::mem_pestat] mean and std.dev: (2188.98, 2615.06)
[M::mem_pestat] low and high boundaries for proper pairs: (1, 12649)
[M::mem_pestat] analyzing insert size distribution for orientation RR...
[M::mem_pestat] (25, 50, 75) percentile: (150, 735, 3015)
[M::mem_pestat] low and high boundaries for computing mean and std.dev: (1, 8745)
[M::mem_pestat] mean and std.dev: (1302.00, 2032.32)
[M::mem_pestat] low and high boundaries for proper pairs: (1, 11610)
[M::mem_pestat] skip orientation FF
[M::mem_pestat] skip orientation RF
[M::mem_pestat] skip orientation RR
[M::process] read 1066668 sequences (160000200 bp)...
[M::mem_process_seqs] Processed 1066668 reads in 825.287 CPU sec, 53.268 real sec
[M::mem_pestat] # candidate unique pairs for (FF, FR, RF, RR): (42, 222817, 76, 43)
[M::mem_pestat] analyzing insert size distribution for orientation FF...
[M::mem_pestat] (25, 50, 75) percentile: (261, 390, 1433)
[M::mem_pestat] low and high boundaries for computing mean and std.dev: (1, 3777)
[M::mem_pestat] mean and std.dev: (599.74, 728.17)
[M::mem_pestat] low and high boundaries for proper pairs: (1, 4949)
[M::mem_pestat] analyzing insert size distribution for orientation FR...
[M::mem_pestat] (25, 50, 75) percentile: (286, 378, 489)
[M::mem_pestat] low and high boundaries for computing mean and std.dev: (1, 895)
[M::mem_pestat] mean and std.dev: (388.99, 150.88)
[M::mem_pestat] low and high boundaries for proper pairs: (1, 1098)
[M::mem_pestat] analyzing insert size distribution for orientation RF...
[M::mem_pestat] (25, 50, 75) percentile: (273, 1327, 5485)
[M::mem_pestat] low and high boundaries for computing mean and std.dev: (1, 15909)
[M::mem_pestat] mean and std.dev: (2680.49, 2957.19)
[M::mem_pestat] low and high boundaries for proper pairs: (1, 21121)
[M::mem_pestat] analyzing insert size distribution for orientation RR...
[M::mem_pestat] (25, 50, 75) percentile: (303, 591, 1505)
[M::mem_pestat] low and high boundaries for computing mean and std.dev: (1, 3909)
[M::mem_pestat] mean and std.dev: (854.15, 832.60)
[M::mem_pestat] low and high boundaries for proper pairs: (1, 5111)
[M::mem_pestat] skip orientation FF
[M::mem_pestat] skip orientation RF
[M::mem_pestat] skip orientation RR
[M::process] read 1066668 sequences (160000200 bp)...
[M::mem_process_seqs] Processed 1066668 reads in 828.342 CPU sec, 53.519 real sec
[M::mem_pestat] # candidate unique pairs for (FF, FR, RF, RR): (38, 222370, 69, 39)
[M::mem_pestat] analyzing insert size distribution for orientation FF...
[M::mem_pestat] (25, 50, 75) percentile: (270, 1303, 3359)
[M::mem_pestat] low and high boundaries for computing mean and std.dev: (1, 9537)
[M::mem_pestat] mean and std.dev: (2039.03, 2468.75)
[M::mem_pestat] low and high boundaries for proper pairs: (1, 12626)
[M::mem_pestat] analyzing insert size distribution for orientation FR...
[M::mem_pestat] (25, 50, 75) percentile: (286, 377, 488)
[M::mem_pestat] low and high boundaries for computing mean and std.dev: (1, 892)
[M::mem_pestat] mean and std.dev: (388.40, 150.21)
[M::mem_pestat] low and high boundaries for proper pairs: (1, 1094)
[M::mem_pestat] analyzing insert size distribution for orientation RF...
[M::mem_pestat] (25, 50, 75) percentile: (280, 1615, 5099)
[M::mem_pestat] low and high boundaries for computing mean and std.dev: (1, 14737)
[M::mem_pestat] mean and std.dev: (2974.01, 3119.83)
[M::mem_pestat] low and high boundaries for proper pairs: (1, 19556)
[M::mem_pestat] analyzing insert size distribution for orientation RR...
[M::mem_pestat] (25, 50, 75) percentile: (249, 538, 986)
[M::mem_pestat] low and high boundaries for computing mean and std.dev: (1, 2460)
[M::mem_pestat] mean and std.dev: (532.83, 369.96)
[M::mem_pestat] low and high boundaries for proper pairs: (1, 3197)
[M::mem_pestat] skip orientation FF
[M::mem_pestat] skip orientation RF
[M::mem_pestat] skip orientation RR
[M::process] read 1066668 sequences (160000200 bp)...
[M::mem_process_seqs] Processed 1066668 reads in 825.739 CPU sec, 53.359 real sec
[M::mem_pestat] # candidate unique pairs for (FF, FR, RF, RR): (41, 222209, 65, 42)
[M::mem_pestat] analyzing insert size distribution for orientation FF...
[M::mem_pestat] (25, 50, 75) percentile: (280, 427, 731)
[M::mem_pestat] low and high boundaries for computing mean and std.dev: (1, 1633)
[M::mem_pestat] mean and std.dev: (509.39, 367.46)
[M::mem_pestat] low and high boundaries for proper pairs: (1, 2084)
[M::mem_pestat] analyzing insert size distribution for orientation FR...
[M::mem_pestat] (25, 50, 75) percentile: (285, 376, 491)
[M::mem_pestat] low and high boundaries for computing mean and std.dev: (1, 903)
[M::mem_pestat] mean and std.dev: (388.83, 151.92)
[M::mem_pestat] low and high boundaries for proper pairs: (1, 1109)
[M::mem_pestat] analyzing insert size distribution for orientation RF...
[M::mem_pestat] (25, 50, 75) percentile: (412, 1272, 6905)
[M::mem_pestat] low and high boundaries for computing mean and std.dev: (1, 19891)
[M::mem_pestat] mean and std.dev: (3144.42, 3298.76)
[M::mem_pestat] low and high boundaries for proper pairs: (1, 26384)
[M::mem_pestat] analyzing insert size distribution for orientation RR...
[M::mem_pestat] (25, 50, 75) percentile: (311, 797, 1637)
[M::mem_pestat] low and high boundaries for computing mean and std.dev: (1, 4289)
[M::mem_pestat] mean and std.dev: (956.30, 900.10)
[M::mem_pestat] low and high boundaries for proper pairs: (1, 5615)
[M::mem_pestat] skip orientation FF
[M::mem_pestat] skip orientation RF
[M::mem_pestat] skip orientation RR
[M::process] read 1066668 sequences (160000200 bp)...
[M::mem_process_seqs] Processed 1066668 reads in 843.508 CPU sec, 54.457 real sec
[M::mem_pestat] # candidate unique pairs for (FF, FR, RF, RR): (40, 220193, 54, 41)
[M::mem_pestat] analyzing insert size distribution for orientation FF...
[M::mem_pestat] (25, 50, 75) percentile: (336, 637, 1928)
[M::mem_pestat] low and high boundaries for computing mean and std.dev: (1, 5112)
[M::mem_pestat] mean and std.dev: (1121.82, 1133.70)
[M::mem_pestat] low and high boundaries for proper pairs: (1, 6704)
[M::mem_pestat] analyzing insert size distribution for orientation FR...
[M::mem_pestat] (25, 50, 75) percentile: (279, 376, 497)
[M::mem_pestat] low and high boundaries for computing mean and std.dev: (1, 933)
[M::mem_pestat] mean and std.dev: (389.01, 158.09)
[M::mem_pestat] low and high boundaries for proper pairs: (1, 1151)
[M::mem_pestat] analyzing insert size distribution for orientation RF...
[M::mem_pestat] (25, 50, 75) percentile: (331, 1537, 4239)
[M::mem_pestat] low and high boundaries for computing mean and std.dev: (1, 12055)
[M::mem_pestat] mean and std.dev: (2529.15, 2700.90)
[M::mem_pestat] low and high boundaries for proper pairs: (1, 15963)
[M::mem_pestat] analyzing insert size distribution for orientation RR...
[M::mem_pestat] (25, 50, 75) percentile: (304, 468, 1211)
[M::mem_pestat] low and high boundaries for computing mean and std.dev: (1, 3025)
[M::mem_pestat] mean and std.dev: (636.56, 537.26)
[M::mem_pestat] low and high boundaries for proper pairs: (1, 3932)
[M::mem_pestat] skip orientation FF
[M::mem_pestat] skip orientation RF
[M::mem_pestat] skip orientation RR
[M::process] read 1066668 sequences (160000200 bp)...
[M::mem_process_seqs] Processed 1066668 reads in 829.124 CPU sec, 53.803 real sec
[M::mem_pestat] # candidate unique pairs for (FF, FR, RF, RR): (46, 220609, 63, 38)
[M::mem_pestat] analyzing insert size distribution for orientation FF...
[M::mem_pestat] (25, 50, 75) percentile: (229, 648, 847)
[M::mem_pestat] low and high boundaries for computing mean and std.dev: (1, 2083)
[M::mem_pestat] mean and std.dev: (627.02, 446.69)
[M::mem_pestat] low and high boundaries for proper pairs: (1, 2701)
[M::mem_pestat] analyzing insert size distribution for orientation FR...
[M::mem_pestat] (25, 50, 75) percentile: (283, 382, 502)
[M::mem_pestat] low and high boundaries for computing mean and std.dev: (1, 940)
[M::mem_pestat] mean and std.dev: (393.86, 158.65)
[M::mem_pestat] low and high boundaries for proper pairs: (1, 1159)
[M::mem_pestat] analyzing insert size distribution for orientation RF...
[M::mem_pestat] (25, 50, 75) percentile: (424, 1341, 4443)
[M::mem_pestat] low and high boundaries for computing mean and std.dev: (1, 12481)
[M::mem_pestat] mean and std.dev: (2400.05, 2376.55)
[M::mem_pestat] low and high boundaries for proper pairs: (1, 16500)
[M::mem_pestat] analyzing insert size distribution for orientation RR...
[M::mem_pestat] (25, 50, 75) percentile: (195, 411, 975)
[M::mem_pestat] low and high boundaries for computing mean and std.dev: (1, 2535)
[M::mem_pestat] mean and std.dev: (465.91, 426.40)
[M::mem_pestat] low and high boundaries for proper pairs: (1, 3315)
[M::mem_pestat] skip orientation FF
[M::mem_pestat] skip orientation RF
[M::mem_pestat] skip orientation RR
[M::process] read 1066668 sequences (160000200 bp)...
[M::mem_process_seqs] Processed 1066668 reads in 830.540 CPU sec, 53.673 real sec
[M::mem_pestat] # candidate unique pairs for (FF, FR, RF, RR): (30, 220669, 65, 41)
[M::mem_pestat] analyzing insert size distribution for orientation FF...
[M::mem_pestat] (25, 50, 75) percentile: (343, 715, 1714)
[M::mem_pestat] low and high boundaries for computing mean and std.dev: (1, 4456)
[M::mem_pestat] mean and std.dev: (780.65, 612.23)
[M::mem_pestat] low and high boundaries for proper pairs: (1, 5827)
[M::mem_pestat] analyzing insert size distribution for orientation FR...
[M::mem_pestat] (25, 50, 75) percentile: (283, 379, 497)
[M::mem_pestat] low and high boundaries for computing mean and std.dev: (1, 925)
[M::mem_pestat] mean and std.dev: (390.95, 155.98)
[M::mem_pestat] low and high boundaries for proper pairs: (1, 1139)
[M::mem_pestat] analyzing insert size distribution for orientation RF...
[M::mem_pestat] (25, 50, 75) percentile: (322, 1425, 4454)
[M::mem_pestat] low and high boundaries for computing mean and std.dev: (1, 12718)
[M::mem_pestat] mean and std.dev: (2573.46, 2684.01)
[M::mem_pestat] low and high boundaries for proper pairs: (1, 16850)
[M::mem_pestat] analyzing insert size distribution for orientation RR...
[M::mem_pestat] (25, 50, 75) percentile: (306, 479, 850)
[M::mem_pestat] low and high boundaries for computing mean and std.dev: (1, 1938)
[M::mem_pestat] mean and std.dev: (529.26, 359.58)
[M::mem_pestat] low and high boundaries for proper pairs: (1, 2482)
[M::mem_pestat] skip orientation FF
[M::mem_pestat] skip orientation RF
[M::mem_pestat] skip orientation RR
[M::process] read 1066668 sequences (160000200 bp)...
[M::mem_process_seqs] Processed 1066668 reads in 835.058 CPU sec, 53.968 real sec
[M::mem_pestat] # candidate unique pairs for (FF, FR, RF, RR): (34, 220883, 76, 35)
[M::mem_pestat] analyzing insert size distribution for orientation FF...
[M::mem_pestat] (25, 50, 75) percentile: (256, 498, 2071)
[M::mem_pestat] low and high boundaries for computing mean and std.dev: (1, 5701)
[M::mem_pestat] mean and std.dev: (748.41, 740.39)
[M::mem_pestat] low and high boundaries for proper pairs: (1, 7516)
[M::mem_pestat] analyzing insert size distribution for orientation FR...
[M::mem_pestat] (25, 50, 75) percentile: (283, 379, 496)
[M::mem_pestat] low and high boundaries for computing mean and std.dev: (1, 922)
[M::mem_pestat] mean and std.dev: (390.36, 154.80)
[M::mem_pestat] low and high boundaries for proper pairs: (1, 1135)
[M::mem_pestat] analyzing insert size distribution for orientation RF...
[M::mem_pestat] (25, 50, 75) percentile: (644, 1059, 3401)
[M::mem_pestat] low and high boundaries for computing mean and std.dev: (1, 8915)
[M::mem_pestat] mean and std.dev: (1950.48, 1935.34)
[M::mem_pestat] low and high boundaries for proper pairs: (1, 11672)
[M::mem_pestat] analyzing insert size distribution for orientation RR...
[M::mem_pestat] (25, 50, 75) percentile: (219, 416, 738)
[M::mem_pestat] low and high boundaries for computing mean and std.dev: (1, 1776)
[M::mem_pestat] mean and std.dev: (452.77, 352.59)
[M::mem_pestat] low and high boundaries for proper pairs: (1, 2295)
[M::mem_pestat] skip orientation FF
[M::mem_pestat] skip orientation RF
[M::mem_pestat] skip orientation RR
[M::process] read 1066668 sequences (160000200 bp)...
[M::mem_process_seqs] Processed 1066668 reads in 832.498 CPU sec, 53.780 real sec
[M::mem_pestat] # candidate unique pairs for (FF, FR, RF, RR): (48, 222749, 76, 41)
[M::mem_pestat] analyzing insert size distribution for orientation FF...
[M::mem_pestat] (25, 50, 75) percentile: (345, 530, 1842)
[M::mem_pestat] low and high boundaries for computing mean and std.dev: (1, 4836)
[M::mem_pestat] mean and std.dev: (973.98, 1092.84)
[M::mem_pestat] low and high boundaries for proper pairs: (1, 6333)
[M::mem_pestat] analyzing insert size distribution for orientation FR...
[M::mem_pestat] (25, 50, 75) percentile: (287, 382, 498)
[M::mem_pestat] low and high boundaries for computing mean and std.dev: (1, 920)
[M::mem_pestat] mean and std.dev: (393.05, 154.63)
[M::mem_pestat] low and high boundaries for proper pairs: (1, 1131)
[M::mem_pestat] analyzing insert size distribution for orientation RF...
[M::mem_pestat] (25, 50, 75) percentile: (595, 1911, 5149)
[M::mem_pestat] low and high boundaries for computing mean and std.dev: (1, 14257)
[M::mem_pestat] mean and std.dev: (3087.07, 2872.72)
[M::mem_pestat] low and high boundaries for proper pairs: (1, 18811)
[M::mem_pestat] analyzing insert size distribution for orientation RR...
[M::mem_pestat] (25, 50, 75) percentile: (326, 682, 2150)
[M::mem_pestat] low and high boundaries for computing mean and std.dev: (1, 5798)
[M::mem_pestat] mean and std.dev: (993.36, 1102.50)
[M::mem_pestat] low and high boundaries for proper pairs: (1, 7622)
[M::mem_pestat] skip orientation FF
[M::mem_pestat] skip orientation RF
[M::mem_pestat] skip orientation RR
[M::process] read 1066668 sequences (160000200 bp)...
[M::mem_process_seqs] Processed 1066668 reads in 820.255 CPU sec, 52.913 real sec
[M::mem_pestat] # candidate unique pairs for (FF, FR, RF, RR): (34, 222818, 80, 47)
[M::mem_pestat] analyzing insert size distribution for orientation FF...
[M::mem_pestat] (25, 50, 75) percentile: (379, 1329, 5560)
[M::mem_pestat] low and high boundaries for computing mean and std.dev: (1, 15922)
[M::mem_pestat] mean and std.dev: (3085.18, 3332.81)
[M::mem_pestat] low and high boundaries for proper pairs: (1, 21103)
[M::mem_pestat] analyzing insert size distribution for orientation FR...
[M::mem_pestat] (25, 50, 75) percentile: (290, 387, 504)
[M::mem_pestat] low and high boundaries for computing mean and std.dev: (1, 932)
[M::mem_pestat] mean and std.dev: (397.88, 156.29)
[M::mem_pestat] low and high boundaries for proper pairs: (1, 1146)
[M::mem_pestat] analyzing insert size distribution for orientation RF...
[M::mem_pestat] (25, 50, 75) percentile: (870, 2718, 6155)
[M::mem_pestat] low and high boundaries for computing mean and std.dev: (1, 16725)
[M::mem_pestat] mean and std.dev: (3420.31, 2840.60)
[M::mem_pestat] low and high boundaries for proper pairs: (1, 22010)
[M::mem_pestat] analyzing insert size distribution for orientation RR...
[M::mem_pestat] (25, 50, 75) percentile: (311, 562, 1350)
[M::mem_pestat] low and high boundaries for computing mean and std.dev: (1, 3428)
[M::mem_pestat] mean and std.dev: (760.98, 789.20)
[M::mem_pestat] low and high boundaries for proper pairs: (1, 4467)
[M::mem_pestat] skip orientation FF
[M::mem_pestat] skip orientation RF
[M::mem_pestat] skip orientation RR
[M::process] read 1066668 sequences (160000200 bp)...
[M::mem_process_seqs] Processed 1066668 reads in 821.486 CPU sec, 52.990 real sec
[M::mem_pestat] # candidate unique pairs for (FF, FR, RF, RR): (39, 222773, 76, 45)
[M::mem_pestat] analyzing insert size distribution for orientation FF...
[M::mem_pestat] (25, 50, 75) percentile: (247, 621, 1631)
[M::mem_pestat] low and high boundaries for computing mean and std.dev: (1, 4399)
[M::mem_pestat] mean and std.dev: (636.06, 564.99)
[M::mem_pestat] low and high boundaries for proper pairs: (1, 5783)
[M::mem_pestat] analyzing insert size distribution for orientation FR...
[M::mem_pestat] (25, 50, 75) percentile: (286, 379, 495)
[M::mem_pestat] low and high boundaries for computing mean and std.dev: (1, 913)
[M::mem_pestat] mean and std.dev: (391.64, 154.29)
[M::mem_pestat] low and high boundaries for proper pairs: (1, 1122)
[M::mem_pestat] analyzing insert size distribution for orientation RF...
[M::mem_pestat] (25, 50, 75) percentile: (322, 1144, 3365)
[M::mem_pestat] low and high boundaries for computing mean and std.dev: (1, 9451)
[M::mem_pestat] mean and std.dev: (2239.58, 2477.79)
[M::mem_pestat] low and high boundaries for proper pairs: (1, 12494)
[M::mem_pestat] analyzing insert size distribution for orientation RR...
[M::mem_pestat] (25, 50, 75) percentile: (380, 663, 1440)
[M::mem_pestat] low and high boundaries for computing mean and std.dev: (1, 3560)
[M::mem_pestat] mean and std.dev: (886.14, 757.16)
[M::mem_pestat] low and high boundaries for proper pairs: (1, 4620)
[M::mem_pestat] skip orientation FF
[M::mem_pestat] skip orientation RF
[M::mem_pestat] skip orientation RR
[M::process] read 1066668 sequences (160000200 bp)...
[M::mem_process_seqs] Processed 1066668 reads in 808.237 CPU sec, 52.340 real sec
[M::mem_pestat] # candidate unique pairs for (FF, FR, RF, RR): (37, 221967, 105, 37)
[M::mem_pestat] analyzing insert size distribution for orientation FF...
[M::mem_pestat] (25, 50, 75) percentile: (327, 488, 1200)
[M::mem_pestat] low and high boundaries for computing mean and std.dev: (1, 2946)
[M::mem_pestat] mean and std.dev: (640.48, 561.71)
[M::mem_pestat] low and high boundaries for proper pairs: (1, 3819)
[M::mem_pestat] analyzing insert size distribution for orientation FR...
[M::mem_pestat] (25, 50, 75) percentile: (287, 380, 497)
[M::mem_pestat] low and high boundaries for computing mean and std.dev: (1, 917)
[M::mem_pestat] mean and std.dev: (393.45, 155.51)
[M::mem_pestat] low and high boundaries for proper pairs: (1, 1127)
[M::mem_pestat] analyzing insert size distribution for orientation RF...
[M::mem_pestat] (25, 50, 75) percentile: (213, 1164, 4466)
[M::mem_pestat] low and high boundaries for computing mean and std.dev: (1, 12972)
[M::mem_pestat] mean and std.dev: (2444.97, 2697.65)
[M::mem_pestat] low and high boundaries for proper pairs: (1, 17225)
[M::mem_pestat] analyzing insert size distribution for orientation RR...
[M::mem_pestat] (25, 50, 75) percentile: (247, 311, 1459)
[M::mem_pestat] low and high boundaries for computing mean and std.dev: (1, 3883)
[M::mem_pestat] mean and std.dev: (483.87, 474.69)
[M::mem_pestat] low and high boundaries for proper pairs: (1, 5095)
[M::mem_pestat] skip orientation FF
[M::mem_pestat] skip orientation RF
[M::mem_pestat] skip orientation RR
[M::process] read 1066668 sequences (160000200 bp)...
[M::mem_process_seqs] Processed 1066668 reads in 808.963 CPU sec, 52.406 real sec
[M::mem_pestat] # candidate unique pairs for (FF, FR, RF, RR): (35, 219938, 81, 37)
[M::mem_pestat] analyzing insert size distribution for orientation FF...
[M::mem_pestat] (25, 50, 75) percentile: (261, 450, 1683)
[M::mem_pestat] low and high boundaries for computing mean and std.dev: (1, 4527)
[M::mem_pestat] mean and std.dev: (751.71, 843.04)
[M::mem_pestat] low and high boundaries for proper pairs: (1, 5949)
[M::mem_pestat] analyzing insert size distribution for orientation FR...
[M::mem_pestat] (25, 50, 75) percentile: (277, 371, 491)
[M::mem_pestat] low and high boundaries for computing mean and std.dev: (1, 919)
[M::mem_pestat] mean and std.dev: (384.76, 156.74)
[M::mem_pestat] low and high boundaries for proper pairs: (1, 1133)
[M::mem_pestat] analyzing insert size distribution for orientation RF...
[M::mem_pestat] (25, 50, 75) percentile: (320, 897, 1985)
[M::mem_pestat] low and high boundaries for computing mean and std.dev: (1, 5315)
[M::mem_pestat] mean and std.dev: (864.35, 915.27)
[M::mem_pestat] low and high boundaries for proper pairs: (1, 6980)
[M::mem_pestat] analyzing insert size distribution for orientation RR...
[M::mem_pestat] (25, 50, 75) percentile: (228, 363, 1767)
[M::mem_pestat] low and high boundaries for computing mean and std.dev: (1, 4845)
[M::mem_pestat] mean and std.dev: (914.97, 1109.81)
[M::mem_pestat] low and high boundaries for proper pairs: (1, 6384)
[M::mem_pestat] skip orientation FF
[M::mem_pestat] skip orientation RF
[M::mem_pestat] skip orientation RR
[M::process] read 1066668 sequences (160000200 bp)...
[M::mem_process_seqs] Processed 1066668 reads in 831.482 CPU sec, 53.752 real sec
[M::mem_pestat] # candidate unique pairs for (FF, FR, RF, RR): (40, 220725, 50, 40)
[M::mem_pestat] analyzing insert size distribution for orientation FF...
[M::mem_pestat] (25, 50, 75) percentile: (330, 524, 1080)
[M::mem_pestat] low and high boundaries for computing mean and std.dev: (1, 2580)
[M::mem_pestat] mean and std.dev: (567.97, 386.30)
[M::mem_pestat] low and high boundaries for proper pairs: (1, 3330)
[M::mem_pestat] analyzing insert size distribution for orientation FR...
[M::mem_pestat] (25, 50, 75) percentile: (282, 379, 498)
[M::mem_pestat] low and high boundaries for computing mean and std.dev: (1, 930)
[M::mem_pestat] mean and std.dev: (391.10, 157.12)
[M::mem_pestat] low and high boundaries for proper pairs: (1, 1146)
[M::mem_pestat] analyzing insert size distribution for orientation RF...
[M::mem_pestat] (25, 50, 75) percentile: (170, 3130, 6474)
[M::mem_pestat] low and high boundaries for computing mean and std.dev: (1, 19082)
[M::mem_pestat] mean and std.dev: (3583.28, 3512.70)
[M::mem_pestat] low and high boundaries for proper pairs: (1, 25386)
[M::mem_pestat] analyzing insert size distribution for orientation RR...
[M::mem_pestat] (25, 50, 75) percentile: (374, 578, 793)
[M::mem_pestat] low and high boundaries for computing mean and std.dev: (1, 1631)
[M::mem_pestat] mean and std.dev: (525.51, 226.24)
[M::mem_pestat] low and high boundaries for proper pairs: (1, 2050)
[M::mem_pestat] skip orientation FF
[M::mem_pestat] skip orientation RF
[M::mem_pestat] skip orientation RR
[M::process] read 1066668 sequences (160000200 bp)...
[M::mem_process_seqs] Processed 1066668 reads in 829.781 CPU sec, 53.606 real sec
[M::mem_pestat] # candidate unique pairs for (FF, FR, RF, RR): (31, 219894, 68, 43)
[M::mem_pestat] analyzing insert size distribution for orientation FF...
[M::mem_pestat] (25, 50, 75) percentile: (453, 525, 1367)
[M::mem_pestat] low and high boundaries for computing mean and std.dev: (1, 3195)
[M::mem_pestat] mean and std.dev: (683.11, 503.71)
[M::mem_pestat] low and high boundaries for proper pairs: (1, 4109)
[M::mem_pestat] analyzing insert size distribution for orientation FR...
[M::mem_pestat] (25, 50, 75) percentile: (277, 371, 490)
[M::mem_pestat] low and high boundaries for computing mean and std.dev: (1, 916)
[M::mem_pestat] mean and std.dev: (384.28, 155.31)
[M::mem_pestat] low and high boundaries for proper pairs: (1, 1129)
[M::mem_pestat] analyzing insert size distribution for orientation RF...
[M::mem_pestat] (25, 50, 75) percentile: (284, 898, 3135)
[M::mem_pestat] low and high boundaries for computing mean and std.dev: (1, 8837)
[M::mem_pestat] mean and std.dev: (1946.64, 2335.07)
[M::mem_pestat] low and high boundaries for proper pairs: (1, 11688)
[M::mem_pestat] analyzing insert size distribution for orientation RR...
[M::mem_pestat] (25, 50, 75) percentile: (163, 264, 1292)
[M::mem_pestat] low and high boundaries for computing mean and std.dev: (1, 3550)
[M::mem_pestat] mean and std.dev: (557.77, 555.47)
[M::mem_pestat] low and high boundaries for proper pairs: (1, 4679)
[M::mem_pestat] skip orientation FF
[M::mem_pestat] skip orientation RF
[M::mem_pestat] skip orientation RR
[M::process] read 1066668 sequences (160000200 bp)...
[M::mem_process_seqs] Processed 1066668 reads in 830.339 CPU sec, 53.532 real sec
[M::mem_pestat] # candidate unique pairs for (FF, FR, RF, RR): (39, 219900, 110, 44)
[M::mem_pestat] analyzing insert size distribution for orientation FF...
[M::mem_pestat] (25, 50, 75) percentile: (372, 549, 1544)
[M::mem_pestat] low and high boundaries for computing mean and std.dev: (1, 3888)
[M::mem_pestat] mean and std.dev: (604.53, 431.96)
[M::mem_pestat] low and high boundaries for proper pairs: (1, 5060)
[M::mem_pestat] analyzing insert size distribution for orientation FR...
[M::mem_pestat] (25, 50, 75) percentile: (277, 371, 487)
[M::mem_pestat] low and high boundaries for computing mean and std.dev: (1, 907)
[M::mem_pestat] mean and std.dev: (383.21, 153.76)
[M::mem_pestat] low and high boundaries for proper pairs: (1, 1117)
[M::mem_pestat] analyzing insert size distribution for orientation RF...
[M::mem_pestat] (25, 50, 75) percentile: (494, 1399, 5248)
[M::mem_pestat] low and high boundaries for computing mean and std.dev: (1, 14756)
[M::mem_pestat] mean and std.dev: (2882.48, 3060.21)
[M::mem_pestat] low and high boundaries for proper pairs: (1, 19510)
[M::mem_pestat] analyzing insert size distribution for orientation RR...
[M::mem_pestat] (25, 50, 75) percentile: (429, 657, 3857)
[M::mem_pestat] low and high boundaries for computing mean and std.dev: (1, 10713)
[M::mem_pestat] mean and std.dev: (1708.32, 1989.09)
[M::mem_pestat] low and high boundaries for proper pairs: (1, 14141)
[M::mem_pestat] skip orientation FF
[M::mem_pestat] skip orientation RF
[M::mem_pestat] skip orientation RR
[M::process] read 1066668 sequences (160000200 bp)...
[M::mem_process_seqs] Processed 1066668 reads in 824.710 CPU sec, 53.199 real sec
[M::mem_pestat] # candidate unique pairs for (FF, FR, RF, RR): (46, 221909, 69, 52)
[M::mem_pestat] analyzing insert size distribution for orientation FF...
[M::mem_pestat] (25, 50, 75) percentile: (240, 542, 850)
[M::mem_pestat] low and high boundaries for computing mean and std.dev: (1, 2070)
[M::mem_pestat] mean and std.dev: (585.25, 404.17)
[M::mem_pestat] low and high boundaries for proper pairs: (1, 2680)
[M::mem_pestat] analyzing insert size distribution for orientation FR...
[M::mem_pestat] (25, 50, 75) percentile: (287, 384, 504)
[M::mem_pestat] low and high boundaries for computing mean and std.dev: (1, 938)
[M::mem_pestat] mean and std.dev: (396.50, 158.41)
[M::mem_pestat] low and high boundaries for proper pairs: (1, 1155)
[M::mem_pestat] analyzing insert size distribution for orientation RF...
[M::mem_pestat] (25, 50, 75) percentile: (170, 1277, 4346)
[M::mem_pestat] low and high boundaries for computing mean and std.dev: (1, 12698)
[M::mem_pestat] mean and std.dev: (2675.77, 3154.55)
[M::mem_pestat] low and high boundaries for proper pairs: (1, 16874)
[M::mem_pestat] analyzing insert size distribution for orientation RR...
[M::mem_pestat] (25, 50, 75) percentile: (294, 533, 2400)
[M::mem_pestat] low and high boundaries for computing mean and std.dev: (1, 6612)
[M::mem_pestat] mean and std.dev: (926.49, 1014.09)
[M::mem_pestat] low and high boundaries for proper pairs: (1, 8718)
[M::mem_pestat] skip orientation FF
[M::mem_pestat] skip orientation RF
[M::mem_pestat] skip orientation RR
[M::mem_process_seqs] Processed 1066668 reads in 824.587 CPU sec, 55.034 real sec
[M::process] read 1066668 sequences (160000200 bp)...
[M::mem_pestat] # candidate unique pairs for (FF, FR, RF, RR): (45, 222171, 93, 29)
[M::mem_pestat] analyzing insert size distribution for orientation FF...
[M::mem_pestat] (25, 50, 75) percentile: (257, 408, 1013)
[M::mem_pestat] low and high boundaries for computing mean and std.dev: (1, 2525)
[M::mem_pestat] mean and std.dev: (581.30, 497.45)
[M::mem_pestat] low and high boundaries for proper pairs: (1, 3281)
[M::mem_pestat] analyzing insert size distribution for orientation FR...
[M::mem_pestat] (25, 50, 75) percentile: (286, 381, 499)
[M::mem_pestat] low and high boundaries for computing mean and std.dev: (1, 925)
[M::mem_pestat] mean and std.dev: (394.12, 156.16)
[M::mem_pestat] low and high boundaries for proper pairs: (1, 1138)
[M::mem_pestat] analyzing insert size distribution for orientation RF...
[M::mem_pestat] (25, 50, 75) percentile: (239, 1142, 5016)
[M::mem_pestat] low and high boundaries for computing mean and std.dev: (1, 14570)
[M::mem_pestat] mean and std.dev: (2748.32, 2974.31)
[M::mem_pestat] low and high boundaries for proper pairs: (1, 19347)
[M::mem_pestat] analyzing insert size distribution for orientation RR...
[M::mem_pestat] (25, 50, 75) percentile: (245, 571, 683)
[M::mem_pestat] low and high boundaries for computing mean and std.dev: (1, 1559)
[M::mem_pestat] mean and std.dev: (435.79, 249.09)
[M::mem_pestat] low and high boundaries for proper pairs: (1, 1997)
[M::mem_pestat] skip orientation FF
[M::mem_pestat] skip orientation RF
[M::mem_pestat] skip orientation RR
[M::process] read 1066668 sequences (160000200 bp)...
[M::mem_process_seqs] Processed 1066668 reads in 824.612 CPU sec, 52.747 real sec
[M::mem_pestat] # candidate unique pairs for (FF, FR, RF, RR): (47, 221313, 80, 35)
[M::mem_pestat] analyzing insert size distribution for orientation FF...
[M::mem_pestat] (25, 50, 75) percentile: (384, 549, 2120)
[M::mem_pestat] low and high boundaries for computing mean and std.dev: (1, 5592)
[M::mem_pestat] mean and std.dev: (1382.82, 1581.35)
[M::mem_pestat] low and high boundaries for proper pairs: (1, 7708)
[M::mem_pestat] analyzing insert size distribution for orientation FR...
[M::mem_pestat] (25, 50, 75) percentile: (286, 379, 497)
[M::mem_pestat] low and high boundaries for computing mean and std.dev: (1, 919)
[M::mem_pestat] mean and std.dev: (392.43, 155.46)
[M::mem_pestat] low and high boundaries for proper pairs: (1, 1130)
[M::mem_pestat] analyzing insert size distribution for orientation RF...
[M::mem_pestat] (25, 50, 75) percentile: (366, 1258, 5021)
[M::mem_pestat] low and high boundaries for computing mean and std.dev: (1, 14331)
[M::mem_pestat] mean and std.dev: (2752.19, 3006.15)
[M::mem_pestat] low and high boundaries for proper pairs: (1, 18986)
[M::mem_pestat] analyzing insert size distribution for orientation RR...
[M::mem_pestat] (25, 50, 75) percentile: (252, 410, 1216)
[M::mem_pestat] low and high boundaries for computing mean and std.dev: (1, 3144)
[M::mem_pestat] mean and std.dev: (637.20, 661.78)
[M::mem_pestat] low and high boundaries for proper pairs: (1, 4108)
[M::mem_pestat] skip orientation FF
[M::mem_pestat] skip orientation RF
[M::mem_pestat] skip orientation RR
[M::process] read 1066668 sequences (160000200 bp)...
[M::mem_process_seqs] Processed 1066668 reads in 828.370 CPU sec, 53.440 real sec
[M::mem_pestat] # candidate unique pairs for (FF, FR, RF, RR): (57, 220428, 83, 31)
[M::mem_pestat] analyzing insert size distribution for orientation FF...
[M::mem_pestat] (25, 50, 75) percentile: (202, 557, 1254)
[M::mem_pestat] low and high boundaries for computing mean and std.dev: (1, 3358)
[M::mem_pestat] mean and std.dev: (749.31, 761.51)
[M::mem_pestat] low and high boundaries for proper pairs: (1, 4410)
[M::mem_pestat] analyzing insert size distribution for orientation FR...
[M::mem_pestat] (25, 50, 75) percentile: (284, 378, 497)
[M::mem_pestat] low and high boundaries for computing mean and std.dev: (1, 923)
[M::mem_pestat] mean and std.dev: (391.43, 155.80)
[M::mem_pestat] low and high boundaries for proper pairs: (1, 1136)
[M::mem_pestat] analyzing insert size distribution for orientation RF...
[M::mem_pestat] (25, 50, 75) percentile: (431, 1355, 4070)
[M::mem_pestat] low and high boundaries for computing mean and std.dev: (1, 11348)
[M::mem_pestat] mean and std.dev: (2587.35, 2930.94)
[M::mem_pestat] low and high boundaries for proper pairs: (1, 14987)
[M::mem_pestat] analyzing insert size distribution for orientation RR...
[M::mem_pestat] (25, 50, 75) percentile: (258, 497, 1113)
[M::mem_pestat] low and high boundaries for computing mean and std.dev: (1, 2823)
[M::mem_pestat] mean and std.dev: (626.59, 629.12)
[M::mem_pestat] low and high boundaries for proper pairs: (1, 3678)
[M::mem_pestat] skip orientation FF
[M::mem_pestat] skip orientation RF
[M::mem_pestat] skip orientation RR
[M::process] read 1066668 sequences (160000200 bp)...
[M::mem_process_seqs] Processed 1066668 reads in 842.448 CPU sec, 54.555 real sec
[M::mem_pestat] # candidate unique pairs for (FF, FR, RF, RR): (46, 219513, 71, 43)
[M::mem_pestat] analyzing insert size distribution for orientation FF...
[M::mem_pestat] (25, 50, 75) percentile: (326, 480, 578)
[M::mem_pestat] low and high boundaries for computing mean and std.dev: (1, 1082)
[M::mem_pestat] mean and std.dev: (397.49, 186.97)
[M::mem_pestat] low and high boundaries for proper pairs: (1, 1334)
[M::mem_pestat] analyzing insert size distribution for orientation FR...
[M::mem_pestat] (25, 50, 75) percentile: (281, 378, 499)
[M::mem_pestat] low and high boundaries for computing mean and std.dev: (1, 935)
[M::mem_pestat] mean and std.dev: (391.03, 158.33)
[M::mem_pestat] low and high boundaries for proper pairs: (1, 1153)
[M::mem_pestat] analyzing insert size distribution for orientation RF...
[M::mem_pestat] (25, 50, 75) percentile: (292, 1355, 4254)
[M::mem_pestat] low and high boundaries for computing mean and std.dev: (1, 12178)
[M::mem_pestat] mean and std.dev: (2494.94, 2823.12)
[M::mem_pestat] low and high boundaries for proper pairs: (1, 16140)
[M::mem_pestat] analyzing insert size distribution for orientation RR...
[M::mem_pestat] (25, 50, 75) percentile: (379, 587, 1869)
[M::mem_pestat] low and high boundaries for computing mean and std.dev: (1, 4849)
[M::mem_pestat] mean and std.dev: (1260.81, 1209.39)
[M::mem_pestat] low and high boundaries for proper pairs: (1, 6339)
[M::mem_pestat] skip orientation FF
[M::mem_pestat] skip orientation RF
[M::mem_pestat] skip orientation RR
[M::process] read 1066668 sequences (160000200 bp)...
[M::mem_process_seqs] Processed 1066668 reads in 825.580 CPU sec, 53.363 real sec
[M::mem_pestat] # candidate unique pairs for (FF, FR, RF, RR): (36, 219407, 91, 46)
[M::mem_pestat] analyzing insert size distribution for orientation FF...
[M::mem_pestat] (25, 50, 75) percentile: (348, 466, 1439)
[M::mem_pestat] low and high boundaries for computing mean and std.dev: (1, 3621)
[M::mem_pestat] mean and std.dev: (688.79, 568.87)
[M::mem_pestat] low and high boundaries for proper pairs: (1, 4712)
[M::mem_pestat] analyzing insert size distribution for orientation FR...
[M::mem_pestat] (25, 50, 75) percentile: (280, 377, 496)
[M::mem_pestat] low and high boundaries for computing mean and std.dev: (1, 928)
[M::mem_pestat] mean and std.dev: (389.39, 157.00)
[M::mem_pestat] low and high boundaries for proper pairs: (1, 1144)
[M::mem_pestat] analyzing insert size distribution for orientation RF...
[M::mem_pestat] (25, 50, 75) percentile: (201, 575, 3077)
[M::mem_pestat] low and high boundaries for computing mean and std.dev: (1, 8829)
[M::mem_pestat] mean and std.dev: (1577.36, 2016.01)
[M::mem_pestat] low and high boundaries for proper pairs: (1, 11705)
[M::mem_pestat] analyzing insert size distribution for orientation RR...
[M::mem_pestat] (25, 50, 75) percentile: (225, 293, 1239)
[M::mem_pestat] low and high boundaries for computing mean and std.dev: (1, 3267)
[M::mem_pestat] mean and std.dev: (661.90, 786.89)
[M::mem_pestat] low and high boundaries for proper pairs: (1, 4281)
[M::mem_pestat] skip orientation FF
[M::mem_pestat] skip orientation RF
[M::mem_pestat] skip orientation RR
[M::process] read 1066668 sequences (160000200 bp)...
[M::mem_process_seqs] Processed 1066668 reads in 809.508 CPU sec, 52.277 real sec
[M::mem_pestat] # candidate unique pairs for (FF, FR, RF, RR): (51, 218843, 74, 52)
[M::mem_pestat] analyzing insert size distribution for orientation FF...
[M::mem_pestat] (25, 50, 75) percentile: (157, 1241, 2611)
[M::mem_pestat] low and high boundaries for computing mean and std.dev: (1, 7519)
[M::mem_pestat] mean and std.dev: (1564.51, 1829.61)
[M::mem_pestat] low and high boundaries for proper pairs: (1, 9973)
[M::mem_pestat] analyzing insert size distribution for orientation FR...
[M::mem_pestat] (25, 50, 75) percentile: (280, 376, 494)
[M::mem_pestat] low and high boundaries for computing mean and std.dev: (1, 922)
[M::mem_pestat] mean and std.dev: (387.93, 155.67)
[M::mem_pestat] low and high boundaries for proper pairs: (1, 1136)
[M::mem_pestat] analyzing insert size distribution for orientation RF...
[M::mem_pestat] (25, 50, 75) percentile: (526, 1778, 2552)
[M::mem_pestat] low and high boundaries for computing mean and std.dev: (1, 6604)
[M::mem_pestat] mean and std.dev: (1600.22, 1458.26)
[M::mem_pestat] low and high boundaries for proper pairs: (1, 8630)
[M::mem_pestat] analyzing insert size distribution for orientation RR...
[M::mem_pestat] (25, 50, 75) percentile: (418, 744, 1261)
[M::mem_pestat] low and high boundaries for computing mean and std.dev: (1, 2947)
[M::mem_pestat] mean and std.dev: (869.90, 583.75)
[M::mem_pestat] low and high boundaries for proper pairs: (1, 3790)
[M::mem_pestat] skip orientation FF
[M::mem_pestat] skip orientation RF
[M::mem_pestat] skip orientation RR
[M::process] read 1066668 sequences (160000200 bp)...
[M::mem_process_seqs] Processed 1066668 reads in 799.235 CPU sec, 52.147 real sec
[M::mem_pestat] # candidate unique pairs for (FF, FR, RF, RR): (50, 220017, 66, 45)
[M::mem_pestat] analyzing insert size distribution for orientation FF...
[M::mem_pestat] (25, 50, 75) percentile: (370, 851, 2946)
[M::mem_pestat] low and high boundaries for computing mean and std.dev: (1, 8098)
[M::mem_pestat] mean and std.dev: (1963.40, 2421.68)
[M::mem_pestat] low and high boundaries for proper pairs: (1, 11650)
[M::mem_pestat] analyzing insert size distribution for orientation FR...
[M::mem_pestat] (25, 50, 75) percentile: (281, 376, 492)
[M::mem_pestat] low and high boundaries for computing mean and std.dev: (1, 914)
[M::mem_pestat] mean and std.dev: (387.21, 154.69)
[M::mem_pestat] low and high boundaries for proper pairs: (1, 1125)
[M::mem_pestat] analyzing insert size distribution for orientation RF...
[M::mem_pestat] (25, 50, 75) percentile: (199, 1317, 3641)
[M::mem_pestat] low and high boundaries for computing mean and std.dev: (1, 10525)
[M::mem_pestat] mean and std.dev: (2276.11, 2596.94)
[M::mem_pestat] low and high boundaries for proper pairs: (1, 13967)
[M::mem_pestat] analyzing insert size distribution for orientation RR...
[M::mem_pestat] (25, 50, 75) percentile: (273, 647, 1951)
[M::mem_pestat] low and high boundaries for computing mean and std.dev: (1, 5307)
[M::mem_pestat] mean and std.dev: (1136.55, 1169.50)
[M::mem_pestat] low and high boundaries for proper pairs: (1, 6985)
[M::mem_pestat] skip orientation FF
[M::mem_pestat] skip orientation RF
[M::mem_pestat] skip orientation RR
[M::process] read 1066668 sequences (160000200 bp)...
[M::mem_process_seqs] Processed 1066668 reads in 806.911 CPU sec, 51.944 real sec
[M::mem_pestat] # candidate unique pairs for (FF, FR, RF, RR): (44, 221745, 81, 38)
[M::mem_pestat] analyzing insert size distribution for orientation FF...
[M::mem_pestat] (25, 50, 75) percentile: (505, 1348, 3211)
[M::mem_pestat] low and high boundaries for computing mean and std.dev: (1, 8623)
[M::mem_pestat] mean and std.dev: (2085.28, 1985.55)
[M::mem_pestat] low and high boundaries for proper pairs: (1, 11329)
[M::mem_pestat] analyzing insert size distribution for orientation FR...
[M::mem_pestat] (25, 50, 75) percentile: (283, 376, 494)
[M::mem_pestat] low and high boundaries for computing mean and std.dev: (1, 916)
[M::mem_pestat] mean and std.dev: (389.92, 154.90)
[M::mem_pestat] low and high boundaries for proper pairs: (1, 1127)
[M::mem_pestat] analyzing insert size distribution for orientation RF...
[M::mem_pestat] (25, 50, 75) percentile: (617, 1780, 5670)
[M::mem_pestat] low and high boundaries for computing mean and std.dev: (1, 15776)
[M::mem_pestat] mean and std.dev: (3094.85, 2899.58)
[M::mem_pestat] low and high boundaries for proper pairs: (1, 20829)
[M::mem_pestat] analyzing insert size distribution for orientation RR...
[M::mem_pestat] (25, 50, 75) percentile: (243, 486, 594)
[M::mem_pestat] low and high boundaries for computing mean and std.dev: (1, 1296)
[M::mem_pestat] mean and std.dev: (401.36, 237.81)
[M::mem_pestat] low and high boundaries for proper pairs: (1, 1647)
[M::mem_pestat] skip orientation FF
[M::mem_pestat] skip orientation RF
[M::mem_pestat] skip orientation RR
[M::process] read 1066668 sequences (160000200 bp)...
[M::mem_process_seqs] Processed 1066668 reads in 810.201 CPU sec, 52.312 real sec
[M::mem_pestat] # candidate unique pairs for (FF, FR, RF, RR): (29, 221989, 77, 40)
[M::mem_pestat] analyzing insert size distribution for orientation FF...
[M::mem_pestat] (25, 50, 75) percentile: (469, 808, 2626)
[M::mem_pestat] low and high boundaries for computing mean and std.dev: (1, 6940)
[M::mem_pestat] mean and std.dev: (1157.68, 927.16)
[M::mem_pestat] low and high boundaries for proper pairs: (1, 9097)
[M::mem_pestat] analyzing insert size distribution for orientation FR...
[M::mem_pestat] (25, 50, 75) percentile: (283, 376, 491)
[M::mem_pestat] low and high boundaries for computing mean and std.dev: (1, 907)
[M::mem_pestat] mean and std.dev: (388.52, 153.23)
[M::mem_pestat] low and high boundaries for proper pairs: (1, 1115)
[M::mem_pestat] analyzing insert size distribution for orientation RF...
[M::mem_pestat] (25, 50, 75) percentile: (398, 2780, 5946)
[M::mem_pestat] low and high boundaries for computing mean and std.dev: (1, 17042)
[M::mem_pestat] mean and std.dev: (3320.18, 3070.10)
[M::mem_pestat] low and high boundaries for proper pairs: (1, 22590)
[M::mem_pestat] analyzing insert size distribution for orientation RR...
[M::mem_pestat] (25, 50, 75) percentile: (291, 425, 1645)
[M::mem_pestat] low and high boundaries for computing mean and std.dev: (1, 4353)
[M::mem_pestat] mean and std.dev: (739.59, 769.59)
[M::mem_pestat] low and high boundaries for proper pairs: (1, 5707)
[M::mem_pestat] skip orientation FF
[M::mem_pestat] skip orientation RF
[M::mem_pestat] skip orientation RR
[M::process] read 1066668 sequences (160000200 bp)...
[M::mem_process_seqs] Processed 1066668 reads in 807.657 CPU sec, 52.153 real sec
[M::mem_pestat] # candidate unique pairs for (FF, FR, RF, RR): (44, 220880, 80, 26)
[M::mem_pestat] analyzing insert size distribution for orientation FF...
[M::mem_pestat] (25, 50, 75) percentile: (294, 476, 1838)
[M::mem_pestat] low and high boundaries for computing mean and std.dev: (1, 4926)
[M::mem_pestat] mean and std.dev: (904.17, 1074.07)
[M::mem_pestat] low and high boundaries for proper pairs: (1, 6470)
[M::mem_pestat] analyzing insert size distribution for orientation FR...
[M::mem_pestat] (25, 50, 75) percentile: (284, 375, 489)
[M::mem_pestat] low and high boundaries for computing mean and std.dev: (1, 899)
[M::mem_pestat] mean and std.dev: (387.74, 152.50)
[M::mem_pestat] low and high boundaries for proper pairs: (1, 1104)
[M::mem_pestat] analyzing insert size distribution for orientation RF...
[M::mem_pestat] (25, 50, 75) percentile: (631, 1967, 3944)
[M::mem_pestat] low and high boundaries for computing mean and std.dev: (1, 10570)
[M::mem_pestat] mean and std.dev: (2621.93, 2541.26)
[M::mem_pestat] low and high boundaries for proper pairs: (1, 13883)
[M::mem_pestat] analyzing insert size distribution for orientation RR...
[M::mem_pestat] (25, 50, 75) percentile: (252, 736, 884)
[M::mem_pestat] low and high boundaries for computing mean and std.dev: (1, 2148)
[M::mem_pestat] mean and std.dev: (545.59, 308.99)
[M::mem_pestat] low and high boundaries for proper pairs: (1, 2780)
[M::mem_pestat] skip orientation FF
[M::mem_pestat] skip orientation RF
[M::mem_pestat] skip orientation RR
[M::process] read 827752 sequences (124162800 bp)...
[M::mem_process_seqs] Processed 1066668 reads in 801.532 CPU sec, 51.770 real sec
[M::mem_pestat] # candidate unique pairs for (FF, FR, RF, RR): (32, 172258, 58, 47)
[M::mem_pestat] analyzing insert size distribution for orientation FF...
[M::mem_pestat] (25, 50, 75) percentile: (305, 883, 1783)
[M::mem_pestat] low and high boundaries for computing mean and std.dev: (1, 4739)
[M::mem_pestat] mean and std.dev: (882.42, 939.76)
[M::mem_pestat] low and high boundaries for proper pairs: (1, 6217)
[M::mem_pestat] analyzing insert size distribution for orientation FR...
[M::mem_pestat] (25, 50, 75) percentile: (286, 378, 494)
[M::mem_pestat] low and high boundaries for computing mean and std.dev: (1, 910)
[M::mem_pestat] mean and std.dev: (390.94, 153.46)
[M::mem_pestat] low and high boundaries for proper pairs: (1, 1118)
[M::mem_pestat] analyzing insert size distribution for orientation RF...
[M::mem_pestat] (25, 50, 75) percentile: (183, 1231, 5552)
[M::mem_pestat] low and high boundaries for computing mean and std.dev: (1, 16290)
[M::mem_pestat] mean and std.dev: (2809.31, 3348.60)
[M::mem_pestat] low and high boundaries for proper pairs: (1, 21659)
[M::mem_pestat] analyzing insert size distribution for orientation RR...
[M::mem_pestat] (25, 50, 75) percentile: (260, 576, 1358)
[M::mem_pestat] low and high boundaries for computing mean and std.dev: (1, 3554)
[M::mem_pestat] mean and std.dev: (761.39, 623.86)
[M::mem_pestat] low and high boundaries for proper pairs: (1, 4652)
[M::mem_pestat] skip orientation FF
[M::mem_pestat] skip orientation RF
[M::mem_pestat] skip orientation RR
[M::mem_process_seqs] Processed 827752 reads in 624.093 CPU sec, 40.533 real sec
[main] Version: 0.7.19-r1273
[main] CMD: bwa mem -t 16 -R @RG\tID:Fidalgo_Bay_10\tSM:Fidalgo_Bay_10\tLB:Fidalgo_Bay_10\tPL:ILLUMINA output/05_realign_xbOstLuri2/reference/GCA_061535525.1_xbOstLuri2_USDA-ARS_PSRF_primary_genomic.fna data/raw/Fidalgo_Bay_10_S8_L004_R1_001.fastq.gz data/raw/Fidalgo_Bay_10_S8_L004_R2_001.fastq.gz
[main] Real time: 3489.173 sec; CPU: 53351.492 sec
[bam_sort_core] merging from 3 files and 8 in-memory blocks...
end 2026-09-27T13:52:36Z sample=Fidalgo_Bay_10
