/opt/ohpc/admin/lmod/lmod/init/bash: line 93: LD_LIBRARY_PATH: unbound variable
start 2026-09-27T14:25:31Z host n3433 sample=Ostrich_Bay_12 location=Ostrich_Bay
[M::bwa_idx_load_from_disk] read 0 ALT contigs
[M::process] read 1066668 sequences (160000200 bp)...
[M::process] read 1066668 sequences (160000200 bp)...
[M::mem_pestat] # candidate unique pairs for (FF, FR, RF, RR): (52, 222849, 106, 48)
[M::mem_pestat] analyzing insert size distribution for orientation FF...
[M::mem_pestat] (25, 50, 75) percentile: (197, 494, 3910)
[M::mem_pestat] low and high boundaries for computing mean and std.dev: (1, 11336)
[M::mem_pestat] mean and std.dev: (2047.29, 2453.36)
[M::mem_pestat] low and high boundaries for proper pairs: (1, 15049)
[M::mem_pestat] analyzing insert size distribution for orientation FR...
[M::mem_pestat] (25, 50, 75) percentile: (268, 351, 447)
[M::mem_pestat] low and high boundaries for computing mean and std.dev: (1, 805)
[M::mem_pestat] mean and std.dev: (357.86, 135.59)
[M::mem_pestat] low and high boundaries for proper pairs: (1, 984)
[M::mem_pestat] analyzing insert size distribution for orientation RF...
[M::mem_pestat] (25, 50, 75) percentile: (227, 1763, 5764)
[M::mem_pestat] low and high boundaries for computing mean and std.dev: (1, 16838)
[M::mem_pestat] mean and std.dev: (3085.86, 3169.98)
[M::mem_pestat] low and high boundaries for proper pairs: (1, 22375)
[M::mem_pestat] analyzing insert size distribution for orientation RR...
[M::mem_pestat] (25, 50, 75) percentile: (229, 320, 971)
[M::mem_pestat] low and high boundaries for computing mean and std.dev: (1, 2455)
[M::mem_pestat] mean and std.dev: (525.89, 444.46)
[M::mem_pestat] low and high boundaries for proper pairs: (1, 3197)
[M::mem_pestat] skip orientation FF
[M::mem_pestat] skip orientation RF
[M::mem_pestat] skip orientation RR
[M::mem_process_seqs] Processed 1066668 reads in 758.863 CPU sec, 51.518 real sec
[M::process] read 1066668 sequences (160000200 bp)...
[M::mem_pestat] # candidate unique pairs for (FF, FR, RF, RR): (38, 223774, 67, 23)
[M::mem_pestat] analyzing insert size distribution for orientation FF...
[M::mem_pestat] (25, 50, 75) percentile: (367, 658, 3627)
[M::mem_pestat] low and high boundaries for computing mean and std.dev: (1, 10147)
[M::mem_pestat] mean and std.dev: (2010.13, 2602.83)
[M::mem_pestat] low and high boundaries for proper pairs: (1, 13407)
[M::mem_pestat] analyzing insert size distribution for orientation FR...
[M::mem_pestat] (25, 50, 75) percentile: (275, 358, 456)
[M::mem_pestat] low and high boundaries for computing mean and std.dev: (1, 818)
[M::mem_pestat] mean and std.dev: (365.75, 137.25)
[M::mem_pestat] low and high boundaries for proper pairs: (1, 999)
[M::mem_pestat] analyzing insert size distribution for orientation RF...
[M::mem_pestat] (25, 50, 75) percentile: (135, 1015, 5888)
[M::mem_pestat] low and high boundaries for computing mean and std.dev: (1, 17394)
[M::mem_pestat] mean and std.dev: (3059.99, 3335.61)
[M::mem_pestat] low and high boundaries for proper pairs: (1, 23147)
[M::mem_pestat] analyzing insert size distribution for orientation RR...
[M::mem_pestat] (25, 50, 75) percentile: (294, 465, 5459)
[M::mem_pestat] low and high boundaries for computing mean and std.dev: (1, 15789)
[M::mem_pestat] mean and std.dev: (2461.61, 3145.28)
[M::mem_pestat] low and high boundaries for proper pairs: (1, 20954)
[M::mem_pestat] skip orientation FF
[M::mem_pestat] skip orientation RF
[M::mem_pestat] skip orientation RR
[M::mem_process_seqs] Processed 1066668 reads in 773.031 CPU sec, 50.333 real sec
[M::process] read 1066668 sequences (160000200 bp)...
[M::mem_pestat] # candidate unique pairs for (FF, FR, RF, RR): (42, 223362, 86, 19)
[M::mem_pestat] analyzing insert size distribution for orientation FF...
[M::mem_pestat] (25, 50, 75) percentile: (245, 423, 1529)
[M::mem_pestat] low and high boundaries for computing mean and std.dev: (1, 4097)
[M::mem_pestat] mean and std.dev: (764.32, 957.75)
[M::mem_pestat] low and high boundaries for proper pairs: (1, 5381)
[M::mem_pestat] analyzing insert size distribution for orientation FR...
[M::mem_pestat] (25, 50, 75) percentile: (270, 353, 453)
[M::mem_pestat] low and high boundaries for computing mean and std.dev: (1, 819)
[M::mem_pestat] mean and std.dev: (361.85, 138.12)
[M::mem_pestat] low and high boundaries for proper pairs: (1, 1002)
[M::mem_pestat] analyzing insert size distribution for orientation RF...
[M::mem_pestat] (25, 50, 75) percentile: (198, 1244, 6314)
[M::mem_pestat] low and high boundaries for computing mean and std.dev: (1, 18546)
[M::mem_pestat] mean and std.dev: (2852.50, 3288.96)
[M::mem_pestat] low and high boundaries for proper pairs: (1, 24662)
[M::mem_pestat] analyzing insert size distribution for orientation RR...
[M::mem_pestat] (25, 50, 75) percentile: (198, 319, 704)
[M::mem_pestat] low and high boundaries for computing mean and std.dev: (1, 1716)
[M::mem_pestat] mean and std.dev: (406.69, 366.27)
[M::mem_pestat] low and high boundaries for proper pairs: (1, 2222)
[M::mem_pestat] skip orientation FF
[M::mem_pestat] skip orientation RF
[M::mem_pestat] skip orientation RR
[M::mem_process_seqs] Processed 1066668 reads in 770.061 CPU sec, 49.947 real sec
[M::process] read 1066668 sequences (160000200 bp)...
[M::mem_pestat] # candidate unique pairs for (FF, FR, RF, RR): (38, 223340, 71, 42)
[M::mem_pestat] analyzing insert size distribution for orientation FF...
[M::mem_pestat] (25, 50, 75) percentile: (297, 646, 2207)
[M::mem_pestat] low and high boundaries for computing mean and std.dev: (1, 6027)
[M::mem_pestat] mean and std.dev: (1164.50, 1307.15)
[M::mem_pestat] low and high boundaries for proper pairs: (1, 7937)
[M::mem_pestat] analyzing insert size distribution for orientation FR...
[M::mem_pestat] (25, 50, 75) percentile: (271, 355, 457)
[M::mem_pestat] low and high boundaries for computing mean and std.dev: (1, 829)
[M::mem_pestat] mean and std.dev: (364.29, 140.09)
[M::mem_pestat] low and high boundaries for proper pairs: (1, 1015)
[M::mem_pestat] analyzing insert size distribution for orientation RF...
[M::mem_pestat] (25, 50, 75) percentile: (198, 864, 4456)
[M::mem_pestat] low and high boundaries for computing mean and std.dev: (1, 12972)
[M::mem_pestat] mean and std.dev: (2680.80, 3383.99)
[M::mem_pestat] low and high boundaries for proper pairs: (1, 17230)
[M::mem_pestat] analyzing insert size distribution for orientation RR...
[M::mem_pestat] (25, 50, 75) percentile: (342, 431, 1338)
[M::mem_pestat] low and high boundaries for computing mean and std.dev: (1, 3330)
[M::mem_pestat] mean and std.dev: (651.36, 628.78)
[M::mem_pestat] low and high boundaries for proper pairs: (1, 4326)
[M::mem_pestat] skip orientation FF
[M::mem_pestat] skip orientation RF
[M::mem_pestat] skip orientation RR
[M::mem_process_seqs] Processed 1066668 reads in 778.652 CPU sec, 50.489 real sec
[M::mem_pestat] # candidate unique pairs for (FF, FR, RF, RR): (41, 224196, 74, 38)
[M::mem_pestat] analyzing insert size distribution for orientation FF...
[M::mem_pestat] (25, 50, 75) percentile: (264, 330, 897)
[M::mem_pestat] low and high boundaries for computing mean and std.dev: (1, 2163)
[M::mem_pestat] mean and std.dev: (509.76, 494.76)
[M::mem_pestat] low and high boundaries for proper pairs: (1, 2796)
[M::mem_pestat] analyzing insert size distribution for orientation FR...
[M::mem_pestat] (25, 50, 75) percentile: (268, 352, 452)
[M::mem_pestat] low and high boundaries for computing mean and std.dev: (1, 820)
[M::mem_pestat] mean and std.dev: (361.36, 139.20)
[M::mem_pestat] low and high boundaries for proper pairs: (1, 1004)
[M::mem_pestat] analyzing insert size distribution for orientation RF...
[M::mem_pestat] (25, 50, 75) percentile: (145, 1037, 4486)
[M::mem_pestat] low and high boundaries for computing mean and std.dev: (1, 13168)
[M::mem_pestat] mean and std.dev: (2539.69, 2905.04)
[M::mem_pestat] low and high boundaries for proper pairs: (1, 17509)
[M::mem_pestat] analyzing insert size distribution for orientation RR...
[M::mem_pestat] (25, 50, 75) percentile: (235, 401, 897)
[M::mem_pestat] low and high boundaries for computing mean and std.dev: (1, 2221)
[M::mem_pestat] mean and std.dev: (522.85, 483.15)
[M::mem_pestat] low and high boundaries for proper pairs: (1, 2883)
[M::mem_pestat] skip orientation FF
[M::mem_pestat] skip orientation RF
[M::mem_pestat] skip orientation RR
[M::process] read 1066668 sequences (160000200 bp)...
[M::mem_process_seqs] Processed 1066668 reads in 778.364 CPU sec, 50.483 real sec
[M::mem_pestat] # candidate unique pairs for (FF, FR, RF, RR): (48, 223096, 61, 37)
[M::mem_pestat] analyzing insert size distribution for orientation FF...
[M::mem_pestat] (25, 50, 75) percentile: (280, 388, 1441)
[M::mem_pestat] low and high boundaries for computing mean and std.dev: (1, 3763)
[M::mem_pestat] mean and std.dev: (649.16, 658.29)
[M::mem_pestat] low and high boundaries for proper pairs: (1, 4924)
[M::mem_pestat] analyzing insert size distribution for orientation FR...
[M::mem_pestat] (25, 50, 75) percentile: (270, 353, 454)
[M::mem_pestat] low and high boundaries for computing mean and std.dev: (1, 822)
[M::mem_pestat] mean and std.dev: (362.72, 139.32)
[M::mem_pestat] low and high boundaries for proper pairs: (1, 1006)
[M::mem_pestat] analyzing insert size distribution for orientation RF...
[M::mem_pestat] (25, 50, 75) percentile: (381, 1296, 7106)
[M::mem_pestat] low and high boundaries for computing mean and std.dev: (1, 20556)
[M::mem_pestat] mean and std.dev: (2852.64, 3406.36)
[M::mem_pestat] low and high boundaries for proper pairs: (1, 27281)
[M::mem_pestat] analyzing insert size distribution for orientation RR...
[M::mem_pestat] (25, 50, 75) percentile: (133, 521, 4654)
[M::mem_pestat] low and high boundaries for computing mean and std.dev: (1, 13696)
[M::mem_pestat] mean and std.dev: (2516.95, 3513.36)
[M::mem_pestat] low and high boundaries for proper pairs: (1, 18217)
[M::mem_pestat] skip orientation FF
[M::mem_pestat] skip orientation RF
[M::mem_pestat] skip orientation RR
[M::process] read 1066668 sequences (160000200 bp)...
[M::mem_process_seqs] Processed 1066668 reads in 790.455 CPU sec, 51.139 real sec
[M::mem_pestat] # candidate unique pairs for (FF, FR, RF, RR): (35, 223592, 68, 36)
[M::mem_pestat] analyzing insert size distribution for orientation FF...
[M::mem_pestat] (25, 50, 75) percentile: (285, 453, 1150)
[M::mem_pestat] low and high boundaries for computing mean and std.dev: (1, 2880)
[M::mem_pestat] mean and std.dev: (597.32, 441.56)
[M::mem_pestat] low and high boundaries for proper pairs: (1, 3745)
[M::mem_pestat] analyzing insert size distribution for orientation FR...
[M::mem_pestat] (25, 50, 75) percentile: (266, 348, 446)
[M::mem_pestat] low and high boundaries for computing mean and std.dev: (1, 806)
[M::mem_pestat] mean and std.dev: (356.94, 136.40)
[M::mem_pestat] low and high boundaries for proper pairs: (1, 986)
[M::mem_pestat] analyzing insert size distribution for orientation RF...
[M::mem_pestat] (25, 50, 75) percentile: (217, 1060, 4975)
[M::mem_pestat] low and high boundaries for computing mean and std.dev: (1, 14491)
[M::mem_pestat] mean and std.dev: (2458.12, 2813.23)
[M::mem_pestat] low and high boundaries for proper pairs: (1, 19249)
[M::mem_pestat] analyzing insert size distribution for orientation RR...
[M::mem_pestat] (25, 50, 75) percentile: (310, 598, 2503)
[M::mem_pestat] low and high boundaries for computing mean and std.dev: (1, 6889)
[M::mem_pestat] mean and std.dev: (1169.09, 1286.14)
[M::mem_pestat] low and high boundaries for proper pairs: (1, 9082)
[M::mem_pestat] skip orientation FF
[M::mem_pestat] skip orientation RF
[M::mem_pestat] skip orientation RR
[M::process] read 1066668 sequences (160000200 bp)...
[M::mem_process_seqs] Processed 1066668 reads in 807.899 CPU sec, 52.348 real sec
[M::mem_pestat] # candidate unique pairs for (FF, FR, RF, RR): (37, 223353, 65, 31)
[M::mem_pestat] analyzing insert size distribution for orientation FF...
[M::mem_pestat] (25, 50, 75) percentile: (196, 606, 1431)
[M::mem_pestat] low and high boundaries for computing mean and std.dev: (1, 3901)
[M::mem_pestat] mean and std.dev: (768.23, 729.44)
[M::mem_pestat] low and high boundaries for proper pairs: (1, 5136)
[M::mem_pestat] analyzing insert size distribution for orientation FR...
[M::mem_pestat] (25, 50, 75) percentile: (265, 347, 446)
[M::mem_pestat] low and high boundaries for computing mean and std.dev: (1, 808)
[M::mem_pestat] mean and std.dev: (356.58, 136.41)
[M::mem_pestat] low and high boundaries for proper pairs: (1, 989)
[M::mem_pestat] analyzing insert size distribution for orientation RF...
[M::mem_pestat] (25, 50, 75) percentile: (87, 522, 4099)
[M::mem_pestat] low and high boundaries for computing mean and std.dev: (1, 12123)
[M::mem_pestat] mean and std.dev: (2050.28, 2730.76)
[M::mem_pestat] low and high boundaries for proper pairs: (1, 16135)
[M::mem_pestat] analyzing insert size distribution for orientation RR...
[M::mem_pestat] (25, 50, 75) percentile: (264, 463, 2786)
[M::mem_pestat] low and high boundaries for computing mean and std.dev: (1, 7830)
[M::mem_pestat] mean and std.dev: (1417.03, 1823.09)
[M::mem_pestat] low and high boundaries for proper pairs: (1, 10352)
[M::mem_pestat] skip orientation FF
[M::mem_pestat] skip orientation RF
[M::mem_pestat] skip orientation RR
[M::process] read 1066668 sequences (160000200 bp)...
[M::mem_process_seqs] Processed 1066668 reads in 789.295 CPU sec, 51.170 real sec
[M::mem_pestat] # candidate unique pairs for (FF, FR, RF, RR): (27, 222731, 83, 33)
[M::mem_pestat] analyzing insert size distribution for orientation FF...
[M::mem_pestat] (25, 50, 75) percentile: (297, 546, 2149)
[M::mem_pestat] low and high boundaries for computing mean and std.dev: (1, 5853)
[M::mem_pestat] mean and std.dev: (917.00, 837.06)
[M::mem_pestat] low and high boundaries for proper pairs: (1, 7705)
[M::mem_pestat] analyzing insert size distribution for orientation FR...
[M::mem_pestat] (25, 50, 75) percentile: (265, 348, 449)
[M::mem_pestat] low and high boundaries for computing mean and std.dev: (1, 817)
[M::mem_pestat] mean and std.dev: (358.10, 138.50)
[M::mem_pestat] low and high boundaries for proper pairs: (1, 1001)
[M::mem_pestat] analyzing insert size distribution for orientation RF...
[M::mem_pestat] (25, 50, 75) percentile: (512, 1116, 5179)
[M::mem_pestat] low and high boundaries for computing mean and std.dev: (1, 14513)
[M::mem_pestat] mean and std.dev: (2809.08, 2941.71)
[M::mem_pestat] low and high boundaries for proper pairs: (1, 19180)
[M::mem_pestat] analyzing insert size distribution for orientation RR...
[M::mem_pestat] (25, 50, 75) percentile: (226, 521, 684)
[M::mem_pestat] low and high boundaries for computing mean and std.dev: (1, 1600)
[M::mem_pestat] mean and std.dev: (443.64, 276.77)
[M::mem_pestat] low and high boundaries for proper pairs: (1, 2058)
[M::mem_pestat] skip orientation FF
[M::mem_pestat] skip orientation RF
[M::mem_pestat] skip orientation RR
[M::process] read 1066668 sequences (160000200 bp)...
[M::mem_process_seqs] Processed 1066668 reads in 797.718 CPU sec, 51.576 real sec
[M::mem_pestat] # candidate unique pairs for (FF, FR, RF, RR): (32, 222771, 127, 49)
[M::mem_pestat] analyzing insert size distribution for orientation FF...
[M::mem_pestat] (25, 50, 75) percentile: (402, 633, 902)
[M::mem_pestat] low and high boundaries for computing mean and std.dev: (1, 1902)
[M::mem_pestat] mean and std.dev: (582.36, 388.81)
[M::mem_pestat] low and high boundaries for proper pairs: (1, 2402)
[M::mem_pestat] analyzing insert size distribution for orientation FR...
[M::mem_pestat] (25, 50, 75) percentile: (270, 357, 458)
[M::mem_pestat] low and high boundaries for computing mean and std.dev: (1, 834)
[M::mem_pestat] mean and std.dev: (364.60, 140.89)
[M::mem_pestat] low and high boundaries for proper pairs: (1, 1022)
[M::mem_pestat] analyzing insert size distribution for orientation RF...
[M::mem_pestat] (25, 50, 75) percentile: (233, 2007, 6164)
[M::mem_pestat] low and high boundaries for computing mean and std.dev: (1, 18026)
[M::mem_pestat] mean and std.dev: (3302.86, 3308.87)
[M::mem_pestat] low and high boundaries for proper pairs: (1, 23957)
[M::mem_pestat] analyzing insert size distribution for orientation RR...
[M::mem_pestat] (25, 50, 75) percentile: (209, 465, 818)
[M::mem_pestat] low and high boundaries for computing mean and std.dev: (1, 2036)
[M::mem_pestat] mean and std.dev: (480.23, 403.34)
[M::mem_pestat] low and high boundaries for proper pairs: (1, 2645)
[M::mem_pestat] skip orientation FF
[M::mem_pestat] skip orientation RF
[M::mem_pestat] skip orientation RR
[M::process] read 1066668 sequences (160000200 bp)...
[M::mem_process_seqs] Processed 1066668 reads in 770.027 CPU sec, 49.795 real sec
[M::mem_pestat] # candidate unique pairs for (FF, FR, RF, RR): (30, 223415, 107, 27)
[M::mem_pestat] analyzing insert size distribution for orientation FF...
[M::mem_pestat] (25, 50, 75) percentile: (426, 1078, 1709)
[M::mem_pestat] low and high boundaries for computing mean and std.dev: (1, 4275)
[M::mem_pestat] mean and std.dev: (1179.59, 1021.61)
[M::mem_pestat] low and high boundaries for proper pairs: (1, 5558)
[M::mem_pestat] analyzing insert size distribution for orientation FR...
[M::mem_pestat] (25, 50, 75) percentile: (275, 362, 465)
[M::mem_pestat] low and high boundaries for computing mean and std.dev: (1, 845)
[M::mem_pestat] mean and std.dev: (370.31, 142.00)
[M::mem_pestat] low and high boundaries for proper pairs: (1, 1035)
[M::mem_pestat] analyzing insert size distribution for orientation RF...
[M::mem_pestat] (25, 50, 75) percentile: (191, 862, 4305)
[M::mem_pestat] low and high boundaries for computing mean and std.dev: (1, 12533)
[M::mem_pestat] mean and std.dev: (2336.79, 2780.36)
[M::mem_pestat] low and high boundaries for proper pairs: (1, 16647)
[M::mem_pestat] analyzing insert size distribution for orientation RR...
[M::mem_pestat] (25, 50, 75) percentile: (240, 534, 4662)
[M::mem_pestat] low and high boundaries for computing mean and std.dev: (1, 13506)
[M::mem_pestat] mean and std.dev: (2026.48, 2693.11)
[M::mem_pestat] low and high boundaries for proper pairs: (1, 17928)
[M::mem_pestat] skip orientation FF
[M::mem_pestat] skip orientation RF
[M::mem_pestat] skip orientation RR
[M::process] read 1066668 sequences (160000200 bp)...
[M::mem_process_seqs] Processed 1066668 reads in 769.852 CPU sec, 49.788 real sec
[M::process] read 1066668 sequences (160000200 bp)...
[M::mem_pestat] # candidate unique pairs for (FF, FR, RF, RR): (30, 223978, 69, 33)
[M::mem_pestat] analyzing insert size distribution for orientation FF...
[M::mem_pestat] (25, 50, 75) percentile: (177, 324, 744)
[M::mem_pestat] low and high boundaries for computing mean and std.dev: (1, 1878)
[M::mem_pestat] mean and std.dev: (476.70, 442.34)
[M::mem_pestat] low and high boundaries for proper pairs: (1, 2445)
[M::mem_pestat] analyzing insert size distribution for orientation FR...
[M::mem_pestat] (25, 50, 75) percentile: (270, 356, 459)
[M::mem_pestat] low and high boundaries for computing mean and std.dev: (1, 837)
[M::mem_pestat] mean and std.dev: (365.38, 141.88)
[M::mem_pestat] low and high boundaries for proper pairs: (1, 1026)
[M::mem_pestat] analyzing insert size distribution for orientation RF...
[M::mem_pestat] (25, 50, 75) percentile: (243, 828, 3639)
[M::mem_pestat] low and high boundaries for computing mean and std.dev: (1, 10431)
[M::mem_pestat] mean and std.dev: (2433.94, 3089.94)
[M::mem_pestat] low and high boundaries for proper pairs: (1, 14794)
[M::mem_pestat] analyzing insert size distribution for orientation RR...
[M::mem_pestat] (25, 50, 75) percentile: (301, 575, 5060)
[M::mem_pestat] low and high boundaries for computing mean and std.dev: (1, 14578)
[M::mem_pestat] mean and std.dev: (2082.67, 2540.29)
[M::mem_pestat] low and high boundaries for proper pairs: (1, 19337)
[M::mem_pestat] skip orientation FF
[M::mem_pestat] skip orientation RF
[M::mem_pestat] skip orientation RR
[M::mem_process_seqs] Processed 1066668 reads in 773.324 CPU sec, 50.051 real sec
[M::process] read 1066668 sequences (160000200 bp)...
[M::mem_pestat] # candidate unique pairs for (FF, FR, RF, RR): (40, 223945, 111, 29)
[M::mem_pestat] analyzing insert size distribution for orientation FF...
[M::mem_pestat] (25, 50, 75) percentile: (263, 444, 1489)
[M::mem_pestat] low and high boundaries for computing mean and std.dev: (1, 3941)
[M::mem_pestat] mean and std.dev: (556.36, 534.54)
[M::mem_pestat] low and high boundaries for proper pairs: (1, 5167)
[M::mem_pestat] analyzing insert size distribution for orientation FR...
[M::mem_pestat] (25, 50, 75) percentile: (269, 354, 458)
[M::mem_pestat] low and high boundaries for computing mean and std.dev: (1, 836)
[M::mem_pestat] mean and std.dev: (364.14, 141.71)
[M::mem_pestat] low and high boundaries for proper pairs: (1, 1025)
[M::mem_pestat] analyzing insert size distribution for orientation RF...
[M::mem_pestat] (25, 50, 75) percentile: (265, 1431, 4938)
[M::mem_pestat] low and high boundaries for computing mean and std.dev: (1, 14284)
[M::mem_pestat] mean and std.dev: (2762.21, 3042.83)
[M::mem_pestat] low and high boundaries for proper pairs: (1, 18957)
[M::mem_pestat] analyzing insert size distribution for orientation RR...
[M::mem_pestat] (25, 50, 75) percentile: (237, 466, 1630)
[M::mem_pestat] low and high boundaries for computing mean and std.dev: (1, 4416)
[M::mem_pestat] mean and std.dev: (803.04, 1014.83)
[M::mem_pestat] low and high boundaries for proper pairs: (1, 5809)
[M::mem_pestat] skip orientation FF
[M::mem_pestat] skip orientation RF
[M::mem_pestat] skip orientation RR
[M::mem_process_seqs] Processed 1066668 reads in 777.259 CPU sec, 50.245 real sec
[M::mem_pestat] # candidate unique pairs for (FF, FR, RF, RR): (35, 223690, 79, 26)
[M::mem_pestat] analyzing insert size distribution for orientation FF...
[M::mem_pestat] (25, 50, 75) percentile: (247, 400, 2516)
[M::mem_pestat] low and high boundaries for computing mean and std.dev: (1, 7054)
[M::mem_pestat] mean and std.dev: (759.79, 1158.08)
[M::mem_pestat] low and high boundaries for proper pairs: (1, 9323)
[M::mem_pestat] analyzing insert size distribution for orientation FR...
[M::mem_pestat] (25, 50, 75) percentile: (271, 355, 457)
[M::mem_pestat] low and high boundaries for computing mean and std.dev: (1, 829)
[M::mem_pestat] mean and std.dev: (364.76, 140.24)
[M::mem_pestat] low and high boundaries for proper pairs: (1, 1015)
[M::mem_pestat] analyzing insert size distribution for orientation RF...
[M::mem_pestat] (25, 50, 75) percentile: (278, 2632, 4717)
[M::mem_pestat] low and high boundaries for computing mean and std.dev: (1, 13595)
[M::mem_pestat] mean and std.dev: (3186.13, 3066.75)
[M::mem_pestat] low and high boundaries for proper pairs: (1, 18034)
[M::mem_pestat] analyzing insert size distribution for orientation RR...
[M::mem_pestat] (25, 50, 75) percentile: (539, 1153, 1341)
[M::mem_pestat] low and high boundaries for computing mean and std.dev: (1, 2945)
[M::mem_pestat] mean and std.dev: (901.57, 494.02)
[M::mem_pestat] low and high boundaries for proper pairs: (1, 3747)
[M::mem_pestat] skip orientation FF
[M::mem_pestat] skip orientation RF
[M::mem_pestat] skip orientation RR
[M::process] read 1066668 sequences (160000200 bp)...
[M::mem_process_seqs] Processed 1066668 reads in 779.929 CPU sec, 50.416 real sec
[M::mem_pestat] # candidate unique pairs for (FF, FR, RF, RR): (30, 223582, 85, 40)
[M::mem_pestat] analyzing insert size distribution for orientation FF...
[M::mem_pestat] (25, 50, 75) percentile: (364, 445, 1004)
[M::mem_pestat] low and high boundaries for computing mean and std.dev: (1, 2284)
[M::mem_pestat] mean and std.dev: (533.58, 395.65)
[M::mem_pestat] low and high boundaries for proper pairs: (1, 2924)
[M::mem_pestat] analyzing insert size distribution for orientation FR...
[M::mem_pestat] (25, 50, 75) percentile: (270, 354, 457)
[M::mem_pestat] low and high boundaries for computing mean and std.dev: (1, 831)
[M::mem_pestat] mean and std.dev: (364.35, 140.57)
[M::mem_pestat] low and high boundaries for proper pairs: (1, 1018)
[M::mem_pestat] analyzing insert size distribution for orientation RF...
[M::mem_pestat] (25, 50, 75) percentile: (238, 812, 2684)
[M::mem_pestat] low and high boundaries for computing mean and std.dev: (1, 7576)
[M::mem_pestat] mean and std.dev: (1481.08, 1821.85)
[M::mem_pestat] low and high boundaries for proper pairs: (1, 10022)
[M::mem_pestat] analyzing insert size distribution for orientation RR...
[M::mem_pestat] (25, 50, 75) percentile: (243, 328, 818)
[M::mem_pestat] low and high boundaries for computing mean and std.dev: (1, 1968)
[M::mem_pestat] mean and std.dev: (482.97, 465.40)
[M::mem_pestat] low and high boundaries for proper pairs: (1, 2543)
[M::mem_pestat] skip orientation FF
[M::mem_pestat] skip orientation RF
[M::mem_pestat] skip orientation RR
[M::process] read 1066668 sequences (160000200 bp)...
[M::mem_process_seqs] Processed 1066668 reads in 779.142 CPU sec, 50.302 real sec
[M::mem_pestat] # candidate unique pairs for (FF, FR, RF, RR): (29, 223483, 79, 32)
[M::mem_pestat] analyzing insert size distribution for orientation FF...
[M::mem_pestat] (25, 50, 75) percentile: (182, 469, 1245)
[M::mem_pestat] low and high boundaries for computing mean and std.dev: (1, 3371)
[M::mem_pestat] mean and std.dev: (565.67, 482.46)
[M::mem_pestat] low and high boundaries for proper pairs: (1, 4434)
[M::mem_pestat] analyzing insert size distribution for orientation FR...
[M::mem_pestat] (25, 50, 75) percentile: (266, 351, 453)
[M::mem_pestat] low and high boundaries for computing mean and std.dev: (1, 827)
[M::mem_pestat] mean and std.dev: (360.76, 140.12)
[M::mem_pestat] low and high boundaries for proper pairs: (1, 1014)
[M::mem_pestat] analyzing insert size distribution for orientation RF...
[M::mem_pestat] (25, 50, 75) percentile: (313, 732, 6173)
[M::mem_pestat] low and high boundaries for computing mean and std.dev: (1, 17893)
[M::mem_pestat] mean and std.dev: (2675.11, 3224.33)
[M::mem_pestat] low and high boundaries for proper pairs: (1, 23753)
[M::mem_pestat] analyzing insert size distribution for orientation RR...
[M::mem_pestat] (25, 50, 75) percentile: (344, 465, 932)
[M::mem_pestat] low and high boundaries for computing mean and std.dev: (1, 2108)
[M::mem_pestat] mean and std.dev: (446.40, 224.46)
[M::mem_pestat] low and high boundaries for proper pairs: (1, 2696)
[M::mem_pestat] skip orientation FF
[M::mem_pestat] skip orientation RF
[M::mem_pestat] skip orientation RR
[M::process] read 1066668 sequences (160000200 bp)...
[M::mem_process_seqs] Processed 1066668 reads in 789.510 CPU sec, 51.096 real sec
[M::mem_pestat] # candidate unique pairs for (FF, FR, RF, RR): (43, 223295, 83, 33)
[M::mem_pestat] analyzing insert size distribution for orientation FF...
[M::mem_pestat] (25, 50, 75) percentile: (300, 445, 750)
[M::mem_pestat] low and high boundaries for computing mean and std.dev: (1, 1650)
[M::mem_pestat] mean and std.dev: (422.38, 211.88)
[M::mem_pestat] low and high boundaries for proper pairs: (1, 2100)
[M::mem_pestat] analyzing insert size distribution for orientation FR...
[M::mem_pestat] (25, 50, 75) percentile: (266, 349, 451)
[M::mem_pestat] low and high boundaries for computing mean and std.dev: (1, 821)
[M::mem_pestat] mean and std.dev: (359.10, 139.12)
[M::mem_pestat] low and high boundaries for proper pairs: (1, 1006)
[M::mem_pestat] analyzing insert size distribution for orientation RF...
[M::mem_pestat] (25, 50, 75) percentile: (84, 594, 4263)
[M::mem_pestat] low and high boundaries for computing mean and std.dev: (1, 12621)
[M::mem_pestat] mean and std.dev: (2245.39, 2997.36)
[M::mem_pestat] low and high boundaries for proper pairs: (1, 16800)
[M::mem_pestat] analyzing insert size distribution for orientation RR...
[M::mem_pestat] (25, 50, 75) percentile: (230, 290, 578)
[M::mem_pestat] low and high boundaries for computing mean and std.dev: (1, 1274)
[M::mem_pestat] mean and std.dev: (371.83, 243.23)
[M::mem_pestat] low and high boundaries for proper pairs: (1, 1622)
[M::mem_pestat] skip orientation FF
[M::mem_pestat] skip orientation RF
[M::mem_pestat] skip orientation RR
[M::process] read 1066668 sequences (160000200 bp)...
[M::mem_process_seqs] Processed 1066668 reads in 795.473 CPU sec, 51.508 real sec
[M::mem_pestat] # candidate unique pairs for (FF, FR, RF, RR): (39, 222488, 65, 54)
[M::mem_pestat] analyzing insert size distribution for orientation FF...
[M::mem_pestat] (25, 50, 75) percentile: (302, 457, 932)
[M::mem_pestat] low and high boundaries for computing mean and std.dev: (1, 2192)
[M::mem_pestat] mean and std.dev: (544.76, 441.54)
[M::mem_pestat] low and high boundaries for proper pairs: (1, 2822)
[M::mem_pestat] analyzing insert size distribution for orientation FR...
[M::mem_pestat] (25, 50, 75) percentile: (263, 347, 448)
[M::mem_pestat] low and high boundaries for computing mean and std.dev: (1, 818)
[M::mem_pestat] mean and std.dev: (355.98, 138.73)
[M::mem_pestat] low and high boundaries for proper pairs: (1, 1003)
[M::mem_pestat] analyzing insert size distribution for orientation RF...
[M::mem_pestat] (25, 50, 75) percentile: (220, 984, 4245)
[M::mem_pestat] low and high boundaries for computing mean and std.dev: (1, 12295)
[M::mem_pestat] mean and std.dev: (2501.71, 3008.65)
[M::mem_pestat] low and high boundaries for proper pairs: (1, 16320)
[M::mem_pestat] analyzing insert size distribution for orientation RR...
[M::mem_pestat] (25, 50, 75) percentile: (266, 378, 1192)
[M::mem_pestat] low and high boundaries for computing mean and std.dev: (1, 3044)
[M::mem_pestat] mean and std.dev: (663.08, 603.04)
[M::mem_pestat] low and high boundaries for proper pairs: (1, 3970)
[M::mem_pestat] skip orientation FF
[M::mem_pestat] skip orientation RF
[M::mem_pestat] skip orientation RR
[M::process] read 1066668 sequences (160000200 bp)...
[M::mem_process_seqs] Processed 1066668 reads in 801.871 CPU sec, 51.727 real sec
[M::mem_pestat] # candidate unique pairs for (FF, FR, RF, RR): (45, 222065, 78, 48)
[M::mem_pestat] analyzing insert size distribution for orientation FF...
[M::mem_pestat] (25, 50, 75) percentile: (187, 457, 957)
[M::mem_pestat] low and high boundaries for computing mean and std.dev: (1, 2497)
[M::mem_pestat] mean and std.dev: (509.12, 451.53)
[M::mem_pestat] low and high boundaries for proper pairs: (1, 3267)
[M::mem_pestat] analyzing insert size distribution for orientation FR...
[M::mem_pestat] (25, 50, 75) percentile: (269, 355, 457)
[M::mem_pestat] low and high boundaries for computing mean and std.dev: (1, 833)
[M::mem_pestat] mean and std.dev: (363.09, 140.98)
[M::mem_pestat] low and high boundaries for proper pairs: (1, 1021)
[M::mem_pestat] analyzing insert size distribution for orientation RF...
[M::mem_pestat] (25, 50, 75) percentile: (216, 724, 3164)
[M::mem_pestat] low and high boundaries for computing mean and std.dev: (1, 9060)
[M::mem_pestat] mean and std.dev: (1875.58, 2391.84)
[M::mem_pestat] low and high boundaries for proper pairs: (1, 12008)
[M::mem_pestat] analyzing insert size distribution for orientation RR...
[M::mem_pestat] (25, 50, 75) percentile: (191, 437, 1316)
[M::mem_pestat] low and high boundaries for computing mean and std.dev: (1, 3566)
[M::mem_pestat] mean and std.dev: (709.11, 739.12)
[M::mem_pestat] low and high boundaries for proper pairs: (1, 4691)
[M::mem_pestat] skip orientation FF
[M::mem_pestat] skip orientation RF
[M::mem_pestat] skip orientation RR
[M::mem_process_seqs] Processed 1066668 reads in 784.290 CPU sec, 51.943 real sec
[M::process] read 1066668 sequences (160000200 bp)...
[M::mem_pestat] # candidate unique pairs for (FF, FR, RF, RR): (34, 223112, 67, 53)
[M::mem_pestat] analyzing insert size distribution for orientation FF...
[M::mem_pestat] (25, 50, 75) percentile: (252, 750, 2157)
[M::mem_pestat] low and high boundaries for computing mean and std.dev: (1, 5967)
[M::mem_pestat] mean and std.dev: (922.10, 1166.55)
[M::mem_pestat] low and high boundaries for proper pairs: (1, 7872)
[M::mem_pestat] analyzing insert size distribution for orientation FR...
[M::mem_pestat] (25, 50, 75) percentile: (272, 359, 460)
[M::mem_pestat] low and high boundaries for computing mean and std.dev: (1, 836)
[M::mem_pestat] mean and std.dev: (366.59, 140.95)
[M::mem_pestat] low and high boundaries for proper pairs: (1, 1024)
[M::mem_pestat] analyzing insert size distribution for orientation RF...
[M::mem_pestat] (25, 50, 75) percentile: (207, 367, 3392)
[M::mem_pestat] low and high boundaries for computing mean and std.dev: (1, 9762)
[M::mem_pestat] mean and std.dev: (1974.18, 2732.40)
[M::mem_pestat] low and high boundaries for proper pairs: (1, 12947)
[M::mem_pestat] analyzing insert size distribution for orientation RR...
[M::mem_pestat] (25, 50, 75) percentile: (270, 424, 1709)
[M::mem_pestat] low and high boundaries for computing mean and std.dev: (1, 4587)
[M::mem_pestat] mean and std.dev: (848.36, 941.93)
[M::mem_pestat] low and high boundaries for proper pairs: (1, 6026)
[M::mem_pestat] skip orientation FF
[M::mem_pestat] skip orientation RF
[M::mem_pestat] skip orientation RR
[M::process] read 1066668 sequences (160000200 bp)...
[M::mem_process_seqs] Processed 1066668 reads in 783.922 CPU sec, 50.101 real sec
[M::mem_pestat] # candidate unique pairs for (FF, FR, RF, RR): (43, 224277, 62, 34)
[M::mem_pestat] analyzing insert size distribution for orientation FF...
[M::mem_pestat] (25, 50, 75) percentile: (319, 515, 2271)
[M::mem_pestat] low and high boundaries for computing mean and std.dev: (1, 6175)
[M::mem_pestat] mean and std.dev: (1214.15, 1518.57)
[M::mem_pestat] low and high boundaries for proper pairs: (1, 8127)
[M::mem_pestat] analyzing insert size distribution for orientation FR...
[M::mem_pestat] (25, 50, 75) percentile: (265, 349, 450)
[M::mem_pestat] low and high boundaries for computing mean and std.dev: (1, 820)
[M::mem_pestat] mean and std.dev: (358.68, 139.40)
[M::mem_pestat] low and high boundaries for proper pairs: (1, 1005)
[M::mem_pestat] analyzing insert size distribution for orientation RF...
[M::mem_pestat] (25, 50, 75) percentile: (280, 1369, 3352)
[M::mem_pestat] low and high boundaries for computing mean and std.dev: (1, 9496)
[M::mem_pestat] mean and std.dev: (2032.67, 2218.68)
[M::mem_pestat] low and high boundaries for proper pairs: (1, 12568)
[M::mem_pestat] analyzing insert size distribution for orientation RR...
[M::mem_pestat] (25, 50, 75) percentile: (224, 490, 1278)
[M::mem_pestat] low and high boundaries for computing mean and std.dev: (1, 3386)
[M::mem_pestat] mean and std.dev: (657.53, 611.11)
[M::mem_pestat] low and high boundaries for proper pairs: (1, 4440)
[M::mem_pestat] skip orientation FF
[M::mem_pestat] skip orientation RF
[M::mem_pestat] skip orientation RR
[M::process] read 1066668 sequences (160000200 bp)...
[M::mem_process_seqs] Processed 1066668 reads in 796.798 CPU sec, 51.450 real sec
[M::mem_pestat] # candidate unique pairs for (FF, FR, RF, RR): (32, 224160, 74, 36)
[M::mem_pestat] analyzing insert size distribution for orientation FF...
[M::mem_pestat] (25, 50, 75) percentile: (239, 568, 1869)
[M::mem_pestat] low and high boundaries for computing mean and std.dev: (1, 5129)
[M::mem_pestat] mean and std.dev: (878.07, 917.97)
[M::mem_pestat] low and high boundaries for proper pairs: (1, 6759)
[M::mem_pestat] analyzing insert size distribution for orientation FR...
[M::mem_pestat] (25, 50, 75) percentile: (266, 350, 452)
[M::mem_pestat] low and high boundaries for computing mean and std.dev: (1, 824)
[M::mem_pestat] mean and std.dev: (359.58, 140.11)
[M::mem_pestat] low and high boundaries for proper pairs: (1, 1010)
[M::mem_pestat] analyzing insert size distribution for orientation RF...
[M::mem_pestat] (25, 50, 75) percentile: (184, 639, 3109)
[M::mem_pestat] low and high boundaries for computing mean and std.dev: (1, 8959)
[M::mem_pestat] mean and std.dev: (2166.36, 2821.10)
[M::mem_pestat] low and high boundaries for proper pairs: (1, 13451)
[M::mem_pestat] analyzing insert size distribution for orientation RR...
[M::mem_pestat] (25, 50, 75) percentile: (296, 580, 1887)
[M::mem_pestat] low and high boundaries for computing mean and std.dev: (1, 5069)
[M::mem_pestat] mean and std.dev: (1068.89, 1186.97)
[M::mem_pestat] low and high boundaries for proper pairs: (1, 6660)
[M::mem_pestat] skip orientation FF
[M::mem_pestat] skip orientation RF
[M::mem_pestat] skip orientation RR
[M::process] read 1066668 sequences (160000200 bp)...
[M::mem_process_seqs] Processed 1066668 reads in 797.247 CPU sec, 51.416 real sec
[M::mem_pestat] # candidate unique pairs for (FF, FR, RF, RR): (26, 223989, 77, 35)
[M::mem_pestat] analyzing insert size distribution for orientation FF...
[M::mem_pestat] (25, 50, 75) percentile: (218, 472, 1300)
[M::mem_pestat] low and high boundaries for computing mean and std.dev: (1, 3464)
[M::mem_pestat] mean and std.dev: (655.30, 700.98)
[M::mem_pestat] low and high boundaries for proper pairs: (1, 4546)
[M::mem_pestat] analyzing insert size distribution for orientation FR...
[M::mem_pestat] (25, 50, 75) percentile: (268, 353, 456)
[M::mem_pestat] low and high boundaries for computing mean and std.dev: (1, 832)
[M::mem_pestat] mean and std.dev: (362.90, 140.75)
[M::mem_pestat] low and high boundaries for proper pairs: (1, 1020)
[M::mem_pestat] analyzing insert size distribution for orientation RF...
[M::mem_pestat] (25, 50, 75) percentile: (540, 1190, 3673)
[M::mem_pestat] low and high boundaries for computing mean and std.dev: (1, 9939)
[M::mem_pestat] mean and std.dev: (2498.71, 2814.96)
[M::mem_pestat] low and high boundaries for proper pairs: (1, 13759)
[M::mem_pestat] analyzing insert size distribution for orientation RR...
[M::mem_pestat] (25, 50, 75) percentile: (191, 303, 675)
[M::mem_pestat] low and high boundaries for computing mean and std.dev: (1, 1643)
[M::mem_pestat] mean and std.dev: (360.03, 297.18)
[M::mem_pestat] low and high boundaries for proper pairs: (1, 2127)
[M::mem_pestat] skip orientation FF
[M::mem_pestat] skip orientation RF
[M::mem_pestat] skip orientation RR
[M::process] read 1066668 sequences (160000200 bp)...
[M::mem_process_seqs] Processed 1066668 reads in 801.645 CPU sec, 51.813 real sec
[M::mem_pestat] # candidate unique pairs for (FF, FR, RF, RR): (33, 222909, 98, 43)
[M::mem_pestat] analyzing insert size distribution for orientation FF...
[M::mem_pestat] (25, 50, 75) percentile: (227, 388, 1178)
[M::mem_pestat] low and high boundaries for computing mean and std.dev: (1, 3080)
[M::mem_pestat] mean and std.dev: (692.34, 707.14)
[M::mem_pestat] low and high boundaries for proper pairs: (1, 4031)
[M::mem_pestat] analyzing insert size distribution for orientation FR...
[M::mem_pestat] (25, 50, 75) percentile: (268, 352, 456)
[M::mem_pestat] low and high boundaries for computing mean and std.dev: (1, 832)
[M::mem_pestat] mean and std.dev: (362.93, 141.08)
[M::mem_pestat] low and high boundaries for proper pairs: (1, 1020)
[M::mem_pestat] analyzing insert size distribution for orientation RF...
[M::mem_pestat] (25, 50, 75) percentile: (112, 926, 3022)
[M::mem_pestat] low and high boundaries for computing mean and std.dev: (1, 8842)
[M::mem_pestat] mean and std.dev: (1551.18, 2031.31)
[M::mem_pestat] low and high boundaries for proper pairs: (1, 11752)
[M::mem_pestat] analyzing insert size distribution for orientation RR...
[M::mem_pestat] (25, 50, 75) percentile: (214, 354, 845)
[M::mem_pestat] low and high boundaries for computing mean and std.dev: (1, 2107)
[M::mem_pestat] mean and std.dev: (487.05, 362.46)
[M::mem_pestat] low and high boundaries for proper pairs: (1, 2738)
[M::mem_pestat] skip orientation FF
[M::mem_pestat] skip orientation RF
[M::mem_pestat] skip orientation RR
[M::process] read 1066668 sequences (160000200 bp)...
[M::mem_process_seqs] Processed 1066668 reads in 805.526 CPU sec, 51.975 real sec
[M::mem_pestat] # candidate unique pairs for (FF, FR, RF, RR): (30, 222574, 64, 13)
[M::mem_pestat] analyzing insert size distribution for orientation FF...
[M::mem_pestat] (25, 50, 75) percentile: (206, 556, 2100)
[M::mem_pestat] low and high boundaries for computing mean and std.dev: (1, 5888)
[M::mem_pestat] mean and std.dev: (831.30, 1015.71)
[M::mem_pestat] low and high boundaries for proper pairs: (1, 7782)
[M::mem_pestat] analyzing insert size distribution for orientation FR...
[M::mem_pestat] (25, 50, 75) percentile: (266, 351, 454)
[M::mem_pestat] low and high boundaries for computing mean and std.dev: (1, 830)
[M::mem_pestat] mean and std.dev: (360.98, 141.08)
[M::mem_pestat] low and high boundaries for proper pairs: (1, 1018)
[M::mem_pestat] analyzing insert size distribution for orientation RF...
[M::mem_pestat] (25, 50, 75) percentile: (462, 3441, 6587)
[M::mem_pestat] low and high boundaries for computing mean and std.dev: (1, 18837)
[M::mem_pestat] mean and std.dev: (3614.52, 3190.38)
[M::mem_pestat] low and high boundaries for proper pairs: (1, 24962)
[M::mem_pestat] analyzing insert size distribution for orientation RR...
[M::mem_pestat] (25, 50, 75) percentile: (235, 347, 677)
[M::mem_pestat] low and high boundaries for computing mean and std.dev: (1, 1561)
[M::mem_pestat] mean and std.dev: (420.92, 283.22)
[M::mem_pestat] low and high boundaries for proper pairs: (1, 2003)
[M::mem_pestat] skip orientation FF
[M::mem_pestat] skip orientation RF
[M::mem_pestat] skip orientation RR
[M::process] read 1066668 sequences (160000200 bp)...
[M::mem_process_seqs] Processed 1066668 reads in 790.114 CPU sec, 51.034 real sec
[M::mem_pestat] # candidate unique pairs for (FF, FR, RF, RR): (29, 223092, 69, 35)
[M::mem_pestat] analyzing insert size distribution for orientation FF...
[M::mem_pestat] (25, 50, 75) percentile: (417, 562, 1697)
[M::mem_pestat] low and high boundaries for computing mean and std.dev: (1, 4257)
[M::mem_pestat] mean and std.dev: (796.48, 804.12)
[M::mem_pestat] low and high boundaries for proper pairs: (1, 5537)
[M::mem_pestat] analyzing insert size distribution for orientation FR...
[M::mem_pestat] (25, 50, 75) percentile: (266, 350, 452)
[M::mem_pestat] low and high boundaries for computing mean and std.dev: (1, 824)
[M::mem_pestat] mean and std.dev: (360.07, 139.37)
[M::mem_pestat] low and high boundaries for proper pairs: (1, 1010)
[M::mem_pestat] analyzing insert size distribution for orientation RF...
[M::mem_pestat] (25, 50, 75) percentile: (174, 684, 2984)
[M::mem_pestat] low and high boundaries for computing mean and std.dev: (1, 8604)
[M::mem_pestat] mean and std.dev: (1660.04, 2122.68)
[M::mem_pestat] low and high boundaries for proper pairs: (1, 11414)
[M::mem_pestat] analyzing insert size distribution for orientation RR...
[M::mem_pestat] (25, 50, 75) percentile: (240, 424, 702)
[M::mem_pestat] low and high boundaries for computing mean and std.dev: (1, 1626)
[M::mem_pestat] mean and std.dev: (450.44, 280.81)
[M::mem_pestat] low and high boundaries for proper pairs: (1, 2088)
[M::mem_pestat] skip orientation FF
[M::mem_pestat] skip orientation RF
[M::mem_pestat] skip orientation RR
[M::process] read 1066668 sequences (160000200 bp)...
[M::mem_process_seqs] Processed 1066668 reads in 790.103 CPU sec, 51.026 real sec
[M::mem_pestat] # candidate unique pairs for (FF, FR, RF, RR): (34, 222630, 78, 50)
[M::mem_pestat] analyzing insert size distribution for orientation FF...
[M::mem_pestat] (25, 50, 75) percentile: (214, 290, 378)
[M::mem_pestat] low and high boundaries for computing mean and std.dev: (1, 706)
[M::mem_pestat] mean and std.dev: (235.58, 89.34)
[M::mem_pestat] low and high boundaries for proper pairs: (1, 870)
[M::mem_pestat] analyzing insert size distribution for orientation FR...
[M::mem_pestat] (25, 50, 75) percentile: (265, 349, 449)
[M::mem_pestat] low and high boundaries for computing mean and std.dev: (1, 817)
[M::mem_pestat] mean and std.dev: (357.91, 138.31)
[M::mem_pestat] low and high boundaries for proper pairs: (1, 1001)
[M::mem_pestat] analyzing insert size distribution for orientation RF...
[M::mem_pestat] (25, 50, 75) percentile: (173, 609, 3465)
[M::mem_pestat] low and high boundaries for computing mean and std.dev: (1, 10049)
[M::mem_pestat] mean and std.dev: (1913.28, 2540.65)
[M::mem_pestat] low and high boundaries for proper pairs: (1, 13341)
[M::mem_pestat] analyzing insert size distribution for orientation RR...
[M::mem_pestat] (25, 50, 75) percentile: (214, 370, 824)
[M::mem_pestat] low and high boundaries for computing mean and std.dev: (1, 2044)
[M::mem_pestat] mean and std.dev: (493.09, 431.79)
[M::mem_pestat] low and high boundaries for proper pairs: (1, 2654)
[M::mem_pestat] skip orientation FF
[M::mem_pestat] skip orientation RF
[M::mem_pestat] skip orientation RR
[M::process] read 1066668 sequences (160000200 bp)...
[M::mem_process_seqs] Processed 1066668 reads in 790.544 CPU sec, 51.094 real sec
[M::mem_pestat] # candidate unique pairs for (FF, FR, RF, RR): (33, 222894, 79, 35)
[M::mem_pestat] analyzing insert size distribution for orientation FF...
[M::mem_pestat] (25, 50, 75) percentile: (276, 442, 2320)
[M::mem_pestat] low and high boundaries for computing mean and std.dev: (1, 6408)
[M::mem_pestat] mean and std.dev: (1507.06, 1835.92)
[M::mem_pestat] low and high boundaries for proper pairs: (1, 8851)
[M::mem_pestat] analyzing insert size distribution for orientation FR...
[M::mem_pestat] (25, 50, 75) percentile: (271, 357, 458)
[M::mem_pestat] low and high boundaries for computing mean and std.dev: (1, 832)
[M::mem_pestat] mean and std.dev: (364.83, 140.34)
[M::mem_pestat] low and high boundaries for proper pairs: (1, 1019)
[M::mem_pestat] analyzing insert size distribution for orientation RF...
[M::mem_pestat] (25, 50, 75) percentile: (218, 950, 3238)
[M::mem_pestat] low and high boundaries for computing mean and std.dev: (1, 9278)
[M::mem_pestat] mean and std.dev: (2200.03, 2623.05)
[M::mem_pestat] low and high boundaries for proper pairs: (1, 12692)
[M::mem_pestat] analyzing insert size distribution for orientation RR...
[M::mem_pestat] (25, 50, 75) percentile: (474, 804, 1209)
[M::mem_pestat] low and high boundaries for computing mean and std.dev: (1, 2679)
[M::mem_pestat] mean and std.dev: (673.72, 340.15)
[M::mem_pestat] low and high boundaries for proper pairs: (1, 3414)
[M::mem_pestat] skip orientation FF
[M::mem_pestat] skip orientation RF
[M::mem_pestat] skip orientation RR
[M::process] read 1066668 sequences (160000200 bp)...
[M::mem_process_seqs] Processed 1066668 reads in 780.079 CPU sec, 50.410 real sec
[M::mem_pestat] # candidate unique pairs for (FF, FR, RF, RR): (38, 223922, 80, 41)
[M::mem_pestat] analyzing insert size distribution for orientation FF...
[M::mem_pestat] (25, 50, 75) percentile: (229, 374, 1560)
[M::mem_pestat] low and high boundaries for computing mean and std.dev: (1, 4222)
[M::mem_pestat] mean and std.dev: (785.68, 802.41)
[M::mem_pestat] low and high boundaries for proper pairs: (1, 5553)
[M::mem_pestat] analyzing insert size distribution for orientation FR...
[M::mem_pestat] (25, 50, 75) percentile: (268, 351, 449)
[M::mem_pestat] low and high boundaries for computing mean and std.dev: (1, 811)
[M::mem_pestat] mean and std.dev: (358.62, 136.76)
[M::mem_pestat] low and high boundaries for proper pairs: (1, 992)
[M::mem_pestat] analyzing insert size distribution for orientation RF...
[M::mem_pestat] (25, 50, 75) percentile: (247, 1445, 3347)
[M::mem_pestat] low and high boundaries for computing mean and std.dev: (1, 9547)
[M::mem_pestat] mean and std.dev: (2003.74, 2214.50)
[M::mem_pestat] low and high boundaries for proper pairs: (1, 12647)
[M::mem_pestat] analyzing insert size distribution for orientation RR...
[M::mem_pestat] (25, 50, 75) percentile: (242, 498, 1879)
[M::mem_pestat] low and high boundaries for computing mean and std.dev: (1, 5153)
[M::mem_pestat] mean and std.dev: (984.15, 1123.84)
[M::mem_pestat] low and high boundaries for proper pairs: (1, 6790)
[M::mem_pestat] skip orientation FF
[M::mem_pestat] skip orientation RF
[M::mem_pestat] skip orientation RR
[M::process] read 1066668 sequences (160000200 bp)...
[M::mem_process_seqs] Processed 1066668 reads in 777.199 CPU sec, 50.199 real sec
[M::mem_pestat] # candidate unique pairs for (FF, FR, RF, RR): (33, 223626, 61, 31)
[M::mem_pestat] analyzing insert size distribution for orientation FF...
[M::mem_pestat] (25, 50, 75) percentile: (196, 445, 1401)
[M::mem_pestat] low and high boundaries for computing mean and std.dev: (1, 3811)
[M::mem_pestat] mean and std.dev: (523.04, 517.60)
[M::mem_pestat] low and high boundaries for proper pairs: (1, 5016)
[M::mem_pestat] analyzing insert size distribution for orientation FR...
[M::mem_pestat] (25, 50, 75) percentile: (270, 356, 459)
[M::mem_pestat] low and high boundaries for computing mean and std.dev: (1, 837)
[M::mem_pestat] mean and std.dev: (365.05, 142.11)
[M::mem_pestat] low and high boundaries for proper pairs: (1, 1026)
[M::mem_pestat] analyzing insert size distribution for orientation RF...
[M::mem_pestat] (25, 50, 75) percentile: (179, 340, 1684)
[M::mem_pestat] low and high boundaries for computing mean and std.dev: (1, 4694)
[M::mem_pestat] mean and std.dev: (773.61, 1070.56)
[M::mem_pestat] low and high boundaries for proper pairs: (1, 6199)
[M::mem_pestat] analyzing insert size distribution for orientation RR...
[M::mem_pestat] (25, 50, 75) percentile: (394, 857, 2149)
[M::mem_pestat] low and high boundaries for computing mean and std.dev: (1, 5659)
[M::mem_pestat] mean and std.dev: (1056.32, 967.90)
[M::mem_pestat] low and high boundaries for proper pairs: (1, 7414)
[M::mem_pestat] skip orientation FF
[M::mem_pestat] skip orientation RF
[M::mem_pestat] skip orientation RR
[M::process] read 1066668 sequences (160000200 bp)...
[M::mem_process_seqs] Processed 1066668 reads in 784.988 CPU sec, 50.615 real sec
[M::mem_pestat] # candidate unique pairs for (FF, FR, RF, RR): (35, 223224, 73, 40)
[M::mem_pestat] analyzing insert size distribution for orientation FF...
[M::mem_pestat] (25, 50, 75) percentile: (218, 1133, 2269)
[M::mem_pestat] low and high boundaries for computing mean and std.dev: (1, 6371)
[M::mem_pestat] mean and std.dev: (1119.57, 1148.55)
[M::mem_pestat] low and high boundaries for proper pairs: (1, 8422)
[M::mem_pestat] analyzing insert size distribution for orientation FR...
[M::mem_pestat] (25, 50, 75) percentile: (269, 353, 456)
[M::mem_pestat] low and high boundaries for computing mean and std.dev: (1, 830)
[M::mem_pestat] mean and std.dev: (362.89, 140.73)
[M::mem_pestat] low and high boundaries for proper pairs: (1, 1017)
[M::mem_pestat] analyzing insert size distribution for orientation RF...
[M::mem_pestat] (25, 50, 75) percentile: (128, 1178, 3357)
[M::mem_pestat] low and high boundaries for computing mean and std.dev: (1, 9815)
[M::mem_pestat] mean and std.dev: (2312.61, 2798.34)
[M::mem_pestat] low and high boundaries for proper pairs: (1, 13506)
[M::mem_pestat] analyzing insert size distribution for orientation RR...
[M::mem_pestat] (25, 50, 75) percentile: (331, 758, 1845)
[M::mem_pestat] low and high boundaries for computing mean and std.dev: (1, 4873)
[M::mem_pestat] mean and std.dev: (976.95, 778.02)
[M::mem_pestat] low and high boundaries for proper pairs: (1, 6387)
[M::mem_pestat] skip orientation FF
[M::mem_pestat] skip orientation RF
[M::mem_pestat] skip orientation RR
[M::process] read 1066668 sequences (160000200 bp)...
[M::mem_process_seqs] Processed 1066668 reads in 787.635 CPU sec, 50.860 real sec
[M::mem_pestat] # candidate unique pairs for (FF, FR, RF, RR): (25, 223457, 80, 18)
[M::mem_pestat] analyzing insert size distribution for orientation FF...
[M::mem_pestat] (25, 50, 75) percentile: (226, 446, 2505)
[M::mem_pestat] low and high boundaries for computing mean and std.dev: (1, 7063)
[M::mem_pestat] mean and std.dev: (1178.96, 1265.73)
[M::mem_pestat] low and high boundaries for proper pairs: (1, 9342)
[M::mem_pestat] analyzing insert size distribution for orientation FR...
[M::mem_pestat] (25, 50, 75) percentile: (268, 352, 453)
[M::mem_pestat] low and high boundaries for computing mean and std.dev: (1, 823)
[M::mem_pestat] mean and std.dev: (361.60, 138.98)
[M::mem_pestat] low and high boundaries for proper pairs: (1, 1008)
[M::mem_pestat] analyzing insert size distribution for orientation RF...
[M::mem_pestat] (25, 50, 75) percentile: (154, 1007, 3654)
[M::mem_pestat] low and high boundaries for computing mean and std.dev: (1, 10654)
[M::mem_pestat] mean and std.dev: (2115.29, 2338.98)
[M::mem_pestat] low and high boundaries for proper pairs: (1, 14154)
[M::mem_pestat] analyzing insert size distribution for orientation RR...
[M::mem_pestat] (25, 50, 75) percentile: (298, 479, 713)
[M::mem_pestat] low and high boundaries for computing mean and std.dev: (1, 1543)
[M::mem_pestat] mean and std.dev: (558.28, 391.94)
[M::mem_pestat] low and high boundaries for proper pairs: (1, 2126)
[M::mem_pestat] skip orientation FF
[M::mem_pestat] skip orientation RF
[M::mem_pestat] skip orientation RR
[M::process] read 1066668 sequences (160000200 bp)...
[M::mem_process_seqs] Processed 1066668 reads in 794.773 CPU sec, 51.313 real sec
[M::mem_pestat] # candidate unique pairs for (FF, FR, RF, RR): (43, 223243, 88, 39)
[M::mem_pestat] analyzing insert size distribution for orientation FF...
[M::mem_pestat] (25, 50, 75) percentile: (330, 526, 1075)
[M::mem_pestat] low and high boundaries for computing mean and std.dev: (1, 2565)
[M::mem_pestat] mean and std.dev: (752.44, 635.32)
[M::mem_pestat] low and high boundaries for proper pairs: (1, 3310)
[M::mem_pestat] analyzing insert size distribution for orientation FR...
[M::mem_pestat] (25, 50, 75) percentile: (267, 350, 453)
[M::mem_pestat] low and high boundaries for computing mean and std.dev: (1, 825)
[M::mem_pestat] mean and std.dev: (360.81, 139.69)
[M::mem_pestat] low and high boundaries for proper pairs: (1, 1011)
[M::mem_pestat] analyzing insert size distribution for orientation RF...
[M::mem_pestat] (25, 50, 75) percentile: (285, 1077, 4102)
[M::mem_pestat] low and high boundaries for computing mean and std.dev: (1, 11736)
[M::mem_pestat] mean and std.dev: (2460.91, 2816.75)
[M::mem_pestat] low and high boundaries for proper pairs: (1, 15553)
[M::mem_pestat] analyzing insert size distribution for orientation RR...
[M::mem_pestat] (25, 50, 75) percentile: (236, 433, 1027)
[M::mem_pestat] low and high boundaries for computing mean and std.dev: (1, 2609)
[M::mem_pestat] mean and std.dev: (557.44, 489.39)
[M::mem_pestat] low and high boundaries for proper pairs: (1, 3400)
[M::mem_pestat] skip orientation FF
[M::mem_pestat] skip orientation RF
[M::mem_pestat] skip orientation RR
[M::process] read 1066668 sequences (160000200 bp)...
[M::mem_process_seqs] Processed 1066668 reads in 800.819 CPU sec, 51.711 real sec
[M::mem_pestat] # candidate unique pairs for (FF, FR, RF, RR): (30, 222080, 80, 35)
[M::mem_pestat] analyzing insert size distribution for orientation FF...
[M::mem_pestat] (25, 50, 75) percentile: (253, 488, 1177)
[M::mem_pestat] low and high boundaries for computing mean and std.dev: (1, 3025)
[M::mem_pestat] mean and std.dev: (691.21, 637.86)
[M::mem_pestat] low and high boundaries for proper pairs: (1, 3949)
[M::mem_pestat] analyzing insert size distribution for orientation FR...
[M::mem_pestat] (25, 50, 75) percentile: (263, 347, 450)
[M::mem_pestat] low and high boundaries for computing mean and std.dev: (1, 824)
[M::mem_pestat] mean and std.dev: (357.62, 140.21)
[M::mem_pestat] low and high boundaries for proper pairs: (1, 1011)
[M::mem_pestat] analyzing insert size distribution for orientation RF...
[M::mem_pestat] (25, 50, 75) percentile: (361, 946, 4112)
[M::mem_pestat] low and high boundaries for computing mean and std.dev: (1, 11614)
[M::mem_pestat] mean and std.dev: (2404.78, 2846.84)
[M::mem_pestat] low and high boundaries for proper pairs: (1, 15365)
[M::mem_pestat] analyzing insert size distribution for orientation RR...
[M::mem_pestat] (25, 50, 75) percentile: (245, 541, 1832)
[M::mem_pestat] low and high boundaries for computing mean and std.dev: (1, 5006)
[M::mem_pestat] mean and std.dev: (796.22, 877.28)
[M::mem_pestat] low and high boundaries for proper pairs: (1, 6593)
[M::mem_pestat] skip orientation FF
[M::mem_pestat] skip orientation RF
[M::mem_pestat] skip orientation RR
[M::process] read 1066668 sequences (160000200 bp)...
[M::mem_process_seqs] Processed 1066668 reads in 807.805 CPU sec, 52.206 real sec
[M::mem_pestat] # candidate unique pairs for (FF, FR, RF, RR): (47, 223092, 71, 47)
[M::mem_pestat] analyzing insert size distribution for orientation FF...
[M::mem_pestat] (25, 50, 75) percentile: (207, 399, 950)
[M::mem_pestat] low and high boundaries for computing mean and std.dev: (1, 2436)
[M::mem_pestat] mean and std.dev: (520.68, 592.87)
[M::mem_pestat] low and high boundaries for proper pairs: (1, 3179)
[M::mem_pestat] analyzing insert size distribution for orientation FR...
[M::mem_pestat] (25, 50, 75) percentile: (263, 346, 447)
[M::mem_pestat] low and high boundaries for computing mean and std.dev: (1, 815)
[M::mem_pestat] mean and std.dev: (355.90, 138.57)
[M::mem_pestat] low and high boundaries for proper pairs: (1, 999)
[M::mem_pestat] analyzing insert size distribution for orientation RF...
[M::mem_pestat] (25, 50, 75) percentile: (208, 542, 3256)
[M::mem_pestat] low and high boundaries for computing mean and std.dev: (1, 9352)
[M::mem_pestat] mean and std.dev: (2088.30, 2741.79)
[M::mem_pestat] low and high boundaries for proper pairs: (1, 13055)
[M::mem_pestat] analyzing insert size distribution for orientation RR...
[M::mem_pestat] (25, 50, 75) percentile: (333, 535, 1273)
[M::mem_pestat] low and high boundaries for computing mean and std.dev: (1, 3153)
[M::mem_pestat] mean and std.dev: (774.02, 690.53)
[M::mem_pestat] low and high boundaries for proper pairs: (1, 4093)
[M::mem_pestat] skip orientation FF
[M::mem_pestat] skip orientation RF
[M::mem_pestat] skip orientation RR
[M::process] read 1066668 sequences (160000200 bp)...
[M::mem_process_seqs] Processed 1066668 reads in 817.013 CPU sec, 52.794 real sec
[M::mem_pestat] # candidate unique pairs for (FF, FR, RF, RR): (44, 220656, 63, 36)
[M::mem_pestat] analyzing insert size distribution for orientation FF...
[M::mem_pestat] (25, 50, 75) percentile: (261, 477, 829)
[M::mem_pestat] low and high boundaries for computing mean and std.dev: (1, 1965)
[M::mem_pestat] mean and std.dev: (536.55, 386.13)
[M::mem_pestat] low and high boundaries for proper pairs: (1, 2533)
[M::mem_pestat] analyzing insert size distribution for orientation FR...
[M::mem_pestat] (25, 50, 75) percentile: (270, 363, 476)
[M::mem_pestat] low and high boundaries for computing mean and std.dev: (1, 888)
[M::mem_pestat] mean and std.dev: (373.49, 149.65)
[M::mem_pestat] low and high boundaries for proper pairs: (1, 1094)
[M::mem_pestat] analyzing insert size distribution for orientation RF...
[M::mem_pestat] (25, 50, 75) percentile: (266, 609, 2723)
[M::mem_pestat] low and high boundaries for computing mean and std.dev: (1, 7637)
[M::mem_pestat] mean and std.dev: (1408.72, 1881.80)
[M::mem_pestat] low and high boundaries for proper pairs: (1, 10094)
[M::mem_pestat] analyzing insert size distribution for orientation RR...
[M::mem_pestat] (25, 50, 75) percentile: (208, 694, 1400)
[M::mem_pestat] low and high boundaries for computing mean and std.dev: (1, 3784)
[M::mem_pestat] mean and std.dev: (677.44, 618.62)
[M::mem_pestat] low and high boundaries for proper pairs: (1, 4976)
[M::mem_pestat] skip orientation FF
[M::mem_pestat] skip orientation RF
[M::mem_pestat] skip orientation RR
[M::process] read 1066668 sequences (160000200 bp)...
[M::mem_process_seqs] Processed 1066668 reads in 820.620 CPU sec, 53.024 real sec
[M::mem_pestat] # candidate unique pairs for (FF, FR, RF, RR): (36, 221258, 70, 35)
[M::mem_pestat] analyzing insert size distribution for orientation FF...
[M::mem_pestat] (25, 50, 75) percentile: (230, 479, 1656)
[M::mem_pestat] low and high boundaries for computing mean and std.dev: (1, 4508)
[M::mem_pestat] mean and std.dev: (1036.41, 1078.60)
[M::mem_pestat] low and high boundaries for proper pairs: (1, 5934)
[M::mem_pestat] analyzing insert size distribution for orientation FR...
[M::mem_pestat] (25, 50, 75) percentile: (276, 370, 483)
[M::mem_pestat] low and high boundaries for computing mean and std.dev: (1, 897)
[M::mem_pestat] mean and std.dev: (380.42, 151.03)
[M::mem_pestat] low and high boundaries for proper pairs: (1, 1104)
[M::mem_pestat] analyzing insert size distribution for orientation RF...
[M::mem_pestat] (25, 50, 75) percentile: (254, 1044, 7032)
[M::mem_pestat] low and high boundaries for computing mean and std.dev: (1, 20588)
[M::mem_pestat] mean and std.dev: (3183.13, 3648.26)
[M::mem_pestat] low and high boundaries for proper pairs: (1, 27366)
[M::mem_pestat] analyzing insert size distribution for orientation RR...
[M::mem_pestat] (25, 50, 75) percentile: (248, 505, 1754)
[M::mem_pestat] low and high boundaries for computing mean and std.dev: (1, 4766)
[M::mem_pestat] mean and std.dev: (1137.60, 1205.69)
[M::mem_pestat] low and high boundaries for proper pairs: (1, 6272)
[M::mem_pestat] skip orientation FF
[M::mem_pestat] skip orientation RF
[M::mem_pestat] skip orientation RR
[M::mem_process_seqs] Processed 1066668 reads in 811.317 CPU sec, 53.500 real sec
[M::process] read 1066668 sequences (160000200 bp)...
[M::mem_pestat] # candidate unique pairs for (FF, FR, RF, RR): (38, 222328, 71, 44)
[M::mem_pestat] analyzing insert size distribution for orientation FF...
[M::mem_pestat] (25, 50, 75) percentile: (289, 619, 2560)
[M::mem_pestat] low and high boundaries for computing mean and std.dev: (1, 7102)
[M::mem_pestat] mean and std.dev: (1498.66, 1727.22)
[M::mem_pestat] low and high boundaries for proper pairs: (1, 9373)
[M::mem_pestat] analyzing insert size distribution for orientation FR...
[M::mem_pestat] (25, 50, 75) percentile: (269, 360, 472)
[M::mem_pestat] low and high boundaries for computing mean and std.dev: (1, 878)
[M::mem_pestat] mean and std.dev: (371.31, 148.76)
[M::mem_pestat] low and high boundaries for proper pairs: (1, 1081)
[M::mem_pestat] analyzing insert size distribution for orientation RF...
[M::mem_pestat] (25, 50, 75) percentile: (319, 1058, 2400)
[M::mem_pestat] low and high boundaries for computing mean and std.dev: (1, 6562)
[M::mem_pestat] mean and std.dev: (1202.61, 1301.14)
[M::mem_pestat] low and high boundaries for proper pairs: (1, 8643)
[M::mem_pestat] analyzing insert size distribution for orientation RR...
[M::mem_pestat] (25, 50, 75) percentile: (321, 427, 863)
[M::mem_pestat] low and high boundaries for computing mean and std.dev: (1, 1947)
[M::mem_pestat] mean and std.dev: (464.11, 301.53)
[M::mem_pestat] low and high boundaries for proper pairs: (1, 2489)
[M::mem_pestat] skip orientation FF
[M::mem_pestat] skip orientation RF
[M::mem_pestat] skip orientation RR
[M::process] read 1066668 sequences (160000200 bp)...
[M::mem_process_seqs] Processed 1066668 reads in 800.656 CPU sec, 51.068 real sec
[M::mem_pestat] # candidate unique pairs for (FF, FR, RF, RR): (35, 221662, 84, 42)
[M::mem_pestat] analyzing insert size distribution for orientation FF...
[M::mem_pestat] (25, 50, 75) percentile: (387, 562, 1758)
[M::mem_pestat] low and high boundaries for computing mean and std.dev: (1, 4500)
[M::mem_pestat] mean and std.dev: (876.97, 783.70)
[M::mem_pestat] low and high boundaries for proper pairs: (1, 5871)
[M::mem_pestat] analyzing insert size distribution for orientation FR...
[M::mem_pestat] (25, 50, 75) percentile: (270, 359, 471)
[M::mem_pestat] low and high boundaries for computing mean and std.dev: (1, 873)
[M::mem_pestat] mean and std.dev: (370.95, 147.75)
[M::mem_pestat] low and high boundaries for proper pairs: (1, 1074)
[M::mem_pestat] analyzing insert size distribution for orientation RF...
[M::mem_pestat] (25, 50, 75) percentile: (187, 988, 3433)
[M::mem_pestat] low and high boundaries for computing mean and std.dev: (1, 9925)
[M::mem_pestat] mean and std.dev: (2498.20, 3195.53)
[M::mem_pestat] low and high boundaries for proper pairs: (1, 15280)
[M::mem_pestat] analyzing insert size distribution for orientation RR...
[M::mem_pestat] (25, 50, 75) percentile: (267, 575, 1786)
[M::mem_pestat] low and high boundaries for computing mean and std.dev: (1, 4824)
[M::mem_pestat] mean and std.dev: (1039.29, 1049.96)
[M::mem_pestat] low and high boundaries for proper pairs: (1, 6343)
[M::mem_pestat] skip orientation FF
[M::mem_pestat] skip orientation RF
[M::mem_pestat] skip orientation RR
[M::process] read 1066668 sequences (160000200 bp)...
[M::mem_process_seqs] Processed 1066668 reads in 807.545 CPU sec, 52.042 real sec
[M::mem_pestat] # candidate unique pairs for (FF, FR, RF, RR): (34, 221942, 77, 27)
[M::mem_pestat] analyzing insert size distribution for orientation FF...
[M::mem_pestat] (25, 50, 75) percentile: (204, 382, 978)
[M::mem_pestat] low and high boundaries for computing mean and std.dev: (1, 2526)
[M::mem_pestat] mean and std.dev: (500.00, 414.00)
[M::mem_pestat] low and high boundaries for proper pairs: (1, 3300)
[M::mem_pestat] analyzing insert size distribution for orientation FR...
[M::mem_pestat] (25, 50, 75) percentile: (270, 360, 469)
[M::mem_pestat] low and high boundaries for computing mean and std.dev: (1, 867)
[M::mem_pestat] mean and std.dev: (370.50, 146.46)
[M::mem_pestat] low and high boundaries for proper pairs: (1, 1066)
[M::mem_pestat] analyzing insert size distribution for orientation RF...
[M::mem_pestat] (25, 50, 75) percentile: (469, 1508, 3604)
[M::mem_pestat] low and high boundaries for computing mean and std.dev: (1, 9874)
[M::mem_pestat] mean and std.dev: (2332.95, 2207.94)
[M::mem_pestat] low and high boundaries for proper pairs: (1, 13009)
[M::mem_pestat] analyzing insert size distribution for orientation RR...
[M::mem_pestat] (25, 50, 75) percentile: (452, 756, 1985)
[M::mem_pestat] low and high boundaries for computing mean and std.dev: (1, 5051)
[M::mem_pestat] mean and std.dev: (1075.00, 999.70)
[M::mem_pestat] low and high boundaries for proper pairs: (1, 6584)
[M::mem_pestat] skip orientation FF
[M::mem_pestat] skip orientation RF
[M::mem_pestat] skip orientation RR
[M::process] read 1066668 sequences (160000200 bp)...
[M::mem_process_seqs] Processed 1066668 reads in 804.997 CPU sec, 51.875 real sec
[M::mem_pestat] # candidate unique pairs for (FF, FR, RF, RR): (29, 222432, 84, 50)
[M::mem_pestat] analyzing insert size distribution for orientation FF...
[M::mem_pestat] (25, 50, 75) percentile: (279, 682, 2369)
[M::mem_pestat] low and high boundaries for computing mean and std.dev: (1, 6549)
[M::mem_pestat] mean and std.dev: (1409.36, 1639.91)
[M::mem_pestat] low and high boundaries for proper pairs: (1, 8639)
[M::mem_pestat] analyzing insert size distribution for orientation FR...
[M::mem_pestat] (25, 50, 75) percentile: (272, 360, 468)
[M::mem_pestat] low and high boundaries for computing mean and std.dev: (1, 860)
[M::mem_pestat] mean and std.dev: (371.56, 145.70)
[M::mem_pestat] low and high boundaries for proper pairs: (1, 1056)
[M::mem_pestat] analyzing insert size distribution for orientation RF...
[M::mem_pestat] (25, 50, 75) percentile: (431, 1399, 4000)
[M::mem_pestat] low and high boundaries for computing mean and std.dev: (1, 11138)
[M::mem_pestat] mean and std.dev: (2520.07, 2503.81)
[M::mem_pestat] low and high boundaries for proper pairs: (1, 14707)
[M::mem_pestat] analyzing insert size distribution for orientation RR...
[M::mem_pestat] (25, 50, 75) percentile: (337, 1123, 3264)
[M::mem_pestat] low and high boundaries for computing mean and std.dev: (1, 9118)
[M::mem_pestat] mean and std.dev: (2017.87, 2303.43)
[M::mem_pestat] low and high boundaries for proper pairs: (1, 12045)
[M::mem_pestat] skip orientation FF
[M::mem_pestat] skip orientation RF
[M::mem_pestat] skip orientation RR
[M::process] read 1066668 sequences (160000200 bp)...
[M::mem_process_seqs] Processed 1066668 reads in 800.534 CPU sec, 51.579 real sec
[M::mem_pestat] # candidate unique pairs for (FF, FR, RF, RR): (32, 222230, 69, 48)
[M::mem_pestat] analyzing insert size distribution for orientation FF...
[M::mem_pestat] (25, 50, 75) percentile: (378, 699, 1749)
[M::mem_pestat] low and high boundaries for computing mean and std.dev: (1, 4491)
[M::mem_pestat] mean and std.dev: (1069.72, 1106.72)
[M::mem_pestat] low and high boundaries for proper pairs: (1, 5862)
[M::mem_pestat] analyzing insert size distribution for orientation FR...
[M::mem_pestat] (25, 50, 75) percentile: (271, 358, 467)
[M::mem_pestat] low and high boundaries for computing mean and std.dev: (1, 859)
[M::mem_pestat] mean and std.dev: (369.97, 145.09)
[M::mem_pestat] low and high boundaries for proper pairs: (1, 1055)
[M::mem_pestat] analyzing insert size distribution for orientation RF...
[M::mem_pestat] (25, 50, 75) percentile: (159, 775, 3437)
[M::mem_pestat] low and high boundaries for computing mean and std.dev: (1, 9993)
[M::mem_pestat] mean and std.dev: (2405.39, 2948.53)
[M::mem_pestat] low and high boundaries for proper pairs: (1, 14200)
[M::mem_pestat] analyzing insert size distribution for orientation RR...
[M::mem_pestat] (25, 50, 75) percentile: (252, 497, 1374)
[M::mem_pestat] low and high boundaries for computing mean and std.dev: (1, 3618)
[M::mem_pestat] mean and std.dev: (796.70, 737.76)
[M::mem_pestat] low and high boundaries for proper pairs: (1, 4740)
[M::mem_pestat] skip orientation FF
[M::mem_pestat] skip orientation RF
[M::mem_pestat] skip orientation RR
[M::process] read 1066668 sequences (160000200 bp)...
[M::mem_process_seqs] Processed 1066668 reads in 804.797 CPU sec, 51.921 real sec
[M::mem_pestat] # candidate unique pairs for (FF, FR, RF, RR): (35, 222209, 76, 36)
[M::mem_pestat] analyzing insert size distribution for orientation FF...
[M::mem_pestat] (25, 50, 75) percentile: (278, 743, 1946)
[M::mem_pestat] low and high boundaries for computing mean and std.dev: (1, 5282)
[M::mem_pestat] mean and std.dev: (970.87, 1156.19)
[M::mem_pestat] low and high boundaries for proper pairs: (1, 6950)
[M::mem_pestat] analyzing insert size distribution for orientation FR...
[M::mem_pestat] (25, 50, 75) percentile: (272, 358, 466)
[M::mem_pestat] low and high boundaries for computing mean and std.dev: (1, 854)
[M::mem_pestat] mean and std.dev: (369.62, 144.32)
[M::mem_pestat] low and high boundaries for proper pairs: (1, 1048)
[M::mem_pestat] analyzing insert size distribution for orientation RF...
[M::mem_pestat] (25, 50, 75) percentile: (213, 897, 5495)
[M::mem_pestat] low and high boundaries for computing mean and std.dev: (1, 16059)
[M::mem_pestat] mean and std.dev: (2800.88, 3235.99)
[M::mem_pestat] low and high boundaries for proper pairs: (1, 21341)
[M::mem_pestat] analyzing insert size distribution for orientation RR...
[M::mem_pestat] (25, 50, 75) percentile: (380, 571, 801)
[M::mem_pestat] low and high boundaries for computing mean and std.dev: (1, 1643)
[M::mem_pestat] mean and std.dev: (595.50, 315.69)
[M::mem_pestat] low and high boundaries for proper pairs: (1, 2064)
[M::mem_pestat] skip orientation FF
[M::mem_pestat] skip orientation RF
[M::mem_pestat] skip orientation RR
[M::process] read 1066668 sequences (160000200 bp)...
[M::mem_process_seqs] Processed 1066668 reads in 805.218 CPU sec, 51.988 real sec
[M::mem_pestat] # candidate unique pairs for (FF, FR, RF, RR): (26, 221762, 72, 43)
[M::mem_pestat] analyzing insert size distribution for orientation FF...
[M::mem_pestat] (25, 50, 75) percentile: (347, 677, 1738)
[M::mem_pestat] low and high boundaries for computing mean and std.dev: (1, 4520)
[M::mem_pestat] mean and std.dev: (951.32, 871.96)
[M::mem_pestat] low and high boundaries for proper pairs: (1, 5911)
[M::mem_pestat] analyzing insert size distribution for orientation FR...
[M::mem_pestat] (25, 50, 75) percentile: (266, 354, 466)
[M::mem_pestat] low and high boundaries for computing mean and std.dev: (1, 866)
[M::mem_pestat] mean and std.dev: (367.19, 148.18)
[M::mem_pestat] low and high boundaries for proper pairs: (1, 1066)
[M::mem_pestat] analyzing insert size distribution for orientation RF...
[M::mem_pestat] (25, 50, 75) percentile: (163, 596, 3730)
[M::mem_pestat] low and high boundaries for computing mean and std.dev: (1, 10864)
[M::mem_pestat] mean and std.dev: (2004.96, 2481.36)
[M::mem_pestat] low and high boundaries for proper pairs: (1, 14431)
[M::mem_pestat] analyzing insert size distribution for orientation RR...
[M::mem_pestat] (25, 50, 75) percentile: (352, 589, 2448)
[M::mem_pestat] low and high boundaries for computing mean and std.dev: (1, 6640)
[M::mem_pestat] mean and std.dev: (1101.27, 1206.83)
[M::mem_pestat] low and high boundaries for proper pairs: (1, 8736)
[M::mem_pestat] skip orientation FF
[M::mem_pestat] skip orientation RF
[M::mem_pestat] skip orientation RR
[M::process] read 1066668 sequences (160000200 bp)...
[M::mem_process_seqs] Processed 1066668 reads in 812.816 CPU sec, 52.422 real sec
[M::mem_pestat] # candidate unique pairs for (FF, FR, RF, RR): (27, 220170, 65, 35)
[M::mem_pestat] analyzing insert size distribution for orientation FF...
[M::mem_pestat] (25, 50, 75) percentile: (245, 501, 4293)
[M::mem_pestat] low and high boundaries for computing mean and std.dev: (1, 12389)
[M::mem_pestat] mean and std.dev: (2203.85, 3121.47)
[M::mem_pestat] low and high boundaries for proper pairs: (1, 16437)
[M::mem_pestat] analyzing insert size distribution for orientation FR...
[M::mem_pestat] (25, 50, 75) percentile: (267, 359, 474)
[M::mem_pestat] low and high boundaries for computing mean and std.dev: (1, 888)
[M::mem_pestat] mean and std.dev: (371.78, 151.35)
[M::mem_pestat] low and high boundaries for proper pairs: (1, 1095)
[M::mem_pestat] analyzing insert size distribution for orientation RF...
[M::mem_pestat] (25, 50, 75) percentile: (456, 1225, 3392)
[M::mem_pestat] low and high boundaries for computing mean and std.dev: (1, 9264)
[M::mem_pestat] mean and std.dev: (2108.39, 2421.34)
[M::mem_pestat] low and high boundaries for proper pairs: (1, 12200)
[M::mem_pestat] analyzing insert size distribution for orientation RR...
[M::mem_pestat] (25, 50, 75) percentile: (285, 368, 797)
[M::mem_pestat] low and high boundaries for computing mean and std.dev: (1, 1821)
[M::mem_pestat] mean and std.dev: (473.76, 341.95)
[M::mem_pestat] low and high boundaries for proper pairs: (1, 2333)
[M::mem_pestat] skip orientation FF
[M::mem_pestat] skip orientation RF
[M::mem_pestat] skip orientation RR
[M::process] read 1066668 sequences (160000200 bp)...
[M::mem_process_seqs] Processed 1066668 reads in 798.069 CPU sec, 51.550 real sec
[M::mem_pestat] # candidate unique pairs for (FF, FR, RF, RR): (35, 221659, 78, 29)
[M::mem_pestat] analyzing insert size distribution for orientation FF...
[M::mem_pestat] (25, 50, 75) percentile: (217, 315, 1314)
[M::mem_pestat] low and high boundaries for computing mean and std.dev: (1, 3508)
[M::mem_pestat] mean and std.dev: (683.00, 718.69)
[M::mem_pestat] low and high boundaries for proper pairs: (1, 4605)
[M::mem_pestat] analyzing insert size distribution for orientation FR...
[M::mem_pestat] (25, 50, 75) percentile: (267, 359, 474)
[M::mem_pestat] low and high boundaries for computing mean and std.dev: (1, 888)
[M::mem_pestat] mean and std.dev: (371.39, 150.91)
[M::mem_pestat] low and high boundaries for proper pairs: (1, 1095)
[M::mem_pestat] analyzing insert size distribution for orientation RF...
[M::mem_pestat] (25, 50, 75) percentile: (481, 3266, 6452)
[M::mem_pestat] low and high boundaries for computing mean and std.dev: (1, 18394)
[M::mem_pestat] mean and std.dev: (3462.26, 3144.46)
[M::mem_pestat] low and high boundaries for proper pairs: (1, 24365)
[M::mem_pestat] analyzing insert size distribution for orientation RR...
[M::mem_pestat] (25, 50, 75) percentile: (231, 596, 1886)
[M::mem_pestat] low and high boundaries for computing mean and std.dev: (1, 5196)
[M::mem_pestat] mean and std.dev: (598.17, 531.99)
[M::mem_pestat] low and high boundaries for proper pairs: (1, 6851)
[M::mem_pestat] skip orientation FF
[M::mem_pestat] skip orientation RF
[M::mem_pestat] skip orientation RR
[M::process] read 1066668 sequences (160000200 bp)...
[M::mem_process_seqs] Processed 1066668 reads in 797.529 CPU sec, 51.490 real sec
[M::mem_pestat] # candidate unique pairs for (FF, FR, RF, RR): (37, 221250, 90, 40)
[M::mem_pestat] analyzing insert size distribution for orientation FF...
[M::mem_pestat] (25, 50, 75) percentile: (373, 1449, 4008)
[M::mem_pestat] low and high boundaries for computing mean and std.dev: (1, 11278)
[M::mem_pestat] mean and std.dev: (1992.14, 1934.38)
[M::mem_pestat] low and high boundaries for proper pairs: (1, 14913)
[M::mem_pestat] analyzing insert size distribution for orientation FR...
[M::mem_pestat] (25, 50, 75) percentile: (268, 359, 474)
[M::mem_pestat] low and high boundaries for computing mean and std.dev: (1, 886)
[M::mem_pestat] mean and std.dev: (371.41, 149.70)
[M::mem_pestat] low and high boundaries for proper pairs: (1, 1092)
[M::mem_pestat] analyzing insert size distribution for orientation RF...
[M::mem_pestat] (25, 50, 75) percentile: (292, 1291, 5832)
[M::mem_pestat] low and high boundaries for computing mean and std.dev: (1, 16912)
[M::mem_pestat] mean and std.dev: (3004.83, 3216.97)
[M::mem_pestat] low and high boundaries for proper pairs: (1, 22452)
[M::mem_pestat] analyzing insert size distribution for orientation RR...
[M::mem_pestat] (25, 50, 75) percentile: (271, 514, 1356)
[M::mem_pestat] low and high boundaries for computing mean and std.dev: (1, 3526)
[M::mem_pestat] mean and std.dev: (643.76, 628.62)
[M::mem_pestat] low and high boundaries for proper pairs: (1, 4611)
[M::mem_pestat] skip orientation FF
[M::mem_pestat] skip orientation RF
[M::mem_pestat] skip orientation RR
[M::process] read 1066668 sequences (160000200 bp)...
[M::mem_process_seqs] Processed 1066668 reads in 802.033 CPU sec, 51.723 real sec
[M::mem_pestat] # candidate unique pairs for (FF, FR, RF, RR): (28, 221541, 79, 38)
[M::mem_pestat] analyzing insert size distribution for orientation FF...
[M::mem_pestat] (25, 50, 75) percentile: (289, 368, 781)
[M::mem_pestat] low and high boundaries for computing mean and std.dev: (1, 1765)
[M::mem_pestat] mean and std.dev: (454.88, 287.75)
[M::mem_pestat] low and high boundaries for proper pairs: (1, 2257)
[M::mem_pestat] analyzing insert size distribution for orientation FR...
[M::mem_pestat] (25, 50, 75) percentile: (269, 359, 471)
[M::mem_pestat] low and high boundaries for computing mean and std.dev: (1, 875)
[M::mem_pestat] mean and std.dev: (371.03, 148.56)
[M::mem_pestat] low and high boundaries for proper pairs: (1, 1077)
[M::mem_pestat] analyzing insert size distribution for orientation RF...
[M::mem_pestat] (25, 50, 75) percentile: (161, 1715, 4559)
[M::mem_pestat] low and high boundaries for computing mean and std.dev: (1, 13355)
[M::mem_pestat] mean and std.dev: (2696.10, 3049.18)
[M::mem_pestat] low and high boundaries for proper pairs: (1, 17753)
[M::mem_pestat] analyzing insert size distribution for orientation RR...
[M::mem_pestat] (25, 50, 75) percentile: (284, 557, 1749)
[M::mem_pestat] low and high boundaries for computing mean and std.dev: (1, 4679)
[M::mem_pestat] mean and std.dev: (839.21, 851.08)
[M::mem_pestat] low and high boundaries for proper pairs: (1, 6144)
[M::mem_pestat] skip orientation FF
[M::mem_pestat] skip orientation RF
[M::mem_pestat] skip orientation RR
[M::process] read 1066668 sequences (160000200 bp)...
[M::mem_process_seqs] Processed 1066668 reads in 803.275 CPU sec, 51.882 real sec
[M::mem_pestat] # candidate unique pairs for (FF, FR, RF, RR): (38, 222972, 77, 29)
[M::mem_pestat] analyzing insert size distribution for orientation FF...
[M::mem_pestat] (25, 50, 75) percentile: (234, 399, 1013)
[M::mem_pestat] low and high boundaries for computing mean and std.dev: (1, 2571)
[M::mem_pestat] mean and std.dev: (562.88, 411.29)
[M::mem_pestat] low and high boundaries for proper pairs: (1, 3350)
[M::mem_pestat] analyzing insert size distribution for orientation FR...
[M::mem_pestat] (25, 50, 75) percentile: (273, 366, 480)
[M::mem_pestat] low and high boundaries for computing mean and std.dev: (1, 894)
[M::mem_pestat] mean and std.dev: (377.81, 151.18)
[M::mem_pestat] low and high boundaries for proper pairs: (1, 1101)
[M::mem_pestat] analyzing insert size distribution for orientation RF...
[M::mem_pestat] (25, 50, 75) percentile: (147, 1198, 3786)
[M::mem_pestat] low and high boundaries for computing mean and std.dev: (1, 11064)
[M::mem_pestat] mean and std.dev: (2202.00, 2402.42)
[M::mem_pestat] low and high boundaries for proper pairs: (1, 14703)
[M::mem_pestat] analyzing insert size distribution for orientation RR...
[M::mem_pestat] (25, 50, 75) percentile: (291, 621, 1447)
[M::mem_pestat] low and high boundaries for computing mean and std.dev: (1, 3759)
[M::mem_pestat] mean and std.dev: (888.62, 846.94)
[M::mem_pestat] low and high boundaries for proper pairs: (1, 4915)
[M::mem_pestat] skip orientation FF
[M::mem_pestat] skip orientation RF
[M::mem_pestat] skip orientation RR
[M::process] read 1066668 sequences (160000200 bp)...
[M::mem_process_seqs] Processed 1066668 reads in 796.387 CPU sec, 51.347 real sec
[M::mem_pestat] # candidate unique pairs for (FF, FR, RF, RR): (35, 223701, 94, 45)
[M::mem_pestat] analyzing insert size distribution for orientation FF...
[M::mem_pestat] (25, 50, 75) percentile: (417, 513, 1251)
[M::mem_pestat] low and high boundaries for computing mean and std.dev: (1, 2919)
[M::mem_pestat] mean and std.dev: (737.65, 560.51)
[M::mem_pestat] low and high boundaries for proper pairs: (1, 3753)
[M::mem_pestat] analyzing insert size distribution for orientation FR...
[M::mem_pestat] (25, 50, 75) percentile: (273, 364, 476)
[M::mem_pestat] low and high boundaries for computing mean and std.dev: (1, 882)
[M::mem_pestat] mean and std.dev: (375.48, 149.30)
[M::mem_pestat] low and high boundaries for proper pairs: (1, 1085)
[M::mem_pestat] analyzing insert size distribution for orientation RF...
[M::mem_pestat] (25, 50, 75) percentile: (659, 1957, 4431)
[M::mem_pestat] low and high boundaries for computing mean and std.dev: (1, 11975)
[M::mem_pestat] mean and std.dev: (2829.73, 2563.51)
[M::mem_pestat] low and high boundaries for proper pairs: (1, 15747)
[M::mem_pestat] analyzing insert size distribution for orientation RR...
[M::mem_pestat] (25, 50, 75) percentile: (188, 606, 976)
[M::mem_pestat] low and high boundaries for computing mean and std.dev: (1, 2552)
[M::mem_pestat] mean and std.dev: (587.77, 475.96)
[M::mem_pestat] low and high boundaries for proper pairs: (1, 3340)
[M::mem_pestat] skip orientation FF
[M::mem_pestat] skip orientation RF
[M::mem_pestat] skip orientation RR
[M::process] read 1066668 sequences (160000200 bp)...
[M::mem_process_seqs] Processed 1066668 reads in 797.009 CPU sec, 51.477 real sec
[M::mem_pestat] # candidate unique pairs for (FF, FR, RF, RR): (42, 222999, 77, 23)
[M::mem_pestat] analyzing insert size distribution for orientation FF...
[M::mem_pestat] (25, 50, 75) percentile: (272, 909, 1755)
[M::mem_pestat] low and high boundaries for computing mean and std.dev: (1, 4721)
[M::mem_pestat] mean and std.dev: (1037.21, 1003.67)
[M::mem_pestat] low and high boundaries for proper pairs: (1, 6204)
[M::mem_pestat] analyzing insert size distribution for orientation FR...
[M::mem_pestat] (25, 50, 75) percentile: (271, 359, 471)
[M::mem_pestat] low and high boundaries for computing mean and std.dev: (1, 871)
[M::mem_pestat] mean and std.dev: (372.51, 148.65)
[M::mem_pestat] low and high boundaries for proper pairs: (1, 1071)
[M::mem_pestat] analyzing insert size distribution for orientation RF...
[M::mem_pestat] (25, 50, 75) percentile: (219, 915, 3568)
[M::mem_pestat] low and high boundaries for computing mean and std.dev: (1, 10266)
[M::mem_pestat] mean and std.dev: (2396.04, 2896.97)
[M::mem_pestat] low and high boundaries for proper pairs: (1, 13984)
[M::mem_pestat] analyzing insert size distribution for orientation RR...
[M::mem_pestat] (25, 50, 75) percentile: (161, 265, 617)
[M::mem_pestat] low and high boundaries for computing mean and std.dev: (1, 1529)
[M::mem_pestat] mean and std.dev: (376.05, 329.65)
[M::mem_pestat] low and high boundaries for proper pairs: (1, 1985)
[M::mem_pestat] skip orientation FF
[M::mem_pestat] skip orientation RF
[M::mem_pestat] skip orientation RR
[M::process] read 1066668 sequences (160000200 bp)...
[M::mem_process_seqs] Processed 1066668 reads in 794.673 CPU sec, 51.384 real sec
[M::mem_pestat] # candidate unique pairs for (FF, FR, RF, RR): (19, 221545, 84, 37)
[M::mem_pestat] analyzing insert size distribution for orientation FF...
[M::mem_pestat] (25, 50, 75) percentile: (268, 969, 2751)
[M::mem_pestat] low and high boundaries for computing mean and std.dev: (1, 7717)
[M::mem_pestat] mean and std.dev: (1968.11, 2177.48)
[M::mem_pestat] low and high boundaries for proper pairs: (1, 10678)
[M::mem_pestat] analyzing insert size distribution for orientation FR...
[M::mem_pestat] (25, 50, 75) percentile: (268, 357, 467)
[M::mem_pestat] low and high boundaries for computing mean and std.dev: (1, 865)
[M::mem_pestat] mean and std.dev: (369.59, 147.62)
[M::mem_pestat] low and high boundaries for proper pairs: (1, 1064)
[M::mem_pestat] analyzing insert size distribution for orientation RF...
[M::mem_pestat] (25, 50, 75) percentile: (427, 1298, 4972)
[M::mem_pestat] low and high boundaries for computing mean and std.dev: (1, 14062)
[M::mem_pestat] mean and std.dev: (3086.38, 3200.86)
[M::mem_pestat] low and high boundaries for proper pairs: (1, 18607)
[M::mem_pestat] analyzing insert size distribution for orientation RR...
[M::mem_pestat] (25, 50, 75) percentile: (341, 747, 1751)
[M::mem_pestat] low and high boundaries for computing mean and std.dev: (1, 4571)
[M::mem_pestat] mean and std.dev: (745.06, 644.71)
[M::mem_pestat] low and high boundaries for proper pairs: (1, 5981)
[M::mem_pestat] skip orientation FF
[M::mem_pestat] skip orientation RF
[M::mem_pestat] skip orientation RR
[M::process] read 1066668 sequences (160000200 bp)...
[M::mem_process_seqs] Processed 1066668 reads in 804.470 CPU sec, 51.926 real sec
[M::mem_pestat] # candidate unique pairs for (FF, FR, RF, RR): (31, 220677, 61, 37)
[M::mem_pestat] analyzing insert size distribution for orientation FF...
[M::mem_pestat] (25, 50, 75) percentile: (266, 427, 641)
[M::mem_pestat] low and high boundaries for computing mean and std.dev: (1, 1391)
[M::mem_pestat] mean and std.dev: (378.04, 180.79)
[M::mem_pestat] low and high boundaries for proper pairs: (1, 1766)
[M::mem_pestat] analyzing insert size distribution for orientation FR...
[M::mem_pestat] (25, 50, 75) percentile: (263, 354, 469)
[M::mem_pestat] low and high boundaries for computing mean and std.dev: (1, 881)
[M::mem_pestat] mean and std.dev: (367.08, 150.61)
[M::mem_pestat] low and high boundaries for proper pairs: (1, 1087)
[M::mem_pestat] analyzing insert size distribution for orientation RF...
[M::mem_pestat] (25, 50, 75) percentile: (135, 547, 2093)
[M::mem_pestat] low and high boundaries for computing mean and std.dev: (1, 6009)
[M::mem_pestat] mean and std.dev: (814.77, 883.66)
[M::mem_pestat] low and high boundaries for proper pairs: (1, 7967)
[M::mem_pestat] analyzing insert size distribution for orientation RR...
[M::mem_pestat] (25, 50, 75) percentile: (221, 659, 2765)
[M::mem_pestat] low and high boundaries for computing mean and std.dev: (1, 7853)
[M::mem_pestat] mean and std.dev: (1570.97, 1931.65)
[M::mem_pestat] low and high boundaries for proper pairs: (1, 10397)
[M::mem_pestat] skip orientation FF
[M::mem_pestat] skip orientation RF
[M::mem_pestat] skip orientation RR
[M::process] read 1066668 sequences (160000200 bp)...
[M::mem_process_seqs] Processed 1066668 reads in 800.938 CPU sec, 51.732 real sec
[M::mem_pestat] # candidate unique pairs for (FF, FR, RF, RR): (36, 220359, 72, 26)
[M::mem_pestat] analyzing insert size distribution for orientation FF...
[M::mem_pestat] (25, 50, 75) percentile: (286, 512, 2128)
[M::mem_pestat] low and high boundaries for computing mean and std.dev: (1, 5812)
[M::mem_pestat] mean and std.dev: (1050.42, 1391.20)
[M::mem_pestat] low and high boundaries for proper pairs: (1, 7654)
[M::mem_pestat] analyzing insert size distribution for orientation FR...
[M::mem_pestat] (25, 50, 75) percentile: (264, 354, 468)
[M::mem_pestat] low and high boundaries for computing mean and std.dev: (1, 876)
[M::mem_pestat] mean and std.dev: (367.52, 150.03)
[M::mem_pestat] low and high boundaries for proper pairs: (1, 1080)
[M::mem_pestat] analyzing insert size distribution for orientation RF...
[M::mem_pestat] (25, 50, 75) percentile: (231, 1030, 3414)
[M::mem_pestat] low and high boundaries for computing mean and std.dev: (1, 9780)
[M::mem_pestat] mean and std.dev: (2088.59, 2534.62)
[M::mem_pestat] low and high boundaries for proper pairs: (1, 12963)
[M::mem_pestat] analyzing insert size distribution for orientation RR...
[M::mem_pestat] (25, 50, 75) percentile: (292, 487, 559)
[M::mem_pestat] low and high boundaries for computing mean and std.dev: (1, 1093)
[M::mem_pestat] mean and std.dev: (397.87, 155.82)
[M::mem_pestat] low and high boundaries for proper pairs: (1, 1360)
[M::mem_pestat] skip orientation FF
[M::mem_pestat] skip orientation RF
[M::mem_pestat] skip orientation RR
[M::process] read 1066668 sequences (160000200 bp)...
[M::mem_process_seqs] Processed 1066668 reads in 799.497 CPU sec, 51.583 real sec
[M::mem_pestat] # candidate unique pairs for (FF, FR, RF, RR): (53, 219646, 82, 32)
[M::mem_pestat] analyzing insert size distribution for orientation FF...
[M::mem_pestat] (25, 50, 75) percentile: (324, 470, 1808)
[M::mem_pestat] low and high boundaries for computing mean and std.dev: (1, 4776)
[M::mem_pestat] mean and std.dev: (784.96, 845.87)
[M::mem_pestat] low and high boundaries for proper pairs: (1, 6260)
[M::mem_pestat] analyzing insert size distribution for orientation FR...
[M::mem_pestat] (25, 50, 75) percentile: (261, 352, 462)
[M::mem_pestat] low and high boundaries for computing mean and std.dev: (1, 864)
[M::mem_pestat] mean and std.dev: (363.13, 147.62)
[M::mem_pestat] low and high boundaries for proper pairs: (1, 1065)
[M::mem_pestat] analyzing insert size distribution for orientation RF...
[M::mem_pestat] (25, 50, 75) percentile: (178, 801, 2193)
[M::mem_pestat] low and high boundaries for computing mean and std.dev: (1, 6223)
[M::mem_pestat] mean and std.dev: (1089.75, 1309.81)
[M::mem_pestat] low and high boundaries for proper pairs: (1, 8238)
[M::mem_pestat] analyzing insert size distribution for orientation RR...
[M::mem_pestat] (25, 50, 75) percentile: (176, 505, 1249)
[M::mem_pestat] low and high boundaries for computing mean and std.dev: (1, 3395)
[M::mem_pestat] mean and std.dev: (592.93, 576.50)
[M::mem_pestat] low and high boundaries for proper pairs: (1, 4468)
[M::mem_pestat] skip orientation FF
[M::mem_pestat] skip orientation RF
[M::mem_pestat] skip orientation RR
[M::mem_process_seqs] Processed 1066668 reads in 799.738 CPU sec, 54.150 real sec
[M::process] read 1066668 sequences (160000200 bp)...
[M::mem_pestat] # candidate unique pairs for (FF, FR, RF, RR): (29, 220974, 78, 30)
[M::mem_pestat] analyzing insert size distribution for orientation FF...
[M::mem_pestat] (25, 50, 75) percentile: (283, 455, 881)
[M::mem_pestat] low and high boundaries for computing mean and std.dev: (1, 2077)
[M::mem_pestat] mean and std.dev: (511.48, 436.48)
[M::mem_pestat] low and high boundaries for proper pairs: (1, 2675)
[M::mem_pestat] analyzing insert size distribution for orientation FR...
[M::mem_pestat] (25, 50, 75) percentile: (265, 355, 468)
[M::mem_pestat] low and high boundaries for computing mean and std.dev: (1, 874)
[M::mem_pestat] mean and std.dev: (367.86, 148.71)
[M::mem_pestat] low and high boundaries for proper pairs: (1, 1077)
[M::mem_pestat] analyzing insert size distribution for orientation RF...
[M::mem_pestat] (25, 50, 75) percentile: (231, 708, 5584)
[M::mem_pestat] low and high boundaries for computing mean and std.dev: (1, 16290)
[M::mem_pestat] mean and std.dev: (2697.76, 3121.73)
[M::mem_pestat] low and high boundaries for proper pairs: (1, 21643)
[M::mem_pestat] analyzing insert size distribution for orientation RR...
[M::mem_pestat] (25, 50, 75) percentile: (235, 566, 1071)
[M::mem_pestat] low and high boundaries for computing mean and std.dev: (1, 2743)
[M::mem_pestat] mean and std.dev: (481.00, 356.36)
[M::mem_pestat] low and high boundaries for proper pairs: (1, 3579)
[M::mem_pestat] skip orientation FF
[M::mem_pestat] skip orientation RF
[M::mem_pestat] skip orientation RR
[M::process] read 1066668 sequences (160000200 bp)...
[M::mem_process_seqs] Processed 1066668 reads in 797.980 CPU sec, 50.976 real sec
[M::mem_pestat] # candidate unique pairs for (FF, FR, RF, RR): (44, 221663, 80, 36)
[M::mem_pestat] analyzing insert size distribution for orientation FF...
[M::mem_pestat] (25, 50, 75) percentile: (144, 408, 1579)
[M::mem_pestat] low and high boundaries for computing mean and std.dev: (1, 4449)
[M::mem_pestat] mean and std.dev: (676.85, 655.27)
[M::mem_pestat] low and high boundaries for proper pairs: (1, 5884)
[M::mem_pestat] analyzing insert size distribution for orientation FR...
[M::mem_pestat] (25, 50, 75) percentile: (272, 364, 479)
[M::mem_pestat] low and high boundaries for computing mean and std.dev: (1, 893)
[M::mem_pestat] mean and std.dev: (376.88, 152.08)
[M::mem_pestat] low and high boundaries for proper pairs: (1, 1100)
[M::mem_pestat] analyzing insert size distribution for orientation RF...
[M::mem_pestat] (25, 50, 75) percentile: (185, 531, 3020)
[M::mem_pestat] low and high boundaries for computing mean and std.dev: (1, 8690)
[M::mem_pestat] mean and std.dev: (1445.50, 2016.74)
[M::mem_pestat] low and high boundaries for proper pairs: (1, 11525)
[M::mem_pestat] analyzing insert size distribution for orientation RR...
[M::mem_pestat] (25, 50, 75) percentile: (298, 688, 1919)
[M::mem_pestat] low and high boundaries for computing mean and std.dev: (1, 5161)
[M::mem_pestat] mean and std.dev: (677.59, 539.42)
[M::mem_pestat] low and high boundaries for proper pairs: (1, 6782)
[M::mem_pestat] skip orientation FF
[M::mem_pestat] skip orientation RF
[M::mem_pestat] skip orientation RR
[M::process] read 1066668 sequences (160000200 bp)...
[M::mem_process_seqs] Processed 1066668 reads in 804.673 CPU sec, 51.863 real sec
[M::mem_pestat] # candidate unique pairs for (FF, FR, RF, RR): (22, 221719, 85, 35)
[M::mem_pestat] analyzing insert size distribution for orientation FF...
[M::mem_pestat] (25, 50, 75) percentile: (269, 484, 1382)
[M::mem_pestat] low and high boundaries for computing mean and std.dev: (1, 3608)
[M::mem_pestat] mean and std.dev: (681.35, 536.18)
[M::mem_pestat] low and high boundaries for proper pairs: (1, 4721)
[M::mem_pestat] analyzing insert size distribution for orientation FR...
[M::mem_pestat] (25, 50, 75) percentile: (272, 362, 475)
[M::mem_pestat] low and high boundaries for computing mean and std.dev: (1, 881)
[M::mem_pestat] mean and std.dev: (374.94, 150.22)
[M::mem_pestat] low and high boundaries for proper pairs: (1, 1084)
[M::mem_pestat] analyzing insert size distribution for orientation RF...
[M::mem_pestat] (25, 50, 75) percentile: (89, 1241, 3195)
[M::mem_pestat] low and high boundaries for computing mean and std.dev: (1, 9407)
[M::mem_pestat] mean and std.dev: (1922.98, 2303.98)
[M::mem_pestat] low and high boundaries for proper pairs: (1, 12513)
[M::mem_pestat] analyzing insert size distribution for orientation RR...
[M::mem_pestat] (25, 50, 75) percentile: (240, 712, 1916)
[M::mem_pestat] low and high boundaries for computing mean and std.dev: (1, 5268)
[M::mem_pestat] mean and std.dev: (1151.27, 1199.34)
[M::mem_pestat] low and high boundaries for proper pairs: (1, 6944)
[M::mem_pestat] skip orientation FF
[M::mem_pestat] skip orientation RF
[M::mem_pestat] skip orientation RR
[M::process] read 1066668 sequences (160000200 bp)...
[M::mem_process_seqs] Processed 1066668 reads in 806.293 CPU sec, 51.994 real sec
[M::mem_pestat] # candidate unique pairs for (FF, FR, RF, RR): (27, 222074, 71, 25)
[M::mem_pestat] analyzing insert size distribution for orientation FF...
[M::mem_pestat] (25, 50, 75) percentile: (384, 477, 1835)
[M::mem_pestat] low and high boundaries for computing mean and std.dev: (1, 4737)
[M::mem_pestat] mean and std.dev: (758.04, 713.86)
[M::mem_pestat] low and high boundaries for proper pairs: (1, 6188)
[M::mem_pestat] analyzing insert size distribution for orientation FR...
[M::mem_pestat] (25, 50, 75) percentile: (271, 360, 471)
[M::mem_pestat] low and high boundaries for computing mean and std.dev: (1, 871)
[M::mem_pestat] mean and std.dev: (372.18, 148.46)
[M::mem_pestat] low and high boundaries for proper pairs: (1, 1071)
[M::mem_pestat] analyzing insert size distribution for orientation RF...
[M::mem_pestat] (25, 50, 75) percentile: (373, 1764, 4762)
[M::mem_pestat] low and high boundaries for computing mean and std.dev: (1, 13540)
[M::mem_pestat] mean and std.dev: (2914.62, 2905.17)
[M::mem_pestat] low and high boundaries for proper pairs: (1, 17929)
[M::mem_pestat] analyzing insert size distribution for orientation RR...
[M::mem_pestat] (25, 50, 75) percentile: (278, 356, 530)
[M::mem_pestat] low and high boundaries for computing mean and std.dev: (1, 1034)
[M::mem_pestat] mean and std.dev: (322.80, 108.61)
[M::mem_pestat] low and high boundaries for proper pairs: (1, 1286)
[M::mem_pestat] skip orientation FF
[M::mem_pestat] skip orientation RF
[M::mem_pestat] skip orientation RR
[M::process] read 1066668 sequences (160000200 bp)...
[M::mem_process_seqs] Processed 1066668 reads in 807.120 CPU sec, 52.092 real sec
[M::mem_pestat] # candidate unique pairs for (FF, FR, RF, RR): (46, 222006, 76, 35)
[M::mem_pestat] analyzing insert size distribution for orientation FF...
[M::mem_pestat] (25, 50, 75) percentile: (344, 741, 3306)
[M::mem_pestat] low and high boundaries for computing mean and std.dev: (1, 9230)
[M::mem_pestat] mean and std.dev: (1757.98, 2154.45)
[M::mem_pestat] low and high boundaries for proper pairs: (1, 12192)
[M::mem_pestat] analyzing insert size distribution for orientation FR...
[M::mem_pestat] (25, 50, 75) percentile: (267, 355, 467)
[M::mem_pestat] low and high boundaries for computing mean and std.dev: (1, 867)
[M::mem_pestat] mean and std.dev: (367.89, 147.89)
[M::mem_pestat] low and high boundaries for proper pairs: (1, 1067)
[M::mem_pestat] analyzing insert size distribution for orientation RF...
[M::mem_pestat] (25, 50, 75) percentile: (220, 722, 3475)
[M::mem_pestat] low and high boundaries for computing mean and std.dev: (1, 9985)
[M::mem_pestat] mean and std.dev: (2153.91, 2446.48)
[M::mem_pestat] low and high boundaries for proper pairs: (1, 13240)
[M::mem_pestat] analyzing insert size distribution for orientation RR...
[M::mem_pestat] (25, 50, 75) percentile: (225, 370, 671)
[M::mem_pestat] low and high boundaries for computing mean and std.dev: (1, 1563)
[M::mem_pestat] mean and std.dev: (349.21, 190.49)
[M::mem_pestat] low and high boundaries for proper pairs: (1, 2009)
[M::mem_pestat] skip orientation FF
[M::mem_pestat] skip orientation RF
[M::mem_pestat] skip orientation RR
[M::process] read 1066668 sequences (160000200 bp)...
[M::mem_process_seqs] Processed 1066668 reads in 822.275 CPU sec, 53.140 real sec
[M::mem_pestat] # candidate unique pairs for (FF, FR, RF, RR): (30, 220220, 59, 34)
[M::mem_pestat] analyzing insert size distribution for orientation FF...
[M::mem_pestat] (25, 50, 75) percentile: (219, 490, 704)
[M::mem_pestat] low and high boundaries for computing mean and std.dev: (1, 1674)
[M::mem_pestat] mean and std.dev: (478.52, 352.47)
[M::mem_pestat] low and high boundaries for proper pairs: (1, 2159)
[M::mem_pestat] analyzing insert size distribution for orientation FR...
[M::mem_pestat] (25, 50, 75) percentile: (267, 360, 475)
[M::mem_pestat] low and high boundaries for computing mean and std.dev: (1, 891)
[M::mem_pestat] mean and std.dev: (371.87, 151.17)
[M::mem_pestat] low and high boundaries for proper pairs: (1, 1099)
[M::mem_pestat] analyzing insert size distribution for orientation RF...
[M::mem_pestat] (25, 50, 75) percentile: (177, 874, 2191)
[M::mem_pestat] low and high boundaries for computing mean and std.dev: (1, 6219)
[M::mem_pestat] mean and std.dev: (1292.89, 1551.05)
[M::mem_pestat] low and high boundaries for proper pairs: (1, 8233)
[M::mem_pestat] analyzing insert size distribution for orientation RR...
[M::mem_pestat] (25, 50, 75) percentile: (286, 423, 597)
[M::mem_pestat] low and high boundaries for computing mean and std.dev: (1, 1219)
[M::mem_pestat] mean and std.dev: (420.28, 207.42)
[M::mem_pestat] low and high boundaries for proper pairs: (1, 1530)
[M::mem_pestat] skip orientation FF
[M::mem_pestat] skip orientation RF
[M::mem_pestat] skip orientation RR
[M::process] read 1066668 sequences (160000200 bp)...
[M::mem_process_seqs] Processed 1066668 reads in 797.389 CPU sec, 51.540 real sec
[M::mem_pestat] # candidate unique pairs for (FF, FR, RF, RR): (57, 219542, 66, 29)
[M::mem_pestat] analyzing insert size distribution for orientation FF...
[M::mem_pestat] (25, 50, 75) percentile: (182, 474, 950)
[M::mem_pestat] low and high boundaries for computing mean and std.dev: (1, 2486)
[M::mem_pestat] mean and std.dev: (542.23, 417.96)
[M::mem_pestat] low and high boundaries for proper pairs: (1, 3254)
[M::mem_pestat] analyzing insert size distribution for orientation FR...
[M::mem_pestat] (25, 50, 75) percentile: (265, 356, 469)
[M::mem_pestat] low and high boundaries for computing mean and std.dev: (1, 877)
[M::mem_pestat] mean and std.dev: (368.24, 149.04)
[M::mem_pestat] low and high boundaries for proper pairs: (1, 1081)
[M::mem_pestat] analyzing insert size distribution for orientation RF...
[M::mem_pestat] (25, 50, 75) percentile: (444, 1587, 3337)
[M::mem_pestat] low and high boundaries for computing mean and std.dev: (1, 9123)
[M::mem_pestat] mean and std.dev: (2511.56, 2514.04)
[M::mem_pestat] low and high boundaries for proper pairs: (1, 12568)
[M::mem_pestat] analyzing insert size distribution for orientation RR...
[M::mem_pestat] (25, 50, 75) percentile: (213, 352, 634)
[M::mem_pestat] low and high boundaries for computing mean and std.dev: (1, 1476)
[M::mem_pestat] mean and std.dev: (321.64, 204.71)
[M::mem_pestat] low and high boundaries for proper pairs: (1, 1897)
[M::mem_pestat] skip orientation FF
[M::mem_pestat] skip orientation RF
[M::mem_pestat] skip orientation RR
[M::process] read 1066668 sequences (160000200 bp)...
[M::mem_process_seqs] Processed 1066668 reads in 798.746 CPU sec, 51.487 real sec
[M::mem_pestat] # candidate unique pairs for (FF, FR, RF, RR): (38, 219170, 79, 32)
[M::mem_pestat] analyzing insert size distribution for orientation FF...
[M::mem_pestat] (25, 50, 75) percentile: (273, 599, 766)
[M::mem_pestat] low and high boundaries for computing mean and std.dev: (1, 1752)
[M::mem_pestat] mean and std.dev: (545.65, 310.90)
[M::mem_pestat] low and high boundaries for proper pairs: (1, 2245)
[M::mem_pestat] analyzing insert size distribution for orientation FR...
[M::mem_pestat] (25, 50, 75) percentile: (266, 357, 470)
[M::mem_pestat] low and high boundaries for computing mean and std.dev: (1, 878)
[M::mem_pestat] mean and std.dev: (369.09, 149.75)
[M::mem_pestat] low and high boundaries for proper pairs: (1, 1082)
[M::mem_pestat] analyzing insert size distribution for orientation RF...
[M::mem_pestat] (25, 50, 75) percentile: (137, 800, 4823)
[M::mem_pestat] low and high boundaries for computing mean and std.dev: (1, 14195)
[M::mem_pestat] mean and std.dev: (2187.66, 2777.25)
[M::mem_pestat] low and high boundaries for proper pairs: (1, 18881)
[M::mem_pestat] analyzing insert size distribution for orientation RR...
[M::mem_pestat] (25, 50, 75) percentile: (201, 408, 1272)
[M::mem_pestat] low and high boundaries for computing mean and std.dev: (1, 3414)
[M::mem_pestat] mean and std.dev: (559.53, 460.15)
[M::mem_pestat] low and high boundaries for proper pairs: (1, 4485)
[M::mem_pestat] skip orientation FF
[M::mem_pestat] skip orientation RF
[M::mem_pestat] skip orientation RR
[M::process] read 1066668 sequences (160000200 bp)...
[M::mem_process_seqs] Processed 1066668 reads in 800.534 CPU sec, 51.671 real sec
[M::mem_pestat] # candidate unique pairs for (FF, FR, RF, RR): (25, 220104, 103, 24)
[M::mem_pestat] analyzing insert size distribution for orientation FF...
[M::mem_pestat] (25, 50, 75) percentile: (223, 452, 879)
[M::mem_pestat] low and high boundaries for computing mean and std.dev: (1, 2191)
[M::mem_pestat] mean and std.dev: (608.88, 522.73)
[M::mem_pestat] low and high boundaries for proper pairs: (1, 2847)
[M::mem_pestat] analyzing insert size distribution for orientation FR...
[M::mem_pestat] (25, 50, 75) percentile: (266, 357, 469)
[M::mem_pestat] low and high boundaries for computing mean and std.dev: (1, 875)
[M::mem_pestat] mean and std.dev: (368.44, 148.50)
[M::mem_pestat] low and high boundaries for proper pairs: (1, 1078)
[M::mem_pestat] analyzing insert size distribution for orientation RF...
[M::mem_pestat] (25, 50, 75) percentile: (305, 1037, 6370)
[M::mem_pestat] low and high boundaries for computing mean and std.dev: (1, 18500)
[M::mem_pestat] mean and std.dev: (3105.87, 3362.46)
[M::mem_pestat] low and high boundaries for proper pairs: (1, 24565)
[M::mem_pestat] analyzing insert size distribution for orientation RR...
[M::mem_pestat] (25, 50, 75) percentile: (551, 1540, 2330)
[M::mem_pestat] low and high boundaries for computing mean and std.dev: (1, 5888)
[M::mem_pestat] mean and std.dev: (1375.57, 1158.25)
[M::mem_pestat] low and high boundaries for proper pairs: (1, 7667)
[M::mem_pestat] skip orientation FF
[M::mem_pestat] skip orientation RF
[M::mem_pestat] skip orientation RR
[M::process] read 1066668 sequences (160000200 bp)...
[M::mem_process_seqs] Processed 1066668 reads in 804.723 CPU sec, 51.845 real sec
[M::mem_pestat] # candidate unique pairs for (FF, FR, RF, RR): (27, 221259, 76, 59)
[M::mem_pestat] analyzing insert size distribution for orientation FF...
[M::mem_pestat] (25, 50, 75) percentile: (277, 347, 622)
[M::mem_pestat] low and high boundaries for computing mean and std.dev: (1, 1312)
[M::mem_pestat] mean and std.dev: (417.24, 243.95)
[M::mem_pestat] low and high boundaries for proper pairs: (1, 1657)
[M::mem_pestat] analyzing insert size distribution for orientation FR...
[M::mem_pestat] (25, 50, 75) percentile: (270, 359, 470)
[M::mem_pestat] low and high boundaries for computing mean and std.dev: (1, 870)
[M::mem_pestat] mean and std.dev: (371.68, 147.96)
[M::mem_pestat] low and high boundaries for proper pairs: (1, 1070)
[M::mem_pestat] analyzing insert size distribution for orientation RF...
[M::mem_pestat] (25, 50, 75) percentile: (200, 1183, 4829)
[M::mem_pestat] low and high boundaries for computing mean and std.dev: (1, 14087)
[M::mem_pestat] mean and std.dev: (2667.30, 2995.78)
[M::mem_pestat] low and high boundaries for proper pairs: (1, 18716)
[M::mem_pestat] analyzing insert size distribution for orientation RR...
[M::mem_pestat] (25, 50, 75) percentile: (264, 553, 1319)
[M::mem_pestat] low and high boundaries for computing mean and std.dev: (1, 3429)
[M::mem_pestat] mean and std.dev: (803.96, 752.36)
[M::mem_pestat] low and high boundaries for proper pairs: (1, 4484)
[M::mem_pestat] skip orientation FF
[M::mem_pestat] skip orientation RF
[M::mem_pestat] skip orientation RR
[M::process] read 1066668 sequences (160000200 bp)...
[M::mem_process_seqs] Processed 1066668 reads in 802.172 CPU sec, 51.816 real sec
[M::mem_pestat] # candidate unique pairs for (FF, FR, RF, RR): (44, 221751, 84, 41)
[M::mem_pestat] analyzing insert size distribution for orientation FF...
[M::mem_pestat] (25, 50, 75) percentile: (331, 510, 2585)
[M::mem_pestat] low and high boundaries for computing mean and std.dev: (1, 7093)
[M::mem_pestat] mean and std.dev: (903.14, 971.42)
[M::mem_pestat] low and high boundaries for proper pairs: (1, 9347)
[M::mem_pestat] analyzing insert size distribution for orientation FR...
[M::mem_pestat] (25, 50, 75) percentile: (269, 358, 468)
[M::mem_pestat] low and high boundaries for computing mean and std.dev: (1, 866)
[M::mem_pestat] mean and std.dev: (369.81, 147.35)
[M::mem_pestat] low and high boundaries for proper pairs: (1, 1065)
[M::mem_pestat] analyzing insert size distribution for orientation RF...
[M::mem_pestat] (25, 50, 75) percentile: (159, 881, 4437)
[M::mem_pestat] low and high boundaries for computing mean and std.dev: (1, 12993)
[M::mem_pestat] mean and std.dev: (2423.32, 2943.69)
[M::mem_pestat] low and high boundaries for proper pairs: (1, 17271)
[M::mem_pestat] analyzing insert size distribution for orientation RR...
[M::mem_pestat] (25, 50, 75) percentile: (280, 528, 1956)
[M::mem_pestat] low and high boundaries for computing mean and std.dev: (1, 5308)
[M::mem_pestat] mean and std.dev: (975.05, 1013.05)
[M::mem_pestat] low and high boundaries for proper pairs: (1, 6984)
[M::mem_pestat] skip orientation FF
[M::mem_pestat] skip orientation RF
[M::mem_pestat] skip orientation RR
[M::process] read 1066668 sequences (160000200 bp)...
[M::mem_process_seqs] Processed 1066668 reads in 804.449 CPU sec, 51.941 real sec
[M::mem_pestat] # candidate unique pairs for (FF, FR, RF, RR): (33, 222051, 61, 37)
[M::mem_pestat] analyzing insert size distribution for orientation FF...
[M::mem_pestat] (25, 50, 75) percentile: (310, 642, 1208)
[M::mem_pestat] low and high boundaries for computing mean and std.dev: (1, 3004)
[M::mem_pestat] mean and std.dev: (647.24, 544.27)
[M::mem_pestat] low and high boundaries for proper pairs: (1, 3902)
[M::mem_pestat] analyzing insert size distribution for orientation FR...
[M::mem_pestat] (25, 50, 75) percentile: (270, 357, 467)
[M::mem_pestat] low and high boundaries for computing mean and std.dev: (1, 861)
[M::mem_pestat] mean and std.dev: (369.40, 146.07)
[M::mem_pestat] low and high boundaries for proper pairs: (1, 1058)
[M::mem_pestat] analyzing insert size distribution for orientation RF...
[M::mem_pestat] (25, 50, 75) percentile: (162, 775, 1824)
[M::mem_pestat] low and high boundaries for computing mean and std.dev: (1, 5148)
[M::mem_pestat] mean and std.dev: (830.09, 927.04)
[M::mem_pestat] low and high boundaries for proper pairs: (1, 6810)
[M::mem_pestat] analyzing insert size distribution for orientation RR...
[M::mem_pestat] (25, 50, 75) percentile: (443, 645, 2048)
[M::mem_pestat] low and high boundaries for computing mean and std.dev: (1, 5258)
[M::mem_pestat] mean and std.dev: (878.66, 889.91)
[M::mem_pestat] low and high boundaries for proper pairs: (1, 6863)
[M::mem_pestat] skip orientation FF
[M::mem_pestat] skip orientation RF
[M::mem_pestat] skip orientation RR
[M::process] read 1066668 sequences (160000200 bp)...
[M::mem_process_seqs] Processed 1066668 reads in 803.677 CPU sec, 51.875 real sec
[M::mem_pestat] # candidate unique pairs for (FF, FR, RF, RR): (38, 221707, 69, 25)
[M::mem_pestat] analyzing insert size distribution for orientation FF...
[M::mem_pestat] (25, 50, 75) percentile: (398, 660, 2715)
[M::mem_pestat] low and high boundaries for computing mean and std.dev: (1, 7349)
[M::mem_pestat] mean and std.dev: (1619.66, 1917.33)
[M::mem_pestat] low and high boundaries for proper pairs: (1, 9666)
[M::mem_pestat] analyzing insert size distribution for orientation FR...
[M::mem_pestat] (25, 50, 75) percentile: (272, 359, 467)
[M::mem_pestat] low and high boundaries for computing mean and std.dev: (1, 857)
[M::mem_pestat] mean and std.dev: (370.38, 145.32)
[M::mem_pestat] low and high boundaries for proper pairs: (1, 1052)
[M::mem_pestat] analyzing insert size distribution for orientation RF...
[M::mem_pestat] (25, 50, 75) percentile: (165, 1063, 5061)
[M::mem_pestat] low and high boundaries for computing mean and std.dev: (1, 14853)
[M::mem_pestat] mean and std.dev: (2745.16, 2995.12)
[M::mem_pestat] low and high boundaries for proper pairs: (1, 19749)
[M::mem_pestat] analyzing insert size distribution for orientation RR...
[M::mem_pestat] (25, 50, 75) percentile: (201, 389, 1371)
[M::mem_pestat] low and high boundaries for computing mean and std.dev: (1, 3711)
[M::mem_pestat] mean and std.dev: (543.64, 526.77)
[M::mem_pestat] low and high boundaries for proper pairs: (1, 4881)
[M::mem_pestat] skip orientation FF
[M::mem_pestat] skip orientation RF
[M::mem_pestat] skip orientation RR
[M::process] read 18672 sequences (2800800 bp)...
[M::mem_process_seqs] Processed 1066668 reads in 802.167 CPU sec, 51.837 real sec
[M::mem_pestat] # candidate unique pairs for (FF, FR, RF, RR): (0, 3912, 1, 0)
[M::mem_pestat] skip orientation FF as there are not enough pairs
[M::mem_pestat] analyzing insert size distribution for orientation FR...
[M::mem_pestat] (25, 50, 75) percentile: (265, 351, 454)
[M::mem_pestat] low and high boundaries for computing mean and std.dev: (1, 832)
[M::mem_pestat] mean and std.dev: (360.44, 140.85)
[M::mem_pestat] low and high boundaries for proper pairs: (1, 1021)
[M::mem_pestat] skip orientation RF as there are not enough pairs
[M::mem_pestat] skip orientation RR as there are not enough pairs
[M::mem_process_seqs] Processed 18672 reads in 14.791 CPU sec, 0.970 real sec
[main] Version: 0.7.19-r1273
[main] CMD: bwa mem -t 16 -R @RG\tID:Ostrich_Bay_12\tSM:Ostrich_Bay_12\tLB:Ostrich_Bay_12\tPL:ILLUMINA output/05_realign_xbOstLuri2/reference/GCA_061535525.1_xbOstLuri2_USDA-ARS_PSRF_primary_genomic.fna data/raw/Ostrich_Bay_12_S61_L004_R1_001.fastq.gz data/raw/Ostrich_Bay_12_S61_L004_R2_001.fastq.gz
[main] Real time: 3530.355 sec; CPU: 54108.875 sec
[bam_sort_core] merging from 3 files and 8 in-memory blocks...
end 2026-09-27T15:30:37Z sample=Ostrich_Bay_12
