/opt/ohpc/admin/lmod/lmod/init/bash: line 93: LD_LIBRARY_PATH: unbound variable
start 2026-09-27T12:59:49Z host n3442 sample=LS_10a location=LS
[M::bwa_idx_load_from_disk] read 0 ALT contigs
[M::process] read 1066668 sequences (160000200 bp)...
[M::process] read 1066668 sequences (160000200 bp)...
[M::mem_pestat] # candidate unique pairs for (FF, FR, RF, RR): (32, 223918, 64, 40)
[M::mem_pestat] analyzing insert size distribution for orientation FF...
[M::mem_pestat] (25, 50, 75) percentile: (353, 493, 1489)
[M::mem_pestat] low and high boundaries for computing mean and std.dev: (1, 3761)
[M::mem_pestat] mean and std.dev: (1026.29, 1153.79)
[M::mem_pestat] low and high boundaries for proper pairs: (1, 5641)
[M::mem_pestat] analyzing insert size distribution for orientation FR...
[M::mem_pestat] (25, 50, 75) percentile: (269, 353, 451)
[M::mem_pestat] low and high boundaries for computing mean and std.dev: (1, 815)
[M::mem_pestat] mean and std.dev: (360.27, 138.11)
[M::mem_pestat] low and high boundaries for proper pairs: (1, 997)
[M::mem_pestat] analyzing insert size distribution for orientation RF...
[M::mem_pestat] (25, 50, 75) percentile: (701, 2731, 5726)
[M::mem_pestat] low and high boundaries for computing mean and std.dev: (1, 15776)
[M::mem_pestat] mean and std.dev: (3351.44, 2880.54)
[M::mem_pestat] low and high boundaries for proper pairs: (1, 20801)
[M::mem_pestat] analyzing insert size distribution for orientation RR...
[M::mem_pestat] (25, 50, 75) percentile: (208, 457, 1857)
[M::mem_pestat] low and high boundaries for computing mean and std.dev: (1, 5155)
[M::mem_pestat] mean and std.dev: (669.85, 815.77)
[M::mem_pestat] low and high boundaries for proper pairs: (1, 6804)
[M::mem_pestat] skip orientation FF
[M::mem_pestat] skip orientation RF
[M::mem_pestat] skip orientation RR
[M::mem_process_seqs] Processed 1066668 reads in 769.411 CPU sec, 51.717 real sec
[M::mem_pestat] # candidate unique pairs for (FF, FR, RF, RR): (37, 224371, 74, 28)
[M::mem_pestat] analyzing insert size distribution for orientation FF...
[M::mem_pestat] (25, 50, 75) percentile: (349, 569, 1678)
[M::mem_pestat] low and high boundaries for computing mean and std.dev: (1, 4336)
[M::mem_pestat] mean and std.dev: (1015.67, 957.72)
[M::mem_pestat] low and high boundaries for proper pairs: (1, 5665)
[M::mem_pestat] analyzing insert size distribution for orientation FR...
[M::mem_pestat] (25, 50, 75) percentile: (274, 359, 460)
[M::mem_pestat] low and high boundaries for computing mean and std.dev: (1, 832)
[M::mem_pestat] mean and std.dev: (367.08, 140.54)
[M::mem_pestat] low and high boundaries for proper pairs: (1, 1018)
[M::mem_pestat] analyzing insert size distribution for orientation RF...
[M::mem_pestat] (25, 50, 75) percentile: (452, 1886, 4945)
[M::mem_pestat] low and high boundaries for computing mean and std.dev: (1, 13931)
[M::mem_pestat] mean and std.dev: (3164.45, 3254.84)
[M::mem_pestat] low and high boundaries for proper pairs: (1, 18424)
[M::mem_pestat] analyzing insert size distribution for orientation RR...
[M::mem_pestat] (25, 50, 75) percentile: (216, 544, 1430)
[M::mem_pestat] low and high boundaries for computing mean and std.dev: (1, 3858)
[M::mem_pestat] mean and std.dev: (523.29, 438.34)
[M::mem_pestat] low and high boundaries for proper pairs: (1, 5072)
[M::mem_pestat] skip orientation FF
[M::mem_pestat] skip orientation RF
[M::mem_pestat] skip orientation RR
[M::process] read 1066668 sequences (160000200 bp)...
[M::mem_process_seqs] Processed 1066668 reads in 780.407 CPU sec, 50.880 real sec
[M::mem_pestat] # candidate unique pairs for (FF, FR, RF, RR): (36, 224708, 64, 25)
[M::mem_pestat] analyzing insert size distribution for orientation FF...
[M::mem_pestat] (25, 50, 75) percentile: (136, 360, 1705)
[M::mem_pestat] low and high boundaries for computing mean and std.dev: (1, 4843)
[M::mem_pestat] mean and std.dev: (853.94, 1307.02)
[M::mem_pestat] low and high boundaries for proper pairs: (1, 6412)
[M::mem_pestat] analyzing insert size distribution for orientation FR...
[M::mem_pestat] (25, 50, 75) percentile: (271, 356, 458)
[M::mem_pestat] low and high boundaries for computing mean and std.dev: (1, 832)
[M::mem_pestat] mean and std.dev: (365.04, 140.86)
[M::mem_pestat] low and high boundaries for proper pairs: (1, 1019)
[M::mem_pestat] analyzing insert size distribution for orientation RF...
[M::mem_pestat] (25, 50, 75) percentile: (389, 2808, 5427)
[M::mem_pestat] low and high boundaries for computing mean and std.dev: (1, 15503)
[M::mem_pestat] mean and std.dev: (3234.08, 2998.00)
[M::mem_pestat] low and high boundaries for proper pairs: (1, 20541)
[M::mem_pestat] analyzing insert size distribution for orientation RR...
[M::mem_pestat] (25, 50, 75) percentile: (243, 318, 1455)
[M::mem_pestat] low and high boundaries for computing mean and std.dev: (1, 3879)
[M::mem_pestat] mean and std.dev: (647.73, 708.55)
[M::mem_pestat] low and high boundaries for proper pairs: (1, 5091)
[M::mem_pestat] skip orientation FF
[M::mem_pestat] skip orientation RF
[M::mem_pestat] skip orientation RR
[M::process] read 1066668 sequences (160000200 bp)...
[M::mem_process_seqs] Processed 1066668 reads in 783.827 CPU sec, 50.751 real sec
[M::mem_pestat] # candidate unique pairs for (FF, FR, RF, RR): (37, 223719, 67, 28)
[M::mem_pestat] analyzing insert size distribution for orientation FF...
[M::mem_pestat] (25, 50, 75) percentile: (381, 676, 1936)
[M::mem_pestat] low and high boundaries for computing mean and std.dev: (1, 5046)
[M::mem_pestat] mean and std.dev: (1159.50, 1183.02)
[M::mem_pestat] low and high boundaries for proper pairs: (1, 6601)
[M::mem_pestat] analyzing insert size distribution for orientation FR...
[M::mem_pestat] (25, 50, 75) percentile: (271, 357, 461)
[M::mem_pestat] low and high boundaries for computing mean and std.dev: (1, 841)
[M::mem_pestat] mean and std.dev: (367.12, 142.66)
[M::mem_pestat] low and high boundaries for proper pairs: (1, 1031)
[M::mem_pestat] analyzing insert size distribution for orientation RF...
[M::mem_pestat] (25, 50, 75) percentile: (194, 1515, 5345)
[M::mem_pestat] low and high boundaries for computing mean and std.dev: (1, 15647)
[M::mem_pestat] mean and std.dev: (2790.93, 2880.44)
[M::mem_pestat] low and high boundaries for proper pairs: (1, 20798)
[M::mem_pestat] analyzing insert size distribution for orientation RR...
[M::mem_pestat] (25, 50, 75) percentile: (289, 659, 1295)
[M::mem_pestat] low and high boundaries for computing mean and std.dev: (1, 3307)
[M::mem_pestat] mean and std.dev: (571.74, 435.78)
[M::mem_pestat] low and high boundaries for proper pairs: (1, 4313)
[M::mem_pestat] skip orientation FF
[M::mem_pestat] skip orientation RF
[M::mem_pestat] skip orientation RR
[M::process] read 1066668 sequences (160000200 bp)...
[M::mem_process_seqs] Processed 1066668 reads in 791.575 CPU sec, 51.468 real sec
[M::mem_pestat] # candidate unique pairs for (FF, FR, RF, RR): (34, 223962, 83, 31)
[M::mem_pestat] analyzing insert size distribution for orientation FF...
[M::mem_pestat] (25, 50, 75) percentile: (305, 476, 1848)
[M::mem_pestat] low and high boundaries for computing mean and std.dev: (1, 4934)
[M::mem_pestat] mean and std.dev: (972.81, 1093.47)
[M::mem_pestat] low and high boundaries for proper pairs: (1, 6477)
[M::mem_pestat] analyzing insert size distribution for orientation FR...
[M::mem_pestat] (25, 50, 75) percentile: (270, 356, 457)
[M::mem_pestat] low and high boundaries for computing mean and std.dev: (1, 831)
[M::mem_pestat] mean and std.dev: (364.68, 141.36)
[M::mem_pestat] low and high boundaries for proper pairs: (1, 1018)
[M::mem_pestat] analyzing insert size distribution for orientation RF...
[M::mem_pestat] (25, 50, 75) percentile: (351, 1735, 5382)
[M::mem_pestat] low and high boundaries for computing mean and std.dev: (1, 15444)
[M::mem_pestat] mean and std.dev: (2980.87, 2884.30)
[M::mem_pestat] low and high boundaries for proper pairs: (1, 20475)
[M::mem_pestat] analyzing insert size distribution for orientation RR...
[M::mem_pestat] (25, 50, 75) percentile: (270, 434, 1148)
[M::mem_pestat] low and high boundaries for computing mean and std.dev: (1, 2904)
[M::mem_pestat] mean and std.dev: (481.77, 386.02)
[M::mem_pestat] low and high boundaries for proper pairs: (1, 3782)
[M::mem_pestat] skip orientation FF
[M::mem_pestat] skip orientation RF
[M::mem_pestat] skip orientation RR
[M::process] read 1066668 sequences (160000200 bp)...
[M::mem_process_seqs] Processed 1066668 reads in 784.787 CPU sec, 50.990 real sec
[M::mem_pestat] # candidate unique pairs for (FF, FR, RF, RR): (31, 223752, 70, 43)
[M::mem_pestat] analyzing insert size distribution for orientation FF...
[M::mem_pestat] (25, 50, 75) percentile: (317, 500, 1325)
[M::mem_pestat] low and high boundaries for computing mean and std.dev: (1, 3341)
[M::mem_pestat] mean and std.dev: (792.74, 711.60)
[M::mem_pestat] low and high boundaries for proper pairs: (1, 4349)
[M::mem_pestat] analyzing insert size distribution for orientation FR...
[M::mem_pestat] (25, 50, 75) percentile: (268, 352, 454)
[M::mem_pestat] low and high boundaries for computing mean and std.dev: (1, 826)
[M::mem_pestat] mean and std.dev: (361.77, 140.23)
[M::mem_pestat] low and high boundaries for proper pairs: (1, 1012)
[M::mem_pestat] analyzing insert size distribution for orientation RF...
[M::mem_pestat] (25, 50, 75) percentile: (498, 2402, 5190)
[M::mem_pestat] low and high boundaries for computing mean and std.dev: (1, 14574)
[M::mem_pestat] mean and std.dev: (2980.41, 2769.12)
[M::mem_pestat] low and high boundaries for proper pairs: (1, 19266)
[M::mem_pestat] analyzing insert size distribution for orientation RR...
[M::mem_pestat] (25, 50, 75) percentile: (250, 435, 769)
[M::mem_pestat] low and high boundaries for computing mean and std.dev: (1, 1807)
[M::mem_pestat] mean and std.dev: (475.51, 328.89)
[M::mem_pestat] low and high boundaries for proper pairs: (1, 2326)
[M::mem_pestat] skip orientation FF
[M::mem_pestat] skip orientation RF
[M::mem_pestat] skip orientation RR
[M::process] read 1066668 sequences (160000200 bp)...
[M::mem_process_seqs] Processed 1066668 reads in 817.434 CPU sec, 53.210 real sec
[M::mem_pestat] # candidate unique pairs for (FF, FR, RF, RR): (38, 224190, 78, 36)
[M::mem_pestat] analyzing insert size distribution for orientation FF...
[M::mem_pestat] (25, 50, 75) percentile: (139, 441, 1245)
[M::mem_pestat] low and high boundaries for computing mean and std.dev: (1, 3457)
[M::mem_pestat] mean and std.dev: (773.89, 747.40)
[M::mem_pestat] low and high boundaries for proper pairs: (1, 4563)
[M::mem_pestat] analyzing insert size distribution for orientation FR...
[M::mem_pestat] (25, 50, 75) percentile: (266, 349, 450)
[M::mem_pestat] low and high boundaries for computing mean and std.dev: (1, 818)
[M::mem_pestat] mean and std.dev: (359.01, 139.00)
[M::mem_pestat] low and high boundaries for proper pairs: (1, 1002)
[M::mem_pestat] analyzing insert size distribution for orientation RF...
[M::mem_pestat] (25, 50, 75) percentile: (139, 807, 3193)
[M::mem_pestat] low and high boundaries for computing mean and std.dev: (1, 9301)
[M::mem_pestat] mean and std.dev: (2079.84, 2645.99)
[M::mem_pestat] low and high boundaries for proper pairs: (1, 12664)
[M::mem_pestat] analyzing insert size distribution for orientation RR...
[M::mem_pestat] (25, 50, 75) percentile: (198, 403, 936)
[M::mem_pestat] low and high boundaries for computing mean and std.dev: (1, 2412)
[M::mem_pestat] mean and std.dev: (572.56, 572.93)
[M::mem_pestat] low and high boundaries for proper pairs: (1, 3150)
[M::mem_pestat] skip orientation FF
[M::mem_pestat] skip orientation RF
[M::mem_pestat] skip orientation RR
[M::process] read 1066668 sequences (160000200 bp)...
[M::mem_process_seqs] Processed 1066668 reads in 792.956 CPU sec, 51.547 real sec
[M::mem_pestat] # candidate unique pairs for (FF, FR, RF, RR): (34, 223175, 70, 34)
[M::mem_pestat] analyzing insert size distribution for orientation FF...
[M::mem_pestat] (25, 50, 75) percentile: (222, 432, 1614)
[M::mem_pestat] low and high boundaries for computing mean and std.dev: (1, 4398)
[M::mem_pestat] mean and std.dev: (568.86, 644.51)
[M::mem_pestat] low and high boundaries for proper pairs: (1, 5790)
[M::mem_pestat] analyzing insert size distribution for orientation FR...
[M::mem_pestat] (25, 50, 75) percentile: (268, 352, 455)
[M::mem_pestat] low and high boundaries for computing mean and std.dev: (1, 829)
[M::mem_pestat] mean and std.dev: (362.48, 141.13)
[M::mem_pestat] low and high boundaries for proper pairs: (1, 1016)
[M::mem_pestat] analyzing insert size distribution for orientation RF...
[M::mem_pestat] (25, 50, 75) percentile: (323, 748, 2737)
[M::mem_pestat] low and high boundaries for computing mean and std.dev: (1, 7565)
[M::mem_pestat] mean and std.dev: (1484.40, 1966.28)
[M::mem_pestat] low and high boundaries for proper pairs: (1, 9979)
[M::mem_pestat] analyzing insert size distribution for orientation RR...
[M::mem_pestat] (25, 50, 75) percentile: (304, 477, 845)
[M::mem_pestat] low and high boundaries for computing mean and std.dev: (1, 1927)
[M::mem_pestat] mean and std.dev: (512.93, 336.71)
[M::mem_pestat] low and high boundaries for proper pairs: (1, 2468)
[M::mem_pestat] skip orientation FF
[M::mem_pestat] skip orientation RF
[M::mem_pestat] skip orientation RR
[M::process] read 1066668 sequences (160000200 bp)...
[M::mem_process_seqs] Processed 1066668 reads in 802.637 CPU sec, 51.976 real sec
[M::mem_pestat] # candidate unique pairs for (FF, FR, RF, RR): (17, 222130, 85, 46)
[M::mem_pestat] analyzing insert size distribution for orientation FF...
[M::mem_pestat] (25, 50, 75) percentile: (497, 603, 4900)
[M::mem_pestat] low and high boundaries for computing mean and std.dev: (1, 13706)
[M::mem_pestat] mean and std.dev: (1938.00, 2365.50)
[M::mem_pestat] low and high boundaries for proper pairs: (1, 18109)
[M::mem_pestat] analyzing insert size distribution for orientation FR...
[M::mem_pestat] (25, 50, 75) percentile: (270, 358, 462)
[M::mem_pestat] low and high boundaries for computing mean and std.dev: (1, 846)
[M::mem_pestat] mean and std.dev: (366.31, 143.11)
[M::mem_pestat] low and high boundaries for proper pairs: (1, 1038)
[M::mem_pestat] analyzing insert size distribution for orientation RF...
[M::mem_pestat] (25, 50, 75) percentile: (229, 1291, 5270)
[M::mem_pestat] low and high boundaries for computing mean and std.dev: (1, 15352)
[M::mem_pestat] mean and std.dev: (2775.16, 2931.82)
[M::mem_pestat] low and high boundaries for proper pairs: (1, 20393)
[M::mem_pestat] analyzing insert size distribution for orientation RR...
[M::mem_pestat] (25, 50, 75) percentile: (185, 227, 681)
[M::mem_pestat] low and high boundaries for computing mean and std.dev: (1, 1673)
[M::mem_pestat] mean and std.dev: (361.64, 324.58)
[M::mem_pestat] low and high boundaries for proper pairs: (1, 2169)
[M::mem_pestat] skip orientation FF
[M::mem_pestat] skip orientation RF
[M::mem_pestat] skip orientation RR
[M::process] read 1066668 sequences (160000200 bp)...
[M::mem_process_seqs] Processed 1066668 reads in 780.285 CPU sec, 50.733 real sec
[M::mem_pestat] # candidate unique pairs for (FF, FR, RF, RR): (41, 223900, 85, 40)
[M::mem_pestat] analyzing insert size distribution for orientation FF...
[M::mem_pestat] (25, 50, 75) percentile: (218, 669, 2719)
[M::mem_pestat] low and high boundaries for computing mean and std.dev: (1, 7721)
[M::mem_pestat] mean and std.dev: (1651.12, 1858.23)
[M::mem_pestat] low and high boundaries for proper pairs: (1, 10222)
[M::mem_pestat] analyzing insert size distribution for orientation FR...
[M::mem_pestat] (25, 50, 75) percentile: (276, 365, 470)
[M::mem_pestat] low and high boundaries for computing mean and std.dev: (1, 858)
[M::mem_pestat] mean and std.dev: (373.70, 144.87)
[M::mem_pestat] low and high boundaries for proper pairs: (1, 1052)
[M::mem_pestat] analyzing insert size distribution for orientation RF...
[M::mem_pestat] (25, 50, 75) percentile: (55, 803, 2359)
[M::mem_pestat] low and high boundaries for computing mean and std.dev: (1, 6967)
[M::mem_pestat] mean and std.dev: (1156.07, 1538.85)
[M::mem_pestat] low and high boundaries for proper pairs: (1, 9271)
[M::mem_pestat] analyzing insert size distribution for orientation RR...
[M::mem_pestat] (25, 50, 75) percentile: (202, 438, 710)
[M::mem_pestat] low and high boundaries for computing mean and std.dev: (1, 1726)
[M::mem_pestat] mean and std.dev: (490.64, 426.01)
[M::mem_pestat] low and high boundaries for proper pairs: (1, 2234)
[M::mem_pestat] skip orientation FF
[M::mem_pestat] skip orientation RF
[M::mem_pestat] skip orientation RR
[M::process] read 1066668 sequences (160000200 bp)...
[M::mem_process_seqs] Processed 1066668 reads in 784.938 CPU sec, 50.812 real sec
[M::mem_pestat] # candidate unique pairs for (FF, FR, RF, RR): (32, 223496, 83, 45)
[M::mem_pestat] analyzing insert size distribution for orientation FF...
[M::mem_pestat] (25, 50, 75) percentile: (269, 460, 1139)
[M::mem_pestat] low and high boundaries for computing mean and std.dev: (1, 2879)
[M::mem_pestat] mean and std.dev: (642.37, 550.53)
[M::mem_pestat] low and high boundaries for proper pairs: (1, 3749)
[M::mem_pestat] analyzing insert size distribution for orientation FR...
[M::mem_pestat] (25, 50, 75) percentile: (272, 359, 465)
[M::mem_pestat] low and high boundaries for computing mean and std.dev: (1, 851)
[M::mem_pestat] mean and std.dev: (369.08, 144.84)
[M::mem_pestat] low and high boundaries for proper pairs: (1, 1044)
[M::mem_pestat] analyzing insert size distribution for orientation RF...
[M::mem_pestat] (25, 50, 75) percentile: (138, 654, 2508)
[M::mem_pestat] low and high boundaries for computing mean and std.dev: (1, 7248)
[M::mem_pestat] mean and std.dev: (1286.79, 1539.47)
[M::mem_pestat] low and high boundaries for proper pairs: (1, 9618)
[M::mem_pestat] analyzing insert size distribution for orientation RR...
[M::mem_pestat] (25, 50, 75) percentile: (249, 471, 712)
[M::mem_pestat] low and high boundaries for computing mean and std.dev: (1, 1638)
[M::mem_pestat] mean and std.dev: (439.13, 284.86)
[M::mem_pestat] low and high boundaries for proper pairs: (1, 2101)
[M::mem_pestat] skip orientation FF
[M::mem_pestat] skip orientation RF
[M::mem_pestat] skip orientation RR
[M::process] read 1066668 sequences (160000200 bp)...
[M::mem_process_seqs] Processed 1066668 reads in 787.421 CPU sec, 51.002 real sec
[M::mem_pestat] # candidate unique pairs for (FF, FR, RF, RR): (23, 224755, 74, 41)
[M::mem_pestat] analyzing insert size distribution for orientation FF...
[M::mem_pestat] (25, 50, 75) percentile: (270, 1211, 1839)
[M::mem_pestat] low and high boundaries for computing mean and std.dev: (1, 4977)
[M::mem_pestat] mean and std.dev: (1050.38, 1039.78)
[M::mem_pestat] low and high boundaries for proper pairs: (1, 6546)
[M::mem_pestat] analyzing insert size distribution for orientation FR...
[M::mem_pestat] (25, 50, 75) percentile: (271, 358, 464)
[M::mem_pestat] low and high boundaries for computing mean and std.dev: (1, 850)
[M::mem_pestat] mean and std.dev: (368.15, 144.46)
[M::mem_pestat] low and high boundaries for proper pairs: (1, 1043)
[M::mem_pestat] analyzing insert size distribution for orientation RF...
[M::mem_pestat] (25, 50, 75) percentile: (310, 976, 2869)
[M::mem_pestat] low and high boundaries for computing mean and std.dev: (1, 7987)
[M::mem_pestat] mean and std.dev: (1255.31, 1338.37)
[M::mem_pestat] low and high boundaries for proper pairs: (1, 10546)
[M::mem_pestat] analyzing insert size distribution for orientation RR...
[M::mem_pestat] (25, 50, 75) percentile: (294, 375, 517)
[M::mem_pestat] low and high boundaries for computing mean and std.dev: (1, 963)
[M::mem_pestat] mean and std.dev: (368.06, 146.14)
[M::mem_pestat] low and high boundaries for proper pairs: (1, 1186)
[M::mem_pestat] skip orientation FF
[M::mem_pestat] skip orientation RF
[M::mem_pestat] skip orientation RR
[M::process] read 1066668 sequences (160000200 bp)...
[M::mem_process_seqs] Processed 1066668 reads in 786.735 CPU sec, 51.030 real sec
[M::mem_pestat] # candidate unique pairs for (FF, FR, RF, RR): (34, 223679, 85, 20)
[M::mem_pestat] analyzing insert size distribution for orientation FF...
[M::mem_pestat] (25, 50, 75) percentile: (269, 480, 1855)
[M::mem_pestat] low and high boundaries for computing mean and std.dev: (1, 5027)
[M::mem_pestat] mean and std.dev: (1095.67, 1272.19)
[M::mem_pestat] low and high boundaries for proper pairs: (1, 6613)
[M::mem_pestat] analyzing insert size distribution for orientation FR...
[M::mem_pestat] (25, 50, 75) percentile: (272, 358, 462)
[M::mem_pestat] low and high boundaries for computing mean and std.dev: (1, 842)
[M::mem_pestat] mean and std.dev: (367.56, 142.77)
[M::mem_pestat] low and high boundaries for proper pairs: (1, 1032)
[M::mem_pestat] analyzing insert size distribution for orientation RF...
[M::mem_pestat] (25, 50, 75) percentile: (235, 1346, 3777)
[M::mem_pestat] low and high boundaries for computing mean and std.dev: (1, 10861)
[M::mem_pestat] mean and std.dev: (2472.88, 2896.71)
[M::mem_pestat] low and high boundaries for proper pairs: (1, 14403)
[M::mem_pestat] analyzing insert size distribution for orientation RR...
[M::mem_pestat] (25, 50, 75) percentile: (284, 469, 2433)
[M::mem_pestat] low and high boundaries for computing mean and std.dev: (1, 6731)
[M::mem_pestat] mean and std.dev: (973.67, 1323.24)
[M::mem_pestat] low and high boundaries for proper pairs: (1, 8880)
[M::mem_pestat] skip orientation FF
[M::mem_pestat] skip orientation RF
[M::mem_pestat] skip orientation RR
[M::process] read 1066668 sequences (160000200 bp)...
[M::mem_process_seqs] Processed 1066668 reads in 793.915 CPU sec, 51.507 real sec
[M::mem_pestat] # candidate unique pairs for (FF, FR, RF, RR): (29, 223302, 90, 45)
[M::mem_pestat] analyzing insert size distribution for orientation FF...
[M::mem_pestat] (25, 50, 75) percentile: (277, 449, 3113)
[M::mem_pestat] low and high boundaries for computing mean and std.dev: (1, 8785)
[M::mem_pestat] mean and std.dev: (1650.86, 2435.23)
[M::mem_pestat] low and high boundaries for proper pairs: (1, 11621)
[M::mem_pestat] analyzing insert size distribution for orientation FR...
[M::mem_pestat] (25, 50, 75) percentile: (269, 354, 459)
[M::mem_pestat] low and high boundaries for computing mean and std.dev: (1, 839)
[M::mem_pestat] mean and std.dev: (364.97, 142.69)
[M::mem_pestat] low and high boundaries for proper pairs: (1, 1029)
[M::mem_pestat] analyzing insert size distribution for orientation RF...
[M::mem_pestat] (25, 50, 75) percentile: (202, 1263, 3286)
[M::mem_pestat] low and high boundaries for computing mean and std.dev: (1, 9454)
[M::mem_pestat] mean and std.dev: (2210.73, 2531.79)
[M::mem_pestat] low and high boundaries for proper pairs: (1, 12538)
[M::mem_pestat] analyzing insert size distribution for orientation RR...
[M::mem_pestat] (25, 50, 75) percentile: (186, 431, 1671)
[M::mem_pestat] low and high boundaries for computing mean and std.dev: (1, 4641)
[M::mem_pestat] mean and std.dev: (795.60, 802.82)
[M::mem_pestat] low and high boundaries for proper pairs: (1, 6126)
[M::mem_pestat] skip orientation FF
[M::mem_pestat] skip orientation RF
[M::mem_pestat] skip orientation RR
[M::process] read 1066668 sequences (160000200 bp)...
[M::mem_process_seqs] Processed 1066668 reads in 795.904 CPU sec, 51.515 real sec
[M::mem_pestat] # candidate unique pairs for (FF, FR, RF, RR): (29, 223305, 81, 42)
[M::mem_pestat] analyzing insert size distribution for orientation FF...
[M::mem_pestat] (25, 50, 75) percentile: (245, 471, 2635)
[M::mem_pestat] low and high boundaries for computing mean and std.dev: (1, 7415)
[M::mem_pestat] mean and std.dev: (1296.65, 1734.86)
[M::mem_pestat] low and high boundaries for proper pairs: (1, 9805)
[M::mem_pestat] analyzing insert size distribution for orientation FR...
[M::mem_pestat] (25, 50, 75) percentile: (267, 352, 456)
[M::mem_pestat] low and high boundaries for computing mean and std.dev: (1, 834)
[M::mem_pestat] mean and std.dev: (362.92, 141.99)
[M::mem_pestat] low and high boundaries for proper pairs: (1, 1023)
[M::mem_pestat] analyzing insert size distribution for orientation RF...
[M::mem_pestat] (25, 50, 75) percentile: (130, 1221, 3612)
[M::mem_pestat] low and high boundaries for computing mean and std.dev: (1, 10576)
[M::mem_pestat] mean and std.dev: (2161.41, 2549.99)
[M::mem_pestat] low and high boundaries for proper pairs: (1, 14058)
[M::mem_pestat] analyzing insert size distribution for orientation RR...
[M::mem_pestat] (25, 50, 75) percentile: (243, 402, 732)
[M::mem_pestat] low and high boundaries for computing mean and std.dev: (1, 1710)
[M::mem_pestat] mean and std.dev: (540.33, 399.60)
[M::mem_pestat] low and high boundaries for proper pairs: (1, 2199)
[M::mem_pestat] skip orientation FF
[M::mem_pestat] skip orientation RF
[M::mem_pestat] skip orientation RR
[M::process] read 1066668 sequences (160000200 bp)...
[M::mem_process_seqs] Processed 1066668 reads in 805.103 CPU sec, 52.301 real sec
[M::mem_pestat] # candidate unique pairs for (FF, FR, RF, RR): (38, 222801, 80, 39)
[M::mem_pestat] analyzing insert size distribution for orientation FF...
[M::mem_pestat] (25, 50, 75) percentile: (223, 535, 887)
[M::mem_pestat] low and high boundaries for computing mean and std.dev: (1, 2215)
[M::mem_pestat] mean and std.dev: (456.47, 318.31)
[M::mem_pestat] low and high boundaries for proper pairs: (1, 2879)
[M::mem_pestat] analyzing insert size distribution for orientation FR...
[M::mem_pestat] (25, 50, 75) percentile: (266, 351, 453)
[M::mem_pestat] low and high boundaries for computing mean and std.dev: (1, 827)
[M::mem_pestat] mean and std.dev: (360.08, 140.17)
[M::mem_pestat] low and high boundaries for proper pairs: (1, 1014)
[M::mem_pestat] analyzing insert size distribution for orientation RF...
[M::mem_pestat] (25, 50, 75) percentile: (277, 1174, 5081)
[M::mem_pestat] low and high boundaries for computing mean and std.dev: (1, 14689)
[M::mem_pestat] mean and std.dev: (2601.20, 2930.63)
[M::mem_pestat] low and high boundaries for proper pairs: (1, 19493)
[M::mem_pestat] analyzing insert size distribution for orientation RR...
[M::mem_pestat] (25, 50, 75) percentile: (221, 397, 1349)
[M::mem_pestat] low and high boundaries for computing mean and std.dev: (1, 3605)
[M::mem_pestat] mean and std.dev: (570.09, 575.01)
[M::mem_pestat] low and high boundaries for proper pairs: (1, 4733)
[M::mem_pestat] skip orientation FF
[M::mem_pestat] skip orientation RF
[M::mem_pestat] skip orientation RR
[M::process] read 1066668 sequences (160000200 bp)...
[M::mem_process_seqs] Processed 1066668 reads in 814.071 CPU sec, 52.714 real sec
[M::mem_pestat] # candidate unique pairs for (FF, FR, RF, RR): (39, 223080, 59, 26)
[M::mem_pestat] analyzing insert size distribution for orientation FF...
[M::mem_pestat] (25, 50, 75) percentile: (259, 424, 2002)
[M::mem_pestat] low and high boundaries for computing mean and std.dev: (1, 5488)
[M::mem_pestat] mean and std.dev: (1154.68, 1332.62)
[M::mem_pestat] low and high boundaries for proper pairs: (1, 7231)
[M::mem_pestat] analyzing insert size distribution for orientation FR...
[M::mem_pestat] (25, 50, 75) percentile: (270, 358, 463)
[M::mem_pestat] low and high boundaries for computing mean and std.dev: (1, 849)
[M::mem_pestat] mean and std.dev: (366.47, 144.36)
[M::mem_pestat] low and high boundaries for proper pairs: (1, 1042)
[M::mem_pestat] analyzing insert size distribution for orientation RF...
[M::mem_pestat] (25, 50, 75) percentile: (178, 592, 3901)
[M::mem_pestat] low and high boundaries for computing mean and std.dev: (1, 11347)
[M::mem_pestat] mean and std.dev: (2251.68, 2701.00)
[M::mem_pestat] low and high boundaries for proper pairs: (1, 15070)
[M::mem_pestat] analyzing insert size distribution for orientation RR...
[M::mem_pestat] (25, 50, 75) percentile: (227, 470, 1676)
[M::mem_pestat] low and high boundaries for computing mean and std.dev: (1, 4574)
[M::mem_pestat] mean and std.dev: (1010.46, 1150.74)
[M::mem_pestat] low and high boundaries for proper pairs: (1, 6023)
[M::mem_pestat] skip orientation FF
[M::mem_pestat] skip orientation RF
[M::mem_pestat] skip orientation RR
[M::process] read 1066668 sequences (160000200 bp)...
[M::mem_process_seqs] Processed 1066668 reads in 779.553 CPU sec, 50.570 real sec
[M::mem_pestat] # candidate unique pairs for (FF, FR, RF, RR): (35, 223287, 81, 46)
[M::mem_pestat] analyzing insert size distribution for orientation FF...
[M::mem_pestat] (25, 50, 75) percentile: (223, 409, 571)
[M::mem_pestat] low and high boundaries for computing mean and std.dev: (1, 1267)
[M::mem_pestat] mean and std.dev: (384.84, 223.02)
[M::mem_pestat] low and high boundaries for proper pairs: (1, 1615)
[M::mem_pestat] analyzing insert size distribution for orientation FR...
[M::mem_pestat] (25, 50, 75) percentile: (273, 361, 465)
[M::mem_pestat] low and high boundaries for computing mean and std.dev: (1, 849)
[M::mem_pestat] mean and std.dev: (369.11, 143.62)
[M::mem_pestat] low and high boundaries for proper pairs: (1, 1041)
[M::mem_pestat] analyzing insert size distribution for orientation RF...
[M::mem_pestat] (25, 50, 75) percentile: (443, 2023, 6677)
[M::mem_pestat] low and high boundaries for computing mean and std.dev: (1, 19145)
[M::mem_pestat] mean and std.dev: (3357.96, 3228.20)
[M::mem_pestat] low and high boundaries for proper pairs: (1, 25379)
[M::mem_pestat] analyzing insert size distribution for orientation RR...
[M::mem_pestat] (25, 50, 75) percentile: (192, 480, 1060)
[M::mem_pestat] low and high boundaries for computing mean and std.dev: (1, 2796)
[M::mem_pestat] mean and std.dev: (511.54, 478.10)
[M::mem_pestat] low and high boundaries for proper pairs: (1, 3664)
[M::mem_pestat] skip orientation FF
[M::mem_pestat] skip orientation RF
[M::mem_pestat] skip orientation RR
[M::process] read 1066668 sequences (160000200 bp)...
[M::mem_process_seqs] Processed 1066668 reads in 784.588 CPU sec, 50.872 real sec
[M::mem_pestat] # candidate unique pairs for (FF, FR, RF, RR): (30, 224239, 76, 48)
[M::mem_pestat] analyzing insert size distribution for orientation FF...
[M::mem_pestat] (25, 50, 75) percentile: (202, 324, 511)
[M::mem_pestat] low and high boundaries for computing mean and std.dev: (1, 1129)
[M::mem_pestat] mean and std.dev: (336.50, 206.82)
[M::mem_pestat] low and high boundaries for proper pairs: (1, 1438)
[M::mem_pestat] analyzing insert size distribution for orientation FR...
[M::mem_pestat] (25, 50, 75) percentile: (267, 353, 458)
[M::mem_pestat] low and high boundaries for computing mean and std.dev: (1, 840)
[M::mem_pestat] mean and std.dev: (363.24, 143.26)
[M::mem_pestat] low and high boundaries for proper pairs: (1, 1031)
[M::mem_pestat] analyzing insert size distribution for orientation RF...
[M::mem_pestat] (25, 50, 75) percentile: (59, 1186, 5988)
[M::mem_pestat] low and high boundaries for computing mean and std.dev: (1, 17846)
[M::mem_pestat] mean and std.dev: (2930.11, 3380.12)
[M::mem_pestat] low and high boundaries for proper pairs: (1, 23775)
[M::mem_pestat] analyzing insert size distribution for orientation RR...
[M::mem_pestat] (25, 50, 75) percentile: (275, 402, 1668)
[M::mem_pestat] low and high boundaries for computing mean and std.dev: (1, 4454)
[M::mem_pestat] mean and std.dev: (832.30, 890.85)
[M::mem_pestat] low and high boundaries for proper pairs: (1, 5847)
[M::mem_pestat] skip orientation FF
[M::mem_pestat] skip orientation RF
[M::mem_pestat] skip orientation RR
[M::process] read 1066668 sequences (160000200 bp)...
[M::mem_process_seqs] Processed 1066668 reads in 790.955 CPU sec, 51.244 real sec
[M::mem_pestat] # candidate unique pairs for (FF, FR, RF, RR): (40, 225221, 78, 33)
[M::mem_pestat] analyzing insert size distribution for orientation FF...
[M::mem_pestat] (25, 50, 75) percentile: (388, 787, 1576)
[M::mem_pestat] low and high boundaries for computing mean and std.dev: (1, 3952)
[M::mem_pestat] mean and std.dev: (703.58, 549.23)
[M::mem_pestat] low and high boundaries for proper pairs: (1, 5140)
[M::mem_pestat] analyzing insert size distribution for orientation FR...
[M::mem_pestat] (25, 50, 75) percentile: (267, 354, 459)
[M::mem_pestat] low and high boundaries for computing mean and std.dev: (1, 843)
[M::mem_pestat] mean and std.dev: (363.78, 143.71)
[M::mem_pestat] low and high boundaries for proper pairs: (1, 1035)
[M::mem_pestat] analyzing insert size distribution for orientation RF...
[M::mem_pestat] (25, 50, 75) percentile: (488, 1596, 4475)
[M::mem_pestat] low and high boundaries for computing mean and std.dev: (1, 12449)
[M::mem_pestat] mean and std.dev: (2773.14, 2881.20)
[M::mem_pestat] low and high boundaries for proper pairs: (1, 16436)
[M::mem_pestat] analyzing insert size distribution for orientation RR...
[M::mem_pestat] (25, 50, 75) percentile: (250, 403, 1047)
[M::mem_pestat] low and high boundaries for computing mean and std.dev: (1, 2641)
[M::mem_pestat] mean and std.dev: (615.84, 558.22)
[M::mem_pestat] low and high boundaries for proper pairs: (1, 3438)
[M::mem_pestat] skip orientation FF
[M::mem_pestat] skip orientation RF
[M::mem_pestat] skip orientation RR
[M::mem_process_seqs] Processed 1066668 reads in 787.468 CPU sec, 55.123 real sec
[M::process] read 1066668 sequences (160000200 bp)...
[M::process] read 1066668 sequences (160000200 bp)...
[M::mem_pestat] # candidate unique pairs for (FF, FR, RF, RR): (31, 223271, 80, 27)
[M::mem_pestat] analyzing insert size distribution for orientation FF...
[M::mem_pestat] (25, 50, 75) percentile: (323, 660, 1216)
[M::mem_pestat] low and high boundaries for computing mean and std.dev: (1, 3002)
[M::mem_pestat] mean and std.dev: (694.96, 537.24)
[M::mem_pestat] low and high boundaries for proper pairs: (1, 3895)
[M::mem_pestat] analyzing insert size distribution for orientation FR...
[M::mem_pestat] (25, 50, 75) percentile: (270, 357, 461)
[M::mem_pestat] low and high boundaries for computing mean and std.dev: (1, 843)
[M::mem_pestat] mean and std.dev: (366.89, 143.58)
[M::mem_pestat] low and high boundaries for proper pairs: (1, 1034)
[M::mem_pestat] analyzing insert size distribution for orientation RF...
[M::mem_pestat] (25, 50, 75) percentile: (227, 629, 2895)
[M::mem_pestat] low and high boundaries for computing mean and std.dev: (1, 8231)
[M::mem_pestat] mean and std.dev: (1464.05, 2062.05)
[M::mem_pestat] low and high boundaries for proper pairs: (1, 10899)
[M::mem_pestat] analyzing insert size distribution for orientation RR...
[M::mem_pestat] (25, 50, 75) percentile: (367, 616, 1596)
[M::mem_pestat] low and high boundaries for computing mean and std.dev: (1, 4054)
[M::mem_pestat] mean and std.dev: (804.29, 727.82)
[M::mem_pestat] low and high boundaries for proper pairs: (1, 5283)
[M::mem_pestat] skip orientation FF
[M::mem_pestat] skip orientation RF
[M::mem_pestat] skip orientation RR
[M::mem_process_seqs] Processed 1066668 reads in 794.107 CPU sec, 51.020 real sec
[M::mem_pestat] # candidate unique pairs for (FF, FR, RF, RR): (36, 223134, 69, 36)
[M::mem_pestat] analyzing insert size distribution for orientation FF...
[M::mem_pestat] (25, 50, 75) percentile: (281, 513, 2334)
[M::mem_pestat] low and high boundaries for computing mean and std.dev: (1, 6440)
[M::mem_pestat] mean and std.dev: (1307.24, 1716.78)
[M::mem_pestat] low and high boundaries for proper pairs: (1, 8493)
[M::mem_pestat] analyzing insert size distribution for orientation FR...
[M::mem_pestat] (25, 50, 75) percentile: (268, 354, 458)
[M::mem_pestat] low and high boundaries for computing mean and std.dev: (1, 838)
[M::mem_pestat] mean and std.dev: (364.08, 142.97)
[M::mem_pestat] low and high boundaries for proper pairs: (1, 1028)
[M::mem_pestat] analyzing insert size distribution for orientation RF...
[M::mem_pestat] (25, 50, 75) percentile: (296, 2194, 5100)
[M::mem_pestat] low and high boundaries for computing mean and std.dev: (1, 14708)
[M::mem_pestat] mean and std.dev: (3167.75, 3170.48)
[M::mem_pestat] low and high boundaries for proper pairs: (1, 19512)
[M::mem_pestat] analyzing insert size distribution for orientation RR...
[M::mem_pestat] (25, 50, 75) percentile: (217, 439, 2316)
[M::mem_pestat] low and high boundaries for computing mean and std.dev: (1, 6514)
[M::mem_pestat] mean and std.dev: (856.68, 845.58)
[M::mem_pestat] low and high boundaries for proper pairs: (1, 8613)
[M::mem_pestat] skip orientation FF
[M::mem_pestat] skip orientation RF
[M::mem_pestat] skip orientation RR
[M::process] read 1066668 sequences (160000200 bp)...
[M::mem_process_seqs] Processed 1066668 reads in 798.229 CPU sec, 51.931 real sec
[M::mem_pestat] # candidate unique pairs for (FF, FR, RF, RR): (32, 223564, 84, 29)
[M::mem_pestat] analyzing insert size distribution for orientation FF...
[M::mem_pestat] (25, 50, 75) percentile: (237, 582, 732)
[M::mem_pestat] low and high boundaries for computing mean and std.dev: (1, 1722)
[M::mem_pestat] mean and std.dev: (485.93, 258.63)
[M::mem_pestat] low and high boundaries for proper pairs: (1, 2217)
[M::mem_pestat] analyzing insert size distribution for orientation FR...
[M::mem_pestat] (25, 50, 75) percentile: (267, 354, 459)
[M::mem_pestat] low and high boundaries for computing mean and std.dev: (1, 843)
[M::mem_pestat] mean and std.dev: (364.41, 142.83)
[M::mem_pestat] low and high boundaries for proper pairs: (1, 1035)
[M::mem_pestat] analyzing insert size distribution for orientation RF...
[M::mem_pestat] (25, 50, 75) percentile: (278, 1110, 3365)
[M::mem_pestat] low and high boundaries for computing mean and std.dev: (1, 9539)
[M::mem_pestat] mean and std.dev: (2109.87, 2357.21)
[M::mem_pestat] low and high boundaries for proper pairs: (1, 12626)
[M::mem_pestat] analyzing insert size distribution for orientation RR...
[M::mem_pestat] (25, 50, 75) percentile: (371, 471, 831)
[M::mem_pestat] low and high boundaries for computing mean and std.dev: (1, 1751)
[M::mem_pestat] mean and std.dev: (431.60, 246.86)
[M::mem_pestat] low and high boundaries for proper pairs: (1, 2211)
[M::mem_pestat] skip orientation FF
[M::mem_pestat] skip orientation RF
[M::mem_pestat] skip orientation RR
[M::process] read 1066668 sequences (160000200 bp)...
[M::mem_process_seqs] Processed 1066668 reads in 794.377 CPU sec, 51.459 real sec
[M::mem_pestat] # candidate unique pairs for (FF, FR, RF, RR): (24, 222898, 89, 50)
[M::mem_pestat] analyzing insert size distribution for orientation FF...
[M::mem_pestat] (25, 50, 75) percentile: (294, 661, 2078)
[M::mem_pestat] low and high boundaries for computing mean and std.dev: (1, 5646)
[M::mem_pestat] mean and std.dev: (806.60, 1143.28)
[M::mem_pestat] low and high boundaries for proper pairs: (1, 7430)
[M::mem_pestat] analyzing insert size distribution for orientation FR...
[M::mem_pestat] (25, 50, 75) percentile: (266, 352, 455)
[M::mem_pestat] low and high boundaries for computing mean and std.dev: (1, 833)
[M::mem_pestat] mean and std.dev: (362.07, 141.98)
[M::mem_pestat] low and high boundaries for proper pairs: (1, 1022)
[M::mem_pestat] analyzing insert size distribution for orientation RF...
[M::mem_pestat] (25, 50, 75) percentile: (387, 1102, 3827)
[M::mem_pestat] low and high boundaries for computing mean and std.dev: (1, 10707)
[M::mem_pestat] mean and std.dev: (2483.53, 2879.80)
[M::mem_pestat] low and high boundaries for proper pairs: (1, 14147)
[M::mem_pestat] analyzing insert size distribution for orientation RR...
[M::mem_pestat] (25, 50, 75) percentile: (250, 356, 1168)
[M::mem_pestat] low and high boundaries for computing mean and std.dev: (1, 3004)
[M::mem_pestat] mean and std.dev: (671.48, 714.12)
[M::mem_pestat] low and high boundaries for proper pairs: (1, 3922)
[M::mem_pestat] skip orientation FF
[M::mem_pestat] skip orientation RF
[M::mem_pestat] skip orientation RR
[M::process] read 1066668 sequences (160000200 bp)...
[M::mem_process_seqs] Processed 1066668 reads in 795.189 CPU sec, 51.488 real sec
[M::mem_pestat] # candidate unique pairs for (FF, FR, RF, RR): (38, 223442, 82, 50)
[M::mem_pestat] analyzing insert size distribution for orientation FF...
[M::mem_pestat] (25, 50, 75) percentile: (321, 475, 913)
[M::mem_pestat] low and high boundaries for computing mean and std.dev: (1, 2097)
[M::mem_pestat] mean and std.dev: (681.69, 598.26)
[M::mem_pestat] low and high boundaries for proper pairs: (1, 3075)
[M::mem_pestat] analyzing insert size distribution for orientation FR...
[M::mem_pestat] (25, 50, 75) percentile: (272, 359, 462)
[M::mem_pestat] low and high boundaries for computing mean and std.dev: (1, 842)
[M::mem_pestat] mean and std.dev: (367.58, 143.31)
[M::mem_pestat] low and high boundaries for proper pairs: (1, 1032)
[M::mem_pestat] analyzing insert size distribution for orientation RF...
[M::mem_pestat] (25, 50, 75) percentile: (247, 1195, 3892)
[M::mem_pestat] low and high boundaries for computing mean and std.dev: (1, 11182)
[M::mem_pestat] mean and std.dev: (2407.72, 2838.54)
[M::mem_pestat] low and high boundaries for proper pairs: (1, 14827)
[M::mem_pestat] analyzing insert size distribution for orientation RR...
[M::mem_pestat] (25, 50, 75) percentile: (274, 402, 769)
[M::mem_pestat] low and high boundaries for computing mean and std.dev: (1, 1759)
[M::mem_pestat] mean and std.dev: (406.07, 228.80)
[M::mem_pestat] low and high boundaries for proper pairs: (1, 2254)
[M::mem_pestat] skip orientation FF
[M::mem_pestat] skip orientation RF
[M::mem_pestat] skip orientation RR
[M::process] read 1066668 sequences (160000200 bp)...
[M::mem_process_seqs] Processed 1066668 reads in 777.642 CPU sec, 50.310 real sec
[M::mem_pestat] # candidate unique pairs for (FF, FR, RF, RR): (38, 223906, 76, 49)
[M::mem_pestat] analyzing insert size distribution for orientation FF...
[M::mem_pestat] (25, 50, 75) percentile: (275, 425, 1384)
[M::mem_pestat] low and high boundaries for computing mean and std.dev: (1, 3602)
[M::mem_pestat] mean and std.dev: (643.63, 529.80)
[M::mem_pestat] low and high boundaries for proper pairs: (1, 4711)
[M::mem_pestat] analyzing insert size distribution for orientation FR...
[M::mem_pestat] (25, 50, 75) percentile: (269, 354, 455)
[M::mem_pestat] low and high boundaries for computing mean and std.dev: (1, 827)
[M::mem_pestat] mean and std.dev: (362.66, 139.82)
[M::mem_pestat] low and high boundaries for proper pairs: (1, 1013)
[M::mem_pestat] analyzing insert size distribution for orientation RF...
[M::mem_pestat] (25, 50, 75) percentile: (116, 1048, 2390)
[M::mem_pestat] low and high boundaries for computing mean and std.dev: (1, 6938)
[M::mem_pestat] mean and std.dev: (1218.99, 1646.55)
[M::mem_pestat] low and high boundaries for proper pairs: (1, 9212)
[M::mem_pestat] analyzing insert size distribution for orientation RR...
[M::mem_pestat] (25, 50, 75) percentile: (191, 428, 1289)
[M::mem_pestat] low and high boundaries for computing mean and std.dev: (1, 3485)
[M::mem_pestat] mean and std.dev: (580.77, 542.20)
[M::mem_pestat] low and high boundaries for proper pairs: (1, 4583)
[M::mem_pestat] skip orientation FF
[M::mem_pestat] skip orientation RF
[M::mem_pestat] skip orientation RR
[M::process] read 1066668 sequences (160000200 bp)...
[M::mem_process_seqs] Processed 1066668 reads in 778.521 CPU sec, 50.371 real sec
[M::mem_pestat] # candidate unique pairs for (FF, FR, RF, RR): (30, 224150, 76, 23)
[M::mem_pestat] analyzing insert size distribution for orientation FF...
[M::mem_pestat] (25, 50, 75) percentile: (297, 569, 770)
[M::mem_pestat] low and high boundaries for computing mean and std.dev: (1, 1716)
[M::mem_pestat] mean and std.dev: (465.17, 263.28)
[M::mem_pestat] low and high boundaries for proper pairs: (1, 2189)
[M::mem_pestat] analyzing insert size distribution for orientation FR...
[M::mem_pestat] (25, 50, 75) percentile: (273, 361, 468)
[M::mem_pestat] low and high boundaries for computing mean and std.dev: (1, 858)
[M::mem_pestat] mean and std.dev: (370.99, 145.66)
[M::mem_pestat] low and high boundaries for proper pairs: (1, 1053)
[M::mem_pestat] analyzing insert size distribution for orientation RF...
[M::mem_pestat] (25, 50, 75) percentile: (266, 1108, 2886)
[M::mem_pestat] low and high boundaries for computing mean and std.dev: (1, 8126)
[M::mem_pestat] mean and std.dev: (1874.93, 2023.10)
[M::mem_pestat] low and high boundaries for proper pairs: (1, 10746)
[M::mem_pestat] analyzing insert size distribution for orientation RR...
[M::mem_pestat] (25, 50, 75) percentile: (326, 676, 1589)
[M::mem_pestat] low and high boundaries for computing mean and std.dev: (1, 4115)
[M::mem_pestat] mean and std.dev: (1062.30, 1003.56)
[M::mem_pestat] low and high boundaries for proper pairs: (1, 5378)
[M::mem_pestat] skip orientation FF
[M::mem_pestat] skip orientation RF
[M::mem_pestat] skip orientation RR
[M::process] read 1066668 sequences (160000200 bp)...
[M::mem_process_seqs] Processed 1066668 reads in 784.483 CPU sec, 50.786 real sec
[M::mem_pestat] # candidate unique pairs for (FF, FR, RF, RR): (35, 223889, 90, 44)
[M::mem_pestat] analyzing insert size distribution for orientation FF...
[M::mem_pestat] (25, 50, 75) percentile: (322, 448, 927)
[M::mem_pestat] low and high boundaries for computing mean and std.dev: (1, 2137)
[M::mem_pestat] mean and std.dev: (506.47, 407.68)
[M::mem_pestat] low and high boundaries for proper pairs: (1, 2742)
[M::mem_pestat] analyzing insert size distribution for orientation FR...
[M::mem_pestat] (25, 50, 75) percentile: (269, 356, 460)
[M::mem_pestat] low and high boundaries for computing mean and std.dev: (1, 842)
[M::mem_pestat] mean and std.dev: (365.15, 142.89)
[M::mem_pestat] low and high boundaries for proper pairs: (1, 1033)
[M::mem_pestat] analyzing insert size distribution for orientation RF...
[M::mem_pestat] (25, 50, 75) percentile: (97, 986, 3914)
[M::mem_pestat] low and high boundaries for computing mean and std.dev: (1, 11548)
[M::mem_pestat] mean and std.dev: (2269.60, 2720.27)
[M::mem_pestat] low and high boundaries for proper pairs: (1, 15365)
[M::mem_pestat] analyzing insert size distribution for orientation RR...
[M::mem_pestat] (25, 50, 75) percentile: (182, 622, 3232)
[M::mem_pestat] low and high boundaries for computing mean and std.dev: (1, 9332)
[M::mem_pestat] mean and std.dev: (1740.55, 2456.67)
[M::mem_pestat] low and high boundaries for proper pairs: (1, 12382)
[M::mem_pestat] skip orientation FF
[M::mem_pestat] skip orientation RF
[M::mem_pestat] skip orientation RR
[M::process] read 1066668 sequences (160000200 bp)...
[M::mem_process_seqs] Processed 1066668 reads in 795.155 CPU sec, 51.474 real sec
[M::mem_pestat] # candidate unique pairs for (FF, FR, RF, RR): (41, 224178, 76, 26)
[M::mem_pestat] analyzing insert size distribution for orientation FF...
[M::mem_pestat] (25, 50, 75) percentile: (261, 687, 1960)
[M::mem_pestat] low and high boundaries for computing mean and std.dev: (1, 5358)
[M::mem_pestat] mean and std.dev: (851.64, 805.83)
[M::mem_pestat] low and high boundaries for proper pairs: (1, 7057)
[M::mem_pestat] analyzing insert size distribution for orientation FR...
[M::mem_pestat] (25, 50, 75) percentile: (269, 354, 457)
[M::mem_pestat] low and high boundaries for computing mean and std.dev: (1, 833)
[M::mem_pestat] mean and std.dev: (363.99, 141.90)
[M::mem_pestat] low and high boundaries for proper pairs: (1, 1021)
[M::mem_pestat] analyzing insert size distribution for orientation RF...
[M::mem_pestat] (25, 50, 75) percentile: (275, 1051, 5709)
[M::mem_pestat] low and high boundaries for computing mean and std.dev: (1, 16577)
[M::mem_pestat] mean and std.dev: (2665.64, 3124.57)
[M::mem_pestat] low and high boundaries for proper pairs: (1, 22011)
[M::mem_pestat] analyzing insert size distribution for orientation RR...
[M::mem_pestat] (25, 50, 75) percentile: (295, 480, 884)
[M::mem_pestat] low and high boundaries for computing mean and std.dev: (1, 2062)
[M::mem_pestat] mean and std.dev: (409.29, 230.92)
[M::mem_pestat] low and high boundaries for proper pairs: (1, 2651)
[M::mem_pestat] skip orientation FF
[M::mem_pestat] skip orientation RF
[M::mem_pestat] skip orientation RR
[M::process] read 1066668 sequences (160000200 bp)...
[M::mem_process_seqs] Processed 1066668 reads in 793.713 CPU sec, 51.495 real sec
[M::mem_pestat] # candidate unique pairs for (FF, FR, RF, RR): (51, 223014, 69, 34)
[M::mem_pestat] analyzing insert size distribution for orientation FF...
[M::mem_pestat] (25, 50, 75) percentile: (256, 517, 1387)
[M::mem_pestat] low and high boundaries for computing mean and std.dev: (1, 3649)
[M::mem_pestat] mean and std.dev: (636.42, 679.80)
[M::mem_pestat] low and high boundaries for proper pairs: (1, 4780)
[M::mem_pestat] analyzing insert size distribution for orientation FR...
[M::mem_pestat] (25, 50, 75) percentile: (267, 352, 457)
[M::mem_pestat] low and high boundaries for computing mean and std.dev: (1, 837)
[M::mem_pestat] mean and std.dev: (363.13, 142.60)
[M::mem_pestat] low and high boundaries for proper pairs: (1, 1027)
[M::mem_pestat] analyzing insert size distribution for orientation RF...
[M::mem_pestat] (25, 50, 75) percentile: (413, 1284, 4327)
[M::mem_pestat] low and high boundaries for computing mean and std.dev: (1, 12155)
[M::mem_pestat] mean and std.dev: (2579.29, 2865.79)
[M::mem_pestat] low and high boundaries for proper pairs: (1, 16069)
[M::mem_pestat] analyzing insert size distribution for orientation RR...
[M::mem_pestat] (25, 50, 75) percentile: (286, 494, 1692)
[M::mem_pestat] low and high boundaries for computing mean and std.dev: (1, 4504)
[M::mem_pestat] mean and std.dev: (941.77, 1055.25)
[M::mem_pestat] low and high boundaries for proper pairs: (1, 5910)
[M::mem_pestat] skip orientation FF
[M::mem_pestat] skip orientation RF
[M::mem_pestat] skip orientation RR
[M::process] read 1066668 sequences (160000200 bp)...
[M::mem_process_seqs] Processed 1066668 reads in 806.420 CPU sec, 52.287 real sec
[M::mem_pestat] # candidate unique pairs for (FF, FR, RF, RR): (42, 223185, 76, 47)
[M::mem_pestat] analyzing insert size distribution for orientation FF...
[M::mem_pestat] (25, 50, 75) percentile: (197, 317, 596)
[M::mem_pestat] low and high boundaries for computing mean and std.dev: (1, 1394)
[M::mem_pestat] mean and std.dev: (378.34, 254.01)
[M::mem_pestat] low and high boundaries for proper pairs: (1, 1793)
[M::mem_pestat] analyzing insert size distribution for orientation FR...
[M::mem_pestat] (25, 50, 75) percentile: (266, 351, 455)
[M::mem_pestat] low and high boundaries for computing mean and std.dev: (1, 833)
[M::mem_pestat] mean and std.dev: (361.94, 141.94)
[M::mem_pestat] low and high boundaries for proper pairs: (1, 1022)
[M::mem_pestat] analyzing insert size distribution for orientation RF...
[M::mem_pestat] (25, 50, 75) percentile: (337, 1829, 4529)
[M::mem_pestat] low and high boundaries for computing mean and std.dev: (1, 12913)
[M::mem_pestat] mean and std.dev: (2736.45, 2750.02)
[M::mem_pestat] low and high boundaries for proper pairs: (1, 17105)
[M::mem_pestat] analyzing insert size distribution for orientation RR...
[M::mem_pestat] (25, 50, 75) percentile: (289, 501, 1538)
[M::mem_pestat] low and high boundaries for computing mean and std.dev: (1, 4036)
[M::mem_pestat] mean and std.dev: (646.61, 674.66)
[M::mem_pestat] low and high boundaries for proper pairs: (1, 5285)
[M::mem_pestat] skip orientation FF
[M::mem_pestat] skip orientation RF
[M::mem_pestat] skip orientation RR
[M::process] read 1066668 sequences (160000200 bp)...
[M::mem_process_seqs] Processed 1066668 reads in 811.097 CPU sec, 52.466 real sec
[M::mem_pestat] # candidate unique pairs for (FF, FR, RF, RR): (40, 221597, 76, 59)
[M::mem_pestat] analyzing insert size distribution for orientation FF...
[M::mem_pestat] (25, 50, 75) percentile: (231, 597, 1154)
[M::mem_pestat] low and high boundaries for computing mean and std.dev: (1, 3000)
[M::mem_pestat] mean and std.dev: (624.36, 497.56)
[M::mem_pestat] low and high boundaries for proper pairs: (1, 3923)
[M::mem_pestat] analyzing insert size distribution for orientation FR...
[M::mem_pestat] (25, 50, 75) percentile: (270, 364, 477)
[M::mem_pestat] low and high boundaries for computing mean and std.dev: (1, 891)
[M::mem_pestat] mean and std.dev: (374.91, 151.13)
[M::mem_pestat] low and high boundaries for proper pairs: (1, 1098)
[M::mem_pestat] analyzing insert size distribution for orientation RF...
[M::mem_pestat] (25, 50, 75) percentile: (124, 1150, 5139)
[M::mem_pestat] low and high boundaries for computing mean and std.dev: (1, 15169)
[M::mem_pestat] mean and std.dev: (2669.62, 2967.35)
[M::mem_pestat] low and high boundaries for proper pairs: (1, 20184)
[M::mem_pestat] analyzing insert size distribution for orientation RR...
[M::mem_pestat] (25, 50, 75) percentile: (394, 545, 1611)
[M::mem_pestat] low and high boundaries for computing mean and std.dev: (1, 4045)
[M::mem_pestat] mean and std.dev: (745.92, 692.93)
[M::mem_pestat] low and high boundaries for proper pairs: (1, 5262)
[M::mem_pestat] skip orientation FF
[M::mem_pestat] skip orientation RF
[M::mem_pestat] skip orientation RR
[M::process] read 1066668 sequences (160000200 bp)...
[M::mem_process_seqs] Processed 1066668 reads in 821.225 CPU sec, 53.109 real sec
[M::mem_pestat] # candidate unique pairs for (FF, FR, RF, RR): (46, 221150, 68, 28)
[M::mem_pestat] analyzing insert size distribution for orientation FF...
[M::mem_pestat] (25, 50, 75) percentile: (342, 679, 4694)
[M::mem_pestat] low and high boundaries for computing mean and std.dev: (1, 13398)
[M::mem_pestat] mean and std.dev: (2551.22, 3286.08)
[M::mem_pestat] low and high boundaries for proper pairs: (1, 17750)
[M::mem_pestat] analyzing insert size distribution for orientation FR...
[M::mem_pestat] (25, 50, 75) percentile: (276, 373, 488)
[M::mem_pestat] low and high boundaries for computing mean and std.dev: (1, 912)
[M::mem_pestat] mean and std.dev: (382.72, 153.37)
[M::mem_pestat] low and high boundaries for proper pairs: (1, 1124)
[M::mem_pestat] analyzing insert size distribution for orientation RF...
[M::mem_pestat] (25, 50, 75) percentile: (777, 1891, 3740)
[M::mem_pestat] low and high boundaries for computing mean and std.dev: (1, 9666)
[M::mem_pestat] mean and std.dev: (2643.23, 2643.48)
[M::mem_pestat] low and high boundaries for proper pairs: (1, 13217)
[M::mem_pestat] analyzing insert size distribution for orientation RR...
[M::mem_pestat] (25, 50, 75) percentile: (240, 394, 2408)
[M::mem_pestat] low and high boundaries for computing mean and std.dev: (1, 6744)
[M::mem_pestat] mean and std.dev: (1530.36, 2209.35)
[M::mem_pestat] low and high boundaries for proper pairs: (1, 10368)
[M::mem_pestat] skip orientation FF
[M::mem_pestat] skip orientation RF
[M::mem_pestat] skip orientation RR
[M::process] read 1066668 sequences (160000200 bp)...
[M::mem_process_seqs] Processed 1066668 reads in 814.339 CPU sec, 52.882 real sec
[M::mem_pestat] # candidate unique pairs for (FF, FR, RF, RR): (36, 221773, 71, 29)
[M::mem_pestat] analyzing insert size distribution for orientation FF...
[M::mem_pestat] (25, 50, 75) percentile: (255, 443, 1724)
[M::mem_pestat] low and high boundaries for computing mean and std.dev: (1, 4662)
[M::mem_pestat] mean and std.dev: (877.34, 993.08)
[M::mem_pestat] low and high boundaries for proper pairs: (1, 6131)
[M::mem_pestat] analyzing insert size distribution for orientation FR...
[M::mem_pestat] (25, 50, 75) percentile: (271, 364, 477)
[M::mem_pestat] low and high boundaries for computing mean and std.dev: (1, 889)
[M::mem_pestat] mean and std.dev: (375.12, 151.04)
[M::mem_pestat] low and high boundaries for proper pairs: (1, 1095)
[M::mem_pestat] analyzing insert size distribution for orientation RF...
[M::mem_pestat] (25, 50, 75) percentile: (611, 1331, 3852)
[M::mem_pestat] low and high boundaries for computing mean and std.dev: (1, 10334)
[M::mem_pestat] mean and std.dev: (2346.56, 2411.00)
[M::mem_pestat] low and high boundaries for proper pairs: (1, 13575)
[M::mem_pestat] analyzing insert size distribution for orientation RR...
[M::mem_pestat] (25, 50, 75) percentile: (379, 663, 1696)
[M::mem_pestat] low and high boundaries for computing mean and std.dev: (1, 4330)
[M::mem_pestat] mean and std.dev: (790.04, 542.14)
[M::mem_pestat] low and high boundaries for proper pairs: (1, 5647)
[M::mem_pestat] skip orientation FF
[M::mem_pestat] skip orientation RF
[M::mem_pestat] skip orientation RR
[M::process] read 1066668 sequences (160000200 bp)...
[M::mem_process_seqs] Processed 1066668 reads in 811.999 CPU sec, 52.544 real sec
[M::mem_pestat] # candidate unique pairs for (FF, FR, RF, RR): (42, 222202, 94, 20)
[M::mem_pestat] analyzing insert size distribution for orientation FF...
[M::mem_pestat] (25, 50, 75) percentile: (323, 538, 1315)
[M::mem_pestat] low and high boundaries for computing mean and std.dev: (1, 3299)
[M::mem_pestat] mean and std.dev: (748.78, 702.22)
[M::mem_pestat] low and high boundaries for proper pairs: (1, 4291)
[M::mem_pestat] analyzing insert size distribution for orientation FR...
[M::mem_pestat] (25, 50, 75) percentile: (271, 362, 475)
[M::mem_pestat] low and high boundaries for computing mean and std.dev: (1, 883)
[M::mem_pestat] mean and std.dev: (374.00, 150.13)
[M::mem_pestat] low and high boundaries for proper pairs: (1, 1087)
[M::mem_pestat] analyzing insert size distribution for orientation RF...
[M::mem_pestat] (25, 50, 75) percentile: (296, 1757, 5042)
[M::mem_pestat] low and high boundaries for computing mean and std.dev: (1, 14534)
[M::mem_pestat] mean and std.dev: (2957.24, 2983.01)
[M::mem_pestat] low and high boundaries for proper pairs: (1, 19280)
[M::mem_pestat] analyzing insert size distribution for orientation RR...
[M::mem_pestat] (25, 50, 75) percentile: (257, 343, 1783)
[M::mem_pestat] low and high boundaries for computing mean and std.dev: (1, 4835)
[M::mem_pestat] mean and std.dev: (963.80, 1195.93)
[M::mem_pestat] low and high boundaries for proper pairs: (1, 6361)
[M::mem_pestat] skip orientation FF
[M::mem_pestat] skip orientation RF
[M::mem_pestat] skip orientation RR
[M::process] read 1066668 sequences (160000200 bp)...
[M::mem_process_seqs] Processed 1066668 reads in 806.748 CPU sec, 52.184 real sec
[M::mem_pestat] # candidate unique pairs for (FF, FR, RF, RR): (49, 222648, 82, 43)
[M::mem_pestat] analyzing insert size distribution for orientation FF...
[M::mem_pestat] (25, 50, 75) percentile: (215, 352, 994)
[M::mem_pestat] low and high boundaries for computing mean and std.dev: (1, 2552)
[M::mem_pestat] mean and std.dev: (471.91, 464.32)
[M::mem_pestat] low and high boundaries for proper pairs: (1, 3331)
[M::mem_pestat] analyzing insert size distribution for orientation FR...
[M::mem_pestat] (25, 50, 75) percentile: (272, 363, 474)
[M::mem_pestat] low and high boundaries for computing mean and std.dev: (1, 878)
[M::mem_pestat] mean and std.dev: (374.64, 149.29)
[M::mem_pestat] low and high boundaries for proper pairs: (1, 1080)
[M::mem_pestat] analyzing insert size distribution for orientation RF...
[M::mem_pestat] (25, 50, 75) percentile: (209, 1073, 3647)
[M::mem_pestat] low and high boundaries for computing mean and std.dev: (1, 10523)
[M::mem_pestat] mean and std.dev: (2214.22, 2651.03)
[M::mem_pestat] low and high boundaries for proper pairs: (1, 13961)
[M::mem_pestat] analyzing insert size distribution for orientation RR...
[M::mem_pestat] (25, 50, 75) percentile: (309, 546, 2706)
[M::mem_pestat] low and high boundaries for computing mean and std.dev: (1, 7500)
[M::mem_pestat] mean and std.dev: (1544.50, 1855.11)
[M::mem_pestat] low and high boundaries for proper pairs: (1, 9897)
[M::mem_pestat] skip orientation FF
[M::mem_pestat] skip orientation RF
[M::mem_pestat] skip orientation RR
[M::process] read 1066668 sequences (160000200 bp)...
[M::mem_process_seqs] Processed 1066668 reads in 810.261 CPU sec, 52.420 real sec
[M::mem_pestat] # candidate unique pairs for (FF, FR, RF, RR): (31, 222006, 67, 30)
[M::mem_pestat] analyzing insert size distribution for orientation FF...
[M::mem_pestat] (25, 50, 75) percentile: (305, 661, 1095)
[M::mem_pestat] low and high boundaries for computing mean and std.dev: (1, 2675)
[M::mem_pestat] mean and std.dev: (788.84, 525.38)
[M::mem_pestat] low and high boundaries for proper pairs: (1, 3465)
[M::mem_pestat] analyzing insert size distribution for orientation FR...
[M::mem_pestat] (25, 50, 75) percentile: (273, 363, 473)
[M::mem_pestat] low and high boundaries for computing mean and std.dev: (1, 873)
[M::mem_pestat] mean and std.dev: (374.67, 148.60)
[M::mem_pestat] low and high boundaries for proper pairs: (1, 1073)
[M::mem_pestat] analyzing insert size distribution for orientation RF...
[M::mem_pestat] (25, 50, 75) percentile: (295, 1225, 5400)
[M::mem_pestat] low and high boundaries for computing mean and std.dev: (1, 15610)
[M::mem_pestat] mean and std.dev: (3079.19, 3430.11)
[M::mem_pestat] low and high boundaries for proper pairs: (1, 20715)
[M::mem_pestat] analyzing insert size distribution for orientation RR...
[M::mem_pestat] (25, 50, 75) percentile: (312, 563, 2193)
[M::mem_pestat] low and high boundaries for computing mean and std.dev: (1, 5955)
[M::mem_pestat] mean and std.dev: (1174.64, 1431.24)
[M::mem_pestat] low and high boundaries for proper pairs: (1, 7836)
[M::mem_pestat] skip orientation FF
[M::mem_pestat] skip orientation RF
[M::mem_pestat] skip orientation RR
[M::process] read 1066668 sequences (160000200 bp)...
[M::mem_process_seqs] Processed 1066668 reads in 812.603 CPU sec, 52.555 real sec
[M::mem_pestat] # candidate unique pairs for (FF, FR, RF, RR): (28, 222367, 64, 37)
[M::mem_pestat] analyzing insert size distribution for orientation FF...
[M::mem_pestat] (25, 50, 75) percentile: (280, 565, 1474)
[M::mem_pestat] low and high boundaries for computing mean and std.dev: (1, 3862)
[M::mem_pestat] mean and std.dev: (629.04, 493.62)
[M::mem_pestat] low and high boundaries for proper pairs: (1, 5056)
[M::mem_pestat] analyzing insert size distribution for orientation FR...
[M::mem_pestat] (25, 50, 75) percentile: (273, 362, 471)
[M::mem_pestat] low and high boundaries for computing mean and std.dev: (1, 867)
[M::mem_pestat] mean and std.dev: (373.49, 147.44)
[M::mem_pestat] low and high boundaries for proper pairs: (1, 1065)
[M::mem_pestat] analyzing insert size distribution for orientation RF...
[M::mem_pestat] (25, 50, 75) percentile: (228, 786, 3095)
[M::mem_pestat] low and high boundaries for computing mean and std.dev: (1, 8829)
[M::mem_pestat] mean and std.dev: (1827.61, 2328.20)
[M::mem_pestat] low and high boundaries for proper pairs: (1, 11696)
[M::mem_pestat] analyzing insert size distribution for orientation RR...
[M::mem_pestat] (25, 50, 75) percentile: (188, 489, 1381)
[M::mem_pestat] low and high boundaries for computing mean and std.dev: (1, 3767)
[M::mem_pestat] mean and std.dev: (732.49, 761.43)
[M::mem_pestat] low and high boundaries for proper pairs: (1, 4960)
[M::mem_pestat] skip orientation FF
[M::mem_pestat] skip orientation RF
[M::mem_pestat] skip orientation RR
[M::mem_process_seqs] Processed 1066668 reads in 810.559 CPU sec, 54.478 real sec
[M::process] read 1066668 sequences (160000200 bp)...
[M::process] read 1066668 sequences (160000200 bp)...
[M::mem_pestat] # candidate unique pairs for (FF, FR, RF, RR): (34, 221765, 75, 29)
[M::mem_pestat] analyzing insert size distribution for orientation FF...
[M::mem_pestat] (25, 50, 75) percentile: (277, 811, 3526)
[M::mem_pestat] low and high boundaries for computing mean and std.dev: (1, 10024)
[M::mem_pestat] mean and std.dev: (1859.74, 2074.12)
[M::mem_pestat] low and high boundaries for proper pairs: (1, 13273)
[M::mem_pestat] analyzing insert size distribution for orientation FR...
[M::mem_pestat] (25, 50, 75) percentile: (270, 359, 471)
[M::mem_pestat] low and high boundaries for computing mean and std.dev: (1, 873)
[M::mem_pestat] mean and std.dev: (372.06, 149.42)
[M::mem_pestat] low and high boundaries for proper pairs: (1, 1074)
[M::mem_pestat] analyzing insert size distribution for orientation RF...
[M::mem_pestat] (25, 50, 75) percentile: (216, 812, 2820)
[M::mem_pestat] low and high boundaries for computing mean and std.dev: (1, 8028)
[M::mem_pestat] mean and std.dev: (1422.07, 1887.62)
[M::mem_pestat] low and high boundaries for proper pairs: (1, 10632)
[M::mem_pestat] analyzing insert size distribution for orientation RR...
[M::mem_pestat] (25, 50, 75) percentile: (189, 281, 600)
[M::mem_pestat] low and high boundaries for computing mean and std.dev: (1, 1422)
[M::mem_pestat] mean and std.dev: (283.88, 145.99)
[M::mem_pestat] low and high boundaries for proper pairs: (1, 1833)
[M::mem_pestat] skip orientation FF
[M::mem_pestat] skip orientation RF
[M::mem_pestat] skip orientation RR
[M::mem_process_seqs] Processed 1066668 reads in 820.295 CPU sec, 52.552 real sec
[M::mem_pestat] # candidate unique pairs for (FF, FR, RF, RR): (33, 220676, 55, 39)
[M::mem_pestat] analyzing insert size distribution for orientation FF...
[M::mem_pestat] (25, 50, 75) percentile: (258, 334, 700)
[M::mem_pestat] low and high boundaries for computing mean and std.dev: (1, 1584)
[M::mem_pestat] mean and std.dev: (344.15, 226.19)
[M::mem_pestat] low and high boundaries for proper pairs: (1, 2026)
[M::mem_pestat] analyzing insert size distribution for orientation FR...
[M::mem_pestat] (25, 50, 75) percentile: (265, 359, 477)
[M::mem_pestat] low and high boundaries for computing mean and std.dev: (1, 901)
[M::mem_pestat] mean and std.dev: (372.48, 154.23)
[M::mem_pestat] low and high boundaries for proper pairs: (1, 1113)
[M::mem_pestat] analyzing insert size distribution for orientation RF...
[M::mem_pestat] (25, 50, 75) percentile: (307, 687, 4025)
[M::mem_pestat] low and high boundaries for computing mean and std.dev: (1, 11461)
[M::mem_pestat] mean and std.dev: (2220.95, 2758.11)
[M::mem_pestat] low and high boundaries for proper pairs: (1, 15179)
[M::mem_pestat] analyzing insert size distribution for orientation RR...
[M::mem_pestat] (25, 50, 75) percentile: (364, 775, 1729)
[M::mem_pestat] low and high boundaries for computing mean and std.dev: (1, 4459)
[M::mem_pestat] mean and std.dev: (847.56, 638.47)
[M::mem_pestat] low and high boundaries for proper pairs: (1, 5824)
[M::mem_pestat] skip orientation FF
[M::mem_pestat] skip orientation RF
[M::mem_pestat] skip orientation RR
[M::process] read 1066668 sequences (160000200 bp)...
[M::mem_process_seqs] Processed 1066668 reads in 815.526 CPU sec, 52.769 real sec
[M::mem_pestat] # candidate unique pairs for (FF, FR, RF, RR): (52, 220431, 69, 39)
[M::mem_pestat] analyzing insert size distribution for orientation FF...
[M::mem_pestat] (25, 50, 75) percentile: (263, 515, 894)
[M::mem_pestat] low and high boundaries for computing mean and std.dev: (1, 2156)
[M::mem_pestat] mean and std.dev: (458.64, 296.99)
[M::mem_pestat] low and high boundaries for proper pairs: (1, 2787)
[M::mem_pestat] analyzing insert size distribution for orientation FR...
[M::mem_pestat] (25, 50, 75) percentile: (267, 360, 477)
[M::mem_pestat] low and high boundaries for computing mean and std.dev: (1, 897)
[M::mem_pestat] mean and std.dev: (373.68, 153.62)
[M::mem_pestat] low and high boundaries for proper pairs: (1, 1107)
[M::mem_pestat] analyzing insert size distribution for orientation RF...
[M::mem_pestat] (25, 50, 75) percentile: (233, 1126, 3980)
[M::mem_pestat] low and high boundaries for computing mean and std.dev: (1, 11474)
[M::mem_pestat] mean and std.dev: (2350.10, 2800.22)
[M::mem_pestat] low and high boundaries for proper pairs: (1, 15221)
[M::mem_pestat] analyzing insert size distribution for orientation RR...
[M::mem_pestat] (25, 50, 75) percentile: (313, 477, 1056)
[M::mem_pestat] low and high boundaries for computing mean and std.dev: (1, 2542)
[M::mem_pestat] mean and std.dev: (523.46, 378.81)
[M::mem_pestat] low and high boundaries for proper pairs: (1, 3285)
[M::mem_pestat] skip orientation FF
[M::mem_pestat] skip orientation RF
[M::mem_pestat] skip orientation RR
[M::process] read 1066668 sequences (160000200 bp)...
[M::mem_process_seqs] Processed 1066668 reads in 815.178 CPU sec, 52.523 real sec
[M::mem_pestat] # candidate unique pairs for (FF, FR, RF, RR): (33, 221429, 65, 35)
[M::mem_pestat] analyzing insert size distribution for orientation FF...
[M::mem_pestat] (25, 50, 75) percentile: (233, 782, 1398)
[M::mem_pestat] low and high boundaries for computing mean and std.dev: (1, 3728)
[M::mem_pestat] mean and std.dev: (702.55, 552.56)
[M::mem_pestat] low and high boundaries for proper pairs: (1, 4893)
[M::mem_pestat] analyzing insert size distribution for orientation FR...
[M::mem_pestat] (25, 50, 75) percentile: (269, 363, 480)
[M::mem_pestat] low and high boundaries for computing mean and std.dev: (1, 902)
[M::mem_pestat] mean and std.dev: (375.97, 153.69)
[M::mem_pestat] low and high boundaries for proper pairs: (1, 1113)
[M::mem_pestat] analyzing insert size distribution for orientation RF...
[M::mem_pestat] (25, 50, 75) percentile: (363, 1646, 5532)
[M::mem_pestat] low and high boundaries for computing mean and std.dev: (1, 15870)
[M::mem_pestat] mean and std.dev: (3137.06, 3412.95)
[M::mem_pestat] low and high boundaries for proper pairs: (1, 21039)
[M::mem_pestat] analyzing insert size distribution for orientation RR...
[M::mem_pestat] (25, 50, 75) percentile: (267, 432, 2200)
[M::mem_pestat] low and high boundaries for computing mean and std.dev: (1, 6066)
[M::mem_pestat] mean and std.dev: (993.94, 1092.76)
[M::mem_pestat] low and high boundaries for proper pairs: (1, 7999)
[M::mem_pestat] skip orientation FF
[M::mem_pestat] skip orientation RF
[M::mem_pestat] skip orientation RR
[M::process] read 1066668 sequences (160000200 bp)...
[M::mem_process_seqs] Processed 1066668 reads in 811.179 CPU sec, 52.589 real sec
[M::mem_pestat] # candidate unique pairs for (FF, FR, RF, RR): (47, 221763, 77, 31)
[M::mem_pestat] analyzing insert size distribution for orientation FF...
[M::mem_pestat] (25, 50, 75) percentile: (412, 751, 1550)
[M::mem_pestat] low and high boundaries for computing mean and std.dev: (1, 3826)
[M::mem_pestat] mean and std.dev: (740.17, 615.84)
[M::mem_pestat] low and high boundaries for proper pairs: (1, 4964)
[M::mem_pestat] analyzing insert size distribution for orientation FR...
[M::mem_pestat] (25, 50, 75) percentile: (270, 363, 476)
[M::mem_pestat] low and high boundaries for computing mean and std.dev: (1, 888)
[M::mem_pestat] mean and std.dev: (374.26, 151.25)
[M::mem_pestat] low and high boundaries for proper pairs: (1, 1094)
[M::mem_pestat] analyzing insert size distribution for orientation RF...
[M::mem_pestat] (25, 50, 75) percentile: (189, 1426, 6173)
[M::mem_pestat] low and high boundaries for computing mean and std.dev: (1, 18141)
[M::mem_pestat] mean and std.dev: (2948.71, 3137.04)
[M::mem_pestat] low and high boundaries for proper pairs: (1, 24125)
[M::mem_pestat] analyzing insert size distribution for orientation RR...
[M::mem_pestat] (25, 50, 75) percentile: (195, 439, 3929)
[M::mem_pestat] low and high boundaries for computing mean and std.dev: (1, 11397)
[M::mem_pestat] mean and std.dev: (1928.65, 2597.54)
[M::mem_pestat] low and high boundaries for proper pairs: (1, 15131)
[M::mem_pestat] skip orientation FF
[M::mem_pestat] skip orientation RF
[M::mem_pestat] skip orientation RR
[M::process] read 1066668 sequences (160000200 bp)...
[M::mem_process_seqs] Processed 1066668 reads in 809.859 CPU sec, 52.353 real sec
[M::mem_pestat] # candidate unique pairs for (FF, FR, RF, RR): (27, 222671, 88, 40)
[M::mem_pestat] analyzing insert size distribution for orientation FF...
[M::mem_pestat] (25, 50, 75) percentile: (405, 757, 1888)
[M::mem_pestat] low and high boundaries for computing mean and std.dev: (1, 4854)
[M::mem_pestat] mean and std.dev: (703.71, 484.85)
[M::mem_pestat] low and high boundaries for proper pairs: (1, 6337)
[M::mem_pestat] analyzing insert size distribution for orientation FR...
[M::mem_pestat] (25, 50, 75) percentile: (276, 370, 487)
[M::mem_pestat] low and high boundaries for computing mean and std.dev: (1, 909)
[M::mem_pestat] mean and std.dev: (382.29, 154.11)
[M::mem_pestat] low and high boundaries for proper pairs: (1, 1120)
[M::mem_pestat] analyzing insert size distribution for orientation RF...
[M::mem_pestat] (25, 50, 75) percentile: (848, 3004, 6528)
[M::mem_pestat] low and high boundaries for computing mean and std.dev: (1, 17888)
[M::mem_pestat] mean and std.dev: (3619.36, 3165.27)
[M::mem_pestat] low and high boundaries for proper pairs: (1, 23568)
[M::mem_pestat] analyzing insert size distribution for orientation RR...
[M::mem_pestat] (25, 50, 75) percentile: (235, 433, 1391)
[M::mem_pestat] low and high boundaries for computing mean and std.dev: (1, 3703)
[M::mem_pestat] mean and std.dev: (800.72, 819.51)
[M::mem_pestat] low and high boundaries for proper pairs: (1, 4859)
[M::mem_pestat] skip orientation FF
[M::mem_pestat] skip orientation RF
[M::mem_pestat] skip orientation RR
[M::process] read 1066668 sequences (160000200 bp)...
[M::mem_process_seqs] Processed 1066668 reads in 812.949 CPU sec, 52.540 real sec
[M::mem_pestat] # candidate unique pairs for (FF, FR, RF, RR): (40, 221984, 64, 40)
[M::mem_pestat] analyzing insert size distribution for orientation FF...
[M::mem_pestat] (25, 50, 75) percentile: (237, 516, 1367)
[M::mem_pestat] low and high boundaries for computing mean and std.dev: (1, 3627)
[M::mem_pestat] mean and std.dev: (531.28, 397.68)
[M::mem_pestat] low and high boundaries for proper pairs: (1, 4757)
[M::mem_pestat] analyzing insert size distribution for orientation FR...
[M::mem_pestat] (25, 50, 75) percentile: (272, 363, 477)
[M::mem_pestat] low and high boundaries for computing mean and std.dev: (1, 887)
[M::mem_pestat] mean and std.dev: (376.67, 151.49)
[M::mem_pestat] low and high boundaries for proper pairs: (1, 1092)
[M::mem_pestat] analyzing insert size distribution for orientation RF...
[M::mem_pestat] (25, 50, 75) percentile: (617, 2609, 6451)
[M::mem_pestat] low and high boundaries for computing mean and std.dev: (1, 18119)
[M::mem_pestat] mean and std.dev: (3535.17, 3256.84)
[M::mem_pestat] low and high boundaries for proper pairs: (1, 23953)
[M::mem_pestat] analyzing insert size distribution for orientation RR...
[M::mem_pestat] (25, 50, 75) percentile: (289, 559, 987)
[M::mem_pestat] low and high boundaries for computing mean and std.dev: (1, 2383)
[M::mem_pestat] mean and std.dev: (587.95, 378.10)
[M::mem_pestat] low and high boundaries for proper pairs: (1, 3081)
[M::mem_pestat] skip orientation FF
[M::mem_pestat] skip orientation RF
[M::mem_pestat] skip orientation RR
[M::process] read 1066668 sequences (160000200 bp)...
[M::mem_process_seqs] Processed 1066668 reads in 806.826 CPU sec, 52.277 real sec
[M::mem_pestat] # candidate unique pairs for (FF, FR, RF, RR): (40, 222726, 69, 48)
[M::mem_pestat] analyzing insert size distribution for orientation FF...
[M::mem_pestat] (25, 50, 75) percentile: (383, 1158, 2189)
[M::mem_pestat] low and high boundaries for computing mean and std.dev: (1, 5801)
[M::mem_pestat] mean and std.dev: (1228.89, 1186.86)
[M::mem_pestat] low and high boundaries for proper pairs: (1, 7607)
[M::mem_pestat] analyzing insert size distribution for orientation FR...
[M::mem_pestat] (25, 50, 75) percentile: (273, 363, 478)
[M::mem_pestat] low and high boundaries for computing mean and std.dev: (1, 888)
[M::mem_pestat] mean and std.dev: (377.02, 151.06)
[M::mem_pestat] low and high boundaries for proper pairs: (1, 1093)
[M::mem_pestat] analyzing insert size distribution for orientation RF...
[M::mem_pestat] (25, 50, 75) percentile: (472, 2477, 4089)
[M::mem_pestat] low and high boundaries for computing mean and std.dev: (1, 11323)
[M::mem_pestat] mean and std.dev: (2668.84, 2390.83)
[M::mem_pestat] low and high boundaries for proper pairs: (1, 14940)
[M::mem_pestat] analyzing insert size distribution for orientation RR...
[M::mem_pestat] (25, 50, 75) percentile: (183, 397, 690)
[M::mem_pestat] low and high boundaries for computing mean and std.dev: (1, 1704)
[M::mem_pestat] mean and std.dev: (353.63, 257.78)
[M::mem_pestat] low and high boundaries for proper pairs: (1, 2211)
[M::mem_pestat] skip orientation FF
[M::mem_pestat] skip orientation RF
[M::mem_pestat] skip orientation RR
[M::process] read 1066668 sequences (160000200 bp)...
[M::mem_process_seqs] Processed 1066668 reads in 810.235 CPU sec, 52.472 real sec
[M::mem_pestat] # candidate unique pairs for (FF, FR, RF, RR): (42, 220909, 74, 32)
[M::mem_pestat] analyzing insert size distribution for orientation FF...
[M::mem_pestat] (25, 50, 75) percentile: (218, 476, 991)
[M::mem_pestat] low and high boundaries for computing mean and std.dev: (1, 2537)
[M::mem_pestat] mean and std.dev: (479.18, 485.24)
[M::mem_pestat] low and high boundaries for proper pairs: (1, 3310)
[M::mem_pestat] analyzing insert size distribution for orientation FR...
[M::mem_pestat] (25, 50, 75) percentile: (263, 353, 469)
[M::mem_pestat] low and high boundaries for computing mean and std.dev: (1, 881)
[M::mem_pestat] mean and std.dev: (368.18, 152.60)
[M::mem_pestat] low and high boundaries for proper pairs: (1, 1087)
[M::mem_pestat] analyzing insert size distribution for orientation RF...
[M::mem_pestat] (25, 50, 75) percentile: (299, 2136, 5637)
[M::mem_pestat] low and high boundaries for computing mean and std.dev: (1, 16313)
[M::mem_pestat] mean and std.dev: (2922.59, 2852.67)
[M::mem_pestat] low and high boundaries for proper pairs: (1, 21651)
[M::mem_pestat] analyzing insert size distribution for orientation RR...
[M::mem_pestat] (25, 50, 75) percentile: (449, 598, 2529)
[M::mem_pestat] low and high boundaries for computing mean and std.dev: (1, 6689)
[M::mem_pestat] mean and std.dev: (1371.23, 1679.26)
[M::mem_pestat] low and high boundaries for proper pairs: (1, 8769)
[M::mem_pestat] skip orientation FF
[M::mem_pestat] skip orientation RF
[M::mem_pestat] skip orientation RR
[M::process] read 1066668 sequences (160000200 bp)...
[M::mem_process_seqs] Processed 1066668 reads in 811.113 CPU sec, 52.606 real sec
[M::mem_pestat] # candidate unique pairs for (FF, FR, RF, RR): (36, 220416, 66, 36)
[M::mem_pestat] analyzing insert size distribution for orientation FF...
[M::mem_pestat] (25, 50, 75) percentile: (139, 316, 463)
[M::mem_pestat] low and high boundaries for computing mean and std.dev: (1, 1111)
[M::mem_pestat] mean and std.dev: (255.55, 134.53)
[M::mem_pestat] low and high boundaries for proper pairs: (1, 1435)
[M::mem_pestat] analyzing insert size distribution for orientation FR...
[M::mem_pestat] (25, 50, 75) percentile: (265, 358, 477)
[M::mem_pestat] low and high boundaries for computing mean and std.dev: (1, 901)
[M::mem_pestat] mean and std.dev: (372.87, 154.97)
[M::mem_pestat] low and high boundaries for proper pairs: (1, 1113)
[M::mem_pestat] analyzing insert size distribution for orientation RF...
[M::mem_pestat] (25, 50, 75) percentile: (171, 618, 3729)
[M::mem_pestat] low and high boundaries for computing mean and std.dev: (1, 10845)
[M::mem_pestat] mean and std.dev: (2030.42, 2509.24)
[M::mem_pestat] low and high boundaries for proper pairs: (1, 14403)
[M::mem_pestat] analyzing insert size distribution for orientation RR...
[M::mem_pestat] (25, 50, 75) percentile: (325, 645, 4978)
[M::mem_pestat] low and high boundaries for computing mean and std.dev: (1, 14284)
[M::mem_pestat] mean and std.dev: (1904.31, 2229.06)
[M::mem_pestat] low and high boundaries for proper pairs: (1, 18937)
[M::mem_pestat] skip orientation FF
[M::mem_pestat] skip orientation RF
[M::mem_pestat] skip orientation RR
[M::process] read 1066668 sequences (160000200 bp)...
[M::mem_process_seqs] Processed 1066668 reads in 816.628 CPU sec, 52.984 real sec
[M::mem_pestat] # candidate unique pairs for (FF, FR, RF, RR): (43, 220164, 80, 23)
[M::mem_pestat] analyzing insert size distribution for orientation FF...
[M::mem_pestat] (25, 50, 75) percentile: (253, 431, 1139)
[M::mem_pestat] low and high boundaries for computing mean and std.dev: (1, 2911)
[M::mem_pestat] mean and std.dev: (565.62, 441.91)
[M::mem_pestat] low and high boundaries for proper pairs: (1, 3797)
[M::mem_pestat] analyzing insert size distribution for orientation FR...
[M::mem_pestat] (25, 50, 75) percentile: (262, 354, 470)
[M::mem_pestat] low and high boundaries for computing mean and std.dev: (1, 886)
[M::mem_pestat] mean and std.dev: (367.67, 152.18)
[M::mem_pestat] low and high boundaries for proper pairs: (1, 1094)
[M::mem_pestat] analyzing insert size distribution for orientation RF...
[M::mem_pestat] (25, 50, 75) percentile: (220, 980, 3204)
[M::mem_pestat] low and high boundaries for computing mean and std.dev: (1, 9172)
[M::mem_pestat] mean and std.dev: (2347.48, 2766.44)
[M::mem_pestat] low and high boundaries for proper pairs: (1, 13413)
[M::mem_pestat] analyzing insert size distribution for orientation RR...
[M::mem_pestat] (25, 50, 75) percentile: (315, 382, 1857)
[M::mem_pestat] low and high boundaries for computing mean and std.dev: (1, 4941)
[M::mem_pestat] mean and std.dev: (926.10, 1222.15)
[M::mem_pestat] low and high boundaries for proper pairs: (1, 6483)
[M::mem_pestat] skip orientation FF
[M::mem_pestat] skip orientation RF
[M::mem_pestat] skip orientation RR
[M::process] read 1066668 sequences (160000200 bp)...
[M::mem_process_seqs] Processed 1066668 reads in 816.555 CPU sec, 52.905 real sec
[M::mem_pestat] # candidate unique pairs for (FF, FR, RF, RR): (47, 220891, 64, 41)
[M::mem_pestat] analyzing insert size distribution for orientation FF...
[M::mem_pestat] (25, 50, 75) percentile: (270, 560, 1854)
[M::mem_pestat] low and high boundaries for computing mean and std.dev: (1, 5022)
[M::mem_pestat] mean and std.dev: (912.95, 1024.67)
[M::mem_pestat] low and high boundaries for proper pairs: (1, 6606)
[M::mem_pestat] analyzing insert size distribution for orientation FR...
[M::mem_pestat] (25, 50, 75) percentile: (265, 356, 471)
[M::mem_pestat] low and high boundaries for computing mean and std.dev: (1, 883)
[M::mem_pestat] mean and std.dev: (369.51, 151.30)
[M::mem_pestat] low and high boundaries for proper pairs: (1, 1089)
[M::mem_pestat] analyzing insert size distribution for orientation RF...
[M::mem_pestat] (25, 50, 75) percentile: (456, 1378, 4248)
[M::mem_pestat] low and high boundaries for computing mean and std.dev: (1, 11832)
[M::mem_pestat] mean and std.dev: (2575.38, 2693.92)
[M::mem_pestat] low and high boundaries for proper pairs: (1, 15624)
[M::mem_pestat] analyzing insert size distribution for orientation RR...
[M::mem_pestat] (25, 50, 75) percentile: (202, 506, 1367)
[M::mem_pestat] low and high boundaries for computing mean and std.dev: (1, 3697)
[M::mem_pestat] mean and std.dev: (729.76, 731.38)
[M::mem_pestat] low and high boundaries for proper pairs: (1, 4862)
[M::mem_pestat] skip orientation FF
[M::mem_pestat] skip orientation RF
[M::mem_pestat] skip orientation RR
[M::process] read 1066668 sequences (160000200 bp)...
[M::mem_process_seqs] Processed 1066668 reads in 811.175 CPU sec, 52.481 real sec
[M::mem_pestat] # candidate unique pairs for (FF, FR, RF, RR): (43, 221958, 84, 33)
[M::mem_pestat] analyzing insert size distribution for orientation FF...
[M::mem_pestat] (25, 50, 75) percentile: (195, 428, 2694)
[M::mem_pestat] low and high boundaries for computing mean and std.dev: (1, 7692)
[M::mem_pestat] mean and std.dev: (1122.05, 1520.92)
[M::mem_pestat] low and high boundaries for proper pairs: (1, 10191)
[M::mem_pestat] analyzing insert size distribution for orientation FR...
[M::mem_pestat] (25, 50, 75) percentile: (273, 367, 484)
[M::mem_pestat] low and high boundaries for computing mean and std.dev: (1, 906)
[M::mem_pestat] mean and std.dev: (379.76, 154.33)
[M::mem_pestat] low and high boundaries for proper pairs: (1, 1117)
[M::mem_pestat] analyzing insert size distribution for orientation RF...
[M::mem_pestat] (25, 50, 75) percentile: (252, 1000, 4480)
[M::mem_pestat] low and high boundaries for computing mean and std.dev: (1, 12936)
[M::mem_pestat] mean and std.dev: (2616.05, 3048.77)
[M::mem_pestat] low and high boundaries for proper pairs: (1, 17164)
[M::mem_pestat] analyzing insert size distribution for orientation RR...
[M::mem_pestat] (25, 50, 75) percentile: (340, 521, 2073)
[M::mem_pestat] low and high boundaries for computing mean and std.dev: (1, 5539)
[M::mem_pestat] mean and std.dev: (893.04, 749.21)
[M::mem_pestat] low and high boundaries for proper pairs: (1, 7272)
[M::mem_pestat] skip orientation FF
[M::mem_pestat] skip orientation RF
[M::mem_pestat] skip orientation RR
[M::process] read 1066668 sequences (160000200 bp)...
[M::mem_process_seqs] Processed 1066668 reads in 814.147 CPU sec, 52.767 real sec
[M::mem_pestat] # candidate unique pairs for (FF, FR, RF, RR): (60, 222924, 69, 34)
[M::mem_pestat] analyzing insert size distribution for orientation FF...
[M::mem_pestat] (25, 50, 75) percentile: (343, 802, 1267)
[M::mem_pestat] low and high boundaries for computing mean and std.dev: (1, 3115)
[M::mem_pestat] mean and std.dev: (823.56, 610.28)
[M::mem_pestat] low and high boundaries for proper pairs: (1, 4039)
[M::mem_pestat] analyzing insert size distribution for orientation FR...
[M::mem_pestat] (25, 50, 75) percentile: (273, 365, 479)
[M::mem_pestat] low and high boundaries for computing mean and std.dev: (1, 891)
[M::mem_pestat] mean and std.dev: (377.91, 152.21)
[M::mem_pestat] low and high boundaries for proper pairs: (1, 1097)
[M::mem_pestat] analyzing insert size distribution for orientation RF...
[M::mem_pestat] (25, 50, 75) percentile: (176, 1855, 5191)
[M::mem_pestat] low and high boundaries for computing mean and std.dev: (1, 15221)
[M::mem_pestat] mean and std.dev: (2900.48, 2903.61)
[M::mem_pestat] low and high boundaries for proper pairs: (1, 20236)
[M::mem_pestat] analyzing insert size distribution for orientation RR...
[M::mem_pestat] (25, 50, 75) percentile: (225, 475, 1344)
[M::mem_pestat] low and high boundaries for computing mean and std.dev: (1, 3582)
[M::mem_pestat] mean and std.dev: (563.14, 486.45)
[M::mem_pestat] low and high boundaries for proper pairs: (1, 4701)
[M::mem_pestat] skip orientation FF
[M::mem_pestat] skip orientation RF
[M::mem_pestat] skip orientation RR
[M::process] read 1066668 sequences (160000200 bp)...
[M::mem_process_seqs] Processed 1066668 reads in 805.297 CPU sec, 52.172 real sec
[M::mem_pestat] # candidate unique pairs for (FF, FR, RF, RR): (31, 221799, 85, 29)
[M::mem_pestat] analyzing insert size distribution for orientation FF...
[M::mem_pestat] (25, 50, 75) percentile: (260, 411, 1203)
[M::mem_pestat] low and high boundaries for computing mean and std.dev: (1, 3089)
[M::mem_pestat] mean and std.dev: (524.46, 411.09)
[M::mem_pestat] low and high boundaries for proper pairs: (1, 4032)
[M::mem_pestat] analyzing insert size distribution for orientation FR...
[M::mem_pestat] (25, 50, 75) percentile: (273, 364, 478)
[M::mem_pestat] low and high boundaries for computing mean and std.dev: (1, 888)
[M::mem_pestat] mean and std.dev: (376.99, 151.51)
[M::mem_pestat] low and high boundaries for proper pairs: (1, 1093)
[M::mem_pestat] analyzing insert size distribution for orientation RF...
[M::mem_pestat] (25, 50, 75) percentile: (329, 1748, 5708)
[M::mem_pestat] low and high boundaries for computing mean and std.dev: (1, 16466)
[M::mem_pestat] mean and std.dev: (3034.09, 3026.18)
[M::mem_pestat] low and high boundaries for proper pairs: (1, 21845)
[M::mem_pestat] analyzing insert size distribution for orientation RR...
[M::mem_pestat] (25, 50, 75) percentile: (257, 394, 1385)
[M::mem_pestat] low and high boundaries for computing mean and std.dev: (1, 3641)
[M::mem_pestat] mean and std.dev: (609.23, 702.62)
[M::mem_pestat] low and high boundaries for proper pairs: (1, 4769)
[M::mem_pestat] skip orientation FF
[M::mem_pestat] skip orientation RF
[M::mem_pestat] skip orientation RR
[M::process] read 1066668 sequences (160000200 bp)...
[M::mem_process_seqs] Processed 1066668 reads in 808.778 CPU sec, 52.325 real sec
[M::mem_pestat] # candidate unique pairs for (FF, FR, RF, RR): (34, 219783, 78, 26)
[M::mem_pestat] analyzing insert size distribution for orientation FF...
[M::mem_pestat] (25, 50, 75) percentile: (255, 575, 5388)
[M::mem_pestat] low and high boundaries for computing mean and std.dev: (1, 15654)
[M::mem_pestat] mean and std.dev: (2389.76, 2740.18)
[M::mem_pestat] low and high boundaries for proper pairs: (1, 20787)
[M::mem_pestat] analyzing insert size distribution for orientation FR...
[M::mem_pestat] (25, 50, 75) percentile: (264, 356, 472)
[M::mem_pestat] low and high boundaries for computing mean and std.dev: (1, 888)
[M::mem_pestat] mean and std.dev: (369.97, 152.95)
[M::mem_pestat] low and high boundaries for proper pairs: (1, 1096)
[M::mem_pestat] analyzing insert size distribution for orientation RF...
[M::mem_pestat] (25, 50, 75) percentile: (195, 723, 4426)
[M::mem_pestat] low and high boundaries for computing mean and std.dev: (1, 12888)
[M::mem_pestat] mean and std.dev: (2447.38, 3108.57)
[M::mem_pestat] low and high boundaries for proper pairs: (1, 17119)
[M::mem_pestat] analyzing insert size distribution for orientation RR...
[M::mem_pestat] (25, 50, 75) percentile: (240, 509, 825)
[M::mem_pestat] low and high boundaries for computing mean and std.dev: (1, 1995)
[M::mem_pestat] mean and std.dev: (525.09, 342.80)
[M::mem_pestat] low and high boundaries for proper pairs: (1, 2580)
[M::mem_pestat] skip orientation FF
[M::mem_pestat] skip orientation RF
[M::mem_pestat] skip orientation RR
[M::process] read 1066668 sequences (160000200 bp)...
[M::mem_process_seqs] Processed 1066668 reads in 814.864 CPU sec, 52.748 real sec
[M::mem_pestat] # candidate unique pairs for (FF, FR, RF, RR): (57, 219956, 84, 30)
[M::mem_pestat] analyzing insert size distribution for orientation FF...
[M::mem_pestat] (25, 50, 75) percentile: (237, 653, 2600)
[M::mem_pestat] low and high boundaries for computing mean and std.dev: (1, 7326)
[M::mem_pestat] mean and std.dev: (1268.84, 1277.46)
[M::mem_pestat] low and high boundaries for proper pairs: (1, 9689)
[M::mem_pestat] analyzing insert size distribution for orientation FR...
[M::mem_pestat] (25, 50, 75) percentile: (267, 363, 481)
[M::mem_pestat] low and high boundaries for computing mean and std.dev: (1, 909)
[M::mem_pestat] mean and std.dev: (375.52, 155.29)
[M::mem_pestat] low and high boundaries for proper pairs: (1, 1123)
[M::mem_pestat] analyzing insert size distribution for orientation RF...
[M::mem_pestat] (25, 50, 75) percentile: (181, 1510, 5455)
[M::mem_pestat] low and high boundaries for computing mean and std.dev: (1, 16003)
[M::mem_pestat] mean and std.dev: (2874.43, 3105.24)
[M::mem_pestat] low and high boundaries for proper pairs: (1, 21277)
[M::mem_pestat] analyzing insert size distribution for orientation RR...
[M::mem_pestat] (25, 50, 75) percentile: (195, 568, 1285)
[M::mem_pestat] low and high boundaries for computing mean and std.dev: (1, 3465)
[M::mem_pestat] mean and std.dev: (888.59, 920.70)
[M::mem_pestat] low and high boundaries for proper pairs: (1, 4571)
[M::mem_pestat] skip orientation FF
[M::mem_pestat] skip orientation RF
[M::mem_pestat] skip orientation RR
[M::process] read 1066668 sequences (160000200 bp)...
[M::mem_process_seqs] Processed 1066668 reads in 803.220 CPU sec, 52.009 real sec
[M::mem_pestat] # candidate unique pairs for (FF, FR, RF, RR): (53, 219629, 93, 41)
[M::mem_pestat] analyzing insert size distribution for orientation FF...
[M::mem_pestat] (25, 50, 75) percentile: (284, 411, 1208)
[M::mem_pestat] low and high boundaries for computing mean and std.dev: (1, 3056)
[M::mem_pestat] mean and std.dev: (532.78, 411.56)
[M::mem_pestat] low and high boundaries for proper pairs: (1, 3980)
[M::mem_pestat] analyzing insert size distribution for orientation FR...
[M::mem_pestat] (25, 50, 75) percentile: (264, 357, 472)
[M::mem_pestat] low and high boundaries for computing mean and std.dev: (1, 888)
[M::mem_pestat] mean and std.dev: (369.48, 152.34)
[M::mem_pestat] low and high boundaries for proper pairs: (1, 1096)
[M::mem_pestat] analyzing insert size distribution for orientation RF...
[M::mem_pestat] (25, 50, 75) percentile: (308, 1333, 3455)
[M::mem_pestat] low and high boundaries for computing mean and std.dev: (1, 9749)
[M::mem_pestat] mean and std.dev: (2266.31, 2409.43)
[M::mem_pestat] low and high boundaries for proper pairs: (1, 12896)
[M::mem_pestat] analyzing insert size distribution for orientation RR...
[M::mem_pestat] (25, 50, 75) percentile: (210, 315, 1799)
[M::mem_pestat] low and high boundaries for computing mean and std.dev: (1, 4977)
[M::mem_pestat] mean and std.dev: (625.51, 869.11)
[M::mem_pestat] low and high boundaries for proper pairs: (1, 6566)
[M::mem_pestat] skip orientation FF
[M::mem_pestat] skip orientation RF
[M::mem_pestat] skip orientation RR
[M::mem_process_seqs] Processed 1066668 reads in 806.801 CPU sec, 54.224 real sec
[M::process] read 1066668 sequences (160000200 bp)...
[M::process] read 1066668 sequences (160000200 bp)...
[M::mem_pestat] # candidate unique pairs for (FF, FR, RF, RR): (46, 219369, 61, 37)
[M::mem_pestat] analyzing insert size distribution for orientation FF...
[M::mem_pestat] (25, 50, 75) percentile: (334, 575, 2264)
[M::mem_pestat] low and high boundaries for computing mean and std.dev: (1, 6124)
[M::mem_pestat] mean and std.dev: (1308.73, 1426.49)
[M::mem_pestat] low and high boundaries for proper pairs: (1, 8054)
[M::mem_pestat] analyzing insert size distribution for orientation FR...
[M::mem_pestat] (25, 50, 75) percentile: (266, 359, 475)
[M::mem_pestat] low and high boundaries for computing mean and std.dev: (1, 893)
[M::mem_pestat] mean and std.dev: (372.02, 152.32)
[M::mem_pestat] low and high boundaries for proper pairs: (1, 1102)
[M::mem_pestat] analyzing insert size distribution for orientation RF...
[M::mem_pestat] (25, 50, 75) percentile: (179, 1862, 4760)
[M::mem_pestat] low and high boundaries for computing mean and std.dev: (1, 13922)
[M::mem_pestat] mean and std.dev: (2641.43, 2786.65)
[M::mem_pestat] low and high boundaries for proper pairs: (1, 18503)
[M::mem_pestat] analyzing insert size distribution for orientation RR...
[M::mem_pestat] (25, 50, 75) percentile: (297, 466, 1247)
[M::mem_pestat] low and high boundaries for computing mean and std.dev: (1, 3147)
[M::mem_pestat] mean and std.dev: (718.61, 610.83)
[M::mem_pestat] low and high boundaries for proper pairs: (1, 4097)
[M::mem_pestat] skip orientation FF
[M::mem_pestat] skip orientation RF
[M::mem_pestat] skip orientation RR
[M::mem_process_seqs] Processed 1066668 reads in 808.944 CPU sec, 52.156 real sec
[M::mem_pestat] # candidate unique pairs for (FF, FR, RF, RR): (41, 221663, 93, 33)
[M::mem_pestat] analyzing insert size distribution for orientation FF...
[M::mem_pestat] (25, 50, 75) percentile: (245, 657, 2075)
[M::mem_pestat] low and high boundaries for computing mean and std.dev: (1, 5735)
[M::mem_pestat] mean and std.dev: (943.38, 1029.99)
[M::mem_pestat] low and high boundaries for proper pairs: (1, 7565)
[M::mem_pestat] analyzing insert size distribution for orientation FR...
[M::mem_pestat] (25, 50, 75) percentile: (270, 361, 476)
[M::mem_pestat] low and high boundaries for computing mean and std.dev: (1, 888)
[M::mem_pestat] mean and std.dev: (374.92, 151.89)
[M::mem_pestat] low and high boundaries for proper pairs: (1, 1094)
[M::mem_pestat] analyzing insert size distribution for orientation RF...
[M::mem_pestat] (25, 50, 75) percentile: (436, 1362, 3655)
[M::mem_pestat] low and high boundaries for computing mean and std.dev: (1, 10093)
[M::mem_pestat] mean and std.dev: (2241.89, 2301.47)
[M::mem_pestat] low and high boundaries for proper pairs: (1, 13312)
[M::mem_pestat] analyzing insert size distribution for orientation RR...
[M::mem_pestat] (25, 50, 75) percentile: (286, 488, 1134)
[M::mem_pestat] low and high boundaries for computing mean and std.dev: (1, 2830)
[M::mem_pestat] mean and std.dev: (697.41, 510.74)
[M::mem_pestat] low and high boundaries for proper pairs: (1, 3678)
[M::mem_pestat] skip orientation FF
[M::mem_pestat] skip orientation RF
[M::mem_pestat] skip orientation RR
[M::process] read 1066668 sequences (160000200 bp)...
[M::mem_process_seqs] Processed 1066668 reads in 813.835 CPU sec, 52.619 real sec
[M::mem_pestat] # candidate unique pairs for (FF, FR, RF, RR): (30, 221407, 92, 40)
[M::mem_pestat] analyzing insert size distribution for orientation FF...
[M::mem_pestat] (25, 50, 75) percentile: (283, 1104, 3427)
[M::mem_pestat] low and high boundaries for computing mean and std.dev: (1, 9715)
[M::mem_pestat] mean and std.dev: (1730.73, 1842.40)
[M::mem_pestat] low and high boundaries for proper pairs: (1, 12859)
[M::mem_pestat] analyzing insert size distribution for orientation FR...
[M::mem_pestat] (25, 50, 75) percentile: (272, 361, 474)
[M::mem_pestat] low and high boundaries for computing mean and std.dev: (1, 878)
[M::mem_pestat] mean and std.dev: (374.55, 150.09)
[M::mem_pestat] low and high boundaries for proper pairs: (1, 1080)
[M::mem_pestat] analyzing insert size distribution for orientation RF...
[M::mem_pestat] (25, 50, 75) percentile: (497, 1792, 4326)
[M::mem_pestat] low and high boundaries for computing mean and std.dev: (1, 11984)
[M::mem_pestat] mean and std.dev: (2877.88, 2704.05)
[M::mem_pestat] low and high boundaries for proper pairs: (1, 15813)
[M::mem_pestat] analyzing insert size distribution for orientation RR...
[M::mem_pestat] (25, 50, 75) percentile: (231, 366, 1201)
[M::mem_pestat] low and high boundaries for computing mean and std.dev: (1, 3141)
[M::mem_pestat] mean and std.dev: (560.09, 577.71)
[M::mem_pestat] low and high boundaries for proper pairs: (1, 4111)
[M::mem_pestat] skip orientation FF
[M::mem_pestat] skip orientation RF
[M::mem_pestat] skip orientation RR
[M::process] read 1066668 sequences (160000200 bp)...
[M::mem_process_seqs] Processed 1066668 reads in 814.674 CPU sec, 52.823 real sec
[M::mem_pestat] # candidate unique pairs for (FF, FR, RF, RR): (28, 221554, 82, 22)
[M::mem_pestat] analyzing insert size distribution for orientation FF...
[M::mem_pestat] (25, 50, 75) percentile: (394, 530, 856)
[M::mem_pestat] low and high boundaries for computing mean and std.dev: (1, 1780)
[M::mem_pestat] mean and std.dev: (512.21, 248.35)
[M::mem_pestat] low and high boundaries for proper pairs: (1, 2242)
[M::mem_pestat] analyzing insert size distribution for orientation FR...
[M::mem_pestat] (25, 50, 75) percentile: (272, 361, 471)
[M::mem_pestat] low and high boundaries for computing mean and std.dev: (1, 869)
[M::mem_pestat] mean and std.dev: (373.27, 148.55)
[M::mem_pestat] low and high boundaries for proper pairs: (1, 1068)
[M::mem_pestat] analyzing insert size distribution for orientation RF...
[M::mem_pestat] (25, 50, 75) percentile: (128, 979, 3916)
[M::mem_pestat] low and high boundaries for computing mean and std.dev: (1, 11492)
[M::mem_pestat] mean and std.dev: (2404.56, 2892.87)
[M::mem_pestat] low and high boundaries for proper pairs: (1, 15280)
[M::mem_pestat] analyzing insert size distribution for orientation RR...
[M::mem_pestat] (25, 50, 75) percentile: (412, 1773, 2866)
[M::mem_pestat] low and high boundaries for computing mean and std.dev: (1, 7774)
[M::mem_pestat] mean and std.dev: (1530.76, 1326.38)
[M::mem_pestat] low and high boundaries for proper pairs: (1, 10228)
[M::mem_pestat] skip orientation FF
[M::mem_pestat] skip orientation RF
[M::mem_pestat] skip orientation RR
[M::process] read 671788 sequences (100768200 bp)...
[M::mem_process_seqs] Processed 1066668 reads in 809.859 CPU sec, 52.408 real sec
[M::mem_pestat] # candidate unique pairs for (FF, FR, RF, RR): (15, 139614, 50, 33)
[M::mem_pestat] analyzing insert size distribution for orientation FF...
[M::mem_pestat] (25, 50, 75) percentile: (555, 974, 1765)
[M::mem_pestat] low and high boundaries for computing mean and std.dev: (1, 4185)
[M::mem_pestat] mean and std.dev: (809.42, 498.38)
[M::mem_pestat] low and high boundaries for proper pairs: (1, 5395)
[M::mem_pestat] analyzing insert size distribution for orientation FR...
[M::mem_pestat] (25, 50, 75) percentile: (275, 363, 475)
[M::mem_pestat] low and high boundaries for computing mean and std.dev: (1, 875)
[M::mem_pestat] mean and std.dev: (375.80, 148.41)
[M::mem_pestat] low and high boundaries for proper pairs: (1, 1075)
[M::mem_pestat] analyzing insert size distribution for orientation RF...
[M::mem_pestat] (25, 50, 75) percentile: (160, 862, 3113)
[M::mem_pestat] low and high boundaries for computing mean and std.dev: (1, 9019)
[M::mem_pestat] mean and std.dev: (2252.16, 2650.42)
[M::mem_pestat] low and high boundaries for proper pairs: (1, 12854)
[M::mem_pestat] analyzing insert size distribution for orientation RR...
[M::mem_pestat] (25, 50, 75) percentile: (359, 594, 1553)
[M::mem_pestat] low and high boundaries for computing mean and std.dev: (1, 3941)
[M::mem_pestat] mean and std.dev: (944.30, 838.81)
[M::mem_pestat] low and high boundaries for proper pairs: (1, 5135)
[M::mem_pestat] skip orientation FF
[M::mem_pestat] skip orientation RF
[M::mem_pestat] skip orientation RR
[M::mem_process_seqs] Processed 671788 reads in 510.033 CPU sec, 33.461 real sec
[main] Version: 0.7.19-r1273
[main] CMD: bwa mem -t 16 -R @RG\tID:LS_10a\tSM:LS_10a\tLB:LS_10a\tPL:ILLUMINA output/05_realign_xbOstLuri2/reference/GCA_061535525.1_xbOstLuri2_USDA-ARS_PSRF_primary_genomic.fna data/raw/LS_10a_S87_L004_R1_001.fastq.gz data/raw/LS_10a_S87_L004_R2_001.fastq.gz
[main] Real time: 3180.031 sec; CPU: 48606.872 sec
[bam_sort_core] merging from 3 files and 8 in-memory blocks...
end 2026-09-27T13:58:33Z sample=LS_10a
