/opt/ohpc/admin/lmod/lmod/init/bash: line 93: LD_LIBRARY_PATH: unbound variable
start 2026-09-27T14:07:42Z host n3472 sample=NS18_Sequim_Wild_57 location=NS18_Sequim_Wild
[M::bwa_idx_load_from_disk] read 0 ALT contigs
[M::process] read 1066668 sequences (160000200 bp)...
[M::process] read 1066668 sequences (160000200 bp)...
[M::mem_pestat] # candidate unique pairs for (FF, FR, RF, RR): (18, 230047, 53, 29)
[M::mem_pestat] analyzing insert size distribution for orientation FF...
[M::mem_pestat] (25, 50, 75) percentile: (208, 376, 1006)
[M::mem_pestat] low and high boundaries for computing mean and std.dev: (1, 2602)
[M::mem_pestat] mean and std.dev: (775.33, 776.66)
[M::mem_pestat] low and high boundaries for proper pairs: (1, 3882)
[M::mem_pestat] analyzing insert size distribution for orientation FR...
[M::mem_pestat] (25, 50, 75) percentile: (239, 319, 404)
[M::mem_pestat] low and high boundaries for computing mean and std.dev: (1, 734)
[M::mem_pestat] mean and std.dev: (321.73, 122.92)
[M::mem_pestat] low and high boundaries for proper pairs: (1, 899)
[M::mem_pestat] analyzing insert size distribution for orientation RF...
[M::mem_pestat] (25, 50, 75) percentile: (288, 997, 3136)
[M::mem_pestat] low and high boundaries for computing mean and std.dev: (1, 8832)
[M::mem_pestat] mean and std.dev: (1922.96, 2058.12)
[M::mem_pestat] low and high boundaries for proper pairs: (1, 11680)
[M::mem_pestat] analyzing insert size distribution for orientation RR...
[M::mem_pestat] (25, 50, 75) percentile: (411, 798, 2386)
[M::mem_pestat] low and high boundaries for computing mean and std.dev: (1, 6336)
[M::mem_pestat] mean and std.dev: (1003.96, 840.25)
[M::mem_pestat] low and high boundaries for proper pairs: (1, 8311)
[M::mem_pestat] skip orientation FF
[M::mem_pestat] skip orientation RF
[M::mem_pestat] skip orientation RR
[M::mem_process_seqs] Processed 1066668 reads in 757.065 CPU sec, 51.200 real sec
[M::mem_pestat] # candidate unique pairs for (FF, FR, RF, RR): (49, 231217, 63, 26)
[M::mem_pestat] analyzing insert size distribution for orientation FF...
[M::mem_pestat] (25, 50, 75) percentile: (215, 914, 1541)
[M::mem_pestat] low and high boundaries for computing mean and std.dev: (1, 4193)
[M::mem_pestat] mean and std.dev: (837.27, 770.62)
[M::mem_pestat] low and high boundaries for proper pairs: (1, 5519)
[M::mem_pestat] analyzing insert size distribution for orientation FR...
[M::mem_pestat] (25, 50, 75) percentile: (245, 325, 410)
[M::mem_pestat] low and high boundaries for computing mean and std.dev: (1, 740)
[M::mem_pestat] mean and std.dev: (327.58, 123.68)
[M::mem_pestat] low and high boundaries for proper pairs: (1, 905)
[M::mem_pestat] analyzing insert size distribution for orientation RF...
[M::mem_pestat] (25, 50, 75) percentile: (214, 869, 3679)
[M::mem_pestat] low and high boundaries for computing mean and std.dev: (1, 10609)
[M::mem_pestat] mean and std.dev: (2561.84, 3376.70)
[M::mem_pestat] low and high boundaries for proper pairs: (1, 16069)
[M::mem_pestat] analyzing insert size distribution for orientation RR...
[M::mem_pestat] (25, 50, 75) percentile: (259, 293, 958)
[M::mem_pestat] low and high boundaries for computing mean and std.dev: (1, 2356)
[M::mem_pestat] mean and std.dev: (538.83, 597.60)
[M::mem_pestat] low and high boundaries for proper pairs: (1, 3055)
[M::mem_pestat] skip orientation FF
[M::mem_pestat] skip orientation RF
[M::mem_pestat] skip orientation RR
[M::process] read 1066668 sequences (160000200 bp)...
[M::mem_process_seqs] Processed 1066668 reads in 760.135 CPU sec, 49.258 real sec
[M::mem_pestat] # candidate unique pairs for (FF, FR, RF, RR): (28, 231478, 65, 38)
[M::mem_pestat] analyzing insert size distribution for orientation FF...
[M::mem_pestat] (25, 50, 75) percentile: (337, 1368, 3352)
[M::mem_pestat] low and high boundaries for computing mean and std.dev: (1, 9382)
[M::mem_pestat] mean and std.dev: (1788.64, 1870.48)
[M::mem_pestat] low and high boundaries for proper pairs: (1, 12397)
[M::mem_pestat] analyzing insert size distribution for orientation FR...
[M::mem_pestat] (25, 50, 75) percentile: (240, 320, 407)
[M::mem_pestat] low and high boundaries for computing mean and std.dev: (1, 741)
[M::mem_pestat] mean and std.dev: (323.91, 124.13)
[M::mem_pestat] low and high boundaries for proper pairs: (1, 908)
[M::mem_pestat] analyzing insert size distribution for orientation RF...
[M::mem_pestat] (25, 50, 75) percentile: (129, 440, 3011)
[M::mem_pestat] low and high boundaries for computing mean and std.dev: (1, 8775)
[M::mem_pestat] mean and std.dev: (1806.43, 2318.19)
[M::mem_pestat] low and high boundaries for proper pairs: (1, 11657)
[M::mem_pestat] analyzing insert size distribution for orientation RR...
[M::mem_pestat] (25, 50, 75) percentile: (196, 458, 1601)
[M::mem_pestat] low and high boundaries for computing mean and std.dev: (1, 4411)
[M::mem_pestat] mean and std.dev: (857.76, 902.35)
[M::mem_pestat] low and high boundaries for proper pairs: (1, 5816)
[M::mem_pestat] skip orientation FF
[M::mem_pestat] skip orientation RF
[M::mem_pestat] skip orientation RR
[M::process] read 1066668 sequences (160000200 bp)...
[M::mem_process_seqs] Processed 1066668 reads in 766.901 CPU sec, 49.569 real sec
[M::mem_pestat] # candidate unique pairs for (FF, FR, RF, RR): (33, 231044, 76, 26)
[M::mem_pestat] analyzing insert size distribution for orientation FF...
[M::mem_pestat] (25, 50, 75) percentile: (270, 739, 2385)
[M::mem_pestat] low and high boundaries for computing mean and std.dev: (1, 6615)
[M::mem_pestat] mean and std.dev: (1583.73, 1765.02)
[M::mem_pestat] low and high boundaries for proper pairs: (1, 8730)
[M::mem_pestat] analyzing insert size distribution for orientation FR...
[M::mem_pestat] (25, 50, 75) percentile: (240, 320, 407)
[M::mem_pestat] low and high boundaries for computing mean and std.dev: (1, 741)
[M::mem_pestat] mean and std.dev: (323.91, 124.51)
[M::mem_pestat] low and high boundaries for proper pairs: (1, 908)
[M::mem_pestat] analyzing insert size distribution for orientation RF...
[M::mem_pestat] (25, 50, 75) percentile: (216, 1324, 4748)
[M::mem_pestat] low and high boundaries for computing mean and std.dev: (1, 13812)
[M::mem_pestat] mean and std.dev: (2657.36, 2956.19)
[M::mem_pestat] low and high boundaries for proper pairs: (1, 18344)
[M::mem_pestat] analyzing insert size distribution for orientation RR...
[M::mem_pestat] (25, 50, 75) percentile: (251, 1001, 3287)
[M::mem_pestat] low and high boundaries for computing mean and std.dev: (1, 9359)
[M::mem_pestat] mean and std.dev: (1370.04, 1567.79)
[M::mem_pestat] low and high boundaries for proper pairs: (1, 12395)
[M::mem_pestat] skip orientation FF
[M::mem_pestat] skip orientation RF
[M::mem_pestat] skip orientation RR
[M::process] read 1066668 sequences (160000200 bp)...
[M::mem_process_seqs] Processed 1066668 reads in 771.071 CPU sec, 49.816 real sec
[M::mem_pestat] # candidate unique pairs for (FF, FR, RF, RR): (30, 231611, 55, 29)
[M::mem_pestat] analyzing insert size distribution for orientation FF...
[M::mem_pestat] (25, 50, 75) percentile: (299, 496, 1995)
[M::mem_pestat] low and high boundaries for computing mean and std.dev: (1, 5387)
[M::mem_pestat] mean and std.dev: (863.92, 1046.42)
[M::mem_pestat] low and high boundaries for proper pairs: (1, 7083)
[M::mem_pestat] analyzing insert size distribution for orientation FR...
[M::mem_pestat] (25, 50, 75) percentile: (239, 319, 405)
[M::mem_pestat] low and high boundaries for computing mean and std.dev: (1, 737)
[M::mem_pestat] mean and std.dev: (322.66, 123.53)
[M::mem_pestat] low and high boundaries for proper pairs: (1, 903)
[M::mem_pestat] analyzing insert size distribution for orientation RF...
[M::mem_pestat] (25, 50, 75) percentile: (593, 955, 3137)
[M::mem_pestat] low and high boundaries for computing mean and std.dev: (1, 8225)
[M::mem_pestat] mean and std.dev: (1985.67, 2081.39)
[M::mem_pestat] low and high boundaries for proper pairs: (1, 10769)
[M::mem_pestat] analyzing insert size distribution for orientation RR...
[M::mem_pestat] (25, 50, 75) percentile: (168, 333, 924)
[M::mem_pestat] low and high boundaries for computing mean and std.dev: (1, 2436)
[M::mem_pestat] mean and std.dev: (417.12, 337.46)
[M::mem_pestat] low and high boundaries for proper pairs: (1, 3192)
[M::mem_pestat] skip orientation FF
[M::mem_pestat] skip orientation RF
[M::mem_pestat] skip orientation RR
[M::process] read 1066668 sequences (160000200 bp)...
[M::mem_process_seqs] Processed 1066668 reads in 768.652 CPU sec, 49.614 real sec
[M::mem_pestat] # candidate unique pairs for (FF, FR, RF, RR): (28, 230443, 65, 44)
[M::mem_pestat] analyzing insert size distribution for orientation FF...
[M::mem_pestat] (25, 50, 75) percentile: (332, 788, 5414)
[M::mem_pestat] low and high boundaries for computing mean and std.dev: (1, 15578)
[M::mem_pestat] mean and std.dev: (2761.36, 2979.69)
[M::mem_pestat] low and high boundaries for proper pairs: (1, 20660)
[M::mem_pestat] analyzing insert size distribution for orientation FR...
[M::mem_pestat] (25, 50, 75) percentile: (238, 317, 403)
[M::mem_pestat] low and high boundaries for computing mean and std.dev: (1, 733)
[M::mem_pestat] mean and std.dev: (321.13, 122.69)
[M::mem_pestat] low and high boundaries for proper pairs: (1, 898)
[M::mem_pestat] analyzing insert size distribution for orientation RF...
[M::mem_pestat] (25, 50, 75) percentile: (256, 892, 5938)
[M::mem_pestat] low and high boundaries for computing mean and std.dev: (1, 17302)
[M::mem_pestat] mean and std.dev: (2634.23, 3338.84)
[M::mem_pestat] low and high boundaries for proper pairs: (1, 22984)
[M::mem_pestat] analyzing insert size distribution for orientation RR...
[M::mem_pestat] (25, 50, 75) percentile: (279, 678, 1873)
[M::mem_pestat] low and high boundaries for computing mean and std.dev: (1, 5061)
[M::mem_pestat] mean and std.dev: (835.08, 789.86)
[M::mem_pestat] low and high boundaries for proper pairs: (1, 6655)
[M::mem_pestat] skip orientation FF
[M::mem_pestat] skip orientation RF
[M::mem_pestat] skip orientation RR
[M::process] read 1066668 sequences (160000200 bp)...
[M::mem_process_seqs] Processed 1066668 reads in 797.214 CPU sec, 51.546 real sec
[M::mem_pestat] # candidate unique pairs for (FF, FR, RF, RR): (38, 231228, 81, 18)
[M::mem_pestat] analyzing insert size distribution for orientation FF...
[M::mem_pestat] (25, 50, 75) percentile: (238, 466, 806)
[M::mem_pestat] low and high boundaries for computing mean and std.dev: (1, 1942)
[M::mem_pestat] mean and std.dev: (440.44, 353.60)
[M::mem_pestat] low and high boundaries for proper pairs: (1, 2510)
[M::mem_pestat] analyzing insert size distribution for orientation FR...
[M::mem_pestat] (25, 50, 75) percentile: (235, 314, 398)
[M::mem_pestat] low and high boundaries for computing mean and std.dev: (1, 724)
[M::mem_pestat] mean and std.dev: (318.02, 122.02)
[M::mem_pestat] low and high boundaries for proper pairs: (1, 887)
[M::mem_pestat] analyzing insert size distribution for orientation RF...
[M::mem_pestat] (25, 50, 75) percentile: (203, 1021, 3778)
[M::mem_pestat] low and high boundaries for computing mean and std.dev: (1, 10928)
[M::mem_pestat] mean and std.dev: (2393.68, 2901.24)
[M::mem_pestat] low and high boundaries for proper pairs: (1, 14503)
[M::mem_pestat] analyzing insert size distribution for orientation RR...
[M::mem_pestat] (25, 50, 75) percentile: (458, 1216, 1357)
[M::mem_pestat] low and high boundaries for computing mean and std.dev: (1, 3155)
[M::mem_pestat] mean and std.dev: (919.65, 625.04)
[M::mem_pestat] low and high boundaries for proper pairs: (1, 4054)
[M::mem_pestat] skip orientation FF
[M::mem_pestat] skip orientation RF
[M::mem_pestat] skip orientation RR
[M::process] read 1066668 sequences (160000200 bp)...
[M::mem_process_seqs] Processed 1066668 reads in 773.940 CPU sec, 50.004 real sec
[M::mem_pestat] # candidate unique pairs for (FF, FR, RF, RR): (25, 230219, 70, 19)
[M::mem_pestat] analyzing insert size distribution for orientation FF...
[M::mem_pestat] (25, 50, 75) percentile: (220, 422, 1250)
[M::mem_pestat] low and high boundaries for computing mean and std.dev: (1, 3310)
[M::mem_pestat] mean and std.dev: (437.75, 319.28)
[M::mem_pestat] low and high boundaries for proper pairs: (1, 4340)
[M::mem_pestat] analyzing insert size distribution for orientation FR...
[M::mem_pestat] (25, 50, 75) percentile: (235, 315, 400)
[M::mem_pestat] low and high boundaries for computing mean and std.dev: (1, 730)
[M::mem_pestat] mean and std.dev: (319.26, 122.93)
[M::mem_pestat] low and high boundaries for proper pairs: (1, 895)
[M::mem_pestat] analyzing insert size distribution for orientation RF...
[M::mem_pestat] (25, 50, 75) percentile: (196, 1462, 5975)
[M::mem_pestat] low and high boundaries for computing mean and std.dev: (1, 17533)
[M::mem_pestat] mean and std.dev: (3092.64, 3366.15)
[M::mem_pestat] low and high boundaries for proper pairs: (1, 23312)
[M::mem_pestat] analyzing insert size distribution for orientation RR...
[M::mem_pestat] (25, 50, 75) percentile: (328, 997, 3323)
[M::mem_pestat] low and high boundaries for computing mean and std.dev: (1, 9313)
[M::mem_pestat] mean and std.dev: (1955.89, 2354.19)
[M::mem_pestat] low and high boundaries for proper pairs: (1, 12308)
[M::mem_pestat] skip orientation FF
[M::mem_pestat] skip orientation RF
[M::mem_pestat] skip orientation RR
[M::process] read 1066668 sequences (160000200 bp)...
[M::mem_process_seqs] Processed 1066668 reads in 782.100 CPU sec, 50.436 real sec
[M::mem_pestat] # candidate unique pairs for (FF, FR, RF, RR): (21, 230013, 72, 23)
[M::mem_pestat] analyzing insert size distribution for orientation FF...
[M::mem_pestat] (25, 50, 75) percentile: (405, 628, 3292)
[M::mem_pestat] low and high boundaries for computing mean and std.dev: (1, 9066)
[M::mem_pestat] mean and std.dev: (1820.00, 2060.45)
[M::mem_pestat] low and high boundaries for proper pairs: (1, 11953)
[M::mem_pestat] analyzing insert size distribution for orientation FR...
[M::mem_pestat] (25, 50, 75) percentile: (237, 319, 406)
[M::mem_pestat] low and high boundaries for computing mean and std.dev: (1, 744)
[M::mem_pestat] mean and std.dev: (322.46, 125.23)
[M::mem_pestat] low and high boundaries for proper pairs: (1, 913)
[M::mem_pestat] analyzing insert size distribution for orientation RF...
[M::mem_pestat] (25, 50, 75) percentile: (169, 432, 2602)
[M::mem_pestat] low and high boundaries for computing mean and std.dev: (1, 7468)
[M::mem_pestat] mean and std.dev: (1026.87, 1517.19)
[M::mem_pestat] low and high boundaries for proper pairs: (1, 9901)
[M::mem_pestat] analyzing insert size distribution for orientation RR...
[M::mem_pestat] (25, 50, 75) percentile: (250, 306, 928)
[M::mem_pestat] low and high boundaries for computing mean and std.dev: (1, 2284)
[M::mem_pestat] mean and std.dev: (544.00, 451.75)
[M::mem_pestat] low and high boundaries for proper pairs: (1, 2962)
[M::mem_pestat] skip orientation FF
[M::mem_pestat] skip orientation RF
[M::mem_pestat] skip orientation RR
[M::process] read 1066668 sequences (160000200 bp)...
[M::mem_process_seqs] Processed 1066668 reads in 765.836 CPU sec, 49.335 real sec
[M::mem_pestat] # candidate unique pairs for (FF, FR, RF, RR): (27, 230705, 57, 37)
[M::mem_pestat] analyzing insert size distribution for orientation FF...
[M::mem_pestat] (25, 50, 75) percentile: (233, 428, 984)
[M::mem_pestat] low and high boundaries for computing mean and std.dev: (1, 2486)
[M::mem_pestat] mean and std.dev: (700.33, 624.25)
[M::mem_pestat] low and high boundaries for proper pairs: (1, 3237)
[M::mem_pestat] analyzing insert size distribution for orientation FR...
[M::mem_pestat] (25, 50, 75) percentile: (242, 325, 413)
[M::mem_pestat] low and high boundaries for computing mean and std.dev: (1, 755)
[M::mem_pestat] mean and std.dev: (328.45, 127.31)
[M::mem_pestat] low and high boundaries for proper pairs: (1, 926)
[M::mem_pestat] analyzing insert size distribution for orientation RF...
[M::mem_pestat] (25, 50, 75) percentile: (91, 284, 2140)
[M::mem_pestat] low and high boundaries for computing mean and std.dev: (1, 6238)
[M::mem_pestat] mean and std.dev: (1251.31, 1918.90)
[M::mem_pestat] low and high boundaries for proper pairs: (1, 8927)
[M::mem_pestat] analyzing insert size distribution for orientation RR...
[M::mem_pestat] (25, 50, 75) percentile: (151, 517, 682)
[M::mem_pestat] low and high boundaries for computing mean and std.dev: (1, 1744)
[M::mem_pestat] mean and std.dev: (413.76, 315.81)
[M::mem_pestat] low and high boundaries for proper pairs: (1, 2275)
[M::mem_pestat] skip orientation FF
[M::mem_pestat] skip orientation RF
[M::mem_pestat] skip orientation RR
[M::process] read 1066668 sequences (160000200 bp)...
[M::mem_process_seqs] Processed 1066668 reads in 746.786 CPU sec, 48.205 real sec
[M::mem_pestat] # candidate unique pairs for (FF, FR, RF, RR): (41, 231710, 68, 43)
[M::mem_pestat] analyzing insert size distribution for orientation FF...
[M::mem_pestat] (25, 50, 75) percentile: (266, 351, 1558)
[M::mem_pestat] low and high boundaries for computing mean and std.dev: (1, 4142)
[M::mem_pestat] mean and std.dev: (618.26, 781.78)
[M::mem_pestat] low and high boundaries for proper pairs: (1, 5434)
[M::mem_pestat] analyzing insert size distribution for orientation FR...
[M::mem_pestat] (25, 50, 75) percentile: (241, 322, 411)
[M::mem_pestat] low and high boundaries for computing mean and std.dev: (1, 751)
[M::mem_pestat] mean and std.dev: (326.55, 126.02)
[M::mem_pestat] low and high boundaries for proper pairs: (1, 921)
[M::mem_pestat] analyzing insert size distribution for orientation RF...
[M::mem_pestat] (25, 50, 75) percentile: (238, 737, 4182)
[M::mem_pestat] low and high boundaries for computing mean and std.dev: (1, 12070)
[M::mem_pestat] mean and std.dev: (2612.06, 3153.61)
[M::mem_pestat] low and high boundaries for proper pairs: (1, 16014)
[M::mem_pestat] analyzing insert size distribution for orientation RR...
[M::mem_pestat] (25, 50, 75) percentile: (197, 762, 1512)
[M::mem_pestat] low and high boundaries for computing mean and std.dev: (1, 4142)
[M::mem_pestat] mean and std.dev: (795.90, 675.50)
[M::mem_pestat] low and high boundaries for proper pairs: (1, 5457)
[M::mem_pestat] skip orientation FF
[M::mem_pestat] skip orientation RF
[M::mem_pestat] skip orientation RR
[M::process] read 1066668 sequences (160000200 bp)...
[M::mem_process_seqs] Processed 1066668 reads in 741.915 CPU sec, 47.739 real sec
[M::mem_pestat] # candidate unique pairs for (FF, FR, RF, RR): (28, 230945, 69, 31)
[M::mem_pestat] analyzing insert size distribution for orientation FF...
[M::mem_pestat] (25, 50, 75) percentile: (244, 432, 499)
[M::mem_pestat] low and high boundaries for computing mean and std.dev: (1, 1009)
[M::mem_pestat] mean and std.dev: (323.88, 161.68)
[M::mem_pestat] low and high boundaries for proper pairs: (1, 1264)
[M::mem_pestat] analyzing insert size distribution for orientation FR...
[M::mem_pestat] (25, 50, 75) percentile: (239, 320, 410)
[M::mem_pestat] low and high boundaries for computing mean and std.dev: (1, 752)
[M::mem_pestat] mean and std.dev: (325.59, 126.43)
[M::mem_pestat] low and high boundaries for proper pairs: (1, 923)
[M::mem_pestat] analyzing insert size distribution for orientation RF...
[M::mem_pestat] (25, 50, 75) percentile: (127, 695, 3865)
[M::mem_pestat] low and high boundaries for computing mean and std.dev: (1, 11341)
[M::mem_pestat] mean and std.dev: (2182.97, 2912.36)
[M::mem_pestat] low and high boundaries for proper pairs: (1, 15079)
[M::mem_pestat] analyzing insert size distribution for orientation RR...
[M::mem_pestat] (25, 50, 75) percentile: (201, 633, 1712)
[M::mem_pestat] low and high boundaries for computing mean and std.dev: (1, 4734)
[M::mem_pestat] mean and std.dev: (812.59, 672.36)
[M::mem_pestat] low and high boundaries for proper pairs: (1, 6245)
[M::mem_pestat] skip orientation FF
[M::mem_pestat] skip orientation RF
[M::mem_pestat] skip orientation RR
[M::process] read 1066668 sequences (160000200 bp)...
[M::mem_process_seqs] Processed 1066668 reads in 745.779 CPU sec, 48.061 real sec
[M::mem_pestat] # candidate unique pairs for (FF, FR, RF, RR): (30, 232044, 64, 27)
[M::mem_pestat] analyzing insert size distribution for orientation FF...
[M::mem_pestat] (25, 50, 75) percentile: (154, 460, 1215)
[M::mem_pestat] low and high boundaries for computing mean and std.dev: (1, 3337)
[M::mem_pestat] mean and std.dev: (583.81, 547.84)
[M::mem_pestat] low and high boundaries for proper pairs: (1, 4398)
[M::mem_pestat] analyzing insert size distribution for orientation FR...
[M::mem_pestat] (25, 50, 75) percentile: (239, 320, 407)
[M::mem_pestat] low and high boundaries for computing mean and std.dev: (1, 743)
[M::mem_pestat] mean and std.dev: (324.36, 124.85)
[M::mem_pestat] low and high boundaries for proper pairs: (1, 911)
[M::mem_pestat] analyzing insert size distribution for orientation RF...
[M::mem_pestat] (25, 50, 75) percentile: (370, 2501, 5816)
[M::mem_pestat] low and high boundaries for computing mean and std.dev: (1, 16708)
[M::mem_pestat] mean and std.dev: (3190.02, 3062.15)
[M::mem_pestat] low and high boundaries for proper pairs: (1, 22154)
[M::mem_pestat] analyzing insert size distribution for orientation RR...
[M::mem_pestat] (25, 50, 75) percentile: (244, 334, 1170)
[M::mem_pestat] low and high boundaries for computing mean and std.dev: (1, 3022)
[M::mem_pestat] mean and std.dev: (674.11, 598.02)
[M::mem_pestat] low and high boundaries for proper pairs: (1, 3948)
[M::mem_pestat] skip orientation FF
[M::mem_pestat] skip orientation RF
[M::mem_pestat] skip orientation RR
[M::process] read 1066668 sequences (160000200 bp)...
[M::mem_process_seqs] Processed 1066668 reads in 742.233 CPU sec, 47.851 real sec
[M::mem_pestat] # candidate unique pairs for (FF, FR, RF, RR): (36, 231005, 93, 41)
[M::mem_pestat] analyzing insert size distribution for orientation FF...
[M::mem_pestat] (25, 50, 75) percentile: (179, 510, 592)
[M::mem_pestat] low and high boundaries for computing mean and std.dev: (1, 1418)
[M::mem_pestat] mean and std.dev: (368.07, 232.69)
[M::mem_pestat] low and high boundaries for proper pairs: (1, 1831)
[M::mem_pestat] analyzing insert size distribution for orientation FR...
[M::mem_pestat] (25, 50, 75) percentile: (239, 320, 408)
[M::mem_pestat] low and high boundaries for computing mean and std.dev: (1, 746)
[M::mem_pestat] mean and std.dev: (324.65, 125.73)
[M::mem_pestat] low and high boundaries for proper pairs: (1, 915)
[M::mem_pestat] analyzing insert size distribution for orientation RF...
[M::mem_pestat] (25, 50, 75) percentile: (339, 656, 2382)
[M::mem_pestat] low and high boundaries for computing mean and std.dev: (1, 6468)
[M::mem_pestat] mean and std.dev: (1420.47, 1793.34)
[M::mem_pestat] low and high boundaries for proper pairs: (1, 8594)
[M::mem_pestat] analyzing insert size distribution for orientation RR...
[M::mem_pestat] (25, 50, 75) percentile: (261, 743, 2322)
[M::mem_pestat] low and high boundaries for computing mean and std.dev: (1, 6444)
[M::mem_pestat] mean and std.dev: (1254.47, 1161.43)
[M::mem_pestat] low and high boundaries for proper pairs: (1, 8505)
[M::mem_pestat] skip orientation FF
[M::mem_pestat] skip orientation RF
[M::mem_pestat] skip orientation RR
[M::process] read 1066668 sequences (160000200 bp)...
[M::mem_process_seqs] Processed 1066668 reads in 748.395 CPU sec, 48.281 real sec
[M::mem_pestat] # candidate unique pairs for (FF, FR, RF, RR): (29, 231201, 66, 27)
[M::mem_pestat] analyzing insert size distribution for orientation FF...
[M::mem_pestat] (25, 50, 75) percentile: (244, 517, 1488)
[M::mem_pestat] low and high boundaries for computing mean and std.dev: (1, 3976)
[M::mem_pestat] mean and std.dev: (635.64, 599.85)
[M::mem_pestat] low and high boundaries for proper pairs: (1, 5220)
[M::mem_pestat] analyzing insert size distribution for orientation FR...
[M::mem_pestat] (25, 50, 75) percentile: (236, 317, 405)
[M::mem_pestat] low and high boundaries for computing mean and std.dev: (1, 743)
[M::mem_pestat] mean and std.dev: (321.65, 125.36)
[M::mem_pestat] low and high boundaries for proper pairs: (1, 912)
[M::mem_pestat] analyzing insert size distribution for orientation RF...
[M::mem_pestat] (25, 50, 75) percentile: (388, 1592, 6046)
[M::mem_pestat] low and high boundaries for computing mean and std.dev: (1, 17362)
[M::mem_pestat] mean and std.dev: (2999.83, 3186.42)
[M::mem_pestat] low and high boundaries for proper pairs: (1, 23020)
[M::mem_pestat] analyzing insert size distribution for orientation RR...
[M::mem_pestat] (25, 50, 75) percentile: (222, 514, 1057)
[M::mem_pestat] low and high boundaries for computing mean and std.dev: (1, 2727)
[M::mem_pestat] mean and std.dev: (517.75, 401.52)
[M::mem_pestat] low and high boundaries for proper pairs: (1, 3562)
[M::mem_pestat] skip orientation FF
[M::mem_pestat] skip orientation RF
[M::mem_pestat] skip orientation RR
[M::process] read 1066668 sequences (160000200 bp)...
[M::mem_process_seqs] Processed 1066668 reads in 756.227 CPU sec, 48.791 real sec
[M::mem_pestat] # candidate unique pairs for (FF, FR, RF, RR): (37, 229823, 68, 25)
[M::mem_pestat] analyzing insert size distribution for orientation FF...
[M::mem_pestat] (25, 50, 75) percentile: (168, 442, 1576)
[M::mem_pestat] low and high boundaries for computing mean and std.dev: (1, 4392)
[M::mem_pestat] mean and std.dev: (713.16, 928.25)
[M::mem_pestat] low and high boundaries for proper pairs: (1, 5800)
[M::mem_pestat] analyzing insert size distribution for orientation FR...
[M::mem_pestat] (25, 50, 75) percentile: (234, 315, 402)
[M::mem_pestat] low and high boundaries for computing mean and std.dev: (1, 738)
[M::mem_pestat] mean and std.dev: (319.77, 124.53)
[M::mem_pestat] low and high boundaries for proper pairs: (1, 906)
[M::mem_pestat] analyzing insert size distribution for orientation RF...
[M::mem_pestat] (25, 50, 75) percentile: (189, 871, 2262)
[M::mem_pestat] low and high boundaries for computing mean and std.dev: (1, 6408)
[M::mem_pestat] mean and std.dev: (981.84, 1027.11)
[M::mem_pestat] low and high boundaries for proper pairs: (1, 8481)
[M::mem_pestat] analyzing insert size distribution for orientation RR...
[M::mem_pestat] (25, 50, 75) percentile: (214, 613, 1672)
[M::mem_pestat] low and high boundaries for computing mean and std.dev: (1, 4588)
[M::mem_pestat] mean and std.dev: (763.71, 905.38)
[M::mem_pestat] low and high boundaries for proper pairs: (1, 6046)
[M::mem_pestat] skip orientation FF
[M::mem_pestat] skip orientation RF
[M::mem_pestat] skip orientation RR
[M::process] read 1066668 sequences (160000200 bp)...
[M::mem_process_seqs] Processed 1066668 reads in 764.911 CPU sec, 49.378 real sec
[M::mem_pestat] # candidate unique pairs for (FF, FR, RF, RR): (33, 230105, 65, 36)
[M::mem_pestat] analyzing insert size distribution for orientation FF...
[M::mem_pestat] (25, 50, 75) percentile: (281, 475, 6848)
[M::mem_pestat] low and high boundaries for computing mean and std.dev: (1, 19982)
[M::mem_pestat] mean and std.dev: (2439.55, 3253.66)
[M::mem_pestat] low and high boundaries for proper pairs: (1, 26549)
[M::mem_pestat] analyzing insert size distribution for orientation FR...
[M::mem_pestat] (25, 50, 75) percentile: (234, 317, 404)
[M::mem_pestat] low and high boundaries for computing mean and std.dev: (1, 744)
[M::mem_pestat] mean and std.dev: (320.82, 126.05)
[M::mem_pestat] low and high boundaries for proper pairs: (1, 914)
[M::mem_pestat] analyzing insert size distribution for orientation RF...
[M::mem_pestat] (25, 50, 75) percentile: (208, 462, 3946)
[M::mem_pestat] low and high boundaries for computing mean and std.dev: (1, 11422)
[M::mem_pestat] mean and std.dev: (2261.91, 3079.54)
[M::mem_pestat] low and high boundaries for proper pairs: (1, 15160)
[M::mem_pestat] analyzing insert size distribution for orientation RR...
[M::mem_pestat] (25, 50, 75) percentile: (235, 588, 1010)
[M::mem_pestat] low and high boundaries for computing mean and std.dev: (1, 2560)
[M::mem_pestat] mean and std.dev: (658.34, 538.72)
[M::mem_pestat] low and high boundaries for proper pairs: (1, 3335)
[M::mem_pestat] skip orientation FF
[M::mem_pestat] skip orientation RF
[M::mem_pestat] skip orientation RR
[M::process] read 1066668 sequences (160000200 bp)...
[M::mem_process_seqs] Processed 1066668 reads in 757.851 CPU sec, 48.902 real sec
[M::mem_pestat] # candidate unique pairs for (FF, FR, RF, RR): (39, 229580, 66, 27)
[M::mem_pestat] analyzing insert size distribution for orientation FF...
[M::mem_pestat] (25, 50, 75) percentile: (187, 391, 1168)
[M::mem_pestat] low and high boundaries for computing mean and std.dev: (1, 3130)
[M::mem_pestat] mean and std.dev: (497.82, 411.00)
[M::mem_pestat] low and high boundaries for proper pairs: (1, 4111)
[M::mem_pestat] analyzing insert size distribution for orientation FR...
[M::mem_pestat] (25, 50, 75) percentile: (239, 322, 411)
[M::mem_pestat] low and high boundaries for computing mean and std.dev: (1, 755)
[M::mem_pestat] mean and std.dev: (325.54, 127.17)
[M::mem_pestat] low and high boundaries for proper pairs: (1, 927)
[M::mem_pestat] analyzing insert size distribution for orientation RF...
[M::mem_pestat] (25, 50, 75) percentile: (149, 612, 1968)
[M::mem_pestat] low and high boundaries for computing mean and std.dev: (1, 5606)
[M::mem_pestat] mean and std.dev: (1028.80, 1247.31)
[M::mem_pestat] low and high boundaries for proper pairs: (1, 7425)
[M::mem_pestat] analyzing insert size distribution for orientation RR...
[M::mem_pestat] (25, 50, 75) percentile: (158, 401, 674)
[M::mem_pestat] low and high boundaries for computing mean and std.dev: (1, 1706)
[M::mem_pestat] mean and std.dev: (438.54, 352.91)
[M::mem_pestat] low and high boundaries for proper pairs: (1, 2222)
[M::mem_pestat] skip orientation FF
[M::mem_pestat] skip orientation RF
[M::mem_pestat] skip orientation RR
[M::process] read 1066668 sequences (160000200 bp)...
[M::mem_process_seqs] Processed 1066668 reads in 745.189 CPU sec, 48.090 real sec
[M::mem_pestat] # candidate unique pairs for (FF, FR, RF, RR): (30, 231093, 63, 17)
[M::mem_pestat] analyzing insert size distribution for orientation FF...
[M::mem_pestat] (25, 50, 75) percentile: (396, 1081, 3067)
[M::mem_pestat] low and high boundaries for computing mean and std.dev: (1, 8409)
[M::mem_pestat] mean and std.dev: (1587.30, 1782.95)
[M::mem_pestat] low and high boundaries for proper pairs: (1, 11080)
[M::mem_pestat] analyzing insert size distribution for orientation FR...
[M::mem_pestat] (25, 50, 75) percentile: (238, 319, 406)
[M::mem_pestat] low and high boundaries for computing mean and std.dev: (1, 742)
[M::mem_pestat] mean and std.dev: (322.93, 125.16)
[M::mem_pestat] low and high boundaries for proper pairs: (1, 910)
[M::mem_pestat] analyzing insert size distribution for orientation RF...
[M::mem_pestat] (25, 50, 75) percentile: (165, 860, 3858)
[M::mem_pestat] low and high boundaries for computing mean and std.dev: (1, 11244)
[M::mem_pestat] mean and std.dev: (2381.44, 2717.28)
[M::mem_pestat] low and high boundaries for proper pairs: (1, 14937)
[M::mem_pestat] analyzing insert size distribution for orientation RR...
[M::mem_pestat] (25, 50, 75) percentile: (302, 366, 1321)
[M::mem_pestat] low and high boundaries for computing mean and std.dev: (1, 3359)
[M::mem_pestat] mean and std.dev: (658.75, 519.23)
[M::mem_pestat] low and high boundaries for proper pairs: (1, 4378)
[M::mem_pestat] skip orientation FF
[M::mem_pestat] skip orientation RF
[M::mem_pestat] skip orientation RR
[M::mem_process_seqs] Processed 1066668 reads in 739.687 CPU sec, 48.380 real sec
[M::process] read 1066668 sequences (160000200 bp)...
[M::mem_pestat] # candidate unique pairs for (FF, FR, RF, RR): (36, 231241, 73, 30)
[M::mem_pestat] analyzing insert size distribution for orientation FF...
[M::mem_pestat] (25, 50, 75) percentile: (210, 389, 700)
[M::mem_pestat] low and high boundaries for computing mean and std.dev: (1, 1680)
[M::mem_pestat] mean and std.dev: (500.26, 382.31)
[M::mem_pestat] low and high boundaries for proper pairs: (1, 2170)
[M::mem_pestat] analyzing insert size distribution for orientation FR...
[M::mem_pestat] (25, 50, 75) percentile: (236, 317, 405)
[M::mem_pestat] low and high boundaries for computing mean and std.dev: (1, 743)
[M::mem_pestat] mean and std.dev: (321.77, 126.02)
[M::mem_pestat] low and high boundaries for proper pairs: (1, 912)
[M::mem_pestat] analyzing insert size distribution for orientation RF...
[M::mem_pestat] (25, 50, 75) percentile: (168, 913, 3012)
[M::mem_pestat] low and high boundaries for computing mean and std.dev: (1, 8700)
[M::mem_pestat] mean and std.dev: (1928.32, 2425.21)
[M::mem_pestat] low and high boundaries for proper pairs: (1, 11629)
[M::mem_pestat] analyzing insert size distribution for orientation RR...
[M::mem_pestat] (25, 50, 75) percentile: (169, 483, 1666)
[M::mem_pestat] low and high boundaries for computing mean and std.dev: (1, 4660)
[M::mem_pestat] mean and std.dev: (726.04, 942.04)
[M::mem_pestat] low and high boundaries for proper pairs: (1, 6157)
[M::mem_pestat] skip orientation FF
[M::mem_pestat] skip orientation RF
[M::mem_pestat] skip orientation RR
[M::process] read 1066668 sequences (160000200 bp)...
[M::mem_process_seqs] Processed 1066668 reads in 744.725 CPU sec, 47.504 real sec
[M::mem_pestat] # candidate unique pairs for (FF, FR, RF, RR): (21, 230620, 70, 36)
[M::mem_pestat] analyzing insert size distribution for orientation FF...
[M::mem_pestat] (25, 50, 75) percentile: (377, 794, 4422)
[M::mem_pestat] low and high boundaries for computing mean and std.dev: (1, 12512)
[M::mem_pestat] mean and std.dev: (1735.38, 2228.97)
[M::mem_pestat] low and high boundaries for proper pairs: (1, 16557)
[M::mem_pestat] analyzing insert size distribution for orientation FR...
[M::mem_pestat] (25, 50, 75) percentile: (234, 316, 404)
[M::mem_pestat] low and high boundaries for computing mean and std.dev: (1, 744)
[M::mem_pestat] mean and std.dev: (320.48, 125.38)
[M::mem_pestat] low and high boundaries for proper pairs: (1, 914)
[M::mem_pestat] analyzing insert size distribution for orientation RF...
[M::mem_pestat] (25, 50, 75) percentile: (232, 1243, 6423)
[M::mem_pestat] low and high boundaries for computing mean and std.dev: (1, 18805)
[M::mem_pestat] mean and std.dev: (3053.21, 3333.98)
[M::mem_pestat] low and high boundaries for proper pairs: (1, 24996)
[M::mem_pestat] analyzing insert size distribution for orientation RR...
[M::mem_pestat] (25, 50, 75) percentile: (230, 497, 1297)
[M::mem_pestat] low and high boundaries for computing mean and std.dev: (1, 3431)
[M::mem_pestat] mean and std.dev: (876.66, 1001.34)
[M::mem_pestat] low and high boundaries for proper pairs: (1, 4882)
[M::mem_pestat] skip orientation FF
[M::mem_pestat] skip orientation RF
[M::mem_pestat] skip orientation RR
[M::process] read 1066668 sequences (160000200 bp)...
[M::mem_process_seqs] Processed 1066668 reads in 747.265 CPU sec, 48.220 real sec
[M::mem_pestat] # candidate unique pairs for (FF, FR, RF, RR): (39, 230977, 79, 36)
[M::mem_pestat] analyzing insert size distribution for orientation FF...
[M::mem_pestat] (25, 50, 75) percentile: (329, 432, 1277)
[M::mem_pestat] low and high boundaries for computing mean and std.dev: (1, 3173)
[M::mem_pestat] mean and std.dev: (691.66, 613.49)
[M::mem_pestat] low and high boundaries for proper pairs: (1, 4121)
[M::mem_pestat] analyzing insert size distribution for orientation FR...
[M::mem_pestat] (25, 50, 75) percentile: (237, 318, 405)
[M::mem_pestat] low and high boundaries for computing mean and std.dev: (1, 741)
[M::mem_pestat] mean and std.dev: (322.36, 124.86)
[M::mem_pestat] low and high boundaries for proper pairs: (1, 909)
[M::mem_pestat] analyzing insert size distribution for orientation RF...
[M::mem_pestat] (25, 50, 75) percentile: (368, 1024, 4755)
[M::mem_pestat] low and high boundaries for computing mean and std.dev: (1, 13529)
[M::mem_pestat] mean and std.dev: (2613.28, 2761.51)
[M::mem_pestat] low and high boundaries for proper pairs: (1, 17916)
[M::mem_pestat] analyzing insert size distribution for orientation RR...
[M::mem_pestat] (25, 50, 75) percentile: (248, 426, 1691)
[M::mem_pestat] low and high boundaries for computing mean and std.dev: (1, 4577)
[M::mem_pestat] mean and std.dev: (693.38, 739.45)
[M::mem_pestat] low and high boundaries for proper pairs: (1, 6020)
[M::mem_pestat] skip orientation FF
[M::mem_pestat] skip orientation RF
[M::mem_pestat] skip orientation RR
[M::process] read 1066668 sequences (160000200 bp)...
[M::mem_process_seqs] Processed 1066668 reads in 748.005 CPU sec, 48.326 real sec
[M::mem_pestat] # candidate unique pairs for (FF, FR, RF, RR): (39, 231136, 75, 28)
[M::mem_pestat] analyzing insert size distribution for orientation FF...
[M::mem_pestat] (25, 50, 75) percentile: (290, 455, 1384)
[M::mem_pestat] low and high boundaries for computing mean and std.dev: (1, 3572)
[M::mem_pestat] mean and std.dev: (805.61, 695.04)
[M::mem_pestat] low and high boundaries for proper pairs: (1, 4666)
[M::mem_pestat] analyzing insert size distribution for orientation FR...
[M::mem_pestat] (25, 50, 75) percentile: (235, 316, 404)
[M::mem_pestat] low and high boundaries for computing mean and std.dev: (1, 742)
[M::mem_pestat] mean and std.dev: (321.22, 125.74)
[M::mem_pestat] low and high boundaries for proper pairs: (1, 911)
[M::mem_pestat] analyzing insert size distribution for orientation RF...
[M::mem_pestat] (25, 50, 75) percentile: (303, 1106, 2724)
[M::mem_pestat] low and high boundaries for computing mean and std.dev: (1, 7566)
[M::mem_pestat] mean and std.dev: (1494.45, 1628.52)
[M::mem_pestat] low and high boundaries for proper pairs: (1, 9987)
[M::mem_pestat] analyzing insert size distribution for orientation RR...
[M::mem_pestat] (25, 50, 75) percentile: (248, 526, 3095)
[M::mem_pestat] low and high boundaries for computing mean and std.dev: (1, 8789)
[M::mem_pestat] mean and std.dev: (1409.56, 1860.54)
[M::mem_pestat] low and high boundaries for proper pairs: (1, 11636)
[M::mem_pestat] skip orientation FF
[M::mem_pestat] skip orientation RF
[M::mem_pestat] skip orientation RR
[M::process] read 1066668 sequences (160000200 bp)...
[M::mem_process_seqs] Processed 1066668 reads in 753.064 CPU sec, 48.516 real sec
[M::mem_pestat] # candidate unique pairs for (FF, FR, RF, RR): (45, 231184, 60, 25)
[M::mem_pestat] analyzing insert size distribution for orientation FF...
[M::mem_pestat] (25, 50, 75) percentile: (305, 555, 1959)
[M::mem_pestat] low and high boundaries for computing mean and std.dev: (1, 5267)
[M::mem_pestat] mean and std.dev: (861.24, 914.83)
[M::mem_pestat] low and high boundaries for proper pairs: (1, 6921)
[M::mem_pestat] analyzing insert size distribution for orientation FR...
[M::mem_pestat] (25, 50, 75) percentile: (235, 316, 403)
[M::mem_pestat] low and high boundaries for computing mean and std.dev: (1, 739)
[M::mem_pestat] mean and std.dev: (320.76, 124.78)
[M::mem_pestat] low and high boundaries for proper pairs: (1, 907)
[M::mem_pestat] analyzing insert size distribution for orientation RF...
[M::mem_pestat] (25, 50, 75) percentile: (218, 1136, 2601)
[M::mem_pestat] low and high boundaries for computing mean and std.dev: (1, 7367)
[M::mem_pestat] mean and std.dev: (1334.17, 1658.86)
[M::mem_pestat] low and high boundaries for proper pairs: (1, 9750)
[M::mem_pestat] analyzing insert size distribution for orientation RR...
[M::mem_pestat] (25, 50, 75) percentile: (236, 363, 1202)
[M::mem_pestat] low and high boundaries for computing mean and std.dev: (1, 3134)
[M::mem_pestat] mean and std.dev: (547.73, 466.11)
[M::mem_pestat] low and high boundaries for proper pairs: (1, 4100)
[M::mem_pestat] skip orientation FF
[M::mem_pestat] skip orientation RF
[M::mem_pestat] skip orientation RR
[M::process] read 1066668 sequences (160000200 bp)...
[M::mem_process_seqs] Processed 1066668 reads in 754.012 CPU sec, 48.637 real sec
[M::mem_pestat] # candidate unique pairs for (FF, FR, RF, RR): (48, 230365, 73, 29)
[M::mem_pestat] analyzing insert size distribution for orientation FF...
[M::mem_pestat] (25, 50, 75) percentile: (210, 356, 694)
[M::mem_pestat] low and high boundaries for computing mean and std.dev: (1, 1662)
[M::mem_pestat] mean and std.dev: (419.73, 309.55)
[M::mem_pestat] low and high boundaries for proper pairs: (1, 2146)
[M::mem_pestat] analyzing insert size distribution for orientation FR...
[M::mem_pestat] (25, 50, 75) percentile: (236, 317, 405)
[M::mem_pestat] low and high boundaries for computing mean and std.dev: (1, 743)
[M::mem_pestat] mean and std.dev: (321.57, 125.51)
[M::mem_pestat] low and high boundaries for proper pairs: (1, 912)
[M::mem_pestat] analyzing insert size distribution for orientation RF...
[M::mem_pestat] (25, 50, 75) percentile: (173, 694, 2116)
[M::mem_pestat] low and high boundaries for computing mean and std.dev: (1, 6002)
[M::mem_pestat] mean and std.dev: (1136.75, 1451.02)
[M::mem_pestat] low and high boundaries for proper pairs: (1, 7945)
[M::mem_pestat] analyzing insert size distribution for orientation RR...
[M::mem_pestat] (25, 50, 75) percentile: (438, 952, 1518)
[M::mem_pestat] low and high boundaries for computing mean and std.dev: (1, 3678)
[M::mem_pestat] mean and std.dev: (944.15, 709.14)
[M::mem_pestat] low and high boundaries for proper pairs: (1, 4758)
[M::mem_pestat] skip orientation FF
[M::mem_pestat] skip orientation RF
[M::mem_pestat] skip orientation RR
[M::process] read 1066668 sequences (160000200 bp)...
[M::mem_process_seqs] Processed 1066668 reads in 750.949 CPU sec, 48.385 real sec
[M::mem_pestat] # candidate unique pairs for (FF, FR, RF, RR): (27, 230582, 62, 19)
[M::mem_pestat] analyzing insert size distribution for orientation FF...
[M::mem_pestat] (25, 50, 75) percentile: (221, 528, 2903)
[M::mem_pestat] low and high boundaries for computing mean and std.dev: (1, 8267)
[M::mem_pestat] mean and std.dev: (1952.78, 2576.75)
[M::mem_pestat] low and high boundaries for proper pairs: (1, 12260)
[M::mem_pestat] analyzing insert size distribution for orientation FR...
[M::mem_pestat] (25, 50, 75) percentile: (240, 323, 409)
[M::mem_pestat] low and high boundaries for computing mean and std.dev: (1, 747)
[M::mem_pestat] mean and std.dev: (325.63, 125.68)
[M::mem_pestat] low and high boundaries for proper pairs: (1, 916)
[M::mem_pestat] analyzing insert size distribution for orientation RF...
[M::mem_pestat] (25, 50, 75) percentile: (192, 2087, 4715)
[M::mem_pestat] low and high boundaries for computing mean and std.dev: (1, 13761)
[M::mem_pestat] mean and std.dev: (3030.71, 3228.74)
[M::mem_pestat] low and high boundaries for proper pairs: (1, 18284)
[M::mem_pestat] analyzing insert size distribution for orientation RR...
[M::mem_pestat] (25, 50, 75) percentile: (144, 364, 2135)
[M::mem_pestat] low and high boundaries for computing mean and std.dev: (1, 6117)
[M::mem_pestat] mean and std.dev: (649.31, 931.28)
[M::mem_pestat] low and high boundaries for proper pairs: (1, 8108)
[M::mem_pestat] skip orientation FF
[M::mem_pestat] skip orientation RF
[M::mem_pestat] skip orientation RR
[M::process] read 1066668 sequences (160000200 bp)...
[M::mem_process_seqs] Processed 1066668 reads in 735.921 CPU sec, 47.575 real sec
[M::mem_pestat] # candidate unique pairs for (FF, FR, RF, RR): (27, 230613, 60, 28)
[M::mem_pestat] analyzing insert size distribution for orientation FF...
[M::mem_pestat] (25, 50, 75) percentile: (259, 440, 1725)
[M::mem_pestat] low and high boundaries for computing mean and std.dev: (1, 4657)
[M::mem_pestat] mean and std.dev: (645.91, 760.45)
[M::mem_pestat] low and high boundaries for proper pairs: (1, 6123)
[M::mem_pestat] analyzing insert size distribution for orientation FR...
[M::mem_pestat] (25, 50, 75) percentile: (237, 318, 403)
[M::mem_pestat] low and high boundaries for computing mean and std.dev: (1, 735)
[M::mem_pestat] mean and std.dev: (321.06, 123.61)
[M::mem_pestat] low and high boundaries for proper pairs: (1, 901)
[M::mem_pestat] analyzing insert size distribution for orientation RF...
[M::mem_pestat] (25, 50, 75) percentile: (206, 1348, 3699)
[M::mem_pestat] low and high boundaries for computing mean and std.dev: (1, 10685)
[M::mem_pestat] mean and std.dev: (2268.40, 2473.46)
[M::mem_pestat] low and high boundaries for proper pairs: (1, 14178)
[M::mem_pestat] analyzing insert size distribution for orientation RR...
[M::mem_pestat] (25, 50, 75) percentile: (342, 576, 721)
[M::mem_pestat] low and high boundaries for computing mean and std.dev: (1, 1479)
[M::mem_pestat] mean and std.dev: (529.32, 264.31)
[M::mem_pestat] low and high boundaries for proper pairs: (1, 1858)
[M::mem_pestat] skip orientation FF
[M::mem_pestat] skip orientation RF
[M::mem_pestat] skip orientation RR
[M::process] read 1066668 sequences (160000200 bp)...
[M::mem_process_seqs] Processed 1066668 reads in 759.045 CPU sec, 48.921 real sec
[M::mem_pestat] # candidate unique pairs for (FF, FR, RF, RR): (34, 231695, 73, 30)
[M::mem_pestat] analyzing insert size distribution for orientation FF...
[M::mem_pestat] (25, 50, 75) percentile: (281, 505, 1138)
[M::mem_pestat] low and high boundaries for computing mean and std.dev: (1, 2852)
[M::mem_pestat] mean and std.dev: (782.65, 619.73)
[M::mem_pestat] low and high boundaries for proper pairs: (1, 3709)
[M::mem_pestat] analyzing insert size distribution for orientation FR...
[M::mem_pestat] (25, 50, 75) percentile: (240, 322, 410)
[M::mem_pestat] low and high boundaries for computing mean and std.dev: (1, 750)
[M::mem_pestat] mean and std.dev: (326.19, 126.67)
[M::mem_pestat] low and high boundaries for proper pairs: (1, 920)
[M::mem_pestat] analyzing insert size distribution for orientation RF...
[M::mem_pestat] (25, 50, 75) percentile: (241, 1048, 4774)
[M::mem_pestat] low and high boundaries for computing mean and std.dev: (1, 13840)
[M::mem_pestat] mean and std.dev: (2464.22, 2604.97)
[M::mem_pestat] low and high boundaries for proper pairs: (1, 18373)
[M::mem_pestat] analyzing insert size distribution for orientation RR...
[M::mem_pestat] (25, 50, 75) percentile: (198, 302, 830)
[M::mem_pestat] low and high boundaries for computing mean and std.dev: (1, 2094)
[M::mem_pestat] mean and std.dev: (362.80, 305.82)
[M::mem_pestat] low and high boundaries for proper pairs: (1, 2726)
[M::mem_pestat] skip orientation FF
[M::mem_pestat] skip orientation RF
[M::mem_pestat] skip orientation RR
[M::process] read 1066668 sequences (160000200 bp)...
[M::mem_process_seqs] Processed 1066668 reads in 747.541 CPU sec, 48.138 real sec
[M::mem_pestat] # candidate unique pairs for (FF, FR, RF, RR): (32, 231161, 83, 27)
[M::mem_pestat] analyzing insert size distribution for orientation FF...
[M::mem_pestat] (25, 50, 75) percentile: (205, 1037, 3071)
[M::mem_pestat] low and high boundaries for computing mean and std.dev: (1, 8803)
[M::mem_pestat] mean and std.dev: (1625.84, 1755.45)
[M::mem_pestat] low and high boundaries for proper pairs: (1, 11669)
[M::mem_pestat] analyzing insert size distribution for orientation FR...
[M::mem_pestat] (25, 50, 75) percentile: (237, 318, 405)
[M::mem_pestat] low and high boundaries for computing mean and std.dev: (1, 741)
[M::mem_pestat] mean and std.dev: (322.14, 125.27)
[M::mem_pestat] low and high boundaries for proper pairs: (1, 909)
[M::mem_pestat] analyzing insert size distribution for orientation RF...
[M::mem_pestat] (25, 50, 75) percentile: (178, 507, 1867)
[M::mem_pestat] low and high boundaries for computing mean and std.dev: (1, 5245)
[M::mem_pestat] mean and std.dev: (631.88, 745.06)
[M::mem_pestat] low and high boundaries for proper pairs: (1, 6934)
[M::mem_pestat] analyzing insert size distribution for orientation RR...
[M::mem_pestat] (25, 50, 75) percentile: (202, 303, 1978)
[M::mem_pestat] low and high boundaries for computing mean and std.dev: (1, 5530)
[M::mem_pestat] mean and std.dev: (1016.35, 1369.61)
[M::mem_pestat] low and high boundaries for proper pairs: (1, 7306)
[M::mem_pestat] skip orientation FF
[M::mem_pestat] skip orientation RF
[M::mem_pestat] skip orientation RR
[M::process] read 1066668 sequences (160000200 bp)...
[M::mem_process_seqs] Processed 1066668 reads in 752.435 CPU sec, 48.408 real sec
[M::mem_pestat] # candidate unique pairs for (FF, FR, RF, RR): (32, 230626, 77, 25)
[M::mem_pestat] analyzing insert size distribution for orientation FF...
[M::mem_pestat] (25, 50, 75) percentile: (362, 586, 3984)
[M::mem_pestat] low and high boundaries for computing mean and std.dev: (1, 11228)
[M::mem_pestat] mean and std.dev: (2047.41, 2477.77)
[M::mem_pestat] low and high boundaries for proper pairs: (1, 14850)
[M::mem_pestat] analyzing insert size distribution for orientation FR...
[M::mem_pestat] (25, 50, 75) percentile: (236, 315, 402)
[M::mem_pestat] low and high boundaries for computing mean and std.dev: (1, 734)
[M::mem_pestat] mean and std.dev: (320.24, 123.90)
[M::mem_pestat] low and high boundaries for proper pairs: (1, 900)
[M::mem_pestat] analyzing insert size distribution for orientation RF...
[M::mem_pestat] (25, 50, 75) percentile: (394, 1176, 4021)
[M::mem_pestat] low and high boundaries for computing mean and std.dev: (1, 11275)
[M::mem_pestat] mean and std.dev: (2451.92, 2851.35)
[M::mem_pestat] low and high boundaries for proper pairs: (1, 14902)
[M::mem_pestat] analyzing insert size distribution for orientation RR...
[M::mem_pestat] (25, 50, 75) percentile: (207, 437, 1687)
[M::mem_pestat] low and high boundaries for computing mean and std.dev: (1, 4647)
[M::mem_pestat] mean and std.dev: (850.78, 827.66)
[M::mem_pestat] low and high boundaries for proper pairs: (1, 6127)
[M::mem_pestat] skip orientation FF
[M::mem_pestat] skip orientation RF
[M::mem_pestat] skip orientation RR
[M::process] read 1066668 sequences (160000200 bp)...
[M::mem_process_seqs] Processed 1066668 reads in 752.972 CPU sec, 48.467 real sec
[M::mem_pestat] # candidate unique pairs for (FF, FR, RF, RR): (21, 230529, 72, 35)
[M::mem_pestat] analyzing insert size distribution for orientation FF...
[M::mem_pestat] (25, 50, 75) percentile: (190, 283, 2410)
[M::mem_pestat] low and high boundaries for computing mean and std.dev: (1, 6850)
[M::mem_pestat] mean and std.dev: (1161.14, 1551.61)
[M::mem_pestat] low and high boundaries for proper pairs: (1, 9070)
[M::mem_pestat] analyzing insert size distribution for orientation FR...
[M::mem_pestat] (25, 50, 75) percentile: (234, 315, 403)
[M::mem_pestat] low and high boundaries for computing mean and std.dev: (1, 741)
[M::mem_pestat] mean and std.dev: (320.16, 125.34)
[M::mem_pestat] low and high boundaries for proper pairs: (1, 910)
[M::mem_pestat] analyzing insert size distribution for orientation RF...
[M::mem_pestat] (25, 50, 75) percentile: (195, 443, 2119)
[M::mem_pestat] low and high boundaries for computing mean and std.dev: (1, 5967)
[M::mem_pestat] mean and std.dev: (708.75, 921.55)
[M::mem_pestat] low and high boundaries for proper pairs: (1, 7891)
[M::mem_pestat] analyzing insert size distribution for orientation RR...
[M::mem_pestat] (25, 50, 75) percentile: (387, 699, 1652)
[M::mem_pestat] low and high boundaries for computing mean and std.dev: (1, 4182)
[M::mem_pestat] mean and std.dev: (716.37, 511.83)
[M::mem_pestat] low and high boundaries for proper pairs: (1, 5447)
[M::mem_pestat] skip orientation FF
[M::mem_pestat] skip orientation RF
[M::mem_pestat] skip orientation RR
[M::process] read 1066668 sequences (160000200 bp)...
[M::mem_process_seqs] Processed 1066668 reads in 762.095 CPU sec, 49.128 real sec
[M::mem_pestat] # candidate unique pairs for (FF, FR, RF, RR): (29, 230937, 80, 25)
[M::mem_pestat] analyzing insert size distribution for orientation FF...
[M::mem_pestat] (25, 50, 75) percentile: (343, 762, 2949)
[M::mem_pestat] low and high boundaries for computing mean and std.dev: (1, 8161)
[M::mem_pestat] mean and std.dev: (1685.82, 1787.84)
[M::mem_pestat] low and high boundaries for proper pairs: (1, 10767)
[M::mem_pestat] analyzing insert size distribution for orientation FR...
[M::mem_pestat] (25, 50, 75) percentile: (233, 314, 401)
[M::mem_pestat] low and high boundaries for computing mean and std.dev: (1, 737)
[M::mem_pestat] mean and std.dev: (318.61, 124.76)
[M::mem_pestat] low and high boundaries for proper pairs: (1, 905)
[M::mem_pestat] analyzing insert size distribution for orientation RF...
[M::mem_pestat] (25, 50, 75) percentile: (189, 1328, 5313)
[M::mem_pestat] low and high boundaries for computing mean and std.dev: (1, 15561)
[M::mem_pestat] mean and std.dev: (2820.36, 3296.30)
[M::mem_pestat] low and high boundaries for proper pairs: (1, 20685)
[M::mem_pestat] analyzing insert size distribution for orientation RR...
[M::mem_pestat] (25, 50, 75) percentile: (155, 329, 532)
[M::mem_pestat] low and high boundaries for computing mean and std.dev: (1, 1286)
[M::mem_pestat] mean and std.dev: (304.52, 197.51)
[M::mem_pestat] low and high boundaries for proper pairs: (1, 1663)
[M::mem_pestat] skip orientation FF
[M::mem_pestat] skip orientation RF
[M::mem_pestat] skip orientation RR
[M::process] read 1066668 sequences (160000200 bp)...
[M::mem_process_seqs] Processed 1066668 reads in 773.802 CPU sec, 49.938 real sec
[M::mem_pestat] # candidate unique pairs for (FF, FR, RF, RR): (37, 228999, 78, 26)
[M::mem_pestat] analyzing insert size distribution for orientation FF...
[M::mem_pestat] (25, 50, 75) percentile: (171, 295, 506)
[M::mem_pestat] low and high boundaries for computing mean and std.dev: (1, 1176)
[M::mem_pestat] mean and std.dev: (325.24, 217.58)
[M::mem_pestat] low and high boundaries for proper pairs: (1, 1511)
[M::mem_pestat] analyzing insert size distribution for orientation FR...
[M::mem_pestat] (25, 50, 75) percentile: (237, 323, 417)
[M::mem_pestat] low and high boundaries for computing mean and std.dev: (1, 777)
[M::mem_pestat] mean and std.dev: (328.56, 131.23)
[M::mem_pestat] low and high boundaries for proper pairs: (1, 957)
[M::mem_pestat] analyzing insert size distribution for orientation RF...
[M::mem_pestat] (25, 50, 75) percentile: (146, 838, 4716)
[M::mem_pestat] low and high boundaries for computing mean and std.dev: (1, 13856)
[M::mem_pestat] mean and std.dev: (2648.37, 3110.29)
[M::mem_pestat] low and high boundaries for proper pairs: (1, 18426)
[M::mem_pestat] analyzing insert size distribution for orientation RR...
[M::mem_pestat] (25, 50, 75) percentile: (337, 1055, 2115)
[M::mem_pestat] low and high boundaries for computing mean and std.dev: (1, 5671)
[M::mem_pestat] mean and std.dev: (1354.04, 1266.44)
[M::mem_pestat] low and high boundaries for proper pairs: (1, 7449)
[M::mem_pestat] skip orientation FF
[M::mem_pestat] skip orientation RF
[M::mem_pestat] skip orientation RR
[M::process] read 1066668 sequences (160000200 bp)...
[M::mem_process_seqs] Processed 1066668 reads in 799.743 CPU sec, 51.619 real sec
[M::mem_pestat] # candidate unique pairs for (FF, FR, RF, RR): (36, 228245, 66, 37)
[M::mem_pestat] analyzing insert size distribution for orientation FF...
[M::mem_pestat] (25, 50, 75) percentile: (228, 775, 1746)
[M::mem_pestat] low and high boundaries for computing mean and std.dev: (1, 4782)
[M::mem_pestat] mean and std.dev: (1079.57, 1081.76)
[M::mem_pestat] low and high boundaries for proper pairs: (1, 6300)
[M::mem_pestat] analyzing insert size distribution for orientation FR...
[M::mem_pestat] (25, 50, 75) percentile: (243, 331, 430)
[M::mem_pestat] low and high boundaries for computing mean and std.dev: (1, 804)
[M::mem_pestat] mean and std.dev: (337.56, 135.40)
[M::mem_pestat] low and high boundaries for proper pairs: (1, 991)
[M::mem_pestat] analyzing insert size distribution for orientation RF...
[M::mem_pestat] (25, 50, 75) percentile: (447, 1275, 5070)
[M::mem_pestat] low and high boundaries for computing mean and std.dev: (1, 14316)
[M::mem_pestat] mean and std.dev: (2931.48, 3117.91)
[M::mem_pestat] low and high boundaries for proper pairs: (1, 18939)
[M::mem_pestat] analyzing insert size distribution for orientation RR...
[M::mem_pestat] (25, 50, 75) percentile: (372, 415, 2307)
[M::mem_pestat] low and high boundaries for computing mean and std.dev: (1, 6177)
[M::mem_pestat] mean and std.dev: (1089.76, 1135.60)
[M::mem_pestat] low and high boundaries for proper pairs: (1, 8112)
[M::mem_pestat] skip orientation FF
[M::mem_pestat] skip orientation RF
[M::mem_pestat] skip orientation RR
[M::process] read 1066668 sequences (160000200 bp)...
[M::mem_process_seqs] Processed 1066668 reads in 792.352 CPU sec, 51.116 real sec
[M::mem_pestat] # candidate unique pairs for (FF, FR, RF, RR): (41, 230192, 76, 28)
[M::mem_pestat] analyzing insert size distribution for orientation FF...
[M::mem_pestat] (25, 50, 75) percentile: (341, 554, 1766)
[M::mem_pestat] low and high boundaries for computing mean and std.dev: (1, 4616)
[M::mem_pestat] mean and std.dev: (733.26, 901.53)
[M::mem_pestat] low and high boundaries for proper pairs: (1, 6041)
[M::mem_pestat] analyzing insert size distribution for orientation FR...
[M::mem_pestat] (25, 50, 75) percentile: (238, 324, 419)
[M::mem_pestat] low and high boundaries for computing mean and std.dev: (1, 781)
[M::mem_pestat] mean and std.dev: (329.99, 131.64)
[M::mem_pestat] low and high boundaries for proper pairs: (1, 962)
[M::mem_pestat] analyzing insert size distribution for orientation RF...
[M::mem_pestat] (25, 50, 75) percentile: (148, 595, 3352)
[M::mem_pestat] low and high boundaries for computing mean and std.dev: (1, 9760)
[M::mem_pestat] mean and std.dev: (1641.05, 2120.01)
[M::mem_pestat] low and high boundaries for proper pairs: (1, 12964)
[M::mem_pestat] analyzing insert size distribution for orientation RR...
[M::mem_pestat] (25, 50, 75) percentile: (269, 406, 1588)
[M::mem_pestat] low and high boundaries for computing mean and std.dev: (1, 4226)
[M::mem_pestat] mean and std.dev: (1011.07, 1214.81)
[M::mem_pestat] low and high boundaries for proper pairs: (1, 5870)
[M::mem_pestat] skip orientation FF
[M::mem_pestat] skip orientation RF
[M::mem_pestat] skip orientation RR
[M::process] read 1066668 sequences (160000200 bp)...
[M::mem_process_seqs] Processed 1066668 reads in 788.004 CPU sec, 50.803 real sec
[M::mem_pestat] # candidate unique pairs for (FF, FR, RF, RR): (32, 229833, 52, 34)
[M::mem_pestat] analyzing insert size distribution for orientation FF...
[M::mem_pestat] (25, 50, 75) percentile: (254, 327, 1526)
[M::mem_pestat] low and high boundaries for computing mean and std.dev: (1, 4070)
[M::mem_pestat] mean and std.dev: (560.46, 577.27)
[M::mem_pestat] low and high boundaries for proper pairs: (1, 5342)
[M::mem_pestat] analyzing insert size distribution for orientation FR...
[M::mem_pestat] (25, 50, 75) percentile: (236, 321, 415)
[M::mem_pestat] low and high boundaries for computing mean and std.dev: (1, 773)
[M::mem_pestat] mean and std.dev: (327.55, 131.29)
[M::mem_pestat] low and high boundaries for proper pairs: (1, 952)
[M::mem_pestat] analyzing insert size distribution for orientation RF...
[M::mem_pestat] (25, 50, 75) percentile: (338, 2142, 5242)
[M::mem_pestat] low and high boundaries for computing mean and std.dev: (1, 15050)
[M::mem_pestat] mean and std.dev: (3086.54, 2979.12)
[M::mem_pestat] low and high boundaries for proper pairs: (1, 19954)
[M::mem_pestat] analyzing insert size distribution for orientation RR...
[M::mem_pestat] (25, 50, 75) percentile: (369, 1292, 2747)
[M::mem_pestat] low and high boundaries for computing mean and std.dev: (1, 7503)
[M::mem_pestat] mean and std.dev: (1625.81, 1684.68)
[M::mem_pestat] low and high boundaries for proper pairs: (1, 9881)
[M::mem_pestat] skip orientation FF
[M::mem_pestat] skip orientation RF
[M::mem_pestat] skip orientation RR
[M::process] read 1066668 sequences (160000200 bp)...
[M::mem_process_seqs] Processed 1066668 reads in 792.042 CPU sec, 51.078 real sec
[M::mem_pestat] # candidate unique pairs for (FF, FR, RF, RR): (34, 229538, 80, 29)
[M::mem_pestat] analyzing insert size distribution for orientation FF...
[M::mem_pestat] (25, 50, 75) percentile: (96, 294, 417)
[M::mem_pestat] low and high boundaries for computing mean and std.dev: (1, 1059)
[M::mem_pestat] mean and std.dev: (240.70, 165.96)
[M::mem_pestat] low and high boundaries for proper pairs: (1, 1380)
[M::mem_pestat] analyzing insert size distribution for orientation FR...
[M::mem_pestat] (25, 50, 75) percentile: (238, 321, 414)
[M::mem_pestat] low and high boundaries for computing mean and std.dev: (1, 766)
[M::mem_pestat] mean and std.dev: (326.99, 129.60)
[M::mem_pestat] low and high boundaries for proper pairs: (1, 942)
[M::mem_pestat] analyzing insert size distribution for orientation RF...
[M::mem_pestat] (25, 50, 75) percentile: (426, 1054, 5044)
[M::mem_pestat] low and high boundaries for computing mean and std.dev: (1, 14280)
[M::mem_pestat] mean and std.dev: (2655.20, 3100.98)
[M::mem_pestat] low and high boundaries for proper pairs: (1, 18898)
[M::mem_pestat] analyzing insert size distribution for orientation RR...
[M::mem_pestat] (25, 50, 75) percentile: (188, 328, 2747)
[M::mem_pestat] low and high boundaries for computing mean and std.dev: (1, 7865)
[M::mem_pestat] mean and std.dev: (1031.81, 1259.79)
[M::mem_pestat] low and high boundaries for proper pairs: (1, 10424)
[M::mem_pestat] skip orientation FF
[M::mem_pestat] skip orientation RF
[M::mem_pestat] skip orientation RR
[M::process] read 1066668 sequences (160000200 bp)...
[M::mem_process_seqs] Processed 1066668 reads in 782.912 CPU sec, 56.992 real sec
[M::mem_pestat] # candidate unique pairs for (FF, FR, RF, RR): (34, 230104, 66, 36)
[M::mem_pestat] analyzing insert size distribution for orientation FF...
[M::mem_pestat] (25, 50, 75) percentile: (280, 894, 1248)
[M::mem_pestat] low and high boundaries for computing mean and std.dev: (1, 3184)
[M::mem_pestat] mean and std.dev: (870.06, 582.08)
[M::mem_pestat] low and high boundaries for proper pairs: (1, 4152)
[M::mem_pestat] analyzing insert size distribution for orientation FR...
[M::mem_pestat] (25, 50, 75) percentile: (240, 322, 414)
[M::mem_pestat] low and high boundaries for computing mean and std.dev: (1, 762)
[M::mem_pestat] mean and std.dev: (328.29, 128.59)
[M::mem_pestat] low and high boundaries for proper pairs: (1, 936)
[M::mem_pestat] analyzing insert size distribution for orientation RF...
[M::mem_pestat] (25, 50, 75) percentile: (128, 1081, 3143)
[M::mem_pestat] low and high boundaries for computing mean and std.dev: (1, 9173)
[M::mem_pestat] mean and std.dev: (1866.09, 2095.27)
[M::mem_pestat] low and high boundaries for proper pairs: (1, 12188)
[M::mem_pestat] analyzing insert size distribution for orientation RR...
[M::mem_pestat] (25, 50, 75) percentile: (241, 673, 1547)
[M::mem_pestat] low and high boundaries for computing mean and std.dev: (1, 4159)
[M::mem_pestat] mean and std.dev: (789.59, 688.17)
[M::mem_pestat] low and high boundaries for proper pairs: (1, 5465)
[M::mem_pestat] skip orientation FF
[M::mem_pestat] skip orientation RF
[M::mem_pestat] skip orientation RR
[M::process] read 1066668 sequences (160000200 bp)...
[M::mem_process_seqs] Processed 1066668 reads in 768.323 CPU sec, 49.490 real sec
[M::mem_pestat] # candidate unique pairs for (FF, FR, RF, RR): (38, 230139, 72, 36)
[M::mem_pestat] analyzing insert size distribution for orientation FF...
[M::mem_pestat] (25, 50, 75) percentile: (220, 335, 1417)
[M::mem_pestat] low and high boundaries for computing mean and std.dev: (1, 3811)
[M::mem_pestat] mean and std.dev: (521.53, 544.64)
[M::mem_pestat] low and high boundaries for proper pairs: (1, 5008)
[M::mem_pestat] analyzing insert size distribution for orientation FR...
[M::mem_pestat] (25, 50, 75) percentile: (240, 322, 413)
[M::mem_pestat] low and high boundaries for computing mean and std.dev: (1, 759)
[M::mem_pestat] mean and std.dev: (327.89, 128.21)
[M::mem_pestat] low and high boundaries for proper pairs: (1, 932)
[M::mem_pestat] analyzing insert size distribution for orientation RF...
[M::mem_pestat] (25, 50, 75) percentile: (237, 964, 3892)
[M::mem_pestat] low and high boundaries for computing mean and std.dev: (1, 11202)
[M::mem_pestat] mean and std.dev: (2456.83, 2948.33)
[M::mem_pestat] low and high boundaries for proper pairs: (1, 14857)
[M::mem_pestat] analyzing insert size distribution for orientation RR...
[M::mem_pestat] (25, 50, 75) percentile: (226, 432, 1105)
[M::mem_pestat] low and high boundaries for computing mean and std.dev: (1, 2863)
[M::mem_pestat] mean and std.dev: (577.52, 579.15)
[M::mem_pestat] low and high boundaries for proper pairs: (1, 3742)
[M::mem_pestat] skip orientation FF
[M::mem_pestat] skip orientation RF
[M::mem_pestat] skip orientation RR
[M::process] read 1066668 sequences (160000200 bp)...
[M::mem_process_seqs] Processed 1066668 reads in 767.307 CPU sec, 49.526 real sec
[M::mem_pestat] # candidate unique pairs for (FF, FR, RF, RR): (31, 230436, 73, 36)
[M::mem_pestat] analyzing insert size distribution for orientation FF...
[M::mem_pestat] (25, 50, 75) percentile: (311, 575, 1998)
[M::mem_pestat] low and high boundaries for computing mean and std.dev: (1, 5372)
[M::mem_pestat] mean and std.dev: (659.54, 608.74)
[M::mem_pestat] low and high boundaries for proper pairs: (1, 7059)
[M::mem_pestat] analyzing insert size distribution for orientation FR...
[M::mem_pestat] (25, 50, 75) percentile: (239, 321, 411)
[M::mem_pestat] low and high boundaries for computing mean and std.dev: (1, 755)
[M::mem_pestat] mean and std.dev: (326.85, 128.36)
[M::mem_pestat] low and high boundaries for proper pairs: (1, 927)
[M::mem_pestat] analyzing insert size distribution for orientation RF...
[M::mem_pestat] (25, 50, 75) percentile: (378, 929, 3669)
[M::mem_pestat] low and high boundaries for computing mean and std.dev: (1, 10251)
[M::mem_pestat] mean and std.dev: (2686.86, 3194.41)
[M::mem_pestat] low and high boundaries for proper pairs: (1, 15465)
[M::mem_pestat] analyzing insert size distribution for orientation RR...
[M::mem_pestat] (25, 50, 75) percentile: (169, 350, 676)
[M::mem_pestat] low and high boundaries for computing mean and std.dev: (1, 1690)
[M::mem_pestat] mean and std.dev: (324.70, 238.79)
[M::mem_pestat] low and high boundaries for proper pairs: (1, 2197)
[M::mem_pestat] skip orientation FF
[M::mem_pestat] skip orientation RF
[M::mem_pestat] skip orientation RR
[M::process] read 1066668 sequences (160000200 bp)...
[M::mem_process_seqs] Processed 1066668 reads in 793.154 CPU sec, 51.195 real sec
[M::mem_pestat] # candidate unique pairs for (FF, FR, RF, RR): (31, 227742, 81, 40)
[M::mem_pestat] analyzing insert size distribution for orientation FF...
[M::mem_pestat] (25, 50, 75) percentile: (250, 412, 2723)
[M::mem_pestat] low and high boundaries for computing mean and std.dev: (1, 7669)
[M::mem_pestat] mean and std.dev: (1099.31, 1647.87)
[M::mem_pestat] low and high boundaries for proper pairs: (1, 10142)
[M::mem_pestat] analyzing insert size distribution for orientation FR...
[M::mem_pestat] (25, 50, 75) percentile: (232, 319, 416)
[M::mem_pestat] low and high boundaries for computing mean and std.dev: (1, 784)
[M::mem_pestat] mean and std.dev: (326.57, 134.64)
[M::mem_pestat] low and high boundaries for proper pairs: (1, 968)
[M::mem_pestat] analyzing insert size distribution for orientation RF...
[M::mem_pestat] (25, 50, 75) percentile: (396, 1824, 6222)
[M::mem_pestat] low and high boundaries for computing mean and std.dev: (1, 17874)
[M::mem_pestat] mean and std.dev: (3165.58, 3247.42)
[M::mem_pestat] low and high boundaries for proper pairs: (1, 23700)
[M::mem_pestat] analyzing insert size distribution for orientation RR...
[M::mem_pestat] (25, 50, 75) percentile: (328, 490, 1068)
[M::mem_pestat] low and high boundaries for computing mean and std.dev: (1, 2548)
[M::mem_pestat] mean and std.dev: (510.31, 364.35)
[M::mem_pestat] low and high boundaries for proper pairs: (1, 3288)
[M::mem_pestat] skip orientation FF
[M::mem_pestat] skip orientation RF
[M::mem_pestat] skip orientation RR
[M::process] read 1066668 sequences (160000200 bp)...
[M::mem_process_seqs] Processed 1066668 reads in 783.335 CPU sec, 50.618 real sec
[M::mem_pestat] # candidate unique pairs for (FF, FR, RF, RR): (45, 228956, 66, 42)
[M::mem_pestat] analyzing insert size distribution for orientation FF...
[M::mem_pestat] (25, 50, 75) percentile: (261, 368, 856)
[M::mem_pestat] low and high boundaries for computing mean and std.dev: (1, 2046)
[M::mem_pestat] mean and std.dev: (580.95, 514.98)
[M::mem_pestat] low and high boundaries for proper pairs: (1, 2641)
[M::mem_pestat] analyzing insert size distribution for orientation FR...
[M::mem_pestat] (25, 50, 75) percentile: (234, 321, 419)
[M::mem_pestat] low and high boundaries for computing mean and std.dev: (1, 789)
[M::mem_pestat] mean and std.dev: (328.67, 134.41)
[M::mem_pestat] low and high boundaries for proper pairs: (1, 974)
[M::mem_pestat] analyzing insert size distribution for orientation RF...
[M::mem_pestat] (25, 50, 75) percentile: (196, 934, 2913)
[M::mem_pestat] low and high boundaries for computing mean and std.dev: (1, 8347)
[M::mem_pestat] mean and std.dev: (1593.16, 1939.50)
[M::mem_pestat] low and high boundaries for proper pairs: (1, 11064)
[M::mem_pestat] analyzing insert size distribution for orientation RR...
[M::mem_pestat] (25, 50, 75) percentile: (273, 449, 1488)
[M::mem_pestat] low and high boundaries for computing mean and std.dev: (1, 3918)
[M::mem_pestat] mean and std.dev: (660.05, 602.30)
[M::mem_pestat] low and high boundaries for proper pairs: (1, 5133)
[M::mem_pestat] skip orientation FF
[M::mem_pestat] skip orientation RF
[M::mem_pestat] skip orientation RR
[M::process] read 1066668 sequences (160000200 bp)...
[M::mem_process_seqs] Processed 1066668 reads in 777.992 CPU sec, 50.186 real sec
[M::mem_pestat] # candidate unique pairs for (FF, FR, RF, RR): (44, 229124, 76, 34)
[M::mem_pestat] analyzing insert size distribution for orientation FF...
[M::mem_pestat] (25, 50, 75) percentile: (308, 695, 1346)
[M::mem_pestat] low and high boundaries for computing mean and std.dev: (1, 3422)
[M::mem_pestat] mean and std.dev: (764.51, 798.92)
[M::mem_pestat] low and high boundaries for proper pairs: (1, 4460)
[M::mem_pestat] analyzing insert size distribution for orientation FR...
[M::mem_pestat] (25, 50, 75) percentile: (235, 321, 419)
[M::mem_pestat] low and high boundaries for computing mean and std.dev: (1, 787)
[M::mem_pestat] mean and std.dev: (328.67, 132.98)
[M::mem_pestat] low and high boundaries for proper pairs: (1, 971)
[M::mem_pestat] analyzing insert size distribution for orientation RF...
[M::mem_pestat] (25, 50, 75) percentile: (148, 820, 5117)
[M::mem_pestat] low and high boundaries for computing mean and std.dev: (1, 15055)
[M::mem_pestat] mean and std.dev: (2562.28, 2994.41)
[M::mem_pestat] low and high boundaries for proper pairs: (1, 20024)
[M::mem_pestat] analyzing insert size distribution for orientation RR...
[M::mem_pestat] (25, 50, 75) percentile: (212, 538, 1383)
[M::mem_pestat] low and high boundaries for computing mean and std.dev: (1, 3725)
[M::mem_pestat] mean and std.dev: (860.73, 847.80)
[M::mem_pestat] low and high boundaries for proper pairs: (1, 4896)
[M::mem_pestat] skip orientation FF
[M::mem_pestat] skip orientation RF
[M::mem_pestat] skip orientation RR
[M::process] read 1066668 sequences (160000200 bp)...
[M::mem_process_seqs] Processed 1066668 reads in 774.151 CPU sec, 49.985 real sec
[M::mem_pestat] # candidate unique pairs for (FF, FR, RF, RR): (35, 229369, 87, 22)
[M::mem_pestat] analyzing insert size distribution for orientation FF...
[M::mem_pestat] (25, 50, 75) percentile: (180, 320, 840)
[M::mem_pestat] low and high boundaries for computing mean and std.dev: (1, 2160)
[M::mem_pestat] mean and std.dev: (451.16, 462.72)
[M::mem_pestat] low and high boundaries for proper pairs: (1, 2820)
[M::mem_pestat] analyzing insert size distribution for orientation FR...
[M::mem_pestat] (25, 50, 75) percentile: (235, 321, 417)
[M::mem_pestat] low and high boundaries for computing mean and std.dev: (1, 781)
[M::mem_pestat] mean and std.dev: (327.87, 132.20)
[M::mem_pestat] low and high boundaries for proper pairs: (1, 963)
[M::mem_pestat] analyzing insert size distribution for orientation RF...
[M::mem_pestat] (25, 50, 75) percentile: (264, 1188, 5483)
[M::mem_pestat] low and high boundaries for computing mean and std.dev: (1, 15921)
[M::mem_pestat] mean and std.dev: (2983.32, 3109.68)
[M::mem_pestat] low and high boundaries for proper pairs: (1, 21140)
[M::mem_pestat] analyzing insert size distribution for orientation RR...
[M::mem_pestat] (25, 50, 75) percentile: (286, 780, 4820)
[M::mem_pestat] low and high boundaries for computing mean and std.dev: (1, 13888)
[M::mem_pestat] mean and std.dev: (2527.23, 2948.57)
[M::mem_pestat] low and high boundaries for proper pairs: (1, 18422)
[M::mem_pestat] skip orientation FF
[M::mem_pestat] skip orientation RF
[M::mem_pestat] skip orientation RR
[M::process] read 1066668 sequences (160000200 bp)...
[M::mem_process_seqs] Processed 1066668 reads in 777.329 CPU sec, 50.097 real sec
[M::mem_pestat] # candidate unique pairs for (FF, FR, RF, RR): (43, 229882, 80, 24)
[M::mem_pestat] analyzing insert size distribution for orientation FF...
[M::mem_pestat] (25, 50, 75) percentile: (366, 848, 1954)
[M::mem_pestat] low and high boundaries for computing mean and std.dev: (1, 5130)
[M::mem_pestat] mean and std.dev: (1225.41, 1121.16)
[M::mem_pestat] low and high boundaries for proper pairs: (1, 6718)
[M::mem_pestat] analyzing insert size distribution for orientation FR...
[M::mem_pestat] (25, 50, 75) percentile: (240, 326, 423)
[M::mem_pestat] low and high boundaries for computing mean and std.dev: (1, 789)
[M::mem_pestat] mean and std.dev: (332.99, 133.86)
[M::mem_pestat] low and high boundaries for proper pairs: (1, 972)
[M::mem_pestat] analyzing insert size distribution for orientation RF...
[M::mem_pestat] (25, 50, 75) percentile: (137, 718, 3898)
[M::mem_pestat] low and high boundaries for computing mean and std.dev: (1, 11420)
[M::mem_pestat] mean and std.dev: (2109.74, 2600.62)
[M::mem_pestat] low and high boundaries for proper pairs: (1, 15181)
[M::mem_pestat] analyzing insert size distribution for orientation RR...
[M::mem_pestat] (25, 50, 75) percentile: (227, 331, 1511)
[M::mem_pestat] low and high boundaries for computing mean and std.dev: (1, 4079)
[M::mem_pestat] mean and std.dev: (707.21, 725.24)
[M::mem_pestat] low and high boundaries for proper pairs: (1, 5363)
[M::mem_pestat] skip orientation FF
[M::mem_pestat] skip orientation RF
[M::mem_pestat] skip orientation RR
[M::process] read 1066668 sequences (160000200 bp)...
[M::mem_process_seqs] Processed 1066668 reads in 768.909 CPU sec, 49.709 real sec
[M::mem_pestat] # candidate unique pairs for (FF, FR, RF, RR): (24, 230082, 72, 30)
[M::mem_pestat] analyzing insert size distribution for orientation FF...
[M::mem_pestat] (25, 50, 75) percentile: (124, 316, 602)
[M::mem_pestat] low and high boundaries for computing mean and std.dev: (1, 1558)
[M::mem_pestat] mean and std.dev: (315.81, 247.85)
[M::mem_pestat] low and high boundaries for proper pairs: (1, 2036)
[M::mem_pestat] analyzing insert size distribution for orientation FR...
[M::mem_pestat] (25, 50, 75) percentile: (239, 323, 418)
[M::mem_pestat] low and high boundaries for computing mean and std.dev: (1, 776)
[M::mem_pestat] mean and std.dev: (329.92, 131.57)
[M::mem_pestat] low and high boundaries for proper pairs: (1, 955)
[M::mem_pestat] analyzing insert size distribution for orientation RF...
[M::mem_pestat] (25, 50, 75) percentile: (223, 1437, 3557)
[M::mem_pestat] low and high boundaries for computing mean and std.dev: (1, 10225)
[M::mem_pestat] mean and std.dev: (2430.53, 2714.97)
[M::mem_pestat] low and high boundaries for proper pairs: (1, 13559)
[M::mem_pestat] analyzing insert size distribution for orientation RR...
[M::mem_pestat] (25, 50, 75) percentile: (240, 487, 737)
[M::mem_pestat] low and high boundaries for computing mean and std.dev: (1, 1731)
[M::mem_pestat] mean and std.dev: (476.69, 358.81)
[M::mem_pestat] low and high boundaries for proper pairs: (1, 2228)
[M::mem_pestat] skip orientation FF
[M::mem_pestat] skip orientation RF
[M::mem_pestat] skip orientation RR
[M::process] read 1066668 sequences (160000200 bp)...
[M::mem_process_seqs] Processed 1066668 reads in 765.716 CPU sec, 49.408 real sec
[M::mem_pestat] # candidate unique pairs for (FF, FR, RF, RR): (27, 229344, 68, 33)
[M::mem_pestat] analyzing insert size distribution for orientation FF...
[M::mem_pestat] (25, 50, 75) percentile: (255, 383, 786)
[M::mem_pestat] low and high boundaries for computing mean and std.dev: (1, 1848)
[M::mem_pestat] mean and std.dev: (446.96, 294.14)
[M::mem_pestat] low and high boundaries for proper pairs: (1, 2379)
[M::mem_pestat] analyzing insert size distribution for orientation FR...
[M::mem_pestat] (25, 50, 75) percentile: (238, 321, 413)
[M::mem_pestat] low and high boundaries for computing mean and std.dev: (1, 763)
[M::mem_pestat] mean and std.dev: (327.42, 129.72)
[M::mem_pestat] low and high boundaries for proper pairs: (1, 938)
[M::mem_pestat] analyzing insert size distribution for orientation RF...
[M::mem_pestat] (25, 50, 75) percentile: (222, 1366, 4668)
[M::mem_pestat] low and high boundaries for computing mean and std.dev: (1, 13560)
[M::mem_pestat] mean and std.dev: (2591.66, 2835.00)
[M::mem_pestat] low and high boundaries for proper pairs: (1, 18006)
[M::mem_pestat] analyzing insert size distribution for orientation RR...
[M::mem_pestat] (25, 50, 75) percentile: (308, 382, 888)
[M::mem_pestat] low and high boundaries for computing mean and std.dev: (1, 2048)
[M::mem_pestat] mean and std.dev: (462.15, 302.23)
[M::mem_pestat] low and high boundaries for proper pairs: (1, 2628)
[M::mem_pestat] skip orientation FF
[M::mem_pestat] skip orientation RF
[M::mem_pestat] skip orientation RR
[M::process] read 1066668 sequences (160000200 bp)...
[M::mem_process_seqs] Processed 1066668 reads in 768.614 CPU sec, 49.604 real sec
[M::mem_pestat] # candidate unique pairs for (FF, FR, RF, RR): (15, 228557, 54, 20)
[M::mem_pestat] analyzing insert size distribution for orientation FF...
[M::mem_pestat] (25, 50, 75) percentile: (357, 482, 1056)
[M::mem_pestat] low and high boundaries for computing mean and std.dev: (1, 2454)
[M::mem_pestat] mean and std.dev: (714.07, 492.00)
[M::mem_pestat] low and high boundaries for proper pairs: (1, 3153)
[M::mem_pestat] analyzing insert size distribution for orientation FR...
[M::mem_pestat] (25, 50, 75) percentile: (232, 316, 411)
[M::mem_pestat] low and high boundaries for computing mean and std.dev: (1, 769)
[M::mem_pestat] mean and std.dev: (323.75, 132.00)
[M::mem_pestat] low and high boundaries for proper pairs: (1, 948)
[M::mem_pestat] analyzing insert size distribution for orientation RF...
[M::mem_pestat] (25, 50, 75) percentile: (230, 719, 2345)
[M::mem_pestat] low and high boundaries for computing mean and std.dev: (1, 6575)
[M::mem_pestat] mean and std.dev: (1348.32, 1737.12)
[M::mem_pestat] low and high boundaries for proper pairs: (1, 8690)
[M::mem_pestat] analyzing insert size distribution for orientation RR...
[M::mem_pestat] (25, 50, 75) percentile: (192, 285, 775)
[M::mem_pestat] low and high boundaries for computing mean and std.dev: (1, 1941)
[M::mem_pestat] mean and std.dev: (317.47, 239.12)
[M::mem_pestat] low and high boundaries for proper pairs: (1, 2524)
[M::mem_pestat] skip orientation FF
[M::mem_pestat] skip orientation RF
[M::mem_pestat] skip orientation RR
[M::process] read 1066668 sequences (160000200 bp)...
[M::mem_process_seqs] Processed 1066668 reads in 777.873 CPU sec, 50.187 real sec
[M::mem_pestat] # candidate unique pairs for (FF, FR, RF, RR): (25, 226364, 67, 41)
[M::mem_pestat] analyzing insert size distribution for orientation FF...
[M::mem_pestat] (25, 50, 75) percentile: (209, 310, 814)
[M::mem_pestat] low and high boundaries for computing mean and std.dev: (1, 2024)
[M::mem_pestat] mean and std.dev: (481.08, 415.72)
[M::mem_pestat] low and high boundaries for proper pairs: (1, 2629)
[M::mem_pestat] analyzing insert size distribution for orientation FR...
[M::mem_pestat] (25, 50, 75) percentile: (232, 319, 417)
[M::mem_pestat] low and high boundaries for computing mean and std.dev: (1, 787)
[M::mem_pestat] mean and std.dev: (326.49, 134.60)
[M::mem_pestat] low and high boundaries for proper pairs: (1, 972)
[M::mem_pestat] analyzing insert size distribution for orientation RF...
[M::mem_pestat] (25, 50, 75) percentile: (153, 856, 3457)
[M::mem_pestat] low and high boundaries for computing mean and std.dev: (1, 10065)
[M::mem_pestat] mean and std.dev: (2173.01, 2693.69)
[M::mem_pestat] low and high boundaries for proper pairs: (1, 13369)
[M::mem_pestat] analyzing insert size distribution for orientation RR...
[M::mem_pestat] (25, 50, 75) percentile: (301, 618, 2168)
[M::mem_pestat] low and high boundaries for computing mean and std.dev: (1, 5902)
[M::mem_pestat] mean and std.dev: (847.64, 899.12)
[M::mem_pestat] low and high boundaries for proper pairs: (1, 7769)
[M::mem_pestat] skip orientation FF
[M::mem_pestat] skip orientation RF
[M::mem_pestat] skip orientation RR
[M::process] read 1066668 sequences (160000200 bp)...
[M::mem_process_seqs] Processed 1066668 reads in 778.999 CPU sec, 50.280 real sec
[M::mem_pestat] # candidate unique pairs for (FF, FR, RF, RR): (38, 228387, 73, 33)
[M::mem_pestat] analyzing insert size distribution for orientation FF...
[M::mem_pestat] (25, 50, 75) percentile: (163, 419, 1128)
[M::mem_pestat] low and high boundaries for computing mean and std.dev: (1, 3058)
[M::mem_pestat] mean and std.dev: (524.94, 422.50)
[M::mem_pestat] low and high boundaries for proper pairs: (1, 4023)
[M::mem_pestat] analyzing insert size distribution for orientation FR...
[M::mem_pestat] (25, 50, 75) percentile: (230, 315, 411)
[M::mem_pestat] low and high boundaries for computing mean and std.dev: (1, 773)
[M::mem_pestat] mean and std.dev: (322.76, 132.39)
[M::mem_pestat] low and high boundaries for proper pairs: (1, 954)
[M::mem_pestat] analyzing insert size distribution for orientation RF...
[M::mem_pestat] (25, 50, 75) percentile: (327, 1125, 5520)
[M::mem_pestat] low and high boundaries for computing mean and std.dev: (1, 15906)
[M::mem_pestat] mean and std.dev: (2720.00, 3090.41)
[M::mem_pestat] low and high boundaries for proper pairs: (1, 21099)
[M::mem_pestat] analyzing insert size distribution for orientation RR...
[M::mem_pestat] (25, 50, 75) percentile: (186, 565, 1876)
[M::mem_pestat] low and high boundaries for computing mean and std.dev: (1, 5256)
[M::mem_pestat] mean and std.dev: (863.07, 1153.48)
[M::mem_pestat] low and high boundaries for proper pairs: (1, 6946)
[M::mem_pestat] skip orientation FF
[M::mem_pestat] skip orientation RF
[M::mem_pestat] skip orientation RR
[M::process] read 1066668 sequences (160000200 bp)...
[M::mem_process_seqs] Processed 1066668 reads in 776.271 CPU sec, 49.988 real sec
[M::mem_pestat] # candidate unique pairs for (FF, FR, RF, RR): (17, 227975, 65, 25)
[M::mem_pestat] analyzing insert size distribution for orientation FF...
[M::mem_pestat] (25, 50, 75) percentile: (171, 287, 399)
[M::mem_pestat] low and high boundaries for computing mean and std.dev: (1, 855)
[M::mem_pestat] mean and std.dev: (288.62, 161.99)
[M::mem_pestat] low and high boundaries for proper pairs: (1, 1083)
[M::mem_pestat] analyzing insert size distribution for orientation FR...
[M::mem_pestat] (25, 50, 75) percentile: (230, 315, 411)
[M::mem_pestat] low and high boundaries for computing mean and std.dev: (1, 773)
[M::mem_pestat] mean and std.dev: (322.53, 132.15)
[M::mem_pestat] low and high boundaries for proper pairs: (1, 954)
[M::mem_pestat] analyzing insert size distribution for orientation RF...
[M::mem_pestat] (25, 50, 75) percentile: (182, 461, 1769)
[M::mem_pestat] low and high boundaries for computing mean and std.dev: (1, 4943)
[M::mem_pestat] mean and std.dev: (865.02, 1097.96)
[M::mem_pestat] low and high boundaries for proper pairs: (1, 6530)
[M::mem_pestat] analyzing insert size distribution for orientation RR...
[M::mem_pestat] (25, 50, 75) percentile: (197, 657, 1566)
[M::mem_pestat] low and high boundaries for computing mean and std.dev: (1, 4304)
[M::mem_pestat] mean and std.dev: (631.10, 678.41)
[M::mem_pestat] low and high boundaries for proper pairs: (1, 5673)
[M::mem_pestat] skip orientation FF
[M::mem_pestat] skip orientation RF
[M::mem_pestat] skip orientation RR
[M::process] read 1066668 sequences (160000200 bp)...
[M::mem_process_seqs] Processed 1066668 reads in 767.915 CPU sec, 49.485 real sec
[M::mem_pestat] # candidate unique pairs for (FF, FR, RF, RR): (30, 230128, 75, 34)
[M::mem_pestat] analyzing insert size distribution for orientation FF...
[M::mem_pestat] (25, 50, 75) percentile: (208, 505, 1081)
[M::mem_pestat] low and high boundaries for computing mean and std.dev: (1, 2827)
[M::mem_pestat] mean and std.dev: (621.39, 539.16)
[M::mem_pestat] low and high boundaries for proper pairs: (1, 3700)
[M::mem_pestat] analyzing insert size distribution for orientation FR...
[M::mem_pestat] (25, 50, 75) percentile: (238, 323, 420)
[M::mem_pestat] low and high boundaries for computing mean and std.dev: (1, 784)
[M::mem_pestat] mean and std.dev: (330.76, 133.58)
[M::mem_pestat] low and high boundaries for proper pairs: (1, 966)
[M::mem_pestat] analyzing insert size distribution for orientation RF...
[M::mem_pestat] (25, 50, 75) percentile: (204, 1020, 3777)
[M::mem_pestat] low and high boundaries for computing mean and std.dev: (1, 10923)
[M::mem_pestat] mean and std.dev: (2501.21, 2976.89)
[M::mem_pestat] low and high boundaries for proper pairs: (1, 14496)
[M::mem_pestat] analyzing insert size distribution for orientation RR...
[M::mem_pestat] (25, 50, 75) percentile: (239, 507, 1125)
[M::mem_pestat] low and high boundaries for computing mean and std.dev: (1, 2897)
[M::mem_pestat] mean and std.dev: (687.29, 499.83)
[M::mem_pestat] low and high boundaries for proper pairs: (1, 3783)
[M::mem_pestat] skip orientation FF
[M::mem_pestat] skip orientation RF
[M::mem_pestat] skip orientation RR
[M::process] read 1066668 sequences (160000200 bp)...
[M::mem_process_seqs] Processed 1066668 reads in 762.098 CPU sec, 49.097 real sec
[M::mem_pestat] # candidate unique pairs for (FF, FR, RF, RR): (35, 229679, 59, 32)
[M::mem_pestat] analyzing insert size distribution for orientation FF...
[M::mem_pestat] (25, 50, 75) percentile: (371, 667, 1274)
[M::mem_pestat] low and high boundaries for computing mean and std.dev: (1, 3080)
[M::mem_pestat] mean and std.dev: (688.90, 590.92)
[M::mem_pestat] low and high boundaries for proper pairs: (1, 3983)
[M::mem_pestat] analyzing insert size distribution for orientation FR...
[M::mem_pestat] (25, 50, 75) percentile: (239, 323, 418)
[M::mem_pestat] low and high boundaries for computing mean and std.dev: (1, 776)
[M::mem_pestat] mean and std.dev: (330.17, 131.72)
[M::mem_pestat] low and high boundaries for proper pairs: (1, 955)
[M::mem_pestat] analyzing insert size distribution for orientation RF...
[M::mem_pestat] (25, 50, 75) percentile: (255, 1346, 3400)
[M::mem_pestat] low and high boundaries for computing mean and std.dev: (1, 9690)
[M::mem_pestat] mean and std.dev: (2267.83, 2555.01)
[M::mem_pestat] low and high boundaries for proper pairs: (1, 12835)
[M::mem_pestat] analyzing insert size distribution for orientation RR...
[M::mem_pestat] (25, 50, 75) percentile: (238, 556, 959)
[M::mem_pestat] low and high boundaries for computing mean and std.dev: (1, 2401)
[M::mem_pestat] mean and std.dev: (715.70, 634.14)
[M::mem_pestat] low and high boundaries for proper pairs: (1, 3252)
[M::mem_pestat] skip orientation FF
[M::mem_pestat] skip orientation RF
[M::mem_pestat] skip orientation RR
[M::process] read 1066668 sequences (160000200 bp)...
[M::mem_process_seqs] Processed 1066668 reads in 768.855 CPU sec, 49.622 real sec
[M::mem_pestat] # candidate unique pairs for (FF, FR, RF, RR): (38, 229436, 98, 31)
[M::mem_pestat] analyzing insert size distribution for orientation FF...
[M::mem_pestat] (25, 50, 75) percentile: (169, 426, 1085)
[M::mem_pestat] low and high boundaries for computing mean and std.dev: (1, 2917)
[M::mem_pestat] mean and std.dev: (540.29, 534.19)
[M::mem_pestat] low and high boundaries for proper pairs: (1, 3833)
[M::mem_pestat] analyzing insert size distribution for orientation FR...
[M::mem_pestat] (25, 50, 75) percentile: (237, 321, 415)
[M::mem_pestat] low and high boundaries for computing mean and std.dev: (1, 771)
[M::mem_pestat] mean and std.dev: (327.79, 130.65)
[M::mem_pestat] low and high boundaries for proper pairs: (1, 949)
[M::mem_pestat] analyzing insert size distribution for orientation RF...
[M::mem_pestat] (25, 50, 75) percentile: (341, 1456, 5000)
[M::mem_pestat] low and high boundaries for computing mean and std.dev: (1, 14318)
[M::mem_pestat] mean and std.dev: (2567.14, 2911.91)
[M::mem_pestat] low and high boundaries for proper pairs: (1, 18977)
[M::mem_pestat] analyzing insert size distribution for orientation RR...
[M::mem_pestat] (25, 50, 75) percentile: (230, 325, 722)
[M::mem_pestat] low and high boundaries for computing mean and std.dev: (1, 1706)
[M::mem_pestat] mean and std.dev: (319.44, 208.84)
[M::mem_pestat] low and high boundaries for proper pairs: (1, 2198)
[M::mem_pestat] skip orientation FF
[M::mem_pestat] skip orientation RF
[M::mem_pestat] skip orientation RR
[M::mem_process_seqs] Processed 1066668 reads in 783.405 CPU sec, 51.334 real sec
[M::process] read 1066668 sequences (160000200 bp)...
[M::mem_pestat] # candidate unique pairs for (FF, FR, RF, RR): (43, 228047, 61, 41)
[M::mem_pestat] analyzing insert size distribution for orientation FF...
[M::mem_pestat] (25, 50, 75) percentile: (328, 517, 1183)
[M::mem_pestat] low and high boundaries for computing mean and std.dev: (1, 2893)
[M::mem_pestat] mean and std.dev: (601.86, 464.13)
[M::mem_pestat] low and high boundaries for proper pairs: (1, 3748)
[M::mem_pestat] analyzing insert size distribution for orientation FR...
[M::mem_pestat] (25, 50, 75) percentile: (232, 317, 412)
[M::mem_pestat] low and high boundaries for computing mean and std.dev: (1, 772)
[M::mem_pestat] mean and std.dev: (324.13, 131.61)
[M::mem_pestat] low and high boundaries for proper pairs: (1, 952)
[M::mem_pestat] analyzing insert size distribution for orientation RF...
[M::mem_pestat] (25, 50, 75) percentile: (301, 779, 5023)
[M::mem_pestat] low and high boundaries for computing mean and std.dev: (1, 14467)
[M::mem_pestat] mean and std.dev: (2383.44, 3103.60)
[M::mem_pestat] low and high boundaries for proper pairs: (1, 19189)
[M::mem_pestat] analyzing insert size distribution for orientation RR...
[M::mem_pestat] (25, 50, 75) percentile: (193, 491, 1029)
[M::mem_pestat] low and high boundaries for computing mean and std.dev: (1, 2701)
[M::mem_pestat] mean and std.dev: (507.00, 472.28)
[M::mem_pestat] low and high boundaries for proper pairs: (1, 3537)
[M::mem_pestat] skip orientation FF
[M::mem_pestat] skip orientation RF
[M::mem_pestat] skip orientation RR
[M::process] read 1066668 sequences (160000200 bp)...
[M::mem_process_seqs] Processed 1066668 reads in 807.031 CPU sec, 51.529 real sec
[M::mem_pestat] # candidate unique pairs for (FF, FR, RF, RR): (32, 227381, 76, 23)
[M::mem_pestat] analyzing insert size distribution for orientation FF...
[M::mem_pestat] (25, 50, 75) percentile: (245, 465, 1269)
[M::mem_pestat] low and high boundaries for computing mean and std.dev: (1, 3317)
[M::mem_pestat] mean and std.dev: (691.90, 567.90)
[M::mem_pestat] low and high boundaries for proper pairs: (1, 4341)
[M::mem_pestat] analyzing insert size distribution for orientation FR...
[M::mem_pestat] (25, 50, 75) percentile: (234, 321, 420)
[M::mem_pestat] low and high boundaries for computing mean and std.dev: (1, 792)
[M::mem_pestat] mean and std.dev: (328.68, 134.56)
[M::mem_pestat] low and high boundaries for proper pairs: (1, 978)
[M::mem_pestat] analyzing insert size distribution for orientation RF...
[M::mem_pestat] (25, 50, 75) percentile: (234, 964, 4024)
[M::mem_pestat] low and high boundaries for computing mean and std.dev: (1, 11604)
[M::mem_pestat] mean and std.dev: (2200.33, 2518.72)
[M::mem_pestat] low and high boundaries for proper pairs: (1, 15394)
[M::mem_pestat] analyzing insert size distribution for orientation RR...
[M::mem_pestat] (25, 50, 75) percentile: (156, 172, 276)
[M::mem_pestat] low and high boundaries for computing mean and std.dev: (1, 516)
[M::mem_pestat] mean and std.dev: (190.58, 73.57)
[M::mem_pestat] low and high boundaries for proper pairs: (1, 636)
[M::mem_pestat] skip orientation FF
[M::mem_pestat] skip orientation RF
[M::mem_pestat] skip orientation RR
[M::process] read 1066668 sequences (160000200 bp)...
[M::mem_process_seqs] Processed 1066668 reads in 790.946 CPU sec, 51.008 real sec
[M::mem_pestat] # candidate unique pairs for (FF, FR, RF, RR): (35, 227848, 75, 39)
[M::mem_pestat] analyzing insert size distribution for orientation FF...
[M::mem_pestat] (25, 50, 75) percentile: (250, 337, 560)
[M::mem_pestat] low and high boundaries for computing mean and std.dev: (1, 1180)
[M::mem_pestat] mean and std.dev: (306.50, 171.50)
[M::mem_pestat] low and high boundaries for proper pairs: (1, 1490)
[M::mem_pestat] analyzing insert size distribution for orientation FR...
[M::mem_pestat] (25, 50, 75) percentile: (232, 319, 415)
[M::mem_pestat] low and high boundaries for computing mean and std.dev: (1, 781)
[M::mem_pestat] mean and std.dev: (325.63, 133.63)
[M::mem_pestat] low and high boundaries for proper pairs: (1, 964)
[M::mem_pestat] analyzing insert size distribution for orientation RF...
[M::mem_pestat] (25, 50, 75) percentile: (163, 516, 2256)
[M::mem_pestat] low and high boundaries for computing mean and std.dev: (1, 6442)
[M::mem_pestat] mean and std.dev: (915.18, 1084.93)
[M::mem_pestat] low and high boundaries for proper pairs: (1, 8535)
[M::mem_pestat] analyzing insert size distribution for orientation RR...
[M::mem_pestat] (25, 50, 75) percentile: (190, 566, 1879)
[M::mem_pestat] low and high boundaries for computing mean and std.dev: (1, 5257)
[M::mem_pestat] mean and std.dev: (898.06, 1162.25)
[M::mem_pestat] low and high boundaries for proper pairs: (1, 6946)
[M::mem_pestat] skip orientation FF
[M::mem_pestat] skip orientation RF
[M::mem_pestat] skip orientation RR
[M::process] read 1066668 sequences (160000200 bp)...
[M::mem_process_seqs] Processed 1066668 reads in 791.999 CPU sec, 51.063 real sec
[M::mem_pestat] # candidate unique pairs for (FF, FR, RF, RR): (39, 227712, 48, 29)
[M::mem_pestat] analyzing insert size distribution for orientation FF...
[M::mem_pestat] (25, 50, 75) percentile: (284, 430, 2755)
[M::mem_pestat] low and high boundaries for computing mean and std.dev: (1, 7697)
[M::mem_pestat] mean and std.dev: (1668.97, 2105.27)
[M::mem_pestat] low and high boundaries for proper pairs: (1, 10168)
[M::mem_pestat] analyzing insert size distribution for orientation FR...
[M::mem_pestat] (25, 50, 75) percentile: (233, 319, 416)
[M::mem_pestat] low and high boundaries for computing mean and std.dev: (1, 782)
[M::mem_pestat] mean and std.dev: (326.38, 132.86)
[M::mem_pestat] low and high boundaries for proper pairs: (1, 965)
[M::mem_pestat] analyzing insert size distribution for orientation RF...
[M::mem_pestat] (25, 50, 75) percentile: (352, 1212, 5089)
[M::mem_pestat] low and high boundaries for computing mean and std.dev: (1, 14563)
[M::mem_pestat] mean and std.dev: (2467.69, 2634.59)
[M::mem_pestat] low and high boundaries for proper pairs: (1, 19300)
[M::mem_pestat] analyzing insert size distribution for orientation RR...
[M::mem_pestat] (25, 50, 75) percentile: (129, 298, 827)
[M::mem_pestat] low and high boundaries for computing mean and std.dev: (1, 2223)
[M::mem_pestat] mean and std.dev: (380.40, 389.90)
[M::mem_pestat] low and high boundaries for proper pairs: (1, 2921)
[M::mem_pestat] skip orientation FF
[M::mem_pestat] skip orientation RF
[M::mem_pestat] skip orientation RR
[M::process] read 1066668 sequences (160000200 bp)...
[M::mem_process_seqs] Processed 1066668 reads in 792.054 CPU sec, 51.016 real sec
[M::mem_pestat] # candidate unique pairs for (FF, FR, RF, RR): (31, 229008, 69, 27)
[M::mem_pestat] analyzing insert size distribution for orientation FF...
[M::mem_pestat] (25, 50, 75) percentile: (334, 644, 1961)
[M::mem_pestat] low and high boundaries for computing mean and std.dev: (1, 5215)
[M::mem_pestat] mean and std.dev: (999.83, 992.37)
[M::mem_pestat] low and high boundaries for proper pairs: (1, 6842)
[M::mem_pestat] analyzing insert size distribution for orientation FR...
[M::mem_pestat] (25, 50, 75) percentile: (235, 319, 413)
[M::mem_pestat] low and high boundaries for computing mean and std.dev: (1, 769)
[M::mem_pestat] mean and std.dev: (326.04, 131.14)
[M::mem_pestat] low and high boundaries for proper pairs: (1, 947)
[M::mem_pestat] analyzing insert size distribution for orientation RF...
[M::mem_pestat] (25, 50, 75) percentile: (175, 501, 2068)
[M::mem_pestat] low and high boundaries for computing mean and std.dev: (1, 5854)
[M::mem_pestat] mean and std.dev: (850.23, 1064.08)
[M::mem_pestat] low and high boundaries for proper pairs: (1, 7747)
[M::mem_pestat] analyzing insert size distribution for orientation RR...
[M::mem_pestat] (25, 50, 75) percentile: (325, 754, 1060)
[M::mem_pestat] low and high boundaries for computing mean and std.dev: (1, 2530)
[M::mem_pestat] mean and std.dev: (679.36, 476.54)
[M::mem_pestat] low and high boundaries for proper pairs: (1, 3265)
[M::mem_pestat] skip orientation FF
[M::mem_pestat] skip orientation RF
[M::mem_pestat] skip orientation RR
[M::process] read 1066668 sequences (160000200 bp)...
[M::mem_process_seqs] Processed 1066668 reads in 791.040 CPU sec, 50.993 real sec
[M::mem_pestat] # candidate unique pairs for (FF, FR, RF, RR): (29, 229518, 69, 34)
[M::mem_pestat] analyzing insert size distribution for orientation FF...
[M::mem_pestat] (25, 50, 75) percentile: (162, 374, 1045)
[M::mem_pestat] low and high boundaries for computing mean and std.dev: (1, 2811)
[M::mem_pestat] mean and std.dev: (443.08, 400.03)
[M::mem_pestat] low and high boundaries for proper pairs: (1, 3694)
[M::mem_pestat] analyzing insert size distribution for orientation FR...
[M::mem_pestat] (25, 50, 75) percentile: (237, 320, 413)
[M::mem_pestat] low and high boundaries for computing mean and std.dev: (1, 765)
[M::mem_pestat] mean and std.dev: (326.75, 129.46)
[M::mem_pestat] low and high boundaries for proper pairs: (1, 941)
[M::mem_pestat] analyzing insert size distribution for orientation RF...
[M::mem_pestat] (25, 50, 75) percentile: (142, 492, 3197)
[M::mem_pestat] low and high boundaries for computing mean and std.dev: (1, 9307)
[M::mem_pestat] mean and std.dev: (2081.04, 2962.82)
[M::mem_pestat] low and high boundaries for proper pairs: (1, 13932)
[M::mem_pestat] analyzing insert size distribution for orientation RR...
[M::mem_pestat] (25, 50, 75) percentile: (359, 510, 2679)
[M::mem_pestat] low and high boundaries for computing mean and std.dev: (1, 7319)
[M::mem_pestat] mean and std.dev: (1149.10, 1584.80)
[M::mem_pestat] low and high boundaries for proper pairs: (1, 9639)
[M::mem_pestat] skip orientation FF
[M::mem_pestat] skip orientation RF
[M::mem_pestat] skip orientation RR
[M::process] read 1066668 sequences (160000200 bp)...
[M::mem_process_seqs] Processed 1066668 reads in 790.804 CPU sec, 51.128 real sec
[M::mem_pestat] # candidate unique pairs for (FF, FR, RF, RR): (33, 229422, 74, 31)
[M::mem_pestat] analyzing insert size distribution for orientation FF...
[M::mem_pestat] (25, 50, 75) percentile: (234, 659, 2712)
[M::mem_pestat] low and high boundaries for computing mean and std.dev: (1, 7668)
[M::mem_pestat] mean and std.dev: (1421.91, 1673.03)
[M::mem_pestat] low and high boundaries for proper pairs: (1, 10146)
[M::mem_pestat] analyzing insert size distribution for orientation FR...
[M::mem_pestat] (25, 50, 75) percentile: (236, 318, 410)
[M::mem_pestat] low and high boundaries for computing mean and std.dev: (1, 758)
[M::mem_pestat] mean and std.dev: (324.75, 128.80)
[M::mem_pestat] low and high boundaries for proper pairs: (1, 932)
[M::mem_pestat] analyzing insert size distribution for orientation RF...
[M::mem_pestat] (25, 50, 75) percentile: (290, 1286, 6027)
[M::mem_pestat] low and high boundaries for computing mean and std.dev: (1, 17501)
[M::mem_pestat] mean and std.dev: (2796.11, 2994.28)
[M::mem_pestat] low and high boundaries for proper pairs: (1, 23238)
[M::mem_pestat] analyzing insert size distribution for orientation RR...
[M::mem_pestat] (25, 50, 75) percentile: (161, 306, 344)
[M::mem_pestat] low and high boundaries for computing mean and std.dev: (1, 710)
[M::mem_pestat] mean and std.dev: (245.20, 115.18)
[M::mem_pestat] low and high boundaries for proper pairs: (1, 893)
[M::mem_pestat] skip orientation FF
[M::mem_pestat] skip orientation RF
[M::mem_pestat] skip orientation RR
[M::process] read 1066668 sequences (160000200 bp)...
[M::mem_process_seqs] Processed 1066668 reads in 790.144 CPU sec, 51.045 real sec
[M::mem_pestat] # candidate unique pairs for (FF, FR, RF, RR): (34, 229678, 60, 43)
[M::mem_pestat] analyzing insert size distribution for orientation FF...
[M::mem_pestat] (25, 50, 75) percentile: (271, 727, 1636)
[M::mem_pestat] low and high boundaries for computing mean and std.dev: (1, 4366)
[M::mem_pestat] mean and std.dev: (812.31, 802.89)
[M::mem_pestat] low and high boundaries for proper pairs: (1, 5731)
[M::mem_pestat] analyzing insert size distribution for orientation FR...
[M::mem_pestat] (25, 50, 75) percentile: (239, 321, 412)
[M::mem_pestat] low and high boundaries for computing mean and std.dev: (1, 758)
[M::mem_pestat] mean and std.dev: (326.73, 127.91)
[M::mem_pestat] low and high boundaries for proper pairs: (1, 931)
[M::mem_pestat] analyzing insert size distribution for orientation RF...
[M::mem_pestat] (25, 50, 75) percentile: (186, 1282, 6049)
[M::mem_pestat] low and high boundaries for computing mean and std.dev: (1, 17775)
[M::mem_pestat] mean and std.dev: (2728.90, 3037.93)
[M::mem_pestat] low and high boundaries for proper pairs: (1, 23638)
[M::mem_pestat] analyzing insert size distribution for orientation RR...
[M::mem_pestat] (25, 50, 75) percentile: (353, 795, 1847)
[M::mem_pestat] low and high boundaries for computing mean and std.dev: (1, 4835)
[M::mem_pestat] mean and std.dev: (1154.18, 1134.73)
[M::mem_pestat] low and high boundaries for proper pairs: (1, 6329)
[M::mem_pestat] skip orientation FF
[M::mem_pestat] skip orientation RF
[M::mem_pestat] skip orientation RR
[M::process] read 52170 sequences (7825500 bp)...
[M::mem_process_seqs] Processed 1066668 reads in 789.768 CPU sec, 50.999 real sec
[M::mem_pestat] # candidate unique pairs for (FF, FR, RF, RR): (1, 11270, 4, 0)
[M::mem_pestat] skip orientation FF as there are not enough pairs
[M::mem_pestat] analyzing insert size distribution for orientation FR...
[M::mem_pestat] (25, 50, 75) percentile: (241, 324, 418)
[M::mem_pestat] low and high boundaries for computing mean and std.dev: (1, 772)
[M::mem_pestat] mean and std.dev: (330.37, 131.37)
[M::mem_pestat] low and high boundaries for proper pairs: (1, 949)
[M::mem_pestat] skip orientation RF as there are not enough pairs
[M::mem_pestat] skip orientation RR as there are not enough pairs
[M::mem_process_seqs] Processed 52170 reads in 39.987 CPU sec, 2.658 real sec
[main] Version: 0.7.19-r1273
[main] CMD: bwa mem -t 16 -R @RG\tID:NS18_Sequim_Wild_57\tSM:NS18_Sequim_Wild_57\tLB:NS18_Sequim_Wild_57\tPL:ILLUMINA output/05_realign_xbOstLuri2/reference/GCA_061535525.1_xbOstLuri2_USDA-ARS_PSRF_primary_genomic.fna data/raw/NS18_Sequim_Wild_57_S17_L004_R1_001.fastq.gz data/raw/NS18_Sequim_Wild_57_S17_L004_R2_001.fastq.gz
[main] Real time: 3111.144 sec; CPU: 47719.157 sec
[bam_sort_core] merging from 3 files and 8 in-memory blocks...
end 2026-09-27T15:05:11Z sample=NS18_Sequim_Wild_57
