/opt/ohpc/admin/lmod/lmod/init/bash: line 93: LD_LIBRARY_PATH: unbound variable
start 2026-09-27T15:30:53Z host n3497 sample=Squaxin_Island_7a location=Squaxin_Island
[M::bwa_idx_load_from_disk] read 0 ALT contigs
[M::process] read 1066668 sequences (160000200 bp)...
[M::process] read 1066668 sequences (160000200 bp)...
[M::mem_pestat] # candidate unique pairs for (FF, FR, RF, RR): (32, 222439, 76, 19)
[M::mem_pestat] analyzing insert size distribution for orientation FF...
[M::mem_pestat] (25, 50, 75) percentile: (219, 402, 1245)
[M::mem_pestat] low and high boundaries for computing mean and std.dev: (1, 3297)
[M::mem_pestat] mean and std.dev: (830.23, 915.51)
[M::mem_pestat] low and high boundaries for proper pairs: (1, 4492)
[M::mem_pestat] analyzing insert size distribution for orientation FR...
[M::mem_pestat] (25, 50, 75) percentile: (267, 350, 447)
[M::mem_pestat] low and high boundaries for computing mean and std.dev: (1, 807)
[M::mem_pestat] mean and std.dev: (357.00, 136.17)
[M::mem_pestat] low and high boundaries for proper pairs: (1, 987)
[M::mem_pestat] analyzing insert size distribution for orientation RF...
[M::mem_pestat] (25, 50, 75) percentile: (247, 878, 3406)
[M::mem_pestat] low and high boundaries for computing mean and std.dev: (1, 9724)
[M::mem_pestat] mean and std.dev: (1945.34, 2284.93)
[M::mem_pestat] low and high boundaries for proper pairs: (1, 12883)
[M::mem_pestat] analyzing insert size distribution for orientation RR...
[M::mem_pestat] (25, 50, 75) percentile: (207, 430, 1141)
[M::mem_pestat] low and high boundaries for computing mean and std.dev: (1, 3009)
[M::mem_pestat] mean and std.dev: (661.29, 618.37)
[M::mem_pestat] low and high boundaries for proper pairs: (1, 3943)
[M::mem_pestat] skip orientation FF
[M::mem_pestat] skip orientation RF
[M::mem_pestat] skip orientation RR
[M::mem_process_seqs] Processed 1066668 reads in 828.372 CPU sec, 54.646 real sec
[M::mem_pestat] # candidate unique pairs for (FF, FR, RF, RR): (28, 223382, 70, 43)
[M::mem_pestat] analyzing insert size distribution for orientation FF...
[M::mem_pestat] (25, 50, 75) percentile: (410, 1310, 2438)
[M::mem_pestat] low and high boundaries for computing mean and std.dev: (1, 6494)
[M::mem_pestat] mean and std.dev: (1577.43, 1392.00)
[M::mem_pestat] low and high boundaries for proper pairs: (1, 8522)
[M::mem_pestat] analyzing insert size distribution for orientation FR...
[M::mem_pestat] (25, 50, 75) percentile: (273, 358, 456)
[M::mem_pestat] low and high boundaries for computing mean and std.dev: (1, 822)
[M::mem_pestat] mean and std.dev: (364.87, 137.90)
[M::mem_pestat] low and high boundaries for proper pairs: (1, 1005)
[M::mem_pestat] analyzing insert size distribution for orientation RF...
[M::mem_pestat] (25, 50, 75) percentile: (509, 3737, 6766)
[M::mem_pestat] low and high boundaries for computing mean and std.dev: (1, 19280)
[M::mem_pestat] mean and std.dev: (3715.64, 3274.78)
[M::mem_pestat] low and high boundaries for proper pairs: (1, 25537)
[M::mem_pestat] analyzing insert size distribution for orientation RR...
[M::mem_pestat] (25, 50, 75) percentile: (267, 392, 653)
[M::mem_pestat] low and high boundaries for computing mean and std.dev: (1, 1425)
[M::mem_pestat] mean and std.dev: (429.47, 270.14)
[M::mem_pestat] low and high boundaries for proper pairs: (1, 1811)
[M::mem_pestat] skip orientation FF
[M::mem_pestat] skip orientation RF
[M::mem_pestat] skip orientation RR
[M::process] read 1066668 sequences (160000200 bp)...
[M::mem_process_seqs] Processed 1066668 reads in 839.259 CPU sec, 54.516 real sec
[M::mem_pestat] # candidate unique pairs for (FF, FR, RF, RR): (44, 222967, 78, 41)
[M::mem_pestat] analyzing insert size distribution for orientation FF...
[M::mem_pestat] (25, 50, 75) percentile: (266, 422, 927)
[M::mem_pestat] low and high boundaries for computing mean and std.dev: (1, 2249)
[M::mem_pestat] mean and std.dev: (584.24, 484.49)
[M::mem_pestat] low and high boundaries for proper pairs: (1, 2910)
[M::mem_pestat] analyzing insert size distribution for orientation FR...
[M::mem_pestat] (25, 50, 75) percentile: (270, 354, 454)
[M::mem_pestat] low and high boundaries for computing mean and std.dev: (1, 822)
[M::mem_pestat] mean and std.dev: (362.84, 138.98)
[M::mem_pestat] low and high boundaries for proper pairs: (1, 1006)
[M::mem_pestat] analyzing insert size distribution for orientation RF...
[M::mem_pestat] (25, 50, 75) percentile: (143, 1391, 4321)
[M::mem_pestat] low and high boundaries for computing mean and std.dev: (1, 12677)
[M::mem_pestat] mean and std.dev: (2615.04, 2987.26)
[M::mem_pestat] low and high boundaries for proper pairs: (1, 16855)
[M::mem_pestat] analyzing insert size distribution for orientation RR...
[M::mem_pestat] (25, 50, 75) percentile: (193, 289, 661)
[M::mem_pestat] low and high boundaries for computing mean and std.dev: (1, 1597)
[M::mem_pestat] mean and std.dev: (355.06, 256.69)
[M::mem_pestat] low and high boundaries for proper pairs: (1, 2065)
[M::mem_pestat] skip orientation FF
[M::mem_pestat] skip orientation RF
[M::mem_pestat] skip orientation RR
[M::process] read 1066668 sequences (160000200 bp)...
[M::mem_process_seqs] Processed 1066668 reads in 846.320 CPU sec, 54.946 real sec
[M::mem_pestat] # candidate unique pairs for (FF, FR, RF, RR): (30, 222224, 71, 35)
[M::mem_pestat] analyzing insert size distribution for orientation FF...
[M::mem_pestat] (25, 50, 75) percentile: (264, 367, 831)
[M::mem_pestat] low and high boundaries for computing mean and std.dev: (1, 1965)
[M::mem_pestat] mean and std.dev: (455.73, 358.07)
[M::mem_pestat] low and high boundaries for proper pairs: (1, 2532)
[M::mem_pestat] analyzing insert size distribution for orientation FR...
[M::mem_pestat] (25, 50, 75) percentile: (270, 355, 456)
[M::mem_pestat] low and high boundaries for computing mean and std.dev: (1, 828)
[M::mem_pestat] mean and std.dev: (364.11, 140.57)
[M::mem_pestat] low and high boundaries for proper pairs: (1, 1014)
[M::mem_pestat] analyzing insert size distribution for orientation RF...
[M::mem_pestat] (25, 50, 75) percentile: (244, 1274, 4565)
[M::mem_pestat] low and high boundaries for computing mean and std.dev: (1, 13207)
[M::mem_pestat] mean and std.dev: (2642.37, 3149.85)
[M::mem_pestat] low and high boundaries for proper pairs: (1, 17528)
[M::mem_pestat] analyzing insert size distribution for orientation RR...
[M::mem_pestat] (25, 50, 75) percentile: (428, 474, 1512)
[M::mem_pestat] low and high boundaries for computing mean and std.dev: (1, 3680)
[M::mem_pestat] mean and std.dev: (713.43, 616.71)
[M::mem_pestat] low and high boundaries for proper pairs: (1, 4764)
[M::mem_pestat] skip orientation FF
[M::mem_pestat] skip orientation RF
[M::mem_pestat] skip orientation RR
[M::process] read 1066668 sequences (160000200 bp)...
[M::mem_process_seqs] Processed 1066668 reads in 848.799 CPU sec, 55.005 real sec
[M::mem_pestat] # candidate unique pairs for (FF, FR, RF, RR): (17, 223665, 74, 39)
[M::mem_pestat] analyzing insert size distribution for orientation FF...
[M::mem_pestat] (25, 50, 75) percentile: (165, 311, 1204)
[M::mem_pestat] low and high boundaries for computing mean and std.dev: (1, 3282)
[M::mem_pestat] mean and std.dev: (485.27, 496.08)
[M::mem_pestat] low and high boundaries for proper pairs: (1, 4321)
[M::mem_pestat] analyzing insert size distribution for orientation FR...
[M::mem_pestat] (25, 50, 75) percentile: (268, 353, 453)
[M::mem_pestat] low and high boundaries for computing mean and std.dev: (1, 823)
[M::mem_pestat] mean and std.dev: (361.57, 139.55)
[M::mem_pestat] low and high boundaries for proper pairs: (1, 1008)
[M::mem_pestat] analyzing insert size distribution for orientation RF...
[M::mem_pestat] (25, 50, 75) percentile: (131, 1674, 5984)
[M::mem_pestat] low and high boundaries for computing mean and std.dev: (1, 17690)
[M::mem_pestat] mean and std.dev: (2952.84, 3122.75)
[M::mem_pestat] low and high boundaries for proper pairs: (1, 23543)
[M::mem_pestat] analyzing insert size distribution for orientation RR...
[M::mem_pestat] (25, 50, 75) percentile: (330, 395, 1409)
[M::mem_pestat] low and high boundaries for computing mean and std.dev: (1, 3567)
[M::mem_pestat] mean and std.dev: (750.80, 796.49)
[M::mem_pestat] low and high boundaries for proper pairs: (1, 4646)
[M::mem_pestat] skip orientation FF
[M::mem_pestat] skip orientation RF
[M::mem_pestat] skip orientation RR
[M::process] read 1066668 sequences (160000200 bp)...
[M::mem_process_seqs] Processed 1066668 reads in 848.043 CPU sec, 54.948 real sec
[M::mem_pestat] # candidate unique pairs for (FF, FR, RF, RR): (41, 222796, 81, 29)
[M::mem_pestat] analyzing insert size distribution for orientation FF...
[M::mem_pestat] (25, 50, 75) percentile: (316, 396, 779)
[M::mem_pestat] low and high boundaries for computing mean and std.dev: (1, 1705)
[M::mem_pestat] mean and std.dev: (456.20, 295.90)
[M::mem_pestat] low and high boundaries for proper pairs: (1, 2168)
[M::mem_pestat] analyzing insert size distribution for orientation FR...
[M::mem_pestat] (25, 50, 75) percentile: (270, 354, 455)
[M::mem_pestat] low and high boundaries for computing mean and std.dev: (1, 825)
[M::mem_pestat] mean and std.dev: (363.28, 139.69)
[M::mem_pestat] low and high boundaries for proper pairs: (1, 1010)
[M::mem_pestat] analyzing insert size distribution for orientation RF...
[M::mem_pestat] (25, 50, 75) percentile: (425, 2967, 6307)
[M::mem_pestat] low and high boundaries for computing mean and std.dev: (1, 18071)
[M::mem_pestat] mean and std.dev: (3388.59, 3001.85)
[M::mem_pestat] low and high boundaries for proper pairs: (1, 23953)
[M::mem_pestat] analyzing insert size distribution for orientation RR...
[M::mem_pestat] (25, 50, 75) percentile: (315, 676, 1706)
[M::mem_pestat] low and high boundaries for computing mean and std.dev: (1, 4488)
[M::mem_pestat] mean and std.dev: (1007.55, 843.50)
[M::mem_pestat] low and high boundaries for proper pairs: (1, 5879)
[M::mem_pestat] skip orientation FF
[M::mem_pestat] skip orientation RF
[M::mem_pestat] skip orientation RR
[M::process] read 1066668 sequences (160000200 bp)...
[M::mem_process_seqs] Processed 1066668 reads in 857.712 CPU sec, 55.543 real sec
[M::mem_pestat] # candidate unique pairs for (FF, FR, RF, RR): (34, 223012, 59, 28)
[M::mem_pestat] analyzing insert size distribution for orientation FF...
[M::mem_pestat] (25, 50, 75) percentile: (245, 651, 1933)
[M::mem_pestat] low and high boundaries for computing mean and std.dev: (1, 5309)
[M::mem_pestat] mean and std.dev: (1051.67, 1041.39)
[M::mem_pestat] low and high boundaries for proper pairs: (1, 6997)
[M::mem_pestat] analyzing insert size distribution for orientation FR...
[M::mem_pestat] (25, 50, 75) percentile: (265, 347, 446)
[M::mem_pestat] low and high boundaries for computing mean and std.dev: (1, 808)
[M::mem_pestat] mean and std.dev: (356.52, 137.45)
[M::mem_pestat] low and high boundaries for proper pairs: (1, 989)
[M::mem_pestat] analyzing insert size distribution for orientation RF...
[M::mem_pestat] (25, 50, 75) percentile: (359, 1509, 4328)
[M::mem_pestat] low and high boundaries for computing mean and std.dev: (1, 12266)
[M::mem_pestat] mean and std.dev: (2555.17, 2764.76)
[M::mem_pestat] low and high boundaries for proper pairs: (1, 16235)
[M::mem_pestat] analyzing insert size distribution for orientation RR...
[M::mem_pestat] (25, 50, 75) percentile: (333, 609, 2779)
[M::mem_pestat] low and high boundaries for computing mean and std.dev: (1, 7671)
[M::mem_pestat] mean and std.dev: (1569.46, 1932.16)
[M::mem_pestat] low and high boundaries for proper pairs: (1, 10117)
[M::mem_pestat] skip orientation FF
[M::mem_pestat] skip orientation RF
[M::mem_pestat] skip orientation RR
[M::process] read 1066668 sequences (160000200 bp)...
[M::mem_process_seqs] Processed 1066668 reads in 874.467 CPU sec, 56.546 real sec
[M::mem_pestat] # candidate unique pairs for (FF, FR, RF, RR): (29, 222046, 90, 25)
[M::mem_pestat] analyzing insert size distribution for orientation FF...
[M::mem_pestat] (25, 50, 75) percentile: (274, 402, 1843)
[M::mem_pestat] low and high boundaries for computing mean and std.dev: (1, 4981)
[M::mem_pestat] mean and std.dev: (590.52, 695.02)
[M::mem_pestat] low and high boundaries for proper pairs: (1, 6550)
[M::mem_pestat] analyzing insert size distribution for orientation FR...
[M::mem_pestat] (25, 50, 75) percentile: (264, 348, 447)
[M::mem_pestat] low and high boundaries for computing mean and std.dev: (1, 813)
[M::mem_pestat] mean and std.dev: (357.13, 138.00)
[M::mem_pestat] low and high boundaries for proper pairs: (1, 996)
[M::mem_pestat] analyzing insert size distribution for orientation RF...
[M::mem_pestat] (25, 50, 75) percentile: (163, 859, 2796)
[M::mem_pestat] low and high boundaries for computing mean and std.dev: (1, 8062)
[M::mem_pestat] mean and std.dev: (1544.76, 2054.85)
[M::mem_pestat] low and high boundaries for proper pairs: (1, 10695)
[M::mem_pestat] analyzing insert size distribution for orientation RR...
[M::mem_pestat] (25, 50, 75) percentile: (258, 456, 2269)
[M::mem_pestat] low and high boundaries for computing mean and std.dev: (1, 6291)
[M::mem_pestat] mean and std.dev: (1121.91, 1489.69)
[M::mem_pestat] low and high boundaries for proper pairs: (1, 8302)
[M::mem_pestat] skip orientation FF
[M::mem_pestat] skip orientation RF
[M::mem_pestat] skip orientation RR
[M::process] read 1066668 sequences (160000200 bp)...
[M::mem_process_seqs] Processed 1066668 reads in 858.266 CPU sec, 55.691 real sec
[M::mem_pestat] # candidate unique pairs for (FF, FR, RF, RR): (46, 221957, 66, 29)
[M::mem_pestat] analyzing insert size distribution for orientation FF...
[M::mem_pestat] (25, 50, 75) percentile: (314, 676, 1573)
[M::mem_pestat] low and high boundaries for computing mean and std.dev: (1, 4091)
[M::mem_pestat] mean and std.dev: (726.32, 647.82)
[M::mem_pestat] low and high boundaries for proper pairs: (1, 5350)
[M::mem_pestat] analyzing insert size distribution for orientation FR...
[M::mem_pestat] (25, 50, 75) percentile: (265, 350, 451)
[M::mem_pestat] low and high boundaries for computing mean and std.dev: (1, 823)
[M::mem_pestat] mean and std.dev: (359.01, 139.49)
[M::mem_pestat] low and high boundaries for proper pairs: (1, 1009)
[M::mem_pestat] analyzing insert size distribution for orientation RF...
[M::mem_pestat] (25, 50, 75) percentile: (398, 1238, 5801)
[M::mem_pestat] low and high boundaries for computing mean and std.dev: (1, 16607)
[M::mem_pestat] mean and std.dev: (2978.55, 3179.67)
[M::mem_pestat] low and high boundaries for proper pairs: (1, 22010)
[M::mem_pestat] analyzing insert size distribution for orientation RR...
[M::mem_pestat] (25, 50, 75) percentile: (201, 315, 1700)
[M::mem_pestat] low and high boundaries for computing mean and std.dev: (1, 4698)
[M::mem_pestat] mean and std.dev: (918.86, 997.80)
[M::mem_pestat] low and high boundaries for proper pairs: (1, 6197)
[M::mem_pestat] skip orientation FF
[M::mem_pestat] skip orientation RF
[M::mem_pestat] skip orientation RR
[M::process] read 1066668 sequences (160000200 bp)...
[M::mem_process_seqs] Processed 1066668 reads in 865.227 CPU sec, 55.928 real sec
[M::mem_pestat] # candidate unique pairs for (FF, FR, RF, RR): (25, 221786, 87, 28)
[M::mem_pestat] analyzing insert size distribution for orientation FF...
[M::mem_pestat] (25, 50, 75) percentile: (293, 438, 1108)
[M::mem_pestat] low and high boundaries for computing mean and std.dev: (1, 2738)
[M::mem_pestat] mean and std.dev: (590.74, 512.89)
[M::mem_pestat] low and high boundaries for proper pairs: (1, 3553)
[M::mem_pestat] analyzing insert size distribution for orientation FR...
[M::mem_pestat] (25, 50, 75) percentile: (271, 359, 461)
[M::mem_pestat] low and high boundaries for computing mean and std.dev: (1, 841)
[M::mem_pestat] mean and std.dev: (366.80, 142.55)
[M::mem_pestat] low and high boundaries for proper pairs: (1, 1031)
[M::mem_pestat] analyzing insert size distribution for orientation RF...
[M::mem_pestat] (25, 50, 75) percentile: (276, 621, 2771)
[M::mem_pestat] low and high boundaries for computing mean and std.dev: (1, 7761)
[M::mem_pestat] mean and std.dev: (1637.20, 1961.99)
[M::mem_pestat] low and high boundaries for proper pairs: (1, 10256)
[M::mem_pestat] analyzing insert size distribution for orientation RR...
[M::mem_pestat] (25, 50, 75) percentile: (433, 649, 1270)
[M::mem_pestat] low and high boundaries for computing mean and std.dev: (1, 2944)
[M::mem_pestat] mean and std.dev: (709.23, 479.48)
[M::mem_pestat] low and high boundaries for proper pairs: (1, 3781)
[M::mem_pestat] skip orientation FF
[M::mem_pestat] skip orientation RF
[M::mem_pestat] skip orientation RR
[M::process] read 1066668 sequences (160000200 bp)...
[M::mem_process_seqs] Processed 1066668 reads in 839.122 CPU sec, 54.512 real sec
[M::mem_pestat] # candidate unique pairs for (FF, FR, RF, RR): (45, 223259, 76, 32)
[M::mem_pestat] analyzing insert size distribution for orientation FF...
[M::mem_pestat] (25, 50, 75) percentile: (270, 566, 1139)
[M::mem_pestat] low and high boundaries for computing mean and std.dev: (1, 2877)
[M::mem_pestat] mean and std.dev: (778.72, 672.74)
[M::mem_pestat] low and high boundaries for proper pairs: (1, 3746)
[M::mem_pestat] analyzing insert size distribution for orientation FR...
[M::mem_pestat] (25, 50, 75) percentile: (275, 363, 467)
[M::mem_pestat] low and high boundaries for computing mean and std.dev: (1, 851)
[M::mem_pestat] mean and std.dev: (371.47, 143.18)
[M::mem_pestat] low and high boundaries for proper pairs: (1, 1043)
[M::mem_pestat] analyzing insert size distribution for orientation RF...
[M::mem_pestat] (25, 50, 75) percentile: (359, 1387, 4191)
[M::mem_pestat] low and high boundaries for computing mean and std.dev: (1, 11855)
[M::mem_pestat] mean and std.dev: (2392.95, 2619.97)
[M::mem_pestat] low and high boundaries for proper pairs: (1, 15687)
[M::mem_pestat] analyzing insert size distribution for orientation RR...
[M::mem_pestat] (25, 50, 75) percentile: (245, 376, 1373)
[M::mem_pestat] low and high boundaries for computing mean and std.dev: (1, 3629)
[M::mem_pestat] mean and std.dev: (662.50, 648.84)
[M::mem_pestat] low and high boundaries for proper pairs: (1, 4757)
[M::mem_pestat] skip orientation FF
[M::mem_pestat] skip orientation RF
[M::mem_pestat] skip orientation RR
[M::process] read 1066668 sequences (160000200 bp)...
[M::mem_process_seqs] Processed 1066668 reads in 840.287 CPU sec, 54.549 real sec
[M::mem_pestat] # candidate unique pairs for (FF, FR, RF, RR): (30, 223444, 77, 38)
[M::mem_pestat] analyzing insert size distribution for orientation FF...
[M::mem_pestat] (25, 50, 75) percentile: (255, 1070, 2453)
[M::mem_pestat] low and high boundaries for computing mean and std.dev: (1, 6849)
[M::mem_pestat] mean and std.dev: (1330.42, 1663.90)
[M::mem_pestat] low and high boundaries for proper pairs: (1, 9047)
[M::mem_pestat] analyzing insert size distribution for orientation FR...
[M::mem_pestat] (25, 50, 75) percentile: (271, 357, 461)
[M::mem_pestat] low and high boundaries for computing mean and std.dev: (1, 841)
[M::mem_pestat] mean and std.dev: (366.33, 142.16)
[M::mem_pestat] low and high boundaries for proper pairs: (1, 1031)
[M::mem_pestat] analyzing insert size distribution for orientation RF...
[M::mem_pestat] (25, 50, 75) percentile: (215, 641, 3901)
[M::mem_pestat] low and high boundaries for computing mean and std.dev: (1, 11273)
[M::mem_pestat] mean and std.dev: (2104.19, 2631.33)
[M::mem_pestat] low and high boundaries for proper pairs: (1, 14959)
[M::mem_pestat] analyzing insert size distribution for orientation RR...
[M::mem_pestat] (25, 50, 75) percentile: (324, 751, 1669)
[M::mem_pestat] low and high boundaries for computing mean and std.dev: (1, 4359)
[M::mem_pestat] mean and std.dev: (1322.05, 1392.49)
[M::mem_pestat] low and high boundaries for proper pairs: (1, 6892)
[M::mem_pestat] skip orientation FF
[M::mem_pestat] skip orientation RF
[M::mem_pestat] skip orientation RR
[M::process] read 1066668 sequences (160000200 bp)...
[M::mem_process_seqs] Processed 1066668 reads in 828.671 CPU sec, 53.705 real sec
[M::mem_pestat] # candidate unique pairs for (FF, FR, RF, RR): (36, 222977, 66, 43)
[M::mem_pestat] analyzing insert size distribution for orientation FF...
[M::mem_pestat] (25, 50, 75) percentile: (284, 534, 1286)
[M::mem_pestat] low and high boundaries for computing mean and std.dev: (1, 3290)
[M::mem_pestat] mean and std.dev: (781.32, 761.66)
[M::mem_pestat] low and high boundaries for proper pairs: (1, 4292)
[M::mem_pestat] analyzing insert size distribution for orientation FR...
[M::mem_pestat] (25, 50, 75) percentile: (270, 357, 461)
[M::mem_pestat] low and high boundaries for computing mean and std.dev: (1, 843)
[M::mem_pestat] mean and std.dev: (366.44, 143.25)
[M::mem_pestat] low and high boundaries for proper pairs: (1, 1034)
[M::mem_pestat] analyzing insert size distribution for orientation RF...
[M::mem_pestat] (25, 50, 75) percentile: (233, 1577, 4165)
[M::mem_pestat] low and high boundaries for computing mean and std.dev: (1, 12029)
[M::mem_pestat] mean and std.dev: (2575.44, 2641.87)
[M::mem_pestat] low and high boundaries for proper pairs: (1, 15961)
[M::mem_pestat] analyzing insert size distribution for orientation RR...
[M::mem_pestat] (25, 50, 75) percentile: (372, 494, 1198)
[M::mem_pestat] low and high boundaries for computing mean and std.dev: (1, 2850)
[M::mem_pestat] mean and std.dev: (790.90, 668.02)
[M::mem_pestat] low and high boundaries for proper pairs: (1, 3676)
[M::mem_pestat] skip orientation FF
[M::mem_pestat] skip orientation RF
[M::mem_pestat] skip orientation RR
[M::process] read 1066668 sequences (160000200 bp)...
[M::mem_process_seqs] Processed 1066668 reads in 767.824 CPU sec, 49.760 real sec
[M::mem_pestat] # candidate unique pairs for (FF, FR, RF, RR): (41, 223620, 72, 31)
[M::mem_pestat] analyzing insert size distribution for orientation FF...
[M::mem_pestat] (25, 50, 75) percentile: (379, 669, 2111)
[M::mem_pestat] low and high boundaries for computing mean and std.dev: (1, 5575)
[M::mem_pestat] mean and std.dev: (1363.85, 1442.76)
[M::mem_pestat] low and high boundaries for proper pairs: (1, 7307)
[M::mem_pestat] analyzing insert size distribution for orientation FR...
[M::mem_pestat] (25, 50, 75) percentile: (271, 356, 457)
[M::mem_pestat] low and high boundaries for computing mean and std.dev: (1, 829)
[M::mem_pestat] mean and std.dev: (364.87, 140.84)
[M::mem_pestat] low and high boundaries for proper pairs: (1, 1015)
[M::mem_pestat] analyzing insert size distribution for orientation RF...
[M::mem_pestat] (25, 50, 75) percentile: (400, 1164, 3795)
[M::mem_pestat] low and high boundaries for computing mean and std.dev: (1, 10585)
[M::mem_pestat] mean and std.dev: (2405.18, 2897.27)
[M::mem_pestat] low and high boundaries for proper pairs: (1, 13994)
[M::mem_pestat] analyzing insert size distribution for orientation RR...
[M::mem_pestat] (25, 50, 75) percentile: (221, 352, 1439)
[M::mem_pestat] low and high boundaries for computing mean and std.dev: (1, 3875)
[M::mem_pestat] mean and std.dev: (534.60, 638.16)
[M::mem_pestat] low and high boundaries for proper pairs: (1, 5093)
[M::mem_pestat] skip orientation FF
[M::mem_pestat] skip orientation RF
[M::mem_pestat] skip orientation RR
[M::process] read 1066668 sequences (160000200 bp)...
[M::mem_process_seqs] Processed 1066668 reads in 848.293 CPU sec, 55.063 real sec
[M::mem_pestat] # candidate unique pairs for (FF, FR, RF, RR): (24, 223330, 72, 27)
[M::mem_pestat] analyzing insert size distribution for orientation FF...
[M::mem_pestat] (25, 50, 75) percentile: (252, 391, 3418)
[M::mem_pestat] low and high boundaries for computing mean and std.dev: (1, 9750)
[M::mem_pestat] mean and std.dev: (1708.50, 2253.91)
[M::mem_pestat] low and high boundaries for proper pairs: (1, 12916)
[M::mem_pestat] analyzing insert size distribution for orientation FR...
[M::mem_pestat] (25, 50, 75) percentile: (270, 355, 457)
[M::mem_pestat] low and high boundaries for computing mean and std.dev: (1, 831)
[M::mem_pestat] mean and std.dev: (364.30, 141.29)
[M::mem_pestat] low and high boundaries for proper pairs: (1, 1018)
[M::mem_pestat] analyzing insert size distribution for orientation RF...
[M::mem_pestat] (25, 50, 75) percentile: (358, 2421, 6768)
[M::mem_pestat] low and high boundaries for computing mean and std.dev: (1, 19588)
[M::mem_pestat] mean and std.dev: (3358.82, 3172.31)
[M::mem_pestat] low and high boundaries for proper pairs: (1, 25998)
[M::mem_pestat] analyzing insert size distribution for orientation RR...
[M::mem_pestat] (25, 50, 75) percentile: (199, 435, 1771)
[M::mem_pestat] low and high boundaries for computing mean and std.dev: (1, 4915)
[M::mem_pestat] mean and std.dev: (664.68, 718.29)
[M::mem_pestat] low and high boundaries for proper pairs: (1, 6487)
[M::mem_pestat] skip orientation FF
[M::mem_pestat] skip orientation RF
[M::mem_pestat] skip orientation RR
[M::process] read 1066668 sequences (160000200 bp)...
[M::mem_process_seqs] Processed 1066668 reads in 851.560 CPU sec, 55.288 real sec
[M::mem_pestat] # candidate unique pairs for (FF, FR, RF, RR): (26, 222256, 101, 34)
[M::mem_pestat] analyzing insert size distribution for orientation FF...
[M::mem_pestat] (25, 50, 75) percentile: (373, 486, 1470)
[M::mem_pestat] low and high boundaries for computing mean and std.dev: (1, 3664)
[M::mem_pestat] mean and std.dev: (760.70, 715.65)
[M::mem_pestat] low and high boundaries for proper pairs: (1, 4761)
[M::mem_pestat] analyzing insert size distribution for orientation FR...
[M::mem_pestat] (25, 50, 75) percentile: (265, 350, 453)
[M::mem_pestat] low and high boundaries for computing mean and std.dev: (1, 829)
[M::mem_pestat] mean and std.dev: (360.19, 140.66)
[M::mem_pestat] low and high boundaries for proper pairs: (1, 1017)
[M::mem_pestat] analyzing insert size distribution for orientation RF...
[M::mem_pestat] (25, 50, 75) percentile: (233, 962, 4409)
[M::mem_pestat] low and high boundaries for computing mean and std.dev: (1, 12761)
[M::mem_pestat] mean and std.dev: (2636.73, 3124.28)
[M::mem_pestat] low and high boundaries for proper pairs: (1, 16937)
[M::mem_pestat] analyzing insert size distribution for orientation RR...
[M::mem_pestat] (25, 50, 75) percentile: (276, 527, 1263)
[M::mem_pestat] low and high boundaries for computing mean and std.dev: (1, 3237)
[M::mem_pestat] mean and std.dev: (594.29, 498.90)
[M::mem_pestat] low and high boundaries for proper pairs: (1, 4224)
[M::mem_pestat] skip orientation FF
[M::mem_pestat] skip orientation RF
[M::mem_pestat] skip orientation RR
[M::process] read 1066668 sequences (160000200 bp)...
[M::mem_process_seqs] Processed 1066668 reads in 863.909 CPU sec, 55.937 real sec
[M::mem_pestat] # candidate unique pairs for (FF, FR, RF, RR): (30, 222537, 75, 43)
[M::mem_pestat] analyzing insert size distribution for orientation FF...
[M::mem_pestat] (25, 50, 75) percentile: (215, 633, 1362)
[M::mem_pestat] low and high boundaries for computing mean and std.dev: (1, 3656)
[M::mem_pestat] mean and std.dev: (815.48, 773.32)
[M::mem_pestat] low and high boundaries for proper pairs: (1, 4803)
[M::mem_pestat] analyzing insert size distribution for orientation FR...
[M::mem_pestat] (25, 50, 75) percentile: (266, 350, 452)
[M::mem_pestat] low and high boundaries for computing mean and std.dev: (1, 824)
[M::mem_pestat] mean and std.dev: (359.88, 139.81)
[M::mem_pestat] low and high boundaries for proper pairs: (1, 1010)
[M::mem_pestat] analyzing insert size distribution for orientation RF...
[M::mem_pestat] (25, 50, 75) percentile: (393, 1634, 6198)
[M::mem_pestat] low and high boundaries for computing mean and std.dev: (1, 17808)
[M::mem_pestat] mean and std.dev: (3111.21, 3185.58)
[M::mem_pestat] low and high boundaries for proper pairs: (1, 23613)
[M::mem_pestat] analyzing insert size distribution for orientation RR...
[M::mem_pestat] (25, 50, 75) percentile: (421, 748, 2411)
[M::mem_pestat] low and high boundaries for computing mean and std.dev: (1, 6391)
[M::mem_pestat] mean and std.dev: (1117.81, 1093.20)
[M::mem_pestat] low and high boundaries for proper pairs: (1, 8381)
[M::mem_pestat] skip orientation FF
[M::mem_pestat] skip orientation RF
[M::mem_pestat] skip orientation RR
[M::process] read 1066668 sequences (160000200 bp)...
[M::mem_process_seqs] Processed 1066668 reads in 863.167 CPU sec, 55.804 real sec
[M::mem_pestat] # candidate unique pairs for (FF, FR, RF, RR): (39, 221003, 85, 32)
[M::mem_pestat] analyzing insert size distribution for orientation FF...
[M::mem_pestat] (25, 50, 75) percentile: (153, 389, 2435)
[M::mem_pestat] low and high boundaries for computing mean and std.dev: (1, 6999)
[M::mem_pestat] mean and std.dev: (1604.74, 2122.38)
[M::mem_pestat] low and high boundaries for proper pairs: (1, 10094)
[M::mem_pestat] analyzing insert size distribution for orientation FR...
[M::mem_pestat] (25, 50, 75) percentile: (264, 351, 453)
[M::mem_pestat] low and high boundaries for computing mean and std.dev: (1, 831)
[M::mem_pestat] mean and std.dev: (359.36, 141.38)
[M::mem_pestat] low and high boundaries for proper pairs: (1, 1020)
[M::mem_pestat] analyzing insert size distribution for orientation RF...
[M::mem_pestat] (25, 50, 75) percentile: (429, 2129, 4331)
[M::mem_pestat] low and high boundaries for computing mean and std.dev: (1, 12135)
[M::mem_pestat] mean and std.dev: (2799.31, 2654.89)
[M::mem_pestat] low and high boundaries for proper pairs: (1, 16037)
[M::mem_pestat] analyzing insert size distribution for orientation RR...
[M::mem_pestat] (25, 50, 75) percentile: (141, 213, 696)
[M::mem_pestat] low and high boundaries for computing mean and std.dev: (1, 1806)
[M::mem_pestat] mean and std.dev: (341.69, 362.49)
[M::mem_pestat] low and high boundaries for proper pairs: (1, 2361)
[M::mem_pestat] skip orientation FF
[M::mem_pestat] skip orientation RF
[M::mem_pestat] skip orientation RR
[M::process] read 1066668 sequences (160000200 bp)...
[M::mem_process_seqs] Processed 1066668 reads in 863.850 CPU sec, 56.156 real sec
[M::mem_pestat] # candidate unique pairs for (FF, FR, RF, RR): (28, 221647, 102, 28)
[M::mem_pestat] analyzing insert size distribution for orientation FF...
[M::mem_pestat] (25, 50, 75) percentile: (381, 563, 2301)
[M::mem_pestat] low and high boundaries for computing mean and std.dev: (1, 6141)
[M::mem_pestat] mean and std.dev: (1289.25, 1331.24)
[M::mem_pestat] low and high boundaries for proper pairs: (1, 8061)
[M::mem_pestat] analyzing insert size distribution for orientation FR...
[M::mem_pestat] (25, 50, 75) percentile: (271, 359, 462)
[M::mem_pestat] low and high boundaries for computing mean and std.dev: (1, 844)
[M::mem_pestat] mean and std.dev: (367.11, 143.52)
[M::mem_pestat] low and high boundaries for proper pairs: (1, 1035)
[M::mem_pestat] analyzing insert size distribution for orientation RF...
[M::mem_pestat] (25, 50, 75) percentile: (265, 974, 4229)
[M::mem_pestat] low and high boundaries for computing mean and std.dev: (1, 12157)
[M::mem_pestat] mean and std.dev: (2484.24, 2939.15)
[M::mem_pestat] low and high boundaries for proper pairs: (1, 16121)
[M::mem_pestat] analyzing insert size distribution for orientation RR...
[M::mem_pestat] (25, 50, 75) percentile: (255, 313, 1158)
[M::mem_pestat] low and high boundaries for computing mean and std.dev: (1, 2964)
[M::mem_pestat] mean and std.dev: (731.00, 777.85)
[M::mem_pestat] low and high boundaries for proper pairs: (1, 3867)
[M::mem_pestat] skip orientation FF
[M::mem_pestat] skip orientation RF
[M::mem_pestat] skip orientation RR
[M::mem_process_seqs] Processed 1066668 reads in 842.007 CPU sec, 56.367 real sec
[M::process] read 1066668 sequences (160000200 bp)...
[M::mem_pestat] # candidate unique pairs for (FF, FR, RF, RR): (39, 223973, 54, 50)
[M::mem_pestat] analyzing insert size distribution for orientation FF...
[M::mem_pestat] (25, 50, 75) percentile: (232, 440, 1186)
[M::mem_pestat] low and high boundaries for computing mean and std.dev: (1, 3094)
[M::mem_pestat] mean and std.dev: (471.68, 345.07)
[M::mem_pestat] low and high boundaries for proper pairs: (1, 4048)
[M::mem_pestat] analyzing insert size distribution for orientation FR...
[M::mem_pestat] (25, 50, 75) percentile: (270, 356, 457)
[M::mem_pestat] low and high boundaries for computing mean and std.dev: (1, 831)
[M::mem_pestat] mean and std.dev: (363.71, 140.66)
[M::mem_pestat] low and high boundaries for proper pairs: (1, 1018)
[M::mem_pestat] analyzing insert size distribution for orientation RF...
[M::mem_pestat] (25, 50, 75) percentile: (274, 820, 1946)
[M::mem_pestat] low and high boundaries for computing mean and std.dev: (1, 5290)
[M::mem_pestat] mean and std.dev: (1075.67, 1163.90)
[M::mem_pestat] low and high boundaries for proper pairs: (1, 6962)
[M::mem_pestat] analyzing insert size distribution for orientation RR...
[M::mem_pestat] (25, 50, 75) percentile: (305, 759, 2048)
[M::mem_pestat] low and high boundaries for computing mean and std.dev: (1, 5534)
[M::mem_pestat] mean and std.dev: (1390.69, 1421.19)
[M::mem_pestat] low and high boundaries for proper pairs: (1, 7277)
[M::mem_pestat] skip orientation FF
[M::mem_pestat] skip orientation RF
[M::mem_pestat] skip orientation RR
[M::process] read 1066668 sequences (160000200 bp)...
[M::mem_process_seqs] Processed 1066668 reads in 836.867 CPU sec, 54.165 real sec
[M::mem_pestat] # candidate unique pairs for (FF, FR, RF, RR): (31, 222784, 82, 31)
[M::mem_pestat] analyzing insert size distribution for orientation FF...
[M::mem_pestat] (25, 50, 75) percentile: (384, 692, 1958)
[M::mem_pestat] low and high boundaries for computing mean and std.dev: (1, 5106)
[M::mem_pestat] mean and std.dev: (1450.53, 1558.77)
[M::mem_pestat] low and high boundaries for proper pairs: (1, 7686)
[M::mem_pestat] analyzing insert size distribution for orientation FR...
[M::mem_pestat] (25, 50, 75) percentile: (267, 353, 457)
[M::mem_pestat] low and high boundaries for computing mean and std.dev: (1, 837)
[M::mem_pestat] mean and std.dev: (363.12, 142.84)
[M::mem_pestat] low and high boundaries for proper pairs: (1, 1027)
[M::mem_pestat] analyzing insert size distribution for orientation RF...
[M::mem_pestat] (25, 50, 75) percentile: (347, 1186, 3347)
[M::mem_pestat] low and high boundaries for computing mean and std.dev: (1, 9347)
[M::mem_pestat] mean and std.dev: (2429.99, 2804.65)
[M::mem_pestat] low and high boundaries for proper pairs: (1, 13649)
[M::mem_pestat] analyzing insert size distribution for orientation RR...
[M::mem_pestat] (25, 50, 75) percentile: (286, 632, 1106)
[M::mem_pestat] low and high boundaries for computing mean and std.dev: (1, 2746)
[M::mem_pestat] mean and std.dev: (604.88, 500.28)
[M::mem_pestat] low and high boundaries for proper pairs: (1, 3566)
[M::mem_pestat] skip orientation FF
[M::mem_pestat] skip orientation RF
[M::mem_pestat] skip orientation RR
[M::process] read 1066668 sequences (160000200 bp)...
[M::mem_process_seqs] Processed 1066668 reads in 857.328 CPU sec, 55.435 real sec
[M::mem_pestat] # candidate unique pairs for (FF, FR, RF, RR): (25, 222805, 84, 32)
[M::mem_pestat] analyzing insert size distribution for orientation FF...
[M::mem_pestat] (25, 50, 75) percentile: (152, 337, 1358)
[M::mem_pestat] low and high boundaries for computing mean and std.dev: (1, 3770)
[M::mem_pestat] mean and std.dev: (561.30, 676.34)
[M::mem_pestat] low and high boundaries for proper pairs: (1, 4976)
[M::mem_pestat] analyzing insert size distribution for orientation FR...
[M::mem_pestat] (25, 50, 75) percentile: (265, 351, 453)
[M::mem_pestat] low and high boundaries for computing mean and std.dev: (1, 829)
[M::mem_pestat] mean and std.dev: (360.37, 141.38)
[M::mem_pestat] low and high boundaries for proper pairs: (1, 1017)
[M::mem_pestat] analyzing insert size distribution for orientation RF...
[M::mem_pestat] (25, 50, 75) percentile: (267, 1929, 6024)
[M::mem_pestat] low and high boundaries for computing mean and std.dev: (1, 17538)
[M::mem_pestat] mean and std.dev: (3020.62, 3192.73)
[M::mem_pestat] low and high boundaries for proper pairs: (1, 23295)
[M::mem_pestat] analyzing insert size distribution for orientation RR...
[M::mem_pestat] (25, 50, 75) percentile: (258, 672, 1392)
[M::mem_pestat] low and high boundaries for computing mean and std.dev: (1, 3660)
[M::mem_pestat] mean and std.dev: (803.68, 636.36)
[M::mem_pestat] low and high boundaries for proper pairs: (1, 4794)
[M::mem_pestat] skip orientation FF
[M::mem_pestat] skip orientation RF
[M::mem_pestat] skip orientation RR
[M::process] read 1066668 sequences (160000200 bp)...
[M::mem_process_seqs] Processed 1066668 reads in 851.770 CPU sec, 55.037 real sec
[M::mem_pestat] # candidate unique pairs for (FF, FR, RF, RR): (25, 223140, 65, 43)
[M::mem_pestat] analyzing insert size distribution for orientation FF...
[M::mem_pestat] (25, 50, 75) percentile: (225, 562, 2148)
[M::mem_pestat] low and high boundaries for computing mean and std.dev: (1, 5994)
[M::mem_pestat] mean and std.dev: (862.21, 822.01)
[M::mem_pestat] low and high boundaries for proper pairs: (1, 7917)
[M::mem_pestat] analyzing insert size distribution for orientation FR...
[M::mem_pestat] (25, 50, 75) percentile: (268, 354, 457)
[M::mem_pestat] low and high boundaries for computing mean and std.dev: (1, 835)
[M::mem_pestat] mean and std.dev: (363.98, 141.97)
[M::mem_pestat] low and high boundaries for proper pairs: (1, 1024)
[M::mem_pestat] analyzing insert size distribution for orientation RF...
[M::mem_pestat] (25, 50, 75) percentile: (435, 1296, 4027)
[M::mem_pestat] low and high boundaries for computing mean and std.dev: (1, 11211)
[M::mem_pestat] mean and std.dev: (2415.23, 2484.83)
[M::mem_pestat] low and high boundaries for proper pairs: (1, 14803)
[M::mem_pestat] analyzing insert size distribution for orientation RR...
[M::mem_pestat] (25, 50, 75) percentile: (267, 587, 1177)
[M::mem_pestat] low and high boundaries for computing mean and std.dev: (1, 2997)
[M::mem_pestat] mean and std.dev: (876.42, 775.18)
[M::mem_pestat] low and high boundaries for proper pairs: (1, 3977)
[M::mem_pestat] skip orientation FF
[M::mem_pestat] skip orientation RF
[M::mem_pestat] skip orientation RR
[M::process] read 1066668 sequences (160000200 bp)...
[M::mem_process_seqs] Processed 1066668 reads in 854.353 CPU sec, 55.478 real sec
[M::mem_pestat] # candidate unique pairs for (FF, FR, RF, RR): (38, 222081, 61, 41)
[M::mem_pestat] analyzing insert size distribution for orientation FF...
[M::mem_pestat] (25, 50, 75) percentile: (155, 317, 412)
[M::mem_pestat] low and high boundaries for computing mean and std.dev: (1, 926)
[M::mem_pestat] mean and std.dev: (278.09, 167.38)
[M::mem_pestat] low and high boundaries for proper pairs: (1, 1183)
[M::mem_pestat] analyzing insert size distribution for orientation FR...
[M::mem_pestat] (25, 50, 75) percentile: (267, 352, 456)
[M::mem_pestat] low and high boundaries for computing mean and std.dev: (1, 834)
[M::mem_pestat] mean and std.dev: (362.32, 141.52)
[M::mem_pestat] low and high boundaries for proper pairs: (1, 1023)
[M::mem_pestat] analyzing insert size distribution for orientation RF...
[M::mem_pestat] (25, 50, 75) percentile: (434, 1324, 4646)
[M::mem_pestat] low and high boundaries for computing mean and std.dev: (1, 13070)
[M::mem_pestat] mean and std.dev: (2735.33, 2974.67)
[M::mem_pestat] low and high boundaries for proper pairs: (1, 17282)
[M::mem_pestat] analyzing insert size distribution for orientation RR...
[M::mem_pestat] (25, 50, 75) percentile: (239, 478, 1645)
[M::mem_pestat] low and high boundaries for computing mean and std.dev: (1, 4457)
[M::mem_pestat] mean and std.dev: (775.89, 981.58)
[M::mem_pestat] low and high boundaries for proper pairs: (1, 5863)
[M::mem_pestat] skip orientation FF
[M::mem_pestat] skip orientation RF
[M::mem_pestat] skip orientation RR
[M::process] read 1066668 sequences (160000200 bp)...
[M::mem_process_seqs] Processed 1066668 reads in 865.340 CPU sec, 56.009 real sec
[M::mem_pestat] # candidate unique pairs for (FF, FR, RF, RR): (34, 222769, 82, 35)
[M::mem_pestat] analyzing insert size distribution for orientation FF...
[M::mem_pestat] (25, 50, 75) percentile: (399, 586, 2584)
[M::mem_pestat] low and high boundaries for computing mean and std.dev: (1, 6954)
[M::mem_pestat] mean and std.dev: (1365.58, 1789.43)
[M::mem_pestat] low and high boundaries for proper pairs: (1, 9139)
[M::mem_pestat] analyzing insert size distribution for orientation FR...
[M::mem_pestat] (25, 50, 75) percentile: (266, 351, 455)
[M::mem_pestat] low and high boundaries for computing mean and std.dev: (1, 833)
[M::mem_pestat] mean and std.dev: (361.95, 141.97)
[M::mem_pestat] low and high boundaries for proper pairs: (1, 1022)
[M::mem_pestat] analyzing insert size distribution for orientation RF...
[M::mem_pestat] (25, 50, 75) percentile: (196, 1202, 4023)
[M::mem_pestat] low and high boundaries for computing mean and std.dev: (1, 11677)
[M::mem_pestat] mean and std.dev: (2438.20, 2771.34)
[M::mem_pestat] low and high boundaries for proper pairs: (1, 15504)
[M::mem_pestat] analyzing insert size distribution for orientation RR...
[M::mem_pestat] (25, 50, 75) percentile: (132, 270, 1015)
[M::mem_pestat] low and high boundaries for computing mean and std.dev: (1, 2781)
[M::mem_pestat] mean and std.dev: (487.50, 492.22)
[M::mem_pestat] low and high boundaries for proper pairs: (1, 3664)
[M::mem_pestat] skip orientation FF
[M::mem_pestat] skip orientation RF
[M::mem_pestat] skip orientation RR
[M::process] read 1066668 sequences (160000200 bp)...
[M::mem_process_seqs] Processed 1066668 reads in 859.042 CPU sec, 55.925 real sec
[M::mem_pestat] # candidate unique pairs for (FF, FR, RF, RR): (34, 221911, 81, 32)
[M::mem_pestat] analyzing insert size distribution for orientation FF...
[M::mem_pestat] (25, 50, 75) percentile: (255, 417, 1009)
[M::mem_pestat] low and high boundaries for computing mean and std.dev: (1, 2517)
[M::mem_pestat] mean and std.dev: (552.06, 501.71)
[M::mem_pestat] low and high boundaries for proper pairs: (1, 3271)
[M::mem_pestat] analyzing insert size distribution for orientation FR...
[M::mem_pestat] (25, 50, 75) percentile: (265, 350, 453)
[M::mem_pestat] low and high boundaries for computing mean and std.dev: (1, 829)
[M::mem_pestat] mean and std.dev: (359.81, 140.75)
[M::mem_pestat] low and high boundaries for proper pairs: (1, 1017)
[M::mem_pestat] analyzing insert size distribution for orientation RF...
[M::mem_pestat] (25, 50, 75) percentile: (156, 851, 7051)
[M::mem_pestat] low and high boundaries for computing mean and std.dev: (1, 20841)
[M::mem_pestat] mean and std.dev: (2958.77, 3514.15)
[M::mem_pestat] low and high boundaries for proper pairs: (1, 27736)
[M::mem_pestat] analyzing insert size distribution for orientation RR...
[M::mem_pestat] (25, 50, 75) percentile: (230, 448, 932)
[M::mem_pestat] low and high boundaries for computing mean and std.dev: (1, 2336)
[M::mem_pestat] mean and std.dev: (589.19, 609.67)
[M::mem_pestat] low and high boundaries for proper pairs: (1, 3038)
[M::mem_pestat] skip orientation FF
[M::mem_pestat] skip orientation RF
[M::mem_pestat] skip orientation RR
[M::process] read 1066668 sequences (160000200 bp)...
[M::mem_process_seqs] Processed 1066668 reads in 800.010 CPU sec, 51.794 real sec
[M::mem_pestat] # candidate unique pairs for (FF, FR, RF, RR): (44, 223282, 69, 22)
[M::mem_pestat] analyzing insert size distribution for orientation FF...
[M::mem_pestat] (25, 50, 75) percentile: (293, 676, 2069)
[M::mem_pestat] low and high boundaries for computing mean and std.dev: (1, 5621)
[M::mem_pestat] mean and std.dev: (1229.68, 1184.58)
[M::mem_pestat] low and high boundaries for proper pairs: (1, 7397)
[M::mem_pestat] analyzing insert size distribution for orientation FR...
[M::mem_pestat] (25, 50, 75) percentile: (269, 355, 456)
[M::mem_pestat] low and high boundaries for computing mean and std.dev: (1, 830)
[M::mem_pestat] mean and std.dev: (362.67, 140.81)
[M::mem_pestat] low and high boundaries for proper pairs: (1, 1017)
[M::mem_pestat] analyzing insert size distribution for orientation RF...
[M::mem_pestat] (25, 50, 75) percentile: (331, 2680, 5539)
[M::mem_pestat] low and high boundaries for computing mean and std.dev: (1, 15955)
[M::mem_pestat] mean and std.dev: (3061.87, 2949.55)
[M::mem_pestat] low and high boundaries for proper pairs: (1, 21163)
[M::mem_pestat] analyzing insert size distribution for orientation RR...
[M::mem_pestat] (25, 50, 75) percentile: (341, 378, 680)
[M::mem_pestat] low and high boundaries for computing mean and std.dev: (1, 1358)
[M::mem_pestat] mean and std.dev: (444.25, 167.31)
[M::mem_pestat] low and high boundaries for proper pairs: (1, 1697)
[M::mem_pestat] skip orientation FF
[M::mem_pestat] skip orientation RF
[M::mem_pestat] skip orientation RR
[M::process] read 1066668 sequences (160000200 bp)...
[M::mem_process_seqs] Processed 1066668 reads in 758.829 CPU sec, 49.169 real sec
[M::mem_pestat] # candidate unique pairs for (FF, FR, RF, RR): (53, 223064, 63, 25)
[M::mem_pestat] analyzing insert size distribution for orientation FF...
[M::mem_pestat] (25, 50, 75) percentile: (233, 533, 1230)
[M::mem_pestat] low and high boundaries for computing mean and std.dev: (1, 3224)
[M::mem_pestat] mean and std.dev: (528.64, 396.58)
[M::mem_pestat] low and high boundaries for proper pairs: (1, 4221)
[M::mem_pestat] analyzing insert size distribution for orientation FR...
[M::mem_pestat] (25, 50, 75) percentile: (273, 358, 459)
[M::mem_pestat] low and high boundaries for computing mean and std.dev: (1, 831)
[M::mem_pestat] mean and std.dev: (365.85, 140.21)
[M::mem_pestat] low and high boundaries for proper pairs: (1, 1017)
[M::mem_pestat] analyzing insert size distribution for orientation RF...
[M::mem_pestat] (25, 50, 75) percentile: (483, 2621, 6112)
[M::mem_pestat] low and high boundaries for computing mean and std.dev: (1, 17370)
[M::mem_pestat] mean and std.dev: (3277.41, 2978.07)
[M::mem_pestat] low and high boundaries for proper pairs: (1, 22999)
[M::mem_pestat] analyzing insert size distribution for orientation RR...
[M::mem_pestat] (25, 50, 75) percentile: (253, 453, 3078)
[M::mem_pestat] low and high boundaries for computing mean and std.dev: (1, 8728)
[M::mem_pestat] mean and std.dev: (1412.32, 1754.67)
[M::mem_pestat] low and high boundaries for proper pairs: (1, 11553)
[M::mem_pestat] skip orientation FF
[M::mem_pestat] skip orientation RF
[M::mem_pestat] skip orientation RR
[M::process] read 1066668 sequences (160000200 bp)...
[M::mem_process_seqs] Processed 1066668 reads in 759.601 CPU sec, 48.987 real sec
[M::mem_pestat] # candidate unique pairs for (FF, FR, RF, RR): (39, 223392, 76, 32)
[M::mem_pestat] analyzing insert size distribution for orientation FF...
[M::mem_pestat] (25, 50, 75) percentile: (314, 974, 1654)
[M::mem_pestat] low and high boundaries for computing mean and std.dev: (1, 4334)
[M::mem_pestat] mean and std.dev: (910.42, 710.13)
[M::mem_pestat] low and high boundaries for proper pairs: (1, 5674)
[M::mem_pestat] analyzing insert size distribution for orientation FR...
[M::mem_pestat] (25, 50, 75) percentile: (266, 351, 452)
[M::mem_pestat] low and high boundaries for computing mean and std.dev: (1, 824)
[M::mem_pestat] mean and std.dev: (359.76, 139.63)
[M::mem_pestat] low and high boundaries for proper pairs: (1, 1010)
[M::mem_pestat] analyzing insert size distribution for orientation RF...
[M::mem_pestat] (25, 50, 75) percentile: (217, 1360, 3733)
[M::mem_pestat] low and high boundaries for computing mean and std.dev: (1, 10765)
[M::mem_pestat] mean and std.dev: (2251.91, 2592.19)
[M::mem_pestat] low and high boundaries for proper pairs: (1, 14281)
[M::mem_pestat] analyzing insert size distribution for orientation RR...
[M::mem_pestat] (25, 50, 75) percentile: (280, 305, 1359)
[M::mem_pestat] low and high boundaries for computing mean and std.dev: (1, 3517)
[M::mem_pestat] mean and std.dev: (464.41, 417.10)
[M::mem_pestat] low and high boundaries for proper pairs: (1, 4596)
[M::mem_pestat] skip orientation FF
[M::mem_pestat] skip orientation RF
[M::mem_pestat] skip orientation RR
[M::process] read 1066668 sequences (160000200 bp)...
[M::mem_process_seqs] Processed 1066668 reads in 762.270 CPU sec, 49.632 real sec
[M::mem_pestat] # candidate unique pairs for (FF, FR, RF, RR): (41, 222507, 71, 30)
[M::mem_pestat] analyzing insert size distribution for orientation FF...
[M::mem_pestat] (25, 50, 75) percentile: (268, 393, 1573)
[M::mem_pestat] low and high boundaries for computing mean and std.dev: (1, 4183)
[M::mem_pestat] mean and std.dev: (695.74, 682.40)
[M::mem_pestat] low and high boundaries for proper pairs: (1, 5488)
[M::mem_pestat] analyzing insert size distribution for orientation FR...
[M::mem_pestat] (25, 50, 75) percentile: (270, 356, 458)
[M::mem_pestat] low and high boundaries for computing mean and std.dev: (1, 834)
[M::mem_pestat] mean and std.dev: (364.68, 141.49)
[M::mem_pestat] low and high boundaries for proper pairs: (1, 1022)
[M::mem_pestat] analyzing insert size distribution for orientation RF...
[M::mem_pestat] (25, 50, 75) percentile: (255, 1827, 4733)
[M::mem_pestat] low and high boundaries for computing mean and std.dev: (1, 13689)
[M::mem_pestat] mean and std.dev: (2943.10, 3099.86)
[M::mem_pestat] low and high boundaries for proper pairs: (1, 18167)
[M::mem_pestat] analyzing insert size distribution for orientation RR...
[M::mem_pestat] (25, 50, 75) percentile: (233, 881, 3316)
[M::mem_pestat] low and high boundaries for computing mean and std.dev: (1, 9482)
[M::mem_pestat] mean and std.dev: (2016.60, 2291.28)
[M::mem_pestat] low and high boundaries for proper pairs: (1, 12565)
[M::mem_pestat] skip orientation FF
[M::mem_pestat] skip orientation RF
[M::mem_pestat] skip orientation RR
[M::process] read 1066668 sequences (160000200 bp)...
[M::mem_process_seqs] Processed 1066668 reads in 767.485 CPU sec, 49.737 real sec
[M::mem_pestat] # candidate unique pairs for (FF, FR, RF, RR): (43, 222484, 106, 42)
[M::mem_pestat] analyzing insert size distribution for orientation FF...
[M::mem_pestat] (25, 50, 75) percentile: (385, 685, 2437)
[M::mem_pestat] low and high boundaries for computing mean and std.dev: (1, 6541)
[M::mem_pestat] mean and std.dev: (1292.38, 1245.30)
[M::mem_pestat] low and high boundaries for proper pairs: (1, 8593)
[M::mem_pestat] analyzing insert size distribution for orientation FR...
[M::mem_pestat] (25, 50, 75) percentile: (268, 353, 455)
[M::mem_pestat] low and high boundaries for computing mean and std.dev: (1, 829)
[M::mem_pestat] mean and std.dev: (362.12, 141.12)
[M::mem_pestat] low and high boundaries for proper pairs: (1, 1016)
[M::mem_pestat] analyzing insert size distribution for orientation RF...
[M::mem_pestat] (25, 50, 75) percentile: (535, 2488, 5330)
[M::mem_pestat] low and high boundaries for computing mean and std.dev: (1, 14920)
[M::mem_pestat] mean and std.dev: (3056.53, 2746.31)
[M::mem_pestat] low and high boundaries for proper pairs: (1, 19715)
[M::mem_pestat] analyzing insert size distribution for orientation RR...
[M::mem_pestat] (25, 50, 75) percentile: (292, 592, 2095)
[M::mem_pestat] low and high boundaries for computing mean and std.dev: (1, 5701)
[M::mem_pestat] mean and std.dev: (1091.87, 1203.72)
[M::mem_pestat] low and high boundaries for proper pairs: (1, 7504)
[M::mem_pestat] skip orientation FF
[M::mem_pestat] skip orientation RF
[M::mem_pestat] skip orientation RR
[M::process] read 1066668 sequences (160000200 bp)...
[M::mem_process_seqs] Processed 1066668 reads in 770.353 CPU sec, 50.460 real sec
[M::mem_pestat] # candidate unique pairs for (FF, FR, RF, RR): (45, 222805, 59, 31)
[M::mem_pestat] analyzing insert size distribution for orientation FF...
[M::mem_pestat] (25, 50, 75) percentile: (293, 490, 764)
[M::mem_pestat] low and high boundaries for computing mean and std.dev: (1, 1706)
[M::mem_pestat] mean and std.dev: (414.72, 225.61)
[M::mem_pestat] low and high boundaries for proper pairs: (1, 2177)
[M::mem_pestat] analyzing insert size distribution for orientation FR...
[M::mem_pestat] (25, 50, 75) percentile: (266, 350, 453)
[M::mem_pestat] low and high boundaries for computing mean and std.dev: (1, 827)
[M::mem_pestat] mean and std.dev: (360.84, 140.89)
[M::mem_pestat] low and high boundaries for proper pairs: (1, 1014)
[M::mem_pestat] analyzing insert size distribution for orientation RF...
[M::mem_pestat] (25, 50, 75) percentile: (515, 1575, 6884)
[M::mem_pestat] low and high boundaries for computing mean and std.dev: (1, 19622)
[M::mem_pestat] mean and std.dev: (3152.56, 3287.50)
[M::mem_pestat] low and high boundaries for proper pairs: (1, 25991)
[M::mem_pestat] analyzing insert size distribution for orientation RR...
[M::mem_pestat] (25, 50, 75) percentile: (281, 525, 1105)
[M::mem_pestat] low and high boundaries for computing mean and std.dev: (1, 2753)
[M::mem_pestat] mean and std.dev: (788.00, 800.69)
[M::mem_pestat] low and high boundaries for proper pairs: (1, 3991)
[M::mem_pestat] skip orientation FF
[M::mem_pestat] skip orientation RF
[M::mem_pestat] skip orientation RR
[M::process] read 1066668 sequences (160000200 bp)...
[M::mem_process_seqs] Processed 1066668 reads in 774.549 CPU sec, 50.038 real sec
[M::mem_pestat] # candidate unique pairs for (FF, FR, RF, RR): (31, 222384, 58, 48)
[M::mem_pestat] analyzing insert size distribution for orientation FF...
[M::mem_pestat] (25, 50, 75) percentile: (266, 359, 2196)
[M::mem_pestat] low and high boundaries for computing mean and std.dev: (1, 6056)
[M::mem_pestat] mean and std.dev: (1157.31, 1687.94)
[M::mem_pestat] low and high boundaries for proper pairs: (1, 7986)
[M::mem_pestat] analyzing insert size distribution for orientation FR...
[M::mem_pestat] (25, 50, 75) percentile: (265, 351, 455)
[M::mem_pestat] low and high boundaries for computing mean and std.dev: (1, 835)
[M::mem_pestat] mean and std.dev: (361.02, 141.76)
[M::mem_pestat] low and high boundaries for proper pairs: (1, 1025)
[M::mem_pestat] analyzing insert size distribution for orientation RF...
[M::mem_pestat] (25, 50, 75) percentile: (305, 1302, 5233)
[M::mem_pestat] low and high boundaries for computing mean and std.dev: (1, 15089)
[M::mem_pestat] mean and std.dev: (2913.81, 3181.73)
[M::mem_pestat] low and high boundaries for proper pairs: (1, 20017)
[M::mem_pestat] analyzing insert size distribution for orientation RR...
[M::mem_pestat] (25, 50, 75) percentile: (317, 1000, 2105)
[M::mem_pestat] low and high boundaries for computing mean and std.dev: (1, 5681)
[M::mem_pestat] mean and std.dev: (1333.91, 1274.00)
[M::mem_pestat] low and high boundaries for proper pairs: (1, 7469)
[M::mem_pestat] skip orientation FF
[M::mem_pestat] skip orientation RF
[M::mem_pestat] skip orientation RR
[M::process] read 1066668 sequences (160000200 bp)...
[M::mem_process_seqs] Processed 1066668 reads in 782.184 CPU sec, 50.510 real sec
[M::mem_pestat] # candidate unique pairs for (FF, FR, RF, RR): (24, 222604, 70, 36)
[M::mem_pestat] analyzing insert size distribution for orientation FF...
[M::mem_pestat] (25, 50, 75) percentile: (160, 260, 2536)
[M::mem_pestat] low and high boundaries for computing mean and std.dev: (1, 7288)
[M::mem_pestat] mean and std.dev: (1341.25, 1996.44)
[M::mem_pestat] low and high boundaries for proper pairs: (1, 9664)
[M::mem_pestat] analyzing insert size distribution for orientation FR...
[M::mem_pestat] (25, 50, 75) percentile: (264, 349, 450)
[M::mem_pestat] low and high boundaries for computing mean and std.dev: (1, 822)
[M::mem_pestat] mean and std.dev: (358.67, 140.53)
[M::mem_pestat] low and high boundaries for proper pairs: (1, 1008)
[M::mem_pestat] analyzing insert size distribution for orientation RF...
[M::mem_pestat] (25, 50, 75) percentile: (248, 1160, 3430)
[M::mem_pestat] low and high boundaries for computing mean and std.dev: (1, 9794)
[M::mem_pestat] mean and std.dev: (2450.41, 2876.68)
[M::mem_pestat] low and high boundaries for proper pairs: (1, 13957)
[M::mem_pestat] analyzing insert size distribution for orientation RR...
[M::mem_pestat] (25, 50, 75) percentile: (325, 506, 1051)
[M::mem_pestat] low and high boundaries for computing mean and std.dev: (1, 2503)
[M::mem_pestat] mean and std.dev: (575.78, 462.16)
[M::mem_pestat] low and high boundaries for proper pairs: (1, 3229)
[M::mem_pestat] skip orientation FF
[M::mem_pestat] skip orientation RF
[M::mem_pestat] skip orientation RR
[M::process] read 1066668 sequences (160000200 bp)...
[M::mem_process_seqs] Processed 1066668 reads in 785.272 CPU sec, 50.853 real sec
[M::mem_pestat] # candidate unique pairs for (FF, FR, RF, RR): (41, 220267, 69, 37)
[M::mem_pestat] analyzing insert size distribution for orientation FF...
[M::mem_pestat] (25, 50, 75) percentile: (330, 360, 833)
[M::mem_pestat] low and high boundaries for computing mean and std.dev: (1, 1839)
[M::mem_pestat] mean and std.dev: (462.32, 363.81)
[M::mem_pestat] low and high boundaries for proper pairs: (1, 2342)
[M::mem_pestat] analyzing insert size distribution for orientation FR...
[M::mem_pestat] (25, 50, 75) percentile: (269, 360, 470)
[M::mem_pestat] low and high boundaries for computing mean and std.dev: (1, 872)
[M::mem_pestat] mean and std.dev: (369.95, 147.43)
[M::mem_pestat] low and high boundaries for proper pairs: (1, 1073)
[M::mem_pestat] analyzing insert size distribution for orientation RF...
[M::mem_pestat] (25, 50, 75) percentile: (248, 1238, 4895)
[M::mem_pestat] low and high boundaries for computing mean and std.dev: (1, 14189)
[M::mem_pestat] mean and std.dev: (2657.62, 2939.55)
[M::mem_pestat] low and high boundaries for proper pairs: (1, 18836)
[M::mem_pestat] analyzing insert size distribution for orientation RR...
[M::mem_pestat] (25, 50, 75) percentile: (283, 812, 4388)
[M::mem_pestat] low and high boundaries for computing mean and std.dev: (1, 12598)
[M::mem_pestat] mean and std.dev: (2436.03, 3142.22)
[M::mem_pestat] low and high boundaries for proper pairs: (1, 16703)
[M::mem_pestat] skip orientation FF
[M::mem_pestat] skip orientation RF
[M::mem_pestat] skip orientation RR
[M::process] read 1066668 sequences (160000200 bp)...
[M::mem_process_seqs] Processed 1066668 reads in 800.600 CPU sec, 51.854 real sec
[M::mem_pestat] # candidate unique pairs for (FF, FR, RF, RR): (56, 219878, 70, 38)
[M::mem_pestat] analyzing insert size distribution for orientation FF...
[M::mem_pestat] (25, 50, 75) percentile: (219, 513, 1042)
[M::mem_pestat] low and high boundaries for computing mean and std.dev: (1, 2688)
[M::mem_pestat] mean and std.dev: (655.10, 681.98)
[M::mem_pestat] low and high boundaries for proper pairs: (1, 3511)
[M::mem_pestat] analyzing insert size distribution for orientation FR...
[M::mem_pestat] (25, 50, 75) percentile: (277, 375, 487)
[M::mem_pestat] low and high boundaries for computing mean and std.dev: (1, 907)
[M::mem_pestat] mean and std.dev: (381.98, 150.49)
[M::mem_pestat] low and high boundaries for proper pairs: (1, 1117)
[M::mem_pestat] analyzing insert size distribution for orientation RF...
[M::mem_pestat] (25, 50, 75) percentile: (336, 696, 2644)
[M::mem_pestat] low and high boundaries for computing mean and std.dev: (1, 7260)
[M::mem_pestat] mean and std.dev: (1070.40, 1208.55)
[M::mem_pestat] low and high boundaries for proper pairs: (1, 9568)
[M::mem_pestat] analyzing insert size distribution for orientation RR...
[M::mem_pestat] (25, 50, 75) percentile: (445, 554, 1561)
[M::mem_pestat] low and high boundaries for computing mean and std.dev: (1, 3793)
[M::mem_pestat] mean and std.dev: (679.18, 478.10)
[M::mem_pestat] low and high boundaries for proper pairs: (1, 4909)
[M::mem_pestat] skip orientation FF
[M::mem_pestat] skip orientation RF
[M::mem_pestat] skip orientation RR
[M::process] read 1066668 sequences (160000200 bp)...
[M::mem_process_seqs] Processed 1066668 reads in 795.571 CPU sec, 51.586 real sec
[M::mem_pestat] # candidate unique pairs for (FF, FR, RF, RR): (40, 220984, 84, 43)
[M::mem_pestat] analyzing insert size distribution for orientation FF...
[M::mem_pestat] (25, 50, 75) percentile: (435, 624, 1277)
[M::mem_pestat] low and high boundaries for computing mean and std.dev: (1, 2961)
[M::mem_pestat] mean and std.dev: (754.19, 599.05)
[M::mem_pestat] low and high boundaries for proper pairs: (1, 3803)
[M::mem_pestat] analyzing insert size distribution for orientation FR...
[M::mem_pestat] (25, 50, 75) percentile: (274, 367, 477)
[M::mem_pestat] low and high boundaries for computing mean and std.dev: (1, 883)
[M::mem_pestat] mean and std.dev: (376.54, 148.99)
[M::mem_pestat] low and high boundaries for proper pairs: (1, 1086)
[M::mem_pestat] analyzing insert size distribution for orientation RF...
[M::mem_pestat] (25, 50, 75) percentile: (743, 1625, 4077)
[M::mem_pestat] low and high boundaries for computing mean and std.dev: (1, 10745)
[M::mem_pestat] mean and std.dev: (2572.56, 2647.79)
[M::mem_pestat] low and high boundaries for proper pairs: (1, 14079)
[M::mem_pestat] analyzing insert size distribution for orientation RR...
[M::mem_pestat] (25, 50, 75) percentile: (407, 766, 883)
[M::mem_pestat] low and high boundaries for computing mean and std.dev: (1, 1835)
[M::mem_pestat] mean and std.dev: (623.45, 377.47)
[M::mem_pestat] low and high boundaries for proper pairs: (1, 2311)
[M::mem_pestat] skip orientation FF
[M::mem_pestat] skip orientation RF
[M::mem_pestat] skip orientation RR
[M::mem_process_seqs] Processed 1066668 reads in 787.852 CPU sec, 52.301 real sec
[M::process] read 1066668 sequences (160000200 bp)...
[M::mem_pestat] # candidate unique pairs for (FF, FR, RF, RR): (29, 220637, 102, 45)
[M::mem_pestat] analyzing insert size distribution for orientation FF...
[M::mem_pestat] (25, 50, 75) percentile: (103, 279, 1665)
[M::mem_pestat] low and high boundaries for computing mean and std.dev: (1, 4789)
[M::mem_pestat] mean and std.dev: (401.33, 481.96)
[M::mem_pestat] low and high boundaries for proper pairs: (1, 6351)
[M::mem_pestat] analyzing insert size distribution for orientation FR...
[M::mem_pestat] (25, 50, 75) percentile: (270, 362, 473)
[M::mem_pestat] low and high boundaries for computing mean and std.dev: (1, 879)
[M::mem_pestat] mean and std.dev: (372.85, 148.77)
[M::mem_pestat] low and high boundaries for proper pairs: (1, 1082)
[M::mem_pestat] analyzing insert size distribution for orientation RF...
[M::mem_pestat] (25, 50, 75) percentile: (101, 1277, 2762)
[M::mem_pestat] low and high boundaries for computing mean and std.dev: (1, 8084)
[M::mem_pestat] mean and std.dev: (1930.63, 2233.70)
[M::mem_pestat] low and high boundaries for proper pairs: (1, 10865)
[M::mem_pestat] analyzing insert size distribution for orientation RR...
[M::mem_pestat] (25, 50, 75) percentile: (389, 452, 1048)
[M::mem_pestat] low and high boundaries for computing mean and std.dev: (1, 2366)
[M::mem_pestat] mean and std.dev: (606.85, 364.28)
[M::mem_pestat] low and high boundaries for proper pairs: (1, 3025)
[M::mem_pestat] skip orientation FF
[M::mem_pestat] skip orientation RF
[M::mem_pestat] skip orientation RR
[M::process] read 1066668 sequences (160000200 bp)...
[M::mem_process_seqs] Processed 1066668 reads in 785.050 CPU sec, 50.657 real sec
[M::mem_pestat] # candidate unique pairs for (FF, FR, RF, RR): (37, 221089, 82, 36)
[M::mem_pestat] analyzing insert size distribution for orientation FF...
[M::mem_pestat] (25, 50, 75) percentile: (230, 580, 2425)
[M::mem_pestat] low and high boundaries for computing mean and std.dev: (1, 6815)
[M::mem_pestat] mean and std.dev: (1295.80, 1694.34)
[M::mem_pestat] low and high boundaries for proper pairs: (1, 9010)
[M::mem_pestat] analyzing insert size distribution for orientation FR...
[M::mem_pestat] (25, 50, 75) percentile: (270, 360, 469)
[M::mem_pestat] low and high boundaries for computing mean and std.dev: (1, 867)
[M::mem_pestat] mean and std.dev: (370.49, 146.84)
[M::mem_pestat] low and high boundaries for proper pairs: (1, 1066)
[M::mem_pestat] analyzing insert size distribution for orientation RF...
[M::mem_pestat] (25, 50, 75) percentile: (579, 2717, 6614)
[M::mem_pestat] low and high boundaries for computing mean and std.dev: (1, 18684)
[M::mem_pestat] mean and std.dev: (3370.61, 3054.53)
[M::mem_pestat] low and high boundaries for proper pairs: (1, 24719)
[M::mem_pestat] analyzing insert size distribution for orientation RR...
[M::mem_pestat] (25, 50, 75) percentile: (289, 943, 1904)
[M::mem_pestat] low and high boundaries for computing mean and std.dev: (1, 5134)
[M::mem_pestat] mean and std.dev: (1093.38, 928.12)
[M::mem_pestat] low and high boundaries for proper pairs: (1, 6749)
[M::mem_pestat] skip orientation FF
[M::mem_pestat] skip orientation RF
[M::mem_pestat] skip orientation RR
[M::process] read 1066668 sequences (160000200 bp)...
[M::mem_process_seqs] Processed 1066668 reads in 788.165 CPU sec, 51.388 real sec
[M::process] read 1066668 sequences (160000200 bp)...
[M::mem_pestat] # candidate unique pairs for (FF, FR, RF, RR): (32, 221810, 95, 41)
[M::mem_pestat] analyzing insert size distribution for orientation FF...
[M::mem_pestat] (25, 50, 75) percentile: (423, 761, 3049)
[M::mem_pestat] low and high boundaries for computing mean and std.dev: (1, 8301)
[M::mem_pestat] mean and std.dev: (1959.38, 2162.76)
[M::mem_pestat] low and high boundaries for proper pairs: (1, 10927)
[M::mem_pestat] analyzing insert size distribution for orientation FR...
[M::mem_pestat] (25, 50, 75) percentile: (272, 360, 469)
[M::mem_pestat] low and high boundaries for computing mean and std.dev: (1, 863)
[M::mem_pestat] mean and std.dev: (371.45, 146.33)
[M::mem_pestat] low and high boundaries for proper pairs: (1, 1060)
[M::mem_pestat] analyzing insert size distribution for orientation RF...
[M::mem_pestat] (25, 50, 75) percentile: (342, 1371, 5522)
[M::mem_pestat] low and high boundaries for computing mean and std.dev: (1, 15882)
[M::mem_pestat] mean and std.dev: (2968.48, 3093.80)
[M::mem_pestat] low and high boundaries for proper pairs: (1, 21062)
[M::mem_pestat] analyzing insert size distribution for orientation RR...
[M::mem_pestat] (25, 50, 75) percentile: (275, 581, 2506)
[M::mem_pestat] low and high boundaries for computing mean and std.dev: (1, 6968)
[M::mem_pestat] mean and std.dev: (1248.28, 1365.65)
[M::mem_pestat] low and high boundaries for proper pairs: (1, 9199)
[M::mem_pestat] skip orientation FF
[M::mem_pestat] skip orientation RF
[M::mem_pestat] skip orientation RR
[M::mem_process_seqs] Processed 1066668 reads in 782.602 CPU sec, 51.407 real sec
[M::mem_pestat] # candidate unique pairs for (FF, FR, RF, RR): (35, 221333, 78, 43)
[M::mem_pestat] analyzing insert size distribution for orientation FF...
[M::mem_pestat] (25, 50, 75) percentile: (323, 491, 2499)
[M::mem_pestat] low and high boundaries for computing mean and std.dev: (1, 6851)
[M::mem_pestat] mean and std.dev: (1267.53, 1533.44)
[M::mem_pestat] low and high boundaries for proper pairs: (1, 9027)
[M::mem_pestat] analyzing insert size distribution for orientation FR...
[M::mem_pestat] (25, 50, 75) percentile: (272, 360, 469)
[M::mem_pestat] low and high boundaries for computing mean and std.dev: (1, 863)
[M::mem_pestat] mean and std.dev: (371.44, 145.57)
[M::mem_pestat] low and high boundaries for proper pairs: (1, 1060)
[M::mem_pestat] analyzing insert size distribution for orientation RF...
[M::mem_pestat] (25, 50, 75) percentile: (385, 2705, 6139)
[M::mem_pestat] low and high boundaries for computing mean and std.dev: (1, 17647)
[M::mem_pestat] mean and std.dev: (3463.14, 3278.84)
[M::mem_pestat] low and high boundaries for proper pairs: (1, 23401)
[M::mem_pestat] analyzing insert size distribution for orientation RR...
[M::mem_pestat] (25, 50, 75) percentile: (246, 572, 1230)
[M::mem_pestat] low and high boundaries for computing mean and std.dev: (1, 3198)
[M::mem_pestat] mean and std.dev: (611.89, 587.40)
[M::mem_pestat] low and high boundaries for proper pairs: (1, 4182)
[M::mem_pestat] skip orientation FF
[M::mem_pestat] skip orientation RF
[M::mem_pestat] skip orientation RR
[M::process] read 1066668 sequences (160000200 bp)...
[M::mem_process_seqs] Processed 1066668 reads in 791.190 CPU sec, 51.606 real sec
[M::mem_pestat] # candidate unique pairs for (FF, FR, RF, RR): (34, 221193, 74, 39)
[M::mem_pestat] analyzing insert size distribution for orientation FF...
[M::mem_pestat] (25, 50, 75) percentile: (246, 573, 2449)
[M::mem_pestat] low and high boundaries for computing mean and std.dev: (1, 6855)
[M::mem_pestat] mean and std.dev: (1392.44, 1613.63)
[M::mem_pestat] low and high boundaries for proper pairs: (1, 9058)
[M::mem_pestat] analyzing insert size distribution for orientation FR...
[M::mem_pestat] (25, 50, 75) percentile: (271, 359, 467)
[M::mem_pestat] low and high boundaries for computing mean and std.dev: (1, 859)
[M::mem_pestat] mean and std.dev: (369.88, 145.09)
[M::mem_pestat] low and high boundaries for proper pairs: (1, 1055)
[M::mem_pestat] analyzing insert size distribution for orientation RF...
[M::mem_pestat] (25, 50, 75) percentile: (386, 1222, 5382)
[M::mem_pestat] low and high boundaries for computing mean and std.dev: (1, 15374)
[M::mem_pestat] mean and std.dev: (2867.07, 3002.14)
[M::mem_pestat] low and high boundaries for proper pairs: (1, 20370)
[M::mem_pestat] analyzing insert size distribution for orientation RR...
[M::mem_pestat] (25, 50, 75) percentile: (247, 505, 2552)
[M::mem_pestat] low and high boundaries for computing mean and std.dev: (1, 7162)
[M::mem_pestat] mean and std.dev: (1619.21, 2167.45)
[M::mem_pestat] low and high boundaries for proper pairs: (1, 10289)
[M::mem_pestat] skip orientation FF
[M::mem_pestat] skip orientation RF
[M::mem_pestat] skip orientation RR
[M::process] read 1066668 sequences (160000200 bp)...
[M::mem_process_seqs] Processed 1066668 reads in 793.055 CPU sec, 51.649 real sec
[M::mem_pestat] # candidate unique pairs for (FF, FR, RF, RR): (48, 220684, 73, 44)
[M::mem_pestat] analyzing insert size distribution for orientation FF...
[M::mem_pestat] (25, 50, 75) percentile: (313, 530, 1319)
[M::mem_pestat] low and high boundaries for computing mean and std.dev: (1, 3331)
[M::mem_pestat] mean and std.dev: (754.86, 618.22)
[M::mem_pestat] low and high boundaries for proper pairs: (1, 4337)
[M::mem_pestat] analyzing insert size distribution for orientation FR...
[M::mem_pestat] (25, 50, 75) percentile: (267, 358, 470)
[M::mem_pestat] low and high boundaries for computing mean and std.dev: (1, 876)
[M::mem_pestat] mean and std.dev: (370.26, 149.43)
[M::mem_pestat] low and high boundaries for proper pairs: (1, 1079)
[M::mem_pestat] analyzing insert size distribution for orientation RF...
[M::mem_pestat] (25, 50, 75) percentile: (621, 1687, 4658)
[M::mem_pestat] low and high boundaries for computing mean and std.dev: (1, 12732)
[M::mem_pestat] mean and std.dev: (3113.77, 3153.68)
[M::mem_pestat] low and high boundaries for proper pairs: (1, 16769)
[M::mem_pestat] analyzing insert size distribution for orientation RR...
[M::mem_pestat] (25, 50, 75) percentile: (283, 613, 1994)
[M::mem_pestat] low and high boundaries for computing mean and std.dev: (1, 5416)
[M::mem_pestat] mean and std.dev: (1470.82, 1649.90)
[M::mem_pestat] low and high boundaries for proper pairs: (1, 8070)
[M::mem_pestat] skip orientation FF
[M::mem_pestat] skip orientation RF
[M::mem_pestat] skip orientation RR
[M::process] read 1066668 sequences (160000200 bp)...
[M::mem_process_seqs] Processed 1066668 reads in 803.458 CPU sec, 52.271 real sec
[M::mem_pestat] # candidate unique pairs for (FF, FR, RF, RR): (30, 219270, 70, 47)
[M::mem_pestat] analyzing insert size distribution for orientation FF...
[M::mem_pestat] (25, 50, 75) percentile: (181, 562, 1341)
[M::mem_pestat] low and high boundaries for computing mean and std.dev: (1, 3661)
[M::mem_pestat] mean and std.dev: (747.89, 754.39)
[M::mem_pestat] low and high boundaries for proper pairs: (1, 4821)
[M::mem_pestat] analyzing insert size distribution for orientation FR...
[M::mem_pestat] (25, 50, 75) percentile: (267, 362, 478)
[M::mem_pestat] low and high boundaries for computing mean and std.dev: (1, 900)
[M::mem_pestat] mean and std.dev: (374.15, 153.22)
[M::mem_pestat] low and high boundaries for proper pairs: (1, 1111)
[M::mem_pestat] analyzing insert size distribution for orientation RF...
[M::mem_pestat] (25, 50, 75) percentile: (360, 1298, 6365)
[M::mem_pestat] low and high boundaries for computing mean and std.dev: (1, 18375)
[M::mem_pestat] mean and std.dev: (2979.39, 3183.26)
[M::mem_pestat] low and high boundaries for proper pairs: (1, 24380)
[M::mem_pestat] analyzing insert size distribution for orientation RR...
[M::mem_pestat] (25, 50, 75) percentile: (313, 502, 809)
[M::mem_pestat] low and high boundaries for computing mean and std.dev: (1, 1801)
[M::mem_pestat] mean and std.dev: (543.16, 289.34)
[M::mem_pestat] low and high boundaries for proper pairs: (1, 2297)
[M::mem_pestat] skip orientation FF
[M::mem_pestat] skip orientation RF
[M::mem_pestat] skip orientation RR
[M::process] read 1066668 sequences (160000200 bp)...
[M::mem_process_seqs] Processed 1066668 reads in 791.129 CPU sec, 51.219 real sec
[M::process] read 1066668 sequences (160000200 bp)...
[M::mem_pestat] # candidate unique pairs for (FF, FR, RF, RR): (37, 220206, 80, 30)
[M::mem_pestat] analyzing insert size distribution for orientation FF...
[M::mem_pestat] (25, 50, 75) percentile: (190, 451, 2676)
[M::mem_pestat] low and high boundaries for computing mean and std.dev: (1, 7648)
[M::mem_pestat] mean and std.dev: (1710.68, 2147.45)
[M::mem_pestat] low and high boundaries for proper pairs: (1, 10300)
[M::mem_pestat] analyzing insert size distribution for orientation FR...
[M::mem_pestat] (25, 50, 75) percentile: (267, 361, 477)
[M::mem_pestat] low and high boundaries for computing mean and std.dev: (1, 897)
[M::mem_pestat] mean and std.dev: (373.09, 151.85)
[M::mem_pestat] low and high boundaries for proper pairs: (1, 1107)
[M::mem_pestat] analyzing insert size distribution for orientation RF...
[M::mem_pestat] (25, 50, 75) percentile: (442, 1484, 4942)
[M::mem_pestat] low and high boundaries for computing mean and std.dev: (1, 13942)
[M::mem_pestat] mean and std.dev: (2893.97, 3027.37)
[M::mem_pestat] low and high boundaries for proper pairs: (1, 18442)
[M::mem_pestat] analyzing insert size distribution for orientation RR...
[M::mem_pestat] (25, 50, 75) percentile: (343, 526, 1360)
[M::mem_pestat] low and high boundaries for computing mean and std.dev: (1, 3394)
[M::mem_pestat] mean and std.dev: (832.18, 741.45)
[M::mem_pestat] low and high boundaries for proper pairs: (1, 4411)
[M::mem_pestat] skip orientation FF
[M::mem_pestat] skip orientation RF
[M::mem_pestat] skip orientation RR
[M::mem_process_seqs] Processed 1066668 reads in 787.270 CPU sec, 51.149 real sec
[M::mem_pestat] # candidate unique pairs for (FF, FR, RF, RR): (38, 219805, 83, 35)
[M::mem_pestat] analyzing insert size distribution for orientation FF...
[M::mem_pestat] (25, 50, 75) percentile: (218, 376, 1252)
[M::mem_pestat] low and high boundaries for computing mean and std.dev: (1, 3320)
[M::mem_pestat] mean and std.dev: (752.46, 835.03)
[M::mem_pestat] low and high boundaries for proper pairs: (1, 4354)
[M::mem_pestat] analyzing insert size distribution for orientation FR...
[M::mem_pestat] (25, 50, 75) percentile: (269, 362, 476)
[M::mem_pestat] low and high boundaries for computing mean and std.dev: (1, 890)
[M::mem_pestat] mean and std.dev: (373.69, 151.24)
[M::mem_pestat] low and high boundaries for proper pairs: (1, 1097)
[M::mem_pestat] analyzing insert size distribution for orientation RF...
[M::mem_pestat] (25, 50, 75) percentile: (806, 3301, 6759)
[M::mem_pestat] low and high boundaries for computing mean and std.dev: (1, 18665)
[M::mem_pestat] mean and std.dev: (3784.27, 3200.84)
[M::mem_pestat] low and high boundaries for proper pairs: (1, 24618)
[M::mem_pestat] analyzing insert size distribution for orientation RR...
[M::mem_pestat] (25, 50, 75) percentile: (220, 336, 590)
[M::mem_pestat] low and high boundaries for computing mean and std.dev: (1, 1330)
[M::mem_pestat] mean and std.dev: (327.68, 151.89)
[M::mem_pestat] low and high boundaries for proper pairs: (1, 1700)
[M::mem_pestat] skip orientation FF
[M::mem_pestat] skip orientation RF
[M::mem_pestat] skip orientation RR
[M::process] read 1066668 sequences (160000200 bp)...
[M::mem_process_seqs] Processed 1066668 reads in 786.146 CPU sec, 50.808 real sec
[M::mem_pestat] # candidate unique pairs for (FF, FR, RF, RR): (31, 220511, 61, 25)
[M::mem_pestat] analyzing insert size distribution for orientation FF...
[M::mem_pestat] (25, 50, 75) percentile: (258, 526, 7318)
[M::mem_pestat] low and high boundaries for computing mean and std.dev: (1, 21438)
[M::mem_pestat] mean and std.dev: (2909.03, 3580.30)
[M::mem_pestat] low and high boundaries for proper pairs: (1, 28498)
[M::mem_pestat] analyzing insert size distribution for orientation FR...
[M::mem_pestat] (25, 50, 75) percentile: (269, 362, 473)
[M::mem_pestat] low and high boundaries for computing mean and std.dev: (1, 881)
[M::mem_pestat] mean and std.dev: (372.38, 149.22)
[M::mem_pestat] low and high boundaries for proper pairs: (1, 1085)
[M::mem_pestat] analyzing insert size distribution for orientation RF...
[M::mem_pestat] (25, 50, 75) percentile: (271, 1490, 4067)
[M::mem_pestat] low and high boundaries for computing mean and std.dev: (1, 11659)
[M::mem_pestat] mean and std.dev: (2697.39, 2931.66)
[M::mem_pestat] low and high boundaries for proper pairs: (1, 15455)
[M::mem_pestat] analyzing insert size distribution for orientation RR...
[M::mem_pestat] (25, 50, 75) percentile: (243, 393, 2051)
[M::mem_pestat] low and high boundaries for computing mean and std.dev: (1, 5667)
[M::mem_pestat] mean and std.dev: (834.61, 973.28)
[M::mem_pestat] low and high boundaries for proper pairs: (1, 7475)
[M::mem_pestat] skip orientation FF
[M::mem_pestat] skip orientation RF
[M::mem_pestat] skip orientation RR
[M::process] read 1066668 sequences (160000200 bp)...
[M::mem_process_seqs] Processed 1066668 reads in 788.999 CPU sec, 51.015 real sec
[M::mem_pestat] # candidate unique pairs for (FF, FR, RF, RR): (41, 221885, 50, 36)
[M::mem_pestat] analyzing insert size distribution for orientation FF...
[M::mem_pestat] (25, 50, 75) percentile: (220, 404, 1356)
[M::mem_pestat] low and high boundaries for computing mean and std.dev: (1, 3628)
[M::mem_pestat] mean and std.dev: (649.95, 669.47)
[M::mem_pestat] low and high boundaries for proper pairs: (1, 4764)
[M::mem_pestat] analyzing insert size distribution for orientation FR...
[M::mem_pestat] (25, 50, 75) percentile: (273, 367, 480)
[M::mem_pestat] low and high boundaries for computing mean and std.dev: (1, 894)
[M::mem_pestat] mean and std.dev: (377.70, 151.44)
[M::mem_pestat] low and high boundaries for proper pairs: (1, 1101)
[M::mem_pestat] analyzing insert size distribution for orientation RF...
[M::mem_pestat] (25, 50, 75) percentile: (417, 2374, 3878)
[M::mem_pestat] low and high boundaries for computing mean and std.dev: (1, 10800)
[M::mem_pestat] mean and std.dev: (2782.34, 2574.79)
[M::mem_pestat] low and high boundaries for proper pairs: (1, 14261)
[M::mem_pestat] analyzing insert size distribution for orientation RR...
[M::mem_pestat] (25, 50, 75) percentile: (390, 570, 2281)
[M::mem_pestat] low and high boundaries for computing mean and std.dev: (1, 6063)
[M::mem_pestat] mean and std.dev: (1337.85, 1658.56)
[M::mem_pestat] low and high boundaries for proper pairs: (1, 7972)
[M::mem_pestat] skip orientation FF
[M::mem_pestat] skip orientation RF
[M::mem_pestat] skip orientation RR
[M::process] read 1066668 sequences (160000200 bp)...
[M::mem_process_seqs] Processed 1066668 reads in 786.193 CPU sec, 50.730 real sec
[M::mem_pestat] # candidate unique pairs for (FF, FR, RF, RR): (52, 221764, 96, 46)
[M::mem_pestat] analyzing insert size distribution for orientation FF...
[M::mem_pestat] (25, 50, 75) percentile: (224, 343, 1180)
[M::mem_pestat] low and high boundaries for computing mean and std.dev: (1, 3092)
[M::mem_pestat] mean and std.dev: (588.89, 642.38)
[M::mem_pestat] low and high boundaries for proper pairs: (1, 4048)
[M::mem_pestat] analyzing insert size distribution for orientation FR...
[M::mem_pestat] (25, 50, 75) percentile: (273, 364, 476)
[M::mem_pestat] low and high boundaries for computing mean and std.dev: (1, 882)
[M::mem_pestat] mean and std.dev: (375.83, 149.52)
[M::mem_pestat] low and high boundaries for proper pairs: (1, 1085)
[M::mem_pestat] analyzing insert size distribution for orientation RF...
[M::mem_pestat] (25, 50, 75) percentile: (214, 648, 2687)
[M::mem_pestat] low and high boundaries for computing mean and std.dev: (1, 7633)
[M::mem_pestat] mean and std.dev: (1372.28, 1702.29)
[M::mem_pestat] low and high boundaries for proper pairs: (1, 10106)
[M::mem_pestat] analyzing insert size distribution for orientation RR...
[M::mem_pestat] (25, 50, 75) percentile: (272, 517, 1520)
[M::mem_pestat] low and high boundaries for computing mean and std.dev: (1, 4016)
[M::mem_pestat] mean and std.dev: (823.54, 872.90)
[M::mem_pestat] low and high boundaries for proper pairs: (1, 5264)
[M::mem_pestat] skip orientation FF
[M::mem_pestat] skip orientation RF
[M::mem_pestat] skip orientation RR
[M::process] read 1066668 sequences (160000200 bp)...
[M::mem_process_seqs] Processed 1066668 reads in 786.088 CPU sec, 50.932 real sec
[M::mem_pestat] # candidate unique pairs for (FF, FR, RF, RR): (44, 221733, 71, 36)
[M::mem_pestat] analyzing insert size distribution for orientation FF...
[M::mem_pestat] (25, 50, 75) percentile: (219, 405, 652)
[M::mem_pestat] low and high boundaries for computing mean and std.dev: (1, 1518)
[M::mem_pestat] mean and std.dev: (459.27, 332.37)
[M::mem_pestat] low and high boundaries for proper pairs: (1, 1951)
[M::mem_pestat] analyzing insert size distribution for orientation FR...
[M::mem_pestat] (25, 50, 75) percentile: (271, 361, 474)
[M::mem_pestat] low and high boundaries for computing mean and std.dev: (1, 880)
[M::mem_pestat] mean and std.dev: (373.68, 149.38)
[M::mem_pestat] low and high boundaries for proper pairs: (1, 1083)
[M::mem_pestat] analyzing insert size distribution for orientation RF...
[M::mem_pestat] (25, 50, 75) percentile: (428, 1604, 3872)
[M::mem_pestat] low and high boundaries for computing mean and std.dev: (1, 10760)
[M::mem_pestat] mean and std.dev: (2609.79, 2856.85)
[M::mem_pestat] low and high boundaries for proper pairs: (1, 14204)
[M::mem_pestat] analyzing insert size distribution for orientation RR...
[M::mem_pestat] (25, 50, 75) percentile: (271, 471, 647)
[M::mem_pestat] low and high boundaries for computing mean and std.dev: (1, 1399)
[M::mem_pestat] mean and std.dev: (499.41, 321.34)
[M::mem_pestat] low and high boundaries for proper pairs: (1, 1785)
[M::mem_pestat] skip orientation FF
[M::mem_pestat] skip orientation RF
[M::mem_pestat] skip orientation RR
[M::process] read 1066668 sequences (160000200 bp)...
[M::mem_process_seqs] Processed 1066668 reads in 785.161 CPU sec, 50.977 real sec
[M::mem_pestat] # candidate unique pairs for (FF, FR, RF, RR): (33, 219871, 64, 35)
[M::mem_pestat] analyzing insert size distribution for orientation FF...
[M::mem_pestat] (25, 50, 75) percentile: (260, 478, 1725)
[M::mem_pestat] low and high boundaries for computing mean and std.dev: (1, 4655)
[M::mem_pestat] mean and std.dev: (1108.41, 1329.64)
[M::mem_pestat] low and high boundaries for proper pairs: (1, 6427)
[M::mem_pestat] analyzing insert size distribution for orientation FR...
[M::mem_pestat] (25, 50, 75) percentile: (268, 359, 473)
[M::mem_pestat] low and high boundaries for computing mean and std.dev: (1, 883)
[M::mem_pestat] mean and std.dev: (372.22, 151.27)
[M::mem_pestat] low and high boundaries for proper pairs: (1, 1088)
[M::mem_pestat] analyzing insert size distribution for orientation RF...
[M::mem_pestat] (25, 50, 75) percentile: (149, 1186, 3421)
[M::mem_pestat] low and high boundaries for computing mean and std.dev: (1, 9965)
[M::mem_pestat] mean and std.dev: (2240.51, 2680.72)
[M::mem_pestat] low and high boundaries for proper pairs: (1, 13237)
[M::mem_pestat] analyzing insert size distribution for orientation RR...
[M::mem_pestat] (25, 50, 75) percentile: (272, 421, 699)
[M::mem_pestat] low and high boundaries for computing mean and std.dev: (1, 1553)
[M::mem_pestat] mean and std.dev: (447.43, 297.87)
[M::mem_pestat] low and high boundaries for proper pairs: (1, 1980)
[M::mem_pestat] skip orientation FF
[M::mem_pestat] skip orientation RF
[M::mem_pestat] skip orientation RR
[M::process] read 1066668 sequences (160000200 bp)...
[M::mem_process_seqs] Processed 1066668 reads in 797.421 CPU sec, 51.752 real sec
[M::mem_pestat] # candidate unique pairs for (FF, FR, RF, RR): (44, 218940, 92, 19)
[M::mem_pestat] analyzing insert size distribution for orientation FF...
[M::mem_pestat] (25, 50, 75) percentile: (339, 1121, 2879)
[M::mem_pestat] low and high boundaries for computing mean and std.dev: (1, 7959)
[M::mem_pestat] mean and std.dev: (1504.69, 1455.02)
[M::mem_pestat] low and high boundaries for proper pairs: (1, 10499)
[M::mem_pestat] analyzing insert size distribution for orientation FR...
[M::mem_pestat] (25, 50, 75) percentile: (263, 355, 470)
[M::mem_pestat] low and high boundaries for computing mean and std.dev: (1, 884)
[M::mem_pestat] mean and std.dev: (368.25, 151.96)
[M::mem_pestat] low and high boundaries for proper pairs: (1, 1091)
[M::mem_pestat] analyzing insert size distribution for orientation RF...
[M::mem_pestat] (25, 50, 75) percentile: (489, 4582, 7720)
[M::mem_pestat] low and high boundaries for computing mean and std.dev: (1, 22182)
[M::mem_pestat] mean and std.dev: (4002.05, 3546.35)
[M::mem_pestat] low and high boundaries for proper pairs: (1, 29413)
[M::mem_pestat] analyzing insert size distribution for orientation RR...
[M::mem_pestat] (25, 50, 75) percentile: (313, 947, 1049)
[M::mem_pestat] low and high boundaries for computing mean and std.dev: (1, 2521)
[M::mem_pestat] mean and std.dev: (643.06, 379.49)
[M::mem_pestat] low and high boundaries for proper pairs: (1, 3257)
[M::mem_pestat] skip orientation FF
[M::mem_pestat] skip orientation RF
[M::mem_pestat] skip orientation RR
[M::process] read 1066668 sequences (160000200 bp)...
[M::mem_process_seqs] Processed 1066668 reads in 790.782 CPU sec, 51.268 real sec
[M::mem_pestat] # candidate unique pairs for (FF, FR, RF, RR): (41, 218972, 65, 27)
[M::mem_pestat] analyzing insert size distribution for orientation FF...
[M::mem_pestat] (25, 50, 75) percentile: (215, 443, 1220)
[M::mem_pestat] low and high boundaries for computing mean and std.dev: (1, 3230)
[M::mem_pestat] mean and std.dev: (458.32, 364.73)
[M::mem_pestat] low and high boundaries for proper pairs: (1, 4235)
[M::mem_pestat] analyzing insert size distribution for orientation FR...
[M::mem_pestat] (25, 50, 75) percentile: (266, 359, 474)
[M::mem_pestat] low and high boundaries for computing mean and std.dev: (1, 890)
[M::mem_pestat] mean and std.dev: (371.51, 152.47)
[M::mem_pestat] low and high boundaries for proper pairs: (1, 1098)
[M::mem_pestat] analyzing insert size distribution for orientation RF...
[M::mem_pestat] (25, 50, 75) percentile: (174, 883, 2762)
[M::mem_pestat] low and high boundaries for computing mean and std.dev: (1, 7938)
[M::mem_pestat] mean and std.dev: (1419.89, 1622.52)
[M::mem_pestat] low and high boundaries for proper pairs: (1, 10526)
[M::mem_pestat] analyzing insert size distribution for orientation RR...
[M::mem_pestat] (25, 50, 75) percentile: (301, 349, 803)
[M::mem_pestat] low and high boundaries for computing mean and std.dev: (1, 1807)
[M::mem_pestat] mean and std.dev: (355.48, 165.93)
[M::mem_pestat] low and high boundaries for proper pairs: (1, 2309)
[M::mem_pestat] skip orientation FF
[M::mem_pestat] skip orientation RF
[M::mem_pestat] skip orientation RR
[M::process] read 1066668 sequences (160000200 bp)...
[M::mem_process_seqs] Processed 1066668 reads in 789.465 CPU sec, 51.616 real sec
[M::mem_pestat] # candidate unique pairs for (FF, FR, RF, RR): (42, 218569, 85, 39)
[M::mem_pestat] analyzing insert size distribution for orientation FF...
[M::mem_pestat] (25, 50, 75) percentile: (176, 636, 1367)
[M::mem_pestat] low and high boundaries for computing mean and std.dev: (1, 3749)
[M::mem_pestat] mean and std.dev: (690.68, 685.40)
[M::mem_pestat] low and high boundaries for proper pairs: (1, 4940)
[M::mem_pestat] analyzing insert size distribution for orientation FR...
[M::mem_pestat] (25, 50, 75) percentile: (261, 353, 464)
[M::mem_pestat] low and high boundaries for computing mean and std.dev: (1, 870)
[M::mem_pestat] mean and std.dev: (364.29, 149.17)
[M::mem_pestat] low and high boundaries for proper pairs: (1, 1073)
[M::mem_pestat] analyzing insert size distribution for orientation RF...
[M::mem_pestat] (25, 50, 75) percentile: (233, 2109, 6136)
[M::mem_pestat] low and high boundaries for computing mean and std.dev: (1, 17942)
[M::mem_pestat] mean and std.dev: (3163.12, 3157.75)
[M::mem_pestat] low and high boundaries for proper pairs: (1, 23845)
[M::mem_pestat] analyzing insert size distribution for orientation RR...
[M::mem_pestat] (25, 50, 75) percentile: (271, 589, 1409)
[M::mem_pestat] low and high boundaries for computing mean and std.dev: (1, 3685)
[M::mem_pestat] mean and std.dev: (680.83, 594.16)
[M::mem_pestat] low and high boundaries for proper pairs: (1, 4823)
[M::mem_pestat] skip orientation FF
[M::mem_pestat] skip orientation RF
[M::mem_pestat] skip orientation RR
[M::mem_process_seqs] Processed 1066668 reads in 790.349 CPU sec, 52.545 real sec
[M::process] read 1066668 sequences (160000200 bp)...
[M::process] read 1066668 sequences (160000200 bp)...
[M::mem_pestat] # candidate unique pairs for (FF, FR, RF, RR): (24, 219887, 74, 29)
[M::mem_pestat] analyzing insert size distribution for orientation FF...
[M::mem_pestat] (25, 50, 75) percentile: (244, 537, 673)
[M::mem_pestat] low and high boundaries for computing mean and std.dev: (1, 1531)
[M::mem_pestat] mean and std.dev: (498.35, 350.70)
[M::mem_pestat] low and high boundaries for proper pairs: (1, 1960)
[M::mem_pestat] analyzing insert size distribution for orientation FR...
[M::mem_pestat] (25, 50, 75) percentile: (266, 358, 470)
[M::mem_pestat] low and high boundaries for computing mean and std.dev: (1, 878)
[M::mem_pestat] mean and std.dev: (369.39, 150.15)
[M::mem_pestat] low and high boundaries for proper pairs: (1, 1082)
[M::mem_pestat] analyzing insert size distribution for orientation RF...
[M::mem_pestat] (25, 50, 75) percentile: (169, 1432, 6195)
[M::mem_pestat] low and high boundaries for computing mean and std.dev: (1, 18247)
[M::mem_pestat] mean and std.dev: (3007.16, 3351.74)
[M::mem_pestat] low and high boundaries for proper pairs: (1, 24273)
[M::mem_pestat] analyzing insert size distribution for orientation RR...
[M::mem_pestat] (25, 50, 75) percentile: (275, 810, 1252)
[M::mem_pestat] low and high boundaries for computing mean and std.dev: (1, 3206)
[M::mem_pestat] mean and std.dev: (749.19, 598.23)
[M::mem_pestat] low and high boundaries for proper pairs: (1, 4183)
[M::mem_pestat] skip orientation FF
[M::mem_pestat] skip orientation RF
[M::mem_pestat] skip orientation RR
[M::mem_process_seqs] Processed 1066668 reads in 788.393 CPU sec, 50.489 real sec
[M::mem_pestat] # candidate unique pairs for (FF, FR, RF, RR): (42, 221409, 70, 58)
[M::mem_pestat] analyzing insert size distribution for orientation FF...
[M::mem_pestat] (25, 50, 75) percentile: (254, 356, 1870)
[M::mem_pestat] low and high boundaries for computing mean and std.dev: (1, 5102)
[M::mem_pestat] mean and std.dev: (870.08, 870.52)
[M::mem_pestat] low and high boundaries for proper pairs: (1, 6718)
[M::mem_pestat] analyzing insert size distribution for orientation FR...
[M::mem_pestat] (25, 50, 75) percentile: (273, 367, 483)
[M::mem_pestat] low and high boundaries for computing mean and std.dev: (1, 903)
[M::mem_pestat] mean and std.dev: (379.04, 153.17)
[M::mem_pestat] low and high boundaries for proper pairs: (1, 1113)
[M::mem_pestat] analyzing insert size distribution for orientation RF...
[M::mem_pestat] (25, 50, 75) percentile: (412, 930, 4773)
[M::mem_pestat] low and high boundaries for computing mean and std.dev: (1, 13495)
[M::mem_pestat] mean and std.dev: (2523.19, 2797.17)
[M::mem_pestat] low and high boundaries for proper pairs: (1, 17856)
[M::mem_pestat] analyzing insert size distribution for orientation RR...
[M::mem_pestat] (25, 50, 75) percentile: (205, 564, 1483)
[M::mem_pestat] low and high boundaries for computing mean and std.dev: (1, 4039)
[M::mem_pestat] mean and std.dev: (894.91, 899.84)
[M::mem_pestat] low and high boundaries for proper pairs: (1, 5317)
[M::mem_pestat] skip orientation FF
[M::mem_pestat] skip orientation RF
[M::mem_pestat] skip orientation RR
[M::process] read 1066668 sequences (160000200 bp)...
[M::mem_process_seqs] Processed 1066668 reads in 788.707 CPU sec, 50.932 real sec
[M::mem_pestat] # candidate unique pairs for (FF, FR, RF, RR): (20, 221811, 88, 35)
[M::mem_pestat] analyzing insert size distribution for orientation FF...
[M::mem_pestat] (25, 50, 75) percentile: (211, 528, 667)
[M::mem_pestat] low and high boundaries for computing mean and std.dev: (1, 1579)
[M::mem_pestat] mean and std.dev: (538.89, 444.81)
[M::mem_pestat] low and high boundaries for proper pairs: (1, 2318)
[M::mem_pestat] analyzing insert size distribution for orientation FR...
[M::mem_pestat] (25, 50, 75) percentile: (272, 363, 476)
[M::mem_pestat] low and high boundaries for computing mean and std.dev: (1, 884)
[M::mem_pestat] mean and std.dev: (375.47, 150.50)
[M::mem_pestat] low and high boundaries for proper pairs: (1, 1088)
[M::mem_pestat] analyzing insert size distribution for orientation RF...
[M::mem_pestat] (25, 50, 75) percentile: (493, 2877, 7676)
[M::mem_pestat] low and high boundaries for computing mean and std.dev: (1, 22042)
[M::mem_pestat] mean and std.dev: (3852.49, 3585.92)
[M::mem_pestat] low and high boundaries for proper pairs: (1, 29225)
[M::mem_pestat] analyzing insert size distribution for orientation RR...
[M::mem_pestat] (25, 50, 75) percentile: (303, 387, 637)
[M::mem_pestat] low and high boundaries for computing mean and std.dev: (1, 1305)
[M::mem_pestat] mean and std.dev: (420.16, 218.94)
[M::mem_pestat] low and high boundaries for proper pairs: (1, 1639)
[M::mem_pestat] skip orientation FF
[M::mem_pestat] skip orientation RF
[M::mem_pestat] skip orientation RR
[M::process] read 1066668 sequences (160000200 bp)...
[M::mem_process_seqs] Processed 1066668 reads in 792.398 CPU sec, 51.294 real sec
[M::mem_pestat] # candidate unique pairs for (FF, FR, RF, RR): (38, 221169, 77, 39)
[M::mem_pestat] analyzing insert size distribution for orientation FF...
[M::mem_pestat] (25, 50, 75) percentile: (216, 612, 1473)
[M::mem_pestat] low and high boundaries for computing mean and std.dev: (1, 3987)
[M::mem_pestat] mean and std.dev: (1032.33, 1139.33)
[M::mem_pestat] low and high boundaries for proper pairs: (1, 5590)
[M::mem_pestat] analyzing insert size distribution for orientation FR...
[M::mem_pestat] (25, 50, 75) percentile: (272, 362, 474)
[M::mem_pestat] low and high boundaries for computing mean and std.dev: (1, 878)
[M::mem_pestat] mean and std.dev: (374.38, 148.93)
[M::mem_pestat] low and high boundaries for proper pairs: (1, 1080)
[M::mem_pestat] analyzing insert size distribution for orientation RF...
[M::mem_pestat] (25, 50, 75) percentile: (154, 1107, 4568)
[M::mem_pestat] low and high boundaries for computing mean and std.dev: (1, 13396)
[M::mem_pestat] mean and std.dev: (2718.26, 3258.38)
[M::mem_pestat] low and high boundaries for proper pairs: (1, 17810)
[M::mem_pestat] analyzing insert size distribution for orientation RR...
[M::mem_pestat] (25, 50, 75) percentile: (282, 704, 1512)
[M::mem_pestat] low and high boundaries for computing mean and std.dev: (1, 3972)
[M::mem_pestat] mean and std.dev: (737.88, 705.56)
[M::mem_pestat] low and high boundaries for proper pairs: (1, 5202)
[M::mem_pestat] skip orientation FF
[M::mem_pestat] skip orientation RF
[M::mem_pestat] skip orientation RR
[M::process] read 1066668 sequences (160000200 bp)...
[M::mem_process_seqs] Processed 1066668 reads in 795.373 CPU sec, 51.425 real sec
[M::mem_pestat] # candidate unique pairs for (FF, FR, RF, RR): (35, 220018, 67, 25)
[M::mem_pestat] analyzing insert size distribution for orientation FF...
[M::mem_pestat] (25, 50, 75) percentile: (268, 407, 3242)
[M::mem_pestat] low and high boundaries for computing mean and std.dev: (1, 9190)
[M::mem_pestat] mean and std.dev: (1625.94, 2178.50)
[M::mem_pestat] low and high boundaries for proper pairs: (1, 12164)
[M::mem_pestat] analyzing insert size distribution for orientation FR...
[M::mem_pestat] (25, 50, 75) percentile: (266, 357, 470)
[M::mem_pestat] low and high boundaries for computing mean and std.dev: (1, 878)
[M::mem_pestat] mean and std.dev: (369.35, 150.57)
[M::mem_pestat] low and high boundaries for proper pairs: (1, 1082)
[M::mem_pestat] analyzing insert size distribution for orientation RF...
[M::mem_pestat] (25, 50, 75) percentile: (229, 1184, 5912)
[M::mem_pestat] low and high boundaries for computing mean and std.dev: (1, 17278)
[M::mem_pestat] mean and std.dev: (2872.51, 3184.75)
[M::mem_pestat] low and high boundaries for proper pairs: (1, 22961)
[M::mem_pestat] analyzing insert size distribution for orientation RR...
[M::mem_pestat] (25, 50, 75) percentile: (216, 286, 760)
[M::mem_pestat] low and high boundaries for computing mean and std.dev: (1, 1848)
[M::mem_pestat] mean and std.dev: (494.83, 382.16)
[M::mem_pestat] low and high boundaries for proper pairs: (1, 2392)
[M::mem_pestat] skip orientation FF
[M::mem_pestat] skip orientation RF
[M::mem_pestat] skip orientation RR
[M::process] read 1066668 sequences (160000200 bp)...
[M::mem_process_seqs] Processed 1066668 reads in 806.734 CPU sec, 52.295 real sec
[M::mem_pestat] # candidate unique pairs for (FF, FR, RF, RR): (21, 219105, 72, 34)
[M::mem_pestat] analyzing insert size distribution for orientation FF...
[M::mem_pestat] (25, 50, 75) percentile: (327, 641, 1471)
[M::mem_pestat] low and high boundaries for computing mean and std.dev: (1, 3759)
[M::mem_pestat] mean and std.dev: (1034.57, 1050.22)
[M::mem_pestat] low and high boundaries for proper pairs: (1, 5235)
[M::mem_pestat] analyzing insert size distribution for orientation FR...
[M::mem_pestat] (25, 50, 75) percentile: (269, 363, 477)
[M::mem_pestat] low and high boundaries for computing mean and std.dev: (1, 893)
[M::mem_pestat] mean and std.dev: (373.82, 151.66)
[M::mem_pestat] low and high boundaries for proper pairs: (1, 1101)
[M::mem_pestat] analyzing insert size distribution for orientation RF...
[M::mem_pestat] (25, 50, 75) percentile: (482, 2871, 6119)
[M::mem_pestat] low and high boundaries for computing mean and std.dev: (1, 17393)
[M::mem_pestat] mean and std.dev: (3294.08, 3061.13)
[M::mem_pestat] low and high boundaries for proper pairs: (1, 23030)
[M::mem_pestat] analyzing insert size distribution for orientation RR...
[M::mem_pestat] (25, 50, 75) percentile: (235, 1013, 1742)
[M::mem_pestat] low and high boundaries for computing mean and std.dev: (1, 4756)
[M::mem_pestat] mean and std.dev: (1216.39, 1284.64)
[M::mem_pestat] low and high boundaries for proper pairs: (1, 6355)
[M::mem_pestat] skip orientation FF
[M::mem_pestat] skip orientation RF
[M::mem_pestat] skip orientation RR
[M::process] read 1066668 sequences (160000200 bp)...
[M::mem_process_seqs] Processed 1066668 reads in 790.860 CPU sec, 51.175 real sec
[M::mem_pestat] # candidate unique pairs for (FF, FR, RF, RR): (17, 218387, 77, 27)
[M::mem_pestat] analyzing insert size distribution for orientation FF...
[M::mem_pestat] (25, 50, 75) percentile: (153, 422, 1795)
[M::mem_pestat] low and high boundaries for computing mean and std.dev: (1, 5079)
[M::mem_pestat] mean and std.dev: (990.44, 1238.60)
[M::mem_pestat] low and high boundaries for proper pairs: (1, 6721)
[M::mem_pestat] analyzing insert size distribution for orientation FR...
[M::mem_pestat] (25, 50, 75) percentile: (265, 357, 469)
[M::mem_pestat] low and high boundaries for computing mean and std.dev: (1, 877)
[M::mem_pestat] mean and std.dev: (367.97, 149.46)
[M::mem_pestat] low and high boundaries for proper pairs: (1, 1081)
[M::mem_pestat] analyzing insert size distribution for orientation RF...
[M::mem_pestat] (25, 50, 75) percentile: (245, 823, 5539)
[M::mem_pestat] low and high boundaries for computing mean and std.dev: (1, 16127)
[M::mem_pestat] mean and std.dev: (2492.17, 2936.70)
[M::mem_pestat] low and high boundaries for proper pairs: (1, 21421)
[M::mem_pestat] analyzing insert size distribution for orientation RR...
[M::mem_pestat] (25, 50, 75) percentile: (295, 436, 1389)
[M::mem_pestat] low and high boundaries for computing mean and std.dev: (1, 3577)
[M::mem_pestat] mean and std.dev: (930.04, 940.25)
[M::mem_pestat] low and high boundaries for proper pairs: (1, 4691)
[M::mem_pestat] skip orientation FF
[M::mem_pestat] skip orientation RF
[M::mem_pestat] skip orientation RR
[M::process] read 1066668 sequences (160000200 bp)...
[M::mem_process_seqs] Processed 1066668 reads in 792.255 CPU sec, 51.159 real sec
[M::mem_pestat] # candidate unique pairs for (FF, FR, RF, RR): (42, 219228, 76, 31)
[M::mem_pestat] analyzing insert size distribution for orientation FF...
[M::mem_pestat] (25, 50, 75) percentile: (268, 464, 641)
[M::mem_pestat] low and high boundaries for computing mean and std.dev: (1, 1387)
[M::mem_pestat] mean and std.dev: (453.95, 247.81)
[M::mem_pestat] low and high boundaries for proper pairs: (1, 1760)
[M::mem_pestat] analyzing insert size distribution for orientation FR...
[M::mem_pestat] (25, 50, 75) percentile: (267, 361, 474)
[M::mem_pestat] low and high boundaries for computing mean and std.dev: (1, 888)
[M::mem_pestat] mean and std.dev: (371.85, 150.90)
[M::mem_pestat] low and high boundaries for proper pairs: (1, 1095)
[M::mem_pestat] analyzing insert size distribution for orientation RF...
[M::mem_pestat] (25, 50, 75) percentile: (402, 1874, 3548)
[M::mem_pestat] low and high boundaries for computing mean and std.dev: (1, 9840)
[M::mem_pestat] mean and std.dev: (2705.39, 2773.79)
[M::mem_pestat] low and high boundaries for proper pairs: (1, 13801)
[M::mem_pestat] analyzing insert size distribution for orientation RR...
[M::mem_pestat] (25, 50, 75) percentile: (424, 650, 1165)
[M::mem_pestat] low and high boundaries for computing mean and std.dev: (1, 2647)
[M::mem_pestat] mean and std.dev: (666.78, 530.05)
[M::mem_pestat] low and high boundaries for proper pairs: (1, 3388)
[M::mem_pestat] skip orientation FF
[M::mem_pestat] skip orientation RF
[M::mem_pestat] skip orientation RR
[M::process] read 1066668 sequences (160000200 bp)...
[M::mem_process_seqs] Processed 1066668 reads in 790.827 CPU sec, 51.112 real sec
[M::mem_pestat] # candidate unique pairs for (FF, FR, RF, RR): (35, 219914, 71, 28)
[M::mem_pestat] analyzing insert size distribution for orientation FF...
[M::mem_pestat] (25, 50, 75) percentile: (387, 1471, 3420)
[M::mem_pestat] low and high boundaries for computing mean and std.dev: (1, 9486)
[M::mem_pestat] mean and std.dev: (1952.54, 1953.02)
[M::mem_pestat] low and high boundaries for proper pairs: (1, 12519)
[M::mem_pestat] analyzing insert size distribution for orientation FR...
[M::mem_pestat] (25, 50, 75) percentile: (267, 358, 470)
[M::mem_pestat] low and high boundaries for computing mean and std.dev: (1, 876)
[M::mem_pestat] mean and std.dev: (369.74, 149.69)
[M::mem_pestat] low and high boundaries for proper pairs: (1, 1079)
[M::mem_pestat] analyzing insert size distribution for orientation RF...
[M::mem_pestat] (25, 50, 75) percentile: (281, 851, 5900)
[M::mem_pestat] low and high boundaries for computing mean and std.dev: (1, 17138)
[M::mem_pestat] mean and std.dev: (2787.42, 3028.19)
[M::mem_pestat] low and high boundaries for proper pairs: (1, 22757)
[M::mem_pestat] analyzing insert size distribution for orientation RR...
[M::mem_pestat] (25, 50, 75) percentile: (550, 747, 2248)
[M::mem_pestat] low and high boundaries for computing mean and std.dev: (1, 5644)
[M::mem_pestat] mean and std.dev: (1165.26, 888.54)
[M::mem_pestat] low and high boundaries for proper pairs: (1, 7342)
[M::mem_pestat] skip orientation FF
[M::mem_pestat] skip orientation RF
[M::mem_pestat] skip orientation RR
[M::process] read 1066668 sequences (160000200 bp)...
[M::mem_process_seqs] Processed 1066668 reads in 789.446 CPU sec, 50.956 real sec
[M::mem_pestat] # candidate unique pairs for (FF, FR, RF, RR): (35, 221083, 78, 25)
[M::mem_pestat] analyzing insert size distribution for orientation FF...
[M::mem_pestat] (25, 50, 75) percentile: (243, 594, 1305)
[M::mem_pestat] low and high boundaries for computing mean and std.dev: (1, 3429)
[M::mem_pestat] mean and std.dev: (859.62, 883.97)
[M::mem_pestat] low and high boundaries for proper pairs: (1, 4491)
[M::mem_pestat] analyzing insert size distribution for orientation FR...
[M::mem_pestat] (25, 50, 75) percentile: (270, 359, 471)
[M::mem_pestat] low and high boundaries for computing mean and std.dev: (1, 873)
[M::mem_pestat] mean and std.dev: (371.93, 148.32)
[M::mem_pestat] low and high boundaries for proper pairs: (1, 1074)
[M::mem_pestat] analyzing insert size distribution for orientation RF...
[M::mem_pestat] (25, 50, 75) percentile: (414, 1733, 4285)
[M::mem_pestat] low and high boundaries for computing mean and std.dev: (1, 12027)
[M::mem_pestat] mean and std.dev: (2570.15, 2603.20)
[M::mem_pestat] low and high boundaries for proper pairs: (1, 15898)
[M::mem_pestat] analyzing insert size distribution for orientation RR...
[M::mem_pestat] (25, 50, 75) percentile: (199, 293, 761)
[M::mem_pestat] low and high boundaries for computing mean and std.dev: (1, 1885)
[M::mem_pestat] mean and std.dev: (429.39, 384.29)
[M::mem_pestat] low and high boundaries for proper pairs: (1, 2447)
[M::mem_pestat] skip orientation FF
[M::mem_pestat] skip orientation RF
[M::mem_pestat] skip orientation RR
[M::process] read 1066668 sequences (160000200 bp)...
[M::mem_process_seqs] Processed 1066668 reads in 791.167 CPU sec, 51.487 real sec
[M::mem_pestat] # candidate unique pairs for (FF, FR, RF, RR): (40, 220579, 68, 46)
[M::mem_pestat] analyzing insert size distribution for orientation FF...
[M::mem_pestat] (25, 50, 75) percentile: (274, 682, 1797)
[M::mem_pestat] low and high boundaries for computing mean and std.dev: (1, 4843)
[M::mem_pestat] mean and std.dev: (826.17, 656.31)
[M::mem_pestat] low and high boundaries for proper pairs: (1, 6366)
[M::mem_pestat] analyzing insert size distribution for orientation FR...
[M::mem_pestat] (25, 50, 75) percentile: (268, 357, 468)
[M::mem_pestat] low and high boundaries for computing mean and std.dev: (1, 868)
[M::mem_pestat] mean and std.dev: (369.36, 147.34)
[M::mem_pestat] low and high boundaries for proper pairs: (1, 1068)
[M::mem_pestat] analyzing insert size distribution for orientation RF...
[M::mem_pestat] (25, 50, 75) percentile: (974, 2189, 5780)
[M::mem_pestat] low and high boundaries for computing mean and std.dev: (1, 15392)
[M::mem_pestat] mean and std.dev: (3503.06, 3256.80)
[M::mem_pestat] low and high boundaries for proper pairs: (1, 20198)
[M::mem_pestat] analyzing insert size distribution for orientation RR...
[M::mem_pestat] (25, 50, 75) percentile: (209, 336, 820)
[M::mem_pestat] low and high boundaries for computing mean and std.dev: (1, 2042)
[M::mem_pestat] mean and std.dev: (372.95, 296.08)
[M::mem_pestat] low and high boundaries for proper pairs: (1, 2653)
[M::mem_pestat] skip orientation FF
[M::mem_pestat] skip orientation RF
[M::mem_pestat] skip orientation RR
[M::process] read 1066668 sequences (160000200 bp)...
[M::mem_process_seqs] Processed 1066668 reads in 791.821 CPU sec, 51.349 real sec
[M::mem_pestat] # candidate unique pairs for (FF, FR, RF, RR): (29, 220389, 57, 32)
[M::mem_pestat] analyzing insert size distribution for orientation FF...
[M::mem_pestat] (25, 50, 75) percentile: (289, 468, 580)
[M::mem_pestat] low and high boundaries for computing mean and std.dev: (1, 1162)
[M::mem_pestat] mean and std.dev: (380.48, 179.21)
[M::mem_pestat] low and high boundaries for proper pairs: (1, 1453)
[M::mem_pestat] analyzing insert size distribution for orientation FR...
[M::mem_pestat] (25, 50, 75) percentile: (269, 357, 465)
[M::mem_pestat] low and high boundaries for computing mean and std.dev: (1, 857)
[M::mem_pestat] mean and std.dev: (368.38, 145.87)
[M::mem_pestat] low and high boundaries for proper pairs: (1, 1053)
[M::mem_pestat] analyzing insert size distribution for orientation RF...
[M::mem_pestat] (25, 50, 75) percentile: (226, 1085, 4640)
[M::mem_pestat] low and high boundaries for computing mean and std.dev: (1, 13468)
[M::mem_pestat] mean and std.dev: (2449.35, 2858.12)
[M::mem_pestat] low and high boundaries for proper pairs: (1, 17882)
[M::mem_pestat] analyzing insert size distribution for orientation RR...
[M::mem_pestat] (25, 50, 75) percentile: (310, 501, 921)
[M::mem_pestat] low and high boundaries for computing mean and std.dev: (1, 2143)
[M::mem_pestat] mean and std.dev: (542.25, 423.77)
[M::mem_pestat] low and high boundaries for proper pairs: (1, 2754)
[M::mem_pestat] skip orientation FF
[M::mem_pestat] skip orientation RF
[M::mem_pestat] skip orientation RR
[M::process] read 595360 sequences (89304000 bp)...
[M::mem_process_seqs] Processed 1066668 reads in 790.015 CPU sec, 51.045 real sec
[M::mem_pestat] # candidate unique pairs for (FF, FR, RF, RR): (24, 123048, 38, 13)
[M::mem_pestat] analyzing insert size distribution for orientation FF...
[M::mem_pestat] (25, 50, 75) percentile: (237, 384, 918)
[M::mem_pestat] low and high boundaries for computing mean and std.dev: (1, 2280)
[M::mem_pestat] mean and std.dev: (408.85, 281.57)
[M::mem_pestat] low and high boundaries for proper pairs: (1, 2961)
[M::mem_pestat] analyzing insert size distribution for orientation FR...
[M::mem_pestat] (25, 50, 75) percentile: (274, 363, 472)
[M::mem_pestat] low and high boundaries for computing mean and std.dev: (1, 868)
[M::mem_pestat] mean and std.dev: (374.64, 147.60)
[M::mem_pestat] low and high boundaries for proper pairs: (1, 1066)
[M::mem_pestat] analyzing insert size distribution for orientation RF...
[M::mem_pestat] (25, 50, 75) percentile: (262, 750, 3159)
[M::mem_pestat] low and high boundaries for computing mean and std.dev: (1, 8953)
[M::mem_pestat] mean and std.dev: (1891.19, 2485.94)
[M::mem_pestat] low and high boundaries for proper pairs: (1, 11850)
[M::mem_pestat] analyzing insert size distribution for orientation RR...
[M::mem_pestat] (25, 50, 75) percentile: (321, 1033, 1988)
[M::mem_pestat] low and high boundaries for computing mean and std.dev: (1, 5322)
[M::mem_pestat] mean and std.dev: (798.82, 696.51)
[M::mem_pestat] low and high boundaries for proper pairs: (1, 6989)
[M::mem_pestat] skip orientation FF
[M::mem_pestat] skip orientation RF
[M::mem_pestat] skip orientation RR
[M::mem_process_seqs] Processed 595360 reads in 443.571 CPU sec, 29.042 real sec
[main] Version: 0.7.19-r1273
[main] CMD: bwa mem -t 16 -R @RG\tID:Squaxin_Island_7a\tSM:Squaxin_Island_7a\tLB:Squaxin_Island_7a\tPL:ILLUMINA output/05_realign_xbOstLuri2/reference/GCA_061535525.1_xbOstLuri2_USDA-ARS_PSRF_primary_genomic.fna data/raw/Squaxin_Island_7a_S79_L004_R1_001.fastq.gz data/raw/Squaxin_Island_7a_S79_L004_R2_001.fastq.gz
[main] Real time: 3528.284 sec; CPU: 53926.562 sec
[bam_sort_core] merging from 3 files and 8 in-memory blocks...
end 2026-09-27T16:35:40Z sample=Squaxin_Island_7a
