/opt/ohpc/admin/lmod/lmod/init/bash: line 93: LD_LIBRARY_PATH: unbound variable
start 2026-09-27T11:55:05Z host n3448 sample=Coos_Bay_4 location=Coos_Bay
[M::bwa_idx_load_from_disk] read 0 ALT contigs
[M::process] read 1066668 sequences (160000200 bp)...
[M::process] read 1066668 sequences (160000200 bp)...
[M::mem_pestat] # candidate unique pairs for (FF, FR, RF, RR): (27, 222265, 84, 43)
[M::mem_pestat] analyzing insert size distribution for orientation FF...
[M::mem_pestat] (25, 50, 75) percentile: (323, 464, 949)
[M::mem_pestat] low and high boundaries for computing mean and std.dev: (1, 2201)
[M::mem_pestat] mean and std.dev: (691.04, 560.71)
[M::mem_pestat] low and high boundaries for proper pairs: (1, 2934)
[M::mem_pestat] analyzing insert size distribution for orientation FR...
[M::mem_pestat] (25, 50, 75) percentile: (279, 358, 453)
[M::mem_pestat] low and high boundaries for computing mean and std.dev: (1, 801)
[M::mem_pestat] mean and std.dev: (366.80, 131.47)
[M::mem_pestat] low and high boundaries for proper pairs: (1, 975)
[M::mem_pestat] analyzing insert size distribution for orientation RF...
[M::mem_pestat] (25, 50, 75) percentile: (206, 1093, 3748)
[M::mem_pestat] low and high boundaries for computing mean and std.dev: (1, 10832)
[M::mem_pestat] mean and std.dev: (2448.24, 2929.21)
[M::mem_pestat] low and high boundaries for proper pairs: (1, 14374)
[M::mem_pestat] analyzing insert size distribution for orientation RR...
[M::mem_pestat] (25, 50, 75) percentile: (244, 577, 869)
[M::mem_pestat] low and high boundaries for computing mean and std.dev: (1, 2119)
[M::mem_pestat] mean and std.dev: (621.68, 485.67)
[M::mem_pestat] low and high boundaries for proper pairs: (1, 2744)
[M::mem_pestat] skip orientation FF
[M::mem_pestat] skip orientation RF
[M::mem_pestat] skip orientation RR
[M::mem_process_seqs] Processed 1066668 reads in 791.715 CPU sec, 53.738 real sec
[M::mem_pestat] # candidate unique pairs for (FF, FR, RF, RR): (47, 222885, 91, 31)
[M::mem_pestat] analyzing insert size distribution for orientation FF...
[M::mem_pestat] (25, 50, 75) percentile: (229, 1105, 3494)
[M::mem_pestat] low and high boundaries for computing mean and std.dev: (1, 10024)
[M::mem_pestat] mean and std.dev: (1908.87, 2128.40)
[M::mem_pestat] low and high boundaries for proper pairs: (1, 13289)
[M::mem_pestat] analyzing insert size distribution for orientation FR...
[M::mem_pestat] (25, 50, 75) percentile: (285, 364, 461)
[M::mem_pestat] low and high boundaries for computing mean and std.dev: (1, 813)
[M::mem_pestat] mean and std.dev: (373.56, 133.05)
[M::mem_pestat] low and high boundaries for proper pairs: (1, 989)
[M::mem_pestat] analyzing insert size distribution for orientation RF...
[M::mem_pestat] (25, 50, 75) percentile: (564, 2959, 7630)
[M::mem_pestat] low and high boundaries for computing mean and std.dev: (1, 21762)
[M::mem_pestat] mean and std.dev: (4087.30, 3437.51)
[M::mem_pestat] low and high boundaries for proper pairs: (1, 28828)
[M::mem_pestat] analyzing insert size distribution for orientation RR...
[M::mem_pestat] (25, 50, 75) percentile: (218, 422, 1667)
[M::mem_pestat] low and high boundaries for computing mean and std.dev: (1, 4565)
[M::mem_pestat] mean and std.dev: (541.32, 640.18)
[M::mem_pestat] low and high boundaries for proper pairs: (1, 6014)
[M::mem_pestat] skip orientation FF
[M::mem_pestat] skip orientation RF
[M::mem_pestat] skip orientation RR
[M::process] read 1066668 sequences (160000200 bp)...
[M::mem_process_seqs] Processed 1066668 reads in 802.130 CPU sec, 52.579 real sec
[M::process] read 1066668 sequences (160000200 bp)...
[M::mem_pestat] # candidate unique pairs for (FF, FR, RF, RR): (40, 222617, 83, 42)
[M::mem_pestat] analyzing insert size distribution for orientation FF...
[M::mem_pestat] (25, 50, 75) percentile: (223, 585, 1378)
[M::mem_pestat] low and high boundaries for computing mean and std.dev: (1, 3688)
[M::mem_pestat] mean and std.dev: (878.81, 892.18)
[M::mem_pestat] low and high boundaries for proper pairs: (1, 4843)
[M::mem_pestat] analyzing insert size distribution for orientation FR...
[M::mem_pestat] (25, 50, 75) percentile: (281, 360, 460)
[M::mem_pestat] low and high boundaries for computing mean and std.dev: (1, 818)
[M::mem_pestat] mean and std.dev: (371.41, 134.62)
[M::mem_pestat] low and high boundaries for proper pairs: (1, 997)
[M::mem_pestat] analyzing insert size distribution for orientation RF...
[M::mem_pestat] (25, 50, 75) percentile: (556, 2645, 6937)
[M::mem_pestat] low and high boundaries for computing mean and std.dev: (1, 19699)
[M::mem_pestat] mean and std.dev: (3705.89, 3400.63)
[M::mem_pestat] low and high boundaries for proper pairs: (1, 26080)
[M::mem_pestat] analyzing insert size distribution for orientation RR...
[M::mem_pestat] (25, 50, 75) percentile: (174, 320, 1266)
[M::mem_pestat] low and high boundaries for computing mean and std.dev: (1, 3450)
[M::mem_pestat] mean and std.dev: (517.18, 475.45)
[M::mem_pestat] low and high boundaries for proper pairs: (1, 4542)
[M::mem_pestat] skip orientation FF
[M::mem_pestat] skip orientation RF
[M::mem_pestat] skip orientation RR
[M::mem_process_seqs] Processed 1066668 reads in 808.901 CPU sec, 53.341 real sec
[M::process] read 1066668 sequences (160000200 bp)...
[M::mem_pestat] # candidate unique pairs for (FF, FR, RF, RR): (50, 222778, 82, 34)
[M::mem_pestat] analyzing insert size distribution for orientation FF...
[M::mem_pestat] (25, 50, 75) percentile: (271, 490, 836)
[M::mem_pestat] low and high boundaries for computing mean and std.dev: (1, 1966)
[M::mem_pestat] mean and std.dev: (479.18, 329.17)
[M::mem_pestat] low and high boundaries for proper pairs: (1, 2531)
[M::mem_pestat] analyzing insert size distribution for orientation FR...
[M::mem_pestat] (25, 50, 75) percentile: (281, 362, 464)
[M::mem_pestat] low and high boundaries for computing mean and std.dev: (1, 830)
[M::mem_pestat] mean and std.dev: (373.47, 136.58)
[M::mem_pestat] low and high boundaries for proper pairs: (1, 1013)
[M::mem_pestat] analyzing insert size distribution for orientation RF...
[M::mem_pestat] (25, 50, 75) percentile: (207, 1244, 2869)
[M::mem_pestat] low and high boundaries for computing mean and std.dev: (1, 8193)
[M::mem_pestat] mean and std.dev: (1687.61, 1919.34)
[M::mem_pestat] low and high boundaries for proper pairs: (1, 10855)
[M::mem_pestat] analyzing insert size distribution for orientation RR...
[M::mem_pestat] (25, 50, 75) percentile: (260, 496, 1482)
[M::mem_pestat] low and high boundaries for computing mean and std.dev: (1, 3926)
[M::mem_pestat] mean and std.dev: (676.24, 628.40)
[M::mem_pestat] low and high boundaries for proper pairs: (1, 5148)
[M::mem_pestat] skip orientation FF
[M::mem_pestat] skip orientation RF
[M::mem_pestat] skip orientation RR
[M::mem_process_seqs] Processed 1066668 reads in 812.974 CPU sec, 53.912 real sec
[M::mem_pestat] # candidate unique pairs for (FF, FR, RF, RR): (35, 222590, 81, 44)
[M::mem_pestat] analyzing insert size distribution for orientation FF...
[M::mem_pestat] (25, 50, 75) percentile: (259, 463, 868)
[M::mem_pestat] low and high boundaries for computing mean and std.dev: (1, 2086)
[M::mem_pestat] mean and std.dev: (586.50, 469.59)
[M::mem_pestat] low and high boundaries for proper pairs: (1, 2695)
[M::mem_pestat] analyzing insert size distribution for orientation FR...
[M::mem_pestat] (25, 50, 75) percentile: (280, 359, 459)
[M::mem_pestat] low and high boundaries for computing mean and std.dev: (1, 817)
[M::mem_pestat] mean and std.dev: (370.67, 134.82)
[M::mem_pestat] low and high boundaries for proper pairs: (1, 996)
[M::mem_pestat] analyzing insert size distribution for orientation RF...
[M::mem_pestat] (25, 50, 75) percentile: (175, 609, 4962)
[M::mem_pestat] low and high boundaries for computing mean and std.dev: (1, 14536)
[M::mem_pestat] mean and std.dev: (2369.48, 2994.92)
[M::mem_pestat] low and high boundaries for proper pairs: (1, 19323)
[M::mem_pestat] analyzing insert size distribution for orientation RR...
[M::mem_pestat] (25, 50, 75) percentile: (183, 582, 1074)
[M::mem_pestat] low and high boundaries for computing mean and std.dev: (1, 2856)
[M::mem_pestat] mean and std.dev: (557.79, 436.95)
[M::mem_pestat] low and high boundaries for proper pairs: (1, 3747)
[M::mem_pestat] skip orientation FF
[M::mem_pestat] skip orientation RF
[M::mem_pestat] skip orientation RR
[M::process] read 1066668 sequences (160000200 bp)...
[M::mem_process_seqs] Processed 1066668 reads in 814.552 CPU sec, 54.370 real sec
[M::mem_pestat] # candidate unique pairs for (FF, FR, RF, RR): (40, 222341, 86, 36)
[M::mem_pestat] analyzing insert size distribution for orientation FF...
[M::mem_pestat] (25, 50, 75) percentile: (395, 524, 1553)
[M::mem_pestat] low and high boundaries for computing mean and std.dev: (1, 3869)
[M::mem_pestat] mean and std.dev: (745.51, 620.94)
[M::mem_pestat] low and high boundaries for proper pairs: (1, 5027)
[M::mem_pestat] analyzing insert size distribution for orientation FR...
[M::mem_pestat] (25, 50, 75) percentile: (280, 359, 460)
[M::mem_pestat] low and high boundaries for computing mean and std.dev: (1, 820)
[M::mem_pestat] mean and std.dev: (371.30, 134.95)
[M::mem_pestat] low and high boundaries for proper pairs: (1, 1000)
[M::mem_pestat] analyzing insert size distribution for orientation RF...
[M::mem_pestat] (25, 50, 75) percentile: (289, 741, 3460)
[M::mem_pestat] low and high boundaries for computing mean and std.dev: (1, 9802)
[M::mem_pestat] mean and std.dev: (2121.69, 2528.76)
[M::mem_pestat] low and high boundaries for proper pairs: (1, 12973)
[M::mem_pestat] analyzing insert size distribution for orientation RR...
[M::mem_pestat] (25, 50, 75) percentile: (263, 563, 1589)
[M::mem_pestat] low and high boundaries for computing mean and std.dev: (1, 4241)
[M::mem_pestat] mean and std.dev: (831.65, 842.39)
[M::mem_pestat] low and high boundaries for proper pairs: (1, 5567)
[M::mem_pestat] skip orientation FF
[M::mem_pestat] skip orientation RF
[M::mem_pestat] skip orientation RR
[M::process] read 1066668 sequences (160000200 bp)...
[M::mem_process_seqs] Processed 1066668 reads in 830.538 CPU sec, 54.577 real sec
[M::process] read 1066668 sequences (160000200 bp)...
[M::mem_pestat] # candidate unique pairs for (FF, FR, RF, RR): (33, 221771, 89, 29)
[M::mem_pestat] analyzing insert size distribution for orientation FF...
[M::mem_pestat] (25, 50, 75) percentile: (269, 711, 1475)
[M::mem_pestat] low and high boundaries for computing mean and std.dev: (1, 3887)
[M::mem_pestat] mean and std.dev: (621.33, 469.64)
[M::mem_pestat] low and high boundaries for proper pairs: (1, 5093)
[M::mem_pestat] analyzing insert size distribution for orientation FR...
[M::mem_pestat] (25, 50, 75) percentile: (275, 354, 453)
[M::mem_pestat] low and high boundaries for computing mean and std.dev: (1, 809)
[M::mem_pestat] mean and std.dev: (365.56, 133.44)
[M::mem_pestat] low and high boundaries for proper pairs: (1, 987)
[M::mem_pestat] analyzing insert size distribution for orientation RF...
[M::mem_pestat] (25, 50, 75) percentile: (259, 1256, 4130)
[M::mem_pestat] low and high boundaries for computing mean and std.dev: (1, 11872)
[M::mem_pestat] mean and std.dev: (2595.76, 3126.39)
[M::mem_pestat] low and high boundaries for proper pairs: (1, 15743)
[M::mem_pestat] analyzing insert size distribution for orientation RR...
[M::mem_pestat] (25, 50, 75) percentile: (180, 281, 682)
[M::mem_pestat] low and high boundaries for computing mean and std.dev: (1, 1686)
[M::mem_pestat] mean and std.dev: (444.33, 420.94)
[M::mem_pestat] low and high boundaries for proper pairs: (1, 2188)
[M::mem_pestat] skip orientation FF
[M::mem_pestat] skip orientation RF
[M::mem_pestat] skip orientation RR
[M::mem_process_seqs] Processed 1066668 reads in 826.296 CPU sec, 55.290 real sec
[M::mem_pestat] # candidate unique pairs for (FF, FR, RF, RR): (34, 221728, 80, 31)
[M::mem_pestat] analyzing insert size distribution for orientation FF...
[M::mem_pestat] (25, 50, 75) percentile: (211, 297, 1031)
[M::mem_pestat] low and high boundaries for computing mean and std.dev: (1, 2671)
[M::mem_pestat] mean and std.dev: (581.61, 585.63)
[M::mem_pestat] low and high boundaries for proper pairs: (1, 3491)
[M::mem_pestat] analyzing insert size distribution for orientation FR...
[M::mem_pestat] (25, 50, 75) percentile: (277, 356, 456)
[M::mem_pestat] low and high boundaries for computing mean and std.dev: (1, 814)
[M::mem_pestat] mean and std.dev: (367.95, 134.15)
[M::mem_pestat] low and high boundaries for proper pairs: (1, 993)
[M::mem_pestat] analyzing insert size distribution for orientation RF...
[M::mem_pestat] (25, 50, 75) percentile: (564, 2030, 6936)
[M::mem_pestat] low and high boundaries for computing mean and std.dev: (1, 19680)
[M::mem_pestat] mean and std.dev: (3496.16, 3279.50)
[M::mem_pestat] low and high boundaries for proper pairs: (1, 26052)
[M::mem_pestat] analyzing insert size distribution for orientation RR...
[M::mem_pestat] (25, 50, 75) percentile: (303, 481, 552)
[M::mem_pestat] low and high boundaries for computing mean and std.dev: (1, 1050)
[M::mem_pestat] mean and std.dev: (419.72, 167.79)
[M::mem_pestat] low and high boundaries for proper pairs: (1, 1299)
[M::mem_pestat] skip orientation FF
[M::mem_pestat] skip orientation RF
[M::mem_pestat] skip orientation RR
[M::process] read 1066668 sequences (160000200 bp)...
[M::mem_process_seqs] Processed 1066668 reads in 818.707 CPU sec, 53.412 real sec
[M::mem_pestat] # candidate unique pairs for (FF, FR, RF, RR): (41, 220815, 100, 36)
[M::mem_pestat] analyzing insert size distribution for orientation FF...
[M::mem_pestat] (25, 50, 75) percentile: (323, 343, 414)
[M::mem_pestat] low and high boundaries for computing mean and std.dev: (141, 596)
[M::mem_pestat] mean and std.dev: (344.47, 80.58)
[M::mem_pestat] low and high boundaries for proper pairs: (22, 687)
[M::mem_pestat] analyzing insert size distribution for orientation FR...
[M::mem_pestat] (25, 50, 75) percentile: (277, 358, 458)
[M::mem_pestat] low and high boundaries for computing mean and std.dev: (1, 820)
[M::mem_pestat] mean and std.dev: (369.50, 135.48)
[M::mem_pestat] low and high boundaries for proper pairs: (1, 1001)
[M::mem_pestat] analyzing insert size distribution for orientation RF...
[M::mem_pestat] (25, 50, 75) percentile: (249, 1330, 4624)
[M::mem_pestat] low and high boundaries for computing mean and std.dev: (1, 13374)
[M::mem_pestat] mean and std.dev: (2811.95, 3240.71)
[M::mem_pestat] low and high boundaries for proper pairs: (1, 17749)
[M::mem_pestat] analyzing insert size distribution for orientation RR...
[M::mem_pestat] (25, 50, 75) percentile: (238, 483, 1168)
[M::mem_pestat] low and high boundaries for computing mean and std.dev: (1, 3028)
[M::mem_pestat] mean and std.dev: (636.56, 492.93)
[M::mem_pestat] low and high boundaries for proper pairs: (1, 3958)
[M::mem_pestat] skip orientation FF
[M::mem_pestat] skip orientation RF
[M::mem_pestat] skip orientation RR
[M::process] read 1066668 sequences (160000200 bp)...
[M::mem_process_seqs] Processed 1066668 reads in 825.171 CPU sec, 54.288 real sec
[M::mem_pestat] # candidate unique pairs for (FF, FR, RF, RR): (52, 221490, 62, 39)
[M::mem_pestat] analyzing insert size distribution for orientation FF...
[M::mem_pestat] (25, 50, 75) percentile: (249, 461, 1608)
[M::mem_pestat] low and high boundaries for computing mean and std.dev: (1, 4326)
[M::mem_pestat] mean and std.dev: (747.77, 687.24)
[M::mem_pestat] low and high boundaries for proper pairs: (1, 5685)
[M::mem_pestat] analyzing insert size distribution for orientation FR...
[M::mem_pestat] (25, 50, 75) percentile: (284, 367, 469)
[M::mem_pestat] low and high boundaries for computing mean and std.dev: (1, 839)
[M::mem_pestat] mean and std.dev: (377.28, 137.97)
[M::mem_pestat] low and high boundaries for proper pairs: (1, 1024)
[M::mem_pestat] analyzing insert size distribution for orientation RF...
[M::mem_pestat] (25, 50, 75) percentile: (113, 979, 2764)
[M::mem_pestat] low and high boundaries for computing mean and std.dev: (1, 8066)
[M::mem_pestat] mean and std.dev: (1199.30, 1703.65)
[M::mem_pestat] low and high boundaries for proper pairs: (1, 10717)
[M::mem_pestat] analyzing insert size distribution for orientation RR...
[M::mem_pestat] (25, 50, 75) percentile: (177, 322, 929)
[M::mem_pestat] low and high boundaries for computing mean and std.dev: (1, 2433)
[M::mem_pestat] mean and std.dev: (344.47, 274.15)
[M::mem_pestat] low and high boundaries for proper pairs: (1, 3185)
[M::mem_pestat] skip orientation FF
[M::mem_pestat] skip orientation RF
[M::mem_pestat] skip orientation RR
[M::process] read 1066668 sequences (160000200 bp)...
[M::mem_process_seqs] Processed 1066668 reads in 803.780 CPU sec, 53.737 real sec
[M::mem_pestat] # candidate unique pairs for (FF, FR, RF, RR): (36, 222003, 84, 47)
[M::mem_pestat] analyzing insert size distribution for orientation FF...
[M::mem_pestat] (25, 50, 75) percentile: (168, 499, 1850)
[M::mem_pestat] low and high boundaries for computing mean and std.dev: (1, 5214)
[M::mem_pestat] mean and std.dev: (896.52, 1010.69)
[M::mem_pestat] low and high boundaries for proper pairs: (1, 6896)
[M::mem_pestat] analyzing insert size distribution for orientation FR...
[M::mem_pestat] (25, 50, 75) percentile: (286, 370, 471)
[M::mem_pestat] low and high boundaries for computing mean and std.dev: (1, 841)
[M::mem_pestat] mean and std.dev: (379.74, 137.86)
[M::mem_pestat] low and high boundaries for proper pairs: (1, 1026)
[M::mem_pestat] analyzing insert size distribution for orientation RF...
[M::process] read 1066668 sequences (160000200 bp)...
[M::mem_pestat] (25, 50, 75) percentile: (358, 2057, 3754)
[M::mem_pestat] low and high boundaries for computing mean and std.dev: (1, 10546)
[M::mem_pestat] mean and std.dev: (2842.38, 3025.56)
[M::mem_pestat] low and high boundaries for proper pairs: (1, 14945)
[M::mem_pestat] analyzing insert size distribution for orientation RR...
[M::mem_pestat] (25, 50, 75) percentile: (312, 750, 2048)
[M::mem_pestat] low and high boundaries for computing mean and std.dev: (1, 5520)
[M::mem_pestat] mean and std.dev: (1090.05, 1210.29)
[M::mem_pestat] low and high boundaries for proper pairs: (1, 7256)
[M::mem_pestat] skip orientation FF
[M::mem_pestat] skip orientation RF
[M::mem_pestat] skip orientation RR
[M::mem_process_seqs] Processed 1066668 reads in 803.308 CPU sec, 52.938 real sec
[M::process] read 1066668 sequences (160000200 bp)...
[M::mem_pestat] # candidate unique pairs for (FF, FR, RF, RR): (35, 222297, 82, 37)
[M::mem_pestat] analyzing insert size distribution for orientation FF...
[M::mem_pestat] (25, 50, 75) percentile: (419, 855, 3083)
[M::mem_pestat] low and high boundaries for computing mean and std.dev: (1, 8411)
[M::mem_pestat] mean and std.dev: (2062.74, 2272.90)
[M::mem_pestat] low and high boundaries for proper pairs: (1, 11154)
[M::mem_pestat] analyzing insert size distribution for orientation FR...
[M::mem_pestat] (25, 50, 75) percentile: (281, 364, 468)
[M::mem_pestat] low and high boundaries for computing mean and std.dev: (1, 842)
[M::mem_pestat] mean and std.dev: (375.97, 138.88)
[M::mem_pestat] low and high boundaries for proper pairs: (1, 1029)
[M::mem_pestat] analyzing insert size distribution for orientation RF...
[M::mem_pestat] (25, 50, 75) percentile: (360, 1162, 3267)
[M::mem_pestat] low and high boundaries for computing mean and std.dev: (1, 9081)
[M::mem_pestat] mean and std.dev: (2199.86, 2470.87)
[M::mem_pestat] low and high boundaries for proper pairs: (1, 12083)
[M::mem_pestat] analyzing insert size distribution for orientation RR...
[M::mem_pestat] (25, 50, 75) percentile: (211, 430, 2039)
[M::mem_pestat] low and high boundaries for computing mean and std.dev: (1, 5695)
[M::mem_pestat] mean and std.dev: (692.06, 711.55)
[M::mem_pestat] low and high boundaries for proper pairs: (1, 7523)
[M::mem_pestat] skip orientation FF
[M::mem_pestat] skip orientation RF
[M::mem_pestat] skip orientation RR
[M::mem_process_seqs] Processed 1066668 reads in 810.542 CPU sec, 54.222 real sec
[M::process] read 1066668 sequences (160000200 bp)...
[M::mem_pestat] # candidate unique pairs for (FF, FR, RF, RR): (45, 223503, 102, 31)
[M::mem_pestat] analyzing insert size distribution for orientation FF...
[M::mem_pestat] (25, 50, 75) percentile: (315, 593, 1843)
[M::mem_pestat] low and high boundaries for computing mean and std.dev: (1, 4899)
[M::mem_pestat] mean and std.dev: (987.45, 1076.18)
[M::mem_pestat] low and high boundaries for proper pairs: (1, 6427)
[M::mem_pestat] analyzing insert size distribution for orientation FR...
[M::mem_pestat] (25, 50, 75) percentile: (281, 363, 466)
[M::mem_pestat] low and high boundaries for computing mean and std.dev: (1, 836)
[M::mem_pestat] mean and std.dev: (374.91, 138.46)
[M::mem_pestat] low and high boundaries for proper pairs: (1, 1021)
[M::mem_pestat] analyzing insert size distribution for orientation RF...
[M::mem_pestat] (25, 50, 75) percentile: (396, 1913, 3976)
[M::mem_pestat] low and high boundaries for computing mean and std.dev: (1, 11136)
[M::mem_pestat] mean and std.dev: (2903.65, 2964.09)
[M::mem_pestat] low and high boundaries for proper pairs: (1, 14760)
[M::mem_pestat] analyzing insert size distribution for orientation RR...
[M::mem_pestat] (25, 50, 75) percentile: (362, 605, 2267)
[M::mem_pestat] low and high boundaries for computing mean and std.dev: (1, 6077)
[M::mem_pestat] mean and std.dev: (1103.07, 1230.30)
[M::mem_pestat] low and high boundaries for proper pairs: (1, 7982)
[M::mem_pestat] skip orientation FF
[M::mem_pestat] skip orientation RF
[M::mem_pestat] skip orientation RR
[M::mem_process_seqs] Processed 1066668 reads in 809.594 CPU sec, 54.476 real sec
[M::mem_pestat] # candidate unique pairs for (FF, FR, RF, RR): (36, 222729, 74, 34)
[M::mem_pestat] analyzing insert size distribution for orientation FF...
[M::mem_pestat] (25, 50, 75) percentile: (124, 266, 1280)
[M::mem_pestat] low and high boundaries for computing mean and std.dev: (1, 3592)
[M::mem_pestat] mean and std.dev: (647.31, 832.35)
[M::mem_pestat] low and high boundaries for proper pairs: (1, 4748)
[M::mem_pestat] analyzing insert size distribution for orientation FR...
[M::mem_pestat] (25, 50, 75) percentile: (282, 363, 464)
[M::mem_pestat] low and high boundaries for computing mean and std.dev: (1, 828)
[M::mem_pestat] mean and std.dev: (374.34, 136.25)
[M::mem_pestat] low and high boundaries for proper pairs: (1, 1010)
[M::mem_pestat] analyzing insert size distribution for orientation RF...
[M::mem_pestat] (25, 50, 75) percentile: (446, 3512, 6543)
[M::mem_pestat] low and high boundaries for computing mean and std.dev: (1, 18737)
[M::mem_pestat] mean and std.dev: (3760.68, 3456.05)
[M::mem_pestat] low and high boundaries for proper pairs: (1, 24834)
[M::mem_pestat] analyzing insert size distribution for orientation RR...
[M::mem_pestat] (25, 50, 75) percentile: (335, 525, 2144)
[M::mem_pestat] low and high boundaries for computing mean and std.dev: (1, 5762)
[M::mem_pestat] mean and std.dev: (1121.52, 1370.41)
[M::mem_pestat] low and high boundaries for proper pairs: (1, 7571)
[M::mem_pestat] skip orientation FF
[M::mem_pestat] skip orientation RF
[M::mem_pestat] skip orientation RR
[M::process] read 1066668 sequences (160000200 bp)...
[M::mem_process_seqs] Processed 1066668 reads in 814.679 CPU sec, 53.603 real sec
[M::mem_pestat] # candidate unique pairs for (FF, FR, RF, RR): (43, 221572, 97, 31)
[M::mem_pestat] analyzing insert size distribution for orientation FF...
[M::mem_pestat] (25, 50, 75) percentile: (370, 698, 1331)
[M::mem_pestat] low and high boundaries for computing mean and std.dev: (1, 3253)
[M::mem_pestat] mean and std.dev: (957.45, 835.11)
[M::mem_pestat] low and high boundaries for proper pairs: (1, 4298)
[M::mem_pestat] analyzing insert size distribution for orientation FR...
[M::mem_pestat] (25, 50, 75) percentile: (280, 362, 465)
[M::mem_pestat] low and high boundaries for computing mean and std.dev: (1, 835)
[M::mem_pestat] mean and std.dev: (374.00, 137.56)
[M::mem_pestat] low and high boundaries for proper pairs: (1, 1020)
[M::mem_pestat] analyzing insert size distribution for orientation RF...
[M::mem_pestat] (25, 50, 75) percentile: (222, 1602, 4398)
[M::mem_pestat] low and high boundaries for computing mean and std.dev: (1, 12750)
[M::mem_pestat] mean and std.dev: (2464.07, 2775.40)
[M::mem_pestat] low and high boundaries for proper pairs: (1, 16926)
[M::mem_pestat] analyzing insert size distribution for orientation RR...
[M::mem_pestat] (25, 50, 75) percentile: (305, 770, 2062)
[M::mem_pestat] low and high boundaries for computing mean and std.dev: (1, 5576)
[M::mem_pestat] mean and std.dev: (1181.41, 1174.12)
[M::mem_pestat] low and high boundaries for proper pairs: (1, 7333)
[M::mem_pestat] skip orientation FF
[M::mem_pestat] skip orientation RF
[M::mem_pestat] skip orientation RR
[M::process] read 1066668 sequences (160000200 bp)...
[M::mem_process_seqs] Processed 1066668 reads in 806.380 CPU sec, 52.988 real sec
[M::mem_pestat] # candidate unique pairs for (FF, FR, RF, RR): (39, 221472, 64, 37)
[M::mem_pestat] analyzing insert size distribution for orientation FF...
[M::mem_pestat] (25, 50, 75) percentile: (223, 510, 1528)
[M::mem_pestat] low and high boundaries for computing mean and std.dev: (1, 4138)
[M::mem_pestat] mean and std.dev: (751.25, 858.01)
[M::mem_pestat] low and high boundaries for proper pairs: (1, 5443)
[M::mem_pestat] analyzing insert size distribution for orientation FR...
[M::mem_pestat] (25, 50, 75) percentile: (277, 358, 460)
[M::mem_pestat] low and high boundaries for computing mean and std.dev: (1, 826)
[M::mem_pestat] mean and std.dev: (370.25, 136.75)
[M::mem_pestat] low and high boundaries for proper pairs: (1, 1009)
[M::mem_pestat] analyzing insert size distribution for orientation RF...
[M::mem_pestat] (25, 50, 75) percentile: (222, 974, 5876)
[M::mem_pestat] low and high boundaries for computing mean and std.dev: (1, 17184)
[M::mem_pestat] mean and std.dev: (2603.83, 2990.17)
[M::mem_pestat] low and high boundaries for proper pairs: (1, 22838)
[M::mem_pestat] analyzing insert size distribution for orientation RR...
[M::mem_pestat] (25, 50, 75) percentile: (245, 484, 760)
[M::mem_pestat] low and high boundaries for computing mean and std.dev: (1, 1790)
[M::mem_pestat] mean and std.dev: (478.03, 343.32)
[M::mem_pestat] low and high boundaries for proper pairs: (1, 2305)
[M::mem_pestat] skip orientation FF
[M::mem_pestat] skip orientation RF
[M::mem_pestat] skip orientation RR
[M::process] read 1066668 sequences (160000200 bp)...
[M::mem_process_seqs] Processed 1066668 reads in 813.194 CPU sec, 53.887 real sec
[M::mem_pestat] # candidate unique pairs for (FF, FR, RF, RR): (33, 221846, 81, 30)
[M::mem_pestat] analyzing insert size distribution for orientation FF...
[M::mem_pestat] (25, 50, 75) percentile: (131, 306, 819)
[M::mem_pestat] low and high boundaries for computing mean and std.dev: (1, 2195)
[M::mem_pestat] mean and std.dev: (438.73, 466.58)
[M::mem_pestat] low and high boundaries for proper pairs: (1, 2883)
[M::mem_pestat] analyzing insert size distribution for orientation FR...
[M::mem_pestat] (25, 50, 75) percentile: (277, 357, 458)
[M::mem_pestat] low and high boundaries for computing mean and std.dev: (1, 820)
[M::mem_pestat] mean and std.dev: (369.03, 135.47)
[M::mem_pestat] low and high boundaries for proper pairs: (1, 1001)
[M::mem_pestat] analyzing insert size distribution for orientation RF...
[M::mem_pestat] (25, 50, 75) percentile: (313, 1572, 3232)
[M::mem_pestat] low and high boundaries for computing mean and std.dev: (1, 9070)
[M::mem_pestat] mean and std.dev: (2148.34, 2375.73)
[M::mem_pestat] low and high boundaries for proper pairs: (1, 11989)
[M::mem_pestat] analyzing insert size distribution for orientation RR...
[M::mem_pestat] (25, 50, 75) percentile: (295, 679, 2437)
[M::mem_pestat] low and high boundaries for computing mean and std.dev: (1, 6721)
[M::mem_pestat] mean and std.dev: (1357.17, 1551.65)
[M::mem_pestat] low and high boundaries for proper pairs: (1, 8863)
[M::mem_pestat] skip orientation FF
[M::mem_pestat] skip orientation RF
[M::mem_pestat] skip orientation RR
[M::process] read 1066668 sequences (160000200 bp)...
[M::mem_process_seqs] Processed 1066668 reads in 828.370 CPU sec, 54.674 real sec
[M::process] read 1066668 sequences (160000200 bp)...
[M::mem_pestat] # candidate unique pairs for (FF, FR, RF, RR): (35, 221946, 87, 34)
[M::mem_pestat] analyzing insert size distribution for orientation FF...
[M::mem_pestat] (25, 50, 75) percentile: (295, 730, 3214)
[M::mem_pestat] low and high boundaries for computing mean and std.dev: (1, 9052)
[M::mem_pestat] mean and std.dev: (1495.71, 1642.81)
[M::mem_pestat] low and high boundaries for proper pairs: (1, 11971)
[M::mem_pestat] analyzing insert size distribution for orientation FR...
[M::mem_pestat] (25, 50, 75) percentile: (278, 359, 461)
[M::mem_pestat] low and high boundaries for computing mean and std.dev: (1, 827)
[M::mem_pestat] mean and std.dev: (370.94, 136.83)
[M::mem_pestat] low and high boundaries for proper pairs: (1, 1010)
[M::mem_pestat] analyzing insert size distribution for orientation RF...
[M::mem_pestat] (25, 50, 75) percentile: (284, 1576, 6142)
[M::mem_pestat] low and high boundaries for computing mean and std.dev: (1, 17858)
[M::mem_pestat] mean and std.dev: (3034.29, 3099.13)
[M::mem_pestat] low and high boundaries for proper pairs: (1, 23716)
[M::mem_pestat] analyzing insert size distribution for orientation RR...
[M::mem_pestat] (25, 50, 75) percentile: (273, 480, 1377)
[M::mem_pestat] low and high boundaries for computing mean and std.dev: (1, 3585)
[M::mem_pestat] mean and std.dev: (800.55, 662.74)
[M::mem_pestat] low and high boundaries for proper pairs: (1, 4689)
[M::mem_pestat] skip orientation FF
[M::mem_pestat] skip orientation RF
[M::mem_pestat] skip orientation RR
[M::mem_process_seqs] Processed 1066668 reads in 817.410 CPU sec, 56.294 real sec
[M::mem_pestat] # candidate unique pairs for (FF, FR, RF, RR): (47, 221892, 78, 45)
[M::mem_pestat] analyzing insert size distribution for orientation FF...
[M::mem_pestat] (25, 50, 75) percentile: (215, 409, 1130)
[M::mem_pestat] low and high boundaries for computing mean and std.dev: (1, 2960)
[M::mem_pestat] mean and std.dev: (615.88, 627.57)
[M::mem_pestat] low and high boundaries for proper pairs: (1, 3875)
[M::mem_pestat] analyzing insert size distribution for orientation FR...
[M::mem_pestat] (25, 50, 75) percentile: (284, 367, 469)
[M::mem_pestat] low and high boundaries for computing mean and std.dev: (1, 839)
[M::mem_pestat] mean and std.dev: (377.61, 137.86)
[M::mem_pestat] low and high boundaries for proper pairs: (1, 1024)
[M::mem_pestat] analyzing insert size distribution for orientation RF...
[M::mem_pestat] (25, 50, 75) percentile: (250, 1837, 4820)
[M::mem_pestat] low and high boundaries for computing mean and std.dev: (1, 13960)
[M::mem_pestat] mean and std.dev: (2523.00, 2522.77)
[M::mem_pestat] low and high boundaries for proper pairs: (1, 18530)
[M::mem_pestat] analyzing insert size distribution for orientation RR...
[M::mem_pestat] (25, 50, 75) percentile: (263, 534, 1873)
[M::mem_pestat] low and high boundaries for computing mean and std.dev: (1, 5093)
[M::mem_pestat] mean and std.dev: (776.83, 747.59)
[M::mem_pestat] low and high boundaries for proper pairs: (1, 6703)
[M::mem_pestat] skip orientation FF
[M::mem_pestat] skip orientation RF
[M::mem_pestat] skip orientation RR
[M::process] read 1066668 sequences (160000200 bp)...
[M::mem_process_seqs] Processed 1066668 reads in 801.879 CPU sec, 58.308 real sec
[M::mem_pestat] # candidate unique pairs for (FF, FR, RF, RR): (41, 222388, 85, 36)
[M::mem_pestat] analyzing insert size distribution for orientation FF...
[M::mem_pestat] (25, 50, 75) percentile: (340, 535, 2317)
[M::mem_pestat] low and high boundaries for computing mean and std.dev: (1, 6271)
[M::mem_pestat] mean and std.dev: (1401.77, 1652.64)
[M::mem_pestat] low and high boundaries for proper pairs: (1, 8248)
[M::mem_pestat] analyzing insert size distribution for orientation FR...
[M::mem_pestat] (25, 50, 75) percentile: (279, 359, 460)
[M::mem_pestat] low and high boundaries for computing mean and std.dev: (1, 822)
[M::mem_pestat] mean and std.dev: (370.65, 135.78)
[M::mem_pestat] low and high boundaries for proper pairs: (1, 1003)
[M::mem_pestat] analyzing insert size distribution for orientation RF...
[M::mem_pestat] (25, 50, 75) percentile: (272, 811, 4375)
[M::mem_pestat] low and high boundaries for computing mean and std.dev: (1, 12581)
[M::mem_pestat] mean and std.dev: (2501.74, 3018.69)
[M::mem_pestat] low and high boundaries for proper pairs: (1, 16684)
[M::mem_pestat] analyzing insert size distribution for orientation RR...
[M::mem_pestat] (25, 50, 75) percentile: (187, 333, 1790)
[M::mem_pestat] low and high boundaries for computing mean and std.dev: (1, 4996)
[M::mem_pestat] mean and std.dev: (426.45, 425.77)
[M::mem_pestat] low and high boundaries for proper pairs: (1, 6599)
[M::mem_pestat] skip orientation FF
[M::mem_pestat] skip orientation RF
[M::mem_pestat] skip orientation RR
[M::process] read 1066668 sequences (160000200 bp)...
[M::mem_process_seqs] Processed 1066668 reads in 808.272 CPU sec, 53.279 real sec
[M::process] read 1066668 sequences (160000200 bp)...
[M::mem_pestat] # candidate unique pairs for (FF, FR, RF, RR): (37, 221958, 80, 35)
[M::mem_pestat] analyzing insert size distribution for orientation FF...
[M::mem_pestat] (25, 50, 75) percentile: (345, 738, 1183)
[M::mem_pestat] low and high boundaries for computing mean and std.dev: (1, 2859)
[M::mem_pestat] mean and std.dev: (703.47, 499.09)
[M::mem_pestat] low and high boundaries for proper pairs: (1, 3697)
[M::mem_pestat] analyzing insert size distribution for orientation FR...
[M::mem_pestat] (25, 50, 75) percentile: (279, 361, 465)
[M::mem_pestat] low and high boundaries for computing mean and std.dev: (1, 837)
[M::mem_pestat] mean and std.dev: (373.61, 139.31)
[M::mem_pestat] low and high boundaries for proper pairs: (1, 1023)
[M::mem_pestat] analyzing insert size distribution for orientation RF...
[M::mem_pestat] (25, 50, 75) percentile: (417, 2767, 5976)
[M::mem_pestat] low and high boundaries for computing mean and std.dev: (1, 17094)
[M::mem_pestat] mean and std.dev: (3381.53, 3208.04)
[M::mem_pestat] low and high boundaries for proper pairs: (1, 22653)
[M::mem_pestat] analyzing insert size distribution for orientation RR...
[M::mem_pestat] (25, 50, 75) percentile: (352, 612, 1514)
[M::mem_pestat] low and high boundaries for computing mean and std.dev: (1, 3838)
[M::mem_pestat] mean and std.dev: (768.19, 751.78)
[M::mem_pestat] low and high boundaries for proper pairs: (1, 5000)
[M::mem_pestat] skip orientation FF
[M::mem_pestat] skip orientation RF
[M::mem_pestat] skip orientation RR
[M::mem_process_seqs] Processed 1066668 reads in 818.416 CPU sec, 54.555 real sec
[M::mem_pestat] # candidate unique pairs for (FF, FR, RF, RR): (49, 222850, 104, 49)
[M::mem_pestat] analyzing insert size distribution for orientation FF...
[M::mem_pestat] (25, 50, 75) percentile: (350, 514, 1919)
[M::mem_pestat] low and high boundaries for computing mean and std.dev: (1, 5057)
[M::mem_pestat] mean and std.dev: (1144.42, 1255.06)
[M::mem_pestat] low and high boundaries for proper pairs: (1, 6626)
[M::mem_pestat] analyzing insert size distribution for orientation FR...
[M::mem_pestat] (25, 50, 75) percentile: (277, 359, 461)
[M::mem_pestat] low and high boundaries for computing mean and std.dev: (1, 829)
[M::mem_pestat] mean and std.dev: (370.76, 137.25)
[M::mem_pestat] low and high boundaries for proper pairs: (1, 1013)
[M::mem_pestat] analyzing insert size distribution for orientation RF...
[M::mem_pestat] (25, 50, 75) percentile: (432, 1514, 6503)
[M::mem_pestat] low and high boundaries for computing mean and std.dev: (1, 18645)
[M::mem_pestat] mean and std.dev: (3115.20, 3271.71)
[M::mem_pestat] low and high boundaries for proper pairs: (1, 24716)
[M::mem_pestat] analyzing insert size distribution for orientation RR...
[M::mem_pestat] (25, 50, 75) percentile: (284, 480, 1075)
[M::mem_pestat] low and high boundaries for computing mean and std.dev: (1, 2657)
[M::mem_pestat] mean and std.dev: (609.50, 486.84)
[M::mem_pestat] low and high boundaries for proper pairs: (1, 3448)
[M::mem_pestat] skip orientation FF
[M::mem_pestat] skip orientation RF
[M::mem_pestat] skip orientation RR
[M::process] read 1066668 sequences (160000200 bp)...
[M::mem_process_seqs] Processed 1066668 reads in 812.187 CPU sec, 52.852 real sec
[M::mem_pestat] # candidate unique pairs for (FF, FR, RF, RR): (31, 221160, 74, 31)
[M::mem_pestat] analyzing insert size distribution for orientation FF...
[M::mem_pestat] (25, 50, 75) percentile: (247, 349, 2323)
[M::mem_pestat] low and high boundaries for computing mean and std.dev: (1, 6475)
[M::mem_pestat] mean and std.dev: (1380.80, 1774.85)
[M::mem_pestat] low and high boundaries for proper pairs: (1, 8551)
[M::mem_pestat] analyzing insert size distribution for orientation FR...
[M::mem_pestat] (25, 50, 75) percentile: (280, 362, 466)
[M::mem_pestat] low and high boundaries for computing mean and std.dev: (1, 838)
[M::mem_pestat] mean and std.dev: (374.59, 138.58)
[M::mem_pestat] low and high boundaries for proper pairs: (1, 1024)
[M::mem_pestat] analyzing insert size distribution for orientation RF...
[M::mem_pestat] (25, 50, 75) percentile: (221, 1922, 3899)
[M::mem_pestat] low and high boundaries for computing mean and std.dev: (1, 11255)
[M::mem_pestat] mean and std.dev: (2625.62, 2937.33)
[M::mem_pestat] low and high boundaries for proper pairs: (1, 14933)
[M::mem_pestat] analyzing insert size distribution for orientation RR...
[M::mem_pestat] (25, 50, 75) percentile: (355, 788, 4585)
[M::mem_pestat] low and high boundaries for computing mean and std.dev: (1, 13045)
[M::mem_pestat] mean and std.dev: (2376.87, 2540.23)
[M::mem_pestat] low and high boundaries for proper pairs: (1, 17275)
[M::mem_pestat] skip orientation FF
[M::mem_pestat] skip orientation RF
[M::mem_pestat] skip orientation RR
[M::process] read 1066668 sequences (160000200 bp)...
[M::mem_process_seqs] Processed 1066668 reads in 815.455 CPU sec, 53.168 real sec
[M::mem_pestat] # candidate unique pairs for (FF, FR, RF, RR): (37, 221679, 67, 35)
[M::mem_pestat] analyzing insert size distribution for orientation FF...
[M::mem_pestat] (25, 50, 75) percentile: (297, 424, 1313)
[M::mem_pestat] low and high boundaries for computing mean and std.dev: (1, 3345)
[M::mem_pestat] mean and std.dev: (550.71, 548.35)
[M::mem_pestat] low and high boundaries for proper pairs: (1, 4361)
[M::mem_pestat] analyzing insert size distribution for orientation FR...
[M::mem_pestat] (25, 50, 75) percentile: (278, 360, 464)
[M::mem_pestat] low and high boundaries for computing mean and std.dev: (1, 836)
[M::mem_pestat] mean and std.dev: (372.47, 138.16)
[M::mem_pestat] low and high boundaries for proper pairs: (1, 1022)
[M::mem_pestat] analyzing insert size distribution for orientation RF...
[M::mem_pestat] (25, 50, 75) percentile: (654, 2599, 4536)
[M::mem_pestat] low and high boundaries for computing mean and std.dev: (1, 12300)
[M::mem_pestat] mean and std.dev: (3018.51, 2556.72)
[M::mem_pestat] low and high boundaries for proper pairs: (1, 16182)
[M::mem_pestat] analyzing insert size distribution for orientation RR...
[M::mem_pestat] (25, 50, 75) percentile: (299, 1818, 4285)
[M::mem_pestat] low and high boundaries for computing mean and std.dev: (1, 12257)
[M::mem_pestat] mean and std.dev: (2234.40, 2129.77)
[M::mem_pestat] low and high boundaries for proper pairs: (1, 16243)
[M::mem_pestat] skip orientation FF
[M::mem_pestat] skip orientation RF
[M::mem_pestat] skip orientation RR
[M::process] read 1066668 sequences (160000200 bp)...
[M::mem_process_seqs] Processed 1066668 reads in 824.671 CPU sec, 54.590 real sec
[M::mem_pestat] # candidate unique pairs for (FF, FR, RF, RR): (34, 222540, 89, 31)
[M::mem_pestat] analyzing insert size distribution for orientation FF...
[M::mem_pestat] (25, 50, 75) percentile: (346, 613, 1793)
[M::mem_pestat] low and high boundaries for computing mean and std.dev: (1, 4687)
[M::mem_pestat] mean and std.dev: (691.04, 644.12)
[M::mem_pestat] low and high boundaries for proper pairs: (1, 6134)
[M::mem_pestat] analyzing insert size distribution for orientation FR...
[M::mem_pestat] (25, 50, 75) percentile: (277, 358, 461)
[M::mem_pestat] low and high boundaries for computing mean and std.dev: (1, 829)
[M::mem_pestat] mean and std.dev: (370.95, 137.32)
[M::mem_pestat] low and high boundaries for proper pairs: (1, 1013)
[M::mem_pestat] analyzing insert size distribution for orientation RF...
[M::mem_pestat] (25, 50, 75) percentile: (230, 1341, 5059)
[M::mem_pestat] low and high boundaries for computing mean and std.dev: (1, 14717)
[M::mem_pestat] mean and std.dev: (2869.48, 3253.69)
[M::mem_pestat] low and high boundaries for proper pairs: (1, 19546)
[M::mem_pestat] analyzing insert size distribution for orientation RR...
[M::mem_pestat] (25, 50, 75) percentile: (173, 291, 574)
[M::mem_pestat] low and high boundaries for computing mean and std.dev: (1, 1376)
[M::mem_pestat] mean and std.dev: (333.73, 278.53)
[M::mem_pestat] low and high boundaries for proper pairs: (1, 1777)
[M::mem_pestat] skip orientation FF
[M::mem_pestat] skip orientation RF
[M::mem_pestat] skip orientation RR
[M::process] read 1066668 sequences (160000200 bp)...
[M::mem_process_seqs] Processed 1066668 reads in 817.237 CPU sec, 53.764 real sec
[M::mem_pestat] # candidate unique pairs for (FF, FR, RF, RR): (35, 221285, 70, 38)
[M::mem_pestat] analyzing insert size distribution for orientation FF...
[M::mem_pestat] (25, 50, 75) percentile: (302, 494, 955)
[M::mem_pestat] low and high boundaries for computing mean and std.dev: (1, 2261)
[M::mem_pestat] mean and std.dev: (527.48, 464.59)
[M::mem_pestat] low and high boundaries for proper pairs: (1, 2914)
[M::mem_pestat] analyzing insert size distribution for orientation FR...
[M::mem_pestat] (25, 50, 75) percentile: (276, 357, 457)
[M::mem_pestat] low and high boundaries for computing mean and std.dev: (1, 819)
[M::mem_pestat] mean and std.dev: (368.05, 135.08)
[M::mem_pestat] low and high boundaries for proper pairs: (1, 1000)
[M::mem_pestat] analyzing insert size distribution for orientation RF...
[M::mem_pestat] (25, 50, 75) percentile: (370, 1566, 4395)
[M::mem_pestat] low and high boundaries for computing mean and std.dev: (1, 12445)
[M::mem_pestat] mean and std.dev: (2632.57, 2975.89)
[M::mem_pestat] low and high boundaries for proper pairs: (1, 16470)
[M::mem_pestat] analyzing insert size distribution for orientation RR...
[M::mem_pestat] (25, 50, 75) percentile: (173, 336, 585)
[M::mem_pestat] low and high boundaries for computing mean and std.dev: (1, 1409)
[M::mem_pestat] mean and std.dev: (303.32, 203.51)
[M::mem_pestat] low and high boundaries for proper pairs: (1, 1821)
[M::mem_pestat] skip orientation FF
[M::mem_pestat] skip orientation RF
[M::mem_pestat] skip orientation RR
[M::process] read 1066668 sequences (160000200 bp)...
[M::mem_process_seqs] Processed 1066668 reads in 820.555 CPU sec, 55.809 real sec
[M::process] read 1066668 sequences (160000200 bp)...
[M::mem_pestat] # candidate unique pairs for (FF, FR, RF, RR): (52, 222203, 74, 42)
[M::mem_pestat] analyzing insert size distribution for orientation FF...
[M::mem_pestat] (25, 50, 75) percentile: (247, 495, 1121)
[M::mem_pestat] low and high boundaries for computing mean and std.dev: (1, 2869)
[M::mem_pestat] mean and std.dev: (640.60, 651.60)
[M::mem_pestat] low and high boundaries for proper pairs: (1, 3743)
[M::mem_pestat] analyzing insert size distribution for orientation FR...
[M::mem_pestat] (25, 50, 75) percentile: (282, 364, 465)
[M::mem_pestat] low and high boundaries for computing mean and std.dev: (1, 831)
[M::mem_pestat] mean and std.dev: (374.83, 137.02)
[M::mem_pestat] low and high boundaries for proper pairs: (1, 1014)
[M::mem_pestat] analyzing insert size distribution for orientation RF...
[M::mem_pestat] (25, 50, 75) percentile: (687, 2341, 6262)
[M::mem_pestat] low and high boundaries for computing mean and std.dev: (1, 17412)
[M::mem_pestat] mean and std.dev: (3339.15, 3104.24)
[M::mem_pestat] low and high boundaries for proper pairs: (1, 22987)
[M::mem_pestat] analyzing insert size distribution for orientation RR...
[M::mem_pestat] (25, 50, 75) percentile: (287, 445, 1356)
[M::mem_pestat] low and high boundaries for computing mean and std.dev: (1, 3494)
[M::mem_pestat] mean and std.dev: (725.95, 703.03)
[M::mem_pestat] low and high boundaries for proper pairs: (1, 4563)
[M::mem_pestat] skip orientation FF
[M::mem_pestat] skip orientation RF
[M::mem_pestat] skip orientation RR
[M::mem_process_seqs] Processed 1066668 reads in 793.602 CPU sec, 53.153 real sec
[M::mem_pestat] # candidate unique pairs for (FF, FR, RF, RR): (25, 221956, 85, 22)
[M::mem_pestat] analyzing insert size distribution for orientation FF...
[M::mem_pestat] (25, 50, 75) percentile: (164, 1127, 2180)
[M::mem_pestat] low and high boundaries for computing mean and std.dev: (1, 6212)
[M::mem_pestat] mean and std.dev: (1346.76, 1354.87)
[M::mem_pestat] low and high boundaries for proper pairs: (1, 8228)
[M::mem_pestat] analyzing insert size distribution for orientation FR...
[M::mem_pestat] (25, 50, 75) percentile: (282, 362, 460)
[M::mem_pestat] low and high boundaries for computing mean and std.dev: (1, 816)
[M::mem_pestat] mean and std.dev: (371.99, 134.12)
[M::mem_pestat] low and high boundaries for proper pairs: (1, 994)
[M::mem_pestat] analyzing insert size distribution for orientation RF...
[M::mem_pestat] (25, 50, 75) percentile: (344, 1333, 6298)
[M::mem_pestat] low and high boundaries for computing mean and std.dev: (1, 18206)
[M::mem_pestat] mean and std.dev: (3085.02, 3172.52)
[M::mem_pestat] low and high boundaries for proper pairs: (1, 24160)
[M::mem_pestat] analyzing insert size distribution for orientation RR...
[M::mem_pestat] (25, 50, 75) percentile: (374, 611, 1384)
[M::mem_pestat] low and high boundaries for computing mean and std.dev: (1, 3404)
[M::mem_pestat] mean and std.dev: (929.45, 828.42)
[M::mem_pestat] low and high boundaries for proper pairs: (1, 4414)
[M::mem_pestat] skip orientation FF
[M::mem_pestat] skip orientation RF
[M::mem_pestat] skip orientation RR
[M::process] read 1066668 sequences (160000200 bp)...
[M::mem_process_seqs] Processed 1066668 reads in 795.708 CPU sec, 52.371 real sec
[M::process] read 1066668 sequences (160000200 bp)...
[M::mem_pestat] # candidate unique pairs for (FF, FR, RF, RR): (37, 222384, 91, 29)
[M::mem_pestat] analyzing insert size distribution for orientation FF...
[M::mem_pestat] (25, 50, 75) percentile: (309, 576, 1908)
[M::mem_pestat] low and high boundaries for computing mean and std.dev: (1, 5106)
[M::mem_pestat] mean and std.dev: (962.40, 794.04)
[M::mem_pestat] low and high boundaries for proper pairs: (1, 6705)
[M::mem_pestat] analyzing insert size distribution for orientation FR...
[M::mem_pestat] (25, 50, 75) percentile: (280, 363, 466)
[M::mem_pestat] low and high boundaries for computing mean and std.dev: (1, 838)
[M::mem_pestat] mean and std.dev: (374.76, 138.57)
[M::mem_pestat] low and high boundaries for proper pairs: (1, 1024)
[M::mem_pestat] analyzing insert size distribution for orientation RF...
[M::mem_pestat] (25, 50, 75) percentile: (320, 1287, 3632)
[M::mem_pestat] low and high boundaries for computing mean and std.dev: (1, 10256)
[M::mem_pestat] mean and std.dev: (2323.02, 2644.06)
[M::mem_pestat] low and high boundaries for proper pairs: (1, 13568)
[M::mem_pestat] analyzing insert size distribution for orientation RR...
[M::mem_pestat] (25, 50, 75) percentile: (238, 496, 5489)
[M::mem_pestat] low and high boundaries for computing mean and std.dev: (1, 15991)
[M::mem_pestat] mean and std.dev: (2194.72, 2967.93)
[M::mem_pestat] low and high boundaries for proper pairs: (1, 21242)
[M::mem_pestat] skip orientation FF
[M::mem_pestat] skip orientation RF
[M::mem_pestat] skip orientation RR
[M::mem_process_seqs] Processed 1066668 reads in 804.084 CPU sec, 52.964 real sec
[M::mem_pestat] # candidate unique pairs for (FF, FR, RF, RR): (54, 221699, 77, 35)
[M::mem_pestat] analyzing insert size distribution for orientation FF...
[M::mem_pestat] (25, 50, 75) percentile: (230, 459, 852)
[M::mem_pestat] low and high boundaries for computing mean and std.dev: (1, 2096)
[M::mem_pestat] mean and std.dev: (446.64, 357.45)
[M::mem_pestat] low and high boundaries for proper pairs: (1, 2718)
[M::mem_pestat] analyzing insert size distribution for orientation FR...
[M::mem_pestat] (25, 50, 75) percentile: (280, 361, 462)
[M::mem_pestat] low and high boundaries for computing mean and std.dev: (1, 826)
[M::mem_pestat] mean and std.dev: (372.80, 136.59)
[M::mem_pestat] low and high boundaries for proper pairs: (1, 1008)
[M::mem_pestat] analyzing insert size distribution for orientation RF...
[M::mem_pestat] (25, 50, 75) percentile: (272, 1809, 5477)
[M::mem_pestat] low and high boundaries for computing mean and std.dev: (1, 15887)
[M::mem_pestat] mean and std.dev: (2865.91, 2967.36)
[M::mem_pestat] low and high boundaries for proper pairs: (1, 21092)
[M::mem_pestat] analyzing insert size distribution for orientation RR...
[M::mem_pestat] (25, 50, 75) percentile: (277, 365, 617)
[M::mem_pestat] low and high boundaries for computing mean and std.dev: (1, 1297)
[M::mem_pestat] mean and std.dev: (359.50, 240.42)
[M::mem_pestat] low and high boundaries for proper pairs: (1, 1637)
[M::mem_pestat] skip orientation FF
[M::mem_pestat] skip orientation RF
[M::mem_pestat] skip orientation RR
[M::process] read 1066668 sequences (160000200 bp)...
[M::mem_process_seqs] Processed 1066668 reads in 809.723 CPU sec, 52.817 real sec
[M::mem_pestat] # candidate unique pairs for (FF, FR, RF, RR): (42, 222885, 75, 47)
[M::mem_pestat] analyzing insert size distribution for orientation FF...
[M::mem_pestat] (25, 50, 75) percentile: (297, 491, 1335)
[M::mem_pestat] low and high boundaries for computing mean and std.dev: (1, 3411)
[M::mem_pestat] mean and std.dev: (859.67, 858.20)
[M::mem_pestat] low and high boundaries for proper pairs: (1, 4449)
[M::mem_pestat] analyzing insert size distribution for orientation FR...
[M::mem_pestat] (25, 50, 75) percentile: (278, 359, 459)
[M::mem_pestat] low and high boundaries for computing mean and std.dev: (1, 821)
[M::mem_pestat] mean and std.dev: (370.65, 136.12)
[M::mem_pestat] low and high boundaries for proper pairs: (1, 1002)
[M::mem_pestat] analyzing insert size distribution for orientation RF...
[M::mem_pestat] (25, 50, 75) percentile: (370, 1264, 3927)
[M::mem_pestat] low and high boundaries for computing mean and std.dev: (1, 11041)
[M::mem_pestat] mean and std.dev: (2444.33, 2448.37)
[M::mem_pestat] low and high boundaries for proper pairs: (1, 14598)
[M::mem_pestat] analyzing insert size distribution for orientation RR...
[M::mem_pestat] (25, 50, 75) percentile: (258, 474, 1595)
[M::mem_pestat] low and high boundaries for computing mean and std.dev: (1, 4269)
[M::mem_pestat] mean and std.dev: (714.41, 702.41)
[M::mem_pestat] low and high boundaries for proper pairs: (1, 5606)
[M::mem_pestat] skip orientation FF
[M::mem_pestat] skip orientation RF
[M::mem_pestat] skip orientation RR
[M::process] read 1066668 sequences (160000200 bp)...
[M::mem_process_seqs] Processed 1066668 reads in 814.603 CPU sec, 53.118 real sec
[M::mem_pestat] # candidate unique pairs for (FF, FR, RF, RR): (32, 222196, 64, 33)
[M::mem_pestat] analyzing insert size distribution for orientation FF...
[M::mem_pestat] (25, 50, 75) percentile: (258, 440, 865)
[M::mem_pestat] low and high boundaries for computing mean and std.dev: (1, 2079)
[M::mem_pestat] mean and std.dev: (448.93, 363.09)
[M::mem_pestat] low and high boundaries for proper pairs: (1, 2686)
[M::mem_pestat] analyzing insert size distribution for orientation FR...
[M::mem_pestat] (25, 50, 75) percentile: (278, 358, 461)
[M::mem_pestat] low and high boundaries for computing mean and std.dev: (1, 827)
[M::mem_pestat] mean and std.dev: (370.75, 136.84)
[M::mem_pestat] low and high boundaries for proper pairs: (1, 1010)
[M::mem_pestat] analyzing insert size distribution for orientation RF...
[M::mem_pestat] (25, 50, 75) percentile: (556, 1385, 3825)
[M::mem_pestat] low and high boundaries for computing mean and std.dev: (1, 10363)
[M::mem_pestat] mean and std.dev: (2792.11, 2845.96)
[M::mem_pestat] low and high boundaries for proper pairs: (1, 14176)
[M::mem_pestat] analyzing insert size distribution for orientation RR...
[M::mem_pestat] (25, 50, 75) percentile: (210, 296, 5102)
[M::mem_pestat] low and high boundaries for computing mean and std.dev: (1, 14886)
[M::mem_pestat] mean and std.dev: (2214.45, 3186.81)
[M::mem_pestat] low and high boundaries for proper pairs: (1, 19778)
[M::mem_pestat] skip orientation FF
[M::mem_pestat] skip orientation RF
[M::mem_pestat] skip orientation RR
[M::process] read 1066668 sequences (160000200 bp)...
[M::mem_process_seqs] Processed 1066668 reads in 819.685 CPU sec, 53.544 real sec
[M::process] read 1066668 sequences (160000200 bp)...
[M::mem_pestat] # candidate unique pairs for (FF, FR, RF, RR): (40, 220880, 86, 26)
[M::mem_pestat] analyzing insert size distribution for orientation FF...
[M::mem_pestat] (25, 50, 75) percentile: (464, 900, 2736)
[M::mem_pestat] low and high boundaries for computing mean and std.dev: (1, 7280)
[M::mem_pestat] mean and std.dev: (1406.84, 1354.44)
[M::mem_pestat] low and high boundaries for proper pairs: (1, 9552)
[M::mem_pestat] analyzing insert size distribution for orientation FR...
[M::mem_pestat] (25, 50, 75) percentile: (275, 356, 458)
[M::mem_pestat] low and high boundaries for computing mean and std.dev: (1, 824)
[M::mem_pestat] mean and std.dev: (368.47, 137.16)
[M::mem_pestat] low and high boundaries for proper pairs: (1, 1007)
[M::mem_pestat] analyzing insert size distribution for orientation RF...
[M::mem_pestat] (25, 50, 75) percentile: (533, 1995, 5671)
[M::mem_pestat] low and high boundaries for computing mean and std.dev: (1, 15947)
[M::mem_pestat] mean and std.dev: (3241.42, 3187.02)
[M::mem_pestat] low and high boundaries for proper pairs: (1, 21085)
[M::mem_pestat] analyzing insert size distribution for orientation RR...
[M::mem_pestat] (25, 50, 75) percentile: (286, 524, 1934)
[M::mem_pestat] low and high boundaries for computing mean and std.dev: (1, 5230)
[M::mem_pestat] mean and std.dev: (1018.70, 1294.78)
[M::mem_pestat] low and high boundaries for proper pairs: (1, 6878)
[M::mem_pestat] skip orientation FF
[M::mem_pestat] skip orientation RF
[M::mem_pestat] skip orientation RR
[M::mem_process_seqs] Processed 1066668 reads in 825.392 CPU sec, 54.341 real sec
[M::process] read 1066668 sequences (160000200 bp)...
[M::mem_pestat] # candidate unique pairs for (FF, FR, RF, RR): (27, 221459, 82, 29)
[M::mem_pestat] analyzing insert size distribution for orientation FF...
[M::mem_pestat] (25, 50, 75) percentile: (180, 266, 605)
[M::mem_pestat] low and high boundaries for computing mean and std.dev: (1, 1455)
[M::mem_pestat] mean and std.dev: (334.62, 272.47)
[M::mem_pestat] low and high boundaries for proper pairs: (1, 1880)
[M::mem_pestat] analyzing insert size distribution for orientation FR...
[M::mem_pestat] (25, 50, 75) percentile: (277, 357, 459)
[M::mem_pestat] low and high boundaries for computing mean and std.dev: (1, 823)
[M::mem_pestat] mean and std.dev: (369.51, 136.37)
[M::mem_pestat] low and high boundaries for proper pairs: (1, 1005)
[M::mem_pestat] analyzing insert size distribution for orientation RF...
[M::mem_pestat] (25, 50, 75) percentile: (142, 1321, 5815)
[M::mem_pestat] low and high boundaries for computing mean and std.dev: (1, 17161)
[M::mem_pestat] mean and std.dev: (3099.04, 3424.96)
[M::mem_pestat] low and high boundaries for proper pairs: (1, 22834)
[M::mem_pestat] analyzing insert size distribution for orientation RR...
[M::mem_pestat] (25, 50, 75) percentile: (184, 312, 1132)
[M::mem_pestat] low and high boundaries for computing mean and std.dev: (1, 3028)
[M::mem_pestat] mean and std.dev: (426.08, 418.70)
[M::mem_pestat] low and high boundaries for proper pairs: (1, 3976)
[M::mem_pestat] skip orientation FF
[M::mem_pestat] skip orientation RF
[M::mem_pestat] skip orientation RR
[M::mem_process_seqs] Processed 1066668 reads in 838.162 CPU sec, 55.168 real sec
[M::mem_pestat] # candidate unique pairs for (FF, FR, RF, RR): (17, 218867, 83, 33)
[M::mem_pestat] analyzing insert size distribution for orientation FF...
[M::mem_pestat] (25, 50, 75) percentile: (247, 366, 1819)
[M::mem_pestat] low and high boundaries for computing mean and std.dev: (1, 4963)
[M::mem_pestat] mean and std.dev: (436.71, 431.70)
[M::mem_pestat] low and high boundaries for proper pairs: (1, 6535)
[M::mem_pestat] analyzing insert size distribution for orientation FR...
[M::mem_pestat] (25, 50, 75) percentile: (287, 381, 494)
[M::mem_pestat] low and high boundaries for computing mean and std.dev: (1, 908)
[M::mem_pestat] mean and std.dev: (391.57, 148.16)
[M::mem_pestat] low and high boundaries for proper pairs: (1, 1115)
[M::mem_pestat] analyzing insert size distribution for orientation RF...
[M::mem_pestat] (25, 50, 75) percentile: (273, 760, 5976)
[M::mem_pestat] low and high boundaries for computing mean and std.dev: (1, 17382)
[M::mem_pestat] mean and std.dev: (2762.69, 3387.48)
[M::mem_pestat] low and high boundaries for proper pairs: (1, 23085)
[M::mem_pestat] analyzing insert size distribution for orientation RR...
[M::mem_pestat] (25, 50, 75) percentile: (524, 998, 1620)
[M::mem_pestat] low and high boundaries for computing mean and std.dev: (1, 3812)
[M::mem_pestat] mean and std.dev: (1161.50, 897.31)
[M::mem_pestat] low and high boundaries for proper pairs: (1, 4908)
[M::mem_pestat] skip orientation FF
[M::mem_pestat] skip orientation RF
[M::mem_pestat] skip orientation RR
[M::process] read 1066668 sequences (160000200 bp)...
[M::mem_process_seqs] Processed 1066668 reads in 846.671 CPU sec, 55.648 real sec
[M::mem_pestat] # candidate unique pairs for (FF, FR, RF, RR): (42, 218915, 85, 50)
[M::mem_pestat] analyzing insert size distribution for orientation FF...
[M::mem_pestat] (25, 50, 75) percentile: (244, 671, 1797)
[M::mem_pestat] low and high boundaries for computing mean and std.dev: (1, 4903)
[M::mem_pestat] mean and std.dev: (891.68, 1027.32)
[M::mem_pestat] low and high boundaries for proper pairs: (1, 6456)
[M::mem_pestat] analyzing insert size distribution for orientation FR...
[M::mem_pestat] (25, 50, 75) percentile: (290, 383, 493)
[M::mem_pestat] low and high boundaries for computing mean and std.dev: (1, 899)
[M::mem_pestat] mean and std.dev: (392.64, 146.78)
[M::mem_pestat] low and high boundaries for proper pairs: (1, 1102)
[M::mem_pestat] analyzing insert size distribution for orientation RF...
[M::mem_pestat] (25, 50, 75) percentile: (342, 1685, 4460)
[M::mem_pestat] low and high boundaries for computing mean and std.dev: (1, 12696)
[M::mem_pestat] mean and std.dev: (2708.52, 2916.84)
[M::mem_pestat] low and high boundaries for proper pairs: (1, 16814)
[M::mem_pestat] analyzing insert size distribution for orientation RR...
[M::mem_pestat] (25, 50, 75) percentile: (409, 616, 1107)
[M::mem_pestat] low and high boundaries for computing mean and std.dev: (1, 2503)
[M::mem_pestat] mean and std.dev: (701.31, 468.95)
[M::mem_pestat] low and high boundaries for proper pairs: (1, 3201)
[M::mem_pestat] skip orientation FF
[M::mem_pestat] skip orientation RF
[M::mem_pestat] skip orientation RR
[M::process] read 1066668 sequences (160000200 bp)...
[M::mem_process_seqs] Processed 1066668 reads in 836.374 CPU sec, 56.059 real sec
[M::mem_pestat] # candidate unique pairs for (FF, FR, RF, RR): (40, 219208, 86, 22)
[M::mem_pestat] analyzing insert size distribution for orientation FF...
[M::mem_pestat] (25, 50, 75) percentile: (262, 411, 2496)
[M::mem_pestat] low and high boundaries for computing mean and std.dev: (1, 6964)
[M::mem_pestat] mean and std.dev: (1469.31, 1948.81)
[M::mem_pestat] low and high boundaries for proper pairs: (1, 9265)
[M::mem_pestat] analyzing insert size distribution for orientation FR...
[M::mem_pestat] (25, 50, 75) percentile: (282, 371, 481)
[M::mem_pestat] low and high boundaries for computing mean and std.dev: (1, 879)
[M::mem_pestat] mean and std.dev: (383.16, 144.49)
[M::mem_pestat] low and high boundaries for proper pairs: (1, 1078)
[M::mem_pestat] analyzing insert size distribution for orientation RF...
[M::mem_pestat] (25, 50, 75) percentile: (350, 930, 4497)
[M::mem_pestat] low and high boundaries for computing mean and std.dev: (1, 12791)
[M::mem_pestat] mean and std.dev: (2402.51, 2520.25)
[M::mem_pestat] low and high boundaries for proper pairs: (1, 16938)
[M::mem_pestat] analyzing insert size distribution for orientation RR...
[M::mem_pestat] (25, 50, 75) percentile: (174, 356, 2394)
[M::mem_pestat] low and high boundaries for computing mean and std.dev: (1, 6834)
[M::mem_pestat] mean and std.dev: (709.05, 1011.77)
[M::mem_pestat] low and high boundaries for proper pairs: (1, 9054)
[M::mem_pestat] skip orientation FF
[M::mem_pestat] skip orientation RF
[M::mem_pestat] skip orientation RR
[M::mem_process_seqs] Processed 1066668 reads in 839.037 CPU sec, 56.162 real sec
[M::process] read 1066668 sequences (160000200 bp)...
[M::process] read 1066668 sequences (160000200 bp)...
[M::mem_pestat] # candidate unique pairs for (FF, FR, RF, RR): (41, 219942, 86, 24)
[M::mem_pestat] analyzing insert size distribution for orientation FF...
[M::mem_pestat] (25, 50, 75) percentile: (244, 399, 970)
[M::mem_pestat] low and high boundaries for computing mean and std.dev: (1, 2422)
[M::mem_pestat] mean and std.dev: (526.62, 437.86)
[M::mem_pestat] low and high boundaries for proper pairs: (1, 3148)
[M::mem_pestat] analyzing insert size distribution for orientation FR...
[M::mem_pestat] (25, 50, 75) percentile: (283, 370, 478)
[M::mem_pestat] low and high boundaries for computing mean and std.dev: (1, 868)
[M::mem_pestat] mean and std.dev: (381.93, 143.22)
[M::mem_pestat] low and high boundaries for proper pairs: (1, 1063)
[M::mem_pestat] analyzing insert size distribution for orientation RF...
[M::mem_pestat] (25, 50, 75) percentile: (367, 1945, 6097)
[M::mem_pestat] low and high boundaries for computing mean and std.dev: (1, 17557)
[M::mem_pestat] mean and std.dev: (2992.08, 3104.13)
[M::mem_pestat] low and high boundaries for proper pairs: (1, 23287)
[M::mem_pestat] analyzing insert size distribution for orientation RR...
[M::mem_pestat] (25, 50, 75) percentile: (233, 345, 1263)
[M::mem_pestat] low and high boundaries for computing mean and std.dev: (1, 3323)
[M::mem_pestat] mean and std.dev: (653.36, 684.53)
[M::mem_pestat] low and high boundaries for proper pairs: (1, 4353)
[M::mem_pestat] skip orientation FF
[M::mem_pestat] skip orientation RF
[M::mem_pestat] skip orientation RR
[M::mem_process_seqs] Processed 1066668 reads in 821.103 CPU sec, 53.443 real sec
[M::mem_pestat] # candidate unique pairs for (FF, FR, RF, RR): (27, 220345, 100, 31)
[M::mem_pestat] analyzing insert size distribution for orientation FF...
[M::mem_pestat] (25, 50, 75) percentile: (256, 488, 1246)
[M::mem_pestat] low and high boundaries for computing mean and std.dev: (1, 3226)
[M::mem_pestat] mean and std.dev: (477.09, 381.30)
[M::mem_pestat] low and high boundaries for proper pairs: (1, 4216)
[M::mem_pestat] analyzing insert size distribution for orientation FR...
[M::mem_pestat] (25, 50, 75) percentile: (282, 368, 476)
[M::mem_pestat] low and high boundaries for computing mean and std.dev: (1, 864)
[M::mem_pestat] mean and std.dev: (381.02, 143.03)
[M::mem_pestat] low and high boundaries for proper pairs: (1, 1058)
[M::mem_pestat] analyzing insert size distribution for orientation RF...
[M::mem_pestat] (25, 50, 75) percentile: (346, 1490, 6008)
[M::mem_pestat] low and high boundaries for computing mean and std.dev: (1, 17332)
[M::mem_pestat] mean and std.dev: (3101.39, 3260.54)
[M::mem_pestat] low and high boundaries for proper pairs: (1, 22994)
[M::mem_pestat] analyzing insert size distribution for orientation RR...
[M::mem_pestat] (25, 50, 75) percentile: (322, 510, 2338)
[M::mem_pestat] low and high boundaries for computing mean and std.dev: (1, 6370)
[M::mem_pestat] mean and std.dev: (937.96, 1092.11)
[M::mem_pestat] low and high boundaries for proper pairs: (1, 8386)
[M::mem_pestat] skip orientation FF
[M::mem_pestat] skip orientation RF
[M::mem_pestat] skip orientation RR
[M::process] read 1066668 sequences (160000200 bp)...
[M::mem_process_seqs] Processed 1066668 reads in 820.090 CPU sec, 53.603 real sec
[M::mem_pestat] # candidate unique pairs for (FF, FR, RF, RR): (49, 221190, 84, 41)
[M::mem_pestat] analyzing insert size distribution for orientation FF...
[M::mem_pestat] (25, 50, 75) percentile: (436, 1121, 2914)
[M::mem_pestat] low and high boundaries for computing mean and std.dev: (1, 7870)
[M::mem_pestat] mean and std.dev: (1691.28, 1577.99)
[M::mem_pestat] low and high boundaries for proper pairs: (1, 10348)
[M::mem_pestat] analyzing insert size distribution for orientation FR...
[M::mem_pestat] (25, 50, 75) percentile: (284, 368, 476)
[M::mem_pestat] low and high boundaries for computing mean and std.dev: (1, 860)
[M::mem_pestat] mean and std.dev: (381.42, 141.75)
[M::mem_pestat] low and high boundaries for proper pairs: (1, 1052)
[M::mem_pestat] analyzing insert size distribution for orientation RF...
[M::mem_pestat] (25, 50, 75) percentile: (534, 1295, 4403)
[M::mem_pestat] low and high boundaries for computing mean and std.dev: (1, 12141)
[M::mem_pestat] mean and std.dev: (2498.81, 2654.94)
[M::mem_pestat] low and high boundaries for proper pairs: (1, 16010)
[M::mem_pestat] analyzing insert size distribution for orientation RR...
[M::mem_pestat] (25, 50, 75) percentile: (137, 327, 816)
[M::mem_pestat] low and high boundaries for computing mean and std.dev: (1, 2174)
[M::mem_pestat] mean and std.dev: (453.62, 437.41)
[M::mem_pestat] low and high boundaries for proper pairs: (1, 2853)
[M::mem_pestat] skip orientation FF
[M::mem_pestat] skip orientation RF
[M::mem_pestat] skip orientation RR
[M::process] read 1066668 sequences (160000200 bp)...
[M::mem_process_seqs] Processed 1066668 reads in 830.612 CPU sec, 53.956 real sec
[M::mem_pestat] # candidate unique pairs for (FF, FR, RF, RR): (36, 220604, 83, 46)
[M::mem_pestat] analyzing insert size distribution for orientation FF...
[M::mem_pestat] (25, 50, 75) percentile: (398, 582, 1249)
[M::mem_pestat] low and high boundaries for computing mean and std.dev: (1, 2951)
[M::mem_pestat] mean and std.dev: (715.30, 555.72)
[M::mem_pestat] low and high boundaries for proper pairs: (1, 3802)
[M::mem_pestat] analyzing insert size distribution for orientation FR...
[M::mem_pestat] (25, 50, 75) percentile: (283, 367, 476)
[M::mem_pestat] low and high boundaries for computing mean and std.dev: (1, 862)
[M::mem_pestat] mean and std.dev: (380.58, 141.99)
[M::mem_pestat] low and high boundaries for proper pairs: (1, 1055)
[M::mem_pestat] analyzing insert size distribution for orientation RF...
[M::mem_pestat] (25, 50, 75) percentile: (329, 1290, 4037)
[M::mem_pestat] low and high boundaries for computing mean and std.dev: (1, 11453)
[M::mem_pestat] mean and std.dev: (2778.17, 3187.32)
[M::mem_pestat] low and high boundaries for proper pairs: (1, 15527)
[M::mem_pestat] analyzing insert size distribution for orientation RR...
[M::mem_pestat] (25, 50, 75) percentile: (221, 421, 556)
[M::mem_pestat] low and high boundaries for computing mean and std.dev: (1, 1226)
[M::mem_pestat] mean and std.dev: (368.38, 204.13)
[M::mem_pestat] low and high boundaries for proper pairs: (1, 1561)
[M::mem_pestat] skip orientation FF
[M::mem_pestat] skip orientation RF
[M::mem_pestat] skip orientation RR
[M::process] read 1066668 sequences (160000200 bp)...
[M::mem_process_seqs] Processed 1066668 reads in 840.096 CPU sec, 55.515 real sec
[M::process] read 1066668 sequences (160000200 bp)...
[M::mem_pestat] # candidate unique pairs for (FF, FR, RF, RR): (53, 221513, 76, 30)
[M::mem_pestat] analyzing insert size distribution for orientation FF...
[M::mem_pestat] (25, 50, 75) percentile: (211, 523, 1795)
[M::mem_pestat] low and high boundaries for computing mean and std.dev: (1, 4963)
[M::mem_pestat] mean and std.dev: (815.79, 987.55)
[M::mem_pestat] low and high boundaries for proper pairs: (1, 6547)
[M::mem_pestat] analyzing insert size distribution for orientation FR...
[M::mem_pestat] (25, 50, 75) percentile: (283, 368, 476)
[M::mem_pestat] low and high boundaries for computing mean and std.dev: (1, 862)
[M::mem_pestat] mean and std.dev: (381.20, 142.49)
[M::mem_pestat] low and high boundaries for proper pairs: (1, 1055)
[M::mem_pestat] analyzing insert size distribution for orientation RF...
[M::mem_pestat] (25, 50, 75) percentile: (491, 2167, 6867)
[M::mem_pestat] low and high boundaries for computing mean and std.dev: (1, 19619)
[M::mem_pestat] mean and std.dev: (3328.75, 2970.52)
[M::mem_pestat] low and high boundaries for proper pairs: (1, 25995)
[M::mem_pestat] analyzing insert size distribution for orientation RR...
[M::mem_pestat] (25, 50, 75) percentile: (278, 431, 640)
[M::mem_pestat] low and high boundaries for computing mean and std.dev: (1, 1364)
[M::mem_pestat] mean and std.dev: (438.11, 211.95)
[M::mem_pestat] low and high boundaries for proper pairs: (1, 1726)
[M::mem_pestat] skip orientation FF
[M::mem_pestat] skip orientation RF
[M::mem_pestat] skip orientation RR
[M::mem_process_seqs] Processed 1066668 reads in 842.276 CPU sec, 55.532 real sec
[M::mem_pestat] # candidate unique pairs for (FF, FR, RF, RR): (29, 219208, 75, 43)
[M::mem_pestat] analyzing insert size distribution for orientation FF...
[M::mem_pestat] (25, 50, 75) percentile: (159, 179, 1746)
[M::mem_pestat] low and high boundaries for computing mean and std.dev: (1, 4920)
[M::mem_pestat] mean and std.dev: (803.15, 1245.23)
[M::mem_pestat] low and high boundaries for proper pairs: (1, 6507)
[M::mem_pestat] analyzing insert size distribution for orientation FR...
[M::mem_pestat] (25, 50, 75) percentile: (279, 368, 483)
[M::mem_pestat] low and high boundaries for computing mean and std.dev: (1, 891)
[M::mem_pestat] mean and std.dev: (382.52, 147.68)
[M::mem_pestat] low and high boundaries for proper pairs: (1, 1095)
[M::mem_pestat] analyzing insert size distribution for orientation RF...
[M::mem_pestat] (25, 50, 75) percentile: (387, 3189, 6317)
[M::mem_pestat] low and high boundaries for computing mean and std.dev: (1, 18177)
[M::mem_pestat] mean and std.dev: (3439.81, 2951.25)
[M::mem_pestat] low and high boundaries for proper pairs: (1, 24107)
[M::mem_pestat] analyzing insert size distribution for orientation RR...
[M::mem_pestat] (25, 50, 75) percentile: (237, 467, 1775)
[M::mem_pestat] low and high boundaries for computing mean and std.dev: (1, 4851)
[M::mem_pestat] mean and std.dev: (765.02, 742.54)
[M::mem_pestat] low and high boundaries for proper pairs: (1, 6389)
[M::mem_pestat] skip orientation FF
[M::mem_pestat] skip orientation RF
[M::mem_pestat] skip orientation RR
[M::process] read 1066668 sequences (160000200 bp)...
[M::mem_process_seqs] Processed 1066668 reads in 842.924 CPU sec, 55.373 real sec
[M::mem_pestat] # candidate unique pairs for (FF, FR, RF, RR): (39, 219321, 101, 43)
[M::mem_pestat] analyzing insert size distribution for orientation FF...
[M::mem_pestat] (25, 50, 75) percentile: (201, 780, 2069)
[M::mem_pestat] low and high boundaries for computing mean and std.dev: (1, 5805)
[M::mem_pestat] mean and std.dev: (1186.94, 1504.43)
[M::mem_pestat] low and high boundaries for proper pairs: (1, 7673)
[M::mem_pestat] analyzing insert size distribution for orientation FR...
[M::mem_pestat] (25, 50, 75) percentile: (283, 374, 490)
[M::mem_pestat] low and high boundaries for computing mean and std.dev: (1, 904)
[M::mem_pestat] mean and std.dev: (388.16, 149.96)
[M::mem_pestat] low and high boundaries for proper pairs: (1, 1111)
[M::mem_pestat] analyzing insert size distribution for orientation RF...
[M::mem_pestat] (25, 50, 75) percentile: (296, 2145, 5409)
[M::mem_pestat] low and high boundaries for computing mean and std.dev: (1, 15635)
[M::mem_pestat] mean and std.dev: (3235.65, 3170.34)
[M::mem_pestat] low and high boundaries for proper pairs: (1, 20748)
[M::mem_pestat] analyzing insert size distribution for orientation RR...
[M::mem_pestat] (25, 50, 75) percentile: (327, 541, 1086)
[M::mem_pestat] low and high boundaries for computing mean and std.dev: (1, 2604)
[M::mem_pestat] mean and std.dev: (621.08, 436.72)
[M::mem_pestat] low and high boundaries for proper pairs: (1, 3363)
[M::mem_pestat] skip orientation FF
[M::mem_pestat] skip orientation RF
[M::mem_pestat] skip orientation RR
[M::process] read 1066668 sequences (160000200 bp)...
[M::mem_process_seqs] Processed 1066668 reads in 841.695 CPU sec, 54.932 real sec
[M::mem_pestat] # candidate unique pairs for (FF, FR, RF, RR): (33, 220463, 102, 39)
[M::mem_pestat] analyzing insert size distribution for orientation FF...
[M::mem_pestat] (25, 50, 75) percentile: (229, 344, 1235)
[M::mem_pestat] low and high boundaries for computing mean and std.dev: (1, 3247)
[M::mem_pestat] mean and std.dev: (567.62, 531.43)
[M::mem_pestat] low and high boundaries for proper pairs: (1, 4253)
[M::mem_pestat] analyzing insert size distribution for orientation FR...
[M::mem_pestat] (25, 50, 75) percentile: (280, 371, 484)
[M::mem_pestat] low and high boundaries for computing mean and std.dev: (1, 892)
[M::mem_pestat] mean and std.dev: (383.98, 147.54)
[M::mem_pestat] low and high boundaries for proper pairs: (1, 1096)
[M::mem_pestat] analyzing insert size distribution for orientation RF...
[M::mem_pestat] (25, 50, 75) percentile: (561, 2582, 4373)
[M::mem_pestat] low and high boundaries for computing mean and std.dev: (1, 11997)
[M::mem_pestat] mean and std.dev: (3254.13, 3222.63)
[M::mem_pestat] low and high boundaries for proper pairs: (1, 16145)
[M::mem_pestat] analyzing insert size distribution for orientation RR...
[M::mem_pestat] (25, 50, 75) percentile: (411, 685, 1628)
[M::mem_pestat] low and high boundaries for computing mean and std.dev: (1, 4062)
[M::mem_pestat] mean and std.dev: (1046.30, 986.24)
[M::mem_pestat] low and high boundaries for proper pairs: (1, 5279)
[M::mem_pestat] skip orientation FF
[M::mem_pestat] skip orientation RF
[M::mem_pestat] skip orientation RR
[M::process] read 1066668 sequences (160000200 bp)...
[M::mem_process_seqs] Processed 1066668 reads in 835.934 CPU sec, 54.070 real sec
[M::mem_pestat] # candidate unique pairs for (FF, FR, RF, RR): (60, 219220, 88, 40)
[M::mem_pestat] analyzing insert size distribution for orientation FF...
[M::mem_pestat] (25, 50, 75) percentile: (315, 513, 1075)
[M::mem_pestat] low and high boundaries for computing mean and std.dev: (1, 2595)
[M::mem_pestat] mean and std.dev: (609.33, 441.32)
[M::mem_pestat] low and high boundaries for proper pairs: (1, 3355)
[M::mem_pestat] analyzing insert size distribution for orientation FR...
[M::mem_pestat] (25, 50, 75) percentile: (282, 372, 485)
[M::mem_pestat] low and high boundaries for computing mean and std.dev: (1, 891)
[M::mem_pestat] mean and std.dev: (385.16, 146.78)
[M::mem_pestat] low and high boundaries for proper pairs: (1, 1094)
[M::mem_pestat] analyzing insert size distribution for orientation RF...
[M::mem_pestat] (25, 50, 75) percentile: (507, 2151, 7951)
[M::mem_pestat] low and high boundaries for computing mean and std.dev: (1, 22839)
[M::mem_pestat] mean and std.dev: (3982.45, 3421.81)
[M::mem_pestat] low and high boundaries for proper pairs: (1, 30283)
[M::mem_pestat] analyzing insert size distribution for orientation RR...
[M::mem_pestat] (25, 50, 75) percentile: (380, 1065, 1654)
[M::mem_pestat] low and high boundaries for computing mean and std.dev: (1, 4202)
[M::mem_pestat] mean and std.dev: (1068.30, 959.27)
[M::mem_pestat] low and high boundaries for proper pairs: (1, 5476)
[M::mem_pestat] skip orientation FF
[M::mem_pestat] skip orientation RF
[M::mem_pestat] skip orientation RR
[M::process] read 1066668 sequences (160000200 bp)...
[M::mem_process_seqs] Processed 1066668 reads in 840.140 CPU sec, 54.786 real sec
[M::mem_pestat] # candidate unique pairs for (FF, FR, RF, RR): (47, 219932, 43, 42)
[M::mem_pestat] analyzing insert size distribution for orientation FF...
[M::mem_pestat] (25, 50, 75) percentile: (362, 612, 2288)
[M::mem_pestat] low and high boundaries for computing mean and std.dev: (1, 6140)
[M::mem_pestat] mean and std.dev: (1009.34, 1044.04)
[M::mem_pestat] low and high boundaries for proper pairs: (1, 8066)
[M::mem_pestat] analyzing insert size distribution for orientation FR...
[M::mem_pestat] (25, 50, 75) percentile: (283, 372, 485)
[M::mem_pestat] low and high boundaries for computing mean and std.dev: (1, 889)
[M::mem_pestat] mean and std.dev: (385.44, 146.31)
[M::mem_pestat] low and high boundaries for proper pairs: (1, 1091)
[M::mem_pestat] analyzing insert size distribution for orientation RF...
[M::mem_pestat] (25, 50, 75) percentile: (174, 836, 4872)
[M::mem_pestat] low and high boundaries for computing mean and std.dev: (1, 14268)
[M::mem_pestat] mean and std.dev: (2605.58, 3149.52)
[M::mem_pestat] low and high boundaries for proper pairs: (1, 18966)
[M::mem_pestat] analyzing insert size distribution for orientation RR...
[M::mem_pestat] (25, 50, 75) percentile: (342, 684, 2009)
[M::mem_pestat] low and high boundaries for computing mean and std.dev: (1, 5343)
[M::mem_pestat] mean and std.dev: (1295.71, 1298.05)
[M::mem_pestat] low and high boundaries for proper pairs: (1, 7010)
[M::mem_pestat] skip orientation FF
[M::mem_pestat] skip orientation RF
[M::mem_pestat] skip orientation RR
[M::process] read 1066668 sequences (160000200 bp)...
[M::mem_process_seqs] Processed 1066668 reads in 838.437 CPU sec, 55.480 real sec
[M::mem_pestat] # candidate unique pairs for (FF, FR, RF, RR): (38, 220868, 82, 39)
[M::mem_pestat] analyzing insert size distribution for orientation FF...
[M::mem_pestat] (25, 50, 75) percentile: (171, 439, 1626)
[M::mem_pestat] low and high boundaries for computing mean and std.dev: (1, 4536)
[M::mem_pestat] mean and std.dev: (878.83, 1059.75)
[M::mem_pestat] low and high boundaries for proper pairs: (1, 5991)
[M::mem_pestat] analyzing insert size distribution for orientation FR...
[M::mem_pestat] (25, 50, 75) percentile: (287, 377, 490)
[M::mem_pestat] low and high boundaries for computing mean and std.dev: (1, 896)
[M::mem_pestat] mean and std.dev: (390.07, 147.24)
[M::mem_pestat] low and high boundaries for proper pairs: (1, 1099)
[M::mem_pestat] analyzing insert size distribution for orientation RF...
[M::mem_pestat] (25, 50, 75) percentile: (399, 1625, 5041)
[M::mem_pestat] low and high boundaries for computing mean and std.dev: (1, 14325)
[M::mem_pestat] mean and std.dev: (3032.48, 3093.81)
[M::mem_pestat] low and high boundaries for proper pairs: (1, 18967)
[M::mem_pestat] analyzing insert size distribution for orientation RR...
[M::mem_pestat] (25, 50, 75) percentile: (406, 665, 2634)
[M::mem_pestat] low and high boundaries for computing mean and std.dev: (1, 7090)
[M::mem_pestat] mean and std.dev: (1569.65, 1649.11)
[M::mem_pestat] low and high boundaries for proper pairs: (1, 9318)
[M::mem_pestat] skip orientation FF
[M::mem_pestat] skip orientation RF
[M::mem_pestat] skip orientation RR
[M::process] read 1066668 sequences (160000200 bp)...
[M::mem_process_seqs] Processed 1066668 reads in 832.462 CPU sec, 54.458 real sec
[M::mem_pestat] # candidate unique pairs for (FF, FR, RF, RR): (37, 220315, 84, 34)
[M::mem_pestat] analyzing insert size distribution for orientation FF...
[M::mem_pestat] (25, 50, 75) percentile: (311, 407, 1098)
[M::mem_pestat] low and high boundaries for computing mean and std.dev: (1, 2672)
[M::mem_pestat] mean and std.dev: (588.97, 486.01)
[M::mem_pestat] low and high boundaries for proper pairs: (1, 3459)
[M::mem_pestat] analyzing insert size distribution for orientation FR...
[M::mem_pestat] (25, 50, 75) percentile: (282, 368, 480)
[M::mem_pestat] low and high boundaries for computing mean and std.dev: (1, 876)
[M::mem_pestat] mean and std.dev: (383.12, 145.26)
[M::mem_pestat] low and high boundaries for proper pairs: (1, 1074)
[M::mem_pestat] analyzing insert size distribution for orientation RF...
[M::mem_pestat] (25, 50, 75) percentile: (216, 1690, 6991)
[M::mem_pestat] low and high boundaries for computing mean and std.dev: (1, 20541)
[M::mem_pestat] mean and std.dev: (3230.12, 3275.74)
[M::mem_pestat] low and high boundaries for proper pairs: (1, 27316)
[M::mem_pestat] analyzing insert size distribution for orientation RR...
[M::mem_pestat] (25, 50, 75) percentile: (294, 594, 1942)
[M::mem_pestat] low and high boundaries for computing mean and std.dev: (1, 5238)
[M::mem_pestat] mean and std.dev: (768.45, 817.14)
[M::mem_pestat] low and high boundaries for proper pairs: (1, 6886)
[M::mem_pestat] skip orientation FF
[M::mem_pestat] skip orientation RF
[M::mem_pestat] skip orientation RR
[M::process] read 1066668 sequences (160000200 bp)...
[M::mem_process_seqs] Processed 1066668 reads in 827.132 CPU sec, 54.216 real sec
[M::mem_pestat] # candidate unique pairs for (FF, FR, RF, RR): (35, 219710, 78, 41)
[M::mem_pestat] analyzing insert size distribution for orientation FF...
[M::mem_pestat] (25, 50, 75) percentile: (258, 381, 936)
[M::mem_pestat] low and high boundaries for computing mean and std.dev: (1, 2292)
[M::mem_pestat] mean and std.dev: (454.93, 318.46)
[M::mem_pestat] low and high boundaries for proper pairs: (1, 2970)
[M::mem_pestat] analyzing insert size distribution for orientation FR...
[M::mem_pestat] (25, 50, 75) percentile: (282, 369, 483)
[M::mem_pestat] low and high boundaries for computing mean and std.dev: (1, 885)
[M::mem_pestat] mean and std.dev: (384.43, 146.39)
[M::mem_pestat] low and high boundaries for proper pairs: (1, 1086)
[M::mem_pestat] analyzing insert size distribution for orientation RF...
[M::mem_pestat] (25, 50, 75) percentile: (351, 1145, 3867)
[M::mem_pestat] low and high boundaries for computing mean and std.dev: (1, 10899)
[M::mem_pestat] mean and std.dev: (2385.19, 2644.52)
[M::mem_pestat] low and high boundaries for proper pairs: (1, 14415)
[M::mem_pestat] analyzing insert size distribution for orientation RR...
[M::mem_pestat] (25, 50, 75) percentile: (255, 546, 2625)
[M::mem_pestat] low and high boundaries for computing mean and std.dev: (1, 7365)
[M::mem_pestat] mean and std.dev: (828.80, 1013.45)
[M::mem_pestat] low and high boundaries for proper pairs: (1, 9735)
[M::mem_pestat] skip orientation FF
[M::mem_pestat] skip orientation RF
[M::mem_pestat] skip orientation RR
[M::process] read 1066668 sequences (160000200 bp)...
[M::mem_process_seqs] Processed 1066668 reads in 832.008 CPU sec, 54.929 real sec
[M::mem_pestat] # candidate unique pairs for (FF, FR, RF, RR): (43, 218828, 75, 26)
[M::mem_pestat] analyzing insert size distribution for orientation FF...
[M::mem_pestat] (25, 50, 75) percentile: (362, 410, 822)
[M::mem_pestat] low and high boundaries for computing mean and std.dev: (1, 1742)
[M::mem_pestat] mean and std.dev: (507.05, 273.44)
[M::mem_pestat] low and high boundaries for proper pairs: (1, 2202)
[M::mem_pestat] analyzing insert size distribution for orientation FR...
[M::mem_pestat] (25, 50, 75) percentile: (275, 362, 478)
[M::mem_pestat] low and high boundaries for computing mean and std.dev: (1, 884)
[M::mem_pestat] mean and std.dev: (378.39, 147.20)
[M::mem_pestat] low and high boundaries for proper pairs: (1, 1087)
[M::mem_pestat] analyzing insert size distribution for orientation RF...
[M::mem_pestat] (25, 50, 75) percentile: (399, 789, 3522)
[M::mem_pestat] low and high boundaries for computing mean and std.dev: (1, 9768)
[M::mem_pestat] mean and std.dev: (2162.81, 2558.61)
[M::mem_pestat] low and high boundaries for proper pairs: (1, 12891)
[M::mem_pestat] analyzing insert size distribution for orientation RR...
[M::mem_pestat] (25, 50, 75) percentile: (240, 510, 1095)
[M::mem_pestat] low and high boundaries for computing mean and std.dev: (1, 2805)
[M::mem_pestat] mean and std.dev: (605.82, 552.36)
[M::mem_pestat] low and high boundaries for proper pairs: (1, 3660)
[M::mem_pestat] skip orientation FF
[M::mem_pestat] skip orientation RF
[M::mem_pestat] skip orientation RR
[M::process] read 1066668 sequences (160000200 bp)...
[M::mem_process_seqs] Processed 1066668 reads in 833.848 CPU sec, 54.596 real sec
[M::mem_pestat] # candidate unique pairs for (FF, FR, RF, RR): (35, 217918, 77, 46)
[M::mem_pestat] analyzing insert size distribution for orientation FF...
[M::mem_pestat] (25, 50, 75) percentile: (355, 485, 2933)
[M::mem_pestat] low and high boundaries for computing mean and std.dev: (1, 8089)
[M::mem_pestat] mean and std.dev: (1524.77, 2319.46)
[M::mem_pestat] low and high boundaries for proper pairs: (1, 10803)
[M::mem_pestat] analyzing insert size distribution for orientation FR...
[M::mem_pestat] (25, 50, 75) percentile: (279, 370, 485)
[M::mem_pestat] low and high boundaries for computing mean and std.dev: (1, 897)
[M::mem_pestat] mean and std.dev: (383.93, 148.34)
[M::mem_pestat] low and high boundaries for proper pairs: (1, 1103)
[M::mem_pestat] analyzing insert size distribution for orientation RF...
[M::mem_pestat] (25, 50, 75) percentile: (173, 950, 4035)
[M::mem_pestat] low and high boundaries for computing mean and std.dev: (1, 11759)
[M::mem_pestat] mean and std.dev: (2434.30, 2854.46)
[M::mem_pestat] low and high boundaries for proper pairs: (1, 15621)
[M::mem_pestat] analyzing insert size distribution for orientation RR...
[M::mem_pestat] (25, 50, 75) percentile: (315, 787, 1480)
[M::mem_pestat] low and high boundaries for computing mean and std.dev: (1, 3810)
[M::mem_pestat] mean and std.dev: (854.84, 663.43)
[M::mem_pestat] low and high boundaries for proper pairs: (1, 4975)
[M::mem_pestat] skip orientation FF
[M::mem_pestat] skip orientation RF
[M::mem_pestat] skip orientation RR
[M::process] read 1066668 sequences (160000200 bp)...
[M::mem_process_seqs] Processed 1066668 reads in 841.820 CPU sec, 56.542 real sec
[M::process] read 1066668 sequences (160000200 bp)...
[M::mem_pestat] # candidate unique pairs for (FF, FR, RF, RR): (43, 218184, 76, 54)
[M::mem_pestat] analyzing insert size distribution for orientation FF...
[M::mem_pestat] (25, 50, 75) percentile: (267, 425, 1835)
[M::mem_pestat] low and high boundaries for computing mean and std.dev: (1, 4971)
[M::mem_pestat] mean and std.dev: (953.36, 1160.34)
[M::mem_pestat] low and high boundaries for proper pairs: (1, 6539)
[M::mem_pestat] analyzing insert size distribution for orientation FR...
[M::mem_pestat] (25, 50, 75) percentile: (276, 364, 477)
[M::mem_pestat] low and high boundaries for computing mean and std.dev: (1, 879)
[M::mem_pestat] mean and std.dev: (378.61, 146.62)
[M::mem_pestat] low and high boundaries for proper pairs: (1, 1080)
[M::mem_pestat] analyzing insert size distribution for orientation RF...
[M::mem_pestat] (25, 50, 75) percentile: (251, 1102, 5436)
[M::mem_pestat] low and high boundaries for computing mean and std.dev: (1, 15806)
[M::mem_pestat] mean and std.dev: (3161.00, 3408.86)
[M::mem_pestat] low and high boundaries for proper pairs: (1, 20991)
[M::mem_pestat] analyzing insert size distribution for orientation RR...
[M::mem_pestat] (25, 50, 75) percentile: (237, 484, 1047)
[M::mem_pestat] low and high boundaries for computing mean and std.dev: (1, 2667)
[M::mem_pestat] mean and std.dev: (560.89, 443.13)
[M::mem_pestat] low and high boundaries for proper pairs: (1, 3477)
[M::mem_pestat] skip orientation FF
[M::mem_pestat] skip orientation RF
[M::mem_pestat] skip orientation RR
[M::mem_process_seqs] Processed 1066668 reads in 841.805 CPU sec, 56.081 real sec
[M::mem_pestat] # candidate unique pairs for (FF, FR, RF, RR): (42, 219459, 57, 39)
[M::mem_pestat] analyzing insert size distribution for orientation FF...
[M::mem_pestat] (25, 50, 75) percentile: (272, 648, 959)
[M::mem_pestat] low and high boundaries for computing mean and std.dev: (1, 2333)
[M::mem_pestat] mean and std.dev: (559.68, 385.24)
[M::mem_pestat] low and high boundaries for proper pairs: (1, 3020)
[M::mem_pestat] analyzing insert size distribution for orientation FR...
[M::mem_pestat] (25, 50, 75) percentile: (276, 364, 476)
[M::mem_pestat] low and high boundaries for computing mean and std.dev: (1, 876)
[M::mem_pestat] mean and std.dev: (378.05, 145.88)
[M::mem_pestat] low and high boundaries for proper pairs: (1, 1076)
[M::mem_pestat] analyzing insert size distribution for orientation RF...
[M::mem_pestat] (25, 50, 75) percentile: (250, 793, 3233)
[M::mem_pestat] low and high boundaries for computing mean and std.dev: (1, 9199)
[M::mem_pestat] mean and std.dev: (1196.23, 1555.29)
[M::mem_pestat] low and high boundaries for proper pairs: (1, 12182)
[M::mem_pestat] analyzing insert size distribution for orientation RR...
[M::mem_pestat] (25, 50, 75) percentile: (500, 707, 1853)
[M::mem_pestat] low and high boundaries for computing mean and std.dev: (1, 4559)
[M::mem_pestat] mean and std.dev: (945.09, 791.46)
[M::mem_pestat] low and high boundaries for proper pairs: (1, 5912)
[M::mem_pestat] skip orientation FF
[M::mem_pestat] skip orientation RF
[M::mem_pestat] skip orientation RR
[M::process] read 1066668 sequences (160000200 bp)...
[M::mem_process_seqs] Processed 1066668 reads in 836.829 CPU sec, 55.752 real sec
[M::mem_pestat] # candidate unique pairs for (FF, FR, RF, RR): (40, 220772, 75, 51)
[M::mem_pestat] analyzing insert size distribution for orientation FF...
[M::mem_pestat] (25, 50, 75) percentile: (392, 908, 2323)
[M::mem_pestat] low and high boundaries for computing mean and std.dev: (1, 6185)
[M::mem_pestat] mean and std.dev: (1285.18, 1060.47)
[M::mem_pestat] low and high boundaries for proper pairs: (1, 8116)
[M::mem_pestat] analyzing insert size distribution for orientation FR...
[M::mem_pestat] (25, 50, 75) percentile: (284, 374, 490)
[M::mem_pestat] low and high boundaries for computing mean and std.dev: (1, 902)
[M::mem_pestat] mean and std.dev: (388.79, 149.25)
[M::mem_pestat] low and high boundaries for proper pairs: (1, 1108)
[M::mem_pestat] analyzing insert size distribution for orientation RF...
[M::mem_pestat] (25, 50, 75) percentile: (574, 2340, 5429)
[M::mem_pestat] low and high boundaries for computing mean and std.dev: (1, 15139)
[M::mem_pestat] mean and std.dev: (3381.52, 2994.16)
[M::mem_pestat] low and high boundaries for proper pairs: (1, 19994)
[M::mem_pestat] analyzing insert size distribution for orientation RR...
[M::mem_pestat] (25, 50, 75) percentile: (193, 673, 1612)
[M::mem_pestat] low and high boundaries for computing mean and std.dev: (1, 4450)
[M::mem_pestat] mean and std.dev: (833.13, 792.02)
[M::mem_pestat] low and high boundaries for proper pairs: (1, 5869)
[M::mem_pestat] skip orientation FF
[M::mem_pestat] skip orientation RF
[M::mem_pestat] skip orientation RR
[M::mem_process_seqs] Processed 1066668 reads in 835.536 CPU sec, 56.127 real sec
[M::process] read 1066668 sequences (160000200 bp)...
[M::process] read 1066668 sequences (160000200 bp)...
[M::mem_pestat] # candidate unique pairs for (FF, FR, RF, RR): (26, 220260, 89, 40)
[M::mem_pestat] analyzing insert size distribution for orientation FF...
[M::mem_pestat] (25, 50, 75) percentile: (215, 428, 781)
[M::mem_pestat] low and high boundaries for computing mean and std.dev: (1, 1913)
[M::mem_pestat] mean and std.dev: (386.05, 288.23)
[M::mem_pestat] low and high boundaries for proper pairs: (1, 2479)
[M::mem_pestat] analyzing insert size distribution for orientation FR...
[M::mem_pestat] (25, 50, 75) percentile: (284, 373, 487)
[M::mem_pestat] low and high boundaries for computing mean and std.dev: (1, 893)
[M::mem_pestat] mean and std.dev: (387.43, 147.76)
[M::mem_pestat] low and high boundaries for proper pairs: (1, 1096)
[M::mem_pestat] analyzing insert size distribution for orientation RF...
[M::mem_pestat] (25, 50, 75) percentile: (218, 2224, 3911)
[M::mem_pestat] low and high boundaries for computing mean and std.dev: (1, 11297)
[M::mem_pestat] mean and std.dev: (2638.60, 2586.23)
[M::mem_pestat] low and high boundaries for proper pairs: (1, 14990)
[M::mem_pestat] analyzing insert size distribution for orientation RR...
[M::mem_pestat] (25, 50, 75) percentile: (262, 430, 936)
[M::mem_pestat] low and high boundaries for computing mean and std.dev: (1, 2284)
[M::mem_pestat] mean and std.dev: (586.16, 532.75)
[M::mem_pestat] low and high boundaries for proper pairs: (1, 2958)
[M::mem_pestat] skip orientation FF
[M::mem_pestat] skip orientation RF
[M::mem_pestat] skip orientation RR
[M::mem_process_seqs] Processed 1066668 reads in 832.633 CPU sec, 54.240 real sec
[M::process] read 1066668 sequences (160000200 bp)...
[M::mem_pestat] # candidate unique pairs for (FF, FR, RF, RR): (57, 220107, 80, 32)
[M::mem_pestat] analyzing insert size distribution for orientation FF...
[M::mem_pestat] (25, 50, 75) percentile: (302, 571, 1231)
[M::mem_pestat] low and high boundaries for computing mean and std.dev: (1, 3089)
[M::mem_pestat] mean and std.dev: (650.20, 523.32)
[M::mem_pestat] low and high boundaries for proper pairs: (1, 4018)
[M::mem_pestat] analyzing insert size distribution for orientation FR...
[M::mem_pestat] (25, 50, 75) percentile: (283, 369, 483)
[M::mem_pestat] low and high boundaries for computing mean and std.dev: (1, 883)
[M::mem_pestat] mean and std.dev: (384.48, 146.09)
[M::mem_pestat] low and high boundaries for proper pairs: (1, 1083)
[M::mem_pestat] analyzing insert size distribution for orientation RF...
[M::mem_pestat] (25, 50, 75) percentile: (399, 994, 4183)
[M::mem_pestat] low and high boundaries for computing mean and std.dev: (1, 11751)
[M::mem_pestat] mean and std.dev: (2469.99, 2968.64)
[M::mem_pestat] low and high boundaries for proper pairs: (1, 15535)
[M::mem_pestat] analyzing insert size distribution for orientation RR...
[M::mem_pestat] (25, 50, 75) percentile: (361, 698, 1313)
[M::mem_pestat] low and high boundaries for computing mean and std.dev: (1, 3217)
[M::mem_pestat] mean and std.dev: (751.97, 580.62)
[M::mem_pestat] low and high boundaries for proper pairs: (1, 4169)
[M::mem_pestat] skip orientation FF
[M::mem_pestat] skip orientation RF
[M::mem_pestat] skip orientation RR
[M::mem_process_seqs] Processed 1066668 reads in 839.611 CPU sec, 55.400 real sec
[M::process] read 1066668 sequences (160000200 bp)...
[M::mem_pestat] # candidate unique pairs for (FF, FR, RF, RR): (42, 219006, 89, 41)
[M::mem_pestat] analyzing insert size distribution for orientation FF...
[M::mem_pestat] (25, 50, 75) percentile: (295, 488, 1168)
[M::mem_pestat] low and high boundaries for computing mean and std.dev: (1, 2914)
[M::mem_pestat] mean and std.dev: (663.25, 544.76)
[M::mem_pestat] low and high boundaries for proper pairs: (1, 3787)
[M::mem_pestat] analyzing insert size distribution for orientation FR...
[M::mem_pestat] (25, 50, 75) percentile: (281, 367, 481)
[M::mem_pestat] low and high boundaries for computing mean and std.dev: (1, 881)
[M::mem_pestat] mean and std.dev: (382.77, 146.59)
[M::mem_pestat] low and high boundaries for proper pairs: (1, 1081)
[M::mem_pestat] analyzing insert size distribution for orientation RF...
[M::mem_pestat] (25, 50, 75) percentile: (444, 1615, 6972)
[M::mem_pestat] low and high boundaries for computing mean and std.dev: (1, 20028)
[M::mem_pestat] mean and std.dev: (3416.13, 3430.56)
[M::mem_pestat] low and high boundaries for proper pairs: (1, 26556)
[M::mem_pestat] analyzing insert size distribution for orientation RR...
[M::mem_pestat] (25, 50, 75) percentile: (383, 546, 919)
[M::mem_pestat] low and high boundaries for computing mean and std.dev: (1, 1991)
[M::mem_pestat] mean and std.dev: (473.65, 221.79)
[M::mem_pestat] low and high boundaries for proper pairs: (1, 2527)
[M::mem_pestat] skip orientation FF
[M::mem_pestat] skip orientation RF
[M::mem_pestat] skip orientation RR
[M::mem_process_seqs] Processed 1066668 reads in 857.692 CPU sec, 56.453 real sec
[M::mem_pestat] # candidate unique pairs for (FF, FR, RF, RR): (32, 217688, 70, 15)
[M::mem_pestat] analyzing insert size distribution for orientation FF...
[M::mem_pestat] (25, 50, 75) percentile: (243, 311, 1809)
[M::mem_pestat] low and high boundaries for computing mean and std.dev: (1, 4941)
[M::mem_pestat] mean and std.dev: (852.50, 889.01)
[M::mem_pestat] low and high boundaries for proper pairs: (1, 6507)
[M::mem_pestat] analyzing insert size distribution for orientation FR...
[M::mem_pestat] (25, 50, 75) percentile: (279, 370, 486)
[M::mem_pestat] low and high boundaries for computing mean and std.dev: (1, 900)
[M::mem_pestat] mean and std.dev: (384.66, 149.26)
[M::mem_pestat] low and high boundaries for proper pairs: (1, 1107)
[M::mem_pestat] analyzing insert size distribution for orientation RF...
[M::mem_pestat] (25, 50, 75) percentile: (384, 1721, 4704)
[M::mem_pestat] low and high boundaries for computing mean and std.dev: (1, 13344)
[M::mem_pestat] mean and std.dev: (2740.46, 3086.33)
[M::mem_pestat] low and high boundaries for proper pairs: (1, 17664)
[M::mem_pestat] analyzing insert size distribution for orientation RR...
[M::mem_pestat] (25, 50, 75) percentile: (162, 942, 5518)
[M::mem_pestat] low and high boundaries for computing mean and std.dev: (1, 16230)
[M::mem_pestat] mean and std.dev: (2197.07, 2654.57)
[M::mem_pestat] low and high boundaries for proper pairs: (1, 21586)
[M::mem_pestat] skip orientation FF
[M::mem_pestat] skip orientation RF
[M::mem_pestat] skip orientation RR
[M::process] read 1066668 sequences (160000200 bp)...
[M::mem_process_seqs] Processed 1066668 reads in 843.459 CPU sec, 54.658 real sec
[M::mem_pestat] # candidate unique pairs for (FF, FR, RF, RR): (31, 217500, 105, 36)
[M::mem_pestat] analyzing insert size distribution for orientation FF...
[M::mem_pestat] (25, 50, 75) percentile: (370, 451, 1123)
[M::mem_pestat] low and high boundaries for computing mean and std.dev: (1, 2629)
[M::mem_pestat] mean and std.dev: (747.34, 708.10)
[M::mem_pestat] low and high boundaries for proper pairs: (1, 3580)
[M::mem_pestat] analyzing insert size distribution for orientation FR...
[M::mem_pestat] (25, 50, 75) percentile: (279, 369, 482)
[M::mem_pestat] low and high boundaries for computing mean and std.dev: (1, 888)
[M::mem_pestat] mean and std.dev: (382.31, 147.11)
[M::mem_pestat] low and high boundaries for proper pairs: (1, 1091)
[M::mem_pestat] analyzing insert size distribution for orientation RF...
[M::mem_pestat] (25, 50, 75) percentile: (312, 1475, 4860)
[M::mem_pestat] low and high boundaries for computing mean and std.dev: (1, 13956)
[M::mem_pestat] mean and std.dev: (2500.21, 2532.97)
[M::mem_pestat] low and high boundaries for proper pairs: (1, 18504)
[M::mem_pestat] analyzing insert size distribution for orientation RR...
[M::mem_pestat] (25, 50, 75) percentile: (215, 334, 474)
[M::mem_pestat] low and high boundaries for computing mean and std.dev: (1, 992)
[M::mem_pestat] mean and std.dev: (318.48, 169.67)
[M::mem_pestat] low and high boundaries for proper pairs: (1, 1251)
[M::mem_pestat] skip orientation FF
[M::mem_pestat] skip orientation RF
[M::mem_pestat] skip orientation RR
[M::process] read 1066668 sequences (160000200 bp)...
[M::mem_process_seqs] Processed 1066668 reads in 840.765 CPU sec, 55.538 real sec
[M::mem_pestat] # candidate unique pairs for (FF, FR, RF, RR): (27, 217556, 62, 35)
[M::mem_pestat] analyzing insert size distribution for orientation FF...
[M::mem_pestat] (25, 50, 75) percentile: (452, 458, 1217)
[M::mem_pestat] low and high boundaries for computing mean and std.dev: (1, 2747)
[M::mem_pestat] mean and std.dev: (718.29, 547.88)
[M::mem_pestat] low and high boundaries for proper pairs: (1, 3512)
[M::mem_pestat] analyzing insert size distribution for orientation FR...
[M::mem_pestat] (25, 50, 75) percentile: (280, 369, 481)
[M::mem_pestat] low and high boundaries for computing mean and std.dev: (1, 883)
[M::mem_pestat] mean and std.dev: (382.17, 146.02)
[M::mem_pestat] low and high boundaries for proper pairs: (1, 1084)
[M::mem_pestat] analyzing insert size distribution for orientation RF...
[M::mem_pestat] (25, 50, 75) percentile: (172, 1156, 4193)
[M::mem_pestat] low and high boundaries for computing mean and std.dev: (1, 12235)
[M::mem_pestat] mean and std.dev: (2592.29, 3110.22)
[M::mem_pestat] low and high boundaries for proper pairs: (1, 16256)
[M::mem_pestat] analyzing insert size distribution for orientation RR...
[M::mem_pestat] (25, 50, 75) percentile: (423, 533, 5043)
[M::mem_pestat] low and high boundaries for computing mean and std.dev: (1, 14283)
[M::mem_pestat] mean and std.dev: (2440.57, 3311.58)
[M::mem_pestat] low and high boundaries for proper pairs: (1, 18903)
[M::mem_pestat] skip orientation FF
[M::mem_pestat] skip orientation RF
[M::mem_pestat] skip orientation RR
[M::process] read 1066668 sequences (160000200 bp)...
[M::mem_process_seqs] Processed 1066668 reads in 838.019 CPU sec, 55.106 real sec
[M::process] read 1066668 sequences (160000200 bp)...
[M::mem_pestat] # candidate unique pairs for (FF, FR, RF, RR): (28, 219451, 67, 65)
[M::mem_pestat] analyzing insert size distribution for orientation FF...
[M::mem_pestat] (25, 50, 75) percentile: (329, 536, 1612)
[M::mem_pestat] low and high boundaries for computing mean and std.dev: (1, 4178)
[M::mem_pestat] mean and std.dev: (668.80, 543.87)
[M::mem_pestat] low and high boundaries for proper pairs: (1, 5461)
[M::mem_pestat] analyzing insert size distribution for orientation FR...
[M::mem_pestat] (25, 50, 75) percentile: (280, 368, 480)
[M::mem_pestat] low and high boundaries for computing mean and std.dev: (1, 880)
[M::mem_pestat] mean and std.dev: (381.22, 145.41)
[M::mem_pestat] low and high boundaries for proper pairs: (1, 1080)
[M::mem_pestat] analyzing insert size distribution for orientation RF...
[M::mem_pestat] (25, 50, 75) percentile: (277, 1292, 4865)
[M::mem_pestat] low and high boundaries for computing mean and std.dev: (1, 14041)
[M::mem_pestat] mean and std.dev: (2841.63, 3077.05)
[M::mem_pestat] low and high boundaries for proper pairs: (1, 18629)
[M::mem_pestat] analyzing insert size distribution for orientation RR...
[M::mem_pestat] (25, 50, 75) percentile: (223, 385, 694)
[M::mem_pestat] low and high boundaries for computing mean and std.dev: (1, 1636)
[M::mem_pestat] mean and std.dev: (469.80, 386.25)
[M::mem_pestat] low and high boundaries for proper pairs: (1, 2107)
[M::mem_pestat] skip orientation FF
[M::mem_pestat] skip orientation RF
[M::mem_pestat] skip orientation RR
[M::mem_process_seqs] Processed 1066668 reads in 831.944 CPU sec, 55.139 real sec
[M::mem_pestat] # candidate unique pairs for (FF, FR, RF, RR): (53, 219290, 75, 40)
[M::mem_pestat] analyzing insert size distribution for orientation FF...
[M::mem_pestat] (25, 50, 75) percentile: (213, 403, 794)
[M::mem_pestat] low and high boundaries for computing mean and std.dev: (1, 1956)
[M::mem_pestat] mean and std.dev: (568.72, 467.31)
[M::mem_pestat] low and high boundaries for proper pairs: (1, 2537)
[M::mem_pestat] analyzing insert size distribution for orientation FR...
[M::mem_pestat] (25, 50, 75) percentile: (281, 368, 480)
[M::mem_pestat] low and high boundaries for computing mean and std.dev: (1, 878)
[M::mem_pestat] mean and std.dev: (382.58, 145.16)
[M::mem_pestat] low and high boundaries for proper pairs: (1, 1077)
[M::mem_pestat] analyzing insert size distribution for orientation RF...
[M::mem_pestat] (25, 50, 75) percentile: (272, 1087, 3508)
[M::mem_pestat] low and high boundaries for computing mean and std.dev: (1, 9980)
[M::mem_pestat] mean and std.dev: (2172.75, 2350.01)
[M::mem_pestat] low and high boundaries for proper pairs: (1, 13216)
[M::mem_pestat] analyzing insert size distribution for orientation RR...
[M::mem_pestat] (25, 50, 75) percentile: (292, 433, 1123)
[M::mem_pestat] low and high boundaries for computing mean and std.dev: (1, 2785)
[M::mem_pestat] mean and std.dev: (622.81, 553.85)
[M::mem_pestat] low and high boundaries for proper pairs: (1, 3616)
[M::mem_pestat] skip orientation FF
[M::mem_pestat] skip orientation RF
[M::mem_pestat] skip orientation RR
[M::process] read 1066668 sequences (160000200 bp)...
[M::mem_process_seqs] Processed 1066668 reads in 840.987 CPU sec, 55.761 real sec
[M::process] read 1066668 sequences (160000200 bp)...
[M::mem_pestat] # candidate unique pairs for (FF, FR, RF, RR): (61, 219094, 86, 22)
[M::mem_pestat] analyzing insert size distribution for orientation FF...
[M::mem_pestat] (25, 50, 75) percentile: (422, 550, 3797)
[M::mem_pestat] low and high boundaries for computing mean and std.dev: (1, 10547)
[M::mem_pestat] mean and std.dev: (1943.11, 2192.09)
[M::mem_pestat] low and high boundaries for proper pairs: (1, 13922)
[M::mem_pestat] analyzing insert size distribution for orientation FR...
[M::mem_pestat] (25, 50, 75) percentile: (281, 366, 477)
[M::mem_pestat] low and high boundaries for computing mean and std.dev: (1, 869)
[M::mem_pestat] mean and std.dev: (380.48, 144.12)
[M::mem_pestat] low and high boundaries for proper pairs: (1, 1065)
[M::mem_pestat] analyzing insert size distribution for orientation RF...
[M::mem_pestat] (25, 50, 75) percentile: (227, 963, 4292)
[M::mem_pestat] low and high boundaries for computing mean and std.dev: (1, 12422)
[M::mem_pestat] mean and std.dev: (2463.05, 2938.12)
[M::mem_pestat] low and high boundaries for proper pairs: (1, 16487)
[M::mem_pestat] analyzing insert size distribution for orientation RR...
[M::mem_pestat] (25, 50, 75) percentile: (308, 1944, 2553)
[M::mem_pestat] low and high boundaries for computing mean and std.dev: (1, 7043)
[M::mem_pestat] mean and std.dev: (1577.81, 1448.83)
[M::mem_pestat] low and high boundaries for proper pairs: (1, 9288)
[M::mem_pestat] skip orientation FF
[M::mem_pestat] skip orientation RF
[M::mem_pestat] skip orientation RR
[M::mem_process_seqs] Processed 1066668 reads in 844.315 CPU sec, 56.832 real sec
[M::mem_pestat] # candidate unique pairs for (FF, FR, RF, RR): (43, 219750, 68, 57)
[M::mem_pestat] analyzing insert size distribution for orientation FF...
[M::mem_pestat] (25, 50, 75) percentile: (240, 430, 908)
[M::mem_pestat] low and high boundaries for computing mean and std.dev: (1, 2244)
[M::mem_pestat] mean and std.dev: (492.66, 372.48)
[M::mem_pestat] low and high boundaries for proper pairs: (1, 2912)
[M::mem_pestat] analyzing insert size distribution for orientation FR...
[M::mem_pestat] (25, 50, 75) percentile: (280, 365, 474)
[M::mem_pestat] low and high boundaries for computing mean and std.dev: (1, 862)
[M::mem_pestat] mean and std.dev: (379.12, 143.07)
[M::mem_pestat] low and high boundaries for proper pairs: (1, 1056)
[M::mem_pestat] analyzing insert size distribution for orientation RF...
[M::mem_pestat] (25, 50, 75) percentile: (256, 1511, 3486)
[M::mem_pestat] low and high boundaries for computing mean and std.dev: (1, 9946)
[M::mem_pestat] mean and std.dev: (2566.15, 2910.88)
[M::mem_pestat] low and high boundaries for proper pairs: (1, 14210)
[M::mem_pestat] analyzing insert size distribution for orientation RR...
[M::mem_pestat] (25, 50, 75) percentile: (395, 460, 1917)
[M::mem_pestat] low and high boundaries for computing mean and std.dev: (1, 4961)
[M::mem_pestat] mean and std.dev: (1125.15, 1290.55)
[M::mem_pestat] low and high boundaries for proper pairs: (1, 6483)
[M::mem_pestat] skip orientation FF
[M::mem_pestat] skip orientation RF
[M::mem_pestat] skip orientation RR
[M::process] read 834392 sequences (125158800 bp)...
[M::mem_process_seqs] Processed 1066668 reads in 840.486 CPU sec, 56.571 real sec
[M::mem_pestat] # candidate unique pairs for (FF, FR, RF, RR): (28, 171772, 61, 29)
[M::mem_pestat] analyzing insert size distribution for orientation FF...
[M::mem_pestat] (25, 50, 75) percentile: (361, 514, 790)
[M::mem_pestat] low and high boundaries for computing mean and std.dev: (1, 1648)
[M::mem_pestat] mean and std.dev: (507.83, 281.33)
[M::mem_pestat] low and high boundaries for proper pairs: (1, 2077)
[M::mem_pestat] analyzing insert size distribution for orientation FR...
[M::mem_pestat] (25, 50, 75) percentile: (284, 369, 477)
[M::mem_pestat] low and high boundaries for computing mean and std.dev: (1, 863)
[M::mem_pestat] mean and std.dev: (382.15, 142.84)
[M::mem_pestat] low and high boundaries for proper pairs: (1, 1056)
[M::mem_pestat] analyzing insert size distribution for orientation RF...
[M::mem_pestat] (25, 50, 75) percentile: (157, 1798, 6512)
[M::mem_pestat] low and high boundaries for computing mean and std.dev: (1, 19222)
[M::mem_pestat] mean and std.dev: (3033.38, 3241.55)
[M::mem_pestat] low and high boundaries for proper pairs: (1, 25577)
[M::mem_pestat] analyzing insert size distribution for orientation RR...
[M::mem_pestat] (25, 50, 75) percentile: (377, 1000, 1185)
[M::mem_pestat] low and high boundaries for computing mean and std.dev: (1, 2801)
[M::mem_pestat] mean and std.dev: (779.15, 583.13)
[M::mem_pestat] low and high boundaries for proper pairs: (1, 3609)
[M::mem_pestat] skip orientation FF
[M::mem_pestat] skip orientation RF
[M::mem_pestat] skip orientation RR
[M::mem_process_seqs] Processed 834392 reads in 655.509 CPU sec, 43.336 real sec
[main] Version: 0.7.19-r1273
[main] CMD: bwa mem -t 16 -R @RG\tID:Coos_Bay_4\tSM:Coos_Bay_4\tLB:Coos_Bay_4\tPL:ILLUMINA output/05_realign_xbOstLuri2/reference/GCA_061535525.1_xbOstLuri2_USDA-ARS_PSRF_primary_genomic.fna data/raw/Coos_Bay_4_S101_L004_R1_001.fastq.gz data/raw/Coos_Bay_4_S101_L004_R2_001.fastq.gz
[main] Real time: 3612.067 sec; CPU: 54286.046 sec
[bam_sort_core] merging from 3 files and 8 in-memory blocks...
end 2026-09-27T13:01:14Z sample=Coos_Bay_4
