/opt/ohpc/admin/lmod/lmod/init/bash: line 93: LD_LIBRARY_PATH: unbound variable
start 2026-09-27T11:55:05Z host n3452 sample=Coos_Bay_9 location=Coos_Bay
[M::bwa_idx_load_from_disk] read 0 ALT contigs
[M::process] read 1066668 sequences (160000200 bp)...
[M::process] read 1066668 sequences (160000200 bp)...
[M::mem_pestat] # candidate unique pairs for (FF, FR, RF, RR): (41, 218006, 92, 27)
[M::mem_pestat] analyzing insert size distribution for orientation FF...
[M::mem_pestat] (25, 50, 75) percentile: (183, 297, 1378)
[M::mem_pestat] low and high boundaries for computing mean and std.dev: (1, 3768)
[M::mem_pestat] mean and std.dev: (583.00, 670.34)
[M::mem_pestat] low and high boundaries for proper pairs: (1, 4963)
[M::mem_pestat] analyzing insert size distribution for orientation FR...
[M::mem_pestat] (25, 50, 75) percentile: (275, 351, 444)
[M::mem_pestat] low and high boundaries for computing mean and std.dev: (1, 782)
[M::mem_pestat] mean and std.dev: (360.03, 128.64)
[M::mem_pestat] low and high boundaries for proper pairs: (1, 951)
[M::mem_pestat] analyzing insert size distribution for orientation RF...
[M::mem_pestat] (25, 50, 75) percentile: (226, 2088, 5281)
[M::mem_pestat] low and high boundaries for computing mean and std.dev: (1, 15391)
[M::mem_pestat] mean and std.dev: (2941.41, 3100.61)
[M::mem_pestat] low and high boundaries for proper pairs: (1, 20446)
[M::mem_pestat] analyzing insert size distribution for orientation RR...
[M::mem_pestat] (25, 50, 75) percentile: (276, 542, 1790)
[M::mem_pestat] low and high boundaries for computing mean and std.dev: (1, 4818)
[M::mem_pestat] mean and std.dev: (1158.00, 1279.52)
[M::mem_pestat] low and high boundaries for proper pairs: (1, 6332)
[M::mem_pestat] skip orientation FF
[M::mem_pestat] skip orientation RF
[M::mem_pestat] skip orientation RR
[M::mem_process_seqs] Processed 1066668 reads in 809.274 CPU sec, 54.086 real sec
[M::mem_pestat] # candidate unique pairs for (FF, FR, RF, RR): (20, 218947, 82, 29)
[M::mem_pestat] analyzing insert size distribution for orientation FF...
[M::mem_pestat] (25, 50, 75) percentile: (340, 577, 1849)
[M::mem_pestat] low and high boundaries for computing mean and std.dev: (1, 4867)
[M::mem_pestat] mean and std.dev: (908.79, 716.80)
[M::mem_pestat] low and high boundaries for proper pairs: (1, 6376)
[M::mem_pestat] analyzing insert size distribution for orientation FR...
[M::mem_pestat] (25, 50, 75) percentile: (280, 357, 452)
[M::mem_pestat] low and high boundaries for computing mean and std.dev: (1, 796)
[M::mem_pestat] mean and std.dev: (366.08, 130.22)
[M::mem_pestat] low and high boundaries for proper pairs: (1, 968)
[M::mem_pestat] analyzing insert size distribution for orientation RF...
[M::mem_pestat] (25, 50, 75) percentile: (355, 2126, 6048)
[M::mem_pestat] low and high boundaries for computing mean and std.dev: (1, 17434)
[M::mem_pestat] mean and std.dev: (3156.01, 3139.25)
[M::mem_pestat] low and high boundaries for proper pairs: (1, 23127)
[M::mem_pestat] analyzing insert size distribution for orientation RR...
[M::mem_pestat] (25, 50, 75) percentile: (205, 317, 1724)
[M::mem_pestat] low and high boundaries for computing mean and std.dev: (1, 4762)
[M::mem_pestat] mean and std.dev: (825.54, 867.40)
[M::mem_pestat] low and high boundaries for proper pairs: (1, 6281)
[M::mem_pestat] skip orientation FF
[M::mem_pestat] skip orientation RF
[M::mem_pestat] skip orientation RR
[M::process] read 1066668 sequences (160000200 bp)...
[M::mem_process_seqs] Processed 1066668 reads in 820.339 CPU sec, 53.263 real sec
[M::mem_pestat] # candidate unique pairs for (FF, FR, RF, RR): (34, 218587, 105, 33)
[M::mem_pestat] analyzing insert size distribution for orientation FF...
[M::mem_pestat] (25, 50, 75) percentile: (343, 570, 1734)
[M::mem_pestat] low and high boundaries for computing mean and std.dev: (1, 4516)
[M::mem_pestat] mean and std.dev: (931.87, 1009.54)
[M::mem_pestat] low and high boundaries for proper pairs: (1, 5907)
[M::mem_pestat] analyzing insert size distribution for orientation FR...
[M::mem_pestat] (25, 50, 75) percentile: (275, 354, 451)
[M::mem_pestat] low and high boundaries for computing mean and std.dev: (1, 803)
[M::mem_pestat] mean and std.dev: (364.32, 132.57)
[M::mem_pestat] low and high boundaries for proper pairs: (1, 979)
[M::mem_pestat] analyzing insert size distribution for orientation RF...
[M::mem_pestat] (25, 50, 75) percentile: (275, 1844, 6388)
[M::mem_pestat] low and high boundaries for computing mean and std.dev: (1, 18614)
[M::mem_pestat] mean and std.dev: (3422.45, 3357.75)
[M::mem_pestat] low and high boundaries for proper pairs: (1, 24727)
[M::mem_pestat] analyzing insert size distribution for orientation RR...
[M::mem_pestat] (25, 50, 75) percentile: (230, 390, 2322)
[M::mem_pestat] low and high boundaries for computing mean and std.dev: (1, 6506)
[M::mem_pestat] mean and std.dev: (1383.16, 1876.05)
[M::mem_pestat] low and high boundaries for proper pairs: (1, 8887)
[M::mem_pestat] skip orientation FF
[M::mem_pestat] skip orientation RF
[M::mem_pestat] skip orientation RR
[M::process] read 1066668 sequences (160000200 bp)...
[M::mem_process_seqs] Processed 1066668 reads in 823.992 CPU sec, 53.410 real sec
[M::mem_pestat] # candidate unique pairs for (FF, FR, RF, RR): (23, 218432, 95, 40)
[M::mem_pestat] analyzing insert size distribution for orientation FF...
[M::mem_pestat] (25, 50, 75) percentile: (277, 501, 2743)
[M::mem_pestat] low and high boundaries for computing mean and std.dev: (1, 7675)
[M::mem_pestat] mean and std.dev: (1531.96, 1749.38)
[M::mem_pestat] low and high boundaries for proper pairs: (1, 10141)
[M::mem_pestat] analyzing insert size distribution for orientation FR...
[M::mem_pestat] (25, 50, 75) percentile: (276, 355, 453)
[M::mem_pestat] low and high boundaries for computing mean and std.dev: (1, 807)
[M::mem_pestat] mean and std.dev: (365.94, 132.90)
[M::mem_pestat] low and high boundaries for proper pairs: (1, 984)
[M::mem_pestat] analyzing insert size distribution for orientation RF...
[M::mem_pestat] (25, 50, 75) percentile: (359, 1608, 6161)
[M::mem_pestat] low and high boundaries for computing mean and std.dev: (1, 17765)
[M::mem_pestat] mean and std.dev: (2996.43, 3083.67)
[M::mem_pestat] low and high boundaries for proper pairs: (1, 23567)
[M::mem_pestat] analyzing insert size distribution for orientation RR...
[M::mem_pestat] (25, 50, 75) percentile: (291, 386, 809)
[M::mem_pestat] low and high boundaries for computing mean and std.dev: (1, 1845)
[M::mem_pestat] mean and std.dev: (511.56, 356.67)
[M::mem_pestat] low and high boundaries for proper pairs: (1, 2363)
[M::mem_pestat] skip orientation FF
[M::mem_pestat] skip orientation RF
[M::mem_pestat] skip orientation RR
[M::process] read 1066668 sequences (160000200 bp)...
[M::mem_process_seqs] Processed 1066668 reads in 829.027 CPU sec, 53.604 real sec
[M::mem_pestat] # candidate unique pairs for (FF, FR, RF, RR): (30, 218074, 91, 33)
[M::mem_pestat] analyzing insert size distribution for orientation FF...
[M::mem_pestat] (25, 50, 75) percentile: (493, 905, 3831)
[M::mem_pestat] low and high boundaries for computing mean and std.dev: (1, 10507)
[M::mem_pestat] mean and std.dev: (2223.17, 2413.62)
[M::mem_pestat] low and high boundaries for proper pairs: (1, 13845)
[M::mem_pestat] analyzing insert size distribution for orientation FR...
[M::mem_pestat] (25, 50, 75) percentile: (275, 353, 450)
[M::mem_pestat] low and high boundaries for computing mean and std.dev: (1, 800)
[M::mem_pestat] mean and std.dev: (363.54, 131.80)
[M::mem_pestat] low and high boundaries for proper pairs: (1, 975)
[M::mem_pestat] analyzing insert size distribution for orientation RF...
[M::mem_pestat] (25, 50, 75) percentile: (423, 2518, 4362)
[M::mem_pestat] low and high boundaries for computing mean and std.dev: (1, 12240)
[M::mem_pestat] mean and std.dev: (2929.38, 2931.41)
[M::mem_pestat] low and high boundaries for proper pairs: (1, 16179)
[M::mem_pestat] analyzing insert size distribution for orientation RR...
[M::mem_pestat] (25, 50, 75) percentile: (234, 553, 638)
[M::mem_pestat] low and high boundaries for computing mean and std.dev: (1, 1446)
[M::mem_pestat] mean and std.dev: (392.73, 183.02)
[M::mem_pestat] low and high boundaries for proper pairs: (1, 1850)
[M::mem_pestat] skip orientation FF
[M::mem_pestat] skip orientation RF
[M::mem_pestat] skip orientation RR
[M::process] read 1066668 sequences (160000200 bp)...
[M::mem_process_seqs] Processed 1066668 reads in 834.631 CPU sec, 53.887 real sec
[M::mem_pestat] # candidate unique pairs for (FF, FR, RF, RR): (38, 218317, 70, 31)
[M::mem_pestat] analyzing insert size distribution for orientation FF...
[M::mem_pestat] (25, 50, 75) percentile: (268, 588, 969)
[M::mem_pestat] low and high boundaries for computing mean and std.dev: (1, 2371)
[M::mem_pestat] mean and std.dev: (652.97, 481.11)
[M::mem_pestat] low and high boundaries for proper pairs: (1, 3072)
[M::mem_pestat] analyzing insert size distribution for orientation FR...
[M::mem_pestat] (25, 50, 75) percentile: (275, 353, 450)
[M::mem_pestat] low and high boundaries for computing mean and std.dev: (1, 800)
[M::mem_pestat] mean and std.dev: (363.57, 131.68)
[M::mem_pestat] low and high boundaries for proper pairs: (1, 975)
[M::mem_pestat] analyzing insert size distribution for orientation RF...
[M::mem_pestat] (25, 50, 75) percentile: (293, 1038, 2906)
[M::mem_pestat] low and high boundaries for computing mean and std.dev: (1, 8132)
[M::mem_pestat] mean and std.dev: (1485.53, 1957.52)
[M::mem_pestat] low and high boundaries for proper pairs: (1, 10745)
[M::mem_pestat] analyzing insert size distribution for orientation RR...
[M::mem_pestat] (25, 50, 75) percentile: (263, 511, 2020)
[M::mem_pestat] low and high boundaries for computing mean and std.dev: (1, 5534)
[M::mem_pestat] mean and std.dev: (873.04, 1159.23)
[M::mem_pestat] low and high boundaries for proper pairs: (1, 7291)
[M::mem_pestat] skip orientation FF
[M::mem_pestat] skip orientation RF
[M::mem_pestat] skip orientation RR
[M::process] read 1066668 sequences (160000200 bp)...
[M::mem_process_seqs] Processed 1066668 reads in 850.276 CPU sec, 54.885 real sec
[M::mem_pestat] # candidate unique pairs for (FF, FR, RF, RR): (34, 217934, 83, 26)
[M::mem_pestat] analyzing insert size distribution for orientation FF...
[M::mem_pestat] (25, 50, 75) percentile: (369, 642, 1259)
[M::mem_pestat] low and high boundaries for computing mean and std.dev: (1, 3039)
[M::mem_pestat] mean and std.dev: (742.23, 592.80)
[M::mem_pestat] low and high boundaries for proper pairs: (1, 3929)
[M::mem_pestat] analyzing insert size distribution for orientation FR...
[M::mem_pestat] (25, 50, 75) percentile: (272, 348, 443)
[M::mem_pestat] low and high boundaries for computing mean and std.dev: (1, 785)
[M::mem_pestat] mean and std.dev: (358.35, 129.38)
[M::mem_pestat] low and high boundaries for proper pairs: (1, 956)
[M::mem_pestat] analyzing insert size distribution for orientation RF...
[M::mem_pestat] (25, 50, 75) percentile: (169, 1097, 2818)
[M::mem_pestat] low and high boundaries for computing mean and std.dev: (1, 8116)
[M::mem_pestat] mean and std.dev: (1728.14, 2147.43)
[M::mem_pestat] low and high boundaries for proper pairs: (1, 10765)
[M::mem_pestat] analyzing insert size distribution for orientation RR...
[M::mem_pestat] (25, 50, 75) percentile: (241, 367, 897)
[M::mem_pestat] low and high boundaries for computing mean and std.dev: (1, 2209)
[M::mem_pestat] mean and std.dev: (527.58, 485.67)
[M::mem_pestat] low and high boundaries for proper pairs: (1, 2865)
[M::mem_pestat] skip orientation FF
[M::mem_pestat] skip orientation RF
[M::mem_pestat] skip orientation RR
[M::process] read 1066668 sequences (160000200 bp)...
[M::mem_process_seqs] Processed 1066668 reads in 834.833 CPU sec, 53.955 real sec
[M::mem_pestat] # candidate unique pairs for (FF, FR, RF, RR): (41, 217815, 89, 20)
[M::mem_pestat] analyzing insert size distribution for orientation FF...
[M::mem_pestat] (25, 50, 75) percentile: (247, 369, 999)
[M::mem_pestat] low and high boundaries for computing mean and std.dev: (1, 2503)
[M::mem_pestat] mean and std.dev: (414.82, 251.13)
[M::mem_pestat] low and high boundaries for proper pairs: (1, 3255)
[M::mem_pestat] analyzing insert size distribution for orientation FR...
[M::mem_pestat] (25, 50, 75) percentile: (273, 349, 446)
[M::mem_pestat] low and high boundaries for computing mean and std.dev: (1, 792)
[M::mem_pestat] mean and std.dev: (360.39, 130.89)
[M::mem_pestat] low and high boundaries for proper pairs: (1, 965)
[M::mem_pestat] analyzing insert size distribution for orientation RF...
[M::mem_pestat] (25, 50, 75) percentile: (186, 1166, 4072)
[M::mem_pestat] low and high boundaries for computing mean and std.dev: (1, 11844)
[M::mem_pestat] mean and std.dev: (2537.49, 2997.86)
[M::mem_pestat] low and high boundaries for proper pairs: (1, 15730)
[M::mem_pestat] analyzing insert size distribution for orientation RR...
[M::mem_pestat] (25, 50, 75) percentile: (469, 1270, 2179)
[M::mem_pestat] low and high boundaries for computing mean and std.dev: (1, 5599)
[M::mem_pestat] mean and std.dev: (1505.45, 1375.92)
[M::mem_pestat] low and high boundaries for proper pairs: (1, 7309)
[M::mem_pestat] skip orientation FF
[M::mem_pestat] skip orientation RF
[M::mem_pestat] skip orientation RR
[M::process] read 1066668 sequences (160000200 bp)...
[M::mem_process_seqs] Processed 1066668 reads in 837.642 CPU sec, 54.045 real sec
[M::mem_pestat] # candidate unique pairs for (FF, FR, RF, RR): (22, 217828, 83, 19)
[M::mem_pestat] analyzing insert size distribution for orientation FF...
[M::mem_pestat] (25, 50, 75) percentile: (247, 721, 1461)
[M::mem_pestat] low and high boundaries for computing mean and std.dev: (1, 3889)
[M::mem_pestat] mean and std.dev: (1063.81, 1117.06)
[M::mem_pestat] low and high boundaries for proper pairs: (1, 5532)
[M::mem_pestat] analyzing insert size distribution for orientation FR...
[M::mem_pestat] (25, 50, 75) percentile: (273, 352, 449)
[M::mem_pestat] low and high boundaries for computing mean and std.dev: (1, 801)
[M::mem_pestat] mean and std.dev: (362.36, 132.45)
[M::mem_pestat] low and high boundaries for proper pairs: (1, 977)
[M::mem_pestat] analyzing insert size distribution for orientation RF...
[M::mem_pestat] (25, 50, 75) percentile: (313, 1884, 7069)
[M::mem_pestat] low and high boundaries for computing mean and std.dev: (1, 20581)
[M::mem_pestat] mean and std.dev: (3528.45, 3544.23)
[M::mem_pestat] low and high boundaries for proper pairs: (1, 27337)
[M::mem_pestat] analyzing insert size distribution for orientation RR...
[M::mem_pestat] (25, 50, 75) percentile: (250, 463, 1494)
[M::mem_pestat] low and high boundaries for computing mean and std.dev: (1, 3982)
[M::mem_pestat] mean and std.dev: (457.27, 332.83)
[M::mem_pestat] low and high boundaries for proper pairs: (1, 5226)
[M::mem_pestat] skip orientation FF
[M::mem_pestat] skip orientation RF
[M::mem_pestat] skip orientation RR
[M::process] read 1066668 sequences (160000200 bp)...
[M::mem_process_seqs] Processed 1066668 reads in 836.540 CPU sec, 54.022 real sec
[M::mem_pestat] # candidate unique pairs for (FF, FR, RF, RR): (25, 217157, 72, 35)
[M::mem_pestat] analyzing insert size distribution for orientation FF...
[M::mem_pestat] (25, 50, 75) percentile: (317, 405, 4570)
[M::mem_pestat] low and high boundaries for computing mean and std.dev: (1, 13076)
[M::mem_pestat] mean and std.dev: (1916.12, 2750.18)
[M::mem_pestat] low and high boundaries for proper pairs: (1, 17329)
[M::mem_pestat] analyzing insert size distribution for orientation FR...
[M::mem_pestat] (25, 50, 75) percentile: (279, 359, 458)
[M::mem_pestat] low and high boundaries for computing mean and std.dev: (1, 816)
[M::mem_pestat] mean and std.dev: (369.28, 134.44)
[M::mem_pestat] low and high boundaries for proper pairs: (1, 995)
[M::mem_pestat] analyzing insert size distribution for orientation RF...
[M::mem_pestat] (25, 50, 75) percentile: (543, 1213, 4245)
[M::mem_pestat] low and high boundaries for computing mean and std.dev: (1, 11649)
[M::mem_pestat] mean and std.dev: (2548.03, 2617.20)
[M::mem_pestat] low and high boundaries for proper pairs: (1, 15351)
[M::mem_pestat] analyzing insert size distribution for orientation RR...
[M::mem_pestat] (25, 50, 75) percentile: (305, 535, 821)
[M::mem_pestat] low and high boundaries for computing mean and std.dev: (1, 1853)
[M::mem_pestat] mean and std.dev: (480.37, 288.12)
[M::mem_pestat] low and high boundaries for proper pairs: (1, 2369)
[M::mem_pestat] skip orientation FF
[M::mem_pestat] skip orientation RF
[M::mem_pestat] skip orientation RR
[M::process] read 1066668 sequences (160000200 bp)...
[M::mem_process_seqs] Processed 1066668 reads in 822.595 CPU sec, 53.141 real sec
[M::mem_pestat] # candidate unique pairs for (FF, FR, RF, RR): (36, 219383, 96, 31)
[M::mem_pestat] analyzing insert size distribution for orientation FF...
[M::mem_pestat] (25, 50, 75) percentile: (234, 433, 1946)
[M::mem_pestat] low and high boundaries for computing mean and std.dev: (1, 5370)
[M::mem_pestat] mean and std.dev: (892.09, 1115.04)
[M::mem_pestat] low and high boundaries for proper pairs: (1, 7082)
[M::mem_pestat] analyzing insert size distribution for orientation FR...
[M::mem_pestat] (25, 50, 75) percentile: (280, 362, 462)
[M::mem_pestat] low and high boundaries for computing mean and std.dev: (1, 826)
[M::mem_pestat] mean and std.dev: (372.06, 136.05)
[M::mem_pestat] low and high boundaries for proper pairs: (1, 1008)
[M::mem_pestat] analyzing insert size distribution for orientation RF...
[M::mem_pestat] (25, 50, 75) percentile: (69, 442, 4072)
[M::mem_pestat] low and high boundaries for computing mean and std.dev: (1, 12078)
[M::mem_pestat] mean and std.dev: (2414.54, 3238.10)
[M::mem_pestat] low and high boundaries for proper pairs: (1, 16081)
[M::mem_pestat] analyzing insert size distribution for orientation RR...
[M::mem_pestat] (25, 50, 75) percentile: (395, 537, 5439)
[M::mem_pestat] low and high boundaries for computing mean and std.dev: (1, 15527)
[M::mem_pestat] mean and std.dev: (2346.71, 3115.97)
[M::mem_pestat] low and high boundaries for proper pairs: (1, 20571)
[M::mem_pestat] skip orientation FF
[M::mem_pestat] skip orientation RF
[M::mem_pestat] skip orientation RR
[M::process] read 1066668 sequences (160000200 bp)...
[M::mem_process_seqs] Processed 1066668 reads in 821.196 CPU sec, 53.051 real sec
[M::mem_pestat] # candidate unique pairs for (FF, FR, RF, RR): (31, 218566, 98, 36)
[M::mem_pestat] analyzing insert size distribution for orientation FF...
[M::mem_pestat] (25, 50, 75) percentile: (303, 762, 1827)
[M::mem_pestat] low and high boundaries for computing mean and std.dev: (1, 4875)
[M::mem_pestat] mean and std.dev: (1081.43, 1044.22)
[M::mem_pestat] low and high boundaries for proper pairs: (1, 6399)
[M::mem_pestat] analyzing insert size distribution for orientation FR...
[M::mem_pestat] (25, 50, 75) percentile: (277, 357, 457)
[M::mem_pestat] low and high boundaries for computing mean and std.dev: (1, 817)
[M::mem_pestat] mean and std.dev: (368.33, 135.16)
[M::mem_pestat] low and high boundaries for proper pairs: (1, 997)
[M::mem_pestat] analyzing insert size distribution for orientation RF...
[M::mem_pestat] (25, 50, 75) percentile: (465, 1926, 5531)
[M::mem_pestat] low and high boundaries for computing mean and std.dev: (1, 15663)
[M::mem_pestat] mean and std.dev: (2992.73, 2924.19)
[M::mem_pestat] low and high boundaries for proper pairs: (1, 20729)
[M::mem_pestat] analyzing insert size distribution for orientation RR...
[M::mem_pestat] (25, 50, 75) percentile: (254, 386, 1219)
[M::mem_pestat] low and high boundaries for computing mean and std.dev: (1, 3149)
[M::mem_pestat] mean and std.dev: (725.30, 745.51)
[M::mem_pestat] low and high boundaries for proper pairs: (1, 4114)
[M::mem_pestat] skip orientation FF
[M::mem_pestat] skip orientation RF
[M::mem_pestat] skip orientation RR
[M::process] read 1066668 sequences (160000200 bp)...
[M::mem_process_seqs] Processed 1066668 reads in 828.461 CPU sec, 53.456 real sec
[M::mem_pestat] # candidate unique pairs for (FF, FR, RF, RR): (26, 218654, 88, 20)
[M::mem_pestat] analyzing insert size distribution for orientation FF...
[M::mem_pestat] (25, 50, 75) percentile: (192, 331, 423)
[M::mem_pestat] low and high boundaries for computing mean and std.dev: (1, 885)
[M::mem_pestat] mean and std.dev: (290.55, 154.32)
[M::mem_pestat] low and high boundaries for proper pairs: (1, 1116)
[M::mem_pestat] analyzing insert size distribution for orientation FR...
[M::mem_pestat] (25, 50, 75) percentile: (277, 357, 456)
[M::mem_pestat] low and high boundaries for computing mean and std.dev: (1, 814)
[M::mem_pestat] mean and std.dev: (367.76, 134.36)
[M::mem_pestat] low and high boundaries for proper pairs: (1, 993)
[M::mem_pestat] analyzing insert size distribution for orientation RF...
[M::mem_pestat] (25, 50, 75) percentile: (282, 1432, 4228)
[M::mem_pestat] low and high boundaries for computing mean and std.dev: (1, 12120)
[M::mem_pestat] mean and std.dev: (2577.77, 2789.47)
[M::mem_pestat] low and high boundaries for proper pairs: (1, 16066)
[M::mem_pestat] analyzing insert size distribution for orientation RR...
[M::mem_pestat] (25, 50, 75) percentile: (356, 1053, 2020)
[M::mem_pestat] low and high boundaries for computing mean and std.dev: (1, 5348)
[M::mem_pestat] mean and std.dev: (1157.16, 866.17)
[M::mem_pestat] low and high boundaries for proper pairs: (1, 7012)
[M::mem_pestat] skip orientation FF
[M::mem_pestat] skip orientation RF
[M::mem_pestat] skip orientation RR
[M::process] read 1066668 sequences (160000200 bp)...
[M::mem_process_seqs] Processed 1066668 reads in 835.197 CPU sec, 53.947 real sec
[M::mem_pestat] # candidate unique pairs for (FF, FR, RF, RR): (29, 219144, 101, 22)
[M::mem_pestat] analyzing insert size distribution for orientation FF...
[M::mem_pestat] (25, 50, 75) percentile: (201, 432, 769)
[M::mem_pestat] low and high boundaries for computing mean and std.dev: (1, 1905)
[M::mem_pestat] mean and std.dev: (541.30, 473.97)
[M::mem_pestat] low and high boundaries for proper pairs: (1, 2473)
[M::mem_pestat] analyzing insert size distribution for orientation FR...
[M::mem_pestat] (25, 50, 75) percentile: (277, 356, 454)
[M::mem_pestat] low and high boundaries for computing mean and std.dev: (1, 808)
[M::mem_pestat] mean and std.dev: (366.67, 133.38)
[M::mem_pestat] low and high boundaries for proper pairs: (1, 985)
[M::mem_pestat] analyzing insert size distribution for orientation RF...
[M::mem_pestat] (25, 50, 75) percentile: (186, 483, 1735)
[M::mem_pestat] low and high boundaries for computing mean and std.dev: (1, 4833)
[M::mem_pestat] mean and std.dev: (829.95, 967.81)
[M::mem_pestat] low and high boundaries for proper pairs: (1, 6382)
[M::mem_pestat] analyzing insert size distribution for orientation RR...
[M::mem_pestat] (25, 50, 75) percentile: (446, 943, 1691)
[M::mem_pestat] low and high boundaries for computing mean and std.dev: (1, 4181)
[M::mem_pestat] mean and std.dev: (749.18, 540.28)
[M::mem_pestat] low and high boundaries for proper pairs: (1, 5426)
[M::mem_pestat] skip orientation FF
[M::mem_pestat] skip orientation RF
[M::mem_pestat] skip orientation RR
[M::process] read 1066668 sequences (160000200 bp)...
[M::mem_process_seqs] Processed 1066668 reads in 834.141 CPU sec, 53.880 real sec
[M::mem_pestat] # candidate unique pairs for (FF, FR, RF, RR): (27, 217850, 81, 40)
[M::mem_pestat] analyzing insert size distribution for orientation FF...
[M::mem_pestat] (25, 50, 75) percentile: (399, 1374, 5856)
[M::mem_pestat] low and high boundaries for computing mean and std.dev: (1, 16770)
[M::mem_pestat] mean and std.dev: (2874.00, 2930.70)
[M::mem_pestat] low and high boundaries for proper pairs: (1, 22227)
[M::mem_pestat] analyzing insert size distribution for orientation FR...
[M::mem_pestat] (25, 50, 75) percentile: (275, 354, 454)
[M::mem_pestat] low and high boundaries for computing mean and std.dev: (1, 812)
[M::mem_pestat] mean and std.dev: (365.72, 134.26)
[M::mem_pestat] low and high boundaries for proper pairs: (1, 991)
[M::mem_pestat] analyzing insert size distribution for orientation RF...
[M::mem_pestat] (25, 50, 75) percentile: (263, 1077, 3711)
[M::mem_pestat] low and high boundaries for computing mean and std.dev: (1, 10607)
[M::mem_pestat] mean and std.dev: (2260.69, 2788.44)
[M::mem_pestat] low and high boundaries for proper pairs: (1, 14055)
[M::mem_pestat] analyzing insert size distribution for orientation RR...
[M::mem_pestat] (25, 50, 75) percentile: (358, 1770, 4709)
[M::mem_pestat] low and high boundaries for computing mean and std.dev: (1, 13411)
[M::mem_pestat] mean and std.dev: (2491.82, 2627.99)
[M::mem_pestat] low and high boundaries for proper pairs: (1, 17762)
[M::mem_pestat] skip orientation FF
[M::mem_pestat] skip orientation RF
[M::mem_pestat] skip orientation RR
[M::process] read 1066668 sequences (160000200 bp)...
[M::mem_process_seqs] Processed 1066668 reads in 838.323 CPU sec, 54.075 real sec
[M::mem_pestat] # candidate unique pairs for (FF, FR, RF, RR): (38, 218615, 77, 39)
[M::mem_pestat] analyzing insert size distribution for orientation FF...
[M::mem_pestat] (25, 50, 75) percentile: (327, 575, 1743)
[M::mem_pestat] low and high boundaries for computing mean and std.dev: (1, 4575)
[M::mem_pestat] mean and std.dev: (824.56, 879.41)
[M::mem_pestat] low and high boundaries for proper pairs: (1, 5991)
[M::mem_pestat] analyzing insert size distribution for orientation FR...
[M::mem_pestat] (25, 50, 75) percentile: (273, 351, 450)
[M::mem_pestat] low and high boundaries for computing mean and std.dev: (1, 804)
[M::mem_pestat] mean and std.dev: (362.94, 133.21)
[M::mem_pestat] low and high boundaries for proper pairs: (1, 981)
[M::mem_pestat] analyzing insert size distribution for orientation RF...
[M::mem_pestat] (25, 50, 75) percentile: (245, 879, 3791)
[M::mem_pestat] low and high boundaries for computing mean and std.dev: (1, 10883)
[M::mem_pestat] mean and std.dev: (2373.49, 2940.41)
[M::mem_pestat] low and high boundaries for proper pairs: (1, 14429)
[M::mem_pestat] analyzing insert size distribution for orientation RR...
[M::mem_pestat] (25, 50, 75) percentile: (229, 461, 1516)
[M::mem_pestat] low and high boundaries for computing mean and std.dev: (1, 4090)
[M::mem_pestat] mean and std.dev: (769.00, 760.48)
[M::mem_pestat] low and high boundaries for proper pairs: (1, 5377)
[M::mem_pestat] skip orientation FF
[M::mem_pestat] skip orientation RF
[M::mem_pestat] skip orientation RR
[M::process] read 1066668 sequences (160000200 bp)...
[M::mem_process_seqs] Processed 1066668 reads in 842.349 CPU sec, 54.266 real sec
[M::mem_pestat] # candidate unique pairs for (FF, FR, RF, RR): (27, 217957, 79, 33)
[M::mem_pestat] analyzing insert size distribution for orientation FF...
[M::mem_pestat] (25, 50, 75) percentile: (303, 612, 1577)
[M::mem_pestat] low and high boundaries for computing mean and std.dev: (1, 4125)
[M::mem_pestat] mean and std.dev: (804.43, 888.64)
[M::mem_pestat] low and high boundaries for proper pairs: (1, 5399)
[M::mem_pestat] analyzing insert size distribution for orientation FR...
[M::mem_pestat] (25, 50, 75) percentile: (273, 350, 450)
[M::mem_pestat] low and high boundaries for computing mean and std.dev: (1, 804)
[M::mem_pestat] mean and std.dev: (362.40, 133.20)
[M::mem_pestat] low and high boundaries for proper pairs: (1, 981)
[M::mem_pestat] analyzing insert size distribution for orientation RF...
[M::mem_pestat] (25, 50, 75) percentile: (256, 1149, 3927)
[M::mem_pestat] low and high boundaries for computing mean and std.dev: (1, 11269)
[M::mem_pestat] mean and std.dev: (2384.00, 2785.64)
[M::mem_pestat] low and high boundaries for proper pairs: (1, 14940)
[M::mem_pestat] analyzing insert size distribution for orientation RR...
[M::mem_pestat] (25, 50, 75) percentile: (467, 1087, 4179)
[M::mem_pestat] low and high boundaries for computing mean and std.dev: (1, 11603)
[M::mem_pestat] mean and std.dev: (2238.18, 2562.94)
[M::mem_pestat] low and high boundaries for proper pairs: (1, 15315)
[M::mem_pestat] skip orientation FF
[M::mem_pestat] skip orientation RF
[M::mem_pestat] skip orientation RR
[M::process] read 1066668 sequences (160000200 bp)...
[M::mem_process_seqs] Processed 1066668 reads in 854.984 CPU sec, 55.162 real sec
[M::mem_pestat] # candidate unique pairs for (FF, FR, RF, RR): (24, 217402, 77, 35)
[M::mem_pestat] analyzing insert size distribution for orientation FF...
[M::mem_pestat] (25, 50, 75) percentile: (581, 2860, 4145)
[M::mem_pestat] low and high boundaries for computing mean and std.dev: (1, 11273)
[M::mem_pestat] mean and std.dev: (2334.21, 1730.69)
[M::mem_pestat] low and high boundaries for proper pairs: (1, 14837)
[M::mem_pestat] analyzing insert size distribution for orientation FR...
[M::mem_pestat] (25, 50, 75) percentile: (274, 353, 451)
[M::mem_pestat] low and high boundaries for computing mean and std.dev: (1, 805)
[M::mem_pestat] mean and std.dev: (363.25, 133.69)
[M::mem_pestat] low and high boundaries for proper pairs: (1, 982)
[M::mem_pestat] analyzing insert size distribution for orientation RF...
[M::mem_pestat] (25, 50, 75) percentile: (336, 1717, 6048)
[M::mem_pestat] low and high boundaries for computing mean and std.dev: (1, 17472)
[M::mem_pestat] mean and std.dev: (2965.21, 2936.61)
[M::mem_pestat] low and high boundaries for proper pairs: (1, 23184)
[M::mem_pestat] analyzing insert size distribution for orientation RR...
[M::mem_pestat] (25, 50, 75) percentile: (288, 427, 2154)
[M::mem_pestat] low and high boundaries for computing mean and std.dev: (1, 5886)
[M::mem_pestat] mean and std.dev: (936.85, 1068.84)
[M::mem_pestat] low and high boundaries for proper pairs: (1, 7752)
[M::mem_pestat] skip orientation FF
[M::mem_pestat] skip orientation RF
[M::mem_pestat] skip orientation RR
[M::process] read 1066668 sequences (160000200 bp)...
[M::mem_process_seqs] Processed 1066668 reads in 832.191 CPU sec, 53.734 real sec
[M::mem_pestat] # candidate unique pairs for (FF, FR, RF, RR): (50, 218640, 91, 22)
[M::mem_pestat] analyzing insert size distribution for orientation FF...
[M::mem_pestat] (25, 50, 75) percentile: (405, 567, 1599)
[M::mem_pestat] low and high boundaries for computing mean and std.dev: (1, 3987)
[M::mem_pestat] mean and std.dev: (691.98, 562.15)
[M::mem_pestat] low and high boundaries for proper pairs: (1, 5181)
[M::mem_pestat] analyzing insert size distribution for orientation FR...
[M::mem_pestat] (25, 50, 75) percentile: (280, 361, 461)
[M::mem_pestat] low and high boundaries for computing mean and std.dev: (1, 823)
[M::mem_pestat] mean and std.dev: (370.93, 135.46)
[M::mem_pestat] low and high boundaries for proper pairs: (1, 1004)
[M::mem_pestat] analyzing insert size distribution for orientation RF...
[M::mem_pestat] (25, 50, 75) percentile: (215, 520, 2184)
[M::mem_pestat] low and high boundaries for computing mean and std.dev: (1, 6122)
[M::mem_pestat] mean and std.dev: (1216.70, 1455.61)
[M::mem_pestat] low and high boundaries for proper pairs: (1, 8091)
[M::mem_pestat] analyzing insert size distribution for orientation RR...
[M::mem_pestat] (25, 50, 75) percentile: (231, 1231, 1474)
[M::mem_pestat] low and high boundaries for computing mean and std.dev: (1, 3960)
[M::mem_pestat] mean and std.dev: (956.32, 933.57)
[M::mem_pestat] low and high boundaries for proper pairs: (1, 5203)
[M::mem_pestat] skip orientation FF
[M::mem_pestat] skip orientation RF
[M::mem_pestat] skip orientation RR
[M::mem_process_seqs] Processed 1066668 reads in 826.413 CPU sec, 54.487 real sec
[M::process] read 1066668 sequences (160000200 bp)...
[M::mem_pestat] # candidate unique pairs for (FF, FR, RF, RR): (41, 219662, 101, 28)
[M::mem_pestat] analyzing insert size distribution for orientation FF...
[M::mem_pestat] (25, 50, 75) percentile: (178, 353, 1775)
[M::mem_pestat] low and high boundaries for computing mean and std.dev: (1, 4969)
[M::mem_pestat] mean and std.dev: (881.03, 1086.20)
[M::mem_pestat] low and high boundaries for proper pairs: (1, 6566)
[M::mem_pestat] analyzing insert size distribution for orientation FR...
[M::mem_pestat] (25, 50, 75) percentile: (273, 351, 449)
[M::mem_pestat] low and high boundaries for computing mean and std.dev: (1, 801)
[M::mem_pestat] mean and std.dev: (362.29, 132.54)
[M::mem_pestat] low and high boundaries for proper pairs: (1, 977)
[M::mem_pestat] analyzing insert size distribution for orientation RF...
[M::mem_pestat] (25, 50, 75) percentile: (284, 1325, 4866)
[M::mem_pestat] low and high boundaries for computing mean and std.dev: (1, 14030)
[M::mem_pestat] mean and std.dev: (2599.03, 3023.49)
[M::mem_pestat] low and high boundaries for proper pairs: (1, 18612)
[M::mem_pestat] analyzing insert size distribution for orientation RR...
[M::mem_pestat] (25, 50, 75) percentile: (278, 499, 2972)
[M::mem_pestat] low and high boundaries for computing mean and std.dev: (1, 8360)
[M::mem_pestat] mean and std.dev: (1256.43, 1656.10)
[M::mem_pestat] low and high boundaries for proper pairs: (1, 11054)
[M::mem_pestat] skip orientation FF
[M::mem_pestat] skip orientation RF
[M::mem_pestat] skip orientation RR
[M::process] read 1066668 sequences (160000200 bp)...
[M::mem_process_seqs] Processed 1066668 reads in 821.026 CPU sec, 52.713 real sec
[M::process] read 1066668 sequences (160000200 bp)...
[M::mem_pestat] # candidate unique pairs for (FF, FR, RF, RR): (36, 218388, 74, 34)
[M::mem_pestat] analyzing insert size distribution for orientation FF...
[M::mem_pestat] (25, 50, 75) percentile: (276, 528, 1112)
[M::mem_pestat] low and high boundaries for computing mean and std.dev: (1, 2784)
[M::mem_pestat] mean and std.dev: (731.53, 685.41)
[M::mem_pestat] low and high boundaries for proper pairs: (1, 3620)
[M::mem_pestat] analyzing insert size distribution for orientation FR...
[M::mem_pestat] (25, 50, 75) percentile: (273, 352, 451)
[M::mem_pestat] low and high boundaries for computing mean and std.dev: (1, 807)
[M::mem_pestat] mean and std.dev: (363.38, 134.09)
[M::mem_pestat] low and high boundaries for proper pairs: (1, 985)
[M::mem_pestat] analyzing insert size distribution for orientation RF...
[M::mem_pestat] (25, 50, 75) percentile: (260, 685, 4325)
[M::mem_pestat] low and high boundaries for computing mean and std.dev: (1, 12455)
[M::mem_pestat] mean and std.dev: (2383.43, 3015.97)
[M::mem_pestat] low and high boundaries for proper pairs: (1, 16520)
[M::mem_pestat] analyzing insert size distribution for orientation RR...
[M::mem_pestat] (25, 50, 75) percentile: (258, 613, 1473)
[M::mem_pestat] low and high boundaries for computing mean and std.dev: (1, 3903)
[M::mem_pestat] mean and std.dev: (664.39, 564.11)
[M::mem_pestat] low and high boundaries for proper pairs: (1, 5118)
[M::mem_pestat] skip orientation FF
[M::mem_pestat] skip orientation RF
[M::mem_pestat] skip orientation RR
[M::mem_process_seqs] Processed 1066668 reads in 837.677 CPU sec, 54.399 real sec
[M::mem_pestat] # candidate unique pairs for (FF, FR, RF, RR): (33, 218230, 85, 26)
[M::mem_pestat] analyzing insert size distribution for orientation FF...
[M::mem_pestat] (25, 50, 75) percentile: (263, 412, 1126)
[M::mem_pestat] low and high boundaries for computing mean and std.dev: (1, 2852)
[M::mem_pestat] mean and std.dev: (429.58, 308.84)
[M::mem_pestat] low and high boundaries for proper pairs: (1, 3715)
[M::mem_pestat] analyzing insert size distribution for orientation FR...
[M::mem_pestat] (25, 50, 75) percentile: (274, 353, 453)
[M::mem_pestat] low and high boundaries for computing mean and std.dev: (1, 811)
[M::mem_pestat] mean and std.dev: (364.84, 134.74)
[M::mem_pestat] low and high boundaries for proper pairs: (1, 990)
[M::mem_pestat] analyzing insert size distribution for orientation RF...
[M::mem_pestat] (25, 50, 75) percentile: (192, 1131, 6666)
[M::mem_pestat] low and high boundaries for computing mean and std.dev: (1, 19614)
[M::mem_pestat] mean and std.dev: (3140.47, 3445.79)
[M::mem_pestat] low and high boundaries for proper pairs: (1, 26088)
[M::mem_pestat] analyzing insert size distribution for orientation RR...
[M::mem_pestat] (25, 50, 75) percentile: (325, 614, 2451)
[M::mem_pestat] low and high boundaries for computing mean and std.dev: (1, 6703)
[M::mem_pestat] mean and std.dev: (1323.58, 1608.91)
[M::mem_pestat] low and high boundaries for proper pairs: (1, 8829)
[M::mem_pestat] skip orientation FF
[M::mem_pestat] skip orientation RF
[M::mem_pestat] skip orientation RR
[M::process] read 1066668 sequences (160000200 bp)...
[M::mem_process_seqs] Processed 1066668 reads in 840.222 CPU sec, 54.220 real sec
[M::mem_pestat] # candidate unique pairs for (FF, FR, RF, RR): (29, 218310, 81, 33)
[M::mem_pestat] analyzing insert size distribution for orientation FF...
[M::mem_pestat] (25, 50, 75) percentile: (311, 447, 685)
[M::mem_pestat] low and high boundaries for computing mean and std.dev: (1, 1433)
[M::mem_pestat] mean and std.dev: (454.20, 224.26)
[M::mem_pestat] low and high boundaries for proper pairs: (1, 1807)
[M::mem_pestat] analyzing insert size distribution for orientation FR...
[M::mem_pestat] (25, 50, 75) percentile: (275, 354, 454)
[M::mem_pestat] low and high boundaries for computing mean and std.dev: (1, 812)
[M::mem_pestat] mean and std.dev: (365.65, 134.37)
[M::mem_pestat] low and high boundaries for proper pairs: (1, 991)
[M::mem_pestat] analyzing insert size distribution for orientation RF...
[M::mem_pestat] (25, 50, 75) percentile: (235, 711, 2740)
[M::mem_pestat] low and high boundaries for computing mean and std.dev: (1, 7750)
[M::mem_pestat] mean and std.dev: (1473.13, 1841.42)
[M::mem_pestat] low and high boundaries for proper pairs: (1, 10255)
[M::mem_pestat] analyzing insert size distribution for orientation RR...
[M::mem_pestat] (25, 50, 75) percentile: (448, 735, 1623)
[M::mem_pestat] low and high boundaries for computing mean and std.dev: (1, 3973)
[M::mem_pestat] mean and std.dev: (1102.94, 894.47)
[M::mem_pestat] low and high boundaries for proper pairs: (1, 5148)
[M::mem_pestat] skip orientation FF
[M::mem_pestat] skip orientation RF
[M::mem_pestat] skip orientation RR
[M::process] read 1066668 sequences (160000200 bp)...
[M::mem_process_seqs] Processed 1066668 reads in 838.188 CPU sec, 54.089 real sec
[M::mem_pestat] # candidate unique pairs for (FF, FR, RF, RR): (35, 218456, 87, 34)
[M::mem_pestat] analyzing insert size distribution for orientation FF...
[M::mem_pestat] (25, 50, 75) percentile: (364, 536, 1172)
[M::mem_pestat] low and high boundaries for computing mean and std.dev: (1, 2788)
[M::mem_pestat] mean and std.dev: (532.93, 493.15)
[M::mem_pestat] low and high boundaries for proper pairs: (1, 3596)
[M::mem_pestat] analyzing insert size distribution for orientation FR...
[M::mem_pestat] (25, 50, 75) percentile: (273, 352, 451)
[M::mem_pestat] low and high boundaries for computing mean and std.dev: (1, 807)
[M::mem_pestat] mean and std.dev: (363.76, 133.74)
[M::mem_pestat] low and high boundaries for proper pairs: (1, 985)
[M::mem_pestat] analyzing insert size distribution for orientation RF...
[M::mem_pestat] (25, 50, 75) percentile: (324, 1051, 3047)
[M::mem_pestat] low and high boundaries for computing mean and std.dev: (1, 8493)
[M::mem_pestat] mean and std.dev: (1728.83, 1838.59)
[M::mem_pestat] low and high boundaries for proper pairs: (1, 11216)
[M::mem_pestat] analyzing insert size distribution for orientation RR...
[M::mem_pestat] (25, 50, 75) percentile: (349, 992, 1949)
[M::mem_pestat] low and high boundaries for computing mean and std.dev: (1, 5149)
[M::mem_pestat] mean and std.dev: (982.91, 726.14)
[M::mem_pestat] low and high boundaries for proper pairs: (1, 6749)
[M::mem_pestat] skip orientation FF
[M::mem_pestat] skip orientation RF
[M::mem_pestat] skip orientation RR
[M::process] read 1066668 sequences (160000200 bp)...
[M::mem_process_seqs] Processed 1066668 reads in 842.872 CPU sec, 54.400 real sec
[M::mem_pestat] # candidate unique pairs for (FF, FR, RF, RR): (34, 217440, 79, 42)
[M::mem_pestat] analyzing insert size distribution for orientation FF...
[M::mem_pestat] (25, 50, 75) percentile: (371, 1715, 2906)
[M::mem_pestat] low and high boundaries for computing mean and std.dev: (1, 7976)
[M::mem_pestat] mean and std.dev: (1972.65, 2024.85)
[M::mem_pestat] low and high boundaries for proper pairs: (1, 10511)
[M::mem_pestat] analyzing insert size distribution for orientation FR...
[M::mem_pestat] (25, 50, 75) percentile: (273, 351, 450)
[M::mem_pestat] low and high boundaries for computing mean and std.dev: (1, 804)
[M::mem_pestat] mean and std.dev: (363.06, 133.15)
[M::mem_pestat] low and high boundaries for proper pairs: (1, 981)
[M::mem_pestat] analyzing insert size distribution for orientation RF...
[M::mem_pestat] (25, 50, 75) percentile: (355, 1562, 4482)
[M::mem_pestat] low and high boundaries for computing mean and std.dev: (1, 12736)
[M::mem_pestat] mean and std.dev: (2723.48, 2892.34)
[M::mem_pestat] low and high boundaries for proper pairs: (1, 16863)
[M::mem_pestat] analyzing insert size distribution for orientation RR...
[M::mem_pestat] (25, 50, 75) percentile: (237, 456, 3141)
[M::mem_pestat] low and high boundaries for computing mean and std.dev: (1, 8949)
[M::mem_pestat] mean and std.dev: (1526.33, 1872.18)
[M::mem_pestat] low and high boundaries for proper pairs: (1, 11853)
[M::mem_pestat] skip orientation FF
[M::mem_pestat] skip orientation RF
[M::mem_pestat] skip orientation RR
[M::process] read 1066668 sequences (160000200 bp)...
[M::mem_process_seqs] Processed 1066668 reads in 844.528 CPU sec, 54.453 real sec
[M::mem_pestat] # candidate unique pairs for (FF, FR, RF, RR): (42, 217480, 97, 37)
[M::mem_pestat] analyzing insert size distribution for orientation FF...
[M::mem_pestat] (25, 50, 75) percentile: (239, 368, 1437)
[M::mem_pestat] low and high boundaries for computing mean and std.dev: (1, 3833)
[M::mem_pestat] mean and std.dev: (784.18, 921.89)
[M::mem_pestat] low and high boundaries for proper pairs: (1, 5031)
[M::mem_pestat] analyzing insert size distribution for orientation FR...
[M::mem_pestat] (25, 50, 75) percentile: (273, 352, 449)
[M::mem_pestat] low and high boundaries for computing mean and std.dev: (1, 801)
[M::mem_pestat] mean and std.dev: (362.17, 132.87)
[M::mem_pestat] low and high boundaries for proper pairs: (1, 977)
[M::mem_pestat] analyzing insert size distribution for orientation RF...
[M::mem_pestat] (25, 50, 75) percentile: (200, 688, 3937)
[M::mem_pestat] low and high boundaries for computing mean and std.dev: (1, 11411)
[M::mem_pestat] mean and std.dev: (2452.72, 2974.69)
[M::mem_pestat] low and high boundaries for proper pairs: (1, 15148)
[M::mem_pestat] analyzing insert size distribution for orientation RR...
[M::mem_pestat] (25, 50, 75) percentile: (331, 728, 1522)
[M::mem_pestat] low and high boundaries for computing mean and std.dev: (1, 3904)
[M::mem_pestat] mean and std.dev: (701.44, 548.28)
[M::mem_pestat] low and high boundaries for proper pairs: (1, 5095)
[M::mem_pestat] skip orientation FF
[M::mem_pestat] skip orientation RF
[M::mem_pestat] skip orientation RR
[M::process] read 1066668 sequences (160000200 bp)...
[M::mem_process_seqs] Processed 1066668 reads in 838.106 CPU sec, 54.226 real sec
[M::mem_pestat] # candidate unique pairs for (FF, FR, RF, RR): (31, 218095, 86, 43)
[M::mem_pestat] analyzing insert size distribution for orientation FF...
[M::mem_pestat] (25, 50, 75) percentile: (234, 1248, 3140)
[M::mem_pestat] low and high boundaries for computing mean and std.dev: (1, 8952)
[M::mem_pestat] mean and std.dev: (2194.71, 2581.27)
[M::mem_pestat] low and high boundaries for proper pairs: (1, 12520)
[M::mem_pestat] analyzing insert size distribution for orientation FR...
[M::mem_pestat] (25, 50, 75) percentile: (278, 358, 455)
[M::mem_pestat] low and high boundaries for computing mean and std.dev: (1, 809)
[M::mem_pestat] mean and std.dev: (367.26, 133.37)
[M::mem_pestat] low and high boundaries for proper pairs: (1, 986)
[M::mem_pestat] analyzing insert size distribution for orientation RF...
[M::mem_pestat] (25, 50, 75) percentile: (268, 1277, 4812)
[M::mem_pestat] low and high boundaries for computing mean and std.dev: (1, 13900)
[M::mem_pestat] mean and std.dev: (2555.14, 2652.69)
[M::mem_pestat] low and high boundaries for proper pairs: (1, 18444)
[M::mem_pestat] analyzing insert size distribution for orientation RR...
[M::mem_pestat] (25, 50, 75) percentile: (263, 636, 2361)
[M::mem_pestat] low and high boundaries for computing mean and std.dev: (1, 6557)
[M::mem_pestat] mean and std.dev: (1311.14, 1592.86)
[M::mem_pestat] low and high boundaries for proper pairs: (1, 8655)
[M::mem_pestat] skip orientation FF
[M::mem_pestat] skip orientation RF
[M::mem_pestat] skip orientation RR
[M::process] read 1066668 sequences (160000200 bp)...
[M::mem_process_seqs] Processed 1066668 reads in 813.094 CPU sec, 52.447 real sec
[M::mem_pestat] # candidate unique pairs for (FF, FR, RF, RR): (39, 219010, 79, 28)
[M::mem_pestat] analyzing insert size distribution for orientation FF...
[M::mem_pestat] (25, 50, 75) percentile: (509, 1227, 2879)
[M::mem_pestat] low and high boundaries for computing mean and std.dev: (1, 7619)
[M::mem_pestat] mean and std.dev: (1954.39, 2022.01)
[M::mem_pestat] low and high boundaries for proper pairs: (1, 10042)
[M::mem_pestat] analyzing insert size distribution for orientation FR...
[M::mem_pestat] (25, 50, 75) percentile: (274, 351, 446)
[M::mem_pestat] low and high boundaries for computing mean and std.dev: (1, 790)
[M::mem_pestat] mean and std.dev: (360.41, 130.14)
[M::mem_pestat] low and high boundaries for proper pairs: (1, 962)
[M::mem_pestat] analyzing insert size distribution for orientation RF...
[M::mem_pestat] (25, 50, 75) percentile: (194, 849, 5211)
[M::mem_pestat] low and high boundaries for computing mean and std.dev: (1, 15245)
[M::mem_pestat] mean and std.dev: (2574.00, 3199.45)
[M::mem_pestat] low and high boundaries for proper pairs: (1, 20262)
[M::mem_pestat] analyzing insert size distribution for orientation RR...
[M::mem_pestat] (25, 50, 75) percentile: (214, 334, 441)
[M::mem_pestat] low and high boundaries for computing mean and std.dev: (1, 895)
[M::mem_pestat] mean and std.dev: (285.50, 118.16)
[M::mem_pestat] low and high boundaries for proper pairs: (1, 1122)
[M::mem_pestat] skip orientation FF
[M::mem_pestat] skip orientation RF
[M::mem_pestat] skip orientation RR
[M::process] read 1066668 sequences (160000200 bp)...
[M::mem_process_seqs] Processed 1066668 reads in 817.181 CPU sec, 52.694 real sec
[M::mem_pestat] # candidate unique pairs for (FF, FR, RF, RR): (36, 218176, 101, 29)
[M::mem_pestat] analyzing insert size distribution for orientation FF...
[M::mem_pestat] (25, 50, 75) percentile: (248, 511, 1786)
[M::mem_pestat] low and high boundaries for computing mean and std.dev: (1, 4862)
[M::mem_pestat] mean and std.dev: (894.56, 1129.29)
[M::mem_pestat] low and high boundaries for proper pairs: (1, 6400)
[M::mem_pestat] analyzing insert size distribution for orientation FR...
[M::mem_pestat] (25, 50, 75) percentile: (277, 358, 458)
[M::mem_pestat] low and high boundaries for computing mean and std.dev: (1, 820)
[M::mem_pestat] mean and std.dev: (368.76, 136.01)
[M::mem_pestat] low and high boundaries for proper pairs: (1, 1001)
[M::mem_pestat] analyzing insert size distribution for orientation RF...
[M::mem_pestat] (25, 50, 75) percentile: (198, 991, 4899)
[M::mem_pestat] low and high boundaries for computing mean and std.dev: (1, 14301)
[M::mem_pestat] mean and std.dev: (2469.94, 2749.10)
[M::mem_pestat] low and high boundaries for proper pairs: (1, 19002)
[M::mem_pestat] analyzing insert size distribution for orientation RR...
[M::mem_pestat] (25, 50, 75) percentile: (276, 531, 722)
[M::mem_pestat] low and high boundaries for computing mean and std.dev: (1, 1614)
[M::mem_pestat] mean and std.dev: (400.29, 223.70)
[M::mem_pestat] low and high boundaries for proper pairs: (1, 2060)
[M::mem_pestat] skip orientation FF
[M::mem_pestat] skip orientation RF
[M::mem_pestat] skip orientation RR
[M::process] read 1066668 sequences (160000200 bp)...
[M::mem_process_seqs] Processed 1066668 reads in 827.497 CPU sec, 53.411 real sec
[M::mem_pestat] # candidate unique pairs for (FF, FR, RF, RR): (32, 218613, 89, 34)
[M::mem_pestat] analyzing insert size distribution for orientation FF...
[M::mem_pestat] (25, 50, 75) percentile: (258, 704, 1340)
[M::mem_pestat] low and high boundaries for computing mean and std.dev: (1, 3504)
[M::mem_pestat] mean and std.dev: (888.41, 780.56)
[M::mem_pestat] low and high boundaries for proper pairs: (1, 4586)
[M::mem_pestat] analyzing insert size distribution for orientation FR...
[M::mem_pestat] (25, 50, 75) percentile: (275, 354, 452)
[M::mem_pestat] low and high boundaries for computing mean and std.dev: (1, 806)
[M::mem_pestat] mean and std.dev: (364.72, 133.33)
[M::mem_pestat] low and high boundaries for proper pairs: (1, 983)
[M::mem_pestat] analyzing insert size distribution for orientation RF...
[M::mem_pestat] (25, 50, 75) percentile: (317, 1067, 3838)
[M::mem_pestat] low and high boundaries for computing mean and std.dev: (1, 10880)
[M::mem_pestat] mean and std.dev: (2369.00, 2539.35)
[M::mem_pestat] low and high boundaries for proper pairs: (1, 14401)
[M::mem_pestat] analyzing insert size distribution for orientation RR...
[M::mem_pestat] (25, 50, 75) percentile: (205, 639, 1371)
[M::mem_pestat] low and high boundaries for computing mean and std.dev: (1, 3703)
[M::mem_pestat] mean and std.dev: (831.44, 753.66)
[M::mem_pestat] low and high boundaries for proper pairs: (1, 4869)
[M::mem_pestat] skip orientation FF
[M::mem_pestat] skip orientation RF
[M::mem_pestat] skip orientation RR
[M::process] read 1066668 sequences (160000200 bp)...
[M::mem_process_seqs] Processed 1066668 reads in 817.098 CPU sec, 52.512 real sec
[M::mem_pestat] # candidate unique pairs for (FF, FR, RF, RR): (28, 218877, 76, 41)
[M::mem_pestat] analyzing insert size distribution for orientation FF...
[M::mem_pestat] (25, 50, 75) percentile: (293, 398, 1452)
[M::mem_pestat] low and high boundaries for computing mean and std.dev: (1, 3770)
[M::mem_pestat] mean and std.dev: (626.88, 710.61)
[M::mem_pestat] low and high boundaries for proper pairs: (1, 4929)
[M::mem_pestat] analyzing insert size distribution for orientation FR...
[M::mem_pestat] (25, 50, 75) percentile: (274, 353, 450)
[M::mem_pestat] low and high boundaries for computing mean and std.dev: (1, 802)
[M::mem_pestat] mean and std.dev: (363.87, 133.04)
[M::mem_pestat] low and high boundaries for proper pairs: (1, 978)
[M::mem_pestat] analyzing insert size distribution for orientation RF...
[M::mem_pestat] (25, 50, 75) percentile: (580, 1384, 5401)
[M::mem_pestat] low and high boundaries for computing mean and std.dev: (1, 15043)
[M::mem_pestat] mean and std.dev: (2784.95, 3013.87)
[M::mem_pestat] low and high boundaries for proper pairs: (1, 19864)
[M::mem_pestat] analyzing insert size distribution for orientation RR...
[M::mem_pestat] (25, 50, 75) percentile: (325, 567, 1732)
[M::mem_pestat] low and high boundaries for computing mean and std.dev: (1, 4546)
[M::mem_pestat] mean and std.dev: (1162.97, 1216.23)
[M::mem_pestat] low and high boundaries for proper pairs: (1, 6028)
[M::mem_pestat] skip orientation FF
[M::mem_pestat] skip orientation RF
[M::mem_pestat] skip orientation RR
[M::process] read 1066668 sequences (160000200 bp)...
[M::mem_process_seqs] Processed 1066668 reads in 817.533 CPU sec, 52.709 real sec
[M::mem_pestat] # candidate unique pairs for (FF, FR, RF, RR): (28, 217847, 64, 39)
[M::mem_pestat] analyzing insert size distribution for orientation FF...
[M::mem_pestat] (25, 50, 75) percentile: (406, 1016, 2125)
[M::mem_pestat] low and high boundaries for computing mean and std.dev: (1, 5563)
[M::mem_pestat] mean and std.dev: (1071.96, 798.10)
[M::mem_pestat] low and high boundaries for proper pairs: (1, 7282)
[M::mem_pestat] analyzing insert size distribution for orientation FR...
[M::mem_pestat] (25, 50, 75) percentile: (273, 352, 452)
[M::mem_pestat] low and high boundaries for computing mean and std.dev: (1, 810)
[M::mem_pestat] mean and std.dev: (364.12, 134.01)
[M::mem_pestat] low and high boundaries for proper pairs: (1, 989)
[M::mem_pestat] analyzing insert size distribution for orientation RF...
[M::mem_pestat] (25, 50, 75) percentile: (160, 423, 2821)
[M::mem_pestat] low and high boundaries for computing mean and std.dev: (1, 8143)
[M::mem_pestat] mean and std.dev: (1308.16, 1752.35)
[M::mem_pestat] low and high boundaries for proper pairs: (1, 10804)
[M::mem_pestat] analyzing insert size distribution for orientation RR...
[M::mem_pestat] (25, 50, 75) percentile: (293, 461, 1775)
[M::mem_pestat] low and high boundaries for computing mean and std.dev: (1, 4739)
[M::mem_pestat] mean and std.dev: (844.43, 978.36)
[M::mem_pestat] low and high boundaries for proper pairs: (1, 6221)
[M::mem_pestat] skip orientation FF
[M::mem_pestat] skip orientation RF
[M::mem_pestat] skip orientation RR
[M::process] read 1066668 sequences (160000200 bp)...
[M::mem_process_seqs] Processed 1066668 reads in 837.292 CPU sec, 54.049 real sec
[M::mem_pestat] # candidate unique pairs for (FF, FR, RF, RR): (28, 218206, 93, 26)
[M::mem_pestat] analyzing insert size distribution for orientation FF...
[M::mem_pestat] (25, 50, 75) percentile: (277, 501, 956)
[M::mem_pestat] low and high boundaries for computing mean and std.dev: (1, 2314)
[M::mem_pestat] mean and std.dev: (583.31, 438.40)
[M::mem_pestat] low and high boundaries for proper pairs: (1, 2993)
[M::mem_pestat] analyzing insert size distribution for orientation FR...
[M::mem_pestat] (25, 50, 75) percentile: (271, 349, 448)
[M::mem_pestat] low and high boundaries for computing mean and std.dev: (1, 802)
[M::mem_pestat] mean and std.dev: (361.11, 133.76)
[M::mem_pestat] low and high boundaries for proper pairs: (1, 979)
[M::mem_pestat] analyzing insert size distribution for orientation RF...
[M::mem_pestat] (25, 50, 75) percentile: (332, 1369, 6010)
[M::mem_pestat] low and high boundaries for computing mean and std.dev: (1, 17366)
[M::mem_pestat] mean and std.dev: (2860.71, 2874.70)
[M::mem_pestat] low and high boundaries for proper pairs: (1, 23044)
[M::mem_pestat] analyzing insert size distribution for orientation RR...
[M::mem_pestat] (25, 50, 75) percentile: (193, 776, 1742)
[M::mem_pestat] low and high boundaries for computing mean and std.dev: (1, 4840)
[M::mem_pestat] mean and std.dev: (1037.96, 1054.09)
[M::mem_pestat] low and high boundaries for proper pairs: (1, 6389)
[M::mem_pestat] skip orientation FF
[M::mem_pestat] skip orientation RF
[M::mem_pestat] skip orientation RR
[M::process] read 1066668 sequences (160000200 bp)...
[M::mem_process_seqs] Processed 1066668 reads in 844.876 CPU sec, 54.453 real sec
[M::mem_pestat] # candidate unique pairs for (FF, FR, RF, RR): (36, 217322, 82, 23)
[M::mem_pestat] analyzing insert size distribution for orientation FF...
[M::mem_pestat] (25, 50, 75) percentile: (350, 702, 2088)
[M::mem_pestat] low and high boundaries for computing mean and std.dev: (1, 5564)
[M::mem_pestat] mean and std.dev: (866.90, 792.67)
[M::mem_pestat] low and high boundaries for proper pairs: (1, 7302)
[M::mem_pestat] analyzing insert size distribution for orientation FR...
[M::mem_pestat] (25, 50, 75) percentile: (274, 354, 455)
[M::mem_pestat] low and high boundaries for computing mean and std.dev: (1, 817)
[M::mem_pestat] mean and std.dev: (365.74, 135.63)
[M::mem_pestat] low and high boundaries for proper pairs: (1, 998)
[M::mem_pestat] analyzing insert size distribution for orientation RF...
[M::mem_pestat] (25, 50, 75) percentile: (416, 883, 3551)
[M::mem_pestat] low and high boundaries for computing mean and std.dev: (1, 9821)
[M::mem_pestat] mean and std.dev: (2145.75, 2387.46)
[M::mem_pestat] low and high boundaries for proper pairs: (1, 12956)
[M::mem_pestat] analyzing insert size distribution for orientation RR...
[M::mem_pestat] (25, 50, 75) percentile: (252, 339, 778)
[M::mem_pestat] low and high boundaries for computing mean and std.dev: (1, 1830)
[M::mem_pestat] mean and std.dev: (390.05, 229.27)
[M::mem_pestat] low and high boundaries for proper pairs: (1, 2356)
[M::mem_pestat] skip orientation FF
[M::mem_pestat] skip orientation RF
[M::mem_pestat] skip orientation RR
[M::process] read 1066668 sequences (160000200 bp)...
[M::mem_process_seqs] Processed 1066668 reads in 866.685 CPU sec, 56.067 real sec
[M::mem_pestat] # candidate unique pairs for (FF, FR, RF, RR): (45, 215273, 75, 33)
[M::mem_pestat] analyzing insert size distribution for orientation FF...
[M::mem_pestat] (25, 50, 75) percentile: (328, 424, 1360)
[M::mem_pestat] low and high boundaries for computing mean and std.dev: (1, 3424)
[M::mem_pestat] mean and std.dev: (658.55, 623.30)
[M::mem_pestat] low and high boundaries for proper pairs: (1, 4456)
[M::mem_pestat] analyzing insert size distribution for orientation FR...
[M::mem_pestat] (25, 50, 75) percentile: (283, 373, 483)
[M::mem_pestat] low and high boundaries for computing mean and std.dev: (1, 883)
[M::mem_pestat] mean and std.dev: (383.81, 144.72)
[M::mem_pestat] low and high boundaries for proper pairs: (1, 1083)
[M::mem_pestat] analyzing insert size distribution for orientation RF...
[M::mem_pestat] (25, 50, 75) percentile: (427, 3288, 6330)
[M::mem_pestat] low and high boundaries for computing mean and std.dev: (1, 18136)
[M::mem_pestat] mean and std.dev: (3827.36, 3203.87)
[M::mem_pestat] low and high boundaries for proper pairs: (1, 24039)
[M::mem_pestat] analyzing insert size distribution for orientation RR...
[M::mem_pestat] (25, 50, 75) percentile: (274, 581, 1699)
[M::mem_pestat] low and high boundaries for computing mean and std.dev: (1, 4549)
[M::mem_pestat] mean and std.dev: (831.00, 742.10)
[M::mem_pestat] low and high boundaries for proper pairs: (1, 5974)
[M::mem_pestat] skip orientation FF
[M::mem_pestat] skip orientation RF
[M::mem_pestat] skip orientation RR
[M::process] read 1066668 sequences (160000200 bp)...
[M::mem_process_seqs] Processed 1066668 reads in 860.679 CPU sec, 55.662 real sec
[M::mem_pestat] # candidate unique pairs for (FF, FR, RF, RR): (36, 215885, 94, 44)
[M::mem_pestat] analyzing insert size distribution for orientation FF...
[M::mem_pestat] (25, 50, 75) percentile: (407, 528, 999)
[M::mem_pestat] low and high boundaries for computing mean and std.dev: (1, 2183)
[M::mem_pestat] mean and std.dev: (541.65, 366.84)
[M::mem_pestat] low and high boundaries for proper pairs: (1, 2775)
[M::mem_pestat] analyzing insert size distribution for orientation FR...
[M::mem_pestat] (25, 50, 75) percentile: (282, 370, 477)
[M::mem_pestat] low and high boundaries for computing mean and std.dev: (1, 867)
[M::mem_pestat] mean and std.dev: (380.98, 142.78)
[M::mem_pestat] low and high boundaries for proper pairs: (1, 1062)
[M::mem_pestat] analyzing insert size distribution for orientation RF...
[M::mem_pestat] (25, 50, 75) percentile: (102, 685, 2981)
[M::mem_pestat] low and high boundaries for computing mean and std.dev: (1, 8739)
[M::mem_pestat] mean and std.dev: (1911.65, 2411.65)
[M::mem_pestat] low and high boundaries for proper pairs: (1, 11618)
[M::mem_pestat] analyzing insert size distribution for orientation RR...
[M::mem_pestat] (25, 50, 75) percentile: (391, 669, 3497)
[M::mem_pestat] low and high boundaries for computing mean and std.dev: (1, 9709)
[M::mem_pestat] mean and std.dev: (1941.82, 2108.43)
[M::mem_pestat] low and high boundaries for proper pairs: (1, 12815)
[M::mem_pestat] skip orientation FF
[M::mem_pestat] skip orientation RF
[M::mem_pestat] skip orientation RR
[M::process] read 1066668 sequences (160000200 bp)...
[M::mem_process_seqs] Processed 1066668 reads in 858.169 CPU sec, 55.309 real sec
[M::mem_pestat] # candidate unique pairs for (FF, FR, RF, RR): (27, 217131, 92, 42)
[M::mem_pestat] analyzing insert size distribution for orientation FF...
[M::mem_pestat] (25, 50, 75) percentile: (419, 468, 1289)
[M::mem_pestat] low and high boundaries for computing mean and std.dev: (1, 3029)
[M::mem_pestat] mean and std.dev: (561.08, 371.76)
[M::mem_pestat] low and high boundaries for proper pairs: (1, 3899)
[M::mem_pestat] analyzing insert size distribution for orientation FR...
[M::mem_pestat] (25, 50, 75) percentile: (276, 361, 468)
[M::mem_pestat] low and high boundaries for computing mean and std.dev: (1, 852)
[M::mem_pestat] mean and std.dev: (373.65, 141.32)
[M::mem_pestat] low and high boundaries for proper pairs: (1, 1044)
[M::mem_pestat] analyzing insert size distribution for orientation RF...
[M::mem_pestat] (25, 50, 75) percentile: (211, 946, 2936)
[M::mem_pestat] low and high boundaries for computing mean and std.dev: (1, 8386)
[M::mem_pestat] mean and std.dev: (1847.38, 2203.81)
[M::mem_pestat] low and high boundaries for proper pairs: (1, 11111)
[M::mem_pestat] analyzing insert size distribution for orientation RR...
[M::mem_pestat] (25, 50, 75) percentile: (317, 825, 2279)
[M::mem_pestat] low and high boundaries for computing mean and std.dev: (1, 6203)
[M::mem_pestat] mean and std.dev: (1290.68, 1289.93)
[M::mem_pestat] low and high boundaries for proper pairs: (1, 8165)
[M::mem_pestat] skip orientation FF
[M::mem_pestat] skip orientation RF
[M::mem_pestat] skip orientation RR
[M::mem_process_seqs] Processed 1066668 reads in 850.876 CPU sec, 56.159 real sec
[M::process] read 1066668 sequences (160000200 bp)...
[M::mem_pestat] # candidate unique pairs for (FF, FR, RF, RR): (42, 216275, 87, 44)
[M::mem_pestat] analyzing insert size distribution for orientation FF...
[M::mem_pestat] (25, 50, 75) percentile: (358, 1070, 2521)
[M::mem_pestat] low and high boundaries for computing mean and std.dev: (1, 6847)
[M::mem_pestat] mean and std.dev: (1201.39, 951.03)
[M::mem_pestat] low and high boundaries for proper pairs: (1, 9010)
[M::mem_pestat] analyzing insert size distribution for orientation FR...
[M::mem_pestat] (25, 50, 75) percentile: (277, 362, 466)
[M::mem_pestat] low and high boundaries for computing mean and std.dev: (1, 844)
[M::mem_pestat] mean and std.dev: (373.03, 139.92)
[M::mem_pestat] low and high boundaries for proper pairs: (1, 1033)
[M::mem_pestat] analyzing insert size distribution for orientation RF...
[M::mem_pestat] (25, 50, 75) percentile: (327, 1394, 4827)
[M::mem_pestat] low and high boundaries for computing mean and std.dev: (1, 13827)
[M::mem_pestat] mean and std.dev: (2871.82, 3129.15)
[M::mem_pestat] low and high boundaries for proper pairs: (1, 18327)
[M::mem_pestat] analyzing insert size distribution for orientation RR...
[M::mem_pestat] (25, 50, 75) percentile: (290, 374, 683)
[M::mem_pestat] low and high boundaries for computing mean and std.dev: (1, 1469)
[M::mem_pestat] mean and std.dev: (397.67, 256.92)
[M::mem_pestat] low and high boundaries for proper pairs: (1, 1862)
[M::mem_pestat] skip orientation FF
[M::mem_pestat] skip orientation RF
[M::mem_pestat] skip orientation RR
[M::process] read 1066668 sequences (160000200 bp)...
[M::mem_process_seqs] Processed 1066668 reads in 851.028 CPU sec, 54.458 real sec
[M::mem_pestat] # candidate unique pairs for (FF, FR, RF, RR): (40, 217084, 102, 21)
[M::mem_pestat] analyzing insert size distribution for orientation FF...
[M::mem_pestat] (25, 50, 75) percentile: (290, 417, 1114)
[M::mem_pestat] low and high boundaries for computing mean and std.dev: (1, 2762)
[M::mem_pestat] mean and std.dev: (597.70, 505.49)
[M::mem_pestat] low and high boundaries for proper pairs: (1, 3586)
[M::mem_pestat] analyzing insert size distribution for orientation FR...
[M::mem_pestat] (25, 50, 75) percentile: (278, 361, 466)
[M::mem_pestat] low and high boundaries for computing mean and std.dev: (1, 842)
[M::mem_pestat] mean and std.dev: (373.25, 139.36)
[M::mem_pestat] low and high boundaries for proper pairs: (1, 1030)
[M::mem_pestat] analyzing insert size distribution for orientation RF...
[M::mem_pestat] (25, 50, 75) percentile: (226, 871, 3826)
[M::mem_pestat] low and high boundaries for computing mean and std.dev: (1, 11026)
[M::mem_pestat] mean and std.dev: (2434.63, 2945.31)
[M::mem_pestat] low and high boundaries for proper pairs: (1, 14626)
[M::mem_pestat] analyzing insert size distribution for orientation RR...
[M::mem_pestat] (25, 50, 75) percentile: (220, 295, 737)
[M::mem_pestat] low and high boundaries for computing mean and std.dev: (1, 1771)
[M::mem_pestat] mean and std.dev: (460.25, 459.80)
[M::mem_pestat] low and high boundaries for proper pairs: (1, 2299)
[M::mem_pestat] skip orientation FF
[M::mem_pestat] skip orientation RF
[M::mem_pestat] skip orientation RR
[M::process] read 1066668 sequences (160000200 bp)...
[M::mem_process_seqs] Processed 1066668 reads in 852.202 CPU sec, 55.019 real sec
[M::mem_pestat] # candidate unique pairs for (FF, FR, RF, RR): (29, 217149, 95, 14)
[M::mem_pestat] analyzing insert size distribution for orientation FF...
[M::mem_pestat] (25, 50, 75) percentile: (334, 488, 1733)
[M::mem_pestat] low and high boundaries for computing mean and std.dev: (1, 4531)
[M::mem_pestat] mean and std.dev: (1220.07, 1313.62)
[M::mem_pestat] low and high boundaries for proper pairs: (1, 6475)
[M::mem_pestat] analyzing insert size distribution for orientation FR...
[M::mem_pestat] (25, 50, 75) percentile: (279, 361, 465)
[M::mem_pestat] low and high boundaries for computing mean and std.dev: (1, 837)
[M::mem_pestat] mean and std.dev: (373.33, 138.48)
[M::mem_pestat] low and high boundaries for proper pairs: (1, 1023)
[M::mem_pestat] analyzing insert size distribution for orientation RF...
[M::mem_pestat] (25, 50, 75) percentile: (190, 1002, 3500)
[M::mem_pestat] low and high boundaries for computing mean and std.dev: (1, 10120)
[M::mem_pestat] mean and std.dev: (2336.40, 2688.67)
[M::mem_pestat] low and high boundaries for proper pairs: (1, 13430)
[M::mem_pestat] analyzing insert size distribution for orientation RR...
[M::mem_pestat] (25, 50, 75) percentile: (179, 415, 800)
[M::mem_pestat] low and high boundaries for computing mean and std.dev: (1, 2042)
[M::mem_pestat] mean and std.dev: (481.08, 324.51)
[M::mem_pestat] low and high boundaries for proper pairs: (1, 2663)
[M::mem_pestat] skip orientation FF
[M::mem_pestat] skip orientation RF
[M::mem_pestat] skip orientation RR
[M::process] read 1066668 sequences (160000200 bp)...
[M::mem_process_seqs] Processed 1066668 reads in 858.499 CPU sec, 55.392 real sec
[M::mem_pestat] # candidate unique pairs for (FF, FR, RF, RR): (38, 217284, 73, 33)
[M::mem_pestat] analyzing insert size distribution for orientation FF...
[M::mem_pestat] (25, 50, 75) percentile: (282, 678, 2005)
[M::mem_pestat] low and high boundaries for computing mean and std.dev: (1, 5451)
[M::mem_pestat] mean and std.dev: (959.09, 1093.79)
[M::mem_pestat] low and high boundaries for proper pairs: (1, 7174)
[M::mem_pestat] analyzing insert size distribution for orientation FR...
[M::mem_pestat] (25, 50, 75) percentile: (277, 359, 462)
[M::mem_pestat] low and high boundaries for computing mean and std.dev: (1, 832)
[M::mem_pestat] mean and std.dev: (371.56, 137.73)
[M::mem_pestat] low and high boundaries for proper pairs: (1, 1017)
[M::mem_pestat] analyzing insert size distribution for orientation RF...
[M::mem_pestat] (25, 50, 75) percentile: (282, 796, 3351)
[M::mem_pestat] low and high boundaries for computing mean and std.dev: (1, 9489)
[M::mem_pestat] mean and std.dev: (2153.53, 2765.38)
[M::mem_pestat] low and high boundaries for proper pairs: (1, 13215)
[M::mem_pestat] analyzing insert size distribution for orientation RR...
[M::mem_pestat] (25, 50, 75) percentile: (192, 367, 822)
[M::mem_pestat] low and high boundaries for computing mean and std.dev: (1, 2082)
[M::mem_pestat] mean and std.dev: (499.45, 484.81)
[M::mem_pestat] low and high boundaries for proper pairs: (1, 2712)
[M::mem_pestat] skip orientation FF
[M::mem_pestat] skip orientation RF
[M::mem_pestat] skip orientation RR
[M::process] read 1066668 sequences (160000200 bp)...
[M::mem_process_seqs] Processed 1066668 reads in 855.739 CPU sec, 55.226 real sec
[M::mem_pestat] # candidate unique pairs for (FF, FR, RF, RR): (45, 216801, 79, 40)
[M::mem_pestat] analyzing insert size distribution for orientation FF...
[M::mem_pestat] (25, 50, 75) percentile: (424, 1068, 3457)
[M::mem_pestat] low and high boundaries for computing mean and std.dev: (1, 9523)
[M::mem_pestat] mean and std.dev: (1953.51, 1961.34)
[M::mem_pestat] low and high boundaries for proper pairs: (1, 12556)
[M::mem_pestat] analyzing insert size distribution for orientation FR...
[M::mem_pestat] (25, 50, 75) percentile: (276, 359, 467)
[M::mem_pestat] low and high boundaries for computing mean and std.dev: (1, 849)
[M::mem_pestat] mean and std.dev: (373.02, 141.62)
[M::mem_pestat] low and high boundaries for proper pairs: (1, 1040)
[M::mem_pestat] analyzing insert size distribution for orientation RF...
[M::mem_pestat] (25, 50, 75) percentile: (360, 1591, 6341)
[M::mem_pestat] low and high boundaries for computing mean and std.dev: (1, 18303)
[M::mem_pestat] mean and std.dev: (2883.34, 2965.64)
[M::mem_pestat] low and high boundaries for proper pairs: (1, 24284)
[M::mem_pestat] analyzing insert size distribution for orientation RR...
[M::mem_pestat] (25, 50, 75) percentile: (357, 841, 1410)
[M::mem_pestat] low and high boundaries for computing mean and std.dev: (1, 3516)
[M::mem_pestat] mean and std.dev: (802.89, 676.99)
[M::mem_pestat] low and high boundaries for proper pairs: (1, 4569)
[M::mem_pestat] skip orientation FF
[M::mem_pestat] skip orientation RF
[M::mem_pestat] skip orientation RR
[M::process] read 1066668 sequences (160000200 bp)...
[M::mem_process_seqs] Processed 1066668 reads in 867.230 CPU sec, 56.001 real sec
[M::mem_pestat] # candidate unique pairs for (FF, FR, RF, RR): (28, 215291, 86, 27)
[M::mem_pestat] analyzing insert size distribution for orientation FF...
[M::mem_pestat] (25, 50, 75) percentile: (252, 848, 2627)
[M::mem_pestat] low and high boundaries for computing mean and std.dev: (1, 7377)
[M::mem_pestat] mean and std.dev: (1011.29, 1389.25)
[M::mem_pestat] low and high boundaries for proper pairs: (1, 9752)
[M::mem_pestat] analyzing insert size distribution for orientation FR...
[M::mem_pestat] (25, 50, 75) percentile: (275, 363, 475)
[M::mem_pestat] low and high boundaries for computing mean and std.dev: (1, 875)
[M::mem_pestat] mean and std.dev: (376.69, 145.64)
[M::mem_pestat] low and high boundaries for proper pairs: (1, 1075)
[M::mem_pestat] analyzing insert size distribution for orientation RF...
[M::mem_pestat] (25, 50, 75) percentile: (181, 1061, 5370)
[M::mem_pestat] low and high boundaries for computing mean and std.dev: (1, 15748)
[M::mem_pestat] mean and std.dev: (2478.90, 3058.24)
[M::mem_pestat] low and high boundaries for proper pairs: (1, 20937)
[M::mem_pestat] analyzing insert size distribution for orientation RR...
[M::mem_pestat] (25, 50, 75) percentile: (377, 686, 1645)
[M::mem_pestat] low and high boundaries for computing mean and std.dev: (1, 4181)
[M::mem_pestat] mean and std.dev: (795.58, 647.76)
[M::mem_pestat] low and high boundaries for proper pairs: (1, 5449)
[M::mem_pestat] skip orientation FF
[M::mem_pestat] skip orientation RF
[M::mem_pestat] skip orientation RR
[M::process] read 1066668 sequences (160000200 bp)...
[M::mem_process_seqs] Processed 1066668 reads in 853.904 CPU sec, 55.067 real sec
[M::mem_pestat] # candidate unique pairs for (FF, FR, RF, RR): (31, 215686, 81, 23)
[M::mem_pestat] analyzing insert size distribution for orientation FF...
[M::mem_pestat] (25, 50, 75) percentile: (503, 646, 1411)
[M::mem_pestat] low and high boundaries for computing mean and std.dev: (1, 3227)
[M::mem_pestat] mean and std.dev: (873.57, 580.33)
[M::mem_pestat] low and high boundaries for proper pairs: (1, 4135)
[M::mem_pestat] analyzing insert size distribution for orientation FR...
[M::mem_pestat] (25, 50, 75) percentile: (275, 362, 473)
[M::mem_pestat] low and high boundaries for computing mean and std.dev: (1, 869)
[M::mem_pestat] mean and std.dev: (375.33, 144.61)
[M::mem_pestat] low and high boundaries for proper pairs: (1, 1067)
[M::mem_pestat] analyzing insert size distribution for orientation RF...
[M::mem_pestat] (25, 50, 75) percentile: (285, 1166, 5510)
[M::mem_pestat] low and high boundaries for computing mean and std.dev: (1, 15960)
[M::mem_pestat] mean and std.dev: (2917.04, 3238.81)
[M::mem_pestat] low and high boundaries for proper pairs: (1, 21185)
[M::mem_pestat] analyzing insert size distribution for orientation RR...
[M::mem_pestat] (25, 50, 75) percentile: (355, 566, 2113)
[M::mem_pestat] low and high boundaries for computing mean and std.dev: (1, 5629)
[M::mem_pestat] mean and std.dev: (1384.32, 1732.45)
[M::mem_pestat] low and high boundaries for proper pairs: (1, 8314)
[M::mem_pestat] skip orientation FF
[M::mem_pestat] skip orientation RF
[M::mem_pestat] skip orientation RR
[M::process] read 1066668 sequences (160000200 bp)...
[M::mem_process_seqs] Processed 1066668 reads in 861.360 CPU sec, 55.495 real sec
[M::mem_pestat] # candidate unique pairs for (FF, FR, RF, RR): (52, 216152, 103, 36)
[M::mem_pestat] analyzing insert size distribution for orientation FF...
[M::mem_pestat] (25, 50, 75) percentile: (335, 682, 1189)
[M::mem_pestat] low and high boundaries for computing mean and std.dev: (1, 2897)
[M::mem_pestat] mean and std.dev: (781.37, 639.66)
[M::mem_pestat] low and high boundaries for proper pairs: (1, 3751)
[M::mem_pestat] analyzing insert size distribution for orientation FR...
[M::mem_pestat] (25, 50, 75) percentile: (276, 363, 472)
[M::mem_pestat] low and high boundaries for computing mean and std.dev: (1, 864)
[M::mem_pestat] mean and std.dev: (375.73, 143.70)
[M::mem_pestat] low and high boundaries for proper pairs: (1, 1060)
[M::mem_pestat] analyzing insert size distribution for orientation RF...
[M::mem_pestat] (25, 50, 75) percentile: (286, 666, 3932)
[M::mem_pestat] low and high boundaries for computing mean and std.dev: (1, 11224)
[M::mem_pestat] mean and std.dev: (2286.72, 2870.81)
[M::mem_pestat] low and high boundaries for proper pairs: (1, 14870)
[M::mem_pestat] analyzing insert size distribution for orientation RR...
[M::mem_pestat] (25, 50, 75) percentile: (213, 332, 718)
[M::mem_pestat] low and high boundaries for computing mean and std.dev: (1, 1728)
[M::mem_pestat] mean and std.dev: (367.90, 291.18)
[M::mem_pestat] low and high boundaries for proper pairs: (1, 2233)
[M::mem_pestat] skip orientation FF
[M::mem_pestat] skip orientation RF
[M::mem_pestat] skip orientation RR
[M::process] read 1066668 sequences (160000200 bp)...
[M::mem_process_seqs] Processed 1066668 reads in 856.238 CPU sec, 55.368 real sec
[M::mem_pestat] # candidate unique pairs for (FF, FR, RF, RR): (25, 216364, 88, 26)
[M::mem_pestat] analyzing insert size distribution for orientation FF...
[M::mem_pestat] (25, 50, 75) percentile: (278, 441, 1556)
[M::mem_pestat] low and high boundaries for computing mean and std.dev: (1, 4112)
[M::mem_pestat] mean and std.dev: (580.81, 511.70)
[M::mem_pestat] low and high boundaries for proper pairs: (1, 5390)
[M::mem_pestat] analyzing insert size distribution for orientation FR...
[M::mem_pestat] (25, 50, 75) percentile: (278, 364, 474)
[M::mem_pestat] low and high boundaries for computing mean and std.dev: (1, 866)
[M::mem_pestat] mean and std.dev: (377.02, 143.27)
[M::mem_pestat] low and high boundaries for proper pairs: (1, 1062)
[M::mem_pestat] analyzing insert size distribution for orientation RF...
[M::mem_pestat] (25, 50, 75) percentile: (189, 616, 4617)
[M::mem_pestat] low and high boundaries for computing mean and std.dev: (1, 13473)
[M::mem_pestat] mean and std.dev: (2282.90, 3064.67)
[M::mem_pestat] low and high boundaries for proper pairs: (1, 17901)
[M::mem_pestat] analyzing insert size distribution for orientation RR...
[M::mem_pestat] (25, 50, 75) percentile: (369, 1102, 1855)
[M::mem_pestat] low and high boundaries for computing mean and std.dev: (1, 4827)
[M::mem_pestat] mean and std.dev: (1275.92, 1113.66)
[M::mem_pestat] low and high boundaries for proper pairs: (1, 6313)
[M::mem_pestat] skip orientation FF
[M::mem_pestat] skip orientation RF
[M::mem_pestat] skip orientation RR
[M::process] read 1066668 sequences (160000200 bp)...
[M::mem_process_seqs] Processed 1066668 reads in 864.208 CPU sec, 55.612 real sec
[M::mem_pestat] # candidate unique pairs for (FF, FR, RF, RR): (41, 217443, 69, 33)
[M::mem_pestat] analyzing insert size distribution for orientation FF...
[M::mem_pestat] (25, 50, 75) percentile: (323, 715, 6571)
[M::mem_pestat] low and high boundaries for computing mean and std.dev: (1, 19067)
[M::mem_pestat] mean and std.dev: (2881.83, 3250.88)
[M::mem_pestat] low and high boundaries for proper pairs: (1, 25315)
[M::mem_pestat] analyzing insert size distribution for orientation FR...
[M::mem_pestat] (25, 50, 75) percentile: (283, 370, 480)
[M::mem_pestat] low and high boundaries for computing mean and std.dev: (1, 874)
[M::mem_pestat] mean and std.dev: (382.95, 145.03)
[M::mem_pestat] low and high boundaries for proper pairs: (1, 1071)
[M::mem_pestat] analyzing insert size distribution for orientation RF...
[M::mem_pestat] (25, 50, 75) percentile: (252, 1106, 5076)
[M::mem_pestat] low and high boundaries for computing mean and std.dev: (1, 14724)
[M::mem_pestat] mean and std.dev: (2848.61, 3363.37)
[M::mem_pestat] low and high boundaries for proper pairs: (1, 19548)
[M::mem_pestat] analyzing insert size distribution for orientation RR...
[M::mem_pestat] (25, 50, 75) percentile: (387, 1173, 5991)
[M::mem_pestat] low and high boundaries for computing mean and std.dev: (1, 17199)
[M::mem_pestat] mean and std.dev: (2759.06, 3149.32)
[M::mem_pestat] low and high boundaries for proper pairs: (1, 22803)
[M::mem_pestat] skip orientation FF
[M::mem_pestat] skip orientation RF
[M::mem_pestat] skip orientation RR
[M::process] read 1066668 sequences (160000200 bp)...
[M::mem_process_seqs] Processed 1066668 reads in 858.117 CPU sec, 55.377 real sec
[M::mem_pestat] # candidate unique pairs for (FF, FR, RF, RR): (48, 217841, 105, 30)
[M::mem_pestat] analyzing insert size distribution for orientation FF...
[M::mem_pestat] (25, 50, 75) percentile: (327, 867, 1492)
[M::mem_pestat] low and high boundaries for computing mean and std.dev: (1, 3822)
[M::mem_pestat] mean and std.dev: (944.29, 715.29)
[M::mem_pestat] low and high boundaries for proper pairs: (1, 4987)
[M::mem_pestat] analyzing insert size distribution for orientation FR...
[M::mem_pestat] (25, 50, 75) percentile: (279, 363, 472)
[M::mem_pestat] low and high boundaries for computing mean and std.dev: (1, 858)
[M::mem_pestat] mean and std.dev: (377.17, 142.12)
[M::mem_pestat] low and high boundaries for proper pairs: (1, 1051)
[M::mem_pestat] analyzing insert size distribution for orientation RF...
[M::mem_pestat] (25, 50, 75) percentile: (395, 956, 5521)
[M::mem_pestat] low and high boundaries for computing mean and std.dev: (1, 15773)
[M::mem_pestat] mean and std.dev: (2740.62, 2983.20)
[M::mem_pestat] low and high boundaries for proper pairs: (1, 20899)
[M::mem_pestat] analyzing insert size distribution for orientation RR...
[M::mem_pestat] (25, 50, 75) percentile: (332, 534, 2443)
[M::mem_pestat] low and high boundaries for computing mean and std.dev: (1, 6665)
[M::mem_pestat] mean and std.dev: (1320.28, 1628.58)
[M::mem_pestat] low and high boundaries for proper pairs: (1, 8776)
[M::mem_pestat] skip orientation FF
[M::mem_pestat] skip orientation RF
[M::mem_pestat] skip orientation RR
[M::process] read 1066668 sequences (160000200 bp)...
[M::mem_process_seqs] Processed 1066668 reads in 850.180 CPU sec, 54.915 real sec
[M::mem_pestat] # candidate unique pairs for (FF, FR, RF, RR): (35, 216896, 81, 41)
[M::mem_pestat] analyzing insert size distribution for orientation FF...
[M::mem_pestat] (25, 50, 75) percentile: (360, 861, 2217)
[M::mem_pestat] low and high boundaries for computing mean and std.dev: (1, 5931)
[M::mem_pestat] mean and std.dev: (1165.40, 1194.55)
[M::mem_pestat] low and high boundaries for proper pairs: (1, 7788)
[M::mem_pestat] analyzing insert size distribution for orientation FR...
[M::mem_pestat] (25, 50, 75) percentile: (278, 362, 470)
[M::mem_pestat] low and high boundaries for computing mean and std.dev: (1, 854)
[M::mem_pestat] mean and std.dev: (376.29, 142.07)
[M::mem_pestat] low and high boundaries for proper pairs: (1, 1046)
[M::mem_pestat] analyzing insert size distribution for orientation RF...
[M::mem_pestat] (25, 50, 75) percentile: (271, 877, 3586)
[M::mem_pestat] low and high boundaries for computing mean and std.dev: (1, 10216)
[M::mem_pestat] mean and std.dev: (2154.15, 2655.06)
[M::mem_pestat] low and high boundaries for proper pairs: (1, 13531)
[M::mem_pestat] analyzing insert size distribution for orientation RR...
[M::mem_pestat] (25, 50, 75) percentile: (445, 639, 2029)
[M::mem_pestat] low and high boundaries for computing mean and std.dev: (1, 5197)
[M::mem_pestat] mean and std.dev: (1010.21, 883.31)
[M::mem_pestat] low and high boundaries for proper pairs: (1, 6781)
[M::mem_pestat] skip orientation FF
[M::mem_pestat] skip orientation RF
[M::mem_pestat] skip orientation RR
[M::process] read 1066668 sequences (160000200 bp)...
[M::mem_process_seqs] Processed 1066668 reads in 853.010 CPU sec, 55.212 real sec
[M::mem_pestat] # candidate unique pairs for (FF, FR, RF, RR): (36, 215690, 78, 36)
[M::mem_pestat] analyzing insert size distribution for orientation FF...
[M::mem_pestat] (25, 50, 75) percentile: (197, 475, 1192)
[M::mem_pestat] low and high boundaries for computing mean and std.dev: (1, 3182)
[M::mem_pestat] mean and std.dev: (587.97, 502.88)
[M::mem_pestat] low and high boundaries for proper pairs: (1, 4177)
[M::mem_pestat] analyzing insert size distribution for orientation FR...
[M::mem_pestat] (25, 50, 75) percentile: (271, 356, 467)
[M::mem_pestat] low and high boundaries for computing mean and std.dev: (1, 859)
[M::mem_pestat] mean and std.dev: (370.96, 143.85)
[M::mem_pestat] low and high boundaries for proper pairs: (1, 1055)
[M::mem_pestat] analyzing insert size distribution for orientation RF...
[M::mem_pestat] (25, 50, 75) percentile: (314, 1670, 4207)
[M::mem_pestat] low and high boundaries for computing mean and std.dev: (1, 11993)
[M::mem_pestat] mean and std.dev: (2871.09, 3213.35)
[M::mem_pestat] low and high boundaries for proper pairs: (1, 15886)
[M::mem_pestat] analyzing insert size distribution for orientation RR...
[M::mem_pestat] (25, 50, 75) percentile: (466, 997, 1969)
[M::mem_pestat] low and high boundaries for computing mean and std.dev: (1, 4975)
[M::mem_pestat] mean and std.dev: (1356.83, 1302.32)
[M::mem_pestat] low and high boundaries for proper pairs: (1, 6566)
[M::mem_pestat] skip orientation FF
[M::mem_pestat] skip orientation RF
[M::mem_pestat] skip orientation RR
[M::process] read 1066668 sequences (160000200 bp)...
[M::mem_process_seqs] Processed 1066668 reads in 859.951 CPU sec, 55.601 real sec
[M::mem_pestat] # candidate unique pairs for (FF, FR, RF, RR): (30, 214301, 85, 42)
[M::mem_pestat] analyzing insert size distribution for orientation FF...
[M::mem_pestat] (25, 50, 75) percentile: (359, 741, 940)
[M::mem_pestat] low and high boundaries for computing mean and std.dev: (1, 2102)
[M::mem_pestat] mean and std.dev: (659.36, 427.03)
[M::mem_pestat] low and high boundaries for proper pairs: (1, 2683)
[M::mem_pestat] analyzing insert size distribution for orientation FR...
[M::mem_pestat] (25, 50, 75) percentile: (273, 360, 473)
[M::mem_pestat] low and high boundaries for computing mean and std.dev: (1, 873)
[M::mem_pestat] mean and std.dev: (374.79, 145.56)
[M::mem_pestat] low and high boundaries for proper pairs: (1, 1073)
[M::mem_pestat] analyzing insert size distribution for orientation RF...
[M::mem_pestat] (25, 50, 75) percentile: (237, 823, 4443)
[M::mem_pestat] low and high boundaries for computing mean and std.dev: (1, 12855)
[M::mem_pestat] mean and std.dev: (2513.76, 2942.42)
[M::mem_pestat] low and high boundaries for proper pairs: (1, 17061)
[M::mem_pestat] analyzing insert size distribution for orientation RR...
[M::mem_pestat] (25, 50, 75) percentile: (296, 688, 1562)
[M::mem_pestat] low and high boundaries for computing mean and std.dev: (1, 4094)
[M::mem_pestat] mean and std.dev: (926.16, 956.92)
[M::mem_pestat] low and high boundaries for proper pairs: (1, 5360)
[M::mem_pestat] skip orientation FF
[M::mem_pestat] skip orientation RF
[M::mem_pestat] skip orientation RR
[M::process] read 1066668 sequences (160000200 bp)...
[M::mem_process_seqs] Processed 1066668 reads in 864.147 CPU sec, 55.813 real sec
[M::mem_pestat] # candidate unique pairs for (FF, FR, RF, RR): (34, 214564, 92, 43)
[M::mem_pestat] analyzing insert size distribution for orientation FF...
[M::mem_pestat] (25, 50, 75) percentile: (406, 909, 3057)
[M::mem_pestat] low and high boundaries for computing mean and std.dev: (1, 8359)
[M::mem_pestat] mean and std.dev: (1306.70, 1361.53)
[M::mem_pestat] low and high boundaries for proper pairs: (1, 11010)
[M::mem_pestat] analyzing insert size distribution for orientation FR...
[M::mem_pestat] (25, 50, 75) percentile: (271, 355, 465)
[M::mem_pestat] low and high boundaries for computing mean and std.dev: (1, 853)
[M::mem_pestat] mean and std.dev: (369.50, 142.96)
[M::mem_pestat] low and high boundaries for proper pairs: (1, 1047)
[M::mem_pestat] analyzing insert size distribution for orientation RF...
[M::mem_pestat] (25, 50, 75) percentile: (412, 2000, 5335)
[M::mem_pestat] low and high boundaries for computing mean and std.dev: (1, 15181)
[M::mem_pestat] mean and std.dev: (3130.04, 3160.36)
[M::mem_pestat] low and high boundaries for proper pairs: (1, 20104)
[M::mem_pestat] analyzing insert size distribution for orientation RR...
[M::mem_pestat] (25, 50, 75) percentile: (308, 492, 604)
[M::mem_pestat] low and high boundaries for computing mean and std.dev: (1, 1196)
[M::mem_pestat] mean and std.dev: (425.10, 234.08)
[M::mem_pestat] low and high boundaries for proper pairs: (1, 1492)
[M::mem_pestat] skip orientation FF
[M::mem_pestat] skip orientation RF
[M::mem_pestat] skip orientation RR
[M::process] read 1066668 sequences (160000200 bp)...
[M::mem_process_seqs] Processed 1066668 reads in 859.770 CPU sec, 55.511 real sec
[M::mem_pestat] # candidate unique pairs for (FF, FR, RF, RR): (32, 215985, 80, 30)
[M::mem_pestat] analyzing insert size distribution for orientation FF...
[M::mem_pestat] (25, 50, 75) percentile: (266, 662, 945)
[M::mem_pestat] low and high boundaries for computing mean and std.dev: (1, 2303)
[M::mem_pestat] mean and std.dev: (532.76, 325.07)
[M::mem_pestat] low and high boundaries for proper pairs: (1, 2982)
[M::mem_pestat] analyzing insert size distribution for orientation FR...
[M::mem_pestat] (25, 50, 75) percentile: (271, 355, 464)
[M::mem_pestat] low and high boundaries for computing mean and std.dev: (1, 850)
[M::mem_pestat] mean and std.dev: (369.17, 142.12)
[M::mem_pestat] low and high boundaries for proper pairs: (1, 1043)
[M::mem_pestat] analyzing insert size distribution for orientation RF...
[M::mem_pestat] (25, 50, 75) percentile: (131, 485, 4440)
[M::mem_pestat] low and high boundaries for computing mean and std.dev: (1, 13058)
[M::mem_pestat] mean and std.dev: (2221.62, 2982.55)
[M::mem_pestat] low and high boundaries for proper pairs: (1, 17367)
[M::mem_pestat] analyzing insert size distribution for orientation RR...
[M::mem_pestat] (25, 50, 75) percentile: (372, 494, 2583)
[M::mem_pestat] low and high boundaries for computing mean and std.dev: (1, 7005)
[M::mem_pestat] mean and std.dev: (1465.52, 1818.07)
[M::mem_pestat] low and high boundaries for proper pairs: (1, 9216)
[M::mem_pestat] skip orientation FF
[M::mem_pestat] skip orientation RF
[M::mem_pestat] skip orientation RR
[M::process] read 1066668 sequences (160000200 bp)...
[M::mem_process_seqs] Processed 1066668 reads in 857.287 CPU sec, 55.246 real sec
[M::mem_pestat] # candidate unique pairs for (FF, FR, RF, RR): (29, 216871, 77, 22)
[M::mem_pestat] analyzing insert size distribution for orientation FF...
[M::mem_pestat] (25, 50, 75) percentile: (365, 1110, 4356)
[M::mem_pestat] low and high boundaries for computing mean and std.dev: (1, 12338)
[M::mem_pestat] mean and std.dev: (2204.59, 2304.40)
[M::mem_pestat] low and high boundaries for proper pairs: (1, 16329)
[M::mem_pestat] analyzing insert size distribution for orientation FR...
[M::mem_pestat] (25, 50, 75) percentile: (278, 364, 476)
[M::mem_pestat] low and high boundaries for computing mean and std.dev: (1, 872)
[M::mem_pestat] mean and std.dev: (378.38, 145.00)
[M::mem_pestat] low and high boundaries for proper pairs: (1, 1070)
[M::mem_pestat] analyzing insert size distribution for orientation RF...
[M::mem_pestat] (25, 50, 75) percentile: (229, 1568, 4802)
[M::mem_pestat] low and high boundaries for computing mean and std.dev: (1, 13948)
[M::mem_pestat] mean and std.dev: (2633.84, 2916.66)
[M::mem_pestat] low and high boundaries for proper pairs: (1, 18521)
[M::mem_pestat] analyzing insert size distribution for orientation RR...
[M::mem_pestat] (25, 50, 75) percentile: (180, 545, 702)
[M::mem_pestat] low and high boundaries for computing mean and std.dev: (1, 1746)
[M::mem_pestat] mean and std.dev: (480.26, 379.00)
[M::mem_pestat] low and high boundaries for proper pairs: (1, 2268)
[M::mem_pestat] skip orientation FF
[M::mem_pestat] skip orientation RF
[M::mem_pestat] skip orientation RR
[M::process] read 1066668 sequences (160000200 bp)...
[M::mem_process_seqs] Processed 1066668 reads in 859.102 CPU sec, 55.498 real sec
[M::mem_pestat] # candidate unique pairs for (FF, FR, RF, RR): (33, 216739, 79, 44)
[M::mem_pestat] analyzing insert size distribution for orientation FF...
[M::mem_pestat] (25, 50, 75) percentile: (285, 519, 2647)
[M::mem_pestat] low and high boundaries for computing mean and std.dev: (1, 7371)
[M::mem_pestat] mean and std.dev: (1398.12, 1220.24)
[M::mem_pestat] low and high boundaries for proper pairs: (1, 9733)
[M::mem_pestat] analyzing insert size distribution for orientation FR...
[M::mem_pestat] (25, 50, 75) percentile: (280, 366, 477)
[M::mem_pestat] low and high boundaries for computing mean and std.dev: (1, 871)
[M::mem_pestat] mean and std.dev: (380.26, 144.88)
[M::mem_pestat] low and high boundaries for proper pairs: (1, 1068)
[M::mem_pestat] analyzing insert size distribution for orientation RF...
[M::mem_pestat] (25, 50, 75) percentile: (496, 1859, 3652)
[M::mem_pestat] low and high boundaries for computing mean and std.dev: (1, 9964)
[M::mem_pestat] mean and std.dev: (2989.80, 3150.16)
[M::mem_pestat] low and high boundaries for proper pairs: (1, 15590)
[M::mem_pestat] analyzing insert size distribution for orientation RR...
[M::mem_pestat] (25, 50, 75) percentile: (479, 1089, 2631)
[M::mem_pestat] low and high boundaries for computing mean and std.dev: (1, 6935)
[M::mem_pestat] mean and std.dev: (1596.15, 1824.73)
[M::mem_pestat] low and high boundaries for proper pairs: (1, 9087)
[M::mem_pestat] skip orientation FF
[M::mem_pestat] skip orientation RF
[M::mem_pestat] skip orientation RR
[M::mem_process_seqs] Processed 1066668 reads in 855.390 CPU sec, 56.627 real sec
[M::process] read 1066668 sequences (160000200 bp)...
[M::process] read 1066668 sequences (160000200 bp)...
[M::mem_pestat] # candidate unique pairs for (FF, FR, RF, RR): (27, 216012, 62, 48)
[M::mem_pestat] analyzing insert size distribution for orientation FF...
[M::mem_pestat] (25, 50, 75) percentile: (306, 410, 1066)
[M::mem_pestat] low and high boundaries for computing mean and std.dev: (1, 2586)
[M::mem_pestat] mean and std.dev: (613.44, 567.05)
[M::mem_pestat] low and high boundaries for proper pairs: (1, 3346)
[M::mem_pestat] analyzing insert size distribution for orientation FR...
[M::mem_pestat] (25, 50, 75) percentile: (278, 363, 472)
[M::mem_pestat] low and high boundaries for computing mean and std.dev: (1, 860)
[M::mem_pestat] mean and std.dev: (376.72, 142.85)
[M::mem_pestat] low and high boundaries for proper pairs: (1, 1054)
[M::mem_pestat] analyzing insert size distribution for orientation RF...
[M::mem_pestat] (25, 50, 75) percentile: (213, 869, 2740)
[M::mem_pestat] low and high boundaries for computing mean and std.dev: (1, 7794)
[M::mem_pestat] mean and std.dev: (1425.31, 1961.13)
[M::mem_pestat] low and high boundaries for proper pairs: (1, 10321)
[M::mem_pestat] analyzing insert size distribution for orientation RR...
[M::mem_pestat] (25, 50, 75) percentile: (227, 1221, 1919)
[M::mem_pestat] low and high boundaries for computing mean and std.dev: (1, 5303)
[M::mem_pestat] mean and std.dev: (1042.49, 941.11)
[M::mem_pestat] low and high boundaries for proper pairs: (1, 6995)
[M::mem_pestat] skip orientation FF
[M::mem_pestat] skip orientation RF
[M::mem_pestat] skip orientation RR
[M::mem_process_seqs] Processed 1066668 reads in 859.929 CPU sec, 55.192 real sec
[M::mem_pestat] # candidate unique pairs for (FF, FR, RF, RR): (16, 215880, 91, 30)
[M::mem_pestat] analyzing insert size distribution for orientation FF...
[M::mem_pestat] (25, 50, 75) percentile: (112, 301, 903)
[M::mem_pestat] low and high boundaries for computing mean and std.dev: (1, 2485)
[M::mem_pestat] mean and std.dev: (369.64, 357.28)
[M::mem_pestat] low and high boundaries for proper pairs: (1, 3276)
[M::mem_pestat] analyzing insert size distribution for orientation FR...
[M::mem_pestat] (25, 50, 75) percentile: (277, 361, 469)
[M::mem_pestat] low and high boundaries for computing mean and std.dev: (1, 853)
[M::mem_pestat] mean and std.dev: (374.54, 142.07)
[M::mem_pestat] low and high boundaries for proper pairs: (1, 1045)
[M::mem_pestat] analyzing insert size distribution for orientation RF...
[M::mem_pestat] (25, 50, 75) percentile: (348, 851, 3672)
[M::mem_pestat] low and high boundaries for computing mean and std.dev: (1, 10320)
[M::mem_pestat] mean and std.dev: (2463.85, 2847.37)
[M::mem_pestat] low and high boundaries for proper pairs: (1, 13853)
[M::mem_pestat] analyzing insert size distribution for orientation RR...
[M::mem_pestat] (25, 50, 75) percentile: (270, 402, 937)
[M::mem_pestat] low and high boundaries for computing mean and std.dev: (1, 2271)
[M::mem_pestat] mean and std.dev: (380.12, 250.83)
[M::mem_pestat] low and high boundaries for proper pairs: (1, 2938)
[M::mem_pestat] skip orientation FF
[M::mem_pestat] skip orientation RF
[M::mem_pestat] skip orientation RR
[M::process] read 1066668 sequences (160000200 bp)...
[M::mem_process_seqs] Processed 1066668 reads in 876.379 CPU sec, 56.575 real sec
[M::mem_pestat] # candidate unique pairs for (FF, FR, RF, RR): (42, 215048, 81, 46)
[M::mem_pestat] analyzing insert size distribution for orientation FF...
[M::mem_pestat] (25, 50, 75) percentile: (376, 671, 2210)
[M::mem_pestat] low and high boundaries for computing mean and std.dev: (1, 5878)
[M::mem_pestat] mean and std.dev: (1260.15, 1499.46)
[M::mem_pestat] low and high boundaries for proper pairs: (1, 7712)
[M::mem_pestat] analyzing insert size distribution for orientation FR...
[M::mem_pestat] (25, 50, 75) percentile: (274, 361, 473)
[M::mem_pestat] low and high boundaries for computing mean and std.dev: (1, 871)
[M::mem_pestat] mean and std.dev: (374.95, 145.26)
[M::mem_pestat] low and high boundaries for proper pairs: (1, 1070)
[M::mem_pestat] analyzing insert size distribution for orientation RF...
[M::mem_pestat] (25, 50, 75) percentile: (255, 625, 4484)
[M::mem_pestat] low and high boundaries for computing mean and std.dev: (1, 12942)
[M::mem_pestat] mean and std.dev: (2576.88, 3098.48)
[M::mem_pestat] low and high boundaries for proper pairs: (1, 17171)
[M::mem_pestat] analyzing insert size distribution for orientation RR...
[M::mem_pestat] (25, 50, 75) percentile: (319, 568, 2232)
[M::mem_pestat] low and high boundaries for computing mean and std.dev: (1, 6058)
[M::mem_pestat] mean and std.dev: (1280.93, 1423.72)
[M::mem_pestat] low and high boundaries for proper pairs: (1, 7971)
[M::mem_pestat] skip orientation FF
[M::mem_pestat] skip orientation RF
[M::mem_pestat] skip orientation RR
[M::process] read 1066668 sequences (160000200 bp)...
[M::mem_process_seqs] Processed 1066668 reads in 853.617 CPU sec, 55.133 real sec
[M::mem_pestat] # candidate unique pairs for (FF, FR, RF, RR): (21, 213796, 82, 41)
[M::mem_pestat] analyzing insert size distribution for orientation FF...
[M::mem_pestat] (25, 50, 75) percentile: (263, 373, 8569)
[M::mem_pestat] low and high boundaries for computing mean and std.dev: (1, 25181)
[M::mem_pestat] mean and std.dev: (2599.57, 3778.17)
[M::mem_pestat] low and high boundaries for proper pairs: (1, 33487)
[M::mem_pestat] analyzing insert size distribution for orientation FR...
[M::mem_pestat] (25, 50, 75) percentile: (274, 359, 468)
[M::mem_pestat] low and high boundaries for computing mean and std.dev: (1, 856)
[M::mem_pestat] mean and std.dev: (372.82, 143.15)
[M::mem_pestat] low and high boundaries for proper pairs: (1, 1050)
[M::mem_pestat] analyzing insert size distribution for orientation RF...
[M::mem_pestat] (25, 50, 75) percentile: (228, 775, 2493)
[M::mem_pestat] low and high boundaries for computing mean and std.dev: (1, 7023)
[M::mem_pestat] mean and std.dev: (1194.12, 1452.78)
[M::mem_pestat] low and high boundaries for proper pairs: (1, 9288)
[M::mem_pestat] analyzing insert size distribution for orientation RR...
[M::mem_pestat] (25, 50, 75) percentile: (239, 418, 6748)
[M::mem_pestat] low and high boundaries for computing mean and std.dev: (1, 19766)
[M::mem_pestat] mean and std.dev: (2586.10, 3097.53)
[M::mem_pestat] low and high boundaries for proper pairs: (1, 26275)
[M::mem_pestat] skip orientation FF
[M::mem_pestat] skip orientation RF
[M::mem_pestat] skip orientation RR
[M::process] read 1066668 sequences (160000200 bp)...
[M::mem_process_seqs] Processed 1066668 reads in 858.785 CPU sec, 55.401 real sec
[M::mem_pestat] # candidate unique pairs for (FF, FR, RF, RR): (29, 214457, 84, 47)
[M::mem_pestat] analyzing insert size distribution for orientation FF...
[M::mem_pestat] (25, 50, 75) percentile: (230, 453, 1285)
[M::mem_pestat] low and high boundaries for computing mean and std.dev: (1, 3395)
[M::mem_pestat] mean and std.dev: (677.00, 688.54)
[M::mem_pestat] low and high boundaries for proper pairs: (1, 4450)
[M::mem_pestat] analyzing insert size distribution for orientation FR...
[M::mem_pestat] (25, 50, 75) percentile: (274, 360, 470)
[M::mem_pestat] low and high boundaries for computing mean and std.dev: (1, 862)
[M::mem_pestat] mean and std.dev: (373.49, 143.13)
[M::mem_pestat] low and high boundaries for proper pairs: (1, 1058)
[M::mem_pestat] analyzing insert size distribution for orientation RF...
[M::mem_pestat] (25, 50, 75) percentile: (319, 1971, 4647)
[M::mem_pestat] low and high boundaries for computing mean and std.dev: (1, 13303)
[M::mem_pestat] mean and std.dev: (2793.71, 2683.56)
[M::mem_pestat] low and high boundaries for proper pairs: (1, 17631)
[M::mem_pestat] analyzing insert size distribution for orientation RR...
[M::mem_pestat] (25, 50, 75) percentile: (430, 709, 1074)
[M::mem_pestat] low and high boundaries for computing mean and std.dev: (1, 2362)
[M::mem_pestat] mean and std.dev: (709.48, 485.73)
[M::mem_pestat] low and high boundaries for proper pairs: (1, 3006)
[M::mem_pestat] skip orientation FF
[M::mem_pestat] skip orientation RF
[M::mem_pestat] skip orientation RR
[M::process] read 1066668 sequences (160000200 bp)...
[M::mem_process_seqs] Processed 1066668 reads in 862.142 CPU sec, 55.594 real sec
[M::mem_pestat] # candidate unique pairs for (FF, FR, RF, RR): (42, 215215, 95, 39)
[M::mem_pestat] analyzing insert size distribution for orientation FF...
[M::mem_pestat] (25, 50, 75) percentile: (276, 627, 917)
[M::mem_pestat] low and high boundaries for computing mean and std.dev: (1, 2199)
[M::mem_pestat] mean and std.dev: (695.70, 498.10)
[M::mem_pestat] low and high boundaries for proper pairs: (1, 2840)
[M::mem_pestat] analyzing insert size distribution for orientation FR...
[M::mem_pestat] (25, 50, 75) percentile: (275, 360, 468)
[M::mem_pestat] low and high boundaries for computing mean and std.dev: (1, 854)
[M::mem_pestat] mean and std.dev: (372.63, 141.93)
[M::mem_pestat] low and high boundaries for proper pairs: (1, 1047)
[M::mem_pestat] analyzing insert size distribution for orientation RF...
[M::mem_pestat] (25, 50, 75) percentile: (292, 1603, 3527)
[M::mem_pestat] low and high boundaries for computing mean and std.dev: (1, 9997)
[M::mem_pestat] mean and std.dev: (2522.88, 2831.89)
[M::mem_pestat] low and high boundaries for proper pairs: (1, 13850)
[M::mem_pestat] analyzing insert size distribution for orientation RR...
[M::mem_pestat] (25, 50, 75) percentile: (332, 952, 5123)
[M::mem_pestat] low and high boundaries for computing mean and std.dev: (1, 14705)
[M::mem_pestat] mean and std.dev: (2409.85, 2470.10)
[M::mem_pestat] low and high boundaries for proper pairs: (1, 19496)
[M::mem_pestat] skip orientation FF
[M::mem_pestat] skip orientation RF
[M::mem_pestat] skip orientation RR
[M::process] read 1066668 sequences (160000200 bp)...
[M::mem_process_seqs] Processed 1066668 reads in 858.812 CPU sec, 55.374 real sec
[M::mem_pestat] # candidate unique pairs for (FF, FR, RF, RR): (34, 216502, 97, 42)
[M::mem_pestat] analyzing insert size distribution for orientation FF...
[M::mem_pestat] (25, 50, 75) percentile: (336, 1009, 1677)
[M::mem_pestat] low and high boundaries for computing mean and std.dev: (1, 4359)
[M::mem_pestat] mean and std.dev: (1107.72, 989.92)
[M::mem_pestat] low and high boundaries for proper pairs: (1, 5700)
[M::mem_pestat] analyzing insert size distribution for orientation FR...
[M::mem_pestat] (25, 50, 75) percentile: (276, 360, 468)
[M::mem_pestat] low and high boundaries for computing mean and std.dev: (1, 852)
[M::mem_pestat] mean and std.dev: (374.12, 141.72)
[M::mem_pestat] low and high boundaries for proper pairs: (1, 1044)
[M::mem_pestat] analyzing insert size distribution for orientation RF...
[M::mem_pestat] (25, 50, 75) percentile: (367, 2071, 6620)
[M::mem_pestat] low and high boundaries for computing mean and std.dev: (1, 19126)
[M::mem_pestat] mean and std.dev: (3231.68, 3336.53)
[M::mem_pestat] low and high boundaries for proper pairs: (1, 25379)
[M::mem_pestat] analyzing insert size distribution for orientation RR...
[M::mem_pestat] (25, 50, 75) percentile: (499, 1272, 2895)
[M::mem_pestat] low and high boundaries for computing mean and std.dev: (1, 7687)
[M::mem_pestat] mean and std.dev: (2035.81, 2000.52)
[M::mem_pestat] low and high boundaries for proper pairs: (1, 10083)
[M::mem_pestat] skip orientation FF
[M::mem_pestat] skip orientation RF
[M::mem_pestat] skip orientation RR
[M::process] read 1066668 sequences (160000200 bp)...
[M::mem_process_seqs] Processed 1066668 reads in 853.224 CPU sec, 54.952 real sec
[M::mem_pestat] # candidate unique pairs for (FF, FR, RF, RR): (31, 215956, 94, 30)
[M::mem_pestat] analyzing insert size distribution for orientation FF...
[M::mem_pestat] (25, 50, 75) percentile: (434, 1274, 3011)
[M::mem_pestat] low and high boundaries for computing mean and std.dev: (1, 8165)
[M::mem_pestat] mean and std.dev: (1970.65, 2089.29)
[M::mem_pestat] low and high boundaries for proper pairs: (1, 10742)
[M::mem_pestat] analyzing insert size distribution for orientation FR...
[M::mem_pestat] (25, 50, 75) percentile: (276, 359, 467)
[M::mem_pestat] low and high boundaries for computing mean and std.dev: (1, 849)
[M::mem_pestat] mean and std.dev: (373.33, 141.32)
[M::mem_pestat] low and high boundaries for proper pairs: (1, 1040)
[M::mem_pestat] analyzing insert size distribution for orientation RF...
[M::mem_pestat] (25, 50, 75) percentile: (144, 561, 2431)
[M::mem_pestat] low and high boundaries for computing mean and std.dev: (1, 7005)
[M::mem_pestat] mean and std.dev: (1281.34, 1746.79)
[M::mem_pestat] low and high boundaries for proper pairs: (1, 9292)
[M::mem_pestat] analyzing insert size distribution for orientation RR...
[M::mem_pestat] (25, 50, 75) percentile: (455, 583, 2734)
[M::mem_pestat] low and high boundaries for computing mean and std.dev: (1, 7292)
[M::mem_pestat] mean and std.dev: (1606.96, 2065.09)
[M::mem_pestat] low and high boundaries for proper pairs: (1, 9867)
[M::mem_pestat] skip orientation FF
[M::mem_pestat] skip orientation RF
[M::mem_pestat] skip orientation RR
[M::process] read 1066668 sequences (160000200 bp)...
[M::mem_process_seqs] Processed 1066668 reads in 848.810 CPU sec, 54.763 real sec
[M::mem_pestat] # candidate unique pairs for (FF, FR, RF, RR): (26, 216318, 83, 27)
[M::mem_pestat] analyzing insert size distribution for orientation FF...
[M::mem_pestat] (25, 50, 75) percentile: (362, 1318, 2493)
[M::mem_pestat] low and high boundaries for computing mean and std.dev: (1, 6755)
[M::mem_pestat] mean and std.dev: (1138.82, 1011.94)
[M::mem_pestat] low and high boundaries for proper pairs: (1, 8886)
[M::mem_pestat] analyzing insert size distribution for orientation FR...
[M::mem_pestat] (25, 50, 75) percentile: (276, 358, 463)
[M::mem_pestat] low and high boundaries for computing mean and std.dev: (1, 837)
[M::mem_pestat] mean and std.dev: (371.54, 139.16)
[M::mem_pestat] low and high boundaries for proper pairs: (1, 1024)
[M::mem_pestat] analyzing insert size distribution for orientation RF...
[M::mem_pestat] (25, 50, 75) percentile: (167, 1065, 4931)
[M::mem_pestat] low and high boundaries for computing mean and std.dev: (1, 14459)
[M::mem_pestat] mean and std.dev: (2583.90, 2903.08)
[M::mem_pestat] low and high boundaries for proper pairs: (1, 19223)
[M::mem_pestat] analyzing insert size distribution for orientation RR...
[M::mem_pestat] (25, 50, 75) percentile: (167, 295, 608)
[M::mem_pestat] low and high boundaries for computing mean and std.dev: (1, 1490)
[M::mem_pestat] mean and std.dev: (308.55, 195.15)
[M::mem_pestat] low and high boundaries for proper pairs: (1, 1931)
[M::mem_pestat] skip orientation FF
[M::mem_pestat] skip orientation RF
[M::mem_pestat] skip orientation RR
[M::process] read 752356 sequences (112853400 bp)...
[M::mem_process_seqs] Processed 1066668 reads in 855.913 CPU sec, 55.281 real sec
[M::mem_pestat] # candidate unique pairs for (FF, FR, RF, RR): (20, 152168, 57, 24)
[M::mem_pestat] analyzing insert size distribution for orientation FF...
[M::mem_pestat] (25, 50, 75) percentile: (385, 742, 3296)
[M::mem_pestat] low and high boundaries for computing mean and std.dev: (1, 9118)
[M::mem_pestat] mean and std.dev: (1394.15, 1381.24)
[M::mem_pestat] low and high boundaries for proper pairs: (1, 12029)
[M::mem_pestat] analyzing insert size distribution for orientation FR...
[M::mem_pestat] (25, 50, 75) percentile: (278, 361, 467)
[M::mem_pestat] low and high boundaries for computing mean and std.dev: (1, 845)
[M::mem_pestat] mean and std.dev: (374.68, 140.51)
[M::mem_pestat] low and high boundaries for proper pairs: (1, 1034)
[M::mem_pestat] analyzing insert size distribution for orientation RF...
[M::mem_pestat] (25, 50, 75) percentile: (243, 1011, 3112)
[M::mem_pestat] low and high boundaries for computing mean and std.dev: (1, 8850)
[M::mem_pestat] mean and std.dev: (1791.91, 2113.11)
[M::mem_pestat] low and high boundaries for proper pairs: (1, 11719)
[M::mem_pestat] analyzing insert size distribution for orientation RR...
[M::mem_pestat] (25, 50, 75) percentile: (553, 669, 1157)
[M::mem_pestat] low and high boundaries for computing mean and std.dev: (1, 2365)
[M::mem_pestat] mean and std.dev: (608.76, 352.60)
[M::mem_pestat] low and high boundaries for proper pairs: (1, 2969)
[M::mem_pestat] skip orientation FF
[M::mem_pestat] skip orientation RF
[M::mem_pestat] skip orientation RR
[M::mem_process_seqs] Processed 752356 reads in 606.605 CPU sec, 39.626 real sec
[main] Version: 0.7.19-r1273
[main] CMD: bwa mem -t 16 -R @RG\tID:Coos_Bay_9\tSM:Coos_Bay_9\tLB:Coos_Bay_9\tPL:ILLUMINA output/05_realign_xbOstLuri2/reference/GCA_061535525.1_xbOstLuri2_USDA-ARS_PSRF_primary_genomic.fna data/raw/Coos_Bay_9_S106_L004_R1_001.fastq.gz data/raw/Coos_Bay_9_S106_L004_R2_001.fastq.gz
[main] Real time: 3563.168 sec; CPU: 54665.243 sec
[bam_sort_core] merging from 3 files and 8 in-memory blocks...
end 2026-09-27T13:00:20Z sample=Coos_Bay_9
