/opt/ohpc/admin/lmod/lmod/init/bash: line 93: LD_LIBRARY_PATH: unbound variable
start 2026-09-27T15:45:14Z host n3499 sample=WB_18a location=WB
[M::bwa_idx_load_from_disk] read 0 ALT contigs
[M::process] read 1066668 sequences (160000200 bp)...
[M::process] read 1066668 sequences (160000200 bp)...
[M::mem_pestat] # candidate unique pairs for (FF, FR, RF, RR): (40, 217002, 63, 48)
[M::mem_pestat] analyzing insert size distribution for orientation FF...
[M::mem_pestat] (25, 50, 75) percentile: (292, 529, 1330)
[M::mem_pestat] low and high boundaries for computing mean and std.dev: (1, 3406)
[M::mem_pestat] mean and std.dev: (581.70, 415.25)
[M::mem_pestat] low and high boundaries for proper pairs: (1, 4444)
[M::mem_pestat] analyzing insert size distribution for orientation FR...
[M::mem_pestat] (25, 50, 75) percentile: (296, 376, 473)
[M::mem_pestat] low and high boundaries for computing mean and std.dev: (1, 827)
[M::mem_pestat] mean and std.dev: (384.18, 136.13)
[M::mem_pestat] low and high boundaries for proper pairs: (1, 1004)
[M::mem_pestat] analyzing insert size distribution for orientation RF...
[M::mem_pestat] (25, 50, 75) percentile: (260, 1553, 4245)
[M::mem_pestat] low and high boundaries for computing mean and std.dev: (1, 12215)
[M::mem_pestat] mean and std.dev: (2495.19, 2612.29)
[M::mem_pestat] low and high boundaries for proper pairs: (1, 16200)
[M::mem_pestat] analyzing insert size distribution for orientation RR...
[M::mem_pestat] (25, 50, 75) percentile: (220, 442, 783)
[M::mem_pestat] low and high boundaries for computing mean and std.dev: (1, 1909)
[M::mem_pestat] mean and std.dev: (399.41, 250.93)
[M::mem_pestat] low and high boundaries for proper pairs: (1, 2472)
[M::mem_pestat] skip orientation FF
[M::mem_pestat] skip orientation RF
[M::mem_pestat] skip orientation RR
[M::mem_process_seqs] Processed 1066668 reads in 826.595 CPU sec, 54.491 real sec
[M::mem_pestat] # candidate unique pairs for (FF, FR, RF, RR): (32, 217052, 90, 30)
[M::mem_pestat] analyzing insert size distribution for orientation FF...
[M::mem_pestat] (25, 50, 75) percentile: (298, 881, 2474)
[M::mem_pestat] low and high boundaries for computing mean and std.dev: (1, 6826)
[M::mem_pestat] mean and std.dev: (1318.86, 1542.79)
[M::mem_pestat] low and high boundaries for proper pairs: (1, 9002)
[M::mem_pestat] analyzing insert size distribution for orientation FR...
[M::mem_pestat] (25, 50, 75) percentile: (301, 383, 482)
[M::mem_pestat] low and high boundaries for computing mean and std.dev: (1, 844)
[M::mem_pestat] mean and std.dev: (391.88, 138.75)
[M::mem_pestat] low and high boundaries for proper pairs: (1, 1025)
[M::mem_pestat] analyzing insert size distribution for orientation RF...
[M::mem_pestat] (25, 50, 75) percentile: (94, 1269, 4461)
[M::mem_pestat] low and high boundaries for computing mean and std.dev: (1, 13195)
[M::mem_pestat] mean and std.dev: (2902.17, 3251.71)
[M::mem_pestat] low and high boundaries for proper pairs: (1, 17562)
[M::mem_pestat] analyzing insert size distribution for orientation RR...
[M::mem_pestat] (25, 50, 75) percentile: (266, 577, 1487)
[M::mem_pestat] low and high boundaries for computing mean and std.dev: (1, 3929)
[M::mem_pestat] mean and std.dev: (607.68, 551.43)
[M::mem_pestat] low and high boundaries for proper pairs: (1, 5150)
[M::mem_pestat] skip orientation FF
[M::mem_pestat] skip orientation RF
[M::mem_pestat] skip orientation RR
[M::process] read 1066668 sequences (160000200 bp)...
[M::mem_process_seqs] Processed 1066668 reads in 838.846 CPU sec, 54.117 real sec
[M::mem_pestat] # candidate unique pairs for (FF, FR, RF, RR): (28, 217194, 78, 37)
[M::mem_pestat] analyzing insert size distribution for orientation FF...
[M::mem_pestat] (25, 50, 75) percentile: (354, 540, 970)
[M::mem_pestat] low and high boundaries for computing mean and std.dev: (1, 2202)
[M::mem_pestat] mean and std.dev: (557.04, 389.95)
[M::mem_pestat] low and high boundaries for proper pairs: (1, 2818)
[M::mem_pestat] analyzing insert size distribution for orientation FR...
[M::mem_pestat] (25, 50, 75) percentile: (298, 380, 483)
[M::mem_pestat] low and high boundaries for computing mean and std.dev: (1, 853)
[M::mem_pestat] mean and std.dev: (390.76, 140.44)
[M::mem_pestat] low and high boundaries for proper pairs: (1, 1038)
[M::mem_pestat] analyzing insert size distribution for orientation RF...
[M::mem_pestat] (25, 50, 75) percentile: (242, 1893, 4955)
[M::mem_pestat] low and high boundaries for computing mean and std.dev: (1, 14381)
[M::mem_pestat] mean and std.dev: (2865.69, 2956.64)
[M::mem_pestat] low and high boundaries for proper pairs: (1, 19094)
[M::mem_pestat] analyzing insert size distribution for orientation RR...
[M::mem_pestat] (25, 50, 75) percentile: (230, 508, 2194)
[M::mem_pestat] low and high boundaries for computing mean and std.dev: (1, 6122)
[M::mem_pestat] mean and std.dev: (1204.84, 1331.24)
[M::mem_pestat] low and high boundaries for proper pairs: (1, 8086)
[M::mem_pestat] skip orientation FF
[M::mem_pestat] skip orientation RF
[M::mem_pestat] skip orientation RR
[M::process] read 1066668 sequences (160000200 bp)...
[M::mem_process_seqs] Processed 1066668 reads in 845.570 CPU sec, 54.428 real sec
[M::mem_pestat] # candidate unique pairs for (FF, FR, RF, RR): (45, 216449, 80, 54)
[M::mem_pestat] analyzing insert size distribution for orientation FF...
[M::mem_pestat] (25, 50, 75) percentile: (223, 478, 1311)
[M::mem_pestat] low and high boundaries for computing mean and std.dev: (1, 3487)
[M::mem_pestat] mean and std.dev: (799.61, 724.64)
[M::mem_pestat] low and high boundaries for proper pairs: (1, 4575)
[M::mem_pestat] analyzing insert size distribution for orientation FR...
[M::mem_pestat] (25, 50, 75) percentile: (299, 382, 485)
[M::mem_pestat] low and high boundaries for computing mean and std.dev: (1, 857)
[M::mem_pestat] mean and std.dev: (392.74, 141.19)
[M::mem_pestat] low and high boundaries for proper pairs: (1, 1043)
[M::mem_pestat] analyzing insert size distribution for orientation RF...
[M::mem_pestat] (25, 50, 75) percentile: (108, 722, 2905)
[M::mem_pestat] low and high boundaries for computing mean and std.dev: (1, 8499)
[M::mem_pestat] mean and std.dev: (1470.86, 1683.60)
[M::mem_pestat] low and high boundaries for proper pairs: (1, 11296)
[M::mem_pestat] analyzing insert size distribution for orientation RR...
[M::mem_pestat] (25, 50, 75) percentile: (255, 417, 1187)
[M::mem_pestat] low and high boundaries for computing mean and std.dev: (1, 3051)
[M::mem_pestat] mean and std.dev: (572.43, 569.33)
[M::mem_pestat] low and high boundaries for proper pairs: (1, 3983)
[M::mem_pestat] skip orientation FF
[M::mem_pestat] skip orientation RF
[M::mem_pestat] skip orientation RR
[M::process] read 1066668 sequences (160000200 bp)...
[M::mem_process_seqs] Processed 1066668 reads in 844.656 CPU sec, 54.386 real sec
[M::mem_pestat] # candidate unique pairs for (FF, FR, RF, RR): (36, 217511, 70, 36)
[M::mem_pestat] analyzing insert size distribution for orientation FF...
[M::mem_pestat] (25, 50, 75) percentile: (273, 622, 2302)
[M::mem_pestat] low and high boundaries for computing mean and std.dev: (1, 6360)
[M::mem_pestat] mean and std.dev: (1340.41, 1794.49)
[M::mem_pestat] low and high boundaries for proper pairs: (1, 8518)
[M::mem_pestat] analyzing insert size distribution for orientation FR...
[M::mem_pestat] (25, 50, 75) percentile: (297, 380, 482)
[M::mem_pestat] low and high boundaries for computing mean and std.dev: (1, 852)
[M::mem_pestat] mean and std.dev: (390.23, 140.74)
[M::mem_pestat] low and high boundaries for proper pairs: (1, 1037)
[M::mem_pestat] analyzing insert size distribution for orientation RF...
[M::mem_pestat] (25, 50, 75) percentile: (305, 812, 2846)
[M::mem_pestat] low and high boundaries for computing mean and std.dev: (1, 7928)
[M::mem_pestat] mean and std.dev: (1317.62, 1692.96)
[M::mem_pestat] low and high boundaries for proper pairs: (1, 10469)
[M::mem_pestat] analyzing insert size distribution for orientation RR...
[M::mem_pestat] (25, 50, 75) percentile: (631, 970, 1657)
[M::mem_pestat] low and high boundaries for computing mean and std.dev: (1, 3709)
[M::mem_pestat] mean and std.dev: (1035.59, 720.76)
[M::mem_pestat] low and high boundaries for proper pairs: (1, 4735)
[M::mem_pestat] skip orientation FF
[M::mem_pestat] skip orientation RF
[M::mem_pestat] skip orientation RR
[M::process] read 1066668 sequences (160000200 bp)...
[M::mem_process_seqs] Processed 1066668 reads in 849.963 CPU sec, 54.669 real sec
[M::mem_pestat] # candidate unique pairs for (FF, FR, RF, RR): (33, 216748, 67, 38)
[M::mem_pestat] analyzing insert size distribution for orientation FF...
[M::mem_pestat] (25, 50, 75) percentile: (247, 517, 1957)
[M::mem_pestat] low and high boundaries for computing mean and std.dev: (1, 5377)
[M::mem_pestat] mean and std.dev: (811.14, 794.57)
[M::mem_pestat] low and high boundaries for proper pairs: (1, 7087)
[M::mem_pestat] analyzing insert size distribution for orientation FR...
[M::mem_pestat] (25, 50, 75) percentile: (296, 378, 479)
[M::mem_pestat] low and high boundaries for computing mean and std.dev: (1, 845)
[M::mem_pestat] mean and std.dev: (388.78, 139.52)
[M::mem_pestat] low and high boundaries for proper pairs: (1, 1028)
[M::mem_pestat] analyzing insert size distribution for orientation RF...
[M::mem_pestat] (25, 50, 75) percentile: (375, 1892, 4929)
[M::mem_pestat] low and high boundaries for computing mean and std.dev: (1, 14037)
[M::mem_pestat] mean and std.dev: (3046.55, 3144.50)
[M::mem_pestat] low and high boundaries for proper pairs: (1, 18591)
[M::mem_pestat] analyzing insert size distribution for orientation RR...
[M::mem_pestat] (25, 50, 75) percentile: (260, 495, 1030)
[M::mem_pestat] low and high boundaries for computing mean and std.dev: (1, 2570)
[M::mem_pestat] mean and std.dev: (450.90, 296.99)
[M::mem_pestat] low and high boundaries for proper pairs: (1, 3340)
[M::mem_pestat] skip orientation FF
[M::mem_pestat] skip orientation RF
[M::mem_pestat] skip orientation RR
[M::process] read 1066668 sequences (160000200 bp)...
[M::mem_process_seqs] Processed 1066668 reads in 870.609 CPU sec, 56.080 real sec
[M::mem_pestat] # candidate unique pairs for (FF, FR, RF, RR): (45, 216581, 77, 26)
[M::mem_pestat] analyzing insert size distribution for orientation FF...
[M::mem_pestat] (25, 50, 75) percentile: (382, 571, 1611)
[M::mem_pestat] low and high boundaries for computing mean and std.dev: (1, 4069)
[M::mem_pestat] mean and std.dev: (768.69, 619.44)
[M::mem_pestat] low and high boundaries for proper pairs: (1, 5298)
[M::mem_pestat] analyzing insert size distribution for orientation FR...
[M::mem_pestat] (25, 50, 75) percentile: (292, 374, 476)
[M::mem_pestat] low and high boundaries for computing mean and std.dev: (1, 844)
[M::mem_pestat] mean and std.dev: (384.78, 139.54)
[M::mem_pestat] low and high boundaries for proper pairs: (1, 1028)
[M::mem_pestat] analyzing insert size distribution for orientation RF...
[M::mem_pestat] (25, 50, 75) percentile: (334, 1880, 4625)
[M::mem_pestat] low and high boundaries for computing mean and std.dev: (1, 13207)
[M::mem_pestat] mean and std.dev: (2782.78, 2785.50)
[M::mem_pestat] low and high boundaries for proper pairs: (1, 17498)
[M::mem_pestat] analyzing insert size distribution for orientation RR...
[M::mem_pestat] (25, 50, 75) percentile: (304, 1053, 1301)
[M::mem_pestat] low and high boundaries for computing mean and std.dev: (1, 3295)
[M::mem_pestat] mean and std.dev: (936.62, 725.66)
[M::mem_pestat] low and high boundaries for proper pairs: (1, 4292)
[M::mem_pestat] skip orientation FF
[M::mem_pestat] skip orientation RF
[M::mem_pestat] skip orientation RR
[M::process] read 1066668 sequences (160000200 bp)...
[M::mem_process_seqs] Processed 1066668 reads in 857.467 CPU sec, 55.190 real sec
[M::mem_pestat] # candidate unique pairs for (FF, FR, RF, RR): (32, 215828, 80, 53)
[M::mem_pestat] analyzing insert size distribution for orientation FF...
[M::mem_pestat] (25, 50, 75) percentile: (302, 444, 969)
[M::mem_pestat] low and high boundaries for computing mean and std.dev: (1, 2303)
[M::mem_pestat] mean and std.dev: (582.45, 508.86)
[M::mem_pestat] low and high boundaries for proper pairs: (1, 2970)
[M::mem_pestat] analyzing insert size distribution for orientation FR...
[M::mem_pestat] (25, 50, 75) percentile: (294, 376, 479)
[M::mem_pestat] low and high boundaries for computing mean and std.dev: (1, 849)
[M::mem_pestat] mean and std.dev: (387.31, 140.83)
[M::mem_pestat] low and high boundaries for proper pairs: (1, 1034)
[M::mem_pestat] analyzing insert size distribution for orientation RF...
[M::mem_pestat] (25, 50, 75) percentile: (220, 849, 5652)
[M::mem_pestat] low and high boundaries for computing mean and std.dev: (1, 16516)
[M::mem_pestat] mean and std.dev: (2717.97, 3114.97)
[M::mem_pestat] low and high boundaries for proper pairs: (1, 21948)
[M::mem_pestat] analyzing insert size distribution for orientation RR...
[M::mem_pestat] (25, 50, 75) percentile: (289, 625, 1853)
[M::mem_pestat] low and high boundaries for computing mean and std.dev: (1, 4981)
[M::mem_pestat] mean and std.dev: (913.85, 874.07)
[M::mem_pestat] low and high boundaries for proper pairs: (1, 6545)
[M::mem_pestat] skip orientation FF
[M::mem_pestat] skip orientation RF
[M::mem_pestat] skip orientation RR
[M::process] read 1066668 sequences (160000200 bp)...
[M::mem_process_seqs] Processed 1066668 reads in 864.109 CPU sec, 55.625 real sec
[M::mem_pestat] # candidate unique pairs for (FF, FR, RF, RR): (26, 215168, 84, 30)
[M::mem_pestat] analyzing insert size distribution for orientation FF...
[M::mem_pestat] (25, 50, 75) percentile: (229, 567, 2061)
[M::mem_pestat] low and high boundaries for computing mean and std.dev: (1, 5725)
[M::mem_pestat] mean and std.dev: (984.00, 1302.78)
[M::mem_pestat] low and high boundaries for proper pairs: (1, 7557)
[M::mem_pestat] analyzing insert size distribution for orientation FR...
[M::mem_pestat] (25, 50, 75) percentile: (298, 381, 482)
[M::mem_pestat] low and high boundaries for computing mean and std.dev: (1, 850)
[M::mem_pestat] mean and std.dev: (390.33, 140.57)
[M::mem_pestat] low and high boundaries for proper pairs: (1, 1034)
[M::mem_pestat] analyzing insert size distribution for orientation RF...
[M::mem_pestat] (25, 50, 75) percentile: (161, 786, 4450)
[M::mem_pestat] low and high boundaries for computing mean and std.dev: (1, 13028)
[M::mem_pestat] mean and std.dev: (2285.19, 2950.72)
[M::mem_pestat] low and high boundaries for proper pairs: (1, 17317)
[M::mem_pestat] analyzing insert size distribution for orientation RR...
[M::mem_pestat] (25, 50, 75) percentile: (359, 1815, 5854)
[M::mem_pestat] low and high boundaries for computing mean and std.dev: (1, 16844)
[M::mem_pestat] mean and std.dev: (3004.47, 2935.60)
[M::mem_pestat] low and high boundaries for proper pairs: (1, 22339)
[M::mem_pestat] skip orientation FF
[M::mem_pestat] skip orientation RF
[M::mem_pestat] skip orientation RR
[M::process] read 1066668 sequences (160000200 bp)...
[M::mem_process_seqs] Processed 1066668 reads in 846.607 CPU sec, 54.595 real sec
[M::mem_pestat] # candidate unique pairs for (FF, FR, RF, RR): (34, 217092, 88, 30)
[M::mem_pestat] analyzing insert size distribution for orientation FF...
[M::mem_pestat] (25, 50, 75) percentile: (281, 616, 4368)
[M::mem_pestat] low and high boundaries for computing mean and std.dev: (1, 12542)
[M::mem_pestat] mean and std.dev: (1859.56, 2331.65)
[M::mem_pestat] low and high boundaries for proper pairs: (1, 16629)
[M::mem_pestat] analyzing insert size distribution for orientation FR...
[M::mem_pestat] (25, 50, 75) percentile: (303, 388, 493)
[M::mem_pestat] low and high boundaries for computing mean and std.dev: (1, 873)
[M::mem_pestat] mean and std.dev: (397.96, 143.61)
[M::mem_pestat] low and high boundaries for proper pairs: (1, 1063)
[M::mem_pestat] analyzing insert size distribution for orientation RF...
[M::mem_pestat] (25, 50, 75) percentile: (354, 1915, 4811)
[M::mem_pestat] low and high boundaries for computing mean and std.dev: (1, 13725)
[M::mem_pestat] mean and std.dev: (2561.72, 2749.36)
[M::mem_pestat] low and high boundaries for proper pairs: (1, 18182)
[M::mem_pestat] analyzing insert size distribution for orientation RR...
[M::mem_pestat] (25, 50, 75) percentile: (251, 442, 5995)
[M::mem_pestat] low and high boundaries for computing mean and std.dev: (1, 17483)
[M::mem_pestat] mean and std.dev: (2325.43, 3021.33)
[M::mem_pestat] low and high boundaries for proper pairs: (1, 23227)
[M::mem_pestat] skip orientation FF
[M::mem_pestat] skip orientation RF
[M::mem_pestat] skip orientation RR
[M::process] read 1066668 sequences (160000200 bp)...
[M::mem_process_seqs] Processed 1066668 reads in 837.833 CPU sec, 53.944 real sec
[M::mem_pestat] # candidate unique pairs for (FF, FR, RF, RR): (40, 217253, 78, 22)
[M::mem_pestat] analyzing insert size distribution for orientation FF...
[M::mem_pestat] (25, 50, 75) percentile: (329, 702, 1538)
[M::mem_pestat] low and high boundaries for computing mean and std.dev: (1, 3956)
[M::mem_pestat] mean and std.dev: (905.20, 926.68)
[M::mem_pestat] low and high boundaries for proper pairs: (1, 5165)
[M::mem_pestat] analyzing insert size distribution for orientation FR...
[M::mem_pestat] (25, 50, 75) percentile: (303, 388, 494)
[M::mem_pestat] low and high boundaries for computing mean and std.dev: (1, 876)
[M::mem_pestat] mean and std.dev: (398.26, 143.68)
[M::mem_pestat] low and high boundaries for proper pairs: (1, 1067)
[M::mem_pestat] analyzing insert size distribution for orientation RF...
[M::mem_pestat] (25, 50, 75) percentile: (204, 1198, 2921)
[M::mem_pestat] low and high boundaries for computing mean and std.dev: (1, 8355)
[M::mem_pestat] mean and std.dev: (1597.90, 1780.00)
[M::mem_pestat] low and high boundaries for proper pairs: (1, 11072)
[M::mem_pestat] analyzing insert size distribution for orientation RR...
[M::mem_pestat] (25, 50, 75) percentile: (312, 461, 1007)
[M::mem_pestat] low and high boundaries for computing mean and std.dev: (1, 2397)
[M::mem_pestat] mean and std.dev: (460.41, 242.47)
[M::mem_pestat] low and high boundaries for proper pairs: (1, 3092)
[M::mem_pestat] skip orientation FF
[M::mem_pestat] skip orientation RF
[M::mem_pestat] skip orientation RR
[M::process] read 1066668 sequences (160000200 bp)...
[M::mem_process_seqs] Processed 1066668 reads in 842.269 CPU sec, 54.065 real sec
[M::mem_pestat] # candidate unique pairs for (FF, FR, RF, RR): (50, 217050, 74, 27)
[M::mem_pestat] analyzing insert size distribution for orientation FF...
[M::mem_pestat] (25, 50, 75) percentile: (251, 582, 1848)
[M::mem_pestat] low and high boundaries for computing mean and std.dev: (1, 5042)
[M::mem_pestat] mean and std.dev: (974.24, 1135.89)
[M::mem_pestat] low and high boundaries for proper pairs: (1, 6639)
[M::mem_pestat] analyzing insert size distribution for orientation FR...
[M::mem_pestat] (25, 50, 75) percentile: (299, 385, 490)
[M::mem_pestat] low and high boundaries for computing mean and std.dev: (1, 872)
[M::mem_pestat] mean and std.dev: (395.52, 144.21)
[M::mem_pestat] low and high boundaries for proper pairs: (1, 1063)
[M::mem_pestat] analyzing insert size distribution for orientation RF...
[M::mem_pestat] (25, 50, 75) percentile: (483, 1318, 5329)
[M::mem_pestat] low and high boundaries for computing mean and std.dev: (1, 15021)
[M::mem_pestat] mean and std.dev: (2869.97, 2902.56)
[M::mem_pestat] low and high boundaries for proper pairs: (1, 19867)
[M::mem_pestat] analyzing insert size distribution for orientation RR...
[M::mem_pestat] (25, 50, 75) percentile: (241, 795, 1570)
[M::mem_pestat] low and high boundaries for computing mean and std.dev: (1, 4228)
[M::mem_pestat] mean and std.dev: (962.73, 1051.51)
[M::mem_pestat] low and high boundaries for proper pairs: (1, 5557)
[M::mem_pestat] skip orientation FF
[M::mem_pestat] skip orientation RF
[M::mem_pestat] skip orientation RR
[M::process] read 1066668 sequences (160000200 bp)...
[M::mem_process_seqs] Processed 1066668 reads in 849.328 CPU sec, 54.536 real sec
[M::mem_pestat] # candidate unique pairs for (FF, FR, RF, RR): (29, 216687, 70, 37)
[M::mem_pestat] analyzing insert size distribution for orientation FF...
[M::mem_pestat] (25, 50, 75) percentile: (224, 350, 1251)
[M::mem_pestat] low and high boundaries for computing mean and std.dev: (1, 3305)
[M::mem_pestat] mean and std.dev: (550.96, 592.43)
[M::mem_pestat] low and high boundaries for proper pairs: (1, 4332)
[M::mem_pestat] analyzing insert size distribution for orientation FR...
[M::mem_pestat] (25, 50, 75) percentile: (299, 384, 487)
[M::mem_pestat] low and high boundaries for computing mean and std.dev: (1, 863)
[M::mem_pestat] mean and std.dev: (393.84, 142.32)
[M::mem_pestat] low and high boundaries for proper pairs: (1, 1051)
[M::mem_pestat] analyzing insert size distribution for orientation RF...
[M::mem_pestat] (25, 50, 75) percentile: (516, 3490, 6022)
[M::mem_pestat] low and high boundaries for computing mean and std.dev: (1, 17034)
[M::mem_pestat] mean and std.dev: (3709.83, 3375.01)
[M::mem_pestat] low and high boundaries for proper pairs: (1, 22540)
[M::mem_pestat] analyzing insert size distribution for orientation RR...
[M::mem_pestat] (25, 50, 75) percentile: (339, 456, 981)
[M::mem_pestat] low and high boundaries for computing mean and std.dev: (1, 2265)
[M::mem_pestat] mean and std.dev: (611.97, 481.91)
[M::mem_pestat] low and high boundaries for proper pairs: (1, 2907)
[M::mem_pestat] skip orientation FF
[M::mem_pestat] skip orientation RF
[M::mem_pestat] skip orientation RR
[M::process] read 1066668 sequences (160000200 bp)...
[M::mem_process_seqs] Processed 1066668 reads in 849.414 CPU sec, 54.674 real sec
[M::mem_pestat] # candidate unique pairs for (FF, FR, RF, RR): (28, 217105, 60, 54)
[M::mem_pestat] analyzing insert size distribution for orientation FF...
[M::mem_pestat] (25, 50, 75) percentile: (234, 912, 4699)
[M::mem_pestat] low and high boundaries for computing mean and std.dev: (1, 13629)
[M::mem_pestat] mean and std.dev: (2268.71, 2912.44)
[M::mem_pestat] low and high boundaries for proper pairs: (1, 18094)
[M::mem_pestat] analyzing insert size distribution for orientation FR...
[M::mem_pestat] (25, 50, 75) percentile: (298, 383, 486)
[M::mem_pestat] low and high boundaries for computing mean and std.dev: (1, 862)
[M::mem_pestat] mean and std.dev: (393.33, 142.46)
[M::mem_pestat] low and high boundaries for proper pairs: (1, 1050)
[M::mem_pestat] analyzing insert size distribution for orientation RF...
[M::mem_pestat] (25, 50, 75) percentile: (309, 1283, 3746)
[M::mem_pestat] low and high boundaries for computing mean and std.dev: (1, 10620)
[M::mem_pestat] mean and std.dev: (2455.22, 2830.53)
[M::mem_pestat] low and high boundaries for proper pairs: (1, 14057)
[M::mem_pestat] analyzing insert size distribution for orientation RR...
[M::mem_pestat] (25, 50, 75) percentile: (380, 1080, 3157)
[M::mem_pestat] low and high boundaries for computing mean and std.dev: (1, 8711)
[M::mem_pestat] mean and std.dev: (1753.87, 1737.46)
[M::mem_pestat] low and high boundaries for proper pairs: (1, 11488)
[M::mem_pestat] skip orientation FF
[M::mem_pestat] skip orientation RF
[M::mem_pestat] skip orientation RR
[M::process] read 1066668 sequences (160000200 bp)...
[M::mem_process_seqs] Processed 1066668 reads in 852.604 CPU sec, 54.764 real sec
[M::mem_pestat] # candidate unique pairs for (FF, FR, RF, RR): (42, 216740, 76, 40)
[M::mem_pestat] analyzing insert size distribution for orientation FF...
[M::mem_pestat] (25, 50, 75) percentile: (288, 475, 2252)
[M::mem_pestat] low and high boundaries for computing mean and std.dev: (1, 6180)
[M::mem_pestat] mean and std.dev: (1113.59, 1102.20)
[M::mem_pestat] low and high boundaries for proper pairs: (1, 8144)
[M::mem_pestat] analyzing insert size distribution for orientation FR...
[M::mem_pestat] (25, 50, 75) percentile: (295, 378, 482)
[M::mem_pestat] low and high boundaries for computing mean and std.dev: (1, 856)
[M::mem_pestat] mean and std.dev: (389.59, 142.20)
[M::mem_pestat] low and high boundaries for proper pairs: (1, 1043)
[M::mem_pestat] analyzing insert size distribution for orientation RF...
[M::mem_pestat] (25, 50, 75) percentile: (423, 1073, 5795)
[M::mem_pestat] low and high boundaries for computing mean and std.dev: (1, 16539)
[M::mem_pestat] mean and std.dev: (2855.84, 3207.68)
[M::mem_pestat] low and high boundaries for proper pairs: (1, 21911)
[M::mem_pestat] analyzing insert size distribution for orientation RR...
[M::mem_pestat] (25, 50, 75) percentile: (262, 452, 1433)
[M::mem_pestat] low and high boundaries for computing mean and std.dev: (1, 3775)
[M::mem_pestat] mean and std.dev: (632.26, 608.05)
[M::mem_pestat] low and high boundaries for proper pairs: (1, 4946)
[M::mem_pestat] skip orientation FF
[M::mem_pestat] skip orientation RF
[M::mem_pestat] skip orientation RR
[M::process] read 1066668 sequences (160000200 bp)...
[M::mem_process_seqs] Processed 1066668 reads in 859.489 CPU sec, 55.333 real sec
[M::mem_pestat] # candidate unique pairs for (FF, FR, RF, RR): (39, 216482, 84, 31)
[M::mem_pestat] analyzing insert size distribution for orientation FF...
[M::mem_pestat] (25, 50, 75) percentile: (301, 506, 1141)
[M::mem_pestat] low and high boundaries for computing mean and std.dev: (1, 2821)
[M::mem_pestat] mean and std.dev: (548.18, 423.44)
[M::mem_pestat] low and high boundaries for proper pairs: (1, 3661)
[M::mem_pestat] analyzing insert size distribution for orientation FR...
[M::mem_pestat] (25, 50, 75) percentile: (293, 376, 479)
[M::mem_pestat] low and high boundaries for computing mean and std.dev: (1, 851)
[M::mem_pestat] mean and std.dev: (387.10, 141.23)
[M::mem_pestat] low and high boundaries for proper pairs: (1, 1037)
[M::mem_pestat] analyzing insert size distribution for orientation RF...
[M::mem_pestat] (25, 50, 75) percentile: (463, 2173, 5128)
[M::mem_pestat] low and high boundaries for computing mean and std.dev: (1, 14458)
[M::mem_pestat] mean and std.dev: (3078.90, 2885.48)
[M::mem_pestat] low and high boundaries for proper pairs: (1, 19123)
[M::mem_pestat] analyzing insert size distribution for orientation RR...
[M::mem_pestat] (25, 50, 75) percentile: (290, 490, 1985)
[M::mem_pestat] low and high boundaries for computing mean and std.dev: (1, 5375)
[M::mem_pestat] mean and std.dev: (1039.29, 1292.37)
[M::mem_pestat] low and high boundaries for proper pairs: (1, 7070)
[M::mem_pestat] skip orientation FF
[M::mem_pestat] skip orientation RF
[M::mem_pestat] skip orientation RR
[M::process] read 1066668 sequences (160000200 bp)...
[M::mem_process_seqs] Processed 1066668 reads in 869.473 CPU sec, 55.942 real sec
[M::mem_pestat] # candidate unique pairs for (FF, FR, RF, RR): (37, 215614, 73, 44)
[M::mem_pestat] analyzing insert size distribution for orientation FF...
[M::mem_pestat] (25, 50, 75) percentile: (274, 476, 1384)
[M::mem_pestat] low and high boundaries for computing mean and std.dev: (1, 3604)
[M::mem_pestat] mean and std.dev: (763.47, 762.93)
[M::mem_pestat] low and high boundaries for proper pairs: (1, 4714)
[M::mem_pestat] analyzing insert size distribution for orientation FR...
[M::mem_pestat] (25, 50, 75) percentile: (292, 376, 478)
[M::mem_pestat] low and high boundaries for computing mean and std.dev: (1, 850)
[M::mem_pestat] mean and std.dev: (385.90, 140.79)
[M::mem_pestat] low and high boundaries for proper pairs: (1, 1036)
[M::mem_pestat] analyzing insert size distribution for orientation RF...
[M::mem_pestat] (25, 50, 75) percentile: (525, 1003, 2442)
[M::mem_pestat] low and high boundaries for computing mean and std.dev: (1, 6276)
[M::mem_pestat] mean and std.dev: (1531.78, 1600.09)
[M::mem_pestat] low and high boundaries for proper pairs: (1, 8193)
[M::mem_pestat] analyzing insert size distribution for orientation RR...
[M::mem_pestat] (25, 50, 75) percentile: (270, 328, 519)
[M::mem_pestat] low and high boundaries for computing mean and std.dev: (1, 1017)
[M::mem_pestat] mean and std.dev: (335.68, 173.86)
[M::mem_pestat] low and high boundaries for proper pairs: (1, 1266)
[M::mem_pestat] skip orientation FF
[M::mem_pestat] skip orientation RF
[M::mem_pestat] skip orientation RR
[M::process] read 1066668 sequences (160000200 bp)...
[M::mem_process_seqs] Processed 1066668 reads in 865.219 CPU sec, 55.550 real sec
[M::mem_pestat] # candidate unique pairs for (FF, FR, RF, RR): (31, 216405, 68, 29)
[M::mem_pestat] analyzing insert size distribution for orientation FF...
[M::mem_pestat] (25, 50, 75) percentile: (248, 402, 1365)
[M::mem_pestat] low and high boundaries for computing mean and std.dev: (1, 3599)
[M::mem_pestat] mean and std.dev: (764.87, 726.72)
[M::mem_pestat] low and high boundaries for proper pairs: (1, 4716)
[M::mem_pestat] analyzing insert size distribution for orientation FR...
[M::mem_pestat] (25, 50, 75) percentile: (300, 385, 489)
[M::mem_pestat] low and high boundaries for computing mean and std.dev: (1, 867)
[M::mem_pestat] mean and std.dev: (394.45, 142.82)
[M::mem_pestat] low and high boundaries for proper pairs: (1, 1056)
[M::mem_pestat] analyzing insert size distribution for orientation RF...
[M::mem_pestat] (25, 50, 75) percentile: (570, 1932, 3032)
[M::mem_pestat] low and high boundaries for computing mean and std.dev: (1, 7956)
[M::mem_pestat] mean and std.dev: (2331.63, 2225.24)
[M::mem_pestat] low and high boundaries for proper pairs: (1, 11233)
[M::mem_pestat] analyzing insert size distribution for orientation RR...
[M::mem_pestat] (25, 50, 75) percentile: (341, 516, 908)
[M::mem_pestat] low and high boundaries for computing mean and std.dev: (1, 2042)
[M::mem_pestat] mean and std.dev: (611.14, 380.79)
[M::mem_pestat] low and high boundaries for proper pairs: (1, 2609)
[M::mem_pestat] skip orientation FF
[M::mem_pestat] skip orientation RF
[M::mem_pestat] skip orientation RR
[M::process] read 1066668 sequences (160000200 bp)...
[M::mem_process_seqs] Processed 1066668 reads in 846.533 CPU sec, 54.493 real sec
[M::mem_pestat] # candidate unique pairs for (FF, FR, RF, RR): (33, 217447, 73, 18)
[M::mem_pestat] analyzing insert size distribution for orientation FF...
[M::mem_pestat] (25, 50, 75) percentile: (338, 531, 1053)
[M::mem_pestat] low and high boundaries for computing mean and std.dev: (1, 2483)
[M::mem_pestat] mean and std.dev: (614.07, 411.33)
[M::mem_pestat] low and high boundaries for proper pairs: (1, 3198)
[M::mem_pestat] analyzing insert size distribution for orientation FR...
[M::mem_pestat] (25, 50, 75) percentile: (299, 383, 483)
[M::mem_pestat] low and high boundaries for computing mean and std.dev: (1, 851)
[M::mem_pestat] mean and std.dev: (391.52, 140.25)
[M::mem_pestat] low and high boundaries for proper pairs: (1, 1035)
[M::mem_pestat] analyzing insert size distribution for orientation RF...
[M::mem_pestat] (25, 50, 75) percentile: (381, 2805, 6800)
[M::mem_pestat] low and high boundaries for computing mean and std.dev: (1, 19638)
[M::mem_pestat] mean and std.dev: (3349.90, 3159.07)
[M::mem_pestat] low and high boundaries for proper pairs: (1, 26057)
[M::mem_pestat] analyzing insert size distribution for orientation RR...
[M::mem_pestat] (25, 50, 75) percentile: (287, 440, 1440)
[M::mem_pestat] low and high boundaries for computing mean and std.dev: (1, 3746)
[M::mem_pestat] mean and std.dev: (827.50, 685.40)
[M::mem_pestat] low and high boundaries for proper pairs: (1, 4899)
[M::mem_pestat] skip orientation FF
[M::mem_pestat] skip orientation RF
[M::mem_pestat] skip orientation RR
[M::process] read 1066668 sequences (160000200 bp)...
[M::mem_process_seqs] Processed 1066668 reads in 840.246 CPU sec, 54.146 real sec
[M::mem_pestat] # candidate unique pairs for (FF, FR, RF, RR): (30, 216466, 82, 36)
[M::mem_pestat] analyzing insert size distribution for orientation FF...
[M::mem_pestat] (25, 50, 75) percentile: (177, 720, 1826)
[M::mem_pestat] low and high boundaries for computing mean and std.dev: (1, 5124)
[M::mem_pestat] mean and std.dev: (1091.07, 1197.75)
[M::mem_pestat] low and high boundaries for proper pairs: (1, 6773)
[M::mem_pestat] analyzing insert size distribution for orientation FR...
[M::mem_pestat] (25, 50, 75) percentile: (296, 381, 488)
[M::mem_pestat] low and high boundaries for computing mean and std.dev: (1, 872)
[M::mem_pestat] mean and std.dev: (392.98, 144.98)
[M::mem_pestat] low and high boundaries for proper pairs: (1, 1064)
[M::mem_pestat] analyzing insert size distribution for orientation RF...
[M::mem_pestat] (25, 50, 75) percentile: (371, 2126, 5878)
[M::mem_pestat] low and high boundaries for computing mean and std.dev: (1, 16892)
[M::mem_pestat] mean and std.dev: (3236.89, 3079.72)
[M::mem_pestat] low and high boundaries for proper pairs: (1, 22399)
[M::mem_pestat] analyzing insert size distribution for orientation RR...
[M::mem_pestat] (25, 50, 75) percentile: (351, 1244, 1883)
[M::mem_pestat] low and high boundaries for computing mean and std.dev: (1, 4947)
[M::mem_pestat] mean and std.dev: (1076.53, 783.74)
[M::mem_pestat] low and high boundaries for proper pairs: (1, 6479)
[M::mem_pestat] skip orientation FF
[M::mem_pestat] skip orientation RF
[M::mem_pestat] skip orientation RR
[M::mem_process_seqs] Processed 1066668 reads in 855.803 CPU sec, 57.636 real sec
[M::process] read 1066668 sequences (160000200 bp)...
[M::process] read 1066668 sequences (160000200 bp)...
[M::mem_pestat] # candidate unique pairs for (FF, FR, RF, RR): (47, 215369, 83, 42)
[M::mem_pestat] analyzing insert size distribution for orientation FF...
[M::mem_pestat] (25, 50, 75) percentile: (258, 473, 1258)
[M::mem_pestat] low and high boundaries for computing mean and std.dev: (1, 3258)
[M::mem_pestat] mean and std.dev: (707.07, 645.87)
[M::mem_pestat] low and high boundaries for proper pairs: (1, 4258)
[M::mem_pestat] analyzing insert size distribution for orientation FR...
[M::mem_pestat] (25, 50, 75) percentile: (293, 377, 481)
[M::mem_pestat] low and high boundaries for computing mean and std.dev: (1, 857)
[M::mem_pestat] mean and std.dev: (388.40, 142.90)
[M::mem_pestat] low and high boundaries for proper pairs: (1, 1045)
[M::mem_pestat] analyzing insert size distribution for orientation RF...
[M::mem_pestat] (25, 50, 75) percentile: (357, 1977, 5371)
[M::mem_pestat] low and high boundaries for computing mean and std.dev: (1, 15399)
[M::mem_pestat] mean and std.dev: (3191.48, 3293.66)
[M::mem_pestat] low and high boundaries for proper pairs: (1, 20413)
[M::mem_pestat] analyzing insert size distribution for orientation RR...
[M::mem_pestat] (25, 50, 75) percentile: (285, 474, 1080)
[M::mem_pestat] low and high boundaries for computing mean and std.dev: (1, 2670)
[M::mem_pestat] mean and std.dev: (590.45, 462.52)
[M::mem_pestat] low and high boundaries for proper pairs: (1, 3465)
[M::mem_pestat] skip orientation FF
[M::mem_pestat] skip orientation RF
[M::mem_pestat] skip orientation RR
[M::mem_process_seqs] Processed 1066668 reads in 849.444 CPU sec, 54.084 real sec
[M::mem_pestat] # candidate unique pairs for (FF, FR, RF, RR): (58, 217142, 89, 23)
[M::mem_pestat] analyzing insert size distribution for orientation FF...
[M::mem_pestat] (25, 50, 75) percentile: (194, 387, 721)
[M::mem_pestat] low and high boundaries for computing mean and std.dev: (1, 1775)
[M::mem_pestat] mean and std.dev: (407.45, 322.39)
[M::mem_pestat] low and high boundaries for proper pairs: (1, 2302)
[M::mem_pestat] analyzing insert size distribution for orientation FR...
[M::mem_pestat] (25, 50, 75) percentile: (297, 382, 487)
[M::mem_pestat] low and high boundaries for computing mean and std.dev: (1, 867)
[M::mem_pestat] mean and std.dev: (393.49, 143.89)
[M::mem_pestat] low and high boundaries for proper pairs: (1, 1057)
[M::mem_pestat] analyzing insert size distribution for orientation RF...
[M::mem_pestat] (25, 50, 75) percentile: (587, 1744, 6099)
[M::mem_pestat] low and high boundaries for computing mean and std.dev: (1, 17123)
[M::mem_pestat] mean and std.dev: (3368.09, 3409.60)
[M::mem_pestat] low and high boundaries for proper pairs: (1, 22635)
[M::mem_pestat] analyzing insert size distribution for orientation RR...
[M::mem_pestat] (25, 50, 75) percentile: (325, 520, 1123)
[M::mem_pestat] low and high boundaries for computing mean and std.dev: (1, 2719)
[M::mem_pestat] mean and std.dev: (612.57, 579.86)
[M::mem_pestat] low and high boundaries for proper pairs: (1, 3517)
[M::mem_pestat] skip orientation FF
[M::mem_pestat] skip orientation RF
[M::mem_pestat] skip orientation RR
[M::process] read 1066668 sequences (160000200 bp)...
[M::mem_process_seqs] Processed 1066668 reads in 854.818 CPU sec, 55.089 real sec
[M::mem_pestat] # candidate unique pairs for (FF, FR, RF, RR): (33, 216849, 80, 32)
[M::mem_pestat] analyzing insert size distribution for orientation FF...
[M::mem_pestat] (25, 50, 75) percentile: (251, 342, 952)
[M::mem_pestat] low and high boundaries for computing mean and std.dev: (1, 2354)
[M::mem_pestat] mean and std.dev: (553.45, 513.40)
[M::mem_pestat] low and high boundaries for proper pairs: (1, 3055)
[M::mem_pestat] analyzing insert size distribution for orientation FR...
[M::mem_pestat] (25, 50, 75) percentile: (294, 379, 484)
[M::mem_pestat] low and high boundaries for computing mean and std.dev: (1, 864)
[M::mem_pestat] mean and std.dev: (390.09, 143.27)
[M::mem_pestat] low and high boundaries for proper pairs: (1, 1054)
[M::mem_pestat] analyzing insert size distribution for orientation RF...
[M::mem_pestat] (25, 50, 75) percentile: (271, 1292, 2931)
[M::mem_pestat] low and high boundaries for computing mean and std.dev: (1, 8251)
[M::mem_pestat] mean and std.dev: (1770.40, 1884.62)
[M::mem_pestat] low and high boundaries for proper pairs: (1, 10911)
[M::mem_pestat] analyzing insert size distribution for orientation RR...
[M::mem_pestat] (25, 50, 75) percentile: (209, 613, 2897)
[M::mem_pestat] low and high boundaries for computing mean and std.dev: (1, 8273)
[M::mem_pestat] mean and std.dev: (1296.03, 1482.86)
[M::mem_pestat] low and high boundaries for proper pairs: (1, 10961)
[M::mem_pestat] skip orientation FF
[M::mem_pestat] skip orientation RF
[M::mem_pestat] skip orientation RR
[M::process] read 1066668 sequences (160000200 bp)...
[M::mem_process_seqs] Processed 1066668 reads in 862.538 CPU sec, 55.427 real sec
[M::mem_pestat] # candidate unique pairs for (FF, FR, RF, RR): (33, 215618, 75, 25)
[M::mem_pestat] analyzing insert size distribution for orientation FF...
[M::mem_pestat] (25, 50, 75) percentile: (364, 1171, 1651)
[M::mem_pestat] low and high boundaries for computing mean and std.dev: (1, 4225)
[M::mem_pestat] mean and std.dev: (959.93, 734.00)
[M::mem_pestat] low and high boundaries for proper pairs: (1, 5512)
[M::mem_pestat] analyzing insert size distribution for orientation FR...
[M::mem_pestat] (25, 50, 75) percentile: (294, 379, 483)
[M::mem_pestat] low and high boundaries for computing mean and std.dev: (1, 861)
[M::mem_pestat] mean and std.dev: (390.13, 143.16)
[M::mem_pestat] low and high boundaries for proper pairs: (1, 1050)
[M::mem_pestat] analyzing insert size distribution for orientation RF...
[M::mem_pestat] (25, 50, 75) percentile: (397, 1283, 5497)
[M::mem_pestat] low and high boundaries for computing mean and std.dev: (1, 15697)
[M::mem_pestat] mean and std.dev: (2847.29, 3043.10)
[M::mem_pestat] low and high boundaries for proper pairs: (1, 20797)
[M::mem_pestat] analyzing insert size distribution for orientation RR...
[M::mem_pestat] (25, 50, 75) percentile: (244, 399, 1683)
[M::mem_pestat] low and high boundaries for computing mean and std.dev: (1, 4561)
[M::mem_pestat] mean and std.dev: (908.09, 1214.00)
[M::mem_pestat] low and high boundaries for proper pairs: (1, 6000)
[M::mem_pestat] skip orientation FF
[M::mem_pestat] skip orientation RF
[M::mem_pestat] skip orientation RR
[M::process] read 1066668 sequences (160000200 bp)...
[M::mem_process_seqs] Processed 1066668 reads in 858.325 CPU sec, 55.190 real sec
[M::mem_pestat] # candidate unique pairs for (FF, FR, RF, RR): (36, 215909, 87, 46)
[M::mem_pestat] analyzing insert size distribution for orientation FF...
[M::mem_pestat] (25, 50, 75) percentile: (313, 513, 1134)
[M::mem_pestat] low and high boundaries for computing mean and std.dev: (1, 2776)
[M::mem_pestat] mean and std.dev: (672.74, 520.63)
[M::mem_pestat] low and high boundaries for proper pairs: (1, 3597)
[M::mem_pestat] analyzing insert size distribution for orientation FR...
[M::mem_pestat] (25, 50, 75) percentile: (294, 376, 476)
[M::mem_pestat] low and high boundaries for computing mean and std.dev: (1, 840)
[M::mem_pestat] mean and std.dev: (385.66, 140.00)
[M::mem_pestat] low and high boundaries for proper pairs: (1, 1022)
[M::mem_pestat] analyzing insert size distribution for orientation RF...
[M::mem_pestat] (25, 50, 75) percentile: (134, 865, 5871)
[M::mem_pestat] low and high boundaries for computing mean and std.dev: (1, 17345)
[M::mem_pestat] mean and std.dev: (2690.34, 3249.42)
[M::mem_pestat] low and high boundaries for proper pairs: (1, 23082)
[M::mem_pestat] analyzing insert size distribution for orientation RR...
[M::mem_pestat] (25, 50, 75) percentile: (268, 673, 3833)
[M::mem_pestat] low and high boundaries for computing mean and std.dev: (1, 10963)
[M::mem_pestat] mean and std.dev: (1880.33, 2418.06)
[M::mem_pestat] low and high boundaries for proper pairs: (1, 14528)
[M::mem_pestat] skip orientation FF
[M::mem_pestat] skip orientation RF
[M::mem_pestat] skip orientation RR
[M::process] read 1066668 sequences (160000200 bp)...
[M::mem_process_seqs] Processed 1066668 reads in 856.211 CPU sec, 55.195 real sec
[M::mem_pestat] # candidate unique pairs for (FF, FR, RF, RR): (33, 216795, 85, 32)
[M::mem_pestat] analyzing insert size distribution for orientation FF...
[M::mem_pestat] (25, 50, 75) percentile: (336, 515, 1248)
[M::mem_pestat] low and high boundaries for computing mean and std.dev: (1, 3072)
[M::mem_pestat] mean and std.dev: (735.26, 725.55)
[M::mem_pestat] low and high boundaries for proper pairs: (1, 3984)
[M::mem_pestat] analyzing insert size distribution for orientation FR...
[M::mem_pestat] (25, 50, 75) percentile: (299, 382, 484)
[M::mem_pestat] low and high boundaries for computing mean and std.dev: (1, 854)
[M::mem_pestat] mean and std.dev: (391.70, 141.41)
[M::mem_pestat] low and high boundaries for proper pairs: (1, 1039)
[M::mem_pestat] analyzing insert size distribution for orientation RF...
[M::mem_pestat] (25, 50, 75) percentile: (344, 1429, 5516)
[M::mem_pestat] low and high boundaries for computing mean and std.dev: (1, 15860)
[M::mem_pestat] mean and std.dev: (3254.82, 3166.12)
[M::mem_pestat] low and high boundaries for proper pairs: (1, 21032)
[M::mem_pestat] analyzing insert size distribution for orientation RR...
[M::mem_pestat] (25, 50, 75) percentile: (301, 358, 617)
[M::mem_pestat] low and high boundaries for computing mean and std.dev: (1, 1249)
[M::mem_pestat] mean and std.dev: (396.89, 218.85)
[M::mem_pestat] low and high boundaries for proper pairs: (1, 1565)
[M::mem_pestat] skip orientation FF
[M::mem_pestat] skip orientation RF
[M::mem_pestat] skip orientation RR
[M::process] read 1066668 sequences (160000200 bp)...
[M::mem_process_seqs] Processed 1066668 reads in 834.736 CPU sec, 53.768 real sec
[M::mem_pestat] # candidate unique pairs for (FF, FR, RF, RR): (35, 217241, 71, 31)
[M::mem_pestat] analyzing insert size distribution for orientation FF...
[M::mem_pestat] (25, 50, 75) percentile: (254, 539, 4338)
[M::mem_pestat] low and high boundaries for computing mean and std.dev: (1, 12506)
[M::mem_pestat] mean and std.dev: (2574.34, 3463.99)
[M::mem_pestat] low and high boundaries for proper pairs: (1, 16590)
[M::mem_pestat] analyzing insert size distribution for orientation FR...
[M::mem_pestat] (25, 50, 75) percentile: (298, 380, 479)
[M::mem_pestat] low and high boundaries for computing mean and std.dev: (1, 841)
[M::mem_pestat] mean and std.dev: (388.47, 137.77)
[M::mem_pestat] low and high boundaries for proper pairs: (1, 1022)
[M::mem_pestat] analyzing insert size distribution for orientation RF...
[M::mem_pestat] (25, 50, 75) percentile: (164, 1041, 3810)
[M::mem_pestat] low and high boundaries for computing mean and std.dev: (1, 11102)
[M::mem_pestat] mean and std.dev: (2341.66, 2786.05)
[M::mem_pestat] low and high boundaries for proper pairs: (1, 14748)
[M::mem_pestat] analyzing insert size distribution for orientation RR...
[M::mem_pestat] (25, 50, 75) percentile: (252, 291, 843)
[M::mem_pestat] low and high boundaries for computing mean and std.dev: (1, 2025)
[M::mem_pestat] mean and std.dev: (506.36, 415.75)
[M::mem_pestat] low and high boundaries for proper pairs: (1, 2616)
[M::mem_pestat] skip orientation FF
[M::mem_pestat] skip orientation RF
[M::mem_pestat] skip orientation RR
[M::process] read 1066668 sequences (160000200 bp)...
[M::mem_process_seqs] Processed 1066668 reads in 835.820 CPU sec, 53.698 real sec
[M::mem_pestat] # candidate unique pairs for (FF, FR, RF, RR): (35, 216740, 85, 38)
[M::mem_pestat] analyzing insert size distribution for orientation FF...
[M::mem_pestat] (25, 50, 75) percentile: (301, 433, 1969)
[M::mem_pestat] low and high boundaries for computing mean and std.dev: (1, 5305)
[M::mem_pestat] mean and std.dev: (757.58, 852.93)
[M::mem_pestat] low and high boundaries for proper pairs: (1, 6973)
[M::mem_pestat] analyzing insert size distribution for orientation FR...
[M::mem_pestat] (25, 50, 75) percentile: (298, 383, 488)
[M::mem_pestat] low and high boundaries for computing mean and std.dev: (1, 868)
[M::mem_pestat] mean and std.dev: (393.85, 143.64)
[M::mem_pestat] low and high boundaries for proper pairs: (1, 1058)
[M::mem_pestat] analyzing insert size distribution for orientation RF...
[M::mem_pestat] (25, 50, 75) percentile: (360, 1001, 2597)
[M::mem_pestat] low and high boundaries for computing mean and std.dev: (1, 7071)
[M::mem_pestat] mean and std.dev: (1678.22, 1800.60)
[M::mem_pestat] low and high boundaries for proper pairs: (1, 9308)
[M::mem_pestat] analyzing insert size distribution for orientation RR...
[M::mem_pestat] (25, 50, 75) percentile: (251, 405, 921)
[M::mem_pestat] low and high boundaries for computing mean and std.dev: (1, 2261)
[M::mem_pestat] mean and std.dev: (549.85, 472.44)
[M::mem_pestat] low and high boundaries for proper pairs: (1, 2931)
[M::mem_pestat] skip orientation FF
[M::mem_pestat] skip orientation RF
[M::mem_pestat] skip orientation RR
[M::process] read 1066668 sequences (160000200 bp)...
[M::mem_process_seqs] Processed 1066668 reads in 842.035 CPU sec, 54.191 real sec
[M::mem_pestat] # candidate unique pairs for (FF, FR, RF, RR): (44, 216336, 62, 51)
[M::mem_pestat] analyzing insert size distribution for orientation FF...
[M::mem_pestat] (25, 50, 75) percentile: (256, 754, 1267)
[M::mem_pestat] low and high boundaries for computing mean and std.dev: (1, 3289)
[M::mem_pestat] mean and std.dev: (702.87, 523.01)
[M::mem_pestat] low and high boundaries for proper pairs: (1, 4300)
[M::mem_pestat] analyzing insert size distribution for orientation FR...
[M::mem_pestat] (25, 50, 75) percentile: (297, 381, 484)
[M::mem_pestat] low and high boundaries for computing mean and std.dev: (1, 858)
[M::mem_pestat] mean and std.dev: (391.52, 141.91)
[M::mem_pestat] low and high boundaries for proper pairs: (1, 1045)
[M::mem_pestat] analyzing insert size distribution for orientation RF...
[M::mem_pestat] (25, 50, 75) percentile: (451, 1797, 6149)
[M::mem_pestat] low and high boundaries for computing mean and std.dev: (1, 17545)
[M::mem_pestat] mean and std.dev: (3259.71, 3351.65)
[M::mem_pestat] low and high boundaries for proper pairs: (1, 23243)
[M::mem_pestat] analyzing insert size distribution for orientation RR...
[M::mem_pestat] (25, 50, 75) percentile: (300, 381, 915)
[M::mem_pestat] low and high boundaries for computing mean and std.dev: (1, 2145)
[M::mem_pestat] mean and std.dev: (459.74, 324.30)
[M::mem_pestat] low and high boundaries for proper pairs: (1, 2760)
[M::mem_pestat] skip orientation FF
[M::mem_pestat] skip orientation RF
[M::mem_pestat] skip orientation RR
[M::process] read 1066668 sequences (160000200 bp)...
[M::mem_process_seqs] Processed 1066668 reads in 853.538 CPU sec, 54.824 real sec
[M::mem_pestat] # candidate unique pairs for (FF, FR, RF, RR): (39, 215786, 92, 39)
[M::mem_pestat] analyzing insert size distribution for orientation FF...
[M::mem_pestat] (25, 50, 75) percentile: (232, 430, 876)
[M::mem_pestat] low and high boundaries for computing mean and std.dev: (1, 2164)
[M::mem_pestat] mean and std.dev: (488.64, 365.85)
[M::mem_pestat] low and high boundaries for proper pairs: (1, 2808)
[M::mem_pestat] analyzing insert size distribution for orientation FR...
[M::mem_pestat] (25, 50, 75) percentile: (296, 379, 481)
[M::mem_pestat] low and high boundaries for computing mean and std.dev: (1, 851)
[M::mem_pestat] mean and std.dev: (389.31, 141.21)
[M::mem_pestat] low and high boundaries for proper pairs: (1, 1036)
[M::mem_pestat] analyzing insert size distribution for orientation RF...
[M::mem_pestat] (25, 50, 75) percentile: (334, 2578, 5189)
[M::mem_pestat] low and high boundaries for computing mean and std.dev: (1, 14899)
[M::mem_pestat] mean and std.dev: (3100.87, 2979.54)
[M::mem_pestat] low and high boundaries for proper pairs: (1, 19754)
[M::mem_pestat] analyzing insert size distribution for orientation RR...
[M::mem_pestat] (25, 50, 75) percentile: (350, 459, 3303)
[M::mem_pestat] low and high boundaries for computing mean and std.dev: (1, 9209)
[M::mem_pestat] mean and std.dev: (1036.22, 1520.74)
[M::mem_pestat] low and high boundaries for proper pairs: (1, 12162)
[M::mem_pestat] skip orientation FF
[M::mem_pestat] skip orientation RF
[M::mem_pestat] skip orientation RR
[M::process] read 1066668 sequences (160000200 bp)...
[M::mem_process_seqs] Processed 1066668 reads in 856.759 CPU sec, 55.011 real sec
[M::mem_pestat] # candidate unique pairs for (FF, FR, RF, RR): (40, 215835, 59, 41)
[M::mem_pestat] analyzing insert size distribution for orientation FF...
[M::mem_pestat] (25, 50, 75) percentile: (331, 812, 1978)
[M::mem_pestat] low and high boundaries for computing mean and std.dev: (1, 5272)
[M::mem_pestat] mean and std.dev: (1032.66, 1056.38)
[M::mem_pestat] low and high boundaries for proper pairs: (1, 6919)
[M::mem_pestat] analyzing insert size distribution for orientation FR...
[M::mem_pestat] (25, 50, 75) percentile: (294, 378, 482)
[M::mem_pestat] low and high boundaries for computing mean and std.dev: (1, 858)
[M::mem_pestat] mean and std.dev: (389.34, 142.13)
[M::mem_pestat] low and high boundaries for proper pairs: (1, 1046)
[M::mem_pestat] analyzing insert size distribution for orientation RF...
[M::mem_pestat] (25, 50, 75) percentile: (175, 1090, 3253)
[M::mem_pestat] low and high boundaries for computing mean and std.dev: (1, 9409)
[M::mem_pestat] mean and std.dev: (2090.49, 2377.48)
[M::mem_pestat] low and high boundaries for proper pairs: (1, 12487)
[M::mem_pestat] analyzing insert size distribution for orientation RR...
[M::mem_pestat] (25, 50, 75) percentile: (330, 545, 2355)
[M::mem_pestat] low and high boundaries for computing mean and std.dev: (1, 6405)
[M::mem_pestat] mean and std.dev: (1258.30, 1367.07)
[M::mem_pestat] low and high boundaries for proper pairs: (1, 8430)
[M::mem_pestat] skip orientation FF
[M::mem_pestat] skip orientation RF
[M::mem_pestat] skip orientation RR
[M::process] read 1066668 sequences (160000200 bp)...
[M::mem_process_seqs] Processed 1066668 reads in 857.485 CPU sec, 55.184 real sec
[M::mem_pestat] # candidate unique pairs for (FF, FR, RF, RR): (38, 216273, 76, 35)
[M::mem_pestat] analyzing insert size distribution for orientation FF...
[M::mem_pestat] (25, 50, 75) percentile: (223, 399, 518)
[M::mem_pestat] low and high boundaries for computing mean and std.dev: (1, 1108)
[M::mem_pestat] mean and std.dev: (336.31, 173.44)
[M::mem_pestat] low and high boundaries for proper pairs: (1, 1403)
[M::mem_pestat] analyzing insert size distribution for orientation FR...
[M::mem_pestat] (25, 50, 75) percentile: (291, 375, 479)
[M::mem_pestat] low and high boundaries for computing mean and std.dev: (1, 855)
[M::mem_pestat] mean and std.dev: (385.93, 142.18)
[M::mem_pestat] low and high boundaries for proper pairs: (1, 1043)
[M::mem_pestat] analyzing insert size distribution for orientation RF...
[M::mem_pestat] (25, 50, 75) percentile: (582, 1614, 5189)
[M::mem_pestat] low and high boundaries for computing mean and std.dev: (1, 14403)
[M::mem_pestat] mean and std.dev: (2989.57, 3041.39)
[M::mem_pestat] low and high boundaries for proper pairs: (1, 19010)
[M::mem_pestat] analyzing insert size distribution for orientation RR...
[M::mem_pestat] (25, 50, 75) percentile: (340, 492, 717)
[M::mem_pestat] low and high boundaries for computing mean and std.dev: (1, 1471)
[M::mem_pestat] mean and std.dev: (473.57, 283.18)
[M::mem_pestat] low and high boundaries for proper pairs: (1, 1848)
[M::mem_pestat] skip orientation FF
[M::mem_pestat] skip orientation RF
[M::mem_pestat] skip orientation RR
[M::process] read 1066668 sequences (160000200 bp)...
[M::mem_process_seqs] Processed 1066668 reads in 870.410 CPU sec, 56.002 real sec
[M::mem_pestat] # candidate unique pairs for (FF, FR, RF, RR): (34, 215460, 69, 36)
[M::mem_pestat] analyzing insert size distribution for orientation FF...
[M::mem_pestat] (25, 50, 75) percentile: (253, 941, 2061)
[M::mem_pestat] low and high boundaries for computing mean and std.dev: (1, 5677)
[M::mem_pestat] mean and std.dev: (1128.32, 1098.80)
[M::mem_pestat] low and high boundaries for proper pairs: (1, 7485)
[M::mem_pestat] analyzing insert size distribution for orientation FR...
[M::mem_pestat] (25, 50, 75) percentile: (297, 384, 492)
[M::mem_pestat] low and high boundaries for computing mean and std.dev: (1, 882)
[M::mem_pestat] mean and std.dev: (395.32, 146.27)
[M::mem_pestat] low and high boundaries for proper pairs: (1, 1077)
[M::mem_pestat] analyzing insert size distribution for orientation RF...
[M::mem_pestat] (25, 50, 75) percentile: (394, 1784, 4207)
[M::mem_pestat] low and high boundaries for computing mean and std.dev: (1, 11833)
[M::mem_pestat] mean and std.dev: (2430.06, 2453.30)
[M::mem_pestat] low and high boundaries for proper pairs: (1, 15646)
[M::mem_pestat] analyzing insert size distribution for orientation RR...
[M::mem_pestat] (25, 50, 75) percentile: (209, 344, 787)
[M::mem_pestat] low and high boundaries for computing mean and std.dev: (1, 1943)
[M::mem_pestat] mean and std.dev: (431.94, 383.87)
[M::mem_pestat] low and high boundaries for proper pairs: (1, 2521)
[M::mem_pestat] skip orientation FF
[M::mem_pestat] skip orientation RF
[M::mem_pestat] skip orientation RR
[M::process] read 1066668 sequences (160000200 bp)...
[M::mem_process_seqs] Processed 1066668 reads in 885.938 CPU sec, 57.069 real sec
[M::mem_pestat] # candidate unique pairs for (FF, FR, RF, RR): (57, 214129, 89, 43)
[M::mem_pestat] analyzing insert size distribution for orientation FF...
[M::mem_pestat] (25, 50, 75) percentile: (287, 434, 689)
[M::mem_pestat] low and high boundaries for computing mean and std.dev: (1, 1493)
[M::mem_pestat] mean and std.dev: (409.56, 210.68)
[M::mem_pestat] low and high boundaries for proper pairs: (1, 1895)
[M::mem_pestat] analyzing insert size distribution for orientation FR...
[M::mem_pestat] (25, 50, 75) percentile: (310, 405, 518)
[M::mem_pestat] low and high boundaries for computing mean and std.dev: (1, 934)
[M::mem_pestat] mean and std.dev: (414.19, 153.02)
[M::mem_pestat] low and high boundaries for proper pairs: (1, 1142)
[M::mem_pestat] analyzing insert size distribution for orientation RF...
[M::mem_pestat] (25, 50, 75) percentile: (1078, 2773, 8002)
[M::mem_pestat] low and high boundaries for computing mean and std.dev: (1, 21850)
[M::mem_pestat] mean and std.dev: (3978.31, 3473.16)
[M::mem_pestat] low and high boundaries for proper pairs: (1, 28774)
[M::mem_pestat] analyzing insert size distribution for orientation RR...
[M::mem_pestat] (25, 50, 75) percentile: (298, 498, 1344)
[M::mem_pestat] low and high boundaries for computing mean and std.dev: (1, 3436)
[M::mem_pestat] mean and std.dev: (999.24, 1016.46)
[M::mem_pestat] low and high boundaries for proper pairs: (1, 5065)
[M::mem_pestat] skip orientation FF
[M::mem_pestat] skip orientation RF
[M::mem_pestat] skip orientation RR
[M::process] read 1066668 sequences (160000200 bp)...
[M::mem_process_seqs] Processed 1066668 reads in 868.080 CPU sec, 55.820 real sec
[M::mem_pestat] # candidate unique pairs for (FF, FR, RF, RR): (57, 214394, 90, 29)
[M::mem_pestat] analyzing insert size distribution for orientation FF...
[M::mem_pestat] (25, 50, 75) percentile: (306, 445, 1523)
[M::mem_pestat] low and high boundaries for computing mean and std.dev: (1, 3957)
[M::mem_pestat] mean and std.dev: (698.94, 642.08)
[M::mem_pestat] low and high boundaries for proper pairs: (1, 5174)
[M::mem_pestat] analyzing insert size distribution for orientation FR...
[M::mem_pestat] (25, 50, 75) percentile: (308, 402, 515)
[M::mem_pestat] low and high boundaries for computing mean and std.dev: (1, 929)
[M::mem_pestat] mean and std.dev: (412.01, 152.30)
[M::mem_pestat] low and high boundaries for proper pairs: (1, 1136)
[M::mem_pestat] analyzing insert size distribution for orientation RF...
[M::mem_pestat] (25, 50, 75) percentile: (444, 2152, 6709)
[M::mem_pestat] low and high boundaries for computing mean and std.dev: (1, 19239)
[M::mem_pestat] mean and std.dev: (3326.02, 3338.20)
[M::mem_pestat] low and high boundaries for proper pairs: (1, 25504)
[M::mem_pestat] analyzing insert size distribution for orientation RR...
[M::mem_pestat] (25, 50, 75) percentile: (125, 196, 1206)
[M::mem_pestat] low and high boundaries for computing mean and std.dev: (1, 3368)
[M::mem_pestat] mean and std.dev: (423.80, 488.10)
[M::mem_pestat] low and high boundaries for proper pairs: (1, 4449)
[M::mem_pestat] skip orientation FF
[M::mem_pestat] skip orientation RF
[M::mem_pestat] skip orientation RR
[M::process] read 1066668 sequences (160000200 bp)...
[M::mem_process_seqs] Processed 1066668 reads in 865.188 CPU sec, 55.463 real sec
[M::mem_pestat] # candidate unique pairs for (FF, FR, RF, RR): (30, 214719, 72, 29)
[M::mem_pestat] analyzing insert size distribution for orientation FF...
[M::mem_pestat] (25, 50, 75) percentile: (227, 834, 1758)
[M::mem_pestat] low and high boundaries for computing mean and std.dev: (1, 4820)
[M::mem_pestat] mean and std.dev: (1032.72, 949.25)
[M::mem_pestat] low and high boundaries for proper pairs: (1, 6351)
[M::mem_pestat] analyzing insert size distribution for orientation FR...
[M::mem_pestat] (25, 50, 75) percentile: (302, 394, 507)
[M::mem_pestat] low and high boundaries for computing mean and std.dev: (1, 917)
[M::mem_pestat] mean and std.dev: (405.44, 151.65)
[M::mem_pestat] low and high boundaries for proper pairs: (1, 1122)
[M::mem_pestat] analyzing insert size distribution for orientation RF...
[M::mem_pestat] (25, 50, 75) percentile: (308, 2183, 6985)
[M::mem_pestat] low and high boundaries for computing mean and std.dev: (1, 20339)
[M::mem_pestat] mean and std.dev: (3369.25, 3196.65)
[M::mem_pestat] low and high boundaries for proper pairs: (1, 27016)
[M::mem_pestat] analyzing insert size distribution for orientation RR...
[M::mem_pestat] (25, 50, 75) percentile: (260, 464, 1988)
[M::mem_pestat] low and high boundaries for computing mean and std.dev: (1, 5444)
[M::mem_pestat] mean and std.dev: (1042.26, 1357.21)
[M::mem_pestat] low and high boundaries for proper pairs: (1, 7172)
[M::mem_pestat] skip orientation FF
[M::mem_pestat] skip orientation RF
[M::mem_pestat] skip orientation RR
[M::process] read 1066668 sequences (160000200 bp)...
[M::mem_process_seqs] Processed 1066668 reads in 866.617 CPU sec, 55.627 real sec
[M::mem_pestat] # candidate unique pairs for (FF, FR, RF, RR): (71, 214628, 104, 51)
[M::mem_pestat] analyzing insert size distribution for orientation FF...
[M::mem_pestat] (25, 50, 75) percentile: (417, 648, 1275)
[M::mem_pestat] low and high boundaries for computing mean and std.dev: (1, 2991)
[M::mem_pestat] mean and std.dev: (726.49, 542.86)
[M::mem_pestat] low and high boundaries for proper pairs: (1, 3849)
[M::mem_pestat] analyzing insert size distribution for orientation FR...
[M::mem_pestat] (25, 50, 75) percentile: (302, 393, 503)
[M::mem_pestat] low and high boundaries for computing mean and std.dev: (1, 905)
[M::mem_pestat] mean and std.dev: (403.80, 149.57)
[M::mem_pestat] low and high boundaries for proper pairs: (1, 1106)
[M::mem_pestat] analyzing insert size distribution for orientation RF...
[M::mem_pestat] (25, 50, 75) percentile: (287, 1194, 2552)
[M::mem_pestat] low and high boundaries for computing mean and std.dev: (1, 7082)
[M::mem_pestat] mean and std.dev: (1442.75, 1592.69)
[M::mem_pestat] low and high boundaries for proper pairs: (1, 9347)
[M::mem_pestat] analyzing insert size distribution for orientation RR...
[M::mem_pestat] (25, 50, 75) percentile: (344, 1048, 2068)
[M::mem_pestat] low and high boundaries for computing mean and std.dev: (1, 5516)
[M::mem_pestat] mean and std.dev: (1383.58, 1376.28)
[M::mem_pestat] low and high boundaries for proper pairs: (1, 7240)
[M::mem_pestat] skip orientation FF
[M::mem_pestat] skip orientation RF
[M::mem_pestat] skip orientation RR
[M::process] read 1066668 sequences (160000200 bp)...
[M::mem_process_seqs] Processed 1066668 reads in 863.599 CPU sec, 55.522 real sec
[M::mem_pestat] # candidate unique pairs for (FF, FR, RF, RR): (41, 216090, 71, 37)
[M::mem_pestat] analyzing insert size distribution for orientation FF...
[M::mem_pestat] (25, 50, 75) percentile: (263, 436, 2407)
[M::mem_pestat] low and high boundaries for computing mean and std.dev: (1, 6695)
[M::mem_pestat] mean and std.dev: (862.97, 1010.64)
[M::mem_pestat] low and high boundaries for proper pairs: (1, 8839)
[M::mem_pestat] analyzing insert size distribution for orientation FR...
[M::mem_pestat] (25, 50, 75) percentile: (302, 392, 504)
[M::mem_pestat] low and high boundaries for computing mean and std.dev: (1, 908)
[M::mem_pestat] mean and std.dev: (403.96, 150.08)
[M::mem_pestat] low and high boundaries for proper pairs: (1, 1110)
[M::mem_pestat] analyzing insert size distribution for orientation RF...
[M::mem_pestat] (25, 50, 75) percentile: (348, 1402, 4722)
[M::mem_pestat] low and high boundaries for computing mean and std.dev: (1, 13470)
[M::mem_pestat] mean and std.dev: (2800.03, 2941.45)
[M::mem_pestat] low and high boundaries for proper pairs: (1, 17844)
[M::mem_pestat] analyzing insert size distribution for orientation RR...
[M::mem_pestat] (25, 50, 75) percentile: (230, 432, 815)
[M::mem_pestat] low and high boundaries for computing mean and std.dev: (1, 1985)
[M::mem_pestat] mean and std.dev: (459.61, 366.60)
[M::mem_pestat] low and high boundaries for proper pairs: (1, 2570)
[M::mem_pestat] skip orientation FF
[M::mem_pestat] skip orientation RF
[M::mem_pestat] skip orientation RR
[M::mem_process_seqs] Processed 1066668 reads in 864.501 CPU sec, 57.299 real sec
[M::process] read 1066668 sequences (160000200 bp)...
[M::process] read 1066668 sequences (160000200 bp)...
[M::mem_pestat] # candidate unique pairs for (FF, FR, RF, RR): (46, 215710, 95, 36)
[M::mem_pestat] analyzing insert size distribution for orientation FF...
[M::mem_pestat] (25, 50, 75) percentile: (423, 619, 1418)
[M::mem_pestat] low and high boundaries for computing mean and std.dev: (1, 3408)
[M::mem_pestat] mean and std.dev: (862.98, 763.31)
[M::mem_pestat] low and high boundaries for proper pairs: (1, 4403)
[M::mem_pestat] analyzing insert size distribution for orientation FR...
[M::mem_pestat] (25, 50, 75) percentile: (303, 391, 502)
[M::mem_pestat] low and high boundaries for computing mean and std.dev: (1, 900)
[M::mem_pestat] mean and std.dev: (403.27, 148.58)
[M::mem_pestat] low and high boundaries for proper pairs: (1, 1099)
[M::mem_pestat] analyzing insert size distribution for orientation RF...
[M::mem_pestat] (25, 50, 75) percentile: (338, 1972, 4540)
[M::mem_pestat] low and high boundaries for computing mean and std.dev: (1, 12944)
[M::mem_pestat] mean and std.dev: (2950.76, 3102.69)
[M::mem_pestat] low and high boundaries for proper pairs: (1, 17146)
[M::mem_pestat] analyzing insert size distribution for orientation RR...
[M::mem_pestat] (25, 50, 75) percentile: (274, 567, 1432)
[M::mem_pestat] low and high boundaries for computing mean and std.dev: (1, 3748)
[M::mem_pestat] mean and std.dev: (648.35, 533.17)
[M::mem_pestat] low and high boundaries for proper pairs: (1, 4906)
[M::mem_pestat] skip orientation FF
[M::mem_pestat] skip orientation RF
[M::mem_pestat] skip orientation RR
[M::mem_process_seqs] Processed 1066668 reads in 871.091 CPU sec, 55.482 real sec
[M::mem_pestat] # candidate unique pairs for (FF, FR, RF, RR): (51, 215502, 85, 41)
[M::mem_pestat] analyzing insert size distribution for orientation FF...
[M::mem_pestat] (25, 50, 75) percentile: (269, 523, 1001)
[M::mem_pestat] low and high boundaries for computing mean and std.dev: (1, 2465)
[M::mem_pestat] mean and std.dev: (515.43, 346.52)
[M::mem_pestat] low and high boundaries for proper pairs: (1, 3197)
[M::mem_pestat] analyzing insert size distribution for orientation FR...
[M::mem_pestat] (25, 50, 75) percentile: (301, 389, 497)
[M::mem_pestat] low and high boundaries for computing mean and std.dev: (1, 889)
[M::mem_pestat] mean and std.dev: (400.81, 147.35)
[M::mem_pestat] low and high boundaries for proper pairs: (1, 1085)
[M::mem_pestat] analyzing insert size distribution for orientation RF...
[M::mem_pestat] (25, 50, 75) percentile: (394, 1404, 5241)
[M::mem_pestat] low and high boundaries for computing mean and std.dev: (1, 14935)
[M::mem_pestat] mean and std.dev: (2950.71, 3172.24)
[M::mem_pestat] low and high boundaries for proper pairs: (1, 19782)
[M::mem_pestat] analyzing insert size distribution for orientation RR...
[M::mem_pestat] (25, 50, 75) percentile: (270, 455, 1075)
[M::mem_pestat] low and high boundaries for computing mean and std.dev: (1, 2685)
[M::mem_pestat] mean and std.dev: (492.46, 375.28)
[M::mem_pestat] low and high boundaries for proper pairs: (1, 3490)
[M::mem_pestat] skip orientation FF
[M::mem_pestat] skip orientation RF
[M::mem_pestat] skip orientation RR
[M::process] read 1066668 sequences (160000200 bp)...
[M::mem_process_seqs] Processed 1066668 reads in 868.455 CPU sec, 55.846 real sec
[M::mem_pestat] # candidate unique pairs for (FF, FR, RF, RR): (33, 214227, 89, 41)
[M::mem_pestat] analyzing insert size distribution for orientation FF...
[M::mem_pestat] (25, 50, 75) percentile: (346, 491, 1397)
[M::mem_pestat] low and high boundaries for computing mean and std.dev: (1, 3499)
[M::mem_pestat] mean and std.dev: (698.86, 578.86)
[M::mem_pestat] low and high boundaries for proper pairs: (1, 4550)
[M::mem_pestat] analyzing insert size distribution for orientation FR...
[M::mem_pestat] (25, 50, 75) percentile: (296, 388, 505)
[M::mem_pestat] low and high boundaries for computing mean and std.dev: (1, 923)
[M::mem_pestat] mean and std.dev: (401.95, 154.00)
[M::mem_pestat] low and high boundaries for proper pairs: (1, 1132)
[M::mem_pestat] analyzing insert size distribution for orientation RF...
[M::mem_pestat] (25, 50, 75) percentile: (316, 1210, 2773)
[M::mem_pestat] low and high boundaries for computing mean and std.dev: (1, 7687)
[M::mem_pestat] mean and std.dev: (1680.12, 1917.70)
[M::mem_pestat] low and high boundaries for proper pairs: (1, 10144)
[M::mem_pestat] analyzing insert size distribution for orientation RR...
[M::mem_pestat] (25, 50, 75) percentile: (443, 1466, 8497)
[M::mem_pestat] low and high boundaries for computing mean and std.dev: (1, 24605)
[M::mem_pestat] mean and std.dev: (2927.95, 3538.74)
[M::mem_pestat] low and high boundaries for proper pairs: (1, 32659)
[M::mem_pestat] skip orientation FF
[M::mem_pestat] skip orientation RF
[M::mem_pestat] skip orientation RR
[M::process] read 1066668 sequences (160000200 bp)...
[M::mem_process_seqs] Processed 1066668 reads in 883.329 CPU sec, 56.740 real sec
[M::mem_pestat] # candidate unique pairs for (FF, FR, RF, RR): (39, 212836, 80, 39)
[M::mem_pestat] analyzing insert size distribution for orientation FF...
[M::mem_pestat] (25, 50, 75) percentile: (300, 681, 1593)
[M::mem_pestat] low and high boundaries for computing mean and std.dev: (1, 4179)
[M::mem_pestat] mean and std.dev: (888.61, 762.01)
[M::mem_pestat] low and high boundaries for proper pairs: (1, 5472)
[M::mem_pestat] analyzing insert size distribution for orientation FR...
[M::mem_pestat] (25, 50, 75) percentile: (302, 397, 513)
[M::mem_pestat] low and high boundaries for computing mean and std.dev: (1, 935)
[M::mem_pestat] mean and std.dev: (408.75, 155.23)
[M::mem_pestat] low and high boundaries for proper pairs: (1, 1146)
[M::mem_pestat] analyzing insert size distribution for orientation RF...
[M::mem_pestat] (25, 50, 75) percentile: (170, 913, 4046)
[M::mem_pestat] low and high boundaries for computing mean and std.dev: (1, 11798)
[M::mem_pestat] mean and std.dev: (2571.65, 2999.88)
[M::mem_pestat] low and high boundaries for proper pairs: (1, 15674)
[M::mem_pestat] analyzing insert size distribution for orientation RR...
[M::mem_pestat] (25, 50, 75) percentile: (190, 234, 2122)
[M::mem_pestat] low and high boundaries for computing mean and std.dev: (1, 5986)
[M::mem_pestat] mean and std.dev: (960.33, 1128.25)
[M::mem_pestat] low and high boundaries for proper pairs: (1, 7918)
[M::mem_pestat] skip orientation FF
[M::mem_pestat] skip orientation RF
[M::mem_pestat] skip orientation RR
[M::process] read 1066668 sequences (160000200 bp)...
[M::mem_process_seqs] Processed 1066668 reads in 870.799 CPU sec, 55.887 real sec
[M::mem_pestat] # candidate unique pairs for (FF, FR, RF, RR): (40, 214188, 98, 41)
[M::mem_pestat] analyzing insert size distribution for orientation FF...
[M::mem_pestat] (25, 50, 75) percentile: (222, 708, 1769)
[M::mem_pestat] low and high boundaries for computing mean and std.dev: (1, 4863)
[M::mem_pestat] mean and std.dev: (883.95, 887.68)
[M::mem_pestat] low and high boundaries for proper pairs: (1, 6410)
[M::mem_pestat] analyzing insert size distribution for orientation FR...
[M::mem_pestat] (25, 50, 75) percentile: (302, 397, 514)
[M::mem_pestat] low and high boundaries for computing mean and std.dev: (1, 938)
[M::mem_pestat] mean and std.dev: (409.26, 155.80)
[M::mem_pestat] low and high boundaries for proper pairs: (1, 1150)
[M::mem_pestat] analyzing insert size distribution for orientation RF...
[M::mem_pestat] (25, 50, 75) percentile: (291, 676, 3532)
[M::mem_pestat] low and high boundaries for computing mean and std.dev: (1, 10014)
[M::mem_pestat] mean and std.dev: (2285.30, 2743.12)
[M::mem_pestat] low and high boundaries for proper pairs: (1, 13258)
[M::mem_pestat] analyzing insert size distribution for orientation RR...
[M::mem_pestat] (25, 50, 75) percentile: (114, 217, 606)
[M::mem_pestat] low and high boundaries for computing mean and std.dev: (1, 1590)
[M::mem_pestat] mean and std.dev: (357.18, 394.99)
[M::mem_pestat] low and high boundaries for proper pairs: (1, 2082)
[M::mem_pestat] skip orientation FF
[M::mem_pestat] skip orientation RF
[M::mem_pestat] skip orientation RR
[M::process] read 1066668 sequences (160000200 bp)...
[M::mem_process_seqs] Processed 1066668 reads in 867.259 CPU sec, 55.718 real sec
[M::mem_pestat] # candidate unique pairs for (FF, FR, RF, RR): (31, 214979, 67, 46)
[M::mem_pestat] analyzing insert size distribution for orientation FF...
[M::mem_pestat] (25, 50, 75) percentile: (409, 856, 3861)
[M::mem_pestat] low and high boundaries for computing mean and std.dev: (1, 10765)
[M::mem_pestat] mean and std.dev: (1799.87, 1847.15)
[M::mem_pestat] low and high boundaries for proper pairs: (1, 14217)
[M::mem_pestat] analyzing insert size distribution for orientation FR...
[M::mem_pestat] (25, 50, 75) percentile: (303, 396, 510)
[M::mem_pestat] low and high boundaries for computing mean and std.dev: (1, 924)
[M::mem_pestat] mean and std.dev: (407.65, 153.08)
[M::mem_pestat] low and high boundaries for proper pairs: (1, 1131)
[M::mem_pestat] analyzing insert size distribution for orientation RF...
[M::mem_pestat] (25, 50, 75) percentile: (226, 4198, 7846)
[M::mem_pestat] low and high boundaries for computing mean and std.dev: (1, 23086)
[M::mem_pestat] mean and std.dev: (4306.52, 3804.83)
[M::mem_pestat] low and high boundaries for proper pairs: (1, 30706)
[M::mem_pestat] analyzing insert size distribution for orientation RR...
[M::mem_pestat] (25, 50, 75) percentile: (229, 396, 833)
[M::mem_pestat] low and high boundaries for computing mean and std.dev: (1, 2041)
[M::mem_pestat] mean and std.dev: (450.60, 332.24)
[M::mem_pestat] low and high boundaries for proper pairs: (1, 2645)
[M::mem_pestat] skip orientation FF
[M::mem_pestat] skip orientation RF
[M::mem_pestat] skip orientation RR
[M::process] read 1066668 sequences (160000200 bp)...
[M::mem_process_seqs] Processed 1066668 reads in 863.652 CPU sec, 55.419 real sec
[M::mem_pestat] # candidate unique pairs for (FF, FR, RF, RR): (32, 215124, 80, 28)
[M::mem_pestat] analyzing insert size distribution for orientation FF...
[M::mem_pestat] (25, 50, 75) percentile: (239, 459, 1272)
[M::mem_pestat] low and high boundaries for computing mean and std.dev: (1, 3338)
[M::mem_pestat] mean and std.dev: (588.07, 557.66)
[M::mem_pestat] low and high boundaries for proper pairs: (1, 4371)
[M::mem_pestat] analyzing insert size distribution for orientation FR...
[M::mem_pestat] (25, 50, 75) percentile: (303, 395, 510)
[M::mem_pestat] low and high boundaries for computing mean and std.dev: (1, 924)
[M::mem_pestat] mean and std.dev: (407.34, 152.47)
[M::mem_pestat] low and high boundaries for proper pairs: (1, 1131)
[M::mem_pestat] analyzing insert size distribution for orientation RF...
[M::mem_pestat] (25, 50, 75) percentile: (446, 1075, 5108)
[M::mem_pestat] low and high boundaries for computing mean and std.dev: (1, 14432)
[M::mem_pestat] mean and std.dev: (2636.20, 3061.69)
[M::mem_pestat] low and high boundaries for proper pairs: (1, 19094)
[M::mem_pestat] analyzing insert size distribution for orientation RR...
[M::mem_pestat] (25, 50, 75) percentile: (343, 548, 1529)
[M::mem_pestat] low and high boundaries for computing mean and std.dev: (1, 3901)
[M::mem_pestat] mean and std.dev: (856.28, 946.77)
[M::mem_pestat] low and high boundaries for proper pairs: (1, 5087)
[M::mem_pestat] skip orientation FF
[M::mem_pestat] skip orientation RF
[M::mem_pestat] skip orientation RR
[M::process] read 1066668 sequences (160000200 bp)...
[M::mem_process_seqs] Processed 1066668 reads in 868.884 CPU sec, 55.794 real sec
[M::mem_pestat] # candidate unique pairs for (FF, FR, RF, RR): (44, 216050, 93, 34)
[M::mem_pestat] analyzing insert size distribution for orientation FF...
[M::mem_pestat] (25, 50, 75) percentile: (245, 592, 1373)
[M::mem_pestat] low and high boundaries for computing mean and std.dev: (1, 3629)
[M::mem_pestat] mean and std.dev: (792.44, 706.13)
[M::mem_pestat] low and high boundaries for proper pairs: (1, 4757)
[M::mem_pestat] analyzing insert size distribution for orientation FR...
[M::mem_pestat] (25, 50, 75) percentile: (308, 402, 519)
[M::mem_pestat] low and high boundaries for computing mean and std.dev: (1, 941)
[M::mem_pestat] mean and std.dev: (414.04, 154.83)
[M::mem_pestat] low and high boundaries for proper pairs: (1, 1152)
[M::mem_pestat] analyzing insert size distribution for orientation RF...
[M::mem_pestat] (25, 50, 75) percentile: (689, 1682, 6344)
[M::mem_pestat] low and high boundaries for computing mean and std.dev: (1, 17654)
[M::mem_pestat] mean and std.dev: (3389.31, 3278.34)
[M::mem_pestat] low and high boundaries for proper pairs: (1, 23309)
[M::mem_pestat] analyzing insert size distribution for orientation RR...
[M::mem_pestat] (25, 50, 75) percentile: (302, 563, 1611)
[M::mem_pestat] low and high boundaries for computing mean and std.dev: (1, 4229)
[M::mem_pestat] mean and std.dev: (968.12, 886.07)
[M::mem_pestat] low and high boundaries for proper pairs: (1, 5538)
[M::mem_pestat] skip orientation FF
[M::mem_pestat] skip orientation RF
[M::mem_pestat] skip orientation RR
[M::process] read 1066668 sequences (160000200 bp)...
[M::mem_process_seqs] Processed 1066668 reads in 865.074 CPU sec, 55.553 real sec
[M::mem_pestat] # candidate unique pairs for (FF, FR, RF, RR): (40, 216045, 87, 43)
[M::mem_pestat] analyzing insert size distribution for orientation FF...
[M::mem_pestat] (25, 50, 75) percentile: (303, 794, 3458)
[M::mem_pestat] low and high boundaries for computing mean and std.dev: (1, 9768)
[M::mem_pestat] mean and std.dev: (1840.33, 2059.00)
[M::mem_pestat] low and high boundaries for proper pairs: (1, 12923)
[M::mem_pestat] analyzing insert size distribution for orientation FR...
[M::mem_pestat] (25, 50, 75) percentile: (303, 394, 511)
[M::mem_pestat] low and high boundaries for computing mean and std.dev: (1, 927)
[M::mem_pestat] mean and std.dev: (407.99, 153.78)
[M::mem_pestat] low and high boundaries for proper pairs: (1, 1135)
[M::mem_pestat] analyzing insert size distribution for orientation RF...
[M::mem_pestat] (25, 50, 75) percentile: (300, 1651, 5868)
[M::mem_pestat] low and high boundaries for computing mean and std.dev: (1, 17004)
[M::mem_pestat] mean and std.dev: (3040.24, 3147.72)
[M::mem_pestat] low and high boundaries for proper pairs: (1, 22572)
[M::mem_pestat] analyzing insert size distribution for orientation RR...
[M::mem_pestat] (25, 50, 75) percentile: (246, 387, 852)
[M::mem_pestat] low and high boundaries for computing mean and std.dev: (1, 2064)
[M::mem_pestat] mean and std.dev: (540.90, 405.61)
[M::mem_pestat] low and high boundaries for proper pairs: (1, 2670)
[M::mem_pestat] skip orientation FF
[M::mem_pestat] skip orientation RF
[M::mem_pestat] skip orientation RR
[M::process] read 1066668 sequences (160000200 bp)...
[M::mem_process_seqs] Processed 1066668 reads in 865.126 CPU sec, 55.519 real sec
[M::mem_pestat] # candidate unique pairs for (FF, FR, RF, RR): (49, 215312, 97, 40)
[M::mem_pestat] analyzing insert size distribution for orientation FF...
[M::mem_pestat] (25, 50, 75) percentile: (287, 436, 1961)
[M::mem_pestat] low and high boundaries for computing mean and std.dev: (1, 5309)
[M::mem_pestat] mean and std.dev: (794.55, 878.12)
[M::mem_pestat] low and high boundaries for proper pairs: (1, 6983)
[M::mem_pestat] analyzing insert size distribution for orientation FR...
[M::mem_pestat] (25, 50, 75) percentile: (303, 394, 508)
[M::mem_pestat] low and high boundaries for computing mean and std.dev: (1, 918)
[M::mem_pestat] mean and std.dev: (407.54, 153.08)
[M::mem_pestat] low and high boundaries for proper pairs: (1, 1123)
[M::mem_pestat] analyzing insert size distribution for orientation RF...
[M::mem_pestat] (25, 50, 75) percentile: (533, 1617, 4943)
[M::mem_pestat] low and high boundaries for computing mean and std.dev: (1, 13763)
[M::mem_pestat] mean and std.dev: (2893.67, 2802.89)
[M::mem_pestat] low and high boundaries for proper pairs: (1, 18173)
[M::mem_pestat] analyzing insert size distribution for orientation RR...
[M::mem_pestat] (25, 50, 75) percentile: (285, 485, 1316)
[M::mem_pestat] low and high boundaries for computing mean and std.dev: (1, 3378)
[M::mem_pestat] mean and std.dev: (632.57, 654.74)
[M::mem_pestat] low and high boundaries for proper pairs: (1, 4409)
[M::mem_pestat] skip orientation FF
[M::mem_pestat] skip orientation RF
[M::mem_pestat] skip orientation RR
[M::process] read 1066668 sequences (160000200 bp)...
[M::mem_process_seqs] Processed 1066668 reads in 866.852 CPU sec, 55.678 real sec
[M::mem_pestat] # candidate unique pairs for (FF, FR, RF, RR): (37, 213389, 78, 30)
[M::mem_pestat] analyzing insert size distribution for orientation FF...
[M::mem_pestat] (25, 50, 75) percentile: (260, 410, 1232)
[M::mem_pestat] low and high boundaries for computing mean and std.dev: (1, 3176)
[M::mem_pestat] mean and std.dev: (658.33, 734.05)
[M::mem_pestat] low and high boundaries for proper pairs: (1, 4148)
[M::mem_pestat] analyzing insert size distribution for orientation FR...
[M::mem_pestat] (25, 50, 75) percentile: (294, 387, 504)
[M::mem_pestat] low and high boundaries for computing mean and std.dev: (1, 924)
[M::mem_pestat] mean and std.dev: (400.46, 154.79)
[M::mem_pestat] low and high boundaries for proper pairs: (1, 1134)
[M::mem_pestat] analyzing insert size distribution for orientation RF...
[M::mem_pestat] (25, 50, 75) percentile: (271, 1316, 3153)
[M::mem_pestat] low and high boundaries for computing mean and std.dev: (1, 8917)
[M::mem_pestat] mean and std.dev: (1827.10, 1956.77)
[M::mem_pestat] low and high boundaries for proper pairs: (1, 11799)
[M::mem_pestat] analyzing insert size distribution for orientation RR...
[M::mem_pestat] (25, 50, 75) percentile: (218, 382, 1081)
[M::mem_pestat] low and high boundaries for computing mean and std.dev: (1, 2807)
[M::mem_pestat] mean and std.dev: (591.30, 653.79)
[M::mem_pestat] low and high boundaries for proper pairs: (1, 3670)
[M::mem_pestat] skip orientation FF
[M::mem_pestat] skip orientation RF
[M::mem_pestat] skip orientation RR
[M::process] read 1066668 sequences (160000200 bp)...
[M::mem_process_seqs] Processed 1066668 reads in 872.462 CPU sec, 56.311 real sec
[M::mem_pestat] # candidate unique pairs for (FF, FR, RF, RR): (34, 213741, 78, 38)
[M::mem_pestat] analyzing insert size distribution for orientation FF...
[M::mem_pestat] (25, 50, 75) percentile: (301, 571, 1406)
[M::mem_pestat] low and high boundaries for computing mean and std.dev: (1, 3616)
[M::mem_pestat] mean and std.dev: (661.90, 522.40)
[M::mem_pestat] low and high boundaries for proper pairs: (1, 4721)
[M::mem_pestat] analyzing insert size distribution for orientation FR...
[M::mem_pestat] (25, 50, 75) percentile: (301, 396, 514)
[M::mem_pestat] low and high boundaries for computing mean and std.dev: (1, 940)
[M::mem_pestat] mean and std.dev: (408.58, 155.62)
[M::mem_pestat] low and high boundaries for proper pairs: (1, 1153)
[M::mem_pestat] analyzing insert size distribution for orientation RF...
[M::mem_pestat] (25, 50, 75) percentile: (531, 1276, 2805)
[M::mem_pestat] low and high boundaries for computing mean and std.dev: (1, 7353)
[M::mem_pestat] mean and std.dev: (1399.68, 1298.36)
[M::mem_pestat] low and high boundaries for proper pairs: (1, 9627)
[M::mem_pestat] analyzing insert size distribution for orientation RR...
[M::mem_pestat] (25, 50, 75) percentile: (241, 719, 922)
[M::mem_pestat] low and high boundaries for computing mean and std.dev: (1, 2284)
[M::mem_pestat] mean and std.dev: (585.12, 452.20)
[M::mem_pestat] low and high boundaries for proper pairs: (1, 2965)
[M::mem_pestat] skip orientation FF
[M::mem_pestat] skip orientation RF
[M::mem_pestat] skip orientation RR
[M::process] read 1066668 sequences (160000200 bp)...
[M::mem_process_seqs] Processed 1066668 reads in 869.319 CPU sec, 55.774 real sec
[M::mem_pestat] # candidate unique pairs for (FF, FR, RF, RR): (48, 213293, 84, 38)
[M::mem_pestat] analyzing insert size distribution for orientation FF...
[M::mem_pestat] (25, 50, 75) percentile: (242, 428, 1046)
[M::mem_pestat] low and high boundaries for computing mean and std.dev: (1, 2654)
[M::mem_pestat] mean and std.dev: (569.12, 429.84)
[M::mem_pestat] low and high boundaries for proper pairs: (1, 3458)
[M::mem_pestat] analyzing insert size distribution for orientation FR...
[M::mem_pestat] (25, 50, 75) percentile: (296, 390, 506)
[M::mem_pestat] low and high boundaries for computing mean and std.dev: (1, 926)
[M::mem_pestat] mean and std.dev: (402.30, 154.01)
[M::mem_pestat] low and high boundaries for proper pairs: (1, 1136)
[M::mem_pestat] analyzing insert size distribution for orientation RF...
[M::mem_pestat] (25, 50, 75) percentile: (487, 1108, 4423)
[M::mem_pestat] low and high boundaries for computing mean and std.dev: (1, 12295)
[M::mem_pestat] mean and std.dev: (2644.82, 3004.26)
[M::mem_pestat] low and high boundaries for proper pairs: (1, 16231)
[M::mem_pestat] analyzing insert size distribution for orientation RR...
[M::mem_pestat] (25, 50, 75) percentile: (240, 320, 587)
[M::mem_pestat] low and high boundaries for computing mean and std.dev: (1, 1281)
[M::mem_pestat] mean and std.dev: (324.13, 153.31)
[M::mem_pestat] low and high boundaries for proper pairs: (1, 1628)
[M::mem_pestat] skip orientation FF
[M::mem_pestat] skip orientation RF
[M::mem_pestat] skip orientation RR
[M::process] read 1066668 sequences (160000200 bp)...
[M::mem_process_seqs] Processed 1066668 reads in 871.001 CPU sec, 55.942 real sec
[M::mem_pestat] # candidate unique pairs for (FF, FR, RF, RR): (29, 212520, 71, 45)
[M::mem_pestat] analyzing insert size distribution for orientation FF...
[M::mem_pestat] (25, 50, 75) percentile: (190, 446, 707)
[M::mem_pestat] low and high boundaries for computing mean and std.dev: (1, 1741)
[M::mem_pestat] mean and std.dev: (453.28, 368.67)
[M::mem_pestat] low and high boundaries for proper pairs: (1, 2258)
[M::mem_pestat] analyzing insert size distribution for orientation FR...
[M::mem_pestat] (25, 50, 75) percentile: (295, 387, 501)
[M::mem_pestat] low and high boundaries for computing mean and std.dev: (1, 913)
[M::mem_pestat] mean and std.dev: (399.14, 152.22)
[M::mem_pestat] low and high boundaries for proper pairs: (1, 1119)
[M::mem_pestat] analyzing insert size distribution for orientation RF...
[M::mem_pestat] (25, 50, 75) percentile: (166, 1137, 3683)
[M::mem_pestat] low and high boundaries for computing mean and std.dev: (1, 10717)
[M::mem_pestat] mean and std.dev: (2336.18, 2728.14)
[M::mem_pestat] low and high boundaries for proper pairs: (1, 14234)
[M::mem_pestat] analyzing insert size distribution for orientation RR...
[M::mem_pestat] (25, 50, 75) percentile: (394, 514, 3043)
[M::mem_pestat] low and high boundaries for computing mean and std.dev: (1, 8341)
[M::mem_pestat] mean and std.dev: (1756.66, 2399.21)
[M::mem_pestat] low and high boundaries for proper pairs: (1, 11354)
[M::mem_pestat] skip orientation FF
[M::mem_pestat] skip orientation RF
[M::mem_pestat] skip orientation RR
[M::process] read 1066668 sequences (160000200 bp)...
[M::mem_process_seqs] Processed 1066668 reads in 872.209 CPU sec, 56.026 real sec
[M::mem_pestat] # candidate unique pairs for (FF, FR, RF, RR): (46, 215688, 91, 41)
[M::mem_pestat] analyzing insert size distribution for orientation FF...
[M::mem_pestat] (25, 50, 75) percentile: (184, 485, 2143)
[M::mem_pestat] low and high boundaries for computing mean and std.dev: (1, 6061)
[M::mem_pestat] mean and std.dev: (999.14, 1220.86)
[M::mem_pestat] low and high boundaries for proper pairs: (1, 8020)
[M::mem_pestat] analyzing insert size distribution for orientation FR...
[M::mem_pestat] (25, 50, 75) percentile: (303, 397, 516)
[M::mem_pestat] low and high boundaries for computing mean and std.dev: (1, 942)
[M::mem_pestat] mean and std.dev: (410.62, 156.73)
[M::mem_pestat] low and high boundaries for proper pairs: (1, 1155)
[M::mem_pestat] analyzing insert size distribution for orientation RF...
[M::mem_pestat] (25, 50, 75) percentile: (480, 1378, 5791)
[M::mem_pestat] low and high boundaries for computing mean and std.dev: (1, 16413)
[M::mem_pestat] mean and std.dev: (3276.57, 3282.79)
[M::mem_pestat] low and high boundaries for proper pairs: (1, 21724)
[M::mem_pestat] analyzing insert size distribution for orientation RR...
[M::mem_pestat] (25, 50, 75) percentile: (315, 690, 1799)
[M::mem_pestat] low and high boundaries for computing mean and std.dev: (1, 4767)
[M::mem_pestat] mean and std.dev: (1058.83, 1020.59)
[M::mem_pestat] low and high boundaries for proper pairs: (1, 6251)
[M::mem_pestat] skip orientation FF
[M::mem_pestat] skip orientation RF
[M::mem_pestat] skip orientation RR
[M::process] read 1066668 sequences (160000200 bp)...
[M::mem_process_seqs] Processed 1066668 reads in 869.812 CPU sec, 55.836 real sec
[M::mem_pestat] # candidate unique pairs for (FF, FR, RF, RR): (34, 214597, 91, 54)
[M::mem_pestat] analyzing insert size distribution for orientation FF...
[M::mem_pestat] (25, 50, 75) percentile: (173, 668, 1451)
[M::mem_pestat] low and high boundaries for computing mean and std.dev: (1, 4007)
[M::mem_pestat] mean and std.dev: (675.79, 612.95)
[M::mem_pestat] low and high boundaries for proper pairs: (1, 5285)
[M::mem_pestat] analyzing insert size distribution for orientation FR...
[M::mem_pestat] (25, 50, 75) percentile: (305, 398, 516)
[M::mem_pestat] low and high boundaries for computing mean and std.dev: (1, 938)
[M::mem_pestat] mean and std.dev: (411.39, 155.42)
[M::mem_pestat] low and high boundaries for proper pairs: (1, 1149)
[M::mem_pestat] analyzing insert size distribution for orientation RF...
[M::mem_pestat] (25, 50, 75) percentile: (167, 916, 4266)
[M::mem_pestat] low and high boundaries for computing mean and std.dev: (1, 12464)
[M::mem_pestat] mean and std.dev: (2539.44, 2865.50)
[M::mem_pestat] low and high boundaries for proper pairs: (1, 16563)
[M::mem_pestat] analyzing insert size distribution for orientation RR...
[M::mem_pestat] (25, 50, 75) percentile: (257, 594, 2010)
[M::mem_pestat] low and high boundaries for computing mean and std.dev: (1, 5516)
[M::mem_pestat] mean and std.dev: (1195.68, 1401.74)
[M::mem_pestat] low and high boundaries for proper pairs: (1, 7269)
[M::mem_pestat] skip orientation FF
[M::mem_pestat] skip orientation RF
[M::mem_pestat] skip orientation RR
[M::process] read 1066668 sequences (160000200 bp)...
[M::mem_process_seqs] Processed 1066668 reads in 872.688 CPU sec, 55.998 real sec
[M::mem_pestat] # candidate unique pairs for (FF, FR, RF, RR): (41, 214638, 88, 42)
[M::mem_pestat] analyzing insert size distribution for orientation FF...
[M::mem_pestat] (25, 50, 75) percentile: (254, 454, 1121)
[M::mem_pestat] low and high boundaries for computing mean and std.dev: (1, 2855)
[M::mem_pestat] mean and std.dev: (621.05, 514.97)
[M::mem_pestat] low and high boundaries for proper pairs: (1, 3722)
[M::mem_pestat] analyzing insert size distribution for orientation FR...
[M::mem_pestat] (25, 50, 75) percentile: (302, 392, 508)
[M::mem_pestat] low and high boundaries for computing mean and std.dev: (1, 920)
[M::mem_pestat] mean and std.dev: (406.08, 153.04)
[M::mem_pestat] low and high boundaries for proper pairs: (1, 1126)
[M::mem_pestat] analyzing insert size distribution for orientation RF...
[M::mem_pestat] (25, 50, 75) percentile: (569, 1828, 7488)
[M::mem_pestat] low and high boundaries for computing mean and std.dev: (1, 21326)
[M::mem_pestat] mean and std.dev: (3512.07, 3527.10)
[M::mem_pestat] low and high boundaries for proper pairs: (1, 28245)
[M::mem_pestat] analyzing insert size distribution for orientation RR...
[M::mem_pestat] (25, 50, 75) percentile: (300, 520, 2249)
[M::mem_pestat] low and high boundaries for computing mean and std.dev: (1, 6147)
[M::mem_pestat] mean and std.dev: (1341.88, 1551.79)
[M::mem_pestat] low and high boundaries for proper pairs: (1, 8096)
[M::mem_pestat] skip orientation FF
[M::mem_pestat] skip orientation RF
[M::mem_pestat] skip orientation RR
[M::process] read 1066668 sequences (160000200 bp)...
[M::mem_process_seqs] Processed 1066668 reads in 876.856 CPU sec, 56.393 real sec
[M::mem_pestat] # candidate unique pairs for (FF, FR, RF, RR): (34, 213430, 89, 36)
[M::mem_pestat] analyzing insert size distribution for orientation FF...
[M::mem_pestat] (25, 50, 75) percentile: (220, 497, 3636)
[M::mem_pestat] low and high boundaries for computing mean and std.dev: (1, 10468)
[M::mem_pestat] mean and std.dev: (1923.76, 2467.16)
[M::mem_pestat] low and high boundaries for proper pairs: (1, 13884)
[M::mem_pestat] analyzing insert size distribution for orientation FR...
[M::mem_pestat] (25, 50, 75) percentile: (298, 389, 503)
[M::mem_pestat] low and high boundaries for computing mean and std.dev: (1, 913)
[M::mem_pestat] mean and std.dev: (402.05, 152.94)
[M::mem_pestat] low and high boundaries for proper pairs: (1, 1118)
[M::mem_pestat] analyzing insert size distribution for orientation RF...
[M::mem_pestat] (25, 50, 75) percentile: (426, 1749, 3873)
[M::mem_pestat] low and high boundaries for computing mean and std.dev: (1, 10767)
[M::mem_pestat] mean and std.dev: (2656.09, 2817.31)
[M::mem_pestat] low and high boundaries for proper pairs: (1, 14214)
[M::mem_pestat] analyzing insert size distribution for orientation RR...
[M::mem_pestat] (25, 50, 75) percentile: (270, 595, 4376)
[M::mem_pestat] low and high boundaries for computing mean and std.dev: (1, 12588)
[M::mem_pestat] mean and std.dev: (2220.28, 2552.46)
[M::mem_pestat] low and high boundaries for proper pairs: (1, 16694)
[M::mem_pestat] skip orientation FF
[M::mem_pestat] skip orientation RF
[M::mem_pestat] skip orientation RR
[M::mem_process_seqs] Processed 1066668 reads in 887.439 CPU sec, 59.052 real sec
[M::process] read 1066668 sequences (160000200 bp)...
[M::process] read 1066668 sequences (160000200 bp)...
[M::mem_pestat] # candidate unique pairs for (FF, FR, RF, RR): (43, 212892, 99, 39)
[M::mem_pestat] analyzing insert size distribution for orientation FF...
[M::mem_pestat] (25, 50, 75) percentile: (214, 492, 1913)
[M::mem_pestat] low and high boundaries for computing mean and std.dev: (1, 5311)
[M::mem_pestat] mean and std.dev: (865.95, 859.37)
[M::mem_pestat] low and high boundaries for proper pairs: (1, 7010)
[M::mem_pestat] analyzing insert size distribution for orientation FR...
[M::mem_pestat] (25, 50, 75) percentile: (301, 395, 512)
[M::mem_pestat] low and high boundaries for computing mean and std.dev: (1, 934)
[M::mem_pestat] mean and std.dev: (407.75, 155.49)
[M::mem_pestat] low and high boundaries for proper pairs: (1, 1145)
[M::mem_pestat] analyzing insert size distribution for orientation RF...
[M::mem_pestat] (25, 50, 75) percentile: (484, 2248, 6517)
[M::mem_pestat] low and high boundaries for computing mean and std.dev: (1, 18583)
[M::mem_pestat] mean and std.dev: (3441.64, 3386.93)
[M::mem_pestat] low and high boundaries for proper pairs: (1, 24616)
[M::mem_pestat] analyzing insert size distribution for orientation RR...
[M::mem_pestat] (25, 50, 75) percentile: (658, 848, 1981)
[M::mem_pestat] low and high boundaries for computing mean and std.dev: (1, 4627)
[M::mem_pestat] mean and std.dev: (1115.97, 865.66)
[M::mem_pestat] low and high boundaries for proper pairs: (1, 5950)
[M::mem_pestat] skip orientation FF
[M::mem_pestat] skip orientation RF
[M::mem_pestat] skip orientation RR
[M::mem_process_seqs] Processed 1066668 reads in 864.092 CPU sec, 55.207 real sec
[M::mem_pestat] # candidate unique pairs for (FF, FR, RF, RR): (41, 212746, 95, 44)
[M::mem_pestat] analyzing insert size distribution for orientation FF...
[M::mem_pestat] (25, 50, 75) percentile: (334, 591, 971)
[M::mem_pestat] low and high boundaries for computing mean and std.dev: (1, 2245)
[M::mem_pestat] mean and std.dev: (700.84, 485.28)
[M::mem_pestat] low and high boundaries for proper pairs: (1, 2882)
[M::mem_pestat] analyzing insert size distribution for orientation FR...
[M::mem_pestat] (25, 50, 75) percentile: (301, 393, 507)
[M::mem_pestat] low and high boundaries for computing mean and std.dev: (1, 919)
[M::mem_pestat] mean and std.dev: (404.58, 152.34)
[M::mem_pestat] low and high boundaries for proper pairs: (1, 1125)
[M::mem_pestat] analyzing insert size distribution for orientation RF...
[M::mem_pestat] (25, 50, 75) percentile: (327, 1494, 5422)
[M::mem_pestat] low and high boundaries for computing mean and std.dev: (1, 15612)
[M::mem_pestat] mean and std.dev: (2786.06, 2907.19)
[M::mem_pestat] low and high boundaries for proper pairs: (1, 20707)
[M::mem_pestat] analyzing insert size distribution for orientation RR...
[M::mem_pestat] (25, 50, 75) percentile: (262, 645, 4176)
[M::mem_pestat] low and high boundaries for computing mean and std.dev: (1, 12004)
[M::mem_pestat] mean and std.dev: (2073.02, 2747.16)
[M::mem_pestat] low and high boundaries for proper pairs: (1, 15918)
[M::mem_pestat] skip orientation FF
[M::mem_pestat] skip orientation RF
[M::mem_pestat] skip orientation RR
[M::process] read 1066668 sequences (160000200 bp)...
[M::mem_process_seqs] Processed 1066668 reads in 864.108 CPU sec, 55.408 real sec
[M::mem_pestat] # candidate unique pairs for (FF, FR, RF, RR): (65, 212720, 99, 52)
[M::mem_pestat] analyzing insert size distribution for orientation FF...
[M::mem_pestat] (25, 50, 75) percentile: (300, 629, 1118)
[M::mem_pestat] low and high boundaries for computing mean and std.dev: (1, 2754)
[M::mem_pestat] mean and std.dev: (692.05, 599.81)
[M::mem_pestat] low and high boundaries for proper pairs: (1, 3572)
[M::mem_pestat] analyzing insert size distribution for orientation FR...
[M::mem_pestat] (25, 50, 75) percentile: (301, 394, 509)
[M::mem_pestat] low and high boundaries for computing mean and std.dev: (1, 925)
[M::mem_pestat] mean and std.dev: (406.19, 153.67)
[M::mem_pestat] low and high boundaries for proper pairs: (1, 1133)
[M::mem_pestat] analyzing insert size distribution for orientation RF...
[M::mem_pestat] (25, 50, 75) percentile: (164, 1309, 5155)
[M::mem_pestat] low and high boundaries for computing mean and std.dev: (1, 15137)
[M::mem_pestat] mean and std.dev: (2820.90, 3138.42)
[M::mem_pestat] low and high boundaries for proper pairs: (1, 20128)
[M::mem_pestat] analyzing insert size distribution for orientation RR...
[M::mem_pestat] (25, 50, 75) percentile: (410, 766, 1404)
[M::mem_pestat] low and high boundaries for computing mean and std.dev: (1, 3392)
[M::mem_pestat] mean and std.dev: (850.10, 681.20)
[M::mem_pestat] low and high boundaries for proper pairs: (1, 4386)
[M::mem_pestat] skip orientation FF
[M::mem_pestat] skip orientation RF
[M::mem_pestat] skip orientation RR
[M::process] read 1066668 sequences (160000200 bp)...
[M::mem_process_seqs] Processed 1066668 reads in 871.194 CPU sec, 55.875 real sec
[M::mem_pestat] # candidate unique pairs for (FF, FR, RF, RR): (45, 212677, 67, 34)
[M::mem_pestat] analyzing insert size distribution for orientation FF...
[M::mem_pestat] (25, 50, 75) percentile: (330, 459, 1324)
[M::mem_pestat] low and high boundaries for computing mean and std.dev: (1, 3312)
[M::mem_pestat] mean and std.dev: (717.35, 528.09)
[M::mem_pestat] low and high boundaries for proper pairs: (1, 4306)
[M::mem_pestat] analyzing insert size distribution for orientation FR...
[M::mem_pestat] (25, 50, 75) percentile: (300, 391, 504)
[M::mem_pestat] low and high boundaries for computing mean and std.dev: (1, 912)
[M::mem_pestat] mean and std.dev: (403.22, 151.91)
[M::mem_pestat] low and high boundaries for proper pairs: (1, 1116)
[M::mem_pestat] analyzing insert size distribution for orientation RF...
[M::mem_pestat] (25, 50, 75) percentile: (535, 1453, 4658)
[M::mem_pestat] low and high boundaries for computing mean and std.dev: (1, 12904)
[M::mem_pestat] mean and std.dev: (2831.21, 3010.74)
[M::mem_pestat] low and high boundaries for proper pairs: (1, 17027)
[M::mem_pestat] analyzing insert size distribution for orientation RR...
[M::mem_pestat] (25, 50, 75) percentile: (390, 2001, 4267)
[M::mem_pestat] low and high boundaries for computing mean and std.dev: (1, 12021)
[M::mem_pestat] mean and std.dev: (2537.26, 2320.19)
[M::mem_pestat] low and high boundaries for proper pairs: (1, 15898)
[M::mem_pestat] skip orientation FF
[M::mem_pestat] skip orientation RF
[M::mem_pestat] skip orientation RR
[M::process] read 1066668 sequences (160000200 bp)...
[M::mem_process_seqs] Processed 1066668 reads in 873.725 CPU sec, 56.076 real sec
[M::mem_pestat] # candidate unique pairs for (FF, FR, RF, RR): (42, 213499, 100, 36)
[M::mem_pestat] analyzing insert size distribution for orientation FF...
[M::mem_pestat] (25, 50, 75) percentile: (229, 695, 890)
[M::mem_pestat] low and high boundaries for computing mean and std.dev: (1, 2212)
[M::mem_pestat] mean and std.dev: (600.16, 490.37)
[M::mem_pestat] low and high boundaries for proper pairs: (1, 2873)
[M::mem_pestat] analyzing insert size distribution for orientation FR...
[M::mem_pestat] (25, 50, 75) percentile: (301, 391, 505)
[M::mem_pestat] low and high boundaries for computing mean and std.dev: (1, 913)
[M::mem_pestat] mean and std.dev: (404.47, 152.15)
[M::mem_pestat] low and high boundaries for proper pairs: (1, 1117)
[M::mem_pestat] analyzing insert size distribution for orientation RF...
[M::mem_pestat] (25, 50, 75) percentile: (302, 1666, 4202)
[M::mem_pestat] low and high boundaries for computing mean and std.dev: (1, 12002)
[M::mem_pestat] mean and std.dev: (2771.06, 3008.20)
[M::mem_pestat] low and high boundaries for proper pairs: (1, 15902)
[M::mem_pestat] analyzing insert size distribution for orientation RR...
[M::mem_pestat] (25, 50, 75) percentile: (279, 501, 1023)
[M::mem_pestat] low and high boundaries for computing mean and std.dev: (1, 2511)
[M::mem_pestat] mean and std.dev: (608.00, 459.41)
[M::mem_pestat] low and high boundaries for proper pairs: (1, 3255)
[M::mem_pestat] skip orientation FF
[M::mem_pestat] skip orientation RF
[M::mem_pestat] skip orientation RR
[M::process] read 1066668 sequences (160000200 bp)...
[M::mem_process_seqs] Processed 1066668 reads in 872.555 CPU sec, 56.031 real sec
[M::mem_pestat] # candidate unique pairs for (FF, FR, RF, RR): (40, 213618, 82, 46)
[M::mem_pestat] analyzing insert size distribution for orientation FF...
[M::mem_pestat] (25, 50, 75) percentile: (327, 624, 2131)
[M::mem_pestat] low and high boundaries for computing mean and std.dev: (1, 5739)
[M::mem_pestat] mean and std.dev: (824.27, 872.82)
[M::mem_pestat] low and high boundaries for proper pairs: (1, 7543)
[M::mem_pestat] analyzing insert size distribution for orientation FR...
[M::mem_pestat] (25, 50, 75) percentile: (300, 389, 504)
[M::mem_pestat] low and high boundaries for computing mean and std.dev: (1, 912)
[M::mem_pestat] mean and std.dev: (403.22, 151.67)
[M::mem_pestat] low and high boundaries for proper pairs: (1, 1116)
[M::mem_pestat] analyzing insert size distribution for orientation RF...
[M::mem_pestat] (25, 50, 75) percentile: (373, 1625, 5248)
[M::mem_pestat] low and high boundaries for computing mean and std.dev: (1, 14998)
[M::mem_pestat] mean and std.dev: (2981.23, 3270.78)
[M::mem_pestat] low and high boundaries for proper pairs: (1, 19873)
[M::mem_pestat] analyzing insert size distribution for orientation RR...
[M::mem_pestat] (25, 50, 75) percentile: (218, 538, 2322)
[M::mem_pestat] low and high boundaries for computing mean and std.dev: (1, 6530)
[M::mem_pestat] mean and std.dev: (1438.37, 1962.58)
[M::mem_pestat] low and high boundaries for proper pairs: (1, 9289)
[M::mem_pestat] skip orientation FF
[M::mem_pestat] skip orientation RF
[M::mem_pestat] skip orientation RR
[M::process] read 1066668 sequences (160000200 bp)...
[M::mem_process_seqs] Processed 1066668 reads in 878.244 CPU sec, 56.373 real sec
[M::mem_pestat] # candidate unique pairs for (FF, FR, RF, RR): (41, 214517, 89, 70)
[M::mem_pestat] analyzing insert size distribution for orientation FF...
[M::mem_pestat] (25, 50, 75) percentile: (608, 778, 2043)
[M::mem_pestat] low and high boundaries for computing mean and std.dev: (1, 4913)
[M::mem_pestat] mean and std.dev: (1103.05, 858.70)
[M::mem_pestat] low and high boundaries for proper pairs: (1, 6348)
[M::mem_pestat] analyzing insert size distribution for orientation FR...
[M::mem_pestat] (25, 50, 75) percentile: (299, 388, 500)
[M::mem_pestat] low and high boundaries for computing mean and std.dev: (1, 902)
[M::mem_pestat] mean and std.dev: (400.91, 149.82)
[M::mem_pestat] low and high boundaries for proper pairs: (1, 1103)
[M::mem_pestat] analyzing insert size distribution for orientation RF...
[M::mem_pestat] (25, 50, 75) percentile: (715, 1939, 5672)
[M::mem_pestat] low and high boundaries for computing mean and std.dev: (1, 15586)
[M::mem_pestat] mean and std.dev: (3139.57, 3107.06)
[M::mem_pestat] low and high boundaries for proper pairs: (1, 20543)
[M::mem_pestat] analyzing insert size distribution for orientation RR...
[M::mem_pestat] (25, 50, 75) percentile: (266, 563, 1787)
[M::mem_pestat] low and high boundaries for computing mean and std.dev: (1, 4829)
[M::mem_pestat] mean and std.dev: (807.71, 739.77)
[M::mem_pestat] low and high boundaries for proper pairs: (1, 6350)
[M::mem_pestat] skip orientation FF
[M::mem_pestat] skip orientation RF
[M::mem_pestat] skip orientation RR
[M::process] read 614532 sequences (92179800 bp)...
[M::mem_process_seqs] Processed 1066668 reads in 867.834 CPU sec, 55.879 real sec
[M::mem_pestat] # candidate unique pairs for (FF, FR, RF, RR): (14, 123757, 57, 16)
[M::mem_pestat] analyzing insert size distribution for orientation FF...
[M::mem_pestat] (25, 50, 75) percentile: (350, 609, 3913)
[M::mem_pestat] low and high boundaries for computing mean and std.dev: (1, 11039)
[M::mem_pestat] mean and std.dev: (2202.00, 2453.55)
[M::mem_pestat] low and high boundaries for proper pairs: (1, 14602)
[M::mem_pestat] analyzing insert size distribution for orientation FR...
[M::mem_pestat] (25, 50, 75) percentile: (302, 392, 502)
[M::mem_pestat] low and high boundaries for computing mean and std.dev: (1, 902)
[M::mem_pestat] mean and std.dev: (403.53, 149.69)
[M::mem_pestat] low and high boundaries for proper pairs: (1, 1102)
[M::mem_pestat] analyzing insert size distribution for orientation RF...
[M::mem_pestat] (25, 50, 75) percentile: (904, 3005, 5081)
[M::mem_pestat] low and high boundaries for computing mean and std.dev: (1, 13435)
[M::mem_pestat] mean and std.dev: (3350.60, 3068.13)
[M::mem_pestat] low and high boundaries for proper pairs: (1, 17612)
[M::mem_pestat] analyzing insert size distribution for orientation RR...
[M::mem_pestat] (25, 50, 75) percentile: (258, 415, 568)
[M::mem_pestat] low and high boundaries for computing mean and std.dev: (1, 1188)
[M::mem_pestat] mean and std.dev: (407.64, 200.56)
[M::mem_pestat] low and high boundaries for proper pairs: (1, 1498)
[M::mem_pestat] skip orientation FF
[M::mem_pestat] skip orientation RF
[M::mem_pestat] skip orientation RR
[M::mem_process_seqs] Processed 614532 reads in 503.755 CPU sec, 32.798 real sec
[main] Version: 0.7.19-r1273
[main] CMD: bwa mem -t 16 -R @RG\tID:WB_18a\tSM:WB_18a\tLB:WB_18a\tPL:ILLUMINA output/05_realign_xbOstLuri2/reference/GCA_061535525.1_xbOstLuri2_USDA-ARS_PSRF_primary_genomic.fna data/raw/WB_18a_S100_L004_R1_001.fastq.gz data/raw/WB_18a_S100_L004_R2_001.fastq.gz
[main] Real time: 3550.263 sec; CPU: 54744.957 sec
[bam_sort_core] merging from 3 files and 8 in-memory blocks...
end 2026-09-27T16:50:16Z sample=WB_18a
