/opt/ohpc/admin/lmod/lmod/init/bash: line 93: LD_LIBRARY_PATH: unbound variable
start 2026-09-27T13:01:18Z host n3447 sample=LS_14a location=LS
[M::bwa_idx_load_from_disk] read 0 ALT contigs
[M::process] read 1066668 sequences (160000200 bp)...
[M::process] read 1066668 sequences (160000200 bp)...
[M::mem_pestat] # candidate unique pairs for (FF, FR, RF, RR): (33, 222863, 59, 41)
[M::mem_pestat] analyzing insert size distribution for orientation FF...
[M::mem_pestat] (25, 50, 75) percentile: (232, 372, 509)
[M::mem_pestat] low and high boundaries for computing mean and std.dev: (1, 1063)
[M::mem_pestat] mean and std.dev: (315.30, 120.02)
[M::mem_pestat] low and high boundaries for proper pairs: (1, 1340)
[M::mem_pestat] analyzing insert size distribution for orientation FR...
[M::mem_pestat] (25, 50, 75) percentile: (261, 345, 440)
[M::mem_pestat] low and high boundaries for computing mean and std.dev: (1, 798)
[M::mem_pestat] mean and std.dev: (350.56, 135.18)
[M::mem_pestat] low and high boundaries for proper pairs: (1, 977)
[M::mem_pestat] analyzing insert size distribution for orientation RF...
[M::mem_pestat] (25, 50, 75) percentile: (322, 1225, 7404)
[M::mem_pestat] low and high boundaries for computing mean and std.dev: (1, 21568)
[M::mem_pestat] mean and std.dev: (3384.12, 3637.14)
[M::mem_pestat] low and high boundaries for proper pairs: (1, 28650)
[M::mem_pestat] analyzing insert size distribution for orientation RR...
[M::mem_pestat] (25, 50, 75) percentile: (417, 675, 1577)
[M::mem_pestat] low and high boundaries for computing mean and std.dev: (1, 3897)
[M::mem_pestat] mean and std.dev: (780.46, 559.13)
[M::mem_pestat] low and high boundaries for proper pairs: (1, 5057)
[M::mem_pestat] skip orientation FF
[M::mem_pestat] skip orientation RF
[M::mem_pestat] skip orientation RR
[M::mem_process_seqs] Processed 1066668 reads in 776.790 CPU sec, 51.954 real sec
[M::mem_pestat] # candidate unique pairs for (FF, FR, RF, RR): (47, 223070, 73, 30)
[M::mem_pestat] analyzing insert size distribution for orientation FF...
[M::mem_pestat] (25, 50, 75) percentile: (270, 460, 963)
[M::mem_pestat] low and high boundaries for computing mean and std.dev: (1, 2349)
[M::mem_pestat] mean and std.dev: (635.02, 478.40)
[M::mem_pestat] low and high boundaries for proper pairs: (1, 3042)
[M::mem_pestat] analyzing insert size distribution for orientation FR...
[M::mem_pestat] (25, 50, 75) percentile: (268, 352, 447)
[M::mem_pestat] low and high boundaries for computing mean and std.dev: (1, 805)
[M::mem_pestat] mean and std.dev: (357.21, 136.10)
[M::mem_pestat] low and high boundaries for proper pairs: (1, 984)
[M::mem_pestat] analyzing insert size distribution for orientation RF...
[M::mem_pestat] (25, 50, 75) percentile: (232, 647, 3397)
[M::mem_pestat] low and high boundaries for computing mean and std.dev: (1, 9727)
[M::mem_pestat] mean and std.dev: (2009.14, 2609.10)
[M::mem_pestat] low and high boundaries for proper pairs: (1, 12892)
[M::mem_pestat] analyzing insert size distribution for orientation RR...
[M::mem_pestat] (25, 50, 75) percentile: (316, 483, 1556)
[M::mem_pestat] low and high boundaries for computing mean and std.dev: (1, 4036)
[M::mem_pestat] mean and std.dev: (759.31, 634.82)
[M::mem_pestat] low and high boundaries for proper pairs: (1, 5276)
[M::mem_pestat] skip orientation FF
[M::mem_pestat] skip orientation RF
[M::mem_pestat] skip orientation RR
[M::process] read 1066668 sequences (160000200 bp)...
[M::mem_process_seqs] Processed 1066668 reads in 786.728 CPU sec, 51.172 real sec
[M::mem_pestat] # candidate unique pairs for (FF, FR, RF, RR): (25, 223593, 80, 22)
[M::mem_pestat] analyzing insert size distribution for orientation FF...
[M::mem_pestat] (25, 50, 75) percentile: (342, 459, 1936)
[M::mem_pestat] low and high boundaries for computing mean and std.dev: (1, 5124)
[M::mem_pestat] mean and std.dev: (640.14, 880.21)
[M::mem_pestat] low and high boundaries for proper pairs: (1, 6718)
[M::mem_pestat] analyzing insert size distribution for orientation FR...
[M::mem_pestat] (25, 50, 75) percentile: (265, 348, 446)
[M::mem_pestat] low and high boundaries for computing mean and std.dev: (1, 808)
[M::mem_pestat] mean and std.dev: (355.32, 136.97)
[M::mem_pestat] low and high boundaries for proper pairs: (1, 989)
[M::mem_pestat] analyzing insert size distribution for orientation RF...
[M::mem_pestat] (25, 50, 75) percentile: (377, 1203, 3215)
[M::mem_pestat] low and high boundaries for computing mean and std.dev: (1, 8891)
[M::mem_pestat] mean and std.dev: (1706.07, 1947.68)
[M::mem_pestat] low and high boundaries for proper pairs: (1, 11729)
[M::mem_pestat] analyzing insert size distribution for orientation RR...
[M::mem_pestat] (25, 50, 75) percentile: (322, 505, 3278)
[M::mem_pestat] low and high boundaries for computing mean and std.dev: (1, 9190)
[M::mem_pestat] mean and std.dev: (1742.77, 2495.57)
[M::mem_pestat] low and high boundaries for proper pairs: (1, 12146)
[M::mem_pestat] skip orientation FF
[M::mem_pestat] skip orientation RF
[M::mem_pestat] skip orientation RR
[M::process] read 1066668 sequences (160000200 bp)...
[M::mem_process_seqs] Processed 1066668 reads in 795.883 CPU sec, 51.980 real sec
[M::mem_pestat] # candidate unique pairs for (FF, FR, RF, RR): (32, 223343, 81, 32)
[M::mem_pestat] analyzing insert size distribution for orientation FF...
[M::mem_pestat] (25, 50, 75) percentile: (351, 599, 792)
[M::mem_pestat] low and high boundaries for computing mean and std.dev: (1, 1674)
[M::mem_pestat] mean and std.dev: (528.57, 282.97)
[M::mem_pestat] low and high boundaries for proper pairs: (1, 2115)
[M::mem_pestat] analyzing insert size distribution for orientation FR...
[M::mem_pestat] (25, 50, 75) percentile: (265, 350, 449)
[M::mem_pestat] low and high boundaries for computing mean and std.dev: (1, 817)
[M::mem_pestat] mean and std.dev: (357.24, 138.51)
[M::mem_pestat] low and high boundaries for proper pairs: (1, 1001)
[M::mem_pestat] analyzing insert size distribution for orientation RF...
[M::mem_pestat] (25, 50, 75) percentile: (215, 875, 2706)
[M::mem_pestat] low and high boundaries for computing mean and std.dev: (1, 7688)
[M::mem_pestat] mean and std.dev: (1529.35, 1825.53)
[M::mem_pestat] low and high boundaries for proper pairs: (1, 10179)
[M::mem_pestat] analyzing insert size distribution for orientation RR...
[M::mem_pestat] (25, 50, 75) percentile: (213, 399, 847)
[M::mem_pestat] low and high boundaries for computing mean and std.dev: (1, 2115)
[M::mem_pestat] mean and std.dev: (554.77, 485.82)
[M::mem_pestat] low and high boundaries for proper pairs: (1, 2749)
[M::mem_pestat] skip orientation FF
[M::mem_pestat] skip orientation RF
[M::mem_pestat] skip orientation RR
[M::process] read 1066668 sequences (160000200 bp)...
[M::mem_process_seqs] Processed 1066668 reads in 799.856 CPU sec, 52.045 real sec
[M::mem_pestat] # candidate unique pairs for (FF, FR, RF, RR): (43, 223570, 89, 23)
[M::mem_pestat] analyzing insert size distribution for orientation FF...
[M::mem_pestat] (25, 50, 75) percentile: (322, 755, 2217)
[M::mem_pestat] low and high boundaries for computing mean and std.dev: (1, 6007)
[M::mem_pestat] mean and std.dev: (1277.05, 1431.02)
[M::mem_pestat] low and high boundaries for proper pairs: (1, 7902)
[M::mem_pestat] analyzing insert size distribution for orientation FR...
[M::mem_pestat] (25, 50, 75) percentile: (263, 347, 445)
[M::mem_pestat] low and high boundaries for computing mean and std.dev: (1, 809)
[M::mem_pestat] mean and std.dev: (354.84, 137.47)
[M::mem_pestat] low and high boundaries for proper pairs: (1, 991)
[M::mem_pestat] analyzing insert size distribution for orientation RF...
[M::mem_pestat] (25, 50, 75) percentile: (295, 1072, 4960)
[M::mem_pestat] low and high boundaries for computing mean and std.dev: (1, 14290)
[M::mem_pestat] mean and std.dev: (2557.71, 2851.74)
[M::mem_pestat] low and high boundaries for proper pairs: (1, 18955)
[M::mem_pestat] analyzing insert size distribution for orientation RR...
[M::mem_pestat] (25, 50, 75) percentile: (319, 567, 1649)
[M::mem_pestat] low and high boundaries for computing mean and std.dev: (1, 4309)
[M::mem_pestat] mean and std.dev: (649.70, 498.55)
[M::mem_pestat] low and high boundaries for proper pairs: (1, 5639)
[M::mem_pestat] skip orientation FF
[M::mem_pestat] skip orientation RF
[M::mem_pestat] skip orientation RR
[M::process] read 1066668 sequences (160000200 bp)...
[M::mem_process_seqs] Processed 1066668 reads in 798.399 CPU sec, 52.009 real sec
[M::mem_pestat] # candidate unique pairs for (FF, FR, RF, RR): (36, 224236, 56, 23)
[M::mem_pestat] analyzing insert size distribution for orientation FF...
[M::mem_pestat] (25, 50, 75) percentile: (249, 565, 2567)
[M::mem_pestat] low and high boundaries for computing mean and std.dev: (1, 7203)
[M::mem_pestat] mean and std.dev: (1457.94, 1650.93)
[M::mem_pestat] low and high boundaries for proper pairs: (1, 9521)
[M::mem_pestat] analyzing insert size distribution for orientation FR...
[M::mem_pestat] (25, 50, 75) percentile: (264, 348, 448)
[M::mem_pestat] low and high boundaries for computing mean and std.dev: (1, 816)
[M::mem_pestat] mean and std.dev: (356.16, 137.99)
[M::mem_pestat] low and high boundaries for proper pairs: (1, 1000)
[M::mem_pestat] analyzing insert size distribution for orientation RF...
[M::mem_pestat] (25, 50, 75) percentile: (466, 1020, 4371)
[M::mem_pestat] low and high boundaries for computing mean and std.dev: (1, 12181)
[M::mem_pestat] mean and std.dev: (2661.82, 2951.13)
[M::mem_pestat] low and high boundaries for proper pairs: (1, 16086)
[M::mem_pestat] analyzing insert size distribution for orientation RR...
[M::mem_pestat] (25, 50, 75) percentile: (348, 605, 5670)
[M::mem_pestat] low and high boundaries for computing mean and std.dev: (1, 16314)
[M::mem_pestat] mean and std.dev: (2603.43, 3319.46)
[M::mem_pestat] low and high boundaries for proper pairs: (1, 21636)
[M::mem_pestat] skip orientation FF
[M::mem_pestat] skip orientation RF
[M::mem_pestat] skip orientation RR
[M::process] read 1066668 sequences (160000200 bp)...
[M::mem_process_seqs] Processed 1066668 reads in 805.061 CPU sec, 52.349 real sec
[M::mem_pestat] # candidate unique pairs for (FF, FR, RF, RR): (24, 223174, 69, 41)
[M::mem_pestat] analyzing insert size distribution for orientation FF...
[M::mem_pestat] (25, 50, 75) percentile: (391, 604, 2887)
[M::mem_pestat] low and high boundaries for computing mean and std.dev: (1, 7879)
[M::mem_pestat] mean and std.dev: (1522.04, 1578.93)
[M::mem_pestat] low and high boundaries for proper pairs: (1, 10375)
[M::mem_pestat] analyzing insert size distribution for orientation FR...
[M::mem_pestat] (25, 50, 75) percentile: (260, 343, 440)
[M::mem_pestat] low and high boundaries for computing mean and std.dev: (1, 800)
[M::mem_pestat] mean and std.dev: (350.51, 135.86)
[M::mem_pestat] low and high boundaries for proper pairs: (1, 980)
[M::mem_pestat] analyzing insert size distribution for orientation RF...
[M::mem_pestat] (25, 50, 75) percentile: (336, 1281, 3503)
[M::mem_pestat] low and high boundaries for computing mean and std.dev: (1, 9837)
[M::mem_pestat] mean and std.dev: (2410.04, 2752.66)
[M::mem_pestat] low and high boundaries for proper pairs: (1, 13421)
[M::mem_pestat] analyzing insert size distribution for orientation RR...
[M::mem_pestat] (25, 50, 75) percentile: (193, 528, 2163)
[M::mem_pestat] low and high boundaries for computing mean and std.dev: (1, 6103)
[M::mem_pestat] mean and std.dev: (1055.56, 1373.51)
[M::mem_pestat] low and high boundaries for proper pairs: (1, 8073)
[M::mem_pestat] skip orientation FF
[M::mem_pestat] skip orientation RF
[M::mem_pestat] skip orientation RR
[M::process] read 1066668 sequences (160000200 bp)...
[M::mem_process_seqs] Processed 1066668 reads in 792.109 CPU sec, 51.281 real sec
[M::mem_pestat] # candidate unique pairs for (FF, FR, RF, RR): (43, 222845, 72, 41)
[M::mem_pestat] analyzing insert size distribution for orientation FF...
[M::mem_pestat] (25, 50, 75) percentile: (342, 575, 1160)
[M::mem_pestat] low and high boundaries for computing mean and std.dev: (1, 2796)
[M::mem_pestat] mean and std.dev: (575.71, 493.72)
[M::mem_pestat] low and high boundaries for proper pairs: (1, 3614)
[M::mem_pestat] analyzing insert size distribution for orientation FR...
[M::mem_pestat] (25, 50, 75) percentile: (260, 343, 441)
[M::mem_pestat] low and high boundaries for computing mean and std.dev: (1, 803)
[M::mem_pestat] mean and std.dev: (350.78, 136.53)
[M::mem_pestat] low and high boundaries for proper pairs: (1, 984)
[M::mem_pestat] analyzing insert size distribution for orientation RF...
[M::mem_pestat] (25, 50, 75) percentile: (249, 1253, 4849)
[M::mem_pestat] low and high boundaries for computing mean and std.dev: (1, 14049)
[M::mem_pestat] mean and std.dev: (2444.78, 2659.96)
[M::mem_pestat] low and high boundaries for proper pairs: (1, 18649)
[M::mem_pestat] analyzing insert size distribution for orientation RR...
[M::mem_pestat] (25, 50, 75) percentile: (196, 357, 1096)
[M::mem_pestat] low and high boundaries for computing mean and std.dev: (1, 2896)
[M::mem_pestat] mean and std.dev: (587.62, 635.95)
[M::mem_pestat] low and high boundaries for proper pairs: (1, 3796)
[M::mem_pestat] skip orientation FF
[M::mem_pestat] skip orientation RF
[M::mem_pestat] skip orientation RR
[M::process] read 1066668 sequences (160000200 bp)...
[M::mem_process_seqs] Processed 1066668 reads in 797.381 CPU sec, 51.783 real sec
[M::mem_pestat] # candidate unique pairs for (FF, FR, RF, RR): (33, 222754, 82, 41)
[M::mem_pestat] analyzing insert size distribution for orientation FF...
[M::mem_pestat] (25, 50, 75) percentile: (214, 395, 1680)
[M::mem_pestat] low and high boundaries for computing mean and std.dev: (1, 4612)
[M::mem_pestat] mean and std.dev: (708.83, 779.33)
[M::mem_pestat] low and high boundaries for proper pairs: (1, 6078)
[M::mem_pestat] analyzing insert size distribution for orientation FR...
[M::mem_pestat] (25, 50, 75) percentile: (260, 345, 443)
[M::mem_pestat] low and high boundaries for computing mean and std.dev: (1, 809)
[M::mem_pestat] mean and std.dev: (352.02, 137.33)
[M::mem_pestat] low and high boundaries for proper pairs: (1, 992)
[M::mem_pestat] analyzing insert size distribution for orientation RF...
[M::mem_pestat] (25, 50, 75) percentile: (314, 1378, 4248)
[M::mem_pestat] low and high boundaries for computing mean and std.dev: (1, 12116)
[M::mem_pestat] mean and std.dev: (2593.90, 2777.72)
[M::mem_pestat] low and high boundaries for proper pairs: (1, 16050)
[M::mem_pestat] analyzing insert size distribution for orientation RR...
[M::mem_pestat] (25, 50, 75) percentile: (329, 525, 911)
[M::mem_pestat] low and high boundaries for computing mean and std.dev: (1, 2075)
[M::mem_pestat] mean and std.dev: (550.61, 367.50)
[M::mem_pestat] low and high boundaries for proper pairs: (1, 2657)
[M::mem_pestat] skip orientation FF
[M::mem_pestat] skip orientation RF
[M::mem_pestat] skip orientation RR
[M::process] read 1066668 sequences (160000200 bp)...
[M::mem_process_seqs] Processed 1066668 reads in 794.872 CPU sec, 51.674 real sec
[M::mem_pestat] # candidate unique pairs for (FF, FR, RF, RR): (42, 222826, 78, 35)
[M::mem_pestat] analyzing insert size distribution for orientation FF...
[M::mem_pestat] (25, 50, 75) percentile: (280, 458, 1706)
[M::mem_pestat] low and high boundaries for computing mean and std.dev: (1, 4558)
[M::mem_pestat] mean and std.dev: (831.69, 1009.88)
[M::mem_pestat] low and high boundaries for proper pairs: (1, 5984)
[M::mem_pestat] analyzing insert size distribution for orientation FR...
[M::mem_pestat] (25, 50, 75) percentile: (265, 353, 454)
[M::mem_pestat] low and high boundaries for computing mean and std.dev: (1, 832)
[M::mem_pestat] mean and std.dev: (359.49, 140.84)
[M::mem_pestat] low and high boundaries for proper pairs: (1, 1021)
[M::mem_pestat] analyzing insert size distribution for orientation RF...
[M::mem_pestat] (25, 50, 75) percentile: (511, 1626, 4522)
[M::mem_pestat] low and high boundaries for computing mean and std.dev: (1, 12544)
[M::mem_pestat] mean and std.dev: (2798.73, 2925.66)
[M::mem_pestat] low and high boundaries for proper pairs: (1, 16555)
[M::mem_pestat] analyzing insert size distribution for orientation RR...
[M::mem_pestat] (25, 50, 75) percentile: (307, 874, 2073)
[M::mem_pestat] low and high boundaries for computing mean and std.dev: (1, 5605)
[M::mem_pestat] mean and std.dev: (1291.94, 1418.07)
[M::mem_pestat] low and high boundaries for proper pairs: (1, 7371)
[M::mem_pestat] skip orientation FF
[M::mem_pestat] skip orientation RF
[M::mem_pestat] skip orientation RR
[M::process] read 1066668 sequences (160000200 bp)...
[M::mem_process_seqs] Processed 1066668 reads in 774.778 CPU sec, 50.427 real sec
[M::mem_pestat] # candidate unique pairs for (FF, FR, RF, RR): (44, 223843, 69, 45)
[M::mem_pestat] analyzing insert size distribution for orientation FF...
[M::mem_pestat] (25, 50, 75) percentile: (222, 478, 1155)
[M::mem_pestat] low and high boundaries for computing mean and std.dev: (1, 3021)
[M::mem_pestat] mean and std.dev: (446.94, 358.80)
[M::mem_pestat] low and high boundaries for proper pairs: (1, 3954)
[M::mem_pestat] analyzing insert size distribution for orientation FR...
[M::mem_pestat] (25, 50, 75) percentile: (269, 357, 458)
[M::mem_pestat] low and high boundaries for computing mean and std.dev: (1, 836)
[M::mem_pestat] mean and std.dev: (363.34, 141.21)
[M::mem_pestat] low and high boundaries for proper pairs: (1, 1025)
[M::mem_pestat] analyzing insert size distribution for orientation RF...
[M::mem_pestat] (25, 50, 75) percentile: (532, 1068, 4478)
[M::mem_pestat] low and high boundaries for computing mean and std.dev: (1, 12370)
[M::mem_pestat] mean and std.dev: (2659.94, 2942.51)
[M::mem_pestat] low and high boundaries for proper pairs: (1, 16316)
[M::mem_pestat] analyzing insert size distribution for orientation RR...
[M::mem_pestat] (25, 50, 75) percentile: (306, 661, 3318)
[M::mem_pestat] low and high boundaries for computing mean and std.dev: (1, 9342)
[M::mem_pestat] mean and std.dev: (1569.63, 1882.03)
[M::mem_pestat] low and high boundaries for proper pairs: (1, 12354)
[M::mem_pestat] skip orientation FF
[M::mem_pestat] skip orientation RF
[M::mem_pestat] skip orientation RR
[M::process] read 1066668 sequences (160000200 bp)...
[M::mem_process_seqs] Processed 1066668 reads in 780.438 CPU sec, 50.438 real sec
[M::mem_pestat] # candidate unique pairs for (FF, FR, RF, RR): (41, 223539, 62, 43)
[M::mem_pestat] analyzing insert size distribution for orientation FF...
[M::mem_pestat] (25, 50, 75) percentile: (229, 422, 1018)
[M::mem_pestat] low and high boundaries for computing mean and std.dev: (1, 2596)
[M::mem_pestat] mean and std.dev: (613.38, 562.39)
[M::mem_pestat] low and high boundaries for proper pairs: (1, 3385)
[M::mem_pestat] analyzing insert size distribution for orientation FR...
[M::mem_pestat] (25, 50, 75) percentile: (264, 351, 453)
[M::mem_pestat] low and high boundaries for computing mean and std.dev: (1, 831)
[M::mem_pestat] mean and std.dev: (359.21, 140.92)
[M::mem_pestat] low and high boundaries for proper pairs: (1, 1020)
[M::mem_pestat] analyzing insert size distribution for orientation RF...
[M::mem_pestat] (25, 50, 75) percentile: (168, 914, 4815)
[M::mem_pestat] low and high boundaries for computing mean and std.dev: (1, 14109)
[M::mem_pestat] mean and std.dev: (2362.34, 2746.51)
[M::mem_pestat] low and high boundaries for proper pairs: (1, 18756)
[M::mem_pestat] analyzing insert size distribution for orientation RR...
[M::mem_pestat] (25, 50, 75) percentile: (285, 353, 861)
[M::mem_pestat] low and high boundaries for computing mean and std.dev: (1, 2013)
[M::mem_pestat] mean and std.dev: (549.79, 433.43)
[M::mem_pestat] low and high boundaries for proper pairs: (1, 2589)
[M::mem_pestat] skip orientation FF
[M::mem_pestat] skip orientation RF
[M::mem_pestat] skip orientation RR
[M::process] read 1066668 sequences (160000200 bp)...
[M::mem_process_seqs] Processed 1066668 reads in 782.963 CPU sec, 50.628 real sec
[M::mem_pestat] # candidate unique pairs for (FF, FR, RF, RR): (43, 224463, 64, 19)
[M::mem_pestat] analyzing insert size distribution for orientation FF...
[M::mem_pestat] (25, 50, 75) percentile: (228, 369, 624)
[M::mem_pestat] low and high boundaries for computing mean and std.dev: (1, 1416)
[M::mem_pestat] mean and std.dev: (411.44, 254.79)
[M::mem_pestat] low and high boundaries for proper pairs: (1, 1812)
[M::mem_pestat] analyzing insert size distribution for orientation FR...
[M::mem_pestat] (25, 50, 75) percentile: (264, 351, 452)
[M::mem_pestat] low and high boundaries for computing mean and std.dev: (1, 828)
[M::mem_pestat] mean and std.dev: (358.88, 140.52)
[M::mem_pestat] low and high boundaries for proper pairs: (1, 1016)
[M::mem_pestat] analyzing insert size distribution for orientation RF...
[M::mem_pestat] (25, 50, 75) percentile: (361, 1415, 6297)
[M::mem_pestat] low and high boundaries for computing mean and std.dev: (1, 18169)
[M::mem_pestat] mean and std.dev: (2800.59, 3058.38)
[M::mem_pestat] low and high boundaries for proper pairs: (1, 24105)
[M::mem_pestat] analyzing insert size distribution for orientation RR...
[M::mem_pestat] (25, 50, 75) percentile: (416, 492, 1528)
[M::mem_pestat] low and high boundaries for computing mean and std.dev: (1, 3752)
[M::mem_pestat] mean and std.dev: (703.59, 533.94)
[M::mem_pestat] low and high boundaries for proper pairs: (1, 4864)
[M::mem_pestat] skip orientation FF
[M::mem_pestat] skip orientation RF
[M::mem_pestat] skip orientation RR
[M::process] read 1066668 sequences (160000200 bp)...
[M::mem_process_seqs] Processed 1066668 reads in 778.780 CPU sec, 50.489 real sec
[M::mem_pestat] # candidate unique pairs for (FF, FR, RF, RR): (33, 224424, 76, 53)
[M::mem_pestat] analyzing insert size distribution for orientation FF...
[M::mem_pestat] (25, 50, 75) percentile: (157, 291, 993)
[M::mem_pestat] low and high boundaries for computing mean and std.dev: (1, 2665)
[M::mem_pestat] mean and std.dev: (498.17, 492.51)
[M::mem_pestat] low and high boundaries for proper pairs: (1, 3501)
[M::mem_pestat] analyzing insert size distribution for orientation FR...
[M::mem_pestat] (25, 50, 75) percentile: (265, 351, 451)
[M::mem_pestat] low and high boundaries for computing mean and std.dev: (1, 823)
[M::mem_pestat] mean and std.dev: (358.57, 139.68)
[M::mem_pestat] low and high boundaries for proper pairs: (1, 1009)
[M::mem_pestat] analyzing insert size distribution for orientation RF...
[M::mem_pestat] (25, 50, 75) percentile: (283, 1372, 3849)
[M::mem_pestat] low and high boundaries for computing mean and std.dev: (1, 10981)
[M::mem_pestat] mean and std.dev: (2758.78, 3115.07)
[M::mem_pestat] low and high boundaries for proper pairs: (1, 15219)
[M::mem_pestat] analyzing insert size distribution for orientation RR...
[M::mem_pestat] (25, 50, 75) percentile: (320, 612, 1168)
[M::mem_pestat] low and high boundaries for computing mean and std.dev: (1, 2864)
[M::mem_pestat] mean and std.dev: (610.02, 421.82)
[M::mem_pestat] low and high boundaries for proper pairs: (1, 3712)
[M::mem_pestat] skip orientation FF
[M::mem_pestat] skip orientation RF
[M::mem_pestat] skip orientation RR
[M::process] read 1066668 sequences (160000200 bp)...
[M::mem_process_seqs] Processed 1066668 reads in 781.998 CPU sec, 50.681 real sec
[M::mem_pestat] # candidate unique pairs for (FF, FR, RF, RR): (26, 223607, 91, 31)
[M::mem_pestat] analyzing insert size distribution for orientation FF...
[M::mem_pestat] (25, 50, 75) percentile: (203, 330, 1916)
[M::mem_pestat] low and high boundaries for computing mean and std.dev: (1, 5342)
[M::mem_pestat] mean and std.dev: (1234.81, 1579.33)
[M::mem_pestat] low and high boundaries for proper pairs: (1, 7552)
[M::mem_pestat] analyzing insert size distribution for orientation FR...
[M::mem_pestat] (25, 50, 75) percentile: (263, 349, 450)
[M::mem_pestat] low and high boundaries for computing mean and std.dev: (1, 824)
[M::mem_pestat] mean and std.dev: (357.49, 140.04)
[M::mem_pestat] low and high boundaries for proper pairs: (1, 1011)
[M::mem_pestat] analyzing insert size distribution for orientation RF...
[M::mem_pestat] (25, 50, 75) percentile: (315, 1336, 4183)
[M::mem_pestat] low and high boundaries for computing mean and std.dev: (1, 11919)
[M::mem_pestat] mean and std.dev: (2663.36, 2925.80)
[M::mem_pestat] low and high boundaries for proper pairs: (1, 15787)
[M::mem_pestat] analyzing insert size distribution for orientation RR...
[M::mem_pestat] (25, 50, 75) percentile: (207, 418, 1324)
[M::mem_pestat] low and high boundaries for computing mean and std.dev: (1, 3558)
[M::mem_pestat] mean and std.dev: (679.30, 715.14)
[M::mem_pestat] low and high boundaries for proper pairs: (1, 4675)
[M::mem_pestat] skip orientation FF
[M::mem_pestat] skip orientation RF
[M::mem_pestat] skip orientation RR
[M::process] read 1066668 sequences (160000200 bp)...
[M::mem_process_seqs] Processed 1066668 reads in 789.503 CPU sec, 51.015 real sec
[M::mem_pestat] # candidate unique pairs for (FF, FR, RF, RR): (33, 223092, 89, 40)
[M::mem_pestat] analyzing insert size distribution for orientation FF...
[M::mem_pestat] (25, 50, 75) percentile: (371, 659, 5085)
[M::mem_pestat] low and high boundaries for computing mean and std.dev: (1, 14513)
[M::mem_pestat] mean and std.dev: (2656.52, 2978.05)
[M::mem_pestat] low and high boundaries for proper pairs: (1, 19227)
[M::mem_pestat] analyzing insert size distribution for orientation FR...
[M::mem_pestat] (25, 50, 75) percentile: (260, 346, 446)
[M::mem_pestat] low and high boundaries for computing mean and std.dev: (1, 818)
[M::mem_pestat] mean and std.dev: (354.27, 139.26)
[M::mem_pestat] low and high boundaries for proper pairs: (1, 1004)
[M::mem_pestat] analyzing insert size distribution for orientation RF...
[M::mem_pestat] (25, 50, 75) percentile: (517, 997, 5435)
[M::mem_pestat] low and high boundaries for computing mean and std.dev: (1, 15271)
[M::mem_pestat] mean and std.dev: (2958.09, 3150.60)
[M::mem_pestat] low and high boundaries for proper pairs: (1, 20189)
[M::mem_pestat] analyzing insert size distribution for orientation RR...
[M::mem_pestat] (25, 50, 75) percentile: (349, 1048, 3107)
[M::mem_pestat] low and high boundaries for computing mean and std.dev: (1, 8623)
[M::mem_pestat] mean and std.dev: (1679.54, 1750.49)
[M::mem_pestat] low and high boundaries for proper pairs: (1, 11381)
[M::mem_pestat] skip orientation FF
[M::mem_pestat] skip orientation RF
[M::mem_pestat] skip orientation RR
[M::process] read 1066668 sequences (160000200 bp)...
[M::mem_process_seqs] Processed 1066668 reads in 791.616 CPU sec, 51.047 real sec
[M::mem_pestat] # candidate unique pairs for (FF, FR, RF, RR): (32, 223428, 78, 35)
[M::mem_pestat] analyzing insert size distribution for orientation FF...
[M::mem_pestat] (25, 50, 75) percentile: (245, 331, 954)
[M::mem_pestat] low and high boundaries for computing mean and std.dev: (1, 2372)
[M::mem_pestat] mean and std.dev: (424.04, 400.65)
[M::mem_pestat] low and high boundaries for proper pairs: (1, 3081)
[M::mem_pestat] analyzing insert size distribution for orientation FR...
[M::mem_pestat] (25, 50, 75) percentile: (260, 345, 444)
[M::mem_pestat] low and high boundaries for computing mean and std.dev: (1, 812)
[M::mem_pestat] mean and std.dev: (353.07, 137.84)
[M::mem_pestat] low and high boundaries for proper pairs: (1, 996)
[M::mem_pestat] analyzing insert size distribution for orientation RF...
[M::mem_pestat] (25, 50, 75) percentile: (577, 1779, 4660)
[M::mem_pestat] low and high boundaries for computing mean and std.dev: (1, 12826)
[M::mem_pestat] mean and std.dev: (2931.59, 2928.01)
[M::mem_pestat] low and high boundaries for proper pairs: (1, 16909)
[M::mem_pestat] analyzing insert size distribution for orientation RR...
[M::mem_pestat] (25, 50, 75) percentile: (353, 492, 1211)
[M::mem_pestat] low and high boundaries for computing mean and std.dev: (1, 2927)
[M::mem_pestat] mean and std.dev: (816.71, 661.28)
[M::mem_pestat] low and high boundaries for proper pairs: (1, 3785)
[M::mem_pestat] skip orientation FF
[M::mem_pestat] skip orientation RF
[M::mem_pestat] skip orientation RR
[M::process] read 1066668 sequences (160000200 bp)...
[M::mem_process_seqs] Processed 1066668 reads in 799.633 CPU sec, 51.894 real sec
[M::mem_pestat] # candidate unique pairs for (FF, FR, RF, RR): (28, 222055, 61, 47)
[M::mem_pestat] analyzing insert size distribution for orientation FF...
[M::mem_pestat] (25, 50, 75) percentile: (284, 448, 1754)
[M::mem_pestat] low and high boundaries for computing mean and std.dev: (1, 4694)
[M::mem_pestat] mean and std.dev: (993.08, 1092.08)
[M::mem_pestat] low and high boundaries for proper pairs: (1, 6164)
[M::mem_pestat] analyzing insert size distribution for orientation FR...
[M::mem_pestat] (25, 50, 75) percentile: (259, 346, 446)
[M::mem_pestat] low and high boundaries for computing mean and std.dev: (1, 820)
[M::mem_pestat] mean and std.dev: (352.79, 139.68)
[M::mem_pestat] low and high boundaries for proper pairs: (1, 1007)
[M::mem_pestat] analyzing insert size distribution for orientation RF...
[M::mem_pestat] (25, 50, 75) percentile: (298, 922, 3042)
[M::mem_pestat] low and high boundaries for computing mean and std.dev: (1, 8530)
[M::mem_pestat] mean and std.dev: (1753.82, 1951.42)
[M::mem_pestat] low and high boundaries for proper pairs: (1, 11274)
[M::mem_pestat] analyzing insert size distribution for orientation RR...
[M::mem_pestat] (25, 50, 75) percentile: (225, 388, 1064)
[M::mem_pestat] low and high boundaries for computing mean and std.dev: (1, 2742)
[M::mem_pestat] mean and std.dev: (623.93, 578.02)
[M::mem_pestat] low and high boundaries for proper pairs: (1, 3581)
[M::mem_pestat] skip orientation FF
[M::mem_pestat] skip orientation RF
[M::mem_pestat] skip orientation RR
[M::process] read 1066668 sequences (160000200 bp)...
[M::mem_process_seqs] Processed 1066668 reads in 792.851 CPU sec, 51.342 real sec
[M::mem_pestat] # candidate unique pairs for (FF, FR, RF, RR): (29, 222893, 71, 36)
[M::mem_pestat] analyzing insert size distribution for orientation FF...
[M::mem_pestat] (25, 50, 75) percentile: (346, 529, 4476)
[M::mem_pestat] low and high boundaries for computing mean and std.dev: (1, 12736)
[M::mem_pestat] mean and std.dev: (1992.52, 2466.57)
[M::mem_pestat] low and high boundaries for proper pairs: (1, 16866)
[M::mem_pestat] analyzing insert size distribution for orientation FR...
[M::mem_pestat] (25, 50, 75) percentile: (265, 353, 454)
[M::mem_pestat] low and high boundaries for computing mean and std.dev: (1, 832)
[M::mem_pestat] mean and std.dev: (359.24, 141.09)
[M::mem_pestat] low and high boundaries for proper pairs: (1, 1021)
[M::mem_pestat] analyzing insert size distribution for orientation RF...
[M::mem_pestat] (25, 50, 75) percentile: (125, 496, 4514)
[M::mem_pestat] low and high boundaries for computing mean and std.dev: (1, 13292)
[M::mem_pestat] mean and std.dev: (2440.03, 3318.34)
[M::mem_pestat] low and high boundaries for proper pairs: (1, 17681)
[M::mem_pestat] analyzing insert size distribution for orientation RR...
[M::mem_pestat] (25, 50, 75) percentile: (289, 597, 1745)
[M::mem_pestat] low and high boundaries for computing mean and std.dev: (1, 4657)
[M::mem_pestat] mean and std.dev: (907.34, 835.84)
[M::mem_pestat] low and high boundaries for proper pairs: (1, 6113)
[M::mem_pestat] skip orientation FF
[M::mem_pestat] skip orientation RF
[M::mem_pestat] skip orientation RR
[M::process] read 1066668 sequences (160000200 bp)...
[M::mem_process_seqs] Processed 1066668 reads in 780.273 CPU sec, 50.781 real sec
[M::mem_pestat] # candidate unique pairs for (FF, FR, RF, RR): (32, 223222, 78, 27)
[M::mem_pestat] analyzing insert size distribution for orientation FF...
[M::mem_pestat] (25, 50, 75) percentile: (302, 400, 2212)
[M::mem_pestat] low and high boundaries for computing mean and std.dev: (1, 6032)
[M::mem_pestat] mean and std.dev: (1060.38, 1085.12)
[M::mem_pestat] low and high boundaries for proper pairs: (1, 7942)
[M::mem_pestat] analyzing insert size distribution for orientation FR...
[M::mem_pestat] (25, 50, 75) percentile: (263, 348, 447)
[M::mem_pestat] low and high boundaries for computing mean and std.dev: (1, 815)
[M::mem_pestat] mean and std.dev: (355.01, 138.53)
[M::mem_pestat] low and high boundaries for proper pairs: (1, 999)
[M::mem_pestat] analyzing insert size distribution for orientation RF...
[M::mem_pestat] (25, 50, 75) percentile: (256, 1285, 3737)
[M::mem_pestat] low and high boundaries for computing mean and std.dev: (1, 10699)
[M::mem_pestat] mean and std.dev: (2254.06, 2350.43)
[M::mem_pestat] low and high boundaries for proper pairs: (1, 14180)
[M::mem_pestat] analyzing insert size distribution for orientation RR...
[M::mem_pestat] (25, 50, 75) percentile: (172, 357, 1011)
[M::mem_pestat] low and high boundaries for computing mean and std.dev: (1, 2689)
[M::mem_pestat] mean and std.dev: (578.23, 527.78)
[M::mem_pestat] low and high boundaries for proper pairs: (1, 3528)
[M::mem_pestat] skip orientation FF
[M::mem_pestat] skip orientation RF
[M::mem_pestat] skip orientation RR
[M::mem_process_seqs] Processed 1066668 reads in 773.218 CPU sec, 54.246 real sec
[M::process] read 1066668 sequences (160000200 bp)...
[M::process] read 1066668 sequences (160000200 bp)...
[M::mem_pestat] # candidate unique pairs for (FF, FR, RF, RR): (38, 223386, 86, 21)
[M::mem_pestat] analyzing insert size distribution for orientation FF...
[M::mem_pestat] (25, 50, 75) percentile: (345, 1075, 3010)
[M::mem_pestat] low and high boundaries for computing mean and std.dev: (1, 8340)
[M::mem_pestat] mean and std.dev: (1447.37, 1475.31)
[M::mem_pestat] low and high boundaries for proper pairs: (1, 11005)
[M::mem_pestat] analyzing insert size distribution for orientation FR...
[M::mem_pestat] (25, 50, 75) percentile: (261, 348, 450)
[M::mem_pestat] low and high boundaries for computing mean and std.dev: (1, 828)
[M::mem_pestat] mean and std.dev: (356.46, 141.31)
[M::mem_pestat] low and high boundaries for proper pairs: (1, 1017)
[M::mem_pestat] analyzing insert size distribution for orientation RF...
[M::mem_pestat] (25, 50, 75) percentile: (430, 1481, 4613)
[M::mem_pestat] low and high boundaries for computing mean and std.dev: (1, 12979)
[M::mem_pestat] mean and std.dev: (2624.56, 2583.25)
[M::mem_pestat] low and high boundaries for proper pairs: (1, 17162)
[M::mem_pestat] analyzing insert size distribution for orientation RR...
[M::mem_pestat] (25, 50, 75) percentile: (189, 383, 771)
[M::mem_pestat] low and high boundaries for computing mean and std.dev: (1, 1935)
[M::mem_pestat] mean and std.dev: (347.06, 183.78)
[M::mem_pestat] low and high boundaries for proper pairs: (1, 2517)
[M::mem_pestat] skip orientation FF
[M::mem_pestat] skip orientation RF
[M::mem_pestat] skip orientation RR
[M::mem_process_seqs] Processed 1066668 reads in 784.103 CPU sec, 50.673 real sec
[M::mem_pestat] # candidate unique pairs for (FF, FR, RF, RR): (19, 223198, 72, 35)
[M::mem_pestat] analyzing insert size distribution for orientation FF...
[M::mem_pestat] (25, 50, 75) percentile: (222, 287, 1747)
[M::mem_pestat] low and high boundaries for computing mean and std.dev: (1, 4797)
[M::mem_pestat] mean and std.dev: (646.29, 781.34)
[M::mem_pestat] low and high boundaries for proper pairs: (1, 6322)
[M::mem_pestat] analyzing insert size distribution for orientation FR...
[M::mem_pestat] (25, 50, 75) percentile: (259, 344, 445)
[M::mem_pestat] low and high boundaries for computing mean and std.dev: (1, 817)
[M::mem_pestat] mean and std.dev: (352.49, 139.31)
[M::mem_pestat] low and high boundaries for proper pairs: (1, 1003)
[M::mem_pestat] analyzing insert size distribution for orientation RF...
[M::mem_pestat] (25, 50, 75) percentile: (369, 2023, 3215)
[M::mem_pestat] low and high boundaries for computing mean and std.dev: (1, 8907)
[M::mem_pestat] mean and std.dev: (2637.86, 2564.08)
[M::mem_pestat] low and high boundaries for proper pairs: (1, 12894)
[M::mem_pestat] analyzing insert size distribution for orientation RR...
[M::mem_pestat] (25, 50, 75) percentile: (355, 548, 1703)
[M::mem_pestat] low and high boundaries for computing mean and std.dev: (1, 4399)
[M::mem_pestat] mean and std.dev: (1000.21, 998.32)
[M::mem_pestat] low and high boundaries for proper pairs: (1, 5747)
[M::mem_pestat] skip orientation FF
[M::mem_pestat] skip orientation RF
[M::mem_pestat] skip orientation RR
[M::process] read 1066668 sequences (160000200 bp)...
[M::mem_process_seqs] Processed 1066668 reads in 780.137 CPU sec, 50.528 real sec
[M::mem_pestat] # candidate unique pairs for (FF, FR, RF, RR): (29, 223434, 79, 38)
[M::mem_pestat] analyzing insert size distribution for orientation FF...
[M::mem_pestat] (25, 50, 75) percentile: (336, 466, 978)
[M::mem_pestat] low and high boundaries for computing mean and std.dev: (1, 2262)
[M::mem_pestat] mean and std.dev: (504.88, 272.52)
[M::mem_pestat] low and high boundaries for proper pairs: (1, 2904)
[M::mem_pestat] analyzing insert size distribution for orientation FR...
[M::mem_pestat] (25, 50, 75) percentile: (263, 349, 451)
[M::mem_pestat] low and high boundaries for computing mean and std.dev: (1, 827)
[M::mem_pestat] mean and std.dev: (357.40, 140.64)
[M::mem_pestat] low and high boundaries for proper pairs: (1, 1015)
[M::mem_pestat] analyzing insert size distribution for orientation RF...
[M::mem_pestat] (25, 50, 75) percentile: (359, 1567, 4516)
[M::mem_pestat] low and high boundaries for computing mean and std.dev: (1, 12830)
[M::mem_pestat] mean and std.dev: (2752.44, 2921.16)
[M::mem_pestat] low and high boundaries for proper pairs: (1, 16987)
[M::mem_pestat] analyzing insert size distribution for orientation RR...
[M::mem_pestat] (25, 50, 75) percentile: (202, 409, 2057)
[M::mem_pestat] low and high boundaries for computing mean and std.dev: (1, 5767)
[M::mem_pestat] mean and std.dev: (1222.94, 1551.90)
[M::mem_pestat] low and high boundaries for proper pairs: (1, 7622)
[M::mem_pestat] skip orientation FF
[M::mem_pestat] skip orientation RF
[M::mem_pestat] skip orientation RR
[M::process] read 1066668 sequences (160000200 bp)...
[M::mem_process_seqs] Processed 1066668 reads in 786.483 CPU sec, 50.930 real sec
[M::mem_pestat] # candidate unique pairs for (FF, FR, RF, RR): (26, 222941, 59, 40)
[M::mem_pestat] analyzing insert size distribution for orientation FF...
[M::mem_pestat] (25, 50, 75) percentile: (371, 933, 4167)
[M::mem_pestat] low and high boundaries for computing mean and std.dev: (1, 11759)
[M::mem_pestat] mean and std.dev: (2400.23, 2965.77)
[M::mem_pestat] low and high boundaries for proper pairs: (1, 15555)
[M::mem_pestat] analyzing insert size distribution for orientation FR...
[M::mem_pestat] (25, 50, 75) percentile: (261, 346, 447)
[M::mem_pestat] low and high boundaries for computing mean and std.dev: (1, 819)
[M::mem_pestat] mean and std.dev: (355.00, 139.58)
[M::mem_pestat] low and high boundaries for proper pairs: (1, 1005)
[M::mem_pestat] analyzing insert size distribution for orientation RF...
[M::mem_pestat] (25, 50, 75) percentile: (356, 1334, 4659)
[M::mem_pestat] low and high boundaries for computing mean and std.dev: (1, 13265)
[M::mem_pestat] mean and std.dev: (2729.44, 2945.51)
[M::mem_pestat] low and high boundaries for proper pairs: (1, 17568)
[M::mem_pestat] analyzing insert size distribution for orientation RR...
[M::mem_pestat] (25, 50, 75) percentile: (299, 570, 1449)
[M::mem_pestat] low and high boundaries for computing mean and std.dev: (1, 3749)
[M::mem_pestat] mean and std.dev: (903.92, 896.29)
[M::mem_pestat] low and high boundaries for proper pairs: (1, 4899)
[M::mem_pestat] skip orientation FF
[M::mem_pestat] skip orientation RF
[M::mem_pestat] skip orientation RR
[M::process] read 1066668 sequences (160000200 bp)...
[M::mem_process_seqs] Processed 1066668 reads in 791.548 CPU sec, 51.283 real sec
[M::mem_pestat] # candidate unique pairs for (FF, FR, RF, RR): (31, 222097, 87, 27)
[M::mem_pestat] analyzing insert size distribution for orientation FF...
[M::mem_pestat] (25, 50, 75) percentile: (240, 420, 783)
[M::mem_pestat] low and high boundaries for computing mean and std.dev: (1, 1869)
[M::mem_pestat] mean and std.dev: (487.38, 344.53)
[M::mem_pestat] low and high boundaries for proper pairs: (1, 2412)
[M::mem_pestat] analyzing insert size distribution for orientation FR...
[M::mem_pestat] (25, 50, 75) percentile: (260, 345, 447)
[M::mem_pestat] low and high boundaries for computing mean and std.dev: (1, 821)
[M::mem_pestat] mean and std.dev: (354.55, 140.07)
[M::mem_pestat] low and high boundaries for proper pairs: (1, 1008)
[M::mem_pestat] analyzing insert size distribution for orientation RF...
[M::mem_pestat] (25, 50, 75) percentile: (274, 1139, 3605)
[M::mem_pestat] low and high boundaries for computing mean and std.dev: (1, 10267)
[M::mem_pestat] mean and std.dev: (2521.30, 2858.39)
[M::mem_pestat] low and high boundaries for proper pairs: (1, 13955)
[M::mem_pestat] analyzing insert size distribution for orientation RR...
[M::mem_pestat] (25, 50, 75) percentile: (370, 459, 1448)
[M::mem_pestat] low and high boundaries for computing mean and std.dev: (1, 3604)
[M::mem_pestat] mean and std.dev: (676.88, 575.64)
[M::mem_pestat] low and high boundaries for proper pairs: (1, 4682)
[M::mem_pestat] skip orientation FF
[M::mem_pestat] skip orientation RF
[M::mem_pestat] skip orientation RR
[M::process] read 1066668 sequences (160000200 bp)...
[M::mem_process_seqs] Processed 1066668 reads in 797.969 CPU sec, 51.780 real sec
[M::mem_pestat] # candidate unique pairs for (FF, FR, RF, RR): (38, 222512, 64, 29)
[M::mem_pestat] analyzing insert size distribution for orientation FF...
[M::mem_pestat] (25, 50, 75) percentile: (216, 467, 983)
[M::mem_pestat] low and high boundaries for computing mean and std.dev: (1, 2517)
[M::mem_pestat] mean and std.dev: (539.39, 459.34)
[M::mem_pestat] low and high boundaries for proper pairs: (1, 3284)
[M::mem_pestat] analyzing insert size distribution for orientation FR...
[M::mem_pestat] (25, 50, 75) percentile: (259, 343, 442)
[M::mem_pestat] low and high boundaries for computing mean and std.dev: (1, 808)
[M::mem_pestat] mean and std.dev: (351.55, 137.97)
[M::mem_pestat] low and high boundaries for proper pairs: (1, 991)
[M::mem_pestat] analyzing insert size distribution for orientation RF...
[M::mem_pestat] (25, 50, 75) percentile: (123, 1134, 3959)
[M::mem_pestat] low and high boundaries for computing mean and std.dev: (1, 11631)
[M::mem_pestat] mean and std.dev: (2392.92, 2779.19)
[M::mem_pestat] low and high boundaries for proper pairs: (1, 15467)
[M::mem_pestat] analyzing insert size distribution for orientation RR...
[M::mem_pestat] (25, 50, 75) percentile: (198, 456, 4388)
[M::mem_pestat] low and high boundaries for computing mean and std.dev: (1, 12768)
[M::mem_pestat] mean and std.dev: (2226.66, 2872.75)
[M::mem_pestat] low and high boundaries for proper pairs: (1, 16958)
[M::mem_pestat] skip orientation FF
[M::mem_pestat] skip orientation RF
[M::mem_pestat] skip orientation RR
[M::process] read 1066668 sequences (160000200 bp)...
[M::mem_process_seqs] Processed 1066668 reads in 812.883 CPU sec, 52.822 real sec
[M::mem_pestat] # candidate unique pairs for (FF, FR, RF, RR): (30, 222461, 78, 24)
[M::mem_pestat] analyzing insert size distribution for orientation FF...
[M::mem_pestat] (25, 50, 75) percentile: (279, 596, 1946)
[M::mem_pestat] low and high boundaries for computing mean and std.dev: (1, 5280)
[M::mem_pestat] mean and std.dev: (944.29, 921.14)
[M::mem_pestat] low and high boundaries for proper pairs: (1, 6947)
[M::mem_pestat] analyzing insert size distribution for orientation FR...
[M::mem_pestat] (25, 50, 75) percentile: (263, 348, 447)
[M::mem_pestat] low and high boundaries for computing mean and std.dev: (1, 815)
[M::mem_pestat] mean and std.dev: (355.23, 138.89)
[M::mem_pestat] low and high boundaries for proper pairs: (1, 999)
[M::mem_pestat] analyzing insert size distribution for orientation RF...
[M::mem_pestat] (25, 50, 75) percentile: (509, 1550, 3695)
[M::mem_pestat] low and high boundaries for computing mean and std.dev: (1, 10067)
[M::mem_pestat] mean and std.dev: (2497.27, 2612.72)
[M::mem_pestat] low and high boundaries for proper pairs: (1, 13253)
[M::mem_pestat] analyzing insert size distribution for orientation RR...
[M::mem_pestat] (25, 50, 75) percentile: (442, 640, 1516)
[M::mem_pestat] low and high boundaries for computing mean and std.dev: (1, 3664)
[M::mem_pestat] mean and std.dev: (960.83, 750.33)
[M::mem_pestat] low and high boundaries for proper pairs: (1, 4738)
[M::mem_pestat] skip orientation FF
[M::mem_pestat] skip orientation RF
[M::mem_pestat] skip orientation RR
[M::process] read 1066668 sequences (160000200 bp)...
[M::mem_process_seqs] Processed 1066668 reads in 798.774 CPU sec, 51.994 real sec
[M::mem_pestat] # candidate unique pairs for (FF, FR, RF, RR): (53, 222331, 79, 28)
[M::mem_pestat] analyzing insert size distribution for orientation FF...
[M::mem_pestat] (25, 50, 75) percentile: (206, 430, 2094)
[M::mem_pestat] low and high boundaries for computing mean and std.dev: (1, 5870)
[M::mem_pestat] mean and std.dev: (1014.96, 1370.00)
[M::mem_pestat] low and high boundaries for proper pairs: (1, 7758)
[M::mem_pestat] analyzing insert size distribution for orientation FR...
[M::mem_pestat] (25, 50, 75) percentile: (267, 352, 452)
[M::mem_pestat] low and high boundaries for computing mean and std.dev: (1, 822)
[M::mem_pestat] mean and std.dev: (359.07, 139.20)
[M::mem_pestat] low and high boundaries for proper pairs: (1, 1007)
[M::mem_pestat] analyzing insert size distribution for orientation RF...
[M::mem_pestat] (25, 50, 75) percentile: (314, 1828, 4242)
[M::mem_pestat] low and high boundaries for computing mean and std.dev: (1, 12098)
[M::mem_pestat] mean and std.dev: (2835.84, 3038.17)
[M::mem_pestat] low and high boundaries for proper pairs: (1, 16026)
[M::mem_pestat] analyzing insert size distribution for orientation RR...
[M::mem_pestat] (25, 50, 75) percentile: (534, 1075, 3626)
[M::mem_pestat] low and high boundaries for computing mean and std.dev: (1, 9810)
[M::mem_pestat] mean and std.dev: (1828.89, 2088.69)
[M::mem_pestat] low and high boundaries for proper pairs: (1, 12902)
[M::mem_pestat] skip orientation FF
[M::mem_pestat] skip orientation RF
[M::mem_pestat] skip orientation RR
[M::process] read 1066668 sequences (160000200 bp)...
[M::mem_process_seqs] Processed 1066668 reads in 793.457 CPU sec, 51.368 real sec
[M::mem_pestat] # candidate unique pairs for (FF, FR, RF, RR): (33, 224011, 65, 31)
[M::mem_pestat] analyzing insert size distribution for orientation FF...
[M::mem_pestat] (25, 50, 75) percentile: (256, 396, 1364)
[M::mem_pestat] low and high boundaries for computing mean and std.dev: (1, 3580)
[M::mem_pestat] mean and std.dev: (471.22, 375.45)
[M::mem_pestat] low and high boundaries for proper pairs: (1, 4688)
[M::mem_pestat] analyzing insert size distribution for orientation FR...
[M::mem_pestat] (25, 50, 75) percentile: (261, 346, 445)
[M::mem_pestat] low and high boundaries for computing mean and std.dev: (1, 813)
[M::mem_pestat] mean and std.dev: (353.07, 138.13)
[M::mem_pestat] low and high boundaries for proper pairs: (1, 997)
[M::mem_pestat] analyzing insert size distribution for orientation RF...
[M::mem_pestat] (25, 50, 75) percentile: (287, 1088, 3719)
[M::mem_pestat] low and high boundaries for computing mean and std.dev: (1, 10583)
[M::mem_pestat] mean and std.dev: (2398.09, 2692.00)
[M::mem_pestat] low and high boundaries for proper pairs: (1, 14015)
[M::mem_pestat] analyzing insert size distribution for orientation RR...
[M::mem_pestat] (25, 50, 75) percentile: (156, 332, 566)
[M::mem_pestat] low and high boundaries for computing mean and std.dev: (1, 1386)
[M::mem_pestat] mean and std.dev: (281.77, 207.58)
[M::mem_pestat] low and high boundaries for proper pairs: (1, 1796)
[M::mem_pestat] skip orientation FF
[M::mem_pestat] skip orientation RF
[M::mem_pestat] skip orientation RR
[M::process] read 1066668 sequences (160000200 bp)...
[M::mem_process_seqs] Processed 1066668 reads in 790.784 CPU sec, 51.344 real sec
[M::mem_pestat] # candidate unique pairs for (FF, FR, RF, RR): (40, 223148, 73, 36)
[M::mem_pestat] analyzing insert size distribution for orientation FF...
[M::mem_pestat] (25, 50, 75) percentile: (336, 401, 643)
[M::mem_pestat] low and high boundaries for computing mean and std.dev: (1, 1257)
[M::mem_pestat] mean and std.dev: (397.62, 224.37)
[M::mem_pestat] low and high boundaries for proper pairs: (1, 1564)
[M::mem_pestat] analyzing insert size distribution for orientation FR...
[M::mem_pestat] (25, 50, 75) percentile: (264, 350, 451)
[M::mem_pestat] low and high boundaries for computing mean and std.dev: (1, 825)
[M::mem_pestat] mean and std.dev: (357.87, 139.53)
[M::mem_pestat] low and high boundaries for proper pairs: (1, 1012)
[M::mem_pestat] analyzing insert size distribution for orientation RF...
[M::mem_pestat] (25, 50, 75) percentile: (257, 921, 4613)
[M::mem_pestat] low and high boundaries for computing mean and std.dev: (1, 13325)
[M::mem_pestat] mean and std.dev: (2467.40, 2886.18)
[M::mem_pestat] low and high boundaries for proper pairs: (1, 17681)
[M::mem_pestat] analyzing insert size distribution for orientation RR...
[M::mem_pestat] (25, 50, 75) percentile: (284, 467, 546)
[M::mem_pestat] low and high boundaries for computing mean and std.dev: (1, 1070)
[M::mem_pestat] mean and std.dev: (351.52, 154.23)
[M::mem_pestat] low and high boundaries for proper pairs: (1, 1332)
[M::mem_pestat] skip orientation FF
[M::mem_pestat] skip orientation RF
[M::mem_pestat] skip orientation RR
[M::process] read 1066668 sequences (160000200 bp)...
[M::mem_process_seqs] Processed 1066668 reads in 795.351 CPU sec, 51.529 real sec
[M::mem_pestat] # candidate unique pairs for (FF, FR, RF, RR): (24, 222805, 68, 43)
[M::mem_pestat] analyzing insert size distribution for orientation FF...
[M::mem_pestat] (25, 50, 75) percentile: (185, 335, 666)
[M::mem_pestat] low and high boundaries for computing mean and std.dev: (1, 1628)
[M::mem_pestat] mean and std.dev: (350.57, 245.63)
[M::mem_pestat] low and high boundaries for proper pairs: (1, 2109)
[M::mem_pestat] analyzing insert size distribution for orientation FR...
[M::mem_pestat] (25, 50, 75) percentile: (262, 347, 447)
[M::mem_pestat] low and high boundaries for computing mean and std.dev: (1, 817)
[M::mem_pestat] mean and std.dev: (354.69, 138.79)
[M::mem_pestat] low and high boundaries for proper pairs: (1, 1002)
[M::mem_pestat] analyzing insert size distribution for orientation RF...
[M::mem_pestat] (25, 50, 75) percentile: (336, 1502, 4681)
[M::mem_pestat] low and high boundaries for computing mean and std.dev: (1, 13371)
[M::mem_pestat] mean and std.dev: (2693.46, 2707.82)
[M::mem_pestat] low and high boundaries for proper pairs: (1, 17716)
[M::mem_pestat] analyzing insert size distribution for orientation RR...
[M::mem_pestat] (25, 50, 75) percentile: (166, 524, 1290)
[M::mem_pestat] low and high boundaries for computing mean and std.dev: (1, 3538)
[M::mem_pestat] mean and std.dev: (713.46, 726.38)
[M::mem_pestat] low and high boundaries for proper pairs: (1, 4662)
[M::mem_pestat] skip orientation FF
[M::mem_pestat] skip orientation RF
[M::mem_pestat] skip orientation RR
[M::process] read 1066668 sequences (160000200 bp)...
[M::mem_process_seqs] Processed 1066668 reads in 805.066 CPU sec, 52.241 real sec
[M::mem_pestat] # candidate unique pairs for (FF, FR, RF, RR): (33, 223224, 60, 27)
[M::mem_pestat] analyzing insert size distribution for orientation FF...
[M::mem_pestat] (25, 50, 75) percentile: (312, 493, 2170)
[M::mem_pestat] low and high boundaries for computing mean and std.dev: (1, 5886)
[M::mem_pestat] mean and std.dev: (755.18, 1051.33)
[M::mem_pestat] low and high boundaries for proper pairs: (1, 7744)
[M::mem_pestat] analyzing insert size distribution for orientation FR...
[M::mem_pestat] (25, 50, 75) percentile: (260, 345, 445)
[M::mem_pestat] low and high boundaries for computing mean and std.dev: (1, 815)
[M::mem_pestat] mean and std.dev: (353.45, 138.71)
[M::mem_pestat] low and high boundaries for proper pairs: (1, 1000)
[M::mem_pestat] analyzing insert size distribution for orientation RF...
[M::mem_pestat] (25, 50, 75) percentile: (215, 813, 2847)
[M::mem_pestat] low and high boundaries for computing mean and std.dev: (1, 8111)
[M::mem_pestat] mean and std.dev: (1390.20, 1912.35)
[M::mem_pestat] low and high boundaries for proper pairs: (1, 10743)
[M::mem_pestat] analyzing insert size distribution for orientation RR...
[M::mem_pestat] (25, 50, 75) percentile: (425, 1019, 2177)
[M::mem_pestat] low and high boundaries for computing mean and std.dev: (1, 5681)
[M::mem_pestat] mean and std.dev: (1231.40, 916.80)
[M::mem_pestat] low and high boundaries for proper pairs: (1, 7433)
[M::mem_pestat] skip orientation FF
[M::mem_pestat] skip orientation RF
[M::mem_pestat] skip orientation RR
[M::process] read 1066668 sequences (160000200 bp)...
[M::mem_process_seqs] Processed 1066668 reads in 817.561 CPU sec, 53.174 real sec
[M::mem_pestat] # candidate unique pairs for (FF, FR, RF, RR): (24, 223250, 58, 27)
[M::mem_pestat] analyzing insert size distribution for orientation FF...
[M::mem_pestat] (25, 50, 75) percentile: (365, 516, 3080)
[M::mem_pestat] low and high boundaries for computing mean and std.dev: (1, 8510)
[M::mem_pestat] mean and std.dev: (1667.92, 1919.08)
[M::mem_pestat] low and high boundaries for proper pairs: (1, 11225)
[M::mem_pestat] analyzing insert size distribution for orientation FR...
[M::mem_pestat] (25, 50, 75) percentile: (258, 344, 446)
[M::mem_pestat] low and high boundaries for computing mean and std.dev: (1, 822)
[M::mem_pestat] mean and std.dev: (353.23, 140.06)
[M::mem_pestat] low and high boundaries for proper pairs: (1, 1010)
[M::mem_pestat] analyzing insert size distribution for orientation RF...
[M::mem_pestat] (25, 50, 75) percentile: (512, 1063, 4658)
[M::mem_pestat] low and high boundaries for computing mean and std.dev: (1, 12950)
[M::mem_pestat] mean and std.dev: (2702.74, 2990.51)
[M::mem_pestat] low and high boundaries for proper pairs: (1, 17096)
[M::mem_pestat] analyzing insert size distribution for orientation RR...
[M::mem_pestat] (25, 50, 75) percentile: (219, 441, 1931)
[M::mem_pestat] low and high boundaries for computing mean and std.dev: (1, 5355)
[M::mem_pestat] mean and std.dev: (912.92, 989.24)
[M::mem_pestat] low and high boundaries for proper pairs: (1, 7067)
[M::mem_pestat] skip orientation FF
[M::mem_pestat] skip orientation RF
[M::mem_pestat] skip orientation RR
[M::process] read 1066668 sequences (160000200 bp)...
[M::mem_process_seqs] Processed 1066668 reads in 816.310 CPU sec, 53.017 real sec
[M::mem_pestat] # candidate unique pairs for (FF, FR, RF, RR): (36, 223245, 68, 31)
[M::mem_pestat] analyzing insert size distribution for orientation FF...
[M::mem_pestat] (25, 50, 75) percentile: (304, 522, 1124)
[M::mem_pestat] low and high boundaries for computing mean and std.dev: (1, 2764)
[M::mem_pestat] mean and std.dev: (688.06, 542.13)
[M::mem_pestat] low and high boundaries for proper pairs: (1, 3584)
[M::mem_pestat] analyzing insert size distribution for orientation FR...
[M::mem_pestat] (25, 50, 75) percentile: (258, 342, 442)
[M::mem_pestat] low and high boundaries for computing mean and std.dev: (1, 810)
[M::mem_pestat] mean and std.dev: (351.13, 138.21)
[M::mem_pestat] low and high boundaries for proper pairs: (1, 994)
[M::mem_pestat] analyzing insert size distribution for orientation RF...
[M::mem_pestat] (25, 50, 75) percentile: (432, 2028, 4896)
[M::mem_pestat] low and high boundaries for computing mean and std.dev: (1, 13824)
[M::mem_pestat] mean and std.dev: (2906.93, 2963.08)
[M::mem_pestat] low and high boundaries for proper pairs: (1, 18288)
[M::mem_pestat] analyzing insert size distribution for orientation RR...
[M::mem_pestat] (25, 50, 75) percentile: (317, 601, 1253)
[M::mem_pestat] low and high boundaries for computing mean and std.dev: (1, 3125)
[M::mem_pestat] mean and std.dev: (517.58, 318.87)
[M::mem_pestat] low and high boundaries for proper pairs: (1, 4061)
[M::mem_pestat] skip orientation FF
[M::mem_pestat] skip orientation RF
[M::mem_pestat] skip orientation RR
[M::process] read 1066668 sequences (160000200 bp)...
[M::mem_process_seqs] Processed 1066668 reads in 816.494 CPU sec, 52.843 real sec
[M::mem_pestat] # candidate unique pairs for (FF, FR, RF, RR): (34, 220121, 56, 21)
[M::mem_pestat] analyzing insert size distribution for orientation FF...
[M::mem_pestat] (25, 50, 75) percentile: (202, 365, 753)
[M::mem_pestat] low and high boundaries for computing mean and std.dev: (1, 1855)
[M::mem_pestat] mean and std.dev: (300.81, 190.42)
[M::mem_pestat] low and high boundaries for proper pairs: (1, 2406)
[M::mem_pestat] analyzing insert size distribution for orientation FR...
[M::mem_pestat] (25, 50, 75) percentile: (264, 356, 466)
[M::mem_pestat] low and high boundaries for computing mean and std.dev: (1, 870)
[M::mem_pestat] mean and std.dev: (365.67, 147.60)
[M::mem_pestat] low and high boundaries for proper pairs: (1, 1072)
[M::mem_pestat] analyzing insert size distribution for orientation RF...
[M::mem_pestat] (25, 50, 75) percentile: (512, 994, 2799)
[M::mem_pestat] low and high boundaries for computing mean and std.dev: (1, 7373)
[M::mem_pestat] mean and std.dev: (1734.98, 1841.61)
[M::mem_pestat] low and high boundaries for proper pairs: (1, 9660)
[M::mem_pestat] analyzing insert size distribution for orientation RR...
[M::mem_pestat] (25, 50, 75) percentile: (288, 526, 2636)
[M::mem_pestat] low and high boundaries for computing mean and std.dev: (1, 7332)
[M::mem_pestat] mean and std.dev: (1261.20, 1785.14)
[M::mem_pestat] low and high boundaries for proper pairs: (1, 9680)
[M::mem_pestat] skip orientation FF
[M::mem_pestat] skip orientation RF
[M::mem_pestat] skip orientation RR
[M::process] read 1066668 sequences (160000200 bp)...
[M::mem_process_seqs] Processed 1066668 reads in 830.482 CPU sec, 53.679 real sec
[M::mem_pestat] # candidate unique pairs for (FF, FR, RF, RR): (37, 219757, 57, 19)
[M::mem_pestat] analyzing insert size distribution for orientation FF...
[M::mem_pestat] (25, 50, 75) percentile: (159, 329, 594)
[M::mem_pestat] low and high boundaries for computing mean and std.dev: (1, 1464)
[M::mem_pestat] mean and std.dev: (420.80, 328.96)
[M::mem_pestat] low and high boundaries for proper pairs: (1, 1899)
[M::mem_pestat] analyzing insert size distribution for orientation FR...
[M::mem_pestat] (25, 50, 75) percentile: (271, 366, 477)
[M::mem_pestat] low and high boundaries for computing mean and std.dev: (1, 889)
[M::mem_pestat] mean and std.dev: (374.03, 149.57)
[M::mem_pestat] low and high boundaries for proper pairs: (1, 1095)
[M::mem_pestat] analyzing insert size distribution for orientation RF...
[M::mem_pestat] (25, 50, 75) percentile: (253, 1059, 3930)
[M::mem_pestat] low and high boundaries for computing mean and std.dev: (1, 11284)
[M::mem_pestat] mean and std.dev: (2376.68, 2885.69)
[M::mem_pestat] low and high boundaries for proper pairs: (1, 14961)
[M::mem_pestat] analyzing insert size distribution for orientation RR...
[M::mem_pestat] (25, 50, 75) percentile: (344, 414, 1838)
[M::mem_pestat] low and high boundaries for computing mean and std.dev: (1, 4826)
[M::mem_pestat] mean and std.dev: (931.83, 985.26)
[M::mem_pestat] low and high boundaries for proper pairs: (1, 6320)
[M::mem_pestat] skip orientation FF
[M::mem_pestat] skip orientation RF
[M::mem_pestat] skip orientation RR
[M::process] read 1066668 sequences (160000200 bp)...
[M::mem_process_seqs] Processed 1066668 reads in 802.741 CPU sec, 51.829 real sec
[M::mem_pestat] # candidate unique pairs for (FF, FR, RF, RR): (29, 221541, 72, 45)
[M::mem_pestat] analyzing insert size distribution for orientation FF...
[M::mem_pestat] (25, 50, 75) percentile: (218, 296, 1382)
[M::mem_pestat] low and high boundaries for computing mean and std.dev: (1, 3710)
[M::mem_pestat] mean and std.dev: (582.82, 547.37)
[M::mem_pestat] low and high boundaries for proper pairs: (1, 4874)
[M::mem_pestat] analyzing insert size distribution for orientation FR...
[M::mem_pestat] (25, 50, 75) percentile: (265, 358, 467)
[M::mem_pestat] low and high boundaries for computing mean and std.dev: (1, 871)
[M::mem_pestat] mean and std.dev: (366.86, 147.44)
[M::mem_pestat] low and high boundaries for proper pairs: (1, 1073)
[M::mem_pestat] analyzing insert size distribution for orientation RF...
[M::mem_pestat] (25, 50, 75) percentile: (148, 1040, 3137)
[M::mem_pestat] low and high boundaries for computing mean and std.dev: (1, 9115)
[M::mem_pestat] mean and std.dev: (1805.06, 2167.45)
[M::mem_pestat] low and high boundaries for proper pairs: (1, 12104)
[M::mem_pestat] analyzing insert size distribution for orientation RR...
[M::mem_pestat] (25, 50, 75) percentile: (299, 518, 3997)
[M::mem_pestat] low and high boundaries for computing mean and std.dev: (1, 11393)
[M::mem_pestat] mean and std.dev: (2039.18, 2570.58)
[M::mem_pestat] low and high boundaries for proper pairs: (1, 15091)
[M::mem_pestat] skip orientation FF
[M::mem_pestat] skip orientation RF
[M::mem_pestat] skip orientation RR
[M::process] read 1066668 sequences (160000200 bp)...
[M::mem_process_seqs] Processed 1066668 reads in 805.198 CPU sec, 52.139 real sec
[M::mem_pestat] # candidate unique pairs for (FF, FR, RF, RR): (30, 220715, 95, 34)
[M::mem_pestat] analyzing insert size distribution for orientation FF...
[M::mem_pestat] (25, 50, 75) percentile: (246, 401, 1339)
[M::mem_pestat] low and high boundaries for computing mean and std.dev: (1, 3525)
[M::mem_pestat] mean and std.dev: (777.26, 961.23)
[M::mem_pestat] low and high boundaries for proper pairs: (1, 4622)
[M::mem_pestat] analyzing insert size distribution for orientation FR...
[M::mem_pestat] (25, 50, 75) percentile: (264, 355, 463)
[M::mem_pestat] low and high boundaries for computing mean and std.dev: (1, 861)
[M::mem_pestat] mean and std.dev: (364.18, 146.21)
[M::mem_pestat] low and high boundaries for proper pairs: (1, 1060)
[M::mem_pestat] analyzing insert size distribution for orientation RF...
[M::mem_pestat] (25, 50, 75) percentile: (316, 804, 4453)
[M::mem_pestat] low and high boundaries for computing mean and std.dev: (1, 12727)
[M::mem_pestat] mean and std.dev: (2558.04, 2865.26)
[M::mem_pestat] low and high boundaries for proper pairs: (1, 16864)
[M::mem_pestat] analyzing insert size distribution for orientation RR...
[M::mem_pestat] (25, 50, 75) percentile: (289, 444, 2818)
[M::mem_pestat] low and high boundaries for computing mean and std.dev: (1, 7876)
[M::mem_pestat] mean and std.dev: (1491.09, 1772.04)
[M::mem_pestat] low and high boundaries for proper pairs: (1, 10405)
[M::mem_pestat] skip orientation FF
[M::mem_pestat] skip orientation RF
[M::mem_pestat] skip orientation RR
[M::mem_process_seqs] Processed 1066668 reads in 806.332 CPU sec, 56.961 real sec
[M::process] read 1066668 sequences (160000200 bp)...
[M::mem_pestat] # candidate unique pairs for (FF, FR, RF, RR): (29, 221390, 58, 32)
[M::mem_pestat] analyzing insert size distribution for orientation FF...
[M::mem_pestat] (25, 50, 75) percentile: (458, 724, 1509)
[M::mem_pestat] low and high boundaries for computing mean and std.dev: (1, 3611)
[M::mem_pestat] mean and std.dev: (759.12, 500.62)
[M::mem_pestat] low and high boundaries for proper pairs: (1, 4662)
[M::mem_pestat] analyzing insert size distribution for orientation FR...
[M::mem_pestat] (25, 50, 75) percentile: (264, 354, 461)
[M::mem_pestat] low and high boundaries for computing mean and std.dev: (1, 855)
[M::mem_pestat] mean and std.dev: (363.18, 145.04)
[M::mem_pestat] low and high boundaries for proper pairs: (1, 1052)
[M::mem_pestat] analyzing insert size distribution for orientation RF...
[M::mem_pestat] (25, 50, 75) percentile: (687, 1140, 6622)
[M::mem_pestat] low and high boundaries for computing mean and std.dev: (1, 18492)
[M::mem_pestat] mean and std.dev: (3400.28, 3481.57)
[M::mem_pestat] low and high boundaries for proper pairs: (1, 24427)
[M::mem_pestat] analyzing insert size distribution for orientation RR...
[M::mem_pestat] (25, 50, 75) percentile: (350, 452, 1929)
[M::mem_pestat] low and high boundaries for computing mean and std.dev: (1, 5087)
[M::mem_pestat] mean and std.dev: (1295.70, 1474.42)
[M::mem_pestat] low and high boundaries for proper pairs: (1, 7193)
[M::mem_pestat] skip orientation FF
[M::mem_pestat] skip orientation RF
[M::mem_pestat] skip orientation RR
[M::process] read 1066668 sequences (160000200 bp)...
[M::mem_process_seqs] Processed 1066668 reads in 799.562 CPU sec, 51.094 real sec
[M::mem_pestat] # candidate unique pairs for (FF, FR, RF, RR): (23, 221966, 80, 24)
[M::mem_pestat] analyzing insert size distribution for orientation FF...
[M::mem_pestat] (25, 50, 75) percentile: (184, 526, 1056)
[M::mem_pestat] low and high boundaries for computing mean and std.dev: (1, 2800)
[M::mem_pestat] mean and std.dev: (462.72, 353.53)
[M::mem_pestat] low and high boundaries for proper pairs: (1, 3672)
[M::mem_pestat] analyzing insert size distribution for orientation FR...
[M::mem_pestat] (25, 50, 75) percentile: (266, 354, 461)
[M::mem_pestat] low and high boundaries for computing mean and std.dev: (1, 851)
[M::mem_pestat] mean and std.dev: (363.66, 143.86)
[M::mem_pestat] low and high boundaries for proper pairs: (1, 1046)
[M::mem_pestat] analyzing insert size distribution for orientation RF...
[M::mem_pestat] (25, 50, 75) percentile: (234, 1035, 4335)
[M::mem_pestat] low and high boundaries for computing mean and std.dev: (1, 12537)
[M::mem_pestat] mean and std.dev: (2322.76, 2534.12)
[M::mem_pestat] low and high boundaries for proper pairs: (1, 16638)
[M::mem_pestat] analyzing insert size distribution for orientation RR...
[M::mem_pestat] (25, 50, 75) percentile: (224, 433, 565)
[M::mem_pestat] low and high boundaries for computing mean and std.dev: (1, 1247)
[M::mem_pestat] mean and std.dev: (338.29, 161.47)
[M::mem_pestat] low and high boundaries for proper pairs: (1, 1588)
[M::mem_pestat] skip orientation FF
[M::mem_pestat] skip orientation RF
[M::mem_pestat] skip orientation RR
[M::process] read 1066668 sequences (160000200 bp)...
[M::mem_process_seqs] Processed 1066668 reads in 802.044 CPU sec, 51.881 real sec
[M::mem_pestat] # candidate unique pairs for (FF, FR, RF, RR): (32, 221831, 86, 35)
[M::mem_pestat] analyzing insert size distribution for orientation FF...
[M::mem_pestat] (25, 50, 75) percentile: (236, 447, 726)
[M::mem_pestat] low and high boundaries for computing mean and std.dev: (1, 1706)
[M::mem_pestat] mean and std.dev: (487.19, 331.56)
[M::mem_pestat] low and high boundaries for proper pairs: (1, 2196)
[M::mem_pestat] analyzing insert size distribution for orientation FR...
[M::mem_pestat] (25, 50, 75) percentile: (267, 354, 460)
[M::mem_pestat] low and high boundaries for computing mean and std.dev: (1, 846)
[M::mem_pestat] mean and std.dev: (363.46, 143.09)
[M::mem_pestat] low and high boundaries for proper pairs: (1, 1039)
[M::mem_pestat] analyzing insert size distribution for orientation RF...
[M::mem_pestat] (25, 50, 75) percentile: (389, 2269, 5833)
[M::mem_pestat] low and high boundaries for computing mean and std.dev: (1, 16721)
[M::mem_pestat] mean and std.dev: (3200.33, 2999.65)
[M::mem_pestat] low and high boundaries for proper pairs: (1, 22165)
[M::mem_pestat] analyzing insert size distribution for orientation RR...
[M::mem_pestat] (25, 50, 75) percentile: (216, 518, 1181)
[M::mem_pestat] low and high boundaries for computing mean and std.dev: (1, 3111)
[M::mem_pestat] mean and std.dev: (698.91, 589.29)
[M::mem_pestat] low and high boundaries for proper pairs: (1, 4076)
[M::mem_pestat] skip orientation FF
[M::mem_pestat] skip orientation RF
[M::mem_pestat] skip orientation RR
[M::process] read 1066668 sequences (160000200 bp)...
[M::mem_process_seqs] Processed 1066668 reads in 810.493 CPU sec, 52.386 real sec
[M::mem_pestat] # candidate unique pairs for (FF, FR, RF, RR): (46, 221816, 68, 26)
[M::mem_pestat] analyzing insert size distribution for orientation FF...
[M::mem_pestat] (25, 50, 75) percentile: (279, 401, 710)
[M::mem_pestat] low and high boundaries for computing mean and std.dev: (1, 1572)
[M::mem_pestat] mean and std.dev: (485.59, 337.18)
[M::mem_pestat] low and high boundaries for proper pairs: (1, 2003)
[M::mem_pestat] analyzing insert size distribution for orientation FR...
[M::mem_pestat] (25, 50, 75) percentile: (266, 352, 458)
[M::mem_pestat] low and high boundaries for computing mean and std.dev: (1, 842)
[M::mem_pestat] mean and std.dev: (362.36, 142.96)
[M::mem_pestat] low and high boundaries for proper pairs: (1, 1034)
[M::mem_pestat] analyzing insert size distribution for orientation RF...
[M::mem_pestat] (25, 50, 75) percentile: (155, 525, 1660)
[M::mem_pestat] low and high boundaries for computing mean and std.dev: (1, 4670)
[M::mem_pestat] mean and std.dev: (688.60, 772.72)
[M::mem_pestat] low and high boundaries for proper pairs: (1, 6175)
[M::mem_pestat] analyzing insert size distribution for orientation RR...
[M::mem_pestat] (25, 50, 75) percentile: (408, 1060, 1327)
[M::mem_pestat] low and high boundaries for computing mean and std.dev: (1, 3165)
[M::mem_pestat] mean and std.dev: (931.21, 723.29)
[M::mem_pestat] low and high boundaries for proper pairs: (1, 4084)
[M::mem_pestat] skip orientation FF
[M::mem_pestat] skip orientation RF
[M::mem_pestat] skip orientation RR
[M::process] read 1066668 sequences (160000200 bp)...
[M::mem_process_seqs] Processed 1066668 reads in 811.331 CPU sec, 52.397 real sec
[M::mem_pestat] # candidate unique pairs for (FF, FR, RF, RR): (33, 220675, 88, 34)
[M::mem_pestat] analyzing insert size distribution for orientation FF...
[M::mem_pestat] (25, 50, 75) percentile: (244, 404, 1673)
[M::mem_pestat] low and high boundaries for computing mean and std.dev: (1, 4531)
[M::mem_pestat] mean and std.dev: (592.96, 596.13)
[M::mem_pestat] low and high boundaries for proper pairs: (1, 5960)
[M::mem_pestat] analyzing insert size distribution for orientation FR...
[M::mem_pestat] (25, 50, 75) percentile: (259, 350, 461)
[M::mem_pestat] low and high boundaries for computing mean and std.dev: (1, 865)
[M::mem_pestat] mean and std.dev: (361.25, 147.85)
[M::mem_pestat] low and high boundaries for proper pairs: (1, 1067)
[M::mem_pestat] analyzing insert size distribution for orientation RF...
[M::mem_pestat] (25, 50, 75) percentile: (326, 1041, 3686)
[M::mem_pestat] low and high boundaries for computing mean and std.dev: (1, 10406)
[M::mem_pestat] mean and std.dev: (2447.48, 2831.38)
[M::mem_pestat] low and high boundaries for proper pairs: (1, 13773)
[M::mem_pestat] analyzing insert size distribution for orientation RR...
[M::mem_pestat] (25, 50, 75) percentile: (244, 610, 1811)
[M::mem_pestat] low and high boundaries for computing mean and std.dev: (1, 4945)
[M::mem_pestat] mean and std.dev: (880.23, 1054.01)
[M::mem_pestat] low and high boundaries for proper pairs: (1, 6512)
[M::mem_pestat] skip orientation FF
[M::mem_pestat] skip orientation RF
[M::mem_pestat] skip orientation RR
[M::process] read 1066668 sequences (160000200 bp)...
[M::mem_process_seqs] Processed 1066668 reads in 818.903 CPU sec, 52.979 real sec
[M::mem_pestat] # candidate unique pairs for (FF, FR, RF, RR): (28, 220191, 60, 31)
[M::mem_pestat] analyzing insert size distribution for orientation FF...
[M::mem_pestat] (25, 50, 75) percentile: (258, 334, 853)
[M::mem_pestat] low and high boundaries for computing mean and std.dev: (1, 2043)
[M::mem_pestat] mean and std.dev: (514.04, 472.71)
[M::mem_pestat] low and high boundaries for proper pairs: (1, 2638)
[M::mem_pestat] analyzing insert size distribution for orientation FR...
[M::mem_pestat] (25, 50, 75) percentile: (262, 355, 469)
[M::mem_pestat] low and high boundaries for computing mean and std.dev: (1, 883)
[M::mem_pestat] mean and std.dev: (366.01, 150.63)
[M::mem_pestat] low and high boundaries for proper pairs: (1, 1090)
[M::mem_pestat] analyzing insert size distribution for orientation RF...
[M::mem_pestat] (25, 50, 75) percentile: (180, 944, 4659)
[M::mem_pestat] low and high boundaries for computing mean and std.dev: (1, 13617)
[M::mem_pestat] mean and std.dev: (2331.30, 2849.13)
[M::mem_pestat] low and high boundaries for proper pairs: (1, 18096)
[M::mem_pestat] analyzing insert size distribution for orientation RR...
[M::mem_pestat] (25, 50, 75) percentile: (178, 416, 821)
[M::mem_pestat] low and high boundaries for computing mean and std.dev: (1, 2107)
[M::mem_pestat] mean and std.dev: (506.64, 453.49)
[M::mem_pestat] low and high boundaries for proper pairs: (1, 2750)
[M::mem_pestat] skip orientation FF
[M::mem_pestat] skip orientation RF
[M::mem_pestat] skip orientation RR
[M::process] read 1066668 sequences (160000200 bp)...
[M::mem_process_seqs] Processed 1066668 reads in 811.318 CPU sec, 52.572 real sec
[M::mem_pestat] # candidate unique pairs for (FF, FR, RF, RR): (32, 220737, 67, 32)
[M::mem_pestat] analyzing insert size distribution for orientation FF...
[M::mem_pestat] (25, 50, 75) percentile: (348, 449, 827)
[M::mem_pestat] low and high boundaries for computing mean and std.dev: (1, 1785)
[M::mem_pestat] mean and std.dev: (534.66, 357.87)
[M::mem_pestat] low and high boundaries for proper pairs: (1, 2264)
[M::mem_pestat] analyzing insert size distribution for orientation FR...
[M::mem_pestat] (25, 50, 75) percentile: (262, 356, 469)
[M::mem_pestat] low and high boundaries for computing mean and std.dev: (1, 883)
[M::mem_pestat] mean and std.dev: (366.49, 149.84)
[M::mem_pestat] low and high boundaries for proper pairs: (1, 1090)
[M::mem_pestat] analyzing insert size distribution for orientation RF...
[M::mem_pestat] (25, 50, 75) percentile: (220, 996, 2444)
[M::mem_pestat] low and high boundaries for computing mean and std.dev: (1, 6892)
[M::mem_pestat] mean and std.dev: (1081.67, 1409.66)
[M::mem_pestat] low and high boundaries for proper pairs: (1, 9116)
[M::mem_pestat] analyzing insert size distribution for orientation RR...
[M::mem_pestat] (25, 50, 75) percentile: (234, 651, 2007)
[M::mem_pestat] low and high boundaries for computing mean and std.dev: (1, 5553)
[M::mem_pestat] mean and std.dev: (1014.73, 1176.86)
[M::mem_pestat] low and high boundaries for proper pairs: (1, 7326)
[M::mem_pestat] skip orientation FF
[M::mem_pestat] skip orientation RF
[M::mem_pestat] skip orientation RR
[M::process] read 1066668 sequences (160000200 bp)...
[M::mem_process_seqs] Processed 1066668 reads in 804.129 CPU sec, 52.187 real sec
[M::mem_pestat] # candidate unique pairs for (FF, FR, RF, RR): (32, 221007, 54, 36)
[M::mem_pestat] analyzing insert size distribution for orientation FF...
[M::mem_pestat] (25, 50, 75) percentile: (212, 571, 1429)
[M::mem_pestat] low and high boundaries for computing mean and std.dev: (1, 3863)
[M::mem_pestat] mean and std.dev: (911.13, 989.53)
[M::mem_pestat] low and high boundaries for proper pairs: (1, 5080)
[M::mem_pestat] analyzing insert size distribution for orientation FR...
[M::mem_pestat] (25, 50, 75) percentile: (263, 357, 469)
[M::mem_pestat] low and high boundaries for computing mean and std.dev: (1, 881)
[M::mem_pestat] mean and std.dev: (366.52, 149.09)
[M::mem_pestat] low and high boundaries for proper pairs: (1, 1087)
[M::mem_pestat] analyzing insert size distribution for orientation RF...
[M::mem_pestat] (25, 50, 75) percentile: (162, 710, 2194)
[M::mem_pestat] low and high boundaries for computing mean and std.dev: (1, 6258)
[M::mem_pestat] mean and std.dev: (997.24, 1127.54)
[M::mem_pestat] low and high boundaries for proper pairs: (1, 8290)
[M::mem_pestat] analyzing insert size distribution for orientation RR...
[M::mem_pestat] (25, 50, 75) percentile: (203, 395, 728)
[M::mem_pestat] low and high boundaries for computing mean and std.dev: (1, 1778)
[M::mem_pestat] mean and std.dev: (410.45, 315.36)
[M::mem_pestat] low and high boundaries for proper pairs: (1, 2303)
[M::mem_pestat] skip orientation FF
[M::mem_pestat] skip orientation RF
[M::mem_pestat] skip orientation RR
[M::process] read 1066668 sequences (160000200 bp)...
[M::mem_process_seqs] Processed 1066668 reads in 808.714 CPU sec, 52.238 real sec
[M::mem_pestat] # candidate unique pairs for (FF, FR, RF, RR): (28, 221230, 65, 37)
[M::mem_pestat] analyzing insert size distribution for orientation FF...
[M::mem_pestat] (25, 50, 75) percentile: (228, 646, 3865)
[M::mem_pestat] low and high boundaries for computing mean and std.dev: (1, 11139)
[M::mem_pestat] mean and std.dev: (1770.96, 2162.78)
[M::mem_pestat] low and high boundaries for proper pairs: (1, 14776)
[M::mem_pestat] analyzing insert size distribution for orientation FR...
[M::mem_pestat] (25, 50, 75) percentile: (264, 355, 465)
[M::mem_pestat] low and high boundaries for computing mean and std.dev: (1, 867)
[M::mem_pestat] mean and std.dev: (364.87, 147.04)
[M::mem_pestat] low and high boundaries for proper pairs: (1, 1068)
[M::mem_pestat] analyzing insert size distribution for orientation RF...
[M::mem_pestat] (25, 50, 75) percentile: (315, 1102, 4734)
[M::mem_pestat] low and high boundaries for computing mean and std.dev: (1, 13572)
[M::mem_pestat] mean and std.dev: (2315.86, 2581.10)
[M::mem_pestat] low and high boundaries for proper pairs: (1, 17991)
[M::mem_pestat] analyzing insert size distribution for orientation RR...
[M::mem_pestat] (25, 50, 75) percentile: (245, 487, 1848)
[M::mem_pestat] low and high boundaries for computing mean and std.dev: (1, 5054)
[M::mem_pestat] mean and std.dev: (843.06, 736.65)
[M::mem_pestat] low and high boundaries for proper pairs: (1, 6657)
[M::mem_pestat] skip orientation FF
[M::mem_pestat] skip orientation RF
[M::mem_pestat] skip orientation RR
[M::process] read 1066668 sequences (160000200 bp)...
[M::mem_process_seqs] Processed 1066668 reads in 796.553 CPU sec, 51.550 real sec
[M::mem_pestat] # candidate unique pairs for (FF, FR, RF, RR): (26, 222757, 81, 39)
[M::mem_pestat] analyzing insert size distribution for orientation FF...
[M::mem_pestat] (25, 50, 75) percentile: (287, 425, 1124)
[M::mem_pestat] low and high boundaries for computing mean and std.dev: (1, 2798)
[M::mem_pestat] mean and std.dev: (597.96, 522.57)
[M::mem_pestat] low and high boundaries for proper pairs: (1, 3635)
[M::mem_pestat] analyzing insert size distribution for orientation FR...
[M::mem_pestat] (25, 50, 75) percentile: (270, 362, 474)
[M::mem_pestat] low and high boundaries for computing mean and std.dev: (1, 882)
[M::mem_pestat] mean and std.dev: (371.98, 148.84)
[M::mem_pestat] low and high boundaries for proper pairs: (1, 1086)
[M::mem_pestat] analyzing insert size distribution for orientation RF...
[M::mem_pestat] (25, 50, 75) percentile: (208, 986, 4737)
[M::mem_pestat] low and high boundaries for computing mean and std.dev: (1, 13795)
[M::mem_pestat] mean and std.dev: (2538.30, 2809.55)
[M::mem_pestat] low and high boundaries for proper pairs: (1, 18324)
[M::mem_pestat] analyzing insert size distribution for orientation RR...
[M::mem_pestat] (25, 50, 75) percentile: (164, 476, 1233)
[M::mem_pestat] low and high boundaries for computing mean and std.dev: (1, 3371)
[M::mem_pestat] mean and std.dev: (535.74, 571.12)
[M::mem_pestat] low and high boundaries for proper pairs: (1, 4440)
[M::mem_pestat] skip orientation FF
[M::mem_pestat] skip orientation RF
[M::mem_pestat] skip orientation RR
[M::process] read 1066668 sequences (160000200 bp)...
[M::mem_process_seqs] Processed 1066668 reads in 794.645 CPU sec, 51.207 real sec
[M::mem_pestat] # candidate unique pairs for (FF, FR, RF, RR): (29, 222252, 75, 19)
[M::mem_pestat] analyzing insert size distribution for orientation FF...
[M::mem_pestat] (25, 50, 75) percentile: (194, 564, 928)
[M::mem_pestat] low and high boundaries for computing mean and std.dev: (1, 2396)
[M::mem_pestat] mean and std.dev: (551.12, 493.89)
[M::mem_pestat] low and high boundaries for proper pairs: (1, 3130)
[M::mem_pestat] analyzing insert size distribution for orientation FR...
[M::mem_pestat] (25, 50, 75) percentile: (266, 356, 466)
[M::mem_pestat] low and high boundaries for computing mean and std.dev: (1, 866)
[M::mem_pestat] mean and std.dev: (367.09, 147.45)
[M::mem_pestat] low and high boundaries for proper pairs: (1, 1066)
[M::mem_pestat] analyzing insert size distribution for orientation RF...
[M::mem_pestat] (25, 50, 75) percentile: (256, 1981, 3770)
[M::mem_pestat] low and high boundaries for computing mean and std.dev: (1, 10798)
[M::mem_pestat] mean and std.dev: (2565.71, 2645.42)
[M::mem_pestat] low and high boundaries for proper pairs: (1, 14312)
[M::mem_pestat] analyzing insert size distribution for orientation RR...
[M::mem_pestat] (25, 50, 75) percentile: (352, 765, 1860)
[M::mem_pestat] low and high boundaries for computing mean and std.dev: (1, 4876)
[M::mem_pestat] mean and std.dev: (1214.06, 1302.00)
[M::mem_pestat] low and high boundaries for proper pairs: (1, 6422)
[M::mem_pestat] skip orientation FF
[M::mem_pestat] skip orientation RF
[M::mem_pestat] skip orientation RR
[M::process] read 1066668 sequences (160000200 bp)...
[M::mem_process_seqs] Processed 1066668 reads in 818.038 CPU sec, 53.186 real sec
[M::mem_pestat] # candidate unique pairs for (FF, FR, RF, RR): (30, 222283, 61, 35)
[M::mem_pestat] analyzing insert size distribution for orientation FF...
[M::mem_pestat] (25, 50, 75) percentile: (279, 551, 1677)
[M::mem_pestat] low and high boundaries for computing mean and std.dev: (1, 4473)
[M::mem_pestat] mean and std.dev: (885.79, 904.32)
[M::mem_pestat] low and high boundaries for proper pairs: (1, 5871)
[M::mem_pestat] analyzing insert size distribution for orientation FR...
[M::mem_pestat] (25, 50, 75) percentile: (266, 356, 465)
[M::mem_pestat] low and high boundaries for computing mean and std.dev: (1, 863)
[M::mem_pestat] mean and std.dev: (366.72, 146.45)
[M::mem_pestat] low and high boundaries for proper pairs: (1, 1062)
[M::mem_pestat] analyzing insert size distribution for orientation RF...
[M::mem_pestat] (25, 50, 75) percentile: (424, 1996, 3896)
[M::mem_pestat] low and high boundaries for computing mean and std.dev: (1, 10840)
[M::mem_pestat] mean and std.dev: (2605.16, 2645.68)
[M::mem_pestat] low and high boundaries for proper pairs: (1, 14312)
[M::mem_pestat] analyzing insert size distribution for orientation RR...
[M::mem_pestat] (25, 50, 75) percentile: (226, 387, 942)
[M::mem_pestat] low and high boundaries for computing mean and std.dev: (1, 2374)
[M::mem_pestat] mean and std.dev: (496.31, 357.30)
[M::mem_pestat] low and high boundaries for proper pairs: (1, 3090)
[M::mem_pestat] skip orientation FF
[M::mem_pestat] skip orientation RF
[M::mem_pestat] skip orientation RR
[M::process] read 1066668 sequences (160000200 bp)...
[M::mem_process_seqs] Processed 1066668 reads in 839.087 CPU sec, 54.499 real sec
[M::mem_pestat] # candidate unique pairs for (FF, FR, RF, RR): (22, 220381, 95, 34)
[M::mem_pestat] analyzing insert size distribution for orientation FF...
[M::mem_pestat] (25, 50, 75) percentile: (137, 454, 745)
[M::mem_pestat] low and high boundaries for computing mean and std.dev: (1, 1961)
[M::mem_pestat] mean and std.dev: (402.17, 327.78)
[M::mem_pestat] low and high boundaries for proper pairs: (1, 2569)
[M::mem_pestat] analyzing insert size distribution for orientation FR...
[M::mem_pestat] (25, 50, 75) percentile: (256, 346, 458)
[M::mem_pestat] low and high boundaries for computing mean and std.dev: (1, 862)
[M::mem_pestat] mean and std.dev: (358.36, 148.60)
[M::mem_pestat] low and high boundaries for proper pairs: (1, 1064)
[M::mem_pestat] analyzing insert size distribution for orientation RF...
[M::mem_pestat] (25, 50, 75) percentile: (517, 1476, 4164)
[M::mem_pestat] low and high boundaries for computing mean and std.dev: (1, 11458)
[M::mem_pestat] mean and std.dev: (2875.82, 3109.79)
[M::mem_pestat] low and high boundaries for proper pairs: (1, 15315)
[M::mem_pestat] analyzing insert size distribution for orientation RR...
[M::mem_pestat] (25, 50, 75) percentile: (239, 564, 2242)
[M::mem_pestat] low and high boundaries for computing mean and std.dev: (1, 6248)
[M::mem_pestat] mean and std.dev: (990.13, 1141.77)
[M::mem_pestat] low and high boundaries for proper pairs: (1, 8251)
[M::mem_pestat] skip orientation FF
[M::mem_pestat] skip orientation RF
[M::mem_pestat] skip orientation RR
[M::process] read 1066668 sequences (160000200 bp)...
[M::mem_process_seqs] Processed 1066668 reads in 849.202 CPU sec, 55.123 real sec
[M::mem_pestat] # candidate unique pairs for (FF, FR, RF, RR): (50, 218854, 58, 29)
[M::mem_pestat] analyzing insert size distribution for orientation FF...
[M::mem_pestat] (25, 50, 75) percentile: (263, 532, 2850)
[M::mem_pestat] low and high boundaries for computing mean and std.dev: (1, 8024)
[M::mem_pestat] mean and std.dev: (1326.76, 1875.46)
[M::mem_pestat] low and high boundaries for proper pairs: (1, 10611)
[M::mem_pestat] analyzing insert size distribution for orientation FR...
[M::mem_pestat] (25, 50, 75) percentile: (258, 352, 466)
[M::mem_pestat] low and high boundaries for computing mean and std.dev: (1, 882)
[M::mem_pestat] mean and std.dev: (362.80, 150.19)
[M::mem_pestat] low and high boundaries for proper pairs: (1, 1090)
[M::mem_pestat] analyzing insert size distribution for orientation RF...
[M::mem_pestat] (25, 50, 75) percentile: (160, 1302, 5308)
[M::mem_pestat] low and high boundaries for computing mean and std.dev: (1, 15604)
[M::mem_pestat] mean and std.dev: (2936.14, 3307.69)
[M::mem_pestat] low and high boundaries for proper pairs: (1, 20752)
[M::mem_pestat] analyzing insert size distribution for orientation RR...
[M::mem_pestat] (25, 50, 75) percentile: (245, 715, 1508)
[M::mem_pestat] low and high boundaries for computing mean and std.dev: (1, 4034)
[M::mem_pestat] mean and std.dev: (649.19, 518.62)
[M::mem_pestat] low and high boundaries for proper pairs: (1, 5297)
[M::mem_pestat] skip orientation FF
[M::mem_pestat] skip orientation RF
[M::mem_pestat] skip orientation RR
[M::process] read 1066668 sequences (160000200 bp)...
[M::mem_process_seqs] Processed 1066668 reads in 853.310 CPU sec, 55.292 real sec
[M::mem_pestat] # candidate unique pairs for (FF, FR, RF, RR): (24, 220604, 85, 28)
[M::mem_pestat] analyzing insert size distribution for orientation FF...
[M::mem_pestat] (25, 50, 75) percentile: (238, 376, 1294)
[M::mem_pestat] low and high boundaries for computing mean and std.dev: (1, 3406)
[M::mem_pestat] mean and std.dev: (689.50, 734.36)
[M::mem_pestat] low and high boundaries for proper pairs: (1, 4462)
[M::mem_pestat] analyzing insert size distribution for orientation FR...
[M::mem_pestat] (25, 50, 75) percentile: (257, 349, 461)
[M::mem_pestat] low and high boundaries for computing mean and std.dev: (1, 869)
[M::mem_pestat] mean and std.dev: (360.21, 148.90)
[M::mem_pestat] low and high boundaries for proper pairs: (1, 1073)
[M::mem_pestat] analyzing insert size distribution for orientation RF...
[M::mem_pestat] (25, 50, 75) percentile: (356, 1882, 4736)
[M::mem_pestat] low and high boundaries for computing mean and std.dev: (1, 13496)
[M::mem_pestat] mean and std.dev: (2850.78, 2680.14)
[M::mem_pestat] low and high boundaries for proper pairs: (1, 17876)
[M::mem_pestat] analyzing insert size distribution for orientation RR...
[M::mem_pestat] (25, 50, 75) percentile: (211, 378, 3435)
[M::mem_pestat] low and high boundaries for computing mean and std.dev: (1, 9883)
[M::mem_pestat] mean and std.dev: (1551.82, 2066.49)
[M::mem_pestat] low and high boundaries for proper pairs: (1, 13107)
[M::mem_pestat] skip orientation FF
[M::mem_pestat] skip orientation RF
[M::mem_pestat] skip orientation RR
[M::process] read 1066668 sequences (160000200 bp)...
[M::mem_process_seqs] Processed 1066668 reads in 845.955 CPU sec, 54.651 real sec
[M::mem_pestat] # candidate unique pairs for (FF, FR, RF, RR): (17, 219335, 76, 36)
[M::mem_pestat] analyzing insert size distribution for orientation FF...
[M::mem_pestat] (25, 50, 75) percentile: (111, 230, 1141)
[M::mem_pestat] low and high boundaries for computing mean and std.dev: (1, 3201)
[M::mem_pestat] mean and std.dev: (581.06, 786.54)
[M::mem_pestat] low and high boundaries for proper pairs: (1, 4231)
[M::mem_pestat] analyzing insert size distribution for orientation FR...
[M::mem_pestat] (25, 50, 75) percentile: (255, 345, 455)
[M::mem_pestat] low and high boundaries for computing mean and std.dev: (1, 855)
[M::mem_pestat] mean and std.dev: (356.11, 146.69)
[M::mem_pestat] low and high boundaries for proper pairs: (1, 1055)
[M::mem_pestat] analyzing insert size distribution for orientation RF...
[M::mem_pestat] (25, 50, 75) percentile: (564, 2800, 4125)
[M::mem_pestat] low and high boundaries for computing mean and std.dev: (1, 11247)
[M::mem_pestat] mean and std.dev: (3099.66, 2986.66)
[M::mem_pestat] low and high boundaries for proper pairs: (1, 15046)
[M::mem_pestat] analyzing insert size distribution for orientation RR...
[M::mem_pestat] (25, 50, 75) percentile: (299, 450, 1785)
[M::mem_pestat] low and high boundaries for computing mean and std.dev: (1, 4757)
[M::mem_pestat] mean and std.dev: (594.80, 524.19)
[M::mem_pestat] low and high boundaries for proper pairs: (1, 6243)
[M::mem_pestat] skip orientation FF
[M::mem_pestat] skip orientation RF
[M::mem_pestat] skip orientation RR
[M::process] read 1066668 sequences (160000200 bp)...
[M::mem_process_seqs] Processed 1066668 reads in 849.359 CPU sec, 54.998 real sec
[M::mem_pestat] # candidate unique pairs for (FF, FR, RF, RR): (36, 221124, 54, 28)
[M::mem_pestat] analyzing insert size distribution for orientation FF...
[M::mem_pestat] (25, 50, 75) percentile: (333, 505, 2250)
[M::mem_pestat] low and high boundaries for computing mean and std.dev: (1, 6084)
[M::mem_pestat] mean and std.dev: (1166.92, 1285.69)
[M::mem_pestat] low and high boundaries for proper pairs: (1, 8001)
[M::mem_pestat] analyzing insert size distribution for orientation FR...
[M::mem_pestat] (25, 50, 75) percentile: (263, 355, 467)
[M::mem_pestat] low and high boundaries for computing mean and std.dev: (1, 875)
[M::mem_pestat] mean and std.dev: (366.40, 149.39)
[M::mem_pestat] low and high boundaries for proper pairs: (1, 1079)
[M::mem_pestat] analyzing insert size distribution for orientation RF...
[M::mem_pestat] (25, 50, 75) percentile: (432, 1481, 4431)
[M::mem_pestat] low and high boundaries for computing mean and std.dev: (1, 12429)
[M::mem_pestat] mean and std.dev: (2557.37, 2630.70)
[M::mem_pestat] low and high boundaries for proper pairs: (1, 16428)
[M::mem_pestat] analyzing insert size distribution for orientation RR...
[M::mem_pestat] (25, 50, 75) percentile: (530, 1088, 3855)
[M::mem_pestat] low and high boundaries for computing mean and std.dev: (1, 10505)
[M::mem_pestat] mean and std.dev: (2261.25, 2473.72)
[M::mem_pestat] low and high boundaries for proper pairs: (1, 13830)
[M::mem_pestat] skip orientation FF
[M::mem_pestat] skip orientation RF
[M::mem_pestat] skip orientation RR
[M::process] read 1066668 sequences (160000200 bp)...
[M::mem_process_seqs] Processed 1066668 reads in 844.698 CPU sec, 54.669 real sec
[M::mem_pestat] # candidate unique pairs for (FF, FR, RF, RR): (38, 221847, 85, 48)
[M::mem_pestat] analyzing insert size distribution for orientation FF...
[M::mem_pestat] (25, 50, 75) percentile: (341, 795, 1542)
[M::mem_pestat] low and high boundaries for computing mean and std.dev: (1, 3944)
[M::mem_pestat] mean and std.dev: (885.71, 612.82)
[M::mem_pestat] low and high boundaries for proper pairs: (1, 5145)
[M::mem_pestat] analyzing insert size distribution for orientation FR...
[M::mem_pestat] (25, 50, 75) percentile: (267, 359, 470)
[M::mem_pestat] low and high boundaries for computing mean and std.dev: (1, 876)
[M::mem_pestat] mean and std.dev: (369.49, 149.00)
[M::mem_pestat] low and high boundaries for proper pairs: (1, 1079)
[M::mem_pestat] analyzing insert size distribution for orientation RF...
[M::mem_pestat] (25, 50, 75) percentile: (438, 2140, 4849)
[M::mem_pestat] low and high boundaries for computing mean and std.dev: (1, 13671)
[M::mem_pestat] mean and std.dev: (3042.48, 3040.08)
[M::mem_pestat] low and high boundaries for proper pairs: (1, 18082)
[M::mem_pestat] analyzing insert size distribution for orientation RR...
[M::mem_pestat] (25, 50, 75) percentile: (243, 431, 1165)
[M::mem_pestat] low and high boundaries for computing mean and std.dev: (1, 3009)
[M::mem_pestat] mean and std.dev: (620.93, 624.34)
[M::mem_pestat] low and high boundaries for proper pairs: (1, 3931)
[M::mem_pestat] skip orientation FF
[M::mem_pestat] skip orientation RF
[M::mem_pestat] skip orientation RR
[M::mem_process_seqs] Processed 1066668 reads in 841.253 CPU sec, 56.206 real sec
[M::process] read 1066668 sequences (160000200 bp)...
[M::mem_pestat] # candidate unique pairs for (FF, FR, RF, RR): (29, 222027, 66, 38)
[M::mem_pestat] analyzing insert size distribution for orientation FF...
[M::mem_pestat] (25, 50, 75) percentile: (496, 1238, 2301)
[M::mem_pestat] low and high boundaries for computing mean and std.dev: (1, 5911)
[M::mem_pestat] mean and std.dev: (1637.07, 1258.51)
[M::mem_pestat] low and high boundaries for proper pairs: (1, 7716)
[M::mem_pestat] analyzing insert size distribution for orientation FR...
[M::mem_pestat] (25, 50, 75) percentile: (265, 355, 466)
[M::mem_pestat] low and high boundaries for computing mean and std.dev: (1, 868)
[M::mem_pestat] mean and std.dev: (366.14, 147.18)
[M::mem_pestat] low and high boundaries for proper pairs: (1, 1069)
[M::mem_pestat] analyzing insert size distribution for orientation RF...
[M::mem_pestat] (25, 50, 75) percentile: (281, 926, 2545)
[M::mem_pestat] low and high boundaries for computing mean and std.dev: (1, 7073)
[M::mem_pestat] mean and std.dev: (1338.18, 1435.22)
[M::mem_pestat] low and high boundaries for proper pairs: (1, 9337)
[M::mem_pestat] analyzing insert size distribution for orientation RR...
[M::mem_pestat] (25, 50, 75) percentile: (227, 342, 812)
[M::mem_pestat] low and high boundaries for computing mean and std.dev: (1, 1982)
[M::mem_pestat] mean and std.dev: (558.94, 496.05)
[M::mem_pestat] low and high boundaries for proper pairs: (1, 2567)
[M::mem_pestat] skip orientation FF
[M::mem_pestat] skip orientation RF
[M::mem_pestat] skip orientation RR
[M::process] read 1066668 sequences (160000200 bp)...
[M::mem_process_seqs] Processed 1066668 reads in 850.764 CPU sec, 54.764 real sec
[M::mem_pestat] # candidate unique pairs for (FF, FR, RF, RR): (35, 221991, 63, 30)
[M::mem_pestat] analyzing insert size distribution for orientation FF...
[M::mem_pestat] (25, 50, 75) percentile: (403, 539, 5325)
[M::mem_pestat] low and high boundaries for computing mean and std.dev: (1, 15169)
[M::mem_pestat] mean and std.dev: (2494.11, 2895.57)
[M::mem_pestat] low and high boundaries for proper pairs: (1, 20091)
[M::mem_pestat] analyzing insert size distribution for orientation FR...
[M::mem_pestat] (25, 50, 75) percentile: (265, 354, 464)
[M::mem_pestat] low and high boundaries for computing mean and std.dev: (1, 862)
[M::mem_pestat] mean and std.dev: (365.17, 146.57)
[M::mem_pestat] low and high boundaries for proper pairs: (1, 1061)
[M::mem_pestat] analyzing insert size distribution for orientation RF...
[M::mem_pestat] (25, 50, 75) percentile: (445, 2011, 3757)
[M::mem_pestat] low and high boundaries for computing mean and std.dev: (1, 10381)
[M::mem_pestat] mean and std.dev: (2545.63, 2446.02)
[M::mem_pestat] low and high boundaries for proper pairs: (1, 13693)
[M::mem_pestat] analyzing insert size distribution for orientation RR...
[M::mem_pestat] (25, 50, 75) percentile: (240, 443, 1778)
[M::mem_pestat] low and high boundaries for computing mean and std.dev: (1, 4854)
[M::mem_pestat] mean and std.dev: (825.19, 880.19)
[M::mem_pestat] low and high boundaries for proper pairs: (1, 6392)
[M::mem_pestat] skip orientation FF
[M::mem_pestat] skip orientation RF
[M::mem_pestat] skip orientation RR
[M::process] read 1066668 sequences (160000200 bp)...
[M::mem_process_seqs] Processed 1066668 reads in 856.761 CPU sec, 55.314 real sec
[M::mem_pestat] # candidate unique pairs for (FF, FR, RF, RR): (44, 220635, 85, 35)
[M::mem_pestat] analyzing insert size distribution for orientation FF...
[M::mem_pestat] (25, 50, 75) percentile: (318, 747, 1922)
[M::mem_pestat] low and high boundaries for computing mean and std.dev: (1, 5130)
[M::mem_pestat] mean and std.dev: (1189.09, 1255.73)
[M::mem_pestat] low and high boundaries for proper pairs: (1, 6734)
[M::mem_pestat] analyzing insert size distribution for orientation FR...
[M::mem_pestat] (25, 50, 75) percentile: (258, 351, 464)
[M::mem_pestat] low and high boundaries for computing mean and std.dev: (1, 876)
[M::mem_pestat] mean and std.dev: (362.38, 150.34)
[M::mem_pestat] low and high boundaries for proper pairs: (1, 1082)
[M::mem_pestat] analyzing insert size distribution for orientation RF...
[M::mem_pestat] (25, 50, 75) percentile: (136, 1237, 4009)
[M::mem_pestat] low and high boundaries for computing mean and std.dev: (1, 11755)
[M::mem_pestat] mean and std.dev: (2521.76, 3023.14)
[M::mem_pestat] low and high boundaries for proper pairs: (1, 15628)
[M::mem_pestat] analyzing insert size distribution for orientation RR...
[M::mem_pestat] (25, 50, 75) percentile: (331, 397, 643)
[M::mem_pestat] low and high boundaries for computing mean and std.dev: (1, 1267)
[M::mem_pestat] mean and std.dev: (406.33, 186.85)
[M::mem_pestat] low and high boundaries for proper pairs: (1, 1579)
[M::mem_pestat] skip orientation FF
[M::mem_pestat] skip orientation RF
[M::mem_pestat] skip orientation RR
[M::process] read 1066668 sequences (160000200 bp)...
[M::mem_process_seqs] Processed 1066668 reads in 797.823 CPU sec, 51.633 real sec
[M::mem_pestat] # candidate unique pairs for (FF, FR, RF, RR): (40, 219720, 52, 26)
[M::mem_pestat] analyzing insert size distribution for orientation FF...
[M::mem_pestat] (25, 50, 75) percentile: (301, 538, 2446)
[M::mem_pestat] low and high boundaries for computing mean and std.dev: (1, 6736)
[M::mem_pestat] mean and std.dev: (1042.68, 1013.58)
[M::mem_pestat] low and high boundaries for proper pairs: (1, 8881)
[M::mem_pestat] analyzing insert size distribution for orientation FR...
[M::mem_pestat] (25, 50, 75) percentile: (261, 354, 467)
[M::mem_pestat] low and high boundaries for computing mean and std.dev: (1, 879)
[M::mem_pestat] mean and std.dev: (364.11, 149.61)
[M::mem_pestat] low and high boundaries for proper pairs: (1, 1085)
[M::mem_pestat] analyzing insert size distribution for orientation RF...
[M::mem_pestat] (25, 50, 75) percentile: (204, 1747, 5392)
[M::mem_pestat] low and high boundaries for computing mean and std.dev: (1, 15768)
[M::mem_pestat] mean and std.dev: (2886.48, 3025.24)
[M::mem_pestat] low and high boundaries for proper pairs: (1, 20956)
[M::mem_pestat] analyzing insert size distribution for orientation RR...
[M::mem_pestat] (25, 50, 75) percentile: (392, 701, 5896)
[M::mem_pestat] low and high boundaries for computing mean and std.dev: (1, 16904)
[M::mem_pestat] mean and std.dev: (2557.69, 2947.31)
[M::mem_pestat] low and high boundaries for proper pairs: (1, 22408)
[M::mem_pestat] skip orientation FF
[M::mem_pestat] skip orientation RF
[M::mem_pestat] skip orientation RR
[M::process] read 1066668 sequences (160000200 bp)...
[M::mem_process_seqs] Processed 1066668 reads in 793.014 CPU sec, 51.271 real sec
[M::mem_pestat] # candidate unique pairs for (FF, FR, RF, RR): (26, 218665, 64, 34)
[M::mem_pestat] analyzing insert size distribution for orientation FF...
[M::mem_pestat] (25, 50, 75) percentile: (244, 777, 5068)
[M::mem_pestat] low and high boundaries for computing mean and std.dev: (1, 14716)
[M::mem_pestat] mean and std.dev: (2179.81, 2559.66)
[M::mem_pestat] low and high boundaries for proper pairs: (1, 19540)
[M::mem_pestat] analyzing insert size distribution for orientation FR...
[M::mem_pestat] (25, 50, 75) percentile: (257, 350, 460)
[M::mem_pestat] low and high boundaries for computing mean and std.dev: (1, 866)
[M::mem_pestat] mean and std.dev: (359.89, 148.36)
[M::mem_pestat] low and high boundaries for proper pairs: (1, 1069)
[M::mem_pestat] analyzing insert size distribution for orientation RF...
[M::mem_pestat] (25, 50, 75) percentile: (431, 1956, 6603)
[M::mem_pestat] low and high boundaries for computing mean and std.dev: (1, 18947)
[M::mem_pestat] mean and std.dev: (3158.42, 3370.89)
[M::mem_pestat] low and high boundaries for proper pairs: (1, 25119)
[M::mem_pestat] analyzing insert size distribution for orientation RR...
[M::mem_pestat] (25, 50, 75) percentile: (240, 417, 2653)
[M::mem_pestat] low and high boundaries for computing mean and std.dev: (1, 7479)
[M::mem_pestat] mean and std.dev: (1410.35, 1616.48)
[M::mem_pestat] low and high boundaries for proper pairs: (1, 9892)
[M::mem_pestat] skip orientation FF
[M::mem_pestat] skip orientation RF
[M::mem_pestat] skip orientation RR
[M::process] read 1066668 sequences (160000200 bp)...
[M::mem_process_seqs] Processed 1066668 reads in 795.977 CPU sec, 51.486 real sec
[M::mem_pestat] # candidate unique pairs for (FF, FR, RF, RR): (42, 220132, 61, 51)
[M::mem_pestat] analyzing insert size distribution for orientation FF...
[M::mem_pestat] (25, 50, 75) percentile: (383, 722, 4415)
[M::mem_pestat] low and high boundaries for computing mean and std.dev: (1, 12479)
[M::mem_pestat] mean and std.dev: (1940.33, 1997.06)
[M::mem_pestat] low and high boundaries for proper pairs: (1, 16511)
[M::mem_pestat] analyzing insert size distribution for orientation FR...
[M::mem_pestat] (25, 50, 75) percentile: (260, 352, 462)
[M::mem_pestat] low and high boundaries for computing mean and std.dev: (1, 866)
[M::mem_pestat] mean and std.dev: (361.39, 147.63)
[M::mem_pestat] low and high boundaries for proper pairs: (1, 1068)
[M::mem_pestat] analyzing insert size distribution for orientation RF...
[M::mem_pestat] (25, 50, 75) percentile: (286, 1637, 7512)
[M::mem_pestat] low and high boundaries for computing mean and std.dev: (1, 21964)
[M::mem_pestat] mean and std.dev: (3519.11, 3590.11)
[M::mem_pestat] low and high boundaries for proper pairs: (1, 29190)
[M::mem_pestat] analyzing insert size distribution for orientation RR...
[M::mem_pestat] (25, 50, 75) percentile: (273, 747, 3493)
[M::mem_pestat] low and high boundaries for computing mean and std.dev: (1, 9933)
[M::mem_pestat] mean and std.dev: (1995.41, 2298.70)
[M::mem_pestat] low and high boundaries for proper pairs: (1, 13153)
[M::mem_pestat] skip orientation FF
[M::mem_pestat] skip orientation RF
[M::mem_pestat] skip orientation RR
[M::process] read 1066668 sequences (160000200 bp)...
[M::mem_process_seqs] Processed 1066668 reads in 796.469 CPU sec, 51.408 real sec
[M::mem_pestat] # candidate unique pairs for (FF, FR, RF, RR): (34, 221385, 66, 38)
[M::mem_pestat] analyzing insert size distribution for orientation FF...
[M::mem_pestat] (25, 50, 75) percentile: (181, 320, 1452)
[M::mem_pestat] low and high boundaries for computing mean and std.dev: (1, 3994)
[M::mem_pestat] mean and std.dev: (754.94, 1002.26)
[M::mem_pestat] low and high boundaries for proper pairs: (1, 5265)
[M::mem_pestat] analyzing insert size distribution for orientation FR...
[M::mem_pestat] (25, 50, 75) percentile: (263, 353, 463)
[M::mem_pestat] low and high boundaries for computing mean and std.dev: (1, 863)
[M::mem_pestat] mean and std.dev: (364.00, 147.51)
[M::mem_pestat] low and high boundaries for proper pairs: (1, 1063)
[M::mem_pestat] analyzing insert size distribution for orientation RF...
[M::mem_pestat] (25, 50, 75) percentile: (260, 905, 4431)
[M::mem_pestat] low and high boundaries for computing mean and std.dev: (1, 12773)
[M::mem_pestat] mean and std.dev: (2251.27, 2650.85)
[M::mem_pestat] low and high boundaries for proper pairs: (1, 16944)
[M::mem_pestat] analyzing insert size distribution for orientation RR...
[M::mem_pestat] (25, 50, 75) percentile: (195, 370, 1637)
[M::mem_pestat] low and high boundaries for computing mean and std.dev: (1, 4521)
[M::mem_pestat] mean and std.dev: (771.47, 1106.72)
[M::mem_pestat] low and high boundaries for proper pairs: (1, 5963)
[M::mem_pestat] skip orientation FF
[M::mem_pestat] skip orientation RF
[M::mem_pestat] skip orientation RR
[M::process] read 1066668 sequences (160000200 bp)...
[M::mem_process_seqs] Processed 1066668 reads in 794.282 CPU sec, 51.435 real sec
[M::mem_pestat] # candidate unique pairs for (FF, FR, RF, RR): (43, 221342, 57, 35)
[M::mem_pestat] analyzing insert size distribution for orientation FF...
[M::mem_pestat] (25, 50, 75) percentile: (413, 739, 3133)
[M::mem_pestat] low and high boundaries for computing mean and std.dev: (1, 8573)
[M::mem_pestat] mean and std.dev: (1354.89, 1757.45)
[M::mem_pestat] low and high boundaries for proper pairs: (1, 11293)
[M::mem_pestat] analyzing insert size distribution for orientation FR...
[M::mem_pestat] (25, 50, 75) percentile: (264, 353, 462)
[M::mem_pestat] low and high boundaries for computing mean and std.dev: (1, 858)
[M::mem_pestat] mean and std.dev: (364.01, 146.14)
[M::mem_pestat] low and high boundaries for proper pairs: (1, 1056)
[M::mem_pestat] analyzing insert size distribution for orientation RF...
[M::mem_pestat] (25, 50, 75) percentile: (396, 1121, 6266)
[M::mem_pestat] low and high boundaries for computing mean and std.dev: (1, 18006)
[M::mem_pestat] mean and std.dev: (3219.82, 3291.32)
[M::mem_pestat] low and high boundaries for proper pairs: (1, 23876)
[M::mem_pestat] analyzing insert size distribution for orientation RR...
[M::mem_pestat] (25, 50, 75) percentile: (321, 600, 1830)
[M::mem_pestat] low and high boundaries for computing mean and std.dev: (1, 4848)
[M::mem_pestat] mean and std.dev: (908.32, 964.83)
[M::mem_pestat] low and high boundaries for proper pairs: (1, 6357)
[M::mem_pestat] skip orientation FF
[M::mem_pestat] skip orientation RF
[M::mem_pestat] skip orientation RR
[M::process] read 1066668 sequences (160000200 bp)...
[M::mem_process_seqs] Processed 1066668 reads in 795.041 CPU sec, 51.249 real sec
[M::mem_pestat] # candidate unique pairs for (FF, FR, RF, RR): (45, 221095, 84, 28)
[M::mem_pestat] analyzing insert size distribution for orientation FF...
[M::mem_pestat] (25, 50, 75) percentile: (361, 490, 1545)
[M::mem_pestat] low and high boundaries for computing mean and std.dev: (1, 3913)
[M::mem_pestat] mean and std.dev: (621.95, 615.79)
[M::mem_pestat] low and high boundaries for proper pairs: (1, 5097)
[M::mem_pestat] analyzing insert size distribution for orientation FR...
[M::mem_pestat] (25, 50, 75) percentile: (263, 350, 457)
[M::mem_pestat] low and high boundaries for computing mean and std.dev: (1, 845)
[M::mem_pestat] mean and std.dev: (360.91, 144.28)
[M::mem_pestat] low and high boundaries for proper pairs: (1, 1039)
[M::mem_pestat] analyzing insert size distribution for orientation RF...
[M::mem_pestat] (25, 50, 75) percentile: (217, 891, 4363)
[M::mem_pestat] low and high boundaries for computing mean and std.dev: (1, 12655)
[M::mem_pestat] mean and std.dev: (2495.88, 3076.09)
[M::mem_pestat] low and high boundaries for proper pairs: (1, 16801)
[M::mem_pestat] analyzing insert size distribution for orientation RR...
[M::mem_pestat] (25, 50, 75) percentile: (282, 547, 2238)
[M::mem_pestat] low and high boundaries for computing mean and std.dev: (1, 6150)
[M::mem_pestat] mean and std.dev: (1089.16, 1410.38)
[M::mem_pestat] low and high boundaries for proper pairs: (1, 8106)
[M::mem_pestat] skip orientation FF
[M::mem_pestat] skip orientation RF
[M::mem_pestat] skip orientation RR
[M::process] read 1066668 sequences (160000200 bp)...
[M::mem_process_seqs] Processed 1066668 reads in 796.432 CPU sec, 51.515 real sec
[M::mem_pestat] # candidate unique pairs for (FF, FR, RF, RR): (36, 221243, 79, 30)
[M::mem_pestat] analyzing insert size distribution for orientation FF...
[M::mem_pestat] (25, 50, 75) percentile: (221, 478, 1692)
[M::mem_pestat] low and high boundaries for computing mean and std.dev: (1, 4634)
[M::mem_pestat] mean and std.dev: (511.93, 435.64)
[M::mem_pestat] low and high boundaries for proper pairs: (1, 6105)
[M::mem_pestat] analyzing insert size distribution for orientation FR...
[M::mem_pestat] (25, 50, 75) percentile: (266, 353, 460)
[M::mem_pestat] low and high boundaries for computing mean and std.dev: (1, 848)
[M::mem_pestat] mean and std.dev: (363.95, 144.43)
[M::mem_pestat] low and high boundaries for proper pairs: (1, 1042)
[M::mem_pestat] analyzing insert size distribution for orientation RF...
[M::mem_pestat] (25, 50, 75) percentile: (255, 1780, 4272)
[M::mem_pestat] low and high boundaries for computing mean and std.dev: (1, 12306)
[M::mem_pestat] mean and std.dev: (2700.47, 2716.83)
[M::mem_pestat] low and high boundaries for proper pairs: (1, 16323)
[M::mem_pestat] analyzing insert size distribution for orientation RR...
[M::mem_pestat] (25, 50, 75) percentile: (189, 372, 1962)
[M::mem_pestat] low and high boundaries for computing mean and std.dev: (1, 5508)
[M::mem_pestat] mean and std.dev: (898.14, 1069.72)
[M::mem_pestat] low and high boundaries for proper pairs: (1, 7281)
[M::mem_pestat] skip orientation FF
[M::mem_pestat] skip orientation RF
[M::mem_pestat] skip orientation RR
[M::process] read 8084 sequences (1212600 bp)...
[M::mem_process_seqs] Processed 1066668 reads in 790.681 CPU sec, 51.211 real sec
[M::mem_pestat] # candidate unique pairs for (FF, FR, RF, RR): (1, 1701, 1, 0)
[M::mem_pestat] skip orientation FF as there are not enough pairs
[M::mem_pestat] analyzing insert size distribution for orientation FR...
[M::mem_pestat] (25, 50, 75) percentile: (264, 348, 460)
[M::mem_pestat] low and high boundaries for computing mean and std.dev: (1, 852)
[M::mem_pestat] mean and std.dev: (361.00, 145.31)
[M::mem_pestat] low and high boundaries for proper pairs: (1, 1048)
[M::mem_pestat] skip orientation RF as there are not enough pairs
[M::mem_pestat] skip orientation RR as there are not enough pairs
[M::mem_process_seqs] Processed 8084 reads in 6.401 CPU sec, 0.590 real sec
[main] Version: 0.7.19-r1273
[main] CMD: bwa mem -t 16 -R @RG\tID:LS_14a\tSM:LS_14a\tLB:LS_14a\tPL:ILLUMINA output/05_realign_xbOstLuri2/reference/GCA_061535525.1_xbOstLuri2_USDA-ARS_PSRF_primary_genomic.fna data/raw/LS_14a_S91_L004_R1_001.fastq.gz data/raw/LS_14a_S91_L004_R2_001.fastq.gz
[main] Real time: 3470.617 sec; CPU: 53086.022 sec
[bam_sort_core] merging from 3 files and 8 in-memory blocks...
end 2026-09-27T14:05:08Z sample=LS_14a
