/opt/ohpc/admin/lmod/lmod/init/bash: line 93: LD_LIBRARY_PATH: unbound variable
start 2026-09-27T13:13:41Z host n3434 sample=MB_12a location=MB
[M::bwa_idx_load_from_disk] read 0 ALT contigs
[M::process] read 1066668 sequences (160000200 bp)...
[M::process] read 1066668 sequences (160000200 bp)...
[M::mem_pestat] # candidate unique pairs for (FF, FR, RF, RR): (32, 224182, 84, 31)
[M::mem_pestat] analyzing insert size distribution for orientation FF...
[M::mem_pestat] (25, 50, 75) percentile: (270, 495, 1419)
[M::mem_pestat] low and high boundaries for computing mean and std.dev: (1, 3717)
[M::mem_pestat] mean and std.dev: (579.81, 434.70)
[M::mem_pestat] low and high boundaries for proper pairs: (1, 4866)
[M::mem_pestat] analyzing insert size distribution for orientation FR...
[M::mem_pestat] (25, 50, 75) percentile: (270, 352, 448)
[M::mem_pestat] low and high boundaries for computing mean and std.dev: (1, 804)
[M::mem_pestat] mean and std.dev: (358.52, 135.66)
[M::mem_pestat] low and high boundaries for proper pairs: (1, 982)
[M::mem_pestat] analyzing insert size distribution for orientation RF...
[M::mem_pestat] (25, 50, 75) percentile: (531, 1127, 5285)
[M::mem_pestat] low and high boundaries for computing mean and std.dev: (1, 14793)
[M::mem_pestat] mean and std.dev: (2703.50, 2902.04)
[M::mem_pestat] low and high boundaries for proper pairs: (1, 19547)
[M::mem_pestat] analyzing insert size distribution for orientation RR...
[M::mem_pestat] (25, 50, 75) percentile: (234, 332, 913)
[M::mem_pestat] low and high boundaries for computing mean and std.dev: (1, 2271)
[M::mem_pestat] mean and std.dev: (457.07, 407.22)
[M::mem_pestat] low and high boundaries for proper pairs: (1, 2950)
[M::mem_pestat] skip orientation FF
[M::mem_pestat] skip orientation RF
[M::mem_pestat] skip orientation RR
[M::mem_process_seqs] Processed 1066668 reads in 825.934 CPU sec, 55.515 real sec
[M::mem_pestat] # candidate unique pairs for (FF, FR, RF, RR): (51, 224564, 110, 35)
[M::mem_pestat] analyzing insert size distribution for orientation FF...
[M::mem_pestat] (25, 50, 75) percentile: (228, 331, 877)
[M::mem_pestat] low and high boundaries for computing mean and std.dev: (1, 2175)
[M::mem_pestat] mean and std.dev: (512.57, 471.15)
[M::mem_pestat] low and high boundaries for proper pairs: (1, 2824)
[M::mem_pestat] analyzing insert size distribution for orientation FR...
[M::mem_pestat] (25, 50, 75) percentile: (274, 357, 456)
[M::mem_pestat] low and high boundaries for computing mean and std.dev: (1, 820)
[M::mem_pestat] mean and std.dev: (364.81, 137.34)
[M::mem_pestat] low and high boundaries for proper pairs: (1, 1002)
[M::mem_pestat] analyzing insert size distribution for orientation RF...
[M::mem_pestat] (25, 50, 75) percentile: (294, 1114, 4634)
[M::mem_pestat] low and high boundaries for computing mean and std.dev: (1, 13314)
[M::mem_pestat] mean and std.dev: (2604.84, 2995.49)
[M::mem_pestat] low and high boundaries for proper pairs: (1, 17654)
[M::mem_pestat] analyzing insert size distribution for orientation RR...
[M::mem_pestat] (25, 50, 75) percentile: (425, 513, 1095)
[M::mem_pestat] low and high boundaries for computing mean and std.dev: (1, 2435)
[M::mem_pestat] mean and std.dev: (618.81, 412.90)
[M::mem_pestat] low and high boundaries for proper pairs: (1, 3105)
[M::mem_pestat] skip orientation FF
[M::mem_pestat] skip orientation RF
[M::mem_pestat] skip orientation RR
[M::process] read 1066668 sequences (160000200 bp)...
[M::mem_process_seqs] Processed 1066668 reads in 835.935 CPU sec, 54.168 real sec
[M::mem_pestat] # candidate unique pairs for (FF, FR, RF, RR): (35, 224057, 70, 34)
[M::mem_pestat] analyzing insert size distribution for orientation FF...
[M::mem_pestat] (25, 50, 75) percentile: (265, 507, 1734)
[M::mem_pestat] low and high boundaries for computing mean and std.dev: (1, 4672)
[M::mem_pestat] mean and std.dev: (1062.82, 1240.73)
[M::mem_pestat] low and high boundaries for proper pairs: (1, 6141)
[M::mem_pestat] analyzing insert size distribution for orientation FR...
[M::mem_pestat] (25, 50, 75) percentile: (271, 354, 453)
[M::mem_pestat] low and high boundaries for computing mean and std.dev: (1, 817)
[M::mem_pestat] mean and std.dev: (361.95, 138.04)
[M::mem_pestat] low and high boundaries for proper pairs: (1, 999)
[M::mem_pestat] analyzing insert size distribution for orientation RF...
[M::mem_pestat] (25, 50, 75) percentile: (601, 1908, 5807)
[M::mem_pestat] low and high boundaries for computing mean and std.dev: (1, 16219)
[M::mem_pestat] mean and std.dev: (3328.86, 3253.87)
[M::mem_pestat] low and high boundaries for proper pairs: (1, 21425)
[M::mem_pestat] analyzing insert size distribution for orientation RR...
[M::mem_pestat] (25, 50, 75) percentile: (234, 503, 2856)
[M::mem_pestat] low and high boundaries for computing mean and std.dev: (1, 8100)
[M::mem_pestat] mean and std.dev: (1278.74, 1874.78)
[M::mem_pestat] low and high boundaries for proper pairs: (1, 10722)
[M::mem_pestat] skip orientation FF
[M::mem_pestat] skip orientation RF
[M::mem_pestat] skip orientation RR
[M::process] read 1066668 sequences (160000200 bp)...
[M::mem_process_seqs] Processed 1066668 reads in 848.396 CPU sec, 54.919 real sec
[M::mem_pestat] # candidate unique pairs for (FF, FR, RF, RR): (34, 224409, 83, 38)
[M::mem_pestat] analyzing insert size distribution for orientation FF...
[M::mem_pestat] (25, 50, 75) percentile: (223, 620, 1534)
[M::mem_pestat] low and high boundaries for computing mean and std.dev: (1, 4156)
[M::mem_pestat] mean and std.dev: (906.67, 922.40)
[M::mem_pestat] low and high boundaries for proper pairs: (1, 5467)
[M::mem_pestat] analyzing insert size distribution for orientation FR...
[M::mem_pestat] (25, 50, 75) percentile: (270, 355, 457)
[M::mem_pestat] low and high boundaries for computing mean and std.dev: (1, 831)
[M::mem_pestat] mean and std.dev: (364.01, 140.15)
[M::mem_pestat] low and high boundaries for proper pairs: (1, 1018)
[M::mem_pestat] analyzing insert size distribution for orientation RF...
[M::mem_pestat] (25, 50, 75) percentile: (312, 2008, 4978)
[M::mem_pestat] low and high boundaries for computing mean and std.dev: (1, 14310)
[M::mem_pestat] mean and std.dev: (2965.88, 2872.22)
[M::mem_pestat] low and high boundaries for proper pairs: (1, 18976)
[M::mem_pestat] analyzing insert size distribution for orientation RR...
[M::mem_pestat] (25, 50, 75) percentile: (313, 628, 1526)
[M::mem_pestat] low and high boundaries for computing mean and std.dev: (1, 3952)
[M::mem_pestat] mean and std.dev: (828.68, 698.04)
[M::mem_pestat] low and high boundaries for proper pairs: (1, 5165)
[M::mem_pestat] skip orientation FF
[M::mem_pestat] skip orientation RF
[M::mem_pestat] skip orientation RR
[M::process] read 1066668 sequences (160000200 bp)...
[M::mem_process_seqs] Processed 1066668 reads in 853.039 CPU sec, 55.295 real sec
[M::mem_pestat] # candidate unique pairs for (FF, FR, RF, RR): (34, 225279, 69, 39)
[M::mem_pestat] analyzing insert size distribution for orientation FF...
[M::mem_pestat] (25, 50, 75) percentile: (217, 320, 1397)
[M::mem_pestat] low and high boundaries for computing mean and std.dev: (1, 3757)
[M::mem_pestat] mean and std.dev: (648.16, 675.81)
[M::mem_pestat] low and high boundaries for proper pairs: (1, 4937)
[M::mem_pestat] analyzing insert size distribution for orientation FR...
[M::mem_pestat] (25, 50, 75) percentile: (270, 355, 454)
[M::mem_pestat] low and high boundaries for computing mean and std.dev: (1, 822)
[M::mem_pestat] mean and std.dev: (362.16, 138.71)
[M::mem_pestat] low and high boundaries for proper pairs: (1, 1006)
[M::mem_pestat] analyzing insert size distribution for orientation RF...
[M::mem_pestat] (25, 50, 75) percentile: (484, 1235, 6249)
[M::mem_pestat] low and high boundaries for computing mean and std.dev: (1, 17779)
[M::mem_pestat] mean and std.dev: (3121.32, 3497.52)
[M::mem_pestat] low and high boundaries for proper pairs: (1, 23544)
[M::mem_pestat] analyzing insert size distribution for orientation RR...
[M::mem_pestat] (25, 50, 75) percentile: (252, 380, 1356)
[M::mem_pestat] low and high boundaries for computing mean and std.dev: (1, 3564)
[M::mem_pestat] mean and std.dev: (629.22, 657.23)
[M::mem_pestat] low and high boundaries for proper pairs: (1, 4668)
[M::mem_pestat] skip orientation FF
[M::mem_pestat] skip orientation RF
[M::mem_pestat] skip orientation RR
[M::process] read 1066668 sequences (160000200 bp)...
[M::mem_process_seqs] Processed 1066668 reads in 846.094 CPU sec, 54.729 real sec
[M::mem_pestat] # candidate unique pairs for (FF, FR, RF, RR): (34, 222988, 78, 37)
[M::mem_pestat] analyzing insert size distribution for orientation FF...
[M::mem_pestat] (25, 50, 75) percentile: (318, 588, 1162)
[M::mem_pestat] low and high boundaries for computing mean and std.dev: (1, 2850)
[M::mem_pestat] mean and std.dev: (758.55, 571.51)
[M::mem_pestat] low and high boundaries for proper pairs: (1, 3694)
[M::mem_pestat] analyzing insert size distribution for orientation FR...
[M::mem_pestat] (25, 50, 75) percentile: (266, 349, 446)
[M::mem_pestat] low and high boundaries for computing mean and std.dev: (1, 806)
[M::mem_pestat] mean and std.dev: (356.96, 136.39)
[M::mem_pestat] low and high boundaries for proper pairs: (1, 986)
[M::mem_pestat] analyzing insert size distribution for orientation RF...
[M::mem_pestat] (25, 50, 75) percentile: (409, 2705, 6586)
[M::mem_pestat] low and high boundaries for computing mean and std.dev: (1, 18940)
[M::mem_pestat] mean and std.dev: (3439.92, 3188.30)
[M::mem_pestat] low and high boundaries for proper pairs: (1, 25117)
[M::mem_pestat] analyzing insert size distribution for orientation RR...
[M::mem_pestat] (25, 50, 75) percentile: (385, 631, 1631)
[M::mem_pestat] low and high boundaries for computing mean and std.dev: (1, 4123)
[M::mem_pestat] mean and std.dev: (880.70, 705.81)
[M::mem_pestat] low and high boundaries for proper pairs: (1, 5369)
[M::mem_pestat] skip orientation FF
[M::mem_pestat] skip orientation RF
[M::mem_pestat] skip orientation RR
[M::process] read 1066668 sequences (160000200 bp)...
[M::mem_process_seqs] Processed 1066668 reads in 869.714 CPU sec, 56.361 real sec
[M::mem_pestat] # candidate unique pairs for (FF, FR, RF, RR): (36, 223935, 79, 35)
[M::mem_pestat] analyzing insert size distribution for orientation FF...
[M::mem_pestat] (25, 50, 75) percentile: (216, 293, 739)
[M::mem_pestat] low and high boundaries for computing mean and std.dev: (1, 1785)
[M::mem_pestat] mean and std.dev: (404.06, 338.09)
[M::mem_pestat] low and high boundaries for proper pairs: (1, 2308)
[M::mem_pestat] analyzing insert size distribution for orientation FR...
[M::mem_pestat] (25, 50, 75) percentile: (265, 347, 445)
[M::mem_pestat] low and high boundaries for computing mean and std.dev: (1, 805)
[M::mem_pestat] mean and std.dev: (355.95, 136.66)
[M::mem_pestat] low and high boundaries for proper pairs: (1, 985)
[M::mem_pestat] analyzing insert size distribution for orientation RF...
[M::mem_pestat] (25, 50, 75) percentile: (196, 587, 3767)
[M::mem_pestat] low and high boundaries for computing mean and std.dev: (1, 10909)
[M::mem_pestat] mean and std.dev: (2244.04, 2873.97)
[M::mem_pestat] low and high boundaries for proper pairs: (1, 14480)
[M::mem_pestat] analyzing insert size distribution for orientation RR...
[M::mem_pestat] (25, 50, 75) percentile: (323, 608, 1915)
[M::mem_pestat] low and high boundaries for computing mean and std.dev: (1, 5099)
[M::mem_pestat] mean and std.dev: (838.17, 882.49)
[M::mem_pestat] low and high boundaries for proper pairs: (1, 6691)
[M::mem_pestat] skip orientation FF
[M::mem_pestat] skip orientation RF
[M::mem_pestat] skip orientation RR
[M::process] read 1066668 sequences (160000200 bp)...
[M::mem_process_seqs] Processed 1066668 reads in 856.895 CPU sec, 55.420 real sec
[M::mem_pestat] # candidate unique pairs for (FF, FR, RF, RR): (40, 222852, 85, 42)
[M::mem_pestat] analyzing insert size distribution for orientation FF...
[M::mem_pestat] (25, 50, 75) percentile: (318, 420, 1035)
[M::mem_pestat] low and high boundaries for computing mean and std.dev: (1, 2469)
[M::mem_pestat] mean and std.dev: (625.14, 613.68)
[M::mem_pestat] low and high boundaries for proper pairs: (1, 3186)
[M::mem_pestat] analyzing insert size distribution for orientation FR...
[M::mem_pestat] (25, 50, 75) percentile: (266, 350, 450)
[M::mem_pestat] low and high boundaries for computing mean and std.dev: (1, 818)
[M::mem_pestat] mean and std.dev: (358.46, 138.35)
[M::mem_pestat] low and high boundaries for proper pairs: (1, 1002)
[M::mem_pestat] analyzing insert size distribution for orientation RF...
[M::mem_pestat] (25, 50, 75) percentile: (346, 827, 6128)
[M::mem_pestat] low and high boundaries for computing mean and std.dev: (1, 17692)
[M::mem_pestat] mean and std.dev: (2636.88, 3186.97)
[M::mem_pestat] low and high boundaries for proper pairs: (1, 23474)
[M::mem_pestat] analyzing insert size distribution for orientation RR...
[M::mem_pestat] (25, 50, 75) percentile: (196, 415, 2420)
[M::mem_pestat] low and high boundaries for computing mean and std.dev: (1, 6868)
[M::mem_pestat] mean and std.dev: (1127.66, 1501.32)
[M::mem_pestat] low and high boundaries for proper pairs: (1, 9092)
[M::mem_pestat] skip orientation FF
[M::mem_pestat] skip orientation RF
[M::mem_pestat] skip orientation RR
[M::process] read 1066668 sequences (160000200 bp)...
[M::mem_process_seqs] Processed 1066668 reads in 861.566 CPU sec, 55.614 real sec
[M::mem_pestat] # candidate unique pairs for (FF, FR, RF, RR): (40, 223890, 86, 43)
[M::mem_pestat] analyzing insert size distribution for orientation FF...
[M::mem_pestat] (25, 50, 75) percentile: (266, 597, 1636)
[M::mem_pestat] low and high boundaries for computing mean and std.dev: (1, 4376)
[M::mem_pestat] mean and std.dev: (860.69, 1049.03)
[M::mem_pestat] low and high boundaries for proper pairs: (1, 5746)
[M::mem_pestat] analyzing insert size distribution for orientation FR...
[M::mem_pestat] (25, 50, 75) percentile: (272, 359, 460)
[M::mem_pestat] low and high boundaries for computing mean and std.dev: (1, 836)
[M::mem_pestat] mean and std.dev: (366.11, 141.51)
[M::mem_pestat] low and high boundaries for proper pairs: (1, 1024)
[M::mem_pestat] analyzing insert size distribution for orientation RF...
[M::mem_pestat] (25, 50, 75) percentile: (309, 1895, 5862)
[M::mem_pestat] low and high boundaries for computing mean and std.dev: (1, 16968)
[M::mem_pestat] mean and std.dev: (3100.97, 3195.31)
[M::mem_pestat] low and high boundaries for proper pairs: (1, 22521)
[M::mem_pestat] analyzing insert size distribution for orientation RR...
[M::mem_pestat] (25, 50, 75) percentile: (271, 427, 1391)
[M::mem_pestat] low and high boundaries for computing mean and std.dev: (1, 3631)
[M::mem_pestat] mean and std.dev: (713.78, 626.10)
[M::mem_pestat] low and high boundaries for proper pairs: (1, 4751)
[M::mem_pestat] skip orientation FF
[M::mem_pestat] skip orientation RF
[M::mem_pestat] skip orientation RR
[M::process] read 1066668 sequences (160000200 bp)...
[M::mem_process_seqs] Processed 1066668 reads in 836.662 CPU sec, 54.182 real sec
[M::mem_pestat] # candidate unique pairs for (FF, FR, RF, RR): (23, 223962, 91, 40)
[M::mem_pestat] analyzing insert size distribution for orientation FF...
[M::mem_pestat] (25, 50, 75) percentile: (287, 496, 735)
[M::mem_pestat] low and high boundaries for computing mean and std.dev: (1, 1631)
[M::mem_pestat] mean and std.dev: (506.36, 285.43)
[M::mem_pestat] low and high boundaries for proper pairs: (1, 2079)
[M::mem_pestat] analyzing insert size distribution for orientation FR...
[M::mem_pestat] (25, 50, 75) percentile: (276, 364, 465)
[M::mem_pestat] low and high boundaries for computing mean and std.dev: (1, 843)
[M::mem_pestat] mean and std.dev: (370.52, 141.63)
[M::mem_pestat] low and high boundaries for proper pairs: (1, 1032)
[M::mem_pestat] analyzing insert size distribution for orientation RF...
[M::mem_pestat] (25, 50, 75) percentile: (225, 1030, 5263)
[M::mem_pestat] low and high boundaries for computing mean and std.dev: (1, 15339)
[M::mem_pestat] mean and std.dev: (2591.99, 2947.12)
[M::mem_pestat] low and high boundaries for proper pairs: (1, 20377)
[M::mem_pestat] analyzing insert size distribution for orientation RR...
[M::mem_pestat] (25, 50, 75) percentile: (234, 441, 1889)
[M::mem_pestat] low and high boundaries for computing mean and std.dev: (1, 5199)
[M::mem_pestat] mean and std.dev: (972.27, 1143.88)
[M::mem_pestat] low and high boundaries for proper pairs: (1, 6854)
[M::mem_pestat] skip orientation FF
[M::mem_pestat] skip orientation RF
[M::mem_pestat] skip orientation RR
[M::process] read 1066668 sequences (160000200 bp)...
[M::mem_process_seqs] Processed 1066668 reads in 845.485 CPU sec, 54.594 real sec
[M::mem_pestat] # candidate unique pairs for (FF, FR, RF, RR): (41, 223579, 66, 29)
[M::mem_pestat] analyzing insert size distribution for orientation FF...
[M::mem_pestat] (25, 50, 75) percentile: (236, 455, 1840)
[M::mem_pestat] low and high boundaries for computing mean and std.dev: (1, 5048)
[M::mem_pestat] mean and std.dev: (860.97, 912.97)
[M::mem_pestat] low and high boundaries for proper pairs: (1, 6652)
[M::mem_pestat] analyzing insert size distribution for orientation FR...
[M::mem_pestat] (25, 50, 75) percentile: (271, 357, 459)
[M::mem_pestat] low and high boundaries for computing mean and std.dev: (1, 835)
[M::mem_pestat] mean and std.dev: (365.05, 141.35)
[M::mem_pestat] low and high boundaries for proper pairs: (1, 1023)
[M::mem_pestat] analyzing insert size distribution for orientation RF...
[M::mem_pestat] (25, 50, 75) percentile: (215, 1784, 4648)
[M::mem_pestat] low and high boundaries for computing mean and std.dev: (1, 13514)
[M::mem_pestat] mean and std.dev: (2919.09, 3276.69)
[M::mem_pestat] low and high boundaries for proper pairs: (1, 17947)
[M::mem_pestat] analyzing insert size distribution for orientation RR...
[M::mem_pestat] (25, 50, 75) percentile: (195, 455, 615)
[M::mem_pestat] low and high boundaries for computing mean and std.dev: (1, 1455)
[M::mem_pestat] mean and std.dev: (338.39, 182.65)
[M::mem_pestat] low and high boundaries for proper pairs: (1, 1875)
[M::mem_pestat] skip orientation FF
[M::mem_pestat] skip orientation RF
[M::mem_pestat] skip orientation RR
[M::process] read 1066668 sequences (160000200 bp)...
[M::mem_process_seqs] Processed 1066668 reads in 845.868 CPU sec, 54.533 real sec
[M::mem_pestat] # candidate unique pairs for (FF, FR, RF, RR): (26, 225147, 75, 35)
[M::mem_pestat] analyzing insert size distribution for orientation FF...
[M::mem_pestat] (25, 50, 75) percentile: (174, 408, 472)
[M::mem_pestat] low and high boundaries for computing mean and std.dev: (1, 1068)
[M::mem_pestat] mean and std.dev: (343.17, 219.46)
[M::mem_pestat] low and high boundaries for proper pairs: (1, 1366)
[M::mem_pestat] analyzing insert size distribution for orientation FR...
[M::mem_pestat] (25, 50, 75) percentile: (271, 357, 457)
[M::mem_pestat] low and high boundaries for computing mean and std.dev: (1, 829)
[M::mem_pestat] mean and std.dev: (364.89, 140.97)
[M::mem_pestat] low and high boundaries for proper pairs: (1, 1015)
[M::mem_pestat] analyzing insert size distribution for orientation RF...
[M::mem_pestat] (25, 50, 75) percentile: (420, 1304, 5901)
[M::mem_pestat] low and high boundaries for computing mean and std.dev: (1, 16863)
[M::mem_pestat] mean and std.dev: (2945.16, 2973.09)
[M::mem_pestat] low and high boundaries for proper pairs: (1, 22344)
[M::mem_pestat] analyzing insert size distribution for orientation RR...
[M::mem_pestat] (25, 50, 75) percentile: (294, 498, 2553)
[M::mem_pestat] low and high boundaries for computing mean and std.dev: (1, 7071)
[M::mem_pestat] mean and std.dev: (1744.54, 2030.13)
[M::mem_pestat] low and high boundaries for proper pairs: (1, 9865)
[M::mem_pestat] skip orientation FF
[M::mem_pestat] skip orientation RF
[M::mem_pestat] skip orientation RR
[M::process] read 1066668 sequences (160000200 bp)...
[M::mem_process_seqs] Processed 1066668 reads in 845.374 CPU sec, 54.631 real sec
[M::mem_pestat] # candidate unique pairs for (FF, FR, RF, RR): (27, 224751, 64, 48)
[M::mem_pestat] analyzing insert size distribution for orientation FF...
[M::mem_pestat] (25, 50, 75) percentile: (249, 487, 4259)
[M::mem_pestat] low and high boundaries for computing mean and std.dev: (1, 12279)
[M::mem_pestat] mean and std.dev: (2008.15, 2565.75)
[M::mem_pestat] low and high boundaries for proper pairs: (1, 16289)
[M::mem_pestat] analyzing insert size distribution for orientation FR...
[M::mem_pestat] (25, 50, 75) percentile: (271, 355, 457)
[M::mem_pestat] low and high boundaries for computing mean and std.dev: (1, 829)
[M::mem_pestat] mean and std.dev: (363.64, 139.77)
[M::mem_pestat] low and high boundaries for proper pairs: (1, 1015)
[M::mem_pestat] analyzing insert size distribution for orientation RF...
[M::mem_pestat] (25, 50, 75) percentile: (411, 2150, 5362)
[M::mem_pestat] low and high boundaries for computing mean and std.dev: (1, 15264)
[M::mem_pestat] mean and std.dev: (3079.80, 2916.52)
[M::mem_pestat] low and high boundaries for proper pairs: (1, 20215)
[M::mem_pestat] analyzing insert size distribution for orientation RR...
[M::mem_pestat] (25, 50, 75) percentile: (289, 428, 2093)
[M::mem_pestat] low and high boundaries for computing mean and std.dev: (1, 5701)
[M::mem_pestat] mean and std.dev: (1214.81, 1435.26)
[M::mem_pestat] low and high boundaries for proper pairs: (1, 7505)
[M::mem_pestat] skip orientation FF
[M::mem_pestat] skip orientation RF
[M::mem_pestat] skip orientation RR
[M::process] read 1066668 sequences (160000200 bp)...
[M::mem_process_seqs] Processed 1066668 reads in 847.602 CPU sec, 54.876 real sec
[M::mem_pestat] # candidate unique pairs for (FF, FR, RF, RR): (24, 224500, 66, 35)
[M::mem_pestat] analyzing insert size distribution for orientation FF...
[M::mem_pestat] (25, 50, 75) percentile: (238, 791, 3547)
[M::mem_pestat] low and high boundaries for computing mean and std.dev: (1, 10165)
[M::mem_pestat] mean and std.dev: (1729.50, 1844.06)
[M::mem_pestat] low and high boundaries for proper pairs: (1, 13474)
[M::mem_pestat] analyzing insert size distribution for orientation FR...
[M::mem_pestat] (25, 50, 75) percentile: (268, 354, 455)
[M::mem_pestat] low and high boundaries for computing mean and std.dev: (1, 829)
[M::mem_pestat] mean and std.dev: (362.36, 139.96)
[M::mem_pestat] low and high boundaries for proper pairs: (1, 1016)
[M::mem_pestat] analyzing insert size distribution for orientation RF...
[M::mem_pestat] (25, 50, 75) percentile: (330, 1166, 4183)
[M::mem_pestat] low and high boundaries for computing mean and std.dev: (1, 11889)
[M::mem_pestat] mean and std.dev: (2496.62, 2869.77)
[M::mem_pestat] low and high boundaries for proper pairs: (1, 15742)
[M::mem_pestat] analyzing insert size distribution for orientation RR...
[M::mem_pestat] (25, 50, 75) percentile: (265, 424, 996)
[M::mem_pestat] low and high boundaries for computing mean and std.dev: (1, 2458)
[M::mem_pestat] mean and std.dev: (401.67, 261.50)
[M::mem_pestat] low and high boundaries for proper pairs: (1, 3189)
[M::mem_pestat] skip orientation FF
[M::mem_pestat] skip orientation RF
[M::mem_pestat] skip orientation RR
[M::process] read 1066668 sequences (160000200 bp)...
[M::mem_process_seqs] Processed 1066668 reads in 855.544 CPU sec, 55.296 real sec
[M::mem_pestat] # candidate unique pairs for (FF, FR, RF, RR): (29, 224219, 96, 39)
[M::mem_pestat] analyzing insert size distribution for orientation FF...
[M::mem_pestat] (25, 50, 75) percentile: (373, 426, 1285)
[M::mem_pestat] low and high boundaries for computing mean and std.dev: (1, 3109)
[M::mem_pestat] mean and std.dev: (748.52, 636.70)
[M::mem_pestat] low and high boundaries for proper pairs: (1, 4021)
[M::mem_pestat] analyzing insert size distribution for orientation FR...
[M::mem_pestat] (25, 50, 75) percentile: (267, 351, 453)
[M::mem_pestat] low and high boundaries for computing mean and std.dev: (1, 825)
[M::mem_pestat] mean and std.dev: (360.97, 140.22)
[M::mem_pestat] low and high boundaries for proper pairs: (1, 1011)
[M::mem_pestat] analyzing insert size distribution for orientation RF...
[M::mem_pestat] (25, 50, 75) percentile: (432, 1645, 6203)
[M::mem_pestat] low and high boundaries for computing mean and std.dev: (1, 17745)
[M::mem_pestat] mean and std.dev: (3036.79, 3043.70)
[M::mem_pestat] low and high boundaries for proper pairs: (1, 23516)
[M::mem_pestat] analyzing insert size distribution for orientation RR...
[M::mem_pestat] (25, 50, 75) percentile: (293, 784, 2513)
[M::mem_pestat] low and high boundaries for computing mean and std.dev: (1, 6953)
[M::mem_pestat] mean and std.dev: (1496.13, 1666.81)
[M::mem_pestat] low and high boundaries for proper pairs: (1, 9173)
[M::mem_pestat] skip orientation FF
[M::mem_pestat] skip orientation RF
[M::mem_pestat] skip orientation RR
[M::process] read 1066668 sequences (160000200 bp)...
[M::mem_process_seqs] Processed 1066668 reads in 848.504 CPU sec, 54.819 real sec
[M::mem_pestat] # candidate unique pairs for (FF, FR, RF, RR): (45, 223691, 61, 47)
[M::mem_pestat] analyzing insert size distribution for orientation FF...
[M::mem_pestat] (25, 50, 75) percentile: (267, 645, 1034)
[M::mem_pestat] low and high boundaries for computing mean and std.dev: (1, 2568)
[M::mem_pestat] mean and std.dev: (508.97, 343.95)
[M::mem_pestat] low and high boundaries for proper pairs: (1, 3335)
[M::mem_pestat] analyzing insert size distribution for orientation FR...
[M::mem_pestat] (25, 50, 75) percentile: (266, 349, 450)
[M::mem_pestat] low and high boundaries for computing mean and std.dev: (1, 818)
[M::mem_pestat] mean and std.dev: (358.14, 139.33)
[M::mem_pestat] low and high boundaries for proper pairs: (1, 1002)
[M::mem_pestat] analyzing insert size distribution for orientation RF...
[M::mem_pestat] (25, 50, 75) percentile: (148, 679, 6627)
[M::mem_pestat] low and high boundaries for computing mean and std.dev: (1, 19585)
[M::mem_pestat] mean and std.dev: (2816.69, 3313.59)
[M::mem_pestat] low and high boundaries for proper pairs: (1, 26064)
[M::mem_pestat] analyzing insert size distribution for orientation RR...
[M::mem_pestat] (25, 50, 75) percentile: (405, 778, 1836)
[M::mem_pestat] low and high boundaries for computing mean and std.dev: (1, 4698)
[M::mem_pestat] mean and std.dev: (1225.18, 1086.29)
[M::mem_pestat] low and high boundaries for proper pairs: (1, 6129)
[M::mem_pestat] skip orientation FF
[M::mem_pestat] skip orientation RF
[M::mem_pestat] skip orientation RR
[M::process] read 1066668 sequences (160000200 bp)...
[M::mem_process_seqs] Processed 1066668 reads in 824.311 CPU sec, 53.378 real sec
[M::mem_pestat] # candidate unique pairs for (FF, FR, RF, RR): (54, 223271, 92, 25)
[M::mem_pestat] analyzing insert size distribution for orientation FF...
[M::mem_pestat] (25, 50, 75) percentile: (248, 392, 1516)
[M::mem_pestat] low and high boundaries for computing mean and std.dev: (1, 4052)
[M::mem_pestat] mean and std.dev: (577.40, 664.49)
[M::mem_pestat] low and high boundaries for proper pairs: (1, 5320)
[M::mem_pestat] analyzing insert size distribution for orientation FR...
[M::mem_pestat] (25, 50, 75) percentile: (270, 358, 458)
[M::mem_pestat] low and high boundaries for computing mean and std.dev: (1, 834)
[M::mem_pestat] mean and std.dev: (364.19, 141.07)
[M::mem_pestat] low and high boundaries for proper pairs: (1, 1022)
[M::mem_pestat] analyzing insert size distribution for orientation RF...
[M::mem_pestat] (25, 50, 75) percentile: (229, 714, 2690)
[M::mem_pestat] low and high boundaries for computing mean and std.dev: (1, 7612)
[M::mem_pestat] mean and std.dev: (1560.11, 2101.32)
[M::mem_pestat] low and high boundaries for proper pairs: (1, 10073)
[M::mem_pestat] analyzing insert size distribution for orientation RR...
[M::mem_pestat] (25, 50, 75) percentile: (289, 618, 1222)
[M::mem_pestat] low and high boundaries for computing mean and std.dev: (1, 3088)
[M::mem_pestat] mean and std.dev: (770.44, 539.93)
[M::mem_pestat] low and high boundaries for proper pairs: (1, 4021)
[M::mem_pestat] skip orientation FF
[M::mem_pestat] skip orientation RF
[M::mem_pestat] skip orientation RR
[M::process] read 1066668 sequences (160000200 bp)...
[M::mem_process_seqs] Processed 1066668 reads in 816.031 CPU sec, 52.926 real sec
[M::mem_pestat] # candidate unique pairs for (FF, FR, RF, RR): (31, 224260, 83, 37)
[M::mem_pestat] analyzing insert size distribution for orientation FF...
[M::mem_pestat] (25, 50, 75) percentile: (301, 993, 3171)
[M::mem_pestat] low and high boundaries for computing mean and std.dev: (1, 8911)
[M::mem_pestat] mean and std.dev: (1750.97, 1904.87)
[M::mem_pestat] low and high boundaries for proper pairs: (1, 11781)
[M::mem_pestat] analyzing insert size distribution for orientation FR...
[M::mem_pestat] (25, 50, 75) percentile: (272, 359, 460)
[M::mem_pestat] low and high boundaries for computing mean and std.dev: (1, 836)
[M::mem_pestat] mean and std.dev: (365.79, 140.96)
[M::mem_pestat] low and high boundaries for proper pairs: (1, 1024)
[M::mem_pestat] analyzing insert size distribution for orientation RF...
[M::mem_pestat] (25, 50, 75) percentile: (411, 2142, 5329)
[M::mem_pestat] low and high boundaries for computing mean and std.dev: (1, 15165)
[M::mem_pestat] mean and std.dev: (3426.11, 3172.31)
[M::mem_pestat] low and high boundaries for proper pairs: (1, 20083)
[M::mem_pestat] analyzing insert size distribution for orientation RR...
[M::mem_pestat] (25, 50, 75) percentile: (266, 351, 779)
[M::mem_pestat] low and high boundaries for computing mean and std.dev: (1, 1805)
[M::mem_pestat] mean and std.dev: (387.71, 260.65)
[M::mem_pestat] low and high boundaries for proper pairs: (1, 2318)
[M::mem_pestat] skip orientation FF
[M::mem_pestat] skip orientation RF
[M::mem_pestat] skip orientation RR
[M::process] read 1066668 sequences (160000200 bp)...
[M::mem_process_seqs] Processed 1066668 reads in 839.982 CPU sec, 54.238 real sec
[M::mem_pestat] # candidate unique pairs for (FF, FR, RF, RR): (34, 224424, 67, 38)
[M::mem_pestat] analyzing insert size distribution for orientation FF...
[M::mem_pestat] (25, 50, 75) percentile: (297, 874, 2275)
[M::mem_pestat] low and high boundaries for computing mean and std.dev: (1, 6231)
[M::mem_pestat] mean and std.dev: (1668.61, 1899.30)
[M::mem_pestat] low and high boundaries for proper pairs: (1, 9266)
[M::mem_pestat] analyzing insert size distribution for orientation FR...
[M::mem_pestat] (25, 50, 75) percentile: (267, 352, 454)
[M::mem_pestat] low and high boundaries for computing mean and std.dev: (1, 828)
[M::mem_pestat] mean and std.dev: (361.20, 140.72)
[M::mem_pestat] low and high boundaries for proper pairs: (1, 1015)
[M::mem_pestat] analyzing insert size distribution for orientation RF...
[M::mem_pestat] (25, 50, 75) percentile: (577, 1863, 5899)
[M::mem_pestat] low and high boundaries for computing mean and std.dev: (1, 16543)
[M::mem_pestat] mean and std.dev: (3212.03, 3050.26)
[M::mem_pestat] low and high boundaries for proper pairs: (1, 21865)
[M::mem_pestat] analyzing insert size distribution for orientation RR...
[M::mem_pestat] (25, 50, 75) percentile: (223, 443, 1580)
[M::mem_pestat] low and high boundaries for computing mean and std.dev: (1, 4294)
[M::mem_pestat] mean and std.dev: (792.60, 921.44)
[M::mem_pestat] low and high boundaries for proper pairs: (1, 5651)
[M::mem_pestat] skip orientation FF
[M::mem_pestat] skip orientation RF
[M::mem_pestat] skip orientation RR
[M::process] read 1066668 sequences (160000200 bp)...
[M::mem_process_seqs] Processed 1066668 reads in 847.627 CPU sec, 54.918 real sec
[M::mem_pestat] # candidate unique pairs for (FF, FR, RF, RR): (50, 223635, 96, 22)
[M::mem_pestat] analyzing insert size distribution for orientation FF...
[M::mem_pestat] (25, 50, 75) percentile: (281, 544, 1108)
[M::mem_pestat] low and high boundaries for computing mean and std.dev: (1, 2762)
[M::mem_pestat] mean and std.dev: (604.62, 457.66)
[M::mem_pestat] low and high boundaries for proper pairs: (1, 3589)
[M::mem_pestat] analyzing insert size distribution for orientation FR...
[M::mem_pestat] (25, 50, 75) percentile: (266, 351, 451)
[M::mem_pestat] low and high boundaries for computing mean and std.dev: (1, 821)
[M::mem_pestat] mean and std.dev: (359.54, 140.16)
[M::mem_pestat] low and high boundaries for proper pairs: (1, 1006)
[M::mem_pestat] analyzing insert size distribution for orientation RF...
[M::mem_pestat] (25, 50, 75) percentile: (210, 872, 3734)
[M::mem_pestat] low and high boundaries for computing mean and std.dev: (1, 10782)
[M::mem_pestat] mean and std.dev: (2208.09, 2611.32)
[M::mem_pestat] low and high boundaries for proper pairs: (1, 14306)
[M::mem_pestat] analyzing insert size distribution for orientation RR...
[M::mem_pestat] (25, 50, 75) percentile: (261, 422, 1318)
[M::mem_pestat] low and high boundaries for computing mean and std.dev: (1, 3432)
[M::mem_pestat] mean and std.dev: (565.42, 501.30)
[M::mem_pestat] low and high boundaries for proper pairs: (1, 4489)
[M::mem_pestat] skip orientation FF
[M::mem_pestat] skip orientation RF
[M::mem_pestat] skip orientation RR
[M::process] read 1066668 sequences (160000200 bp)...
[M::mem_process_seqs] Processed 1066668 reads in 844.213 CPU sec, 61.817 real sec
[M::mem_pestat] # candidate unique pairs for (FF, FR, RF, RR): (34, 224376, 64, 45)
[M::mem_pestat] analyzing insert size distribution for orientation FF...
[M::mem_pestat] (25, 50, 75) percentile: (252, 482, 1236)
[M::mem_pestat] low and high boundaries for computing mean and std.dev: (1, 3204)
[M::mem_pestat] mean and std.dev: (565.59, 452.44)
[M::mem_pestat] low and high boundaries for proper pairs: (1, 4188)
[M::mem_pestat] analyzing insert size distribution for orientation FR...
[M::mem_pestat] (25, 50, 75) percentile: (270, 356, 457)
[M::mem_pestat] low and high boundaries for computing mean and std.dev: (1, 831)
[M::mem_pestat] mean and std.dev: (364.48, 141.06)
[M::mem_pestat] low and high boundaries for proper pairs: (1, 1018)
[M::mem_pestat] analyzing insert size distribution for orientation RF...
[M::mem_pestat] (25, 50, 75) percentile: (476, 1502, 4891)
[M::mem_pestat] low and high boundaries for computing mean and std.dev: (1, 13721)
[M::mem_pestat] mean and std.dev: (2892.34, 3034.33)
[M::mem_pestat] low and high boundaries for proper pairs: (1, 18136)
[M::mem_pestat] analyzing insert size distribution for orientation RR...
[M::mem_pestat] (25, 50, 75) percentile: (233, 324, 1664)
[M::mem_pestat] low and high boundaries for computing mean and std.dev: (1, 4526)
[M::mem_pestat] mean and std.dev: (532.32, 735.36)
[M::mem_pestat] low and high boundaries for proper pairs: (1, 5957)
[M::mem_pestat] skip orientation FF
[M::mem_pestat] skip orientation RF
[M::mem_pestat] skip orientation RR
[M::process] read 1066668 sequences (160000200 bp)...
[M::mem_process_seqs] Processed 1066668 reads in 849.266 CPU sec, 54.889 real sec
[M::mem_pestat] # candidate unique pairs for (FF, FR, RF, RR): (54, 223243, 77, 28)
[M::mem_pestat] analyzing insert size distribution for orientation FF...
[M::mem_pestat] (25, 50, 75) percentile: (297, 482, 1115)
[M::mem_pestat] low and high boundaries for computing mean and std.dev: (1, 2751)
[M::mem_pestat] mean and std.dev: (687.22, 613.83)
[M::mem_pestat] low and high boundaries for proper pairs: (1, 3569)
[M::mem_pestat] analyzing insert size distribution for orientation FR...
[M::mem_pestat] (25, 50, 75) percentile: (267, 352, 454)
[M::mem_pestat] low and high boundaries for computing mean and std.dev: (1, 828)
[M::mem_pestat] mean and std.dev: (361.34, 140.58)
[M::mem_pestat] low and high boundaries for proper pairs: (1, 1015)
[M::mem_pestat] analyzing insert size distribution for orientation RF...
[M::mem_pestat] (25, 50, 75) percentile: (356, 2520, 6614)
[M::mem_pestat] low and high boundaries for computing mean and std.dev: (1, 19130)
[M::mem_pestat] mean and std.dev: (3543.06, 3345.69)
[M::mem_pestat] low and high boundaries for proper pairs: (1, 25388)
[M::mem_pestat] analyzing insert size distribution for orientation RR...
[M::mem_pestat] (25, 50, 75) percentile: (278, 408, 3424)
[M::mem_pestat] low and high boundaries for computing mean and std.dev: (1, 9716)
[M::mem_pestat] mean and std.dev: (2112.54, 3110.04)
[M::mem_pestat] low and high boundaries for proper pairs: (1, 14553)
[M::mem_pestat] skip orientation FF
[M::mem_pestat] skip orientation RF
[M::mem_pestat] skip orientation RR
[M::process] read 1066668 sequences (160000200 bp)...
[M::mem_process_seqs] Processed 1066668 reads in 854.668 CPU sec, 55.269 real sec
[M::mem_pestat] # candidate unique pairs for (FF, FR, RF, RR): (35, 223933, 68, 35)
[M::mem_pestat] analyzing insert size distribution for orientation FF...
[M::mem_pestat] (25, 50, 75) percentile: (255, 375, 881)
[M::mem_pestat] low and high boundaries for computing mean and std.dev: (1, 2133)
[M::mem_pestat] mean and std.dev: (370.52, 200.37)
[M::mem_pestat] low and high boundaries for proper pairs: (1, 2759)
[M::mem_pestat] analyzing insert size distribution for orientation FR...
[M::mem_pestat] (25, 50, 75) percentile: (267, 352, 454)
[M::mem_pestat] low and high boundaries for computing mean and std.dev: (1, 828)
[M::mem_pestat] mean and std.dev: (361.62, 140.57)
[M::mem_pestat] low and high boundaries for proper pairs: (1, 1015)
[M::mem_pestat] analyzing insert size distribution for orientation RF...
[M::mem_pestat] (25, 50, 75) percentile: (862, 2107, 4650)
[M::mem_pestat] low and high boundaries for computing mean and std.dev: (1, 12226)
[M::mem_pestat] mean and std.dev: (2978.06, 2692.01)
[M::mem_pestat] low and high boundaries for proper pairs: (1, 16014)
[M::mem_pestat] analyzing insert size distribution for orientation RR...
[M::mem_pestat] (25, 50, 75) percentile: (395, 1377, 5628)
[M::mem_pestat] low and high boundaries for computing mean and std.dev: (1, 16094)
[M::mem_pestat] mean and std.dev: (2675.89, 2595.96)
[M::mem_pestat] low and high boundaries for proper pairs: (1, 21327)
[M::mem_pestat] skip orientation FF
[M::mem_pestat] skip orientation RF
[M::mem_pestat] skip orientation RR
[M::process] read 1066668 sequences (160000200 bp)...
[M::mem_process_seqs] Processed 1066668 reads in 857.660 CPU sec, 55.574 real sec
[M::mem_pestat] # candidate unique pairs for (FF, FR, RF, RR): (42, 222994, 65, 16)
[M::mem_pestat] analyzing insert size distribution for orientation FF...
[M::mem_pestat] (25, 50, 75) percentile: (339, 429, 2131)
[M::mem_pestat] low and high boundaries for computing mean and std.dev: (1, 5715)
[M::mem_pestat] mean and std.dev: (1017.38, 1272.81)
[M::mem_pestat] low and high boundaries for proper pairs: (1, 7507)
[M::mem_pestat] analyzing insert size distribution for orientation FR...
[M::mem_pestat] (25, 50, 75) percentile: (266, 351, 450)
[M::mem_pestat] low and high boundaries for computing mean and std.dev: (1, 818)
[M::mem_pestat] mean and std.dev: (358.84, 138.97)
[M::mem_pestat] low and high boundaries for proper pairs: (1, 1002)
[M::mem_pestat] analyzing insert size distribution for orientation RF...
[M::mem_pestat] (25, 50, 75) percentile: (444, 2190, 6606)
[M::mem_pestat] low and high boundaries for computing mean and std.dev: (1, 18930)
[M::mem_pestat] mean and std.dev: (3621.97, 3400.93)
[M::mem_pestat] low and high boundaries for proper pairs: (1, 25092)
[M::mem_pestat] analyzing insert size distribution for orientation RR...
[M::mem_pestat] (25, 50, 75) percentile: (230, 307, 2173)
[M::mem_pestat] low and high boundaries for computing mean and std.dev: (1, 6059)
[M::mem_pestat] mean and std.dev: (861.20, 1051.05)
[M::mem_pestat] low and high boundaries for proper pairs: (1, 8002)
[M::mem_pestat] skip orientation FF
[M::mem_pestat] skip orientation RF
[M::mem_pestat] skip orientation RR
[M::process] read 1066668 sequences (160000200 bp)...
[M::mem_process_seqs] Processed 1066668 reads in 862.176 CPU sec, 55.855 real sec
[M::mem_pestat] # candidate unique pairs for (FF, FR, RF, RR): (35, 224238, 103, 37)
[M::mem_pestat] analyzing insert size distribution for orientation FF...
[M::mem_pestat] (25, 50, 75) percentile: (377, 833, 1878)
[M::mem_pestat] low and high boundaries for computing mean and std.dev: (1, 4880)
[M::mem_pestat] mean and std.dev: (1080.16, 896.31)
[M::mem_pestat] low and high boundaries for proper pairs: (1, 6381)
[M::mem_pestat] analyzing insert size distribution for orientation FR...
[M::mem_pestat] (25, 50, 75) percentile: (272, 357, 457)
[M::mem_pestat] low and high boundaries for computing mean and std.dev: (1, 827)
[M::mem_pestat] mean and std.dev: (364.53, 139.99)
[M::mem_pestat] low and high boundaries for proper pairs: (1, 1012)
[M::mem_pestat] analyzing insert size distribution for orientation RF...
[M::mem_pestat] (25, 50, 75) percentile: (484, 1668, 3409)
[M::mem_pestat] low and high boundaries for computing mean and std.dev: (1, 9259)
[M::mem_pestat] mean and std.dev: (2314.61, 2329.36)
[M::mem_pestat] low and high boundaries for proper pairs: (1, 12184)
[M::mem_pestat] analyzing insert size distribution for orientation RR...
[M::mem_pestat] (25, 50, 75) percentile: (291, 457, 1107)
[M::mem_pestat] low and high boundaries for computing mean and std.dev: (1, 2739)
[M::mem_pestat] mean and std.dev: (550.18, 387.92)
[M::mem_pestat] low and high boundaries for proper pairs: (1, 3555)
[M::mem_pestat] skip orientation FF
[M::mem_pestat] skip orientation RF
[M::mem_pestat] skip orientation RR
[M::process] read 1066668 sequences (160000200 bp)...
[M::mem_process_seqs] Processed 1066668 reads in 837.866 CPU sec, 54.455 real sec
[M::mem_pestat] # candidate unique pairs for (FF, FR, RF, RR): (42, 224466, 61, 38)
[M::mem_pestat] analyzing insert size distribution for orientation FF...
[M::mem_pestat] (25, 50, 75) percentile: (245, 388, 1122)
[M::mem_pestat] low and high boundaries for computing mean and std.dev: (1, 2876)
[M::mem_pestat] mean and std.dev: (579.46, 544.76)
[M::mem_pestat] low and high boundaries for proper pairs: (1, 3753)
[M::mem_pestat] analyzing insert size distribution for orientation FR...
[M::mem_pestat] (25, 50, 75) percentile: (268, 352, 451)
[M::mem_pestat] low and high boundaries for computing mean and std.dev: (1, 817)
[M::mem_pestat] mean and std.dev: (359.26, 138.08)
[M::mem_pestat] low and high boundaries for proper pairs: (1, 1000)
[M::mem_pestat] analyzing insert size distribution for orientation RF...
[M::mem_pestat] (25, 50, 75) percentile: (541, 1912, 4954)
[M::mem_pestat] low and high boundaries for computing mean and std.dev: (1, 13780)
[M::mem_pestat] mean and std.dev: (2883.51, 2792.28)
[M::mem_pestat] low and high boundaries for proper pairs: (1, 18193)
[M::mem_pestat] analyzing insert size distribution for orientation RR...
[M::mem_pestat] (25, 50, 75) percentile: (280, 367, 553)
[M::mem_pestat] low and high boundaries for computing mean and std.dev: (1, 1099)
[M::mem_pestat] mean and std.dev: (341.85, 137.22)
[M::mem_pestat] low and high boundaries for proper pairs: (1, 1372)
[M::mem_pestat] skip orientation FF
[M::mem_pestat] skip orientation RF
[M::mem_pestat] skip orientation RR
[M::process] read 1066668 sequences (160000200 bp)...
[M::mem_process_seqs] Processed 1066668 reads in 842.046 CPU sec, 54.475 real sec
[M::mem_pestat] # candidate unique pairs for (FF, FR, RF, RR): (49, 224635, 84, 43)
[M::mem_pestat] analyzing insert size distribution for orientation FF...
[M::mem_pestat] (25, 50, 75) percentile: (229, 314, 1137)
[M::mem_pestat] low and high boundaries for computing mean and std.dev: (1, 2953)
[M::mem_pestat] mean and std.dev: (597.67, 568.45)
[M::mem_pestat] low and high boundaries for proper pairs: (1, 3861)
[M::mem_pestat] analyzing insert size distribution for orientation FR...
[M::mem_pestat] (25, 50, 75) percentile: (272, 359, 461)
[M::mem_pestat] low and high boundaries for computing mean and std.dev: (1, 839)
[M::mem_pestat] mean and std.dev: (367.44, 142.10)
[M::mem_pestat] low and high boundaries for proper pairs: (1, 1028)
[M::mem_pestat] analyzing insert size distribution for orientation RF...
[M::mem_pestat] (25, 50, 75) percentile: (265, 1562, 6216)
[M::mem_pestat] low and high boundaries for computing mean and std.dev: (1, 18118)
[M::mem_pestat] mean and std.dev: (3019.71, 3273.18)
[M::mem_pestat] low and high boundaries for proper pairs: (1, 24069)
[M::mem_pestat] analyzing insert size distribution for orientation RR...
[M::mem_pestat] (25, 50, 75) percentile: (288, 952, 2173)
[M::mem_pestat] low and high boundaries for computing mean and std.dev: (1, 5943)
[M::mem_pestat] mean and std.dev: (1146.16, 1263.46)
[M::mem_pestat] low and high boundaries for proper pairs: (1, 7828)
[M::mem_pestat] skip orientation FF
[M::mem_pestat] skip orientation RF
[M::mem_pestat] skip orientation RR
[M::process] read 1066668 sequences (160000200 bp)...
[M::mem_process_seqs] Processed 1066668 reads in 849.968 CPU sec, 54.883 real sec
[M::mem_pestat] # candidate unique pairs for (FF, FR, RF, RR): (44, 224189, 67, 46)
[M::mem_pestat] analyzing insert size distribution for orientation FF...
[M::mem_pestat] (25, 50, 75) percentile: (272, 386, 1114)
[M::mem_pestat] low and high boundaries for computing mean and std.dev: (1, 2798)
[M::mem_pestat] mean and std.dev: (649.78, 565.15)
[M::mem_pestat] low and high boundaries for proper pairs: (1, 3640)
[M::mem_pestat] analyzing insert size distribution for orientation FR...
[M::mem_pestat] (25, 50, 75) percentile: (269, 353, 454)
[M::mem_pestat] low and high boundaries for computing mean and std.dev: (1, 824)
[M::mem_pestat] mean and std.dev: (361.70, 139.54)
[M::mem_pestat] low and high boundaries for proper pairs: (1, 1009)
[M::mem_pestat] analyzing insert size distribution for orientation RF...
[M::mem_pestat] (25, 50, 75) percentile: (225, 822, 2203)
[M::mem_pestat] low and high boundaries for computing mean and std.dev: (1, 6159)
[M::mem_pestat] mean and std.dev: (1121.75, 1326.49)
[M::mem_pestat] low and high boundaries for proper pairs: (1, 8137)
[M::mem_pestat] analyzing insert size distribution for orientation RR...
[M::mem_pestat] (25, 50, 75) percentile: (281, 479, 1804)
[M::mem_pestat] low and high boundaries for computing mean and std.dev: (1, 4850)
[M::mem_pestat] mean and std.dev: (1139.96, 1241.31)
[M::mem_pestat] low and high boundaries for proper pairs: (1, 6373)
[M::mem_pestat] skip orientation FF
[M::mem_pestat] skip orientation RF
[M::mem_pestat] skip orientation RR
[M::process] read 1066668 sequences (160000200 bp)...
[M::mem_process_seqs] Processed 1066668 reads in 853.805 CPU sec, 55.216 real sec
[M::mem_pestat] # candidate unique pairs for (FF, FR, RF, RR): (30, 223695, 63, 33)
[M::mem_pestat] analyzing insert size distribution for orientation FF...
[M::mem_pestat] (25, 50, 75) percentile: (211, 550, 1068)
[M::mem_pestat] low and high boundaries for computing mean and std.dev: (1, 2782)
[M::mem_pestat] mean and std.dev: (650.71, 663.07)
[M::mem_pestat] low and high boundaries for proper pairs: (1, 3639)
[M::mem_pestat] analyzing insert size distribution for orientation FR...
[M::mem_pestat] (25, 50, 75) percentile: (266, 351, 452)
[M::mem_pestat] low and high boundaries for computing mean and std.dev: (1, 824)
[M::mem_pestat] mean and std.dev: (359.96, 139.60)
[M::mem_pestat] low and high boundaries for proper pairs: (1, 1010)
[M::mem_pestat] analyzing insert size distribution for orientation RF...
[M::mem_pestat] (25, 50, 75) percentile: (262, 1312, 6538)
[M::mem_pestat] low and high boundaries for computing mean and std.dev: (1, 19090)
[M::mem_pestat] mean and std.dev: (3172.10, 3448.50)
[M::mem_pestat] low and high boundaries for proper pairs: (1, 25366)
[M::mem_pestat] analyzing insert size distribution for orientation RR...
[M::mem_pestat] (25, 50, 75) percentile: (281, 463, 1589)
[M::mem_pestat] low and high boundaries for computing mean and std.dev: (1, 4205)
[M::mem_pestat] mean and std.dev: (1081.64, 1233.10)
[M::mem_pestat] low and high boundaries for proper pairs: (1, 6014)
[M::mem_pestat] skip orientation FF
[M::mem_pestat] skip orientation RF
[M::mem_pestat] skip orientation RR
[M::process] read 1066668 sequences (160000200 bp)...
[M::mem_process_seqs] Processed 1066668 reads in 867.018 CPU sec, 55.947 real sec
[M::mem_pestat] # candidate unique pairs for (FF, FR, RF, RR): (39, 223684, 54, 40)
[M::mem_pestat] analyzing insert size distribution for orientation FF...
[M::mem_pestat] (25, 50, 75) percentile: (308, 451, 974)
[M::mem_pestat] low and high boundaries for computing mean and std.dev: (1, 2306)
[M::mem_pestat] mean and std.dev: (616.57, 522.80)
[M::mem_pestat] low and high boundaries for proper pairs: (1, 2972)
[M::mem_pestat] analyzing insert size distribution for orientation FR...
[M::mem_pestat] (25, 50, 75) percentile: (265, 350, 451)
[M::mem_pestat] low and high boundaries for computing mean and std.dev: (1, 823)
[M::mem_pestat] mean and std.dev: (358.97, 140.02)
[M::mem_pestat] low and high boundaries for proper pairs: (1, 1009)
[M::mem_pestat] analyzing insert size distribution for orientation RF...
[M::mem_pestat] (25, 50, 75) percentile: (316, 1541, 2568)
[M::mem_pestat] low and high boundaries for computing mean and std.dev: (1, 7072)
[M::mem_pestat] mean and std.dev: (1914.21, 1923.26)
[M::mem_pestat] low and high boundaries for proper pairs: (1, 9607)
[M::mem_pestat] analyzing insert size distribution for orientation RR...
[M::mem_pestat] (25, 50, 75) percentile: (263, 533, 1188)
[M::mem_pestat] low and high boundaries for computing mean and std.dev: (1, 3038)
[M::mem_pestat] mean and std.dev: (735.21, 649.21)
[M::mem_pestat] low and high boundaries for proper pairs: (1, 3963)
[M::mem_pestat] skip orientation FF
[M::mem_pestat] skip orientation RF
[M::mem_pestat] skip orientation RR
[M::process] read 1066668 sequences (160000200 bp)...
[M::mem_process_seqs] Processed 1066668 reads in 824.506 CPU sec, 53.261 real sec
[M::mem_pestat] # candidate unique pairs for (FF, FR, RF, RR): (36, 222672, 64, 41)
[M::mem_pestat] analyzing insert size distribution for orientation FF...
[M::mem_pestat] (25, 50, 75) percentile: (244, 536, 1319)
[M::mem_pestat] low and high boundaries for computing mean and std.dev: (1, 3469)
[M::mem_pestat] mean and std.dev: (630.81, 560.92)
[M::mem_pestat] low and high boundaries for proper pairs: (1, 4544)
[M::mem_pestat] analyzing insert size distribution for orientation FR...
[M::mem_pestat] (25, 50, 75) percentile: (265, 349, 450)
[M::mem_pestat] low and high boundaries for computing mean and std.dev: (1, 820)
[M::mem_pestat] mean and std.dev: (358.15, 138.95)
[M::mem_pestat] low and high boundaries for proper pairs: (1, 1005)
[M::mem_pestat] analyzing insert size distribution for orientation RF...
[M::mem_pestat] (25, 50, 75) percentile: (611, 2033, 6217)
[M::mem_pestat] low and high boundaries for computing mean and std.dev: (1, 17429)
[M::mem_pestat] mean and std.dev: (3148.58, 3089.03)
[M::mem_pestat] low and high boundaries for proper pairs: (1, 23035)
[M::mem_pestat] analyzing insert size distribution for orientation RR...
[M::mem_pestat] (25, 50, 75) percentile: (186, 752, 1864)
[M::mem_pestat] low and high boundaries for computing mean and std.dev: (1, 5220)
[M::mem_pestat] mean and std.dev: (1046.46, 1139.23)
[M::mem_pestat] low and high boundaries for proper pairs: (1, 6898)
[M::mem_pestat] skip orientation FF
[M::mem_pestat] skip orientation RF
[M::mem_pestat] skip orientation RR
[M::process] read 1066668 sequences (160000200 bp)...
[M::mem_process_seqs] Processed 1066668 reads in 825.807 CPU sec, 53.390 real sec
[M::mem_pestat] # candidate unique pairs for (FF, FR, RF, RR): (36, 221299, 48, 35)
[M::mem_pestat] analyzing insert size distribution for orientation FF...
[M::mem_pestat] (25, 50, 75) percentile: (332, 618, 845)
[M::mem_pestat] low and high boundaries for computing mean and std.dev: (1, 1871)
[M::mem_pestat] mean and std.dev: (551.91, 291.46)
[M::mem_pestat] low and high boundaries for proper pairs: (1, 2384)
[M::mem_pestat] analyzing insert size distribution for orientation FR...
[M::mem_pestat] (25, 50, 75) percentile: (274, 369, 479)
[M::mem_pestat] low and high boundaries for computing mean and std.dev: (1, 889)
[M::mem_pestat] mean and std.dev: (377.12, 149.43)
[M::mem_pestat] low and high boundaries for proper pairs: (1, 1094)
[M::mem_pestat] analyzing insert size distribution for orientation RF...
[M::mem_pestat] (25, 50, 75) percentile: (140, 1622, 6769)
[M::mem_pestat] low and high boundaries for computing mean and std.dev: (1, 20027)
[M::mem_pestat] mean and std.dev: (3328.42, 3354.78)
[M::mem_pestat] low and high boundaries for proper pairs: (1, 26656)
[M::mem_pestat] analyzing insert size distribution for orientation RR...
[M::mem_pestat] (25, 50, 75) percentile: (531, 608, 1761)
[M::mem_pestat] low and high boundaries for computing mean and std.dev: (1, 4221)
[M::mem_pestat] mean and std.dev: (973.47, 807.64)
[M::mem_pestat] low and high boundaries for proper pairs: (1, 5451)
[M::mem_pestat] skip orientation FF
[M::mem_pestat] skip orientation RF
[M::mem_pestat] skip orientation RR
[M::process] read 1066668 sequences (160000200 bp)...
[M::mem_process_seqs] Processed 1066668 reads in 831.773 CPU sec, 53.745 real sec
[M::mem_pestat] # candidate unique pairs for (FF, FR, RF, RR): (45, 221353, 102, 22)
[M::mem_pestat] analyzing insert size distribution for orientation FF...
[M::mem_pestat] (25, 50, 75) percentile: (228, 437, 1122)
[M::mem_pestat] low and high boundaries for computing mean and std.dev: (1, 2910)
[M::mem_pestat] mean and std.dev: (847.69, 778.52)
[M::mem_pestat] low and high boundaries for proper pairs: (1, 3962)
[M::mem_pestat] analyzing insert size distribution for orientation FR...
[M::mem_pestat] (25, 50, 75) percentile: (279, 375, 486)
[M::mem_pestat] low and high boundaries for computing mean and std.dev: (1, 900)
[M::mem_pestat] mean and std.dev: (382.27, 149.81)
[M::mem_pestat] low and high boundaries for proper pairs: (1, 1107)
[M::mem_pestat] analyzing insert size distribution for orientation RF...
[M::mem_pestat] (25, 50, 75) percentile: (427, 938, 2750)
[M::mem_pestat] low and high boundaries for computing mean and std.dev: (1, 7396)
[M::mem_pestat] mean and std.dev: (1592.61, 1792.73)
[M::mem_pestat] low and high boundaries for proper pairs: (1, 9719)
[M::mem_pestat] analyzing insert size distribution for orientation RR...
[M::mem_pestat] (25, 50, 75) percentile: (220, 461, 2294)
[M::mem_pestat] low and high boundaries for computing mean and std.dev: (1, 6442)
[M::mem_pestat] mean and std.dev: (1013.20, 1401.83)
[M::mem_pestat] low and high boundaries for proper pairs: (1, 8516)
[M::mem_pestat] skip orientation FF
[M::mem_pestat] skip orientation RF
[M::mem_pestat] skip orientation RR
[M::process] read 1066668 sequences (160000200 bp)...
[M::mem_process_seqs] Processed 1066668 reads in 829.886 CPU sec, 53.650 real sec
[M::mem_pestat] # candidate unique pairs for (FF, FR, RF, RR): (36, 222115, 68, 24)
[M::mem_pestat] analyzing insert size distribution for orientation FF...
[M::mem_pestat] (25, 50, 75) percentile: (188, 618, 5111)
[M::mem_pestat] low and high boundaries for computing mean and std.dev: (1, 14957)
[M::mem_pestat] mean and std.dev: (2120.39, 2479.88)
[M::mem_pestat] low and high boundaries for proper pairs: (1, 19880)
[M::mem_pestat] analyzing insert size distribution for orientation FR...
[M::mem_pestat] (25, 50, 75) percentile: (271, 363, 474)
[M::mem_pestat] low and high boundaries for computing mean and std.dev: (1, 880)
[M::mem_pestat] mean and std.dev: (373.06, 148.55)
[M::mem_pestat] low and high boundaries for proper pairs: (1, 1083)
[M::mem_pestat] analyzing insert size distribution for orientation RF...
[M::mem_pestat] (25, 50, 75) percentile: (280, 2028, 5255)
[M::mem_pestat] low and high boundaries for computing mean and std.dev: (1, 15205)
[M::mem_pestat] mean and std.dev: (3186.84, 3232.52)
[M::mem_pestat] low and high boundaries for proper pairs: (1, 20180)
[M::mem_pestat] analyzing insert size distribution for orientation RR...
[M::mem_pestat] (25, 50, 75) percentile: (356, 523, 812)
[M::mem_pestat] low and high boundaries for computing mean and std.dev: (1, 1724)
[M::mem_pestat] mean and std.dev: (520.10, 251.08)
[M::mem_pestat] low and high boundaries for proper pairs: (1, 2180)
[M::mem_pestat] skip orientation FF
[M::mem_pestat] skip orientation RF
[M::mem_pestat] skip orientation RR
[M::process] read 1066668 sequences (160000200 bp)...
[M::mem_process_seqs] Processed 1066668 reads in 825.339 CPU sec, 53.367 real sec
[M::mem_pestat] # candidate unique pairs for (FF, FR, RF, RR): (29, 222225, 75, 32)
[M::mem_pestat] analyzing insert size distribution for orientation FF...
[M::mem_pestat] (25, 50, 75) percentile: (232, 487, 2337)
[M::mem_pestat] low and high boundaries for computing mean and std.dev: (1, 6547)
[M::mem_pestat] mean and std.dev: (1184.93, 1535.53)
[M::mem_pestat] low and high boundaries for proper pairs: (1, 8652)
[M::mem_pestat] analyzing insert size distribution for orientation FR...
[M::mem_pestat] (25, 50, 75) percentile: (270, 361, 469)
[M::mem_pestat] low and high boundaries for computing mean and std.dev: (1, 867)
[M::mem_pestat] mean and std.dev: (370.52, 146.38)
[M::mem_pestat] low and high boundaries for proper pairs: (1, 1066)
[M::mem_pestat] analyzing insert size distribution for orientation RF...
[M::mem_pestat] (25, 50, 75) percentile: (278, 2305, 5211)
[M::mem_pestat] low and high boundaries for computing mean and std.dev: (1, 15077)
[M::mem_pestat] mean and std.dev: (2832.79, 2644.62)
[M::mem_pestat] low and high boundaries for proper pairs: (1, 20010)
[M::mem_pestat] analyzing insert size distribution for orientation RR...
[M::mem_pestat] (25, 50, 75) percentile: (190, 291, 1312)
[M::mem_pestat] low and high boundaries for computing mean and std.dev: (1, 3556)
[M::mem_pestat] mean and std.dev: (557.17, 555.12)
[M::mem_pestat] low and high boundaries for proper pairs: (1, 4678)
[M::mem_pestat] skip orientation FF
[M::mem_pestat] skip orientation RF
[M::mem_pestat] skip orientation RR
[M::process] read 1066668 sequences (160000200 bp)...
[M::mem_process_seqs] Processed 1066668 reads in 824.632 CPU sec, 53.573 real sec
[M::mem_pestat] # candidate unique pairs for (FF, FR, RF, RR): (37, 222470, 60, 42)
[M::mem_pestat] analyzing insert size distribution for orientation FF...
[M::mem_pestat] (25, 50, 75) percentile: (201, 336, 1880)
[M::mem_pestat] low and high boundaries for computing mean and std.dev: (1, 5238)
[M::mem_pestat] mean and std.dev: (806.50, 1101.89)
[M::mem_pestat] low and high boundaries for proper pairs: (1, 6917)
[M::mem_pestat] analyzing insert size distribution for orientation FR...
[M::mem_pestat] (25, 50, 75) percentile: (272, 361, 468)
[M::mem_pestat] low and high boundaries for computing mean and std.dev: (1, 860)
[M::mem_pestat] mean and std.dev: (370.66, 145.56)
[M::mem_pestat] low and high boundaries for proper pairs: (1, 1056)
[M::mem_pestat] analyzing insert size distribution for orientation RF...
[M::mem_pestat] (25, 50, 75) percentile: (225, 1035, 3937)
[M::mem_pestat] low and high boundaries for computing mean and std.dev: (1, 11361)
[M::mem_pestat] mean and std.dev: (2056.20, 2470.77)
[M::mem_pestat] low and high boundaries for proper pairs: (1, 15073)
[M::mem_pestat] analyzing insert size distribution for orientation RR...
[M::mem_pestat] (25, 50, 75) percentile: (431, 676, 1033)
[M::mem_pestat] low and high boundaries for computing mean and std.dev: (1, 2237)
[M::mem_pestat] mean and std.dev: (674.49, 411.26)
[M::mem_pestat] low and high boundaries for proper pairs: (1, 2839)
[M::mem_pestat] skip orientation FF
[M::mem_pestat] skip orientation RF
[M::mem_pestat] skip orientation RR
[M::process] read 1066668 sequences (160000200 bp)...
[M::mem_process_seqs] Processed 1066668 reads in 827.689 CPU sec, 53.575 real sec
[M::mem_pestat] # candidate unique pairs for (FF, FR, RF, RR): (58, 222436, 73, 29)
[M::mem_pestat] analyzing insert size distribution for orientation FF...
[M::mem_pestat] (25, 50, 75) percentile: (250, 628, 1589)
[M::mem_pestat] low and high boundaries for computing mean and std.dev: (1, 4267)
[M::mem_pestat] mean and std.dev: (797.09, 830.83)
[M::mem_pestat] low and high boundaries for proper pairs: (1, 5606)
[M::mem_pestat] analyzing insert size distribution for orientation FR...
[M::mem_pestat] (25, 50, 75) percentile: (273, 361, 468)
[M::mem_pestat] low and high boundaries for computing mean and std.dev: (1, 858)
[M::mem_pestat] mean and std.dev: (371.09, 144.40)
[M::mem_pestat] low and high boundaries for proper pairs: (1, 1053)
[M::mem_pestat] analyzing insert size distribution for orientation RF...
[M::mem_pestat] (25, 50, 75) percentile: (366, 1108, 5088)
[M::mem_pestat] low and high boundaries for computing mean and std.dev: (1, 14532)
[M::mem_pestat] mean and std.dev: (2690.93, 3249.94)
[M::mem_pestat] low and high boundaries for proper pairs: (1, 19254)
[M::mem_pestat] analyzing insert size distribution for orientation RR...
[M::mem_pestat] (25, 50, 75) percentile: (219, 609, 1034)
[M::mem_pestat] low and high boundaries for computing mean and std.dev: (1, 2664)
[M::mem_pestat] mean and std.dev: (608.54, 518.72)
[M::mem_pestat] low and high boundaries for proper pairs: (1, 3479)
[M::mem_pestat] skip orientation FF
[M::mem_pestat] skip orientation RF
[M::mem_pestat] skip orientation RR
[M::process] read 1066668 sequences (160000200 bp)...
[M::mem_process_seqs] Processed 1066668 reads in 832.751 CPU sec, 53.799 real sec
[M::mem_pestat] # candidate unique pairs for (FF, FR, RF, RR): (34, 223485, 64, 23)
[M::mem_pestat] analyzing insert size distribution for orientation FF...
[M::mem_pestat] (25, 50, 75) percentile: (217, 410, 775)
[M::mem_pestat] low and high boundaries for computing mean and std.dev: (1, 1891)
[M::mem_pestat] mean and std.dev: (527.87, 479.26)
[M::mem_pestat] low and high boundaries for proper pairs: (1, 2449)
[M::mem_pestat] analyzing insert size distribution for orientation FR...
[M::mem_pestat] (25, 50, 75) percentile: (272, 360, 466)
[M::mem_pestat] low and high boundaries for computing mean and std.dev: (1, 854)
[M::mem_pestat] mean and std.dev: (370.28, 144.61)
[M::mem_pestat] low and high boundaries for proper pairs: (1, 1048)
[M::mem_pestat] analyzing insert size distribution for orientation RF...
[M::mem_pestat] (25, 50, 75) percentile: (372, 3521, 6206)
[M::mem_pestat] low and high boundaries for computing mean and std.dev: (1, 17874)
[M::mem_pestat] mean and std.dev: (3604.48, 3188.78)
[M::mem_pestat] low and high boundaries for proper pairs: (1, 23708)
[M::mem_pestat] analyzing insert size distribution for orientation RR...
[M::mem_pestat] (25, 50, 75) percentile: (426, 654, 1502)
[M::mem_pestat] low and high boundaries for computing mean and std.dev: (1, 3654)
[M::mem_pestat] mean and std.dev: (950.95, 854.29)
[M::mem_pestat] low and high boundaries for proper pairs: (1, 4730)
[M::mem_pestat] skip orientation FF
[M::mem_pestat] skip orientation RF
[M::mem_pestat] skip orientation RR
[M::mem_process_seqs] Processed 1066668 reads in 829.921 CPU sec, 56.635 real sec
[M::process] read 1066668 sequences (160000200 bp)...
[M::process] read 1066668 sequences (160000200 bp)...
[M::mem_pestat] # candidate unique pairs for (FF, FR, RF, RR): (33, 222931, 66, 29)
[M::mem_pestat] analyzing insert size distribution for orientation FF...
[M::mem_pestat] (25, 50, 75) percentile: (299, 474, 1895)
[M::mem_pestat] low and high boundaries for computing mean and std.dev: (1, 5087)
[M::mem_pestat] mean and std.dev: (875.97, 781.35)
[M::mem_pestat] low and high boundaries for proper pairs: (1, 6683)
[M::mem_pestat] analyzing insert size distribution for orientation FR...
[M::mem_pestat] (25, 50, 75) percentile: (268, 358, 469)
[M::mem_pestat] low and high boundaries for computing mean and std.dev: (1, 871)
[M::mem_pestat] mean and std.dev: (369.60, 148.21)
[M::mem_pestat] low and high boundaries for proper pairs: (1, 1072)
[M::mem_pestat] analyzing insert size distribution for orientation RF...
[M::mem_pestat] (25, 50, 75) percentile: (276, 990, 4603)
[M::mem_pestat] low and high boundaries for computing mean and std.dev: (1, 13257)
[M::mem_pestat] mean and std.dev: (2738.30, 3272.21)
[M::mem_pestat] low and high boundaries for proper pairs: (1, 17584)
[M::mem_pestat] analyzing insert size distribution for orientation RR...
[M::mem_pestat] (25, 50, 75) percentile: (291, 780, 2527)
[M::mem_pestat] low and high boundaries for computing mean and std.dev: (1, 6999)
[M::mem_pestat] mean and std.dev: (1276.90, 1230.64)
[M::mem_pestat] low and high boundaries for proper pairs: (1, 9235)
[M::mem_pestat] skip orientation FF
[M::mem_pestat] skip orientation RF
[M::mem_pestat] skip orientation RR
[M::mem_process_seqs] Processed 1066668 reads in 844.158 CPU sec, 54.485 real sec
[M::mem_pestat] # candidate unique pairs for (FF, FR, RF, RR): (34, 221214, 83, 44)
[M::mem_pestat] analyzing insert size distribution for orientation FF...
[M::mem_pestat] (25, 50, 75) percentile: (318, 561, 1660)
[M::mem_pestat] low and high boundaries for computing mean and std.dev: (1, 4344)
[M::mem_pestat] mean and std.dev: (918.00, 879.04)
[M::mem_pestat] low and high boundaries for proper pairs: (1, 5686)
[M::mem_pestat] analyzing insert size distribution for orientation FR...
[M::mem_pestat] (25, 50, 75) percentile: (269, 364, 478)
[M::mem_pestat] low and high boundaries for computing mean and std.dev: (1, 896)
[M::mem_pestat] mean and std.dev: (374.21, 151.47)
[M::mem_pestat] low and high boundaries for proper pairs: (1, 1105)
[M::mem_pestat] analyzing insert size distribution for orientation RF...
[M::mem_pestat] (25, 50, 75) percentile: (511, 2319, 6800)
[M::mem_pestat] low and high boundaries for computing mean and std.dev: (1, 19378)
[M::mem_pestat] mean and std.dev: (3460.78, 3207.00)
[M::mem_pestat] low and high boundaries for proper pairs: (1, 25667)
[M::mem_pestat] analyzing insert size distribution for orientation RR...
[M::mem_pestat] (25, 50, 75) percentile: (293, 436, 682)
[M::mem_pestat] low and high boundaries for computing mean and std.dev: (1, 1460)
[M::mem_pestat] mean and std.dev: (413.16, 272.66)
[M::mem_pestat] low and high boundaries for proper pairs: (1, 1849)
[M::mem_pestat] skip orientation FF
[M::mem_pestat] skip orientation RF
[M::mem_pestat] skip orientation RR
[M::process] read 1066668 sequences (160000200 bp)...
[M::mem_process_seqs] Processed 1066668 reads in 832.825 CPU sec, 54.251 real sec
[M::mem_pestat] # candidate unique pairs for (FF, FR, RF, RR): (32, 221600, 72, 33)
[M::mem_pestat] analyzing insert size distribution for orientation FF...
[M::mem_pestat] (25, 50, 75) percentile: (225, 443, 994)
[M::mem_pestat] low and high boundaries for computing mean and std.dev: (1, 2532)
[M::mem_pestat] mean and std.dev: (488.00, 402.66)
[M::mem_pestat] low and high boundaries for proper pairs: (1, 3301)
[M::mem_pestat] analyzing insert size distribution for orientation FR...
[M::mem_pestat] (25, 50, 75) percentile: (269, 363, 477)
[M::mem_pestat] low and high boundaries for computing mean and std.dev: (1, 893)
[M::mem_pestat] mean and std.dev: (373.78, 151.01)
[M::mem_pestat] low and high boundaries for proper pairs: (1, 1101)
[M::mem_pestat] analyzing insert size distribution for orientation RF...
[M::mem_pestat] (25, 50, 75) percentile: (327, 1181, 6186)
[M::mem_pestat] low and high boundaries for computing mean and std.dev: (1, 17904)
[M::mem_pestat] mean and std.dev: (3122.86, 3193.82)
[M::mem_pestat] low and high boundaries for proper pairs: (1, 23763)
[M::mem_pestat] analyzing insert size distribution for orientation RR...
[M::mem_pestat] (25, 50, 75) percentile: (291, 449, 931)
[M::mem_pestat] low and high boundaries for computing mean and std.dev: (1, 2211)
[M::mem_pestat] mean and std.dev: (549.62, 441.65)
[M::mem_pestat] low and high boundaries for proper pairs: (1, 2851)
[M::mem_pestat] skip orientation FF
[M::mem_pestat] skip orientation RF
[M::mem_pestat] skip orientation RR
[M::process] read 1066668 sequences (160000200 bp)...
[M::mem_process_seqs] Processed 1066668 reads in 837.311 CPU sec, 54.500 real sec
[M::mem_pestat] # candidate unique pairs for (FF, FR, RF, RR): (42, 221617, 67, 35)
[M::mem_pestat] analyzing insert size distribution for orientation FF...
[M::mem_pestat] (25, 50, 75) percentile: (181, 476, 1175)
[M::mem_pestat] low and high boundaries for computing mean and std.dev: (1, 3163)
[M::mem_pestat] mean and std.dev: (572.55, 591.76)
[M::mem_pestat] low and high boundaries for proper pairs: (1, 4157)
[M::mem_pestat] analyzing insert size distribution for orientation FR...
[M::mem_pestat] (25, 50, 75) percentile: (270, 363, 476)
[M::mem_pestat] low and high boundaries for computing mean and std.dev: (1, 888)
[M::mem_pestat] mean and std.dev: (374.12, 150.17)
[M::mem_pestat] low and high boundaries for proper pairs: (1, 1094)
[M::mem_pestat] analyzing insert size distribution for orientation RF...
[M::mem_pestat] (25, 50, 75) percentile: (322, 1333, 4298)
[M::mem_pestat] low and high boundaries for computing mean and std.dev: (1, 12250)
[M::mem_pestat] mean and std.dev: (2609.82, 2913.49)
[M::mem_pestat] low and high boundaries for proper pairs: (1, 16226)
[M::mem_pestat] analyzing insert size distribution for orientation RR...
[M::mem_pestat] (25, 50, 75) percentile: (290, 399, 836)
[M::mem_pestat] low and high boundaries for computing mean and std.dev: (1, 1928)
[M::mem_pestat] mean and std.dev: (393.00, 203.97)
[M::mem_pestat] low and high boundaries for proper pairs: (1, 2474)
[M::mem_pestat] skip orientation FF
[M::mem_pestat] skip orientation RF
[M::mem_pestat] skip orientation RR
[M::process] read 1066668 sequences (160000200 bp)...
[M::mem_process_seqs] Processed 1066668 reads in 837.966 CPU sec, 54.649 real sec
[M::mem_pestat] # candidate unique pairs for (FF, FR, RF, RR): (46, 222670, 84, 59)
[M::mem_pestat] analyzing insert size distribution for orientation FF...
[M::mem_pestat] (25, 50, 75) percentile: (265, 499, 1008)
[M::mem_pestat] low and high boundaries for computing mean and std.dev: (1, 2494)
[M::mem_pestat] mean and std.dev: (639.02, 576.32)
[M::mem_pestat] low and high boundaries for proper pairs: (1, 3237)
[M::mem_pestat] analyzing insert size distribution for orientation FR...
[M::mem_pestat] (25, 50, 75) percentile: (270, 362, 473)
[M::mem_pestat] low and high boundaries for computing mean and std.dev: (1, 879)
[M::mem_pestat] mean and std.dev: (372.26, 148.87)
[M::mem_pestat] low and high boundaries for proper pairs: (1, 1082)
[M::mem_pestat] analyzing insert size distribution for orientation RF...
[M::mem_pestat] (25, 50, 75) percentile: (295, 1372, 5294)
[M::mem_pestat] low and high boundaries for computing mean and std.dev: (1, 15292)
[M::mem_pestat] mean and std.dev: (2862.37, 3117.61)
[M::mem_pestat] low and high boundaries for proper pairs: (1, 20291)
[M::mem_pestat] analyzing insert size distribution for orientation RR...
[M::mem_pestat] (25, 50, 75) percentile: (276, 573, 898)
[M::mem_pestat] low and high boundaries for computing mean and std.dev: (1, 2142)
[M::mem_pestat] mean and std.dev: (590.55, 523.39)
[M::mem_pestat] low and high boundaries for proper pairs: (1, 2764)
[M::mem_pestat] skip orientation FF
[M::mem_pestat] skip orientation RF
[M::mem_pestat] skip orientation RR
[M::process] read 1066668 sequences (160000200 bp)...
[M::mem_process_seqs] Processed 1066668 reads in 833.147 CPU sec, 54.142 real sec
[M::process] read 1066668 sequences (160000200 bp)...
[M::mem_pestat] # candidate unique pairs for (FF, FR, RF, RR): (35, 222512, 89, 23)
[M::mem_pestat] analyzing insert size distribution for orientation FF...
[M::mem_pestat] (25, 50, 75) percentile: (337, 991, 2334)
[M::mem_pestat] low and high boundaries for computing mean and std.dev: (1, 6328)
[M::mem_pestat] mean and std.dev: (1545.00, 1504.47)
[M::mem_pestat] low and high boundaries for proper pairs: (1, 8325)
[M::mem_pestat] analyzing insert size distribution for orientation FR...
[M::mem_pestat] (25, 50, 75) percentile: (276, 369, 481)
[M::mem_pestat] low and high boundaries for computing mean and std.dev: (1, 891)
[M::mem_pestat] mean and std.dev: (378.92, 150.10)
[M::mem_pestat] low and high boundaries for proper pairs: (1, 1096)
[M::mem_pestat] analyzing insert size distribution for orientation RF...
[M::mem_pestat] (25, 50, 75) percentile: (291, 1094, 4775)
[M::mem_pestat] low and high boundaries for computing mean and std.dev: (1, 13743)
[M::mem_pestat] mean and std.dev: (2721.67, 2999.13)
[M::mem_pestat] low and high boundaries for proper pairs: (1, 18227)
[M::mem_pestat] analyzing insert size distribution for orientation RR...
[M::mem_pestat] (25, 50, 75) percentile: (250, 361, 673)
[M::mem_pestat] low and high boundaries for computing mean and std.dev: (1, 1519)
[M::mem_pestat] mean and std.dev: (329.05, 165.10)
[M::mem_pestat] low and high boundaries for proper pairs: (1, 1942)
[M::mem_pestat] skip orientation FF
[M::mem_pestat] skip orientation RF
[M::mem_pestat] skip orientation RR
[M::mem_process_seqs] Processed 1066668 reads in 834.663 CPU sec, 54.260 real sec
[M::mem_pestat] # candidate unique pairs for (FF, FR, RF, RR): (42, 222279, 78, 37)
[M::mem_pestat] analyzing insert size distribution for orientation FF...
[M::mem_pestat] (25, 50, 75) percentile: (293, 531, 1382)
[M::mem_pestat] low and high boundaries for computing mean and std.dev: (1, 3560)
[M::mem_pestat] mean and std.dev: (788.23, 616.69)
[M::mem_pestat] low and high boundaries for proper pairs: (1, 4649)
[M::mem_pestat] analyzing insert size distribution for orientation FR...
[M::mem_pestat] (25, 50, 75) percentile: (273, 363, 473)
[M::mem_pestat] low and high boundaries for computing mean and std.dev: (1, 873)
[M::mem_pestat] mean and std.dev: (373.75, 147.89)
[M::mem_pestat] low and high boundaries for proper pairs: (1, 1073)
[M::mem_pestat] analyzing insert size distribution for orientation RF...
[M::mem_pestat] (25, 50, 75) percentile: (319, 1066, 3890)
[M::mem_pestat] low and high boundaries for computing mean and std.dev: (1, 11032)
[M::mem_pestat] mean and std.dev: (2544.79, 2851.09)
[M::mem_pestat] low and high boundaries for proper pairs: (1, 14603)
[M::mem_pestat] analyzing insert size distribution for orientation RR...
[M::mem_pestat] (25, 50, 75) percentile: (251, 532, 1037)
[M::mem_pestat] low and high boundaries for computing mean and std.dev: (1, 2609)
[M::mem_pestat] mean and std.dev: (552.03, 407.49)
[M::mem_pestat] low and high boundaries for proper pairs: (1, 3395)
[M::mem_pestat] skip orientation FF
[M::mem_pestat] skip orientation RF
[M::mem_pestat] skip orientation RR
[M::process] read 1066668 sequences (160000200 bp)...
[M::mem_process_seqs] Processed 1066668 reads in 833.504 CPU sec, 53.887 real sec
[M::mem_pestat] # candidate unique pairs for (FF, FR, RF, RR): (43, 222297, 63, 34)
[M::mem_pestat] analyzing insert size distribution for orientation FF...
[M::mem_pestat] (25, 50, 75) percentile: (238, 814, 1876)
[M::mem_pestat] low and high boundaries for computing mean and std.dev: (1, 5152)
[M::mem_pestat] mean and std.dev: (989.02, 821.24)
[M::mem_pestat] low and high boundaries for proper pairs: (1, 6790)
[M::mem_pestat] analyzing insert size distribution for orientation FR...
[M::mem_pestat] (25, 50, 75) percentile: (272, 362, 474)
[M::mem_pestat] low and high boundaries for computing mean and std.dev: (1, 878)
[M::mem_pestat] mean and std.dev: (374.39, 149.09)
[M::mem_pestat] low and high boundaries for proper pairs: (1, 1080)
[M::mem_pestat] analyzing insert size distribution for orientation RF...
[M::mem_pestat] (25, 50, 75) percentile: (497, 1217, 4183)
[M::mem_pestat] low and high boundaries for computing mean and std.dev: (1, 11555)
[M::mem_pestat] mean and std.dev: (2699.56, 2907.20)
[M::mem_pestat] low and high boundaries for proper pairs: (1, 15241)
[M::mem_pestat] analyzing insert size distribution for orientation RR...
[M::mem_pestat] (25, 50, 75) percentile: (222, 950, 3905)
[M::mem_pestat] low and high boundaries for computing mean and std.dev: (1, 11271)
[M::mem_pestat] mean and std.dev: (2390.35, 2825.42)
[M::mem_pestat] low and high boundaries for proper pairs: (1, 14954)
[M::mem_pestat] skip orientation FF
[M::mem_pestat] skip orientation RF
[M::mem_pestat] skip orientation RR
[M::process] read 1066668 sequences (160000200 bp)...
[M::mem_process_seqs] Processed 1066668 reads in 834.692 CPU sec, 54.149 real sec
[M::mem_pestat] # candidate unique pairs for (FF, FR, RF, RR): (32, 219992, 91, 29)
[M::mem_pestat] analyzing insert size distribution for orientation FF...
[M::mem_pestat] (25, 50, 75) percentile: (232, 613, 942)
[M::mem_pestat] low and high boundaries for computing mean and std.dev: (1, 2362)
[M::mem_pestat] mean and std.dev: (521.73, 405.10)
[M::mem_pestat] low and high boundaries for proper pairs: (1, 3072)
[M::mem_pestat] analyzing insert size distribution for orientation FR...
[M::mem_pestat] (25, 50, 75) percentile: (263, 355, 468)
[M::mem_pestat] low and high boundaries for computing mean and std.dev: (1, 878)
[M::mem_pestat] mean and std.dev: (367.09, 150.09)
[M::mem_pestat] low and high boundaries for proper pairs: (1, 1083)
[M::mem_pestat] analyzing insert size distribution for orientation RF...
[M::mem_pestat] (25, 50, 75) percentile: (292, 1126, 5369)
[M::mem_pestat] low and high boundaries for computing mean and std.dev: (1, 15523)
[M::mem_pestat] mean and std.dev: (2525.76, 3022.64)
[M::mem_pestat] low and high boundaries for proper pairs: (1, 20600)
[M::mem_pestat] analyzing insert size distribution for orientation RR...
[M::mem_pestat] (25, 50, 75) percentile: (317, 396, 818)
[M::mem_pestat] low and high boundaries for computing mean and std.dev: (1, 1820)
[M::mem_pestat] mean and std.dev: (496.84, 347.14)
[M::mem_pestat] low and high boundaries for proper pairs: (1, 2321)
[M::mem_pestat] skip orientation FF
[M::mem_pestat] skip orientation RF
[M::mem_pestat] skip orientation RR
[M::process] read 1066668 sequences (160000200 bp)...
[M::mem_process_seqs] Processed 1066668 reads in 841.608 CPU sec, 54.719 real sec
[M::mem_pestat] # candidate unique pairs for (FF, FR, RF, RR): (16, 220975, 50, 27)
[M::mem_pestat] analyzing insert size distribution for orientation FF...
[M::mem_pestat] (25, 50, 75) percentile: (220, 291, 767)
[M::mem_pestat] low and high boundaries for computing mean and std.dev: (1, 1861)
[M::mem_pestat] mean and std.dev: (287.85, 174.37)
[M::mem_pestat] low and high boundaries for proper pairs: (1, 2408)
[M::mem_pestat] analyzing insert size distribution for orientation FR...
[M::mem_pestat] (25, 50, 75) percentile: (268, 360, 474)
[M::mem_pestat] low and high boundaries for computing mean and std.dev: (1, 886)
[M::mem_pestat] mean and std.dev: (371.88, 150.90)
[M::mem_pestat] low and high boundaries for proper pairs: (1, 1092)
[M::mem_pestat] analyzing insert size distribution for orientation RF...
[M::mem_pestat] (25, 50, 75) percentile: (478, 1292, 3960)
[M::mem_pestat] low and high boundaries for computing mean and std.dev: (1, 10924)
[M::mem_pestat] mean and std.dev: (2450.66, 2705.23)
[M::mem_pestat] low and high boundaries for proper pairs: (1, 14406)
[M::mem_pestat] analyzing insert size distribution for orientation RR...
[M::mem_pestat] (25, 50, 75) percentile: (227, 281, 764)
[M::mem_pestat] low and high boundaries for computing mean and std.dev: (1, 1838)
[M::mem_pestat] mean and std.dev: (346.43, 210.78)
[M::mem_pestat] low and high boundaries for proper pairs: (1, 2375)
[M::mem_pestat] skip orientation FF
[M::mem_pestat] skip orientation RF
[M::mem_pestat] skip orientation RR
[M::process] read 1066668 sequences (160000200 bp)...
[M::mem_process_seqs] Processed 1066668 reads in 847.194 CPU sec, 55.438 real sec
[M::mem_pestat] # candidate unique pairs for (FF, FR, RF, RR): (32, 219955, 76, 29)
[M::mem_pestat] analyzing insert size distribution for orientation FF...
[M::mem_pestat] (25, 50, 75) percentile: (183, 509, 2679)
[M::mem_pestat] low and high boundaries for computing mean and std.dev: (1, 7671)
[M::mem_pestat] mean and std.dev: (1300.28, 1716.40)
[M::mem_pestat] low and high boundaries for proper pairs: (1, 10167)
[M::mem_pestat] analyzing insert size distribution for orientation FR...
[M::mem_pestat] (25, 50, 75) percentile: (263, 355, 466)
[M::mem_pestat] low and high boundaries for computing mean and std.dev: (1, 872)
[M::mem_pestat] mean and std.dev: (365.42, 148.76)
[M::mem_pestat] low and high boundaries for proper pairs: (1, 1075)
[M::mem_pestat] analyzing insert size distribution for orientation RF...
[M::mem_pestat] (25, 50, 75) percentile: (221, 2857, 6463)
[M::mem_pestat] low and high boundaries for computing mean and std.dev: (1, 18947)
[M::mem_pestat] mean and std.dev: (3465.33, 3133.07)
[M::mem_pestat] low and high boundaries for proper pairs: (1, 25189)
[M::mem_pestat] analyzing insert size distribution for orientation RR...
[M::mem_pestat] (25, 50, 75) percentile: (272, 556, 1869)
[M::mem_pestat] low and high boundaries for computing mean and std.dev: (1, 5063)
[M::mem_pestat] mean and std.dev: (1045.82, 1074.75)
[M::mem_pestat] low and high boundaries for proper pairs: (1, 6660)
[M::mem_pestat] skip orientation FF
[M::mem_pestat] skip orientation RF
[M::mem_pestat] skip orientation RR
[M::process] read 1066668 sequences (160000200 bp)...
[M::mem_process_seqs] Processed 1066668 reads in 846.332 CPU sec, 56.137 real sec
[M::mem_pestat] # candidate unique pairs for (FF, FR, RF, RR): (56, 220599, 76, 40)
[M::mem_pestat] analyzing insert size distribution for orientation FF...
[M::mem_pestat] (25, 50, 75) percentile: (310, 558, 1344)
[M::mem_pestat] low and high boundaries for computing mean and std.dev: (1, 3412)
[M::mem_pestat] mean and std.dev: (795.00, 712.79)
[M::mem_pestat] low and high boundaries for proper pairs: (1, 4446)
[M::mem_pestat] analyzing insert size distribution for orientation FR...
[M::mem_pestat] (25, 50, 75) percentile: (266, 357, 470)
[M::mem_pestat] low and high boundaries for computing mean and std.dev: (1, 878)
[M::mem_pestat] mean and std.dev: (368.93, 149.64)
[M::mem_pestat] low and high boundaries for proper pairs: (1, 1082)
[M::mem_pestat] analyzing insert size distribution for orientation RF...
[M::mem_pestat] (25, 50, 75) percentile: (420, 2771, 5861)
[M::mem_pestat] low and high boundaries for computing mean and std.dev: (1, 16743)
[M::mem_pestat] mean and std.dev: (3222.89, 3135.51)
[M::mem_pestat] low and high boundaries for proper pairs: (1, 22184)
[M::mem_pestat] analyzing insert size distribution for orientation RR...
[M::mem_pestat] (25, 50, 75) percentile: (239, 371, 1175)
[M::mem_pestat] low and high boundaries for computing mean and std.dev: (1, 3047)
[M::mem_pestat] mean and std.dev: (793.37, 923.72)
[M::mem_pestat] low and high boundaries for proper pairs: (1, 4488)
[M::mem_pestat] skip orientation FF
[M::mem_pestat] skip orientation RF
[M::mem_pestat] skip orientation RR
[M::process] read 1066668 sequences (160000200 bp)...
[M::mem_process_seqs] Processed 1066668 reads in 843.693 CPU sec, 55.924 real sec
[M::mem_pestat] # candidate unique pairs for (FF, FR, RF, RR): (33, 222720, 80, 34)
[M::mem_pestat] analyzing insert size distribution for orientation FF...
[M::mem_pestat] (25, 50, 75) percentile: (314, 487, 2133)
[M::mem_pestat] low and high boundaries for computing mean and std.dev: (1, 5771)
[M::mem_pestat] mean and std.dev: (796.07, 922.29)
[M::mem_pestat] low and high boundaries for proper pairs: (1, 7590)
[M::mem_pestat] analyzing insert size distribution for orientation FR...
[M::mem_pestat] (25, 50, 75) percentile: (273, 367, 481)
[M::mem_pestat] low and high boundaries for computing mean and std.dev: (1, 897)
[M::mem_pestat] mean and std.dev: (378.23, 151.85)
[M::mem_pestat] low and high boundaries for proper pairs: (1, 1105)
[M::mem_pestat] analyzing insert size distribution for orientation RF...
[M::mem_pestat] (25, 50, 75) percentile: (145, 723, 3427)
[M::mem_pestat] low and high boundaries for computing mean and std.dev: (1, 9991)
[M::mem_pestat] mean and std.dev: (1926.26, 2456.80)
[M::mem_pestat] low and high boundaries for proper pairs: (1, 13273)
[M::mem_pestat] analyzing insert size distribution for orientation RR...
[M::mem_pestat] (25, 50, 75) percentile: (257, 369, 888)
[M::mem_pestat] low and high boundaries for computing mean and std.dev: (1, 2150)
[M::mem_pestat] mean and std.dev: (470.43, 381.74)
[M::mem_pestat] low and high boundaries for proper pairs: (1, 2781)
[M::mem_pestat] skip orientation FF
[M::mem_pestat] skip orientation RF
[M::mem_pestat] skip orientation RR
[M::process] read 1066668 sequences (160000200 bp)...
[M::mem_process_seqs] Processed 1066668 reads in 842.291 CPU sec, 55.314 real sec
[M::mem_pestat] # candidate unique pairs for (FF, FR, RF, RR): (48, 221476, 74, 36)
[M::mem_pestat] analyzing insert size distribution for orientation FF...
[M::mem_pestat] (25, 50, 75) percentile: (319, 936, 2106)
[M::mem_pestat] low and high boundaries for computing mean and std.dev: (1, 5680)
[M::mem_pestat] mean and std.dev: (840.67, 657.62)
[M::mem_pestat] low and high boundaries for proper pairs: (1, 7467)
[M::mem_pestat] analyzing insert size distribution for orientation FR...
[M::mem_pestat] (25, 50, 75) percentile: (272, 363, 473)
[M::mem_pestat] low and high boundaries for computing mean and std.dev: (1, 875)
[M::mem_pestat] mean and std.dev: (373.71, 148.58)
[M::mem_pestat] low and high boundaries for proper pairs: (1, 1076)
[M::mem_pestat] analyzing insert size distribution for orientation RF...
[M::mem_pestat] (25, 50, 75) percentile: (584, 1727, 4041)
[M::mem_pestat] low and high boundaries for computing mean and std.dev: (1, 10955)
[M::mem_pestat] mean and std.dev: (3001.50, 3162.39)
[M::mem_pestat] low and high boundaries for proper pairs: (1, 15651)
[M::mem_pestat] analyzing insert size distribution for orientation RR...
[M::mem_pestat] (25, 50, 75) percentile: (301, 776, 2105)
[M::mem_pestat] low and high boundaries for computing mean and std.dev: (1, 5713)
[M::mem_pestat] mean and std.dev: (1092.30, 1156.20)
[M::mem_pestat] low and high boundaries for proper pairs: (1, 7517)
[M::mem_pestat] skip orientation FF
[M::mem_pestat] skip orientation RF
[M::mem_pestat] skip orientation RR
[M::process] read 1066668 sequences (160000200 bp)...
[M::mem_process_seqs] Processed 1066668 reads in 848.215 CPU sec, 55.177 real sec
[M::mem_pestat] # candidate unique pairs for (FF, FR, RF, RR): (46, 222587, 65, 34)
[M::mem_pestat] analyzing insert size distribution for orientation FF...
[M::mem_pestat] (25, 50, 75) percentile: (245, 473, 2161)
[M::mem_pestat] low and high boundaries for computing mean and std.dev: (1, 5993)
[M::mem_pestat] mean and std.dev: (995.51, 1186.30)
[M::mem_pestat] low and high boundaries for proper pairs: (1, 7909)
[M::mem_pestat] analyzing insert size distribution for orientation FR...
[M::mem_pestat] (25, 50, 75) percentile: (272, 362, 473)
[M::mem_pestat] low and high boundaries for computing mean and std.dev: (1, 875)
[M::mem_pestat] mean and std.dev: (373.56, 148.24)
[M::mem_pestat] low and high boundaries for proper pairs: (1, 1076)
[M::mem_pestat] analyzing insert size distribution for orientation RF...
[M::mem_pestat] (25, 50, 75) percentile: (513, 1177, 3855)
[M::mem_pestat] low and high boundaries for computing mean and std.dev: (1, 10539)
[M::mem_pestat] mean and std.dev: (2461.86, 2818.59)
[M::mem_pestat] low and high boundaries for proper pairs: (1, 13881)
[M::mem_pestat] analyzing insert size distribution for orientation RR...
[M::mem_pestat] (25, 50, 75) percentile: (196, 358, 492)
[M::mem_pestat] low and high boundaries for computing mean and std.dev: (1, 1084)
[M::mem_pestat] mean and std.dev: (357.55, 229.40)
[M::mem_pestat] low and high boundaries for proper pairs: (1, 1380)
[M::mem_pestat] skip orientation FF
[M::mem_pestat] skip orientation RF
[M::mem_pestat] skip orientation RR
[M::process] read 1066668 sequences (160000200 bp)...
[M::mem_process_seqs] Processed 1066668 reads in 855.075 CPU sec, 55.789 real sec
[M::mem_pestat] # candidate unique pairs for (FF, FR, RF, RR): (32, 220539, 62, 26)
[M::mem_pestat] analyzing insert size distribution for orientation FF...
[M::mem_pestat] (25, 50, 75) percentile: (302, 517, 3674)
[M::mem_pestat] low and high boundaries for computing mean and std.dev: (1, 10418)
[M::mem_pestat] mean and std.dev: (1967.28, 2833.68)
[M::mem_pestat] low and high boundaries for proper pairs: (1, 13790)
[M::mem_pestat] analyzing insert size distribution for orientation FR...
[M::mem_pestat] (25, 50, 75) percentile: (266, 359, 472)
[M::mem_pestat] low and high boundaries for computing mean and std.dev: (1, 884)
[M::mem_pestat] mean and std.dev: (370.09, 150.53)
[M::mem_pestat] low and high boundaries for proper pairs: (1, 1090)
[M::mem_pestat] analyzing insert size distribution for orientation RF...
[M::mem_pestat] (25, 50, 75) percentile: (191, 1121, 2640)
[M::mem_pestat] low and high boundaries for computing mean and std.dev: (1, 7538)
[M::mem_pestat] mean and std.dev: (1508.39, 1916.69)
[M::mem_pestat] low and high boundaries for proper pairs: (1, 9987)
[M::mem_pestat] analyzing insert size distribution for orientation RR...
[M::mem_pestat] (25, 50, 75) percentile: (320, 405, 803)
[M::mem_pestat] low and high boundaries for computing mean and std.dev: (1, 1769)
[M::mem_pestat] mean and std.dev: (433.29, 204.42)
[M::mem_pestat] low and high boundaries for proper pairs: (1, 2252)
[M::mem_pestat] skip orientation FF
[M::mem_pestat] skip orientation RF
[M::mem_pestat] skip orientation RR
[M::process] read 1066668 sequences (160000200 bp)...
[M::mem_process_seqs] Processed 1066668 reads in 855.610 CPU sec, 56.285 real sec
[M::mem_pestat] # candidate unique pairs for (FF, FR, RF, RR): (34, 221164, 91, 33)
[M::mem_pestat] analyzing insert size distribution for orientation FF...
[M::mem_pestat] (25, 50, 75) percentile: (179, 361, 696)
[M::mem_pestat] low and high boundaries for computing mean and std.dev: (1, 1730)
[M::mem_pestat] mean and std.dev: (378.00, 310.57)
[M::mem_pestat] low and high boundaries for proper pairs: (1, 2247)
[M::mem_pestat] analyzing insert size distribution for orientation FR...
[M::mem_pestat] (25, 50, 75) percentile: (270, 364, 478)
[M::mem_pestat] low and high boundaries for computing mean and std.dev: (1, 894)
[M::mem_pestat] mean and std.dev: (374.11, 150.93)
[M::mem_pestat] low and high boundaries for proper pairs: (1, 1102)
[M::mem_pestat] analyzing insert size distribution for orientation RF...
[M::mem_pestat] (25, 50, 75) percentile: (309, 1978, 5664)
[M::mem_pestat] low and high boundaries for computing mean and std.dev: (1, 16374)
[M::mem_pestat] mean and std.dev: (2984.43, 2926.12)
[M::mem_pestat] low and high boundaries for proper pairs: (1, 21729)
[M::mem_pestat] analyzing insert size distribution for orientation RR...
[M::mem_pestat] (25, 50, 75) percentile: (386, 564, 730)
[M::mem_pestat] low and high boundaries for computing mean and std.dev: (1, 1418)
[M::mem_pestat] mean and std.dev: (531.69, 321.20)
[M::mem_pestat] low and high boundaries for proper pairs: (1, 1816)
[M::mem_pestat] skip orientation FF
[M::mem_pestat] skip orientation RF
[M::mem_pestat] skip orientation RR
[M::process] read 1066668 sequences (160000200 bp)...
[M::mem_process_seqs] Processed 1066668 reads in 841.796 CPU sec, 55.104 real sec
[M::mem_pestat] # candidate unique pairs for (FF, FR, RF, RR): (50, 221405, 66, 31)
[M::mem_pestat] analyzing insert size distribution for orientation FF...
[M::mem_pestat] (25, 50, 75) percentile: (292, 857, 1574)
[M::mem_pestat] low and high boundaries for computing mean and std.dev: (1, 4138)
[M::mem_pestat] mean and std.dev: (862.09, 727.14)
[M::mem_pestat] low and high boundaries for proper pairs: (1, 5420)
[M::mem_pestat] analyzing insert size distribution for orientation FR...
[M::mem_pestat] (25, 50, 75) percentile: (266, 359, 470)
[M::mem_pestat] low and high boundaries for computing mean and std.dev: (1, 878)
[M::mem_pestat] mean and std.dev: (369.51, 149.81)
[M::mem_pestat] low and high boundaries for proper pairs: (1, 1082)
[M::mem_pestat] analyzing insert size distribution for orientation RF...
[M::mem_pestat] (25, 50, 75) percentile: (144, 744, 3005)
[M::mem_pestat] low and high boundaries for computing mean and std.dev: (1, 8727)
[M::mem_pestat] mean and std.dev: (1805.28, 2476.22)
[M::mem_pestat] low and high boundaries for proper pairs: (1, 11710)
[M::mem_pestat] analyzing insert size distribution for orientation RR...
[M::mem_pestat] (25, 50, 75) percentile: (374, 483, 1071)
[M::mem_pestat] low and high boundaries for computing mean and std.dev: (1, 2465)
[M::mem_pestat] mean and std.dev: (599.54, 371.76)
[M::mem_pestat] low and high boundaries for proper pairs: (1, 3162)
[M::mem_pestat] skip orientation FF
[M::mem_pestat] skip orientation RF
[M::mem_pestat] skip orientation RR
[M::mem_process_seqs] Processed 1066668 reads in 842.311 CPU sec, 57.271 real sec
[M::process] read 1066668 sequences (160000200 bp)...
[M::mem_pestat] # candidate unique pairs for (FF, FR, RF, RR): (23, 221191, 88, 35)
[M::mem_pestat] analyzing insert size distribution for orientation FF...
[M::mem_pestat] (25, 50, 75) percentile: (424, 726, 1838)
[M::mem_pestat] low and high boundaries for computing mean and std.dev: (1, 4666)
[M::mem_pestat] mean and std.dev: (995.50, 836.73)
[M::mem_pestat] low and high boundaries for proper pairs: (1, 6080)
[M::mem_pestat] analyzing insert size distribution for orientation FR...
[M::mem_pestat] (25, 50, 75) percentile: (268, 360, 472)
[M::mem_pestat] low and high boundaries for computing mean and std.dev: (1, 880)
[M::mem_pestat] mean and std.dev: (370.70, 149.59)
[M::mem_pestat] low and high boundaries for proper pairs: (1, 1084)
[M::mem_pestat] analyzing insert size distribution for orientation RF...
[M::mem_pestat] (25, 50, 75) percentile: (255, 1208, 5551)
[M::mem_pestat] low and high boundaries for computing mean and std.dev: (1, 16143)
[M::mem_pestat] mean and std.dev: (3120.58, 3398.11)
[M::mem_pestat] low and high boundaries for proper pairs: (1, 21439)
[M::mem_pestat] analyzing insert size distribution for orientation RR...
[M::mem_pestat] (25, 50, 75) percentile: (535, 637, 2130)
[M::mem_pestat] low and high boundaries for computing mean and std.dev: (1, 5320)
[M::mem_pestat] mean and std.dev: (1163.74, 1082.86)
[M::mem_pestat] low and high boundaries for proper pairs: (1, 6915)
[M::mem_pestat] skip orientation FF
[M::mem_pestat] skip orientation RF
[M::mem_pestat] skip orientation RR
[M::process] read 1066668 sequences (160000200 bp)...
[M::mem_process_seqs] Processed 1066668 reads in 843.897 CPU sec, 55.483 real sec
[M::mem_pestat] # candidate unique pairs for (FF, FR, RF, RR): (39, 222372, 69, 31)
[M::mem_pestat] analyzing insert size distribution for orientation FF...
[M::mem_pestat] (25, 50, 75) percentile: (193, 589, 1372)
[M::mem_pestat] low and high boundaries for computing mean and std.dev: (1, 3730)
[M::mem_pestat] mean and std.dev: (781.25, 761.17)
[M::mem_pestat] low and high boundaries for proper pairs: (1, 4909)
[M::mem_pestat] analyzing insert size distribution for orientation FR...
[M::mem_pestat] (25, 50, 75) percentile: (270, 360, 470)
[M::mem_pestat] low and high boundaries for computing mean and std.dev: (1, 870)
[M::mem_pestat] mean and std.dev: (371.72, 147.88)
[M::mem_pestat] low and high boundaries for proper pairs: (1, 1070)
[M::mem_pestat] analyzing insert size distribution for orientation RF...
[M::mem_pestat] (25, 50, 75) percentile: (232, 1024, 4026)
[M::mem_pestat] low and high boundaries for computing mean and std.dev: (1, 11614)
[M::mem_pestat] mean and std.dev: (2495.48, 2878.00)
[M::mem_pestat] low and high boundaries for proper pairs: (1, 15408)
[M::mem_pestat] analyzing insert size distribution for orientation RR...
[M::mem_pestat] (25, 50, 75) percentile: (290, 376, 1328)
[M::mem_pestat] low and high boundaries for computing mean and std.dev: (1, 3404)
[M::mem_pestat] mean and std.dev: (668.03, 692.06)
[M::mem_pestat] low and high boundaries for proper pairs: (1, 4442)
[M::mem_pestat] skip orientation FF
[M::mem_pestat] skip orientation RF
[M::mem_pestat] skip orientation RR
[M::process] read 1066668 sequences (160000200 bp)...
[M::mem_process_seqs] Processed 1066668 reads in 837.817 CPU sec, 54.976 real sec
[M::mem_pestat] # candidate unique pairs for (FF, FR, RF, RR): (26, 221957, 65, 37)
[M::mem_pestat] analyzing insert size distribution for orientation FF...
[M::mem_pestat] (25, 50, 75) percentile: (285, 392, 650)
[M::mem_pestat] low and high boundaries for computing mean and std.dev: (1, 1380)
[M::mem_pestat] mean and std.dev: (423.09, 248.43)
[M::mem_pestat] low and high boundaries for proper pairs: (1, 1745)
[M::mem_pestat] analyzing insert size distribution for orientation FR...
[M::mem_pestat] (25, 50, 75) percentile: (270, 359, 468)
[M::mem_pestat] low and high boundaries for computing mean and std.dev: (1, 864)
[M::mem_pestat] mean and std.dev: (370.10, 146.57)
[M::mem_pestat] low and high boundaries for proper pairs: (1, 1062)
[M::mem_pestat] analyzing insert size distribution for orientation RF...
[M::mem_pestat] (25, 50, 75) percentile: (226, 1130, 4107)
[M::mem_pestat] low and high boundaries for computing mean and std.dev: (1, 11869)
[M::mem_pestat] mean and std.dev: (2505.03, 3148.59)
[M::mem_pestat] low and high boundaries for proper pairs: (1, 15750)
[M::mem_pestat] analyzing insert size distribution for orientation RR...
[M::mem_pestat] (25, 50, 75) percentile: (371, 920, 2287)
[M::mem_pestat] low and high boundaries for computing mean and std.dev: (1, 6119)
[M::mem_pestat] mean and std.dev: (1173.11, 915.50)
[M::mem_pestat] low and high boundaries for proper pairs: (1, 8035)
[M::mem_pestat] skip orientation FF
[M::mem_pestat] skip orientation RF
[M::mem_pestat] skip orientation RR
[M::process] read 1066668 sequences (160000200 bp)...
[M::mem_process_seqs] Processed 1066668 reads in 846.738 CPU sec, 56.073 real sec
[M::mem_pestat] # candidate unique pairs for (FF, FR, RF, RR): (44, 222363, 81, 38)
[M::mem_pestat] analyzing insert size distribution for orientation FF...
[M::mem_pestat] (25, 50, 75) percentile: (241, 316, 2105)
[M::mem_pestat] low and high boundaries for computing mean and std.dev: (1, 5833)
[M::mem_pestat] mean and std.dev: (678.59, 961.84)
[M::mem_pestat] low and high boundaries for proper pairs: (1, 7697)
[M::mem_pestat] analyzing insert size distribution for orientation FR...
[M::mem_pestat] (25, 50, 75) percentile: (270, 358, 464)
[M::mem_pestat] low and high boundaries for computing mean and std.dev: (1, 852)
[M::mem_pestat] mean and std.dev: (368.54, 145.01)
[M::mem_pestat] low and high boundaries for proper pairs: (1, 1046)
[M::mem_pestat] analyzing insert size distribution for orientation RF...
[M::mem_pestat] (25, 50, 75) percentile: (236, 1801, 6531)
[M::mem_pestat] low and high boundaries for computing mean and std.dev: (1, 19121)
[M::mem_pestat] mean and std.dev: (3297.20, 3248.83)
[M::mem_pestat] low and high boundaries for proper pairs: (1, 25416)
[M::mem_pestat] analyzing insert size distribution for orientation RR...
[M::mem_pestat] (25, 50, 75) percentile: (310, 471, 2878)
[M::mem_pestat] low and high boundaries for computing mean and std.dev: (1, 8014)
[M::mem_pestat] mean and std.dev: (1816.05, 2442.14)
[M::mem_pestat] low and high boundaries for proper pairs: (1, 11585)
[M::mem_pestat] skip orientation FF
[M::mem_pestat] skip orientation RF
[M::mem_pestat] skip orientation RR
[M::process] read 590914 sequences (88637100 bp)...
[M::mem_process_seqs] Processed 1066668 reads in 838.380 CPU sec, 54.782 real sec
[M::mem_pestat] # candidate unique pairs for (FF, FR, RF, RR): (25, 123099, 47, 19)
[M::mem_pestat] analyzing insert size distribution for orientation FF...
[M::mem_pestat] (25, 50, 75) percentile: (408, 844, 4988)
[M::mem_pestat] low and high boundaries for computing mean and std.dev: (1, 14148)
[M::mem_pestat] mean and std.dev: (2505.12, 2849.74)
[M::mem_pestat] low and high boundaries for proper pairs: (1, 18728)
[M::mem_pestat] analyzing insert size distribution for orientation FR...
[M::mem_pestat] (25, 50, 75) percentile: (273, 362, 472)
[M::mem_pestat] low and high boundaries for computing mean and std.dev: (1, 870)
[M::mem_pestat] mean and std.dev: (373.64, 147.61)
[M::mem_pestat] low and high boundaries for proper pairs: (1, 1069)
[M::mem_pestat] analyzing insert size distribution for orientation RF...
[M::mem_pestat] (25, 50, 75) percentile: (443, 781, 3119)
[M::mem_pestat] low and high boundaries for computing mean and std.dev: (1, 8471)
[M::mem_pestat] mean and std.dev: (2084.63, 2352.21)
[M::mem_pestat] low and high boundaries for proper pairs: (1, 11493)
[M::mem_pestat] analyzing insert size distribution for orientation RR...
[M::mem_pestat] (25, 50, 75) percentile: (359, 534, 2124)
[M::mem_pestat] low and high boundaries for computing mean and std.dev: (1, 5654)
[M::mem_pestat] mean and std.dev: (931.11, 836.94)
[M::mem_pestat] low and high boundaries for proper pairs: (1, 7419)
[M::mem_pestat] skip orientation FF
[M::mem_pestat] skip orientation RF
[M::mem_pestat] skip orientation RR
[M::mem_process_seqs] Processed 590914 reads in 469.070 CPU sec, 31.846 real sec
[main] Version: 0.7.19-r1273
[main] CMD: bwa mem -t 16 -R @RG\tID:MB_12a\tSM:MB_12a\tLB:MB_12a\tPL:ILLUMINA output/05_realign_xbOstLuri2/reference/GCA_061535525.1_xbOstLuri2_USDA-ARS_PSRF_primary_genomic.fna data/raw/MB_12a_S38_L004_R1_001.fastq.gz data/raw/MB_12a_S38_L004_R2_001.fastq.gz
[main] Real time: 3345.848 sec; CPU: 51016.909 sec
[bam_sort_core] merging from 3 files and 8 in-memory blocks...
end 2026-09-27T14:15:01Z sample=MB_12a
