/opt/ohpc/admin/lmod/lmod/init/bash: line 93: LD_LIBRARY_PATH: unbound variable
start 2026-09-27T11:55:05Z host n3454 sample=Dogfish_Bay_12 location=Dogfish_Bay
[M::bwa_idx_load_from_disk] read 0 ALT contigs
[M::process] read 1066668 sequences (160000200 bp)...
[M::process] read 1066668 sequences (160000200 bp)...
[M::mem_pestat] # candidate unique pairs for (FF, FR, RF, RR): (35, 224039, 62, 59)
[M::mem_pestat] analyzing insert size distribution for orientation FF...
[M::mem_pestat] (25, 50, 75) percentile: (288, 605, 1373)
[M::mem_pestat] low and high boundaries for computing mean and std.dev: (1, 3543)
[M::mem_pestat] mean and std.dev: (786.71, 761.09)
[M::mem_pestat] low and high boundaries for proper pairs: (1, 4628)
[M::mem_pestat] analyzing insert size distribution for orientation FR...
[M::mem_pestat] (25, 50, 75) percentile: (271, 355, 453)
[M::mem_pestat] low and high boundaries for computing mean and std.dev: (1, 817)
[M::mem_pestat] mean and std.dev: (361.90, 138.78)
[M::mem_pestat] low and high boundaries for proper pairs: (1, 999)
[M::mem_pestat] analyzing insert size distribution for orientation RF...
[M::mem_pestat] (25, 50, 75) percentile: (441, 3204, 7491)
[M::mem_pestat] low and high boundaries for computing mean and std.dev: (1, 21591)
[M::mem_pestat] mean and std.dev: (3932.13, 3570.28)
[M::mem_pestat] low and high boundaries for proper pairs: (1, 28641)
[M::mem_pestat] analyzing insert size distribution for orientation RR...
[M::mem_pestat] (25, 50, 75) percentile: (289, 419, 1204)
[M::mem_pestat] low and high boundaries for computing mean and std.dev: (1, 3034)
[M::mem_pestat] mean and std.dev: (614.98, 623.53)
[M::mem_pestat] low and high boundaries for proper pairs: (1, 3949)
[M::mem_pestat] skip orientation FF
[M::mem_pestat] skip orientation RF
[M::mem_pestat] skip orientation RR
[M::mem_process_seqs] Processed 1066668 reads in 767.398 CPU sec, 50.758 real sec
[M::mem_pestat] # candidate unique pairs for (FF, FR, RF, RR): (44, 225859, 66, 31)
[M::mem_pestat] analyzing insert size distribution for orientation FF...
[M::mem_pestat] (25, 50, 75) percentile: (408, 454, 1053)
[M::mem_pestat] low and high boundaries for computing mean and std.dev: (1, 2343)
[M::mem_pestat] mean and std.dev: (566.33, 358.24)
[M::mem_pestat] low and high boundaries for proper pairs: (1, 2988)
[M::mem_pestat] analyzing insert size distribution for orientation FR...
[M::mem_pestat] (25, 50, 75) percentile: (277, 362, 462)
[M::mem_pestat] low and high boundaries for computing mean and std.dev: (1, 832)
[M::mem_pestat] mean and std.dev: (369.12, 140.74)
[M::mem_pestat] low and high boundaries for proper pairs: (1, 1017)
[M::mem_pestat] analyzing insert size distribution for orientation RF...
[M::mem_pestat] (25, 50, 75) percentile: (362, 756, 5614)
[M::mem_pestat] low and high boundaries for computing mean and std.dev: (1, 16118)
[M::mem_pestat] mean and std.dev: (2863.03, 3267.37)
[M::mem_pestat] low and high boundaries for proper pairs: (1, 21370)
[M::mem_pestat] analyzing insert size distribution for orientation RR...
[M::mem_pestat] (25, 50, 75) percentile: (301, 379, 2023)
[M::mem_pestat] low and high boundaries for computing mean and std.dev: (1, 5467)
[M::mem_pestat] mean and std.dev: (824.33, 1146.46)
[M::mem_pestat] low and high boundaries for proper pairs: (1, 7189)
[M::mem_pestat] skip orientation FF
[M::mem_pestat] skip orientation RF
[M::mem_pestat] skip orientation RR
[M::process] read 1066668 sequences (160000200 bp)...
[M::mem_process_seqs] Processed 1066668 reads in 766.194 CPU sec, 50.156 real sec
[M::process] read 1066668 sequences (160000200 bp)...
[M::mem_pestat] # candidate unique pairs for (FF, FR, RF, RR): (32, 226021, 82, 41)
[M::mem_pestat] analyzing insert size distribution for orientation FF...
[M::mem_pestat] (25, 50, 75) percentile: (296, 520, 1305)
[M::mem_pestat] low and high boundaries for computing mean and std.dev: (1, 3323)
[M::mem_pestat] mean and std.dev: (678.73, 593.57)
[M::mem_pestat] low and high boundaries for proper pairs: (1, 4332)
[M::mem_pestat] analyzing insert size distribution for orientation FR...
[M::mem_pestat] (25, 50, 75) percentile: (272, 358, 460)
[M::mem_pestat] low and high boundaries for computing mean and std.dev: (1, 836)
[M::mem_pestat] mean and std.dev: (366.97, 142.88)
[M::mem_pestat] low and high boundaries for proper pairs: (1, 1024)
[M::mem_pestat] analyzing insert size distribution for orientation RF...
[M::mem_pestat] (25, 50, 75) percentile: (214, 1538, 6279)
[M::mem_pestat] low and high boundaries for computing mean and std.dev: (1, 18409)
[M::mem_pestat] mean and std.dev: (2901.66, 3124.30)
[M::mem_pestat] low and high boundaries for proper pairs: (1, 24474)
[M::mem_pestat] analyzing insert size distribution for orientation RR...
[M::mem_pestat] (25, 50, 75) percentile: (289, 607, 1795)
[M::mem_pestat] low and high boundaries for computing mean and std.dev: (1, 4807)
[M::mem_pestat] mean and std.dev: (1071.78, 1097.81)
[M::mem_pestat] low and high boundaries for proper pairs: (1, 6313)
[M::mem_pestat] skip orientation FF
[M::mem_pestat] skip orientation RF
[M::mem_pestat] skip orientation RR
[M::mem_process_seqs] Processed 1066668 reads in 771.300 CPU sec, 50.576 real sec
[M::mem_pestat] # candidate unique pairs for (FF, FR, RF, RR): (42, 224103, 82, 46)
[M::mem_pestat] analyzing insert size distribution for orientation FF...
[M::mem_pestat] (25, 50, 75) percentile: (340, 1027, 1577)
[M::mem_pestat] low and high boundaries for computing mean and std.dev: (1, 4051)
[M::mem_pestat] mean and std.dev: (1246.50, 1163.13)
[M::mem_pestat] low and high boundaries for proper pairs: (1, 5899)
[M::mem_pestat] analyzing insert size distribution for orientation FR...
[M::mem_pestat] (25, 50, 75) percentile: (274, 360, 463)
[M::mem_pestat] low and high boundaries for computing mean and std.dev: (1, 841)
[M::mem_pestat] mean and std.dev: (368.99, 143.22)
[M::mem_pestat] low and high boundaries for proper pairs: (1, 1030)
[M::mem_pestat] analyzing insert size distribution for orientation RF...
[M::mem_pestat] (25, 50, 75) percentile: (241, 1428, 3506)
[M::mem_pestat] low and high boundaries for computing mean and std.dev: (1, 10036)
[M::mem_pestat] mean and std.dev: (2213.54, 2496.95)
[M::mem_pestat] low and high boundaries for proper pairs: (1, 13301)
[M::mem_pestat] analyzing insert size distribution for orientation RR...
[M::mem_pestat] (25, 50, 75) percentile: (269, 596, 1400)
[M::mem_pestat] low and high boundaries for computing mean and std.dev: (1, 3662)
[M::mem_pestat] mean and std.dev: (880.57, 835.24)
[M::mem_pestat] low and high boundaries for proper pairs: (1, 4793)
[M::mem_pestat] skip orientation FF
[M::mem_pestat] skip orientation RF
[M::mem_pestat] skip orientation RR
[M::process] read 1066668 sequences (160000200 bp)...
[M::mem_process_seqs] Processed 1066668 reads in 777.882 CPU sec, 51.418 real sec
[M::mem_pestat] # candidate unique pairs for (FF, FR, RF, RR): (42, 226554, 74, 43)
[M::mem_pestat] analyzing insert size distribution for orientation FF...
[M::mem_pestat] (25, 50, 75) percentile: (283, 441, 1221)
[M::mem_pestat] low and high boundaries for computing mean and std.dev: (1, 3097)
[M::mem_pestat] mean and std.dev: (707.58, 660.16)
[M::mem_pestat] low and high boundaries for proper pairs: (1, 4035)
[M::mem_pestat] analyzing insert size distribution for orientation FR...
[M::mem_pestat] (25, 50, 75) percentile: (272, 358, 460)
[M::mem_pestat] low and high boundaries for computing mean and std.dev: (1, 836)
[M::mem_pestat] mean and std.dev: (366.44, 142.63)
[M::mem_pestat] low and high boundaries for proper pairs: (1, 1024)
[M::mem_pestat] analyzing insert size distribution for orientation RF...
[M::mem_pestat] (25, 50, 75) percentile: (103, 829, 3028)
[M::mem_pestat] low and high boundaries for computing mean and std.dev: (1, 8878)
[M::mem_pestat] mean and std.dev: (1484.21, 2033.03)
[M::mem_pestat] low and high boundaries for proper pairs: (1, 11803)
[M::mem_pestat] analyzing insert size distribution for orientation RR...
[M::mem_pestat] (25, 50, 75) percentile: (222, 401, 1606)
[M::mem_pestat] low and high boundaries for computing mean and std.dev: (1, 4374)
[M::mem_pestat] mean and std.dev: (720.62, 715.21)
[M::mem_pestat] low and high boundaries for proper pairs: (1, 5758)
[M::mem_pestat] skip orientation FF
[M::mem_pestat] skip orientation RF
[M::mem_pestat] skip orientation RR
[M::process] read 1066668 sequences (160000200 bp)...
[M::mem_process_seqs] Processed 1066668 reads in 780.616 CPU sec, 51.226 real sec
[M::mem_pestat] # candidate unique pairs for (FF, FR, RF, RR): (36, 225361, 91, 30)
[M::mem_pestat] analyzing insert size distribution for orientation FF...
[M::mem_pestat] (25, 50, 75) percentile: (384, 744, 2160)
[M::mem_pestat] low and high boundaries for computing mean and std.dev: (1, 5712)
[M::mem_pestat] mean and std.dev: (1329.19, 1335.49)
[M::mem_pestat] low and high boundaries for proper pairs: (1, 7488)
[M::mem_pestat] analyzing insert size distribution for orientation FR...
[M::mem_pestat] (25, 50, 75) percentile: (268, 353, 455)
[M::mem_pestat] low and high boundaries for computing mean and std.dev: (1, 829)
[M::mem_pestat] mean and std.dev: (362.57, 141.47)
[M::mem_pestat] low and high boundaries for proper pairs: (1, 1016)
[M::mem_pestat] analyzing insert size distribution for orientation RF...
[M::mem_pestat] (25, 50, 75) percentile: (221, 1563, 6587)
[M::mem_pestat] low and high boundaries for computing mean and std.dev: (1, 19319)
[M::mem_pestat] mean and std.dev: (3141.67, 3292.88)
[M::mem_pestat] low and high boundaries for proper pairs: (1, 25685)
[M::mem_pestat] analyzing insert size distribution for orientation RR...
[M::mem_pestat] (25, 50, 75) percentile: (213, 305, 978)
[M::mem_pestat] low and high boundaries for computing mean and std.dev: (1, 2508)
[M::mem_pestat] mean and std.dev: (456.80, 383.26)
[M::mem_pestat] low and high boundaries for proper pairs: (1, 3273)
[M::mem_pestat] skip orientation FF
[M::mem_pestat] skip orientation RF
[M::mem_pestat] skip orientation RR
[M::process] read 1066668 sequences (160000200 bp)...
[M::mem_process_seqs] Processed 1066668 reads in 807.996 CPU sec, 52.535 real sec
[M::mem_pestat] # candidate unique pairs for (FF, FR, RF, RR): (31, 224330, 75, 42)
[M::mem_pestat] analyzing insert size distribution for orientation FF...
[M::mem_pestat] (25, 50, 75) percentile: (272, 371, 806)
[M::mem_pestat] low and high boundaries for computing mean and std.dev: (1, 1874)
[M::mem_pestat] mean and std.dev: (471.79, 326.57)
[M::mem_pestat] low and high boundaries for proper pairs: (1, 2408)
[M::mem_pestat] analyzing insert size distribution for orientation FR...
[M::mem_pestat] (25, 50, 75) percentile: (267, 351, 452)
[M::mem_pestat] low and high boundaries for computing mean and std.dev: (1, 822)
[M::mem_pestat] mean and std.dev: (359.99, 140.18)
[M::mem_pestat] low and high boundaries for proper pairs: (1, 1007)
[M::mem_pestat] analyzing insert size distribution for orientation RF...
[M::mem_pestat] (25, 50, 75) percentile: (359, 2234, 5324)
[M::mem_pestat] low and high boundaries for computing mean and std.dev: (1, 15254)
[M::mem_pestat] mean and std.dev: (2877.03, 2834.19)
[M::mem_pestat] low and high boundaries for proper pairs: (1, 20219)
[M::mem_pestat] analyzing insert size distribution for orientation RR...
[M::mem_pestat] (25, 50, 75) percentile: (252, 605, 2869)
[M::mem_pestat] low and high boundaries for computing mean and std.dev: (1, 8103)
[M::mem_pestat] mean and std.dev: (1605.38, 2023.84)
[M::mem_pestat] low and high boundaries for proper pairs: (1, 10720)
[M::mem_pestat] skip orientation FF
[M::mem_pestat] skip orientation RF
[M::mem_pestat] skip orientation RR
[M::process] read 1066668 sequences (160000200 bp)...
[M::mem_process_seqs] Processed 1066668 reads in 793.429 CPU sec, 51.585 real sec
[M::mem_pestat] # candidate unique pairs for (FF, FR, RF, RR): (28, 224883, 74, 37)
[M::mem_pestat] analyzing insert size distribution for orientation FF...
[M::mem_pestat] (25, 50, 75) percentile: (260, 529, 1175)
[M::mem_pestat] low and high boundaries for computing mean and std.dev: (1, 3005)
[M::mem_pestat] mean and std.dev: (768.26, 784.33)
[M::mem_pestat] low and high boundaries for proper pairs: (1, 3920)
[M::mem_pestat] analyzing insert size distribution for orientation FR...
[M::mem_pestat] (25, 50, 75) percentile: (269, 354, 455)
[M::mem_pestat] low and high boundaries for computing mean and std.dev: (1, 827)
[M::mem_pestat] mean and std.dev: (362.72, 141.63)
[M::mem_pestat] low and high boundaries for proper pairs: (1, 1013)
[M::mem_pestat] analyzing insert size distribution for orientation RF...
[M::mem_pestat] (25, 50, 75) percentile: (131, 889, 3052)
[M::mem_pestat] low and high boundaries for computing mean and std.dev: (1, 8894)
[M::mem_pestat] mean and std.dev: (1660.71, 2066.49)
[M::mem_pestat] low and high boundaries for proper pairs: (1, 11815)
[M::mem_pestat] analyzing insert size distribution for orientation RR...
[M::mem_pestat] (25, 50, 75) percentile: (264, 592, 1539)
[M::mem_pestat] low and high boundaries for computing mean and std.dev: (1, 4089)
[M::mem_pestat] mean and std.dev: (851.14, 750.07)
[M::mem_pestat] low and high boundaries for proper pairs: (1, 5364)
[M::mem_pestat] skip orientation FF
[M::mem_pestat] skip orientation RF
[M::mem_pestat] skip orientation RR
[M::process] read 1066668 sequences (160000200 bp)...
[M::mem_process_seqs] Processed 1066668 reads in 797.607 CPU sec, 51.852 real sec
[M::mem_pestat] # candidate unique pairs for (FF, FR, RF, RR): (27, 224280, 79, 37)
[M::mem_pestat] analyzing insert size distribution for orientation FF...
[M::mem_pestat] (25, 50, 75) percentile: (322, 398, 1014)
[M::mem_pestat] low and high boundaries for computing mean and std.dev: (1, 2398)
[M::mem_pestat] mean and std.dev: (485.67, 396.55)
[M::mem_pestat] low and high boundaries for proper pairs: (1, 3090)
[M::mem_pestat] analyzing insert size distribution for orientation FR...
[M::mem_pestat] (25, 50, 75) percentile: (272, 361, 465)
[M::mem_pestat] low and high boundaries for computing mean and std.dev: (1, 851)
[M::mem_pestat] mean and std.dev: (368.30, 145.05)
[M::mem_pestat] low and high boundaries for proper pairs: (1, 1044)
[M::mem_pestat] analyzing insert size distribution for orientation RF...
[M::mem_pestat] (25, 50, 75) percentile: (128, 544, 3535)
[M::mem_pestat] low and high boundaries for computing mean and std.dev: (1, 10349)
[M::mem_pestat] mean and std.dev: (1935.25, 2624.34)
[M::mem_pestat] low and high boundaries for proper pairs: (1, 13756)
[M::mem_pestat] analyzing insert size distribution for orientation RR...
[M::mem_pestat] (25, 50, 75) percentile: (306, 485, 2242)
[M::mem_pestat] low and high boundaries for computing mean and std.dev: (1, 6114)
[M::mem_pestat] mean and std.dev: (827.94, 865.15)
[M::mem_pestat] low and high boundaries for proper pairs: (1, 8050)
[M::mem_pestat] skip orientation FF
[M::mem_pestat] skip orientation RF
[M::mem_pestat] skip orientation RR
[M::process] read 1066668 sequences (160000200 bp)...
[M::mem_process_seqs] Processed 1066668 reads in 773.920 CPU sec, 50.179 real sec
[M::mem_pestat] # candidate unique pairs for (FF, FR, RF, RR): (50, 224841, 89, 37)
[M::mem_pestat] analyzing insert size distribution for orientation FF...
[M::mem_pestat] (25, 50, 75) percentile: (358, 486, 1943)
[M::mem_pestat] low and high boundaries for computing mean and std.dev: (1, 5113)
[M::mem_pestat] mean and std.dev: (1158.53, 1270.19)
[M::mem_pestat] low and high boundaries for proper pairs: (1, 6698)
[M::mem_pestat] analyzing insert size distribution for orientation FR...
[M::mem_pestat] (25, 50, 75) percentile: (278, 367, 472)
[M::mem_pestat] low and high boundaries for computing mean and std.dev: (1, 860)
[M::mem_pestat] mean and std.dev: (374.63, 146.11)
[M::mem_pestat] low and high boundaries for proper pairs: (1, 1054)
[M::mem_pestat] analyzing insert size distribution for orientation RF...
[M::mem_pestat] (25, 50, 75) percentile: (261, 1352, 6353)
[M::mem_pestat] low and high boundaries for computing mean and std.dev: (1, 18537)
[M::mem_pestat] mean and std.dev: (2853.71, 3190.30)
[M::mem_pestat] low and high boundaries for proper pairs: (1, 24629)
[M::mem_pestat] analyzing insert size distribution for orientation RR...
[M::mem_pestat] (25, 50, 75) percentile: (199, 632, 1258)
[M::mem_pestat] low and high boundaries for computing mean and std.dev: (1, 3376)
[M::mem_pestat] mean and std.dev: (677.09, 463.80)
[M::mem_pestat] low and high boundaries for proper pairs: (1, 4435)
[M::mem_pestat] skip orientation FF
[M::mem_pestat] skip orientation RF
[M::mem_pestat] skip orientation RR
[M::process] read 1066668 sequences (160000200 bp)...
[M::mem_process_seqs] Processed 1066668 reads in 778.291 CPU sec, 50.279 real sec
[M::mem_pestat] # candidate unique pairs for (FF, FR, RF, RR): (29, 225289, 60, 35)
[M::mem_pestat] analyzing insert size distribution for orientation FF...
[M::mem_pestat] (25, 50, 75) percentile: (223, 417, 1626)
[M::mem_pestat] low and high boundaries for computing mean and std.dev: (1, 4432)
[M::mem_pestat] mean and std.dev: (626.65, 641.29)
[M::mem_pestat] low and high boundaries for proper pairs: (1, 5835)
[M::mem_pestat] analyzing insert size distribution for orientation FR...
[M::mem_pestat] (25, 50, 75) percentile: (274, 361, 467)
[M::mem_pestat] low and high boundaries for computing mean and std.dev: (1, 853)
[M::mem_pestat] mean and std.dev: (370.60, 145.78)
[M::mem_pestat] low and high boundaries for proper pairs: (1, 1046)
[M::mem_pestat] analyzing insert size distribution for orientation RF...
[M::mem_pestat] (25, 50, 75) percentile: (175, 337, 5756)
[M::mem_pestat] low and high boundaries for computing mean and std.dev: (1, 16918)
[M::mem_pestat] mean and std.dev: (2638.50, 3553.74)
[M::mem_pestat] low and high boundaries for proper pairs: (1, 22499)
[M::mem_pestat] analyzing insert size distribution for orientation RR...
[M::mem_pestat] (25, 50, 75) percentile: (398, 611, 1813)
[M::mem_pestat] low and high boundaries for computing mean and std.dev: (1, 4643)
[M::mem_pestat] mean and std.dev: (1072.44, 1139.86)
[M::mem_pestat] low and high boundaries for proper pairs: (1, 6058)
[M::mem_pestat] skip orientation FF
[M::mem_pestat] skip orientation RF
[M::mem_pestat] skip orientation RR
[M::process] read 1066668 sequences (160000200 bp)...
[M::mem_process_seqs] Processed 1066668 reads in 778.391 CPU sec, 50.803 real sec
[M::mem_pestat] # candidate unique pairs for (FF, FR, RF, RR): (39, 225552, 87, 36)
[M::mem_pestat] analyzing insert size distribution for orientation FF...
[M::mem_pestat] (25, 50, 75) percentile: (308, 466, 1232)
[M::mem_pestat] low and high boundaries for computing mean and std.dev: (1, 3080)
[M::mem_pestat] mean and std.dev: (793.50, 747.14)
[M::mem_pestat] low and high boundaries for proper pairs: (1, 4004)
[M::mem_pestat] analyzing insert size distribution for orientation FR...
[M::mem_pestat] (25, 50, 75) percentile: (273, 360, 466)
[M::mem_pestat] low and high boundaries for computing mean and std.dev: (1, 852)
[M::mem_pestat] mean and std.dev: (370.00, 145.31)
[M::mem_pestat] low and high boundaries for proper pairs: (1, 1045)
[M::mem_pestat] analyzing insert size distribution for orientation RF...
[M::mem_pestat] (25, 50, 75) percentile: (251, 801, 3955)
[M::mem_pestat] low and high boundaries for computing mean and std.dev: (1, 11363)
[M::mem_pestat] mean and std.dev: (2357.08, 3030.64)
[M::mem_pestat] low and high boundaries for proper pairs: (1, 15067)
[M::mem_pestat] analyzing insert size distribution for orientation RR...
[M::mem_pestat] (25, 50, 75) percentile: (333, 469, 831)
[M::mem_pestat] low and high boundaries for computing mean and std.dev: (1, 1827)
[M::mem_pestat] mean and std.dev: (493.75, 277.13)
[M::mem_pestat] low and high boundaries for proper pairs: (1, 2325)
[M::mem_pestat] skip orientation FF
[M::mem_pestat] skip orientation RF
[M::mem_pestat] skip orientation RR
[M::process] read 1066668 sequences (160000200 bp)...
[M::mem_process_seqs] Processed 1066668 reads in 779.289 CPU sec, 51.165 real sec
[M::mem_pestat] # candidate unique pairs for (FF, FR, RF, RR): (33, 225672, 78, 42)
[M::mem_pestat] analyzing insert size distribution for orientation FF...
[M::mem_pestat] (25, 50, 75) percentile: (370, 596, 1944)
[M::mem_pestat] low and high boundaries for computing mean and std.dev: (1, 5092)
[M::mem_pestat] mean and std.dev: (1387.78, 1489.16)
[M::mem_pestat] low and high boundaries for proper pairs: (1, 7344)
[M::mem_pestat] analyzing insert size distribution for orientation FR...
[M::mem_pestat] (25, 50, 75) percentile: (272, 359, 462)
[M::mem_pestat] low and high boundaries for computing mean and std.dev: (1, 842)
[M::mem_pestat] mean and std.dev: (367.49, 143.11)
[M::mem_pestat] low and high boundaries for proper pairs: (1, 1032)
[M::mem_pestat] analyzing insert size distribution for orientation RF...
[M::mem_pestat] (25, 50, 75) percentile: (124, 691, 3262)
[M::mem_pestat] low and high boundaries for computing mean and std.dev: (1, 9538)
[M::mem_pestat] mean and std.dev: (1998.47, 2659.70)
[M::mem_pestat] low and high boundaries for proper pairs: (1, 12676)
[M::mem_pestat] analyzing insert size distribution for orientation RR...
[M::mem_pestat] (25, 50, 75) percentile: (326, 1082, 2520)
[M::mem_pestat] low and high boundaries for computing mean and std.dev: (1, 6908)
[M::mem_pestat] mean and std.dev: (1565.53, 1558.06)
[M::mem_pestat] low and high boundaries for proper pairs: (1, 9102)
[M::mem_pestat] skip orientation FF
[M::mem_pestat] skip orientation RF
[M::mem_pestat] skip orientation RR
[M::process] read 1066668 sequences (160000200 bp)...
[M::mem_process_seqs] Processed 1066668 reads in 778.423 CPU sec, 50.471 real sec
[M::mem_pestat] # candidate unique pairs for (FF, FR, RF, RR): (29, 224692, 76, 34)
[M::mem_pestat] analyzing insert size distribution for orientation FF...
[M::mem_pestat] (25, 50, 75) percentile: (232, 357, 929)
[M::mem_pestat] low and high boundaries for computing mean and std.dev: (1, 2323)
[M::mem_pestat] mean and std.dev: (520.82, 425.72)
[M::mem_pestat] low and high boundaries for proper pairs: (1, 3020)
[M::mem_pestat] analyzing insert size distribution for orientation FR...
[M::mem_pestat] (25, 50, 75) percentile: (270, 357, 461)
[M::mem_pestat] low and high boundaries for computing mean and std.dev: (1, 843)
[M::mem_pestat] mean and std.dev: (366.17, 143.48)
[M::mem_pestat] low and high boundaries for proper pairs: (1, 1034)
[M::mem_pestat] analyzing insert size distribution for orientation RF...
[M::mem_pestat] (25, 50, 75) percentile: (298, 2284, 6162)
[M::mem_pestat] low and high boundaries for computing mean and std.dev: (1, 17890)
[M::mem_pestat] mean and std.dev: (3129.88, 3139.59)
[M::mem_pestat] low and high boundaries for proper pairs: (1, 23754)
[M::mem_pestat] analyzing insert size distribution for orientation RR...
[M::mem_pestat] (25, 50, 75) percentile: (227, 356, 883)
[M::mem_pestat] low and high boundaries for computing mean and std.dev: (1, 2195)
[M::mem_pestat] mean and std.dev: (600.00, 602.92)
[M::mem_pestat] low and high boundaries for proper pairs: (1, 3012)
[M::mem_pestat] skip orientation FF
[M::mem_pestat] skip orientation RF
[M::mem_pestat] skip orientation RR
[M::process] read 1066668 sequences (160000200 bp)...
[M::mem_process_seqs] Processed 1066668 reads in 795.910 CPU sec, 51.864 real sec
[M::mem_pestat] # candidate unique pairs for (FF, FR, RF, RR): (28, 225139, 80, 29)
[M::mem_pestat] analyzing insert size distribution for orientation FF...
[M::mem_pestat] (25, 50, 75) percentile: (185, 398, 697)
[M::mem_pestat] low and high boundaries for computing mean and std.dev: (1, 1721)
[M::mem_pestat] mean and std.dev: (423.84, 313.39)
[M::mem_pestat] low and high boundaries for proper pairs: (1, 2233)
[M::mem_pestat] analyzing insert size distribution for orientation FR...
[M::mem_pestat] (25, 50, 75) percentile: (268, 355, 458)
[M::mem_pestat] low and high boundaries for computing mean and std.dev: (1, 838)
[M::mem_pestat] mean and std.dev: (364.19, 143.56)
[M::mem_pestat] low and high boundaries for proper pairs: (1, 1028)
[M::mem_pestat] analyzing insert size distribution for orientation RF...
[M::mem_pestat] (25, 50, 75) percentile: (199, 556, 1893)
[M::mem_pestat] low and high boundaries for computing mean and std.dev: (1, 5281)
[M::mem_pestat] mean and std.dev: (888.71, 1015.51)
[M::mem_pestat] low and high boundaries for proper pairs: (1, 6975)
[M::mem_pestat] analyzing insert size distribution for orientation RR...
[M::mem_pestat] (25, 50, 75) percentile: (172, 289, 718)
[M::mem_pestat] low and high boundaries for computing mean and std.dev: (1, 1810)
[M::mem_pestat] mean and std.dev: (266.30, 164.37)
[M::mem_pestat] low and high boundaries for proper pairs: (1, 2356)
[M::mem_pestat] skip orientation FF
[M::mem_pestat] skip orientation RF
[M::mem_pestat] skip orientation RR
[M::process] read 1066668 sequences (160000200 bp)...
[M::mem_process_seqs] Processed 1066668 reads in 796.452 CPU sec, 51.648 real sec
[M::mem_pestat] # candidate unique pairs for (FF, FR, RF, RR): (34, 225068, 92, 34)
[M::mem_pestat] analyzing insert size distribution for orientation FF...
[M::mem_pestat] (25, 50, 75) percentile: (308, 811, 1644)
[M::mem_pestat] low and high boundaries for computing mean and std.dev: (1, 4316)
[M::mem_pestat] mean and std.dev: (909.23, 714.70)
[M::mem_pestat] low and high boundaries for proper pairs: (1, 5652)
[M::mem_pestat] analyzing insert size distribution for orientation FR...
[M::mem_pestat] (25, 50, 75) percentile: (266, 353, 456)
[M::mem_pestat] low and high boundaries for computing mean and std.dev: (1, 836)
[M::mem_pestat] mean and std.dev: (361.49, 142.66)
[M::mem_pestat] low and high boundaries for proper pairs: (1, 1026)
[M::mem_pestat] analyzing insert size distribution for orientation RF...
[M::mem_pestat] (25, 50, 75) percentile: (394, 1740, 5617)
[M::mem_pestat] low and high boundaries for computing mean and std.dev: (1, 16063)
[M::mem_pestat] mean and std.dev: (3134.00, 3171.31)
[M::mem_pestat] low and high boundaries for proper pairs: (1, 21286)
[M::mem_pestat] analyzing insert size distribution for orientation RR...
[M::mem_pestat] (25, 50, 75) percentile: (250, 623, 2307)
[M::mem_pestat] low and high boundaries for computing mean and std.dev: (1, 6421)
[M::mem_pestat] mean and std.dev: (1167.97, 1317.51)
[M::mem_pestat] low and high boundaries for proper pairs: (1, 8478)
[M::mem_pestat] skip orientation FF
[M::mem_pestat] skip orientation RF
[M::mem_pestat] skip orientation RR
[M::process] read 1066668 sequences (160000200 bp)...
[M::mem_process_seqs] Processed 1066668 reads in 808.582 CPU sec, 52.321 real sec
[M::mem_pestat] # candidate unique pairs for (FF, FR, RF, RR): (41, 225000, 62, 16)
[M::mem_pestat] analyzing insert size distribution for orientation FF...
[M::mem_pestat] (25, 50, 75) percentile: (208, 583, 1098)
[M::mem_pestat] low and high boundaries for computing mean and std.dev: (1, 2878)
[M::mem_pestat] mean and std.dev: (722.66, 631.32)
[M::mem_pestat] low and high boundaries for proper pairs: (1, 3768)
[M::mem_pestat] analyzing insert size distribution for orientation FR...
[M::mem_pestat] (25, 50, 75) percentile: (271, 360, 464)
[M::mem_pestat] low and high boundaries for computing mean and std.dev: (1, 850)
[M::mem_pestat] mean and std.dev: (367.89, 145.11)
[M::mem_pestat] low and high boundaries for proper pairs: (1, 1043)
[M::mem_pestat] analyzing insert size distribution for orientation RF...
[M::mem_pestat] (25, 50, 75) percentile: (380, 2339, 7517)
[M::mem_pestat] low and high boundaries for computing mean and std.dev: (1, 21791)
[M::mem_pestat] mean and std.dev: (3553.13, 3408.81)
[M::mem_pestat] low and high boundaries for proper pairs: (1, 28928)
[M::mem_pestat] analyzing insert size distribution for orientation RR...
[M::mem_pestat] (25, 50, 75) percentile: (275, 374, 562)
[M::mem_pestat] low and high boundaries for computing mean and std.dev: (1, 1136)
[M::mem_pestat] mean and std.dev: (346.93, 171.16)
[M::mem_pestat] low and high boundaries for proper pairs: (1, 1423)
[M::mem_pestat] skip orientation FF
[M::mem_pestat] skip orientation RF
[M::mem_pestat] skip orientation RR
[M::process] read 1066668 sequences (160000200 bp)...
[M::mem_process_seqs] Processed 1066668 reads in 783.949 CPU sec, 50.860 real sec
[M::mem_pestat] # candidate unique pairs for (FF, FR, RF, RR): (38, 226121, 67, 41)
[M::mem_pestat] analyzing insert size distribution for orientation FF...
[M::mem_pestat] (25, 50, 75) percentile: (248, 409, 1429)
[M::mem_pestat] low and high boundaries for computing mean and std.dev: (1, 3791)
[M::mem_pestat] mean and std.dev: (883.08, 857.70)
[M::mem_pestat] low and high boundaries for proper pairs: (1, 4972)
[M::mem_pestat] analyzing insert size distribution for orientation FR...
[M::mem_pestat] (25, 50, 75) percentile: (273, 362, 465)
[M::mem_pestat] low and high boundaries for computing mean and std.dev: (1, 849)
[M::mem_pestat] mean and std.dev: (368.98, 143.82)
[M::mem_pestat] low and high boundaries for proper pairs: (1, 1041)
[M::mem_pestat] analyzing insert size distribution for orientation RF...
[M::mem_pestat] (25, 50, 75) percentile: (315, 1520, 4154)
[M::mem_pestat] low and high boundaries for computing mean and std.dev: (1, 11832)
[M::mem_pestat] mean and std.dev: (2615.46, 2872.88)
[M::mem_pestat] low and high boundaries for proper pairs: (1, 15671)
[M::mem_pestat] analyzing insert size distribution for orientation RR...
[M::mem_pestat] (25, 50, 75) percentile: (254, 1006, 2620)
[M::mem_pestat] low and high boundaries for computing mean and std.dev: (1, 7352)
[M::mem_pestat] mean and std.dev: (1494.03, 1679.09)
[M::mem_pestat] low and high boundaries for proper pairs: (1, 9718)
[M::mem_pestat] skip orientation FF
[M::mem_pestat] skip orientation RF
[M::mem_pestat] skip orientation RR
[M::process] read 1066668 sequences (160000200 bp)...
[M::mem_process_seqs] Processed 1066668 reads in 780.419 CPU sec, 50.521 real sec
[M::mem_pestat] # candidate unique pairs for (FF, FR, RF, RR): (49, 225383, 65, 36)
[M::mem_pestat] analyzing insert size distribution for orientation FF...
[M::mem_pestat] (25, 50, 75) percentile: (286, 477, 981)
[M::mem_pestat] low and high boundaries for computing mean and std.dev: (1, 2371)
[M::mem_pestat] mean and std.dev: (518.10, 401.22)
[M::mem_pestat] low and high boundaries for proper pairs: (1, 3066)
[M::mem_pestat] analyzing insert size distribution for orientation FR...
[M::mem_pestat] (25, 50, 75) percentile: (270, 357, 461)
[M::mem_pestat] low and high boundaries for computing mean and std.dev: (1, 843)
[M::mem_pestat] mean and std.dev: (365.89, 144.95)
[M::mem_pestat] low and high boundaries for proper pairs: (1, 1034)
[M::mem_pestat] analyzing insert size distribution for orientation RF...
[M::mem_pestat] (25, 50, 75) percentile: (287, 1277, 4404)
[M::mem_pestat] low and high boundaries for computing mean and std.dev: (1, 12638)
[M::mem_pestat] mean and std.dev: (2822.85, 2950.27)
[M::mem_pestat] low and high boundaries for proper pairs: (1, 16755)
[M::mem_pestat] analyzing insert size distribution for orientation RR...
[M::mem_pestat] (25, 50, 75) percentile: (194, 401, 1651)
[M::mem_pestat] low and high boundaries for computing mean and std.dev: (1, 4565)
[M::mem_pestat] mean and std.dev: (789.34, 1050.50)
[M::mem_pestat] low and high boundaries for proper pairs: (1, 6022)
[M::mem_pestat] skip orientation FF
[M::mem_pestat] skip orientation RF
[M::mem_pestat] skip orientation RR
[M::mem_process_seqs] Processed 1066668 reads in 788.639 CPU sec, 51.894 real sec
[M::process] read 1066668 sequences (160000200 bp)...
[M::mem_pestat] # candidate unique pairs for (FF, FR, RF, RR): (31, 224639, 78, 37)
[M::mem_pestat] analyzing insert size distribution for orientation FF...
[M::mem_pestat] (25, 50, 75) percentile: (394, 734, 2278)
[M::mem_pestat] low and high boundaries for computing mean and std.dev: (1, 6046)
[M::mem_pestat] mean and std.dev: (1379.13, 1258.07)
[M::mem_pestat] low and high boundaries for proper pairs: (1, 7930)
[M::mem_pestat] analyzing insert size distribution for orientation FR...
[M::mem_pestat] (25, 50, 75) percentile: (268, 355, 459)
[M::mem_pestat] low and high boundaries for computing mean and std.dev: (1, 841)
[M::mem_pestat] mean and std.dev: (364.45, 144.22)
[M::mem_pestat] low and high boundaries for proper pairs: (1, 1032)
[M::mem_pestat] analyzing insert size distribution for orientation RF...
[M::mem_pestat] (25, 50, 75) percentile: (436, 1508, 4980)
[M::mem_pestat] low and high boundaries for computing mean and std.dev: (1, 14068)
[M::mem_pestat] mean and std.dev: (2997.19, 3093.38)
[M::mem_pestat] low and high boundaries for proper pairs: (1, 18612)
[M::mem_pestat] analyzing insert size distribution for orientation RR...
[M::mem_pestat] (25, 50, 75) percentile: (265, 457, 2945)
[M::mem_pestat] low and high boundaries for computing mean and std.dev: (1, 8305)
[M::mem_pestat] mean and std.dev: (1483.22, 1759.94)
[M::mem_pestat] low and high boundaries for proper pairs: (1, 10985)
[M::mem_pestat] skip orientation FF
[M::mem_pestat] skip orientation RF
[M::mem_pestat] skip orientation RR
[M::process] read 1066668 sequences (160000200 bp)...
[M::mem_process_seqs] Processed 1066668 reads in 786.856 CPU sec, 50.469 real sec
[M::mem_pestat] # candidate unique pairs for (FF, FR, RF, RR): (39, 225084, 70, 36)
[M::mem_pestat] analyzing insert size distribution for orientation FF...
[M::mem_pestat] (25, 50, 75) percentile: (249, 420, 1474)
[M::mem_pestat] low and high boundaries for computing mean and std.dev: (1, 3924)
[M::mem_pestat] mean and std.dev: (712.54, 742.91)
[M::mem_pestat] low and high boundaries for proper pairs: (1, 5149)
[M::mem_pestat] analyzing insert size distribution for orientation FR...
[M::mem_pestat] (25, 50, 75) percentile: (271, 359, 463)
[M::mem_pestat] low and high boundaries for computing mean and std.dev: (1, 847)
[M::mem_pestat] mean and std.dev: (367.81, 144.93)
[M::mem_pestat] low and high boundaries for proper pairs: (1, 1039)
[M::mem_pestat] analyzing insert size distribution for orientation RF...
[M::mem_pestat] (25, 50, 75) percentile: (184, 729, 3446)
[M::mem_pestat] low and high boundaries for computing mean and std.dev: (1, 9970)
[M::mem_pestat] mean and std.dev: (2511.87, 3105.04)
[M::mem_pestat] low and high boundaries for proper pairs: (1, 14932)
[M::mem_pestat] analyzing insert size distribution for orientation RR...
[M::mem_pestat] (25, 50, 75) percentile: (303, 703, 1223)
[M::mem_pestat] low and high boundaries for computing mean and std.dev: (1, 3063)
[M::mem_pestat] mean and std.dev: (893.42, 691.98)
[M::mem_pestat] low and high boundaries for proper pairs: (1, 3983)
[M::mem_pestat] skip orientation FF
[M::mem_pestat] skip orientation RF
[M::mem_pestat] skip orientation RR
[M::process] read 1066668 sequences (160000200 bp)...
[M::mem_process_seqs] Processed 1066668 reads in 792.629 CPU sec, 51.468 real sec
[M::mem_pestat] # candidate unique pairs for (FF, FR, RF, RR): (32, 224823, 76, 40)
[M::mem_pestat] analyzing insert size distribution for orientation FF...
[M::mem_pestat] (25, 50, 75) percentile: (240, 374, 1055)
[M::mem_pestat] low and high boundaries for computing mean and std.dev: (1, 2685)
[M::mem_pestat] mean and std.dev: (602.31, 515.62)
[M::mem_pestat] low and high boundaries for proper pairs: (1, 3500)
[M::mem_pestat] analyzing insert size distribution for orientation FR...
[M::mem_pestat] (25, 50, 75) percentile: (269, 355, 460)
[M::mem_pestat] low and high boundaries for computing mean and std.dev: (1, 842)
[M::mem_pestat] mean and std.dev: (365.18, 143.60)
[M::mem_pestat] low and high boundaries for proper pairs: (1, 1033)
[M::mem_pestat] analyzing insert size distribution for orientation RF...
[M::mem_pestat] (25, 50, 75) percentile: (187, 907, 5721)
[M::mem_pestat] low and high boundaries for computing mean and std.dev: (1, 16789)
[M::mem_pestat] mean and std.dev: (2827.33, 3375.76)
[M::mem_pestat] low and high boundaries for proper pairs: (1, 22323)
[M::mem_pestat] analyzing insert size distribution for orientation RR...
[M::mem_pestat] (25, 50, 75) percentile: (194, 288, 1701)
[M::mem_pestat] low and high boundaries for computing mean and std.dev: (1, 4715)
[M::mem_pestat] mean and std.dev: (715.43, 924.60)
[M::mem_pestat] low and high boundaries for proper pairs: (1, 6222)
[M::mem_pestat] skip orientation FF
[M::mem_pestat] skip orientation RF
[M::mem_pestat] skip orientation RR
[M::process] read 1066668 sequences (160000200 bp)...
[M::mem_process_seqs] Processed 1066668 reads in 795.836 CPU sec, 51.658 real sec
[M::mem_pestat] # candidate unique pairs for (FF, FR, RF, RR): (54, 225549, 67, 30)
[M::mem_pestat] analyzing insert size distribution for orientation FF...
[M::mem_pestat] (25, 50, 75) percentile: (180, 591, 1363)
[M::mem_pestat] low and high boundaries for computing mean and std.dev: (1, 3729)
[M::mem_pestat] mean and std.dev: (752.19, 787.40)
[M::mem_pestat] low and high boundaries for proper pairs: (1, 4912)
[M::mem_pestat] analyzing insert size distribution for orientation FR...
[M::mem_pestat] (25, 50, 75) percentile: (269, 355, 460)
[M::mem_pestat] low and high boundaries for computing mean and std.dev: (1, 842)
[M::mem_pestat] mean and std.dev: (365.22, 144.02)
[M::mem_pestat] low and high boundaries for proper pairs: (1, 1033)
[M::mem_pestat] analyzing insert size distribution for orientation RF...
[M::mem_pestat] (25, 50, 75) percentile: (211, 1157, 4139)
[M::mem_pestat] low and high boundaries for computing mean and std.dev: (1, 11995)
[M::mem_pestat] mean and std.dev: (2766.93, 3250.89)
[M::mem_pestat] low and high boundaries for proper pairs: (1, 15923)
[M::mem_pestat] analyzing insert size distribution for orientation RR...
[M::mem_pestat] (25, 50, 75) percentile: (255, 355, 1279)
[M::mem_pestat] low and high boundaries for computing mean and std.dev: (1, 3327)
[M::mem_pestat] mean and std.dev: (654.85, 570.76)
[M::mem_pestat] low and high boundaries for proper pairs: (1, 4351)
[M::mem_pestat] skip orientation FF
[M::mem_pestat] skip orientation RF
[M::mem_pestat] skip orientation RR
[M::process] read 1066668 sequences (160000200 bp)...
[M::mem_process_seqs] Processed 1066668 reads in 793.406 CPU sec, 51.400 real sec
[M::mem_pestat] # candidate unique pairs for (FF, FR, RF, RR): (33, 224415, 94, 38)
[M::mem_pestat] analyzing insert size distribution for orientation FF...
[M::mem_pestat] (25, 50, 75) percentile: (359, 881, 2447)
[M::mem_pestat] low and high boundaries for computing mean and std.dev: (1, 6623)
[M::mem_pestat] mean and std.dev: (1118.87, 1150.39)
[M::mem_pestat] low and high boundaries for proper pairs: (1, 8711)
[M::mem_pestat] analyzing insert size distribution for orientation FR...
[M::mem_pestat] (25, 50, 75) percentile: (268, 355, 457)
[M::mem_pestat] low and high boundaries for computing mean and std.dev: (1, 835)
[M::mem_pestat] mean and std.dev: (363.25, 142.83)
[M::mem_pestat] low and high boundaries for proper pairs: (1, 1024)
[M::mem_pestat] analyzing insert size distribution for orientation RF...
[M::mem_pestat] (25, 50, 75) percentile: (299, 1024, 3931)
[M::mem_pestat] low and high boundaries for computing mean and std.dev: (1, 11195)
[M::mem_pestat] mean and std.dev: (2331.57, 2731.21)
[M::mem_pestat] low and high boundaries for proper pairs: (1, 14827)
[M::mem_pestat] analyzing insert size distribution for orientation RR...
[M::mem_pestat] (25, 50, 75) percentile: (403, 749, 1588)
[M::mem_pestat] low and high boundaries for computing mean and std.dev: (1, 3958)
[M::mem_pestat] mean and std.dev: (824.18, 664.38)
[M::mem_pestat] low and high boundaries for proper pairs: (1, 5143)
[M::mem_pestat] skip orientation FF
[M::mem_pestat] skip orientation RF
[M::mem_pestat] skip orientation RR
[M::process] read 1066668 sequences (160000200 bp)...
[M::mem_process_seqs] Processed 1066668 reads in 791.989 CPU sec, 51.239 real sec
[M::mem_pestat] # candidate unique pairs for (FF, FR, RF, RR): (29, 224598, 71, 36)
[M::mem_pestat] analyzing insert size distribution for orientation FF...
[M::mem_pestat] (25, 50, 75) percentile: (216, 256, 707)
[M::mem_pestat] low and high boundaries for computing mean and std.dev: (1, 1689)
[M::mem_pestat] mean and std.dev: (360.68, 301.01)
[M::mem_pestat] low and high boundaries for proper pairs: (1, 2180)
[M::mem_pestat] analyzing insert size distribution for orientation FR...
[M::mem_pestat] (25, 50, 75) percentile: (273, 361, 465)
[M::mem_pestat] low and high boundaries for computing mean and std.dev: (1, 849)
[M::mem_pestat] mean and std.dev: (369.02, 144.43)
[M::mem_pestat] low and high boundaries for proper pairs: (1, 1041)
[M::mem_pestat] analyzing insert size distribution for orientation RF...
[M::mem_pestat] (25, 50, 75) percentile: (182, 990, 6911)
[M::mem_pestat] low and high boundaries for computing mean and std.dev: (1, 20369)
[M::mem_pestat] mean and std.dev: (3199.48, 3667.13)
[M::mem_pestat] low and high boundaries for proper pairs: (1, 27098)
[M::mem_pestat] analyzing insert size distribution for orientation RR...
[M::mem_pestat] (25, 50, 75) percentile: (227, 366, 512)
[M::mem_pestat] low and high boundaries for computing mean and std.dev: (1, 1082)
[M::mem_pestat] mean and std.dev: (326.22, 181.70)
[M::mem_pestat] low and high boundaries for proper pairs: (1, 1367)
[M::mem_pestat] skip orientation FF
[M::mem_pestat] skip orientation RF
[M::mem_pestat] skip orientation RR
[M::process] read 1066668 sequences (160000200 bp)...
[M::mem_process_seqs] Processed 1066668 reads in 774.668 CPU sec, 50.201 real sec
[M::mem_pestat] # candidate unique pairs for (FF, FR, RF, RR): (54, 226489, 87, 30)
[M::mem_pestat] analyzing insert size distribution for orientation FF...
[M::mem_pestat] (25, 50, 75) percentile: (223, 528, 771)
[M::mem_pestat] low and high boundaries for computing mean and std.dev: (1, 1867)
[M::mem_pestat] mean and std.dev: (455.67, 350.49)
[M::mem_pestat] low and high boundaries for proper pairs: (1, 2415)
[M::mem_pestat] analyzing insert size distribution for orientation FR...
[M::mem_pestat] (25, 50, 75) percentile: (269, 356, 458)
[M::mem_pestat] low and high boundaries for computing mean and std.dev: (1, 836)
[M::mem_pestat] mean and std.dev: (363.77, 142.16)
[M::mem_pestat] low and high boundaries for proper pairs: (1, 1025)
[M::mem_pestat] analyzing insert size distribution for orientation RF...
[M::mem_pestat] (25, 50, 75) percentile: (350, 1417, 5576)
[M::mem_pestat] low and high boundaries for computing mean and std.dev: (1, 16028)
[M::mem_pestat] mean and std.dev: (3017.62, 3254.34)
[M::mem_pestat] low and high boundaries for proper pairs: (1, 21254)
[M::mem_pestat] analyzing insert size distribution for orientation RR...
[M::mem_pestat] (25, 50, 75) percentile: (351, 495, 1002)
[M::mem_pestat] low and high boundaries for computing mean and std.dev: (1, 2304)
[M::mem_pestat] mean and std.dev: (733.62, 630.51)
[M::mem_pestat] low and high boundaries for proper pairs: (1, 3256)
[M::mem_pestat] skip orientation FF
[M::mem_pestat] skip orientation RF
[M::mem_pestat] skip orientation RR
[M::process] read 1066668 sequences (160000200 bp)...
[M::mem_process_seqs] Processed 1066668 reads in 772.728 CPU sec, 50.074 real sec
[M::mem_pestat] # candidate unique pairs for (FF, FR, RF, RR): (33, 224831, 58, 22)
[M::mem_pestat] analyzing insert size distribution for orientation FF...
[M::mem_pestat] (25, 50, 75) percentile: (346, 799, 2207)
[M::mem_pestat] low and high boundaries for computing mean and std.dev: (1, 5929)
[M::mem_pestat] mean and std.dev: (915.89, 1013.80)
[M::mem_pestat] low and high boundaries for proper pairs: (1, 7790)
[M::mem_pestat] analyzing insert size distribution for orientation FR...
[M::mem_pestat] (25, 50, 75) percentile: (274, 363, 468)
[M::mem_pestat] low and high boundaries for computing mean and std.dev: (1, 856)
[M::mem_pestat] mean and std.dev: (371.67, 145.97)
[M::mem_pestat] low and high boundaries for proper pairs: (1, 1050)
[M::mem_pestat] analyzing insert size distribution for orientation RF...
[M::mem_pestat] (25, 50, 75) percentile: (214, 1686, 3696)
[M::mem_pestat] low and high boundaries for computing mean and std.dev: (1, 10660)
[M::mem_pestat] mean and std.dev: (2537.55, 2681.04)
[M::mem_pestat] low and high boundaries for proper pairs: (1, 14142)
[M::mem_pestat] analyzing insert size distribution for orientation RR...
[M::mem_pestat] (25, 50, 75) percentile: (279, 554, 1617)
[M::mem_pestat] low and high boundaries for computing mean and std.dev: (1, 4293)
[M::mem_pestat] mean and std.dev: (949.14, 897.34)
[M::mem_pestat] low and high boundaries for proper pairs: (1, 5631)
[M::mem_pestat] skip orientation FF
[M::mem_pestat] skip orientation RF
[M::mem_pestat] skip orientation RR
[M::process] read 1066668 sequences (160000200 bp)...
[M::mem_process_seqs] Processed 1066668 reads in 783.273 CPU sec, 50.834 real sec
[M::mem_pestat] # candidate unique pairs for (FF, FR, RF, RR): (22, 226447, 90, 31)
[M::mem_pestat] analyzing insert size distribution for orientation FF...
[M::mem_pestat] (25, 50, 75) percentile: (284, 423, 906)
[M::mem_pestat] low and high boundaries for computing mean and std.dev: (1, 2150)
[M::mem_pestat] mean and std.dev: (474.42, 375.16)
[M::mem_pestat] low and high boundaries for proper pairs: (1, 2772)
[M::mem_pestat] analyzing insert size distribution for orientation FR...
[M::mem_pestat] (25, 50, 75) percentile: (271, 357, 460)
[M::mem_pestat] low and high boundaries for computing mean and std.dev: (1, 838)
[M::mem_pestat] mean and std.dev: (365.57, 143.11)
[M::mem_pestat] low and high boundaries for proper pairs: (1, 1027)
[M::mem_pestat] analyzing insert size distribution for orientation RF...
[M::mem_pestat] (25, 50, 75) percentile: (342, 1781, 5924)
[M::mem_pestat] low and high boundaries for computing mean and std.dev: (1, 17088)
[M::mem_pestat] mean and std.dev: (3258.16, 3219.68)
[M::mem_pestat] low and high boundaries for proper pairs: (1, 22670)
[M::mem_pestat] analyzing insert size distribution for orientation RR...
[M::mem_pestat] (25, 50, 75) percentile: (252, 451, 874)
[M::mem_pestat] low and high boundaries for computing mean and std.dev: (1, 2118)
[M::mem_pestat] mean and std.dev: (520.44, 424.77)
[M::mem_pestat] low and high boundaries for proper pairs: (1, 2740)
[M::mem_pestat] skip orientation FF
[M::mem_pestat] skip orientation RF
[M::mem_pestat] skip orientation RR
[M::process] read 1066668 sequences (160000200 bp)...
[M::mem_process_seqs] Processed 1066668 reads in 779.994 CPU sec, 50.922 real sec
[M::mem_pestat] # candidate unique pairs for (FF, FR, RF, RR): (44, 224626, 79, 26)
[M::mem_pestat] analyzing insert size distribution for orientation FF...
[M::mem_pestat] (25, 50, 75) percentile: (284, 558, 3784)
[M::mem_pestat] low and high boundaries for computing mean and std.dev: (1, 10784)
[M::mem_pestat] mean and std.dev: (2150.18, 2870.89)
[M::mem_pestat] low and high boundaries for proper pairs: (1, 14284)
[M::mem_pestat] analyzing insert size distribution for orientation FR...
[M::mem_pestat] (25, 50, 75) percentile: (269, 354, 458)
[M::mem_pestat] low and high boundaries for computing mean and std.dev: (1, 836)
[M::mem_pestat] mean and std.dev: (363.86, 142.96)
[M::mem_pestat] low and high boundaries for proper pairs: (1, 1025)
[M::mem_pestat] analyzing insert size distribution for orientation RF...
[M::mem_pestat] (25, 50, 75) percentile: (176, 740, 4157)
[M::mem_pestat] low and high boundaries for computing mean and std.dev: (1, 12119)
[M::mem_pestat] mean and std.dev: (2534.44, 3097.16)
[M::mem_pestat] low and high boundaries for proper pairs: (1, 16100)
[M::mem_pestat] analyzing insert size distribution for orientation RR...
[M::mem_pestat] (25, 50, 75) percentile: (285, 618, 1715)
[M::mem_pestat] low and high boundaries for computing mean and std.dev: (1, 4575)
[M::mem_pestat] mean and std.dev: (936.17, 979.25)
[M::mem_pestat] low and high boundaries for proper pairs: (1, 6005)
[M::mem_pestat] skip orientation FF
[M::mem_pestat] skip orientation RF
[M::mem_pestat] skip orientation RR
[M::process] read 1066668 sequences (160000200 bp)...
[M::mem_process_seqs] Processed 1066668 reads in 790.933 CPU sec, 51.213 real sec
[M::mem_pestat] # candidate unique pairs for (FF, FR, RF, RR): (36, 225600, 78, 32)
[M::mem_pestat] analyzing insert size distribution for orientation FF...
[M::mem_pestat] (25, 50, 75) percentile: (222, 505, 1993)
[M::mem_pestat] low and high boundaries for computing mean and std.dev: (1, 5535)
[M::mem_pestat] mean and std.dev: (1079.18, 1279.81)
[M::mem_pestat] low and high boundaries for proper pairs: (1, 7306)
[M::mem_pestat] analyzing insert size distribution for orientation FR...
[M::mem_pestat] (25, 50, 75) percentile: (268, 354, 459)
[M::mem_pestat] low and high boundaries for computing mean and std.dev: (1, 841)
[M::mem_pestat] mean and std.dev: (364.20, 143.90)
[M::mem_pestat] low and high boundaries for proper pairs: (1, 1032)
[M::mem_pestat] analyzing insert size distribution for orientation RF...
[M::mem_pestat] (25, 50, 75) percentile: (313, 2014, 5827)
[M::mem_pestat] low and high boundaries for computing mean and std.dev: (1, 16855)
[M::mem_pestat] mean and std.dev: (3002.76, 2884.55)
[M::mem_pestat] low and high boundaries for proper pairs: (1, 22369)
[M::mem_pestat] analyzing insert size distribution for orientation RR...
[M::mem_pestat] (25, 50, 75) percentile: (234, 763, 1599)
[M::mem_pestat] low and high boundaries for computing mean and std.dev: (1, 4329)
[M::mem_pestat] mean and std.dev: (865.34, 813.68)
[M::mem_pestat] low and high boundaries for proper pairs: (1, 5694)
[M::mem_pestat] skip orientation FF
[M::mem_pestat] skip orientation RF
[M::mem_pestat] skip orientation RR
[M::process] read 1066668 sequences (160000200 bp)...
[M::mem_process_seqs] Processed 1066668 reads in 796.153 CPU sec, 51.671 real sec
[M::mem_pestat] # candidate unique pairs for (FF, FR, RF, RR): (37, 224898, 89, 26)
[M::mem_pestat] analyzing insert size distribution for orientation FF...
[M::mem_pestat] (25, 50, 75) percentile: (246, 373, 1330)
[M::mem_pestat] low and high boundaries for computing mean and std.dev: (1, 3498)
[M::mem_pestat] mean and std.dev: (520.65, 431.59)
[M::mem_pestat] low and high boundaries for proper pairs: (1, 4582)
[M::mem_pestat] analyzing insert size distribution for orientation FR...
[M::mem_pestat] (25, 50, 75) percentile: (267, 352, 456)
[M::mem_pestat] low and high boundaries for computing mean and std.dev: (1, 834)
[M::mem_pestat] mean and std.dev: (362.22, 142.41)
[M::mem_pestat] low and high boundaries for proper pairs: (1, 1023)
[M::mem_pestat] analyzing insert size distribution for orientation RF...
[M::mem_pestat] (25, 50, 75) percentile: (222, 981, 3375)
[M::mem_pestat] low and high boundaries for computing mean and std.dev: (1, 9681)
[M::mem_pestat] mean and std.dev: (2129.33, 2705.50)
[M::mem_pestat] low and high boundaries for proper pairs: (1, 12951)
[M::mem_pestat] analyzing insert size distribution for orientation RR...
[M::mem_pestat] (25, 50, 75) percentile: (214, 658, 960)
[M::mem_pestat] low and high boundaries for computing mean and std.dev: (1, 2452)
[M::mem_pestat] mean and std.dev: (650.88, 560.54)
[M::mem_pestat] low and high boundaries for proper pairs: (1, 3198)
[M::mem_pestat] skip orientation FF
[M::mem_pestat] skip orientation RF
[M::mem_pestat] skip orientation RR
[M::process] read 1066668 sequences (160000200 bp)...
[M::mem_process_seqs] Processed 1066668 reads in 810.818 CPU sec, 52.531 real sec
[M::mem_pestat] # candidate unique pairs for (FF, FR, RF, RR): (34, 221668, 66, 39)
[M::mem_pestat] analyzing insert size distribution for orientation FF...
[M::mem_pestat] (25, 50, 75) percentile: (308, 991, 3288)
[M::mem_pestat] low and high boundaries for computing mean and std.dev: (1, 9248)
[M::mem_pestat] mean and std.dev: (1706.32, 1792.76)
[M::mem_pestat] low and high boundaries for proper pairs: (1, 12228)
[M::mem_pestat] analyzing insert size distribution for orientation FR...
[M::mem_pestat] (25, 50, 75) percentile: (274, 370, 485)
[M::mem_pestat] low and high boundaries for computing mean and std.dev: (1, 907)
[M::mem_pestat] mean and std.dev: (380.04, 153.85)
[M::mem_pestat] low and high boundaries for proper pairs: (1, 1118)
[M::mem_pestat] analyzing insert size distribution for orientation RF...
[M::mem_pestat] (25, 50, 75) percentile: (331, 2239, 3505)
[M::mem_pestat] low and high boundaries for computing mean and std.dev: (1, 9853)
[M::mem_pestat] mean and std.dev: (2581.36, 2690.91)
[M::mem_pestat] low and high boundaries for proper pairs: (1, 13345)
[M::mem_pestat] analyzing insert size distribution for orientation RR...
[M::mem_pestat] (25, 50, 75) percentile: (341, 932, 3105)
[M::mem_pestat] low and high boundaries for computing mean and std.dev: (1, 8633)
[M::mem_pestat] mean and std.dev: (1767.77, 1842.69)
[M::mem_pestat] low and high boundaries for proper pairs: (1, 11397)
[M::mem_pestat] skip orientation FF
[M::mem_pestat] skip orientation RF
[M::mem_pestat] skip orientation RR
[M::process] read 1066668 sequences (160000200 bp)...
[M::mem_process_seqs] Processed 1066668 reads in 818.231 CPU sec, 52.988 real sec
[M::mem_pestat] # candidate unique pairs for (FF, FR, RF, RR): (38, 222802, 78, 45)
[M::mem_pestat] analyzing insert size distribution for orientation FF...
[M::mem_pestat] (25, 50, 75) percentile: (286, 507, 1377)
[M::mem_pestat] low and high boundaries for computing mean and std.dev: (1, 3559)
[M::mem_pestat] mean and std.dev: (555.66, 553.39)
[M::mem_pestat] low and high boundaries for proper pairs: (1, 4650)
[M::mem_pestat] analyzing insert size distribution for orientation FR...
[M::mem_pestat] (25, 50, 75) percentile: (278, 375, 488)
[M::mem_pestat] low and high boundaries for computing mean and std.dev: (1, 908)
[M::mem_pestat] mean and std.dev: (383.38, 153.50)
[M::mem_pestat] low and high boundaries for proper pairs: (1, 1118)
[M::mem_pestat] analyzing insert size distribution for orientation RF...
[M::mem_pestat] (25, 50, 75) percentile: (337, 952, 4010)
[M::mem_pestat] low and high boundaries for computing mean and std.dev: (1, 11356)
[M::mem_pestat] mean and std.dev: (2304.40, 2554.42)
[M::mem_pestat] low and high boundaries for proper pairs: (1, 15029)
[M::mem_pestat] analyzing insert size distribution for orientation RR...
[M::mem_pestat] (25, 50, 75) percentile: (326, 491, 936)
[M::mem_pestat] low and high boundaries for computing mean and std.dev: (1, 2156)
[M::mem_pestat] mean and std.dev: (562.31, 403.46)
[M::mem_pestat] low and high boundaries for proper pairs: (1, 2766)
[M::mem_pestat] skip orientation FF
[M::mem_pestat] skip orientation RF
[M::mem_pestat] skip orientation RR
[M::process] read 1066668 sequences (160000200 bp)...
[M::mem_process_seqs] Processed 1066668 reads in 814.339 CPU sec, 52.811 real sec
[M::mem_pestat] # candidate unique pairs for (FF, FR, RF, RR): (44, 223114, 75, 31)
[M::mem_pestat] analyzing insert size distribution for orientation FF...
[M::mem_pestat] (25, 50, 75) percentile: (312, 528, 1111)
[M::mem_pestat] low and high boundaries for computing mean and std.dev: (1, 2709)
[M::mem_pestat] mean and std.dev: (649.25, 554.84)
[M::mem_pestat] low and high boundaries for proper pairs: (1, 3508)
[M::mem_pestat] analyzing insert size distribution for orientation FR...
[M::mem_pestat] (25, 50, 75) percentile: (273, 366, 479)
[M::mem_pestat] low and high boundaries for computing mean and std.dev: (1, 891)
[M::mem_pestat] mean and std.dev: (377.09, 152.14)
[M::mem_pestat] low and high boundaries for proper pairs: (1, 1097)
[M::mem_pestat] analyzing insert size distribution for orientation RF...
[M::mem_pestat] (25, 50, 75) percentile: (158, 1157, 3401)
[M::mem_pestat] low and high boundaries for computing mean and std.dev: (1, 9887)
[M::mem_pestat] mean and std.dev: (2151.20, 2561.96)
[M::mem_pestat] low and high boundaries for proper pairs: (1, 13130)
[M::mem_pestat] analyzing insert size distribution for orientation RR...
[M::mem_pestat] (25, 50, 75) percentile: (273, 360, 1990)
[M::mem_pestat] low and high boundaries for computing mean and std.dev: (1, 5424)
[M::mem_pestat] mean and std.dev: (686.77, 779.40)
[M::mem_pestat] low and high boundaries for proper pairs: (1, 7141)
[M::mem_pestat] skip orientation FF
[M::mem_pestat] skip orientation RF
[M::mem_pestat] skip orientation RR
[M::process] read 1066668 sequences (160000200 bp)...
[M::mem_process_seqs] Processed 1066668 reads in 803.860 CPU sec, 52.259 real sec
[M::mem_pestat] # candidate unique pairs for (FF, FR, RF, RR): (29, 222997, 60, 36)
[M::mem_pestat] analyzing insert size distribution for orientation FF...
[M::mem_pestat] (25, 50, 75) percentile: (210, 381, 625)
[M::mem_pestat] low and high boundaries for computing mean and std.dev: (1, 1455)
[M::mem_pestat] mean and std.dev: (428.27, 312.74)
[M::mem_pestat] low and high boundaries for proper pairs: (1, 1870)
[M::mem_pestat] analyzing insert size distribution for orientation FR...
[M::mem_pestat] (25, 50, 75) percentile: (272, 364, 476)
[M::mem_pestat] low and high boundaries for computing mean and std.dev: (1, 884)
[M::mem_pestat] mean and std.dev: (374.58, 150.85)
[M::mem_pestat] low and high boundaries for proper pairs: (1, 1088)
[M::mem_pestat] analyzing insert size distribution for orientation RF...
[M::mem_pestat] (25, 50, 75) percentile: (170, 676, 4744)
[M::mem_pestat] low and high boundaries for computing mean and std.dev: (1, 13892)
[M::mem_pestat] mean and std.dev: (2218.80, 2665.21)
[M::mem_pestat] low and high boundaries for proper pairs: (1, 18466)
[M::mem_pestat] analyzing insert size distribution for orientation RR...
[M::mem_pestat] (25, 50, 75) percentile: (295, 405, 778)
[M::mem_pestat] low and high boundaries for computing mean and std.dev: (1, 1744)
[M::mem_pestat] mean and std.dev: (492.75, 322.84)
[M::mem_pestat] low and high boundaries for proper pairs: (1, 2227)
[M::mem_pestat] skip orientation FF
[M::mem_pestat] skip orientation RF
[M::mem_pestat] skip orientation RR
[M::process] read 1066668 sequences (160000200 bp)...
[M::mem_process_seqs] Processed 1066668 reads in 808.128 CPU sec, 52.438 real sec
[M::mem_pestat] # candidate unique pairs for (FF, FR, RF, RR): (28, 224213, 88, 27)
[M::mem_pestat] analyzing insert size distribution for orientation FF...
[M::mem_pestat] (25, 50, 75) percentile: (277, 542, 2762)
[M::mem_pestat] low and high boundaries for computing mean and std.dev: (1, 7732)
[M::mem_pestat] mean and std.dev: (1388.35, 1977.99)
[M::mem_pestat] low and high boundaries for proper pairs: (1, 10217)
[M::mem_pestat] analyzing insert size distribution for orientation FR...
[M::mem_pestat] (25, 50, 75) percentile: (274, 365, 476)
[M::mem_pestat] low and high boundaries for computing mean and std.dev: (1, 880)
[M::mem_pestat] mean and std.dev: (375.68, 149.74)
[M::mem_pestat] low and high boundaries for proper pairs: (1, 1082)
[M::mem_pestat] analyzing insert size distribution for orientation RF...
[M::mem_pestat] (25, 50, 75) percentile: (220, 1580, 4755)
[M::mem_pestat] low and high boundaries for computing mean and std.dev: (1, 13825)
[M::mem_pestat] mean and std.dev: (2508.85, 2597.39)
[M::mem_pestat] low and high boundaries for proper pairs: (1, 18360)
[M::mem_pestat] analyzing insert size distribution for orientation RR...
[M::mem_pestat] (25, 50, 75) percentile: (209, 372, 765)
[M::mem_pestat] low and high boundaries for computing mean and std.dev: (1, 1877)
[M::mem_pestat] mean and std.dev: (370.14, 233.27)
[M::mem_pestat] low and high boundaries for proper pairs: (1, 2433)
[M::mem_pestat] skip orientation FF
[M::mem_pestat] skip orientation RF
[M::mem_pestat] skip orientation RR
[M::process] read 1066668 sequences (160000200 bp)...
[M::mem_process_seqs] Processed 1066668 reads in 811.251 CPU sec, 52.730 real sec
[M::mem_pestat] # candidate unique pairs for (FF, FR, RF, RR): (36, 224285, 69, 44)
[M::mem_pestat] analyzing insert size distribution for orientation FF...
[M::mem_pestat] (25, 50, 75) percentile: (238, 372, 661)
[M::mem_pestat] low and high boundaries for computing mean and std.dev: (1, 1507)
[M::mem_pestat] mean and std.dev: (439.00, 323.85)
[M::mem_pestat] low and high boundaries for proper pairs: (1, 1930)
[M::mem_pestat] analyzing insert size distribution for orientation FR...
[M::mem_pestat] (25, 50, 75) percentile: (275, 365, 473)
[M::mem_pestat] low and high boundaries for computing mean and std.dev: (1, 869)
[M::mem_pestat] mean and std.dev: (375.12, 148.31)
[M::mem_pestat] low and high boundaries for proper pairs: (1, 1067)
[M::mem_pestat] analyzing insert size distribution for orientation RF...
[M::mem_pestat] (25, 50, 75) percentile: (326, 1035, 5051)
[M::mem_pestat] low and high boundaries for computing mean and std.dev: (1, 14501)
[M::mem_pestat] mean and std.dev: (2717.91, 3045.73)
[M::mem_pestat] low and high boundaries for proper pairs: (1, 19226)
[M::mem_pestat] analyzing insert size distribution for orientation RR...
[M::mem_pestat] (25, 50, 75) percentile: (209, 354, 1555)
[M::mem_pestat] low and high boundaries for computing mean and std.dev: (1, 4247)
[M::mem_pestat] mean and std.dev: (943.53, 1243.41)
[M::mem_pestat] low and high boundaries for proper pairs: (1, 5917)
[M::mem_pestat] skip orientation FF
[M::mem_pestat] skip orientation RF
[M::mem_pestat] skip orientation RR
[M::mem_process_seqs] Processed 1066668 reads in 811.209 CPU sec, 53.932 real sec
[M::process] read 1066668 sequences (160000200 bp)...
[M::mem_pestat] # candidate unique pairs for (FF, FR, RF, RR): (40, 224443, 82, 35)
[M::mem_pestat] analyzing insert size distribution for orientation FF...
[M::mem_pestat] (25, 50, 75) percentile: (329, 759, 2157)
[M::mem_pestat] low and high boundaries for computing mean and std.dev: (1, 5813)
[M::mem_pestat] mean and std.dev: (916.25, 799.55)
[M::mem_pestat] low and high boundaries for proper pairs: (1, 7641)
[M::mem_pestat] analyzing insert size distribution for orientation FR...
[M::mem_pestat] (25, 50, 75) percentile: (274, 363, 472)
[M::mem_pestat] low and high boundaries for computing mean and std.dev: (1, 868)
[M::mem_pestat] mean and std.dev: (373.44, 147.44)
[M::mem_pestat] low and high boundaries for proper pairs: (1, 1066)
[M::mem_pestat] analyzing insert size distribution for orientation RF...
[M::mem_pestat] (25, 50, 75) percentile: (237, 1228, 3441)
[M::mem_pestat] low and high boundaries for computing mean and std.dev: (1, 9849)
[M::mem_pestat] mean and std.dev: (2357.09, 2559.19)
[M::mem_pestat] low and high boundaries for proper pairs: (1, 13053)
[M::mem_pestat] analyzing insert size distribution for orientation RR...
[M::mem_pestat] (25, 50, 75) percentile: (340, 593, 2131)
[M::mem_pestat] low and high boundaries for computing mean and std.dev: (1, 5713)
[M::mem_pestat] mean and std.dev: (1017.62, 861.12)
[M::mem_pestat] low and high boundaries for proper pairs: (1, 7504)
[M::mem_pestat] skip orientation FF
[M::mem_pestat] skip orientation RF
[M::mem_pestat] skip orientation RR
[M::process] read 1066668 sequences (160000200 bp)...
[M::mem_process_seqs] Processed 1066668 reads in 806.023 CPU sec, 51.812 real sec
[M::mem_pestat] # candidate unique pairs for (FF, FR, RF, RR): (40, 222767, 77, 29)
[M::mem_pestat] analyzing insert size distribution for orientation FF...
[M::mem_pestat] (25, 50, 75) percentile: (298, 537, 1836)
[M::mem_pestat] low and high boundaries for computing mean and std.dev: (1, 4912)
[M::mem_pestat] mean and std.dev: (1052.51, 1234.46)
[M::mem_pestat] low and high boundaries for proper pairs: (1, 6450)
[M::mem_pestat] analyzing insert size distribution for orientation FR...
[M::mem_pestat] (25, 50, 75) percentile: (269, 361, 473)
[M::mem_pestat] low and high boundaries for computing mean and std.dev: (1, 881)
[M::mem_pestat] mean and std.dev: (372.44, 151.40)
[M::mem_pestat] low and high boundaries for proper pairs: (1, 1085)
[M::mem_pestat] analyzing insert size distribution for orientation RF...
[M::mem_pestat] (25, 50, 75) percentile: (220, 1242, 5619)
[M::mem_pestat] low and high boundaries for computing mean and std.dev: (1, 16417)
[M::mem_pestat] mean and std.dev: (2838.44, 3038.05)
[M::mem_pestat] low and high boundaries for proper pairs: (1, 21816)
[M::mem_pestat] analyzing insert size distribution for orientation RR...
[M::mem_pestat] (25, 50, 75) percentile: (264, 716, 1242)
[M::mem_pestat] low and high boundaries for computing mean and std.dev: (1, 3198)
[M::mem_pestat] mean and std.dev: (713.76, 609.80)
[M::mem_pestat] low and high boundaries for proper pairs: (1, 4176)
[M::mem_pestat] skip orientation FF
[M::mem_pestat] skip orientation RF
[M::mem_pestat] skip orientation RR
[M::process] read 1066668 sequences (160000200 bp)...
[M::mem_process_seqs] Processed 1066668 reads in 820.913 CPU sec, 53.064 real sec
[M::mem_pestat] # candidate unique pairs for (FF, FR, RF, RR): (32, 221122, 75, 59)
[M::mem_pestat] analyzing insert size distribution for orientation FF...
[M::mem_pestat] (25, 50, 75) percentile: (396, 633, 1232)
[M::mem_pestat] low and high boundaries for computing mean and std.dev: (1, 2904)
[M::mem_pestat] mean and std.dev: (671.85, 483.90)
[M::mem_pestat] low and high boundaries for proper pairs: (1, 3740)
[M::mem_pestat] analyzing insert size distribution for orientation FR...
[M::mem_pestat] (25, 50, 75) percentile: (269, 363, 481)
[M::mem_pestat] low and high boundaries for computing mean and std.dev: (1, 905)
[M::mem_pestat] mean and std.dev: (375.45, 155.07)
[M::mem_pestat] low and high boundaries for proper pairs: (1, 1117)
[M::mem_pestat] analyzing insert size distribution for orientation RF...
[M::mem_pestat] (25, 50, 75) percentile: (251, 1032, 5930)
[M::mem_pestat] low and high boundaries for computing mean and std.dev: (1, 17288)
[M::mem_pestat] mean and std.dev: (2710.29, 2823.66)
[M::mem_pestat] low and high boundaries for proper pairs: (1, 22967)
[M::mem_pestat] analyzing insert size distribution for orientation RR...
[M::mem_pestat] (25, 50, 75) percentile: (342, 468, 918)
[M::mem_pestat] low and high boundaries for computing mean and std.dev: (1, 2070)
[M::mem_pestat] mean and std.dev: (572.06, 422.80)
[M::mem_pestat] low and high boundaries for proper pairs: (1, 2646)
[M::mem_pestat] skip orientation FF
[M::mem_pestat] skip orientation RF
[M::mem_pestat] skip orientation RR
[M::process] read 1066668 sequences (160000200 bp)...
[M::mem_process_seqs] Processed 1066668 reads in 811.983 CPU sec, 52.766 real sec
[M::mem_pestat] # candidate unique pairs for (FF, FR, RF, RR): (35, 222841, 79, 34)
[M::mem_pestat] analyzing insert size distribution for orientation FF...
[M::mem_pestat] (25, 50, 75) percentile: (489, 682, 1697)
[M::mem_pestat] low and high boundaries for computing mean and std.dev: (1, 4113)
[M::mem_pestat] mean and std.dev: (1021.73, 902.84)
[M::mem_pestat] low and high boundaries for proper pairs: (1, 5321)
[M::mem_pestat] analyzing insert size distribution for orientation FR...
[M::mem_pestat] (25, 50, 75) percentile: (270, 363, 480)
[M::mem_pestat] low and high boundaries for computing mean and std.dev: (1, 900)
[M::mem_pestat] mean and std.dev: (375.58, 153.77)
[M::mem_pestat] low and high boundaries for proper pairs: (1, 1110)
[M::mem_pestat] analyzing insert size distribution for orientation RF...
[M::mem_pestat] (25, 50, 75) percentile: (568, 2179, 4563)
[M::mem_pestat] low and high boundaries for computing mean and std.dev: (1, 12553)
[M::mem_pestat] mean and std.dev: (2745.94, 2530.97)
[M::mem_pestat] low and high boundaries for proper pairs: (1, 16548)
[M::mem_pestat] analyzing insert size distribution for orientation RR...
[M::mem_pestat] (25, 50, 75) percentile: (320, 801, 3176)
[M::mem_pestat] low and high boundaries for computing mean and std.dev: (1, 8888)
[M::mem_pestat] mean and std.dev: (1888.41, 2042.93)
[M::mem_pestat] low and high boundaries for proper pairs: (1, 11744)
[M::mem_pestat] skip orientation FF
[M::mem_pestat] skip orientation RF
[M::mem_pestat] skip orientation RR
[M::process] read 1066668 sequences (160000200 bp)...
[M::mem_process_seqs] Processed 1066668 reads in 810.275 CPU sec, 52.480 real sec
[M::mem_pestat] # candidate unique pairs for (FF, FR, RF, RR): (36, 222342, 86, 33)
[M::mem_pestat] analyzing insert size distribution for orientation FF...
[M::mem_pestat] (25, 50, 75) percentile: (360, 781, 1615)
[M::mem_pestat] low and high boundaries for computing mean and std.dev: (1, 4125)
[M::mem_pestat] mean and std.dev: (903.80, 706.92)
[M::mem_pestat] low and high boundaries for proper pairs: (1, 5380)
[M::mem_pestat] analyzing insert size distribution for orientation FR...
[M::mem_pestat] (25, 50, 75) percentile: (271, 365, 479)
[M::mem_pestat] low and high boundaries for computing mean and std.dev: (1, 895)
[M::mem_pestat] mean and std.dev: (376.21, 152.56)
[M::mem_pestat] low and high boundaries for proper pairs: (1, 1103)
[M::mem_pestat] analyzing insert size distribution for orientation RF...
[M::mem_pestat] (25, 50, 75) percentile: (435, 1253, 5281)
[M::mem_pestat] low and high boundaries for computing mean and std.dev: (1, 14973)
[M::mem_pestat] mean and std.dev: (2909.28, 3207.60)
[M::mem_pestat] low and high boundaries for proper pairs: (1, 19819)
[M::mem_pestat] analyzing insert size distribution for orientation RR...
[M::mem_pestat] (25, 50, 75) percentile: (220, 385, 1907)
[M::mem_pestat] low and high boundaries for computing mean and std.dev: (1, 5281)
[M::mem_pestat] mean and std.dev: (904.70, 1222.82)
[M::mem_pestat] low and high boundaries for proper pairs: (1, 6968)
[M::mem_pestat] skip orientation FF
[M::mem_pestat] skip orientation RF
[M::mem_pestat] skip orientation RR
[M::process] read 1066668 sequences (160000200 bp)...
[M::mem_process_seqs] Processed 1066668 reads in 813.164 CPU sec, 52.639 real sec
[M::mem_pestat] # candidate unique pairs for (FF, FR, RF, RR): (43, 224648, 92, 41)
[M::mem_pestat] analyzing insert size distribution for orientation FF...
[M::mem_pestat] (25, 50, 75) percentile: (397, 771, 1962)
[M::mem_pestat] low and high boundaries for computing mean and std.dev: (1, 5092)
[M::mem_pestat] mean and std.dev: (1101.00, 920.59)
[M::mem_pestat] low and high boundaries for proper pairs: (1, 6657)
[M::mem_pestat] analyzing insert size distribution for orientation FR...
[M::mem_pestat] (25, 50, 75) percentile: (273, 367, 481)
[M::mem_pestat] low and high boundaries for computing mean and std.dev: (1, 897)
[M::mem_pestat] mean and std.dev: (377.93, 153.09)
[M::mem_pestat] low and high boundaries for proper pairs: (1, 1105)
[M::mem_pestat] analyzing insert size distribution for orientation RF...
[M::mem_pestat] (25, 50, 75) percentile: (352, 2080, 6716)
[M::mem_pestat] low and high boundaries for computing mean and std.dev: (1, 19444)
[M::mem_pestat] mean and std.dev: (3351.13, 3335.01)
[M::mem_pestat] low and high boundaries for proper pairs: (1, 25808)
[M::mem_pestat] analyzing insert size distribution for orientation RR...
[M::mem_pestat] (25, 50, 75) percentile: (362, 467, 928)
[M::mem_pestat] low and high boundaries for computing mean and std.dev: (1, 2060)
[M::mem_pestat] mean and std.dev: (577.69, 392.39)
[M::mem_pestat] low and high boundaries for proper pairs: (1, 2626)
[M::mem_pestat] skip orientation FF
[M::mem_pestat] skip orientation RF
[M::mem_pestat] skip orientation RR
[M::process] read 1066668 sequences (160000200 bp)...
[M::mem_process_seqs] Processed 1066668 reads in 805.849 CPU sec, 52.207 real sec
[M::mem_pestat] # candidate unique pairs for (FF, FR, RF, RR): (35, 224128, 82, 37)
[M::mem_pestat] analyzing insert size distribution for orientation FF...
[M::mem_pestat] (25, 50, 75) percentile: (369, 560, 1261)
[M::mem_pestat] low and high boundaries for computing mean and std.dev: (1, 3045)
[M::mem_pestat] mean and std.dev: (752.67, 662.13)
[M::mem_pestat] low and high boundaries for proper pairs: (1, 3937)
[M::mem_pestat] analyzing insert size distribution for orientation FR...
[M::mem_pestat] (25, 50, 75) percentile: (278, 372, 488)
[M::mem_pestat] low and high boundaries for computing mean and std.dev: (1, 908)
[M::mem_pestat] mean and std.dev: (383.26, 154.26)
[M::mem_pestat] low and high boundaries for proper pairs: (1, 1118)
[M::mem_pestat] analyzing insert size distribution for orientation RF...
[M::mem_pestat] (25, 50, 75) percentile: (178, 947, 3646)
[M::mem_pestat] low and high boundaries for computing mean and std.dev: (1, 10582)
[M::mem_pestat] mean and std.dev: (2142.49, 2541.30)
[M::mem_pestat] low and high boundaries for proper pairs: (1, 14050)
[M::mem_pestat] analyzing insert size distribution for orientation RR...
[M::mem_pestat] (25, 50, 75) percentile: (239, 493, 1062)
[M::mem_pestat] low and high boundaries for computing mean and std.dev: (1, 2708)
[M::mem_pestat] mean and std.dev: (724.03, 661.38)
[M::mem_pestat] low and high boundaries for proper pairs: (1, 3531)
[M::mem_pestat] skip orientation FF
[M::mem_pestat] skip orientation RF
[M::mem_pestat] skip orientation RR
[M::process] read 1066668 sequences (160000200 bp)...
[M::mem_process_seqs] Processed 1066668 reads in 811.124 CPU sec, 52.587 real sec
[M::mem_pestat] # candidate unique pairs for (FF, FR, RF, RR): (37, 223935, 76, 36)
[M::mem_pestat] analyzing insert size distribution for orientation FF...
[M::mem_pestat] (25, 50, 75) percentile: (205, 375, 517)
[M::mem_pestat] low and high boundaries for computing mean and std.dev: (1, 1141)
[M::mem_pestat] mean and std.dev: (352.71, 192.41)
[M::mem_pestat] low and high boundaries for proper pairs: (1, 1453)
[M::mem_pestat] analyzing insert size distribution for orientation FR...
[M::mem_pestat] (25, 50, 75) percentile: (274, 365, 478)
[M::mem_pestat] low and high boundaries for computing mean and std.dev: (1, 886)
[M::mem_pestat] mean and std.dev: (377.31, 151.57)
[M::mem_pestat] low and high boundaries for proper pairs: (1, 1090)
[M::mem_pestat] analyzing insert size distribution for orientation RF...
[M::mem_pestat] (25, 50, 75) percentile: (450, 2410, 5306)
[M::mem_pestat] low and high boundaries for computing mean and std.dev: (1, 15018)
[M::mem_pestat] mean and std.dev: (3139.29, 3181.83)
[M::mem_pestat] low and high boundaries for proper pairs: (1, 19874)
[M::mem_pestat] analyzing insert size distribution for orientation RR...
[M::mem_pestat] (25, 50, 75) percentile: (440, 1353, 1728)
[M::mem_pestat] low and high boundaries for computing mean and std.dev: (1, 4304)
[M::mem_pestat] mean and std.dev: (1028.07, 678.65)
[M::mem_pestat] low and high boundaries for proper pairs: (1, 5592)
[M::mem_pestat] skip orientation FF
[M::mem_pestat] skip orientation RF
[M::mem_pestat] skip orientation RR
[M::process] read 1066668 sequences (160000200 bp)...
[M::mem_process_seqs] Processed 1066668 reads in 805.433 CPU sec, 52.316 real sec
[M::mem_pestat] # candidate unique pairs for (FF, FR, RF, RR): (43, 224380, 54, 48)
[M::mem_pestat] analyzing insert size distribution for orientation FF...
[M::mem_pestat] (25, 50, 75) percentile: (327, 451, 694)
[M::mem_pestat] low and high boundaries for computing mean and std.dev: (1, 1428)
[M::mem_pestat] mean and std.dev: (426.31, 186.36)
[M::mem_pestat] low and high boundaries for proper pairs: (1, 1795)
[M::mem_pestat] analyzing insert size distribution for orientation FR...
[M::mem_pestat] (25, 50, 75) percentile: (273, 365, 480)
[M::mem_pestat] low and high boundaries for computing mean and std.dev: (1, 894)
[M::mem_pestat] mean and std.dev: (378.02, 152.41)
[M::mem_pestat] low and high boundaries for proper pairs: (1, 1101)
[M::mem_pestat] analyzing insert size distribution for orientation RF...
[M::mem_pestat] (25, 50, 75) percentile: (203, 1252, 4999)
[M::mem_pestat] low and high boundaries for computing mean and std.dev: (1, 14591)
[M::mem_pestat] mean and std.dev: (2460.00, 2511.69)
[M::mem_pestat] low and high boundaries for proper pairs: (1, 19387)
[M::mem_pestat] analyzing insert size distribution for orientation RR...
[M::mem_pestat] (25, 50, 75) percentile: (271, 656, 2228)
[M::mem_pestat] low and high boundaries for computing mean and std.dev: (1, 6142)
[M::mem_pestat] mean and std.dev: (1158.36, 1484.46)
[M::mem_pestat] low and high boundaries for proper pairs: (1, 8099)
[M::mem_pestat] skip orientation FF
[M::mem_pestat] skip orientation RF
[M::mem_pestat] skip orientation RR
[M::process] read 1066668 sequences (160000200 bp)...
[M::mem_process_seqs] Processed 1066668 reads in 814.958 CPU sec, 52.926 real sec
[M::mem_pestat] # candidate unique pairs for (FF, FR, RF, RR): (38, 221888, 67, 32)
[M::mem_pestat] analyzing insert size distribution for orientation FF...
[M::mem_pestat] (25, 50, 75) percentile: (352, 547, 1171)
[M::mem_pestat] low and high boundaries for computing mean and std.dev: (1, 2809)
[M::mem_pestat] mean and std.dev: (625.61, 484.56)
[M::mem_pestat] low and high boundaries for proper pairs: (1, 3628)
[M::mem_pestat] analyzing insert size distribution for orientation FR...
[M::mem_pestat] (25, 50, 75) percentile: (264, 356, 472)
[M::mem_pestat] low and high boundaries for computing mean and std.dev: (1, 888)
[M::mem_pestat] mean and std.dev: (369.33, 153.85)
[M::mem_pestat] low and high boundaries for proper pairs: (1, 1096)
[M::mem_pestat] analyzing insert size distribution for orientation RF...
[M::mem_pestat] (25, 50, 75) percentile: (286, 763, 3827)
[M::mem_pestat] low and high boundaries for computing mean and std.dev: (1, 10909)
[M::mem_pestat] mean and std.dev: (2260.24, 2853.64)
[M::mem_pestat] low and high boundaries for proper pairs: (1, 14450)
[M::mem_pestat] analyzing insert size distribution for orientation RR...
[M::mem_pestat] (25, 50, 75) percentile: (207, 332, 1037)
[M::mem_pestat] low and high boundaries for computing mean and std.dev: (1, 2697)
[M::mem_pestat] mean and std.dev: (439.38, 365.33)
[M::mem_pestat] low and high boundaries for proper pairs: (1, 3527)
[M::mem_pestat] skip orientation FF
[M::mem_pestat] skip orientation RF
[M::mem_pestat] skip orientation RR
[M::process] read 1066668 sequences (160000200 bp)...
[M::mem_process_seqs] Processed 1066668 reads in 817.402 CPU sec, 52.981 real sec
[M::mem_pestat] # candidate unique pairs for (FF, FR, RF, RR): (55, 221503, 83, 43)
[M::mem_pestat] analyzing insert size distribution for orientation FF...
[M::mem_pestat] (25, 50, 75) percentile: (316, 442, 696)
[M::mem_pestat] low and high boundaries for computing mean and std.dev: (1, 1456)
[M::mem_pestat] mean and std.dev: (413.84, 179.83)
[M::mem_pestat] low and high boundaries for proper pairs: (1, 1836)
[M::mem_pestat] analyzing insert size distribution for orientation FR...
[M::mem_pestat] (25, 50, 75) percentile: (267, 362, 478)
[M::mem_pestat] low and high boundaries for computing mean and std.dev: (1, 900)
[M::mem_pestat] mean and std.dev: (373.62, 154.87)
[M::mem_pestat] low and high boundaries for proper pairs: (1, 1111)
[M::mem_pestat] analyzing insert size distribution for orientation RF...
[M::mem_pestat] (25, 50, 75) percentile: (263, 1529, 5617)
[M::mem_pestat] low and high boundaries for computing mean and std.dev: (1, 16325)
[M::mem_pestat] mean and std.dev: (2937.53, 3209.67)
[M::mem_pestat] low and high boundaries for proper pairs: (1, 21679)
[M::mem_pestat] analyzing insert size distribution for orientation RR...
[M::mem_pestat] (25, 50, 75) percentile: (207, 324, 1028)
[M::mem_pestat] low and high boundaries for computing mean and std.dev: (1, 2670)
[M::mem_pestat] mean and std.dev: (413.08, 319.80)
[M::mem_pestat] low and high boundaries for proper pairs: (1, 3491)
[M::mem_pestat] skip orientation FF
[M::mem_pestat] skip orientation RF
[M::mem_pestat] skip orientation RR
[M::process] read 1066668 sequences (160000200 bp)...
[M::mem_process_seqs] Processed 1066668 reads in 817.965 CPU sec, 52.940 real sec
[M::mem_pestat] # candidate unique pairs for (FF, FR, RF, RR): (48, 221581, 66, 27)
[M::mem_pestat] analyzing insert size distribution for orientation FF...
[M::mem_pestat] (25, 50, 75) percentile: (306, 765, 1617)
[M::mem_pestat] low and high boundaries for computing mean and std.dev: (1, 4239)
[M::mem_pestat] mean and std.dev: (841.93, 651.24)
[M::mem_pestat] low and high boundaries for proper pairs: (1, 5550)
[M::mem_pestat] analyzing insert size distribution for orientation FR...
[M::mem_pestat] (25, 50, 75) percentile: (264, 357, 470)
[M::mem_pestat] low and high boundaries for computing mean and std.dev: (1, 882)
[M::mem_pestat] mean and std.dev: (368.21, 151.89)
[M::mem_pestat] low and high boundaries for proper pairs: (1, 1088)
[M::mem_pestat] analyzing insert size distribution for orientation RF...
[M::mem_pestat] (25, 50, 75) percentile: (154, 693, 3434)
[M::mem_pestat] low and high boundaries for computing mean and std.dev: (1, 9994)
[M::mem_pestat] mean and std.dev: (2044.39, 2521.42)
[M::mem_pestat] low and high boundaries for proper pairs: (1, 13274)
[M::mem_pestat] analyzing insert size distribution for orientation RR...
[M::mem_pestat] (25, 50, 75) percentile: (342, 382, 1176)
[M::mem_pestat] low and high boundaries for computing mean and std.dev: (1, 2844)
[M::mem_pestat] mean and std.dev: (469.00, 300.96)
[M::mem_pestat] low and high boundaries for proper pairs: (1, 3678)
[M::mem_pestat] skip orientation FF
[M::mem_pestat] skip orientation RF
[M::mem_pestat] skip orientation RR
[M::process] read 1066668 sequences (160000200 bp)...
[M::mem_process_seqs] Processed 1066668 reads in 816.027 CPU sec, 53.054 real sec
[M::mem_pestat] # candidate unique pairs for (FF, FR, RF, RR): (36, 222735, 60, 33)
[M::mem_pestat] analyzing insert size distribution for orientation FF...
[M::mem_pestat] (25, 50, 75) percentile: (275, 594, 1066)
[M::mem_pestat] low and high boundaries for computing mean and std.dev: (1, 2648)
[M::mem_pestat] mean and std.dev: (710.72, 544.52)
[M::mem_pestat] low and high boundaries for proper pairs: (1, 3439)
[M::mem_pestat] analyzing insert size distribution for orientation FR...
[M::mem_pestat] (25, 50, 75) percentile: (269, 363, 478)
[M::mem_pestat] low and high boundaries for computing mean and std.dev: (1, 896)
[M::mem_pestat] mean and std.dev: (374.49, 153.44)
[M::mem_pestat] low and high boundaries for proper pairs: (1, 1105)
[M::mem_pestat] analyzing insert size distribution for orientation RF...
[M::mem_pestat] (25, 50, 75) percentile: (99, 1032, 3371)
[M::mem_pestat] low and high boundaries for computing mean and std.dev: (1, 9915)
[M::mem_pestat] mean and std.dev: (2323.82, 2872.14)
[M::mem_pestat] low and high boundaries for proper pairs: (1, 13812)
[M::mem_pestat] analyzing insert size distribution for orientation RR...
[M::mem_pestat] (25, 50, 75) percentile: (269, 376, 1731)
[M::mem_pestat] low and high boundaries for computing mean and std.dev: (1, 4655)
[M::mem_pestat] mean and std.dev: (603.72, 644.35)
[M::mem_pestat] low and high boundaries for proper pairs: (1, 6117)
[M::mem_pestat] skip orientation FF
[M::mem_pestat] skip orientation RF
[M::mem_pestat] skip orientation RR
[M::process] read 1066668 sequences (160000200 bp)...
[M::mem_process_seqs] Processed 1066668 reads in 813.227 CPU sec, 52.559 real sec
[M::mem_pestat] # candidate unique pairs for (FF, FR, RF, RR): (42, 224218, 114, 28)
[M::mem_pestat] analyzing insert size distribution for orientation FF...
[M::mem_pestat] (25, 50, 75) percentile: (306, 639, 1640)
[M::mem_pestat] low and high boundaries for computing mean and std.dev: (1, 4308)
[M::mem_pestat] mean and std.dev: (725.46, 564.20)
[M::mem_pestat] low and high boundaries for proper pairs: (1, 5642)
[M::mem_pestat] analyzing insert size distribution for orientation FR...
[M::mem_pestat] (25, 50, 75) percentile: (277, 371, 487)
[M::mem_pestat] low and high boundaries for computing mean and std.dev: (1, 907)
[M::mem_pestat] mean and std.dev: (383.18, 155.32)
[M::mem_pestat] low and high boundaries for proper pairs: (1, 1117)
[M::mem_pestat] analyzing insert size distribution for orientation RF...
[M::mem_pestat] (25, 50, 75) percentile: (245, 1170, 4507)
[M::mem_pestat] low and high boundaries for computing mean and std.dev: (1, 13031)
[M::mem_pestat] mean and std.dev: (2437.41, 2904.70)
[M::mem_pestat] low and high boundaries for proper pairs: (1, 17293)
[M::mem_pestat] analyzing insert size distribution for orientation RR...
[M::mem_pestat] (25, 50, 75) percentile: (253, 428, 2224)
[M::mem_pestat] low and high boundaries for computing mean and std.dev: (1, 6166)
[M::mem_pestat] mean and std.dev: (1066.88, 1572.47)
[M::mem_pestat] low and high boundaries for proper pairs: (1, 8137)
[M::mem_pestat] skip orientation FF
[M::mem_pestat] skip orientation RF
[M::mem_pestat] skip orientation RR
[M::process] read 1066668 sequences (160000200 bp)...
[M::mem_process_seqs] Processed 1066668 reads in 806.767 CPU sec, 52.208 real sec
[M::mem_pestat] # candidate unique pairs for (FF, FR, RF, RR): (39, 224358, 87, 25)
[M::mem_pestat] analyzing insert size distribution for orientation FF...
[M::mem_pestat] (25, 50, 75) percentile: (299, 444, 1464)
[M::mem_pestat] low and high boundaries for computing mean and std.dev: (1, 3794)
[M::mem_pestat] mean and std.dev: (899.45, 921.86)
[M::mem_pestat] low and high boundaries for proper pairs: (1, 4959)
[M::mem_pestat] analyzing insert size distribution for orientation FR...
[M::mem_pestat] (25, 50, 75) percentile: (274, 366, 478)
[M::mem_pestat] low and high boundaries for computing mean and std.dev: (1, 886)
[M::mem_pestat] mean and std.dev: (377.30, 151.58)
[M::mem_pestat] low and high boundaries for proper pairs: (1, 1090)
[M::mem_pestat] analyzing insert size distribution for orientation RF...
[M::mem_pestat] (25, 50, 75) percentile: (330, 1467, 4278)
[M::mem_pestat] low and high boundaries for computing mean and std.dev: (1, 12174)
[M::mem_pestat] mean and std.dev: (2564.59, 2746.71)
[M::mem_pestat] low and high boundaries for proper pairs: (1, 16122)
[M::mem_pestat] analyzing insert size distribution for orientation RR...
[M::mem_pestat] (25, 50, 75) percentile: (364, 532, 1267)
[M::mem_pestat] low and high boundaries for computing mean and std.dev: (1, 3073)
[M::mem_pestat] mean and std.dev: (575.86, 397.65)
[M::mem_pestat] low and high boundaries for proper pairs: (1, 3976)
[M::mem_pestat] skip orientation FF
[M::mem_pestat] skip orientation RF
[M::mem_pestat] skip orientation RR
[M::process] read 1066668 sequences (160000200 bp)...
[M::mem_process_seqs] Processed 1066668 reads in 813.888 CPU sec, 52.706 real sec
[M::mem_pestat] # candidate unique pairs for (FF, FR, RF, RR): (42, 222754, 74, 52)
[M::mem_pestat] analyzing insert size distribution for orientation FF...
[M::mem_pestat] (25, 50, 75) percentile: (257, 708, 1501)
[M::mem_pestat] low and high boundaries for computing mean and std.dev: (1, 3989)
[M::mem_pestat] mean and std.dev: (954.20, 936.16)
[M::mem_pestat] low and high boundaries for proper pairs: (1, 5233)
[M::mem_pestat] analyzing insert size distribution for orientation FR...
[M::mem_pestat] (25, 50, 75) percentile: (274, 365, 479)
[M::mem_pestat] low and high boundaries for computing mean and std.dev: (1, 889)
[M::mem_pestat] mean and std.dev: (377.26, 152.38)
[M::mem_pestat] low and high boundaries for proper pairs: (1, 1094)
[M::mem_pestat] analyzing insert size distribution for orientation RF...
[M::mem_pestat] (25, 50, 75) percentile: (744, 1989, 4260)
[M::mem_pestat] low and high boundaries for computing mean and std.dev: (1, 11292)
[M::mem_pestat] mean and std.dev: (3149.78, 3012.23)
[M::mem_pestat] low and high boundaries for proper pairs: (1, 15199)
[M::mem_pestat] analyzing insert size distribution for orientation RR...
[M::mem_pestat] (25, 50, 75) percentile: (242, 440, 1062)
[M::mem_pestat] low and high boundaries for computing mean and std.dev: (1, 2702)
[M::mem_pestat] mean and std.dev: (614.71, 589.58)
[M::mem_pestat] low and high boundaries for proper pairs: (1, 3522)
[M::mem_pestat] skip orientation FF
[M::mem_pestat] skip orientation RF
[M::mem_pestat] skip orientation RR
[M::process] read 1066668 sequences (160000200 bp)...
[M::mem_process_seqs] Processed 1066668 reads in 825.918 CPU sec, 53.320 real sec
[M::mem_pestat] # candidate unique pairs for (FF, FR, RF, RR): (46, 221453, 82, 50)
[M::mem_pestat] analyzing insert size distribution for orientation FF...
[M::mem_pestat] (25, 50, 75) percentile: (132, 329, 1098)
[M::mem_pestat] low and high boundaries for computing mean and std.dev: (1, 3030)
[M::mem_pestat] mean and std.dev: (524.02, 507.07)
[M::mem_pestat] low and high boundaries for proper pairs: (1, 3996)
[M::mem_pestat] analyzing insert size distribution for orientation FR...
[M::mem_pestat] (25, 50, 75) percentile: (267, 360, 476)
[M::mem_pestat] low and high boundaries for computing mean and std.dev: (1, 894)
[M::mem_pestat] mean and std.dev: (372.18, 153.53)
[M::mem_pestat] low and high boundaries for proper pairs: (1, 1103)
[M::mem_pestat] analyzing insert size distribution for orientation RF...
[M::mem_pestat] (25, 50, 75) percentile: (154, 663, 2626)
[M::mem_pestat] low and high boundaries for computing mean and std.dev: (1, 7570)
[M::mem_pestat] mean and std.dev: (1346.00, 1669.96)
[M::mem_pestat] low and high boundaries for proper pairs: (1, 10042)
[M::mem_pestat] analyzing insert size distribution for orientation RR...
[M::mem_pestat] (25, 50, 75) percentile: (333, 1044, 1587)
[M::mem_pestat] low and high boundaries for computing mean and std.dev: (1, 4095)
[M::mem_pestat] mean and std.dev: (964.81, 728.08)
[M::mem_pestat] low and high boundaries for proper pairs: (1, 5349)
[M::mem_pestat] skip orientation FF
[M::mem_pestat] skip orientation RF
[M::mem_pestat] skip orientation RR
[M::process] read 1066668 sequences (160000200 bp)...
[M::mem_process_seqs] Processed 1066668 reads in 822.110 CPU sec, 53.229 real sec
[M::mem_pestat] # candidate unique pairs for (FF, FR, RF, RR): (26, 220877, 81, 49)
[M::mem_pestat] analyzing insert size distribution for orientation FF...
[M::mem_pestat] (25, 50, 75) percentile: (162, 329, 642)
[M::mem_pestat] low and high boundaries for computing mean and std.dev: (1, 1602)
[M::mem_pestat] mean and std.dev: (376.09, 324.55)
[M::mem_pestat] low and high boundaries for proper pairs: (1, 2082)
[M::mem_pestat] analyzing insert size distribution for orientation FR...
[M::mem_pestat] (25, 50, 75) percentile: (269, 364, 478)
[M::mem_pestat] low and high boundaries for computing mean and std.dev: (1, 896)
[M::mem_pestat] mean and std.dev: (374.83, 154.05)
[M::mem_pestat] low and high boundaries for proper pairs: (1, 1105)
[M::mem_pestat] analyzing insert size distribution for orientation RF...
[M::mem_pestat] (25, 50, 75) percentile: (214, 1680, 2706)
[M::mem_pestat] low and high boundaries for computing mean and std.dev: (1, 7690)
[M::mem_pestat] mean and std.dev: (1423.38, 1399.62)
[M::mem_pestat] low and high boundaries for proper pairs: (1, 10182)
[M::mem_pestat] analyzing insert size distribution for orientation RR...
[M::mem_pestat] (25, 50, 75) percentile: (257, 524, 756)
[M::mem_pestat] low and high boundaries for computing mean and std.dev: (1, 1754)
[M::mem_pestat] mean and std.dev: (486.56, 298.20)
[M::mem_pestat] low and high boundaries for proper pairs: (1, 2253)
[M::mem_pestat] skip orientation FF
[M::mem_pestat] skip orientation RF
[M::mem_pestat] skip orientation RR
[M::mem_process_seqs] Processed 1066668 reads in 810.965 CPU sec, 55.476 real sec
[M::process] read 1066668 sequences (160000200 bp)...
[M::mem_pestat] # candidate unique pairs for (FF, FR, RF, RR): (29, 222622, 78, 40)
[M::mem_pestat] analyzing insert size distribution for orientation FF...
[M::mem_pestat] (25, 50, 75) percentile: (197, 499, 2051)
[M::mem_pestat] low and high boundaries for computing mean and std.dev: (1, 5759)
[M::mem_pestat] mean and std.dev: (713.80, 738.24)
[M::mem_pestat] low and high boundaries for proper pairs: (1, 7613)
[M::mem_pestat] analyzing insert size distribution for orientation FR...
[M::mem_pestat] (25, 50, 75) percentile: (269, 362, 475)
[M::mem_pestat] low and high boundaries for computing mean and std.dev: (1, 887)
[M::mem_pestat] mean and std.dev: (373.16, 152.35)
[M::mem_pestat] low and high boundaries for proper pairs: (1, 1093)
[M::mem_pestat] analyzing insert size distribution for orientation RF...
[M::mem_pestat] (25, 50, 75) percentile: (250, 1176, 5642)
[M::mem_pestat] low and high boundaries for computing mean and std.dev: (1, 16426)
[M::mem_pestat] mean and std.dev: (2725.32, 2849.73)
[M::mem_pestat] low and high boundaries for proper pairs: (1, 21818)
[M::mem_pestat] analyzing insert size distribution for orientation RR...
[M::mem_pestat] (25, 50, 75) percentile: (201, 400, 936)
[M::mem_pestat] low and high boundaries for computing mean and std.dev: (1, 2406)
[M::mem_pestat] mean and std.dev: (557.23, 547.15)
[M::mem_pestat] low and high boundaries for proper pairs: (1, 3141)
[M::mem_pestat] skip orientation FF
[M::mem_pestat] skip orientation RF
[M::mem_pestat] skip orientation RR
[M::process] read 1066668 sequences (160000200 bp)...
[M::mem_process_seqs] Processed 1066668 reads in 811.093 CPU sec, 51.925 real sec
[M::mem_pestat] # candidate unique pairs for (FF, FR, RF, RR): (29, 222062, 68, 43)
[M::mem_pestat] analyzing insert size distribution for orientation FF...
[M::mem_pestat] (25, 50, 75) percentile: (435, 829, 1259)
[M::mem_pestat] low and high boundaries for computing mean and std.dev: (1, 2907)
[M::mem_pestat] mean and std.dev: (884.25, 552.39)
[M::mem_pestat] low and high boundaries for proper pairs: (1, 3731)
[M::mem_pestat] analyzing insert size distribution for orientation FR...
[M::mem_pestat] (25, 50, 75) percentile: (269, 362, 475)
[M::mem_pestat] low and high boundaries for computing mean and std.dev: (1, 887)
[M::mem_pestat] mean and std.dev: (372.59, 152.00)
[M::mem_pestat] low and high boundaries for proper pairs: (1, 1093)
[M::mem_pestat] analyzing insert size distribution for orientation RF...
[M::mem_pestat] (25, 50, 75) percentile: (359, 1290, 2935)
[M::mem_pestat] low and high boundaries for computing mean and std.dev: (1, 8087)
[M::mem_pestat] mean and std.dev: (1688.10, 1856.36)
[M::mem_pestat] low and high boundaries for proper pairs: (1, 10663)
[M::mem_pestat] analyzing insert size distribution for orientation RR...
[M::mem_pestat] (25, 50, 75) percentile: (352, 915, 3225)
[M::mem_pestat] low and high boundaries for computing mean and std.dev: (1, 8971)
[M::mem_pestat] mean and std.dev: (1855.35, 2356.37)
[M::mem_pestat] low and high boundaries for proper pairs: (1, 11844)
[M::mem_pestat] skip orientation FF
[M::mem_pestat] skip orientation RF
[M::mem_pestat] skip orientation RR
[M::process] read 1066668 sequences (160000200 bp)...
[M::mem_process_seqs] Processed 1066668 reads in 806.253 CPU sec, 52.380 real sec
[M::mem_pestat] # candidate unique pairs for (FF, FR, RF, RR): (29, 223053, 78, 38)
[M::mem_pestat] analyzing insert size distribution for orientation FF...
[M::mem_pestat] (25, 50, 75) percentile: (201, 447, 780)
[M::mem_pestat] low and high boundaries for computing mean and std.dev: (1, 1938)
[M::mem_pestat] mean and std.dev: (455.23, 360.60)
[M::mem_pestat] low and high boundaries for proper pairs: (1, 2517)
[M::mem_pestat] analyzing insert size distribution for orientation FR...
[M::mem_pestat] (25, 50, 75) percentile: (272, 363, 478)
[M::mem_pestat] low and high boundaries for computing mean and std.dev: (1, 890)
[M::mem_pestat] mean and std.dev: (376.18, 152.26)
[M::mem_pestat] low and high boundaries for proper pairs: (1, 1096)
[M::mem_pestat] analyzing insert size distribution for orientation RF...
[M::mem_pestat] (25, 50, 75) percentile: (271, 1741, 3527)
[M::mem_pestat] low and high boundaries for computing mean and std.dev: (1, 10039)
[M::mem_pestat] mean and std.dev: (2363.72, 2441.23)
[M::mem_pestat] low and high boundaries for proper pairs: (1, 13295)
[M::mem_pestat] analyzing insert size distribution for orientation RR...
[M::mem_pestat] (25, 50, 75) percentile: (248, 452, 1178)
[M::mem_pestat] low and high boundaries for computing mean and std.dev: (1, 3038)
[M::mem_pestat] mean and std.dev: (637.64, 599.75)
[M::mem_pestat] low and high boundaries for proper pairs: (1, 3968)
[M::mem_pestat] skip orientation FF
[M::mem_pestat] skip orientation RF
[M::mem_pestat] skip orientation RR
[M::process] read 1066668 sequences (160000200 bp)...
[M::mem_process_seqs] Processed 1066668 reads in 797.467 CPU sec, 51.623 real sec
[M::mem_pestat] # candidate unique pairs for (FF, FR, RF, RR): (42, 223685, 79, 29)
[M::mem_pestat] analyzing insert size distribution for orientation FF...
[M::mem_pestat] (25, 50, 75) percentile: (479, 725, 1401)
[M::mem_pestat] low and high boundaries for computing mean and std.dev: (1, 3245)
[M::mem_pestat] mean and std.dev: (841.00, 653.50)
[M::mem_pestat] low and high boundaries for proper pairs: (1, 4167)
[M::mem_pestat] analyzing insert size distribution for orientation FR...
[M::mem_pestat] (25, 50, 75) percentile: (272, 362, 473)
[M::mem_pestat] low and high boundaries for computing mean and std.dev: (1, 875)
[M::mem_pestat] mean and std.dev: (373.65, 149.94)
[M::mem_pestat] low and high boundaries for proper pairs: (1, 1076)
[M::mem_pestat] analyzing insert size distribution for orientation RF...
[M::mem_pestat] (25, 50, 75) percentile: (313, 2037, 4576)
[M::mem_pestat] low and high boundaries for computing mean and std.dev: (1, 13102)
[M::mem_pestat] mean and std.dev: (2747.90, 2763.54)
[M::mem_pestat] low and high boundaries for proper pairs: (1, 17365)
[M::mem_pestat] analyzing insert size distribution for orientation RR...
[M::mem_pestat] (25, 50, 75) percentile: (198, 250, 967)
[M::mem_pestat] low and high boundaries for computing mean and std.dev: (1, 2505)
[M::mem_pestat] mean and std.dev: (569.89, 652.09)
[M::mem_pestat] low and high boundaries for proper pairs: (1, 3274)
[M::mem_pestat] skip orientation FF
[M::mem_pestat] skip orientation RF
[M::mem_pestat] skip orientation RR
[M::process] read 1066668 sequences (160000200 bp)...
[M::mem_process_seqs] Processed 1066668 reads in 807.140 CPU sec, 52.223 real sec
[M::mem_pestat] # candidate unique pairs for (FF, FR, RF, RR): (43, 223158, 69, 29)
[M::mem_pestat] analyzing insert size distribution for orientation FF...
[M::mem_pestat] (25, 50, 75) percentile: (248, 450, 1125)
[M::mem_pestat] low and high boundaries for computing mean and std.dev: (1, 2879)
[M::mem_pestat] mean and std.dev: (557.26, 446.28)
[M::mem_pestat] low and high boundaries for proper pairs: (1, 3756)
[M::mem_pestat] analyzing insert size distribution for orientation FR...
[M::mem_pestat] (25, 50, 75) percentile: (272, 361, 471)
[M::mem_pestat] low and high boundaries for computing mean and std.dev: (1, 869)
[M::mem_pestat] mean and std.dev: (372.67, 148.60)
[M::mem_pestat] low and high boundaries for proper pairs: (1, 1068)
[M::mem_pestat] analyzing insert size distribution for orientation RF...
[M::mem_pestat] (25, 50, 75) percentile: (195, 1028, 3457)
[M::mem_pestat] low and high boundaries for computing mean and std.dev: (1, 9981)
[M::mem_pestat] mean and std.dev: (2158.61, 2538.41)
[M::mem_pestat] low and high boundaries for proper pairs: (1, 13243)
[M::mem_pestat] analyzing insert size distribution for orientation RR...
[M::mem_pestat] (25, 50, 75) percentile: (202, 331, 1726)
[M::mem_pestat] low and high boundaries for computing mean and std.dev: (1, 4774)
[M::mem_pestat] mean and std.dev: (720.38, 737.60)
[M::mem_pestat] low and high boundaries for proper pairs: (1, 6298)
[M::mem_pestat] skip orientation FF
[M::mem_pestat] skip orientation RF
[M::mem_pestat] skip orientation RR
[M::process] read 499352 sequences (74902800 bp)...
[M::mem_process_seqs] Processed 1066668 reads in 800.545 CPU sec, 51.716 real sec
[M::mem_pestat] # candidate unique pairs for (FF, FR, RF, RR): (17, 104576, 26, 18)
[M::mem_pestat] analyzing insert size distribution for orientation FF...
[M::mem_pestat] (25, 50, 75) percentile: (325, 608, 1334)
[M::mem_pestat] low and high boundaries for computing mean and std.dev: (1, 3352)
[M::mem_pestat] mean and std.dev: (604.21, 383.46)
[M::mem_pestat] low and high boundaries for proper pairs: (1, 4361)
[M::mem_pestat] analyzing insert size distribution for orientation FR...
[M::mem_pestat] (25, 50, 75) percentile: (277, 367, 478)
[M::mem_pestat] low and high boundaries for computing mean and std.dev: (1, 880)
[M::mem_pestat] mean and std.dev: (378.24, 150.06)
[M::mem_pestat] low and high boundaries for proper pairs: (1, 1081)
[M::mem_pestat] analyzing insert size distribution for orientation RF...
[M::mem_pestat] (25, 50, 75) percentile: (63, 386, 3696)
[M::mem_pestat] low and high boundaries for computing mean and std.dev: (1, 10962)
[M::mem_pestat] mean and std.dev: (2060.85, 2837.41)
[M::mem_pestat] low and high boundaries for proper pairs: (1, 14595)
[M::mem_pestat] analyzing insert size distribution for orientation RR...
[M::mem_pestat] (25, 50, 75) percentile: (397, 2916, 8460)
[M::mem_pestat] low and high boundaries for computing mean and std.dev: (1, 24586)
[M::mem_pestat] mean and std.dev: (3670.83, 3671.58)
[M::mem_pestat] low and high boundaries for proper pairs: (1, 32649)
[M::mem_pestat] skip orientation FF
[M::mem_pestat] skip orientation RF
[M::mem_pestat] skip orientation RR
[M::mem_process_seqs] Processed 499352 reads in 377.278 CPU sec, 25.011 real sec
[main] Version: 0.7.19-r1273
[main] CMD: bwa mem -t 16 -R @RG\tID:Dogfish_Bay_12\tSM:Dogfish_Bay_12\tLB:Dogfish_Bay_12\tPL:ILLUMINA output/05_realign_xbOstLuri2/reference/GCA_061535525.1_xbOstLuri2_USDA-ARS_PSRF_primary_genomic.fna data/raw/Dogfish_Bay_12_S53_L004_R1_001.fastq.gz data/raw/Dogfish_Bay_12_S53_L004_R2_001.fastq.gz
[main] Real time: 3168.277 sec; CPU: 48293.016 sec
[bam_sort_core] merging from 3 files and 8 in-memory blocks...
end 2026-09-27T12:53:30Z sample=Dogfish_Bay_12
