/opt/ohpc/admin/lmod/lmod/init/bash: line 93: LD_LIBRARY_PATH: unbound variable
start 2026-09-27T14:08:53Z host n3436 sample=Ostrich_Bay_10 location=Ostrich_Bay
[M::bwa_idx_load_from_disk] read 0 ALT contigs
[M::process] read 1066668 sequences (160000200 bp)...
[M::process] read 1066668 sequences (160000200 bp)...
[M::mem_pestat] # candidate unique pairs for (FF, FR, RF, RR): (44, 224601, 78, 55)
[M::mem_pestat] analyzing insert size distribution for orientation FF...
[M::mem_pestat] (25, 50, 75) percentile: (318, 404, 1108)
[M::mem_pestat] low and high boundaries for computing mean and std.dev: (1, 2688)
[M::mem_pestat] mean and std.dev: (606.33, 481.09)
[M::mem_pestat] low and high boundaries for proper pairs: (1, 3478)
[M::mem_pestat] analyzing insert size distribution for orientation FR...
[M::mem_pestat] (25, 50, 75) percentile: (276, 360, 459)
[M::mem_pestat] low and high boundaries for computing mean and std.dev: (1, 825)
[M::mem_pestat] mean and std.dev: (367.66, 139.46)
[M::mem_pestat] low and high boundaries for proper pairs: (1, 1008)
[M::mem_pestat] analyzing insert size distribution for orientation RF...
[M::mem_pestat] (25, 50, 75) percentile: (244, 1025, 3109)
[M::mem_pestat] low and high boundaries for computing mean and std.dev: (1, 8839)
[M::mem_pestat] mean and std.dev: (1707.88, 1984.56)
[M::mem_pestat] low and high boundaries for proper pairs: (1, 11704)
[M::mem_pestat] analyzing insert size distribution for orientation RR...
[M::mem_pestat] (25, 50, 75) percentile: (294, 584, 1059)
[M::mem_pestat] low and high boundaries for computing mean and std.dev: (1, 2589)
[M::mem_pestat] mean and std.dev: (632.53, 484.98)
[M::mem_pestat] low and high boundaries for proper pairs: (1, 3354)
[M::mem_pestat] skip orientation FF
[M::mem_pestat] skip orientation RF
[M::mem_pestat] skip orientation RR
[M::mem_process_seqs] Processed 1066668 reads in 753.363 CPU sec, 51.149 real sec
[M::mem_pestat] # candidate unique pairs for (FF, FR, RF, RR): (29, 224911, 69, 36)
[M::mem_pestat] analyzing insert size distribution for orientation FF...
[M::mem_pestat] (25, 50, 75) percentile: (402, 654, 1743)
[M::mem_pestat] low and high boundaries for computing mean and std.dev: (1, 4425)
[M::mem_pestat] mean and std.dev: (630.13, 399.93)
[M::mem_pestat] low and high boundaries for proper pairs: (1, 5766)
[M::mem_pestat] analyzing insert size distribution for orientation FR...
[M::mem_pestat] (25, 50, 75) percentile: (281, 367, 467)
[M::mem_pestat] low and high boundaries for computing mean and std.dev: (1, 839)
[M::mem_pestat] mean and std.dev: (374.29, 141.18)
[M::mem_pestat] low and high boundaries for proper pairs: (1, 1025)
[M::mem_pestat] analyzing insert size distribution for orientation RF...
[M::mem_pestat] (25, 50, 75) percentile: (109, 497, 6533)
[M::mem_pestat] low and high boundaries for computing mean and std.dev: (1, 19381)
[M::mem_pestat] mean and std.dev: (2829.39, 3403.87)
[M::mem_pestat] low and high boundaries for proper pairs: (1, 25805)
[M::mem_pestat] analyzing insert size distribution for orientation RR...
[M::mem_pestat] (25, 50, 75) percentile: (232, 650, 5044)
[M::mem_pestat] low and high boundaries for computing mean and std.dev: (1, 14668)
[M::mem_pestat] mean and std.dev: (2414.81, 3365.14)
[M::mem_pestat] low and high boundaries for proper pairs: (1, 19480)
[M::mem_pestat] skip orientation FF
[M::mem_pestat] skip orientation RF
[M::mem_pestat] skip orientation RR
[M::process] read 1066668 sequences (160000200 bp)...
[M::mem_process_seqs] Processed 1066668 reads in 771.163 CPU sec, 50.148 real sec
[M::mem_pestat] # candidate unique pairs for (FF, FR, RF, RR): (42, 225756, 75, 49)
[M::mem_pestat] analyzing insert size distribution for orientation FF...
[M::mem_pestat] (25, 50, 75) percentile: (286, 566, 1037)
[M::mem_pestat] low and high boundaries for computing mean and std.dev: (1, 2539)
[M::mem_pestat] mean and std.dev: (649.79, 519.56)
[M::mem_pestat] low and high boundaries for proper pairs: (1, 3290)
[M::mem_pestat] analyzing insert size distribution for orientation FR...
[M::mem_pestat] (25, 50, 75) percentile: (278, 363, 466)
[M::mem_pestat] low and high boundaries for computing mean and std.dev: (1, 842)
[M::mem_pestat] mean and std.dev: (372.45, 142.59)
[M::mem_pestat] low and high boundaries for proper pairs: (1, 1030)
[M::mem_pestat] analyzing insert size distribution for orientation RF...
[M::mem_pestat] (25, 50, 75) percentile: (168, 1317, 3794)
[M::mem_pestat] low and high boundaries for computing mean and std.dev: (1, 11046)
[M::mem_pestat] mean and std.dev: (2197.96, 2491.68)
[M::mem_pestat] low and high boundaries for proper pairs: (1, 14672)
[M::mem_pestat] analyzing insert size distribution for orientation RR...
[M::mem_pestat] (25, 50, 75) percentile: (385, 565, 1659)
[M::mem_pestat] low and high boundaries for computing mean and std.dev: (1, 4207)
[M::mem_pestat] mean and std.dev: (914.47, 745.80)
[M::mem_pestat] low and high boundaries for proper pairs: (1, 5481)
[M::mem_pestat] skip orientation FF
[M::mem_pestat] skip orientation RF
[M::mem_pestat] skip orientation RR
[M::process] read 1066668 sequences (160000200 bp)...
[M::mem_process_seqs] Processed 1066668 reads in 781.420 CPU sec, 50.762 real sec
[M::mem_pestat] # candidate unique pairs for (FF, FR, RF, RR): (53, 224581, 79, 32)
[M::mem_pestat] analyzing insert size distribution for orientation FF...
[M::mem_pestat] (25, 50, 75) percentile: (285, 509, 1416)
[M::mem_pestat] low and high boundaries for computing mean and std.dev: (1, 3678)
[M::mem_pestat] mean and std.dev: (568.98, 453.35)
[M::mem_pestat] low and high boundaries for proper pairs: (1, 4809)
[M::mem_pestat] analyzing insert size distribution for orientation FR...
[M::mem_pestat] (25, 50, 75) percentile: (278, 365, 469)
[M::mem_pestat] low and high boundaries for computing mean and std.dev: (1, 851)
[M::mem_pestat] mean and std.dev: (374.24, 143.76)
[M::mem_pestat] low and high boundaries for proper pairs: (1, 1042)
[M::mem_pestat] analyzing insert size distribution for orientation RF...
[M::mem_pestat] (25, 50, 75) percentile: (222, 1743, 5334)
[M::mem_pestat] low and high boundaries for computing mean and std.dev: (1, 15558)
[M::mem_pestat] mean and std.dev: (2951.77, 3038.37)
[M::mem_pestat] low and high boundaries for proper pairs: (1, 20670)
[M::mem_pestat] analyzing insert size distribution for orientation RR...
[M::mem_pestat] (25, 50, 75) percentile: (272, 573, 1576)
[M::mem_pestat] low and high boundaries for computing mean and std.dev: (1, 4184)
[M::mem_pestat] mean and std.dev: (619.85, 489.62)
[M::mem_pestat] low and high boundaries for proper pairs: (1, 5488)
[M::mem_pestat] skip orientation FF
[M::mem_pestat] skip orientation RF
[M::mem_pestat] skip orientation RR
[M::process] read 1066668 sequences (160000200 bp)...
[M::mem_process_seqs] Processed 1066668 reads in 777.577 CPU sec, 50.385 real sec
[M::mem_pestat] # candidate unique pairs for (FF, FR, RF, RR): (37, 225000, 79, 26)
[M::mem_pestat] analyzing insert size distribution for orientation FF...
[M::mem_pestat] (25, 50, 75) percentile: (272, 1204, 2167)
[M::mem_pestat] low and high boundaries for computing mean and std.dev: (1, 5957)
[M::mem_pestat] mean and std.dev: (1329.40, 1338.77)
[M::mem_pestat] low and high boundaries for proper pairs: (1, 7852)
[M::mem_pestat] analyzing insert size distribution for orientation FR...
[M::mem_pestat] (25, 50, 75) percentile: (277, 362, 465)
[M::mem_pestat] low and high boundaries for computing mean and std.dev: (1, 841)
[M::mem_pestat] mean and std.dev: (371.70, 142.43)
[M::mem_pestat] low and high boundaries for proper pairs: (1, 1029)
[M::mem_pestat] analyzing insert size distribution for orientation RF...
[M::mem_pestat] (25, 50, 75) percentile: (172, 1676, 4603)
[M::mem_pestat] low and high boundaries for computing mean and std.dev: (1, 13465)
[M::mem_pestat] mean and std.dev: (2565.32, 2550.55)
[M::mem_pestat] low and high boundaries for proper pairs: (1, 17896)
[M::mem_pestat] analyzing insert size distribution for orientation RR...
[M::mem_pestat] (25, 50, 75) percentile: (404, 1124, 3744)
[M::mem_pestat] low and high boundaries for computing mean and std.dev: (1, 10424)
[M::mem_pestat] mean and std.dev: (2149.38, 2227.66)
[M::mem_pestat] low and high boundaries for proper pairs: (1, 13764)
[M::mem_pestat] skip orientation FF
[M::mem_pestat] skip orientation RF
[M::mem_pestat] skip orientation RR
[M::process] read 1066668 sequences (160000200 bp)...
[M::mem_process_seqs] Processed 1066668 reads in 784.935 CPU sec, 50.992 real sec
[M::mem_pestat] # candidate unique pairs for (FF, FR, RF, RR): (36, 224904, 85, 50)
[M::mem_pestat] analyzing insert size distribution for orientation FF...
[M::mem_pestat] (25, 50, 75) percentile: (285, 656, 2597)
[M::mem_pestat] low and high boundaries for computing mean and std.dev: (1, 7221)
[M::mem_pestat] mean and std.dev: (1323.86, 1443.86)
[M::mem_pestat] low and high boundaries for proper pairs: (1, 9533)
[M::mem_pestat] analyzing insert size distribution for orientation FR...
[M::mem_pestat] (25, 50, 75) percentile: (274, 360, 461)
[M::mem_pestat] low and high boundaries for computing mean and std.dev: (1, 835)
[M::mem_pestat] mean and std.dev: (368.63, 141.29)
[M::mem_pestat] low and high boundaries for proper pairs: (1, 1022)
[M::mem_pestat] analyzing insert size distribution for orientation RF...
[M::mem_pestat] (25, 50, 75) percentile: (516, 1988, 6399)
[M::mem_pestat] low and high boundaries for computing mean and std.dev: (1, 18165)
[M::mem_pestat] mean and std.dev: (3300.56, 3147.23)
[M::mem_pestat] low and high boundaries for proper pairs: (1, 24048)
[M::mem_pestat] analyzing insert size distribution for orientation RR...
[M::mem_pestat] (25, 50, 75) percentile: (177, 360, 665)
[M::mem_pestat] low and high boundaries for computing mean and std.dev: (1, 1641)
[M::mem_pestat] mean and std.dev: (445.42, 388.28)
[M::mem_pestat] low and high boundaries for proper pairs: (1, 2129)
[M::mem_pestat] skip orientation FF
[M::mem_pestat] skip orientation RF
[M::mem_pestat] skip orientation RR
[M::process] read 1066668 sequences (160000200 bp)...
[M::mem_process_seqs] Processed 1066668 reads in 805.610 CPU sec, 52.033 real sec
[M::mem_pestat] # candidate unique pairs for (FF, FR, RF, RR): (33, 224650, 65, 39)
[M::mem_pestat] analyzing insert size distribution for orientation FF...
[M::mem_pestat] (25, 50, 75) percentile: (494, 1211, 2348)
[M::mem_pestat] low and high boundaries for computing mean and std.dev: (1, 6056)
[M::mem_pestat] mean and std.dev: (1200.17, 1033.73)
[M::mem_pestat] low and high boundaries for proper pairs: (1, 7910)
[M::mem_pestat] analyzing insert size distribution for orientation FR...
[M::mem_pestat] (25, 50, 75) percentile: (271, 356, 457)
[M::mem_pestat] low and high boundaries for computing mean and std.dev: (1, 829)
[M::mem_pestat] mean and std.dev: (364.59, 140.61)
[M::mem_pestat] low and high boundaries for proper pairs: (1, 1015)
[M::mem_pestat] analyzing insert size distribution for orientation RF...
[M::mem_pestat] (25, 50, 75) percentile: (499, 2886, 7596)
[M::mem_pestat] low and high boundaries for computing mean and std.dev: (1, 21790)
[M::mem_pestat] mean and std.dev: (3785.00, 3360.14)
[M::mem_pestat] low and high boundaries for proper pairs: (1, 28887)
[M::mem_pestat] analyzing insert size distribution for orientation RR...
[M::mem_pestat] (25, 50, 75) percentile: (291, 607, 1849)
[M::mem_pestat] low and high boundaries for computing mean and std.dev: (1, 4965)
[M::mem_pestat] mean and std.dev: (980.63, 1116.37)
[M::mem_pestat] low and high boundaries for proper pairs: (1, 6523)
[M::mem_pestat] skip orientation FF
[M::mem_pestat] skip orientation RF
[M::mem_pestat] skip orientation RR
[M::process] read 1066668 sequences (160000200 bp)...
[M::mem_process_seqs] Processed 1066668 reads in 783.018 CPU sec, 50.629 real sec
[M::mem_pestat] # candidate unique pairs for (FF, FR, RF, RR): (48, 225251, 79, 50)
[M::mem_pestat] analyzing insert size distribution for orientation FF...
[M::mem_pestat] (25, 50, 75) percentile: (314, 473, 935)
[M::mem_pestat] low and high boundaries for computing mean and std.dev: (1, 2177)
[M::mem_pestat] mean and std.dev: (564.26, 433.32)
[M::mem_pestat] low and high boundaries for proper pairs: (1, 2798)
[M::mem_pestat] analyzing insert size distribution for orientation FR...
[M::mem_pestat] (25, 50, 75) percentile: (273, 358, 461)
[M::mem_pestat] low and high boundaries for computing mean and std.dev: (1, 837)
[M::mem_pestat] mean and std.dev: (368.25, 142.10)
[M::mem_pestat] low and high boundaries for proper pairs: (1, 1025)
[M::mem_pestat] analyzing insert size distribution for orientation RF...
[M::mem_pestat] (25, 50, 75) percentile: (283, 1578, 5365)
[M::mem_pestat] low and high boundaries for computing mean and std.dev: (1, 15529)
[M::mem_pestat] mean and std.dev: (2942.96, 3002.41)
[M::mem_pestat] low and high boundaries for proper pairs: (1, 20611)
[M::mem_pestat] analyzing insert size distribution for orientation RR...
[M::mem_pestat] (25, 50, 75) percentile: (226, 393, 1655)
[M::mem_pestat] low and high boundaries for computing mean and std.dev: (1, 4513)
[M::mem_pestat] mean and std.dev: (922.27, 1143.32)
[M::mem_pestat] low and high boundaries for proper pairs: (1, 5942)
[M::mem_pestat] skip orientation FF
[M::mem_pestat] skip orientation RF
[M::mem_pestat] skip orientation RR
[M::process] read 1066668 sequences (160000200 bp)...
[M::mem_process_seqs] Processed 1066668 reads in 788.622 CPU sec, 50.874 real sec
[M::mem_pestat] # candidate unique pairs for (FF, FR, RF, RR): (37, 224523, 62, 31)
[M::mem_pestat] analyzing insert size distribution for orientation FF...
[M::mem_pestat] (25, 50, 75) percentile: (219, 752, 5748)
[M::mem_pestat] low and high boundaries for computing mean and std.dev: (1, 16806)
[M::mem_pestat] mean and std.dev: (2144.38, 2810.80)
[M::mem_pestat] low and high boundaries for proper pairs: (1, 22335)
[M::mem_pestat] analyzing insert size distribution for orientation FR...
[M::mem_pestat] (25, 50, 75) percentile: (277, 365, 468)
[M::mem_pestat] low and high boundaries for computing mean and std.dev: (1, 850)
[M::mem_pestat] mean and std.dev: (372.99, 144.46)
[M::mem_pestat] low and high boundaries for proper pairs: (1, 1041)
[M::mem_pestat] analyzing insert size distribution for orientation RF...
[M::mem_pestat] (25, 50, 75) percentile: (115, 689, 3932)
[M::mem_pestat] low and high boundaries for computing mean and std.dev: (1, 11566)
[M::mem_pestat] mean and std.dev: (2165.84, 2814.38)
[M::mem_pestat] low and high boundaries for proper pairs: (1, 15383)
[M::mem_pestat] analyzing insert size distribution for orientation RR...
[M::mem_pestat] (25, 50, 75) percentile: (410, 912, 2771)
[M::mem_pestat] low and high boundaries for computing mean and std.dev: (1, 7493)
[M::mem_pestat] mean and std.dev: (1537.68, 1477.62)
[M::mem_pestat] low and high boundaries for proper pairs: (1, 9854)
[M::mem_pestat] skip orientation FF
[M::mem_pestat] skip orientation RF
[M::mem_pestat] skip orientation RR
[M::process] read 1066668 sequences (160000200 bp)...
[M::mem_process_seqs] Processed 1066668 reads in 771.472 CPU sec, 49.854 real sec
[M::mem_pestat] # candidate unique pairs for (FF, FR, RF, RR): (67, 225281, 85, 40)
[M::mem_pestat] analyzing insert size distribution for orientation FF...
[M::mem_pestat] (25, 50, 75) percentile: (222, 331, 1146)
[M::mem_pestat] low and high boundaries for computing mean and std.dev: (1, 2994)
[M::mem_pestat] mean and std.dev: (740.52, 733.78)
[M::mem_pestat] low and high boundaries for proper pairs: (1, 3918)
[M::mem_pestat] analyzing insert size distribution for orientation FR...
[M::mem_pestat] (25, 50, 75) percentile: (283, 372, 476)
[M::mem_pestat] low and high boundaries for computing mean and std.dev: (1, 862)
[M::mem_pestat] mean and std.dev: (379.51, 145.48)
[M::mem_pestat] low and high boundaries for proper pairs: (1, 1055)
[M::mem_pestat] analyzing insert size distribution for orientation RF...
[M::mem_pestat] (25, 50, 75) percentile: (366, 2042, 4889)
[M::mem_pestat] low and high boundaries for computing mean and std.dev: (1, 13935)
[M::mem_pestat] mean and std.dev: (3065.80, 3028.78)
[M::mem_pestat] low and high boundaries for proper pairs: (1, 18458)
[M::mem_pestat] analyzing insert size distribution for orientation RR...
[M::mem_pestat] (25, 50, 75) percentile: (315, 648, 955)
[M::mem_pestat] low and high boundaries for computing mean and std.dev: (1, 2235)
[M::mem_pestat] mean and std.dev: (594.06, 414.12)
[M::mem_pestat] low and high boundaries for proper pairs: (1, 2875)
[M::mem_pestat] skip orientation FF
[M::mem_pestat] skip orientation RF
[M::mem_pestat] skip orientation RR
[M::process] read 1066668 sequences (160000200 bp)...
[M::mem_process_seqs] Processed 1066668 reads in 764.684 CPU sec, 49.457 real sec
[M::mem_pestat] # candidate unique pairs for (FF, FR, RF, RR): (43, 224675, 72, 40)
[M::mem_pestat] analyzing insert size distribution for orientation FF...
[M::mem_pestat] (25, 50, 75) percentile: (321, 614, 1662)
[M::mem_pestat] low and high boundaries for computing mean and std.dev: (1, 4344)
[M::mem_pestat] mean and std.dev: (947.30, 971.55)
[M::mem_pestat] low and high boundaries for proper pairs: (1, 5685)
[M::mem_pestat] analyzing insert size distribution for orientation FR...
[M::mem_pestat] (25, 50, 75) percentile: (280, 368, 474)
[M::mem_pestat] low and high boundaries for computing mean and std.dev: (1, 862)
[M::mem_pestat] mean and std.dev: (377.12, 145.40)
[M::mem_pestat] low and high boundaries for proper pairs: (1, 1056)
[M::mem_pestat] analyzing insert size distribution for orientation RF...
[M::mem_pestat] (25, 50, 75) percentile: (211, 990, 4292)
[M::mem_pestat] low and high boundaries for computing mean and std.dev: (1, 12454)
[M::mem_pestat] mean and std.dev: (2391.19, 2713.22)
[M::mem_pestat] low and high boundaries for proper pairs: (1, 16535)
[M::mem_pestat] analyzing insert size distribution for orientation RR...
[M::mem_pestat] (25, 50, 75) percentile: (301, 666, 1257)
[M::mem_pestat] low and high boundaries for computing mean and std.dev: (1, 3169)
[M::mem_pestat] mean and std.dev: (694.49, 648.88)
[M::mem_pestat] low and high boundaries for proper pairs: (1, 4125)
[M::mem_pestat] skip orientation FF
[M::mem_pestat] skip orientation RF
[M::mem_pestat] skip orientation RR
[M::process] read 1066668 sequences (160000200 bp)...
[M::mem_process_seqs] Processed 1066668 reads in 777.809 CPU sec, 50.136 real sec
[M::mem_pestat] # candidate unique pairs for (FF, FR, RF, RR): (24, 225249, 81, 28)
[M::mem_pestat] analyzing insert size distribution for orientation FF...
[M::mem_pestat] (25, 50, 75) percentile: (299, 444, 859)
[M::mem_pestat] low and high boundaries for computing mean and std.dev: (1, 1979)
[M::mem_pestat] mean and std.dev: (555.64, 402.21)
[M::mem_pestat] low and high boundaries for proper pairs: (1, 2539)
[M::mem_pestat] analyzing insert size distribution for orientation FR...
[M::mem_pestat] (25, 50, 75) percentile: (279, 367, 473)
[M::mem_pestat] low and high boundaries for computing mean and std.dev: (1, 861)
[M::mem_pestat] mean and std.dev: (376.53, 146.00)
[M::mem_pestat] low and high boundaries for proper pairs: (1, 1055)
[M::mem_pestat] analyzing insert size distribution for orientation RF...
[M::mem_pestat] (25, 50, 75) percentile: (239, 599, 1934)
[M::mem_pestat] low and high boundaries for computing mean and std.dev: (1, 5324)
[M::mem_pestat] mean and std.dev: (1014.18, 1252.38)
[M::mem_pestat] low and high boundaries for proper pairs: (1, 7019)
[M::mem_pestat] analyzing insert size distribution for orientation RR...
[M::mem_pestat] (25, 50, 75) percentile: (330, 584, 3107)
[M::mem_pestat] low and high boundaries for computing mean and std.dev: (1, 8661)
[M::mem_pestat] mean and std.dev: (1313.25, 1457.56)
[M::mem_pestat] low and high boundaries for proper pairs: (1, 11438)
[M::mem_pestat] skip orientation FF
[M::mem_pestat] skip orientation RF
[M::mem_pestat] skip orientation RR
[M::process] read 1066668 sequences (160000200 bp)...
[M::mem_process_seqs] Processed 1066668 reads in 777.317 CPU sec, 50.062 real sec
[M::mem_pestat] # candidate unique pairs for (FF, FR, RF, RR): (40, 226033, 85, 29)
[M::mem_pestat] analyzing insert size distribution for orientation FF...
[M::mem_pestat] (25, 50, 75) percentile: (327, 483, 984)
[M::mem_pestat] low and high boundaries for computing mean and std.dev: (1, 2298)
[M::mem_pestat] mean and std.dev: (603.45, 477.84)
[M::mem_pestat] low and high boundaries for proper pairs: (1, 2955)
[M::mem_pestat] analyzing insert size distribution for orientation FR...
[M::mem_pestat] (25, 50, 75) percentile: (278, 364, 468)
[M::mem_pestat] low and high boundaries for computing mean and std.dev: (1, 848)
[M::mem_pestat] mean and std.dev: (373.54, 143.24)
[M::mem_pestat] low and high boundaries for proper pairs: (1, 1038)
[M::mem_pestat] analyzing insert size distribution for orientation RF...
[M::mem_pestat] (25, 50, 75) percentile: (239, 1843, 5353)
[M::mem_pestat] low and high boundaries for computing mean and std.dev: (1, 15581)
[M::mem_pestat] mean and std.dev: (3022.60, 3056.73)
[M::mem_pestat] low and high boundaries for proper pairs: (1, 20695)
[M::mem_pestat] analyzing insert size distribution for orientation RR...
[M::mem_pestat] (25, 50, 75) percentile: (339, 599, 2703)
[M::mem_pestat] low and high boundaries for computing mean and std.dev: (1, 7431)
[M::mem_pestat] mean and std.dev: (920.33, 1213.78)
[M::mem_pestat] low and high boundaries for proper pairs: (1, 9795)
[M::mem_pestat] skip orientation FF
[M::mem_pestat] skip orientation RF
[M::mem_pestat] skip orientation RR
[M::process] read 1066668 sequences (160000200 bp)...
[M::mem_process_seqs] Processed 1066668 reads in 780.453 CPU sec, 50.319 real sec
[M::mem_pestat] # candidate unique pairs for (FF, FR, RF, RR): (34, 224802, 76, 41)
[M::mem_pestat] analyzing insert size distribution for orientation FF...
[M::mem_pestat] (25, 50, 75) percentile: (385, 936, 1570)
[M::mem_pestat] low and high boundaries for computing mean and std.dev: (1, 3940)
[M::mem_pestat] mean and std.dev: (1007.70, 941.73)
[M::mem_pestat] low and high boundaries for proper pairs: (1, 5125)
[M::mem_pestat] analyzing insert size distribution for orientation FR...
[M::mem_pestat] (25, 50, 75) percentile: (277, 364, 469)
[M::mem_pestat] low and high boundaries for computing mean and std.dev: (1, 853)
[M::mem_pestat] mean and std.dev: (373.57, 144.51)
[M::mem_pestat] low and high boundaries for proper pairs: (1, 1045)
[M::mem_pestat] analyzing insert size distribution for orientation RF...
[M::mem_pestat] (25, 50, 75) percentile: (154, 523, 3409)
[M::mem_pestat] low and high boundaries for computing mean and std.dev: (1, 9919)
[M::mem_pestat] mean and std.dev: (2058.48, 2804.67)
[M::mem_pestat] low and high boundaries for proper pairs: (1, 13277)
[M::mem_pestat] analyzing insert size distribution for orientation RR...
[M::mem_pestat] (25, 50, 75) percentile: (236, 546, 1926)
[M::mem_pestat] low and high boundaries for computing mean and std.dev: (1, 5306)
[M::mem_pestat] mean and std.dev: (756.91, 929.41)
[M::mem_pestat] low and high boundaries for proper pairs: (1, 6996)
[M::mem_pestat] skip orientation FF
[M::mem_pestat] skip orientation RF
[M::mem_pestat] skip orientation RR
[M::process] read 1066668 sequences (160000200 bp)...
[M::mem_process_seqs] Processed 1066668 reads in 784.079 CPU sec, 50.579 real sec
[M::mem_pestat] # candidate unique pairs for (FF, FR, RF, RR): (28, 224382, 80, 46)
[M::mem_pestat] analyzing insert size distribution for orientation FF...
[M::mem_pestat] (25, 50, 75) percentile: (560, 776, 1618)
[M::mem_pestat] low and high boundaries for computing mean and std.dev: (1, 3734)
[M::mem_pestat] mean and std.dev: (967.19, 805.43)
[M::mem_pestat] low and high boundaries for proper pairs: (1, 4792)
[M::mem_pestat] analyzing insert size distribution for orientation FR...
[M::mem_pestat] (25, 50, 75) percentile: (273, 360, 464)
[M::mem_pestat] low and high boundaries for computing mean and std.dev: (1, 846)
[M::mem_pestat] mean and std.dev: (369.55, 143.71)
[M::mem_pestat] low and high boundaries for proper pairs: (1, 1037)
[M::mem_pestat] analyzing insert size distribution for orientation RF...
[M::mem_pestat] (25, 50, 75) percentile: (148, 664, 4360)
[M::mem_pestat] low and high boundaries for computing mean and std.dev: (1, 12784)
[M::mem_pestat] mean and std.dev: (2271.64, 2725.44)
[M::mem_pestat] low and high boundaries for proper pairs: (1, 16996)
[M::mem_pestat] analyzing insert size distribution for orientation RR...
[M::mem_pestat] (25, 50, 75) percentile: (264, 484, 2887)
[M::mem_pestat] low and high boundaries for computing mean and std.dev: (1, 8133)
[M::mem_pestat] mean and std.dev: (1617.67, 1967.92)
[M::mem_pestat] low and high boundaries for proper pairs: (1, 10756)
[M::mem_pestat] skip orientation FF
[M::mem_pestat] skip orientation RF
[M::mem_pestat] skip orientation RR
[M::process] read 1066668 sequences (160000200 bp)...
[M::mem_process_seqs] Processed 1066668 reads in 789.983 CPU sec, 51.030 real sec
[M::mem_pestat] # candidate unique pairs for (FF, FR, RF, RR): (38, 224895, 60, 48)
[M::mem_pestat] analyzing insert size distribution for orientation FF...
[M::mem_pestat] (25, 50, 75) percentile: (265, 477, 1296)
[M::mem_pestat] low and high boundaries for computing mean and std.dev: (1, 3358)
[M::mem_pestat] mean and std.dev: (709.40, 685.00)
[M::mem_pestat] low and high boundaries for proper pairs: (1, 4389)
[M::mem_pestat] analyzing insert size distribution for orientation FR...
[M::mem_pestat] (25, 50, 75) percentile: (272, 359, 463)
[M::mem_pestat] low and high boundaries for computing mean and std.dev: (1, 845)
[M::mem_pestat] mean and std.dev: (368.74, 143.98)
[M::mem_pestat] low and high boundaries for proper pairs: (1, 1036)
[M::mem_pestat] analyzing insert size distribution for orientation RF...
[M::mem_pestat] (25, 50, 75) percentile: (231, 1871, 6094)
[M::mem_pestat] low and high boundaries for computing mean and std.dev: (1, 17820)
[M::mem_pestat] mean and std.dev: (3094.60, 3118.47)
[M::mem_pestat] low and high boundaries for proper pairs: (1, 23683)
[M::mem_pestat] analyzing insert size distribution for orientation RR...
[M::mem_pestat] (25, 50, 75) percentile: (331, 458, 1548)
[M::mem_pestat] low and high boundaries for computing mean and std.dev: (1, 3982)
[M::mem_pestat] mean and std.dev: (857.76, 929.71)
[M::mem_pestat] low and high boundaries for proper pairs: (1, 5199)
[M::mem_pestat] skip orientation FF
[M::mem_pestat] skip orientation RF
[M::mem_pestat] skip orientation RR
[M::process] read 1066668 sequences (160000200 bp)...
[M::mem_process_seqs] Processed 1066668 reads in 800.201 CPU sec, 51.605 real sec
[M::mem_pestat] # candidate unique pairs for (FF, FR, RF, RR): (29, 224566, 74, 49)
[M::mem_pestat] analyzing insert size distribution for orientation FF...
[M::mem_pestat] (25, 50, 75) percentile: (288, 419, 2497)
[M::mem_pestat] low and high boundaries for computing mean and std.dev: (1, 6915)
[M::mem_pestat] mean and std.dev: (970.54, 1373.63)
[M::mem_pestat] low and high boundaries for proper pairs: (1, 9124)
[M::mem_pestat] analyzing insert size distribution for orientation FR...
[M::mem_pestat] (25, 50, 75) percentile: (274, 361, 466)
[M::mem_pestat] low and high boundaries for computing mean and std.dev: (1, 850)
[M::mem_pestat] mean and std.dev: (370.55, 145.05)
[M::mem_pestat] low and high boundaries for proper pairs: (1, 1042)
[M::mem_pestat] analyzing insert size distribution for orientation RF...
[M::mem_pestat] (25, 50, 75) percentile: (234, 641, 4292)
[M::mem_pestat] low and high boundaries for computing mean and std.dev: (1, 12408)
[M::mem_pestat] mean and std.dev: (2246.19, 2821.62)
[M::mem_pestat] low and high boundaries for proper pairs: (1, 16466)
[M::mem_pestat] analyzing insert size distribution for orientation RR...
[M::mem_pestat] (25, 50, 75) percentile: (333, 601, 2365)
[M::mem_pestat] low and high boundaries for computing mean and std.dev: (1, 6429)
[M::mem_pestat] mean and std.dev: (1069.17, 1548.38)
[M::mem_pestat] low and high boundaries for proper pairs: (1, 8461)
[M::mem_pestat] skip orientation FF
[M::mem_pestat] skip orientation RF
[M::mem_pestat] skip orientation RR
[M::process] read 1066668 sequences (160000200 bp)...
[M::mem_process_seqs] Processed 1066668 reads in 784.473 CPU sec, 50.732 real sec
[M::mem_pestat] # candidate unique pairs for (FF, FR, RF, RR): (27, 223945, 87, 40)
[M::mem_pestat] analyzing insert size distribution for orientation FF...
[M::mem_pestat] (25, 50, 75) percentile: (311, 329, 412)
[M::mem_pestat] low and high boundaries for computing mean and std.dev: (109, 614)
[M::mem_pestat] mean and std.dev: (306.21, 95.37)
[M::mem_pestat] low and high boundaries for proper pairs: (1, 715)
[M::mem_pestat] analyzing insert size distribution for orientation FR...
[M::mem_pestat] (25, 50, 75) percentile: (280, 369, 474)
[M::mem_pestat] low and high boundaries for computing mean and std.dev: (1, 862)
[M::mem_pestat] mean and std.dev: (377.71, 146.38)
[M::mem_pestat] low and high boundaries for proper pairs: (1, 1056)
[M::mem_pestat] analyzing insert size distribution for orientation RF...
[M::mem_pestat] (25, 50, 75) percentile: (106, 417, 2275)
[M::mem_pestat] low and high boundaries for computing mean and std.dev: (1, 6613)
[M::mem_pestat] mean and std.dev: (1037.52, 1494.89)
[M::mem_pestat] low and high boundaries for proper pairs: (1, 8782)
[M::mem_pestat] analyzing insert size distribution for orientation RR...
[M::mem_pestat] (25, 50, 75) percentile: (330, 697, 5615)
[M::mem_pestat] low and high boundaries for computing mean and std.dev: (1, 16185)
[M::mem_pestat] mean and std.dev: (2289.07, 2849.21)
[M::mem_pestat] low and high boundaries for proper pairs: (1, 21470)
[M::mem_pestat] skip orientation FF
[M::mem_pestat] skip orientation RF
[M::mem_pestat] skip orientation RR
[M::process] read 1066668 sequences (160000200 bp)...
[M::mem_process_seqs] Processed 1066668 reads in 775.573 CPU sec, 50.042 real sec
[M::mem_pestat] # candidate unique pairs for (FF, FR, RF, RR): (41, 225747, 82, 46)
[M::mem_pestat] analyzing insert size distribution for orientation FF...
[M::mem_pestat] (25, 50, 75) percentile: (284, 970, 2956)
[M::mem_pestat] low and high boundaries for computing mean and std.dev: (1, 8300)
[M::mem_pestat] mean and std.dev: (1564.42, 1821.40)
[M::mem_pestat] low and high boundaries for proper pairs: (1, 10972)
[M::mem_pestat] analyzing insert size distribution for orientation FR...
[M::mem_pestat] (25, 50, 75) percentile: (275, 361, 464)
[M::mem_pestat] low and high boundaries for computing mean and std.dev: (1, 842)
[M::mem_pestat] mean and std.dev: (369.81, 143.04)
[M::mem_pestat] low and high boundaries for proper pairs: (1, 1031)
[M::mem_pestat] analyzing insert size distribution for orientation RF...
[M::mem_pestat] (25, 50, 75) percentile: (162, 1014, 2260)
[M::mem_pestat] low and high boundaries for computing mean and std.dev: (1, 6456)
[M::mem_pestat] mean and std.dev: (1396.83, 1587.61)
[M::mem_pestat] low and high boundaries for proper pairs: (1, 8554)
[M::mem_pestat] analyzing insert size distribution for orientation RR...
[M::mem_pestat] (25, 50, 75) percentile: (227, 411, 2198)
[M::mem_pestat] low and high boundaries for computing mean and std.dev: (1, 6140)
[M::mem_pestat] mean and std.dev: (798.05, 1052.70)
[M::mem_pestat] low and high boundaries for proper pairs: (1, 8111)
[M::mem_pestat] skip orientation FF
[M::mem_pestat] skip orientation RF
[M::mem_pestat] skip orientation RR
[M::mem_process_seqs] Processed 1066668 reads in 762.817 CPU sec, 50.085 real sec
[M::process] read 1066668 sequences (160000200 bp)...
[M::mem_pestat] # candidate unique pairs for (FF, FR, RF, RR): (29, 224644, 90, 28)
[M::mem_pestat] analyzing insert size distribution for orientation FF...
[M::mem_pestat] (25, 50, 75) percentile: (252, 423, 1350)
[M::mem_pestat] low and high boundaries for computing mean and std.dev: (1, 3546)
[M::mem_pestat] mean and std.dev: (687.23, 676.66)
[M::mem_pestat] low and high boundaries for proper pairs: (1, 4644)
[M::mem_pestat] analyzing insert size distribution for orientation FR...
[M::mem_pestat] (25, 50, 75) percentile: (275, 363, 468)
[M::mem_pestat] low and high boundaries for computing mean and std.dev: (1, 854)
[M::mem_pestat] mean and std.dev: (372.46, 145.65)
[M::mem_pestat] low and high boundaries for proper pairs: (1, 1047)
[M::mem_pestat] analyzing insert size distribution for orientation RF...
[M::mem_pestat] (25, 50, 75) percentile: (377, 931, 3400)
[M::mem_pestat] low and high boundaries for computing mean and std.dev: (1, 9446)
[M::mem_pestat] mean and std.dev: (1999.79, 2431.00)
[M::mem_pestat] low and high boundaries for proper pairs: (1, 12469)
[M::mem_pestat] analyzing insert size distribution for orientation RR...
[M::mem_pestat] (25, 50, 75) percentile: (226, 421, 2198)
[M::mem_pestat] low and high boundaries for computing mean and std.dev: (1, 6142)
[M::mem_pestat] mean and std.dev: (1111.26, 1168.79)
[M::mem_pestat] low and high boundaries for proper pairs: (1, 8114)
[M::mem_pestat] skip orientation FF
[M::mem_pestat] skip orientation RF
[M::mem_pestat] skip orientation RR
[M::process] read 1066668 sequences (160000200 bp)...
[M::mem_process_seqs] Processed 1066668 reads in 776.090 CPU sec, 49.533 real sec
[M::mem_pestat] # candidate unique pairs for (FF, FR, RF, RR): (38, 225098, 80, 48)
[M::mem_pestat] analyzing insert size distribution for orientation FF...
[M::mem_pestat] (25, 50, 75) percentile: (316, 492, 1028)
[M::mem_pestat] low and high boundaries for computing mean and std.dev: (1, 2452)
[M::mem_pestat] mean and std.dev: (511.21, 339.60)
[M::mem_pestat] low and high boundaries for proper pairs: (1, 3164)
[M::mem_pestat] analyzing insert size distribution for orientation FR...
[M::mem_pestat] (25, 50, 75) percentile: (275, 362, 468)
[M::mem_pestat] low and high boundaries for computing mean and std.dev: (1, 854)
[M::mem_pestat] mean and std.dev: (372.00, 145.13)
[M::mem_pestat] low and high boundaries for proper pairs: (1, 1047)
[M::mem_pestat] analyzing insert size distribution for orientation RF...
[M::mem_pestat] (25, 50, 75) percentile: (347, 1588, 3986)
[M::mem_pestat] low and high boundaries for computing mean and std.dev: (1, 11264)
[M::mem_pestat] mean and std.dev: (2620.15, 2650.84)
[M::mem_pestat] low and high boundaries for proper pairs: (1, 14903)
[M::mem_pestat] analyzing insert size distribution for orientation RR...
[M::mem_pestat] (25, 50, 75) percentile: (281, 355, 530)
[M::mem_pestat] low and high boundaries for computing mean and std.dev: (1, 1028)
[M::mem_pestat] mean and std.dev: (331.62, 183.11)
[M::mem_pestat] low and high boundaries for proper pairs: (1, 1277)
[M::mem_pestat] skip orientation FF
[M::mem_pestat] skip orientation RF
[M::mem_pestat] skip orientation RR
[M::process] read 1066668 sequences (160000200 bp)...
[M::mem_process_seqs] Processed 1066668 reads in 774.564 CPU sec, 49.932 real sec
[M::mem_pestat] # candidate unique pairs for (FF, FR, RF, RR): (43, 224653, 101, 42)
[M::mem_pestat] analyzing insert size distribution for orientation FF...
[M::mem_pestat] (25, 50, 75) percentile: (412, 726, 2201)
[M::mem_pestat] low and high boundaries for computing mean and std.dev: (1, 5779)
[M::mem_pestat] mean and std.dev: (1277.22, 1464.45)
[M::mem_pestat] low and high boundaries for proper pairs: (1, 7568)
[M::mem_pestat] analyzing insert size distribution for orientation FR...
[M::mem_pestat] (25, 50, 75) percentile: (276, 363, 469)
[M::mem_pestat] low and high boundaries for computing mean and std.dev: (1, 855)
[M::mem_pestat] mean and std.dev: (373.24, 145.20)
[M::mem_pestat] low and high boundaries for proper pairs: (1, 1048)
[M::mem_pestat] analyzing insert size distribution for orientation RF...
[M::mem_pestat] (25, 50, 75) percentile: (197, 2204, 5557)
[M::mem_pestat] low and high boundaries for computing mean and std.dev: (1, 16277)
[M::mem_pestat] mean and std.dev: (3009.70, 3110.89)
[M::mem_pestat] low and high boundaries for proper pairs: (1, 21637)
[M::mem_pestat] analyzing insert size distribution for orientation RR...
[M::mem_pestat] (25, 50, 75) percentile: (328, 594, 1711)
[M::mem_pestat] low and high boundaries for computing mean and std.dev: (1, 4477)
[M::mem_pestat] mean and std.dev: (706.17, 682.80)
[M::mem_pestat] low and high boundaries for proper pairs: (1, 5860)
[M::mem_pestat] skip orientation FF
[M::mem_pestat] skip orientation RF
[M::mem_pestat] skip orientation RR
[M::process] read 1066668 sequences (160000200 bp)...
[M::mem_process_seqs] Processed 1066668 reads in 780.348 CPU sec, 50.395 real sec
[M::mem_pestat] # candidate unique pairs for (FF, FR, RF, RR): (45, 224330, 83, 35)
[M::mem_pestat] analyzing insert size distribution for orientation FF...
[M::mem_pestat] (25, 50, 75) percentile: (308, 566, 1248)
[M::mem_pestat] low and high boundaries for computing mean and std.dev: (1, 3128)
[M::mem_pestat] mean and std.dev: (652.97, 508.33)
[M::mem_pestat] low and high boundaries for proper pairs: (1, 4068)
[M::mem_pestat] analyzing insert size distribution for orientation FR...
[M::mem_pestat] (25, 50, 75) percentile: (273, 360, 466)
[M::mem_pestat] low and high boundaries for computing mean and std.dev: (1, 852)
[M::mem_pestat] mean and std.dev: (370.64, 144.69)
[M::mem_pestat] low and high boundaries for proper pairs: (1, 1045)
[M::mem_pestat] analyzing insert size distribution for orientation RF...
[M::mem_pestat] (25, 50, 75) percentile: (266, 1091, 3384)
[M::mem_pestat] low and high boundaries for computing mean and std.dev: (1, 9620)
[M::mem_pestat] mean and std.dev: (2182.12, 2635.64)
[M::mem_pestat] low and high boundaries for proper pairs: (1, 12738)
[M::mem_pestat] analyzing insert size distribution for orientation RR...
[M::mem_pestat] (25, 50, 75) percentile: (405, 476, 813)
[M::mem_pestat] low and high boundaries for computing mean and std.dev: (1, 1629)
[M::mem_pestat] mean and std.dev: (522.26, 338.60)
[M::mem_pestat] low and high boundaries for proper pairs: (1, 2037)
[M::mem_pestat] skip orientation FF
[M::mem_pestat] skip orientation RF
[M::mem_pestat] skip orientation RR
[M::process] read 1066668 sequences (160000200 bp)...
[M::mem_process_seqs] Processed 1066668 reads in 783.664 CPU sec, 50.622 real sec
[M::mem_pestat] # candidate unique pairs for (FF, FR, RF, RR): (38, 224478, 90, 33)
[M::mem_pestat] analyzing insert size distribution for orientation FF...
[M::mem_pestat] (25, 50, 75) percentile: (306, 657, 1348)
[M::mem_pestat] low and high boundaries for computing mean and std.dev: (1, 3432)
[M::mem_pestat] mean and std.dev: (687.00, 506.67)
[M::mem_pestat] low and high boundaries for proper pairs: (1, 4474)
[M::mem_pestat] analyzing insert size distribution for orientation FR...
[M::mem_pestat] (25, 50, 75) percentile: (273, 359, 464)
[M::mem_pestat] low and high boundaries for computing mean and std.dev: (1, 846)
[M::mem_pestat] mean and std.dev: (369.39, 143.56)
[M::mem_pestat] low and high boundaries for proper pairs: (1, 1037)
[M::mem_pestat] analyzing insert size distribution for orientation RF...
[M::mem_pestat] (25, 50, 75) percentile: (316, 998, 3131)
[M::mem_pestat] low and high boundaries for computing mean and std.dev: (1, 8761)
[M::mem_pestat] mean and std.dev: (1658.18, 2065.33)
[M::mem_pestat] low and high boundaries for proper pairs: (1, 11576)
[M::mem_pestat] analyzing insert size distribution for orientation RR...
[M::mem_pestat] (25, 50, 75) percentile: (231, 647, 1887)
[M::mem_pestat] low and high boundaries for computing mean and std.dev: (1, 5199)
[M::mem_pestat] mean and std.dev: (1044.77, 1026.70)
[M::mem_pestat] low and high boundaries for proper pairs: (1, 6855)
[M::mem_pestat] skip orientation FF
[M::mem_pestat] skip orientation RF
[M::mem_pestat] skip orientation RR
[M::process] read 1066668 sequences (160000200 bp)...
[M::mem_process_seqs] Processed 1066668 reads in 782.872 CPU sec, 50.475 real sec
[M::mem_pestat] # candidate unique pairs for (FF, FR, RF, RR): (55, 223792, 78, 37)
[M::mem_pestat] analyzing insert size distribution for orientation FF...
[M::mem_pestat] (25, 50, 75) percentile: (298, 612, 3627)
[M::mem_pestat] low and high boundaries for computing mean and std.dev: (1, 10285)
[M::mem_pestat] mean and std.dev: (2002.02, 2390.60)
[M::mem_pestat] low and high boundaries for proper pairs: (1, 13614)
[M::mem_pestat] analyzing insert size distribution for orientation FR...
[M::mem_pestat] (25, 50, 75) percentile: (275, 362, 465)
[M::mem_pestat] low and high boundaries for computing mean and std.dev: (1, 845)
[M::mem_pestat] mean and std.dev: (370.41, 143.59)
[M::mem_pestat] low and high boundaries for proper pairs: (1, 1035)
[M::mem_pestat] analyzing insert size distribution for orientation RF...
[M::mem_pestat] (25, 50, 75) percentile: (336, 2297, 4258)
[M::mem_pestat] low and high boundaries for computing mean and std.dev: (1, 12102)
[M::mem_pestat] mean and std.dev: (3015.74, 2918.06)
[M::mem_pestat] low and high boundaries for proper pairs: (1, 16024)
[M::mem_pestat] analyzing insert size distribution for orientation RR...
[M::mem_pestat] (25, 50, 75) percentile: (303, 736, 1571)
[M::mem_pestat] low and high boundaries for computing mean and std.dev: (1, 4107)
[M::mem_pestat] mean and std.dev: (761.61, 769.95)
[M::mem_pestat] low and high boundaries for proper pairs: (1, 5375)
[M::mem_pestat] skip orientation FF
[M::mem_pestat] skip orientation RF
[M::mem_pestat] skip orientation RR
[M::process] read 1066668 sequences (160000200 bp)...
[M::mem_process_seqs] Processed 1066668 reads in 767.848 CPU sec, 49.591 real sec
[M::mem_pestat] # candidate unique pairs for (FF, FR, RF, RR): (31, 225511, 60, 46)
[M::mem_pestat] analyzing insert size distribution for orientation FF...
[M::mem_pestat] (25, 50, 75) percentile: (304, 896, 1611)
[M::mem_pestat] low and high boundaries for computing mean and std.dev: (1, 4225)
[M::mem_pestat] mean and std.dev: (1139.58, 1001.10)
[M::mem_pestat] low and high boundaries for proper pairs: (1, 5532)
[M::mem_pestat] analyzing insert size distribution for orientation FR...
[M::mem_pestat] (25, 50, 75) percentile: (280, 368, 472)
[M::mem_pestat] low and high boundaries for computing mean and std.dev: (1, 856)
[M::mem_pestat] mean and std.dev: (376.36, 144.42)
[M::mem_pestat] low and high boundaries for proper pairs: (1, 1048)
[M::mem_pestat] analyzing insert size distribution for orientation RF...
[M::mem_pestat] (25, 50, 75) percentile: (342, 796, 1871)
[M::mem_pestat] low and high boundaries for computing mean and std.dev: (1, 4929)
[M::mem_pestat] mean and std.dev: (1115.31, 1331.18)
[M::mem_pestat] low and high boundaries for proper pairs: (1, 6458)
[M::mem_pestat] analyzing insert size distribution for orientation RR...
[M::mem_pestat] (25, 50, 75) percentile: (180, 329, 1703)
[M::mem_pestat] low and high boundaries for computing mean and std.dev: (1, 4749)
[M::mem_pestat] mean and std.dev: (924.65, 1160.14)
[M::mem_pestat] low and high boundaries for proper pairs: (1, 6272)
[M::mem_pestat] skip orientation FF
[M::mem_pestat] skip orientation RF
[M::mem_pestat] skip orientation RR
[M::process] read 1066668 sequences (160000200 bp)...
[M::mem_process_seqs] Processed 1066668 reads in 762.693 CPU sec, 49.230 real sec
[M::mem_pestat] # candidate unique pairs for (FF, FR, RF, RR): (29, 225791, 86, 22)
[M::mem_pestat] analyzing insert size distribution for orientation FF...
[M::mem_pestat] (25, 50, 75) percentile: (316, 651, 2537)
[M::mem_pestat] low and high boundaries for computing mean and std.dev: (1, 6979)
[M::mem_pestat] mean and std.dev: (1455.52, 1563.16)
[M::mem_pestat] low and high boundaries for proper pairs: (1, 9200)
[M::mem_pestat] analyzing insert size distribution for orientation FR...
[M::mem_pestat] (25, 50, 75) percentile: (275, 361, 463)
[M::mem_pestat] low and high boundaries for computing mean and std.dev: (1, 839)
[M::mem_pestat] mean and std.dev: (369.24, 142.56)
[M::mem_pestat] low and high boundaries for proper pairs: (1, 1027)
[M::mem_pestat] analyzing insert size distribution for orientation RF...
[M::mem_pestat] (25, 50, 75) percentile: (178, 951, 2942)
[M::mem_pestat] low and high boundaries for computing mean and std.dev: (1, 8470)
[M::mem_pestat] mean and std.dev: (1802.42, 2195.37)
[M::mem_pestat] low and high boundaries for proper pairs: (1, 11234)
[M::mem_pestat] analyzing insert size distribution for orientation RR...
[M::mem_pestat] (25, 50, 75) percentile: (390, 764, 4984)
[M::mem_pestat] low and high boundaries for computing mean and std.dev: (1, 14172)
[M::mem_pestat] mean and std.dev: (2371.82, 2871.87)
[M::mem_pestat] low and high boundaries for proper pairs: (1, 18766)
[M::mem_pestat] skip orientation FF
[M::mem_pestat] skip orientation RF
[M::mem_pestat] skip orientation RR
[M::process] read 1066668 sequences (160000200 bp)...
[M::mem_process_seqs] Processed 1066668 reads in 758.806 CPU sec, 48.977 real sec
[M::mem_pestat] # candidate unique pairs for (FF, FR, RF, RR): (52, 225069, 73, 45)
[M::mem_pestat] analyzing insert size distribution for orientation FF...
[M::mem_pestat] (25, 50, 75) percentile: (230, 471, 1051)
[M::mem_pestat] low and high boundaries for computing mean and std.dev: (1, 2693)
[M::mem_pestat] mean and std.dev: (585.00, 483.34)
[M::mem_pestat] low and high boundaries for proper pairs: (1, 3514)
[M::mem_pestat] analyzing insert size distribution for orientation FR...
[M::mem_pestat] (25, 50, 75) percentile: (279, 367, 473)
[M::mem_pestat] low and high boundaries for computing mean and std.dev: (1, 861)
[M::mem_pestat] mean and std.dev: (376.48, 145.69)
[M::mem_pestat] low and high boundaries for proper pairs: (1, 1055)
[M::mem_pestat] analyzing insert size distribution for orientation RF...
[M::mem_pestat] (25, 50, 75) percentile: (347, 2299, 5818)
[M::mem_pestat] low and high boundaries for computing mean and std.dev: (1, 16760)
[M::mem_pestat] mean and std.dev: (3214.51, 3126.07)
[M::mem_pestat] low and high boundaries for proper pairs: (1, 22231)
[M::mem_pestat] analyzing insert size distribution for orientation RR...
[M::mem_pestat] (25, 50, 75) percentile: (528, 645, 5714)
[M::mem_pestat] low and high boundaries for computing mean and std.dev: (1, 16086)
[M::mem_pestat] mean and std.dev: (2901.22, 3326.66)
[M::mem_pestat] low and high boundaries for proper pairs: (1, 21272)
[M::mem_pestat] skip orientation FF
[M::mem_pestat] skip orientation RF
[M::mem_pestat] skip orientation RR
[M::process] read 1066668 sequences (160000200 bp)...
[M::mem_process_seqs] Processed 1066668 reads in 772.342 CPU sec, 49.908 real sec
[M::mem_pestat] # candidate unique pairs for (FF, FR, RF, RR): (25, 224958, 81, 45)
[M::mem_pestat] analyzing insert size distribution for orientation FF...
[M::mem_pestat] (25, 50, 75) percentile: (282, 517, 1426)
[M::mem_pestat] low and high boundaries for computing mean and std.dev: (1, 3714)
[M::mem_pestat] mean and std.dev: (779.46, 749.02)
[M::mem_pestat] low and high boundaries for proper pairs: (1, 4858)
[M::mem_pestat] analyzing insert size distribution for orientation FR...
[M::mem_pestat] (25, 50, 75) percentile: (276, 362, 466)
[M::mem_pestat] low and high boundaries for computing mean and std.dev: (1, 846)
[M::mem_pestat] mean and std.dev: (371.32, 143.58)
[M::mem_pestat] low and high boundaries for proper pairs: (1, 1036)
[M::mem_pestat] analyzing insert size distribution for orientation RF...
[M::mem_pestat] (25, 50, 75) percentile: (275, 1547, 6449)
[M::mem_pestat] low and high boundaries for computing mean and std.dev: (1, 18797)
[M::mem_pestat] mean and std.dev: (3239.42, 3268.03)
[M::mem_pestat] low and high boundaries for proper pairs: (1, 24971)
[M::mem_pestat] analyzing insert size distribution for orientation RR...
[M::mem_pestat] (25, 50, 75) percentile: (315, 561, 1699)
[M::mem_pestat] low and high boundaries for computing mean and std.dev: (1, 4467)
[M::mem_pestat] mean and std.dev: (1157.40, 1221.56)
[M::mem_pestat] low and high boundaries for proper pairs: (1, 6044)
[M::mem_pestat] skip orientation FF
[M::mem_pestat] skip orientation RF
[M::mem_pestat] skip orientation RR
[M::process] read 1066668 sequences (160000200 bp)...
[M::mem_process_seqs] Processed 1066668 reads in 783.294 CPU sec, 50.579 real sec
[M::mem_pestat] # candidate unique pairs for (FF, FR, RF, RR): (34, 224338, 98, 27)
[M::mem_pestat] analyzing insert size distribution for orientation FF...
[M::mem_pestat] (25, 50, 75) percentile: (246, 537, 1066)
[M::mem_pestat] low and high boundaries for computing mean and std.dev: (1, 2706)
[M::mem_pestat] mean and std.dev: (548.64, 450.90)
[M::mem_pestat] low and high boundaries for proper pairs: (1, 3526)
[M::mem_pestat] analyzing insert size distribution for orientation FR...
[M::mem_pestat] (25, 50, 75) percentile: (273, 359, 465)
[M::mem_pestat] low and high boundaries for computing mean and std.dev: (1, 849)
[M::mem_pestat] mean and std.dev: (369.54, 144.29)
[M::mem_pestat] low and high boundaries for proper pairs: (1, 1041)
[M::mem_pestat] analyzing insert size distribution for orientation RF...
[M::mem_pestat] (25, 50, 75) percentile: (158, 678, 3880)
[M::mem_pestat] low and high boundaries for computing mean and std.dev: (1, 11324)
[M::mem_pestat] mean and std.dev: (2335.45, 3015.49)
[M::mem_pestat] low and high boundaries for proper pairs: (1, 15046)
[M::mem_pestat] analyzing insert size distribution for orientation RR...
[M::mem_pestat] (25, 50, 75) percentile: (195, 423, 1362)
[M::mem_pestat] low and high boundaries for computing mean and std.dev: (1, 3696)
[M::mem_pestat] mean and std.dev: (554.22, 596.49)
[M::mem_pestat] low and high boundaries for proper pairs: (1, 4863)
[M::mem_pestat] skip orientation FF
[M::mem_pestat] skip orientation RF
[M::mem_pestat] skip orientation RR
[M::process] read 1066668 sequences (160000200 bp)...
[M::mem_process_seqs] Processed 1066668 reads in 789.208 CPU sec, 50.931 real sec
[M::mem_pestat] # candidate unique pairs for (FF, FR, RF, RR): (37, 224741, 63, 42)
[M::mem_pestat] analyzing insert size distribution for orientation FF...
[M::mem_pestat] (25, 50, 75) percentile: (308, 468, 1507)
[M::mem_pestat] low and high boundaries for computing mean and std.dev: (1, 3905)
[M::mem_pestat] mean and std.dev: (685.50, 546.58)
[M::mem_pestat] low and high boundaries for proper pairs: (1, 5104)
[M::mem_pestat] analyzing insert size distribution for orientation FR...
[M::mem_pestat] (25, 50, 75) percentile: (272, 359, 463)
[M::mem_pestat] low and high boundaries for computing mean and std.dev: (1, 845)
[M::mem_pestat] mean and std.dev: (368.88, 143.54)
[M::mem_pestat] low and high boundaries for proper pairs: (1, 1036)
[M::mem_pestat] analyzing insert size distribution for orientation RF...
[M::mem_pestat] (25, 50, 75) percentile: (279, 1401, 4387)
[M::mem_pestat] low and high boundaries for computing mean and std.dev: (1, 12603)
[M::mem_pestat] mean and std.dev: (2482.22, 2669.12)
[M::mem_pestat] low and high boundaries for proper pairs: (1, 16711)
[M::mem_pestat] analyzing insert size distribution for orientation RR...
[M::mem_pestat] (25, 50, 75) percentile: (289, 761, 2040)
[M::mem_pestat] low and high boundaries for computing mean and std.dev: (1, 5542)
[M::mem_pestat] mean and std.dev: (1029.32, 1153.99)
[M::mem_pestat] low and high boundaries for proper pairs: (1, 7293)
[M::mem_pestat] skip orientation FF
[M::mem_pestat] skip orientation RF
[M::mem_pestat] skip orientation RR
[M::process] read 1066668 sequences (160000200 bp)...
[M::mem_process_seqs] Processed 1066668 reads in 793.702 CPU sec, 51.303 real sec
[M::mem_pestat] # candidate unique pairs for (FF, FR, RF, RR): (51, 224615, 70, 49)
[M::mem_pestat] analyzing insert size distribution for orientation FF...
[M::mem_pestat] (25, 50, 75) percentile: (253, 477, 905)
[M::mem_pestat] low and high boundaries for computing mean and std.dev: (1, 2209)
[M::mem_pestat] mean and std.dev: (547.22, 418.93)
[M::mem_pestat] low and high boundaries for proper pairs: (1, 2861)
[M::mem_pestat] analyzing insert size distribution for orientation FR...
[M::mem_pestat] (25, 50, 75) percentile: (272, 358, 462)
[M::mem_pestat] low and high boundaries for computing mean and std.dev: (1, 842)
[M::mem_pestat] mean and std.dev: (367.84, 143.09)
[M::mem_pestat] low and high boundaries for proper pairs: (1, 1032)
[M::mem_pestat] analyzing insert size distribution for orientation RF...
[M::mem_pestat] (25, 50, 75) percentile: (160, 532, 2731)
[M::mem_pestat] low and high boundaries for computing mean and std.dev: (1, 7873)
[M::mem_pestat] mean and std.dev: (1170.63, 1737.72)
[M::mem_pestat] low and high boundaries for proper pairs: (1, 10444)
[M::mem_pestat] analyzing insert size distribution for orientation RR...
[M::mem_pestat] (25, 50, 75) percentile: (337, 625, 1763)
[M::mem_pestat] low and high boundaries for computing mean and std.dev: (1, 4615)
[M::mem_pestat] mean and std.dev: (1112.26, 1269.43)
[M::mem_pestat] low and high boundaries for proper pairs: (1, 6190)
[M::mem_pestat] skip orientation FF
[M::mem_pestat] skip orientation RF
[M::mem_pestat] skip orientation RR
[M::process] read 1066668 sequences (160000200 bp)...
[M::mem_process_seqs] Processed 1066668 reads in 800.570 CPU sec, 51.703 real sec
[M::mem_pestat] # candidate unique pairs for (FF, FR, RF, RR): (34, 222834, 72, 41)
[M::mem_pestat] analyzing insert size distribution for orientation FF...
[M::mem_pestat] (25, 50, 75) percentile: (297, 495, 909)
[M::mem_pestat] low and high boundaries for computing mean and std.dev: (1, 2133)
[M::mem_pestat] mean and std.dev: (635.48, 434.96)
[M::mem_pestat] low and high boundaries for proper pairs: (1, 2745)
[M::mem_pestat] analyzing insert size distribution for orientation FR...
[M::mem_pestat] (25, 50, 75) percentile: (280, 376, 490)
[M::mem_pestat] low and high boundaries for computing mean and std.dev: (1, 910)
[M::mem_pestat] mean and std.dev: (385.75, 153.40)
[M::mem_pestat] low and high boundaries for proper pairs: (1, 1120)
[M::mem_pestat] analyzing insert size distribution for orientation RF...
[M::mem_pestat] (25, 50, 75) percentile: (228, 1038, 2388)
[M::mem_pestat] low and high boundaries for computing mean and std.dev: (1, 6708)
[M::mem_pestat] mean and std.dev: (1230.51, 1381.07)
[M::mem_pestat] low and high boundaries for proper pairs: (1, 8868)
[M::mem_pestat] analyzing insert size distribution for orientation RR...
[M::mem_pestat] (25, 50, 75) percentile: (296, 391, 1186)
[M::mem_pestat] low and high boundaries for computing mean and std.dev: (1, 2966)
[M::mem_pestat] mean and std.dev: (607.22, 611.59)
[M::mem_pestat] low and high boundaries for proper pairs: (1, 3856)
[M::mem_pestat] skip orientation FF
[M::mem_pestat] skip orientation RF
[M::mem_pestat] skip orientation RR
[M::process] read 1066668 sequences (160000200 bp)...
[M::mem_process_seqs] Processed 1066668 reads in 813.629 CPU sec, 52.577 real sec
[M::mem_pestat] # candidate unique pairs for (FF, FR, RF, RR): (70, 222109, 68, 45)
[M::mem_pestat] analyzing insert size distribution for orientation FF...
[M::mem_pestat] (25, 50, 75) percentile: (260, 893, 2147)
[M::mem_pestat] low and high boundaries for computing mean and std.dev: (1, 5921)
[M::mem_pestat] mean and std.dev: (1312.69, 1259.95)
[M::mem_pestat] low and high boundaries for proper pairs: (1, 7808)
[M::mem_pestat] analyzing insert size distribution for orientation FR...
[M::mem_pestat] (25, 50, 75) percentile: (287, 385, 499)
[M::mem_pestat] low and high boundaries for computing mean and std.dev: (1, 923)
[M::mem_pestat] mean and std.dev: (393.48, 154.29)
[M::mem_pestat] low and high boundaries for proper pairs: (1, 1135)
[M::mem_pestat] analyzing insert size distribution for orientation RF...
[M::mem_pestat] (25, 50, 75) percentile: (188, 1929, 3765)
[M::mem_pestat] low and high boundaries for computing mean and std.dev: (1, 10919)
[M::mem_pestat] mean and std.dev: (2678.62, 2919.35)
[M::mem_pestat] low and high boundaries for proper pairs: (1, 14496)
[M::mem_pestat] analyzing insert size distribution for orientation RR...
[M::mem_pestat] (25, 50, 75) percentile: (254, 474, 3350)
[M::mem_pestat] low and high boundaries for computing mean and std.dev: (1, 9542)
[M::mem_pestat] mean and std.dev: (1481.89, 1633.20)
[M::mem_pestat] low and high boundaries for proper pairs: (1, 12638)
[M::mem_pestat] skip orientation FF
[M::mem_pestat] skip orientation RF
[M::mem_pestat] skip orientation RR
[M::process] read 1066668 sequences (160000200 bp)...
[M::mem_process_seqs] Processed 1066668 reads in 797.589 CPU sec, 51.453 real sec
[M::mem_pestat] # candidate unique pairs for (FF, FR, RF, RR): (42, 222401, 70, 42)
[M::mem_pestat] analyzing insert size distribution for orientation FF...
[M::mem_pestat] (25, 50, 75) percentile: (211, 517, 1294)
[M::mem_pestat] low and high boundaries for computing mean and std.dev: (1, 3460)
[M::mem_pestat] mean and std.dev: (566.80, 498.35)
[M::mem_pestat] low and high boundaries for proper pairs: (1, 4543)
[M::mem_pestat] analyzing insert size distribution for orientation FR...
[M::mem_pestat] (25, 50, 75) percentile: (279, 374, 487)
[M::mem_pestat] low and high boundaries for computing mean and std.dev: (1, 903)
[M::mem_pestat] mean and std.dev: (383.84, 152.52)
[M::mem_pestat] low and high boundaries for proper pairs: (1, 1111)
[M::mem_pestat] analyzing insert size distribution for orientation RF...
[M::mem_pestat] (25, 50, 75) percentile: (171, 1088, 4301)
[M::mem_pestat] low and high boundaries for computing mean and std.dev: (1, 12561)
[M::mem_pestat] mean and std.dev: (2339.21, 2870.64)
[M::mem_pestat] low and high boundaries for proper pairs: (1, 16691)
[M::mem_pestat] analyzing insert size distribution for orientation RR...
[M::mem_pestat] (25, 50, 75) percentile: (260, 477, 1809)
[M::mem_pestat] low and high boundaries for computing mean and std.dev: (1, 4907)
[M::mem_pestat] mean and std.dev: (981.48, 1015.07)
[M::mem_pestat] low and high boundaries for proper pairs: (1, 6456)
[M::mem_pestat] skip orientation FF
[M::mem_pestat] skip orientation RF
[M::mem_pestat] skip orientation RR
[M::process] read 1066668 sequences (160000200 bp)...
[M::mem_process_seqs] Processed 1066668 reads in 795.724 CPU sec, 51.307 real sec
[M::mem_pestat] # candidate unique pairs for (FF, FR, RF, RR): (34, 222189, 67, 41)
[M::mem_pestat] analyzing insert size distribution for orientation FF...
[M::mem_pestat] (25, 50, 75) percentile: (273, 833, 2460)
[M::mem_pestat] low and high boundaries for computing mean and std.dev: (1, 6834)
[M::mem_pestat] mean and std.dev: (1188.70, 1429.60)
[M::mem_pestat] low and high boundaries for proper pairs: (1, 9021)
[M::mem_pestat] analyzing insert size distribution for orientation FR...
[M::mem_pestat] (25, 50, 75) percentile: (278, 371, 482)
[M::mem_pestat] low and high boundaries for computing mean and std.dev: (1, 890)
[M::mem_pestat] mean and std.dev: (380.75, 150.23)
[M::mem_pestat] low and high boundaries for proper pairs: (1, 1094)
[M::mem_pestat] analyzing insert size distribution for orientation RF...
[M::mem_pestat] (25, 50, 75) percentile: (292, 1202, 6368)
[M::mem_pestat] low and high boundaries for computing mean and std.dev: (1, 18520)
[M::mem_pestat] mean and std.dev: (3185.87, 3284.77)
[M::mem_pestat] low and high boundaries for proper pairs: (1, 24596)
[M::mem_pestat] analyzing insert size distribution for orientation RR...
[M::mem_pestat] (25, 50, 75) percentile: (310, 767, 1644)
[M::mem_pestat] low and high boundaries for computing mean and std.dev: (1, 4312)
[M::mem_pestat] mean and std.dev: (1115.73, 951.38)
[M::mem_pestat] low and high boundaries for proper pairs: (1, 5646)
[M::mem_pestat] skip orientation FF
[M::mem_pestat] skip orientation RF
[M::mem_pestat] skip orientation RR
[M::process] read 1066668 sequences (160000200 bp)...
[M::mem_process_seqs] Processed 1066668 reads in 793.537 CPU sec, 51.137 real sec
[M::mem_pestat] # candidate unique pairs for (FF, FR, RF, RR): (38, 223611, 87, 37)
[M::mem_pestat] analyzing insert size distribution for orientation FF...
[M::mem_pestat] (25, 50, 75) percentile: (406, 1653, 4235)
[M::mem_pestat] low and high boundaries for computing mean and std.dev: (1, 11893)
[M::mem_pestat] mean and std.dev: (2379.13, 2455.83)
[M::mem_pestat] low and high boundaries for proper pairs: (1, 15722)
[M::mem_pestat] analyzing insert size distribution for orientation FR...
[M::mem_pestat] (25, 50, 75) percentile: (279, 371, 481)
[M::mem_pestat] low and high boundaries for computing mean and std.dev: (1, 885)
[M::mem_pestat] mean and std.dev: (381.08, 149.82)
[M::mem_pestat] low and high boundaries for proper pairs: (1, 1087)
[M::mem_pestat] analyzing insert size distribution for orientation RF...
[M::mem_pestat] (25, 50, 75) percentile: (182, 1460, 4388)
[M::mem_pestat] low and high boundaries for computing mean and std.dev: (1, 12800)
[M::mem_pestat] mean and std.dev: (2735.00, 3114.46)
[M::mem_pestat] low and high boundaries for proper pairs: (1, 17006)
[M::mem_pestat] analyzing insert size distribution for orientation RR...
[M::mem_pestat] (25, 50, 75) percentile: (354, 601, 1577)
[M::mem_pestat] low and high boundaries for computing mean and std.dev: (1, 4023)
[M::mem_pestat] mean and std.dev: (886.97, 788.76)
[M::mem_pestat] low and high boundaries for proper pairs: (1, 5246)
[M::mem_pestat] skip orientation FF
[M::mem_pestat] skip orientation RF
[M::mem_pestat] skip orientation RR
[M::mem_process_seqs] Processed 1066668 reads in 801.214 CPU sec, 53.041 real sec
[M::process] read 1066668 sequences (160000200 bp)...
[M::mem_pestat] # candidate unique pairs for (FF, FR, RF, RR): (30, 223353, 79, 39)
[M::mem_pestat] analyzing insert size distribution for orientation FF...
[M::mem_pestat] (25, 50, 75) percentile: (273, 326, 1322)
[M::mem_pestat] low and high boundaries for computing mean and std.dev: (1, 3420)
[M::mem_pestat] mean and std.dev: (598.19, 612.82)
[M::mem_pestat] low and high boundaries for proper pairs: (1, 4469)
[M::mem_pestat] analyzing insert size distribution for orientation FR...
[M::mem_pestat] (25, 50, 75) percentile: (281, 371, 480)
[M::mem_pestat] low and high boundaries for computing mean and std.dev: (1, 878)
[M::mem_pestat] mean and std.dev: (381.05, 148.51)
[M::mem_pestat] low and high boundaries for proper pairs: (1, 1077)
[M::mem_pestat] analyzing insert size distribution for orientation RF...
[M::mem_pestat] (25, 50, 75) percentile: (188, 1362, 5931)
[M::mem_pestat] low and high boundaries for computing mean and std.dev: (1, 17417)
[M::mem_pestat] mean and std.dev: (2851.53, 3224.50)
[M::mem_pestat] low and high boundaries for proper pairs: (1, 23160)
[M::mem_pestat] analyzing insert size distribution for orientation RR...
[M::mem_pestat] (25, 50, 75) percentile: (324, 471, 1223)
[M::mem_pestat] low and high boundaries for computing mean and std.dev: (1, 3021)
[M::mem_pestat] mean and std.dev: (866.34, 902.78)
[M::mem_pestat] low and high boundaries for proper pairs: (1, 4477)
[M::mem_pestat] skip orientation FF
[M::mem_pestat] skip orientation RF
[M::mem_pestat] skip orientation RR
[M::process] read 1066668 sequences (160000200 bp)...
[M::mem_process_seqs] Processed 1066668 reads in 793.779 CPU sec, 50.750 real sec
[M::mem_pestat] # candidate unique pairs for (FF, FR, RF, RR): (29, 223758, 79, 40)
[M::mem_pestat] analyzing insert size distribution for orientation FF...
[M::mem_pestat] (25, 50, 75) percentile: (339, 774, 1647)
[M::mem_pestat] low and high boundaries for computing mean and std.dev: (1, 4263)
[M::mem_pestat] mean and std.dev: (995.57, 771.58)
[M::mem_pestat] low and high boundaries for proper pairs: (1, 5571)
[M::mem_pestat] analyzing insert size distribution for orientation FR...
[M::mem_pestat] (25, 50, 75) percentile: (279, 369, 479)
[M::mem_pestat] low and high boundaries for computing mean and std.dev: (1, 879)
[M::mem_pestat] mean and std.dev: (380.08, 148.60)
[M::mem_pestat] low and high boundaries for proper pairs: (1, 1079)
[M::mem_pestat] analyzing insert size distribution for orientation RF...
[M::mem_pestat] (25, 50, 75) percentile: (397, 1222, 5561)
[M::mem_pestat] low and high boundaries for computing mean and std.dev: (1, 15889)
[M::mem_pestat] mean and std.dev: (2881.80, 3088.71)
[M::mem_pestat] low and high boundaries for proper pairs: (1, 21053)
[M::mem_pestat] analyzing insert size distribution for orientation RR...
[M::mem_pestat] (25, 50, 75) percentile: (382, 571, 1577)
[M::mem_pestat] low and high boundaries for computing mean and std.dev: (1, 3967)
[M::mem_pestat] mean and std.dev: (899.76, 806.41)
[M::mem_pestat] low and high boundaries for proper pairs: (1, 5162)
[M::mem_pestat] skip orientation FF
[M::mem_pestat] skip orientation RF
[M::mem_pestat] skip orientation RR
[M::process] read 1066668 sequences (160000200 bp)...
[M::mem_process_seqs] Processed 1066668 reads in 803.151 CPU sec, 51.800 real sec
[M::mem_pestat] # candidate unique pairs for (FF, FR, RF, RR): (38, 223659, 94, 40)
[M::mem_pestat] analyzing insert size distribution for orientation FF...
[M::mem_pestat] (25, 50, 75) percentile: (538, 921, 3233)
[M::mem_pestat] low and high boundaries for computing mean and std.dev: (1, 8623)
[M::mem_pestat] mean and std.dev: (2197.71, 2579.44)
[M::mem_pestat] low and high boundaries for proper pairs: (1, 12515)
[M::mem_pestat] analyzing insert size distribution for orientation FR...
[M::mem_pestat] (25, 50, 75) percentile: (279, 369, 480)
[M::mem_pestat] low and high boundaries for computing mean and std.dev: (1, 882)
[M::mem_pestat] mean and std.dev: (380.28, 149.38)
[M::mem_pestat] low and high boundaries for proper pairs: (1, 1083)
[M::mem_pestat] analyzing insert size distribution for orientation RF...
[M::mem_pestat] (25, 50, 75) percentile: (112, 878, 4839)
[M::mem_pestat] low and high boundaries for computing mean and std.dev: (1, 14293)
[M::mem_pestat] mean and std.dev: (2504.67, 2981.00)
[M::mem_pestat] low and high boundaries for proper pairs: (1, 19020)
[M::mem_pestat] analyzing insert size distribution for orientation RR...
[M::mem_pestat] (25, 50, 75) percentile: (281, 388, 1457)
[M::mem_pestat] low and high boundaries for computing mean and std.dev: (1, 3809)
[M::mem_pestat] mean and std.dev: (664.14, 669.70)
[M::mem_pestat] low and high boundaries for proper pairs: (1, 4985)
[M::mem_pestat] skip orientation FF
[M::mem_pestat] skip orientation RF
[M::mem_pestat] skip orientation RR
[M::process] read 1066668 sequences (160000200 bp)...
[M::mem_process_seqs] Processed 1066668 reads in 808.965 CPU sec, 52.106 real sec
[M::mem_pestat] # candidate unique pairs for (FF, FR, RF, RR): (52, 221338, 73, 48)
[M::mem_pestat] analyzing insert size distribution for orientation FF...
[M::mem_pestat] (25, 50, 75) percentile: (402, 1264, 3815)
[M::mem_pestat] low and high boundaries for computing mean and std.dev: (1, 10641)
[M::mem_pestat] mean and std.dev: (2278.12, 2664.03)
[M::mem_pestat] low and high boundaries for proper pairs: (1, 14054)
[M::mem_pestat] analyzing insert size distribution for orientation FR...
[M::mem_pestat] (25, 50, 75) percentile: (274, 370, 487)
[M::mem_pestat] low and high boundaries for computing mean and std.dev: (1, 913)
[M::mem_pestat] mean and std.dev: (381.58, 155.36)
[M::mem_pestat] low and high boundaries for proper pairs: (1, 1126)
[M::mem_pestat] analyzing insert size distribution for orientation RF...
[M::mem_pestat] (25, 50, 75) percentile: (163, 844, 4205)
[M::mem_pestat] low and high boundaries for computing mean and std.dev: (1, 12289)
[M::mem_pestat] mean and std.dev: (2327.56, 2746.67)
[M::mem_pestat] low and high boundaries for proper pairs: (1, 16331)
[M::mem_pestat] analyzing insert size distribution for orientation RR...
[M::mem_pestat] (25, 50, 75) percentile: (439, 595, 1146)
[M::mem_pestat] low and high boundaries for computing mean and std.dev: (1, 2560)
[M::mem_pestat] mean and std.dev: (643.37, 437.33)
[M::mem_pestat] low and high boundaries for proper pairs: (1, 3267)
[M::mem_pestat] skip orientation FF
[M::mem_pestat] skip orientation RF
[M::mem_pestat] skip orientation RR
[M::process] read 1066668 sequences (160000200 bp)...
[M::mem_process_seqs] Processed 1066668 reads in 798.682 CPU sec, 51.514 real sec
[M::mem_pestat] # candidate unique pairs for (FF, FR, RF, RR): (47, 220972, 98, 32)
[M::mem_pestat] analyzing insert size distribution for orientation FF...
[M::mem_pestat] (25, 50, 75) percentile: (286, 678, 1443)
[M::mem_pestat] low and high boundaries for computing mean and std.dev: (1, 3757)
[M::mem_pestat] mean and std.dev: (665.02, 556.75)
[M::mem_pestat] low and high boundaries for proper pairs: (1, 4914)
[M::mem_pestat] analyzing insert size distribution for orientation FR...
[M::mem_pestat] (25, 50, 75) percentile: (277, 373, 490)
[M::mem_pestat] low and high boundaries for computing mean and std.dev: (1, 916)
[M::mem_pestat] mean and std.dev: (384.07, 155.28)
[M::mem_pestat] low and high boundaries for proper pairs: (1, 1129)
[M::mem_pestat] analyzing insert size distribution for orientation RF...
[M::mem_pestat] (25, 50, 75) percentile: (472, 1438, 6755)
[M::mem_pestat] low and high boundaries for computing mean and std.dev: (1, 19321)
[M::mem_pestat] mean and std.dev: (3258.65, 3197.51)
[M::mem_pestat] low and high boundaries for proper pairs: (1, 25604)
[M::mem_pestat] analyzing insert size distribution for orientation RR...
[M::mem_pestat] (25, 50, 75) percentile: (152, 344, 602)
[M::mem_pestat] low and high boundaries for computing mean and std.dev: (1, 1502)
[M::mem_pestat] mean and std.dev: (401.21, 371.29)
[M::mem_pestat] low and high boundaries for proper pairs: (1, 1952)
[M::mem_pestat] skip orientation FF
[M::mem_pestat] skip orientation RF
[M::mem_pestat] skip orientation RR
[M::process] read 1066668 sequences (160000200 bp)...
[M::mem_process_seqs] Processed 1066668 reads in 802.065 CPU sec, 51.665 real sec
[M::mem_pestat] # candidate unique pairs for (FF, FR, RF, RR): (39, 222585, 59, 35)
[M::mem_pestat] analyzing insert size distribution for orientation FF...
[M::mem_pestat] (25, 50, 75) percentile: (246, 493, 1277)
[M::mem_pestat] low and high boundaries for computing mean and std.dev: (1, 3339)
[M::mem_pestat] mean and std.dev: (721.53, 651.02)
[M::mem_pestat] low and high boundaries for proper pairs: (1, 4370)
[M::mem_pestat] analyzing insert size distribution for orientation FR...
[M::mem_pestat] (25, 50, 75) percentile: (277, 373, 489)
[M::mem_pestat] low and high boundaries for computing mean and std.dev: (1, 913)
[M::mem_pestat] mean and std.dev: (383.88, 154.17)
[M::mem_pestat] low and high boundaries for proper pairs: (1, 1125)
[M::mem_pestat] analyzing insert size distribution for orientation RF...
[M::mem_pestat] (25, 50, 75) percentile: (206, 855, 2705)
[M::mem_pestat] low and high boundaries for computing mean and std.dev: (1, 7703)
[M::mem_pestat] mean and std.dev: (1618.84, 1994.94)
[M::mem_pestat] low and high boundaries for proper pairs: (1, 10202)
[M::mem_pestat] analyzing insert size distribution for orientation RR...
[M::mem_pestat] (25, 50, 75) percentile: (314, 677, 1568)
[M::mem_pestat] low and high boundaries for computing mean and std.dev: (1, 4076)
[M::mem_pestat] mean and std.dev: (967.24, 931.11)
[M::mem_pestat] low and high boundaries for proper pairs: (1, 5330)
[M::mem_pestat] skip orientation FF
[M::mem_pestat] skip orientation RF
[M::mem_pestat] skip orientation RR
[M::process] read 1066668 sequences (160000200 bp)...
[M::mem_process_seqs] Processed 1066668 reads in 799.601 CPU sec, 51.497 real sec
[M::mem_pestat] # candidate unique pairs for (FF, FR, RF, RR): (27, 223228, 72, 30)
[M::mem_pestat] analyzing insert size distribution for orientation FF...
[M::mem_pestat] (25, 50, 75) percentile: (243, 828, 2337)
[M::mem_pestat] low and high boundaries for computing mean and std.dev: (1, 6525)
[M::mem_pestat] mean and std.dev: (1645.96, 2137.15)
[M::mem_pestat] low and high boundaries for proper pairs: (1, 10195)
[M::mem_pestat] analyzing insert size distribution for orientation FR...
[M::mem_pestat] (25, 50, 75) percentile: (277, 372, 484)
[M::mem_pestat] low and high boundaries for computing mean and std.dev: (1, 898)
[M::mem_pestat] mean and std.dev: (382.22, 152.16)
[M::mem_pestat] low and high boundaries for proper pairs: (1, 1105)
[M::mem_pestat] analyzing insert size distribution for orientation RF...
[M::mem_pestat] (25, 50, 75) percentile: (118, 644, 3383)
[M::mem_pestat] low and high boundaries for computing mean and std.dev: (1, 9913)
[M::mem_pestat] mean and std.dev: (1891.36, 2454.23)
[M::mem_pestat] low and high boundaries for proper pairs: (1, 13178)
[M::mem_pestat] analyzing insert size distribution for orientation RR...
[M::mem_pestat] (25, 50, 75) percentile: (247, 660, 3283)
[M::mem_pestat] low and high boundaries for computing mean and std.dev: (1, 9355)
[M::mem_pestat] mean and std.dev: (1157.00, 1787.21)
[M::mem_pestat] low and high boundaries for proper pairs: (1, 12391)
[M::mem_pestat] skip orientation FF
[M::mem_pestat] skip orientation RF
[M::mem_pestat] skip orientation RR
[M::process] read 1066668 sequences (160000200 bp)...
[M::mem_process_seqs] Processed 1066668 reads in 796.765 CPU sec, 51.228 real sec
[M::mem_pestat] # candidate unique pairs for (FF, FR, RF, RR): (38, 223396, 92, 40)
[M::mem_pestat] analyzing insert size distribution for orientation FF...
[M::mem_pestat] (25, 50, 75) percentile: (221, 431, 1406)
[M::mem_pestat] low and high boundaries for computing mean and std.dev: (1, 3776)
[M::mem_pestat] mean and std.dev: (579.91, 575.98)
[M::mem_pestat] low and high boundaries for proper pairs: (1, 4961)
[M::mem_pestat] analyzing insert size distribution for orientation FR...
[M::mem_pestat] (25, 50, 75) percentile: (282, 377, 492)
[M::mem_pestat] low and high boundaries for computing mean and std.dev: (1, 912)
[M::mem_pestat] mean and std.dev: (387.76, 154.23)
[M::mem_pestat] low and high boundaries for proper pairs: (1, 1122)
[M::mem_pestat] analyzing insert size distribution for orientation RF...
[M::mem_pestat] (25, 50, 75) percentile: (417, 1117, 5782)
[M::mem_pestat] low and high boundaries for computing mean and std.dev: (1, 16512)
[M::mem_pestat] mean and std.dev: (2936.42, 3127.62)
[M::mem_pestat] low and high boundaries for proper pairs: (1, 21877)
[M::mem_pestat] analyzing insert size distribution for orientation RR...
[M::mem_pestat] (25, 50, 75) percentile: (240, 547, 1190)
[M::mem_pestat] low and high boundaries for computing mean and std.dev: (1, 3090)
[M::mem_pestat] mean and std.dev: (674.32, 586.63)
[M::mem_pestat] low and high boundaries for proper pairs: (1, 4040)
[M::mem_pestat] skip orientation FF
[M::mem_pestat] skip orientation RF
[M::mem_pestat] skip orientation RR
[M::process] read 1066668 sequences (160000200 bp)...
[M::mem_process_seqs] Processed 1066668 reads in 799.239 CPU sec, 51.375 real sec
[M::mem_pestat] # candidate unique pairs for (FF, FR, RF, RR): (38, 224455, 77, 38)
[M::mem_pestat] analyzing insert size distribution for orientation FF...
[M::mem_pestat] (25, 50, 75) percentile: (403, 898, 3625)
[M::mem_pestat] low and high boundaries for computing mean and std.dev: (1, 10069)
[M::mem_pestat] mean and std.dev: (1988.42, 2326.54)
[M::mem_pestat] low and high boundaries for proper pairs: (1, 13291)
[M::mem_pestat] analyzing insert size distribution for orientation FR...
[M::mem_pestat] (25, 50, 75) percentile: (281, 374, 489)
[M::mem_pestat] low and high boundaries for computing mean and std.dev: (1, 905)
[M::mem_pestat] mean and std.dev: (385.72, 152.73)
[M::mem_pestat] low and high boundaries for proper pairs: (1, 1113)
[M::mem_pestat] analyzing insert size distribution for orientation RF...
[M::mem_pestat] (25, 50, 75) percentile: (317, 1720, 3366)
[M::mem_pestat] low and high boundaries for computing mean and std.dev: (1, 9464)
[M::mem_pestat] mean and std.dev: (2171.08, 2194.49)
[M::mem_pestat] low and high boundaries for proper pairs: (1, 12513)
[M::mem_pestat] analyzing insert size distribution for orientation RR...
[M::mem_pestat] (25, 50, 75) percentile: (277, 839, 1898)
[M::mem_pestat] low and high boundaries for computing mean and std.dev: (1, 5140)
[M::mem_pestat] mean and std.dev: (1115.61, 1064.68)
[M::mem_pestat] low and high boundaries for proper pairs: (1, 6761)
[M::mem_pestat] skip orientation FF
[M::mem_pestat] skip orientation RF
[M::mem_pestat] skip orientation RR
[M::process] read 1066668 sequences (160000200 bp)...
[M::mem_process_seqs] Processed 1066668 reads in 789.735 CPU sec, 50.817 real sec
[M::mem_pestat] # candidate unique pairs for (FF, FR, RF, RR): (45, 223297, 78, 38)
[M::mem_pestat] analyzing insert size distribution for orientation FF...
[M::mem_pestat] (25, 50, 75) percentile: (259, 374, 1284)
[M::mem_pestat] low and high boundaries for computing mean and std.dev: (1, 3334)
[M::mem_pestat] mean and std.dev: (610.90, 598.52)
[M::mem_pestat] low and high boundaries for proper pairs: (1, 4359)
[M::mem_pestat] analyzing insert size distribution for orientation FR...
[M::mem_pestat] (25, 50, 75) percentile: (280, 371, 486)
[M::mem_pestat] low and high boundaries for computing mean and std.dev: (1, 898)
[M::mem_pestat] mean and std.dev: (384.40, 152.75)
[M::mem_pestat] low and high boundaries for proper pairs: (1, 1104)
[M::mem_pestat] analyzing insert size distribution for orientation RF...
[M::mem_pestat] (25, 50, 75) percentile: (276, 2052, 6855)
[M::mem_pestat] low and high boundaries for computing mean and std.dev: (1, 20013)
[M::mem_pestat] mean and std.dev: (3275.81, 3386.11)
[M::mem_pestat] low and high boundaries for proper pairs: (1, 26592)
[M::mem_pestat] analyzing insert size distribution for orientation RR...
[M::mem_pestat] (25, 50, 75) percentile: (476, 839, 1468)
[M::mem_pestat] low and high boundaries for computing mean and std.dev: (1, 3452)
[M::mem_pestat] mean and std.dev: (907.23, 589.93)
[M::mem_pestat] low and high boundaries for proper pairs: (1, 4444)
[M::mem_pestat] skip orientation FF
[M::mem_pestat] skip orientation RF
[M::mem_pestat] skip orientation RR
[M::process] read 1066668 sequences (160000200 bp)...
[M::mem_process_seqs] Processed 1066668 reads in 788.299 CPU sec, 50.839 real sec
[M::mem_pestat] # candidate unique pairs for (FF, FR, RF, RR): (31, 222177, 85, 34)
[M::mem_pestat] analyzing insert size distribution for orientation FF...
[M::mem_pestat] (25, 50, 75) percentile: (342, 654, 887)
[M::mem_pestat] low and high boundaries for computing mean and std.dev: (1, 1977)
[M::mem_pestat] mean and std.dev: (620.04, 406.92)
[M::mem_pestat] low and high boundaries for proper pairs: (1, 2522)
[M::mem_pestat] analyzing insert size distribution for orientation FR...
[M::mem_pestat] (25, 50, 75) percentile: (274, 367, 483)
[M::mem_pestat] low and high boundaries for computing mean and std.dev: (1, 901)
[M::mem_pestat] mean and std.dev: (379.97, 154.33)
[M::mem_pestat] low and high boundaries for proper pairs: (1, 1110)
[M::mem_pestat] analyzing insert size distribution for orientation RF...
[M::mem_pestat] (25, 50, 75) percentile: (231, 865, 5431)
[M::mem_pestat] low and high boundaries for computing mean and std.dev: (1, 15831)
[M::mem_pestat] mean and std.dev: (2835.55, 3185.10)
[M::mem_pestat] low and high boundaries for proper pairs: (1, 21031)
[M::mem_pestat] analyzing insert size distribution for orientation RR...
[M::mem_pestat] (25, 50, 75) percentile: (272, 1441, 2933)
[M::mem_pestat] low and high boundaries for computing mean and std.dev: (1, 8255)
[M::mem_pestat] mean and std.dev: (2161.47, 2374.30)
[M::mem_pestat] low and high boundaries for proper pairs: (1, 11659)
[M::mem_pestat] skip orientation FF
[M::mem_pestat] skip orientation RF
[M::mem_pestat] skip orientation RR
[M::process] read 1066668 sequences (160000200 bp)...
[M::mem_process_seqs] Processed 1066668 reads in 808.151 CPU sec, 52.017 real sec
[M::mem_pestat] # candidate unique pairs for (FF, FR, RF, RR): (38, 221287, 81, 46)
[M::mem_pestat] analyzing insert size distribution for orientation FF...
[M::mem_pestat] (25, 50, 75) percentile: (314, 348, 1016)
[M::mem_pestat] low and high boundaries for computing mean and std.dev: (1, 2420)
[M::mem_pestat] mean and std.dev: (515.19, 454.65)
[M::mem_pestat] low and high boundaries for proper pairs: (1, 3122)
[M::mem_pestat] analyzing insert size distribution for orientation FR...
[M::mem_pestat] (25, 50, 75) percentile: (273, 369, 486)
[M::mem_pestat] low and high boundaries for computing mean and std.dev: (1, 912)
[M::mem_pestat] mean and std.dev: (380.60, 155.55)
[M::mem_pestat] low and high boundaries for proper pairs: (1, 1125)
[M::mem_pestat] analyzing insert size distribution for orientation RF...
[M::mem_pestat] (25, 50, 75) percentile: (244, 1014, 5248)
[M::mem_pestat] low and high boundaries for computing mean and std.dev: (1, 15256)
[M::mem_pestat] mean and std.dev: (2405.20, 2534.85)
[M::mem_pestat] low and high boundaries for proper pairs: (1, 20260)
[M::mem_pestat] analyzing insert size distribution for orientation RR...
[M::mem_pestat] (25, 50, 75) percentile: (298, 430, 772)
[M::mem_pestat] low and high boundaries for computing mean and std.dev: (1, 1720)
[M::mem_pestat] mean and std.dev: (447.44, 332.72)
[M::mem_pestat] low and high boundaries for proper pairs: (1, 2194)
[M::mem_pestat] skip orientation FF
[M::mem_pestat] skip orientation RF
[M::mem_pestat] skip orientation RR
[M::process] read 1066668 sequences (160000200 bp)...
[M::mem_process_seqs] Processed 1066668 reads in 799.527 CPU sec, 51.511 real sec
[M::mem_pestat] # candidate unique pairs for (FF, FR, RF, RR): (31, 220981, 81, 35)
[M::mem_pestat] analyzing insert size distribution for orientation FF...
[M::mem_pestat] (25, 50, 75) percentile: (248, 373, 801)
[M::mem_pestat] low and high boundaries for computing mean and std.dev: (1, 1907)
[M::mem_pestat] mean and std.dev: (482.15, 403.61)
[M::mem_pestat] low and high boundaries for proper pairs: (1, 2460)
[M::mem_pestat] analyzing insert size distribution for orientation FR...
[M::mem_pestat] (25, 50, 75) percentile: (272, 366, 481)
[M::mem_pestat] low and high boundaries for computing mean and std.dev: (1, 899)
[M::mem_pestat] mean and std.dev: (377.95, 153.46)
[M::mem_pestat] low and high boundaries for proper pairs: (1, 1108)
[M::mem_pestat] analyzing insert size distribution for orientation RF...
[M::mem_pestat] (25, 50, 75) percentile: (124, 1186, 5352)
[M::mem_pestat] low and high boundaries for computing mean and std.dev: (1, 15808)
[M::mem_pestat] mean and std.dev: (2434.86, 2743.38)
[M::mem_pestat] low and high boundaries for proper pairs: (1, 21036)
[M::mem_pestat] analyzing insert size distribution for orientation RR...
[M::mem_pestat] (25, 50, 75) percentile: (320, 434, 900)
[M::mem_pestat] low and high boundaries for computing mean and std.dev: (1, 2060)
[M::mem_pestat] mean and std.dev: (508.72, 334.36)
[M::mem_pestat] low and high boundaries for proper pairs: (1, 2640)
[M::mem_pestat] skip orientation FF
[M::mem_pestat] skip orientation RF
[M::mem_pestat] skip orientation RR
[M::process] read 1066668 sequences (160000200 bp)...
[M::mem_process_seqs] Processed 1066668 reads in 803.638 CPU sec, 51.713 real sec
[M::mem_pestat] # candidate unique pairs for (FF, FR, RF, RR): (51, 221819, 82, 40)
[M::mem_pestat] analyzing insert size distribution for orientation FF...
[M::mem_pestat] (25, 50, 75) percentile: (341, 619, 1476)
[M::mem_pestat] low and high boundaries for computing mean and std.dev: (1, 3746)
[M::mem_pestat] mean and std.dev: (824.55, 748.82)
[M::mem_pestat] low and high boundaries for proper pairs: (1, 4881)
[M::mem_pestat] analyzing insert size distribution for orientation FR...
[M::mem_pestat] (25, 50, 75) percentile: (270, 363, 477)
[M::mem_pestat] low and high boundaries for computing mean and std.dev: (1, 891)
[M::mem_pestat] mean and std.dev: (374.48, 152.18)
[M::mem_pestat] low and high boundaries for proper pairs: (1, 1098)
[M::mem_pestat] analyzing insert size distribution for orientation RF...
[M::mem_pestat] (25, 50, 75) percentile: (152, 396, 3959)
[M::mem_pestat] low and high boundaries for computing mean and std.dev: (1, 11573)
[M::mem_pestat] mean and std.dev: (2184.67, 2969.65)
[M::mem_pestat] low and high boundaries for proper pairs: (1, 15380)
[M::mem_pestat] analyzing insert size distribution for orientation RR...
[M::mem_pestat] (25, 50, 75) percentile: (285, 788, 1232)
[M::mem_pestat] low and high boundaries for computing mean and std.dev: (1, 3126)
[M::mem_pestat] mean and std.dev: (622.94, 470.45)
[M::mem_pestat] low and high boundaries for proper pairs: (1, 4073)
[M::mem_pestat] skip orientation FF
[M::mem_pestat] skip orientation RF
[M::mem_pestat] skip orientation RR
[M::process] read 1066668 sequences (160000200 bp)...
[M::mem_process_seqs] Processed 1066668 reads in 802.578 CPU sec, 51.686 real sec
[M::mem_pestat] # candidate unique pairs for (FF, FR, RF, RR): (47, 222913, 75, 47)
[M::mem_pestat] analyzing insert size distribution for orientation FF...
[M::mem_pestat] (25, 50, 75) percentile: (387, 737, 1100)
[M::mem_pestat] low and high boundaries for computing mean and std.dev: (1, 2526)
[M::mem_pestat] mean and std.dev: (693.83, 460.80)
[M::mem_pestat] low and high boundaries for proper pairs: (1, 3239)
[M::mem_pestat] analyzing insert size distribution for orientation FR...
[M::mem_pestat] (25, 50, 75) percentile: (278, 373, 489)
[M::mem_pestat] low and high boundaries for computing mean and std.dev: (1, 911)
[M::mem_pestat] mean and std.dev: (384.64, 155.10)
[M::mem_pestat] low and high boundaries for proper pairs: (1, 1122)
[M::mem_pestat] analyzing insert size distribution for orientation RF...
[M::mem_pestat] (25, 50, 75) percentile: (271, 2186, 6463)
[M::mem_pestat] low and high boundaries for computing mean and std.dev: (1, 18847)
[M::mem_pestat] mean and std.dev: (3261.79, 3233.19)
[M::mem_pestat] low and high boundaries for proper pairs: (1, 25039)
[M::mem_pestat] analyzing insert size distribution for orientation RR...
[M::mem_pestat] (25, 50, 75) percentile: (290, 397, 932)
[M::mem_pestat] low and high boundaries for computing mean and std.dev: (1, 2216)
[M::mem_pestat] mean and std.dev: (484.18, 359.11)
[M::mem_pestat] low and high boundaries for proper pairs: (1, 2858)
[M::mem_pestat] skip orientation FF
[M::mem_pestat] skip orientation RF
[M::mem_pestat] skip orientation RR
[M::process] read 1066668 sequences (160000200 bp)...
[M::mem_process_seqs] Processed 1066668 reads in 801.288 CPU sec, 51.614 real sec
[M::mem_pestat] # candidate unique pairs for (FF, FR, RF, RR): (37, 222835, 88, 43)
[M::mem_pestat] analyzing insert size distribution for orientation FF...
[M::mem_pestat] (25, 50, 75) percentile: (233, 447, 1689)
[M::mem_pestat] low and high boundaries for computing mean and std.dev: (1, 4601)
[M::mem_pestat] mean and std.dev: (817.64, 854.49)
[M::mem_pestat] low and high boundaries for proper pairs: (1, 6057)
[M::mem_pestat] analyzing insert size distribution for orientation FR...
[M::mem_pestat] (25, 50, 75) percentile: (281, 377, 494)
[M::mem_pestat] low and high boundaries for computing mean and std.dev: (1, 920)
[M::mem_pestat] mean and std.dev: (388.56, 155.50)
[M::mem_pestat] low and high boundaries for proper pairs: (1, 1133)
[M::mem_pestat] analyzing insert size distribution for orientation RF...
[M::mem_pestat] (25, 50, 75) percentile: (232, 1006, 2951)
[M::mem_pestat] low and high boundaries for computing mean and std.dev: (1, 8389)
[M::mem_pestat] mean and std.dev: (1919.07, 2260.96)
[M::mem_pestat] low and high boundaries for proper pairs: (1, 11108)
[M::mem_pestat] analyzing insert size distribution for orientation RR...
[M::mem_pestat] (25, 50, 75) percentile: (316, 487, 1288)
[M::mem_pestat] low and high boundaries for computing mean and std.dev: (1, 3232)
[M::mem_pestat] mean and std.dev: (696.32, 624.81)
[M::mem_pestat] low and high boundaries for proper pairs: (1, 4204)
[M::mem_pestat] skip orientation FF
[M::mem_pestat] skip orientation RF
[M::mem_pestat] skip orientation RR
[M::process] read 1066668 sequences (160000200 bp)...
[M::mem_process_seqs] Processed 1066668 reads in 806.895 CPU sec, 51.966 real sec
[M::mem_pestat] # candidate unique pairs for (FF, FR, RF, RR): (32, 222056, 83, 44)
[M::mem_pestat] analyzing insert size distribution for orientation FF...
[M::mem_pestat] (25, 50, 75) percentile: (240, 531, 1879)
[M::mem_pestat] low and high boundaries for computing mean and std.dev: (1, 5157)
[M::mem_pestat] mean and std.dev: (822.29, 786.73)
[M::mem_pestat] low and high boundaries for proper pairs: (1, 6796)
[M::mem_pestat] analyzing insert size distribution for orientation FR...
[M::mem_pestat] (25, 50, 75) percentile: (279, 371, 486)
[M::mem_pestat] low and high boundaries for computing mean and std.dev: (1, 900)
[M::mem_pestat] mean and std.dev: (383.41, 152.50)
[M::mem_pestat] low and high boundaries for proper pairs: (1, 1107)
[M::mem_pestat] analyzing insert size distribution for orientation RF...
[M::mem_pestat] (25, 50, 75) percentile: (290, 819, 3623)
[M::mem_pestat] low and high boundaries for computing mean and std.dev: (1, 10289)
[M::mem_pestat] mean and std.dev: (2192.87, 2663.68)
[M::mem_pestat] low and high boundaries for proper pairs: (1, 13622)
[M::mem_pestat] analyzing insert size distribution for orientation RR...
[M::mem_pestat] (25, 50, 75) percentile: (271, 488, 2684)
[M::mem_pestat] low and high boundaries for computing mean and std.dev: (1, 7510)
[M::mem_pestat] mean and std.dev: (1600.76, 2194.33)
[M::mem_pestat] low and high boundaries for proper pairs: (1, 10378)
[M::mem_pestat] skip orientation FF
[M::mem_pestat] skip orientation RF
[M::mem_pestat] skip orientation RR
[M::process] read 1066668 sequences (160000200 bp)...
[M::mem_process_seqs] Processed 1066668 reads in 824.975 CPU sec, 53.201 real sec
[M::mem_pestat] # candidate unique pairs for (FF, FR, RF, RR): (64, 224052, 91, 27)
[M::mem_pestat] analyzing insert size distribution for orientation FF...
[M::mem_pestat] (25, 50, 75) percentile: (284, 498, 1195)
[M::mem_pestat] low and high boundaries for computing mean and std.dev: (1, 3017)
[M::mem_pestat] mean and std.dev: (598.58, 482.75)
[M::mem_pestat] low and high boundaries for proper pairs: (1, 3928)
[M::mem_pestat] analyzing insert size distribution for orientation FR...
[M::mem_pestat] (25, 50, 75) percentile: (279, 371, 485)
[M::mem_pestat] low and high boundaries for computing mean and std.dev: (1, 897)
[M::mem_pestat] mean and std.dev: (383.00, 152.72)
[M::mem_pestat] low and high boundaries for proper pairs: (1, 1103)
[M::mem_pestat] analyzing insert size distribution for orientation RF...
[M::mem_pestat] (25, 50, 75) percentile: (470, 1858, 6600)
[M::mem_pestat] low and high boundaries for computing mean and std.dev: (1, 18860)
[M::mem_pestat] mean and std.dev: (3453.91, 3411.35)
[M::mem_pestat] low and high boundaries for proper pairs: (1, 24990)
[M::mem_pestat] analyzing insert size distribution for orientation RR...
[M::mem_pestat] (25, 50, 75) percentile: (275, 429, 1927)
[M::mem_pestat] low and high boundaries for computing mean and std.dev: (1, 5231)
[M::mem_pestat] mean and std.dev: (808.17, 952.40)
[M::mem_pestat] low and high boundaries for proper pairs: (1, 6883)
[M::mem_pestat] skip orientation FF
[M::mem_pestat] skip orientation RF
[M::mem_pestat] skip orientation RR
[M::mem_process_seqs] Processed 1066668 reads in 830.592 CPU sec, 57.560 real sec
[M::process] read 1066668 sequences (160000200 bp)...
[M::mem_pestat] # candidate unique pairs for (FF, FR, RF, RR): (38, 221008, 59, 37)
[M::mem_pestat] analyzing insert size distribution for orientation FF...
[M::mem_pestat] (25, 50, 75) percentile: (276, 498, 581)
[M::mem_pestat] low and high boundaries for computing mean and std.dev: (1, 1191)
[M::mem_pestat] mean and std.dev: (420.94, 177.60)
[M::mem_pestat] low and high boundaries for proper pairs: (1, 1496)
[M::mem_pestat] analyzing insert size distribution for orientation FR...
[M::mem_pestat] (25, 50, 75) percentile: (274, 370, 487)
[M::mem_pestat] low and high boundaries for computing mean and std.dev: (1, 913)
[M::mem_pestat] mean and std.dev: (381.62, 155.81)
[M::mem_pestat] low and high boundaries for proper pairs: (1, 1126)
[M::mem_pestat] analyzing insert size distribution for orientation RF...
[M::mem_pestat] (25, 50, 75) percentile: (348, 1057, 3592)
[M::mem_pestat] low and high boundaries for computing mean and std.dev: (1, 10080)
[M::mem_pestat] mean and std.dev: (2201.07, 2387.23)
[M::mem_pestat] low and high boundaries for proper pairs: (1, 13324)
[M::mem_pestat] analyzing insert size distribution for orientation RR...
[M::mem_pestat] (25, 50, 75) percentile: (358, 975, 5062)
[M::mem_pestat] low and high boundaries for computing mean and std.dev: (1, 14470)
[M::mem_pestat] mean and std.dev: (2319.65, 2663.88)
[M::mem_pestat] low and high boundaries for proper pairs: (1, 19174)
[M::mem_pestat] skip orientation FF
[M::mem_pestat] skip orientation RF
[M::mem_pestat] skip orientation RR
[M::process] read 1066668 sequences (160000200 bp)...
[M::mem_process_seqs] Processed 1066668 reads in 810.639 CPU sec, 51.781 real sec
[M::mem_pestat] # candidate unique pairs for (FF, FR, RF, RR): (39, 220799, 69, 39)
[M::mem_pestat] analyzing insert size distribution for orientation FF...
[M::mem_pestat] (25, 50, 75) percentile: (239, 417, 768)
[M::mem_pestat] low and high boundaries for computing mean and std.dev: (1, 1826)
[M::mem_pestat] mean and std.dev: (393.88, 278.32)
[M::mem_pestat] low and high boundaries for proper pairs: (1, 2355)
[M::mem_pestat] analyzing insert size distribution for orientation FR...
[M::mem_pestat] (25, 50, 75) percentile: (275, 372, 486)
[M::mem_pestat] low and high boundaries for computing mean and std.dev: (1, 908)
[M::mem_pestat] mean and std.dev: (381.49, 154.05)
[M::mem_pestat] low and high boundaries for proper pairs: (1, 1119)
[M::mem_pestat] analyzing insert size distribution for orientation RF...
[M::mem_pestat] (25, 50, 75) percentile: (211, 899, 4821)
[M::mem_pestat] low and high boundaries for computing mean and std.dev: (1, 14041)
[M::mem_pestat] mean and std.dev: (2441.04, 2995.61)
[M::mem_pestat] low and high boundaries for proper pairs: (1, 18651)
[M::mem_pestat] analyzing insert size distribution for orientation RR...
[M::mem_pestat] (25, 50, 75) percentile: (522, 922, 1460)
[M::mem_pestat] low and high boundaries for computing mean and std.dev: (1, 3336)
[M::mem_pestat] mean and std.dev: (920.29, 616.54)
[M::mem_pestat] low and high boundaries for proper pairs: (1, 4274)
[M::mem_pestat] skip orientation FF
[M::mem_pestat] skip orientation RF
[M::mem_pestat] skip orientation RR
[M::process] read 1066668 sequences (160000200 bp)...
[M::mem_process_seqs] Processed 1066668 reads in 813.020 CPU sec, 52.335 real sec
[M::mem_pestat] # candidate unique pairs for (FF, FR, RF, RR): (45, 221985, 72, 38)
[M::mem_pestat] analyzing insert size distribution for orientation FF...
[M::mem_pestat] (25, 50, 75) percentile: (430, 599, 1036)
[M::mem_pestat] low and high boundaries for computing mean and std.dev: (1, 2248)
[M::mem_pestat] mean and std.dev: (688.24, 384.99)
[M::mem_pestat] low and high boundaries for proper pairs: (1, 2854)
[M::mem_pestat] analyzing insert size distribution for orientation FR...
[M::mem_pestat] (25, 50, 75) percentile: (276, 371, 485)
[M::mem_pestat] low and high boundaries for computing mean and std.dev: (1, 903)
[M::mem_pestat] mean and std.dev: (381.73, 154.29)
[M::mem_pestat] low and high boundaries for proper pairs: (1, 1112)
[M::mem_pestat] analyzing insert size distribution for orientation RF...
[M::mem_pestat] (25, 50, 75) percentile: (281, 1351, 6039)
[M::mem_pestat] low and high boundaries for computing mean and std.dev: (1, 17555)
[M::mem_pestat] mean and std.dev: (3087.43, 3553.26)
[M::mem_pestat] low and high boundaries for proper pairs: (1, 23313)
[M::mem_pestat] analyzing insert size distribution for orientation RR...
[M::mem_pestat] (25, 50, 75) percentile: (334, 702, 1609)
[M::mem_pestat] low and high boundaries for computing mean and std.dev: (1, 4159)
[M::mem_pestat] mean and std.dev: (747.19, 651.75)
[M::mem_pestat] low and high boundaries for proper pairs: (1, 5434)
[M::mem_pestat] skip orientation FF
[M::mem_pestat] skip orientation RF
[M::mem_pestat] skip orientation RR
[M::process] read 1066668 sequences (160000200 bp)...
[M::mem_process_seqs] Processed 1066668 reads in 812.198 CPU sec, 52.267 real sec
[M::mem_pestat] # candidate unique pairs for (FF, FR, RF, RR): (25, 221431, 72, 37)
[M::mem_pestat] analyzing insert size distribution for orientation FF...
[M::mem_pestat] (25, 50, 75) percentile: (265, 834, 1530)
[M::mem_pestat] low and high boundaries for computing mean and std.dev: (1, 4060)
[M::mem_pestat] mean and std.dev: (841.14, 919.59)
[M::mem_pestat] low and high boundaries for proper pairs: (1, 5325)
[M::mem_pestat] analyzing insert size distribution for orientation FR...
[M::mem_pestat] (25, 50, 75) percentile: (274, 368, 482)
[M::mem_pestat] low and high boundaries for computing mean and std.dev: (1, 898)
[M::mem_pestat] mean and std.dev: (378.89, 152.37)
[M::mem_pestat] low and high boundaries for proper pairs: (1, 1106)
[M::mem_pestat] analyzing insert size distribution for orientation RF...
[M::mem_pestat] (25, 50, 75) percentile: (362, 1305, 4724)
[M::mem_pestat] low and high boundaries for computing mean and std.dev: (1, 13448)
[M::mem_pestat] mean and std.dev: (2661.19, 2800.51)
[M::mem_pestat] low and high boundaries for proper pairs: (1, 17810)
[M::mem_pestat] analyzing insert size distribution for orientation RR...
[M::mem_pestat] (25, 50, 75) percentile: (236, 396, 1194)
[M::mem_pestat] low and high boundaries for computing mean and std.dev: (1, 3110)
[M::mem_pestat] mean and std.dev: (694.03, 703.04)
[M::mem_pestat] low and high boundaries for proper pairs: (1, 4068)
[M::mem_pestat] skip orientation FF
[M::mem_pestat] skip orientation RF
[M::mem_pestat] skip orientation RR
[M::process] read 1066668 sequences (160000200 bp)...
[M::mem_process_seqs] Processed 1066668 reads in 817.277 CPU sec, 52.683 real sec
[M::mem_pestat] # candidate unique pairs for (FF, FR, RF, RR): (30, 222454, 84, 34)
[M::mem_pestat] analyzing insert size distribution for orientation FF...
[M::mem_pestat] (25, 50, 75) percentile: (351, 616, 1992)
[M::mem_pestat] low and high boundaries for computing mean and std.dev: (1, 5274)
[M::mem_pestat] mean and std.dev: (1034.18, 921.39)
[M::mem_pestat] low and high boundaries for proper pairs: (1, 6915)
[M::mem_pestat] analyzing insert size distribution for orientation FR...
[M::mem_pestat] (25, 50, 75) percentile: (278, 370, 485)
[M::mem_pestat] low and high boundaries for computing mean and std.dev: (1, 899)
[M::mem_pestat] mean and std.dev: (382.82, 152.69)
[M::mem_pestat] low and high boundaries for proper pairs: (1, 1106)
[M::mem_pestat] analyzing insert size distribution for orientation RF...
[M::mem_pestat] (25, 50, 75) percentile: (419, 2132, 5651)
[M::mem_pestat] low and high boundaries for computing mean and std.dev: (1, 16115)
[M::mem_pestat] mean and std.dev: (3113.14, 3034.32)
[M::mem_pestat] low and high boundaries for proper pairs: (1, 21347)
[M::mem_pestat] analyzing insert size distribution for orientation RR...
[M::mem_pestat] (25, 50, 75) percentile: (323, 870, 1605)
[M::mem_pestat] low and high boundaries for computing mean and std.dev: (1, 4169)
[M::mem_pestat] mean and std.dev: (958.17, 861.31)
[M::mem_pestat] low and high boundaries for proper pairs: (1, 5451)
[M::mem_pestat] skip orientation FF
[M::mem_pestat] skip orientation RF
[M::mem_pestat] skip orientation RR
[M::process] read 1066668 sequences (160000200 bp)...
[M::mem_process_seqs] Processed 1066668 reads in 817.075 CPU sec, 52.580 real sec
[M::mem_pestat] # candidate unique pairs for (FF, FR, RF, RR): (30, 223039, 60, 48)
[M::mem_pestat] analyzing insert size distribution for orientation FF...
[M::mem_pestat] (25, 50, 75) percentile: (209, 523, 1550)
[M::mem_pestat] low and high boundaries for computing mean and std.dev: (1, 4232)
[M::mem_pestat] mean and std.dev: (877.04, 939.40)
[M::mem_pestat] low and high boundaries for proper pairs: (1, 5573)
[M::mem_pestat] analyzing insert size distribution for orientation FR...
[M::mem_pestat] (25, 50, 75) percentile: (277, 368, 481)
[M::mem_pestat] low and high boundaries for computing mean and std.dev: (1, 889)
[M::mem_pestat] mean and std.dev: (380.23, 151.05)
[M::mem_pestat] low and high boundaries for proper pairs: (1, 1093)
[M::mem_pestat] analyzing insert size distribution for orientation RF...
[M::mem_pestat] (25, 50, 75) percentile: (226, 1157, 5043)
[M::mem_pestat] low and high boundaries for computing mean and std.dev: (1, 14677)
[M::mem_pestat] mean and std.dev: (2806.93, 3307.95)
[M::mem_pestat] low and high boundaries for proper pairs: (1, 19494)
[M::mem_pestat] analyzing insert size distribution for orientation RR...
[M::mem_pestat] (25, 50, 75) percentile: (342, 844, 2668)
[M::mem_pestat] low and high boundaries for computing mean and std.dev: (1, 7320)
[M::mem_pestat] mean and std.dev: (1637.43, 1848.34)
[M::mem_pestat] low and high boundaries for proper pairs: (1, 9646)
[M::mem_pestat] skip orientation FF
[M::mem_pestat] skip orientation RF
[M::mem_pestat] skip orientation RR
[M::process] read 1066668 sequences (160000200 bp)...
[M::mem_process_seqs] Processed 1066668 reads in 816.666 CPU sec, 52.479 real sec
[M::mem_pestat] # candidate unique pairs for (FF, FR, RF, RR): (42, 223053, 97, 56)
[M::mem_pestat] analyzing insert size distribution for orientation FF...
[M::mem_pestat] (25, 50, 75) percentile: (348, 1121, 2319)
[M::mem_pestat] low and high boundaries for computing mean and std.dev: (1, 6261)
[M::mem_pestat] mean and std.dev: (1535.76, 1628.76)
[M::mem_pestat] low and high boundaries for proper pairs: (1, 8232)
[M::mem_pestat] analyzing insert size distribution for orientation FR...
[M::mem_pestat] (25, 50, 75) percentile: (277, 367, 477)
[M::mem_pestat] low and high boundaries for computing mean and std.dev: (1, 877)
[M::mem_pestat] mean and std.dev: (378.04, 149.37)
[M::mem_pestat] low and high boundaries for proper pairs: (1, 1077)
[M::mem_pestat] analyzing insert size distribution for orientation RF...
[M::mem_pestat] (25, 50, 75) percentile: (225, 1006, 4778)
[M::mem_pestat] low and high boundaries for computing mean and std.dev: (1, 13884)
[M::mem_pestat] mean and std.dev: (2645.33, 3273.71)
[M::mem_pestat] low and high boundaries for proper pairs: (1, 18437)
[M::mem_pestat] analyzing insert size distribution for orientation RR...
[M::mem_pestat] (25, 50, 75) percentile: (217, 521, 1346)
[M::mem_pestat] low and high boundaries for computing mean and std.dev: (1, 3604)
[M::mem_pestat] mean and std.dev: (727.27, 730.67)
[M::mem_pestat] low and high boundaries for proper pairs: (1, 4733)
[M::mem_pestat] skip orientation FF
[M::mem_pestat] skip orientation RF
[M::mem_pestat] skip orientation RR
[M::process] read 607568 sequences (91135200 bp)...
[M::mem_process_seqs] Processed 1066668 reads in 816.707 CPU sec, 52.680 real sec
[M::mem_pestat] # candidate unique pairs for (FF, FR, RF, RR): (22, 126670, 52, 28)
[M::mem_pestat] analyzing insert size distribution for orientation FF...
[M::mem_pestat] (25, 50, 75) percentile: (377, 844, 2020)
[M::mem_pestat] low and high boundaries for computing mean and std.dev: (1, 5306)
[M::mem_pestat] mean and std.dev: (1252.00, 887.51)
[M::mem_pestat] low and high boundaries for proper pairs: (1, 6949)
[M::mem_pestat] analyzing insert size distribution for orientation FR...
[M::mem_pestat] (25, 50, 75) percentile: (281, 373, 484)
[M::mem_pestat] low and high boundaries for computing mean and std.dev: (1, 890)
[M::mem_pestat] mean and std.dev: (383.36, 150.28)
[M::mem_pestat] low and high boundaries for proper pairs: (1, 1093)
[M::mem_pestat] analyzing insert size distribution for orientation RF...
[M::mem_pestat] (25, 50, 75) percentile: (195, 785, 5060)
[M::mem_pestat] low and high boundaries for computing mean and std.dev: (1, 14790)
[M::mem_pestat] mean and std.dev: (2620.79, 3234.51)
[M::mem_pestat] low and high boundaries for proper pairs: (1, 19655)
[M::mem_pestat] analyzing insert size distribution for orientation RR...
[M::mem_pestat] (25, 50, 75) percentile: (222, 922, 2177)
[M::mem_pestat] low and high boundaries for computing mean and std.dev: (1, 6087)
[M::mem_pestat] mean and std.dev: (1301.67, 1379.98)
[M::mem_pestat] low and high boundaries for proper pairs: (1, 8042)
[M::mem_pestat] skip orientation FF
[M::mem_pestat] skip orientation RF
[M::mem_pestat] skip orientation RR
[M::mem_process_seqs] Processed 607568 reads in 469.597 CPU sec, 30.729 real sec
[main] Version: 0.7.19-r1273
[main] CMD: bwa mem -t 16 -R @RG\tID:Ostrich_Bay_10\tSM:Ostrich_Bay_10\tLB:Ostrich_Bay_10\tPL:ILLUMINA output/05_realign_xbOstLuri2/reference/GCA_061535525.1_xbOstLuri2_USDA-ARS_PSRF_primary_genomic.fna data/raw/Ostrich_Bay_10_S59_L004_R1_001.fastq.gz data/raw/Ostrich_Bay_10_S59_L004_R2_001.fastq.gz
[main] Real time: 3232.985 sec; CPU: 49581.426 sec
[bam_sort_core] merging from 3 files and 8 in-memory blocks...
end 2026-09-27T15:08:29Z sample=Ostrich_Bay_10
