/opt/ohpc/admin/lmod/lmod/init/bash: line 93: LD_LIBRARY_PATH: unbound variable
start 2026-09-27T15:27:52Z host n3492 sample=Squaxin_Island_12a location=Squaxin_Island
[M::bwa_idx_load_from_disk] read 0 ALT contigs
[M::process] read 1066668 sequences (160000200 bp)...
[M::process] read 1066668 sequences (160000200 bp)...
[M::mem_pestat] # candidate unique pairs for (FF, FR, RF, RR): (35, 222884, 73, 46)
[M::mem_pestat] analyzing insert size distribution for orientation FF...
[M::mem_pestat] (25, 50, 75) percentile: (224, 385, 1000)
[M::mem_pestat] low and high boundaries for computing mean and std.dev: (1, 2552)
[M::mem_pestat] mean and std.dev: (525.97, 485.49)
[M::mem_pestat] low and high boundaries for proper pairs: (1, 3328)
[M::mem_pestat] analyzing insert size distribution for orientation FR...
[M::mem_pestat] (25, 50, 75) percentile: (272, 357, 456)
[M::mem_pestat] low and high boundaries for computing mean and std.dev: (1, 824)
[M::mem_pestat] mean and std.dev: (364.16, 139.81)
[M::mem_pestat] low and high boundaries for proper pairs: (1, 1008)
[M::mem_pestat] analyzing insert size distribution for orientation RF...
[M::mem_pestat] (25, 50, 75) percentile: (310, 1502, 3840)
[M::mem_pestat] low and high boundaries for computing mean and std.dev: (1, 10900)
[M::mem_pestat] mean and std.dev: (2632.45, 2882.20)
[M::mem_pestat] low and high boundaries for proper pairs: (1, 14430)
[M::mem_pestat] analyzing insert size distribution for orientation RR...
[M::mem_pestat] (25, 50, 75) percentile: (349, 501, 1545)
[M::mem_pestat] low and high boundaries for computing mean and std.dev: (1, 3937)
[M::mem_pestat] mean and std.dev: (821.77, 836.43)
[M::mem_pestat] low and high boundaries for proper pairs: (1, 5133)
[M::mem_pestat] skip orientation FF
[M::mem_pestat] skip orientation RF
[M::mem_pestat] skip orientation RR
[M::mem_process_seqs] Processed 1066668 reads in 798.849 CPU sec, 54.486 real sec
[M::mem_pestat] # candidate unique pairs for (FF, FR, RF, RR): (45, 224407, 69, 32)
[M::mem_pestat] analyzing insert size distribution for orientation FF...
[M::mem_pestat] (25, 50, 75) percentile: (255, 414, 1917)
[M::mem_pestat] low and high boundaries for computing mean and std.dev: (1, 5241)
[M::mem_pestat] mean and std.dev: (894.00, 1094.85)
[M::mem_pestat] low and high boundaries for proper pairs: (1, 6903)
[M::mem_pestat] analyzing insert size distribution for orientation FR...
[M::mem_pestat] (25, 50, 75) percentile: (278, 364, 464)
[M::mem_pestat] low and high boundaries for computing mean and std.dev: (1, 836)
[M::mem_pestat] mean and std.dev: (371.11, 141.78)
[M::mem_pestat] low and high boundaries for proper pairs: (1, 1022)
[M::mem_pestat] analyzing insert size distribution for orientation RF...
[M::mem_pestat] (25, 50, 75) percentile: (990, 3266, 6531)
[M::mem_pestat] low and high boundaries for computing mean and std.dev: (1, 17613)
[M::mem_pestat] mean and std.dev: (3748.45, 3007.94)
[M::mem_pestat] low and high boundaries for proper pairs: (1, 23154)
[M::mem_pestat] analyzing insert size distribution for orientation RR...
[M::mem_pestat] (25, 50, 75) percentile: (801, 1914, 3844)
[M::mem_pestat] low and high boundaries for computing mean and std.dev: (1, 9930)
[M::mem_pestat] mean and std.dev: (2602.44, 2382.16)
[M::mem_pestat] low and high boundaries for proper pairs: (1, 12973)
[M::mem_pestat] skip orientation FF
[M::mem_pestat] skip orientation RF
[M::mem_pestat] skip orientation RR
[M::process] read 1066668 sequences (160000200 bp)...
[M::mem_process_seqs] Processed 1066668 reads in 806.061 CPU sec, 52.775 real sec
[M::mem_pestat] # candidate unique pairs for (FF, FR, RF, RR): (33, 225088, 72, 35)
[M::mem_pestat] analyzing insert size distribution for orientation FF...
[M::mem_pestat] (25, 50, 75) percentile: (264, 487, 1319)
[M::mem_pestat] low and high boundaries for computing mean and std.dev: (1, 3429)
[M::mem_pestat] mean and std.dev: (655.55, 623.18)
[M::mem_pestat] low and high boundaries for proper pairs: (1, 4484)
[M::mem_pestat] analyzing insert size distribution for orientation FR...
[M::mem_pestat] (25, 50, 75) percentile: (277, 363, 465)
[M::mem_pestat] low and high boundaries for computing mean and std.dev: (1, 841)
[M::mem_pestat] mean and std.dev: (371.47, 142.50)
[M::mem_pestat] low and high boundaries for proper pairs: (1, 1029)
[M::mem_pestat] analyzing insert size distribution for orientation RF...
[M::mem_pestat] (25, 50, 75) percentile: (294, 1406, 3061)
[M::mem_pestat] low and high boundaries for computing mean and std.dev: (1, 8595)
[M::mem_pestat] mean and std.dev: (2030.52, 2214.75)
[M::mem_pestat] low and high boundaries for proper pairs: (1, 11362)
[M::mem_pestat] analyzing insert size distribution for orientation RR...
[M::mem_pestat] (25, 50, 75) percentile: (323, 631, 1633)
[M::mem_pestat] low and high boundaries for computing mean and std.dev: (1, 4253)
[M::mem_pestat] mean and std.dev: (782.70, 786.86)
[M::mem_pestat] low and high boundaries for proper pairs: (1, 5563)
[M::mem_pestat] skip orientation FF
[M::mem_pestat] skip orientation RF
[M::mem_pestat] skip orientation RR
[M::process] read 1066668 sequences (160000200 bp)...
[M::mem_process_seqs] Processed 1066668 reads in 809.321 CPU sec, 52.931 real sec
[M::mem_pestat] # candidate unique pairs for (FF, FR, RF, RR): (48, 224722, 61, 40)
[M::mem_pestat] analyzing insert size distribution for orientation FF...
[M::mem_pestat] (25, 50, 75) percentile: (296, 501, 1789)
[M::mem_pestat] low and high boundaries for computing mean and std.dev: (1, 4775)
[M::mem_pestat] mean and std.dev: (913.75, 957.72)
[M::mem_pestat] low and high boundaries for proper pairs: (1, 6268)
[M::mem_pestat] analyzing insert size distribution for orientation FR...
[M::mem_pestat] (25, 50, 75) percentile: (275, 361, 467)
[M::mem_pestat] low and high boundaries for computing mean and std.dev: (1, 851)
[M::mem_pestat] mean and std.dev: (371.71, 144.10)
[M::mem_pestat] low and high boundaries for proper pairs: (1, 1043)
[M::mem_pestat] analyzing insert size distribution for orientation RF...
[M::mem_pestat] (25, 50, 75) percentile: (94, 1085, 3770)
[M::mem_pestat] low and high boundaries for computing mean and std.dev: (1, 11122)
[M::mem_pestat] mean and std.dev: (2287.28, 2793.62)
[M::mem_pestat] low and high boundaries for proper pairs: (1, 14798)
[M::mem_pestat] analyzing insert size distribution for orientation RR...
[M::mem_pestat] (25, 50, 75) percentile: (348, 688, 1667)
[M::mem_pestat] low and high boundaries for computing mean and std.dev: (1, 4305)
[M::mem_pestat] mean and std.dev: (1071.03, 1162.34)
[M::mem_pestat] low and high boundaries for proper pairs: (1, 5720)
[M::mem_pestat] skip orientation FF
[M::mem_pestat] skip orientation RF
[M::mem_pestat] skip orientation RR
[M::process] read 1066668 sequences (160000200 bp)...
[M::mem_process_seqs] Processed 1066668 reads in 816.254 CPU sec, 53.367 real sec
[M::mem_pestat] # candidate unique pairs for (FF, FR, RF, RR): (45, 223997, 60, 39)
[M::mem_pestat] analyzing insert size distribution for orientation FF...
[M::mem_pestat] (25, 50, 75) percentile: (241, 556, 2315)
[M::mem_pestat] low and high boundaries for computing mean and std.dev: (1, 6463)
[M::mem_pestat] mean and std.dev: (1111.15, 1339.21)
[M::mem_pestat] low and high boundaries for proper pairs: (1, 8537)
[M::mem_pestat] analyzing insert size distribution for orientation FR...
[M::mem_pestat] (25, 50, 75) percentile: (276, 363, 468)
[M::mem_pestat] low and high boundaries for computing mean and std.dev: (1, 852)
[M::mem_pestat] mean and std.dev: (372.96, 145.02)
[M::mem_pestat] low and high boundaries for proper pairs: (1, 1044)
[M::mem_pestat] analyzing insert size distribution for orientation RF...
[M::mem_pestat] (25, 50, 75) percentile: (135, 818, 3537)
[M::mem_pestat] low and high boundaries for computing mean and std.dev: (1, 10341)
[M::mem_pestat] mean and std.dev: (2290.17, 2911.54)
[M::mem_pestat] low and high boundaries for proper pairs: (1, 13936)
[M::mem_pestat] analyzing insert size distribution for orientation RR...
[M::mem_pestat] (25, 50, 75) percentile: (371, 500, 1906)
[M::mem_pestat] low and high boundaries for computing mean and std.dev: (1, 4976)
[M::mem_pestat] mean and std.dev: (895.82, 948.97)
[M::mem_pestat] low and high boundaries for proper pairs: (1, 6511)
[M::mem_pestat] skip orientation FF
[M::mem_pestat] skip orientation RF
[M::mem_pestat] skip orientation RR
[M::process] read 1066668 sequences (160000200 bp)...
[M::mem_process_seqs] Processed 1066668 reads in 818.078 CPU sec, 53.334 real sec
[M::mem_pestat] # candidate unique pairs for (FF, FR, RF, RR): (46, 224442, 77, 40)
[M::mem_pestat] analyzing insert size distribution for orientation FF...
[M::mem_pestat] (25, 50, 75) percentile: (247, 444, 917)
[M::mem_pestat] low and high boundaries for computing mean and std.dev: (1, 2257)
[M::mem_pestat] mean and std.dev: (572.37, 502.21)
[M::mem_pestat] low and high boundaries for proper pairs: (1, 2927)
[M::mem_pestat] analyzing insert size distribution for orientation FR...
[M::mem_pestat] (25, 50, 75) percentile: (274, 361, 464)
[M::mem_pestat] low and high boundaries for computing mean and std.dev: (1, 844)
[M::mem_pestat] mean and std.dev: (370.06, 143.73)
[M::mem_pestat] low and high boundaries for proper pairs: (1, 1034)
[M::mem_pestat] analyzing insert size distribution for orientation RF...
[M::mem_pestat] (25, 50, 75) percentile: (471, 2617, 6033)
[M::mem_pestat] low and high boundaries for computing mean and std.dev: (1, 17157)
[M::mem_pestat] mean and std.dev: (3286.23, 3097.68)
[M::mem_pestat] low and high boundaries for proper pairs: (1, 22719)
[M::mem_pestat] analyzing insert size distribution for orientation RR...
[M::mem_pestat] (25, 50, 75) percentile: (271, 731, 1981)
[M::mem_pestat] low and high boundaries for computing mean and std.dev: (1, 5401)
[M::mem_pestat] mean and std.dev: (1108.79, 1135.02)
[M::mem_pestat] low and high boundaries for proper pairs: (1, 7111)
[M::mem_pestat] skip orientation FF
[M::mem_pestat] skip orientation RF
[M::mem_pestat] skip orientation RR
[M::process] read 1066668 sequences (160000200 bp)...
[M::mem_process_seqs] Processed 1066668 reads in 820.606 CPU sec, 53.829 real sec
[M::mem_pestat] # candidate unique pairs for (FF, FR, RF, RR): (38, 223966, 77, 33)
[M::mem_pestat] analyzing insert size distribution for orientation FF...
[M::mem_pestat] (25, 50, 75) percentile: (238, 447, 1432)
[M::mem_pestat] low and high boundaries for computing mean and std.dev: (1, 3820)
[M::mem_pestat] mean and std.dev: (903.83, 1053.32)
[M::mem_pestat] low and high boundaries for proper pairs: (1, 5117)
[M::mem_pestat] analyzing insert size distribution for orientation FR...
[M::mem_pestat] (25, 50, 75) percentile: (274, 360, 464)
[M::mem_pestat] low and high boundaries for computing mean and std.dev: (1, 844)
[M::mem_pestat] mean and std.dev: (369.95, 143.61)
[M::mem_pestat] low and high boundaries for proper pairs: (1, 1034)
[M::mem_pestat] analyzing insert size distribution for orientation RF...
[M::mem_pestat] (25, 50, 75) percentile: (683, 1906, 5509)
[M::mem_pestat] low and high boundaries for computing mean and std.dev: (1, 15161)
[M::mem_pestat] mean and std.dev: (3108.78, 3116.51)
[M::mem_pestat] low and high boundaries for proper pairs: (1, 19987)
[M::mem_pestat] analyzing insert size distribution for orientation RR...
[M::mem_pestat] (25, 50, 75) percentile: (181, 268, 592)
[M::mem_pestat] low and high boundaries for computing mean and std.dev: (1, 1414)
[M::mem_pestat] mean and std.dev: (382.30, 331.94)
[M::mem_pestat] low and high boundaries for proper pairs: (1, 1825)
[M::mem_pestat] skip orientation FF
[M::mem_pestat] skip orientation RF
[M::mem_pestat] skip orientation RR
[M::process] read 1066668 sequences (160000200 bp)...
[M::mem_process_seqs] Processed 1066668 reads in 843.534 CPU sec, 54.952 real sec
[M::mem_pestat] # candidate unique pairs for (FF, FR, RF, RR): (45, 223912, 74, 32)
[M::mem_pestat] analyzing insert size distribution for orientation FF...
[M::mem_pestat] (25, 50, 75) percentile: (391, 558, 1553)
[M::mem_pestat] low and high boundaries for computing mean and std.dev: (1, 3877)
[M::mem_pestat] mean and std.dev: (781.32, 693.64)
[M::mem_pestat] low and high boundaries for proper pairs: (1, 5039)
[M::mem_pestat] analyzing insert size distribution for orientation FR...
[M::mem_pestat] (25, 50, 75) percentile: (269, 354, 457)
[M::mem_pestat] low and high boundaries for computing mean and std.dev: (1, 833)
[M::mem_pestat] mean and std.dev: (364.24, 142.19)
[M::mem_pestat] low and high boundaries for proper pairs: (1, 1021)
[M::mem_pestat] analyzing insert size distribution for orientation RF...
[M::mem_pestat] (25, 50, 75) percentile: (195, 1379, 5012)
[M::mem_pestat] low and high boundaries for computing mean and std.dev: (1, 14646)
[M::mem_pestat] mean and std.dev: (2900.70, 3334.11)
[M::mem_pestat] low and high boundaries for proper pairs: (1, 19463)
[M::mem_pestat] analyzing insert size distribution for orientation RR...
[M::mem_pestat] (25, 50, 75) percentile: (318, 986, 2175)
[M::mem_pestat] low and high boundaries for computing mean and std.dev: (1, 5889)
[M::mem_pestat] mean and std.dev: (1034.57, 1185.76)
[M::mem_pestat] low and high boundaries for proper pairs: (1, 7746)
[M::mem_pestat] skip orientation FF
[M::mem_pestat] skip orientation RF
[M::mem_pestat] skip orientation RR
[M::process] read 1066668 sequences (160000200 bp)...
[M::mem_process_seqs] Processed 1066668 reads in 824.534 CPU sec, 53.623 real sec
[M::mem_pestat] # candidate unique pairs for (FF, FR, RF, RR): (47, 224222, 70, 34)
[M::mem_pestat] analyzing insert size distribution for orientation FF...
[M::mem_pestat] (25, 50, 75) percentile: (312, 655, 2156)
[M::mem_pestat] low and high boundaries for computing mean and std.dev: (1, 5844)
[M::mem_pestat] mean and std.dev: (1167.60, 1445.61)
[M::mem_pestat] low and high boundaries for proper pairs: (1, 7688)
[M::mem_pestat] analyzing insert size distribution for orientation FR...
[M::mem_pestat] (25, 50, 75) percentile: (271, 356, 460)
[M::mem_pestat] low and high boundaries for computing mean and std.dev: (1, 838)
[M::mem_pestat] mean and std.dev: (366.33, 143.02)
[M::mem_pestat] low and high boundaries for proper pairs: (1, 1027)
[M::mem_pestat] analyzing insert size distribution for orientation RF...
[M::mem_pestat] (25, 50, 75) percentile: (286, 2370, 5893)
[M::mem_pestat] low and high boundaries for computing mean and std.dev: (1, 17107)
[M::mem_pestat] mean and std.dev: (3090.00, 2910.08)
[M::mem_pestat] low and high boundaries for proper pairs: (1, 22714)
[M::mem_pestat] analyzing insert size distribution for orientation RR...
[M::mem_pestat] (25, 50, 75) percentile: (227, 467, 1294)
[M::mem_pestat] low and high boundaries for computing mean and std.dev: (1, 3428)
[M::mem_pestat] mean and std.dev: (644.63, 676.19)
[M::mem_pestat] low and high boundaries for proper pairs: (1, 4495)
[M::mem_pestat] skip orientation FF
[M::mem_pestat] skip orientation RF
[M::mem_pestat] skip orientation RR
[M::process] read 1066668 sequences (160000200 bp)...
[M::mem_process_seqs] Processed 1066668 reads in 825.372 CPU sec, 54.143 real sec
[M::mem_pestat] # candidate unique pairs for (FF, FR, RF, RR): (25, 222529, 78, 32)
[M::mem_pestat] analyzing insert size distribution for orientation FF...
[M::mem_pestat] (25, 50, 75) percentile: (194, 247, 1677)
[M::mem_pestat] low and high boundaries for computing mean and std.dev: (1, 4643)
[M::mem_pestat] mean and std.dev: (878.83, 1176.12)
[M::mem_pestat] low and high boundaries for proper pairs: (1, 6126)
[M::mem_pestat] analyzing insert size distribution for orientation FR...
[M::mem_pestat] (25, 50, 75) percentile: (270, 356, 461)
[M::mem_pestat] low and high boundaries for computing mean and std.dev: (1, 843)
[M::mem_pestat] mean and std.dev: (366.21, 143.74)
[M::mem_pestat] low and high boundaries for proper pairs: (1, 1034)
[M::mem_pestat] analyzing insert size distribution for orientation RF...
[M::mem_pestat] (25, 50, 75) percentile: (469, 2177, 5796)
[M::mem_pestat] low and high boundaries for computing mean and std.dev: (1, 16450)
[M::mem_pestat] mean and std.dev: (3260.78, 3089.07)
[M::mem_pestat] low and high boundaries for proper pairs: (1, 21777)
[M::mem_pestat] analyzing insert size distribution for orientation RR...
[M::mem_pestat] (25, 50, 75) percentile: (389, 413, 1071)
[M::mem_pestat] low and high boundaries for computing mean and std.dev: (1, 2435)
[M::mem_pestat] mean and std.dev: (627.69, 457.97)
[M::mem_pestat] low and high boundaries for proper pairs: (1, 3117)
[M::mem_pestat] skip orientation FF
[M::mem_pestat] skip orientation RF
[M::mem_pestat] skip orientation RR
[M::process] read 1066668 sequences (160000200 bp)...
[M::mem_process_seqs] Processed 1066668 reads in 834.488 CPU sec, 54.555 real sec
[M::mem_pestat] # candidate unique pairs for (FF, FR, RF, RR): (43, 223837, 62, 30)
[M::mem_pestat] analyzing insert size distribution for orientation FF...
[M::mem_pestat] (25, 50, 75) percentile: (246, 377, 1020)
[M::mem_pestat] low and high boundaries for computing mean and std.dev: (1, 2568)
[M::mem_pestat] mean and std.dev: (645.46, 526.66)
[M::mem_pestat] low and high boundaries for proper pairs: (1, 3342)
[M::mem_pestat] analyzing insert size distribution for orientation FR...
[M::mem_pestat] (25, 50, 75) percentile: (277, 367, 472)
[M::mem_pestat] low and high boundaries for computing mean and std.dev: (1, 862)
[M::mem_pestat] mean and std.dev: (374.79, 146.71)
[M::mem_pestat] low and high boundaries for proper pairs: (1, 1057)
[M::mem_pestat] analyzing insert size distribution for orientation RF...
[M::mem_pestat] (25, 50, 75) percentile: (196, 498, 4313)
[M::mem_pestat] low and high boundaries for computing mean and std.dev: (1, 12547)
[M::mem_pestat] mean and std.dev: (2498.66, 3057.98)
[M::mem_pestat] low and high boundaries for proper pairs: (1, 16664)
[M::mem_pestat] analyzing insert size distribution for orientation RR...
[M::mem_pestat] (25, 50, 75) percentile: (249, 492, 2546)
[M::mem_pestat] low and high boundaries for computing mean and std.dev: (1, 7140)
[M::mem_pestat] mean and std.dev: (1470.21, 1791.75)
[M::mem_pestat] low and high boundaries for proper pairs: (1, 9437)
[M::mem_pestat] skip orientation FF
[M::mem_pestat] skip orientation RF
[M::mem_pestat] skip orientation RR
[M::process] read 1066668 sequences (160000200 bp)...
[M::mem_process_seqs] Processed 1066668 reads in 809.211 CPU sec, 52.868 real sec
[M::mem_pestat] # candidate unique pairs for (FF, FR, RF, RR): (39, 224098, 73, 26)
[M::mem_pestat] analyzing insert size distribution for orientation FF...
[M::mem_pestat] (25, 50, 75) percentile: (246, 321, 859)
[M::mem_pestat] low and high boundaries for computing mean and std.dev: (1, 2085)
[M::mem_pestat] mean and std.dev: (496.06, 536.69)
[M::mem_pestat] low and high boundaries for proper pairs: (1, 2698)
[M::mem_pestat] analyzing insert size distribution for orientation FR...
[M::mem_pestat] (25, 50, 75) percentile: (281, 370, 476)
[M::mem_pestat] low and high boundaries for computing mean and std.dev: (1, 866)
[M::mem_pestat] mean and std.dev: (378.63, 147.11)
[M::mem_pestat] low and high boundaries for proper pairs: (1, 1061)
[M::mem_pestat] analyzing insert size distribution for orientation RF...
[M::mem_pestat] (25, 50, 75) percentile: (207, 1854, 4073)
[M::mem_pestat] low and high boundaries for computing mean and std.dev: (1, 11805)
[M::mem_pestat] mean and std.dev: (2453.86, 2545.99)
[M::mem_pestat] low and high boundaries for proper pairs: (1, 15671)
[M::mem_pestat] analyzing insert size distribution for orientation RR...
[M::mem_pestat] (25, 50, 75) percentile: (319, 439, 4830)
[M::mem_pestat] low and high boundaries for computing mean and std.dev: (1, 13852)
[M::mem_pestat] mean and std.dev: (1915.54, 2480.69)
[M::mem_pestat] low and high boundaries for proper pairs: (1, 18363)
[M::mem_pestat] skip orientation FF
[M::mem_pestat] skip orientation RF
[M::mem_pestat] skip orientation RR
[M::process] read 1066668 sequences (160000200 bp)...
[M::mem_process_seqs] Processed 1066668 reads in 814.351 CPU sec, 53.271 real sec
[M::mem_pestat] # candidate unique pairs for (FF, FR, RF, RR): (43, 224749, 65, 43)
[M::mem_pestat] analyzing insert size distribution for orientation FF...
[M::mem_pestat] (25, 50, 75) percentile: (266, 465, 1310)
[M::mem_pestat] low and high boundaries for computing mean and std.dev: (1, 3398)
[M::mem_pestat] mean and std.dev: (694.87, 617.34)
[M::mem_pestat] low and high boundaries for proper pairs: (1, 4442)
[M::mem_pestat] analyzing insert size distribution for orientation FR...
[M::mem_pestat] (25, 50, 75) percentile: (277, 365, 471)
[M::mem_pestat] low and high boundaries for computing mean and std.dev: (1, 859)
[M::mem_pestat] mean and std.dev: (375.01, 146.70)
[M::mem_pestat] low and high boundaries for proper pairs: (1, 1053)
[M::mem_pestat] analyzing insert size distribution for orientation RF...
[M::mem_pestat] (25, 50, 75) percentile: (226, 1093, 5655)
[M::mem_pestat] low and high boundaries for computing mean and std.dev: (1, 16513)
[M::mem_pestat] mean and std.dev: (3028.11, 3477.57)
[M::mem_pestat] low and high boundaries for proper pairs: (1, 21942)
[M::mem_pestat] analyzing insert size distribution for orientation RR...
[M::mem_pestat] (25, 50, 75) percentile: (301, 554, 2035)
[M::mem_pestat] low and high boundaries for computing mean and std.dev: (1, 5503)
[M::mem_pestat] mean and std.dev: (1022.68, 1240.19)
[M::mem_pestat] low and high boundaries for proper pairs: (1, 7237)
[M::mem_pestat] skip orientation FF
[M::mem_pestat] skip orientation RF
[M::mem_pestat] skip orientation RR
[M::process] read 1066668 sequences (160000200 bp)...
[M::mem_process_seqs] Processed 1066668 reads in 814.834 CPU sec, 53.063 real sec
[M::mem_pestat] # candidate unique pairs for (FF, FR, RF, RR): (48, 224471, 74, 38)
[M::mem_pestat] analyzing insert size distribution for orientation FF...
[M::mem_pestat] (25, 50, 75) percentile: (272, 780, 1756)
[M::mem_pestat] low and high boundaries for computing mean and std.dev: (1, 4724)
[M::mem_pestat] mean and std.dev: (1113.98, 1186.87)
[M::mem_pestat] low and high boundaries for proper pairs: (1, 6208)
[M::mem_pestat] analyzing insert size distribution for orientation FR...
[M::mem_pestat] (25, 50, 75) percentile: (277, 365, 472)
[M::mem_pestat] low and high boundaries for computing mean and std.dev: (1, 862)
[M::mem_pestat] mean and std.dev: (375.07, 147.26)
[M::mem_pestat] low and high boundaries for proper pairs: (1, 1057)
[M::mem_pestat] analyzing insert size distribution for orientation RF...
[M::mem_pestat] (25, 50, 75) percentile: (418, 3262, 5283)
[M::mem_pestat] low and high boundaries for computing mean and std.dev: (1, 15013)
[M::mem_pestat] mean and std.dev: (3332.20, 2903.39)
[M::mem_pestat] low and high boundaries for proper pairs: (1, 19878)
[M::mem_pestat] analyzing insert size distribution for orientation RR...
[M::mem_pestat] (25, 50, 75) percentile: (243, 499, 726)
[M::mem_pestat] low and high boundaries for computing mean and std.dev: (1, 1692)
[M::mem_pestat] mean and std.dev: (405.48, 229.58)
[M::mem_pestat] low and high boundaries for proper pairs: (1, 2175)
[M::mem_pestat] skip orientation FF
[M::mem_pestat] skip orientation RF
[M::mem_pestat] skip orientation RR
[M::process] read 1066668 sequences (160000200 bp)...
[M::mem_process_seqs] Processed 1066668 reads in 822.373 CPU sec, 53.563 real sec
[M::mem_pestat] # candidate unique pairs for (FF, FR, RF, RR): (43, 224050, 66, 32)
[M::mem_pestat] analyzing insert size distribution for orientation FF...
[M::mem_pestat] (25, 50, 75) percentile: (328, 1159, 2369)
[M::mem_pestat] low and high boundaries for computing mean and std.dev: (1, 6451)
[M::mem_pestat] mean and std.dev: (1530.63, 1508.92)
[M::mem_pestat] low and high boundaries for proper pairs: (1, 8492)
[M::mem_pestat] analyzing insert size distribution for orientation FR...
[M::mem_pestat] (25, 50, 75) percentile: (276, 363, 470)
[M::mem_pestat] low and high boundaries for computing mean and std.dev: (1, 858)
[M::mem_pestat] mean and std.dev: (373.88, 146.30)
[M::mem_pestat] low and high boundaries for proper pairs: (1, 1052)
[M::mem_pestat] analyzing insert size distribution for orientation RF...
[M::mem_pestat] (25, 50, 75) percentile: (313, 963, 2709)
[M::mem_pestat] low and high boundaries for computing mean and std.dev: (1, 7501)
[M::mem_pestat] mean and std.dev: (1574.11, 1728.01)
[M::mem_pestat] low and high boundaries for proper pairs: (1, 9897)
[M::mem_pestat] analyzing insert size distribution for orientation RR...
[M::mem_pestat] (25, 50, 75) percentile: (229, 315, 937)
[M::mem_pestat] low and high boundaries for computing mean and std.dev: (1, 2353)
[M::mem_pestat] mean and std.dev: (501.83, 419.09)
[M::mem_pestat] low and high boundaries for proper pairs: (1, 3061)
[M::mem_pestat] skip orientation FF
[M::mem_pestat] skip orientation RF
[M::mem_pestat] skip orientation RR
[M::process] read 1066668 sequences (160000200 bp)...
[M::mem_process_seqs] Processed 1066668 reads in 820.729 CPU sec, 53.301 real sec
[M::mem_pestat] # candidate unique pairs for (FF, FR, RF, RR): (45, 224268, 69, 29)
[M::mem_pestat] analyzing insert size distribution for orientation FF...
[M::mem_pestat] (25, 50, 75) percentile: (278, 575, 1821)
[M::mem_pestat] low and high boundaries for computing mean and std.dev: (1, 4907)
[M::mem_pestat] mean and std.dev: (1058.02, 1372.65)
[M::mem_pestat] low and high boundaries for proper pairs: (1, 6549)
[M::mem_pestat] analyzing insert size distribution for orientation FR...
[M::mem_pestat] (25, 50, 75) percentile: (276, 363, 468)
[M::mem_pestat] low and high boundaries for computing mean and std.dev: (1, 852)
[M::mem_pestat] mean and std.dev: (372.56, 144.80)
[M::mem_pestat] low and high boundaries for proper pairs: (1, 1044)
[M::mem_pestat] analyzing insert size distribution for orientation RF...
[M::mem_pestat] (25, 50, 75) percentile: (747, 2768, 6233)
[M::mem_pestat] low and high boundaries for computing mean and std.dev: (1, 17205)
[M::mem_pestat] mean and std.dev: (3410.22, 2914.72)
[M::mem_pestat] low and high boundaries for proper pairs: (1, 22691)
[M::mem_pestat] analyzing insert size distribution for orientation RR...
[M::mem_pestat] (25, 50, 75) percentile: (248, 563, 4791)
[M::mem_pestat] low and high boundaries for computing mean and std.dev: (1, 13877)
[M::mem_pestat] mean and std.dev: (2115.07, 2995.11)
[M::mem_pestat] low and high boundaries for proper pairs: (1, 18420)
[M::mem_pestat] skip orientation FF
[M::mem_pestat] skip orientation RF
[M::mem_pestat] skip orientation RR
[M::process] read 1066668 sequences (160000200 bp)...
[M::mem_process_seqs] Processed 1066668 reads in 819.635 CPU sec, 53.201 real sec
[M::mem_pestat] # candidate unique pairs for (FF, FR, RF, RR): (34, 223841, 75, 30)
[M::mem_pestat] analyzing insert size distribution for orientation FF...
[M::mem_pestat] (25, 50, 75) percentile: (309, 788, 1737)
[M::mem_pestat] low and high boundaries for computing mean and std.dev: (1, 4593)
[M::mem_pestat] mean and std.dev: (974.35, 788.80)
[M::mem_pestat] low and high boundaries for proper pairs: (1, 6021)
[M::mem_pestat] analyzing insert size distribution for orientation FR...
[M::mem_pestat] (25, 50, 75) percentile: (273, 361, 467)
[M::mem_pestat] low and high boundaries for computing mean and std.dev: (1, 855)
[M::mem_pestat] mean and std.dev: (371.44, 145.41)
[M::mem_pestat] low and high boundaries for proper pairs: (1, 1049)
[M::mem_pestat] analyzing insert size distribution for orientation RF...
[M::mem_pestat] (25, 50, 75) percentile: (275, 1215, 6451)
[M::mem_pestat] low and high boundaries for computing mean and std.dev: (1, 18803)
[M::mem_pestat] mean and std.dev: (2921.32, 3075.45)
[M::mem_pestat] low and high boundaries for proper pairs: (1, 24979)
[M::mem_pestat] analyzing insert size distribution for orientation RR...
[M::mem_pestat] (25, 50, 75) percentile: (342, 496, 911)
[M::mem_pestat] low and high boundaries for computing mean and std.dev: (1, 2049)
[M::mem_pestat] mean and std.dev: (529.58, 335.34)
[M::mem_pestat] low and high boundaries for proper pairs: (1, 2618)
[M::mem_pestat] skip orientation FF
[M::mem_pestat] skip orientation RF
[M::mem_pestat] skip orientation RR
[M::process] read 1066668 sequences (160000200 bp)...
[M::mem_process_seqs] Processed 1066668 reads in 826.490 CPU sec, 53.524 real sec
[M::mem_pestat] # candidate unique pairs for (FF, FR, RF, RR): (26, 223698, 90, 31)
[M::mem_pestat] analyzing insert size distribution for orientation FF...
[M::mem_pestat] (25, 50, 75) percentile: (139, 486, 1123)
[M::mem_pestat] low and high boundaries for computing mean and std.dev: (1, 3091)
[M::mem_pestat] mean and std.dev: (571.00, 529.19)
[M::mem_pestat] low and high boundaries for proper pairs: (1, 4075)
[M::mem_pestat] analyzing insert size distribution for orientation FR...
[M::mem_pestat] (25, 50, 75) percentile: (271, 358, 465)
[M::mem_pestat] low and high boundaries for computing mean and std.dev: (1, 853)
[M::mem_pestat] mean and std.dev: (368.93, 145.62)
[M::mem_pestat] low and high boundaries for proper pairs: (1, 1047)
[M::mem_pestat] analyzing insert size distribution for orientation RF...
[M::mem_pestat] (25, 50, 75) percentile: (180, 1377, 5669)
[M::mem_pestat] low and high boundaries for computing mean and std.dev: (1, 16647)
[M::mem_pestat] mean and std.dev: (2784.06, 3029.30)
[M::mem_pestat] low and high boundaries for proper pairs: (1, 22136)
[M::mem_pestat] analyzing insert size distribution for orientation RR...
[M::mem_pestat] (25, 50, 75) percentile: (276, 704, 3925)
[M::mem_pestat] low and high boundaries for computing mean and std.dev: (1, 11223)
[M::mem_pestat] mean and std.dev: (2145.90, 2635.01)
[M::mem_pestat] low and high boundaries for proper pairs: (1, 14872)
[M::mem_pestat] skip orientation FF
[M::mem_pestat] skip orientation RF
[M::mem_pestat] skip orientation RR
[M::process] read 1066668 sequences (160000200 bp)...
[M::mem_process_seqs] Processed 1066668 reads in 835.200 CPU sec, 54.200 real sec
[M::mem_pestat] # candidate unique pairs for (FF, FR, RF, RR): (35, 223065, 83, 24)
[M::mem_pestat] analyzing insert size distribution for orientation FF...
[M::mem_pestat] (25, 50, 75) percentile: (263, 339, 1562)
[M::mem_pestat] low and high boundaries for computing mean and std.dev: (1, 4160)
[M::mem_pestat] mean and std.dev: (724.27, 862.77)
[M::mem_pestat] low and high boundaries for proper pairs: (1, 5459)
[M::mem_pestat] analyzing insert size distribution for orientation FR...
[M::mem_pestat] (25, 50, 75) percentile: (269, 355, 460)
[M::mem_pestat] low and high boundaries for computing mean and std.dev: (1, 842)
[M::mem_pestat] mean and std.dev: (365.41, 143.79)
[M::mem_pestat] low and high boundaries for proper pairs: (1, 1033)
[M::mem_pestat] analyzing insert size distribution for orientation RF...
[M::mem_pestat] (25, 50, 75) percentile: (561, 1811, 5094)
[M::mem_pestat] low and high boundaries for computing mean and std.dev: (1, 14160)
[M::mem_pestat] mean and std.dev: (2955.37, 2744.69)
[M::mem_pestat] low and high boundaries for proper pairs: (1, 18693)
[M::mem_pestat] analyzing insert size distribution for orientation RR...
[M::mem_pestat] (25, 50, 75) percentile: (258, 412, 608)
[M::mem_pestat] low and high boundaries for computing mean and std.dev: (1, 1308)
[M::mem_pestat] mean and std.dev: (416.86, 218.27)
[M::mem_pestat] low and high boundaries for proper pairs: (1, 1658)
[M::mem_pestat] skip orientation FF
[M::mem_pestat] skip orientation RF
[M::mem_pestat] skip orientation RR
[M::mem_process_seqs] Processed 1066668 reads in 848.567 CPU sec, 56.862 real sec
[M::process] read 1066668 sequences (160000200 bp)...
[M::mem_pestat] # candidate unique pairs for (FF, FR, RF, RR): (39, 222943, 67, 24)
[M::mem_pestat] analyzing insert size distribution for orientation FF...
[M::mem_pestat] (25, 50, 75) percentile: (388, 1072, 2289)
[M::mem_pestat] low and high boundaries for computing mean and std.dev: (1, 6091)
[M::mem_pestat] mean and std.dev: (1284.68, 1134.80)
[M::mem_pestat] low and high boundaries for proper pairs: (1, 7992)
[M::mem_pestat] analyzing insert size distribution for orientation FR...
[M::mem_pestat] (25, 50, 75) percentile: (270, 359, 463)
[M::mem_pestat] low and high boundaries for computing mean and std.dev: (1, 849)
[M::mem_pestat] mean and std.dev: (367.40, 145.16)
[M::mem_pestat] low and high boundaries for proper pairs: (1, 1042)
[M::mem_pestat] analyzing insert size distribution for orientation RF...
[M::mem_pestat] (25, 50, 75) percentile: (292, 1980, 5078)
[M::mem_pestat] low and high boundaries for computing mean and std.dev: (1, 14650)
[M::mem_pestat] mean and std.dev: (2995.72, 2979.35)
[M::mem_pestat] low and high boundaries for proper pairs: (1, 19436)
[M::mem_pestat] analyzing insert size distribution for orientation RR...
[M::mem_pestat] (25, 50, 75) percentile: (307, 473, 1838)
[M::mem_pestat] low and high boundaries for computing mean and std.dev: (1, 4900)
[M::mem_pestat] mean and std.dev: (828.83, 861.94)
[M::mem_pestat] low and high boundaries for proper pairs: (1, 6431)
[M::mem_pestat] skip orientation FF
[M::mem_pestat] skip orientation RF
[M::mem_pestat] skip orientation RR
[M::process] read 1066668 sequences (160000200 bp)...
[M::mem_process_seqs] Processed 1066668 reads in 825.148 CPU sec, 53.200 real sec
[M::mem_pestat] # candidate unique pairs for (FF, FR, RF, RR): (40, 223606, 85, 26)
[M::mem_pestat] analyzing insert size distribution for orientation FF...
[M::mem_pestat] (25, 50, 75) percentile: (398, 713, 1725)
[M::mem_pestat] low and high boundaries for computing mean and std.dev: (1, 4379)
[M::mem_pestat] mean and std.dev: (799.14, 708.47)
[M::mem_pestat] low and high boundaries for proper pairs: (1, 5706)
[M::mem_pestat] analyzing insert size distribution for orientation FR...
[M::mem_pestat] (25, 50, 75) percentile: (277, 366, 473)
[M::mem_pestat] low and high boundaries for computing mean and std.dev: (1, 865)
[M::mem_pestat] mean and std.dev: (374.95, 147.38)
[M::mem_pestat] low and high boundaries for proper pairs: (1, 1061)
[M::mem_pestat] analyzing insert size distribution for orientation RF...
[M::mem_pestat] (25, 50, 75) percentile: (270, 1197, 3847)
[M::mem_pestat] low and high boundaries for computing mean and std.dev: (1, 11001)
[M::mem_pestat] mean and std.dev: (2645.41, 2984.04)
[M::mem_pestat] low and high boundaries for proper pairs: (1, 14582)
[M::mem_pestat] analyzing insert size distribution for orientation RR...
[M::mem_pestat] (25, 50, 75) percentile: (416, 780, 2145)
[M::mem_pestat] low and high boundaries for computing mean and std.dev: (1, 5603)
[M::mem_pestat] mean and std.dev: (1345.80, 1410.36)
[M::mem_pestat] low and high boundaries for proper pairs: (1, 7332)
[M::mem_pestat] skip orientation FF
[M::mem_pestat] skip orientation RF
[M::mem_pestat] skip orientation RR
[M::process] read 1066668 sequences (160000200 bp)...
[M::mem_process_seqs] Processed 1066668 reads in 812.325 CPU sec, 52.988 real sec
[M::mem_pestat] # candidate unique pairs for (FF, FR, RF, RR): (28, 224774, 102, 28)
[M::mem_pestat] analyzing insert size distribution for orientation FF...
[M::mem_pestat] (25, 50, 75) percentile: (297, 701, 1741)
[M::mem_pestat] low and high boundaries for computing mean and std.dev: (1, 4629)
[M::mem_pestat] mean and std.dev: (1043.92, 1123.39)
[M::mem_pestat] low and high boundaries for proper pairs: (1, 6073)
[M::mem_pestat] analyzing insert size distribution for orientation FR...
[M::mem_pestat] (25, 50, 75) percentile: (277, 365, 469)
[M::mem_pestat] low and high boundaries for computing mean and std.dev: (1, 853)
[M::mem_pestat] mean and std.dev: (373.11, 144.65)
[M::mem_pestat] low and high boundaries for proper pairs: (1, 1045)
[M::mem_pestat] analyzing insert size distribution for orientation RF...
[M::mem_pestat] (25, 50, 75) percentile: (296, 1381, 6797)
[M::mem_pestat] low and high boundaries for computing mean and std.dev: (1, 19799)
[M::mem_pestat] mean and std.dev: (3201.25, 3252.54)
[M::mem_pestat] low and high boundaries for proper pairs: (1, 26300)
[M::mem_pestat] analyzing insert size distribution for orientation RR...
[M::mem_pestat] (25, 50, 75) percentile: (380, 399, 970)
[M::mem_pestat] low and high boundaries for computing mean and std.dev: (1, 2150)
[M::mem_pestat] mean and std.dev: (494.20, 273.86)
[M::mem_pestat] low and high boundaries for proper pairs: (1, 2740)
[M::mem_pestat] skip orientation FF
[M::mem_pestat] skip orientation RF
[M::mem_pestat] skip orientation RR
[M::process] read 1066668 sequences (160000200 bp)...
[M::mem_process_seqs] Processed 1066668 reads in 809.650 CPU sec, 52.656 real sec
[M::mem_pestat] # candidate unique pairs for (FF, FR, RF, RR): (27, 224076, 77, 32)
[M::mem_pestat] analyzing insert size distribution for orientation FF...
[M::mem_pestat] (25, 50, 75) percentile: (372, 520, 1191)
[M::mem_pestat] low and high boundaries for computing mean and std.dev: (1, 2829)
[M::mem_pestat] mean and std.dev: (620.42, 435.84)
[M::mem_pestat] low and high boundaries for proper pairs: (1, 3648)
[M::mem_pestat] analyzing insert size distribution for orientation FR...
[M::mem_pestat] (25, 50, 75) percentile: (272, 359, 466)
[M::mem_pestat] low and high boundaries for computing mean and std.dev: (1, 854)
[M::mem_pestat] mean and std.dev: (369.51, 145.91)
[M::mem_pestat] low and high boundaries for proper pairs: (1, 1048)
[M::mem_pestat] analyzing insert size distribution for orientation RF...
[M::mem_pestat] (25, 50, 75) percentile: (165, 857, 4827)
[M::mem_pestat] low and high boundaries for computing mean and std.dev: (1, 14151)
[M::mem_pestat] mean and std.dev: (2345.84, 2925.14)
[M::mem_pestat] low and high boundaries for proper pairs: (1, 18813)
[M::mem_pestat] analyzing insert size distribution for orientation RR...
[M::mem_pestat] (25, 50, 75) percentile: (194, 507, 1262)
[M::mem_pestat] low and high boundaries for computing mean and std.dev: (1, 3398)
[M::mem_pestat] mean and std.dev: (695.48, 588.54)
[M::mem_pestat] low and high boundaries for proper pairs: (1, 4466)
[M::mem_pestat] skip orientation FF
[M::mem_pestat] skip orientation RF
[M::mem_pestat] skip orientation RR
[M::process] read 1066668 sequences (160000200 bp)...
[M::mem_process_seqs] Processed 1066668 reads in 826.597 CPU sec, 54.259 real sec
[M::mem_pestat] # candidate unique pairs for (FF, FR, RF, RR): (37, 223079, 76, 38)
[M::mem_pestat] analyzing insert size distribution for orientation FF...
[M::mem_pestat] (25, 50, 75) percentile: (305, 947, 4023)
[M::mem_pestat] low and high boundaries for computing mean and std.dev: (1, 11459)
[M::mem_pestat] mean and std.dev: (2213.81, 2822.88)
[M::mem_pestat] low and high boundaries for proper pairs: (1, 15177)
[M::mem_pestat] analyzing insert size distribution for orientation FR...
[M::mem_pestat] (25, 50, 75) percentile: (272, 358, 464)
[M::mem_pestat] low and high boundaries for computing mean and std.dev: (1, 848)
[M::mem_pestat] mean and std.dev: (368.86, 145.28)
[M::mem_pestat] low and high boundaries for proper pairs: (1, 1040)
[M::mem_pestat] analyzing insert size distribution for orientation RF...
[M::mem_pestat] (25, 50, 75) percentile: (119, 865, 3943)
[M::mem_pestat] low and high boundaries for computing mean and std.dev: (1, 11591)
[M::mem_pestat] mean and std.dev: (2397.74, 3335.93)
[M::mem_pestat] low and high boundaries for proper pairs: (1, 15741)
[M::mem_pestat] analyzing insert size distribution for orientation RR...
[M::mem_pestat] (25, 50, 75) percentile: (389, 999, 1865)
[M::mem_pestat] low and high boundaries for computing mean and std.dev: (1, 4817)
[M::mem_pestat] mean and std.dev: (1141.11, 844.69)
[M::mem_pestat] low and high boundaries for proper pairs: (1, 6293)
[M::mem_pestat] skip orientation FF
[M::mem_pestat] skip orientation RF
[M::mem_pestat] skip orientation RR
[M::process] read 1066668 sequences (160000200 bp)...
[M::mem_process_seqs] Processed 1066668 reads in 823.145 CPU sec, 53.548 real sec
[M::mem_pestat] # candidate unique pairs for (FF, FR, RF, RR): (26, 224863, 75, 33)
[M::mem_pestat] analyzing insert size distribution for orientation FF...
[M::mem_pestat] (25, 50, 75) percentile: (305, 649, 1211)
[M::mem_pestat] low and high boundaries for computing mean and std.dev: (1, 3023)
[M::mem_pestat] mean and std.dev: (627.82, 472.80)
[M::mem_pestat] low and high boundaries for proper pairs: (1, 3929)
[M::mem_pestat] analyzing insert size distribution for orientation FR...
[M::mem_pestat] (25, 50, 75) percentile: (273, 361, 469)
[M::mem_pestat] low and high boundaries for computing mean and std.dev: (1, 861)
[M::mem_pestat] mean and std.dev: (371.50, 146.69)
[M::mem_pestat] low and high boundaries for proper pairs: (1, 1057)
[M::mem_pestat] analyzing insert size distribution for orientation RF...
[M::mem_pestat] (25, 50, 75) percentile: (495, 2760, 7456)
[M::mem_pestat] low and high boundaries for computing mean and std.dev: (1, 21378)
[M::mem_pestat] mean and std.dev: (3714.76, 3296.15)
[M::mem_pestat] low and high boundaries for proper pairs: (1, 28339)
[M::mem_pestat] analyzing insert size distribution for orientation RR...
[M::mem_pestat] (25, 50, 75) percentile: (278, 511, 1117)
[M::mem_pestat] low and high boundaries for computing mean and std.dev: (1, 2795)
[M::mem_pestat] mean and std.dev: (583.32, 501.71)
[M::mem_pestat] low and high boundaries for proper pairs: (1, 3634)
[M::mem_pestat] skip orientation FF
[M::mem_pestat] skip orientation RF
[M::mem_pestat] skip orientation RR
[M::process] read 1066668 sequences (160000200 bp)...
[M::mem_process_seqs] Processed 1066668 reads in 822.028 CPU sec, 53.485 real sec
[M::mem_pestat] # candidate unique pairs for (FF, FR, RF, RR): (45, 223755, 87, 39)
[M::mem_pestat] analyzing insert size distribution for orientation FF...
[M::mem_pestat] (25, 50, 75) percentile: (247, 564, 1179)
[M::mem_pestat] low and high boundaries for computing mean and std.dev: (1, 3043)
[M::mem_pestat] mean and std.dev: (480.86, 390.15)
[M::mem_pestat] low and high boundaries for proper pairs: (1, 3975)
[M::mem_pestat] analyzing insert size distribution for orientation FR...
[M::mem_pestat] (25, 50, 75) percentile: (273, 361, 467)
[M::mem_pestat] low and high boundaries for computing mean and std.dev: (1, 855)
[M::mem_pestat] mean and std.dev: (371.23, 145.94)
[M::mem_pestat] low and high boundaries for proper pairs: (1, 1049)
[M::mem_pestat] analyzing insert size distribution for orientation RF...
[M::mem_pestat] (25, 50, 75) percentile: (266, 757, 3302)
[M::mem_pestat] low and high boundaries for computing mean and std.dev: (1, 9374)
[M::mem_pestat] mean and std.dev: (2043.60, 2529.54)
[M::mem_pestat] low and high boundaries for proper pairs: (1, 12410)
[M::mem_pestat] analyzing insert size distribution for orientation RR...
[M::mem_pestat] (25, 50, 75) percentile: (329, 566, 896)
[M::mem_pestat] low and high boundaries for computing mean and std.dev: (1, 2030)
[M::mem_pestat] mean and std.dev: (496.66, 272.09)
[M::mem_pestat] low and high boundaries for proper pairs: (1, 2597)
[M::mem_pestat] skip orientation FF
[M::mem_pestat] skip orientation RF
[M::mem_pestat] skip orientation RR
[M::process] read 1066668 sequences (160000200 bp)...
[M::mem_process_seqs] Processed 1066668 reads in 825.895 CPU sec, 53.729 real sec
[M::mem_pestat] # candidate unique pairs for (FF, FR, RF, RR): (29, 223159, 75, 27)
[M::mem_pestat] analyzing insert size distribution for orientation FF...
[M::mem_pestat] (25, 50, 75) percentile: (304, 376, 1764)
[M::mem_pestat] low and high boundaries for computing mean and std.dev: (1, 4684)
[M::mem_pestat] mean and std.dev: (630.92, 656.39)
[M::mem_pestat] low and high boundaries for proper pairs: (1, 6144)
[M::mem_pestat] analyzing insert size distribution for orientation FR...
[M::mem_pestat] (25, 50, 75) percentile: (271, 359, 465)
[M::mem_pestat] low and high boundaries for computing mean and std.dev: (1, 853)
[M::mem_pestat] mean and std.dev: (369.36, 145.93)
[M::mem_pestat] low and high boundaries for proper pairs: (1, 1047)
[M::mem_pestat] analyzing insert size distribution for orientation RF...
[M::mem_pestat] (25, 50, 75) percentile: (231, 710, 4693)
[M::mem_pestat] low and high boundaries for computing mean and std.dev: (1, 13617)
[M::mem_pestat] mean and std.dev: (2602.79, 3281.61)
[M::mem_pestat] low and high boundaries for proper pairs: (1, 18079)
[M::mem_pestat] analyzing insert size distribution for orientation RR...
[M::mem_pestat] (25, 50, 75) percentile: (354, 905, 1366)
[M::mem_pestat] low and high boundaries for computing mean and std.dev: (1, 3390)
[M::mem_pestat] mean and std.dev: (1059.00, 945.22)
[M::mem_pestat] low and high boundaries for proper pairs: (1, 4840)
[M::mem_pestat] skip orientation FF
[M::mem_pestat] skip orientation RF
[M::mem_pestat] skip orientation RR
[M::process] read 1066668 sequences (160000200 bp)...
[M::mem_process_seqs] Processed 1066668 reads in 836.513 CPU sec, 54.582 real sec
[M::mem_pestat] # candidate unique pairs for (FF, FR, RF, RR): (38, 223800, 68, 45)
[M::mem_pestat] analyzing insert size distribution for orientation FF...
[M::mem_pestat] (25, 50, 75) percentile: (248, 649, 1672)
[M::mem_pestat] low and high boundaries for computing mean and std.dev: (1, 4520)
[M::mem_pestat] mean and std.dev: (971.14, 1039.83)
[M::mem_pestat] low and high boundaries for proper pairs: (1, 5944)
[M::mem_pestat] analyzing insert size distribution for orientation FR...
[M::mem_pestat] (25, 50, 75) percentile: (271, 358, 464)
[M::mem_pestat] low and high boundaries for computing mean and std.dev: (1, 850)
[M::mem_pestat] mean and std.dev: (368.90, 145.16)
[M::mem_pestat] low and high boundaries for proper pairs: (1, 1043)
[M::mem_pestat] analyzing insert size distribution for orientation RF...
[M::mem_pestat] (25, 50, 75) percentile: (408, 1195, 6067)
[M::mem_pestat] low and high boundaries for computing mean and std.dev: (1, 17385)
[M::mem_pestat] mean and std.dev: (2737.41, 2896.75)
[M::mem_pestat] low and high boundaries for proper pairs: (1, 23044)
[M::mem_pestat] analyzing insert size distribution for orientation RR...
[M::mem_pestat] (25, 50, 75) percentile: (295, 507, 1113)
[M::mem_pestat] low and high boundaries for computing mean and std.dev: (1, 2749)
[M::mem_pestat] mean and std.dev: (610.07, 446.94)
[M::mem_pestat] low and high boundaries for proper pairs: (1, 3567)
[M::mem_pestat] skip orientation FF
[M::mem_pestat] skip orientation RF
[M::mem_pestat] skip orientation RR
[M::process] read 1066668 sequences (160000200 bp)...
[M::mem_process_seqs] Processed 1066668 reads in 826.848 CPU sec, 53.863 real sec
[M::mem_pestat] # candidate unique pairs for (FF, FR, RF, RR): (22, 223946, 81, 36)
[M::mem_pestat] analyzing insert size distribution for orientation FF...
[M::mem_pestat] (25, 50, 75) percentile: (138, 347, 696)
[M::mem_pestat] low and high boundaries for computing mean and std.dev: (1, 1812)
[M::mem_pestat] mean and std.dev: (343.33, 232.90)
[M::mem_pestat] low and high boundaries for proper pairs: (1, 2370)
[M::mem_pestat] analyzing insert size distribution for orientation FR...
[M::mem_pestat] (25, 50, 75) percentile: (270, 356, 459)
[M::mem_pestat] low and high boundaries for computing mean and std.dev: (1, 837)
[M::mem_pestat] mean and std.dev: (364.98, 142.88)
[M::mem_pestat] low and high boundaries for proper pairs: (1, 1026)
[M::mem_pestat] analyzing insert size distribution for orientation RF...
[M::mem_pestat] (25, 50, 75) percentile: (492, 952, 4029)
[M::mem_pestat] low and high boundaries for computing mean and std.dev: (1, 11103)
[M::mem_pestat] mean and std.dev: (2447.07, 2708.32)
[M::mem_pestat] low and high boundaries for proper pairs: (1, 14640)
[M::mem_pestat] analyzing insert size distribution for orientation RR...
[M::mem_pestat] (25, 50, 75) percentile: (414, 704, 1764)
[M::mem_pestat] low and high boundaries for computing mean and std.dev: (1, 4464)
[M::mem_pestat] mean and std.dev: (891.56, 776.24)
[M::mem_pestat] low and high boundaries for proper pairs: (1, 5814)
[M::mem_pestat] skip orientation FF
[M::mem_pestat] skip orientation RF
[M::mem_pestat] skip orientation RR
[M::process] read 1066668 sequences (160000200 bp)...
[M::mem_process_seqs] Processed 1066668 reads in 829.862 CPU sec, 53.990 real sec
[M::mem_pestat] # candidate unique pairs for (FF, FR, RF, RR): (21, 223461, 112, 35)
[M::mem_pestat] analyzing insert size distribution for orientation FF...
[M::mem_pestat] (25, 50, 75) percentile: (239, 425, 665)
[M::mem_pestat] low and high boundaries for computing mean and std.dev: (1, 1517)
[M::mem_pestat] mean and std.dev: (408.78, 286.97)
[M::mem_pestat] low and high boundaries for proper pairs: (1, 1943)
[M::mem_pestat] analyzing insert size distribution for orientation FR...
[M::mem_pestat] (25, 50, 75) percentile: (277, 365, 469)
[M::mem_pestat] low and high boundaries for computing mean and std.dev: (1, 853)
[M::mem_pestat] mean and std.dev: (373.02, 144.99)
[M::mem_pestat] low and high boundaries for proper pairs: (1, 1045)
[M::mem_pestat] analyzing insert size distribution for orientation RF...
[M::mem_pestat] (25, 50, 75) percentile: (149, 1073, 4373)
[M::mem_pestat] low and high boundaries for computing mean and std.dev: (1, 12821)
[M::mem_pestat] mean and std.dev: (2590.33, 3124.55)
[M::mem_pestat] low and high boundaries for proper pairs: (1, 17045)
[M::mem_pestat] analyzing insert size distribution for orientation RR...
[M::mem_pestat] (25, 50, 75) percentile: (214, 420, 911)
[M::mem_pestat] low and high boundaries for computing mean and std.dev: (1, 2305)
[M::mem_pestat] mean and std.dev: (465.75, 393.12)
[M::mem_pestat] low and high boundaries for proper pairs: (1, 3002)
[M::mem_pestat] skip orientation FF
[M::mem_pestat] skip orientation RF
[M::mem_pestat] skip orientation RR
[M::process] read 1066668 sequences (160000200 bp)...
[M::mem_process_seqs] Processed 1066668 reads in 809.610 CPU sec, 52.927 real sec
[M::mem_pestat] # candidate unique pairs for (FF, FR, RF, RR): (31, 224020, 95, 58)
[M::mem_pestat] analyzing insert size distribution for orientation FF...
[M::mem_pestat] (25, 50, 75) percentile: (295, 645, 1977)
[M::mem_pestat] low and high boundaries for computing mean and std.dev: (1, 5341)
[M::mem_pestat] mean and std.dev: (1135.48, 1313.84)
[M::mem_pestat] low and high boundaries for proper pairs: (1, 7023)
[M::mem_pestat] analyzing insert size distribution for orientation FR...
[M::mem_pestat] (25, 50, 75) percentile: (278, 366, 469)
[M::mem_pestat] low and high boundaries for computing mean and std.dev: (1, 851)
[M::mem_pestat] mean and std.dev: (373.72, 144.46)
[M::mem_pestat] low and high boundaries for proper pairs: (1, 1042)
[M::mem_pestat] analyzing insert size distribution for orientation RF...
[M::mem_pestat] (25, 50, 75) percentile: (240, 1349, 6537)
[M::mem_pestat] low and high boundaries for computing mean and std.dev: (1, 19131)
[M::mem_pestat] mean and std.dev: (3242.53, 3442.75)
[M::mem_pestat] low and high boundaries for proper pairs: (1, 25428)
[M::mem_pestat] analyzing insert size distribution for orientation RR...
[M::mem_pestat] (25, 50, 75) percentile: (212, 447, 2629)
[M::mem_pestat] low and high boundaries for computing mean and std.dev: (1, 7463)
[M::mem_pestat] mean and std.dev: (1152.28, 1237.34)
[M::mem_pestat] low and high boundaries for proper pairs: (1, 9880)
[M::mem_pestat] skip orientation FF
[M::mem_pestat] skip orientation RF
[M::mem_pestat] skip orientation RR
[M::process] read 1066668 sequences (160000200 bp)...
[M::mem_process_seqs] Processed 1066668 reads in 807.808 CPU sec, 52.642 real sec
[M::mem_pestat] # candidate unique pairs for (FF, FR, RF, RR): (36, 224584, 61, 59)
[M::mem_pestat] analyzing insert size distribution for orientation FF...
[M::mem_pestat] (25, 50, 75) percentile: (291, 1014, 1487)
[M::mem_pestat] low and high boundaries for computing mean and std.dev: (1, 3879)
[M::mem_pestat] mean and std.dev: (937.67, 656.06)
[M::mem_pestat] low and high boundaries for proper pairs: (1, 5075)
[M::mem_pestat] analyzing insert size distribution for orientation FR...
[M::mem_pestat] (25, 50, 75) percentile: (273, 359, 462)
[M::mem_pestat] low and high boundaries for computing mean and std.dev: (1, 840)
[M::mem_pestat] mean and std.dev: (367.56, 143.20)
[M::mem_pestat] low and high boundaries for proper pairs: (1, 1029)
[M::mem_pestat] analyzing insert size distribution for orientation RF...
[M::mem_pestat] (25, 50, 75) percentile: (170, 1189, 3353)
[M::mem_pestat] low and high boundaries for computing mean and std.dev: (1, 9719)
[M::mem_pestat] mean and std.dev: (2258.39, 2664.21)
[M::mem_pestat] low and high boundaries for proper pairs: (1, 12915)
[M::mem_pestat] analyzing insert size distribution for orientation RR...
[M::mem_pestat] (25, 50, 75) percentile: (379, 698, 2698)
[M::mem_pestat] low and high boundaries for computing mean and std.dev: (1, 7336)
[M::mem_pestat] mean and std.dev: (1651.98, 1861.24)
[M::mem_pestat] low and high boundaries for proper pairs: (1, 9655)
[M::mem_pestat] skip orientation FF
[M::mem_pestat] skip orientation RF
[M::mem_pestat] skip orientation RR
[M::process] read 1066668 sequences (160000200 bp)...
[M::mem_process_seqs] Processed 1066668 reads in 811.327 CPU sec, 52.712 real sec
[M::mem_pestat] # candidate unique pairs for (FF, FR, RF, RR): (16, 223661, 86, 45)
[M::mem_pestat] analyzing insert size distribution for orientation FF...
[M::mem_pestat] (25, 50, 75) percentile: (261, 472, 1714)
[M::mem_pestat] low and high boundaries for computing mean and std.dev: (1, 4620)
[M::mem_pestat] mean and std.dev: (747.60, 752.92)
[M::mem_pestat] low and high boundaries for proper pairs: (1, 6073)
[M::mem_pestat] analyzing insert size distribution for orientation FR...
[M::mem_pestat] (25, 50, 75) percentile: (277, 366, 473)
[M::mem_pestat] low and high boundaries for computing mean and std.dev: (1, 865)
[M::mem_pestat] mean and std.dev: (375.61, 146.98)
[M::mem_pestat] low and high boundaries for proper pairs: (1, 1061)
[M::mem_pestat] analyzing insert size distribution for orientation RF...
[M::mem_pestat] (25, 50, 75) percentile: (303, 1905, 5185)
[M::mem_pestat] low and high boundaries for computing mean and std.dev: (1, 14949)
[M::mem_pestat] mean and std.dev: (3023.48, 3060.78)
[M::mem_pestat] low and high boundaries for proper pairs: (1, 19831)
[M::mem_pestat] analyzing insert size distribution for orientation RR...
[M::mem_pestat] (25, 50, 75) percentile: (300, 377, 875)
[M::mem_pestat] low and high boundaries for computing mean and std.dev: (1, 2025)
[M::mem_pestat] mean and std.dev: (547.62, 405.24)
[M::mem_pestat] low and high boundaries for proper pairs: (1, 2600)
[M::mem_pestat] skip orientation FF
[M::mem_pestat] skip orientation RF
[M::mem_pestat] skip orientation RR
[M::process] read 1066668 sequences (160000200 bp)...
[M::mem_process_seqs] Processed 1066668 reads in 825.444 CPU sec, 53.699 real sec
[M::mem_pestat] # candidate unique pairs for (FF, FR, RF, RR): (23, 223734, 72, 35)
[M::mem_pestat] analyzing insert size distribution for orientation FF...
[M::mem_pestat] (25, 50, 75) percentile: (199, 286, 318)
[M::mem_pestat] low and high boundaries for computing mean and std.dev: (1, 556)
[M::mem_pestat] mean and std.dev: (233.68, 83.01)
[M::mem_pestat] low and high boundaries for proper pairs: (1, 675)
[M::mem_pestat] analyzing insert size distribution for orientation FR...
[M::mem_pestat] (25, 50, 75) percentile: (274, 360, 466)
[M::mem_pestat] low and high boundaries for computing mean and std.dev: (1, 850)
[M::mem_pestat] mean and std.dev: (370.28, 145.06)
[M::mem_pestat] low and high boundaries for proper pairs: (1, 1042)
[M::mem_pestat] analyzing insert size distribution for orientation RF...
[M::mem_pestat] (25, 50, 75) percentile: (171, 760, 3775)
[M::mem_pestat] low and high boundaries for computing mean and std.dev: (1, 10983)
[M::mem_pestat] mean and std.dev: (1861.71, 2329.97)
[M::mem_pestat] low and high boundaries for proper pairs: (1, 14587)
[M::mem_pestat] analyzing insert size distribution for orientation RR...
[M::mem_pestat] (25, 50, 75) percentile: (397, 617, 1394)
[M::mem_pestat] low and high boundaries for computing mean and std.dev: (1, 3388)
[M::mem_pestat] mean and std.dev: (739.00, 671.28)
[M::mem_pestat] low and high boundaries for proper pairs: (1, 4385)
[M::mem_pestat] skip orientation FF
[M::mem_pestat] skip orientation RF
[M::mem_pestat] skip orientation RR
[M::process] read 1066668 sequences (160000200 bp)...
[M::mem_process_seqs] Processed 1066668 reads in 822.879 CPU sec, 53.532 real sec
[M::mem_pestat] # candidate unique pairs for (FF, FR, RF, RR): (42, 224145, 71, 33)
[M::mem_pestat] analyzing insert size distribution for orientation FF...
[M::mem_pestat] (25, 50, 75) percentile: (506, 970, 1855)
[M::mem_pestat] low and high boundaries for computing mean and std.dev: (1, 4553)
[M::mem_pestat] mean and std.dev: (844.03, 529.16)
[M::mem_pestat] low and high boundaries for proper pairs: (1, 5902)
[M::mem_pestat] analyzing insert size distribution for orientation FR...
[M::mem_pestat] (25, 50, 75) percentile: (271, 358, 463)
[M::mem_pestat] low and high boundaries for computing mean and std.dev: (1, 847)
[M::mem_pestat] mean and std.dev: (368.23, 144.43)
[M::mem_pestat] low and high boundaries for proper pairs: (1, 1039)
[M::mem_pestat] analyzing insert size distribution for orientation RF...
[M::mem_pestat] (25, 50, 75) percentile: (392, 1574, 6464)
[M::mem_pestat] low and high boundaries for computing mean and std.dev: (1, 18608)
[M::mem_pestat] mean and std.dev: (3118.03, 3275.19)
[M::mem_pestat] low and high boundaries for proper pairs: (1, 24680)
[M::mem_pestat] analyzing insert size distribution for orientation RR...
[M::mem_pestat] (25, 50, 75) percentile: (399, 909, 3229)
[M::mem_pestat] low and high boundaries for computing mean and std.dev: (1, 8889)
[M::mem_pestat] mean and std.dev: (1665.59, 1856.28)
[M::mem_pestat] low and high boundaries for proper pairs: (1, 11719)
[M::mem_pestat] skip orientation FF
[M::mem_pestat] skip orientation RF
[M::mem_pestat] skip orientation RR
[M::process] read 1066668 sequences (160000200 bp)...
[M::mem_process_seqs] Processed 1066668 reads in 830.108 CPU sec, 53.993 real sec
[M::mem_pestat] # candidate unique pairs for (FF, FR, RF, RR): (38, 224397, 69, 40)
[M::mem_pestat] analyzing insert size distribution for orientation FF...
[M::mem_pestat] (25, 50, 75) percentile: (229, 582, 2017)
[M::mem_pestat] low and high boundaries for computing mean and std.dev: (1, 5593)
[M::mem_pestat] mean and std.dev: (922.56, 963.29)
[M::mem_pestat] low and high boundaries for proper pairs: (1, 7381)
[M::mem_pestat] analyzing insert size distribution for orientation FR...
[M::mem_pestat] (25, 50, 75) percentile: (272, 359, 464)
[M::mem_pestat] low and high boundaries for computing mean and std.dev: (1, 848)
[M::mem_pestat] mean and std.dev: (368.93, 144.95)
[M::mem_pestat] low and high boundaries for proper pairs: (1, 1040)
[M::mem_pestat] analyzing insert size distribution for orientation RF...
[M::mem_pestat] (25, 50, 75) percentile: (58, 676, 3514)
[M::mem_pestat] low and high boundaries for computing mean and std.dev: (1, 10426)
[M::mem_pestat] mean and std.dev: (2203.14, 2892.38)
[M::mem_pestat] low and high boundaries for proper pairs: (1, 13882)
[M::mem_pestat] analyzing insert size distribution for orientation RR...
[M::mem_pestat] (25, 50, 75) percentile: (294, 560, 1324)
[M::mem_pestat] low and high boundaries for computing mean and std.dev: (1, 3384)
[M::mem_pestat] mean and std.dev: (789.82, 684.48)
[M::mem_pestat] low and high boundaries for proper pairs: (1, 4414)
[M::mem_pestat] skip orientation FF
[M::mem_pestat] skip orientation RF
[M::mem_pestat] skip orientation RR
[M::process] read 1066668 sequences (160000200 bp)...
[M::mem_process_seqs] Processed 1066668 reads in 833.812 CPU sec, 54.227 real sec
[M::mem_pestat] # candidate unique pairs for (FF, FR, RF, RR): (32, 223698, 70, 29)
[M::mem_pestat] analyzing insert size distribution for orientation FF...
[M::mem_pestat] (25, 50, 75) percentile: (304, 692, 3505)
[M::mem_pestat] low and high boundaries for computing mean and std.dev: (1, 9907)
[M::mem_pestat] mean and std.dev: (1920.34, 2268.79)
[M::mem_pestat] low and high boundaries for proper pairs: (1, 13108)
[M::mem_pestat] analyzing insert size distribution for orientation FR...
[M::mem_pestat] (25, 50, 75) percentile: (269, 355, 461)
[M::mem_pestat] low and high boundaries for computing mean and std.dev: (1, 845)
[M::mem_pestat] mean and std.dev: (366.00, 145.21)
[M::mem_pestat] low and high boundaries for proper pairs: (1, 1037)
[M::mem_pestat] analyzing insert size distribution for orientation RF...
[M::mem_pestat] (25, 50, 75) percentile: (168, 2166, 5565)
[M::mem_pestat] low and high boundaries for computing mean and std.dev: (1, 16359)
[M::mem_pestat] mean and std.dev: (3025.90, 3094.37)
[M::mem_pestat] low and high boundaries for proper pairs: (1, 21756)
[M::mem_pestat] analyzing insert size distribution for orientation RR...
[M::mem_pestat] (25, 50, 75) percentile: (177, 534, 5572)
[M::mem_pestat] low and high boundaries for computing mean and std.dev: (1, 16362)
[M::mem_pestat] mean and std.dev: (2002.17, 2748.01)
[M::mem_pestat] low and high boundaries for proper pairs: (1, 21757)
[M::mem_pestat] skip orientation FF
[M::mem_pestat] skip orientation RF
[M::mem_pestat] skip orientation RR
[M::mem_process_seqs] Processed 1066668 reads in 831.746 CPU sec, 56.648 real sec
[M::process] read 1066668 sequences (160000200 bp)...
[M::mem_pestat] # candidate unique pairs for (FF, FR, RF, RR): (35, 222806, 85, 45)
[M::mem_pestat] analyzing insert size distribution for orientation FF...
[M::mem_pestat] (25, 50, 75) percentile: (383, 572, 2310)
[M::mem_pestat] low and high boundaries for computing mean and std.dev: (1, 6164)
[M::mem_pestat] mean and std.dev: (1314.20, 1398.70)
[M::mem_pestat] low and high boundaries for proper pairs: (1, 8091)
[M::mem_pestat] analyzing insert size distribution for orientation FR...
[M::mem_pestat] (25, 50, 75) percentile: (268, 356, 462)
[M::mem_pestat] low and high boundaries for computing mean and std.dev: (1, 850)
[M::mem_pestat] mean and std.dev: (366.29, 145.19)
[M::mem_pestat] low and high boundaries for proper pairs: (1, 1044)
[M::mem_pestat] analyzing insert size distribution for orientation RF...
[M::mem_pestat] (25, 50, 75) percentile: (230, 1740, 6557)
[M::mem_pestat] low and high boundaries for computing mean and std.dev: (1, 19211)
[M::mem_pestat] mean and std.dev: (3085.96, 3082.51)
[M::mem_pestat] low and high boundaries for proper pairs: (1, 25538)
[M::mem_pestat] analyzing insert size distribution for orientation RR...
[M::mem_pestat] (25, 50, 75) percentile: (310, 635, 1848)
[M::mem_pestat] low and high boundaries for computing mean and std.dev: (1, 4924)
[M::mem_pestat] mean and std.dev: (988.74, 950.46)
[M::mem_pestat] low and high boundaries for proper pairs: (1, 6462)
[M::mem_pestat] skip orientation FF
[M::mem_pestat] skip orientation RF
[M::mem_pestat] skip orientation RR
[M::process] read 1066668 sequences (160000200 bp)...
[M::mem_process_seqs] Processed 1066668 reads in 853.356 CPU sec, 55.225 real sec
[M::mem_pestat] # candidate unique pairs for (FF, FR, RF, RR): (55, 221185, 56, 48)
[M::mem_pestat] analyzing insert size distribution for orientation FF...
[M::mem_pestat] (25, 50, 75) percentile: (245, 618, 1780)
[M::mem_pestat] low and high boundaries for computing mean and std.dev: (1, 4850)
[M::mem_pestat] mean and std.dev: (1077.66, 1033.67)
[M::mem_pestat] low and high boundaries for proper pairs: (1, 6385)
[M::mem_pestat] analyzing insert size distribution for orientation FR...
[M::mem_pestat] (25, 50, 75) percentile: (280, 379, 499)
[M::mem_pestat] low and high boundaries for computing mean and std.dev: (1, 937)
[M::mem_pestat] mean and std.dev: (389.98, 158.40)
[M::mem_pestat] low and high boundaries for proper pairs: (1, 1156)
[M::mem_pestat] analyzing insert size distribution for orientation RF...
[M::mem_pestat] (25, 50, 75) percentile: (574, 1806, 6191)
[M::mem_pestat] low and high boundaries for computing mean and std.dev: (1, 17425)
[M::mem_pestat] mean and std.dev: (2973.79, 2979.74)
[M::mem_pestat] low and high boundaries for proper pairs: (1, 23042)
[M::mem_pestat] analyzing insert size distribution for orientation RR...
[M::mem_pestat] (25, 50, 75) percentile: (295, 621, 2042)
[M::mem_pestat] low and high boundaries for computing mean and std.dev: (1, 5536)
[M::mem_pestat] mean and std.dev: (1160.98, 1399.01)
[M::mem_pestat] low and high boundaries for proper pairs: (1, 7283)
[M::mem_pestat] skip orientation FF
[M::mem_pestat] skip orientation RF
[M::mem_pestat] skip orientation RR
[M::process] read 1066668 sequences (160000200 bp)...
[M::mem_process_seqs] Processed 1066668 reads in 856.679 CPU sec, 55.744 real sec
[M::mem_pestat] # candidate unique pairs for (FF, FR, RF, RR): (20, 221632, 60, 38)
[M::mem_pestat] analyzing insert size distribution for orientation FF...
[M::mem_pestat] (25, 50, 75) percentile: (415, 529, 975)
[M::mem_pestat] low and high boundaries for computing mean and std.dev: (1, 2095)
[M::mem_pestat] mean and std.dev: (538.29, 276.36)
[M::mem_pestat] low and high boundaries for proper pairs: (1, 2655)
[M::mem_pestat] analyzing insert size distribution for orientation FR...
[M::mem_pestat] (25, 50, 75) percentile: (284, 382, 498)
[M::mem_pestat] low and high boundaries for computing mean and std.dev: (1, 926)
[M::mem_pestat] mean and std.dev: (391.37, 155.80)
[M::mem_pestat] low and high boundaries for proper pairs: (1, 1140)
[M::mem_pestat] analyzing insert size distribution for orientation RF...
[M::mem_pestat] (25, 50, 75) percentile: (141, 740, 1279)
[M::mem_pestat] low and high boundaries for computing mean and std.dev: (1, 3555)
[M::mem_pestat] mean and std.dev: (871.30, 903.42)
[M::mem_pestat] low and high boundaries for proper pairs: (1, 4693)
[M::mem_pestat] analyzing insert size distribution for orientation RR...
[M::mem_pestat] (25, 50, 75) percentile: (409, 503, 2421)
[M::mem_pestat] low and high boundaries for computing mean and std.dev: (1, 6445)
[M::mem_pestat] mean and std.dev: (1225.86, 1308.01)
[M::mem_pestat] low and high boundaries for proper pairs: (1, 8457)
[M::mem_pestat] skip orientation FF
[M::mem_pestat] skip orientation RF
[M::mem_pestat] skip orientation RR
[M::process] read 1066668 sequences (160000200 bp)...
[M::mem_process_seqs] Processed 1066668 reads in 842.088 CPU sec, 54.634 real sec
[M::mem_pestat] # candidate unique pairs for (FF, FR, RF, RR): (27, 221878, 78, 28)
[M::mem_pestat] analyzing insert size distribution for orientation FF...
[M::mem_pestat] (25, 50, 75) percentile: (280, 353, 1706)
[M::mem_pestat] low and high boundaries for computing mean and std.dev: (1, 4558)
[M::mem_pestat] mean and std.dev: (823.88, 699.81)
[M::mem_pestat] low and high boundaries for proper pairs: (1, 5984)
[M::mem_pestat] analyzing insert size distribution for orientation FR...
[M::mem_pestat] (25, 50, 75) percentile: (278, 373, 489)
[M::mem_pestat] low and high boundaries for computing mean and std.dev: (1, 911)
[M::mem_pestat] mean and std.dev: (384.02, 154.79)
[M::mem_pestat] low and high boundaries for proper pairs: (1, 1122)
[M::mem_pestat] analyzing insert size distribution for orientation RF...
[M::mem_pestat] (25, 50, 75) percentile: (372, 1909, 3531)
[M::mem_pestat] low and high boundaries for computing mean and std.dev: (1, 9849)
[M::mem_pestat] mean and std.dev: (2473.56, 2470.75)
[M::mem_pestat] low and high boundaries for proper pairs: (1, 13008)
[M::mem_pestat] analyzing insert size distribution for orientation RR...
[M::mem_pestat] (25, 50, 75) percentile: (372, 629, 1756)
[M::mem_pestat] low and high boundaries for computing mean and std.dev: (1, 4524)
[M::mem_pestat] mean and std.dev: (939.08, 809.04)
[M::mem_pestat] low and high boundaries for proper pairs: (1, 5908)
[M::mem_pestat] skip orientation FF
[M::mem_pestat] skip orientation RF
[M::mem_pestat] skip orientation RR
[M::process] read 1066668 sequences (160000200 bp)...
[M::mem_process_seqs] Processed 1066668 reads in 843.191 CPU sec, 54.730 real sec
[M::mem_pestat] # candidate unique pairs for (FF, FR, RF, RR): (36, 222416, 68, 27)
[M::mem_pestat] analyzing insert size distribution for orientation FF...
[M::mem_pestat] (25, 50, 75) percentile: (296, 602, 1051)
[M::mem_pestat] low and high boundaries for computing mean and std.dev: (1, 2561)
[M::mem_pestat] mean and std.dev: (666.16, 492.19)
[M::mem_pestat] low and high boundaries for proper pairs: (1, 3316)
[M::mem_pestat] analyzing insert size distribution for orientation FR...
[M::mem_pestat] (25, 50, 75) percentile: (277, 370, 487)
[M::mem_pestat] low and high boundaries for computing mean and std.dev: (1, 907)
[M::mem_pestat] mean and std.dev: (382.09, 153.64)
[M::mem_pestat] low and high boundaries for proper pairs: (1, 1117)
[M::mem_pestat] analyzing insert size distribution for orientation RF...
[M::mem_pestat] (25, 50, 75) percentile: (394, 2293, 5044)
[M::mem_pestat] low and high boundaries for computing mean and std.dev: (1, 14344)
[M::mem_pestat] mean and std.dev: (3222.32, 3184.99)
[M::mem_pestat] low and high boundaries for proper pairs: (1, 18994)
[M::mem_pestat] analyzing insert size distribution for orientation RR...
[M::mem_pestat] (25, 50, 75) percentile: (507, 944, 3029)
[M::mem_pestat] low and high boundaries for computing mean and std.dev: (1, 8073)
[M::mem_pestat] mean and std.dev: (1449.08, 1643.95)
[M::mem_pestat] low and high boundaries for proper pairs: (1, 10595)
[M::mem_pestat] skip orientation FF
[M::mem_pestat] skip orientation RF
[M::mem_pestat] skip orientation RR
[M::process] read 1066668 sequences (160000200 bp)...
[M::mem_process_seqs] Processed 1066668 reads in 843.454 CPU sec, 54.940 real sec
[M::mem_pestat] # candidate unique pairs for (FF, FR, RF, RR): (23, 222416, 78, 39)
[M::mem_pestat] analyzing insert size distribution for orientation FF...
[M::mem_pestat] (25, 50, 75) percentile: (276, 438, 789)
[M::mem_pestat] low and high boundaries for computing mean and std.dev: (1, 1815)
[M::mem_pestat] mean and std.dev: (578.57, 433.86)
[M::mem_pestat] low and high boundaries for proper pairs: (1, 2328)
[M::mem_pestat] analyzing insert size distribution for orientation FR...
[M::mem_pestat] (25, 50, 75) percentile: (276, 369, 483)
[M::mem_pestat] low and high boundaries for computing mean and std.dev: (1, 897)
[M::mem_pestat] mean and std.dev: (380.46, 152.74)
[M::mem_pestat] low and high boundaries for proper pairs: (1, 1104)
[M::mem_pestat] analyzing insert size distribution for orientation RF...
[M::mem_pestat] (25, 50, 75) percentile: (317, 1808, 3808)
[M::mem_pestat] low and high boundaries for computing mean and std.dev: (1, 10790)
[M::mem_pestat] mean and std.dev: (2271.83, 2363.69)
[M::mem_pestat] low and high boundaries for proper pairs: (1, 14281)
[M::mem_pestat] analyzing insert size distribution for orientation RR...
[M::mem_pestat] (25, 50, 75) percentile: (397, 521, 2207)
[M::mem_pestat] low and high boundaries for computing mean and std.dev: (1, 5827)
[M::mem_pestat] mean and std.dev: (1307.05, 1471.30)
[M::mem_pestat] low and high boundaries for proper pairs: (1, 7637)
[M::mem_pestat] skip orientation FF
[M::mem_pestat] skip orientation RF
[M::mem_pestat] skip orientation RR
[M::process] read 1066668 sequences (160000200 bp)...
[M::mem_process_seqs] Processed 1066668 reads in 844.187 CPU sec, 55.230 real sec
[M::mem_pestat] # candidate unique pairs for (FF, FR, RF, RR): (28, 223748, 71, 29)
[M::mem_pestat] analyzing insert size distribution for orientation FF...
[M::mem_pestat] (25, 50, 75) percentile: (286, 529, 1678)
[M::mem_pestat] low and high boundaries for computing mean and std.dev: (1, 4462)
[M::mem_pestat] mean and std.dev: (634.58, 578.54)
[M::mem_pestat] low and high boundaries for proper pairs: (1, 5854)
[M::mem_pestat] analyzing insert size distribution for orientation FR...
[M::mem_pestat] (25, 50, 75) percentile: (278, 370, 481)
[M::mem_pestat] low and high boundaries for computing mean and std.dev: (1, 887)
[M::mem_pestat] mean and std.dev: (380.74, 151.62)
[M::mem_pestat] low and high boundaries for proper pairs: (1, 1090)
[M::mem_pestat] analyzing insert size distribution for orientation RF...
[M::mem_pestat] (25, 50, 75) percentile: (230, 1293, 4080)
[M::mem_pestat] low and high boundaries for computing mean and std.dev: (1, 11780)
[M::mem_pestat] mean and std.dev: (2751.24, 3203.98)
[M::mem_pestat] low and high boundaries for proper pairs: (1, 15630)
[M::mem_pestat] analyzing insert size distribution for orientation RR...
[M::mem_pestat] (25, 50, 75) percentile: (323, 395, 867)
[M::mem_pestat] low and high boundaries for computing mean and std.dev: (1, 1955)
[M::mem_pestat] mean and std.dev: (471.52, 288.55)
[M::mem_pestat] low and high boundaries for proper pairs: (1, 2499)
[M::mem_pestat] skip orientation FF
[M::mem_pestat] skip orientation RF
[M::mem_pestat] skip orientation RR
[M::process] read 1066668 sequences (160000200 bp)...
[M::mem_process_seqs] Processed 1066668 reads in 840.660 CPU sec, 54.645 real sec
[M::mem_pestat] # candidate unique pairs for (FF, FR, RF, RR): (32, 222717, 65, 34)
[M::mem_pestat] analyzing insert size distribution for orientation FF...
[M::mem_pestat] (25, 50, 75) percentile: (271, 515, 1949)
[M::mem_pestat] low and high boundaries for computing mean and std.dev: (1, 5305)
[M::mem_pestat] mean and std.dev: (1047.59, 1197.12)
[M::mem_pestat] low and high boundaries for proper pairs: (1, 6983)
[M::mem_pestat] analyzing insert size distribution for orientation FR...
[M::mem_pestat] (25, 50, 75) percentile: (278, 369, 482)
[M::mem_pestat] low and high boundaries for computing mean and std.dev: (1, 890)
[M::mem_pestat] mean and std.dev: (380.66, 151.20)
[M::mem_pestat] low and high boundaries for proper pairs: (1, 1094)
[M::mem_pestat] analyzing insert size distribution for orientation RF...
[M::mem_pestat] (25, 50, 75) percentile: (470, 1796, 5182)
[M::mem_pestat] low and high boundaries for computing mean and std.dev: (1, 14606)
[M::mem_pestat] mean and std.dev: (2961.66, 3023.13)
[M::mem_pestat] low and high boundaries for proper pairs: (1, 19318)
[M::mem_pestat] analyzing insert size distribution for orientation RR...
[M::mem_pestat] (25, 50, 75) percentile: (386, 737, 2411)
[M::mem_pestat] low and high boundaries for computing mean and std.dev: (1, 6461)
[M::mem_pestat] mean and std.dev: (1399.77, 1465.52)
[M::mem_pestat] low and high boundaries for proper pairs: (1, 8486)
[M::mem_pestat] skip orientation FF
[M::mem_pestat] skip orientation RF
[M::mem_pestat] skip orientation RR
[M::process] read 1066668 sequences (160000200 bp)...
[M::mem_process_seqs] Processed 1066668 reads in 847.961 CPU sec, 55.574 real sec
[M::mem_pestat] # candidate unique pairs for (FF, FR, RF, RR): (34, 223256, 69, 26)
[M::mem_pestat] analyzing insert size distribution for orientation FF...
[M::mem_pestat] (25, 50, 75) percentile: (282, 927, 1640)
[M::mem_pestat] low and high boundaries for computing mean and std.dev: (1, 4356)
[M::mem_pestat] mean and std.dev: (1095.00, 1024.35)
[M::mem_pestat] low and high boundaries for proper pairs: (1, 5714)
[M::mem_pestat] analyzing insert size distribution for orientation FR...
[M::mem_pestat] (25, 50, 75) percentile: (278, 369, 481)
[M::mem_pestat] low and high boundaries for computing mean and std.dev: (1, 887)
[M::mem_pestat] mean and std.dev: (380.16, 150.81)
[M::mem_pestat] low and high boundaries for proper pairs: (1, 1090)
[M::mem_pestat] analyzing insert size distribution for orientation RF...
[M::mem_pestat] (25, 50, 75) percentile: (528, 2047, 6420)
[M::mem_pestat] low and high boundaries for computing mean and std.dev: (1, 18204)
[M::mem_pestat] mean and std.dev: (3415.13, 3186.70)
[M::mem_pestat] low and high boundaries for proper pairs: (1, 24096)
[M::mem_pestat] analyzing insert size distribution for orientation RR...
[M::mem_pestat] (25, 50, 75) percentile: (334, 662, 1634)
[M::mem_pestat] low and high boundaries for computing mean and std.dev: (1, 4234)
[M::mem_pestat] mean and std.dev: (899.23, 900.67)
[M::mem_pestat] low and high boundaries for proper pairs: (1, 5534)
[M::mem_pestat] skip orientation FF
[M::mem_pestat] skip orientation RF
[M::mem_pestat] skip orientation RR
[M::process] read 1066668 sequences (160000200 bp)...
[M::mem_process_seqs] Processed 1066668 reads in 847.720 CPU sec, 55.490 real sec
[M::mem_pestat] # candidate unique pairs for (FF, FR, RF, RR): (35, 223059, 70, 44)
[M::mem_pestat] analyzing insert size distribution for orientation FF...
[M::mem_pestat] (25, 50, 75) percentile: (267, 396, 1511)
[M::mem_pestat] low and high boundaries for computing mean and std.dev: (1, 3999)
[M::mem_pestat] mean and std.dev: (568.50, 496.07)
[M::mem_pestat] low and high boundaries for proper pairs: (1, 5243)
[M::mem_pestat] analyzing insert size distribution for orientation FR...
[M::mem_pestat] (25, 50, 75) percentile: (276, 366, 480)
[M::mem_pestat] low and high boundaries for computing mean and std.dev: (1, 888)
[M::mem_pestat] mean and std.dev: (378.82, 151.70)
[M::mem_pestat] low and high boundaries for proper pairs: (1, 1092)
[M::mem_pestat] analyzing insert size distribution for orientation RF...
[M::mem_pestat] (25, 50, 75) percentile: (325, 2483, 6644)
[M::mem_pestat] low and high boundaries for computing mean and std.dev: (1, 19282)
[M::mem_pestat] mean and std.dev: (3559.01, 3266.85)
[M::mem_pestat] low and high boundaries for proper pairs: (1, 25601)
[M::mem_pestat] analyzing insert size distribution for orientation RR...
[M::mem_pestat] (25, 50, 75) percentile: (335, 562, 857)
[M::mem_pestat] low and high boundaries for computing mean and std.dev: (1, 1901)
[M::mem_pestat] mean and std.dev: (535.32, 320.17)
[M::mem_pestat] low and high boundaries for proper pairs: (1, 2423)
[M::mem_pestat] skip orientation FF
[M::mem_pestat] skip orientation RF
[M::mem_pestat] skip orientation RR
[M::process] read 1066668 sequences (160000200 bp)...
[M::mem_process_seqs] Processed 1066668 reads in 863.508 CPU sec, 56.240 real sec
[M::mem_pestat] # candidate unique pairs for (FF, FR, RF, RR): (30, 220909, 51, 45)
[M::mem_pestat] analyzing insert size distribution for orientation FF...
[M::mem_pestat] (25, 50, 75) percentile: (270, 851, 2101)
[M::mem_pestat] low and high boundaries for computing mean and std.dev: (1, 5763)
[M::mem_pestat] mean and std.dev: (1495.60, 1545.94)
[M::mem_pestat] low and high boundaries for proper pairs: (1, 7679)
[M::mem_pestat] analyzing insert size distribution for orientation FR...
[M::mem_pestat] (25, 50, 75) percentile: (271, 367, 486)
[M::mem_pestat] low and high boundaries for computing mean and std.dev: (1, 916)
[M::mem_pestat] mean and std.dev: (379.30, 156.97)
[M::mem_pestat] low and high boundaries for proper pairs: (1, 1131)
[M::mem_pestat] analyzing insert size distribution for orientation RF...
[M::mem_pestat] (25, 50, 75) percentile: (352, 1535, 6505)
[M::mem_pestat] low and high boundaries for computing mean and std.dev: (1, 18811)
[M::mem_pestat] mean and std.dev: (3186.80, 3242.87)
[M::mem_pestat] low and high boundaries for proper pairs: (1, 24964)
[M::mem_pestat] analyzing insert size distribution for orientation RR...
[M::mem_pestat] (25, 50, 75) percentile: (270, 839, 2632)
[M::mem_pestat] low and high boundaries for computing mean and std.dev: (1, 7356)
[M::mem_pestat] mean and std.dev: (1443.29, 1571.77)
[M::mem_pestat] low and high boundaries for proper pairs: (1, 9718)
[M::mem_pestat] skip orientation FF
[M::mem_pestat] skip orientation RF
[M::mem_pestat] skip orientation RR
[M::process] read 1066668 sequences (160000200 bp)...
[M::mem_process_seqs] Processed 1066668 reads in 851.211 CPU sec, 55.787 real sec
[M::mem_pestat] # candidate unique pairs for (FF, FR, RF, RR): (24, 221518, 83, 23)
[M::mem_pestat] analyzing insert size distribution for orientation FF...
[M::mem_pestat] (25, 50, 75) percentile: (370, 397, 501)
[M::mem_pestat] low and high boundaries for computing mean and std.dev: (108, 763)
[M::mem_pestat] mean and std.dev: (387.27, 108.20)
[M::mem_pestat] low and high boundaries for proper pairs: (1, 894)
[M::mem_pestat] analyzing insert size distribution for orientation FR...
[M::mem_pestat] (25, 50, 75) percentile: (274, 372, 494)
[M::mem_pestat] low and high boundaries for computing mean and std.dev: (1, 934)
[M::mem_pestat] mean and std.dev: (385.45, 159.70)
[M::mem_pestat] low and high boundaries for proper pairs: (1, 1154)
[M::mem_pestat] analyzing insert size distribution for orientation RF...
[M::mem_pestat] (25, 50, 75) percentile: (278, 881, 5518)
[M::mem_pestat] low and high boundaries for computing mean and std.dev: (1, 15998)
[M::mem_pestat] mean and std.dev: (2842.54, 3238.61)
[M::mem_pestat] low and high boundaries for proper pairs: (1, 21238)
[M::mem_pestat] analyzing insert size distribution for orientation RR...
[M::mem_pestat] (25, 50, 75) percentile: (338, 653, 2207)
[M::mem_pestat] low and high boundaries for computing mean and std.dev: (1, 5945)
[M::mem_pestat] mean and std.dev: (895.45, 745.90)
[M::mem_pestat] low and high boundaries for proper pairs: (1, 7814)
[M::mem_pestat] skip orientation FF
[M::mem_pestat] skip orientation RF
[M::mem_pestat] skip orientation RR
[M::process] read 1066668 sequences (160000200 bp)...
[M::mem_process_seqs] Processed 1066668 reads in 845.995 CPU sec, 55.181 real sec
[M::mem_pestat] # candidate unique pairs for (FF, FR, RF, RR): (50, 222176, 68, 36)
[M::mem_pestat] analyzing insert size distribution for orientation FF...
[M::mem_pestat] (25, 50, 75) percentile: (485, 564, 1225)
[M::mem_pestat] low and high boundaries for computing mean and std.dev: (1, 2705)
[M::mem_pestat] mean and std.dev: (744.12, 475.97)
[M::mem_pestat] low and high boundaries for proper pairs: (1, 3445)
[M::mem_pestat] analyzing insert size distribution for orientation FR...
[M::mem_pestat] (25, 50, 75) percentile: (274, 370, 489)
[M::mem_pestat] low and high boundaries for computing mean and std.dev: (1, 919)
[M::mem_pestat] mean and std.dev: (382.42, 156.44)
[M::mem_pestat] low and high boundaries for proper pairs: (1, 1134)
[M::mem_pestat] analyzing insert size distribution for orientation RF...
[M::mem_pestat] (25, 50, 75) percentile: (492, 2015, 7108)
[M::mem_pestat] low and high boundaries for computing mean and std.dev: (1, 20340)
[M::mem_pestat] mean and std.dev: (3523.21, 3397.89)
[M::mem_pestat] low and high boundaries for proper pairs: (1, 26956)
[M::mem_pestat] analyzing insert size distribution for orientation RR...
[M::mem_pestat] (25, 50, 75) percentile: (224, 737, 3309)
[M::mem_pestat] low and high boundaries for computing mean and std.dev: (1, 9479)
[M::mem_pestat] mean and std.dev: (2383.67, 3146.38)
[M::mem_pestat] low and high boundaries for proper pairs: (1, 14969)
[M::mem_pestat] skip orientation FF
[M::mem_pestat] skip orientation RF
[M::mem_pestat] skip orientation RR
[M::process] read 1066668 sequences (160000200 bp)...
[M::mem_process_seqs] Processed 1066668 reads in 842.127 CPU sec, 54.719 real sec
[M::mem_pestat] # candidate unique pairs for (FF, FR, RF, RR): (37, 221724, 83, 32)
[M::mem_pestat] analyzing insert size distribution for orientation FF...
[M::mem_pestat] (25, 50, 75) percentile: (282, 559, 1076)
[M::mem_pestat] low and high boundaries for computing mean and std.dev: (1, 2664)
[M::mem_pestat] mean and std.dev: (565.58, 424.87)
[M::mem_pestat] low and high boundaries for proper pairs: (1, 3458)
[M::mem_pestat] analyzing insert size distribution for orientation FR...
[M::mem_pestat] (25, 50, 75) percentile: (276, 373, 491)
[M::mem_pestat] low and high boundaries for computing mean and std.dev: (1, 921)
[M::mem_pestat] mean and std.dev: (384.57, 156.38)
[M::mem_pestat] low and high boundaries for proper pairs: (1, 1136)
[M::mem_pestat] analyzing insert size distribution for orientation RF...
[M::mem_pestat] (25, 50, 75) percentile: (348, 2635, 5799)
[M::mem_pestat] low and high boundaries for computing mean and std.dev: (1, 16701)
[M::mem_pestat] mean and std.dev: (3547.95, 3248.79)
[M::mem_pestat] low and high boundaries for proper pairs: (1, 22152)
[M::mem_pestat] analyzing insert size distribution for orientation RR...
[M::mem_pestat] (25, 50, 75) percentile: (401, 640, 2172)
[M::mem_pestat] low and high boundaries for computing mean and std.dev: (1, 5714)
[M::mem_pestat] mean and std.dev: (1280.23, 1386.14)
[M::mem_pestat] low and high boundaries for proper pairs: (1, 7485)
[M::mem_pestat] skip orientation FF
[M::mem_pestat] skip orientation RF
[M::mem_pestat] skip orientation RR
[M::process] read 1066668 sequences (160000200 bp)...
[M::mem_process_seqs] Processed 1066668 reads in 843.930 CPU sec, 54.896 real sec
[M::mem_pestat] # candidate unique pairs for (FF, FR, RF, RR): (30, 221928, 66, 33)
[M::mem_pestat] analyzing insert size distribution for orientation FF...
[M::mem_pestat] (25, 50, 75) percentile: (157, 504, 1588)
[M::mem_pestat] low and high boundaries for computing mean and std.dev: (1, 4450)
[M::mem_pestat] mean and std.dev: (585.64, 752.99)
[M::mem_pestat] low and high boundaries for proper pairs: (1, 5881)
[M::mem_pestat] analyzing insert size distribution for orientation FR...
[M::mem_pestat] (25, 50, 75) percentile: (276, 371, 488)
[M::mem_pestat] low and high boundaries for computing mean and std.dev: (1, 912)
[M::mem_pestat] mean and std.dev: (382.22, 154.96)
[M::mem_pestat] low and high boundaries for proper pairs: (1, 1124)
[M::mem_pestat] analyzing insert size distribution for orientation RF...
[M::mem_pestat] (25, 50, 75) percentile: (259, 1123, 3857)
[M::mem_pestat] low and high boundaries for computing mean and std.dev: (1, 11053)
[M::mem_pestat] mean and std.dev: (2397.27, 2752.69)
[M::mem_pestat] low and high boundaries for proper pairs: (1, 14651)
[M::mem_pestat] analyzing insert size distribution for orientation RR...
[M::mem_pestat] (25, 50, 75) percentile: (281, 316, 1153)
[M::mem_pestat] low and high boundaries for computing mean and std.dev: (1, 2897)
[M::mem_pestat] mean and std.dev: (619.28, 603.55)
[M::mem_pestat] low and high boundaries for proper pairs: (1, 3769)
[M::mem_pestat] skip orientation FF
[M::mem_pestat] skip orientation RF
[M::mem_pestat] skip orientation RR
[M::process] read 1066668 sequences (160000200 bp)...
[M::mem_process_seqs] Processed 1066668 reads in 846.981 CPU sec, 55.208 real sec
[M::mem_pestat] # candidate unique pairs for (FF, FR, RF, RR): (40, 223011, 75, 28)
[M::mem_pestat] analyzing insert size distribution for orientation FF...
[M::mem_pestat] (25, 50, 75) percentile: (264, 511, 2481)
[M::mem_pestat] low and high boundaries for computing mean and std.dev: (1, 6915)
[M::mem_pestat] mean and std.dev: (1171.39, 1440.20)
[M::mem_pestat] low and high boundaries for proper pairs: (1, 9132)
[M::mem_pestat] analyzing insert size distribution for orientation FR...
[M::mem_pestat] (25, 50, 75) percentile: (280, 376, 494)
[M::mem_pestat] low and high boundaries for computing mean and std.dev: (1, 922)
[M::mem_pestat] mean and std.dev: (387.87, 156.94)
[M::mem_pestat] low and high boundaries for proper pairs: (1, 1136)
[M::mem_pestat] analyzing insert size distribution for orientation RF...
[M::mem_pestat] (25, 50, 75) percentile: (364, 2677, 4344)
[M::mem_pestat] low and high boundaries for computing mean and std.dev: (1, 12304)
[M::mem_pestat] mean and std.dev: (2765.13, 2561.49)
[M::mem_pestat] low and high boundaries for proper pairs: (1, 16284)
[M::mem_pestat] analyzing insert size distribution for orientation RR...
[M::mem_pestat] (25, 50, 75) percentile: (367, 474, 1887)
[M::mem_pestat] low and high boundaries for computing mean and std.dev: (1, 4927)
[M::mem_pestat] mean and std.dev: (919.62, 969.28)
[M::mem_pestat] low and high boundaries for proper pairs: (1, 6447)
[M::mem_pestat] skip orientation FF
[M::mem_pestat] skip orientation RF
[M::mem_pestat] skip orientation RR
[M::process] read 1066668 sequences (160000200 bp)...
[M::mem_process_seqs] Processed 1066668 reads in 844.556 CPU sec, 54.839 real sec
[M::mem_pestat] # candidate unique pairs for (FF, FR, RF, RR): (35, 223315, 87, 34)
[M::mem_pestat] analyzing insert size distribution for orientation FF...
[M::mem_pestat] (25, 50, 75) percentile: (357, 436, 1526)
[M::mem_pestat] low and high boundaries for computing mean and std.dev: (1, 3864)
[M::mem_pestat] mean and std.dev: (704.79, 649.02)
[M::mem_pestat] low and high boundaries for proper pairs: (1, 5033)
[M::mem_pestat] analyzing insert size distribution for orientation FR...
[M::mem_pestat] (25, 50, 75) percentile: (281, 376, 493)
[M::mem_pestat] low and high boundaries for computing mean and std.dev: (1, 917)
[M::mem_pestat] mean and std.dev: (387.97, 156.20)
[M::mem_pestat] low and high boundaries for proper pairs: (1, 1129)
[M::mem_pestat] analyzing insert size distribution for orientation RF...
[M::mem_pestat] (25, 50, 75) percentile: (278, 1108, 3942)
[M::mem_pestat] low and high boundaries for computing mean and std.dev: (1, 11270)
[M::mem_pestat] mean and std.dev: (2472.97, 2954.27)
[M::mem_pestat] low and high boundaries for proper pairs: (1, 14934)
[M::mem_pestat] analyzing insert size distribution for orientation RR...
[M::mem_pestat] (25, 50, 75) percentile: (177, 522, 1212)
[M::mem_pestat] low and high boundaries for computing mean and std.dev: (1, 3282)
[M::mem_pestat] mean and std.dev: (674.74, 656.23)
[M::mem_pestat] low and high boundaries for proper pairs: (1, 4317)
[M::mem_pestat] skip orientation FF
[M::mem_pestat] skip orientation RF
[M::mem_pestat] skip orientation RR
[M::mem_process_seqs] Processed 1066668 reads in 841.391 CPU sec, 56.745 real sec
[M::process] read 1066668 sequences (160000200 bp)...
[M::mem_pestat] # candidate unique pairs for (FF, FR, RF, RR): (30, 222604, 93, 38)
[M::mem_pestat] analyzing insert size distribution for orientation FF...
[M::mem_pestat] (25, 50, 75) percentile: (404, 1139, 2597)
[M::mem_pestat] low and high boundaries for computing mean and std.dev: (1, 6983)
[M::mem_pestat] mean and std.dev: (1215.00, 1286.92)
[M::mem_pestat] low and high boundaries for proper pairs: (1, 9176)
[M::mem_pestat] analyzing insert size distribution for orientation FR...
[M::mem_pestat] (25, 50, 75) percentile: (277, 370, 486)
[M::mem_pestat] low and high boundaries for computing mean and std.dev: (1, 904)
[M::mem_pestat] mean and std.dev: (383.25, 154.22)
[M::mem_pestat] low and high boundaries for proper pairs: (1, 1113)
[M::mem_pestat] analyzing insert size distribution for orientation RF...
[M::mem_pestat] (25, 50, 75) percentile: (267, 971, 4579)
[M::mem_pestat] low and high boundaries for computing mean and std.dev: (1, 13203)
[M::mem_pestat] mean and std.dev: (2763.10, 3246.37)
[M::mem_pestat] low and high boundaries for proper pairs: (1, 17515)
[M::mem_pestat] analyzing insert size distribution for orientation RR...
[M::mem_pestat] (25, 50, 75) percentile: (337, 606, 1278)
[M::mem_pestat] low and high boundaries for computing mean and std.dev: (1, 3160)
[M::mem_pestat] mean and std.dev: (723.50, 575.62)
[M::mem_pestat] low and high boundaries for proper pairs: (1, 4101)
[M::mem_pestat] skip orientation FF
[M::mem_pestat] skip orientation RF
[M::mem_pestat] skip orientation RR
[M::process] read 1066668 sequences (160000200 bp)...
[M::mem_process_seqs] Processed 1066668 reads in 839.177 CPU sec, 53.950 real sec
[M::mem_pestat] # candidate unique pairs for (FF, FR, RF, RR): (59, 222597, 76, 30)
[M::mem_pestat] analyzing insert size distribution for orientation FF...
[M::mem_pestat] (25, 50, 75) percentile: (226, 569, 1349)
[M::mem_pestat] low and high boundaries for computing mean and std.dev: (1, 3595)
[M::mem_pestat] mean and std.dev: (631.34, 585.02)
[M::mem_pestat] low and high boundaries for proper pairs: (1, 4718)
[M::mem_pestat] analyzing insert size distribution for orientation FR...
[M::mem_pestat] (25, 50, 75) percentile: (278, 370, 488)
[M::mem_pestat] low and high boundaries for computing mean and std.dev: (1, 908)
[M::mem_pestat] mean and std.dev: (383.98, 154.67)
[M::mem_pestat] low and high boundaries for proper pairs: (1, 1118)
[M::mem_pestat] analyzing insert size distribution for orientation RF...
[M::mem_pestat] (25, 50, 75) percentile: (401, 1967, 4811)
[M::mem_pestat] low and high boundaries for computing mean and std.dev: (1, 13631)
[M::mem_pestat] mean and std.dev: (2998.55, 2939.82)
[M::mem_pestat] low and high boundaries for proper pairs: (1, 18041)
[M::mem_pestat] analyzing insert size distribution for orientation RR...
[M::mem_pestat] (25, 50, 75) percentile: (306, 503, 1368)
[M::mem_pestat] low and high boundaries for computing mean and std.dev: (1, 3492)
[M::mem_pestat] mean and std.dev: (749.04, 629.65)
[M::mem_pestat] low and high boundaries for proper pairs: (1, 4554)
[M::mem_pestat] skip orientation FF
[M::mem_pestat] skip orientation RF
[M::mem_pestat] skip orientation RR
[M::process] read 1066668 sequences (160000200 bp)...
[M::mem_process_seqs] Processed 1066668 reads in 849.673 CPU sec, 55.243 real sec
[M::mem_pestat] # candidate unique pairs for (FF, FR, RF, RR): (41, 220411, 63, 44)
[M::mem_pestat] analyzing insert size distribution for orientation FF...
[M::mem_pestat] (25, 50, 75) percentile: (196, 334, 2040)
[M::mem_pestat] low and high boundaries for computing mean and std.dev: (1, 5728)
[M::mem_pestat] mean and std.dev: (1083.21, 1549.71)
[M::mem_pestat] low and high boundaries for proper pairs: (1, 7572)
[M::mem_pestat] analyzing insert size distribution for orientation FR...
[M::mem_pestat] (25, 50, 75) percentile: (266, 359, 478)
[M::mem_pestat] low and high boundaries for computing mean and std.dev: (1, 902)
[M::mem_pestat] mean and std.dev: (373.72, 156.03)
[M::mem_pestat] low and high boundaries for proper pairs: (1, 1114)
[M::mem_pestat] analyzing insert size distribution for orientation RF...
[M::mem_pestat] (25, 50, 75) percentile: (103, 276, 3001)
[M::mem_pestat] low and high boundaries for computing mean and std.dev: (1, 8797)
[M::mem_pestat] mean and std.dev: (1522.51, 2271.90)
[M::mem_pestat] low and high boundaries for proper pairs: (1, 11695)
[M::mem_pestat] analyzing insert size distribution for orientation RR...
[M::mem_pestat] (25, 50, 75) percentile: (316, 418, 1655)
[M::mem_pestat] low and high boundaries for computing mean and std.dev: (1, 4333)
[M::mem_pestat] mean and std.dev: (819.17, 739.19)
[M::mem_pestat] low and high boundaries for proper pairs: (1, 5672)
[M::mem_pestat] skip orientation FF
[M::mem_pestat] skip orientation RF
[M::mem_pestat] skip orientation RR
[M::process] read 1066668 sequences (160000200 bp)...
[M::mem_process_seqs] Processed 1066668 reads in 846.277 CPU sec, 55.157 real sec
[M::mem_pestat] # candidate unique pairs for (FF, FR, RF, RR): (48, 220587, 70, 41)
[M::mem_pestat] analyzing insert size distribution for orientation FF...
[M::mem_pestat] (25, 50, 75) percentile: (459, 497, 1466)
[M::mem_pestat] low and high boundaries for computing mean and std.dev: (1, 3480)
[M::mem_pestat] mean and std.dev: (817.02, 719.83)
[M::mem_pestat] low and high boundaries for proper pairs: (1, 4487)
[M::mem_pestat] analyzing insert size distribution for orientation FR...
[M::mem_pestat] (25, 50, 75) percentile: (272, 370, 490)
[M::mem_pestat] low and high boundaries for computing mean and std.dev: (1, 926)
[M::mem_pestat] mean and std.dev: (382.72, 158.74)
[M::mem_pestat] low and high boundaries for proper pairs: (1, 1144)
[M::mem_pestat] analyzing insert size distribution for orientation RF...
[M::mem_pestat] (25, 50, 75) percentile: (151, 2052, 5433)
[M::mem_pestat] low and high boundaries for computing mean and std.dev: (1, 15997)
[M::mem_pestat] mean and std.dev: (2883.84, 3022.19)
[M::mem_pestat] low and high boundaries for proper pairs: (1, 21279)
[M::mem_pestat] analyzing insert size distribution for orientation RR...
[M::mem_pestat] (25, 50, 75) percentile: (620, 1248, 4808)
[M::mem_pestat] low and high boundaries for computing mean and std.dev: (1, 13184)
[M::mem_pestat] mean and std.dev: (2905.80, 3443.04)
[M::mem_pestat] low and high boundaries for proper pairs: (1, 17372)
[M::mem_pestat] skip orientation FF
[M::mem_pestat] skip orientation RF
[M::mem_pestat] skip orientation RR
[M::process] read 1066668 sequences (160000200 bp)...
[M::mem_process_seqs] Processed 1066668 reads in 849.544 CPU sec, 55.258 real sec
[M::mem_pestat] # candidate unique pairs for (FF, FR, RF, RR): (34, 220847, 98, 51)
[M::mem_pestat] analyzing insert size distribution for orientation FF...
[M::mem_pestat] (25, 50, 75) percentile: (354, 994, 1774)
[M::mem_pestat] low and high boundaries for computing mean and std.dev: (1, 4614)
[M::mem_pestat] mean and std.dev: (1055.42, 761.37)
[M::mem_pestat] low and high boundaries for proper pairs: (1, 6034)
[M::mem_pestat] analyzing insert size distribution for orientation FR...
[M::mem_pestat] (25, 50, 75) percentile: (269, 364, 481)
[M::mem_pestat] low and high boundaries for computing mean and std.dev: (1, 905)
[M::mem_pestat] mean and std.dev: (376.73, 155.35)
[M::mem_pestat] low and high boundaries for proper pairs: (1, 1117)
[M::mem_pestat] analyzing insert size distribution for orientation RF...
[M::mem_pestat] (25, 50, 75) percentile: (652, 2441, 4171)
[M::mem_pestat] low and high boundaries for computing mean and std.dev: (1, 11209)
[M::mem_pestat] mean and std.dev: (2848.84, 2653.02)
[M::mem_pestat] low and high boundaries for proper pairs: (1, 14728)
[M::mem_pestat] analyzing insert size distribution for orientation RR...
[M::mem_pestat] (25, 50, 75) percentile: (273, 673, 961)
[M::mem_pestat] low and high boundaries for computing mean and std.dev: (1, 2337)
[M::mem_pestat] mean and std.dev: (687.36, 520.35)
[M::mem_pestat] low and high boundaries for proper pairs: (1, 3025)
[M::mem_pestat] skip orientation FF
[M::mem_pestat] skip orientation RF
[M::mem_pestat] skip orientation RR
[M::process] read 1066668 sequences (160000200 bp)...
[M::mem_process_seqs] Processed 1066668 reads in 846.884 CPU sec, 55.003 real sec
[M::mem_pestat] # candidate unique pairs for (FF, FR, RF, RR): (37, 220512, 62, 32)
[M::mem_pestat] analyzing insert size distribution for orientation FF...
[M::mem_pestat] (25, 50, 75) percentile: (517, 1049, 3860)
[M::mem_pestat] low and high boundaries for computing mean and std.dev: (1, 10546)
[M::mem_pestat] mean and std.dev: (1893.24, 1686.65)
[M::mem_pestat] low and high boundaries for proper pairs: (1, 13889)
[M::mem_pestat] analyzing insert size distribution for orientation FR...
[M::mem_pestat] (25, 50, 75) percentile: (267, 361, 478)
[M::mem_pestat] low and high boundaries for computing mean and std.dev: (1, 900)
[M::mem_pestat] mean and std.dev: (373.95, 154.38)
[M::mem_pestat] low and high boundaries for proper pairs: (1, 1111)
[M::mem_pestat] analyzing insert size distribution for orientation RF...
[M::mem_pestat] (25, 50, 75) percentile: (249, 1511, 3402)
[M::mem_pestat] low and high boundaries for computing mean and std.dev: (1, 9708)
[M::mem_pestat] mean and std.dev: (2055.59, 2276.23)
[M::mem_pestat] low and high boundaries for proper pairs: (1, 12861)
[M::mem_pestat] analyzing insert size distribution for orientation RR...
[M::mem_pestat] (25, 50, 75) percentile: (282, 471, 901)
[M::mem_pestat] low and high boundaries for computing mean and std.dev: (1, 2139)
[M::mem_pestat] mean and std.dev: (471.15, 373.95)
[M::mem_pestat] low and high boundaries for proper pairs: (1, 2758)
[M::mem_pestat] skip orientation FF
[M::mem_pestat] skip orientation RF
[M::mem_pestat] skip orientation RR
[M::process] read 1066668 sequences (160000200 bp)...
[M::mem_process_seqs] Processed 1066668 reads in 849.525 CPU sec, 55.237 real sec
[M::mem_pestat] # candidate unique pairs for (FF, FR, RF, RR): (46, 222160, 83, 25)
[M::mem_pestat] analyzing insert size distribution for orientation FF...
[M::mem_pestat] (25, 50, 75) percentile: (268, 720, 1576)
[M::mem_pestat] low and high boundaries for computing mean and std.dev: (1, 4192)
[M::mem_pestat] mean and std.dev: (824.02, 663.41)
[M::mem_pestat] low and high boundaries for proper pairs: (1, 5500)
[M::mem_pestat] analyzing insert size distribution for orientation FR...
[M::mem_pestat] (25, 50, 75) percentile: (274, 369, 487)
[M::mem_pestat] low and high boundaries for computing mean and std.dev: (1, 913)
[M::mem_pestat] mean and std.dev: (381.63, 156.56)
[M::mem_pestat] low and high boundaries for proper pairs: (1, 1126)
[M::mem_pestat] analyzing insert size distribution for orientation RF...
[M::mem_pestat] (25, 50, 75) percentile: (304, 2024, 5874)
[M::mem_pestat] low and high boundaries for computing mean and std.dev: (1, 17014)
[M::mem_pestat] mean and std.dev: (3039.84, 2988.94)
[M::mem_pestat] low and high boundaries for proper pairs: (1, 22584)
[M::mem_pestat] analyzing insert size distribution for orientation RR...
[M::mem_pestat] (25, 50, 75) percentile: (291, 361, 508)
[M::mem_pestat] low and high boundaries for computing mean and std.dev: (1, 942)
[M::mem_pestat] mean and std.dev: (361.68, 158.88)
[M::mem_pestat] low and high boundaries for proper pairs: (1, 1159)
[M::mem_pestat] skip orientation FF
[M::mem_pestat] skip orientation RF
[M::mem_pestat] skip orientation RR
[M::process] read 1066668 sequences (160000200 bp)...
[M::mem_process_seqs] Processed 1066668 reads in 848.990 CPU sec, 55.154 real sec
[M::mem_pestat] # candidate unique pairs for (FF, FR, RF, RR): (33, 221962, 100, 24)
[M::mem_pestat] analyzing insert size distribution for orientation FF...
[M::mem_pestat] (25, 50, 75) percentile: (458, 1083, 2509)
[M::mem_pestat] low and high boundaries for computing mean and std.dev: (1, 6611)
[M::mem_pestat] mean and std.dev: (1455.87, 1579.84)
[M::mem_pestat] low and high boundaries for proper pairs: (1, 8662)
[M::mem_pestat] analyzing insert size distribution for orientation FR...
[M::mem_pestat] (25, 50, 75) percentile: (280, 376, 496)
[M::mem_pestat] low and high boundaries for computing mean and std.dev: (1, 928)
[M::mem_pestat] mean and std.dev: (389.38, 158.56)
[M::mem_pestat] low and high boundaries for proper pairs: (1, 1144)
[M::mem_pestat] analyzing insert size distribution for orientation RF...
[M::mem_pestat] (25, 50, 75) percentile: (305, 871, 4120)
[M::mem_pestat] low and high boundaries for computing mean and std.dev: (1, 11750)
[M::mem_pestat] mean and std.dev: (2355.17, 2816.18)
[M::mem_pestat] low and high boundaries for proper pairs: (1, 15565)
[M::mem_pestat] analyzing insert size distribution for orientation RR...
[M::mem_pestat] (25, 50, 75) percentile: (320, 1396, 2329)
[M::mem_pestat] low and high boundaries for computing mean and std.dev: (1, 6347)
[M::mem_pestat] mean and std.dev: (1397.26, 1369.72)
[M::mem_pestat] low and high boundaries for proper pairs: (1, 8356)
[M::mem_pestat] skip orientation FF
[M::mem_pestat] skip orientation RF
[M::mem_pestat] skip orientation RR
[M::process] read 1066668 sequences (160000200 bp)...
[M::mem_process_seqs] Processed 1066668 reads in 846.214 CPU sec, 55.082 real sec
[M::mem_pestat] # candidate unique pairs for (FF, FR, RF, RR): (31, 222783, 86, 37)
[M::mem_pestat] analyzing insert size distribution for orientation FF...
[M::mem_pestat] (25, 50, 75) percentile: (210, 308, 896)
[M::mem_pestat] low and high boundaries for computing mean and std.dev: (1, 2268)
[M::mem_pestat] mean and std.dev: (487.24, 434.74)
[M::mem_pestat] low and high boundaries for proper pairs: (1, 2954)
[M::mem_pestat] analyzing insert size distribution for orientation FR...
[M::mem_pestat] (25, 50, 75) percentile: (279, 372, 489)
[M::mem_pestat] low and high boundaries for computing mean and std.dev: (1, 909)
[M::mem_pestat] mean and std.dev: (384.61, 155.07)
[M::mem_pestat] low and high boundaries for proper pairs: (1, 1119)
[M::mem_pestat] analyzing insert size distribution for orientation RF...
[M::mem_pestat] (25, 50, 75) percentile: (429, 1116, 4768)
[M::mem_pestat] low and high boundaries for computing mean and std.dev: (1, 13446)
[M::mem_pestat] mean and std.dev: (2761.87, 3035.03)
[M::mem_pestat] low and high boundaries for proper pairs: (1, 17785)
[M::mem_pestat] analyzing insert size distribution for orientation RR...
[M::mem_pestat] (25, 50, 75) percentile: (310, 666, 1448)
[M::mem_pestat] low and high boundaries for computing mean and std.dev: (1, 3724)
[M::mem_pestat] mean and std.dev: (912.24, 820.55)
[M::mem_pestat] low and high boundaries for proper pairs: (1, 4862)
[M::mem_pestat] skip orientation FF
[M::mem_pestat] skip orientation RF
[M::mem_pestat] skip orientation RR
[M::process] read 1066668 sequences (160000200 bp)...
[M::mem_process_seqs] Processed 1066668 reads in 849.626 CPU sec, 55.431 real sec
[M::mem_pestat] # candidate unique pairs for (FF, FR, RF, RR): (54, 222758, 69, 33)
[M::mem_pestat] analyzing insert size distribution for orientation FF...
[M::mem_pestat] (25, 50, 75) percentile: (356, 921, 3474)
[M::mem_pestat] low and high boundaries for computing mean and std.dev: (1, 9710)
[M::mem_pestat] mean and std.dev: (1987.41, 2289.47)
[M::mem_pestat] low and high boundaries for proper pairs: (1, 12828)
[M::mem_pestat] analyzing insert size distribution for orientation FR...
[M::mem_pestat] (25, 50, 75) percentile: (278, 371, 487)
[M::mem_pestat] low and high boundaries for computing mean and std.dev: (1, 905)
[M::mem_pestat] mean and std.dev: (383.63, 154.48)
[M::mem_pestat] low and high boundaries for proper pairs: (1, 1114)
[M::mem_pestat] analyzing insert size distribution for orientation RF...
[M::mem_pestat] (25, 50, 75) percentile: (361, 1625, 4115)
[M::mem_pestat] low and high boundaries for computing mean and std.dev: (1, 11623)
[M::mem_pestat] mean and std.dev: (2729.70, 3030.18)
[M::mem_pestat] low and high boundaries for proper pairs: (1, 15377)
[M::mem_pestat] analyzing insert size distribution for orientation RR...
[M::mem_pestat] (25, 50, 75) percentile: (241, 609, 989)
[M::mem_pestat] low and high boundaries for computing mean and std.dev: (1, 2485)
[M::mem_pestat] mean and std.dev: (598.21, 399.19)
[M::mem_pestat] low and high boundaries for proper pairs: (1, 3233)
[M::mem_pestat] skip orientation FF
[M::mem_pestat] skip orientation RF
[M::mem_pestat] skip orientation RR
[M::process] read 1066668 sequences (160000200 bp)...
[M::mem_process_seqs] Processed 1066668 reads in 850.340 CPU sec, 55.309 real sec
[M::mem_pestat] # candidate unique pairs for (FF, FR, RF, RR): (42, 221573, 80, 24)
[M::mem_pestat] analyzing insert size distribution for orientation FF...
[M::mem_pestat] (25, 50, 75) percentile: (234, 630, 1243)
[M::mem_pestat] low and high boundaries for computing mean and std.dev: (1, 3261)
[M::mem_pestat] mean and std.dev: (743.50, 736.37)
[M::mem_pestat] low and high boundaries for proper pairs: (1, 4270)
[M::mem_pestat] analyzing insert size distribution for orientation FR...
[M::mem_pestat] (25, 50, 75) percentile: (272, 365, 482)
[M::mem_pestat] low and high boundaries for computing mean and std.dev: (1, 902)
[M::mem_pestat] mean and std.dev: (377.80, 154.41)
[M::mem_pestat] low and high boundaries for proper pairs: (1, 1112)
[M::mem_pestat] analyzing insert size distribution for orientation RF...
[M::mem_pestat] (25, 50, 75) percentile: (124, 1432, 5138)
[M::mem_pestat] low and high boundaries for computing mean and std.dev: (1, 15166)
[M::mem_pestat] mean and std.dev: (2654.79, 2968.97)
[M::mem_pestat] low and high boundaries for proper pairs: (1, 20180)
[M::mem_pestat] analyzing insert size distribution for orientation RR...
[M::mem_pestat] (25, 50, 75) percentile: (405, 567, 1898)
[M::mem_pestat] low and high boundaries for computing mean and std.dev: (1, 4884)
[M::mem_pestat] mean and std.dev: (1024.64, 1066.81)
[M::mem_pestat] low and high boundaries for proper pairs: (1, 6377)
[M::mem_pestat] skip orientation FF
[M::mem_pestat] skip orientation RF
[M::mem_pestat] skip orientation RR
[M::process] read 1066668 sequences (160000200 bp)...
[M::mem_process_seqs] Processed 1066668 reads in 876.258 CPU sec, 57.212 real sec
[M::mem_pestat] # candidate unique pairs for (FF, FR, RF, RR): (38, 220835, 91, 28)
[M::mem_pestat] analyzing insert size distribution for orientation FF...
[M::mem_pestat] (25, 50, 75) percentile: (478, 840, 1882)
[M::mem_pestat] low and high boundaries for computing mean and std.dev: (1, 4690)
[M::mem_pestat] mean and std.dev: (1041.62, 752.51)
[M::mem_pestat] low and high boundaries for proper pairs: (1, 6094)
[M::mem_pestat] analyzing insert size distribution for orientation FR...
[M::mem_pestat] (25, 50, 75) percentile: (274, 371, 491)
[M::mem_pestat] low and high boundaries for computing mean and std.dev: (1, 925)
[M::mem_pestat] mean and std.dev: (383.27, 157.80)
[M::mem_pestat] low and high boundaries for proper pairs: (1, 1142)
[M::mem_pestat] analyzing insert size distribution for orientation RF...
[M::mem_pestat] (25, 50, 75) percentile: (379, 3313, 6803)
[M::mem_pestat] low and high boundaries for computing mean and std.dev: (1, 19651)
[M::mem_pestat] mean and std.dev: (3612.02, 3169.27)
[M::mem_pestat] low and high boundaries for proper pairs: (1, 26075)
[M::mem_pestat] analyzing insert size distribution for orientation RR...
[M::mem_pestat] (25, 50, 75) percentile: (229, 929, 1621)
[M::mem_pestat] low and high boundaries for computing mean and std.dev: (1, 4405)
[M::mem_pestat] mean and std.dev: (901.35, 809.25)
[M::mem_pestat] low and high boundaries for proper pairs: (1, 5797)
[M::mem_pestat] skip orientation FF
[M::mem_pestat] skip orientation RF
[M::mem_pestat] skip orientation RR
[M::process] read 1066668 sequences (160000200 bp)...
[M::mem_process_seqs] Processed 1066668 reads in 847.747 CPU sec, 55.360 real sec
[M::mem_pestat] # candidate unique pairs for (FF, FR, RF, RR): (29, 220459, 68, 40)
[M::mem_pestat] analyzing insert size distribution for orientation FF...
[M::mem_pestat] (25, 50, 75) percentile: (147, 561, 1311)
[M::mem_pestat] low and high boundaries for computing mean and std.dev: (1, 3639)
[M::mem_pestat] mean and std.dev: (646.82, 592.35)
[M::mem_pestat] low and high boundaries for proper pairs: (1, 4803)
[M::mem_pestat] analyzing insert size distribution for orientation FR...
[M::mem_pestat] (25, 50, 75) percentile: (274, 371, 488)
[M::mem_pestat] low and high boundaries for computing mean and std.dev: (1, 916)
[M::mem_pestat] mean and std.dev: (381.72, 156.33)
[M::mem_pestat] low and high boundaries for proper pairs: (1, 1130)
[M::mem_pestat] analyzing insert size distribution for orientation RF...
[M::mem_pestat] (25, 50, 75) percentile: (305, 1787, 6807)
[M::mem_pestat] low and high boundaries for computing mean and std.dev: (1, 19811)
[M::mem_pestat] mean and std.dev: (3424.69, 3303.13)
[M::mem_pestat] low and high boundaries for proper pairs: (1, 26313)
[M::mem_pestat] analyzing insert size distribution for orientation RR...
[M::mem_pestat] (25, 50, 75) percentile: (534, 623, 1252)
[M::mem_pestat] low and high boundaries for computing mean and std.dev: (1, 2688)
[M::mem_pestat] mean and std.dev: (885.92, 698.72)
[M::mem_pestat] low and high boundaries for proper pairs: (1, 3681)
[M::mem_pestat] skip orientation FF
[M::mem_pestat] skip orientation RF
[M::mem_pestat] skip orientation RR
[M::process] read 1066668 sequences (160000200 bp)...
[M::mem_process_seqs] Processed 1066668 reads in 846.636 CPU sec, 55.055 real sec
[M::mem_pestat] # candidate unique pairs for (FF, FR, RF, RR): (51, 220109, 72, 34)
[M::mem_pestat] analyzing insert size distribution for orientation FF...
[M::mem_pestat] (25, 50, 75) percentile: (301, 464, 2427)
[M::mem_pestat] low and high boundaries for computing mean and std.dev: (1, 6679)
[M::mem_pestat] mean and std.dev: (996.13, 1096.57)
[M::mem_pestat] low and high boundaries for proper pairs: (1, 8805)
[M::mem_pestat] analyzing insert size distribution for orientation FR...
[M::mem_pestat] (25, 50, 75) percentile: (272, 367, 484)
[M::mem_pestat] low and high boundaries for computing mean and std.dev: (1, 908)
[M::mem_pestat] mean and std.dev: (378.82, 155.17)
[M::mem_pestat] low and high boundaries for proper pairs: (1, 1120)
[M::mem_pestat] analyzing insert size distribution for orientation RF...
[M::mem_pestat] (25, 50, 75) percentile: (359, 1827, 3869)
[M::mem_pestat] low and high boundaries for computing mean and std.dev: (1, 10889)
[M::mem_pestat] mean and std.dev: (2516.17, 2313.24)
[M::mem_pestat] low and high boundaries for proper pairs: (1, 14399)
[M::mem_pestat] analyzing insert size distribution for orientation RR...
[M::mem_pestat] (25, 50, 75) percentile: (232, 433, 1388)
[M::mem_pestat] low and high boundaries for computing mean and std.dev: (1, 3700)
[M::mem_pestat] mean and std.dev: (709.67, 746.80)
[M::mem_pestat] low and high boundaries for proper pairs: (1, 4856)
[M::mem_pestat] skip orientation FF
[M::mem_pestat] skip orientation RF
[M::mem_pestat] skip orientation RR
[M::process] read 1066668 sequences (160000200 bp)...
[M::mem_process_seqs] Processed 1066668 reads in 845.799 CPU sec, 55.075 real sec
[M::mem_pestat] # candidate unique pairs for (FF, FR, RF, RR): (44, 220569, 68, 52)
[M::mem_pestat] analyzing insert size distribution for orientation FF...
[M::mem_pestat] (25, 50, 75) percentile: (269, 540, 2198)
[M::mem_pestat] low and high boundaries for computing mean and std.dev: (1, 6056)
[M::mem_pestat] mean and std.dev: (847.62, 988.05)
[M::mem_pestat] low and high boundaries for proper pairs: (1, 7985)
[M::mem_pestat] analyzing insert size distribution for orientation FR...
[M::mem_pestat] (25, 50, 75) percentile: (273, 368, 485)
[M::mem_pestat] low and high boundaries for computing mean and std.dev: (1, 909)
[M::mem_pestat] mean and std.dev: (380.18, 154.88)
[M::mem_pestat] low and high boundaries for proper pairs: (1, 1121)
[M::mem_pestat] analyzing insert size distribution for orientation RF...
[M::mem_pestat] (25, 50, 75) percentile: (669, 2566, 6543)
[M::mem_pestat] low and high boundaries for computing mean and std.dev: (1, 18291)
[M::mem_pestat] mean and std.dev: (3154.38, 2844.89)
[M::mem_pestat] low and high boundaries for proper pairs: (1, 24165)
[M::mem_pestat] analyzing insert size distribution for orientation RR...
[M::mem_pestat] (25, 50, 75) percentile: (271, 839, 2825)
[M::mem_pestat] low and high boundaries for computing mean and std.dev: (1, 7933)
[M::mem_pestat] mean and std.dev: (1579.75, 1565.67)
[M::mem_pestat] low and high boundaries for proper pairs: (1, 10487)
[M::mem_pestat] skip orientation FF
[M::mem_pestat] skip orientation RF
[M::mem_pestat] skip orientation RR
[M::process] read 1066668 sequences (160000200 bp)...
[M::mem_process_seqs] Processed 1066668 reads in 852.065 CPU sec, 55.546 real sec
[M::mem_pestat] # candidate unique pairs for (FF, FR, RF, RR): (44, 221517, 91, 32)
[M::mem_pestat] analyzing insert size distribution for orientation FF...
[M::mem_pestat] (25, 50, 75) percentile: (222, 365, 941)
[M::mem_pestat] low and high boundaries for computing mean and std.dev: (1, 2379)
[M::mem_pestat] mean and std.dev: (404.49, 327.56)
[M::mem_pestat] low and high boundaries for proper pairs: (1, 3098)
[M::mem_pestat] analyzing insert size distribution for orientation FR...
[M::mem_pestat] (25, 50, 75) percentile: (274, 368, 486)
[M::mem_pestat] low and high boundaries for computing mean and std.dev: (1, 910)
[M::mem_pestat] mean and std.dev: (381.06, 155.10)
[M::mem_pestat] low and high boundaries for proper pairs: (1, 1122)
[M::mem_pestat] analyzing insert size distribution for orientation RF...
[M::mem_pestat] (25, 50, 75) percentile: (282, 2217, 5617)
[M::mem_pestat] low and high boundaries for computing mean and std.dev: (1, 16287)
[M::mem_pestat] mean and std.dev: (3058.78, 3040.91)
[M::mem_pestat] low and high boundaries for proper pairs: (1, 21622)
[M::mem_pestat] analyzing insert size distribution for orientation RR...
[M::mem_pestat] (25, 50, 75) percentile: (355, 786, 1309)
[M::mem_pestat] low and high boundaries for computing mean and std.dev: (1, 3217)
[M::mem_pestat] mean and std.dev: (866.68, 664.23)
[M::mem_pestat] low and high boundaries for proper pairs: (1, 4171)
[M::mem_pestat] skip orientation FF
[M::mem_pestat] skip orientation RF
[M::mem_pestat] skip orientation RR
[M::process] read 1066668 sequences (160000200 bp)...
[M::mem_process_seqs] Processed 1066668 reads in 848.424 CPU sec, 55.228 real sec
[M::mem_pestat] # candidate unique pairs for (FF, FR, RF, RR): (41, 221984, 70, 23)
[M::mem_pestat] analyzing insert size distribution for orientation FF...
[M::mem_pestat] (25, 50, 75) percentile: (338, 750, 1890)
[M::mem_pestat] low and high boundaries for computing mean and std.dev: (1, 4994)
[M::mem_pestat] mean and std.dev: (921.11, 893.84)
[M::mem_pestat] low and high boundaries for proper pairs: (1, 6546)
[M::mem_pestat] analyzing insert size distribution for orientation FR...
[M::mem_pestat] (25, 50, 75) percentile: (277, 369, 485)
[M::mem_pestat] low and high boundaries for computing mean and std.dev: (1, 901)
[M::mem_pestat] mean and std.dev: (382.07, 153.86)
[M::mem_pestat] low and high boundaries for proper pairs: (1, 1109)
[M::mem_pestat] analyzing insert size distribution for orientation RF...
[M::mem_pestat] (25, 50, 75) percentile: (348, 1287, 5774)
[M::mem_pestat] low and high boundaries for computing mean and std.dev: (1, 16626)
[M::mem_pestat] mean and std.dev: (3011.51, 3253.56)
[M::mem_pestat] low and high boundaries for proper pairs: (1, 22052)
[M::mem_pestat] analyzing insert size distribution for orientation RR...
[M::mem_pestat] (25, 50, 75) percentile: (149, 362, 1030)
[M::mem_pestat] low and high boundaries for computing mean and std.dev: (1, 2792)
[M::mem_pestat] mean and std.dev: (449.95, 467.63)
[M::mem_pestat] low and high boundaries for proper pairs: (1, 3673)
[M::mem_pestat] skip orientation FF
[M::mem_pestat] skip orientation RF
[M::mem_pestat] skip orientation RR
[M::process] read 1066668 sequences (160000200 bp)...
[M::mem_process_seqs] Processed 1066668 reads in 851.499 CPU sec, 55.245 real sec
[M::mem_pestat] # candidate unique pairs for (FF, FR, RF, RR): (40, 221900, 64, 34)
[M::mem_pestat] analyzing insert size distribution for orientation FF...
[M::mem_pestat] (25, 50, 75) percentile: (248, 562, 2347)
[M::mem_pestat] low and high boundaries for computing mean and std.dev: (1, 6545)
[M::mem_pestat] mean and std.dev: (1430.76, 1764.31)
[M::mem_pestat] low and high boundaries for proper pairs: (1, 8644)
[M::mem_pestat] analyzing insert size distribution for orientation FR...
[M::mem_pestat] (25, 50, 75) percentile: (275, 366, 481)
[M::mem_pestat] low and high boundaries for computing mean and std.dev: (1, 893)
[M::mem_pestat] mean and std.dev: (379.33, 152.88)
[M::mem_pestat] low and high boundaries for proper pairs: (1, 1099)
[M::mem_pestat] analyzing insert size distribution for orientation RF...
[M::mem_pestat] (25, 50, 75) percentile: (151, 606, 3829)
[M::mem_pestat] low and high boundaries for computing mean and std.dev: (1, 11185)
[M::mem_pestat] mean and std.dev: (2382.84, 3106.91)
[M::mem_pestat] low and high boundaries for proper pairs: (1, 14863)
[M::mem_pestat] analyzing insert size distribution for orientation RR...
[M::mem_pestat] (25, 50, 75) percentile: (252, 431, 988)
[M::mem_pestat] low and high boundaries for computing mean and std.dev: (1, 2460)
[M::mem_pestat] mean and std.dev: (499.79, 424.24)
[M::mem_pestat] low and high boundaries for proper pairs: (1, 3196)
[M::mem_pestat] skip orientation FF
[M::mem_pestat] skip orientation RF
[M::mem_pestat] skip orientation RR
[M::mem_process_seqs] Processed 1066668 reads in 849.597 CPU sec, 57.314 real sec
[M::process] read 1066668 sequences (160000200 bp)...
[M::mem_pestat] # candidate unique pairs for (FF, FR, RF, RR): (41, 222825, 106, 44)
[M::mem_pestat] analyzing insert size distribution for orientation FF...
[M::mem_pestat] (25, 50, 75) percentile: (263, 417, 1515)
[M::mem_pestat] low and high boundaries for computing mean and std.dev: (1, 4019)
[M::mem_pestat] mean and std.dev: (812.95, 894.55)
[M::mem_pestat] low and high boundaries for proper pairs: (1, 5271)
[M::mem_pestat] analyzing insert size distribution for orientation FR...
[M::mem_pestat] (25, 50, 75) percentile: (276, 366, 479)
[M::mem_pestat] low and high boundaries for computing mean and std.dev: (1, 885)
[M::mem_pestat] mean and std.dev: (379.18, 151.15)
[M::mem_pestat] low and high boundaries for proper pairs: (1, 1088)
[M::mem_pestat] analyzing insert size distribution for orientation RF...
[M::mem_pestat] (25, 50, 75) percentile: (221, 1466, 5618)
[M::mem_pestat] low and high boundaries for computing mean and std.dev: (1, 16412)
[M::mem_pestat] mean and std.dev: (2848.96, 2939.80)
[M::mem_pestat] low and high boundaries for proper pairs: (1, 21809)
[M::mem_pestat] analyzing insert size distribution for orientation RR...
[M::mem_pestat] (25, 50, 75) percentile: (302, 662, 1899)
[M::mem_pestat] low and high boundaries for computing mean and std.dev: (1, 5093)
[M::mem_pestat] mean and std.dev: (850.89, 786.76)
[M::mem_pestat] low and high boundaries for proper pairs: (1, 6690)
[M::mem_pestat] skip orientation FF
[M::mem_pestat] skip orientation RF
[M::mem_pestat] skip orientation RR
[M::process] read 563540 sequences (84531000 bp)...
[M::mem_process_seqs] Processed 1066668 reads in 845.058 CPU sec, 54.456 real sec
[M::mem_pestat] # candidate unique pairs for (FF, FR, RF, RR): (27, 117136, 42, 13)
[M::mem_pestat] analyzing insert size distribution for orientation FF...
[M::mem_pestat] (25, 50, 75) percentile: (251, 416, 784)
[M::mem_pestat] low and high boundaries for computing mean and std.dev: (1, 1850)
[M::mem_pestat] mean and std.dev: (462.42, 312.75)
[M::mem_pestat] low and high boundaries for proper pairs: (1, 2383)
[M::mem_pestat] analyzing insert size distribution for orientation FR...
[M::mem_pestat] (25, 50, 75) percentile: (280, 371, 484)
[M::mem_pestat] low and high boundaries for computing mean and std.dev: (1, 892)
[M::mem_pestat] mean and std.dev: (383.36, 151.58)
[M::mem_pestat] low and high boundaries for proper pairs: (1, 1096)
[M::mem_pestat] analyzing insert size distribution for orientation RF...
[M::mem_pestat] (25, 50, 75) percentile: (187, 953, 4623)
[M::mem_pestat] low and high boundaries for computing mean and std.dev: (1, 13495)
[M::mem_pestat] mean and std.dev: (2792.76, 3250.43)
[M::mem_pestat] low and high boundaries for proper pairs: (1, 17931)
[M::mem_pestat] analyzing insert size distribution for orientation RR...
[M::mem_pestat] (25, 50, 75) percentile: (208, 272, 1144)
[M::mem_pestat] low and high boundaries for computing mean and std.dev: (1, 3016)
[M::mem_pestat] mean and std.dev: (624.15, 733.59)
[M::mem_pestat] low and high boundaries for proper pairs: (1, 3952)
[M::mem_pestat] skip orientation FF
[M::mem_pestat] skip orientation RF
[M::mem_pestat] skip orientation RR
[M::mem_process_seqs] Processed 563540 reads in 454.709 CPU sec, 30.816 real sec
[main] Version: 0.7.19-r1273
[main] CMD: bwa mem -t 16 -R @RG\tID:Squaxin_Island_12a\tSM:Squaxin_Island_12a\tLB:Squaxin_Island_12a\tPL:ILLUMINA output/05_realign_xbOstLuri2/reference/GCA_061535525.1_xbOstLuri2_USDA-ARS_PSRF_primary_genomic.fna data/raw/Squaxin_Island_12a_S84_L004_R1_001.fastq.gz data/raw/Squaxin_Island_12a_S84_L004_R2_001.fastq.gz
[main] Real time: 4039.997 sec; CPU: 61423.032 sec
[bam_sort_core] merging from 4 files and 8 in-memory blocks...
end 2026-09-27T16:42:02Z sample=Squaxin_Island_12a
