/opt/ohpc/admin/lmod/lmod/init/bash: line 93: LD_LIBRARY_PATH: unbound variable
start 2026-09-27T13:47:50Z host n3434 sample=NS18_Disco_Wild_12 location=NS18_Disco_Wild
[M::bwa_idx_load_from_disk] read 0 ALT contigs
[M::process] read 1066668 sequences (160000200 bp)...
[M::process] read 1066668 sequences (160000200 bp)...
[M::mem_pestat] # candidate unique pairs for (FF, FR, RF, RR): (30, 226354, 65, 31)
[M::mem_pestat] analyzing insert size distribution for orientation FF...
[M::mem_pestat] (25, 50, 75) percentile: (114, 327, 864)
[M::mem_pestat] low and high boundaries for computing mean and std.dev: (1, 2364)
[M::mem_pestat] mean and std.dev: (502.38, 589.66)
[M::mem_pestat] low and high boundaries for proper pairs: (1, 3114)
[M::mem_pestat] analyzing insert size distribution for orientation FR...
[M::mem_pestat] (25, 50, 75) percentile: (251, 328, 413)
[M::mem_pestat] low and high boundaries for computing mean and std.dev: (1, 737)
[M::mem_pestat] mean and std.dev: (332.02, 122.10)
[M::mem_pestat] low and high boundaries for proper pairs: (1, 899)
[M::mem_pestat] analyzing insert size distribution for orientation RF...
[M::mem_pestat] (25, 50, 75) percentile: (264, 581, 2088)
[M::mem_pestat] low and high boundaries for computing mean and std.dev: (1, 5736)
[M::mem_pestat] mean and std.dev: (1031.80, 1301.34)
[M::mem_pestat] low and high boundaries for proper pairs: (1, 7560)
[M::mem_pestat] analyzing insert size distribution for orientation RR...
[M::mem_pestat] (25, 50, 75) percentile: (403, 950, 2814)
[M::mem_pestat] low and high boundaries for computing mean and std.dev: (1, 7636)
[M::mem_pestat] mean and std.dev: (1048.08, 1105.52)
[M::mem_pestat] low and high boundaries for proper pairs: (1, 10047)
[M::mem_pestat] skip orientation FF
[M::mem_pestat] skip orientation RF
[M::mem_pestat] skip orientation RR
[M::mem_process_seqs] Processed 1066668 reads in 777.744 CPU sec, 51.986 real sec
[M::mem_pestat] # candidate unique pairs for (FF, FR, RF, RR): (22, 227936, 94, 37)
[M::mem_pestat] analyzing insert size distribution for orientation FF...
[M::mem_pestat] (25, 50, 75) percentile: (192, 281, 806)
[M::mem_pestat] low and high boundaries for computing mean and std.dev: (1, 2034)
[M::mem_pestat] mean and std.dev: (484.15, 494.18)
[M::mem_pestat] low and high boundaries for proper pairs: (1, 2648)
[M::mem_pestat] analyzing insert size distribution for orientation FR...
[M::mem_pestat] (25, 50, 75) percentile: (256, 334, 420)
[M::mem_pestat] low and high boundaries for computing mean and std.dev: (1, 748)
[M::mem_pestat] mean and std.dev: (338.23, 123.21)
[M::mem_pestat] low and high boundaries for proper pairs: (1, 912)
[M::mem_pestat] analyzing insert size distribution for orientation RF...
[M::mem_pestat] (25, 50, 75) percentile: (196, 978, 4387)
[M::mem_pestat] low and high boundaries for computing mean and std.dev: (1, 12769)
[M::mem_pestat] mean and std.dev: (2445.80, 3095.99)
[M::mem_pestat] low and high boundaries for proper pairs: (1, 16960)
[M::mem_pestat] analyzing insert size distribution for orientation RR...
[M::mem_pestat] (25, 50, 75) percentile: (312, 503, 1860)
[M::mem_pestat] low and high boundaries for computing mean and std.dev: (1, 4956)
[M::mem_pestat] mean and std.dev: (773.64, 837.62)
[M::mem_pestat] low and high boundaries for proper pairs: (1, 6504)
[M::mem_pestat] skip orientation FF
[M::mem_pestat] skip orientation RF
[M::mem_pestat] skip orientation RR
[M::process] read 1066668 sequences (160000200 bp)...
[M::mem_process_seqs] Processed 1066668 reads in 786.128 CPU sec, 50.995 real sec
[M::mem_pestat] # candidate unique pairs for (FF, FR, RF, RR): (29, 227909, 80, 42)
[M::mem_pestat] analyzing insert size distribution for orientation FF...
[M::mem_pestat] (25, 50, 75) percentile: (278, 1352, 2211)
[M::mem_pestat] low and high boundaries for computing mean and std.dev: (1, 6077)
[M::mem_pestat] mean and std.dev: (1452.69, 1207.90)
[M::mem_pestat] low and high boundaries for proper pairs: (1, 8010)
[M::mem_pestat] analyzing insert size distribution for orientation FR...
[M::mem_pestat] (25, 50, 75) percentile: (253, 330, 418)
[M::mem_pestat] low and high boundaries for computing mean and std.dev: (1, 748)
[M::mem_pestat] mean and std.dev: (336.10, 123.72)
[M::mem_pestat] low and high boundaries for proper pairs: (1, 913)
[M::mem_pestat] analyzing insert size distribution for orientation RF...
[M::mem_pestat] (25, 50, 75) percentile: (364, 2658, 5489)
[M::mem_pestat] low and high boundaries for computing mean and std.dev: (1, 15739)
[M::mem_pestat] mean and std.dev: (3190.95, 2860.43)
[M::mem_pestat] low and high boundaries for proper pairs: (1, 20864)
[M::mem_pestat] analyzing insert size distribution for orientation RR...
[M::mem_pestat] (25, 50, 75) percentile: (213, 362, 2065)
[M::mem_pestat] low and high boundaries for computing mean and std.dev: (1, 5769)
[M::mem_pestat] mean and std.dev: (781.39, 1081.74)
[M::mem_pestat] low and high boundaries for proper pairs: (1, 7621)
[M::mem_pestat] skip orientation FF
[M::mem_pestat] skip orientation RF
[M::mem_pestat] skip orientation RR
[M::process] read 1066668 sequences (160000200 bp)...
[M::mem_process_seqs] Processed 1066668 reads in 791.424 CPU sec, 51.308 real sec
[M::mem_pestat] # candidate unique pairs for (FF, FR, RF, RR): (27, 228342, 56, 32)
[M::mem_pestat] analyzing insert size distribution for orientation FF...
[M::mem_pestat] (25, 50, 75) percentile: (296, 349, 856)
[M::mem_pestat] low and high boundaries for computing mean and std.dev: (1, 1976)
[M::mem_pestat] mean and std.dev: (417.88, 276.12)
[M::mem_pestat] low and high boundaries for proper pairs: (1, 2536)
[M::mem_pestat] analyzing insert size distribution for orientation FR...
[M::mem_pestat] (25, 50, 75) percentile: (253, 331, 419)
[M::mem_pestat] low and high boundaries for computing mean and std.dev: (1, 751)
[M::mem_pestat] mean and std.dev: (336.62, 124.57)
[M::mem_pestat] low and high boundaries for proper pairs: (1, 917)
[M::mem_pestat] analyzing insert size distribution for orientation RF...
[M::mem_pestat] (25, 50, 75) percentile: (253, 1439, 2633)
[M::mem_pestat] low and high boundaries for computing mean and std.dev: (1, 7393)
[M::mem_pestat] mean and std.dev: (1330.80, 1221.54)
[M::mem_pestat] low and high boundaries for proper pairs: (1, 9773)
[M::mem_pestat] analyzing insert size distribution for orientation RR...
[M::mem_pestat] (25, 50, 75) percentile: (231, 604, 2173)
[M::mem_pestat] low and high boundaries for computing mean and std.dev: (1, 6057)
[M::mem_pestat] mean and std.dev: (711.48, 882.66)
[M::mem_pestat] low and high boundaries for proper pairs: (1, 7999)
[M::mem_pestat] skip orientation FF
[M::mem_pestat] skip orientation RF
[M::mem_pestat] skip orientation RR
[M::process] read 1066668 sequences (160000200 bp)...
[M::mem_process_seqs] Processed 1066668 reads in 796.068 CPU sec, 51.459 real sec
[M::mem_pestat] # candidate unique pairs for (FF, FR, RF, RR): (24, 227094, 72, 22)
[M::mem_pestat] analyzing insert size distribution for orientation FF...
[M::mem_pestat] (25, 50, 75) percentile: (160, 526, 1448)
[M::mem_pestat] low and high boundaries for computing mean and std.dev: (1, 4024)
[M::mem_pestat] mean and std.dev: (659.43, 820.86)
[M::mem_pestat] low and high boundaries for proper pairs: (1, 5312)
[M::mem_pestat] analyzing insert size distribution for orientation FR...
[M::mem_pestat] (25, 50, 75) percentile: (251, 328, 417)
[M::mem_pestat] low and high boundaries for computing mean and std.dev: (1, 749)
[M::mem_pestat] mean and std.dev: (334.72, 124.09)
[M::mem_pestat] low and high boundaries for proper pairs: (1, 915)
[M::mem_pestat] analyzing insert size distribution for orientation RF...
[M::mem_pestat] (25, 50, 75) percentile: (234, 940, 4613)
[M::mem_pestat] low and high boundaries for computing mean and std.dev: (1, 13371)
[M::mem_pestat] mean and std.dev: (2459.11, 2864.78)
[M::mem_pestat] low and high boundaries for proper pairs: (1, 17750)
[M::mem_pestat] analyzing insert size distribution for orientation RR...
[M::mem_pestat] (25, 50, 75) percentile: (253, 497, 2159)
[M::mem_pestat] low and high boundaries for computing mean and std.dev: (1, 5971)
[M::mem_pestat] mean and std.dev: (1105.76, 1144.79)
[M::mem_pestat] low and high boundaries for proper pairs: (1, 7877)
[M::mem_pestat] skip orientation FF
[M::mem_pestat] skip orientation RF
[M::mem_pestat] skip orientation RR
[M::process] read 1066668 sequences (160000200 bp)...
[M::mem_process_seqs] Processed 1066668 reads in 796.472 CPU sec, 51.587 real sec
[M::mem_pestat] # candidate unique pairs for (FF, FR, RF, RR): (30, 228492, 86, 24)
[M::mem_pestat] analyzing insert size distribution for orientation FF...
[M::mem_pestat] (25, 50, 75) percentile: (211, 374, 503)
[M::mem_pestat] low and high boundaries for computing mean and std.dev: (1, 1087)
[M::mem_pestat] mean and std.dev: (321.54, 129.11)
[M::mem_pestat] low and high boundaries for proper pairs: (1, 1379)
[M::mem_pestat] analyzing insert size distribution for orientation FR...
[M::mem_pestat] (25, 50, 75) percentile: (252, 329, 417)
[M::mem_pestat] low and high boundaries for computing mean and std.dev: (1, 747)
[M::mem_pestat] mean and std.dev: (334.77, 123.86)
[M::mem_pestat] low and high boundaries for proper pairs: (1, 912)
[M::mem_pestat] analyzing insert size distribution for orientation RF...
[M::mem_pestat] (25, 50, 75) percentile: (421, 1538, 5137)
[M::mem_pestat] low and high boundaries for computing mean and std.dev: (1, 14569)
[M::mem_pestat] mean and std.dev: (2598.66, 2649.45)
[M::mem_pestat] low and high boundaries for proper pairs: (1, 19285)
[M::mem_pestat] analyzing insert size distribution for orientation RR...
[M::mem_pestat] (25, 50, 75) percentile: (190, 374, 688)
[M::mem_pestat] low and high boundaries for computing mean and std.dev: (1, 1684)
[M::mem_pestat] mean and std.dev: (416.57, 346.60)
[M::mem_pestat] low and high boundaries for proper pairs: (1, 2182)
[M::mem_pestat] skip orientation FF
[M::mem_pestat] skip orientation RF
[M::mem_pestat] skip orientation RR
[M::process] read 1066668 sequences (160000200 bp)...
[M::mem_process_seqs] Processed 1066668 reads in 799.031 CPU sec, 51.683 real sec
[M::mem_pestat] # candidate unique pairs for (FF, FR, RF, RR): (24, 227687, 61, 19)
[M::mem_pestat] analyzing insert size distribution for orientation FF...
[M::mem_pestat] (25, 50, 75) percentile: (227, 356, 1399)
[M::mem_pestat] low and high boundaries for computing mean and std.dev: (1, 3743)
[M::mem_pestat] mean and std.dev: (797.87, 1010.18)
[M::mem_pestat] low and high boundaries for proper pairs: (1, 4915)
[M::mem_pestat] analyzing insert size distribution for orientation FR...
[M::mem_pestat] (25, 50, 75) percentile: (249, 324, 411)
[M::mem_pestat] low and high boundaries for computing mean and std.dev: (1, 735)
[M::mem_pestat] mean and std.dev: (330.51, 122.12)
[M::mem_pestat] low and high boundaries for proper pairs: (1, 897)
[M::mem_pestat] analyzing insert size distribution for orientation RF...
[M::mem_pestat] (25, 50, 75) percentile: (848, 1471, 3717)
[M::mem_pestat] low and high boundaries for computing mean and std.dev: (1, 9455)
[M::mem_pestat] mean and std.dev: (2382.51, 2358.38)
[M::mem_pestat] low and high boundaries for proper pairs: (1, 12324)
[M::mem_pestat] analyzing insert size distribution for orientation RR...
[M::mem_pestat] (25, 50, 75) percentile: (482, 652, 1654)
[M::mem_pestat] low and high boundaries for computing mean and std.dev: (1, 3998)
[M::mem_pestat] mean and std.dev: (878.94, 613.09)
[M::mem_pestat] low and high boundaries for proper pairs: (1, 5170)
[M::mem_pestat] skip orientation FF
[M::mem_pestat] skip orientation RF
[M::mem_pestat] skip orientation RR
[M::process] read 1066668 sequences (160000200 bp)...
[M::mem_process_seqs] Processed 1066668 reads in 820.738 CPU sec, 53.006 real sec
[M::mem_pestat] # candidate unique pairs for (FF, FR, RF, RR): (37, 227136, 69, 27)
[M::mem_pestat] analyzing insert size distribution for orientation FF...
[M::mem_pestat] (25, 50, 75) percentile: (224, 378, 1001)
[M::mem_pestat] low and high boundaries for computing mean and std.dev: (1, 2555)
[M::mem_pestat] mean and std.dev: (605.43, 623.17)
[M::mem_pestat] low and high boundaries for proper pairs: (1, 3332)
[M::mem_pestat] analyzing insert size distribution for orientation FR...
[M::mem_pestat] (25, 50, 75) percentile: (247, 324, 410)
[M::mem_pestat] low and high boundaries for computing mean and std.dev: (1, 736)
[M::mem_pestat] mean and std.dev: (329.67, 122.45)
[M::mem_pestat] low and high boundaries for proper pairs: (1, 899)
[M::mem_pestat] analyzing insert size distribution for orientation RF...
[M::mem_pestat] (25, 50, 75) percentile: (327, 1857, 7317)
[M::mem_pestat] low and high boundaries for computing mean and std.dev: (1, 21297)
[M::mem_pestat] mean and std.dev: (3271.96, 3290.51)
[M::mem_pestat] low and high boundaries for proper pairs: (1, 28287)
[M::mem_pestat] analyzing insert size distribution for orientation RR...
[M::mem_pestat] (25, 50, 75) percentile: (256, 328, 758)
[M::mem_pestat] low and high boundaries for computing mean and std.dev: (1, 1762)
[M::mem_pestat] mean and std.dev: (422.13, 351.65)
[M::mem_pestat] low and high boundaries for proper pairs: (1, 2264)
[M::mem_pestat] skip orientation FF
[M::mem_pestat] skip orientation RF
[M::mem_pestat] skip orientation RR
[M::process] read 1066668 sequences (160000200 bp)...
[M::mem_process_seqs] Processed 1066668 reads in 798.186 CPU sec, 51.641 real sec
[M::mem_pestat] # candidate unique pairs for (FF, FR, RF, RR): (36, 226605, 65, 33)
[M::mem_pestat] analyzing insert size distribution for orientation FF...
[M::mem_pestat] (25, 50, 75) percentile: (250, 545, 1742)
[M::mem_pestat] low and high boundaries for computing mean and std.dev: (1, 4726)
[M::mem_pestat] mean and std.dev: (980.92, 1030.45)
[M::mem_pestat] low and high boundaries for proper pairs: (1, 6218)
[M::mem_pestat] analyzing insert size distribution for orientation FR...
[M::mem_pestat] (25, 50, 75) percentile: (248, 325, 412)
[M::mem_pestat] low and high boundaries for computing mean and std.dev: (1, 740)
[M::mem_pestat] mean and std.dev: (331.30, 123.36)
[M::mem_pestat] low and high boundaries for proper pairs: (1, 904)
[M::mem_pestat] analyzing insert size distribution for orientation RF...
[M::mem_pestat] (25, 50, 75) percentile: (506, 2231, 4297)
[M::mem_pestat] low and high boundaries for computing mean and std.dev: (1, 11879)
[M::mem_pestat] mean and std.dev: (3004.63, 2910.04)
[M::mem_pestat] low and high boundaries for proper pairs: (1, 15670)
[M::mem_pestat] analyzing insert size distribution for orientation RR...
[M::mem_pestat] (25, 50, 75) percentile: (171, 518, 1160)
[M::mem_pestat] low and high boundaries for computing mean and std.dev: (1, 3138)
[M::mem_pestat] mean and std.dev: (540.93, 455.93)
[M::mem_pestat] low and high boundaries for proper pairs: (1, 4127)
[M::mem_pestat] skip orientation FF
[M::mem_pestat] skip orientation RF
[M::mem_pestat] skip orientation RR
[M::process] read 1066668 sequences (160000200 bp)...
[M::mem_process_seqs] Processed 1066668 reads in 804.016 CPU sec, 52.098 real sec
[M::mem_pestat] # candidate unique pairs for (FF, FR, RF, RR): (38, 226782, 63, 43)
[M::mem_pestat] analyzing insert size distribution for orientation FF...
[M::mem_pestat] (25, 50, 75) percentile: (238, 550, 952)
[M::mem_pestat] low and high boundaries for computing mean and std.dev: (1, 2380)
[M::mem_pestat] mean and std.dev: (602.66, 433.16)
[M::mem_pestat] low and high boundaries for proper pairs: (1, 3094)
[M::mem_pestat] analyzing insert size distribution for orientation FR...
[M::mem_pestat] (25, 50, 75) percentile: (253, 333, 423)
[M::mem_pestat] low and high boundaries for computing mean and std.dev: (1, 763)
[M::mem_pestat] mean and std.dev: (337.96, 126.46)
[M::mem_pestat] low and high boundaries for proper pairs: (1, 933)
[M::mem_pestat] analyzing insert size distribution for orientation RF...
[M::mem_pestat] (25, 50, 75) percentile: (723, 1786, 6785)
[M::mem_pestat] low and high boundaries for computing mean and std.dev: (1, 18909)
[M::mem_pestat] mean and std.dev: (3284.68, 3027.91)
[M::mem_pestat] low and high boundaries for proper pairs: (1, 24971)
[M::mem_pestat] analyzing insert size distribution for orientation RR...
[M::mem_pestat] (25, 50, 75) percentile: (401, 849, 3739)
[M::mem_pestat] low and high boundaries for computing mean and std.dev: (1, 10415)
[M::mem_pestat] mean and std.dev: (2431.95, 2880.03)
[M::mem_pestat] low and high boundaries for proper pairs: (1, 13952)
[M::mem_pestat] skip orientation FF
[M::mem_pestat] skip orientation RF
[M::mem_pestat] skip orientation RR
[M::process] read 1066668 sequences (160000200 bp)...
[M::mem_process_seqs] Processed 1066668 reads in 791.035 CPU sec, 51.099 real sec
[M::mem_pestat] # candidate unique pairs for (FF, FR, RF, RR): (34, 228692, 95, 33)
[M::mem_pestat] analyzing insert size distribution for orientation FF...
[M::mem_pestat] (25, 50, 75) percentile: (462, 1218, 2555)
[M::mem_pestat] low and high boundaries for computing mean and std.dev: (1, 6741)
[M::mem_pestat] mean and std.dev: (1870.16, 2115.23)
[M::mem_pestat] low and high boundaries for proper pairs: (1, 10331)
[M::mem_pestat] analyzing insert size distribution for orientation FR...
[M::mem_pestat] (25, 50, 75) percentile: (256, 337, 428)
[M::mem_pestat] low and high boundaries for computing mean and std.dev: (1, 772)
[M::mem_pestat] mean and std.dev: (342.63, 127.79)
[M::mem_pestat] low and high boundaries for proper pairs: (1, 944)
[M::mem_pestat] analyzing insert size distribution for orientation RF...
[M::mem_pestat] (25, 50, 75) percentile: (463, 2272, 4498)
[M::mem_pestat] low and high boundaries for computing mean and std.dev: (1, 12568)
[M::mem_pestat] mean and std.dev: (3071.09, 3001.67)
[M::mem_pestat] low and high boundaries for proper pairs: (1, 16603)
[M::mem_pestat] analyzing insert size distribution for orientation RR...
[M::mem_pestat] (25, 50, 75) percentile: (236, 342, 1386)
[M::mem_pestat] low and high boundaries for computing mean and std.dev: (1, 3686)
[M::mem_pestat] mean and std.dev: (549.83, 476.46)
[M::mem_pestat] low and high boundaries for proper pairs: (1, 4836)
[M::mem_pestat] skip orientation FF
[M::mem_pestat] skip orientation RF
[M::mem_pestat] skip orientation RR
[M::process] read 1066668 sequences (160000200 bp)...
[M::mem_process_seqs] Processed 1066668 reads in 788.774 CPU sec, 50.868 real sec
[M::mem_pestat] # candidate unique pairs for (FF, FR, RF, RR): (36, 227482, 65, 41)
[M::mem_pestat] analyzing insert size distribution for orientation FF...
[M::mem_pestat] (25, 50, 75) percentile: (289, 474, 859)
[M::mem_pestat] low and high boundaries for computing mean and std.dev: (1, 1999)
[M::mem_pestat] mean and std.dev: (412.62, 287.20)
[M::mem_pestat] low and high boundaries for proper pairs: (1, 2569)
[M::mem_pestat] analyzing insert size distribution for orientation FR...
[M::mem_pestat] (25, 50, 75) percentile: (252, 331, 422)
[M::mem_pestat] low and high boundaries for computing mean and std.dev: (1, 762)
[M::mem_pestat] mean and std.dev: (338.13, 126.98)
[M::mem_pestat] low and high boundaries for proper pairs: (1, 932)
[M::mem_pestat] analyzing insert size distribution for orientation RF...
[M::mem_pestat] (25, 50, 75) percentile: (498, 2163, 7151)
[M::mem_pestat] low and high boundaries for computing mean and std.dev: (1, 20457)
[M::mem_pestat] mean and std.dev: (3418.78, 3513.62)
[M::mem_pestat] low and high boundaries for proper pairs: (1, 27110)
[M::mem_pestat] analyzing insert size distribution for orientation RR...
[M::mem_pestat] (25, 50, 75) percentile: (267, 549, 3044)
[M::mem_pestat] low and high boundaries for computing mean and std.dev: (1, 8598)
[M::mem_pestat] mean and std.dev: (1305.54, 1572.15)
[M::mem_pestat] low and high boundaries for proper pairs: (1, 11375)
[M::mem_pestat] skip orientation FF
[M::mem_pestat] skip orientation RF
[M::mem_pestat] skip orientation RR
[M::process] read 1066668 sequences (160000200 bp)...
[M::mem_process_seqs] Processed 1066668 reads in 798.782 CPU sec, 51.798 real sec
[M::mem_pestat] # candidate unique pairs for (FF, FR, RF, RR): (35, 228029, 77, 37)
[M::mem_pestat] analyzing insert size distribution for orientation FF...
[M::mem_pestat] (25, 50, 75) percentile: (211, 321, 990)
[M::mem_pestat] low and high boundaries for computing mean and std.dev: (1, 2548)
[M::mem_pestat] mean and std.dev: (566.90, 652.91)
[M::mem_pestat] low and high boundaries for proper pairs: (1, 3327)
[M::mem_pestat] analyzing insert size distribution for orientation FR...
[M::mem_pestat] (25, 50, 75) percentile: (252, 330, 422)
[M::mem_pestat] low and high boundaries for computing mean and std.dev: (1, 762)
[M::mem_pestat] mean and std.dev: (337.54, 126.25)
[M::mem_pestat] low and high boundaries for proper pairs: (1, 932)
[M::mem_pestat] analyzing insert size distribution for orientation RF...
[M::mem_pestat] (25, 50, 75) percentile: (233, 809, 2177)
[M::mem_pestat] low and high boundaries for computing mean and std.dev: (1, 6065)
[M::mem_pestat] mean and std.dev: (907.69, 984.89)
[M::mem_pestat] low and high boundaries for proper pairs: (1, 8009)
[M::mem_pestat] analyzing insert size distribution for orientation RR...
[M::mem_pestat] (25, 50, 75) percentile: (305, 842, 2679)
[M::mem_pestat] low and high boundaries for computing mean and std.dev: (1, 7427)
[M::mem_pestat] mean and std.dev: (1560.59, 1565.37)
[M::mem_pestat] low and high boundaries for proper pairs: (1, 9801)
[M::mem_pestat] skip orientation FF
[M::mem_pestat] skip orientation RF
[M::mem_pestat] skip orientation RR
[M::process] read 1066668 sequences (160000200 bp)...
[M::mem_process_seqs] Processed 1066668 reads in 797.386 CPU sec, 51.607 real sec
[M::mem_pestat] # candidate unique pairs for (FF, FR, RF, RR): (22, 228047, 51, 40)
[M::mem_pestat] analyzing insert size distribution for orientation FF...
[M::mem_pestat] (25, 50, 75) percentile: (386, 1572, 3009)
[M::mem_pestat] low and high boundaries for computing mean and std.dev: (1, 8255)
[M::mem_pestat] mean and std.dev: (1889.95, 1956.12)
[M::mem_pestat] low and high boundaries for proper pairs: (1, 10878)
[M::mem_pestat] analyzing insert size distribution for orientation FR...
[M::mem_pestat] (25, 50, 75) percentile: (252, 330, 419)
[M::mem_pestat] low and high boundaries for computing mean and std.dev: (1, 753)
[M::mem_pestat] mean and std.dev: (336.06, 124.65)
[M::mem_pestat] low and high boundaries for proper pairs: (1, 920)
[M::mem_pestat] analyzing insert size distribution for orientation RF...
[M::mem_pestat] (25, 50, 75) percentile: (361, 1115, 2985)
[M::mem_pestat] low and high boundaries for computing mean and std.dev: (1, 8233)
[M::mem_pestat] mean and std.dev: (1572.57, 1833.65)
[M::mem_pestat] low and high boundaries for proper pairs: (1, 10857)
[M::mem_pestat] analyzing insert size distribution for orientation RR...
[M::mem_pestat] (25, 50, 75) percentile: (230, 348, 2040)
[M::mem_pestat] low and high boundaries for computing mean and std.dev: (1, 5660)
[M::mem_pestat] mean and std.dev: (1231.00, 1719.86)
[M::mem_pestat] low and high boundaries for proper pairs: (1, 8110)
[M::mem_pestat] skip orientation FF
[M::mem_pestat] skip orientation RF
[M::mem_pestat] skip orientation RR
[M::process] read 1066668 sequences (160000200 bp)...
[M::mem_process_seqs] Processed 1066668 reads in 797.338 CPU sec, 51.538 real sec
[M::mem_pestat] # candidate unique pairs for (FF, FR, RF, RR): (30, 228186, 72, 32)
[M::mem_pestat] analyzing insert size distribution for orientation FF...
[M::mem_pestat] (25, 50, 75) percentile: (238, 356, 1113)
[M::mem_pestat] low and high boundaries for computing mean and std.dev: (1, 2863)
[M::mem_pestat] mean and std.dev: (737.47, 679.81)
[M::mem_pestat] low and high boundaries for proper pairs: (1, 3738)
[M::mem_pestat] analyzing insert size distribution for orientation FR...
[M::mem_pestat] (25, 50, 75) percentile: (251, 329, 419)
[M::mem_pestat] low and high boundaries for computing mean and std.dev: (1, 755)
[M::mem_pestat] mean and std.dev: (335.80, 125.41)
[M::mem_pestat] low and high boundaries for proper pairs: (1, 923)
[M::mem_pestat] analyzing insert size distribution for orientation RF...
[M::mem_pestat] (25, 50, 75) percentile: (307, 1344, 3525)
[M::mem_pestat] low and high boundaries for computing mean and std.dev: (1, 9961)
[M::mem_pestat] mean and std.dev: (2308.39, 2503.38)
[M::mem_pestat] low and high boundaries for proper pairs: (1, 13179)
[M::mem_pestat] analyzing insert size distribution for orientation RR...
[M::mem_pestat] (25, 50, 75) percentile: (220, 814, 1311)
[M::mem_pestat] low and high boundaries for computing mean and std.dev: (1, 3493)
[M::mem_pestat] mean and std.dev: (758.31, 685.05)
[M::mem_pestat] low and high boundaries for proper pairs: (1, 4584)
[M::mem_pestat] skip orientation FF
[M::mem_pestat] skip orientation RF
[M::mem_pestat] skip orientation RR
[M::process] read 1066668 sequences (160000200 bp)...
[M::mem_process_seqs] Processed 1066668 reads in 800.472 CPU sec, 51.685 real sec
[M::mem_pestat] # candidate unique pairs for (FF, FR, RF, RR): (16, 227663, 89, 36)
[M::mem_pestat] analyzing insert size distribution for orientation FF...
[M::mem_pestat] (25, 50, 75) percentile: (207, 501, 3170)
[M::mem_pestat] low and high boundaries for computing mean and std.dev: (1, 9096)
[M::mem_pestat] mean and std.dev: (1674.00, 2196.56)
[M::mem_pestat] low and high boundaries for proper pairs: (1, 12059)
[M::mem_pestat] analyzing insert size distribution for orientation FR...
[M::mem_pestat] (25, 50, 75) percentile: (248, 326, 414)
[M::mem_pestat] low and high boundaries for computing mean and std.dev: (1, 746)
[M::mem_pestat] mean and std.dev: (332.58, 124.60)
[M::mem_pestat] low and high boundaries for proper pairs: (1, 912)
[M::mem_pestat] analyzing insert size distribution for orientation RF...
[M::mem_pestat] (25, 50, 75) percentile: (288, 1473, 2919)
[M::mem_pestat] low and high boundaries for computing mean and std.dev: (1, 8181)
[M::mem_pestat] mean and std.dev: (1666.84, 1855.72)
[M::mem_pestat] low and high boundaries for proper pairs: (1, 10812)
[M::mem_pestat] analyzing insert size distribution for orientation RR...
[M::mem_pestat] (25, 50, 75) percentile: (251, 494, 1305)
[M::mem_pestat] low and high boundaries for computing mean and std.dev: (1, 3413)
[M::mem_pestat] mean and std.dev: (664.88, 636.02)
[M::mem_pestat] low and high boundaries for proper pairs: (1, 4467)
[M::mem_pestat] skip orientation FF
[M::mem_pestat] skip orientation RF
[M::mem_pestat] skip orientation RR
[M::process] read 1066668 sequences (160000200 bp)...
[M::mem_process_seqs] Processed 1066668 reads in 809.827 CPU sec, 52.392 real sec
[M::mem_pestat] # candidate unique pairs for (FF, FR, RF, RR): (31, 226619, 82, 19)
[M::mem_pestat] analyzing insert size distribution for orientation FF...
[M::mem_pestat] (25, 50, 75) percentile: (209, 367, 814)
[M::mem_pestat] low and high boundaries for computing mean and std.dev: (1, 2024)
[M::mem_pestat] mean and std.dev: (451.11, 393.52)
[M::mem_pestat] low and high boundaries for proper pairs: (1, 2629)
[M::mem_pestat] analyzing insert size distribution for orientation FR...
[M::mem_pestat] (25, 50, 75) percentile: (248, 325, 413)
[M::mem_pestat] low and high boundaries for computing mean and std.dev: (1, 743)
[M::mem_pestat] mean and std.dev: (332.13, 123.84)
[M::mem_pestat] low and high boundaries for proper pairs: (1, 908)
[M::mem_pestat] analyzing insert size distribution for orientation RF...
[M::mem_pestat] (25, 50, 75) percentile: (164, 519, 3291)
[M::mem_pestat] low and high boundaries for computing mean and std.dev: (1, 9545)
[M::mem_pestat] mean and std.dev: (1802.43, 2427.30)
[M::mem_pestat] low and high boundaries for proper pairs: (1, 12672)
[M::mem_pestat] analyzing insert size distribution for orientation RR...
[M::mem_pestat] (25, 50, 75) percentile: (208, 305, 4128)
[M::mem_pestat] low and high boundaries for computing mean and std.dev: (1, 11968)
[M::mem_pestat] mean and std.dev: (1871.84, 2443.09)
[M::mem_pestat] low and high boundaries for proper pairs: (1, 15888)
[M::mem_pestat] skip orientation FF
[M::mem_pestat] skip orientation RF
[M::mem_pestat] skip orientation RR
[M::process] read 1066668 sequences (160000200 bp)...
[M::mem_process_seqs] Processed 1066668 reads in 811.812 CPU sec, 52.423 real sec
[M::mem_pestat] # candidate unique pairs for (FF, FR, RF, RR): (26, 227097, 70, 21)
[M::mem_pestat] analyzing insert size distribution for orientation FF...
[M::mem_pestat] (25, 50, 75) percentile: (317, 1052, 1474)
[M::mem_pestat] low and high boundaries for computing mean and std.dev: (1, 3788)
[M::mem_pestat] mean and std.dev: (907.80, 668.00)
[M::mem_pestat] low and high boundaries for proper pairs: (1, 4945)
[M::mem_pestat] analyzing insert size distribution for orientation FR...
[M::mem_pestat] (25, 50, 75) percentile: (246, 325, 414)
[M::mem_pestat] low and high boundaries for computing mean and std.dev: (1, 750)
[M::mem_pestat] mean and std.dev: (331.48, 125.01)
[M::mem_pestat] low and high boundaries for proper pairs: (1, 918)
[M::mem_pestat] analyzing insert size distribution for orientation RF...
[M::mem_pestat] (25, 50, 75) percentile: (666, 2048, 4399)
[M::mem_pestat] low and high boundaries for computing mean and std.dev: (1, 11865)
[M::mem_pestat] mean and std.dev: (2976.74, 2911.49)
[M::mem_pestat] low and high boundaries for proper pairs: (1, 15598)
[M::mem_pestat] analyzing insert size distribution for orientation RR...
[M::mem_pestat] (25, 50, 75) percentile: (213, 443, 1701)
[M::mem_pestat] low and high boundaries for computing mean and std.dev: (1, 4677)
[M::mem_pestat] mean and std.dev: (996.25, 1151.51)
[M::mem_pestat] low and high boundaries for proper pairs: (1, 6165)
[M::mem_pestat] skip orientation FF
[M::mem_pestat] skip orientation RF
[M::mem_pestat] skip orientation RR
[M::process] read 1066668 sequences (160000200 bp)...
[M::mem_process_seqs] Processed 1066668 reads in 817.954 CPU sec, 52.770 real sec
[M::mem_pestat] # candidate unique pairs for (FF, FR, RF, RR): (43, 226380, 78, 37)
[M::mem_pestat] analyzing insert size distribution for orientation FF...
[M::mem_pestat] (25, 50, 75) percentile: (250, 377, 1663)
[M::mem_pestat] low and high boundaries for computing mean and std.dev: (1, 4489)
[M::mem_pestat] mean and std.dev: (771.80, 743.70)
[M::mem_pestat] low and high boundaries for proper pairs: (1, 5902)
[M::mem_pestat] analyzing insert size distribution for orientation FR...
[M::mem_pestat] (25, 50, 75) percentile: (252, 331, 421)
[M::mem_pestat] low and high boundaries for computing mean and std.dev: (1, 759)
[M::mem_pestat] mean and std.dev: (337.16, 126.55)
[M::mem_pestat] low and high boundaries for proper pairs: (1, 928)
[M::mem_pestat] analyzing insert size distribution for orientation RF...
[M::mem_pestat] (25, 50, 75) percentile: (464, 1300, 5051)
[M::mem_pestat] low and high boundaries for computing mean and std.dev: (1, 14225)
[M::mem_pestat] mean and std.dev: (2814.64, 3074.76)
[M::mem_pestat] low and high boundaries for proper pairs: (1, 18812)
[M::mem_pestat] analyzing insert size distribution for orientation RR...
[M::mem_pestat] (25, 50, 75) percentile: (242, 1401, 4268)
[M::mem_pestat] low and high boundaries for computing mean and std.dev: (1, 12320)
[M::mem_pestat] mean and std.dev: (2151.00, 2173.48)
[M::mem_pestat] low and high boundaries for proper pairs: (1, 16346)
[M::mem_pestat] skip orientation FF
[M::mem_pestat] skip orientation RF
[M::mem_pestat] skip orientation RR
[M::mem_process_seqs] Processed 1066668 reads in 796.333 CPU sec, 52.620 real sec
[M::process] read 1066668 sequences (160000200 bp)...
[M::mem_pestat] # candidate unique pairs for (FF, FR, RF, RR): (17, 227844, 79, 35)
[M::mem_pestat] analyzing insert size distribution for orientation FF...
[M::mem_pestat] (25, 50, 75) percentile: (292, 525, 1817)
[M::mem_pestat] low and high boundaries for computing mean and std.dev: (1, 4867)
[M::mem_pestat] mean and std.dev: (724.25, 654.55)
[M::mem_pestat] low and high boundaries for proper pairs: (1, 6392)
[M::mem_pestat] analyzing insert size distribution for orientation FR...
[M::mem_pestat] (25, 50, 75) percentile: (254, 333, 423)
[M::mem_pestat] low and high boundaries for computing mean and std.dev: (1, 761)
[M::mem_pestat] mean and std.dev: (338.74, 126.35)
[M::mem_pestat] low and high boundaries for proper pairs: (1, 930)
[M::mem_pestat] analyzing insert size distribution for orientation RF...
[M::mem_pestat] (25, 50, 75) percentile: (270, 974, 2294)
[M::mem_pestat] low and high boundaries for computing mean and std.dev: (1, 6342)
[M::mem_pestat] mean and std.dev: (1144.41, 1277.60)
[M::mem_pestat] low and high boundaries for proper pairs: (1, 8366)
[M::mem_pestat] analyzing insert size distribution for orientation RR...
[M::mem_pestat] (25, 50, 75) percentile: (292, 450, 2084)
[M::mem_pestat] low and high boundaries for computing mean and std.dev: (1, 5668)
[M::mem_pestat] mean and std.dev: (1210.03, 1413.27)
[M::mem_pestat] low and high boundaries for proper pairs: (1, 7460)
[M::mem_pestat] skip orientation FF
[M::mem_pestat] skip orientation RF
[M::mem_pestat] skip orientation RR
[M::process] read 1066668 sequences (160000200 bp)...
[M::mem_process_seqs] Processed 1066668 reads in 790.804 CPU sec, 50.679 real sec
[M::mem_pestat] # candidate unique pairs for (FF, FR, RF, RR): (24, 228977, 75, 25)
[M::mem_pestat] analyzing insert size distribution for orientation FF...
[M::mem_pestat] (25, 50, 75) percentile: (298, 727, 2986)
[M::mem_pestat] low and high boundaries for computing mean and std.dev: (1, 8362)
[M::mem_pestat] mean and std.dev: (1621.54, 1975.68)
[M::mem_pestat] low and high boundaries for proper pairs: (1, 11050)
[M::mem_pestat] analyzing insert size distribution for orientation FR...
[M::mem_pestat] (25, 50, 75) percentile: (249, 326, 415)
[M::mem_pestat] low and high boundaries for computing mean and std.dev: (1, 747)
[M::mem_pestat] mean and std.dev: (332.78, 124.91)
[M::mem_pestat] low and high boundaries for proper pairs: (1, 913)
[M::mem_pestat] analyzing insert size distribution for orientation RF...
[M::mem_pestat] (25, 50, 75) percentile: (587, 1372, 4058)
[M::mem_pestat] low and high boundaries for computing mean and std.dev: (1, 11000)
[M::mem_pestat] mean and std.dev: (2609.63, 2755.66)
[M::mem_pestat] low and high boundaries for proper pairs: (1, 14471)
[M::mem_pestat] analyzing insert size distribution for orientation RR...
[M::mem_pestat] (25, 50, 75) percentile: (274, 459, 909)
[M::mem_pestat] low and high boundaries for computing mean and std.dev: (1, 2179)
[M::mem_pestat] mean and std.dev: (572.40, 431.85)
[M::mem_pestat] low and high boundaries for proper pairs: (1, 2814)
[M::mem_pestat] skip orientation FF
[M::mem_pestat] skip orientation RF
[M::mem_pestat] skip orientation RR
[M::process] read 1066668 sequences (160000200 bp)...
[M::mem_process_seqs] Processed 1066668 reads in 804.009 CPU sec, 51.994 real sec
[M::mem_pestat] # candidate unique pairs for (FF, FR, RF, RR): (28, 227977, 73, 39)
[M::mem_pestat] analyzing insert size distribution for orientation FF...
[M::mem_pestat] (25, 50, 75) percentile: (306, 340, 863)
[M::mem_pestat] low and high boundaries for computing mean and std.dev: (1, 1977)
[M::mem_pestat] mean and std.dev: (425.92, 306.52)
[M::mem_pestat] low and high boundaries for proper pairs: (1, 2534)
[M::mem_pestat] analyzing insert size distribution for orientation FR...
[M::mem_pestat] (25, 50, 75) percentile: (248, 326, 415)
[M::mem_pestat] low and high boundaries for computing mean and std.dev: (1, 749)
[M::mem_pestat] mean and std.dev: (332.36, 125.33)
[M::mem_pestat] low and high boundaries for proper pairs: (1, 916)
[M::mem_pestat] analyzing insert size distribution for orientation RF...
[M::mem_pestat] (25, 50, 75) percentile: (311, 1316, 3364)
[M::mem_pestat] low and high boundaries for computing mean and std.dev: (1, 9470)
[M::mem_pestat] mean and std.dev: (2166.58, 2488.54)
[M::mem_pestat] low and high boundaries for proper pairs: (1, 12523)
[M::mem_pestat] analyzing insert size distribution for orientation RR...
[M::mem_pestat] (25, 50, 75) percentile: (281, 518, 1850)
[M::mem_pestat] low and high boundaries for computing mean and std.dev: (1, 4988)
[M::mem_pestat] mean and std.dev: (1116.65, 1231.92)
[M::mem_pestat] low and high boundaries for proper pairs: (1, 6557)
[M::mem_pestat] skip orientation FF
[M::mem_pestat] skip orientation RF
[M::mem_pestat] skip orientation RR
[M::process] read 1066668 sequences (160000200 bp)...
[M::mem_process_seqs] Processed 1066668 reads in 797.236 CPU sec, 51.546 real sec
[M::mem_pestat] # candidate unique pairs for (FF, FR, RF, RR): (27, 227101, 53, 19)
[M::mem_pestat] analyzing insert size distribution for orientation FF...
[M::mem_pestat] (25, 50, 75) percentile: (531, 1038, 1496)
[M::mem_pestat] low and high boundaries for computing mean and std.dev: (1, 3426)
[M::mem_pestat] mean and std.dev: (843.88, 510.81)
[M::mem_pestat] low and high boundaries for proper pairs: (1, 4391)
[M::mem_pestat] analyzing insert size distribution for orientation FR...
[M::mem_pestat] (25, 50, 75) percentile: (250, 328, 419)
[M::mem_pestat] low and high boundaries for computing mean and std.dev: (1, 757)
[M::mem_pestat] mean and std.dev: (335.03, 126.17)
[M::mem_pestat] low and high boundaries for proper pairs: (1, 926)
[M::mem_pestat] analyzing insert size distribution for orientation RF...
[M::mem_pestat] (25, 50, 75) percentile: (340, 1162, 3274)
[M::mem_pestat] low and high boundaries for computing mean and std.dev: (1, 9142)
[M::mem_pestat] mean and std.dev: (1967.77, 2341.54)
[M::mem_pestat] low and high boundaries for proper pairs: (1, 12076)
[M::mem_pestat] analyzing insert size distribution for orientation RR...
[M::mem_pestat] (25, 50, 75) percentile: (305, 476, 1010)
[M::mem_pestat] low and high boundaries for computing mean and std.dev: (1, 2420)
[M::mem_pestat] mean and std.dev: (692.95, 585.36)
[M::mem_pestat] low and high boundaries for proper pairs: (1, 3125)
[M::mem_pestat] skip orientation FF
[M::mem_pestat] skip orientation RF
[M::mem_pestat] skip orientation RR
[M::process] read 1066668 sequences (160000200 bp)...
[M::mem_process_seqs] Processed 1066668 reads in 805.227 CPU sec, 52.177 real sec
[M::mem_pestat] # candidate unique pairs for (FF, FR, RF, RR): (37, 228463, 74, 26)
[M::mem_pestat] analyzing insert size distribution for orientation FF...
[M::mem_pestat] (25, 50, 75) percentile: (251, 449, 2378)
[M::mem_pestat] low and high boundaries for computing mean and std.dev: (1, 6632)
[M::mem_pestat] mean and std.dev: (1103.64, 1481.14)
[M::mem_pestat] low and high boundaries for proper pairs: (1, 8759)
[M::mem_pestat] analyzing insert size distribution for orientation FR...
[M::mem_pestat] (25, 50, 75) percentile: (249, 327, 417)
[M::mem_pestat] low and high boundaries for computing mean and std.dev: (1, 753)
[M::mem_pestat] mean and std.dev: (333.95, 125.35)
[M::mem_pestat] low and high boundaries for proper pairs: (1, 921)
[M::mem_pestat] analyzing insert size distribution for orientation RF...
[M::mem_pestat] (25, 50, 75) percentile: (346, 1352, 3189)
[M::mem_pestat] low and high boundaries for computing mean and std.dev: (1, 8875)
[M::mem_pestat] mean and std.dev: (2130.38, 2278.05)
[M::mem_pestat] low and high boundaries for proper pairs: (1, 11718)
[M::mem_pestat] analyzing insert size distribution for orientation RR...
[M::mem_pestat] (25, 50, 75) percentile: (216, 314, 768)
[M::mem_pestat] low and high boundaries for computing mean and std.dev: (1, 1872)
[M::mem_pestat] mean and std.dev: (413.45, 379.08)
[M::mem_pestat] low and high boundaries for proper pairs: (1, 2424)
[M::mem_pestat] skip orientation FF
[M::mem_pestat] skip orientation RF
[M::mem_pestat] skip orientation RR
[M::process] read 1066668 sequences (160000200 bp)...
[M::mem_process_seqs] Processed 1066668 reads in 805.640 CPU sec, 51.968 real sec
[M::mem_pestat] # candidate unique pairs for (FF, FR, RF, RR): (37, 227205, 58, 30)
[M::mem_pestat] analyzing insert size distribution for orientation FF...
[M::mem_pestat] (25, 50, 75) percentile: (215, 512, 1558)
[M::mem_pestat] low and high boundaries for computing mean and std.dev: (1, 4244)
[M::mem_pestat] mean and std.dev: (779.55, 987.97)
[M::mem_pestat] low and high boundaries for proper pairs: (1, 5587)
[M::mem_pestat] analyzing insert size distribution for orientation FR...
[M::mem_pestat] (25, 50, 75) percentile: (248, 327, 416)
[M::mem_pestat] low and high boundaries for computing mean and std.dev: (1, 752)
[M::mem_pestat] mean and std.dev: (333.42, 125.36)
[M::mem_pestat] low and high boundaries for proper pairs: (1, 920)
[M::mem_pestat] analyzing insert size distribution for orientation RF...
[M::mem_pestat] (25, 50, 75) percentile: (310, 809, 2930)
[M::mem_pestat] low and high boundaries for computing mean and std.dev: (1, 8170)
[M::mem_pestat] mean and std.dev: (1719.80, 2082.75)
[M::mem_pestat] low and high boundaries for proper pairs: (1, 10790)
[M::mem_pestat] analyzing insert size distribution for orientation RR...
[M::mem_pestat] (25, 50, 75) percentile: (241, 553, 4870)
[M::mem_pestat] low and high boundaries for computing mean and std.dev: (1, 14128)
[M::mem_pestat] mean and std.dev: (2149.57, 2766.52)
[M::mem_pestat] low and high boundaries for proper pairs: (1, 18757)
[M::mem_pestat] skip orientation FF
[M::mem_pestat] skip orientation RF
[M::mem_pestat] skip orientation RR
[M::process] read 1066668 sequences (160000200 bp)...
[M::mem_process_seqs] Processed 1066668 reads in 804.371 CPU sec, 51.889 real sec
[M::mem_pestat] # candidate unique pairs for (FF, FR, RF, RR): (22, 226902, 77, 31)
[M::mem_pestat] analyzing insert size distribution for orientation FF...
[M::mem_pestat] (25, 50, 75) percentile: (181, 327, 886)
[M::mem_pestat] low and high boundaries for computing mean and std.dev: (1, 2296)
[M::mem_pestat] mean and std.dev: (543.05, 555.10)
[M::mem_pestat] low and high boundaries for proper pairs: (1, 3001)
[M::mem_pestat] analyzing insert size distribution for orientation FR...
[M::mem_pestat] (25, 50, 75) percentile: (248, 325, 414)
[M::mem_pestat] low and high boundaries for computing mean and std.dev: (1, 746)
[M::mem_pestat] mean and std.dev: (332.19, 124.38)
[M::mem_pestat] low and high boundaries for proper pairs: (1, 912)
[M::mem_pestat] analyzing insert size distribution for orientation RF...
[M::mem_pestat] (25, 50, 75) percentile: (257, 1056, 4463)
[M::mem_pestat] low and high boundaries for computing mean and std.dev: (1, 12875)
[M::mem_pestat] mean and std.dev: (2230.26, 2548.36)
[M::mem_pestat] low and high boundaries for proper pairs: (1, 17081)
[M::mem_pestat] analyzing insert size distribution for orientation RR...
[M::mem_pestat] (25, 50, 75) percentile: (336, 606, 1854)
[M::mem_pestat] low and high boundaries for computing mean and std.dev: (1, 4890)
[M::mem_pestat] mean and std.dev: (831.59, 773.20)
[M::mem_pestat] low and high boundaries for proper pairs: (1, 6408)
[M::mem_pestat] skip orientation FF
[M::mem_pestat] skip orientation RF
[M::mem_pestat] skip orientation RR
[M::process] read 1066668 sequences (160000200 bp)...
[M::mem_process_seqs] Processed 1066668 reads in 808.150 CPU sec, 52.420 real sec
[M::mem_pestat] # candidate unique pairs for (FF, FR, RF, RR): (15, 227929, 71, 20)
[M::mem_pestat] analyzing insert size distribution for orientation FF...
[M::mem_pestat] (25, 50, 75) percentile: (376, 710, 985)
[M::mem_pestat] low and high boundaries for computing mean and std.dev: (1, 2203)
[M::mem_pestat] mean and std.dev: (616.86, 364.31)
[M::mem_pestat] low and high boundaries for proper pairs: (1, 2812)
[M::mem_pestat] analyzing insert size distribution for orientation FR...
[M::mem_pestat] (25, 50, 75) percentile: (250, 329, 418)
[M::mem_pestat] low and high boundaries for computing mean and std.dev: (1, 754)
[M::mem_pestat] mean and std.dev: (334.26, 125.52)
[M::mem_pestat] low and high boundaries for proper pairs: (1, 922)
[M::mem_pestat] analyzing insert size distribution for orientation RF...
[M::mem_pestat] (25, 50, 75) percentile: (216, 685, 2332)
[M::mem_pestat] low and high boundaries for computing mean and std.dev: (1, 6564)
[M::mem_pestat] mean and std.dev: (1051.32, 1397.34)
[M::mem_pestat] low and high boundaries for proper pairs: (1, 8680)
[M::mem_pestat] analyzing insert size distribution for orientation RR...
[M::mem_pestat] (25, 50, 75) percentile: (292, 452, 755)
[M::mem_pestat] low and high boundaries for computing mean and std.dev: (1, 1681)
[M::mem_pestat] mean and std.dev: (518.17, 386.30)
[M::mem_pestat] low and high boundaries for proper pairs: (1, 2144)
[M::mem_pestat] skip orientation FF
[M::mem_pestat] skip orientation RF
[M::mem_pestat] skip orientation RR
[M::process] read 1066668 sequences (160000200 bp)...
[M::mem_process_seqs] Processed 1066668 reads in 780.608 CPU sec, 50.671 real sec
[M::mem_pestat] # candidate unique pairs for (FF, FR, RF, RR): (25, 227274, 61, 23)
[M::mem_pestat] analyzing insert size distribution for orientation FF...
[M::mem_pestat] (25, 50, 75) percentile: (282, 577, 1453)
[M::mem_pestat] low and high boundaries for computing mean and std.dev: (1, 3795)
[M::mem_pestat] mean and std.dev: (601.59, 577.46)
[M::mem_pestat] low and high boundaries for proper pairs: (1, 4966)
[M::mem_pestat] analyzing insert size distribution for orientation FR...
[M::process] read 1066668 sequences (160000200 bp)...
[M::mem_pestat] (25, 50, 75) percentile: (253, 332, 421)
[M::mem_pestat] low and high boundaries for computing mean and std.dev: (1, 757)
[M::mem_pestat] mean and std.dev: (337.81, 125.47)
[M::mem_pestat] low and high boundaries for proper pairs: (1, 925)
[M::mem_pestat] analyzing insert size distribution for orientation RF...
[M::mem_pestat] (25, 50, 75) percentile: (595, 1304, 3446)
[M::mem_pestat] low and high boundaries for computing mean and std.dev: (1, 9148)
[M::mem_pestat] mean and std.dev: (2030.53, 1868.96)
[M::mem_pestat] low and high boundaries for proper pairs: (1, 11999)
[M::mem_pestat] analyzing insert size distribution for orientation RR...
[M::mem_pestat] (25, 50, 75) percentile: (420, 572, 1678)
[M::mem_pestat] low and high boundaries for computing mean and std.dev: (1, 4194)
[M::mem_pestat] mean and std.dev: (760.10, 582.18)
[M::mem_pestat] low and high boundaries for proper pairs: (1, 5452)
[M::mem_pestat] skip orientation FF
[M::mem_pestat] skip orientation RF
[M::mem_pestat] skip orientation RR
[M::mem_process_seqs] Processed 1066668 reads in 779.626 CPU sec, 50.714 real sec
[M::mem_pestat] # candidate unique pairs for (FF, FR, RF, RR): (45, 228226, 64, 30)
[M::mem_pestat] analyzing insert size distribution for orientation FF...
[M::mem_pestat] (25, 50, 75) percentile: (252, 633, 960)
[M::mem_pestat] low and high boundaries for computing mean and std.dev: (1, 2376)
[M::mem_pestat] mean and std.dev: (601.85, 485.30)
[M::mem_pestat] low and high boundaries for proper pairs: (1, 3084)
[M::mem_pestat] analyzing insert size distribution for orientation FR...
[M::mem_pestat] (25, 50, 75) percentile: (249, 326, 413)
[M::mem_pestat] low and high boundaries for computing mean and std.dev: (1, 741)
[M::mem_pestat] mean and std.dev: (331.79, 123.15)
[M::mem_pestat] low and high boundaries for proper pairs: (1, 905)
[M::mem_pestat] analyzing insert size distribution for orientation RF...
[M::mem_pestat] (25, 50, 75) percentile: (459, 1645, 3846)
[M::mem_pestat] low and high boundaries for computing mean and std.dev: (1, 10620)
[M::mem_pestat] mean and std.dev: (2543.44, 2578.53)
[M::mem_pestat] low and high boundaries for proper pairs: (1, 14007)
[M::mem_pestat] analyzing insert size distribution for orientation RR...
[M::mem_pestat] (25, 50, 75) percentile: (185, 475, 871)
[M::mem_pestat] low and high boundaries for computing mean and std.dev: (1, 2243)
[M::mem_pestat] mean and std.dev: (547.67, 582.29)
[M::mem_pestat] low and high boundaries for proper pairs: (1, 2929)
[M::mem_pestat] skip orientation FF
[M::mem_pestat] skip orientation RF
[M::mem_pestat] skip orientation RR
[M::process] read 1066668 sequences (160000200 bp)...
[M::mem_process_seqs] Processed 1066668 reads in 781.188 CPU sec, 50.551 real sec
[M::mem_pestat] # candidate unique pairs for (FF, FR, RF, RR): (37, 228012, 75, 37)
[M::mem_pestat] analyzing insert size distribution for orientation FF...
[M::mem_pestat] (25, 50, 75) percentile: (154, 310, 1219)
[M::mem_pestat] low and high boundaries for computing mean and std.dev: (1, 3349)
[M::mem_pestat] mean and std.dev: (510.91, 633.69)
[M::mem_pestat] low and high boundaries for proper pairs: (1, 4414)
[M::mem_pestat] analyzing insert size distribution for orientation FR...
[M::mem_pestat] (25, 50, 75) percentile: (253, 333, 424)
[M::mem_pestat] low and high boundaries for computing mean and std.dev: (1, 766)
[M::mem_pestat] mean and std.dev: (339.15, 126.98)
[M::mem_pestat] low and high boundaries for proper pairs: (1, 937)
[M::mem_pestat] analyzing insert size distribution for orientation RF...
[M::mem_pestat] (25, 50, 75) percentile: (328, 957, 2919)
[M::mem_pestat] low and high boundaries for computing mean and std.dev: (1, 8101)
[M::mem_pestat] mean and std.dev: (1948.81, 2275.72)
[M::mem_pestat] low and high boundaries for proper pairs: (1, 11052)
[M::mem_pestat] analyzing insert size distribution for orientation RR...
[M::mem_pestat] (25, 50, 75) percentile: (249, 641, 5204)
[M::mem_pestat] low and high boundaries for computing mean and std.dev: (1, 15114)
[M::mem_pestat] mean and std.dev: (2081.57, 2841.95)
[M::mem_pestat] low and high boundaries for proper pairs: (1, 20069)
[M::mem_pestat] skip orientation FF
[M::mem_pestat] skip orientation RF
[M::mem_pestat] skip orientation RR
[M::process] read 1066668 sequences (160000200 bp)...
[M::mem_process_seqs] Processed 1066668 reads in 782.289 CPU sec, 50.846 real sec
[M::mem_pestat] # candidate unique pairs for (FF, FR, RF, RR): (32, 227638, 74, 19)
[M::mem_pestat] analyzing insert size distribution for orientation FF...
[M::mem_pestat] (25, 50, 75) percentile: (218, 359, 995)
[M::mem_pestat] low and high boundaries for computing mean and std.dev: (1, 2549)
[M::mem_pestat] mean and std.dev: (490.19, 465.67)
[M::mem_pestat] low and high boundaries for proper pairs: (1, 3326)
[M::mem_pestat] analyzing insert size distribution for orientation FR...
[M::mem_pestat] (25, 50, 75) percentile: (250, 328, 417)
[M::mem_pestat] low and high boundaries for computing mean and std.dev: (1, 751)
[M::mem_pestat] mean and std.dev: (334.36, 125.14)
[M::mem_pestat] low and high boundaries for proper pairs: (1, 918)
[M::mem_pestat] analyzing insert size distribution for orientation RF...
[M::mem_pestat] (25, 50, 75) percentile: (266, 932, 4507)
[M::mem_pestat] low and high boundaries for computing mean and std.dev: (1, 12989)
[M::mem_pestat] mean and std.dev: (2690.92, 3235.80)
[M::mem_pestat] low and high boundaries for proper pairs: (1, 17230)
[M::mem_pestat] analyzing insert size distribution for orientation RR...
[M::mem_pestat] (25, 50, 75) percentile: (239, 465, 1477)
[M::mem_pestat] low and high boundaries for computing mean and std.dev: (1, 3953)
[M::mem_pestat] mean and std.dev: (666.69, 764.23)
[M::mem_pestat] low and high boundaries for proper pairs: (1, 5191)
[M::mem_pestat] skip orientation FF
[M::mem_pestat] skip orientation RF
[M::mem_pestat] skip orientation RR
[M::process] read 1066668 sequences (160000200 bp)...
[M::mem_process_seqs] Processed 1066668 reads in 787.069 CPU sec, 51.109 real sec
[M::mem_pestat] # candidate unique pairs for (FF, FR, RF, RR): (39, 227758, 62, 42)
[M::mem_pestat] analyzing insert size distribution for orientation FF...
[M::mem_pestat] (25, 50, 75) percentile: (205, 255, 585)
[M::mem_pestat] low and high boundaries for computing mean and std.dev: (1, 1345)
[M::mem_pestat] mean and std.dev: (273.91, 168.60)
[M::mem_pestat] low and high boundaries for proper pairs: (1, 1725)
[M::mem_pestat] analyzing insert size distribution for orientation FR...
[M::mem_pestat] (25, 50, 75) percentile: (249, 327, 415)
[M::mem_pestat] low and high boundaries for computing mean and std.dev: (1, 747)
[M::mem_pestat] mean and std.dev: (332.76, 123.75)
[M::mem_pestat] low and high boundaries for proper pairs: (1, 913)
[M::mem_pestat] analyzing insert size distribution for orientation RF...
[M::mem_pestat] (25, 50, 75) percentile: (466, 1061, 3594)
[M::mem_pestat] low and high boundaries for computing mean and std.dev: (1, 9850)
[M::mem_pestat] mean and std.dev: (2576.85, 2773.65)
[M::mem_pestat] low and high boundaries for proper pairs: (1, 13671)
[M::mem_pestat] analyzing insert size distribution for orientation RR...
[M::mem_pestat] (25, 50, 75) percentile: (262, 814, 2242)
[M::mem_pestat] low and high boundaries for computing mean and std.dev: (1, 6202)
[M::mem_pestat] mean and std.dev: (1205.93, 1227.10)
[M::mem_pestat] low and high boundaries for proper pairs: (1, 8182)
[M::mem_pestat] skip orientation FF
[M::mem_pestat] skip orientation RF
[M::mem_pestat] skip orientation RR
[M::process] read 1066668 sequences (160000200 bp)...
[M::mem_process_seqs] Processed 1066668 reads in 789.317 CPU sec, 51.262 real sec
[M::mem_pestat] # candidate unique pairs for (FF, FR, RF, RR): (40, 227828, 79, 23)
[M::mem_pestat] analyzing insert size distribution for orientation FF...
[M::mem_pestat] (25, 50, 75) percentile: (321, 833, 2517)
[M::mem_pestat] low and high boundaries for computing mean and std.dev: (1, 6909)
[M::mem_pestat] mean and std.dev: (1425.65, 1534.58)
[M::mem_pestat] low and high boundaries for proper pairs: (1, 9105)
[M::mem_pestat] analyzing insert size distribution for orientation FR...
[M::mem_pestat] (25, 50, 75) percentile: (247, 325, 415)
[M::mem_pestat] low and high boundaries for computing mean and std.dev: (1, 751)
[M::mem_pestat] mean and std.dev: (332.79, 125.10)
[M::mem_pestat] low and high boundaries for proper pairs: (1, 919)
[M::mem_pestat] analyzing insert size distribution for orientation RF...
[M::mem_pestat] (25, 50, 75) percentile: (414, 1567, 4956)
[M::mem_pestat] low and high boundaries for computing mean and std.dev: (1, 14040)
[M::mem_pestat] mean and std.dev: (2829.82, 2811.14)
[M::mem_pestat] low and high boundaries for proper pairs: (1, 18582)
[M::mem_pestat] analyzing insert size distribution for orientation RR...
[M::mem_pestat] (25, 50, 75) percentile: (350, 827, 2169)
[M::mem_pestat] low and high boundaries for computing mean and std.dev: (1, 5807)
[M::mem_pestat] mean and std.dev: (1410.61, 1376.73)
[M::mem_pestat] low and high boundaries for proper pairs: (1, 7626)
[M::mem_pestat] skip orientation FF
[M::mem_pestat] skip orientation RF
[M::mem_pestat] skip orientation RR
[M::process] read 1066668 sequences (160000200 bp)...
[M::mem_process_seqs] Processed 1066668 reads in 793.952 CPU sec, 51.664 real sec
[M::mem_pestat] # candidate unique pairs for (FF, FR, RF, RR): (32, 227126, 67, 29)
[M::mem_pestat] analyzing insert size distribution for orientation FF...
[M::mem_pestat] (25, 50, 75) percentile: (237, 418, 945)
[M::mem_pestat] low and high boundaries for computing mean and std.dev: (1, 2361)
[M::mem_pestat] mean and std.dev: (472.50, 363.57)
[M::mem_pestat] low and high boundaries for proper pairs: (1, 3069)
[M::mem_pestat] analyzing insert size distribution for orientation FR...
[M::mem_pestat] (25, 50, 75) percentile: (245, 323, 412)
[M::mem_pestat] low and high boundaries for computing mean and std.dev: (1, 746)
[M::mem_pestat] mean and std.dev: (330.00, 124.14)
[M::mem_pestat] low and high boundaries for proper pairs: (1, 913)
[M::mem_pestat] analyzing insert size distribution for orientation RF...
[M::mem_pestat] (25, 50, 75) percentile: (255, 896, 4236)
[M::mem_pestat] low and high boundaries for computing mean and std.dev: (1, 12198)
[M::mem_pestat] mean and std.dev: (2438.72, 3044.55)
[M::mem_pestat] low and high boundaries for proper pairs: (1, 16179)
[M::mem_pestat] analyzing insert size distribution for orientation RR...
[M::mem_pestat] (25, 50, 75) percentile: (298, 818, 1451)
[M::mem_pestat] low and high boundaries for computing mean and std.dev: (1, 3757)
[M::mem_pestat] mean and std.dev: (993.00, 816.77)
[M::mem_pestat] low and high boundaries for proper pairs: (1, 4910)
[M::mem_pestat] skip orientation FF
[M::mem_pestat] skip orientation RF
[M::mem_pestat] skip orientation RR
[M::process] read 1066668 sequences (160000200 bp)...
[M::mem_process_seqs] Processed 1066668 reads in 799.570 CPU sec, 51.901 real sec
[M::mem_pestat] # candidate unique pairs for (FF, FR, RF, RR): (36, 227153, 65, 25)
[M::mem_pestat] analyzing insert size distribution for orientation FF...
[M::mem_pestat] (25, 50, 75) percentile: (271, 567, 1261)
[M::mem_pestat] low and high boundaries for computing mean and std.dev: (1, 3241)
[M::mem_pestat] mean and std.dev: (673.62, 484.73)
[M::mem_pestat] low and high boundaries for proper pairs: (1, 4231)
[M::mem_pestat] analyzing insert size distribution for orientation FR...
[M::mem_pestat] (25, 50, 75) percentile: (248, 328, 421)
[M::mem_pestat] low and high boundaries for computing mean and std.dev: (1, 767)
[M::mem_pestat] mean and std.dev: (335.59, 128.04)
[M::mem_pestat] low and high boundaries for proper pairs: (1, 940)
[M::mem_pestat] analyzing insert size distribution for orientation RF...
[M::mem_pestat] (25, 50, 75) percentile: (48, 298, 2273)
[M::mem_pestat] low and high boundaries for computing mean and std.dev: (1, 6723)
[M::mem_pestat] mean and std.dev: (1036.70, 1641.77)
[M::mem_pestat] low and high boundaries for proper pairs: (1, 8948)
[M::mem_pestat] analyzing insert size distribution for orientation RR...
[M::mem_pestat] (25, 50, 75) percentile: (260, 403, 1107)
[M::mem_pestat] low and high boundaries for computing mean and std.dev: (1, 2801)
[M::mem_pestat] mean and std.dev: (600.30, 462.59)
[M::mem_pestat] low and high boundaries for proper pairs: (1, 3648)
[M::mem_pestat] skip orientation FF
[M::mem_pestat] skip orientation RF
[M::mem_pestat] skip orientation RR
[M::process] read 1066668 sequences (160000200 bp)...
[M::mem_process_seqs] Processed 1066668 reads in 818.355 CPU sec, 53.118 real sec
[M::mem_pestat] # candidate unique pairs for (FF, FR, RF, RR): (47, 224987, 76, 34)
[M::mem_pestat] analyzing insert size distribution for orientation FF...
[M::mem_pestat] (25, 50, 75) percentile: (363, 756, 4503)
[M::mem_pestat] low and high boundaries for computing mean and std.dev: (1, 12783)
[M::mem_pestat] mean and std.dev: (2230.77, 2336.96)
[M::mem_pestat] low and high boundaries for proper pairs: (1, 16923)
[M::mem_pestat] analyzing insert size distribution for orientation FR...
[M::mem_pestat] (25, 50, 75) percentile: (254, 340, 441)
[M::mem_pestat] low and high boundaries for computing mean and std.dev: (1, 815)
[M::mem_pestat] mean and std.dev: (348.34, 135.35)
[M::mem_pestat] low and high boundaries for proper pairs: (1, 1002)
[M::mem_pestat] analyzing insert size distribution for orientation RF...
[M::mem_pestat] (25, 50, 75) percentile: (127, 706, 1983)
[M::mem_pestat] low and high boundaries for computing mean and std.dev: (1, 5695)
[M::mem_pestat] mean and std.dev: (735.00, 826.38)
[M::mem_pestat] low and high boundaries for proper pairs: (1, 7551)
[M::mem_pestat] analyzing insert size distribution for orientation RR...
[M::mem_pestat] (25, 50, 75) percentile: (196, 346, 1299)
[M::mem_pestat] low and high boundaries for computing mean and std.dev: (1, 3505)
[M::mem_pestat] mean and std.dev: (733.84, 933.68)
[M::mem_pestat] low and high boundaries for proper pairs: (1, 4608)
[M::mem_pestat] skip orientation FF
[M::mem_pestat] skip orientation RF
[M::mem_pestat] skip orientation RR
[M::process] read 1066668 sequences (160000200 bp)...
[M::mem_process_seqs] Processed 1066668 reads in 813.255 CPU sec, 52.722 real sec
[M::mem_pestat] # candidate unique pairs for (FF, FR, RF, RR): (29, 225486, 73, 38)
[M::mem_pestat] analyzing insert size distribution for orientation FF...
[M::mem_pestat] (25, 50, 75) percentile: (257, 560, 1699)
[M::mem_pestat] low and high boundaries for computing mean and std.dev: (1, 4583)
[M::mem_pestat] mean and std.dev: (954.11, 1015.46)
[M::mem_pestat] low and high boundaries for proper pairs: (1, 6025)
[M::mem_pestat] analyzing insert size distribution for orientation FR...
[M::mem_pestat] (25, 50, 75) percentile: (254, 338, 437)
[M::mem_pestat] low and high boundaries for computing mean and std.dev: (1, 803)
[M::mem_pestat] mean and std.dev: (346.44, 133.46)
[M::mem_pestat] low and high boundaries for proper pairs: (1, 986)
[M::mem_pestat] analyzing insert size distribution for orientation RF...
[M::mem_pestat] (25, 50, 75) percentile: (325, 855, 5062)
[M::mem_pestat] low and high boundaries for computing mean and std.dev: (1, 14536)
[M::mem_pestat] mean and std.dev: (2646.01, 3152.98)
[M::mem_pestat] low and high boundaries for proper pairs: (1, 19273)
[M::mem_pestat] analyzing insert size distribution for orientation RR...
[M::mem_pestat] (25, 50, 75) percentile: (283, 333, 755)
[M::mem_pestat] low and high boundaries for computing mean and std.dev: (1, 1699)
[M::mem_pestat] mean and std.dev: (383.39, 251.76)
[M::mem_pestat] low and high boundaries for proper pairs: (1, 2171)
[M::mem_pestat] skip orientation FF
[M::mem_pestat] skip orientation RF
[M::mem_pestat] skip orientation RR
[M::mem_process_seqs] Processed 1066668 reads in 805.371 CPU sec, 55.199 real sec
[M::process] read 1066668 sequences (160000200 bp)...
[M::mem_pestat] # candidate unique pairs for (FF, FR, RF, RR): (42, 225866, 66, 23)
[M::mem_pestat] analyzing insert size distribution for orientation FF...
[M::mem_pestat] (25, 50, 75) percentile: (186, 349, 1596)
[M::mem_pestat] low and high boundaries for computing mean and std.dev: (1, 4416)
[M::mem_pestat] mean and std.dev: (531.43, 582.08)
[M::mem_pestat] low and high boundaries for proper pairs: (1, 5826)
[M::mem_pestat] analyzing insert size distribution for orientation FR...
[M::mem_pestat] (25, 50, 75) percentile: (250, 332, 429)
[M::mem_pestat] low and high boundaries for computing mean and std.dev: (1, 787)
[M::mem_pestat] mean and std.dev: (340.63, 131.74)
[M::mem_pestat] low and high boundaries for proper pairs: (1, 966)
[M::mem_pestat] analyzing insert size distribution for orientation RF...
[M::mem_pestat] (25, 50, 75) percentile: (429, 1615, 4503)
[M::mem_pestat] low and high boundaries for computing mean and std.dev: (1, 12651)
[M::mem_pestat] mean and std.dev: (2984.95, 3143.89)
[M::mem_pestat] low and high boundaries for proper pairs: (1, 16725)
[M::mem_pestat] analyzing insert size distribution for orientation RR...
[M::mem_pestat] (25, 50, 75) percentile: (230, 255, 542)
[M::mem_pestat] low and high boundaries for computing mean and std.dev: (1, 1166)
[M::mem_pestat] mean and std.dev: (272.53, 153.76)
[M::mem_pestat] low and high boundaries for proper pairs: (1, 1478)
[M::mem_pestat] skip orientation FF
[M::mem_pestat] skip orientation RF
[M::mem_pestat] skip orientation RR
[M::process] read 1066668 sequences (160000200 bp)...
[M::mem_process_seqs] Processed 1066668 reads in 803.887 CPU sec, 51.920 real sec
[M::mem_pestat] # candidate unique pairs for (FF, FR, RF, RR): (26, 224666, 71, 35)
[M::mem_pestat] analyzing insert size distribution for orientation FF...
[M::mem_pestat] (25, 50, 75) percentile: (342, 511, 969)
[M::mem_pestat] low and high boundaries for computing mean and std.dev: (1, 2223)
[M::mem_pestat] mean and std.dev: (594.96, 361.19)
[M::mem_pestat] low and high boundaries for proper pairs: (1, 2850)
[M::mem_pestat] analyzing insert size distribution for orientation FR...
[M::mem_pestat] (25, 50, 75) percentile: (251, 333, 428)
[M::mem_pestat] low and high boundaries for computing mean and std.dev: (1, 782)
[M::mem_pestat] mean and std.dev: (340.62, 130.79)
[M::mem_pestat] low and high boundaries for proper pairs: (1, 959)
[M::mem_pestat] analyzing insert size distribution for orientation RF...
[M::mem_pestat] (25, 50, 75) percentile: (169, 546, 3328)
[M::mem_pestat] low and high boundaries for computing mean and std.dev: (1, 9646)
[M::mem_pestat] mean and std.dev: (1920.90, 2609.43)
[M::mem_pestat] low and high boundaries for proper pairs: (1, 12805)
[M::mem_pestat] analyzing insert size distribution for orientation RR...
[M::mem_pestat] (25, 50, 75) percentile: (212, 432, 1099)
[M::mem_pestat] low and high boundaries for computing mean and std.dev: (1, 2873)
[M::mem_pestat] mean and std.dev: (570.03, 488.91)
[M::mem_pestat] low and high boundaries for proper pairs: (1, 3760)
[M::mem_pestat] skip orientation FF
[M::mem_pestat] skip orientation RF
[M::mem_pestat] skip orientation RR
[M::process] read 1066668 sequences (160000200 bp)...
[M::mem_process_seqs] Processed 1066668 reads in 809.558 CPU sec, 52.572 real sec
[M::mem_pestat] # candidate unique pairs for (FF, FR, RF, RR): (36, 226211, 81, 38)
[M::mem_pestat] analyzing insert size distribution for orientation FF...
[M::mem_pestat] (25, 50, 75) percentile: (342, 769, 1471)
[M::mem_pestat] low and high boundaries for computing mean and std.dev: (1, 3729)
[M::mem_pestat] mean and std.dev: (914.00, 895.00)
[M::mem_pestat] low and high boundaries for proper pairs: (1, 4858)
[M::mem_pestat] analyzing insert size distribution for orientation FR...
[M::mem_pestat] (25, 50, 75) percentile: (252, 332, 427)
[M::mem_pestat] low and high boundaries for computing mean and std.dev: (1, 777)
[M::mem_pestat] mean and std.dev: (340.50, 129.70)
[M::mem_pestat] low and high boundaries for proper pairs: (1, 952)
[M::mem_pestat] analyzing insert size distribution for orientation RF...
[M::mem_pestat] (25, 50, 75) percentile: (262, 615, 5263)
[M::mem_pestat] low and high boundaries for computing mean and std.dev: (1, 15265)
[M::mem_pestat] mean and std.dev: (2270.49, 2847.60)
[M::mem_pestat] low and high boundaries for proper pairs: (1, 20266)
[M::mem_pestat] analyzing insert size distribution for orientation RR...
[M::mem_pestat] (25, 50, 75) percentile: (276, 618, 936)
[M::mem_pestat] low and high boundaries for computing mean and std.dev: (1, 2256)
[M::mem_pestat] mean and std.dev: (647.60, 443.28)
[M::mem_pestat] low and high boundaries for proper pairs: (1, 2916)
[M::mem_pestat] skip orientation FF
[M::mem_pestat] skip orientation RF
[M::mem_pestat] skip orientation RR
[M::process] read 1066668 sequences (160000200 bp)...
[M::mem_process_seqs] Processed 1066668 reads in 811.248 CPU sec, 52.625 real sec
[M::mem_pestat] # candidate unique pairs for (FF, FR, RF, RR): (29, 226654, 68, 44)
[M::mem_pestat] analyzing insert size distribution for orientation FF...
[M::mem_pestat] (25, 50, 75) percentile: (263, 591, 1538)
[M::mem_pestat] low and high boundaries for computing mean and std.dev: (1, 4088)
[M::mem_pestat] mean and std.dev: (877.03, 898.43)
[M::mem_pestat] low and high boundaries for proper pairs: (1, 5363)
[M::mem_pestat] analyzing insert size distribution for orientation FR...
[M::mem_pestat] (25, 50, 75) percentile: (252, 332, 425)
[M::mem_pestat] low and high boundaries for computing mean and std.dev: (1, 771)
[M::mem_pestat] mean and std.dev: (340.13, 128.83)
[M::mem_pestat] low and high boundaries for proper pairs: (1, 944)
[M::mem_pestat] analyzing insert size distribution for orientation RF...
[M::mem_pestat] (25, 50, 75) percentile: (521, 1191, 5520)
[M::mem_pestat] low and high boundaries for computing mean and std.dev: (1, 15518)
[M::mem_pestat] mean and std.dev: (2926.78, 3029.52)
[M::mem_pestat] low and high boundaries for proper pairs: (1, 20517)
[M::mem_pestat] analyzing insert size distribution for orientation RR...
[M::mem_pestat] (25, 50, 75) percentile: (330, 618, 1451)
[M::mem_pestat] low and high boundaries for computing mean and std.dev: (1, 3693)
[M::mem_pestat] mean and std.dev: (808.38, 673.26)
[M::mem_pestat] low and high boundaries for proper pairs: (1, 4814)
[M::mem_pestat] skip orientation FF
[M::mem_pestat] skip orientation RF
[M::mem_pestat] skip orientation RR
[M::process] read 1066668 sequences (160000200 bp)...
[M::mem_process_seqs] Processed 1066668 reads in 813.335 CPU sec, 52.876 real sec
[M::mem_pestat] # candidate unique pairs for (FF, FR, RF, RR): (42, 226381, 76, 41)
[M::mem_pestat] analyzing insert size distribution for orientation FF...
[M::mem_pestat] (25, 50, 75) percentile: (326, 446, 1377)
[M::mem_pestat] low and high boundaries for computing mean and std.dev: (1, 3479)
[M::mem_pestat] mean and std.dev: (674.16, 657.00)
[M::mem_pestat] low and high boundaries for proper pairs: (1, 4530)
[M::mem_pestat] analyzing insert size distribution for orientation FR...
[M::mem_pestat] (25, 50, 75) percentile: (252, 332, 424)
[M::mem_pestat] low and high boundaries for computing mean and std.dev: (1, 768)
[M::mem_pestat] mean and std.dev: (339.43, 127.85)
[M::mem_pestat] low and high boundaries for proper pairs: (1, 940)
[M::mem_pestat] analyzing insert size distribution for orientation RF...
[M::mem_pestat] (25, 50, 75) percentile: (149, 1858, 6109)
[M::mem_pestat] low and high boundaries for computing mean and std.dev: (1, 18029)
[M::mem_pestat] mean and std.dev: (3099.64, 3214.85)
[M::mem_pestat] low and high boundaries for proper pairs: (1, 23989)
[M::mem_pestat] analyzing insert size distribution for orientation RR...
[M::mem_pestat] (25, 50, 75) percentile: (242, 296, 823)
[M::mem_pestat] low and high boundaries for computing mean and std.dev: (1, 1985)
[M::mem_pestat] mean and std.dev: (498.74, 436.47)
[M::mem_pestat] low and high boundaries for proper pairs: (1, 2566)
[M::mem_pestat] skip orientation FF
[M::mem_pestat] skip orientation RF
[M::mem_pestat] skip orientation RR
[M::process] read 1066668 sequences (160000200 bp)...
[M::mem_process_seqs] Processed 1066668 reads in 811.281 CPU sec, 52.946 real sec
[M::mem_pestat] # candidate unique pairs for (FF, FR, RF, RR): (29, 225890, 98, 28)
[M::mem_pestat] analyzing insert size distribution for orientation FF...
[M::mem_pestat] (25, 50, 75) percentile: (166, 319, 1437)
[M::mem_pestat] low and high boundaries for computing mean and std.dev: (1, 3979)
[M::mem_pestat] mean and std.dev: (657.07, 715.05)
[M::mem_pestat] low and high boundaries for proper pairs: (1, 5250)
[M::mem_pestat] analyzing insert size distribution for orientation FR...
[M::mem_pestat] (25, 50, 75) percentile: (249, 330, 425)
[M::mem_pestat] low and high boundaries for computing mean and std.dev: (1, 777)
[M::mem_pestat] mean and std.dev: (338.51, 130.42)
[M::mem_pestat] low and high boundaries for proper pairs: (1, 953)
[M::mem_pestat] analyzing insert size distribution for orientation RF...
[M::mem_pestat] (25, 50, 75) percentile: (285, 1730, 4799)
[M::mem_pestat] low and high boundaries for computing mean and std.dev: (1, 13827)
[M::mem_pestat] mean and std.dev: (2756.85, 2852.42)
[M::mem_pestat] low and high boundaries for proper pairs: (1, 18341)
[M::mem_pestat] analyzing insert size distribution for orientation RR...
[M::mem_pestat] (25, 50, 75) percentile: (260, 547, 2005)
[M::mem_pestat] low and high boundaries for computing mean and std.dev: (1, 5495)
[M::mem_pestat] mean and std.dev: (1168.58, 1511.60)
[M::mem_pestat] low and high boundaries for proper pairs: (1, 7240)
[M::mem_pestat] skip orientation FF
[M::mem_pestat] skip orientation RF
[M::mem_pestat] skip orientation RR
[M::process] read 1066668 sequences (160000200 bp)...
[M::mem_process_seqs] Processed 1066668 reads in 824.189 CPU sec, 53.308 real sec
[M::mem_pestat] # candidate unique pairs for (FF, FR, RF, RR): (13, 224893, 65, 30)
[M::mem_pestat] analyzing insert size distribution for orientation FF...
[M::mem_pestat] (25, 50, 75) percentile: (148, 252, 765)
[M::mem_pestat] low and high boundaries for computing mean and std.dev: (1, 1999)
[M::mem_pestat] mean and std.dev: (302.09, 239.33)
[M::mem_pestat] low and high boundaries for proper pairs: (1, 2616)
[M::mem_pestat] analyzing insert size distribution for orientation FR...
[M::mem_pestat] (25, 50, 75) percentile: (247, 331, 432)
[M::mem_pestat] low and high boundaries for computing mean and std.dev: (1, 802)
[M::mem_pestat] mean and std.dev: (340.90, 134.89)
[M::mem_pestat] low and high boundaries for proper pairs: (1, 987)
[M::mem_pestat] analyzing insert size distribution for orientation RF...
[M::mem_pestat] (25, 50, 75) percentile: (229, 1362, 4400)
[M::mem_pestat] low and high boundaries for computing mean and std.dev: (1, 12742)
[M::mem_pestat] mean and std.dev: (2385.23, 2767.07)
[M::mem_pestat] low and high boundaries for proper pairs: (1, 16913)
[M::mem_pestat] analyzing insert size distribution for orientation RR...
[M::mem_pestat] (25, 50, 75) percentile: (203, 386, 1639)
[M::mem_pestat] low and high boundaries for computing mean and std.dev: (1, 4511)
[M::mem_pestat] mean and std.dev: (935.76, 1171.06)
[M::mem_pestat] low and high boundaries for proper pairs: (1, 5947)
[M::mem_pestat] skip orientation FF
[M::mem_pestat] skip orientation RF
[M::mem_pestat] skip orientation RR
[M::process] read 1066668 sequences (160000200 bp)...
[M::mem_process_seqs] Processed 1066668 reads in 813.592 CPU sec, 52.992 real sec
[M::mem_pestat] # candidate unique pairs for (FF, FR, RF, RR): (30, 225267, 71, 29)
[M::mem_pestat] analyzing insert size distribution for orientation FF...
[M::mem_pestat] (25, 50, 75) percentile: (147, 350, 604)
[M::mem_pestat] low and high boundaries for computing mean and std.dev: (1, 1518)
[M::mem_pestat] mean and std.dev: (378.85, 311.77)
[M::mem_pestat] low and high boundaries for proper pairs: (1, 1975)
[M::mem_pestat] analyzing insert size distribution for orientation FR...
[M::mem_pestat] (25, 50, 75) percentile: (248, 331, 432)
[M::mem_pestat] low and high boundaries for computing mean and std.dev: (1, 800)
[M::mem_pestat] mean and std.dev: (340.92, 134.00)
[M::mem_pestat] low and high boundaries for proper pairs: (1, 984)
[M::mem_pestat] analyzing insert size distribution for orientation RF...
[M::mem_pestat] (25, 50, 75) percentile: (133, 1056, 4912)
[M::mem_pestat] low and high boundaries for computing mean and std.dev: (1, 14470)
[M::mem_pestat] mean and std.dev: (2624.93, 3209.90)
[M::mem_pestat] low and high boundaries for proper pairs: (1, 19249)
[M::mem_pestat] analyzing insert size distribution for orientation RR...
[M::mem_pestat] (25, 50, 75) percentile: (336, 814, 2448)
[M::mem_pestat] low and high boundaries for computing mean and std.dev: (1, 6672)
[M::mem_pestat] mean and std.dev: (1283.50, 1320.34)
[M::mem_pestat] low and high boundaries for proper pairs: (1, 8784)
[M::mem_pestat] skip orientation FF
[M::mem_pestat] skip orientation RF
[M::mem_pestat] skip orientation RR
[M::process] read 1066668 sequences (160000200 bp)...
[M::mem_process_seqs] Processed 1066668 reads in 806.646 CPU sec, 52.433 real sec
[M::mem_pestat] # candidate unique pairs for (FF, FR, RF, RR): (28, 225540, 81, 23)
[M::mem_pestat] analyzing insert size distribution for orientation FF...
[M::mem_pestat] (25, 50, 75) percentile: (232, 395, 874)
[M::mem_pestat] low and high boundaries for computing mean and std.dev: (1, 2158)
[M::mem_pestat] mean and std.dev: (478.89, 363.39)
[M::mem_pestat] low and high boundaries for proper pairs: (1, 2800)
[M::mem_pestat] analyzing insert size distribution for orientation FR...
[M::mem_pestat] (25, 50, 75) percentile: (248, 331, 430)
[M::mem_pestat] low and high boundaries for computing mean and std.dev: (1, 794)
[M::mem_pestat] mean and std.dev: (340.67, 133.46)
[M::mem_pestat] low and high boundaries for proper pairs: (1, 976)
[M::mem_pestat] analyzing insert size distribution for orientation RF...
[M::mem_pestat] (25, 50, 75) percentile: (285, 1313, 5695)
[M::mem_pestat] low and high boundaries for computing mean and std.dev: (1, 16515)
[M::mem_pestat] mean and std.dev: (2711.01, 3088.57)
[M::mem_pestat] low and high boundaries for proper pairs: (1, 21925)
[M::mem_pestat] analyzing insert size distribution for orientation RR...
[M::mem_pestat] (25, 50, 75) percentile: (302, 996, 1070)
[M::mem_pestat] low and high boundaries for computing mean and std.dev: (1, 2606)
[M::mem_pestat] mean and std.dev: (686.20, 484.52)
[M::mem_pestat] low and high boundaries for proper pairs: (1, 3374)
[M::mem_pestat] skip orientation FF
[M::mem_pestat] skip orientation RF
[M::mem_pestat] skip orientation RR
[M::process] read 1066668 sequences (160000200 bp)...
[M::mem_process_seqs] Processed 1066668 reads in 809.737 CPU sec, 52.308 real sec
[M::mem_pestat] # candidate unique pairs for (FF, FR, RF, RR): (24, 225491, 69, 24)
[M::mem_pestat] analyzing insert size distribution for orientation FF...
[M::mem_pestat] (25, 50, 75) percentile: (180, 407, 1785)
[M::mem_pestat] low and high boundaries for computing mean and std.dev: (1, 4995)
[M::mem_pestat] mean and std.dev: (865.46, 828.20)
[M::mem_pestat] low and high boundaries for proper pairs: (1, 6600)
[M::mem_pestat] analyzing insert size distribution for orientation FR...
[M::mem_pestat] (25, 50, 75) percentile: (249, 331, 429)
[M::mem_pestat] low and high boundaries for computing mean and std.dev: (1, 789)
[M::mem_pestat] mean and std.dev: (340.31, 131.67)
[M::mem_pestat] low and high boundaries for proper pairs: (1, 969)
[M::mem_pestat] analyzing insert size distribution for orientation RF...
[M::mem_pestat] (25, 50, 75) percentile: (594, 1163, 3439)
[M::mem_pestat] low and high boundaries for computing mean and std.dev: (1, 9129)
[M::mem_pestat] mean and std.dev: (2072.60, 1981.53)
[M::mem_pestat] low and high boundaries for proper pairs: (1, 11974)
[M::mem_pestat] analyzing insert size distribution for orientation RR...
[M::mem_pestat] (25, 50, 75) percentile: (232, 662, 2122)
[M::mem_pestat] low and high boundaries for computing mean and std.dev: (1, 5902)
[M::mem_pestat] mean and std.dev: (1209.42, 1200.52)
[M::mem_pestat] low and high boundaries for proper pairs: (1, 7792)
[M::mem_pestat] skip orientation FF
[M::mem_pestat] skip orientation RF
[M::mem_pestat] skip orientation RR
[M::process] read 1066668 sequences (160000200 bp)...
[M::mem_process_seqs] Processed 1066668 reads in 810.364 CPU sec, 52.640 real sec
[M::mem_pestat] # candidate unique pairs for (FF, FR, RF, RR): (26, 226058, 89, 13)
[M::mem_pestat] analyzing insert size distribution for orientation FF...
[M::mem_pestat] (25, 50, 75) percentile: (284, 463, 1106)
[M::mem_pestat] low and high boundaries for computing mean and std.dev: (1, 2750)
[M::mem_pestat] mean and std.dev: (628.35, 632.49)
[M::mem_pestat] low and high boundaries for proper pairs: (1, 3572)
[M::mem_pestat] analyzing insert size distribution for orientation FR...
[M::mem_pestat] (25, 50, 75) percentile: (252, 334, 434)
[M::mem_pestat] low and high boundaries for computing mean and std.dev: (1, 798)
[M::mem_pestat] mean and std.dev: (344.26, 133.64)
[M::mem_pestat] low and high boundaries for proper pairs: (1, 980)
[M::mem_pestat] analyzing insert size distribution for orientation RF...
[M::mem_pestat] (25, 50, 75) percentile: (120, 760, 5261)
[M::mem_pestat] low and high boundaries for computing mean and std.dev: (1, 15543)
[M::mem_pestat] mean and std.dev: (2712.66, 3326.77)
[M::mem_pestat] low and high boundaries for proper pairs: (1, 20684)
[M::mem_pestat] analyzing insert size distribution for orientation RR...
[M::mem_pestat] (25, 50, 75) percentile: (365, 762, 2123)
[M::mem_pestat] low and high boundaries for computing mean and std.dev: (1, 5639)
[M::mem_pestat] mean and std.dev: (800.00, 609.47)
[M::mem_pestat] low and high boundaries for proper pairs: (1, 7397)
[M::mem_pestat] skip orientation FF
[M::mem_pestat] skip orientation RF
[M::mem_pestat] skip orientation RR
[M::process] read 1066668 sequences (160000200 bp)...
[M::mem_process_seqs] Processed 1066668 reads in 807.645 CPU sec, 52.283 real sec
[M::mem_pestat] # candidate unique pairs for (FF, FR, RF, RR): (27, 226490, 58, 21)
[M::mem_pestat] analyzing insert size distribution for orientation FF...
[M::mem_pestat] (25, 50, 75) percentile: (351, 532, 1799)
[M::mem_pestat] low and high boundaries for computing mean and std.dev: (1, 4695)
[M::mem_pestat] mean and std.dev: (753.96, 649.69)
[M::mem_pestat] low and high boundaries for proper pairs: (1, 6143)
[M::mem_pestat] analyzing insert size distribution for orientation FR...
[M::mem_pestat] (25, 50, 75) percentile: (253, 334, 433)
[M::mem_pestat] low and high boundaries for computing mean and std.dev: (1, 793)
[M::mem_pestat] mean and std.dev: (343.61, 132.32)
[M::mem_pestat] low and high boundaries for proper pairs: (1, 973)
[M::mem_pestat] analyzing insert size distribution for orientation RF...
[M::mem_pestat] (25, 50, 75) percentile: (556, 1268, 3056)
[M::mem_pestat] low and high boundaries for computing mean and std.dev: (1, 8056)
[M::mem_pestat] mean and std.dev: (1832.52, 1926.41)
[M::mem_pestat] low and high boundaries for proper pairs: (1, 10556)
[M::mem_pestat] analyzing insert size distribution for orientation RR...
[M::mem_pestat] (25, 50, 75) percentile: (239, 392, 2825)
[M::mem_pestat] low and high boundaries for computing mean and std.dev: (1, 7997)
[M::mem_pestat] mean and std.dev: (1343.48, 1542.99)
[M::mem_pestat] low and high boundaries for proper pairs: (1, 10583)
[M::mem_pestat] skip orientation FF
[M::mem_pestat] skip orientation RF
[M::mem_pestat] skip orientation RR
[M::process] read 1066668 sequences (160000200 bp)...
[M::mem_process_seqs] Processed 1066668 reads in 809.507 CPU sec, 52.612 real sec
[M::mem_pestat] # candidate unique pairs for (FF, FR, RF, RR): (42, 226062, 74, 29)
[M::mem_pestat] analyzing insert size distribution for orientation FF...
[M::mem_pestat] (25, 50, 75) percentile: (190, 468, 1083)
[M::mem_pestat] low and high boundaries for computing mean and std.dev: (1, 2869)
[M::mem_pestat] mean and std.dev: (605.18, 608.92)
[M::mem_pestat] low and high boundaries for proper pairs: (1, 3762)
[M::mem_pestat] analyzing insert size distribution for orientation FR...
[M::mem_pestat] (25, 50, 75) percentile: (251, 331, 427)
[M::mem_pestat] low and high boundaries for computing mean and std.dev: (1, 779)
[M::mem_pestat] mean and std.dev: (340.76, 130.81)
[M::mem_pestat] low and high boundaries for proper pairs: (1, 955)
[M::mem_pestat] analyzing insert size distribution for orientation RF...
[M::mem_pestat] (25, 50, 75) percentile: (306, 1304, 4479)
[M::mem_pestat] low and high boundaries for computing mean and std.dev: (1, 12825)
[M::mem_pestat] mean and std.dev: (2595.08, 2986.36)
[M::mem_pestat] low and high boundaries for proper pairs: (1, 16998)
[M::mem_pestat] analyzing insert size distribution for orientation RR...
[M::mem_pestat] (25, 50, 75) percentile: (124, 321, 1822)
[M::mem_pestat] low and high boundaries for computing mean and std.dev: (1, 5218)
[M::mem_pestat] mean and std.dev: (696.40, 969.35)
[M::mem_pestat] low and high boundaries for proper pairs: (1, 6916)
[M::mem_pestat] skip orientation FF
[M::mem_pestat] skip orientation RF
[M::mem_pestat] skip orientation RR
[M::process] read 1066668 sequences (160000200 bp)...
[M::mem_process_seqs] Processed 1066668 reads in 802.377 CPU sec, 52.036 real sec
[M::process] read 1066668 sequences (160000200 bp)...
[M::mem_pestat] # candidate unique pairs for (FF, FR, RF, RR): (28, 225048, 72, 31)
[M::mem_pestat] analyzing insert size distribution for orientation FF...
[M::mem_pestat] (25, 50, 75) percentile: (173, 255, 1207)
[M::mem_pestat] low and high boundaries for computing mean and std.dev: (1, 3275)
[M::mem_pestat] mean and std.dev: (384.04, 388.43)
[M::mem_pestat] low and high boundaries for proper pairs: (1, 4309)
[M::mem_pestat] analyzing insert size distribution for orientation FR...
[M::mem_pestat] (25, 50, 75) percentile: (248, 329, 425)
[M::mem_pestat] low and high boundaries for computing mean and std.dev: (1, 779)
[M::mem_pestat] mean and std.dev: (338.24, 131.41)
[M::mem_pestat] low and high boundaries for proper pairs: (1, 956)
[M::mem_pestat] analyzing insert size distribution for orientation RF...
[M::mem_pestat] (25, 50, 75) percentile: (352, 1096, 5782)
[M::mem_pestat] low and high boundaries for computing mean and std.dev: (1, 16642)
[M::mem_pestat] mean and std.dev: (2890.04, 3359.24)
[M::mem_pestat] low and high boundaries for proper pairs: (1, 22072)
[M::mem_pestat] analyzing insert size distribution for orientation RR...
[M::mem_pestat] (25, 50, 75) percentile: (258, 358, 771)
[M::mem_pestat] low and high boundaries for computing mean and std.dev: (1, 1797)
[M::mem_pestat] mean and std.dev: (418.33, 303.25)
[M::mem_pestat] low and high boundaries for proper pairs: (1, 2310)
[M::mem_pestat] skip orientation FF
[M::mem_pestat] skip orientation RF
[M::mem_pestat] skip orientation RR
[M::mem_process_seqs] Processed 1066668 reads in 814.575 CPU sec, 52.860 real sec
[M::mem_pestat] # candidate unique pairs for (FF, FR, RF, RR): (33, 224735, 88, 26)
[M::mem_pestat] analyzing insert size distribution for orientation FF...
[M::mem_pestat] (25, 50, 75) percentile: (238, 731, 2506)
[M::mem_pestat] low and high boundaries for computing mean and std.dev: (1, 7042)
[M::mem_pestat] mean and std.dev: (963.70, 1174.77)
[M::mem_pestat] low and high boundaries for proper pairs: (1, 9310)
[M::mem_pestat] analyzing insert size distribution for orientation FR...
[M::mem_pestat] (25, 50, 75) percentile: (243, 326, 424)
[M::mem_pestat] low and high boundaries for computing mean and std.dev: (1, 786)
[M::mem_pestat] mean and std.dev: (335.85, 133.00)
[M::mem_pestat] low and high boundaries for proper pairs: (1, 967)
[M::mem_pestat] analyzing insert size distribution for orientation RF...
[M::mem_pestat] (25, 50, 75) percentile: (515, 700, 2341)
[M::mem_pestat] low and high boundaries for computing mean and std.dev: (1, 5993)
[M::mem_pestat] mean and std.dev: (1136.88, 1175.85)
[M::mem_pestat] low and high boundaries for proper pairs: (1, 7819)
[M::mem_pestat] analyzing insert size distribution for orientation RR...
[M::mem_pestat] (25, 50, 75) percentile: (239, 397, 581)
[M::mem_pestat] low and high boundaries for computing mean and std.dev: (1, 1265)
[M::mem_pestat] mean and std.dev: (404.36, 220.92)
[M::mem_pestat] low and high boundaries for proper pairs: (1, 1607)
[M::mem_pestat] skip orientation FF
[M::mem_pestat] skip orientation RF
[M::mem_pestat] skip orientation RR
[M::process] read 1066668 sequences (160000200 bp)...
[M::mem_process_seqs] Processed 1066668 reads in 809.211 CPU sec, 52.764 real sec
[M::mem_pestat] # candidate unique pairs for (FF, FR, RF, RR): (28, 224130, 73, 36)
[M::mem_pestat] analyzing insert size distribution for orientation FF...
[M::mem_pestat] (25, 50, 75) percentile: (249, 1068, 2803)
[M::mem_pestat] low and high boundaries for computing mean and std.dev: (1, 7911)
[M::mem_pestat] mean and std.dev: (1518.25, 1404.77)
[M::mem_pestat] low and high boundaries for proper pairs: (1, 10465)
[M::mem_pestat] analyzing insert size distribution for orientation FR...
[M::mem_pestat] (25, 50, 75) percentile: (245, 327, 426)
[M::mem_pestat] low and high boundaries for computing mean and std.dev: (1, 788)
[M::mem_pestat] mean and std.dev: (337.37, 133.09)
[M::mem_pestat] low and high boundaries for proper pairs: (1, 969)
[M::mem_pestat] analyzing insert size distribution for orientation RF...
[M::mem_pestat] (25, 50, 75) percentile: (237, 1342, 4396)
[M::mem_pestat] low and high boundaries for computing mean and std.dev: (1, 12714)
[M::mem_pestat] mean and std.dev: (2686.81, 2961.04)
[M::mem_pestat] low and high boundaries for proper pairs: (1, 16873)
[M::mem_pestat] analyzing insert size distribution for orientation RR...
[M::mem_pestat] (25, 50, 75) percentile: (174, 848, 1526)
[M::mem_pestat] low and high boundaries for computing mean and std.dev: (1, 4230)
[M::mem_pestat] mean and std.dev: (942.74, 943.03)
[M::mem_pestat] low and high boundaries for proper pairs: (1, 5582)
[M::mem_pestat] skip orientation FF
[M::mem_pestat] skip orientation RF
[M::mem_pestat] skip orientation RR
[M::process] read 1066668 sequences (160000200 bp)...
[M::mem_process_seqs] Processed 1066668 reads in 807.732 CPU sec, 52.246 real sec
[M::mem_pestat] # candidate unique pairs for (FF, FR, RF, RR): (32, 224411, 74, 33)
[M::mem_pestat] analyzing insert size distribution for orientation FF...
[M::mem_pestat] (25, 50, 75) percentile: (171, 290, 658)
[M::mem_pestat] low and high boundaries for computing mean and std.dev: (1, 1632)
[M::mem_pestat] mean and std.dev: (291.65, 176.38)
[M::mem_pestat] low and high boundaries for proper pairs: (1, 2119)
[M::mem_pestat] analyzing insert size distribution for orientation FR...
[M::mem_pestat] (25, 50, 75) percentile: (242, 324, 422)
[M::mem_pestat] low and high boundaries for computing mean and std.dev: (1, 782)
[M::mem_pestat] mean and std.dev: (333.66, 132.02)
[M::mem_pestat] low and high boundaries for proper pairs: (1, 962)
[M::mem_pestat] analyzing insert size distribution for orientation RF...
[M::mem_pestat] (25, 50, 75) percentile: (136, 1087, 3265)
[M::mem_pestat] low and high boundaries for computing mean and std.dev: (1, 9523)
[M::mem_pestat] mean and std.dev: (2165.45, 2524.68)
[M::mem_pestat] low and high boundaries for proper pairs: (1, 12652)
[M::mem_pestat] analyzing insert size distribution for orientation RR...
[M::mem_pestat] (25, 50, 75) percentile: (188, 380, 707)
[M::mem_pestat] low and high boundaries for computing mean and std.dev: (1, 1745)
[M::mem_pestat] mean and std.dev: (413.21, 331.48)
[M::mem_pestat] low and high boundaries for proper pairs: (1, 2264)
[M::mem_pestat] skip orientation FF
[M::mem_pestat] skip orientation RF
[M::mem_pestat] skip orientation RR
[M::mem_process_seqs] Processed 1066668 reads in 804.694 CPU sec, 53.302 real sec
[M::process] read 1066668 sequences (160000200 bp)...
[M::process] read 1066668 sequences (160000200 bp)...
[M::mem_pestat] # candidate unique pairs for (FF, FR, RF, RR): (32, 224843, 88, 45)
[M::mem_pestat] analyzing insert size distribution for orientation FF...
[M::mem_pestat] (25, 50, 75) percentile: (263, 798, 1992)
[M::mem_pestat] low and high boundaries for computing mean and std.dev: (1, 5450)
[M::mem_pestat] mean and std.dev: (1178.38, 1037.88)
[M::mem_pestat] low and high boundaries for proper pairs: (1, 7179)
[M::mem_pestat] analyzing insert size distribution for orientation FR...
[M::mem_pestat] (25, 50, 75) percentile: (246, 328, 425)
[M::mem_pestat] low and high boundaries for computing mean and std.dev: (1, 783)
[M::mem_pestat] mean and std.dev: (337.15, 132.21)
[M::mem_pestat] low and high boundaries for proper pairs: (1, 962)
[M::mem_pestat] analyzing insert size distribution for orientation RF...
[M::mem_pestat] (25, 50, 75) percentile: (224, 1258, 5081)
[M::mem_pestat] low and high boundaries for computing mean and std.dev: (1, 14795)
[M::mem_pestat] mean and std.dev: (2991.02, 3285.54)
[M::mem_pestat] low and high boundaries for proper pairs: (1, 19652)
[M::mem_pestat] analyzing insert size distribution for orientation RR...
[M::mem_pestat] (25, 50, 75) percentile: (243, 697, 5331)
[M::mem_pestat] low and high boundaries for computing mean and std.dev: (1, 15507)
[M::mem_pestat] mean and std.dev: (2466.87, 2850.65)
[M::mem_pestat] low and high boundaries for proper pairs: (1, 20595)
[M::mem_pestat] skip orientation FF
[M::mem_pestat] skip orientation RF
[M::mem_pestat] skip orientation RR
[M::mem_process_seqs] Processed 1066668 reads in 801.006 CPU sec, 51.395 real sec
[M::mem_pestat] # candidate unique pairs for (FF, FR, RF, RR): (35, 226870, 73, 25)
[M::mem_pestat] analyzing insert size distribution for orientation FF...
[M::mem_pestat] (25, 50, 75) percentile: (213, 338, 791)
[M::mem_pestat] low and high boundaries for computing mean and std.dev: (1, 1947)
[M::mem_pestat] mean and std.dev: (436.56, 345.00)
[M::mem_pestat] low and high boundaries for proper pairs: (1, 2525)
[M::mem_pestat] analyzing insert size distribution for orientation FR...
[M::mem_pestat] (25, 50, 75) percentile: (252, 335, 434)
[M::mem_pestat] low and high boundaries for computing mean and std.dev: (1, 798)
[M::mem_pestat] mean and std.dev: (344.26, 134.28)
[M::mem_pestat] low and high boundaries for proper pairs: (1, 980)
[M::mem_pestat] analyzing insert size distribution for orientation RF...
[M::mem_pestat] (25, 50, 75) percentile: (292, 796, 3460)
[M::mem_pestat] low and high boundaries for computing mean and std.dev: (1, 9796)
[M::mem_pestat] mean and std.dev: (1805.13, 2323.10)
[M::mem_pestat] low and high boundaries for proper pairs: (1, 12964)
[M::mem_pestat] analyzing insert size distribution for orientation RR...
[M::mem_pestat] (25, 50, 75) percentile: (281, 555, 1157)
[M::mem_pestat] low and high boundaries for computing mean and std.dev: (1, 2909)
[M::mem_pestat] mean and std.dev: (592.19, 461.63)
[M::mem_pestat] low and high boundaries for proper pairs: (1, 3785)
[M::mem_pestat] skip orientation FF
[M::mem_pestat] skip orientation RF
[M::mem_pestat] skip orientation RR
[M::process] read 1066668 sequences (160000200 bp)...
[M::mem_process_seqs] Processed 1066668 reads in 805.329 CPU sec, 52.143 real sec
[M::mem_pestat] # candidate unique pairs for (FF, FR, RF, RR): (39, 227223, 70, 32)
[M::mem_pestat] analyzing insert size distribution for orientation FF...
[M::mem_pestat] (25, 50, 75) percentile: (158, 334, 758)
[M::mem_pestat] low and high boundaries for computing mean and std.dev: (1, 1958)
[M::mem_pestat] mean and std.dev: (450.03, 417.34)
[M::mem_pestat] low and high boundaries for proper pairs: (1, 2558)
[M::mem_pestat] analyzing insert size distribution for orientation FR...
[M::mem_pestat] (25, 50, 75) percentile: (252, 333, 430)
[M::mem_pestat] low and high boundaries for computing mean and std.dev: (1, 786)
[M::mem_pestat] mean and std.dev: (342.25, 131.66)
[M::mem_pestat] low and high boundaries for proper pairs: (1, 964)
[M::mem_pestat] analyzing insert size distribution for orientation RF...
[M::mem_pestat] (25, 50, 75) percentile: (510, 1202, 2457)
[M::mem_pestat] low and high boundaries for computing mean and std.dev: (1, 6351)
[M::mem_pestat] mean and std.dev: (1700.96, 1689.86)
[M::mem_pestat] low and high boundaries for proper pairs: (1, 8460)
[M::mem_pestat] analyzing insert size distribution for orientation RR...
[M::mem_pestat] (25, 50, 75) percentile: (285, 427, 987)
[M::mem_pestat] low and high boundaries for computing mean and std.dev: (1, 2391)
[M::mem_pestat] mean and std.dev: (640.16, 571.59)
[M::mem_pestat] low and high boundaries for proper pairs: (1, 3093)
[M::mem_pestat] skip orientation FF
[M::mem_pestat] skip orientation RF
[M::mem_pestat] skip orientation RR
[M::process] read 1066668 sequences (160000200 bp)...
[M::mem_process_seqs] Processed 1066668 reads in 808.203 CPU sec, 52.347 real sec
[M::mem_pestat] # candidate unique pairs for (FF, FR, RF, RR): (44, 225729, 60, 25)
[M::mem_pestat] analyzing insert size distribution for orientation FF...
[M::mem_pestat] (25, 50, 75) percentile: (418, 653, 3851)
[M::mem_pestat] low and high boundaries for computing mean and std.dev: (1, 10717)
[M::mem_pestat] mean and std.dev: (2034.52, 2629.57)
[M::mem_pestat] low and high boundaries for proper pairs: (1, 14150)
[M::mem_pestat] analyzing insert size distribution for orientation FR...
[M::mem_pestat] (25, 50, 75) percentile: (251, 332, 427)
[M::mem_pestat] low and high boundaries for computing mean and std.dev: (1, 779)
[M::mem_pestat] mean and std.dev: (340.52, 130.33)
[M::mem_pestat] low and high boundaries for proper pairs: (1, 955)
[M::mem_pestat] analyzing insert size distribution for orientation RF...
[M::mem_pestat] (25, 50, 75) percentile: (432, 2518, 6476)
[M::mem_pestat] low and high boundaries for computing mean and std.dev: (1, 18564)
[M::mem_pestat] mean and std.dev: (3471.93, 3175.44)
[M::mem_pestat] low and high boundaries for proper pairs: (1, 24608)
[M::mem_pestat] analyzing insert size distribution for orientation RR...
[M::mem_pestat] (25, 50, 75) percentile: (138, 271, 1569)
[M::mem_pestat] low and high boundaries for computing mean and std.dev: (1, 4431)
[M::mem_pestat] mean and std.dev: (516.27, 638.40)
[M::mem_pestat] low and high boundaries for proper pairs: (1, 5862)
[M::mem_pestat] skip orientation FF
[M::mem_pestat] skip orientation RF
[M::mem_pestat] skip orientation RR
[M::process] read 1066668 sequences (160000200 bp)...
[M::mem_process_seqs] Processed 1066668 reads in 810.061 CPU sec, 52.362 real sec
[M::mem_pestat] # candidate unique pairs for (FF, FR, RF, RR): (34, 224718, 72, 29)
[M::mem_pestat] analyzing insert size distribution for orientation FF...
[M::mem_pestat] (25, 50, 75) percentile: (314, 561, 734)
[M::mem_pestat] low and high boundaries for computing mean and std.dev: (1, 1574)
[M::mem_pestat] mean and std.dev: (499.40, 274.75)
[M::mem_pestat] low and high boundaries for proper pairs: (1, 1994)
[M::mem_pestat] analyzing insert size distribution for orientation FR...
[M::mem_pestat] (25, 50, 75) percentile: (245, 327, 423)
[M::mem_pestat] low and high boundaries for computing mean and std.dev: (1, 779)
[M::mem_pestat] mean and std.dev: (335.87, 131.65)
[M::mem_pestat] low and high boundaries for proper pairs: (1, 957)
[M::mem_pestat] analyzing insert size distribution for orientation RF...
[M::mem_pestat] (25, 50, 75) percentile: (379, 1323, 5288)
[M::mem_pestat] low and high boundaries for computing mean and std.dev: (1, 15106)
[M::mem_pestat] mean and std.dev: (2895.06, 3009.01)
[M::mem_pestat] low and high boundaries for proper pairs: (1, 20015)
[M::mem_pestat] analyzing insert size distribution for orientation RR...
[M::mem_pestat] (25, 50, 75) percentile: (234, 848, 1404)
[M::mem_pestat] low and high boundaries for computing mean and std.dev: (1, 3744)
[M::mem_pestat] mean and std.dev: (833.33, 727.29)
[M::mem_pestat] low and high boundaries for proper pairs: (1, 4914)
[M::mem_pestat] skip orientation FF
[M::mem_pestat] skip orientation RF
[M::mem_pestat] skip orientation RR
[M::process] read 1066668 sequences (160000200 bp)...
[M::mem_process_seqs] Processed 1066668 reads in 822.848 CPU sec, 53.210 real sec
[M::mem_pestat] # candidate unique pairs for (FF, FR, RF, RR): (31, 223198, 71, 28)
[M::mem_pestat] analyzing insert size distribution for orientation FF...
[M::mem_pestat] (25, 50, 75) percentile: (190, 591, 1065)
[M::mem_pestat] low and high boundaries for computing mean and std.dev: (1, 2815)
[M::mem_pestat] mean and std.dev: (638.86, 568.77)
[M::mem_pestat] low and high boundaries for proper pairs: (1, 3690)
[M::mem_pestat] analyzing insert size distribution for orientation FR...
[M::mem_pestat] (25, 50, 75) percentile: (248, 332, 432)
[M::mem_pestat] low and high boundaries for computing mean and std.dev: (1, 800)
[M::mem_pestat] mean and std.dev: (341.19, 134.32)
[M::mem_pestat] low and high boundaries for proper pairs: (1, 984)
[M::mem_pestat] analyzing insert size distribution for orientation RF...
[M::mem_pestat] (25, 50, 75) percentile: (263, 1663, 4361)
[M::mem_pestat] low and high boundaries for computing mean and std.dev: (1, 12557)
[M::mem_pestat] mean and std.dev: (2523.89, 2589.97)
[M::mem_pestat] low and high boundaries for proper pairs: (1, 16655)
[M::mem_pestat] analyzing insert size distribution for orientation RR...
[M::mem_pestat] (25, 50, 75) percentile: (236, 407, 1274)
[M::mem_pestat] low and high boundaries for computing mean and std.dev: (1, 3350)
[M::mem_pestat] mean and std.dev: (650.33, 636.56)
[M::mem_pestat] low and high boundaries for proper pairs: (1, 4388)
[M::mem_pestat] skip orientation FF
[M::mem_pestat] skip orientation RF
[M::mem_pestat] skip orientation RR
[M::process] read 1066668 sequences (160000200 bp)...
[M::mem_process_seqs] Processed 1066668 reads in 808.911 CPU sec, 52.501 real sec
[M::mem_pestat] # candidate unique pairs for (FF, FR, RF, RR): (35, 224043, 70, 24)
[M::mem_pestat] analyzing insert size distribution for orientation FF...
[M::mem_pestat] (25, 50, 75) percentile: (243, 332, 1314)
[M::mem_pestat] low and high boundaries for computing mean and std.dev: (1, 3456)
[M::mem_pestat] mean and std.dev: (678.03, 591.59)
[M::mem_pestat] low and high boundaries for proper pairs: (1, 4527)
[M::mem_pestat] analyzing insert size distribution for orientation FR...
[M::mem_pestat] (25, 50, 75) percentile: (246, 328, 426)
[M::mem_pestat] low and high boundaries for computing mean and std.dev: (1, 786)
[M::mem_pestat] mean and std.dev: (337.36, 132.38)
[M::mem_pestat] low and high boundaries for proper pairs: (1, 966)
[M::mem_pestat] analyzing insert size distribution for orientation RF...
[M::mem_pestat] (25, 50, 75) percentile: (154, 1501, 4593)
[M::mem_pestat] low and high boundaries for computing mean and std.dev: (1, 13471)
[M::mem_pestat] mean and std.dev: (2762.80, 3066.95)
[M::mem_pestat] low and high boundaries for proper pairs: (1, 17910)
[M::mem_pestat] analyzing insert size distribution for orientation RR...
[M::mem_pestat] (25, 50, 75) percentile: (382, 913, 7457)
[M::mem_pestat] low and high boundaries for computing mean and std.dev: (1, 21607)
[M::mem_pestat] mean and std.dev: (2677.92, 3520.85)
[M::mem_pestat] low and high boundaries for proper pairs: (1, 28682)
[M::mem_pestat] skip orientation FF
[M::mem_pestat] skip orientation RF
[M::mem_pestat] skip orientation RR
[M::process] read 1066668 sequences (160000200 bp)...
[M::mem_process_seqs] Processed 1066668 reads in 809.533 CPU sec, 52.314 real sec
[M::mem_pestat] # candidate unique pairs for (FF, FR, RF, RR): (30, 224212, 78, 37)
[M::mem_pestat] analyzing insert size distribution for orientation FF...
[M::mem_pestat] (25, 50, 75) percentile: (272, 506, 817)
[M::mem_pestat] low and high boundaries for computing mean and std.dev: (1, 1907)
[M::mem_pestat] mean and std.dev: (526.19, 325.29)
[M::mem_pestat] low and high boundaries for proper pairs: (1, 2452)
[M::mem_pestat] analyzing insert size distribution for orientation FR...
[M::mem_pestat] (25, 50, 75) percentile: (248, 331, 429)
[M::mem_pestat] low and high boundaries for computing mean and std.dev: (1, 791)
[M::mem_pestat] mean and std.dev: (340.07, 132.83)
[M::mem_pestat] low and high boundaries for proper pairs: (1, 972)
[M::mem_pestat] analyzing insert size distribution for orientation RF...
[M::mem_pestat] (25, 50, 75) percentile: (145, 1931, 4604)
[M::mem_pestat] low and high boundaries for computing mean and std.dev: (1, 13522)
[M::mem_pestat] mean and std.dev: (2603.83, 2614.39)
[M::mem_pestat] low and high boundaries for proper pairs: (1, 17981)
[M::mem_pestat] analyzing insert size distribution for orientation RR...
[M::mem_pestat] (25, 50, 75) percentile: (261, 272, 787)
[M::mem_pestat] low and high boundaries for computing mean and std.dev: (1, 1839)
[M::mem_pestat] mean and std.dev: (427.48, 381.90)
[M::mem_pestat] low and high boundaries for proper pairs: (1, 2365)
[M::mem_pestat] skip orientation FF
[M::mem_pestat] skip orientation RF
[M::mem_pestat] skip orientation RR
[M::process] read 1066668 sequences (160000200 bp)...
[M::mem_process_seqs] Processed 1066668 reads in 805.946 CPU sec, 52.104 real sec
[M::mem_pestat] # candidate unique pairs for (FF, FR, RF, RR): (32, 225192, 74, 46)
[M::mem_pestat] analyzing insert size distribution for orientation FF...
[M::mem_pestat] (25, 50, 75) percentile: (304, 1175, 3289)
[M::mem_pestat] low and high boundaries for computing mean and std.dev: (1, 9259)
[M::mem_pestat] mean and std.dev: (1913.94, 2314.82)
[M::mem_pestat] low and high boundaries for proper pairs: (1, 12244)
[M::mem_pestat] analyzing insert size distribution for orientation FR...
[M::mem_pestat] (25, 50, 75) percentile: (247, 328, 424)
[M::mem_pestat] low and high boundaries for computing mean and std.dev: (1, 778)
[M::mem_pestat] mean and std.dev: (337.45, 131.69)
[M::mem_pestat] low and high boundaries for proper pairs: (1, 955)
[M::mem_pestat] analyzing insert size distribution for orientation RF...
[M::mem_pestat] (25, 50, 75) percentile: (260, 1349, 3816)
[M::mem_pestat] low and high boundaries for computing mean and std.dev: (1, 10928)
[M::mem_pestat] mean and std.dev: (2555.96, 2852.60)
[M::mem_pestat] low and high boundaries for proper pairs: (1, 14484)
[M::mem_pestat] analyzing insert size distribution for orientation RR...
[M::mem_pestat] (25, 50, 75) percentile: (228, 318, 491)
[M::mem_pestat] low and high boundaries for computing mean and std.dev: (1, 1017)
[M::mem_pestat] mean and std.dev: (327.93, 189.49)
[M::mem_pestat] low and high boundaries for proper pairs: (1, 1280)
[M::mem_pestat] skip orientation FF
[M::mem_pestat] skip orientation RF
[M::mem_pestat] skip orientation RR
[M::process] read 1066668 sequences (160000200 bp)...
[M::mem_process_seqs] Processed 1066668 reads in 799.967 CPU sec, 51.715 real sec
[M::mem_pestat] # candidate unique pairs for (FF, FR, RF, RR): (28, 226390, 71, 33)
[M::mem_pestat] analyzing insert size distribution for orientation FF...
[M::mem_pestat] (25, 50, 75) percentile: (266, 804, 4440)
[M::mem_pestat] low and high boundaries for computing mean and std.dev: (1, 12788)
[M::mem_pestat] mean and std.dev: (2330.46, 2609.82)
[M::mem_pestat] low and high boundaries for proper pairs: (1, 16962)
[M::mem_pestat] analyzing insert size distribution for orientation FR...
[M::mem_pestat] (25, 50, 75) percentile: (250, 330, 426)
[M::mem_pestat] low and high boundaries for computing mean and std.dev: (1, 778)
[M::mem_pestat] mean and std.dev: (339.99, 130.85)
[M::mem_pestat] low and high boundaries for proper pairs: (1, 954)
[M::mem_pestat] analyzing insert size distribution for orientation RF...
[M::mem_pestat] (25, 50, 75) percentile: (371, 1293, 4614)
[M::mem_pestat] low and high boundaries for computing mean and std.dev: (1, 13100)
[M::mem_pestat] mean and std.dev: (2638.97, 2876.26)
[M::mem_pestat] low and high boundaries for proper pairs: (1, 17343)
[M::mem_pestat] analyzing insert size distribution for orientation RR...
[M::mem_pestat] (25, 50, 75) percentile: (358, 477, 1060)
[M::mem_pestat] low and high boundaries for computing mean and std.dev: (1, 2464)
[M::mem_pestat] mean and std.dev: (664.94, 488.44)
[M::mem_pestat] low and high boundaries for proper pairs: (1, 3166)
[M::mem_pestat] skip orientation FF
[M::mem_pestat] skip orientation RF
[M::mem_pestat] skip orientation RR
[M::process] read 1066668 sequences (160000200 bp)...
[M::mem_process_seqs] Processed 1066668 reads in 803.677 CPU sec, 51.918 real sec
[M::mem_pestat] # candidate unique pairs for (FF, FR, RF, RR): (31, 226418, 81, 19)
[M::mem_pestat] analyzing insert size distribution for orientation FF...
[M::mem_pestat] (25, 50, 75) percentile: (299, 541, 1583)
[M::mem_pestat] low and high boundaries for computing mean and std.dev: (1, 4151)
[M::mem_pestat] mean and std.dev: (935.41, 1076.49)
[M::mem_pestat] low and high boundaries for proper pairs: (1, 5435)
[M::mem_pestat] analyzing insert size distribution for orientation FR...
[M::mem_pestat] (25, 50, 75) percentile: (250, 329, 425)
[M::mem_pestat] low and high boundaries for computing mean and std.dev: (1, 775)
[M::mem_pestat] mean and std.dev: (338.56, 129.97)
[M::mem_pestat] low and high boundaries for proper pairs: (1, 950)
[M::mem_pestat] analyzing insert size distribution for orientation RF...
[M::mem_pestat] (25, 50, 75) percentile: (199, 1000, 4000)
[M::mem_pestat] low and high boundaries for computing mean and std.dev: (1, 11602)
[M::mem_pestat] mean and std.dev: (2176.36, 2564.88)
[M::mem_pestat] low and high boundaries for proper pairs: (1, 15403)
[M::mem_pestat] analyzing insert size distribution for orientation RR...
[M::mem_pestat] (25, 50, 75) percentile: (358, 438, 5567)
[M::mem_pestat] low and high boundaries for computing mean and std.dev: (1, 15985)
[M::mem_pestat] mean and std.dev: (1830.16, 2376.83)
[M::mem_pestat] low and high boundaries for proper pairs: (1, 21194)
[M::mem_pestat] skip orientation FF
[M::mem_pestat] skip orientation RF
[M::mem_pestat] skip orientation RR
[M::process] read 1066668 sequences (160000200 bp)...
[M::mem_process_seqs] Processed 1066668 reads in 806.714 CPU sec, 52.276 real sec
[M::mem_pestat] # candidate unique pairs for (FF, FR, RF, RR): (24, 225458, 64, 33)
[M::mem_pestat] analyzing insert size distribution for orientation FF...
[M::mem_pestat] (25, 50, 75) percentile: (340, 1068, 1975)
[M::mem_pestat] low and high boundaries for computing mean and std.dev: (1, 5245)
[M::mem_pestat] mean and std.dev: (1160.33, 1057.86)
[M::mem_pestat] low and high boundaries for proper pairs: (1, 6880)
[M::mem_pestat] analyzing insert size distribution for orientation FR...
[M::mem_pestat] (25, 50, 75) percentile: (252, 330, 423)
[M::mem_pestat] low and high boundaries for computing mean and std.dev: (1, 765)
[M::mem_pestat] mean and std.dev: (338.31, 127.61)
[M::mem_pestat] low and high boundaries for proper pairs: (1, 936)
[M::mem_pestat] analyzing insert size distribution for orientation RF...
[M::mem_pestat] (25, 50, 75) percentile: (401, 1221, 3699)
[M::mem_pestat] low and high boundaries for computing mean and std.dev: (1, 10295)
[M::mem_pestat] mean and std.dev: (2448.23, 2678.96)
[M::mem_pestat] low and high boundaries for proper pairs: (1, 13593)
[M::mem_pestat] analyzing insert size distribution for orientation RR...
[M::mem_pestat] (25, 50, 75) percentile: (227, 321, 520)
[M::mem_pestat] low and high boundaries for computing mean and std.dev: (1, 1106)
[M::mem_pestat] mean and std.dev: (289.89, 145.12)
[M::mem_pestat] low and high boundaries for proper pairs: (1, 1399)
[M::mem_pestat] skip orientation FF
[M::mem_pestat] skip orientation RF
[M::mem_pestat] skip orientation RR
[M::process] read 369588 sequences (55438200 bp)...
[M::mem_process_seqs] Processed 1066668 reads in 809.152 CPU sec, 52.421 real sec
[M::mem_pestat] # candidate unique pairs for (FF, FR, RF, RR): (19, 78437, 23, 9)
[M::mem_pestat] analyzing insert size distribution for orientation FF...
[M::mem_pestat] (25, 50, 75) percentile: (224, 255, 519)
[M::mem_pestat] low and high boundaries for computing mean and std.dev: (1, 1109)
[M::mem_pestat] mean and std.dev: (298.25, 155.82)
[M::mem_pestat] low and high boundaries for proper pairs: (1, 1404)
[M::mem_pestat] analyzing insert size distribution for orientation FR...
[M::mem_pestat] (25, 50, 75) percentile: (252, 332, 426)
[M::mem_pestat] low and high boundaries for computing mean and std.dev: (1, 774)
[M::mem_pestat] mean and std.dev: (340.13, 128.95)
[M::mem_pestat] low and high boundaries for proper pairs: (1, 948)
[M::mem_pestat] analyzing insert size distribution for orientation RF...
[M::mem_pestat] (25, 50, 75) percentile: (90, 685, 6354)
[M::mem_pestat] low and high boundaries for computing mean and std.dev: (1, 18882)
[M::mem_pestat] mean and std.dev: (3268.13, 3538.88)
[M::mem_pestat] low and high boundaries for proper pairs: (1, 25146)
[M::mem_pestat] skip orientation RR as there are not enough pairs
[M::mem_pestat] skip orientation FF
[M::mem_pestat] skip orientation RF
[M::mem_process_seqs] Processed 369588 reads in 282.858 CPU sec, 18.830 real sec
[main] Version: 0.7.19-r1273
[main] CMD: bwa mem -t 16 -R @RG\tID:NS18_Disco_Wild_12\tSM:NS18_Disco_Wild_12\tLB:NS18_Disco_Wild_12\tPL:ILLUMINA output/05_realign_xbOstLuri2/reference/GCA_061535525.1_xbOstLuri2_USDA-ARS_PSRF_primary_genomic.fna data/raw/NS18_Disco_Wild_12_S23_L004_R1_001.fastq.gz data/raw/NS18_Disco_Wild_12_S23_L004_R2_001.fastq.gz
[main] Real time: 3483.894 sec; CPU: 53277.429 sec
[bam_sort_core] merging from 3 files and 8 in-memory blocks...
end 2026-09-27T14:51:51Z sample=NS18_Disco_Wild_12
