/opt/ohpc/admin/lmod/lmod/init/bash: line 93: LD_LIBRARY_PATH: unbound variable
start 2026-09-27T11:55:05Z host n3447 sample=CS18_22_Wild_plate1_H6 location=CS18_22_Wild_plate1
[M::bwa_idx_load_from_disk] read 0 ALT contigs
[M::process] read 1066668 sequences (160000200 bp)...
[M::process] read 1066668 sequences (160000200 bp)...
[M::mem_pestat] # candidate unique pairs for (FF, FR, RF, RR): (41, 227883, 73, 19)
[M::mem_pestat] analyzing insert size distribution for orientation FF...
[M::mem_pestat] (25, 50, 75) percentile: (313, 442, 858)
[M::mem_pestat] low and high boundaries for computing mean and std.dev: (1, 1948)
[M::mem_pestat] mean and std.dev: (509.95, 331.60)
[M::mem_pestat] low and high boundaries for proper pairs: (1, 2493)
[M::mem_pestat] analyzing insert size distribution for orientation FR...
[M::mem_pestat] (25, 50, 75) percentile: (246, 326, 408)
[M::mem_pestat] low and high boundaries for computing mean and std.dev: (1, 732)
[M::mem_pestat] mean and std.dev: (327.57, 122.06)
[M::mem_pestat] low and high boundaries for proper pairs: (1, 894)
[M::mem_pestat] analyzing insert size distribution for orientation RF...
[M::mem_pestat] (25, 50, 75) percentile: (296, 2274, 4993)
[M::mem_pestat] low and high boundaries for computing mean and std.dev: (1, 14387)
[M::mem_pestat] mean and std.dev: (2881.59, 2683.99)
[M::mem_pestat] low and high boundaries for proper pairs: (1, 19084)
[M::mem_pestat] analyzing insert size distribution for orientation RR...
[M::mem_pestat] (25, 50, 75) percentile: (236, 416, 1697)
[M::mem_pestat] low and high boundaries for computing mean and std.dev: (1, 4619)
[M::mem_pestat] mean and std.dev: (638.17, 594.36)
[M::mem_pestat] low and high boundaries for proper pairs: (1, 6080)
[M::mem_pestat] skip orientation FF
[M::mem_pestat] skip orientation RF
[M::mem_pestat] skip orientation RR
[M::mem_process_seqs] Processed 1066668 reads in 754.271 CPU sec, 50.227 real sec
[M::mem_pestat] # candidate unique pairs for (FF, FR, RF, RR): (43, 228023, 57, 21)
[M::mem_pestat] analyzing insert size distribution for orientation FF...
[M::mem_pestat] (25, 50, 75) percentile: (243, 344, 1320)
[M::mem_pestat] low and high boundaries for computing mean and std.dev: (1, 3474)
[M::mem_pestat] mean and std.dev: (627.75, 767.72)
[M::mem_pestat] low and high boundaries for proper pairs: (1, 4551)
[M::mem_pestat] analyzing insert size distribution for orientation FR...
[M::mem_pestat] (25, 50, 75) percentile: (251, 331, 415)
[M::mem_pestat] low and high boundaries for computing mean and std.dev: (1, 743)
[M::mem_pestat] mean and std.dev: (333.27, 123.36)
[M::mem_pestat] low and high boundaries for proper pairs: (1, 907)
[M::mem_pestat] analyzing insert size distribution for orientation RF...
[M::mem_pestat] (25, 50, 75) percentile: (165, 905, 5904)
[M::mem_pestat] low and high boundaries for computing mean and std.dev: (1, 17382)
[M::mem_pestat] mean and std.dev: (2558.72, 2985.93)
[M::mem_pestat] low and high boundaries for proper pairs: (1, 23121)
[M::mem_pestat] analyzing insert size distribution for orientation RR...
[M::mem_pestat] (25, 50, 75) percentile: (212, 365, 1340)
[M::mem_pestat] low and high boundaries for computing mean and std.dev: (1, 3596)
[M::mem_pestat] mean and std.dev: (677.50, 570.59)
[M::mem_pestat] low and high boundaries for proper pairs: (1, 4724)
[M::mem_pestat] skip orientation FF
[M::mem_pestat] skip orientation RF
[M::mem_pestat] skip orientation RR
[M::process] read 1066668 sequences (160000200 bp)...
[M::mem_process_seqs] Processed 1066668 reads in 759.215 CPU sec, 49.604 real sec
[M::mem_pestat] # candidate unique pairs for (FF, FR, RF, RR): (37, 228503, 69, 35)
[M::mem_pestat] analyzing insert size distribution for orientation FF...
[M::mem_pestat] (25, 50, 75) percentile: (212, 369, 1997)
[M::mem_pestat] low and high boundaries for computing mean and std.dev: (1, 5567)
[M::mem_pestat] mean and std.dev: (862.30, 1151.90)
[M::mem_pestat] low and high boundaries for proper pairs: (1, 7352)
[M::mem_pestat] analyzing insert size distribution for orientation FR...
[M::mem_pestat] (25, 50, 75) percentile: (247, 326, 410)
[M::mem_pestat] low and high boundaries for computing mean and std.dev: (1, 736)
[M::mem_pestat] mean and std.dev: (329.21, 122.81)
[M::mem_pestat] low and high boundaries for proper pairs: (1, 899)
[M::mem_pestat] analyzing insert size distribution for orientation RF...
[M::mem_pestat] (25, 50, 75) percentile: (424, 1622, 3705)
[M::mem_pestat] low and high boundaries for computing mean and std.dev: (1, 10267)
[M::mem_pestat] mean and std.dev: (2450.07, 2575.08)
[M::mem_pestat] low and high boundaries for proper pairs: (1, 13548)
[M::mem_pestat] analyzing insert size distribution for orientation RR...
[M::mem_pestat] (25, 50, 75) percentile: (287, 382, 1329)
[M::mem_pestat] low and high boundaries for computing mean and std.dev: (1, 3413)
[M::mem_pestat] mean and std.dev: (636.81, 623.65)
[M::mem_pestat] low and high boundaries for proper pairs: (1, 4455)
[M::mem_pestat] skip orientation FF
[M::mem_pestat] skip orientation RF
[M::mem_pestat] skip orientation RR
[M::process] read 1066668 sequences (160000200 bp)...
[M::mem_process_seqs] Processed 1066668 reads in 764.287 CPU sec, 49.833 real sec
[M::mem_pestat] # candidate unique pairs for (FF, FR, RF, RR): (28, 228831, 70, 43)
[M::mem_pestat] analyzing insert size distribution for orientation FF...
[M::mem_pestat] (25, 50, 75) percentile: (312, 1239, 2340)
[M::mem_pestat] low and high boundaries for computing mean and std.dev: (1, 6396)
[M::mem_pestat] mean and std.dev: (1315.33, 1290.15)
[M::mem_pestat] low and high boundaries for proper pairs: (1, 8424)
[M::mem_pestat] analyzing insert size distribution for orientation FR...
[M::mem_pestat] (25, 50, 75) percentile: (248, 327, 413)
[M::mem_pestat] low and high boundaries for computing mean and std.dev: (1, 743)
[M::mem_pestat] mean and std.dev: (331.42, 124.38)
[M::mem_pestat] low and high boundaries for proper pairs: (1, 908)
[M::mem_pestat] analyzing insert size distribution for orientation RF...
[M::mem_pestat] (25, 50, 75) percentile: (290, 1079, 4230)
[M::mem_pestat] low and high boundaries for computing mean and std.dev: (1, 12110)
[M::mem_pestat] mean and std.dev: (2557.44, 2912.04)
[M::mem_pestat] low and high boundaries for proper pairs: (1, 16050)
[M::mem_pestat] analyzing insert size distribution for orientation RR...
[M::mem_pestat] (25, 50, 75) percentile: (251, 394, 900)
[M::mem_pestat] low and high boundaries for computing mean and std.dev: (1, 2198)
[M::mem_pestat] mean and std.dev: (526.84, 446.31)
[M::mem_pestat] low and high boundaries for proper pairs: (1, 2847)
[M::mem_pestat] skip orientation FF
[M::mem_pestat] skip orientation RF
[M::mem_pestat] skip orientation RR
[M::process] read 1066668 sequences (160000200 bp)...
[M::mem_process_seqs] Processed 1066668 reads in 768.161 CPU sec, 50.146 real sec
[M::mem_pestat] # candidate unique pairs for (FF, FR, RF, RR): (27, 228733, 70, 32)
[M::mem_pestat] analyzing insert size distribution for orientation FF...
[M::mem_pestat] (25, 50, 75) percentile: (209, 410, 1720)
[M::mem_pestat] low and high boundaries for computing mean and std.dev: (1, 4742)
[M::mem_pestat] mean and std.dev: (785.68, 947.61)
[M::mem_pestat] low and high boundaries for proper pairs: (1, 6253)
[M::mem_pestat] analyzing insert size distribution for orientation FR...
[M::mem_pestat] (25, 50, 75) percentile: (246, 325, 411)
[M::mem_pestat] low and high boundaries for computing mean and std.dev: (1, 741)
[M::mem_pestat] mean and std.dev: (328.64, 123.55)
[M::mem_pestat] low and high boundaries for proper pairs: (1, 906)
[M::mem_pestat] analyzing insert size distribution for orientation RF...
[M::mem_pestat] (25, 50, 75) percentile: (257, 1035, 4769)
[M::mem_pestat] low and high boundaries for computing mean and std.dev: (1, 13793)
[M::mem_pestat] mean and std.dev: (2347.73, 2681.62)
[M::mem_pestat] low and high boundaries for proper pairs: (1, 18305)
[M::mem_pestat] analyzing insert size distribution for orientation RR...
[M::mem_pestat] (25, 50, 75) percentile: (304, 472, 1643)
[M::mem_pestat] low and high boundaries for computing mean and std.dev: (1, 4321)
[M::mem_pestat] mean and std.dev: (1022.62, 1010.91)
[M::mem_pestat] low and high boundaries for proper pairs: (1, 5660)
[M::mem_pestat] skip orientation FF
[M::mem_pestat] skip orientation RF
[M::mem_pestat] skip orientation RR
[M::process] read 1066668 sequences (160000200 bp)...
[M::mem_process_seqs] Processed 1066668 reads in 770.486 CPU sec, 49.917 real sec
[M::mem_pestat] # candidate unique pairs for (FF, FR, RF, RR): (18, 229144, 52, 23)
[M::mem_pestat] analyzing insert size distribution for orientation FF...
[M::mem_pestat] (25, 50, 75) percentile: (604, 1768, 2414)
[M::mem_pestat] low and high boundaries for computing mean and std.dev: (1, 6034)
[M::mem_pestat] mean and std.dev: (1252.00, 1075.47)
[M::mem_pestat] low and high boundaries for proper pairs: (1, 7844)
[M::mem_pestat] analyzing insert size distribution for orientation FR...
[M::mem_pestat] (25, 50, 75) percentile: (246, 324, 409)
[M::mem_pestat] low and high boundaries for computing mean and std.dev: (1, 735)
[M::mem_pestat] mean and std.dev: (327.75, 122.59)
[M::mem_pestat] low and high boundaries for proper pairs: (1, 898)
[M::mem_pestat] analyzing insert size distribution for orientation RF...
[M::mem_pestat] (25, 50, 75) percentile: (84, 1196, 3352)
[M::mem_pestat] low and high boundaries for computing mean and std.dev: (1, 9888)
[M::mem_pestat] mean and std.dev: (2240.21, 2411.51)
[M::mem_pestat] low and high boundaries for proper pairs: (1, 13156)
[M::mem_pestat] analyzing insert size distribution for orientation RR...
[M::mem_pestat] (25, 50, 75) percentile: (296, 580, 1788)
[M::mem_pestat] low and high boundaries for computing mean and std.dev: (1, 4772)
[M::mem_pestat] mean and std.dev: (894.10, 800.91)
[M::mem_pestat] low and high boundaries for proper pairs: (1, 6264)
[M::mem_pestat] skip orientation FF
[M::mem_pestat] skip orientation RF
[M::mem_pestat] skip orientation RR
[M::process] read 1066668 sequences (160000200 bp)...
[M::mem_process_seqs] Processed 1066668 reads in 783.750 CPU sec, 50.894 real sec
[M::mem_pestat] # candidate unique pairs for (FF, FR, RF, RR): (31, 228999, 72, 31)
[M::mem_pestat] analyzing insert size distribution for orientation FF...
[M::mem_pestat] (25, 50, 75) percentile: (311, 661, 2524)
[M::mem_pestat] low and high boundaries for computing mean and std.dev: (1, 6950)
[M::mem_pestat] mean and std.dev: (1355.87, 1584.62)
[M::mem_pestat] low and high boundaries for proper pairs: (1, 9163)
[M::mem_pestat] analyzing insert size distribution for orientation FR...
[M::mem_pestat] (25, 50, 75) percentile: (243, 320, 404)
[M::mem_pestat] low and high boundaries for computing mean and std.dev: (1, 726)
[M::mem_pestat] mean and std.dev: (324.17, 121.43)
[M::mem_pestat] low and high boundaries for proper pairs: (1, 887)
[M::mem_pestat] analyzing insert size distribution for orientation RF...
[M::mem_pestat] (25, 50, 75) percentile: (194, 1067, 5308)
[M::mem_pestat] low and high boundaries for computing mean and std.dev: (1, 15536)
[M::mem_pestat] mean and std.dev: (2745.53, 3006.80)
[M::mem_pestat] low and high boundaries for proper pairs: (1, 20650)
[M::mem_pestat] analyzing insert size distribution for orientation RR...
[M::mem_pestat] (25, 50, 75) percentile: (242, 671, 2085)
[M::mem_pestat] low and high boundaries for computing mean and std.dev: (1, 5771)
[M::mem_pestat] mean and std.dev: (625.48, 720.16)
[M::mem_pestat] low and high boundaries for proper pairs: (1, 7614)
[M::mem_pestat] skip orientation FF
[M::mem_pestat] skip orientation RF
[M::mem_pestat] skip orientation RR
[M::process] read 1066668 sequences (160000200 bp)...
[M::mem_process_seqs] Processed 1066668 reads in 773.220 CPU sec, 50.143 real sec
[M::mem_pestat] # candidate unique pairs for (FF, FR, RF, RR): (35, 228301, 80, 21)
[M::mem_pestat] analyzing insert size distribution for orientation FF...
[M::mem_pestat] (25, 50, 75) percentile: (231, 422, 2206)
[M::mem_pestat] low and high boundaries for computing mean and std.dev: (1, 6156)
[M::mem_pestat] mean and std.dev: (1154.55, 1499.71)
[M::mem_pestat] low and high boundaries for proper pairs: (1, 8131)
[M::mem_pestat] analyzing insert size distribution for orientation FR...
[M::mem_pestat] (25, 50, 75) percentile: (243, 322, 406)
[M::mem_pestat] low and high boundaries for computing mean and std.dev: (1, 732)
[M::mem_pestat] mean and std.dev: (325.71, 122.67)
[M::mem_pestat] low and high boundaries for proper pairs: (1, 895)
[M::mem_pestat] analyzing insert size distribution for orientation RF...
[M::mem_pestat] (25, 50, 75) percentile: (267, 1027, 4283)
[M::mem_pestat] low and high boundaries for computing mean and std.dev: (1, 12315)
[M::mem_pestat] mean and std.dev: (2519.62, 2875.21)
[M::mem_pestat] low and high boundaries for proper pairs: (1, 16331)
[M::mem_pestat] analyzing insert size distribution for orientation RR...
[M::mem_pestat] (25, 50, 75) percentile: (163, 404, 1735)
[M::mem_pestat] low and high boundaries for computing mean and std.dev: (1, 4879)
[M::mem_pestat] mean and std.dev: (858.57, 715.42)
[M::mem_pestat] low and high boundaries for proper pairs: (1, 6451)
[M::mem_pestat] skip orientation FF
[M::mem_pestat] skip orientation RF
[M::mem_pestat] skip orientation RR
[M::process] read 1066668 sequences (160000200 bp)...
[M::mem_process_seqs] Processed 1066668 reads in 773.557 CPU sec, 50.226 real sec
[M::mem_pestat] # candidate unique pairs for (FF, FR, RF, RR): (29, 227919, 87, 24)
[M::mem_pestat] analyzing insert size distribution for orientation FF...
[M::mem_pestat] (25, 50, 75) percentile: (258, 437, 2547)
[M::mem_pestat] low and high boundaries for computing mean and std.dev: (1, 7125)
[M::mem_pestat] mean and std.dev: (1386.34, 1804.22)
[M::mem_pestat] low and high boundaries for proper pairs: (1, 9414)
[M::mem_pestat] analyzing insert size distribution for orientation FR...
[M::mem_pestat] (25, 50, 75) percentile: (244, 325, 411)
[M::mem_pestat] low and high boundaries for computing mean and std.dev: (1, 745)
[M::mem_pestat] mean and std.dev: (327.97, 124.27)
[M::mem_pestat] low and high boundaries for proper pairs: (1, 912)
[M::mem_pestat] analyzing insert size distribution for orientation RF...
[M::mem_pestat] (25, 50, 75) percentile: (180, 984, 2845)
[M::mem_pestat] low and high boundaries for computing mean and std.dev: (1, 8175)
[M::mem_pestat] mean and std.dev: (1787.36, 2367.43)
[M::mem_pestat] low and high boundaries for proper pairs: (1, 11257)
[M::mem_pestat] analyzing insert size distribution for orientation RR...
[M::mem_pestat] (25, 50, 75) percentile: (323, 504, 987)
[M::mem_pestat] low and high boundaries for computing mean and std.dev: (1, 2315)
[M::mem_pestat] mean and std.dev: (581.74, 383.59)
[M::mem_pestat] low and high boundaries for proper pairs: (1, 2979)
[M::mem_pestat] skip orientation FF
[M::mem_pestat] skip orientation RF
[M::mem_pestat] skip orientation RR
[M::process] read 1066668 sequences (160000200 bp)...
[M::mem_process_seqs] Processed 1066668 reads in 769.009 CPU sec, 49.927 real sec
[M::mem_pestat] # candidate unique pairs for (FF, FR, RF, RR): (23, 228407, 82, 44)
[M::mem_pestat] analyzing insert size distribution for orientation FF...
[M::mem_pestat] (25, 50, 75) percentile: (189, 362, 809)
[M::mem_pestat] low and high boundaries for computing mean and std.dev: (1, 2049)
[M::mem_pestat] mean and std.dev: (401.05, 277.82)
[M::mem_pestat] low and high boundaries for proper pairs: (1, 2669)
[M::mem_pestat] analyzing insert size distribution for orientation FR...
[M::mem_pestat] (25, 50, 75) percentile: (250, 332, 420)
[M::mem_pestat] low and high boundaries for computing mean and std.dev: (1, 760)
[M::mem_pestat] mean and std.dev: (335.34, 127.03)
[M::mem_pestat] low and high boundaries for proper pairs: (1, 930)
[M::mem_pestat] analyzing insert size distribution for orientation RF...
[M::mem_pestat] (25, 50, 75) percentile: (229, 700, 4621)
[M::mem_pestat] low and high boundaries for computing mean and std.dev: (1, 13405)
[M::mem_pestat] mean and std.dev: (2737.26, 3026.16)
[M::mem_pestat] low and high boundaries for proper pairs: (1, 17797)
[M::mem_pestat] analyzing insert size distribution for orientation RR...
[M::mem_pestat] (25, 50, 75) percentile: (243, 536, 943)
[M::mem_pestat] low and high boundaries for computing mean and std.dev: (1, 2343)
[M::mem_pestat] mean and std.dev: (554.70, 427.69)
[M::mem_pestat] low and high boundaries for proper pairs: (1, 3043)
[M::mem_pestat] skip orientation FF
[M::mem_pestat] skip orientation RF
[M::mem_pestat] skip orientation RR
[M::process] read 1066668 sequences (160000200 bp)...
[M::mem_process_seqs] Processed 1066668 reads in 746.618 CPU sec, 48.550 real sec
[M::mem_pestat] # candidate unique pairs for (FF, FR, RF, RR): (40, 228900, 84, 30)
[M::mem_pestat] analyzing insert size distribution for orientation FF...
[M::mem_pestat] (25, 50, 75) percentile: (199, 259, 470)
[M::mem_pestat] low and high boundaries for computing mean and std.dev: (1, 1012)
[M::mem_pestat] mean and std.dev: (286.40, 186.71)
[M::mem_pestat] low and high boundaries for proper pairs: (1, 1283)
[M::mem_pestat] analyzing insert size distribution for orientation FR...
[M::mem_pestat] (25, 50, 75) percentile: (251, 332, 420)
[M::mem_pestat] low and high boundaries for computing mean and std.dev: (1, 758)
[M::mem_pestat] mean and std.dev: (335.52, 126.72)
[M::mem_pestat] low and high boundaries for proper pairs: (1, 927)
[M::mem_pestat] analyzing insert size distribution for orientation RF...
[M::mem_pestat] (25, 50, 75) percentile: (516, 1087, 5333)
[M::mem_pestat] low and high boundaries for computing mean and std.dev: (1, 14967)
[M::mem_pestat] mean and std.dev: (2925.95, 3177.46)
[M::mem_pestat] low and high boundaries for proper pairs: (1, 19784)
[M::mem_pestat] analyzing insert size distribution for orientation RR...
[M::mem_pestat] (25, 50, 75) percentile: (263, 384, 471)
[M::mem_pestat] low and high boundaries for computing mean and std.dev: (1, 887)
[M::mem_pestat] mean and std.dev: (347.48, 143.71)
[M::mem_pestat] low and high boundaries for proper pairs: (1, 1095)
[M::mem_pestat] skip orientation FF
[M::mem_pestat] skip orientation RF
[M::mem_pestat] skip orientation RR
[M::process] read 1066668 sequences (160000200 bp)...
[M::mem_process_seqs] Processed 1066668 reads in 751.408 CPU sec, 48.697 real sec
[M::mem_pestat] # candidate unique pairs for (FF, FR, RF, RR): (35, 229031, 61, 35)
[M::mem_pestat] analyzing insert size distribution for orientation FF...
[M::mem_pestat] (25, 50, 75) percentile: (338, 435, 557)
[M::mem_pestat] low and high boundaries for computing mean and std.dev: (1, 995)
[M::mem_pestat] mean and std.dev: (424.65, 169.73)
[M::mem_pestat] low and high boundaries for proper pairs: (1, 1214)
[M::mem_pestat] analyzing insert size distribution for orientation FR...
[M::mem_pestat] (25, 50, 75) percentile: (247, 327, 416)
[M::mem_pestat] low and high boundaries for computing mean and std.dev: (1, 754)
[M::mem_pestat] mean and std.dev: (331.99, 126.20)
[M::mem_pestat] low and high boundaries for proper pairs: (1, 923)
[M::mem_pestat] analyzing insert size distribution for orientation RF...
[M::mem_pestat] (25, 50, 75) percentile: (299, 1908, 3747)
[M::mem_pestat] low and high boundaries for computing mean and std.dev: (1, 10643)
[M::mem_pestat] mean and std.dev: (2598.28, 2710.61)
[M::mem_pestat] low and high boundaries for proper pairs: (1, 14091)
[M::mem_pestat] analyzing insert size distribution for orientation RR...
[M::mem_pestat] (25, 50, 75) percentile: (316, 485, 913)
[M::mem_pestat] low and high boundaries for computing mean and std.dev: (1, 2107)
[M::mem_pestat] mean and std.dev: (532.47, 407.81)
[M::mem_pestat] low and high boundaries for proper pairs: (1, 2704)
[M::mem_pestat] skip orientation FF
[M::mem_pestat] skip orientation RF
[M::mem_pestat] skip orientation RR
[M::process] read 1066668 sequences (160000200 bp)...
[M::mem_process_seqs] Processed 1066668 reads in 766.018 CPU sec, 49.676 real sec
[M::mem_pestat] # candidate unique pairs for (FF, FR, RF, RR): (39, 228693, 83, 34)
[M::mem_pestat] analyzing insert size distribution for orientation FF...
[M::mem_pestat] (25, 50, 75) percentile: (211, 631, 3110)
[M::mem_pestat] low and high boundaries for computing mean and std.dev: (1, 8908)
[M::mem_pestat] mean and std.dev: (1691.31, 2194.74)
[M::mem_pestat] low and high boundaries for proper pairs: (1, 11807)
[M::mem_pestat] analyzing insert size distribution for orientation FR...
[M::mem_pestat] (25, 50, 75) percentile: (248, 327, 415)
[M::mem_pestat] low and high boundaries for computing mean and std.dev: (1, 749)
[M::mem_pestat] mean and std.dev: (331.95, 125.36)
[M::mem_pestat] low and high boundaries for proper pairs: (1, 916)
[M::mem_pestat] analyzing insert size distribution for orientation RF...
[M::mem_pestat] (25, 50, 75) percentile: (425, 1262, 4165)
[M::mem_pestat] low and high boundaries for computing mean and std.dev: (1, 11645)
[M::mem_pestat] mean and std.dev: (2759.41, 2926.11)
[M::mem_pestat] low and high boundaries for proper pairs: (1, 15385)
[M::mem_pestat] analyzing insert size distribution for orientation RR...
[M::mem_pestat] (25, 50, 75) percentile: (316, 482, 860)
[M::mem_pestat] low and high boundaries for computing mean and std.dev: (1, 1948)
[M::mem_pestat] mean and std.dev: (465.00, 298.81)
[M::mem_pestat] low and high boundaries for proper pairs: (1, 2492)
[M::mem_pestat] skip orientation FF
[M::mem_pestat] skip orientation RF
[M::mem_pestat] skip orientation RR
[M::process] read 1066668 sequences (160000200 bp)...
[M::mem_process_seqs] Processed 1066668 reads in 767.478 CPU sec, 50.008 real sec
[M::mem_pestat] # candidate unique pairs for (FF, FR, RF, RR): (29, 230148, 80, 50)
[M::mem_pestat] analyzing insert size distribution for orientation FF...
[M::mem_pestat] (25, 50, 75) percentile: (315, 446, 1262)
[M::mem_pestat] low and high boundaries for computing mean and std.dev: (1, 3156)
[M::mem_pestat] mean and std.dev: (566.92, 431.31)
[M::mem_pestat] low and high boundaries for proper pairs: (1, 4103)
[M::mem_pestat] analyzing insert size distribution for orientation FR...
[M::mem_pestat] (25, 50, 75) percentile: (247, 326, 413)
[M::mem_pestat] low and high boundaries for computing mean and std.dev: (1, 745)
[M::mem_pestat] mean and std.dev: (330.75, 124.70)
[M::mem_pestat] low and high boundaries for proper pairs: (1, 911)
[M::mem_pestat] analyzing insert size distribution for orientation RF...
[M::mem_pestat] (25, 50, 75) percentile: (246, 1364, 5890)
[M::mem_pestat] low and high boundaries for computing mean and std.dev: (1, 17178)
[M::mem_pestat] mean and std.dev: (2691.50, 3112.67)
[M::mem_pestat] low and high boundaries for proper pairs: (1, 22822)
[M::mem_pestat] analyzing insert size distribution for orientation RR...
[M::mem_pestat] (25, 50, 75) percentile: (278, 484, 1006)
[M::mem_pestat] low and high boundaries for computing mean and std.dev: (1, 2462)
[M::mem_pestat] mean and std.dev: (620.09, 560.93)
[M::mem_pestat] low and high boundaries for proper pairs: (1, 3190)
[M::mem_pestat] skip orientation FF
[M::mem_pestat] skip orientation RF
[M::mem_pestat] skip orientation RR
[M::process] read 1066668 sequences (160000200 bp)...
[M::mem_process_seqs] Processed 1066668 reads in 766.882 CPU sec, 49.744 real sec
[M::mem_pestat] # candidate unique pairs for (FF, FR, RF, RR): (31, 228882, 70, 39)
[M::mem_pestat] analyzing insert size distribution for orientation FF...
[M::mem_pestat] (25, 50, 75) percentile: (181, 301, 904)
[M::mem_pestat] low and high boundaries for computing mean and std.dev: (1, 2350)
[M::mem_pestat] mean and std.dev: (571.47, 596.14)
[M::mem_pestat] low and high boundaries for proper pairs: (1, 3073)
[M::mem_pestat] analyzing insert size distribution for orientation FR...
[M::mem_pestat] (25, 50, 75) percentile: (245, 324, 410)
[M::mem_pestat] low and high boundaries for computing mean and std.dev: (1, 740)
[M::mem_pestat] mean and std.dev: (328.34, 124.25)
[M::mem_pestat] low and high boundaries for proper pairs: (1, 905)
[M::mem_pestat] analyzing insert size distribution for orientation RF...
[M::mem_pestat] (25, 50, 75) percentile: (315, 2005, 6015)
[M::mem_pestat] low and high boundaries for computing mean and std.dev: (1, 17415)
[M::mem_pestat] mean and std.dev: (3156.74, 3234.37)
[M::mem_pestat] low and high boundaries for proper pairs: (1, 23115)
[M::mem_pestat] analyzing insert size distribution for orientation RR...
[M::mem_pestat] (25, 50, 75) percentile: (335, 971, 2386)
[M::mem_pestat] low and high boundaries for computing mean and std.dev: (1, 6488)
[M::mem_pestat] mean and std.dev: (1768.97, 1954.50)
[M::mem_pestat] low and high boundaries for proper pairs: (1, 9587)
[M::mem_pestat] skip orientation FF
[M::mem_pestat] skip orientation RF
[M::mem_pestat] skip orientation RR
[M::process] read 1066668 sequences (160000200 bp)...
[M::mem_process_seqs] Processed 1066668 reads in 775.102 CPU sec, 50.301 real sec
[M::mem_pestat] # candidate unique pairs for (FF, FR, RF, RR): (54, 228912, 74, 49)
[M::mem_pestat] analyzing insert size distribution for orientation FF...
[M::mem_pestat] (25, 50, 75) percentile: (228, 441, 2008)
[M::mem_pestat] low and high boundaries for computing mean and std.dev: (1, 5568)
[M::mem_pestat] mean and std.dev: (976.71, 1318.34)
[M::mem_pestat] low and high boundaries for proper pairs: (1, 7348)
[M::mem_pestat] analyzing insert size distribution for orientation FR...
[M::mem_pestat] (25, 50, 75) percentile: (243, 322, 409)
[M::mem_pestat] low and high boundaries for computing mean and std.dev: (1, 741)
[M::mem_pestat] mean and std.dev: (327.17, 124.23)
[M::mem_pestat] low and high boundaries for proper pairs: (1, 907)
[M::mem_pestat] analyzing insert size distribution for orientation RF...
[M::mem_pestat] (25, 50, 75) percentile: (318, 1453, 4835)
[M::mem_pestat] low and high boundaries for computing mean and std.dev: (1, 13869)
[M::mem_pestat] mean and std.dev: (2863.70, 3096.40)
[M::mem_pestat] low and high boundaries for proper pairs: (1, 18386)
[M::mem_pestat] analyzing insert size distribution for orientation RR...
[M::mem_pestat] (25, 50, 75) percentile: (271, 813, 1789)
[M::mem_pestat] low and high boundaries for computing mean and std.dev: (1, 4825)
[M::mem_pestat] mean and std.dev: (858.64, 865.57)
[M::mem_pestat] low and high boundaries for proper pairs: (1, 6343)
[M::mem_pestat] skip orientation FF
[M::mem_pestat] skip orientation RF
[M::mem_pestat] skip orientation RR
[M::process] read 1066668 sequences (160000200 bp)...
[M::mem_process_seqs] Processed 1066668 reads in 782.220 CPU sec, 50.819 real sec
[M::mem_pestat] # candidate unique pairs for (FF, FR, RF, RR): (34, 227120, 85, 43)
[M::mem_pestat] analyzing insert size distribution for orientation FF...
[M::mem_pestat] (25, 50, 75) percentile: (258, 356, 1111)
[M::mem_pestat] low and high boundaries for computing mean and std.dev: (1, 2817)
[M::mem_pestat] mean and std.dev: (588.03, 559.97)
[M::mem_pestat] low and high boundaries for proper pairs: (1, 3670)
[M::mem_pestat] analyzing insert size distribution for orientation FR...
[M::mem_pestat] (25, 50, 75) percentile: (241, 321, 408)
[M::mem_pestat] low and high boundaries for computing mean and std.dev: (1, 742)
[M::mem_pestat] mean and std.dev: (325.51, 124.58)
[M::mem_pestat] low and high boundaries for proper pairs: (1, 909)
[M::mem_pestat] analyzing insert size distribution for orientation RF...
[M::mem_pestat] (25, 50, 75) percentile: (318, 1438, 5295)
[M::mem_pestat] low and high boundaries for computing mean and std.dev: (1, 15249)
[M::mem_pestat] mean and std.dev: (2837.93, 3186.28)
[M::mem_pestat] low and high boundaries for proper pairs: (1, 20226)
[M::mem_pestat] analyzing insert size distribution for orientation RR...
[M::mem_pestat] (25, 50, 75) percentile: (151, 236, 718)
[M::mem_pestat] low and high boundaries for computing mean and std.dev: (1, 1852)
[M::mem_pestat] mean and std.dev: (259.57, 282.70)
[M::mem_pestat] low and high boundaries for proper pairs: (1, 2419)
[M::mem_pestat] skip orientation FF
[M::mem_pestat] skip orientation RF
[M::mem_pestat] skip orientation RR
[M::process] read 1066668 sequences (160000200 bp)...
[M::mem_process_seqs] Processed 1066668 reads in 787.849 CPU sec, 51.101 real sec
[M::mem_pestat] # candidate unique pairs for (FF, FR, RF, RR): (25, 227912, 52, 36)
[M::mem_pestat] analyzing insert size distribution for orientation FF...
[M::mem_pestat] (25, 50, 75) percentile: (179, 555, 2835)
[M::mem_pestat] low and high boundaries for computing mean and std.dev: (1, 8147)
[M::mem_pestat] mean and std.dev: (1919.44, 2649.11)
[M::mem_pestat] low and high boundaries for proper pairs: (1, 12516)
[M::mem_pestat] analyzing insert size distribution for orientation FR...
[M::mem_pestat] (25, 50, 75) percentile: (247, 329, 417)
[M::mem_pestat] low and high boundaries for computing mean and std.dev: (1, 757)
[M::mem_pestat] mean and std.dev: (331.93, 126.53)
[M::mem_pestat] low and high boundaries for proper pairs: (1, 927)
[M::mem_pestat] analyzing insert size distribution for orientation RF...
[M::mem_pestat] (25, 50, 75) percentile: (125, 1175, 4112)
[M::mem_pestat] low and high boundaries for computing mean and std.dev: (1, 12086)
[M::mem_pestat] mean and std.dev: (2373.52, 2987.67)
[M::mem_pestat] low and high boundaries for proper pairs: (1, 16073)
[M::mem_pestat] analyzing insert size distribution for orientation RR...
[M::mem_pestat] (25, 50, 75) percentile: (193, 468, 1095)
[M::mem_pestat] low and high boundaries for computing mean and std.dev: (1, 2899)
[M::mem_pestat] mean and std.dev: (476.61, 384.04)
[M::mem_pestat] low and high boundaries for proper pairs: (1, 3801)
[M::mem_pestat] skip orientation FF
[M::mem_pestat] skip orientation RF
[M::mem_pestat] skip orientation RR
[M::process] read 1066668 sequences (160000200 bp)...
[M::mem_process_seqs] Processed 1066668 reads in 763.405 CPU sec, 49.691 real sec
[M::mem_pestat] # candidate unique pairs for (FF, FR, RF, RR): (28, 227904, 52, 36)
[M::mem_pestat] analyzing insert size distribution for orientation FF...
[M::mem_pestat] (25, 50, 75) percentile: (274, 367, 753)
[M::mem_pestat] low and high boundaries for computing mean and std.dev: (1, 1711)
[M::mem_pestat] mean and std.dev: (417.08, 233.63)
[M::mem_pestat] low and high boundaries for proper pairs: (1, 2190)
[M::mem_pestat] analyzing insert size distribution for orientation FR...
[M::mem_pestat] (25, 50, 75) percentile: (248, 330, 418)
[M::mem_pestat] low and high boundaries for computing mean and std.dev: (1, 758)
[M::mem_pestat] mean and std.dev: (333.21, 126.16)
[M::mem_pestat] low and high boundaries for proper pairs: (1, 928)
[M::mem_pestat] analyzing insert size distribution for orientation RF...
[M::mem_pestat] (25, 50, 75) percentile: (229, 1514, 5699)
[M::mem_pestat] low and high boundaries for computing mean and std.dev: (1, 16639)
[M::mem_pestat] mean and std.dev: (2676.83, 3019.14)
[M::mem_pestat] low and high boundaries for proper pairs: (1, 22109)
[M::mem_pestat] analyzing insert size distribution for orientation RR...
[M::mem_pestat] (25, 50, 75) percentile: (122, 504, 2559)
[M::mem_pestat] low and high boundaries for computing mean and std.dev: (1, 7433)
[M::mem_pestat] mean and std.dev: (1471.92, 1773.02)
[M::mem_pestat] low and high boundaries for proper pairs: (1, 9870)
[M::mem_pestat] skip orientation FF
[M::mem_pestat] skip orientation RF
[M::mem_pestat] skip orientation RR
[M::mem_process_seqs] Processed 1066668 reads in 762.314 CPU sec, 50.259 real sec
[M::process] read 1066668 sequences (160000200 bp)...
[M::mem_pestat] # candidate unique pairs for (FF, FR, RF, RR): (29, 228280, 75, 18)
[M::mem_pestat] analyzing insert size distribution for orientation FF...
[M::mem_pestat] (25, 50, 75) percentile: (328, 497, 2276)
[M::mem_pestat] low and high boundaries for computing mean and std.dev: (1, 6172)
[M::mem_pestat] mean and std.dev: (972.27, 994.85)
[M::mem_pestat] low and high boundaries for proper pairs: (1, 8120)
[M::mem_pestat] analyzing insert size distribution for orientation FR...
[M::mem_pestat] (25, 50, 75) percentile: (243, 323, 410)
[M::mem_pestat] low and high boundaries for computing mean and std.dev: (1, 744)
[M::mem_pestat] mean and std.dev: (327.35, 124.95)
[M::mem_pestat] low and high boundaries for proper pairs: (1, 911)
[M::mem_pestat] analyzing insert size distribution for orientation RF...
[M::mem_pestat] (25, 50, 75) percentile: (300, 1589, 5497)
[M::mem_pestat] low and high boundaries for computing mean and std.dev: (1, 15891)
[M::mem_pestat] mean and std.dev: (2870.23, 2915.18)
[M::mem_pestat] low and high boundaries for proper pairs: (1, 21088)
[M::mem_pestat] analyzing insert size distribution for orientation RR...
[M::mem_pestat] (25, 50, 75) percentile: (222, 632, 1213)
[M::mem_pestat] low and high boundaries for computing mean and std.dev: (1, 3195)
[M::mem_pestat] mean and std.dev: (526.07, 391.37)
[M::mem_pestat] low and high boundaries for proper pairs: (1, 4186)
[M::mem_pestat] skip orientation FF
[M::mem_pestat] skip orientation RF
[M::mem_pestat] skip orientation RR
[M::process] read 1066668 sequences (160000200 bp)...
[M::mem_process_seqs] Processed 1066668 reads in 769.042 CPU sec, 49.432 real sec
[M::mem_pestat] # candidate unique pairs for (FF, FR, RF, RR): (24, 228795, 88, 35)
[M::mem_pestat] analyzing insert size distribution for orientation FF...
[M::mem_pestat] (25, 50, 75) percentile: (233, 387, 1218)
[M::mem_pestat] low and high boundaries for computing mean and std.dev: (1, 3188)
[M::mem_pestat] mean and std.dev: (541.30, 551.50)
[M::mem_pestat] low and high boundaries for proper pairs: (1, 4173)
[M::mem_pestat] analyzing insert size distribution for orientation FR...
[M::mem_pestat] (25, 50, 75) percentile: (242, 322, 410)
[M::mem_pestat] low and high boundaries for computing mean and std.dev: (1, 746)
[M::mem_pestat] mean and std.dev: (326.80, 124.85)
[M::mem_pestat] low and high boundaries for proper pairs: (1, 914)
[M::mem_pestat] analyzing insert size distribution for orientation RF...
[M::mem_pestat] (25, 50, 75) percentile: (273, 813, 3584)
[M::mem_pestat] low and high boundaries for computing mean and std.dev: (1, 10206)
[M::mem_pestat] mean and std.dev: (2109.12, 2435.15)
[M::mem_pestat] low and high boundaries for proper pairs: (1, 13517)
[M::mem_pestat] analyzing insert size distribution for orientation RR...
[M::mem_pestat] (25, 50, 75) percentile: (220, 384, 812)
[M::mem_pestat] low and high boundaries for computing mean and std.dev: (1, 1996)
[M::mem_pestat] mean and std.dev: (422.27, 378.34)
[M::mem_pestat] low and high boundaries for proper pairs: (1, 2588)
[M::mem_pestat] skip orientation FF
[M::mem_pestat] skip orientation RF
[M::mem_pestat] skip orientation RR
[M::process] read 1066668 sequences (160000200 bp)...
[M::mem_process_seqs] Processed 1066668 reads in 768.972 CPU sec, 50.108 real sec
[M::mem_pestat] # candidate unique pairs for (FF, FR, RF, RR): (31, 228908, 54, 21)
[M::mem_pestat] analyzing insert size distribution for orientation FF...
[M::mem_pestat] (25, 50, 75) percentile: (315, 503, 1251)
[M::mem_pestat] low and high boundaries for computing mean and std.dev: (1, 3123)
[M::mem_pestat] mean and std.dev: (640.57, 574.15)
[M::mem_pestat] low and high boundaries for proper pairs: (1, 4059)
[M::mem_pestat] analyzing insert size distribution for orientation FR...
[M::mem_pestat] (25, 50, 75) percentile: (245, 326, 412)
[M::mem_pestat] low and high boundaries for computing mean and std.dev: (1, 746)
[M::mem_pestat] mean and std.dev: (329.86, 125.37)
[M::mem_pestat] low and high boundaries for proper pairs: (1, 913)
[M::mem_pestat] analyzing insert size distribution for orientation RF...
[M::mem_pestat] (25, 50, 75) percentile: (205, 841, 5294)
[M::mem_pestat] low and high boundaries for computing mean and std.dev: (1, 15472)
[M::mem_pestat] mean and std.dev: (2669.28, 3149.92)
[M::mem_pestat] low and high boundaries for proper pairs: (1, 20561)
[M::mem_pestat] analyzing insert size distribution for orientation RR...
[M::mem_pestat] (25, 50, 75) percentile: (275, 1143, 2671)
[M::mem_pestat] low and high boundaries for computing mean and std.dev: (1, 7463)
[M::mem_pestat] mean and std.dev: (1560.74, 2028.14)
[M::mem_pestat] low and high boundaries for proper pairs: (1, 9859)
[M::mem_pestat] skip orientation FF
[M::mem_pestat] skip orientation RF
[M::mem_pestat] skip orientation RR
[M::process] read 1066668 sequences (160000200 bp)...
[M::mem_process_seqs] Processed 1066668 reads in 766.102 CPU sec, 49.769 real sec
[M::mem_pestat] # candidate unique pairs for (FF, FR, RF, RR): (35, 229419, 75, 26)
[M::mem_pestat] analyzing insert size distribution for orientation FF...
[M::mem_pestat] (25, 50, 75) percentile: (237, 468, 768)
[M::mem_pestat] low and high boundaries for computing mean and std.dev: (1, 1830)
[M::mem_pestat] mean and std.dev: (453.90, 260.78)
[M::mem_pestat] low and high boundaries for proper pairs: (1, 2361)
[M::mem_pestat] analyzing insert size distribution for orientation FR...
[M::mem_pestat] (25, 50, 75) percentile: (244, 323, 411)
[M::mem_pestat] low and high boundaries for computing mean and std.dev: (1, 745)
[M::mem_pestat] mean and std.dev: (328.61, 125.00)
[M::mem_pestat] low and high boundaries for proper pairs: (1, 912)
[M::mem_pestat] analyzing insert size distribution for orientation RF...
[M::mem_pestat] (25, 50, 75) percentile: (182, 1087, 6550)
[M::mem_pestat] low and high boundaries for computing mean and std.dev: (1, 19286)
[M::mem_pestat] mean and std.dev: (2920.67, 3305.13)
[M::mem_pestat] low and high boundaries for proper pairs: (1, 25654)
[M::mem_pestat] analyzing insert size distribution for orientation RR...
[M::mem_pestat] (25, 50, 75) percentile: (247, 447, 1004)
[M::mem_pestat] low and high boundaries for computing mean and std.dev: (1, 2518)
[M::mem_pestat] mean and std.dev: (482.95, 469.63)
[M::mem_pestat] low and high boundaries for proper pairs: (1, 3275)
[M::mem_pestat] skip orientation FF
[M::mem_pestat] skip orientation RF
[M::mem_pestat] skip orientation RR
[M::process] read 1066668 sequences (160000200 bp)...
[M::mem_process_seqs] Processed 1066668 reads in 777.761 CPU sec, 50.585 real sec
[M::mem_pestat] # candidate unique pairs for (FF, FR, RF, RR): (49, 228351, 58, 37)
[M::mem_pestat] analyzing insert size distribution for orientation FF...
[M::mem_pestat] (25, 50, 75) percentile: (245, 676, 1636)
[M::mem_pestat] low and high boundaries for computing mean and std.dev: (1, 4418)
[M::mem_pestat] mean and std.dev: (887.26, 793.18)
[M::mem_pestat] low and high boundaries for proper pairs: (1, 5809)
[M::mem_pestat] analyzing insert size distribution for orientation FR...
[M::mem_pestat] (25, 50, 75) percentile: (242, 322, 410)
[M::mem_pestat] low and high boundaries for computing mean and std.dev: (1, 746)
[M::mem_pestat] mean and std.dev: (327.35, 125.02)
[M::mem_pestat] low and high boundaries for proper pairs: (1, 914)
[M::mem_pestat] analyzing insert size distribution for orientation RF...
[M::mem_pestat] (25, 50, 75) percentile: (372, 1042, 2486)
[M::mem_pestat] low and high boundaries for computing mean and std.dev: (1, 6714)
[M::mem_pestat] mean and std.dev: (1687.84, 1979.46)
[M::mem_pestat] low and high boundaries for proper pairs: (1, 9606)
[M::mem_pestat] analyzing insert size distribution for orientation RR...
[M::mem_pestat] (25, 50, 75) percentile: (184, 359, 2033)
[M::mem_pestat] low and high boundaries for computing mean and std.dev: (1, 5731)
[M::mem_pestat] mean and std.dev: (1003.09, 1353.77)
[M::mem_pestat] low and high boundaries for proper pairs: (1, 7580)
[M::mem_pestat] skip orientation FF
[M::mem_pestat] skip orientation RF
[M::mem_pestat] skip orientation RR
[M::process] read 1066668 sequences (160000200 bp)...
[M::mem_process_seqs] Processed 1066668 reads in 770.601 CPU sec, 50.191 real sec
[M::mem_pestat] # candidate unique pairs for (FF, FR, RF, RR): (42, 227675, 69, 18)
[M::mem_pestat] analyzing insert size distribution for orientation FF...
[M::mem_pestat] (25, 50, 75) percentile: (262, 461, 742)
[M::mem_pestat] low and high boundaries for computing mean and std.dev: (1, 1702)
[M::mem_pestat] mean and std.dev: (467.58, 365.36)
[M::mem_pestat] low and high boundaries for proper pairs: (1, 2182)
[M::mem_pestat] analyzing insert size distribution for orientation FR...
[M::mem_pestat] (25, 50, 75) percentile: (242, 322, 408)
[M::mem_pestat] low and high boundaries for computing mean and std.dev: (1, 740)
[M::mem_pestat] mean and std.dev: (326.11, 123.81)
[M::mem_pestat] low and high boundaries for proper pairs: (1, 906)
[M::mem_pestat] analyzing insert size distribution for orientation RF...
[M::mem_pestat] (25, 50, 75) percentile: (128, 545, 3951)
[M::mem_pestat] low and high boundaries for computing mean and std.dev: (1, 11597)
[M::mem_pestat] mean and std.dev: (2215.91, 2993.98)
[M::mem_pestat] low and high boundaries for proper pairs: (1, 15420)
[M::mem_pestat] analyzing insert size distribution for orientation RR...
[M::mem_pestat] (25, 50, 75) percentile: (141, 418, 1215)
[M::mem_pestat] low and high boundaries for computing mean and std.dev: (1, 3363)
[M::mem_pestat] mean and std.dev: (458.33, 438.25)
[M::mem_pestat] low and high boundaries for proper pairs: (1, 4437)
[M::mem_pestat] skip orientation FF
[M::mem_pestat] skip orientation RF
[M::mem_pestat] skip orientation RR
[M::process] read 1066668 sequences (160000200 bp)...
[M::mem_process_seqs] Processed 1066668 reads in 779.734 CPU sec, 50.679 real sec
[M::mem_pestat] # candidate unique pairs for (FF, FR, RF, RR): (28, 228751, 86, 40)
[M::mem_pestat] analyzing insert size distribution for orientation FF...
[M::mem_pestat] (25, 50, 75) percentile: (220, 350, 500)
[M::mem_pestat] low and high boundaries for computing mean and std.dev: (1, 1060)
[M::mem_pestat] mean and std.dev: (313.88, 157.53)
[M::mem_pestat] low and high boundaries for proper pairs: (1, 1340)
[M::mem_pestat] analyzing insert size distribution for orientation FR...
[M::mem_pestat] (25, 50, 75) percentile: (246, 327, 413)
[M::mem_pestat] low and high boundaries for computing mean and std.dev: (1, 747)
[M::mem_pestat] mean and std.dev: (329.84, 125.10)
[M::mem_pestat] low and high boundaries for proper pairs: (1, 914)
[M::mem_pestat] analyzing insert size distribution for orientation RF...
[M::mem_pestat] (25, 50, 75) percentile: (210, 1182, 6543)
[M::mem_pestat] low and high boundaries for computing mean and std.dev: (1, 19209)
[M::mem_pestat] mean and std.dev: (2870.76, 3135.19)
[M::mem_pestat] low and high boundaries for proper pairs: (1, 25542)
[M::mem_pestat] analyzing insert size distribution for orientation RR...
[M::mem_pestat] (25, 50, 75) percentile: (180, 575, 1495)
[M::mem_pestat] low and high boundaries for computing mean and std.dev: (1, 4125)
[M::mem_pestat] mean and std.dev: (593.83, 567.23)
[M::mem_pestat] low and high boundaries for proper pairs: (1, 5440)
[M::mem_pestat] skip orientation FF
[M::mem_pestat] skip orientation RF
[M::mem_pestat] skip orientation RR
[M::process] read 1066668 sequences (160000200 bp)...
[M::mem_process_seqs] Processed 1066668 reads in 758.602 CPU sec, 49.337 real sec
[M::mem_pestat] # candidate unique pairs for (FF, FR, RF, RR): (32, 228607, 91, 28)
[M::mem_pestat] analyzing insert size distribution for orientation FF...
[M::mem_pestat] (25, 50, 75) percentile: (192, 329, 955)
[M::mem_pestat] low and high boundaries for computing mean and std.dev: (1, 2481)
[M::mem_pestat] mean and std.dev: (434.85, 392.98)
[M::mem_pestat] low and high boundaries for proper pairs: (1, 3244)
[M::mem_pestat] analyzing insert size distribution for orientation FR...
[M::mem_pestat] (25, 50, 75) percentile: (249, 330, 417)
[M::mem_pestat] low and high boundaries for computing mean and std.dev: (1, 753)
[M::mem_pestat] mean and std.dev: (332.72, 125.56)
[M::mem_pestat] low and high boundaries for proper pairs: (1, 921)
[M::mem_pestat] analyzing insert size distribution for orientation RF...
[M::mem_pestat] (25, 50, 75) percentile: (372, 1711, 6274)
[M::mem_pestat] low and high boundaries for computing mean and std.dev: (1, 18078)
[M::mem_pestat] mean and std.dev: (3073.23, 3053.75)
[M::mem_pestat] low and high boundaries for proper pairs: (1, 23980)
[M::mem_pestat] analyzing insert size distribution for orientation RR...
[M::mem_pestat] (25, 50, 75) percentile: (221, 1666, 3440)
[M::mem_pestat] low and high boundaries for computing mean and std.dev: (1, 9878)
[M::mem_pestat] mean and std.dev: (2426.14, 2736.14)
[M::mem_pestat] low and high boundaries for proper pairs: (1, 13371)
[M::mem_pestat] skip orientation FF
[M::mem_pestat] skip orientation RF
[M::mem_pestat] skip orientation RR
[M::process] read 1066668 sequences (160000200 bp)...
[M::mem_process_seqs] Processed 1066668 reads in 764.442 CPU sec, 49.454 real sec
[M::mem_pestat] # candidate unique pairs for (FF, FR, RF, RR): (35, 228240, 67, 26)
[M::mem_pestat] analyzing insert size distribution for orientation FF...
[M::mem_pestat] (25, 50, 75) percentile: (264, 388, 1057)
[M::mem_pestat] low and high boundaries for computing mean and std.dev: (1, 2643)
[M::mem_pestat] mean and std.dev: (580.19, 550.45)
[M::mem_pestat] low and high boundaries for proper pairs: (1, 3436)
[M::mem_pestat] analyzing insert size distribution for orientation FR...
[M::mem_pestat] (25, 50, 75) percentile: (244, 325, 410)
[M::mem_pestat] low and high boundaries for computing mean and std.dev: (1, 742)
[M::mem_pestat] mean and std.dev: (328.14, 124.30)
[M::mem_pestat] low and high boundaries for proper pairs: (1, 908)
[M::mem_pestat] analyzing insert size distribution for orientation RF...
[M::mem_pestat] (25, 50, 75) percentile: (355, 1059, 6211)
[M::mem_pestat] low and high boundaries for computing mean and std.dev: (1, 17923)
[M::mem_pestat] mean and std.dev: (2759.25, 3142.64)
[M::mem_pestat] low and high boundaries for proper pairs: (1, 23779)
[M::mem_pestat] analyzing insert size distribution for orientation RR...
[M::mem_pestat] (25, 50, 75) percentile: (201, 494, 1638)
[M::mem_pestat] low and high boundaries for computing mean and std.dev: (1, 4512)
[M::mem_pestat] mean and std.dev: (699.29, 675.59)
[M::mem_pestat] low and high boundaries for proper pairs: (1, 5949)
[M::mem_pestat] skip orientation FF
[M::mem_pestat] skip orientation RF
[M::mem_pestat] skip orientation RR
[M::process] read 1066668 sequences (160000200 bp)...
[M::mem_process_seqs] Processed 1066668 reads in 760.262 CPU sec, 49.372 real sec
[M::mem_pestat] # candidate unique pairs for (FF, FR, RF, RR): (29, 229035, 91, 20)
[M::mem_pestat] analyzing insert size distribution for orientation FF...
[M::mem_pestat] (25, 50, 75) percentile: (172, 341, 983)
[M::mem_pestat] low and high boundaries for computing mean and std.dev: (1, 2605)
[M::mem_pestat] mean and std.dev: (349.96, 284.84)
[M::mem_pestat] low and high boundaries for proper pairs: (1, 3416)
[M::mem_pestat] analyzing insert size distribution for orientation FR...
[M::mem_pestat] (25, 50, 75) percentile: (246, 327, 413)
[M::mem_pestat] low and high boundaries for computing mean and std.dev: (1, 747)
[M::mem_pestat] mean and std.dev: (330.53, 125.25)
[M::mem_pestat] low and high boundaries for proper pairs: (1, 914)
[M::mem_pestat] analyzing insert size distribution for orientation RF...
[M::mem_pestat] (25, 50, 75) percentile: (432, 2073, 6665)
[M::mem_pestat] low and high boundaries for computing mean and std.dev: (1, 19131)
[M::mem_pestat] mean and std.dev: (3401.43, 3384.87)
[M::mem_pestat] low and high boundaries for proper pairs: (1, 25364)
[M::mem_pestat] analyzing insert size distribution for orientation RR...
[M::mem_pestat] (25, 50, 75) percentile: (306, 717, 1984)
[M::mem_pestat] low and high boundaries for computing mean and std.dev: (1, 5340)
[M::mem_pestat] mean and std.dev: (900.11, 776.79)
[M::mem_pestat] low and high boundaries for proper pairs: (1, 7018)
[M::mem_pestat] skip orientation FF
[M::mem_pestat] skip orientation RF
[M::mem_pestat] skip orientation RR
[M::process] read 1066668 sequences (160000200 bp)...
[M::mem_process_seqs] Processed 1066668 reads in 765.015 CPU sec, 50.008 real sec
[M::mem_pestat] # candidate unique pairs for (FF, FR, RF, RR): (45, 229183, 79, 38)
[M::mem_pestat] analyzing insert size distribution for orientation FF...
[M::mem_pestat] (25, 50, 75) percentile: (217, 617, 2774)
[M::mem_pestat] low and high boundaries for computing mean and std.dev: (1, 7888)
[M::mem_pestat] mean and std.dev: (1188.71, 1534.17)
[M::mem_pestat] low and high boundaries for proper pairs: (1, 10445)
[M::mem_pestat] analyzing insert size distribution for orientation FR...
[M::mem_pestat] (25, 50, 75) percentile: (245, 323, 410)
[M::mem_pestat] low and high boundaries for computing mean and std.dev: (1, 740)
[M::mem_pestat] mean and std.dev: (327.99, 124.24)
[M::mem_pestat] low and high boundaries for proper pairs: (1, 905)
[M::mem_pestat] analyzing insert size distribution for orientation RF...
[M::mem_pestat] (25, 50, 75) percentile: (177, 726, 4119)
[M::mem_pestat] low and high boundaries for computing mean and std.dev: (1, 12003)
[M::mem_pestat] mean and std.dev: (2291.94, 2825.53)
[M::mem_pestat] low and high boundaries for proper pairs: (1, 15945)
[M::mem_pestat] analyzing insert size distribution for orientation RR...
[M::mem_pestat] (25, 50, 75) percentile: (218, 360, 479)
[M::mem_pestat] low and high boundaries for computing mean and std.dev: (1, 1001)
[M::mem_pestat] mean and std.dev: (332.03, 179.45)
[M::mem_pestat] low and high boundaries for proper pairs: (1, 1262)
[M::mem_pestat] skip orientation FF
[M::mem_pestat] skip orientation RF
[M::mem_pestat] skip orientation RR
[M::process] read 1066668 sequences (160000200 bp)...
[M::mem_process_seqs] Processed 1066668 reads in 767.586 CPU sec, 50.052 real sec
[M::mem_pestat] # candidate unique pairs for (FF, FR, RF, RR): (21, 229016, 74, 36)
[M::mem_pestat] analyzing insert size distribution for orientation FF...
[M::mem_pestat] (25, 50, 75) percentile: (304, 565, 1570)
[M::mem_pestat] low and high boundaries for computing mean and std.dev: (1, 4102)
[M::mem_pestat] mean and std.dev: (851.05, 858.94)
[M::mem_pestat] low and high boundaries for proper pairs: (1, 5368)
[M::mem_pestat] analyzing insert size distribution for orientation FR...
[M::mem_pestat] (25, 50, 75) percentile: (243, 322, 409)
[M::mem_pestat] low and high boundaries for computing mean and std.dev: (1, 741)
[M::mem_pestat] mean and std.dev: (327.06, 124.47)
[M::mem_pestat] low and high boundaries for proper pairs: (1, 907)
[M::mem_pestat] analyzing insert size distribution for orientation RF...
[M::mem_pestat] (25, 50, 75) percentile: (725, 2247, 6132)
[M::mem_pestat] low and high boundaries for computing mean and std.dev: (1, 16946)
[M::mem_pestat] mean and std.dev: (3513.07, 3328.28)
[M::mem_pestat] low and high boundaries for proper pairs: (1, 22353)
[M::mem_pestat] analyzing insert size distribution for orientation RR...
[M::mem_pestat] (25, 50, 75) percentile: (276, 432, 835)
[M::mem_pestat] low and high boundaries for computing mean and std.dev: (1, 1953)
[M::mem_pestat] mean and std.dev: (490.52, 434.28)
[M::mem_pestat] low and high boundaries for proper pairs: (1, 2512)
[M::mem_pestat] skip orientation FF
[M::mem_pestat] skip orientation RF
[M::mem_pestat] skip orientation RR
[M::process] read 1066668 sequences (160000200 bp)...
[M::mem_process_seqs] Processed 1066668 reads in 776.378 CPU sec, 50.431 real sec
[M::mem_pestat] # candidate unique pairs for (FF, FR, RF, RR): (30, 228329, 68, 22)
[M::mem_pestat] analyzing insert size distribution for orientation FF...
[M::mem_pestat] (25, 50, 75) percentile: (177, 395, 1074)
[M::mem_pestat] low and high boundaries for computing mean and std.dev: (1, 2868)
[M::mem_pestat] mean and std.dev: (482.65, 444.79)
[M::mem_pestat] low and high boundaries for proper pairs: (1, 3765)
[M::mem_pestat] analyzing insert size distribution for orientation FR...
[M::mem_pestat] (25, 50, 75) percentile: (241, 321, 408)
[M::mem_pestat] low and high boundaries for computing mean and std.dev: (1, 742)
[M::mem_pestat] mean and std.dev: (325.35, 124.67)
[M::mem_pestat] low and high boundaries for proper pairs: (1, 909)
[M::mem_pestat] analyzing insert size distribution for orientation RF...
[M::mem_pestat] (25, 50, 75) percentile: (254, 1488, 6744)
[M::mem_pestat] low and high boundaries for computing mean and std.dev: (1, 19724)
[M::mem_pestat] mean and std.dev: (3099.38, 3309.80)
[M::mem_pestat] low and high boundaries for proper pairs: (1, 26214)
[M::mem_pestat] analyzing insert size distribution for orientation RR...
[M::mem_pestat] (25, 50, 75) percentile: (270, 502, 1408)
[M::mem_pestat] low and high boundaries for computing mean and std.dev: (1, 3684)
[M::mem_pestat] mean and std.dev: (855.76, 927.30)
[M::mem_pestat] low and high boundaries for proper pairs: (1, 4822)
[M::mem_pestat] skip orientation FF
[M::mem_pestat] skip orientation RF
[M::mem_pestat] skip orientation RR
[M::process] read 1066668 sequences (160000200 bp)...
[M::mem_process_seqs] Processed 1066668 reads in 778.093 CPU sec, 50.608 real sec
[M::mem_pestat] # candidate unique pairs for (FF, FR, RF, RR): (31, 227995, 76, 39)
[M::mem_pestat] analyzing insert size distribution for orientation FF...
[M::mem_pestat] (25, 50, 75) percentile: (233, 377, 1326)
[M::mem_pestat] low and high boundaries for computing mean and std.dev: (1, 3512)
[M::mem_pestat] mean and std.dev: (567.22, 565.06)
[M::mem_pestat] low and high boundaries for proper pairs: (1, 4605)
[M::mem_pestat] analyzing insert size distribution for orientation FR...
[M::mem_pestat] (25, 50, 75) percentile: (242, 322, 408)
[M::mem_pestat] low and high boundaries for computing mean and std.dev: (1, 740)
[M::mem_pestat] mean and std.dev: (326.28, 124.20)
[M::mem_pestat] low and high boundaries for proper pairs: (1, 906)
[M::mem_pestat] analyzing insert size distribution for orientation RF...
[M::mem_pestat] (25, 50, 75) percentile: (168, 953, 5843)
[M::mem_pestat] low and high boundaries for computing mean and std.dev: (1, 17193)
[M::mem_pestat] mean and std.dev: (2740.95, 3292.27)
[M::mem_pestat] low and high boundaries for proper pairs: (1, 22868)
[M::mem_pestat] analyzing insert size distribution for orientation RR...
[M::mem_pestat] (25, 50, 75) percentile: (196, 345, 820)
[M::mem_pestat] low and high boundaries for computing mean and std.dev: (1, 2068)
[M::mem_pestat] mean and std.dev: (459.29, 441.00)
[M::mem_pestat] low and high boundaries for proper pairs: (1, 2692)
[M::mem_pestat] skip orientation FF
[M::mem_pestat] skip orientation RF
[M::mem_pestat] skip orientation RR
[M::process] read 1066668 sequences (160000200 bp)...
[M::mem_process_seqs] Processed 1066668 reads in 787.972 CPU sec, 51.132 real sec
[M::mem_pestat] # candidate unique pairs for (FF, FR, RF, RR): (35, 225783, 77, 32)
[M::mem_pestat] analyzing insert size distribution for orientation FF...
[M::mem_pestat] (25, 50, 75) percentile: (285, 566, 1781)
[M::mem_pestat] low and high boundaries for computing mean and std.dev: (1, 4773)
[M::mem_pestat] mean and std.dev: (824.85, 680.56)
[M::mem_pestat] low and high boundaries for proper pairs: (1, 6269)
[M::mem_pestat] analyzing insert size distribution for orientation FR...
[M::mem_pestat] (25, 50, 75) percentile: (247, 335, 432)
[M::mem_pestat] low and high boundaries for computing mean and std.dev: (1, 802)
[M::mem_pestat] mean and std.dev: (340.81, 134.29)
[M::mem_pestat] low and high boundaries for proper pairs: (1, 987)
[M::mem_pestat] analyzing insert size distribution for orientation RF...
[M::mem_pestat] (25, 50, 75) percentile: (232, 662, 3937)
[M::mem_pestat] low and high boundaries for computing mean and std.dev: (1, 11347)
[M::mem_pestat] mean and std.dev: (2421.91, 2932.71)
[M::mem_pestat] low and high boundaries for proper pairs: (1, 15052)
[M::mem_pestat] analyzing insert size distribution for orientation RR...
[M::mem_pestat] (25, 50, 75) percentile: (261, 663, 1342)
[M::mem_pestat] low and high boundaries for computing mean and std.dev: (1, 3504)
[M::mem_pestat] mean and std.dev: (610.93, 413.22)
[M::mem_pestat] low and high boundaries for proper pairs: (1, 4585)
[M::mem_pestat] skip orientation FF
[M::mem_pestat] skip orientation RF
[M::mem_pestat] skip orientation RR
[M::process] read 1066668 sequences (160000200 bp)...
[M::mem_process_seqs] Processed 1066668 reads in 796.126 CPU sec, 51.630 real sec
[M::mem_pestat] # candidate unique pairs for (FF, FR, RF, RR): (29, 226688, 62, 37)
[M::mem_pestat] analyzing insert size distribution for orientation FF...
[M::mem_pestat] (25, 50, 75) percentile: (171, 427, 1288)
[M::mem_pestat] low and high boundaries for computing mean and std.dev: (1, 3522)
[M::mem_pestat] mean and std.dev: (890.76, 1008.26)
[M::mem_pestat] low and high boundaries for proper pairs: (1, 4924)
[M::mem_pestat] analyzing insert size distribution for orientation FR...
[M::mem_pestat] (25, 50, 75) percentile: (251, 339, 435)
[M::mem_pestat] low and high boundaries for computing mean and std.dev: (1, 803)
[M::mem_pestat] mean and std.dev: (343.57, 133.62)
[M::mem_pestat] low and high boundaries for proper pairs: (1, 987)
[M::mem_pestat] analyzing insert size distribution for orientation RF...
[M::mem_pestat] (25, 50, 75) percentile: (242, 1847, 3931)
[M::mem_pestat] low and high boundaries for computing mean and std.dev: (1, 11309)
[M::mem_pestat] mean and std.dev: (2468.13, 2434.84)
[M::mem_pestat] low and high boundaries for proper pairs: (1, 14998)
[M::mem_pestat] analyzing insert size distribution for orientation RR...
[M::mem_pestat] (25, 50, 75) percentile: (274, 639, 2572)
[M::mem_pestat] low and high boundaries for computing mean and std.dev: (1, 7168)
[M::mem_pestat] mean and std.dev: (1211.75, 1435.96)
[M::mem_pestat] low and high boundaries for proper pairs: (1, 9466)
[M::mem_pestat] skip orientation FF
[M::mem_pestat] skip orientation RF
[M::mem_pestat] skip orientation RR
[M::process] read 1066668 sequences (160000200 bp)...
[M::mem_process_seqs] Processed 1066668 reads in 790.316 CPU sec, 51.337 real sec
[M::mem_pestat] # candidate unique pairs for (FF, FR, RF, RR): (29, 226998, 62, 19)
[M::mem_pestat] analyzing insert size distribution for orientation FF...
[M::mem_pestat] (25, 50, 75) percentile: (249, 470, 614)
[M::mem_pestat] low and high boundaries for computing mean and std.dev: (1, 1344)
[M::mem_pestat] mean and std.dev: (407.27, 261.65)
[M::mem_pestat] low and high boundaries for proper pairs: (1, 1709)
[M::mem_pestat] analyzing insert size distribution for orientation FR...
[M::mem_pestat] (25, 50, 75) percentile: (245, 330, 425)
[M::mem_pestat] low and high boundaries for computing mean and std.dev: (1, 785)
[M::mem_pestat] mean and std.dev: (336.31, 131.67)
[M::mem_pestat] low and high boundaries for proper pairs: (1, 965)
[M::mem_pestat] analyzing insert size distribution for orientation RF...
[M::mem_pestat] (25, 50, 75) percentile: (180, 531, 3573)
[M::mem_pestat] low and high boundaries for computing mean and std.dev: (1, 10359)
[M::mem_pestat] mean and std.dev: (2309.61, 3047.45)
[M::mem_pestat] low and high boundaries for proper pairs: (1, 14499)
[M::mem_pestat] analyzing insert size distribution for orientation RR...
[M::mem_pestat] (25, 50, 75) percentile: (231, 382, 818)
[M::mem_pestat] low and high boundaries for computing mean and std.dev: (1, 1992)
[M::mem_pestat] mean and std.dev: (491.00, 348.48)
[M::mem_pestat] low and high boundaries for proper pairs: (1, 2579)
[M::mem_pestat] skip orientation FF
[M::mem_pestat] skip orientation RF
[M::mem_pestat] skip orientation RR
[M::mem_process_seqs] Processed 1066668 reads in 789.314 CPU sec, 52.638 real sec
[M::process] read 1066668 sequences (160000200 bp)...
[M::mem_pestat] # candidate unique pairs for (FF, FR, RF, RR): (37, 227150, 68, 45)
[M::mem_pestat] analyzing insert size distribution for orientation FF...
[M::mem_pestat] (25, 50, 75) percentile: (211, 526, 1792)
[M::mem_pestat] low and high boundaries for computing mean and std.dev: (1, 4954)
[M::mem_pestat] mean and std.dev: (1033.14, 1144.35)
[M::mem_pestat] low and high boundaries for proper pairs: (1, 6535)
[M::mem_pestat] analyzing insert size distribution for orientation FR...
[M::mem_pestat] (25, 50, 75) percentile: (245, 329, 422)
[M::mem_pestat] low and high boundaries for computing mean and std.dev: (1, 776)
[M::mem_pestat] mean and std.dev: (334.85, 130.45)
[M::mem_pestat] low and high boundaries for proper pairs: (1, 953)
[M::mem_pestat] analyzing insert size distribution for orientation RF...
[M::mem_pestat] (25, 50, 75) percentile: (346, 1169, 3417)
[M::mem_pestat] low and high boundaries for computing mean and std.dev: (1, 9559)
[M::mem_pestat] mean and std.dev: (2094.12, 2216.46)
[M::mem_pestat] low and high boundaries for proper pairs: (1, 12630)
[M::mem_pestat] analyzing insert size distribution for orientation RR...
[M::mem_pestat] (25, 50, 75) percentile: (327, 582, 1591)
[M::mem_pestat] low and high boundaries for computing mean and std.dev: (1, 4119)
[M::mem_pestat] mean and std.dev: (579.49, 514.07)
[M::mem_pestat] low and high boundaries for proper pairs: (1, 5383)
[M::mem_pestat] skip orientation FF
[M::mem_pestat] skip orientation RF
[M::mem_pestat] skip orientation RR
[M::process] read 1066668 sequences (160000200 bp)...
[M::mem_process_seqs] Processed 1066668 reads in 779.269 CPU sec, 50.286 real sec
[M::mem_pestat] # candidate unique pairs for (FF, FR, RF, RR): (26, 226876, 62, 24)
[M::mem_pestat] analyzing insert size distribution for orientation FF...
[M::mem_pestat] (25, 50, 75) percentile: (279, 499, 891)
[M::mem_pestat] low and high boundaries for computing mean and std.dev: (1, 2115)
[M::mem_pestat] mean and std.dev: (549.00, 366.98)
[M::mem_pestat] low and high boundaries for proper pairs: (1, 2727)
[M::mem_pestat] analyzing insert size distribution for orientation FR...
[M::mem_pestat] (25, 50, 75) percentile: (247, 330, 421)
[M::mem_pestat] low and high boundaries for computing mean and std.dev: (1, 769)
[M::mem_pestat] mean and std.dev: (335.10, 129.45)
[M::mem_pestat] low and high boundaries for proper pairs: (1, 943)
[M::mem_pestat] analyzing insert size distribution for orientation RF...
[M::mem_pestat] (25, 50, 75) percentile: (132, 1045, 3373)
[M::mem_pestat] low and high boundaries for computing mean and std.dev: (1, 9855)
[M::mem_pestat] mean and std.dev: (2266.08, 2845.98)
[M::mem_pestat] low and high boundaries for proper pairs: (1, 13650)
[M::mem_pestat] analyzing insert size distribution for orientation RR...
[M::mem_pestat] (25, 50, 75) percentile: (272, 558, 1124)
[M::mem_pestat] low and high boundaries for computing mean and std.dev: (1, 2828)
[M::mem_pestat] mean and std.dev: (592.73, 460.70)
[M::mem_pestat] low and high boundaries for proper pairs: (1, 3680)
[M::mem_pestat] skip orientation FF
[M::mem_pestat] skip orientation RF
[M::mem_pestat] skip orientation RR
[M::process] read 1066668 sequences (160000200 bp)...
[M::mem_process_seqs] Processed 1066668 reads in 788.262 CPU sec, 51.039 real sec
[M::mem_pestat] # candidate unique pairs for (FF, FR, RF, RR): (35, 227669, 70, 34)
[M::mem_pestat] analyzing insert size distribution for orientation FF...
[M::mem_pestat] (25, 50, 75) percentile: (216, 682, 2455)
[M::mem_pestat] low and high boundaries for computing mean and std.dev: (1, 6933)
[M::mem_pestat] mean and std.dev: (1358.32, 1632.23)
[M::mem_pestat] low and high boundaries for proper pairs: (1, 9172)
[M::mem_pestat] analyzing insert size distribution for orientation FR...
[M::mem_pestat] (25, 50, 75) percentile: (247, 329, 420)
[M::mem_pestat] low and high boundaries for computing mean and std.dev: (1, 766)
[M::mem_pestat] mean and std.dev: (334.81, 128.48)
[M::mem_pestat] low and high boundaries for proper pairs: (1, 939)
[M::mem_pestat] analyzing insert size distribution for orientation RF...
[M::mem_pestat] (25, 50, 75) percentile: (196, 964, 3402)
[M::mem_pestat] low and high boundaries for computing mean and std.dev: (1, 9814)
[M::mem_pestat] mean and std.dev: (2115.54, 2718.41)
[M::mem_pestat] low and high boundaries for proper pairs: (1, 13020)
[M::mem_pestat] analyzing insert size distribution for orientation RR...
[M::mem_pestat] (25, 50, 75) percentile: (267, 400, 1020)
[M::mem_pestat] low and high boundaries for computing mean and std.dev: (1, 2526)
[M::mem_pestat] mean and std.dev: (632.97, 630.81)
[M::mem_pestat] low and high boundaries for proper pairs: (1, 3279)
[M::mem_pestat] skip orientation FF
[M::mem_pestat] skip orientation RF
[M::mem_pestat] skip orientation RR
[M::process] read 1066668 sequences (160000200 bp)...
[M::mem_process_seqs] Processed 1066668 reads in 787.275 CPU sec, 51.210 real sec
[M::mem_pestat] # candidate unique pairs for (FF, FR, RF, RR): (23, 227458, 62, 52)
[M::mem_pestat] analyzing insert size distribution for orientation FF...
[M::mem_pestat] (25, 50, 75) percentile: (200, 582, 1906)
[M::mem_pestat] low and high boundaries for computing mean and std.dev: (1, 5318)
[M::mem_pestat] mean and std.dev: (875.65, 1003.14)
[M::mem_pestat] low and high boundaries for proper pairs: (1, 7024)
[M::mem_pestat] analyzing insert size distribution for orientation FR...
[M::mem_pestat] (25, 50, 75) percentile: (248, 329, 420)
[M::mem_pestat] low and high boundaries for computing mean and std.dev: (1, 764)
[M::mem_pestat] mean and std.dev: (334.86, 128.00)
[M::mem_pestat] low and high boundaries for proper pairs: (1, 936)
[M::mem_pestat] analyzing insert size distribution for orientation RF...
[M::mem_pestat] (25, 50, 75) percentile: (229, 1060, 3865)
[M::mem_pestat] low and high boundaries for computing mean and std.dev: (1, 11137)
[M::mem_pestat] mean and std.dev: (2379.08, 2761.96)
[M::mem_pestat] low and high boundaries for proper pairs: (1, 14773)
[M::mem_pestat] analyzing insert size distribution for orientation RR...
[M::mem_pestat] (25, 50, 75) percentile: (227, 310, 551)
[M::mem_pestat] low and high boundaries for computing mean and std.dev: (1, 1199)
[M::mem_pestat] mean and std.dev: (315.79, 174.20)
[M::mem_pestat] low and high boundaries for proper pairs: (1, 1523)
[M::mem_pestat] skip orientation FF
[M::mem_pestat] skip orientation RF
[M::mem_pestat] skip orientation RR
[M::process] read 1066668 sequences (160000200 bp)...
[M::mem_process_seqs] Processed 1066668 reads in 788.355 CPU sec, 51.067 real sec
[M::mem_pestat] # candidate unique pairs for (FF, FR, RF, RR): (42, 227243, 77, 32)
[M::mem_pestat] analyzing insert size distribution for orientation FF...
[M::mem_pestat] (25, 50, 75) percentile: (273, 432, 1766)
[M::mem_pestat] low and high boundaries for computing mean and std.dev: (1, 4752)
[M::mem_pestat] mean and std.dev: (843.54, 926.19)
[M::mem_pestat] low and high boundaries for proper pairs: (1, 6245)
[M::mem_pestat] analyzing insert size distribution for orientation FR...
[M::mem_pestat] (25, 50, 75) percentile: (243, 325, 418)
[M::mem_pestat] low and high boundaries for computing mean and std.dev: (1, 768)
[M::mem_pestat] mean and std.dev: (332.21, 129.91)
[M::mem_pestat] low and high boundaries for proper pairs: (1, 943)
[M::mem_pestat] analyzing insert size distribution for orientation RF...
[M::mem_pestat] (25, 50, 75) percentile: (217, 1606, 4638)
[M::mem_pestat] low and high boundaries for computing mean and std.dev: (1, 13480)
[M::mem_pestat] mean and std.dev: (2578.05, 2676.85)
[M::mem_pestat] low and high boundaries for proper pairs: (1, 17901)
[M::mem_pestat] analyzing insert size distribution for orientation RR...
[M::mem_pestat] (25, 50, 75) percentile: (256, 418, 1606)
[M::mem_pestat] low and high boundaries for computing mean and std.dev: (1, 4306)
[M::mem_pestat] mean and std.dev: (702.46, 813.13)
[M::mem_pestat] low and high boundaries for proper pairs: (1, 5656)
[M::mem_pestat] skip orientation FF
[M::mem_pestat] skip orientation RF
[M::mem_pestat] skip orientation RR
[M::process] read 1066668 sequences (160000200 bp)...
[M::mem_process_seqs] Processed 1066668 reads in 799.926 CPU sec, 52.009 real sec
[M::mem_pestat] # candidate unique pairs for (FF, FR, RF, RR): (40, 225942, 65, 32)
[M::mem_pestat] analyzing insert size distribution for orientation FF...
[M::mem_pestat] (25, 50, 75) percentile: (293, 465, 2340)
[M::mem_pestat] low and high boundaries for computing mean and std.dev: (1, 6434)
[M::mem_pestat] mean and std.dev: (1677.17, 2159.31)
[M::mem_pestat] low and high boundaries for proper pairs: (1, 10314)
[M::mem_pestat] analyzing insert size distribution for orientation FR...
[M::mem_pestat] (25, 50, 75) percentile: (242, 329, 426)
[M::mem_pestat] low and high boundaries for computing mean and std.dev: (1, 794)
[M::mem_pestat] mean and std.dev: (335.74, 133.96)
[M::mem_pestat] low and high boundaries for proper pairs: (1, 978)
[M::mem_pestat] analyzing insert size distribution for orientation RF...
[M::mem_pestat] (25, 50, 75) percentile: (204, 1091, 3172)
[M::mem_pestat] low and high boundaries for computing mean and std.dev: (1, 9108)
[M::mem_pestat] mean and std.dev: (2001.28, 2221.98)
[M::mem_pestat] low and high boundaries for proper pairs: (1, 12076)
[M::mem_pestat] analyzing insert size distribution for orientation RR...
[M::mem_pestat] (25, 50, 75) percentile: (239, 384, 645)
[M::mem_pestat] low and high boundaries for computing mean and std.dev: (1, 1457)
[M::mem_pestat] mean and std.dev: (367.26, 249.27)
[M::mem_pestat] low and high boundaries for proper pairs: (1, 1863)
[M::mem_pestat] skip orientation FF
[M::mem_pestat] skip orientation RF
[M::mem_pestat] skip orientation RR
[M::process] read 1066668 sequences (160000200 bp)...
[M::mem_process_seqs] Processed 1066668 reads in 790.960 CPU sec, 51.410 real sec
[M::mem_pestat] # candidate unique pairs for (FF, FR, RF, RR): (47, 226306, 87, 28)
[M::mem_pestat] analyzing insert size distribution for orientation FF...
[M::mem_pestat] (25, 50, 75) percentile: (350, 564, 2024)
[M::mem_pestat] low and high boundaries for computing mean and std.dev: (1, 5372)
[M::mem_pestat] mean and std.dev: (932.37, 961.96)
[M::mem_pestat] low and high boundaries for proper pairs: (1, 7046)
[M::mem_pestat] analyzing insert size distribution for orientation FR...
[M::mem_pestat] (25, 50, 75) percentile: (242, 328, 424)
[M::mem_pestat] low and high boundaries for computing mean and std.dev: (1, 788)
[M::mem_pestat] mean and std.dev: (334.97, 133.43)
[M::mem_pestat] low and high boundaries for proper pairs: (1, 970)
[M::mem_pestat] analyzing insert size distribution for orientation RF...
[M::mem_pestat] (25, 50, 75) percentile: (377, 989, 5734)
[M::mem_pestat] low and high boundaries for computing mean and std.dev: (1, 16448)
[M::mem_pestat] mean and std.dev: (2558.85, 2818.17)
[M::mem_pestat] low and high boundaries for proper pairs: (1, 21805)
[M::mem_pestat] analyzing insert size distribution for orientation RR...
[M::mem_pestat] (25, 50, 75) percentile: (239, 315, 695)
[M::mem_pestat] low and high boundaries for computing mean and std.dev: (1, 1607)
[M::mem_pestat] mean and std.dev: (332.78, 187.97)
[M::mem_pestat] low and high boundaries for proper pairs: (1, 2063)
[M::mem_pestat] skip orientation FF
[M::mem_pestat] skip orientation RF
[M::mem_pestat] skip orientation RR
[M::process] read 1066668 sequences (160000200 bp)...
[M::mem_process_seqs] Processed 1066668 reads in 789.074 CPU sec, 51.145 real sec
[M::mem_pestat] # candidate unique pairs for (FF, FR, RF, RR): (48, 226465, 56, 17)
[M::mem_pestat] analyzing insert size distribution for orientation FF...
[M::mem_pestat] (25, 50, 75) percentile: (205, 423, 1805)
[M::mem_pestat] low and high boundaries for computing mean and std.dev: (1, 5005)
[M::mem_pestat] mean and std.dev: (990.91, 1397.05)
[M::mem_pestat] low and high boundaries for proper pairs: (1, 6605)
[M::mem_pestat] analyzing insert size distribution for orientation FR...
[M::mem_pestat] (25, 50, 75) percentile: (244, 329, 425)
[M::mem_pestat] low and high boundaries for computing mean and std.dev: (1, 787)
[M::mem_pestat] mean and std.dev: (335.87, 133.16)
[M::mem_pestat] low and high boundaries for proper pairs: (1, 968)
[M::mem_pestat] analyzing insert size distribution for orientation RF...
[M::mem_pestat] (25, 50, 75) percentile: (312, 1245, 4638)
[M::mem_pestat] low and high boundaries for computing mean and std.dev: (1, 13290)
[M::mem_pestat] mean and std.dev: (2512.91, 2760.93)
[M::mem_pestat] low and high boundaries for proper pairs: (1, 17616)
[M::mem_pestat] analyzing insert size distribution for orientation RR...
[M::mem_pestat] (25, 50, 75) percentile: (172, 332, 949)
[M::mem_pestat] low and high boundaries for computing mean and std.dev: (1, 2503)
[M::mem_pestat] mean and std.dev: (382.57, 283.74)
[M::mem_pestat] low and high boundaries for proper pairs: (1, 3280)
[M::mem_pestat] skip orientation FF
[M::mem_pestat] skip orientation RF
[M::mem_pestat] skip orientation RR
[M::process] read 1066668 sequences (160000200 bp)...
[M::mem_process_seqs] Processed 1066668 reads in 775.907 CPU sec, 50.400 real sec
[M::mem_pestat] # candidate unique pairs for (FF, FR, RF, RR): (34, 227214, 67, 40)
[M::mem_pestat] analyzing insert size distribution for orientation FF...
[M::mem_pestat] (25, 50, 75) percentile: (289, 1156, 1171)
[M::mem_pestat] low and high boundaries for computing mean and std.dev: (1, 2935)
[M::mem_pestat] mean and std.dev: (672.46, 482.33)
[M::mem_pestat] low and high boundaries for proper pairs: (1, 3817)
[M::mem_pestat] analyzing insert size distribution for orientation FR...
[M::mem_pestat] (25, 50, 75) percentile: (245, 329, 424)
[M::mem_pestat] low and high boundaries for computing mean and std.dev: (1, 782)
[M::mem_pestat] mean and std.dev: (335.60, 131.62)
[M::mem_pestat] low and high boundaries for proper pairs: (1, 961)
[M::mem_pestat] analyzing insert size distribution for orientation RF...
[M::mem_pestat] (25, 50, 75) percentile: (285, 1147, 4076)
[M::mem_pestat] low and high boundaries for computing mean and std.dev: (1, 11658)
[M::mem_pestat] mean and std.dev: (2552.45, 2945.10)
[M::mem_pestat] low and high boundaries for proper pairs: (1, 15449)
[M::mem_pestat] analyzing insert size distribution for orientation RR...
[M::mem_pestat] (25, 50, 75) percentile: (233, 539, 982)
[M::mem_pestat] low and high boundaries for computing mean and std.dev: (1, 2480)
[M::mem_pestat] mean and std.dev: (534.37, 404.65)
[M::mem_pestat] low and high boundaries for proper pairs: (1, 3229)
[M::mem_pestat] skip orientation FF
[M::mem_pestat] skip orientation RF
[M::mem_pestat] skip orientation RR
[M::process] read 1066668 sequences (160000200 bp)...
[M::mem_process_seqs] Processed 1066668 reads in 781.336 CPU sec, 50.762 real sec
[M::mem_pestat] # candidate unique pairs for (FF, FR, RF, RR): (30, 227884, 71, 30)
[M::mem_pestat] analyzing insert size distribution for orientation FF...
[M::mem_pestat] (25, 50, 75) percentile: (211, 299, 423)
[M::mem_pestat] low and high boundaries for computing mean and std.dev: (1, 847)
[M::mem_pestat] mean and std.dev: (281.48, 123.19)
[M::mem_pestat] low and high boundaries for proper pairs: (1, 1059)
[M::mem_pestat] analyzing insert size distribution for orientation FR...
[M::mem_pestat] (25, 50, 75) percentile: (250, 335, 431)
[M::mem_pestat] low and high boundaries for computing mean and std.dev: (1, 793)
[M::mem_pestat] mean and std.dev: (341.09, 132.85)
[M::mem_pestat] low and high boundaries for proper pairs: (1, 974)
[M::mem_pestat] analyzing insert size distribution for orientation RF...
[M::mem_pestat] (25, 50, 75) percentile: (180, 496, 3736)
[M::mem_pestat] low and high boundaries for computing mean and std.dev: (1, 10848)
[M::mem_pestat] mean and std.dev: (2284.21, 2990.87)
[M::mem_pestat] low and high boundaries for proper pairs: (1, 14404)
[M::mem_pestat] analyzing insert size distribution for orientation RR...
[M::mem_pestat] (25, 50, 75) percentile: (475, 889, 1317)
[M::mem_pestat] low and high boundaries for computing mean and std.dev: (1, 3001)
[M::mem_pestat] mean and std.dev: (793.04, 510.60)
[M::mem_pestat] low and high boundaries for proper pairs: (1, 3843)
[M::mem_pestat] skip orientation FF
[M::mem_pestat] skip orientation RF
[M::mem_pestat] skip orientation RR
[M::process] read 1066668 sequences (160000200 bp)...
[M::mem_process_seqs] Processed 1066668 reads in 780.862 CPU sec, 50.805 real sec
[M::mem_pestat] # candidate unique pairs for (FF, FR, RF, RR): (37, 227757, 92, 48)
[M::mem_pestat] analyzing insert size distribution for orientation FF...
[M::mem_pestat] (25, 50, 75) percentile: (206, 429, 1428)
[M::mem_pestat] low and high boundaries for computing mean and std.dev: (1, 3872)
[M::mem_pestat] mean and std.dev: (719.18, 790.18)
[M::mem_pestat] low and high boundaries for proper pairs: (1, 5094)
[M::mem_pestat] analyzing insert size distribution for orientation FR...
[M::mem_pestat] (25, 50, 75) percentile: (247, 329, 423)
[M::mem_pestat] low and high boundaries for computing mean and std.dev: (1, 775)
[M::mem_pestat] mean and std.dev: (336.44, 130.94)
[M::mem_pestat] low and high boundaries for proper pairs: (1, 951)
[M::mem_pestat] analyzing insert size distribution for orientation RF...
[M::mem_pestat] (25, 50, 75) percentile: (219, 1737, 4447)
[M::mem_pestat] low and high boundaries for computing mean and std.dev: (1, 12903)
[M::mem_pestat] mean and std.dev: (2700.67, 2747.30)
[M::mem_pestat] low and high boundaries for proper pairs: (1, 17131)
[M::mem_pestat] analyzing insert size distribution for orientation RR...
[M::mem_pestat] (25, 50, 75) percentile: (278, 843, 2243)
[M::mem_pestat] low and high boundaries for computing mean and std.dev: (1, 6173)
[M::mem_pestat] mean and std.dev: (972.26, 839.86)
[M::mem_pestat] low and high boundaries for proper pairs: (1, 8138)
[M::mem_pestat] skip orientation FF
[M::mem_pestat] skip orientation RF
[M::mem_pestat] skip orientation RR
[M::process] read 1066668 sequences (160000200 bp)...
[M::mem_process_seqs] Processed 1066668 reads in 776.875 CPU sec, 50.725 real sec
[M::mem_pestat] # candidate unique pairs for (FF, FR, RF, RR): (31, 227690, 68, 27)
[M::mem_pestat] analyzing insert size distribution for orientation FF...
[M::mem_pestat] (25, 50, 75) percentile: (334, 414, 728)
[M::mem_pestat] low and high boundaries for computing mean and std.dev: (1, 1516)
[M::mem_pestat] mean and std.dev: (480.25, 282.35)
[M::mem_pestat] low and high boundaries for proper pairs: (1, 1910)
[M::mem_pestat] analyzing insert size distribution for orientation FR...
[M::mem_pestat] (25, 50, 75) percentile: (247, 328, 422)
[M::mem_pestat] low and high boundaries for computing mean and std.dev: (1, 772)
[M::mem_pestat] mean and std.dev: (335.76, 130.33)
[M::mem_pestat] low and high boundaries for proper pairs: (1, 947)
[M::mem_pestat] analyzing insert size distribution for orientation RF...
[M::mem_pestat] (25, 50, 75) percentile: (516, 1968, 4001)
[M::mem_pestat] low and high boundaries for computing mean and std.dev: (1, 10971)
[M::mem_pestat] mean and std.dev: (2517.00, 2322.29)
[M::mem_pestat] low and high boundaries for proper pairs: (1, 14456)
[M::mem_pestat] analyzing insert size distribution for orientation RR...
[M::mem_pestat] (25, 50, 75) percentile: (263, 801, 1825)
[M::mem_pestat] low and high boundaries for computing mean and std.dev: (1, 4949)
[M::mem_pestat] mean and std.dev: (1160.54, 1176.69)
[M::mem_pestat] low and high boundaries for proper pairs: (1, 6511)
[M::mem_pestat] skip orientation FF
[M::mem_pestat] skip orientation RF
[M::mem_pestat] skip orientation RR
[M::process] read 1066668 sequences (160000200 bp)...
[M::mem_process_seqs] Processed 1066668 reads in 781.998 CPU sec, 50.762 real sec
[M::mem_pestat] # candidate unique pairs for (FF, FR, RF, RR): (46, 226189, 72, 29)
[M::mem_pestat] analyzing insert size distribution for orientation FF...
[M::mem_pestat] (25, 50, 75) percentile: (403, 830, 1072)
[M::mem_pestat] low and high boundaries for computing mean and std.dev: (1, 2410)
[M::mem_pestat] mean and std.dev: (651.57, 393.30)
[M::mem_pestat] low and high boundaries for proper pairs: (1, 3079)
[M::mem_pestat] analyzing insert size distribution for orientation FR...
[M::mem_pestat] (25, 50, 75) percentile: (237, 322, 417)
[M::mem_pestat] low and high boundaries for computing mean and std.dev: (1, 777)
[M::mem_pestat] mean and std.dev: (329.35, 132.32)
[M::mem_pestat] low and high boundaries for proper pairs: (1, 957)
[M::mem_pestat] analyzing insert size distribution for orientation RF...
[M::mem_pestat] (25, 50, 75) percentile: (361, 670, 3268)
[M::mem_pestat] low and high boundaries for computing mean and std.dev: (1, 9082)
[M::mem_pestat] mean and std.dev: (2152.10, 2717.85)
[M::mem_pestat] low and high boundaries for proper pairs: (1, 13023)
[M::mem_pestat] analyzing insert size distribution for orientation RR...
[M::mem_pestat] (25, 50, 75) percentile: (193, 443, 2875)
[M::mem_pestat] low and high boundaries for computing mean and std.dev: (1, 8239)
[M::mem_pestat] mean and std.dev: (1308.21, 1474.61)
[M::mem_pestat] low and high boundaries for proper pairs: (1, 10921)
[M::mem_pestat] skip orientation FF
[M::mem_pestat] skip orientation RF
[M::mem_pestat] skip orientation RR
[M::process] read 1066668 sequences (160000200 bp)...
[M::mem_process_seqs] Processed 1066668 reads in 778.953 CPU sec, 50.880 real sec
[M::mem_pestat] # candidate unique pairs for (FF, FR, RF, RR): (43, 226504, 64, 29)
[M::mem_pestat] analyzing insert size distribution for orientation FF...
[M::mem_pestat] (25, 50, 75) percentile: (229, 344, 744)
[M::mem_pestat] low and high boundaries for computing mean and std.dev: (1, 1774)
[M::mem_pestat] mean and std.dev: (501.69, 422.01)
[M::mem_pestat] low and high boundaries for proper pairs: (1, 2289)
[M::mem_pestat] analyzing insert size distribution for orientation FR...
[M::mem_pestat] (25, 50, 75) percentile: (241, 327, 424)
[M::mem_pestat] low and high boundaries for computing mean and std.dev: (1, 790)
[M::mem_pestat] mean and std.dev: (334.07, 134.16)
[M::mem_pestat] low and high boundaries for proper pairs: (1, 973)
[M::mem_pestat] analyzing insert size distribution for orientation RF...
[M::mem_pestat] (25, 50, 75) percentile: (153, 730, 5253)
[M::mem_pestat] low and high boundaries for computing mean and std.dev: (1, 15453)
[M::mem_pestat] mean and std.dev: (2397.94, 3019.41)
[M::mem_pestat] low and high boundaries for proper pairs: (1, 20553)
[M::mem_pestat] analyzing insert size distribution for orientation RR...
[M::mem_pestat] (25, 50, 75) percentile: (447, 734, 1866)
[M::mem_pestat] low and high boundaries for computing mean and std.dev: (1, 4704)
[M::mem_pestat] mean and std.dev: (1062.96, 992.92)
[M::mem_pestat] low and high boundaries for proper pairs: (1, 6123)
[M::mem_pestat] skip orientation FF
[M::mem_pestat] skip orientation RF
[M::mem_pestat] skip orientation RR
[M::process] read 1066668 sequences (160000200 bp)...
[M::mem_process_seqs] Processed 1066668 reads in 791.611 CPU sec, 51.526 real sec
[M::mem_pestat] # candidate unique pairs for (FF, FR, RF, RR): (33, 225271, 71, 24)
[M::mem_pestat] analyzing insert size distribution for orientation FF...
[M::mem_pestat] (25, 50, 75) percentile: (282, 869, 4132)
[M::mem_pestat] low and high boundaries for computing mean and std.dev: (1, 11832)
[M::mem_pestat] mean and std.dev: (2009.94, 2707.46)
[M::mem_pestat] low and high boundaries for proper pairs: (1, 15682)
[M::mem_pestat] analyzing insert size distribution for orientation FR...
[M::mem_pestat] (25, 50, 75) percentile: (238, 323, 418)
[M::mem_pestat] low and high boundaries for computing mean and std.dev: (1, 778)
[M::mem_pestat] mean and std.dev: (329.75, 132.10)
[M::mem_pestat] low and high boundaries for proper pairs: (1, 958)
[M::mem_pestat] analyzing insert size distribution for orientation RF...
[M::mem_pestat] (25, 50, 75) percentile: (210, 1271, 3774)
[M::mem_pestat] low and high boundaries for computing mean and std.dev: (1, 10902)
[M::mem_pestat] mean and std.dev: (2402.42, 2638.49)
[M::mem_pestat] low and high boundaries for proper pairs: (1, 14466)
[M::mem_pestat] analyzing insert size distribution for orientation RR...
[M::mem_pestat] (25, 50, 75) percentile: (196, 372, 1353)
[M::mem_pestat] low and high boundaries for computing mean and std.dev: (1, 3667)
[M::mem_pestat] mean and std.dev: (650.43, 677.25)
[M::mem_pestat] low and high boundaries for proper pairs: (1, 4824)
[M::mem_pestat] skip orientation FF
[M::mem_pestat] skip orientation RF
[M::mem_pestat] skip orientation RR
[M::process] read 1066668 sequences (160000200 bp)...
[M::mem_process_seqs] Processed 1066668 reads in 791.552 CPU sec, 51.366 real sec
[M::mem_pestat] # candidate unique pairs for (FF, FR, RF, RR): (25, 226040, 79, 30)
[M::mem_pestat] analyzing insert size distribution for orientation FF...
[M::mem_pestat] (25, 50, 75) percentile: (168, 507, 761)
[M::mem_pestat] low and high boundaries for computing mean and std.dev: (1, 1947)
[M::mem_pestat] mean and std.dev: (592.04, 536.71)
[M::mem_pestat] low and high boundaries for proper pairs: (1, 2739)
[M::mem_pestat] analyzing insert size distribution for orientation FR...
[M::mem_pestat] (25, 50, 75) percentile: (238, 323, 417)
[M::mem_pestat] low and high boundaries for computing mean and std.dev: (1, 775)
[M::mem_pestat] mean and std.dev: (329.47, 131.60)
[M::mem_pestat] low and high boundaries for proper pairs: (1, 954)
[M::mem_pestat] analyzing insert size distribution for orientation RF...
[M::mem_pestat] (25, 50, 75) percentile: (353, 1617, 6768)
[M::mem_pestat] low and high boundaries for computing mean and std.dev: (1, 19598)
[M::mem_pestat] mean and std.dev: (3530.47, 3446.32)
[M::mem_pestat] low and high boundaries for proper pairs: (1, 26013)
[M::mem_pestat] analyzing insert size distribution for orientation RR...
[M::mem_pestat] (25, 50, 75) percentile: (308, 482, 1363)
[M::mem_pestat] low and high boundaries for computing mean and std.dev: (1, 3473)
[M::mem_pestat] mean and std.dev: (720.70, 633.00)
[M::mem_pestat] low and high boundaries for proper pairs: (1, 4528)
[M::mem_pestat] skip orientation FF
[M::mem_pestat] skip orientation RF
[M::mem_pestat] skip orientation RR
[M::process] read 1066668 sequences (160000200 bp)...
[M::mem_process_seqs] Processed 1066668 reads in 788.456 CPU sec, 51.120 real sec
[M::mem_pestat] # candidate unique pairs for (FF, FR, RF, RR): (28, 227515, 69, 20)
[M::mem_pestat] analyzing insert size distribution for orientation FF...
[M::mem_pestat] (25, 50, 75) percentile: (301, 378, 483)
[M::mem_pestat] low and high boundaries for computing mean and std.dev: (1, 847)
[M::mem_pestat] mean and std.dev: (301.00, 122.31)
[M::mem_pestat] low and high boundaries for proper pairs: (1, 1029)
[M::mem_pestat] analyzing insert size distribution for orientation FR...
[M::mem_pestat] (25, 50, 75) percentile: (246, 331, 427)
[M::mem_pestat] low and high boundaries for computing mean and std.dev: (1, 789)
[M::mem_pestat] mean and std.dev: (338.08, 133.32)
[M::mem_pestat] low and high boundaries for proper pairs: (1, 970)
[M::mem_pestat] analyzing insert size distribution for orientation RF...
[M::mem_pestat] (25, 50, 75) percentile: (369, 823, 5317)
[M::mem_pestat] low and high boundaries for computing mean and std.dev: (1, 15213)
[M::mem_pestat] mean and std.dev: (2545.09, 2972.29)
[M::mem_pestat] low and high boundaries for proper pairs: (1, 20161)
[M::mem_pestat] analyzing insert size distribution for orientation RR...
[M::mem_pestat] (25, 50, 75) percentile: (179, 509, 4809)
[M::mem_pestat] low and high boundaries for computing mean and std.dev: (1, 14069)
[M::mem_pestat] mean and std.dev: (1992.40, 2786.26)
[M::mem_pestat] low and high boundaries for proper pairs: (1, 18699)
[M::mem_pestat] skip orientation FF
[M::mem_pestat] skip orientation RF
[M::mem_pestat] skip orientation RR
[M::process] read 1066668 sequences (160000200 bp)...
[M::mem_process_seqs] Processed 1066668 reads in 786.239 CPU sec, 51.080 real sec
[M::mem_pestat] # candidate unique pairs for (FF, FR, RF, RR): (33, 227638, 67, 47)
[M::mem_pestat] analyzing insert size distribution for orientation FF...
[M::mem_pestat] (25, 50, 75) percentile: (231, 472, 1196)
[M::mem_pestat] low and high boundaries for computing mean and std.dev: (1, 3126)
[M::mem_pestat] mean and std.dev: (713.97, 632.45)
[M::mem_pestat] low and high boundaries for proper pairs: (1, 4091)
[M::mem_pestat] analyzing insert size distribution for orientation FR...
[M::mem_pestat] (25, 50, 75) percentile: (246, 330, 424)
[M::mem_pestat] low and high boundaries for computing mean and std.dev: (1, 780)
[M::mem_pestat] mean and std.dev: (336.43, 131.54)
[M::mem_pestat] low and high boundaries for proper pairs: (1, 958)
[M::mem_pestat] analyzing insert size distribution for orientation RF...
[M::mem_pestat] (25, 50, 75) percentile: (253, 1195, 5999)
[M::mem_pestat] low and high boundaries for computing mean and std.dev: (1, 17491)
[M::mem_pestat] mean and std.dev: (2773.09, 3027.16)
[M::mem_pestat] low and high boundaries for proper pairs: (1, 23237)
[M::mem_pestat] analyzing insert size distribution for orientation RR...
[M::mem_pestat] (25, 50, 75) percentile: (208, 375, 757)
[M::mem_pestat] low and high boundaries for computing mean and std.dev: (1, 1855)
[M::mem_pestat] mean and std.dev: (381.48, 246.20)
[M::mem_pestat] low and high boundaries for proper pairs: (1, 2404)
[M::mem_pestat] skip orientation FF
[M::mem_pestat] skip orientation RF
[M::mem_pestat] skip orientation RR
[M::mem_process_seqs] Processed 1066668 reads in 784.567 CPU sec, 52.441 real sec
[M::process] read 1066668 sequences (160000200 bp)...
[M::mem_pestat] # candidate unique pairs for (FF, FR, RF, RR): (34, 227277, 72, 33)
[M::mem_pestat] analyzing insert size distribution for orientation FF...
[M::mem_pestat] (25, 50, 75) percentile: (249, 490, 1207)
[M::mem_pestat] low and high boundaries for computing mean and std.dev: (1, 3123)
[M::mem_pestat] mean and std.dev: (792.87, 861.54)
[M::mem_pestat] low and high boundaries for proper pairs: (1, 4239)
[M::mem_pestat] analyzing insert size distribution for orientation FR...
[M::mem_pestat] (25, 50, 75) percentile: (246, 329, 422)
[M::mem_pestat] low and high boundaries for computing mean and std.dev: (1, 774)
[M::mem_pestat] mean and std.dev: (335.32, 130.13)
[M::mem_pestat] low and high boundaries for proper pairs: (1, 950)
[M::mem_pestat] analyzing insert size distribution for orientation RF...
[M::mem_pestat] (25, 50, 75) percentile: (433, 1342, 2798)
[M::mem_pestat] low and high boundaries for computing mean and std.dev: (1, 7528)
[M::mem_pestat] mean and std.dev: (1742.54, 1797.97)
[M::mem_pestat] low and high boundaries for proper pairs: (1, 9893)
[M::mem_pestat] analyzing insert size distribution for orientation RR...
[M::mem_pestat] (25, 50, 75) percentile: (258, 1122, 3444)
[M::mem_pestat] low and high boundaries for computing mean and std.dev: (1, 9816)
[M::mem_pestat] mean and std.dev: (2073.73, 2135.61)
[M::mem_pestat] low and high boundaries for proper pairs: (1, 13002)
[M::mem_pestat] skip orientation FF
[M::mem_pestat] skip orientation RF
[M::mem_pestat] skip orientation RR
[M::process] read 1066668 sequences (160000200 bp)...
[M::mem_process_seqs] Processed 1066668 reads in 785.919 CPU sec, 50.925 real sec
[M::mem_pestat] # candidate unique pairs for (FF, FR, RF, RR): (32, 225915, 63, 27)
[M::mem_pestat] analyzing insert size distribution for orientation FF...
[M::mem_pestat] (25, 50, 75) percentile: (165, 363, 833)
[M::mem_pestat] low and high boundaries for computing mean and std.dev: (1, 2169)
[M::mem_pestat] mean and std.dev: (503.93, 544.98)
[M::mem_pestat] low and high boundaries for proper pairs: (1, 2837)
[M::mem_pestat] analyzing insert size distribution for orientation FR...
[M::mem_pestat] (25, 50, 75) percentile: (241, 325, 421)
[M::mem_pestat] low and high boundaries for computing mean and std.dev: (1, 781)
[M::mem_pestat] mean and std.dev: (332.30, 132.15)
[M::mem_pestat] low and high boundaries for proper pairs: (1, 961)
[M::mem_pestat] analyzing insert size distribution for orientation RF...
[M::mem_pestat] (25, 50, 75) percentile: (293, 2037, 6155)
[M::mem_pestat] low and high boundaries for computing mean and std.dev: (1, 17879)
[M::mem_pestat] mean and std.dev: (3081.33, 3062.78)
[M::mem_pestat] low and high boundaries for proper pairs: (1, 23741)
[M::mem_pestat] analyzing insert size distribution for orientation RR...
[M::mem_pestat] (25, 50, 75) percentile: (290, 475, 1588)
[M::mem_pestat] low and high boundaries for computing mean and std.dev: (1, 4184)
[M::mem_pestat] mean and std.dev: (816.23, 733.86)
[M::mem_pestat] low and high boundaries for proper pairs: (1, 5482)
[M::mem_pestat] skip orientation FF
[M::mem_pestat] skip orientation RF
[M::mem_pestat] skip orientation RR
[M::process] read 1066668 sequences (160000200 bp)...
[M::mem_process_seqs] Processed 1066668 reads in 791.274 CPU sec, 51.243 real sec
[M::mem_pestat] # candidate unique pairs for (FF, FR, RF, RR): (29, 224196, 68, 32)
[M::mem_pestat] analyzing insert size distribution for orientation FF...
[M::mem_pestat] (25, 50, 75) percentile: (218, 582, 5211)
[M::mem_pestat] low and high boundaries for computing mean and std.dev: (1, 15197)
[M::mem_pestat] mean and std.dev: (1912.31, 2480.75)
[M::mem_pestat] low and high boundaries for proper pairs: (1, 20190)
[M::mem_pestat] analyzing insert size distribution for orientation FR...
[M::mem_pestat] (25, 50, 75) percentile: (243, 329, 425)
[M::mem_pestat] low and high boundaries for computing mean and std.dev: (1, 789)
[M::mem_pestat] mean and std.dev: (335.54, 133.74)
[M::mem_pestat] low and high boundaries for proper pairs: (1, 971)
[M::mem_pestat] analyzing insert size distribution for orientation RF...
[M::mem_pestat] (25, 50, 75) percentile: (308, 1782, 7940)
[M::mem_pestat] low and high boundaries for computing mean and std.dev: (1, 23204)
[M::mem_pestat] mean and std.dev: (3574.91, 3576.79)
[M::mem_pestat] low and high boundaries for proper pairs: (1, 30836)
[M::mem_pestat] analyzing insert size distribution for orientation RR...
[M::mem_pestat] (25, 50, 75) percentile: (336, 591, 1651)
[M::mem_pestat] low and high boundaries for computing mean and std.dev: (1, 4281)
[M::mem_pestat] mean and std.dev: (901.94, 907.13)
[M::mem_pestat] low and high boundaries for proper pairs: (1, 5596)
[M::mem_pestat] skip orientation FF
[M::mem_pestat] skip orientation RF
[M::mem_pestat] skip orientation RR
[M::process] read 1066668 sequences (160000200 bp)...
[M::mem_process_seqs] Processed 1066668 reads in 790.713 CPU sec, 51.297 real sec
[M::mem_pestat] # candidate unique pairs for (FF, FR, RF, RR): (39, 224475, 69, 31)
[M::mem_pestat] analyzing insert size distribution for orientation FF...
[M::mem_pestat] (25, 50, 75) percentile: (185, 244, 373)
[M::mem_pestat] low and high boundaries for computing mean and std.dev: (1, 749)
[M::mem_pestat] mean and std.dev: (218.45, 102.14)
[M::mem_pestat] low and high boundaries for proper pairs: (1, 937)
[M::mem_pestat] analyzing insert size distribution for orientation FR...
[M::mem_pestat] (25, 50, 75) percentile: (240, 327, 422)
[M::mem_pestat] low and high boundaries for computing mean and std.dev: (1, 786)
[M::mem_pestat] mean and std.dev: (333.21, 133.11)
[M::mem_pestat] low and high boundaries for proper pairs: (1, 968)
[M::mem_pestat] analyzing insert size distribution for orientation RF...
[M::mem_pestat] (25, 50, 75) percentile: (260, 1642, 6226)
[M::mem_pestat] low and high boundaries for computing mean and std.dev: (1, 18158)
[M::mem_pestat] mean and std.dev: (3474.62, 3452.63)
[M::mem_pestat] low and high boundaries for proper pairs: (1, 24124)
[M::mem_pestat] analyzing insert size distribution for orientation RR...
[M::mem_pestat] (25, 50, 75) percentile: (537, 757, 3752)
[M::mem_pestat] low and high boundaries for computing mean and std.dev: (1, 10182)
[M::mem_pestat] mean and std.dev: (2142.81, 2189.15)
[M::mem_pestat] low and high boundaries for proper pairs: (1, 13397)
[M::mem_pestat] skip orientation FF
[M::mem_pestat] skip orientation RF
[M::mem_pestat] skip orientation RR
[M::process] read 1066668 sequences (160000200 bp)...
[M::mem_process_seqs] Processed 1066668 reads in 783.233 CPU sec, 51.075 real sec
[M::mem_pestat] # candidate unique pairs for (FF, FR, RF, RR): (38, 225327, 84, 33)
[M::mem_pestat] analyzing insert size distribution for orientation FF...
[M::mem_pestat] (25, 50, 75) percentile: (273, 383, 685)
[M::mem_pestat] low and high boundaries for computing mean and std.dev: (1, 1509)
[M::mem_pestat] mean and std.dev: (385.70, 149.09)
[M::mem_pestat] low and high boundaries for proper pairs: (1, 1921)
[M::mem_pestat] analyzing insert size distribution for orientation FR...
[M::mem_pestat] (25, 50, 75) percentile: (242, 327, 424)
[M::mem_pestat] low and high boundaries for computing mean and std.dev: (1, 788)
[M::mem_pestat] mean and std.dev: (334.14, 132.84)
[M::mem_pestat] low and high boundaries for proper pairs: (1, 970)
[M::mem_pestat] analyzing insert size distribution for orientation RF...
[M::mem_pestat] (25, 50, 75) percentile: (250, 922, 3600)
[M::mem_pestat] low and high boundaries for computing mean and std.dev: (1, 10300)
[M::mem_pestat] mean and std.dev: (2090.60, 2510.77)
[M::mem_pestat] low and high boundaries for proper pairs: (1, 13650)
[M::mem_pestat] analyzing insert size distribution for orientation RR...
[M::mem_pestat] (25, 50, 75) percentile: (364, 682, 5829)
[M::mem_pestat] low and high boundaries for computing mean and std.dev: (1, 16759)
[M::mem_pestat] mean and std.dev: (3277.06, 3657.46)
[M::mem_pestat] low and high boundaries for proper pairs: (1, 22224)
[M::mem_pestat] skip orientation FF
[M::mem_pestat] skip orientation RF
[M::mem_pestat] skip orientation RR
[M::process] read 1066668 sequences (160000200 bp)...
[M::mem_process_seqs] Processed 1066668 reads in 787.082 CPU sec, 51.529 real sec
[M::mem_pestat] # candidate unique pairs for (FF, FR, RF, RR): (34, 226584, 72, 34)
[M::mem_pestat] analyzing insert size distribution for orientation FF...
[M::mem_pestat] (25, 50, 75) percentile: (231, 343, 1173)
[M::mem_pestat] low and high boundaries for computing mean and std.dev: (1, 3057)
[M::mem_pestat] mean and std.dev: (540.24, 602.51)
[M::mem_pestat] low and high boundaries for proper pairs: (1, 3999)
[M::mem_pestat] analyzing insert size distribution for orientation FR...
[M::mem_pestat] (25, 50, 75) percentile: (243, 326, 420)
[M::mem_pestat] low and high boundaries for computing mean and std.dev: (1, 774)
[M::mem_pestat] mean and std.dev: (332.84, 130.73)
[M::mem_pestat] low and high boundaries for proper pairs: (1, 951)
[M::mem_pestat] analyzing insert size distribution for orientation RF...
[M::mem_pestat] (25, 50, 75) percentile: (119, 1404, 5184)
[M::mem_pestat] low and high boundaries for computing mean and std.dev: (1, 15314)
[M::mem_pestat] mean and std.dev: (2780.49, 3119.26)
[M::mem_pestat] low and high boundaries for proper pairs: (1, 20379)
[M::mem_pestat] analyzing insert size distribution for orientation RR...
[M::mem_pestat] (25, 50, 75) percentile: (387, 417, 754)
[M::mem_pestat] low and high boundaries for computing mean and std.dev: (1, 1488)
[M::mem_pestat] mean and std.dev: (431.26, 230.61)
[M::mem_pestat] low and high boundaries for proper pairs: (1, 1855)
[M::mem_pestat] skip orientation FF
[M::mem_pestat] skip orientation RF
[M::mem_pestat] skip orientation RR
[M::process] read 1066668 sequences (160000200 bp)...
[M::mem_process_seqs] Processed 1066668 reads in 781.478 CPU sec, 50.693 real sec
[M::mem_pestat] # candidate unique pairs for (FF, FR, RF, RR): (32, 227974, 59, 33)
[M::mem_pestat] analyzing insert size distribution for orientation FF...
[M::mem_pestat] (25, 50, 75) percentile: (301, 814, 2564)
[M::mem_pestat] low and high boundaries for computing mean and std.dev: (1, 7090)
[M::mem_pestat] mean and std.dev: (1198.25, 1229.31)
[M::mem_pestat] low and high boundaries for proper pairs: (1, 9353)
[M::mem_pestat] analyzing insert size distribution for orientation FR...
[M::mem_pestat] (25, 50, 75) percentile: (245, 328, 421)
[M::mem_pestat] low and high boundaries for computing mean and std.dev: (1, 773)
[M::mem_pestat] mean and std.dev: (334.76, 130.07)
[M::mem_pestat] low and high boundaries for proper pairs: (1, 949)
[M::mem_pestat] analyzing insert size distribution for orientation RF...
[M::mem_pestat] (25, 50, 75) percentile: (224, 823, 2790)
[M::mem_pestat] low and high boundaries for computing mean and std.dev: (1, 7922)
[M::mem_pestat] mean and std.dev: (1427.25, 1844.56)
[M::mem_pestat] low and high boundaries for proper pairs: (1, 10488)
[M::mem_pestat] analyzing insert size distribution for orientation RR...
[M::mem_pestat] (25, 50, 75) percentile: (286, 466, 695)
[M::mem_pestat] low and high boundaries for computing mean and std.dev: (1, 1513)
[M::mem_pestat] mean and std.dev: (390.85, 188.43)
[M::mem_pestat] low and high boundaries for proper pairs: (1, 1922)
[M::mem_pestat] skip orientation FF
[M::mem_pestat] skip orientation RF
[M::mem_pestat] skip orientation RR
[M::process] read 1066668 sequences (160000200 bp)...
[M::mem_process_seqs] Processed 1066668 reads in 785.998 CPU sec, 50.796 real sec
[M::mem_pestat] # candidate unique pairs for (FF, FR, RF, RR): (31, 226675, 77, 35)
[M::mem_pestat] analyzing insert size distribution for orientation FF...
[M::mem_pestat] (25, 50, 75) percentile: (293, 374, 1875)
[M::mem_pestat] low and high boundaries for computing mean and std.dev: (1, 5039)
[M::mem_pestat] mean and std.dev: (674.88, 867.57)
[M::mem_pestat] low and high boundaries for proper pairs: (1, 6621)
[M::mem_pestat] analyzing insert size distribution for orientation FR...
[M::mem_pestat] (25, 50, 75) percentile: (244, 325, 417)
[M::mem_pestat] low and high boundaries for computing mean and std.dev: (1, 763)
[M::mem_pestat] mean and std.dev: (331.86, 128.75)
[M::mem_pestat] low and high boundaries for proper pairs: (1, 936)
[M::mem_pestat] analyzing insert size distribution for orientation RF...
[M::mem_pestat] (25, 50, 75) percentile: (250, 1094, 4336)
[M::mem_pestat] low and high boundaries for computing mean and std.dev: (1, 12508)
[M::mem_pestat] mean and std.dev: (2673.56, 3072.41)
[M::mem_pestat] low and high boundaries for proper pairs: (1, 16594)
[M::mem_pestat] analyzing insert size distribution for orientation RR...
[M::mem_pestat] (25, 50, 75) percentile: (207, 370, 1519)
[M::mem_pestat] low and high boundaries for computing mean and std.dev: (1, 4143)
[M::mem_pestat] mean and std.dev: (877.59, 909.42)
[M::mem_pestat] low and high boundaries for proper pairs: (1, 5455)
[M::mem_pestat] skip orientation FF
[M::mem_pestat] skip orientation RF
[M::mem_pestat] skip orientation RR
[M::process] read 1066668 sequences (160000200 bp)...
[M::mem_process_seqs] Processed 1066668 reads in 787.691 CPU sec, 51.086 real sec
[M::mem_pestat] # candidate unique pairs for (FF, FR, RF, RR): (43, 226896, 77, 44)
[M::mem_pestat] analyzing insert size distribution for orientation FF...
[M::mem_pestat] (25, 50, 75) percentile: (246, 410, 750)
[M::mem_pestat] low and high boundaries for computing mean and std.dev: (1, 1758)
[M::mem_pestat] mean and std.dev: (486.38, 356.13)
[M::mem_pestat] low and high boundaries for proper pairs: (1, 2262)
[M::mem_pestat] analyzing insert size distribution for orientation FR...
[M::mem_pestat] (25, 50, 75) percentile: (246, 328, 419)
[M::mem_pestat] low and high boundaries for computing mean and std.dev: (1, 765)
[M::mem_pestat] mean and std.dev: (333.89, 128.54)
[M::mem_pestat] low and high boundaries for proper pairs: (1, 938)
[M::mem_pestat] analyzing insert size distribution for orientation RF...
[M::mem_pestat] (25, 50, 75) percentile: (244, 947, 4604)
[M::mem_pestat] low and high boundaries for computing mean and std.dev: (1, 13324)
[M::mem_pestat] mean and std.dev: (2558.87, 3175.96)
[M::mem_pestat] low and high boundaries for proper pairs: (1, 17684)
[M::mem_pestat] analyzing insert size distribution for orientation RR...
[M::mem_pestat] (25, 50, 75) percentile: (202, 504, 2124)
[M::mem_pestat] low and high boundaries for computing mean and std.dev: (1, 5968)
[M::mem_pestat] mean and std.dev: (1093.07, 1323.95)
[M::mem_pestat] low and high boundaries for proper pairs: (1, 7890)
[M::mem_pestat] skip orientation FF
[M::mem_pestat] skip orientation RF
[M::mem_pestat] skip orientation RR
[M::process] read 14146 sequences (2121900 bp)...
[M::mem_process_seqs] Processed 1066668 reads in 781.202 CPU sec, 50.743 real sec
[M::mem_pestat] # candidate unique pairs for (FF, FR, RF, RR): (0, 2957, 1, 0)
[M::mem_pestat] skip orientation FF as there are not enough pairs
[M::mem_pestat] analyzing insert size distribution for orientation FR...
[M::mem_pestat] (25, 50, 75) percentile: (247, 327, 420)
[M::mem_pestat] low and high boundaries for computing mean and std.dev: (1, 766)
[M::mem_pestat] mean and std.dev: (336.05, 129.64)
[M::mem_pestat] low and high boundaries for proper pairs: (1, 939)
[M::mem_pestat] skip orientation RF as there are not enough pairs
[M::mem_pestat] skip orientation RR as there are not enough pairs
[M::mem_process_seqs] Processed 14146 reads in 10.944 CPU sec, 0.873 real sec
[main] Version: 0.7.19-r1273
[main] CMD: bwa mem -t 16 -R @RG\tID:CS18_22_Wild_plate1_H6\tSM:CS18_22_Wild_plate1_H6\tLB:CS18_22_Wild_plate1_H6\tPL:ILLUMINA output/05_realign_xbOstLuri2/reference/GCA_061535525.1_xbOstLuri2_USDA-ARS_PSRF_primary_genomic.fna data/raw/CS18_22_Wild_plate1_H6_S46_L004_R1_001.fastq.gz data/raw/CS18_22_Wild_plate1_H6_S46_L004_R2_001.fastq.gz
[main] Real time: 3216.882 sec; CPU: 48986.897 sec
[bam_sort_core] merging from 3 files and 8 in-memory blocks...
end 2026-09-27T12:54:24Z sample=CS18_22_Wild_plate1_H6
