/opt/ohpc/admin/lmod/lmod/init/bash: line 93: LD_LIBRARY_PATH: unbound variable
start 2026-09-27T15:39:27Z host n3483 sample=WB_13a location=WB
[M::bwa_idx_load_from_disk] read 0 ALT contigs
[M::process] read 1066668 sequences (160000200 bp)...
[M::process] read 1066668 sequences (160000200 bp)...
[M::mem_pestat] # candidate unique pairs for (FF, FR, RF, RR): (45, 219129, 93, 55)
[M::mem_pestat] analyzing insert size distribution for orientation FF...
[M::mem_pestat] (25, 50, 75) percentile: (172, 315, 915)
[M::mem_pestat] low and high boundaries for computing mean and std.dev: (1, 2401)
[M::mem_pestat] mean and std.dev: (480.48, 405.78)
[M::mem_pestat] low and high boundaries for proper pairs: (1, 3144)
[M::mem_pestat] analyzing insert size distribution for orientation FR...
[M::mem_pestat] (25, 50, 75) percentile: (281, 360, 455)
[M::mem_pestat] low and high boundaries for computing mean and std.dev: (1, 803)
[M::mem_pestat] mean and std.dev: (368.60, 132.18)
[M::mem_pestat] low and high boundaries for proper pairs: (1, 977)
[M::mem_pestat] analyzing insert size distribution for orientation RF...
[M::mem_pestat] (25, 50, 75) percentile: (220, 989, 4882)
[M::mem_pestat] low and high boundaries for computing mean and std.dev: (1, 14206)
[M::mem_pestat] mean and std.dev: (2748.77, 3300.39)
[M::mem_pestat] low and high boundaries for proper pairs: (1, 18868)
[M::mem_pestat] analyzing insert size distribution for orientation RR...
[M::mem_pestat] (25, 50, 75) percentile: (292, 433, 822)
[M::mem_pestat] low and high boundaries for computing mean and std.dev: (1, 1882)
[M::mem_pestat] mean and std.dev: (439.19, 294.98)
[M::mem_pestat] low and high boundaries for proper pairs: (1, 2412)
[M::mem_pestat] skip orientation FF
[M::mem_pestat] skip orientation RF
[M::mem_pestat] skip orientation RR
[M::mem_process_seqs] Processed 1066668 reads in 869.284 CPU sec, 59.060 real sec
[M::mem_pestat] # candidate unique pairs for (FF, FR, RF, RR): (44, 220469, 65, 41)
[M::mem_pestat] analyzing insert size distribution for orientation FF...
[M::mem_pestat] (25, 50, 75) percentile: (245, 564, 1580)
[M::mem_pestat] low and high boundaries for computing mean and std.dev: (1, 4250)
[M::mem_pestat] mean and std.dev: (794.62, 799.81)
[M::mem_pestat] low and high boundaries for proper pairs: (1, 5585)
[M::mem_pestat] analyzing insert size distribution for orientation FR...
[M::mem_pestat] (25, 50, 75) percentile: (288, 369, 465)
[M::mem_pestat] low and high boundaries for computing mean and std.dev: (1, 819)
[M::mem_pestat] mean and std.dev: (377.36, 134.46)
[M::mem_pestat] low and high boundaries for proper pairs: (1, 996)
[M::mem_pestat] analyzing insert size distribution for orientation RF...
[M::mem_pestat] (25, 50, 75) percentile: (239, 2000, 5429)
[M::mem_pestat] low and high boundaries for computing mean and std.dev: (1, 15809)
[M::mem_pestat] mean and std.dev: (2999.65, 3143.24)
[M::mem_pestat] low and high boundaries for proper pairs: (1, 20999)
[M::mem_pestat] analyzing insert size distribution for orientation RR...
[M::mem_pestat] (25, 50, 75) percentile: (474, 736, 2154)
[M::mem_pestat] low and high boundaries for computing mean and std.dev: (1, 5514)
[M::mem_pestat] mean and std.dev: (1135.05, 896.93)
[M::mem_pestat] low and high boundaries for proper pairs: (1, 7194)
[M::mem_pestat] skip orientation FF
[M::mem_pestat] skip orientation RF
[M::mem_pestat] skip orientation RR
[M::process] read 1066668 sequences (160000200 bp)...
[M::mem_process_seqs] Processed 1066668 reads in 834.263 CPU sec, 53.794 real sec
[M::mem_pestat] # candidate unique pairs for (FF, FR, RF, RR): (31, 221547, 73, 45)
[M::mem_pestat] analyzing insert size distribution for orientation FF...
[M::mem_pestat] (25, 50, 75) percentile: (268, 440, 707)
[M::mem_pestat] low and high boundaries for computing mean and std.dev: (1, 1585)
[M::mem_pestat] mean and std.dev: (474.26, 344.25)
[M::mem_pestat] low and high boundaries for proper pairs: (1, 2024)
[M::mem_pestat] analyzing insert size distribution for orientation FR...
[M::mem_pestat] (25, 50, 75) percentile: (284, 366, 465)
[M::mem_pestat] low and high boundaries for computing mean and std.dev: (1, 827)
[M::mem_pestat] mean and std.dev: (375.88, 136.18)
[M::mem_pestat] low and high boundaries for proper pairs: (1, 1008)
[M::mem_pestat] analyzing insert size distribution for orientation RF...
[M::mem_pestat] (25, 50, 75) percentile: (439, 1947, 7214)
[M::mem_pestat] low and high boundaries for computing mean and std.dev: (1, 20764)
[M::mem_pestat] mean and std.dev: (3475.05, 3448.84)
[M::mem_pestat] low and high boundaries for proper pairs: (1, 27539)
[M::mem_pestat] analyzing insert size distribution for orientation RR...
[M::mem_pestat] (25, 50, 75) percentile: (266, 349, 919)
[M::mem_pestat] low and high boundaries for computing mean and std.dev: (1, 2225)
[M::mem_pestat] mean and std.dev: (480.42, 389.76)
[M::mem_pestat] low and high boundaries for proper pairs: (1, 2878)
[M::mem_pestat] skip orientation FF
[M::mem_pestat] skip orientation RF
[M::mem_pestat] skip orientation RR
[M::process] read 1066668 sequences (160000200 bp)...
[M::mem_process_seqs] Processed 1066668 reads in 842.658 CPU sec, 54.203 real sec
[M::mem_pestat] # candidate unique pairs for (FF, FR, RF, RR): (38, 219508, 78, 35)
[M::mem_pestat] analyzing insert size distribution for orientation FF...
[M::mem_pestat] (25, 50, 75) percentile: (265, 482, 2188)
[M::mem_pestat] low and high boundaries for computing mean and std.dev: (1, 6034)
[M::mem_pestat] mean and std.dev: (994.94, 1191.04)
[M::mem_pestat] low and high boundaries for proper pairs: (1, 7957)
[M::mem_pestat] analyzing insert size distribution for orientation FR...
[M::mem_pestat] (25, 50, 75) percentile: (284, 366, 467)
[M::mem_pestat] low and high boundaries for computing mean and std.dev: (1, 833)
[M::mem_pestat] mean and std.dev: (376.71, 137.71)
[M::mem_pestat] low and high boundaries for proper pairs: (1, 1016)
[M::mem_pestat] analyzing insert size distribution for orientation RF...
[M::mem_pestat] (25, 50, 75) percentile: (528, 2978, 6179)
[M::mem_pestat] low and high boundaries for computing mean and std.dev: (1, 17481)
[M::mem_pestat] mean and std.dev: (3511.73, 3009.58)
[M::mem_pestat] low and high boundaries for proper pairs: (1, 23132)
[M::mem_pestat] analyzing insert size distribution for orientation RR...
[M::mem_pestat] (25, 50, 75) percentile: (227, 394, 806)
[M::mem_pestat] low and high boundaries for computing mean and std.dev: (1, 1964)
[M::mem_pestat] mean and std.dev: (513.68, 410.43)
[M::mem_pestat] low and high boundaries for proper pairs: (1, 2543)
[M::mem_pestat] skip orientation FF
[M::mem_pestat] skip orientation RF
[M::mem_pestat] skip orientation RR
[M::process] read 1066668 sequences (160000200 bp)...
[M::mem_process_seqs] Processed 1066668 reads in 850.055 CPU sec, 54.680 real sec
[M::mem_pestat] # candidate unique pairs for (FF, FR, RF, RR): (32, 220096, 112, 34)
[M::mem_pestat] analyzing insert size distribution for orientation FF...
[M::mem_pestat] (25, 50, 75) percentile: (326, 354, 2432)
[M::mem_pestat] low and high boundaries for computing mean and std.dev: (1, 6644)
[M::mem_pestat] mean and std.dev: (1033.37, 1483.59)
[M::mem_pestat] low and high boundaries for proper pairs: (1, 8750)
[M::mem_pestat] analyzing insert size distribution for orientation FR...
[M::mem_pestat] (25, 50, 75) percentile: (284, 366, 467)
[M::mem_pestat] low and high boundaries for computing mean and std.dev: (1, 833)
[M::mem_pestat] mean and std.dev: (376.19, 137.70)
[M::mem_pestat] low and high boundaries for proper pairs: (1, 1016)
[M::mem_pestat] analyzing insert size distribution for orientation RF...
[M::mem_pestat] (25, 50, 75) percentile: (545, 3446, 7539)
[M::mem_pestat] low and high boundaries for computing mean and std.dev: (1, 21527)
[M::mem_pestat] mean and std.dev: (3865.15, 3627.58)
[M::mem_pestat] low and high boundaries for proper pairs: (1, 28521)
[M::mem_pestat] analyzing insert size distribution for orientation RR...
[M::mem_pestat] (25, 50, 75) percentile: (202, 367, 1525)
[M::mem_pestat] low and high boundaries for computing mean and std.dev: (1, 4171)
[M::mem_pestat] mean and std.dev: (903.52, 1089.07)
[M::mem_pestat] low and high boundaries for proper pairs: (1, 5494)
[M::mem_pestat] skip orientation FF
[M::mem_pestat] skip orientation RF
[M::mem_pestat] skip orientation RR
[M::process] read 1066668 sequences (160000200 bp)...
[M::mem_process_seqs] Processed 1066668 reads in 855.864 CPU sec, 55.058 real sec
[M::mem_pestat] # candidate unique pairs for (FF, FR, RF, RR): (39, 220106, 80, 33)
[M::mem_pestat] analyzing insert size distribution for orientation FF...
[M::mem_pestat] (25, 50, 75) percentile: (175, 320, 772)
[M::mem_pestat] low and high boundaries for computing mean and std.dev: (1, 1966)
[M::mem_pestat] mean and std.dev: (462.83, 447.14)
[M::mem_pestat] low and high boundaries for proper pairs: (1, 2563)
[M::mem_pestat] analyzing insert size distribution for orientation FR...
[M::mem_pestat] (25, 50, 75) percentile: (285, 366, 465)
[M::mem_pestat] low and high boundaries for computing mean and std.dev: (1, 825)
[M::mem_pestat] mean and std.dev: (375.99, 136.47)
[M::mem_pestat] low and high boundaries for proper pairs: (1, 1005)
[M::mem_pestat] analyzing insert size distribution for orientation RF...
[M::mem_pestat] (25, 50, 75) percentile: (473, 1123, 5332)
[M::mem_pestat] low and high boundaries for computing mean and std.dev: (1, 15050)
[M::mem_pestat] mean and std.dev: (2779.40, 2973.72)
[M::mem_pestat] low and high boundaries for proper pairs: (1, 19909)
[M::mem_pestat] analyzing insert size distribution for orientation RR...
[M::mem_pestat] (25, 50, 75) percentile: (343, 588, 1574)
[M::mem_pestat] low and high boundaries for computing mean and std.dev: (1, 4036)
[M::mem_pestat] mean and std.dev: (801.52, 728.81)
[M::mem_pestat] low and high boundaries for proper pairs: (1, 5267)
[M::mem_pestat] skip orientation FF
[M::mem_pestat] skip orientation RF
[M::mem_pestat] skip orientation RR
[M::process] read 1066668 sequences (160000200 bp)...
[M::mem_process_seqs] Processed 1066668 reads in 850.622 CPU sec, 54.724 real sec
[M::mem_pestat] # candidate unique pairs for (FF, FR, RF, RR): (40, 220448, 91, 45)
[M::mem_pestat] analyzing insert size distribution for orientation FF...
[M::mem_pestat] (25, 50, 75) percentile: (462, 625, 1923)
[M::mem_pestat] low and high boundaries for computing mean and std.dev: (1, 4845)
[M::mem_pestat] mean and std.dev: (760.77, 682.09)
[M::mem_pestat] low and high boundaries for proper pairs: (1, 6306)
[M::mem_pestat] analyzing insert size distribution for orientation FR...
[M::mem_pestat] (25, 50, 75) percentile: (280, 359, 459)
[M::mem_pestat] low and high boundaries for computing mean and std.dev: (1, 817)
[M::mem_pestat] mean and std.dev: (370.46, 135.09)
[M::mem_pestat] low and high boundaries for proper pairs: (1, 996)
[M::mem_pestat] analyzing insert size distribution for orientation RF...
[M::mem_pestat] (25, 50, 75) percentile: (229, 981, 3511)
[M::mem_pestat] low and high boundaries for computing mean and std.dev: (1, 10075)
[M::mem_pestat] mean and std.dev: (2277.67, 2598.39)
[M::mem_pestat] low and high boundaries for proper pairs: (1, 13357)
[M::mem_pestat] analyzing insert size distribution for orientation RR...
[M::mem_pestat] (25, 50, 75) percentile: (366, 915, 3192)
[M::mem_pestat] low and high boundaries for computing mean and std.dev: (1, 8844)
[M::mem_pestat] mean and std.dev: (2093.40, 2405.36)
[M::mem_pestat] low and high boundaries for proper pairs: (1, 11715)
[M::mem_pestat] skip orientation FF
[M::mem_pestat] skip orientation RF
[M::mem_pestat] skip orientation RR
[M::process] read 1066668 sequences (160000200 bp)...
[M::mem_process_seqs] Processed 1066668 reads in 879.377 CPU sec, 56.478 real sec
[M::mem_pestat] # candidate unique pairs for (FF, FR, RF, RR): (43, 219296, 59, 44)
[M::mem_pestat] analyzing insert size distribution for orientation FF...
[M::mem_pestat] (25, 50, 75) percentile: (212, 575, 1418)
[M::mem_pestat] low and high boundaries for computing mean and std.dev: (1, 3830)
[M::mem_pestat] mean and std.dev: (848.93, 745.83)
[M::mem_pestat] low and high boundaries for proper pairs: (1, 5036)
[M::mem_pestat] analyzing insert size distribution for orientation FR...
[M::mem_pestat] (25, 50, 75) percentile: (278, 358, 457)
[M::mem_pestat] low and high boundaries for computing mean and std.dev: (1, 815)
[M::mem_pestat] mean and std.dev: (368.51, 134.90)
[M::mem_pestat] low and high boundaries for proper pairs: (1, 994)
[M::mem_pestat] analyzing insert size distribution for orientation RF...
[M::mem_pestat] (25, 50, 75) percentile: (392, 1019, 4484)
[M::mem_pestat] low and high boundaries for computing mean and std.dev: (1, 12668)
[M::mem_pestat] mean and std.dev: (2706.42, 2935.26)
[M::mem_pestat] low and high boundaries for proper pairs: (1, 16760)
[M::mem_pestat] analyzing insert size distribution for orientation RR...
[M::mem_pestat] (25, 50, 75) percentile: (276, 430, 1559)
[M::mem_pestat] low and high boundaries for computing mean and std.dev: (1, 4125)
[M::mem_pestat] mean and std.dev: (764.79, 879.65)
[M::mem_pestat] low and high boundaries for proper pairs: (1, 5408)
[M::mem_pestat] skip orientation FF
[M::mem_pestat] skip orientation RF
[M::mem_pestat] skip orientation RR
[M::process] read 1066668 sequences (160000200 bp)...
[M::mem_process_seqs] Processed 1066668 reads in 850.598 CPU sec, 54.667 real sec
[M::mem_pestat] # candidate unique pairs for (FF, FR, RF, RR): (23, 219124, 98, 37)
[M::mem_pestat] analyzing insert size distribution for orientation FF...
[M::mem_pestat] (25, 50, 75) percentile: (659, 839, 2101)
[M::mem_pestat] low and high boundaries for computing mean and std.dev: (1, 4985)
[M::mem_pestat] mean and std.dev: (1063.00, 903.17)
[M::mem_pestat] low and high boundaries for proper pairs: (1, 6427)
[M::mem_pestat] analyzing insert size distribution for orientation FR...
[M::mem_pestat] (25, 50, 75) percentile: (280, 360, 460)
[M::mem_pestat] low and high boundaries for computing mean and std.dev: (1, 820)
[M::mem_pestat] mean and std.dev: (371.17, 136.31)
[M::mem_pestat] low and high boundaries for proper pairs: (1, 1000)
[M::mem_pestat] analyzing insert size distribution for orientation RF...
[M::mem_pestat] (25, 50, 75) percentile: (263, 1422, 3977)
[M::mem_pestat] low and high boundaries for computing mean and std.dev: (1, 11405)
[M::mem_pestat] mean and std.dev: (2737.56, 2893.24)
[M::mem_pestat] low and high boundaries for proper pairs: (1, 15119)
[M::mem_pestat] analyzing insert size distribution for orientation RR...
[M::mem_pestat] (25, 50, 75) percentile: (317, 715, 4308)
[M::mem_pestat] low and high boundaries for computing mean and std.dev: (1, 12290)
[M::mem_pestat] mean and std.dev: (2009.24, 2209.28)
[M::mem_pestat] low and high boundaries for proper pairs: (1, 16281)
[M::mem_pestat] skip orientation FF
[M::mem_pestat] skip orientation RF
[M::mem_pestat] skip orientation RR
[M::process] read 1066668 sequences (160000200 bp)...
[M::mem_process_seqs] Processed 1066668 reads in 869.021 CPU sec, 55.979 real sec
[M::mem_pestat] # candidate unique pairs for (FF, FR, RF, RR): (32, 219437, 61, 36)
[M::mem_pestat] analyzing insert size distribution for orientation FF...
[M::mem_pestat] (25, 50, 75) percentile: (250, 294, 1018)
[M::mem_pestat] low and high boundaries for computing mean and std.dev: (1, 2554)
[M::mem_pestat] mean and std.dev: (434.44, 361.15)
[M::mem_pestat] low and high boundaries for proper pairs: (1, 3322)
[M::mem_pestat] analyzing insert size distribution for orientation FR...
[M::mem_pestat] (25, 50, 75) percentile: (285, 367, 468)
[M::mem_pestat] low and high boundaries for computing mean and std.dev: (1, 834)
[M::mem_pestat] mean and std.dev: (376.78, 138.11)
[M::mem_pestat] low and high boundaries for proper pairs: (1, 1017)
[M::mem_pestat] analyzing insert size distribution for orientation RF...
[M::mem_pestat] (25, 50, 75) percentile: (294, 815, 4331)
[M::mem_pestat] low and high boundaries for computing mean and std.dev: (1, 12405)
[M::mem_pestat] mean and std.dev: (2424.11, 2950.55)
[M::mem_pestat] low and high boundaries for proper pairs: (1, 16442)
[M::mem_pestat] analyzing insert size distribution for orientation RR...
[M::mem_pestat] (25, 50, 75) percentile: (198, 320, 1537)
[M::mem_pestat] low and high boundaries for computing mean and std.dev: (1, 4215)
[M::mem_pestat] mean and std.dev: (678.42, 803.97)
[M::mem_pestat] low and high boundaries for proper pairs: (1, 5554)
[M::mem_pestat] skip orientation FF
[M::mem_pestat] skip orientation RF
[M::mem_pestat] skip orientation RR
[M::process] read 1066668 sequences (160000200 bp)...
[M::mem_process_seqs] Processed 1066668 reads in 839.207 CPU sec, 54.017 real sec
[M::mem_pestat] # candidate unique pairs for (FF, FR, RF, RR): (39, 219366, 102, 35)
[M::mem_pestat] analyzing insert size distribution for orientation FF...
[M::mem_pestat] (25, 50, 75) percentile: (256, 630, 2097)
[M::mem_pestat] low and high boundaries for computing mean and std.dev: (1, 5779)
[M::mem_pestat] mean and std.dev: (1274.49, 1370.99)
[M::mem_pestat] low and high boundaries for proper pairs: (1, 7620)
[M::mem_pestat] analyzing insert size distribution for orientation FR...
[M::mem_pestat] (25, 50, 75) percentile: (290, 374, 476)
[M::mem_pestat] low and high boundaries for computing mean and std.dev: (1, 848)
[M::mem_pestat] mean and std.dev: (383.54, 140.15)
[M::mem_pestat] low and high boundaries for proper pairs: (1, 1034)
[M::mem_pestat] analyzing insert size distribution for orientation RF...
[M::mem_pestat] (25, 50, 75) percentile: (573, 3184, 5804)
[M::mem_pestat] low and high boundaries for computing mean and std.dev: (1, 16266)
[M::mem_pestat] mean and std.dev: (3356.73, 2963.04)
[M::mem_pestat] low and high boundaries for proper pairs: (1, 21497)
[M::mem_pestat] analyzing insert size distribution for orientation RR...
[M::mem_pestat] (25, 50, 75) percentile: (282, 297, 1278)
[M::mem_pestat] low and high boundaries for computing mean and std.dev: (1, 3270)
[M::mem_pestat] mean and std.dev: (662.52, 566.45)
[M::mem_pestat] low and high boundaries for proper pairs: (1, 4266)
[M::mem_pestat] skip orientation FF
[M::mem_pestat] skip orientation RF
[M::mem_pestat] skip orientation RR
[M::process] read 1066668 sequences (160000200 bp)...
[M::mem_process_seqs] Processed 1066668 reads in 903.506 CPU sec, 59.232 real sec
[M::mem_pestat] # candidate unique pairs for (FF, FR, RF, RR): (46, 221074, 76, 24)
[M::mem_pestat] analyzing insert size distribution for orientation FF...
[M::mem_pestat] (25, 50, 75) percentile: (261, 494, 2062)
[M::mem_pestat] low and high boundaries for computing mean and std.dev: (1, 5664)
[M::mem_pestat] mean and std.dev: (918.90, 1085.51)
[M::mem_pestat] low and high boundaries for proper pairs: (1, 7465)
[M::mem_pestat] analyzing insert size distribution for orientation FR...
[M::mem_pestat] (25, 50, 75) percentile: (287, 372, 475)
[M::mem_pestat] low and high boundaries for computing mean and std.dev: (1, 851)
[M::mem_pestat] mean and std.dev: (381.61, 140.16)
[M::mem_pestat] low and high boundaries for proper pairs: (1, 1039)
[M::mem_pestat] analyzing insert size distribution for orientation RF...
[M::mem_pestat] (25, 50, 75) percentile: (232, 1868, 4145)
[M::mem_pestat] low and high boundaries for computing mean and std.dev: (1, 11971)
[M::mem_pestat] mean and std.dev: (2550.92, 2568.94)
[M::mem_pestat] low and high boundaries for proper pairs: (1, 15884)
[M::mem_pestat] analyzing insert size distribution for orientation RR...
[M::mem_pestat] (25, 50, 75) percentile: (225, 316, 434)
[M::mem_pestat] low and high boundaries for computing mean and std.dev: (1, 852)
[M::mem_pestat] mean and std.dev: (260.68, 104.54)
[M::mem_pestat] low and high boundaries for proper pairs: (1, 1061)
[M::mem_pestat] skip orientation FF
[M::mem_pestat] skip orientation RF
[M::mem_pestat] skip orientation RR
[M::process] read 1066668 sequences (160000200 bp)...
[M::mem_process_seqs] Processed 1066668 reads in 963.663 CPU sec, 63.102 real sec
[M::mem_pestat] # candidate unique pairs for (FF, FR, RF, RR): (50, 220816, 93, 32)
[M::mem_pestat] analyzing insert size distribution for orientation FF...
[M::mem_pestat] (25, 50, 75) percentile: (230, 471, 1462)
[M::mem_pestat] low and high boundaries for computing mean and std.dev: (1, 3926)
[M::mem_pestat] mean and std.dev: (688.29, 689.18)
[M::mem_pestat] low and high boundaries for proper pairs: (1, 5158)
[M::mem_pestat] analyzing insert size distribution for orientation FR...
[M::mem_pestat] (25, 50, 75) percentile: (285, 368, 472)
[M::mem_pestat] low and high boundaries for computing mean and std.dev: (1, 846)
[M::mem_pestat] mean and std.dev: (379.80, 140.20)
[M::mem_pestat] low and high boundaries for proper pairs: (1, 1033)
[M::mem_pestat] analyzing insert size distribution for orientation RF...
[M::mem_pestat] (25, 50, 75) percentile: (280, 1124, 2892)
[M::mem_pestat] low and high boundaries for computing mean and std.dev: (1, 8116)
[M::mem_pestat] mean and std.dev: (1881.42, 2175.19)
[M::mem_pestat] low and high boundaries for proper pairs: (1, 10728)
[M::mem_pestat] analyzing insert size distribution for orientation RR...
[M::mem_pestat] (25, 50, 75) percentile: (482, 592, 6690)
[M::mem_pestat] low and high boundaries for computing mean and std.dev: (1, 19106)
[M::mem_pestat] mean and std.dev: (2330.62, 2928.89)
[M::mem_pestat] low and high boundaries for proper pairs: (1, 25314)
[M::mem_pestat] skip orientation FF
[M::mem_pestat] skip orientation RF
[M::mem_pestat] skip orientation RR
[M::process] read 1066668 sequences (160000200 bp)...
[M::mem_process_seqs] Processed 1066668 reads in 964.467 CPU sec, 63.178 real sec
[M::mem_pestat] # candidate unique pairs for (FF, FR, RF, RR): (25, 220303, 80, 20)
[M::mem_pestat] analyzing insert size distribution for orientation FF...
[M::mem_pestat] (25, 50, 75) percentile: (249, 396, 2134)
[M::mem_pestat] low and high boundaries for computing mean and std.dev: (1, 5904)
[M::mem_pestat] mean and std.dev: (1001.30, 1073.61)
[M::mem_pestat] low and high boundaries for proper pairs: (1, 7789)
[M::mem_pestat] analyzing insert size distribution for orientation FR...
[M::mem_pestat] (25, 50, 75) percentile: (285, 367, 469)
[M::mem_pestat] low and high boundaries for computing mean and std.dev: (1, 837)
[M::mem_pestat] mean and std.dev: (377.77, 138.27)
[M::mem_pestat] low and high boundaries for proper pairs: (1, 1021)
[M::mem_pestat] analyzing insert size distribution for orientation RF...
[M::mem_pestat] (25, 50, 75) percentile: (873, 1720, 5924)
[M::mem_pestat] low and high boundaries for computing mean and std.dev: (1, 16026)
[M::mem_pestat] mean and std.dev: (3164.34, 3032.67)
[M::mem_pestat] low and high boundaries for proper pairs: (1, 21077)
[M::mem_pestat] analyzing insert size distribution for orientation RR...
[M::mem_pestat] (25, 50, 75) percentile: (353, 688, 2126)
[M::mem_pestat] low and high boundaries for computing mean and std.dev: (1, 5672)
[M::mem_pestat] mean and std.dev: (1159.84, 1255.30)
[M::mem_pestat] low and high boundaries for proper pairs: (1, 7445)
[M::mem_pestat] skip orientation FF
[M::mem_pestat] skip orientation RF
[M::mem_pestat] skip orientation RR
[M::process] read 1066668 sequences (160000200 bp)...
[M::mem_process_seqs] Processed 1066668 reads in 967.629 CPU sec, 63.067 real sec
[M::mem_pestat] # candidate unique pairs for (FF, FR, RF, RR): (15, 220452, 92, 32)
[M::mem_pestat] analyzing insert size distribution for orientation FF...
[M::mem_pestat] (25, 50, 75) percentile: (286, 455, 1392)
[M::mem_pestat] low and high boundaries for computing mean and std.dev: (1, 3604)
[M::mem_pestat] mean and std.dev: (626.50, 626.45)
[M::mem_pestat] low and high boundaries for proper pairs: (1, 4710)
[M::mem_pestat] analyzing insert size distribution for orientation FR...
[M::mem_pestat] (25, 50, 75) percentile: (284, 366, 469)
[M::mem_pestat] low and high boundaries for computing mean and std.dev: (1, 839)
[M::mem_pestat] mean and std.dev: (377.28, 138.29)
[M::mem_pestat] low and high boundaries for proper pairs: (1, 1024)
[M::mem_pestat] analyzing insert size distribution for orientation RF...
[M::mem_pestat] (25, 50, 75) percentile: (328, 2001, 5332)
[M::mem_pestat] low and high boundaries for computing mean and std.dev: (1, 15340)
[M::mem_pestat] mean and std.dev: (2956.39, 2938.02)
[M::mem_pestat] low and high boundaries for proper pairs: (1, 20344)
[M::mem_pestat] analyzing insert size distribution for orientation RR...
[M::mem_pestat] (25, 50, 75) percentile: (350, 460, 957)
[M::mem_pestat] low and high boundaries for computing mean and std.dev: (1, 2171)
[M::mem_pestat] mean and std.dev: (571.34, 458.86)
[M::mem_pestat] low and high boundaries for proper pairs: (1, 2778)
[M::mem_pestat] skip orientation FF
[M::mem_pestat] skip orientation RF
[M::mem_pestat] skip orientation RR
[M::process] read 1066668 sequences (160000200 bp)...
[M::mem_process_seqs] Processed 1066668 reads in 972.038 CPU sec, 63.737 real sec
[M::mem_pestat] # candidate unique pairs for (FF, FR, RF, RR): (27, 219254, 63, 41)
[M::mem_pestat] analyzing insert size distribution for orientation FF...
[M::mem_pestat] (25, 50, 75) percentile: (454, 939, 1701)
[M::mem_pestat] low and high boundaries for computing mean and std.dev: (1, 4195)
[M::mem_pestat] mean and std.dev: (1105.32, 999.12)
[M::mem_pestat] low and high boundaries for proper pairs: (1, 5442)
[M::mem_pestat] analyzing insert size distribution for orientation FR...
[M::mem_pestat] (25, 50, 75) percentile: (282, 364, 467)
[M::mem_pestat] low and high boundaries for computing mean and std.dev: (1, 837)
[M::mem_pestat] mean and std.dev: (375.92, 138.39)
[M::mem_pestat] low and high boundaries for proper pairs: (1, 1022)
[M::mem_pestat] analyzing insert size distribution for orientation RF...
[M::mem_pestat] (25, 50, 75) percentile: (230, 741, 3904)
[M::mem_pestat] low and high boundaries for computing mean and std.dev: (1, 11252)
[M::mem_pestat] mean and std.dev: (2179.38, 2654.67)
[M::mem_pestat] low and high boundaries for proper pairs: (1, 14926)
[M::mem_pestat] analyzing insert size distribution for orientation RR...
[M::mem_pestat] (25, 50, 75) percentile: (351, 575, 3764)
[M::mem_pestat] low and high boundaries for computing mean and std.dev: (1, 10590)
[M::mem_pestat] mean and std.dev: (2058.88, 2232.85)
[M::mem_pestat] low and high boundaries for proper pairs: (1, 14003)
[M::mem_pestat] skip orientation FF
[M::mem_pestat] skip orientation RF
[M::mem_pestat] skip orientation RR
[M::process] read 1066668 sequences (160000200 bp)...
[M::mem_process_seqs] Processed 1066668 reads in 978.036 CPU sec, 64.308 real sec
[M::mem_pestat] # candidate unique pairs for (FF, FR, RF, RR): (22, 220183, 78, 24)
[M::mem_pestat] analyzing insert size distribution for orientation FF...
[M::mem_pestat] (25, 50, 75) percentile: (231, 415, 608)
[M::mem_pestat] low and high boundaries for computing mean and std.dev: (1, 1362)
[M::mem_pestat] mean and std.dev: (447.95, 299.78)
[M::mem_pestat] low and high boundaries for proper pairs: (1, 1739)
[M::mem_pestat] analyzing insert size distribution for orientation FR...
[M::mem_pestat] (25, 50, 75) percentile: (281, 363, 465)
[M::mem_pestat] low and high boundaries for computing mean and std.dev: (1, 833)
[M::mem_pestat] mean and std.dev: (374.11, 138.47)
[M::mem_pestat] low and high boundaries for proper pairs: (1, 1017)
[M::mem_pestat] analyzing insert size distribution for orientation RF...
[M::mem_pestat] (25, 50, 75) percentile: (318, 922, 4437)
[M::mem_pestat] low and high boundaries for computing mean and std.dev: (1, 12675)
[M::mem_pestat] mean and std.dev: (2311.17, 2765.11)
[M::mem_pestat] low and high boundaries for proper pairs: (1, 16794)
[M::mem_pestat] analyzing insert size distribution for orientation RR...
[M::mem_pestat] (25, 50, 75) percentile: (228, 448, 1315)
[M::mem_pestat] low and high boundaries for computing mean and std.dev: (1, 3489)
[M::mem_pestat] mean and std.dev: (693.00, 692.62)
[M::mem_pestat] low and high boundaries for proper pairs: (1, 4576)
[M::mem_pestat] skip orientation FF
[M::mem_pestat] skip orientation RF
[M::mem_pestat] skip orientation RR
[M::process] read 1066668 sequences (160000200 bp)...
[M::mem_process_seqs] Processed 1066668 reads in 981.704 CPU sec, 64.330 real sec
[M::mem_pestat] # candidate unique pairs for (FF, FR, RF, RR): (34, 219647, 91, 37)
[M::mem_pestat] analyzing insert size distribution for orientation FF...
[M::mem_pestat] (25, 50, 75) percentile: (228, 589, 1079)
[M::mem_pestat] low and high boundaries for computing mean and std.dev: (1, 2781)
[M::mem_pestat] mean and std.dev: (578.21, 543.32)
[M::mem_pestat] low and high boundaries for proper pairs: (1, 3632)
[M::mem_pestat] analyzing insert size distribution for orientation FR...
[M::mem_pestat] (25, 50, 75) percentile: (278, 360, 461)
[M::mem_pestat] low and high boundaries for computing mean and std.dev: (1, 827)
[M::mem_pestat] mean and std.dev: (370.43, 136.83)
[M::mem_pestat] low and high boundaries for proper pairs: (1, 1010)
[M::mem_pestat] analyzing insert size distribution for orientation RF...
[M::mem_pestat] (25, 50, 75) percentile: (522, 1644, 5909)
[M::mem_pestat] low and high boundaries for computing mean and std.dev: (1, 16683)
[M::mem_pestat] mean and std.dev: (3077.84, 3085.40)
[M::mem_pestat] low and high boundaries for proper pairs: (1, 22070)
[M::mem_pestat] analyzing insert size distribution for orientation RR...
[M::mem_pestat] (25, 50, 75) percentile: (185, 344, 1919)
[M::mem_pestat] low and high boundaries for computing mean and std.dev: (1, 5387)
[M::mem_pestat] mean and std.dev: (755.73, 928.96)
[M::mem_pestat] low and high boundaries for proper pairs: (1, 7121)
[M::mem_pestat] skip orientation FF
[M::mem_pestat] skip orientation RF
[M::mem_pestat] skip orientation RR
[M::process] read 1066668 sequences (160000200 bp)...
[M::mem_process_seqs] Processed 1066668 reads in 1000.967 CPU sec, 65.193 real sec
[M::mem_pestat] # candidate unique pairs for (FF, FR, RF, RR): (39, 219328, 77, 36)
[M::mem_pestat] analyzing insert size distribution for orientation FF...
[M::mem_pestat] (25, 50, 75) percentile: (251, 387, 1325)
[M::mem_pestat] low and high boundaries for computing mean and std.dev: (1, 3473)
[M::mem_pestat] mean and std.dev: (645.11, 632.21)
[M::mem_pestat] low and high boundaries for proper pairs: (1, 4547)
[M::mem_pestat] analyzing insert size distribution for orientation FR...
[M::mem_pestat] (25, 50, 75) percentile: (282, 366, 468)
[M::mem_pestat] low and high boundaries for computing mean and std.dev: (1, 840)
[M::mem_pestat] mean and std.dev: (376.12, 139.02)
[M::mem_pestat] low and high boundaries for proper pairs: (1, 1026)
[M::mem_pestat] analyzing insert size distribution for orientation RF...
[M::mem_pestat] (25, 50, 75) percentile: (273, 1649, 4457)
[M::mem_pestat] low and high boundaries for computing mean and std.dev: (1, 12825)
[M::mem_pestat] mean and std.dev: (2570.84, 2709.24)
[M::mem_pestat] low and high boundaries for proper pairs: (1, 17009)
[M::mem_pestat] analyzing insert size distribution for orientation RR...
[M::mem_pestat] (25, 50, 75) percentile: (254, 512, 1537)
[M::mem_pestat] low and high boundaries for computing mean and std.dev: (1, 4103)
[M::mem_pestat] mean and std.dev: (716.45, 642.81)
[M::mem_pestat] low and high boundaries for proper pairs: (1, 5386)
[M::mem_pestat] skip orientation FF
[M::mem_pestat] skip orientation RF
[M::mem_pestat] skip orientation RR
[M::process] read 1066668 sequences (160000200 bp)...
[M::mem_process_seqs] Processed 1066668 reads in 969.126 CPU sec, 63.414 real sec
[M::mem_pestat] # candidate unique pairs for (FF, FR, RF, RR): (47, 219674, 78, 25)
[M::mem_pestat] analyzing insert size distribution for orientation FF...
[M::mem_pestat] (25, 50, 75) percentile: (173, 489, 2892)
[M::mem_pestat] low and high boundaries for computing mean and std.dev: (1, 8330)
[M::mem_pestat] mean and std.dev: (1908.94, 2517.25)
[M::mem_pestat] low and high boundaries for proper pairs: (1, 11978)
[M::mem_pestat] analyzing insert size distribution for orientation FR...
[M::mem_pestat] (25, 50, 75) percentile: (289, 372, 475)
[M::mem_pestat] low and high boundaries for computing mean and std.dev: (1, 847)
[M::mem_pestat] mean and std.dev: (382.05, 139.63)
[M::mem_pestat] low and high boundaries for proper pairs: (1, 1033)
[M::mem_pestat] analyzing insert size distribution for orientation RF...
[M::mem_pestat] (25, 50, 75) percentile: (177, 945, 4497)
[M::mem_pestat] low and high boundaries for computing mean and std.dev: (1, 13137)
[M::mem_pestat] mean and std.dev: (2412.33, 2693.53)
[M::mem_pestat] low and high boundaries for proper pairs: (1, 17457)
[M::mem_pestat] analyzing insert size distribution for orientation RR...
[M::mem_pestat] (25, 50, 75) percentile: (357, 747, 5207)
[M::mem_pestat] low and high boundaries for computing mean and std.dev: (1, 14907)
[M::mem_pestat] mean and std.dev: (2143.72, 2597.23)
[M::mem_pestat] low and high boundaries for proper pairs: (1, 19757)
[M::mem_pestat] skip orientation FF
[M::mem_pestat] skip orientation RF
[M::mem_pestat] skip orientation RR
[M::mem_process_seqs] Processed 1066668 reads in 978.655 CPU sec, 70.246 real sec
[M::process] read 1066668 sequences (160000200 bp)...
[M::mem_pestat] # candidate unique pairs for (FF, FR, RF, RR): (41, 220216, 77, 41)
[M::mem_pestat] analyzing insert size distribution for orientation FF...
[M::mem_pestat] (25, 50, 75) percentile: (243, 448, 3175)
[M::mem_pestat] low and high boundaries for computing mean and std.dev: (1, 9039)
[M::mem_pestat] mean and std.dev: (1687.73, 2190.59)
[M::mem_pestat] low and high boundaries for proper pairs: (1, 11971)
[M::mem_pestat] analyzing insert size distribution for orientation FR...
[M::mem_pestat] (25, 50, 75) percentile: (281, 363, 462)
[M::mem_pestat] low and high boundaries for computing mean and std.dev: (1, 824)
[M::mem_pestat] mean and std.dev: (372.70, 136.88)
[M::mem_pestat] low and high boundaries for proper pairs: (1, 1005)
[M::mem_pestat] analyzing insert size distribution for orientation RF...
[M::mem_pestat] (25, 50, 75) percentile: (328, 1736, 4743)
[M::mem_pestat] low and high boundaries for computing mean and std.dev: (1, 13573)
[M::mem_pestat] mean and std.dev: (2791.10, 2999.05)
[M::mem_pestat] low and high boundaries for proper pairs: (1, 17988)
[M::mem_pestat] analyzing insert size distribution for orientation RR...
[M::mem_pestat] (25, 50, 75) percentile: (243, 318, 512)
[M::mem_pestat] low and high boundaries for computing mean and std.dev: (1, 1050)
[M::mem_pestat] mean and std.dev: (348.36, 186.00)
[M::mem_pestat] low and high boundaries for proper pairs: (1, 1319)
[M::mem_pestat] skip orientation FF
[M::mem_pestat] skip orientation RF
[M::mem_pestat] skip orientation RR
[M::process] read 1066668 sequences (160000200 bp)...
[M::mem_process_seqs] Processed 1066668 reads in 955.448 CPU sec, 62.362 real sec
[M::mem_pestat] # candidate unique pairs for (FF, FR, RF, RR): (47, 220685, 90, 40)
[M::mem_pestat] analyzing insert size distribution for orientation FF...
[M::mem_pestat] (25, 50, 75) percentile: (302, 564, 2589)
[M::mem_pestat] low and high boundaries for computing mean and std.dev: (1, 7163)
[M::mem_pestat] mean and std.dev: (1220.44, 1626.19)
[M::mem_pestat] low and high boundaries for proper pairs: (1, 9450)
[M::mem_pestat] analyzing insert size distribution for orientation FR...
[M::mem_pestat] (25, 50, 75) percentile: (283, 365, 469)
[M::mem_pestat] low and high boundaries for computing mean and std.dev: (1, 841)
[M::mem_pestat] mean and std.dev: (376.38, 139.63)
[M::mem_pestat] low and high boundaries for proper pairs: (1, 1027)
[M::mem_pestat] analyzing insert size distribution for orientation RF...
[M::mem_pestat] (25, 50, 75) percentile: (214, 1778, 5258)
[M::mem_pestat] low and high boundaries for computing mean and std.dev: (1, 15346)
[M::mem_pestat] mean and std.dev: (3120.06, 3417.87)
[M::mem_pestat] low and high boundaries for proper pairs: (1, 20390)
[M::mem_pestat] analyzing insert size distribution for orientation RR...
[M::mem_pestat] (25, 50, 75) percentile: (364, 928, 3849)
[M::mem_pestat] low and high boundaries for computing mean and std.dev: (1, 10819)
[M::mem_pestat] mean and std.dev: (2073.55, 2491.34)
[M::mem_pestat] low and high boundaries for proper pairs: (1, 14304)
[M::mem_pestat] skip orientation FF
[M::mem_pestat] skip orientation RF
[M::mem_pestat] skip orientation RR
[M::process] read 1066668 sequences (160000200 bp)...
[M::mem_process_seqs] Processed 1066668 reads in 979.031 CPU sec, 64.028 real sec
[M::mem_pestat] # candidate unique pairs for (FF, FR, RF, RR): (35, 220894, 75, 32)
[M::mem_pestat] analyzing insert size distribution for orientation FF...
[M::mem_pestat] (25, 50, 75) percentile: (257, 498, 2374)
[M::mem_pestat] low and high boundaries for computing mean and std.dev: (1, 6608)
[M::mem_pestat] mean and std.dev: (1329.71, 1565.72)
[M::mem_pestat] low and high boundaries for proper pairs: (1, 8725)
[M::mem_pestat] analyzing insert size distribution for orientation FR...
[M::mem_pestat] (25, 50, 75) percentile: (281, 364, 466)
[M::mem_pestat] low and high boundaries for computing mean and std.dev: (1, 836)
[M::mem_pestat] mean and std.dev: (374.91, 138.57)
[M::mem_pestat] low and high boundaries for proper pairs: (1, 1021)
[M::mem_pestat] analyzing insert size distribution for orientation RF...
[M::mem_pestat] (25, 50, 75) percentile: (295, 1694, 3927)
[M::mem_pestat] low and high boundaries for computing mean and std.dev: (1, 11191)
[M::mem_pestat] mean and std.dev: (2563.32, 2724.78)
[M::mem_pestat] low and high boundaries for proper pairs: (1, 14823)
[M::mem_pestat] analyzing insert size distribution for orientation RR...
[M::mem_pestat] (25, 50, 75) percentile: (266, 716, 4860)
[M::mem_pestat] low and high boundaries for computing mean and std.dev: (1, 14048)
[M::mem_pestat] mean and std.dev: (1957.09, 2601.32)
[M::mem_pestat] low and high boundaries for proper pairs: (1, 18642)
[M::mem_pestat] skip orientation FF
[M::mem_pestat] skip orientation RF
[M::mem_pestat] skip orientation RR
[M::process] read 1066668 sequences (160000200 bp)...
[M::mem_process_seqs] Processed 1066668 reads in 969.844 CPU sec, 63.606 real sec
[M::mem_pestat] # candidate unique pairs for (FF, FR, RF, RR): (37, 220871, 77, 26)
[M::mem_pestat] analyzing insert size distribution for orientation FF...
[M::mem_pestat] (25, 50, 75) percentile: (236, 478, 1002)
[M::mem_pestat] low and high boundaries for computing mean and std.dev: (1, 2534)
[M::mem_pestat] mean and std.dev: (474.29, 392.29)
[M::mem_pestat] low and high boundaries for proper pairs: (1, 3300)
[M::mem_pestat] analyzing insert size distribution for orientation FR...
[M::mem_pestat] (25, 50, 75) percentile: (284, 367, 469)
[M::mem_pestat] low and high boundaries for computing mean and std.dev: (1, 839)
[M::mem_pestat] mean and std.dev: (377.80, 139.39)
[M::mem_pestat] low and high boundaries for proper pairs: (1, 1024)
[M::mem_pestat] analyzing insert size distribution for orientation RF...
[M::mem_pestat] (25, 50, 75) percentile: (627, 1914, 5121)
[M::mem_pestat] low and high boundaries for computing mean and std.dev: (1, 14109)
[M::mem_pestat] mean and std.dev: (2812.06, 2721.33)
[M::mem_pestat] low and high boundaries for proper pairs: (1, 18603)
[M::mem_pestat] analyzing insert size distribution for orientation RR...
[M::mem_pestat] (25, 50, 75) percentile: (212, 364, 913)
[M::mem_pestat] low and high boundaries for computing mean and std.dev: (1, 2315)
[M::mem_pestat] mean and std.dev: (576.20, 523.65)
[M::mem_pestat] low and high boundaries for proper pairs: (1, 3016)
[M::mem_pestat] skip orientation FF
[M::mem_pestat] skip orientation RF
[M::mem_pestat] skip orientation RR
[M::process] read 1066668 sequences (160000200 bp)...
[M::mem_process_seqs] Processed 1066668 reads in 969.139 CPU sec, 63.503 real sec
[M::mem_pestat] # candidate unique pairs for (FF, FR, RF, RR): (28, 219354, 88, 23)
[M::mem_pestat] analyzing insert size distribution for orientation FF...
[M::mem_pestat] (25, 50, 75) percentile: (286, 629, 1376)
[M::mem_pestat] low and high boundaries for computing mean and std.dev: (1, 3556)
[M::mem_pestat] mean and std.dev: (788.00, 799.92)
[M::mem_pestat] low and high boundaries for proper pairs: (1, 4646)
[M::mem_pestat] analyzing insert size distribution for orientation FR...
[M::mem_pestat] (25, 50, 75) percentile: (282, 364, 468)
[M::mem_pestat] low and high boundaries for computing mean and std.dev: (1, 840)
[M::mem_pestat] mean and std.dev: (376.08, 139.33)
[M::mem_pestat] low and high boundaries for proper pairs: (1, 1026)
[M::mem_pestat] analyzing insert size distribution for orientation RF...
[M::mem_pestat] (25, 50, 75) percentile: (196, 1172, 3739)
[M::mem_pestat] low and high boundaries for computing mean and std.dev: (1, 10825)
[M::mem_pestat] mean and std.dev: (2629.67, 3081.39)
[M::mem_pestat] low and high boundaries for proper pairs: (1, 14955)
[M::mem_pestat] analyzing insert size distribution for orientation RR...
[M::mem_pestat] (25, 50, 75) percentile: (606, 1519, 2650)
[M::mem_pestat] low and high boundaries for computing mean and std.dev: (1, 6738)
[M::mem_pestat] mean and std.dev: (2076.91, 2127.71)
[M::mem_pestat] low and high boundaries for proper pairs: (1, 10588)
[M::mem_pestat] skip orientation FF
[M::mem_pestat] skip orientation RF
[M::mem_pestat] skip orientation RR
[M::process] read 1066668 sequences (160000200 bp)...
[M::mem_process_seqs] Processed 1066668 reads in 861.799 CPU sec, 55.372 real sec
[M::mem_pestat] # candidate unique pairs for (FF, FR, RF, RR): (46, 219838, 94, 23)
[M::mem_pestat] analyzing insert size distribution for orientation FF...
[M::mem_pestat] (25, 50, 75) percentile: (237, 347, 1002)
[M::mem_pestat] low and high boundaries for computing mean and std.dev: (1, 2532)
[M::mem_pestat] mean and std.dev: (570.68, 607.45)
[M::mem_pestat] low and high boundaries for proper pairs: (1, 3297)
[M::mem_pestat] analyzing insert size distribution for orientation FR...
[M::mem_pestat] (25, 50, 75) percentile: (281, 363, 466)
[M::mem_pestat] low and high boundaries for computing mean and std.dev: (1, 836)
[M::mem_pestat] mean and std.dev: (374.70, 138.44)
[M::mem_pestat] low and high boundaries for proper pairs: (1, 1021)
[M::mem_pestat] analyzing insert size distribution for orientation RF...
[M::mem_pestat] (25, 50, 75) percentile: (396, 1021, 4899)
[M::mem_pestat] low and high boundaries for computing mean and std.dev: (1, 13905)
[M::mem_pestat] mean and std.dev: (2886.44, 3403.09)
[M::mem_pestat] low and high boundaries for proper pairs: (1, 18408)
[M::mem_pestat] analyzing insert size distribution for orientation RR...
[M::mem_pestat] (25, 50, 75) percentile: (214, 408, 580)
[M::mem_pestat] low and high boundaries for computing mean and std.dev: (1, 1312)
[M::mem_pestat] mean and std.dev: (364.00, 194.08)
[M::mem_pestat] low and high boundaries for proper pairs: (1, 1678)
[M::mem_pestat] skip orientation FF
[M::mem_pestat] skip orientation RF
[M::mem_pestat] skip orientation RR
[M::process] read 1066668 sequences (160000200 bp)...
[M::mem_process_seqs] Processed 1066668 reads in 851.797 CPU sec, 54.740 real sec
[M::mem_pestat] # candidate unique pairs for (FF, FR, RF, RR): (35, 219158, 90, 35)
[M::mem_pestat] analyzing insert size distribution for orientation FF...
[M::mem_pestat] (25, 50, 75) percentile: (387, 734, 937)
[M::mem_pestat] low and high boundaries for computing mean and std.dev: (1, 2037)
[M::mem_pestat] mean and std.dev: (671.28, 418.02)
[M::mem_pestat] low and high boundaries for proper pairs: (1, 2587)
[M::mem_pestat] analyzing insert size distribution for orientation FR...
[M::mem_pestat] (25, 50, 75) percentile: (279, 361, 461)
[M::mem_pestat] low and high boundaries for computing mean and std.dev: (1, 825)
[M::mem_pestat] mean and std.dev: (370.97, 136.73)
[M::mem_pestat] low and high boundaries for proper pairs: (1, 1007)
[M::mem_pestat] analyzing insert size distribution for orientation RF...
[M::mem_pestat] (25, 50, 75) percentile: (241, 1450, 6055)
[M::mem_pestat] low and high boundaries for computing mean and std.dev: (1, 17683)
[M::mem_pestat] mean and std.dev: (3026.50, 3188.79)
[M::mem_pestat] low and high boundaries for proper pairs: (1, 23497)
[M::mem_pestat] analyzing insert size distribution for orientation RR...
[M::mem_pestat] (25, 50, 75) percentile: (156, 337, 979)
[M::mem_pestat] low and high boundaries for computing mean and std.dev: (1, 2625)
[M::mem_pestat] mean and std.dev: (541.35, 576.50)
[M::mem_pestat] low and high boundaries for proper pairs: (1, 3448)
[M::mem_pestat] skip orientation FF
[M::mem_pestat] skip orientation RF
[M::mem_pestat] skip orientation RR
[M::process] read 1066668 sequences (160000200 bp)...
[M::mem_process_seqs] Processed 1066668 reads in 858.757 CPU sec, 55.154 real sec
[M::mem_pestat] # candidate unique pairs for (FF, FR, RF, RR): (24, 219196, 82, 44)
[M::mem_pestat] analyzing insert size distribution for orientation FF...
[M::mem_pestat] (25, 50, 75) percentile: (349, 555, 801)
[M::mem_pestat] low and high boundaries for computing mean and std.dev: (1, 1705)
[M::mem_pestat] mean and std.dev: (445.45, 196.52)
[M::mem_pestat] low and high boundaries for proper pairs: (1, 2157)
[M::mem_pestat] analyzing insert size distribution for orientation FR...
[M::mem_pestat] (25, 50, 75) percentile: (285, 368, 468)
[M::mem_pestat] low and high boundaries for computing mean and std.dev: (1, 834)
[M::mem_pestat] mean and std.dev: (377.02, 137.22)
[M::mem_pestat] low and high boundaries for proper pairs: (1, 1017)
[M::mem_pestat] analyzing insert size distribution for orientation RF...
[M::mem_pestat] (25, 50, 75) percentile: (249, 1109, 3562)
[M::mem_pestat] low and high boundaries for computing mean and std.dev: (1, 10188)
[M::mem_pestat] mean and std.dev: (2497.74, 3028.17)
[M::mem_pestat] low and high boundaries for proper pairs: (1, 14610)
[M::mem_pestat] analyzing insert size distribution for orientation RR...
[M::mem_pestat] (25, 50, 75) percentile: (230, 454, 4016)
[M::mem_pestat] low and high boundaries for computing mean and std.dev: (1, 11588)
[M::mem_pestat] mean and std.dev: (1972.52, 2578.36)
[M::mem_pestat] low and high boundaries for proper pairs: (1, 15374)
[M::mem_pestat] skip orientation FF
[M::mem_pestat] skip orientation RF
[M::mem_pestat] skip orientation RR
[M::process] read 1066668 sequences (160000200 bp)...
[M::mem_process_seqs] Processed 1066668 reads in 843.327 CPU sec, 54.203 real sec
[M::mem_pestat] # candidate unique pairs for (FF, FR, RF, RR): (33, 219898, 103, 52)
[M::mem_pestat] analyzing insert size distribution for orientation FF...
[M::mem_pestat] (25, 50, 75) percentile: (224, 344, 653)
[M::mem_pestat] low and high boundaries for computing mean and std.dev: (1, 1511)
[M::mem_pestat] mean and std.dev: (333.44, 191.86)
[M::mem_pestat] low and high boundaries for proper pairs: (1, 1940)
[M::mem_pestat] analyzing insert size distribution for orientation FR...
[M::mem_pestat] (25, 50, 75) percentile: (286, 368, 468)
[M::mem_pestat] low and high boundaries for computing mean and std.dev: (1, 832)
[M::mem_pestat] mean and std.dev: (377.10, 136.69)
[M::mem_pestat] low and high boundaries for proper pairs: (1, 1014)
[M::mem_pestat] analyzing insert size distribution for orientation RF...
[M::mem_pestat] (25, 50, 75) percentile: (257, 724, 3338)
[M::mem_pestat] low and high boundaries for computing mean and std.dev: (1, 9500)
[M::mem_pestat] mean and std.dev: (1904.03, 2280.61)
[M::mem_pestat] low and high boundaries for proper pairs: (1, 12581)
[M::mem_pestat] analyzing insert size distribution for orientation RR...
[M::mem_pestat] (25, 50, 75) percentile: (316, 455, 1736)
[M::mem_pestat] low and high boundaries for computing mean and std.dev: (1, 4576)
[M::mem_pestat] mean and std.dev: (896.92, 1045.02)
[M::mem_pestat] low and high boundaries for proper pairs: (1, 5996)
[M::mem_pestat] skip orientation FF
[M::mem_pestat] skip orientation RF
[M::mem_pestat] skip orientation RR
[M::process] read 1066668 sequences (160000200 bp)...
[M::mem_process_seqs] Processed 1066668 reads in 839.738 CPU sec, 54.050 real sec
[M::mem_pestat] # candidate unique pairs for (FF, FR, RF, RR): (39, 221317, 77, 31)
[M::mem_pestat] analyzing insert size distribution for orientation FF...
[M::mem_pestat] (25, 50, 75) percentile: (219, 538, 1535)
[M::mem_pestat] low and high boundaries for computing mean and std.dev: (1, 4167)
[M::mem_pestat] mean and std.dev: (772.81, 721.46)
[M::mem_pestat] low and high boundaries for proper pairs: (1, 5483)
[M::mem_pestat] analyzing insert size distribution for orientation FR...
[M::mem_pestat] (25, 50, 75) percentile: (283, 365, 467)
[M::mem_pestat] low and high boundaries for computing mean and std.dev: (1, 835)
[M::mem_pestat] mean and std.dev: (375.91, 138.26)
[M::mem_pestat] low and high boundaries for proper pairs: (1, 1019)
[M::mem_pestat] analyzing insert size distribution for orientation RF...
[M::mem_pestat] (25, 50, 75) percentile: (221, 1319, 3603)
[M::mem_pestat] low and high boundaries for computing mean and std.dev: (1, 10367)
[M::mem_pestat] mean and std.dev: (2273.79, 2693.68)
[M::mem_pestat] low and high boundaries for proper pairs: (1, 13749)
[M::mem_pestat] analyzing insert size distribution for orientation RR...
[M::mem_pestat] (25, 50, 75) percentile: (391, 1002, 3031)
[M::mem_pestat] low and high boundaries for computing mean and std.dev: (1, 8311)
[M::mem_pestat] mean and std.dev: (1969.35, 2264.38)
[M::mem_pestat] low and high boundaries for proper pairs: (1, 11027)
[M::mem_pestat] skip orientation FF
[M::mem_pestat] skip orientation RF
[M::mem_pestat] skip orientation RR
[M::process] read 1066668 sequences (160000200 bp)...
[M::mem_process_seqs] Processed 1066668 reads in 838.571 CPU sec, 53.969 real sec
[M::mem_pestat] # candidate unique pairs for (FF, FR, RF, RR): (29, 220295, 88, 37)
[M::mem_pestat] analyzing insert size distribution for orientation FF...
[M::mem_pestat] (25, 50, 75) percentile: (238, 389, 4103)
[M::mem_pestat] low and high boundaries for computing mean and std.dev: (1, 11833)
[M::mem_pestat] mean and std.dev: (1910.14, 2666.13)
[M::mem_pestat] low and high boundaries for proper pairs: (1, 15698)
[M::mem_pestat] analyzing insert size distribution for orientation FR...
[M::mem_pestat] (25, 50, 75) percentile: (285, 367, 469)
[M::mem_pestat] low and high boundaries for computing mean and std.dev: (1, 837)
[M::mem_pestat] mean and std.dev: (377.69, 138.78)
[M::mem_pestat] low and high boundaries for proper pairs: (1, 1021)
[M::mem_pestat] analyzing insert size distribution for orientation RF...
[M::mem_pestat] (25, 50, 75) percentile: (256, 1224, 3702)
[M::mem_pestat] low and high boundaries for computing mean and std.dev: (1, 10594)
[M::mem_pestat] mean and std.dev: (2238.49, 2585.60)
[M::mem_pestat] low and high boundaries for proper pairs: (1, 14040)
[M::mem_pestat] analyzing insert size distribution for orientation RR...
[M::mem_pestat] (25, 50, 75) percentile: (243, 660, 2013)
[M::mem_pestat] low and high boundaries for computing mean and std.dev: (1, 5553)
[M::mem_pestat] mean and std.dev: (830.42, 881.37)
[M::mem_pestat] low and high boundaries for proper pairs: (1, 7323)
[M::mem_pestat] skip orientation FF
[M::mem_pestat] skip orientation RF
[M::mem_pestat] skip orientation RR
[M::process] read 1066668 sequences (160000200 bp)...
[M::mem_process_seqs] Processed 1066668 reads in 850.664 CPU sec, 54.618 real sec
[M::mem_pestat] # candidate unique pairs for (FF, FR, RF, RR): (46, 220327, 72, 43)
[M::mem_pestat] analyzing insert size distribution for orientation FF...
[M::mem_pestat] (25, 50, 75) percentile: (257, 502, 2178)
[M::mem_pestat] low and high boundaries for computing mean and std.dev: (1, 6020)
[M::mem_pestat] mean and std.dev: (1125.58, 1321.32)
[M::mem_pestat] low and high boundaries for proper pairs: (1, 7941)
[M::mem_pestat] analyzing insert size distribution for orientation FR...
[M::mem_pestat] (25, 50, 75) percentile: (283, 365, 465)
[M::mem_pestat] low and high boundaries for computing mean and std.dev: (1, 829)
[M::mem_pestat] mean and std.dev: (375.18, 137.52)
[M::mem_pestat] low and high boundaries for proper pairs: (1, 1011)
[M::mem_pestat] analyzing insert size distribution for orientation RF...
[M::mem_pestat] (25, 50, 75) percentile: (658, 2348, 5448)
[M::mem_pestat] low and high boundaries for computing mean and std.dev: (1, 15028)
[M::mem_pestat] mean and std.dev: (3095.56, 2923.25)
[M::mem_pestat] low and high boundaries for proper pairs: (1, 19818)
[M::mem_pestat] analyzing insert size distribution for orientation RR...
[M::mem_pestat] (25, 50, 75) percentile: (362, 649, 1806)
[M::mem_pestat] low and high boundaries for computing mean and std.dev: (1, 4694)
[M::mem_pestat] mean and std.dev: (820.68, 935.95)
[M::mem_pestat] low and high boundaries for proper pairs: (1, 6138)
[M::mem_pestat] skip orientation FF
[M::mem_pestat] skip orientation RF
[M::mem_pestat] skip orientation RR
[M::process] read 1066668 sequences (160000200 bp)...
[M::mem_process_seqs] Processed 1066668 reads in 855.133 CPU sec, 54.913 real sec
[M::mem_pestat] # candidate unique pairs for (FF, FR, RF, RR): (41, 220253, 73, 38)
[M::mem_pestat] analyzing insert size distribution for orientation FF...
[M::mem_pestat] (25, 50, 75) percentile: (241, 467, 825)
[M::mem_pestat] low and high boundaries for computing mean and std.dev: (1, 1993)
[M::mem_pestat] mean and std.dev: (471.80, 267.75)
[M::mem_pestat] low and high boundaries for proper pairs: (1, 2577)
[M::mem_pestat] analyzing insert size distribution for orientation FR...
[M::mem_pestat] (25, 50, 75) percentile: (281, 362, 465)
[M::mem_pestat] low and high boundaries for computing mean and std.dev: (1, 833)
[M::mem_pestat] mean and std.dev: (374.57, 138.03)
[M::mem_pestat] low and high boundaries for proper pairs: (1, 1017)
[M::mem_pestat] analyzing insert size distribution for orientation RF...
[M::mem_pestat] (25, 50, 75) percentile: (204, 1222, 4163)
[M::mem_pestat] low and high boundaries for computing mean and std.dev: (1, 12081)
[M::mem_pestat] mean and std.dev: (2433.81, 2853.93)
[M::mem_pestat] low and high boundaries for proper pairs: (1, 16040)
[M::mem_pestat] analyzing insert size distribution for orientation RR...
[M::mem_pestat] (25, 50, 75) percentile: (412, 507, 691)
[M::mem_pestat] low and high boundaries for computing mean and std.dev: (1, 1249)
[M::mem_pestat] mean and std.dev: (484.91, 193.19)
[M::mem_pestat] low and high boundaries for proper pairs: (1, 1528)
[M::mem_pestat] skip orientation FF
[M::mem_pestat] skip orientation RF
[M::mem_pestat] skip orientation RR
[M::process] read 1066668 sequences (160000200 bp)...
[M::mem_process_seqs] Processed 1066668 reads in 861.559 CPU sec, 55.360 real sec
[M::mem_pestat] # candidate unique pairs for (FF, FR, RF, RR): (27, 219561, 91, 29)
[M::mem_pestat] analyzing insert size distribution for orientation FF...
[M::mem_pestat] (25, 50, 75) percentile: (283, 377, 831)
[M::mem_pestat] low and high boundaries for computing mean and std.dev: (1, 1927)
[M::mem_pestat] mean and std.dev: (446.75, 361.69)
[M::mem_pestat] low and high boundaries for proper pairs: (1, 2475)
[M::mem_pestat] analyzing insert size distribution for orientation FR...
[M::mem_pestat] (25, 50, 75) percentile: (280, 362, 464)
[M::mem_pestat] low and high boundaries for computing mean and std.dev: (1, 832)
[M::mem_pestat] mean and std.dev: (373.36, 138.76)
[M::mem_pestat] low and high boundaries for proper pairs: (1, 1016)
[M::mem_pestat] analyzing insert size distribution for orientation RF...
[M::mem_pestat] (25, 50, 75) percentile: (250, 870, 4756)
[M::mem_pestat] low and high boundaries for computing mean and std.dev: (1, 13768)
[M::mem_pestat] mean and std.dev: (2520.27, 2878.64)
[M::mem_pestat] low and high boundaries for proper pairs: (1, 18274)
[M::mem_pestat] analyzing insert size distribution for orientation RR...
[M::mem_pestat] (25, 50, 75) percentile: (265, 481, 1568)
[M::mem_pestat] low and high boundaries for computing mean and std.dev: (1, 4174)
[M::mem_pestat] mean and std.dev: (991.24, 1095.13)
[M::mem_pestat] low and high boundaries for proper pairs: (1, 5477)
[M::mem_pestat] skip orientation FF
[M::mem_pestat] skip orientation RF
[M::mem_pestat] skip orientation RR
[M::process] read 1066668 sequences (160000200 bp)...
[M::mem_process_seqs] Processed 1066668 reads in 864.740 CPU sec, 55.586 real sec
[M::mem_pestat] # candidate unique pairs for (FF, FR, RF, RR): (32, 218302, 76, 30)
[M::mem_pestat] analyzing insert size distribution for orientation FF...
[M::mem_pestat] (25, 50, 75) percentile: (328, 402, 793)
[M::mem_pestat] low and high boundaries for computing mean and std.dev: (1, 1723)
[M::mem_pestat] mean and std.dev: (491.89, 390.90)
[M::mem_pestat] low and high boundaries for proper pairs: (1, 2188)
[M::mem_pestat] analyzing insert size distribution for orientation FR...
[M::mem_pestat] (25, 50, 75) percentile: (278, 359, 460)
[M::mem_pestat] low and high boundaries for computing mean and std.dev: (1, 824)
[M::mem_pestat] mean and std.dev: (370.56, 137.21)
[M::mem_pestat] low and high boundaries for proper pairs: (1, 1006)
[M::mem_pestat] analyzing insert size distribution for orientation RF...
[M::mem_pestat] (25, 50, 75) percentile: (79, 1186, 3303)
[M::mem_pestat] low and high boundaries for computing mean and std.dev: (1, 9751)
[M::mem_pestat] mean and std.dev: (1824.83, 2246.16)
[M::mem_pestat] low and high boundaries for proper pairs: (1, 12975)
[M::mem_pestat] analyzing insert size distribution for orientation RR...
[M::mem_pestat] (25, 50, 75) percentile: (249, 422, 1828)
[M::mem_pestat] low and high boundaries for computing mean and std.dev: (1, 4986)
[M::mem_pestat] mean and std.dev: (575.46, 555.59)
[M::mem_pestat] low and high boundaries for proper pairs: (1, 6565)
[M::mem_pestat] skip orientation FF
[M::mem_pestat] skip orientation RF
[M::mem_pestat] skip orientation RR
[M::process] read 1066668 sequences (160000200 bp)...
[M::mem_process_seqs] Processed 1066668 reads in 872.450 CPU sec, 56.188 real sec
[M::mem_pestat] # candidate unique pairs for (FF, FR, RF, RR): (36, 218612, 100, 36)
[M::mem_pestat] analyzing insert size distribution for orientation FF...
[M::mem_pestat] (25, 50, 75) percentile: (312, 476, 3264)
[M::mem_pestat] low and high boundaries for computing mean and std.dev: (1, 9168)
[M::mem_pestat] mean and std.dev: (1412.22, 1627.63)
[M::mem_pestat] low and high boundaries for proper pairs: (1, 12120)
[M::mem_pestat] analyzing insert size distribution for orientation FR...
[M::mem_pestat] (25, 50, 75) percentile: (285, 375, 486)
[M::mem_pestat] low and high boundaries for computing mean and std.dev: (1, 888)
[M::mem_pestat] mean and std.dev: (386.25, 146.55)
[M::mem_pestat] low and high boundaries for proper pairs: (1, 1089)
[M::mem_pestat] analyzing insert size distribution for orientation RF...
[M::mem_pestat] (25, 50, 75) percentile: (260, 1066, 3792)
[M::mem_pestat] low and high boundaries for computing mean and std.dev: (1, 10856)
[M::mem_pestat] mean and std.dev: (2375.15, 2576.52)
[M::mem_pestat] low and high boundaries for proper pairs: (1, 14388)
[M::mem_pestat] analyzing insert size distribution for orientation RR...
[M::mem_pestat] (25, 50, 75) percentile: (301, 358, 1421)
[M::mem_pestat] low and high boundaries for computing mean and std.dev: (1, 3661)
[M::mem_pestat] mean and std.dev: (779.89, 949.27)
[M::mem_pestat] low and high boundaries for proper pairs: (1, 4781)
[M::mem_pestat] skip orientation FF
[M::mem_pestat] skip orientation RF
[M::mem_pestat] skip orientation RR
[M::process] read 1066668 sequences (160000200 bp)...
[M::mem_process_seqs] Processed 1066668 reads in 896.301 CPU sec, 58.108 real sec
[M::mem_pestat] # candidate unique pairs for (FF, FR, RF, RR): (37, 217137, 92, 38)
[M::mem_pestat] analyzing insert size distribution for orientation FF...
[M::mem_pestat] (25, 50, 75) percentile: (264, 436, 2176)
[M::mem_pestat] low and high boundaries for computing mean and std.dev: (1, 6000)
[M::mem_pestat] mean and std.dev: (931.09, 1153.44)
[M::mem_pestat] low and high boundaries for proper pairs: (1, 7912)
[M::mem_pestat] analyzing insert size distribution for orientation FR...
[M::mem_pestat] (25, 50, 75) percentile: (293, 387, 499)
[M::mem_pestat] low and high boundaries for computing mean and std.dev: (1, 911)
[M::mem_pestat] mean and std.dev: (397.32, 149.73)
[M::mem_pestat] low and high boundaries for proper pairs: (1, 1117)
[M::mem_pestat] analyzing insert size distribution for orientation RF...
[M::mem_pestat] (25, 50, 75) percentile: (763, 1652, 2434)
[M::mem_pestat] low and high boundaries for computing mean and std.dev: (1, 5776)
[M::mem_pestat] mean and std.dev: (1654.43, 1473.74)
[M::mem_pestat] low and high boundaries for proper pairs: (1, 7549)
[M::mem_pestat] analyzing insert size distribution for orientation RR...
[M::mem_pestat] (25, 50, 75) percentile: (172, 493, 887)
[M::mem_pestat] low and high boundaries for computing mean and std.dev: (1, 2317)
[M::mem_pestat] mean and std.dev: (446.30, 314.76)
[M::mem_pestat] low and high boundaries for proper pairs: (1, 3032)
[M::mem_pestat] skip orientation FF
[M::mem_pestat] skip orientation RF
[M::mem_pestat] skip orientation RR
[M::process] read 1066668 sequences (160000200 bp)...
[M::mem_process_seqs] Processed 1066668 reads in 976.983 CPU sec, 63.906 real sec
[M::mem_pestat] # candidate unique pairs for (FF, FR, RF, RR): (31, 217864, 88, 38)
[M::mem_pestat] analyzing insert size distribution for orientation FF...
[M::mem_pestat] (25, 50, 75) percentile: (255, 744, 3704)
[M::mem_pestat] low and high boundaries for computing mean and std.dev: (1, 10602)
[M::mem_pestat] mean and std.dev: (1875.68, 2118.88)
[M::mem_pestat] low and high boundaries for proper pairs: (1, 14051)
[M::mem_pestat] analyzing insert size distribution for orientation FR...
[M::mem_pestat] (25, 50, 75) percentile: (288, 379, 490)
[M::mem_pestat] low and high boundaries for computing mean and std.dev: (1, 894)
[M::mem_pestat] mean and std.dev: (390.58, 147.68)
[M::mem_pestat] low and high boundaries for proper pairs: (1, 1096)
[M::mem_pestat] analyzing insert size distribution for orientation RF...
[M::mem_pestat] (25, 50, 75) percentile: (272, 1221, 5154)
[M::mem_pestat] low and high boundaries for computing mean and std.dev: (1, 14918)
[M::mem_pestat] mean and std.dev: (2651.85, 2865.58)
[M::mem_pestat] low and high boundaries for proper pairs: (1, 19800)
[M::mem_pestat] analyzing insert size distribution for orientation RR...
[M::mem_pestat] (25, 50, 75) percentile: (262, 411, 2578)
[M::mem_pestat] low and high boundaries for computing mean and std.dev: (1, 7210)
[M::mem_pestat] mean and std.dev: (1623.76, 2143.18)
[M::mem_pestat] low and high boundaries for proper pairs: (1, 10196)
[M::mem_pestat] skip orientation FF
[M::mem_pestat] skip orientation RF
[M::mem_pestat] skip orientation RR
[M::mem_process_seqs] Processed 1066668 reads in 996.338 CPU sec, 72.447 real sec
[M::process] read 1066668 sequences (160000200 bp)...
[M::mem_pestat] # candidate unique pairs for (FF, FR, RF, RR): (57, 217414, 113, 26)
[M::mem_pestat] analyzing insert size distribution for orientation FF...
[M::mem_pestat] (25, 50, 75) percentile: (184, 411, 1604)
[M::mem_pestat] low and high boundaries for computing mean and std.dev: (1, 4444)
[M::mem_pestat] mean and std.dev: (871.00, 1068.40)
[M::mem_pestat] low and high boundaries for proper pairs: (1, 5864)
[M::mem_pestat] analyzing insert size distribution for orientation FR...
[M::mem_pestat] (25, 50, 75) percentile: (285, 374, 487)
[M::mem_pestat] low and high boundaries for computing mean and std.dev: (1, 891)
[M::mem_pestat] mean and std.dev: (386.88, 146.93)
[M::mem_pestat] low and high boundaries for proper pairs: (1, 1093)
[M::mem_pestat] analyzing insert size distribution for orientation RF...
[M::mem_pestat] (25, 50, 75) percentile: (339, 1701, 5234)
[M::mem_pestat] low and high boundaries for computing mean and std.dev: (1, 15024)
[M::mem_pestat] mean and std.dev: (2765.20, 2921.10)
[M::mem_pestat] low and high boundaries for proper pairs: (1, 19919)
[M::mem_pestat] analyzing insert size distribution for orientation RR...
[M::mem_pestat] (25, 50, 75) percentile: (275, 1108, 5383)
[M::mem_pestat] low and high boundaries for computing mean and std.dev: (1, 15599)
[M::mem_pestat] mean and std.dev: (2567.88, 2927.90)
[M::mem_pestat] low and high boundaries for proper pairs: (1, 20707)
[M::mem_pestat] skip orientation FF
[M::mem_pestat] skip orientation RF
[M::mem_pestat] skip orientation RR
[M::process] read 1066668 sequences (160000200 bp)...
[M::mem_process_seqs] Processed 1066668 reads in 990.727 CPU sec, 64.348 real sec
[M::mem_pestat] # candidate unique pairs for (FF, FR, RF, RR): (27, 218361, 83, 27)
[M::mem_pestat] analyzing insert size distribution for orientation FF...
[M::mem_pestat] (25, 50, 75) percentile: (577, 1868, 4939)
[M::mem_pestat] low and high boundaries for computing mean and std.dev: (1, 13663)
[M::mem_pestat] mean and std.dev: (2734.81, 2459.52)
[M::mem_pestat] low and high boundaries for proper pairs: (1, 18025)
[M::mem_pestat] analyzing insert size distribution for orientation FR...
[M::mem_pestat] (25, 50, 75) percentile: (285, 374, 484)
[M::mem_pestat] low and high boundaries for computing mean and std.dev: (1, 882)
[M::mem_pestat] mean and std.dev: (385.84, 145.78)
[M::mem_pestat] low and high boundaries for proper pairs: (1, 1081)
[M::mem_pestat] analyzing insert size distribution for orientation RF...
[M::mem_pestat] (25, 50, 75) percentile: (351, 1480, 7137)
[M::mem_pestat] low and high boundaries for computing mean and std.dev: (1, 20709)
[M::mem_pestat] mean and std.dev: (3359.92, 3444.86)
[M::mem_pestat] low and high boundaries for proper pairs: (1, 27495)
[M::mem_pestat] analyzing insert size distribution for orientation RR...
[M::mem_pestat] (25, 50, 75) percentile: (308, 601, 706)
[M::mem_pestat] low and high boundaries for computing mean and std.dev: (1, 1502)
[M::mem_pestat] mean and std.dev: (565.54, 314.12)
[M::mem_pestat] low and high boundaries for proper pairs: (1, 1900)
[M::mem_pestat] skip orientation FF
[M::mem_pestat] skip orientation RF
[M::mem_pestat] skip orientation RR
[M::process] read 1066668 sequences (160000200 bp)...
[M::mem_process_seqs] Processed 1066668 reads in 995.400 CPU sec, 65.340 real sec
[M::mem_pestat] # candidate unique pairs for (FF, FR, RF, RR): (36, 219224, 81, 45)
[M::mem_pestat] analyzing insert size distribution for orientation FF...
[M::mem_pestat] (25, 50, 75) percentile: (224, 457, 1052)
[M::mem_pestat] low and high boundaries for computing mean and std.dev: (1, 2708)
[M::mem_pestat] mean and std.dev: (523.48, 435.06)
[M::mem_pestat] low and high boundaries for proper pairs: (1, 3536)
[M::mem_pestat] analyzing insert size distribution for orientation FR...
[M::mem_pestat] (25, 50, 75) percentile: (287, 373, 482)
[M::mem_pestat] low and high boundaries for computing mean and std.dev: (1, 872)
[M::mem_pestat] mean and std.dev: (385.41, 144.14)
[M::mem_pestat] low and high boundaries for proper pairs: (1, 1067)
[M::mem_pestat] analyzing insert size distribution for orientation RF...
[M::mem_pestat] (25, 50, 75) percentile: (265, 1900, 6206)
[M::mem_pestat] low and high boundaries for computing mean and std.dev: (1, 18088)
[M::mem_pestat] mean and std.dev: (3069.51, 3218.48)
[M::mem_pestat] low and high boundaries for proper pairs: (1, 24029)
[M::mem_pestat] analyzing insert size distribution for orientation RR...
[M::mem_pestat] (25, 50, 75) percentile: (318, 549, 2095)
[M::mem_pestat] low and high boundaries for computing mean and std.dev: (1, 5649)
[M::mem_pestat] mean and std.dev: (956.59, 1370.66)
[M::mem_pestat] low and high boundaries for proper pairs: (1, 7426)
[M::mem_pestat] skip orientation FF
[M::mem_pestat] skip orientation RF
[M::mem_pestat] skip orientation RR
[M::process] read 1066668 sequences (160000200 bp)...
[M::mem_process_seqs] Processed 1066668 reads in 990.210 CPU sec, 64.747 real sec
[M::mem_pestat] # candidate unique pairs for (FF, FR, RF, RR): (40, 218414, 88, 27)
[M::mem_pestat] analyzing insert size distribution for orientation FF...
[M::mem_pestat] (25, 50, 75) percentile: (315, 597, 1122)
[M::mem_pestat] low and high boundaries for computing mean and std.dev: (1, 2736)
[M::mem_pestat] mean and std.dev: (669.29, 441.18)
[M::mem_pestat] low and high boundaries for proper pairs: (1, 3543)
[M::mem_pestat] analyzing insert size distribution for orientation FR...
[M::mem_pestat] (25, 50, 75) percentile: (288, 374, 482)
[M::mem_pestat] low and high boundaries for computing mean and std.dev: (1, 870)
[M::mem_pestat] mean and std.dev: (386.29, 143.87)
[M::mem_pestat] low and high boundaries for proper pairs: (1, 1064)
[M::mem_pestat] analyzing insert size distribution for orientation RF...
[M::mem_pestat] (25, 50, 75) percentile: (576, 2153, 5225)
[M::mem_pestat] low and high boundaries for computing mean and std.dev: (1, 14523)
[M::mem_pestat] mean and std.dev: (2944.84, 2819.87)
[M::mem_pestat] low and high boundaries for proper pairs: (1, 19172)
[M::mem_pestat] analyzing insert size distribution for orientation RR...
[M::mem_pestat] (25, 50, 75) percentile: (312, 462, 1425)
[M::mem_pestat] low and high boundaries for computing mean and std.dev: (1, 3651)
[M::mem_pestat] mean and std.dev: (647.54, 732.62)
[M::mem_pestat] low and high boundaries for proper pairs: (1, 4764)
[M::mem_pestat] skip orientation FF
[M::mem_pestat] skip orientation RF
[M::mem_pestat] skip orientation RR
[M::process] read 1066668 sequences (160000200 bp)...
[M::mem_process_seqs] Processed 1066668 reads in 1000.434 CPU sec, 65.545 real sec
[M::mem_pestat] # candidate unique pairs for (FF, FR, RF, RR): (32, 218981, 74, 59)
[M::mem_pestat] analyzing insert size distribution for orientation FF...
[M::mem_pestat] (25, 50, 75) percentile: (260, 460, 1243)
[M::mem_pestat] low and high boundaries for computing mean and std.dev: (1, 3209)
[M::mem_pestat] mean and std.dev: (599.57, 546.76)
[M::mem_pestat] low and high boundaries for proper pairs: (1, 4192)
[M::mem_pestat] analyzing insert size distribution for orientation FR...
[M::mem_pestat] (25, 50, 75) percentile: (286, 371, 479)
[M::mem_pestat] low and high boundaries for computing mean and std.dev: (1, 865)
[M::mem_pestat] mean and std.dev: (383.96, 143.55)
[M::mem_pestat] low and high boundaries for proper pairs: (1, 1058)
[M::mem_pestat] analyzing insert size distribution for orientation RF...
[M::mem_pestat] (25, 50, 75) percentile: (382, 1157, 3136)
[M::mem_pestat] low and high boundaries for computing mean and std.dev: (1, 8644)
[M::mem_pestat] mean and std.dev: (1904.94, 2042.81)
[M::mem_pestat] low and high boundaries for proper pairs: (1, 11398)
[M::mem_pestat] analyzing insert size distribution for orientation RR...
[M::mem_pestat] (25, 50, 75) percentile: (254, 370, 1741)
[M::mem_pestat] low and high boundaries for computing mean and std.dev: (1, 4715)
[M::mem_pestat] mean and std.dev: (936.17, 1058.77)
[M::mem_pestat] low and high boundaries for proper pairs: (1, 6202)
[M::mem_pestat] skip orientation FF
[M::mem_pestat] skip orientation RF
[M::mem_pestat] skip orientation RR
[M::process] read 1066668 sequences (160000200 bp)...
[M::mem_process_seqs] Processed 1066668 reads in 995.474 CPU sec, 65.357 real sec
[M::mem_pestat] # candidate unique pairs for (FF, FR, RF, RR): (36, 218062, 65, 32)
[M::mem_pestat] analyzing insert size distribution for orientation FF...
[M::mem_pestat] (25, 50, 75) percentile: (306, 403, 829)
[M::mem_pestat] low and high boundaries for computing mean and std.dev: (1, 1875)
[M::mem_pestat] mean and std.dev: (459.29, 338.75)
[M::mem_pestat] low and high boundaries for proper pairs: (1, 2398)
[M::mem_pestat] analyzing insert size distribution for orientation FR...
[M::mem_pestat] (25, 50, 75) percentile: (283, 370, 480)
[M::mem_pestat] low and high boundaries for computing mean and std.dev: (1, 874)
[M::mem_pestat] mean and std.dev: (383.12, 145.97)
[M::mem_pestat] low and high boundaries for proper pairs: (1, 1071)
[M::mem_pestat] analyzing insert size distribution for orientation RF...
[M::mem_pestat] (25, 50, 75) percentile: (314, 1728, 4086)
[M::mem_pestat] low and high boundaries for computing mean and std.dev: (1, 11630)
[M::mem_pestat] mean and std.dev: (2681.29, 2838.01)
[M::mem_pestat] low and high boundaries for proper pairs: (1, 15402)
[M::mem_pestat] analyzing insert size distribution for orientation RR...
[M::mem_pestat] (25, 50, 75) percentile: (229, 395, 1432)
[M::mem_pestat] low and high boundaries for computing mean and std.dev: (1, 3838)
[M::mem_pestat] mean and std.dev: (646.57, 865.25)
[M::mem_pestat] low and high boundaries for proper pairs: (1, 5041)
[M::mem_pestat] skip orientation FF
[M::mem_pestat] skip orientation RF
[M::mem_pestat] skip orientation RR
[M::process] read 1066668 sequences (160000200 bp)...
[M::mem_process_seqs] Processed 1066668 reads in 1010.972 CPU sec, 66.437 real sec
[M::mem_pestat] # candidate unique pairs for (FF, FR, RF, RR): (18, 216853, 102, 39)
[M::mem_pestat] analyzing insert size distribution for orientation FF...
[M::mem_pestat] (25, 50, 75) percentile: (153, 263, 495)
[M::mem_pestat] low and high boundaries for computing mean and std.dev: (1, 1179)
[M::mem_pestat] mean and std.dev: (271.88, 182.60)
[M::mem_pestat] low and high boundaries for proper pairs: (1, 1521)
[M::mem_pestat] analyzing insert size distribution for orientation FR...
[M::mem_pestat] (25, 50, 75) percentile: (283, 375, 490)
[M::mem_pestat] low and high boundaries for computing mean and std.dev: (1, 904)
[M::mem_pestat] mean and std.dev: (387.73, 150.03)
[M::mem_pestat] low and high boundaries for proper pairs: (1, 1111)
[M::mem_pestat] analyzing insert size distribution for orientation RF...
[M::mem_pestat] (25, 50, 75) percentile: (560, 1723, 5123)
[M::mem_pestat] low and high boundaries for computing mean and std.dev: (1, 14249)
[M::mem_pestat] mean and std.dev: (2972.97, 2886.40)
[M::mem_pestat] low and high boundaries for proper pairs: (1, 18812)
[M::mem_pestat] analyzing insert size distribution for orientation RR...
[M::mem_pestat] (25, 50, 75) percentile: (340, 484, 1247)
[M::mem_pestat] low and high boundaries for computing mean and std.dev: (1, 3061)
[M::mem_pestat] mean and std.dev: (766.86, 662.94)
[M::mem_pestat] low and high boundaries for proper pairs: (1, 3968)
[M::mem_pestat] skip orientation FF
[M::mem_pestat] skip orientation RF
[M::mem_pestat] skip orientation RR
[M::process] read 1066668 sequences (160000200 bp)...
[M::mem_process_seqs] Processed 1066668 reads in 979.721 CPU sec, 64.023 real sec
[M::mem_pestat] # candidate unique pairs for (FF, FR, RF, RR): (30, 216612, 82, 36)
[M::mem_pestat] analyzing insert size distribution for orientation FF...
[M::mem_pestat] (25, 50, 75) percentile: (279, 755, 1780)
[M::mem_pestat] low and high boundaries for computing mean and std.dev: (1, 4782)
[M::mem_pestat] mean and std.dev: (1303.07, 1329.13)
[M::mem_pestat] low and high boundaries for proper pairs: (1, 6620)
[M::mem_pestat] analyzing insert size distribution for orientation FR...
[M::mem_pestat] (25, 50, 75) percentile: (284, 376, 491)
[M::mem_pestat] low and high boundaries for computing mean and std.dev: (1, 905)
[M::mem_pestat] mean and std.dev: (389.52, 151.04)
[M::mem_pestat] low and high boundaries for proper pairs: (1, 1112)
[M::mem_pestat] analyzing insert size distribution for orientation RF...
[M::mem_pestat] (25, 50, 75) percentile: (208, 1976, 5618)
[M::mem_pestat] low and high boundaries for computing mean and std.dev: (1, 16438)
[M::mem_pestat] mean and std.dev: (3182.11, 3125.84)
[M::mem_pestat] low and high boundaries for proper pairs: (1, 21848)
[M::mem_pestat] analyzing insert size distribution for orientation RR...
[M::mem_pestat] (25, 50, 75) percentile: (334, 481, 666)
[M::mem_pestat] low and high boundaries for computing mean and std.dev: (1, 1330)
[M::mem_pestat] mean and std.dev: (439.48, 170.52)
[M::mem_pestat] low and high boundaries for proper pairs: (1, 1662)
[M::mem_pestat] skip orientation FF
[M::mem_pestat] skip orientation RF
[M::mem_pestat] skip orientation RR
[M::process] read 1066668 sequences (160000200 bp)...
[M::mem_process_seqs] Processed 1066668 reads in 870.141 CPU sec, 55.867 real sec
[M::mem_pestat] # candidate unique pairs for (FF, FR, RF, RR): (42, 217699, 94, 33)
[M::mem_pestat] analyzing insert size distribution for orientation FF...
[M::mem_pestat] (25, 50, 75) percentile: (316, 489, 1406)
[M::mem_pestat] low and high boundaries for computing mean and std.dev: (1, 3586)
[M::mem_pestat] mean and std.dev: (666.76, 602.86)
[M::mem_pestat] low and high boundaries for proper pairs: (1, 4676)
[M::mem_pestat] analyzing insert size distribution for orientation FR...
[M::mem_pestat] (25, 50, 75) percentile: (284, 375, 488)
[M::mem_pestat] low and high boundaries for computing mean and std.dev: (1, 896)
[M::mem_pestat] mean and std.dev: (388.16, 149.22)
[M::mem_pestat] low and high boundaries for proper pairs: (1, 1100)
[M::mem_pestat] analyzing insert size distribution for orientation RF...
[M::mem_pestat] (25, 50, 75) percentile: (480, 2553, 4775)
[M::mem_pestat] low and high boundaries for computing mean and std.dev: (1, 13365)
[M::mem_pestat] mean and std.dev: (2864.77, 2658.96)
[M::mem_pestat] low and high boundaries for proper pairs: (1, 17660)
[M::mem_pestat] analyzing insert size distribution for orientation RR...
[M::mem_pestat] (25, 50, 75) percentile: (266, 470, 1812)
[M::mem_pestat] low and high boundaries for computing mean and std.dev: (1, 4904)
[M::mem_pestat] mean and std.dev: (868.59, 1011.22)
[M::mem_pestat] low and high boundaries for proper pairs: (1, 6450)
[M::mem_pestat] skip orientation FF
[M::mem_pestat] skip orientation RF
[M::mem_pestat] skip orientation RR
[M::process] read 1066668 sequences (160000200 bp)...
[M::mem_process_seqs] Processed 1066668 reads in 869.184 CPU sec, 55.817 real sec
[M::mem_pestat] # candidate unique pairs for (FF, FR, RF, RR): (34, 216910, 87, 30)
[M::mem_pestat] analyzing insert size distribution for orientation FF...
[M::mem_pestat] (25, 50, 75) percentile: (335, 676, 2013)
[M::mem_pestat] low and high boundaries for computing mean and std.dev: (1, 5369)
[M::mem_pestat] mean and std.dev: (1316.56, 1502.31)
[M::mem_pestat] low and high boundaries for proper pairs: (1, 7326)
[M::mem_pestat] analyzing insert size distribution for orientation FR...
[M::mem_pestat] (25, 50, 75) percentile: (286, 376, 489)
[M::mem_pestat] low and high boundaries for computing mean and std.dev: (1, 895)
[M::mem_pestat] mean and std.dev: (388.19, 147.50)
[M::mem_pestat] low and high boundaries for proper pairs: (1, 1098)
[M::mem_pestat] analyzing insert size distribution for orientation RF...
[M::mem_pestat] (25, 50, 75) percentile: (460, 1133, 3054)
[M::mem_pestat] low and high boundaries for computing mean and std.dev: (1, 8242)
[M::mem_pestat] mean and std.dev: (1758.64, 2031.44)
[M::mem_pestat] low and high boundaries for proper pairs: (1, 10836)
[M::mem_pestat] analyzing insert size distribution for orientation RR...
[M::mem_pestat] (25, 50, 75) percentile: (178, 349, 1650)
[M::mem_pestat] low and high boundaries for computing mean and std.dev: (1, 4594)
[M::mem_pestat] mean and std.dev: (710.07, 810.97)
[M::mem_pestat] low and high boundaries for proper pairs: (1, 6066)
[M::mem_pestat] skip orientation FF
[M::mem_pestat] skip orientation RF
[M::mem_pestat] skip orientation RR
[M::process] read 1066668 sequences (160000200 bp)...
[M::mem_process_seqs] Processed 1066668 reads in 955.128 CPU sec, 62.292 real sec
[M::mem_pestat] # candidate unique pairs for (FF, FR, RF, RR): (29, 219129, 61, 29)
[M::mem_pestat] analyzing insert size distribution for orientation FF...
[M::mem_pestat] (25, 50, 75) percentile: (285, 650, 1258)
[M::mem_pestat] low and high boundaries for computing mean and std.dev: (1, 3204)
[M::mem_pestat] mean and std.dev: (737.15, 675.92)
[M::mem_pestat] low and high boundaries for proper pairs: (1, 4177)
[M::mem_pestat] analyzing insert size distribution for orientation FR...
[M::mem_pestat] (25, 50, 75) percentile: (288, 378, 491)
[M::mem_pestat] low and high boundaries for computing mean and std.dev: (1, 897)
[M::mem_pestat] mean and std.dev: (390.79, 148.91)
[M::mem_pestat] low and high boundaries for proper pairs: (1, 1100)
[M::mem_pestat] analyzing insert size distribution for orientation RF...
[M::mem_pestat] (25, 50, 75) percentile: (609, 1903, 6778)
[M::mem_pestat] low and high boundaries for computing mean and std.dev: (1, 19116)
[M::mem_pestat] mean and std.dev: (3302.30, 3097.02)
[M::mem_pestat] low and high boundaries for proper pairs: (1, 25285)
[M::mem_pestat] analyzing insert size distribution for orientation RR...
[M::mem_pestat] (25, 50, 75) percentile: (250, 508, 1531)
[M::mem_pestat] low and high boundaries for computing mean and std.dev: (1, 4093)
[M::mem_pestat] mean and std.dev: (826.57, 844.88)
[M::mem_pestat] low and high boundaries for proper pairs: (1, 5374)
[M::mem_pestat] skip orientation FF
[M::mem_pestat] skip orientation RF
[M::mem_pestat] skip orientation RR
[M::process] read 1066668 sequences (160000200 bp)...
[M::mem_process_seqs] Processed 1066668 reads in 998.922 CPU sec, 65.129 real sec
[M::mem_pestat] # candidate unique pairs for (FF, FR, RF, RR): (43, 218842, 86, 36)
[M::mem_pestat] analyzing insert size distribution for orientation FF...
[M::mem_pestat] (25, 50, 75) percentile: (380, 1266, 3569)
[M::mem_pestat] low and high boundaries for computing mean and std.dev: (1, 9947)
[M::mem_pestat] mean and std.dev: (2219.26, 2462.12)
[M::mem_pestat] low and high boundaries for proper pairs: (1, 13136)
[M::mem_pestat] analyzing insert size distribution for orientation FR...
[M::mem_pestat] (25, 50, 75) percentile: (290, 381, 495)
[M::mem_pestat] low and high boundaries for computing mean and std.dev: (1, 905)
[M::mem_pestat] mean and std.dev: (394.23, 149.92)
[M::mem_pestat] low and high boundaries for proper pairs: (1, 1110)
[M::mem_pestat] analyzing insert size distribution for orientation RF...
[M::mem_pestat] (25, 50, 75) percentile: (460, 2098, 5659)
[M::mem_pestat] low and high boundaries for computing mean and std.dev: (1, 16057)
[M::mem_pestat] mean and std.dev: (3236.31, 3185.26)
[M::mem_pestat] low and high boundaries for proper pairs: (1, 21256)
[M::mem_pestat] analyzing insert size distribution for orientation RR...
[M::mem_pestat] (25, 50, 75) percentile: (317, 664, 2434)
[M::mem_pestat] low and high boundaries for computing mean and std.dev: (1, 6668)
[M::mem_pestat] mean and std.dev: (1474.83, 1698.93)
[M::mem_pestat] low and high boundaries for proper pairs: (1, 8785)
[M::mem_pestat] skip orientation FF
[M::mem_pestat] skip orientation RF
[M::mem_pestat] skip orientation RR
[M::process] read 1066668 sequences (160000200 bp)...
[M::mem_process_seqs] Processed 1066668 reads in 993.047 CPU sec, 64.704 real sec
[M::mem_pestat] # candidate unique pairs for (FF, FR, RF, RR): (36, 218633, 84, 40)
[M::mem_pestat] analyzing insert size distribution for orientation FF...
[M::mem_pestat] (25, 50, 75) percentile: (326, 551, 2021)
[M::mem_pestat] low and high boundaries for computing mean and std.dev: (1, 5411)
[M::mem_pestat] mean and std.dev: (1072.71, 1157.27)
[M::mem_pestat] low and high boundaries for proper pairs: (1, 7106)
[M::mem_pestat] analyzing insert size distribution for orientation FR...
[M::mem_pestat] (25, 50, 75) percentile: (286, 374, 487)
[M::mem_pestat] low and high boundaries for computing mean and std.dev: (1, 889)
[M::mem_pestat] mean and std.dev: (388.05, 147.09)
[M::mem_pestat] low and high boundaries for proper pairs: (1, 1090)
[M::mem_pestat] analyzing insert size distribution for orientation RF...
[M::mem_pestat] (25, 50, 75) percentile: (505, 1226, 5400)
[M::mem_pestat] low and high boundaries for computing mean and std.dev: (1, 15190)
[M::mem_pestat] mean and std.dev: (2763.82, 2939.62)
[M::mem_pestat] low and high boundaries for proper pairs: (1, 20085)
[M::mem_pestat] analyzing insert size distribution for orientation RR...
[M::mem_pestat] (25, 50, 75) percentile: (224, 468, 1297)
[M::mem_pestat] low and high boundaries for computing mean and std.dev: (1, 3443)
[M::mem_pestat] mean and std.dev: (624.24, 711.18)
[M::mem_pestat] low and high boundaries for proper pairs: (1, 4516)
[M::mem_pestat] skip orientation FF
[M::mem_pestat] skip orientation RF
[M::mem_pestat] skip orientation RR
[M::process] read 1066668 sequences (160000200 bp)...
[M::mem_process_seqs] Processed 1066668 reads in 990.191 CPU sec, 64.904 real sec
[M::mem_pestat] # candidate unique pairs for (FF, FR, RF, RR): (31, 218893, 95, 29)
[M::mem_pestat] analyzing insert size distribution for orientation FF...
[M::mem_pestat] (25, 50, 75) percentile: (222, 457, 801)
[M::mem_pestat] low and high boundaries for computing mean and std.dev: (1, 1959)
[M::mem_pestat] mean and std.dev: (464.15, 326.09)
[M::mem_pestat] low and high boundaries for proper pairs: (1, 2538)
[M::mem_pestat] analyzing insert size distribution for orientation FR...
[M::mem_pestat] (25, 50, 75) percentile: (286, 375, 488)
[M::mem_pestat] low and high boundaries for computing mean and std.dev: (1, 892)
[M::mem_pestat] mean and std.dev: (389.11, 148.70)
[M::mem_pestat] low and high boundaries for proper pairs: (1, 1094)
[M::mem_pestat] analyzing insert size distribution for orientation RF...
[M::mem_pestat] (25, 50, 75) percentile: (485, 1097, 4571)
[M::mem_pestat] low and high boundaries for computing mean and std.dev: (1, 12743)
[M::mem_pestat] mean and std.dev: (2616.09, 2731.35)
[M::mem_pestat] low and high boundaries for proper pairs: (1, 16829)
[M::mem_pestat] analyzing insert size distribution for orientation RR...
[M::mem_pestat] (25, 50, 75) percentile: (280, 380, 718)
[M::mem_pestat] low and high boundaries for computing mean and std.dev: (1, 1594)
[M::mem_pestat] mean and std.dev: (432.32, 270.63)
[M::mem_pestat] low and high boundaries for proper pairs: (1, 2032)
[M::mem_pestat] skip orientation FF
[M::mem_pestat] skip orientation RF
[M::mem_pestat] skip orientation RR
[M::process] read 1066668 sequences (160000200 bp)...
[M::mem_process_seqs] Processed 1066668 reads in 995.958 CPU sec, 65.184 real sec
[M::mem_pestat] # candidate unique pairs for (FF, FR, RF, RR): (31, 215908, 75, 33)
[M::mem_pestat] analyzing insert size distribution for orientation FF...
[M::mem_pestat] (25, 50, 75) percentile: (285, 468, 1618)
[M::mem_pestat] low and high boundaries for computing mean and std.dev: (1, 4284)
[M::mem_pestat] mean and std.dev: (998.81, 1030.77)
[M::mem_pestat] low and high boundaries for proper pairs: (1, 5617)
[M::mem_pestat] analyzing insert size distribution for orientation FR...
[M::mem_pestat] (25, 50, 75) percentile: (278, 366, 481)
[M::mem_pestat] low and high boundaries for computing mean and std.dev: (1, 887)
[M::mem_pestat] mean and std.dev: (380.62, 148.89)
[M::mem_pestat] low and high boundaries for proper pairs: (1, 1090)
[M::mem_pestat] analyzing insert size distribution for orientation RF...
[M::mem_pestat] (25, 50, 75) percentile: (237, 1049, 2749)
[M::mem_pestat] low and high boundaries for computing mean and std.dev: (1, 7773)
[M::mem_pestat] mean and std.dev: (1500.27, 1712.91)
[M::mem_pestat] low and high boundaries for proper pairs: (1, 10285)
[M::mem_pestat] analyzing insert size distribution for orientation RR...
[M::mem_pestat] (25, 50, 75) percentile: (335, 578, 3740)
[M::mem_pestat] low and high boundaries for computing mean and std.dev: (1, 10550)
[M::mem_pestat] mean and std.dev: (1951.79, 2179.90)
[M::mem_pestat] low and high boundaries for proper pairs: (1, 13955)
[M::mem_pestat] skip orientation FF
[M::mem_pestat] skip orientation RF
[M::mem_pestat] skip orientation RR
[M::process] read 1066668 sequences (160000200 bp)...
[M::mem_process_seqs] Processed 1066668 reads in 1001.673 CPU sec, 65.304 real sec
[M::mem_pestat] # candidate unique pairs for (FF, FR, RF, RR): (41, 215953, 86, 36)
[M::mem_pestat] analyzing insert size distribution for orientation FF...
[M::mem_pestat] (25, 50, 75) percentile: (239, 749, 3217)
[M::mem_pestat] low and high boundaries for computing mean and std.dev: (1, 9173)
[M::mem_pestat] mean and std.dev: (2058.54, 2380.04)
[M::mem_pestat] low and high boundaries for proper pairs: (1, 12151)
[M::mem_pestat] analyzing insert size distribution for orientation FR...
[M::mem_pestat] (25, 50, 75) percentile: (282, 374, 491)
[M::mem_pestat] low and high boundaries for computing mean and std.dev: (1, 909)
[M::mem_pestat] mean and std.dev: (388.05, 151.36)
[M::mem_pestat] low and high boundaries for proper pairs: (1, 1118)
[M::mem_pestat] analyzing insert size distribution for orientation RF...
[M::mem_pestat] (25, 50, 75) percentile: (147, 1053, 5379)
[M::mem_pestat] low and high boundaries for computing mean and std.dev: (1, 15843)
[M::mem_pestat] mean and std.dev: (2879.09, 3000.32)
[M::mem_pestat] low and high boundaries for proper pairs: (1, 21075)
[M::mem_pestat] analyzing insert size distribution for orientation RR...
[M::mem_pestat] (25, 50, 75) percentile: (486, 1524, 3713)
[M::mem_pestat] low and high boundaries for computing mean and std.dev: (1, 10167)
[M::mem_pestat] mean and std.dev: (2162.53, 1932.28)
[M::mem_pestat] low and high boundaries for proper pairs: (1, 13394)
[M::mem_pestat] skip orientation FF
[M::mem_pestat] skip orientation RF
[M::mem_pestat] skip orientation RR
[M::process] read 1066668 sequences (160000200 bp)...
[M::mem_process_seqs] Processed 1066668 reads in 1000.679 CPU sec, 65.310 real sec
[M::mem_pestat] # candidate unique pairs for (FF, FR, RF, RR): (55, 215891, 81, 29)
[M::mem_pestat] analyzing insert size distribution for orientation FF...
[M::mem_pestat] (25, 50, 75) percentile: (399, 569, 1850)
[M::mem_pestat] low and high boundaries for computing mean and std.dev: (1, 4752)
[M::mem_pestat] mean and std.dev: (829.71, 622.70)
[M::mem_pestat] low and high boundaries for proper pairs: (1, 6203)
[M::mem_pestat] analyzing insert size distribution for orientation FR...
[M::mem_pestat] (25, 50, 75) percentile: (279, 368, 481)
[M::mem_pestat] low and high boundaries for computing mean and std.dev: (1, 885)
[M::mem_pestat] mean and std.dev: (381.28, 148.04)
[M::mem_pestat] low and high boundaries for proper pairs: (1, 1087)
[M::mem_pestat] analyzing insert size distribution for orientation RF...
[M::mem_pestat] (25, 50, 75) percentile: (146, 427, 1401)
[M::mem_pestat] low and high boundaries for computing mean and std.dev: (1, 3911)
[M::mem_pestat] mean and std.dev: (611.73, 695.65)
[M::mem_pestat] low and high boundaries for proper pairs: (1, 5166)
[M::mem_pestat] analyzing insert size distribution for orientation RR...
[M::mem_pestat] (25, 50, 75) percentile: (222, 418, 1220)
[M::mem_pestat] low and high boundaries for computing mean and std.dev: (1, 3216)
[M::mem_pestat] mean and std.dev: (621.67, 501.39)
[M::mem_pestat] low and high boundaries for proper pairs: (1, 4214)
[M::mem_pestat] skip orientation FF
[M::mem_pestat] skip orientation RF
[M::mem_pestat] skip orientation RR
[M::process] read 1066668 sequences (160000200 bp)...
[M::mem_process_seqs] Processed 1066668 reads in 1001.445 CPU sec, 65.611 real sec
[M::mem_pestat] # candidate unique pairs for (FF, FR, RF, RR): (36, 216902, 89, 41)
[M::mem_pestat] analyzing insert size distribution for orientation FF...
[M::mem_pestat] (25, 50, 75) percentile: (298, 1028, 2466)
[M::mem_pestat] low and high boundaries for computing mean and std.dev: (1, 6802)
[M::mem_pestat] mean and std.dev: (1423.26, 1342.41)
[M::mem_pestat] low and high boundaries for proper pairs: (1, 8970)
[M::mem_pestat] analyzing insert size distribution for orientation FR...
[M::mem_pestat] (25, 50, 75) percentile: (280, 368, 480)
[M::mem_pestat] low and high boundaries for computing mean and std.dev: (1, 880)
[M::mem_pestat] mean and std.dev: (381.67, 147.82)
[M::mem_pestat] low and high boundaries for proper pairs: (1, 1080)
[M::mem_pestat] analyzing insert size distribution for orientation RF...
[M::mem_pestat] (25, 50, 75) percentile: (103, 800, 3109)
[M::mem_pestat] low and high boundaries for computing mean and std.dev: (1, 9121)
[M::mem_pestat] mean and std.dev: (1911.74, 2422.06)
[M::mem_pestat] low and high boundaries for proper pairs: (1, 12127)
[M::mem_pestat] analyzing insert size distribution for orientation RR...
[M::mem_pestat] (25, 50, 75) percentile: (282, 714, 2281)
[M::mem_pestat] low and high boundaries for computing mean and std.dev: (1, 6279)
[M::mem_pestat] mean and std.dev: (897.74, 1043.60)
[M::mem_pestat] low and high boundaries for proper pairs: (1, 8278)
[M::mem_pestat] skip orientation FF
[M::mem_pestat] skip orientation RF
[M::mem_pestat] skip orientation RR
[M::mem_process_seqs] Processed 1066668 reads in 1016.860 CPU sec, 71.944 real sec
[M::process] read 1066668 sequences (160000200 bp)...
[M::mem_pestat] # candidate unique pairs for (FF, FR, RF, RR): (14, 217525, 59, 28)
[M::mem_pestat] analyzing insert size distribution for orientation FF...
[M::mem_pestat] (25, 50, 75) percentile: (327, 639, 795)
[M::mem_pestat] low and high boundaries for computing mean and std.dev: (1, 1731)
[M::mem_pestat] mean and std.dev: (569.69, 340.47)
[M::mem_pestat] low and high boundaries for proper pairs: (1, 2199)
[M::mem_pestat] analyzing insert size distribution for orientation FR...
[M::mem_pestat] (25, 50, 75) percentile: (285, 376, 493)
[M::mem_pestat] low and high boundaries for computing mean and std.dev: (1, 909)
[M::mem_pestat] mean and std.dev: (390.34, 150.85)
[M::mem_pestat] low and high boundaries for proper pairs: (1, 1117)
[M::mem_pestat] analyzing insert size distribution for orientation RF...
[M::mem_pestat] (25, 50, 75) percentile: (546, 2171, 4284)
[M::mem_pestat] low and high boundaries for computing mean and std.dev: (1, 11760)
[M::mem_pestat] mean and std.dev: (2762.85, 2801.36)
[M::mem_pestat] low and high boundaries for proper pairs: (1, 15498)
[M::mem_pestat] analyzing insert size distribution for orientation RR...
[M::mem_pestat] (25, 50, 75) percentile: (357, 431, 735)
[M::mem_pestat] low and high boundaries for computing mean and std.dev: (1, 1491)
[M::mem_pestat] mean and std.dev: (473.76, 267.12)
[M::mem_pestat] low and high boundaries for proper pairs: (1, 1869)
[M::mem_pestat] skip orientation FF
[M::mem_pestat] skip orientation RF
[M::mem_pestat] skip orientation RR
[M::process] read 1066668 sequences (160000200 bp)...
[M::mem_process_seqs] Processed 1066668 reads in 952.324 CPU sec, 61.294 real sec
[M::mem_pestat] # candidate unique pairs for (FF, FR, RF, RR): (45, 219086, 120, 37)
[M::mem_pestat] analyzing insert size distribution for orientation FF...
[M::mem_pestat] (25, 50, 75) percentile: (438, 878, 1906)
[M::mem_pestat] low and high boundaries for computing mean and std.dev: (1, 4842)
[M::mem_pestat] mean and std.dev: (967.36, 724.15)
[M::mem_pestat] low and high boundaries for proper pairs: (1, 6310)
[M::mem_pestat] analyzing insert size distribution for orientation FR...
[M::mem_pestat] (25, 50, 75) percentile: (289, 380, 495)
[M::mem_pestat] low and high boundaries for computing mean and std.dev: (1, 907)
[M::mem_pestat] mean and std.dev: (393.56, 150.63)
[M::mem_pestat] low and high boundaries for proper pairs: (1, 1113)
[M::mem_pestat] analyzing insert size distribution for orientation RF...
[M::mem_pestat] (25, 50, 75) percentile: (328, 1416, 5618)
[M::mem_pestat] low and high boundaries for computing mean and std.dev: (1, 16198)
[M::mem_pestat] mean and std.dev: (2889.76, 3136.58)
[M::mem_pestat] low and high boundaries for proper pairs: (1, 21488)
[M::mem_pestat] analyzing insert size distribution for orientation RR...
[M::mem_pestat] (25, 50, 75) percentile: (371, 658, 5183)
[M::mem_pestat] low and high boundaries for computing mean and std.dev: (1, 14807)
[M::mem_pestat] mean and std.dev: (1915.24, 2264.37)
[M::mem_pestat] low and high boundaries for proper pairs: (1, 19619)
[M::mem_pestat] skip orientation FF
[M::mem_pestat] skip orientation RF
[M::mem_pestat] skip orientation RR
[M::process] read 1066668 sequences (160000200 bp)...
[M::mem_process_seqs] Processed 1066668 reads in 873.511 CPU sec, 56.154 real sec
[M::mem_pestat] # candidate unique pairs for (FF, FR, RF, RR): (37, 218233, 71, 54)
[M::mem_pestat] analyzing insert size distribution for orientation FF...
[M::mem_pestat] (25, 50, 75) percentile: (351, 511, 2195)
[M::mem_pestat] low and high boundaries for computing mean and std.dev: (1, 5883)
[M::mem_pestat] mean and std.dev: (1078.71, 1394.28)
[M::mem_pestat] low and high boundaries for proper pairs: (1, 7727)
[M::mem_pestat] analyzing insert size distribution for orientation FR...
[M::mem_pestat] (25, 50, 75) percentile: (287, 375, 486)
[M::mem_pestat] low and high boundaries for computing mean and std.dev: (1, 884)
[M::mem_pestat] mean and std.dev: (387.84, 147.18)
[M::mem_pestat] low and high boundaries for proper pairs: (1, 1083)
[M::mem_pestat] analyzing insert size distribution for orientation RF...
[M::mem_pestat] (25, 50, 75) percentile: (354, 982, 3159)
[M::mem_pestat] low and high boundaries for computing mean and std.dev: (1, 8769)
[M::mem_pestat] mean and std.dev: (1882.06, 2144.31)
[M::mem_pestat] low and high boundaries for proper pairs: (1, 11574)
[M::mem_pestat] analyzing insert size distribution for orientation RR...
[M::mem_pestat] (25, 50, 75) percentile: (446, 1441, 2394)
[M::mem_pestat] low and high boundaries for computing mean and std.dev: (1, 6290)
[M::mem_pestat] mean and std.dev: (1444.10, 1266.59)
[M::mem_pestat] low and high boundaries for proper pairs: (1, 8238)
[M::mem_pestat] skip orientation FF
[M::mem_pestat] skip orientation RF
[M::mem_pestat] skip orientation RR
[M::process] read 1066668 sequences (160000200 bp)...
[M::mem_process_seqs] Processed 1066668 reads in 928.623 CPU sec, 60.533 real sec
[M::mem_pestat] # candidate unique pairs for (FF, FR, RF, RR): (29, 218188, 80, 38)
[M::mem_pestat] analyzing insert size distribution for orientation FF...
[M::mem_pestat] (25, 50, 75) percentile: (291, 655, 1621)
[M::mem_pestat] low and high boundaries for computing mean and std.dev: (1, 4281)
[M::mem_pestat] mean and std.dev: (766.78, 632.90)
[M::mem_pestat] low and high boundaries for proper pairs: (1, 5611)
[M::mem_pestat] analyzing insert size distribution for orientation FR...
[M::mem_pestat] (25, 50, 75) percentile: (285, 374, 486)
[M::mem_pestat] low and high boundaries for computing mean and std.dev: (1, 888)
[M::mem_pestat] mean and std.dev: (386.93, 147.05)
[M::mem_pestat] low and high boundaries for proper pairs: (1, 1089)
[M::mem_pestat] analyzing insert size distribution for orientation RF...
[M::mem_pestat] (25, 50, 75) percentile: (167, 989, 3225)
[M::mem_pestat] low and high boundaries for computing mean and std.dev: (1, 9341)
[M::mem_pestat] mean and std.dev: (1974.27, 2504.59)
[M::mem_pestat] low and high boundaries for proper pairs: (1, 12399)
[M::mem_pestat] analyzing insert size distribution for orientation RR...
[M::mem_pestat] (25, 50, 75) percentile: (207, 513, 643)
[M::mem_pestat] low and high boundaries for computing mean and std.dev: (1, 1515)
[M::mem_pestat] mean and std.dev: (396.97, 199.77)
[M::mem_pestat] low and high boundaries for proper pairs: (1, 1951)
[M::mem_pestat] skip orientation FF
[M::mem_pestat] skip orientation RF
[M::mem_pestat] skip orientation RR
[M::process] read 1066668 sequences (160000200 bp)...
[M::mem_process_seqs] Processed 1066668 reads in 1020.150 CPU sec, 66.626 real sec
[M::mem_pestat] # candidate unique pairs for (FF, FR, RF, RR): (46, 215946, 98, 40)
[M::mem_pestat] analyzing insert size distribution for orientation FF...
[M::mem_pestat] (25, 50, 75) percentile: (381, 650, 3064)
[M::mem_pestat] low and high boundaries for computing mean and std.dev: (1, 8430)
[M::mem_pestat] mean and std.dev: (1801.11, 2282.69)
[M::mem_pestat] low and high boundaries for proper pairs: (1, 11113)
[M::mem_pestat] analyzing insert size distribution for orientation FR...
[M::mem_pestat] (25, 50, 75) percentile: (281, 371, 487)
[M::mem_pestat] low and high boundaries for computing mean and std.dev: (1, 899)
[M::mem_pestat] mean and std.dev: (384.76, 149.88)
[M::mem_pestat] low and high boundaries for proper pairs: (1, 1105)
[M::mem_pestat] analyzing insert size distribution for orientation RF...
[M::mem_pestat] (25, 50, 75) percentile: (352, 2192, 4930)
[M::mem_pestat] low and high boundaries for computing mean and std.dev: (1, 14086)
[M::mem_pestat] mean and std.dev: (2912.51, 2754.63)
[M::mem_pestat] low and high boundaries for proper pairs: (1, 18664)
[M::mem_pestat] analyzing insert size distribution for orientation RR...
[M::mem_pestat] (25, 50, 75) percentile: (174, 363, 4578)
[M::mem_pestat] low and high boundaries for computing mean and std.dev: (1, 13386)
[M::mem_pestat] mean and std.dev: (2206.68, 2886.21)
[M::mem_pestat] low and high boundaries for proper pairs: (1, 17790)
[M::mem_pestat] skip orientation FF
[M::mem_pestat] skip orientation RF
[M::mem_pestat] skip orientation RR
[M::process] read 1066668 sequences (160000200 bp)...
[M::mem_process_seqs] Processed 1066668 reads in 1003.919 CPU sec, 66.165 real sec
[M::mem_pestat] # candidate unique pairs for (FF, FR, RF, RR): (42, 215333, 86, 44)
[M::mem_pestat] analyzing insert size distribution for orientation FF...
[M::mem_pestat] (25, 50, 75) percentile: (323, 684, 3301)
[M::mem_pestat] low and high boundaries for computing mean and std.dev: (1, 9257)
[M::mem_pestat] mean and std.dev: (1930.76, 2371.61)
[M::mem_pestat] low and high boundaries for proper pairs: (1, 12235)
[M::mem_pestat] analyzing insert size distribution for orientation FR...
[M::mem_pestat] (25, 50, 75) percentile: (285, 377, 492)
[M::mem_pestat] low and high boundaries for computing mean and std.dev: (1, 906)
[M::mem_pestat] mean and std.dev: (389.52, 149.94)
[M::mem_pestat] low and high boundaries for proper pairs: (1, 1113)
[M::mem_pestat] analyzing insert size distribution for orientation RF...
[M::mem_pestat] (25, 50, 75) percentile: (539, 2380, 6672)
[M::mem_pestat] low and high boundaries for computing mean and std.dev: (1, 18938)
[M::mem_pestat] mean and std.dev: (3450.22, 3082.68)
[M::mem_pestat] low and high boundaries for proper pairs: (1, 25071)
[M::mem_pestat] analyzing insert size distribution for orientation RR...
[M::mem_pestat] (25, 50, 75) percentile: (429, 570, 1196)
[M::mem_pestat] low and high boundaries for computing mean and std.dev: (1, 2730)
[M::mem_pestat] mean and std.dev: (839.32, 635.85)
[M::mem_pestat] low and high boundaries for proper pairs: (1, 3497)
[M::mem_pestat] skip orientation FF
[M::mem_pestat] skip orientation RF
[M::mem_pestat] skip orientation RR
[M::process] read 1066668 sequences (160000200 bp)...
[M::mem_process_seqs] Processed 1066668 reads in 1000.117 CPU sec, 65.294 real sec
[M::mem_pestat] # candidate unique pairs for (FF, FR, RF, RR): (60, 215530, 69, 46)
[M::mem_pestat] analyzing insert size distribution for orientation FF...
[M::mem_pestat] (25, 50, 75) percentile: (245, 483, 3072)
[M::mem_pestat] low and high boundaries for computing mean and std.dev: (1, 8726)
[M::mem_pestat] mean and std.dev: (1391.19, 1692.36)
[M::mem_pestat] low and high boundaries for proper pairs: (1, 11553)
[M::mem_pestat] analyzing insert size distribution for orientation FR...
[M::mem_pestat] (25, 50, 75) percentile: (282, 371, 484)
[M::mem_pestat] low and high boundaries for computing mean and std.dev: (1, 888)
[M::mem_pestat] mean and std.dev: (384.29, 147.81)
[M::mem_pestat] low and high boundaries for proper pairs: (1, 1090)
[M::mem_pestat] analyzing insert size distribution for orientation RF...
[M::mem_pestat] (25, 50, 75) percentile: (171, 1033, 5232)
[M::mem_pestat] low and high boundaries for computing mean and std.dev: (1, 15354)
[M::mem_pestat] mean and std.dev: (2253.67, 2631.23)
[M::mem_pestat] low and high boundaries for proper pairs: (1, 20415)
[M::mem_pestat] analyzing insert size distribution for orientation RR...
[M::mem_pestat] (25, 50, 75) percentile: (244, 438, 1309)
[M::mem_pestat] low and high boundaries for computing mean and std.dev: (1, 3439)
[M::mem_pestat] mean and std.dev: (851.95, 811.80)
[M::mem_pestat] low and high boundaries for proper pairs: (1, 4504)
[M::mem_pestat] skip orientation FF
[M::mem_pestat] skip orientation RF
[M::mem_pestat] skip orientation RR
[M::process] read 1066668 sequences (160000200 bp)...
[M::mem_process_seqs] Processed 1066668 reads in 1001.367 CPU sec, 65.308 real sec
[M::mem_pestat] # candidate unique pairs for (FF, FR, RF, RR): (51, 215798, 69, 36)
[M::mem_pestat] analyzing insert size distribution for orientation FF...
[M::mem_pestat] (25, 50, 75) percentile: (372, 876, 3079)
[M::mem_pestat] low and high boundaries for computing mean and std.dev: (1, 8493)
[M::mem_pestat] mean and std.dev: (1592.47, 1875.08)
[M::mem_pestat] low and high boundaries for proper pairs: (1, 11200)
[M::mem_pestat] analyzing insert size distribution for orientation FR...
[M::mem_pestat] (25, 50, 75) percentile: (283, 373, 485)
[M::mem_pestat] low and high boundaries for computing mean and std.dev: (1, 889)
[M::mem_pestat] mean and std.dev: (385.21, 147.76)
[M::mem_pestat] low and high boundaries for proper pairs: (1, 1091)
[M::mem_pestat] analyzing insert size distribution for orientation RF...
[M::mem_pestat] (25, 50, 75) percentile: (171, 953, 2654)
[M::mem_pestat] low and high boundaries for computing mean and std.dev: (1, 7620)
[M::mem_pestat] mean and std.dev: (1255.64, 1681.24)
[M::mem_pestat] low and high boundaries for proper pairs: (1, 10103)
[M::mem_pestat] analyzing insert size distribution for orientation RR...
[M::mem_pestat] (25, 50, 75) percentile: (397, 1391, 4448)
[M::mem_pestat] low and high boundaries for computing mean and std.dev: (1, 12550)
[M::mem_pestat] mean and std.dev: (2626.58, 3026.58)
[M::mem_pestat] low and high boundaries for proper pairs: (1, 16601)
[M::mem_pestat] skip orientation FF
[M::mem_pestat] skip orientation RF
[M::mem_pestat] skip orientation RR
[M::process] read 1066668 sequences (160000200 bp)...
[M::mem_process_seqs] Processed 1066668 reads in 1002.118 CPU sec, 65.689 real sec
[M::mem_pestat] # candidate unique pairs for (FF, FR, RF, RR): (38, 217593, 89, 34)
[M::mem_pestat] analyzing insert size distribution for orientation FF...
[M::mem_pestat] (25, 50, 75) percentile: (410, 1373, 2869)
[M::mem_pestat] low and high boundaries for computing mean and std.dev: (1, 7787)
[M::mem_pestat] mean and std.dev: (1726.84, 1633.11)
[M::mem_pestat] low and high boundaries for proper pairs: (1, 10246)
[M::mem_pestat] analyzing insert size distribution for orientation FR...
[M::mem_pestat] (25, 50, 75) percentile: (284, 372, 486)
[M::mem_pestat] low and high boundaries for computing mean and std.dev: (1, 890)
[M::mem_pestat] mean and std.dev: (386.04, 147.62)
[M::mem_pestat] low and high boundaries for proper pairs: (1, 1092)
[M::mem_pestat] analyzing insert size distribution for orientation RF...
[M::mem_pestat] (25, 50, 75) percentile: (255, 844, 5477)
[M::mem_pestat] low and high boundaries for computing mean and std.dev: (1, 15921)
[M::mem_pestat] mean and std.dev: (2725.17, 2965.16)
[M::mem_pestat] low and high boundaries for proper pairs: (1, 21143)
[M::mem_pestat] analyzing insert size distribution for orientation RR...
[M::mem_pestat] (25, 50, 75) percentile: (277, 454, 1516)
[M::mem_pestat] low and high boundaries for computing mean and std.dev: (1, 3994)
[M::mem_pestat] mean and std.dev: (818.13, 941.73)
[M::mem_pestat] low and high boundaries for proper pairs: (1, 5233)
[M::mem_pestat] skip orientation FF
[M::mem_pestat] skip orientation RF
[M::mem_pestat] skip orientation RR
[M::process] read 1066668 sequences (160000200 bp)...
[M::mem_process_seqs] Processed 1066668 reads in 1006.117 CPU sec, 65.747 real sec
[M::mem_pestat] # candidate unique pairs for (FF, FR, RF, RR): (28, 217758, 96, 35)
[M::mem_pestat] analyzing insert size distribution for orientation FF...
[M::mem_pestat] (25, 50, 75) percentile: (207, 473, 1208)
[M::mem_pestat] low and high boundaries for computing mean and std.dev: (1, 3210)
[M::mem_pestat] mean and std.dev: (608.60, 650.08)
[M::mem_pestat] low and high boundaries for proper pairs: (1, 4211)
[M::mem_pestat] analyzing insert size distribution for orientation FR...
[M::mem_pestat] (25, 50, 75) percentile: (286, 374, 488)
[M::mem_pestat] low and high boundaries for computing mean and std.dev: (1, 892)
[M::mem_pestat] mean and std.dev: (388.52, 147.85)
[M::mem_pestat] low and high boundaries for proper pairs: (1, 1094)
[M::mem_pestat] analyzing insert size distribution for orientation RF...
[M::mem_pestat] (25, 50, 75) percentile: (187, 736, 4007)
[M::mem_pestat] low and high boundaries for computing mean and std.dev: (1, 11647)
[M::mem_pestat] mean and std.dev: (2249.17, 2838.71)
[M::mem_pestat] low and high boundaries for proper pairs: (1, 15467)
[M::mem_pestat] analyzing insert size distribution for orientation RR...
[M::mem_pestat] (25, 50, 75) percentile: (224, 575, 1784)
[M::mem_pestat] low and high boundaries for computing mean and std.dev: (1, 4904)
[M::mem_pestat] mean and std.dev: (866.00, 1043.34)
[M::mem_pestat] low and high boundaries for proper pairs: (1, 6464)
[M::mem_pestat] skip orientation FF
[M::mem_pestat] skip orientation RF
[M::mem_pestat] skip orientation RR
[M::process] read 1066668 sequences (160000200 bp)...
[M::mem_process_seqs] Processed 1066668 reads in 1005.407 CPU sec, 65.984 real sec
[M::mem_pestat] # candidate unique pairs for (FF, FR, RF, RR): (42, 217908, 86, 37)
[M::mem_pestat] analyzing insert size distribution for orientation FF...
[M::mem_pestat] (25, 50, 75) percentile: (221, 510, 1666)
[M::mem_pestat] low and high boundaries for computing mean and std.dev: (1, 4556)
[M::mem_pestat] mean and std.dev: (791.89, 882.61)
[M::mem_pestat] low and high boundaries for proper pairs: (1, 6001)
[M::mem_pestat] analyzing insert size distribution for orientation FR...
[M::mem_pestat] (25, 50, 75) percentile: (284, 369, 480)
[M::mem_pestat] low and high boundaries for computing mean and std.dev: (1, 872)
[M::mem_pestat] mean and std.dev: (383.24, 145.36)
[M::mem_pestat] low and high boundaries for proper pairs: (1, 1068)
[M::mem_pestat] analyzing insert size distribution for orientation RF...
[M::mem_pestat] (25, 50, 75) percentile: (533, 1410, 6018)
[M::mem_pestat] low and high boundaries for computing mean and std.dev: (1, 16988)
[M::mem_pestat] mean and std.dev: (3094.23, 3347.59)
[M::mem_pestat] low and high boundaries for proper pairs: (1, 22473)
[M::mem_pestat] analyzing insert size distribution for orientation RR...
[M::mem_pestat] (25, 50, 75) percentile: (305, 633, 1752)
[M::mem_pestat] low and high boundaries for computing mean and std.dev: (1, 4646)
[M::mem_pestat] mean and std.dev: (957.66, 1083.66)
[M::mem_pestat] low and high boundaries for proper pairs: (1, 6093)
[M::mem_pestat] skip orientation FF
[M::mem_pestat] skip orientation RF
[M::mem_pestat] skip orientation RR
[M::process] read 1066668 sequences (160000200 bp)...
[M::mem_process_seqs] Processed 1066668 reads in 1002.679 CPU sec, 65.243 real sec
[M::mem_pestat] # candidate unique pairs for (FF, FR, RF, RR): (37, 217926, 82, 40)
[M::mem_pestat] analyzing insert size distribution for orientation FF...
[M::mem_pestat] (25, 50, 75) percentile: (348, 433, 1633)
[M::mem_pestat] low and high boundaries for computing mean and std.dev: (1, 4203)
[M::mem_pestat] mean and std.dev: (859.36, 926.98)
[M::mem_pestat] low and high boundaries for proper pairs: (1, 5488)
[M::mem_pestat] analyzing insert size distribution for orientation FR...
[M::mem_pestat] (25, 50, 75) percentile: (286, 372, 480)
[M::mem_pestat] low and high boundaries for computing mean and std.dev: (1, 868)
[M::mem_pestat] mean and std.dev: (384.76, 144.19)
[M::mem_pestat] low and high boundaries for proper pairs: (1, 1062)
[M::mem_pestat] analyzing insert size distribution for orientation RF...
[M::mem_pestat] (25, 50, 75) percentile: (222, 744, 2880)
[M::mem_pestat] low and high boundaries for computing mean and std.dev: (1, 8196)
[M::mem_pestat] mean and std.dev: (1357.67, 1757.55)
[M::mem_pestat] low and high boundaries for proper pairs: (1, 10854)
[M::mem_pestat] analyzing insert size distribution for orientation RR...
[M::mem_pestat] (25, 50, 75) percentile: (265, 405, 3422)
[M::mem_pestat] low and high boundaries for computing mean and std.dev: (1, 9736)
[M::mem_pestat] mean and std.dev: (2041.35, 2956.30)
[M::mem_pestat] low and high boundaries for proper pairs: (1, 13867)
[M::mem_pestat] skip orientation FF
[M::mem_pestat] skip orientation RF
[M::mem_pestat] skip orientation RR
[M::process] read 271280 sequences (40692000 bp)...
[M::mem_process_seqs] Processed 1066668 reads in 970.608 CPU sec, 62.915 real sec
[M::mem_pestat] # candidate unique pairs for (FF, FR, RF, RR): (4, 56068, 23, 9)
[M::mem_pestat] skip orientation FF as there are not enough pairs
[M::mem_pestat] analyzing insert size distribution for orientation FR...
[M::mem_pestat] (25, 50, 75) percentile: (285, 370, 478)
[M::mem_pestat] low and high boundaries for computing mean and std.dev: (1, 864)
[M::mem_pestat] mean and std.dev: (383.65, 143.61)
[M::mem_pestat] low and high boundaries for proper pairs: (1, 1057)
[M::mem_pestat] analyzing insert size distribution for orientation RF...
[M::mem_pestat] (25, 50, 75) percentile: (211, 424, 4144)
[M::mem_pestat] low and high boundaries for computing mean and std.dev: (1, 12010)
[M::mem_pestat] mean and std.dev: (2327.30, 2809.05)
[M::mem_pestat] low and high boundaries for proper pairs: (1, 15943)
[M::mem_pestat] skip orientation RR as there are not enough pairs
[M::mem_pestat] skip orientation RF
[M::mem_process_seqs] Processed 271280 reads in 225.702 CPU sec, 14.559 real sec
[main] Version: 0.7.19-r1273
[main] CMD: bwa mem -t 16 -R @RG\tID:WB_13a\tSM:WB_13a\tLB:WB_13a\tPL:ILLUMINA output/05_realign_xbOstLuri2/reference/GCA_061535525.1_xbOstLuri2_USDA-ARS_PSRF_primary_genomic.fna data/raw/WB_13a_S95_L004_R1_001.fastq.gz data/raw/WB_13a_S95_L004_R2_001.fastq.gz
[main] Real time: 4196.762 sec; CPU: 64020.067 sec
[bam_sort_core] merging from 3 files and 8 in-memory blocks...
end 2026-09-27T16:55:44Z sample=WB_13a
