/opt/ohpc/admin/lmod/lmod/init/bash: line 93: LD_LIBRARY_PATH: unbound variable
start 2026-09-27T14:15:31Z host n3432 sample=Ostrich_Bay_11 location=Ostrich_Bay
[M::bwa_idx_load_from_disk] read 0 ALT contigs
[M::process] read 1066668 sequences (160000200 bp)...
[M::process] read 1066668 sequences (160000200 bp)...
[M::mem_pestat] # candidate unique pairs for (FF, FR, RF, RR): (26, 223979, 77, 38)
[M::mem_pestat] analyzing insert size distribution for orientation FF...
[M::mem_pestat] (25, 50, 75) percentile: (120, 201, 904)
[M::mem_pestat] low and high boundaries for computing mean and std.dev: (1, 2472)
[M::mem_pestat] mean and std.dev: (311.64, 291.78)
[M::mem_pestat] low and high boundaries for proper pairs: (1, 3256)
[M::mem_pestat] analyzing insert size distribution for orientation FR...
[M::mem_pestat] (25, 50, 75) percentile: (272, 353, 450)
[M::mem_pestat] low and high boundaries for computing mean and std.dev: (1, 806)
[M::mem_pestat] mean and std.dev: (361.34, 134.15)
[M::mem_pestat] low and high boundaries for proper pairs: (1, 984)
[M::mem_pestat] analyzing insert size distribution for orientation RF...
[M::mem_pestat] (25, 50, 75) percentile: (281, 855, 3806)
[M::mem_pestat] low and high boundaries for computing mean and std.dev: (1, 10856)
[M::mem_pestat] mean and std.dev: (2093.31, 2457.12)
[M::mem_pestat] low and high boundaries for proper pairs: (1, 14381)
[M::mem_pestat] analyzing insert size distribution for orientation RR...
[M::mem_pestat] (25, 50, 75) percentile: (274, 499, 911)
[M::mem_pestat] low and high boundaries for computing mean and std.dev: (1, 2185)
[M::mem_pestat] mean and std.dev: (609.03, 555.64)
[M::mem_pestat] low and high boundaries for proper pairs: (1, 2832)
[M::mem_pestat] skip orientation FF
[M::mem_pestat] skip orientation RF
[M::mem_pestat] skip orientation RR
[M::mem_process_seqs] Processed 1066668 reads in 768.550 CPU sec, 60.529 real sec
[M::mem_pestat] # candidate unique pairs for (FF, FR, RF, RR): (27, 225513, 68, 38)
[M::mem_pestat] analyzing insert size distribution for orientation FF...
[M::mem_pestat] (25, 50, 75) percentile: (227, 406, 612)
[M::mem_pestat] low and high boundaries for computing mean and std.dev: (1, 1382)
[M::mem_pestat] mean and std.dev: (381.42, 181.10)
[M::mem_pestat] low and high boundaries for proper pairs: (1, 1767)
[M::mem_pestat] analyzing insert size distribution for orientation FR...
[M::mem_pestat] (25, 50, 75) percentile: (278, 360, 459)
[M::mem_pestat] low and high boundaries for computing mean and std.dev: (1, 821)
[M::mem_pestat] mean and std.dev: (368.48, 136.32)
[M::mem_pestat] low and high boundaries for proper pairs: (1, 1002)
[M::mem_pestat] analyzing insert size distribution for orientation RF...
[M::mem_pestat] (25, 50, 75) percentile: (619, 1368, 6231)
[M::mem_pestat] low and high boundaries for computing mean and std.dev: (1, 17455)
[M::mem_pestat] mean and std.dev: (3085.35, 3292.95)
[M::mem_pestat] low and high boundaries for proper pairs: (1, 23067)
[M::mem_pestat] analyzing insert size distribution for orientation RR...
[M::mem_pestat] (25, 50, 75) percentile: (314, 516, 5669)
[M::mem_pestat] low and high boundaries for computing mean and std.dev: (1, 16379)
[M::mem_pestat] mean and std.dev: (2455.92, 2907.01)
[M::mem_pestat] low and high boundaries for proper pairs: (1, 21734)
[M::mem_pestat] skip orientation FF
[M::mem_pestat] skip orientation RF
[M::mem_pestat] skip orientation RR
[M::process] read 1066668 sequences (160000200 bp)...
[M::mem_process_seqs] Processed 1066668 reads in 787.189 CPU sec, 54.927 real sec
[M::process] read 1066668 sequences (160000200 bp)...
[M::mem_pestat] # candidate unique pairs for (FF, FR, RF, RR): (61, 225309, 71, 41)
[M::mem_pestat] analyzing insert size distribution for orientation FF...
[M::mem_pestat] (25, 50, 75) percentile: (407, 804, 1809)
[M::mem_pestat] low and high boundaries for computing mean and std.dev: (1, 4613)
[M::mem_pestat] mean and std.dev: (1069.15, 894.59)
[M::mem_pestat] low and high boundaries for proper pairs: (1, 6015)
[M::mem_pestat] analyzing insert size distribution for orientation FR...
[M::mem_pestat] (25, 50, 75) percentile: (275, 357, 456)
[M::mem_pestat] low and high boundaries for computing mean and std.dev: (1, 818)
[M::mem_pestat] mean and std.dev: (366.38, 137.01)
[M::mem_pestat] low and high boundaries for proper pairs: (1, 999)
[M::mem_pestat] analyzing insert size distribution for orientation RF...
[M::mem_pestat] (25, 50, 75) percentile: (705, 1177, 2958)
[M::mem_pestat] low and high boundaries for computing mean and std.dev: (1, 7464)
[M::mem_pestat] mean and std.dev: (1876.19, 1794.06)
[M::mem_pestat] low and high boundaries for proper pairs: (1, 9717)
[M::mem_pestat] analyzing insert size distribution for orientation RR...
[M::mem_pestat] (25, 50, 75) percentile: (265, 741, 4203)
[M::mem_pestat] low and high boundaries for computing mean and std.dev: (1, 12079)
[M::mem_pestat] mean and std.dev: (2033.88, 2735.98)
[M::mem_pestat] low and high boundaries for proper pairs: (1, 16017)
[M::mem_pestat] skip orientation FF
[M::mem_pestat] skip orientation RF
[M::mem_pestat] skip orientation RR
[M::mem_process_seqs] Processed 1066668 reads in 790.045 CPU sec, 70.875 real sec
[M::mem_pestat] # candidate unique pairs for (FF, FR, RF, RR): (42, 225658, 73, 36)
[M::mem_pestat] analyzing insert size distribution for orientation FF...
[M::mem_pestat] (25, 50, 75) percentile: (242, 711, 940)
[M::mem_pestat] low and high boundaries for computing mean and std.dev: (1, 2336)
[M::mem_pestat] mean and std.dev: (621.03, 467.71)
[M::mem_pestat] low and high boundaries for proper pairs: (1, 3034)
[M::mem_pestat] analyzing insert size distribution for orientation FR...
[M::mem_pestat] (25, 50, 75) percentile: (275, 358, 459)
[M::mem_pestat] low and high boundaries for computing mean and std.dev: (1, 827)
[M::mem_pestat] mean and std.dev: (368.45, 138.75)
[M::mem_pestat] low and high boundaries for proper pairs: (1, 1011)
[M::mem_pestat] analyzing insert size distribution for orientation RF...
[M::mem_pestat] (25, 50, 75) percentile: (217, 2087, 5012)
[M::mem_pestat] low and high boundaries for computing mean and std.dev: (1, 14602)
[M::mem_pestat] mean and std.dev: (3103.97, 3085.39)
[M::mem_pestat] low and high boundaries for proper pairs: (1, 19397)
[M::mem_pestat] analyzing insert size distribution for orientation RR...
[M::mem_pestat] (25, 50, 75) percentile: (356, 762, 2614)
[M::mem_pestat] low and high boundaries for computing mean and std.dev: (1, 7130)
[M::mem_pestat] mean and std.dev: (1299.74, 1299.23)
[M::mem_pestat] low and high boundaries for proper pairs: (1, 9388)
[M::mem_pestat] skip orientation FF
[M::mem_pestat] skip orientation RF
[M::mem_pestat] skip orientation RR
[M::process] read 1066668 sequences (160000200 bp)...
[M::mem_process_seqs] Processed 1066668 reads in 794.068 CPU sec, 67.063 real sec
[M::process] read 1066668 sequences (160000200 bp)...
[M::mem_pestat] # candidate unique pairs for (FF, FR, RF, RR): (25, 225304, 76, 51)
[M::mem_pestat] analyzing insert size distribution for orientation FF...
[M::mem_pestat] (25, 50, 75) percentile: (161, 262, 1716)
[M::mem_pestat] low and high boundaries for computing mean and std.dev: (1, 4826)
[M::mem_pestat] mean and std.dev: (829.38, 1069.96)
[M::mem_pestat] low and high boundaries for proper pairs: (1, 6381)
[M::mem_pestat] analyzing insert size distribution for orientation FR...
[M::mem_pestat] (25, 50, 75) percentile: (273, 355, 456)
[M::mem_pestat] low and high boundaries for computing mean and std.dev: (1, 822)
[M::mem_pestat] mean and std.dev: (365.61, 137.68)
[M::mem_pestat] low and high boundaries for proper pairs: (1, 1005)
[M::mem_pestat] analyzing insert size distribution for orientation RF...
[M::mem_pestat] (25, 50, 75) percentile: (252, 1214, 3341)
[M::mem_pestat] low and high boundaries for computing mean and std.dev: (1, 9519)
[M::mem_pestat] mean and std.dev: (2274.01, 2473.82)
[M::mem_pestat] low and high boundaries for proper pairs: (1, 12608)
[M::mem_pestat] analyzing insert size distribution for orientation RR...
[M::mem_pestat] (25, 50, 75) percentile: (210, 632, 1786)
[M::mem_pestat] low and high boundaries for computing mean and std.dev: (1, 4938)
[M::mem_pestat] mean and std.dev: (1042.12, 1042.57)
[M::mem_pestat] low and high boundaries for proper pairs: (1, 6514)
[M::mem_pestat] skip orientation FF
[M::mem_pestat] skip orientation RF
[M::mem_pestat] skip orientation RR
[M::mem_process_seqs] Processed 1066668 reads in 799.315 CPU sec, 62.642 real sec
[M::mem_pestat] # candidate unique pairs for (FF, FR, RF, RR): (21, 224526, 70, 35)
[M::mem_pestat] analyzing insert size distribution for orientation FF...
[M::mem_pestat] (25, 50, 75) percentile: (295, 449, 1728)
[M::mem_pestat] low and high boundaries for computing mean and std.dev: (1, 4594)
[M::mem_pestat] mean and std.dev: (800.50, 863.98)
[M::mem_pestat] low and high boundaries for proper pairs: (1, 6027)
[M::mem_pestat] analyzing insert size distribution for orientation FR...
[M::mem_pestat] (25, 50, 75) percentile: (274, 356, 457)
[M::mem_pestat] low and high boundaries for computing mean and std.dev: (1, 823)
[M::mem_pestat] mean and std.dev: (366.15, 137.53)
[M::mem_pestat] low and high boundaries for proper pairs: (1, 1006)
[M::mem_pestat] analyzing insert size distribution for orientation RF...
[M::mem_pestat] (25, 50, 75) percentile: (225, 3294, 7471)
[M::mem_pestat] low and high boundaries for computing mean and std.dev: (1, 21963)
[M::mem_pestat] mean and std.dev: (3900.21, 3532.75)
[M::mem_pestat] low and high boundaries for proper pairs: (1, 29209)
[M::mem_pestat] analyzing insert size distribution for orientation RR...
[M::mem_pestat] (25, 50, 75) percentile: (204, 328, 661)
[M::mem_pestat] low and high boundaries for computing mean and std.dev: (1, 1575)
[M::mem_pestat] mean and std.dev: (366.23, 264.75)
[M::mem_pestat] low and high boundaries for proper pairs: (1, 2032)
[M::mem_pestat] skip orientation FF
[M::mem_pestat] skip orientation RF
[M::mem_pestat] skip orientation RR
[M::process] read 1066668 sequences (160000200 bp)...
[M::mem_process_seqs] Processed 1066668 reads in 806.986 CPU sec, 63.104 real sec
[M::mem_pestat] # candidate unique pairs for (FF, FR, RF, RR): (28, 224566, 74, 28)
[M::mem_pestat] analyzing insert size distribution for orientation FF...
[M::mem_pestat] (25, 50, 75) percentile: (315, 374, 812)
[M::mem_pestat] low and high boundaries for computing mean and std.dev: (1, 1806)
[M::mem_pestat] mean and std.dev: (371.00, 199.77)
[M::mem_pestat] low and high boundaries for proper pairs: (1, 2303)
[M::mem_pestat] analyzing insert size distribution for orientation FR...
[M::mem_pestat] (25, 50, 75) percentile: (269, 350, 449)
[M::mem_pestat] low and high boundaries for computing mean and std.dev: (1, 809)
[M::mem_pestat] mean and std.dev: (360.49, 135.52)
[M::mem_pestat] low and high boundaries for proper pairs: (1, 989)
[M::mem_pestat] analyzing insert size distribution for orientation RF...
[M::mem_pestat] (25, 50, 75) percentile: (299, 1515, 3440)
[M::mem_pestat] low and high boundaries for computing mean and std.dev: (1, 9722)
[M::mem_pestat] mean and std.dev: (2083.06, 2142.04)
[M::mem_pestat] low and high boundaries for proper pairs: (1, 12863)
[M::mem_pestat] analyzing insert size distribution for orientation RR...
[M::mem_pestat] (25, 50, 75) percentile: (313, 751, 1142)
[M::mem_pestat] low and high boundaries for computing mean and std.dev: (1, 2800)
[M::mem_pestat] mean and std.dev: (702.46, 506.35)
[M::mem_pestat] low and high boundaries for proper pairs: (1, 3629)
[M::mem_pestat] skip orientation FF
[M::mem_pestat] skip orientation RF
[M::mem_pestat] skip orientation RR
[M::process] read 1066668 sequences (160000200 bp)...
[M::mem_process_seqs] Processed 1066668 reads in 822.430 CPU sec, 64.456 real sec
[M::mem_pestat] # candidate unique pairs for (FF, FR, RF, RR): (33, 224590, 52, 37)
[M::mem_pestat] analyzing insert size distribution for orientation FF...
[M::mem_pestat] (25, 50, 75) percentile: (205, 440, 1502)
[M::mem_pestat] low and high boundaries for computing mean and std.dev: (1, 4096)
[M::mem_pestat] mean and std.dev: (673.00, 703.83)
[M::mem_pestat] low and high boundaries for proper pairs: (1, 5393)
[M::mem_pestat] analyzing insert size distribution for orientation FR...
[M::mem_pestat] (25, 50, 75) percentile: (269, 351, 451)
[M::mem_pestat] low and high boundaries for computing mean and std.dev: (1, 815)
[M::mem_pestat] mean and std.dev: (361.40, 136.66)
[M::mem_pestat] low and high boundaries for proper pairs: (1, 997)
[M::mem_pestat] analyzing insert size distribution for orientation RF...
[M::mem_pestat] (25, 50, 75) percentile: (566, 3135, 4738)
[M::mem_pestat] low and high boundaries for computing mean and std.dev: (1, 13082)
[M::mem_pestat] mean and std.dev: (3239.08, 2763.06)
[M::mem_pestat] low and high boundaries for proper pairs: (1, 17254)
[M::mem_pestat] analyzing insert size distribution for orientation RR...
[M::mem_pestat] (25, 50, 75) percentile: (232, 344, 1592)
[M::mem_pestat] low and high boundaries for computing mean and std.dev: (1, 4312)
[M::mem_pestat] mean and std.dev: (628.19, 751.51)
[M::mem_pestat] low and high boundaries for proper pairs: (1, 5672)
[M::mem_pestat] skip orientation FF
[M::mem_pestat] skip orientation RF
[M::mem_pestat] skip orientation RR
[M::process] read 1066668 sequences (160000200 bp)...
[M::mem_process_seqs] Processed 1066668 reads in 804.963 CPU sec, 58.115 real sec
[M::mem_pestat] # candidate unique pairs for (FF, FR, RF, RR): (42, 224222, 62, 46)
[M::mem_pestat] analyzing insert size distribution for orientation FF...
[M::mem_pestat] (25, 50, 75) percentile: (278, 431, 826)
[M::mem_pestat] low and high boundaries for computing mean and std.dev: (1, 1922)
[M::mem_pestat] mean and std.dev: (462.06, 365.13)
[M::mem_pestat] low and high boundaries for proper pairs: (1, 2470)
[M::mem_pestat] analyzing insert size distribution for orientation FR...
[M::mem_pestat] (25, 50, 75) percentile: (270, 352, 453)
[M::mem_pestat] low and high boundaries for computing mean and std.dev: (1, 819)
[M::mem_pestat] mean and std.dev: (362.50, 137.22)
[M::mem_pestat] low and high boundaries for proper pairs: (1, 1002)
[M::mem_pestat] analyzing insert size distribution for orientation RF...
[M::mem_pestat] (25, 50, 75) percentile: (466, 3527, 6743)
[M::mem_pestat] low and high boundaries for computing mean and std.dev: (1, 19297)
[M::mem_pestat] mean and std.dev: (3985.82, 3460.86)
[M::mem_pestat] low and high boundaries for proper pairs: (1, 25574)
[M::mem_pestat] analyzing insert size distribution for orientation RR...
[M::mem_pestat] (25, 50, 75) percentile: (297, 500, 1014)
[M::mem_pestat] low and high boundaries for computing mean and std.dev: (1, 2448)
[M::mem_pestat] mean and std.dev: (501.68, 453.09)
[M::mem_pestat] low and high boundaries for proper pairs: (1, 3165)
[M::mem_pestat] skip orientation FF
[M::mem_pestat] skip orientation RF
[M::mem_pestat] skip orientation RR
[M::process] read 1066668 sequences (160000200 bp)...
[M::mem_process_seqs] Processed 1066668 reads in 817.597 CPU sec, 59.136 real sec
[M::mem_pestat] # candidate unique pairs for (FF, FR, RF, RR): (38, 223189, 66, 41)
[M::mem_pestat] analyzing insert size distribution for orientation FF...
[M::mem_pestat] (25, 50, 75) percentile: (102, 306, 1035)
[M::mem_pestat] low and high boundaries for computing mean and std.dev: (1, 2901)
[M::mem_pestat] mean and std.dev: (612.35, 636.47)
[M::mem_pestat] low and high boundaries for proper pairs: (1, 3834)
[M::mem_pestat] analyzing insert size distribution for orientation FR...
[M::mem_pestat] (25, 50, 75) percentile: (276, 361, 462)
[M::mem_pestat] low and high boundaries for computing mean and std.dev: (1, 834)
[M::mem_pestat] mean and std.dev: (369.39, 139.72)
[M::mem_pestat] low and high boundaries for proper pairs: (1, 1020)
[M::mem_pestat] analyzing insert size distribution for orientation RF...
[M::mem_pestat] (25, 50, 75) percentile: (254, 1122, 3964)
[M::mem_pestat] low and high boundaries for computing mean and std.dev: (1, 11384)
[M::mem_pestat] mean and std.dev: (2650.18, 3078.21)
[M::mem_pestat] low and high boundaries for proper pairs: (1, 15094)
[M::mem_pestat] analyzing insert size distribution for orientation RR...
[M::mem_pestat] (25, 50, 75) percentile: (277, 360, 926)
[M::mem_pestat] low and high boundaries for computing mean and std.dev: (1, 2224)
[M::mem_pestat] mean and std.dev: (432.94, 279.22)
[M::mem_pestat] low and high boundaries for proper pairs: (1, 2873)
[M::mem_pestat] skip orientation FF
[M::mem_pestat] skip orientation RF
[M::mem_pestat] skip orientation RR
[M::process] read 1066668 sequences (160000200 bp)...
[M::mem_process_seqs] Processed 1066668 reads in 784.706 CPU sec, 57.774 real sec
[M::process] read 1066668 sequences (160000200 bp)...
[M::mem_pestat] # candidate unique pairs for (FF, FR, RF, RR): (30, 224070, 65, 37)
[M::mem_pestat] analyzing insert size distribution for orientation FF...
[M::mem_pestat] (25, 50, 75) percentile: (258, 429, 1164)
[M::mem_pestat] low and high boundaries for computing mean and std.dev: (1, 2976)
[M::mem_pestat] mean and std.dev: (715.46, 706.78)
[M::mem_pestat] low and high boundaries for proper pairs: (1, 3882)
[M::mem_pestat] analyzing insert size distribution for orientation FR...
[M::mem_pestat] (25, 50, 75) percentile: (280, 366, 469)
[M::mem_pestat] low and high boundaries for computing mean and std.dev: (1, 847)
[M::mem_pestat] mean and std.dev: (374.71, 140.98)
[M::mem_pestat] low and high boundaries for proper pairs: (1, 1036)
[M::mem_pestat] analyzing insert size distribution for orientation RF...
[M::mem_pestat] (25, 50, 75) percentile: (423, 1967, 4037)
[M::mem_pestat] low and high boundaries for computing mean and std.dev: (1, 11265)
[M::mem_pestat] mean and std.dev: (2371.28, 2187.31)
[M::mem_pestat] low and high boundaries for proper pairs: (1, 14879)
[M::mem_pestat] analyzing insert size distribution for orientation RR...
[M::mem_pestat] (25, 50, 75) percentile: (259, 403, 2088)
[M::mem_pestat] low and high boundaries for computing mean and std.dev: (1, 5746)
[M::mem_pestat] mean and std.dev: (825.79, 835.76)
[M::mem_pestat] low and high boundaries for proper pairs: (1, 7575)
[M::mem_pestat] skip orientation FF
[M::mem_pestat] skip orientation RF
[M::mem_pestat] skip orientation RR
[M::mem_process_seqs] Processed 1066668 reads in 772.365 CPU sec, 58.008 real sec
[M::mem_pestat] # candidate unique pairs for (FF, FR, RF, RR): (47, 225301, 74, 38)
[M::mem_pestat] analyzing insert size distribution for orientation FF...
[M::mem_pestat] (25, 50, 75) percentile: (328, 947, 1967)
[M::mem_pestat] low and high boundaries for computing mean and std.dev: (1, 5245)
[M::mem_pestat] mean and std.dev: (918.05, 825.65)
[M::mem_pestat] low and high boundaries for proper pairs: (1, 6884)
[M::mem_pestat] analyzing insert size distribution for orientation FR...
[M::mem_pestat] (25, 50, 75) percentile: (276, 360, 463)
[M::mem_pestat] low and high boundaries for computing mean and std.dev: (1, 837)
[M::mem_pestat] mean and std.dev: (370.34, 140.27)
[M::mem_pestat] low and high boundaries for proper pairs: (1, 1024)
[M::mem_pestat] analyzing insert size distribution for orientation RF...
[M::mem_pestat] (25, 50, 75) percentile: (296, 1640, 3585)
[M::mem_pestat] low and high boundaries for computing mean and std.dev: (1, 10163)
[M::mem_pestat] mean and std.dev: (2662.35, 2716.12)
[M::mem_pestat] low and high boundaries for proper pairs: (1, 13527)
[M::mem_pestat] analyzing insert size distribution for orientation RR...
[M::mem_pestat] (25, 50, 75) percentile: (190, 345, 1462)
[M::mem_pestat] low and high boundaries for computing mean and std.dev: (1, 4006)
[M::mem_pestat] mean and std.dev: (553.03, 591.73)
[M::mem_pestat] low and high boundaries for proper pairs: (1, 5278)
[M::mem_pestat] skip orientation FF
[M::mem_pestat] skip orientation RF
[M::mem_pestat] skip orientation RR
[M::process] read 1066668 sequences (160000200 bp)...
[M::mem_process_seqs] Processed 1066668 reads in 792.058 CPU sec, 61.989 real sec
[M::mem_pestat] # candidate unique pairs for (FF, FR, RF, RR): (21, 225506, 76, 14)
[M::mem_pestat] analyzing insert size distribution for orientation FF...
[M::mem_pestat] (25, 50, 75) percentile: (367, 458, 862)
[M::mem_pestat] low and high boundaries for computing mean and std.dev: (1, 1852)
[M::mem_pestat] mean and std.dev: (430.00, 150.57)
[M::mem_pestat] low and high boundaries for proper pairs: (1, 2347)
[M::mem_pestat] analyzing insert size distribution for orientation FR...
[M::mem_pestat] (25, 50, 75) percentile: (275, 360, 463)
[M::mem_pestat] low and high boundaries for computing mean and std.dev: (1, 839)
[M::mem_pestat] mean and std.dev: (370.36, 140.46)
[M::mem_pestat] low and high boundaries for proper pairs: (1, 1027)
[M::mem_pestat] analyzing insert size distribution for orientation RF...
[M::mem_pestat] (25, 50, 75) percentile: (293, 1672, 3353)
[M::mem_pestat] low and high boundaries for computing mean and std.dev: (1, 9473)
[M::mem_pestat] mean and std.dev: (2069.75, 1916.16)
[M::mem_pestat] low and high boundaries for proper pairs: (1, 12533)
[M::mem_pestat] analyzing insert size distribution for orientation RR...
[M::mem_pestat] (25, 50, 75) percentile: (126, 352, 699)
[M::mem_pestat] low and high boundaries for computing mean and std.dev: (1, 1845)
[M::mem_pestat] mean and std.dev: (453.92, 464.16)
[M::mem_pestat] low and high boundaries for proper pairs: (1, 2418)
[M::mem_pestat] skip orientation FF
[M::mem_pestat] skip orientation RF
[M::mem_pestat] skip orientation RR
[M::process] read 1066668 sequences (160000200 bp)...
[M::mem_process_seqs] Processed 1066668 reads in 793.232 CPU sec, 63.347 real sec
[M::mem_pestat] # candidate unique pairs for (FF, FR, RF, RR): (38, 225695, 73, 31)
[M::mem_pestat] analyzing insert size distribution for orientation FF...
[M::mem_pestat] (25, 50, 75) percentile: (231, 429, 983)
[M::mem_pestat] low and high boundaries for computing mean and std.dev: (1, 2487)
[M::mem_pestat] mean and std.dev: (519.62, 426.62)
[M::mem_pestat] low and high boundaries for proper pairs: (1, 3239)
[M::mem_pestat] analyzing insert size distribution for orientation FR...
[M::mem_pestat] (25, 50, 75) percentile: (275, 360, 460)
[M::mem_pestat] low and high boundaries for computing mean and std.dev: (1, 830)
[M::mem_pestat] mean and std.dev: (368.63, 138.72)
[M::mem_pestat] low and high boundaries for proper pairs: (1, 1015)
[M::mem_pestat] analyzing insert size distribution for orientation RF...
[M::mem_pestat] (25, 50, 75) percentile: (342, 1362, 3815)
[M::mem_pestat] low and high boundaries for computing mean and std.dev: (1, 10761)
[M::mem_pestat] mean and std.dev: (2438.88, 2575.57)
[M::mem_pestat] low and high boundaries for proper pairs: (1, 14234)
[M::mem_pestat] analyzing insert size distribution for orientation RR...
[M::mem_pestat] (25, 50, 75) percentile: (317, 476, 1247)
[M::mem_pestat] low and high boundaries for computing mean and std.dev: (1, 3107)
[M::mem_pestat] mean and std.dev: (809.52, 757.26)
[M::mem_pestat] low and high boundaries for proper pairs: (1, 4037)
[M::mem_pestat] skip orientation FF
[M::mem_pestat] skip orientation RF
[M::mem_pestat] skip orientation RR
[M::process] read 1066668 sequences (160000200 bp)...
[M::mem_process_seqs] Processed 1066668 reads in 797.603 CPU sec, 63.065 real sec
[M::mem_pestat] # candidate unique pairs for (FF, FR, RF, RR): (35, 225525, 74, 43)
[M::mem_pestat] analyzing insert size distribution for orientation FF...
[M::mem_pestat] (25, 50, 75) percentile: (357, 422, 1523)
[M::mem_pestat] low and high boundaries for computing mean and std.dev: (1, 3855)
[M::mem_pestat] mean and std.dev: (728.90, 825.98)
[M::mem_pestat] low and high boundaries for proper pairs: (1, 5021)
[M::mem_pestat] analyzing insert size distribution for orientation FR...
[M::mem_pestat] (25, 50, 75) percentile: (274, 357, 460)
[M::mem_pestat] low and high boundaries for computing mean and std.dev: (1, 832)
[M::mem_pestat] mean and std.dev: (367.91, 139.13)
[M::mem_pestat] low and high boundaries for proper pairs: (1, 1018)
[M::mem_pestat] analyzing insert size distribution for orientation RF...
[M::mem_pestat] (25, 50, 75) percentile: (436, 1175, 4146)
[M::mem_pestat] low and high boundaries for computing mean and std.dev: (1, 11566)
[M::mem_pestat] mean and std.dev: (2542.31, 2831.00)
[M::mem_pestat] low and high boundaries for proper pairs: (1, 15276)
[M::mem_pestat] analyzing insert size distribution for orientation RR...
[M::mem_pestat] (25, 50, 75) percentile: (242, 362, 900)
[M::mem_pestat] low and high boundaries for computing mean and std.dev: (1, 2216)
[M::mem_pestat] mean and std.dev: (472.42, 374.58)
[M::mem_pestat] low and high boundaries for proper pairs: (1, 2874)
[M::mem_pestat] skip orientation FF
[M::mem_pestat] skip orientation RF
[M::mem_pestat] skip orientation RR
[M::process] read 1066668 sequences (160000200 bp)...
[M::mem_process_seqs] Processed 1066668 reads in 795.873 CPU sec, 53.788 real sec
[M::mem_pestat] # candidate unique pairs for (FF, FR, RF, RR): (41, 224421, 80, 44)
[M::mem_pestat] analyzing insert size distribution for orientation FF...
[M::mem_pestat] (25, 50, 75) percentile: (235, 363, 756)
[M::mem_pestat] low and high boundaries for computing mean and std.dev: (1, 1798)
[M::mem_pestat] mean and std.dev: (468.08, 408.81)
[M::mem_pestat] low and high boundaries for proper pairs: (1, 2319)
[M::mem_pestat] analyzing insert size distribution for orientation FR...
[M::mem_pestat] (25, 50, 75) percentile: (270, 354, 456)
[M::mem_pestat] low and high boundaries for computing mean and std.dev: (1, 828)
[M::mem_pestat] mean and std.dev: (364.43, 139.17)
[M::mem_pestat] low and high boundaries for proper pairs: (1, 1014)
[M::mem_pestat] analyzing insert size distribution for orientation RF...
[M::mem_pestat] (25, 50, 75) percentile: (241, 951, 3896)
[M::mem_pestat] low and high boundaries for computing mean and std.dev: (1, 11206)
[M::mem_pestat] mean and std.dev: (2429.45, 2803.85)
[M::mem_pestat] low and high boundaries for proper pairs: (1, 14861)
[M::mem_pestat] analyzing insert size distribution for orientation RR...
[M::mem_pestat] (25, 50, 75) percentile: (363, 489, 1686)
[M::mem_pestat] low and high boundaries for computing mean and std.dev: (1, 4332)
[M::mem_pestat] mean and std.dev: (825.55, 969.55)
[M::mem_pestat] low and high boundaries for proper pairs: (1, 5655)
[M::mem_pestat] skip orientation FF
[M::mem_pestat] skip orientation RF
[M::mem_pestat] skip orientation RR
[M::process] read 1066668 sequences (160000200 bp)...
[M::mem_process_seqs] Processed 1066668 reads in 799.259 CPU sec, 53.493 real sec
[M::mem_pestat] # candidate unique pairs for (FF, FR, RF, RR): (36, 224317, 73, 37)
[M::mem_pestat] analyzing insert size distribution for orientation FF...
[M::mem_pestat] (25, 50, 75) percentile: (243, 384, 692)
[M::mem_pestat] low and high boundaries for computing mean and std.dev: (1, 1590)
[M::mem_pestat] mean and std.dev: (343.25, 175.02)
[M::mem_pestat] low and high boundaries for proper pairs: (1, 2039)
[M::mem_pestat] analyzing insert size distribution for orientation FR...
[M::mem_pestat] (25, 50, 75) percentile: (270, 353, 454)
[M::mem_pestat] low and high boundaries for computing mean and std.dev: (1, 822)
[M::mem_pestat] mean and std.dev: (363.42, 138.16)
[M::mem_pestat] low and high boundaries for proper pairs: (1, 1006)
[M::mem_pestat] analyzing insert size distribution for orientation RF...
[M::mem_pestat] (25, 50, 75) percentile: (115, 1210, 3292)
[M::mem_pestat] low and high boundaries for computing mean and std.dev: (1, 9646)
[M::mem_pestat] mean and std.dev: (2092.93, 2621.55)
[M::mem_pestat] low and high boundaries for proper pairs: (1, 12823)
[M::mem_pestat] analyzing insert size distribution for orientation RR...
[M::mem_pestat] (25, 50, 75) percentile: (245, 439, 2467)
[M::mem_pestat] low and high boundaries for computing mean and std.dev: (1, 6911)
[M::mem_pestat] mean and std.dev: (917.56, 1313.41)
[M::mem_pestat] low and high boundaries for proper pairs: (1, 9133)
[M::mem_pestat] skip orientation FF
[M::mem_pestat] skip orientation RF
[M::mem_pestat] skip orientation RR
[M::process] read 1066668 sequences (160000200 bp)...
[M::mem_process_seqs] Processed 1066668 reads in 803.319 CPU sec, 55.826 real sec
[M::mem_pestat] # candidate unique pairs for (FF, FR, RF, RR): (38, 223940, 61, 36)
[M::mem_pestat] analyzing insert size distribution for orientation FF...
[M::mem_pestat] (25, 50, 75) percentile: (314, 578, 1663)
[M::mem_pestat] low and high boundaries for computing mean and std.dev: (1, 4361)
[M::mem_pestat] mean and std.dev: (914.20, 1015.52)
[M::mem_pestat] low and high boundaries for proper pairs: (1, 5710)
[M::mem_pestat] analyzing insert size distribution for orientation FR...
[M::mem_pestat] (25, 50, 75) percentile: (269, 353, 454)
[M::mem_pestat] low and high boundaries for computing mean and std.dev: (1, 824)
[M::mem_pestat] mean and std.dev: (362.55, 138.42)
[M::mem_pestat] low and high boundaries for proper pairs: (1, 1009)
[M::mem_pestat] analyzing insert size distribution for orientation RF...
[M::mem_pestat] (25, 50, 75) percentile: (219, 2174, 5760)
[M::mem_pestat] low and high boundaries for computing mean and std.dev: (1, 16842)
[M::mem_pestat] mean and std.dev: (3165.92, 3200.54)
[M::mem_pestat] low and high boundaries for proper pairs: (1, 22383)
[M::mem_pestat] analyzing insert size distribution for orientation RR...
[M::mem_pestat] (25, 50, 75) percentile: (362, 756, 2959)
[M::mem_pestat] low and high boundaries for computing mean and std.dev: (1, 8153)
[M::mem_pestat] mean and std.dev: (1754.36, 2115.01)
[M::mem_pestat] low and high boundaries for proper pairs: (1, 10750)
[M::mem_pestat] skip orientation FF
[M::mem_pestat] skip orientation RF
[M::mem_pestat] skip orientation RR
[M::process] read 1066668 sequences (160000200 bp)...
[M::mem_process_seqs] Processed 1066668 reads in 812.904 CPU sec, 54.967 real sec
[M::mem_pestat] # candidate unique pairs for (FF, FR, RF, RR): (39, 223541, 75, 31)
[M::mem_pestat] analyzing insert size distribution for orientation FF...
[M::mem_pestat] (25, 50, 75) percentile: (272, 525, 586)
[M::mem_pestat] low and high boundaries for computing mean and std.dev: (1, 1214)
[M::mem_pestat] mean and std.dev: (386.76, 197.97)
[M::mem_pestat] low and high boundaries for proper pairs: (1, 1528)
[M::mem_pestat] analyzing insert size distribution for orientation FR...
[M::mem_pestat] (25, 50, 75) percentile: (275, 360, 462)
[M::mem_pestat] low and high boundaries for computing mean and std.dev: (1, 836)
[M::mem_pestat] mean and std.dev: (369.46, 140.11)
[M::mem_pestat] low and high boundaries for proper pairs: (1, 1023)
[M::mem_pestat] analyzing insert size distribution for orientation RF...
[M::mem_pestat] (25, 50, 75) percentile: (574, 2357, 3974)
[M::mem_pestat] low and high boundaries for computing mean and std.dev: (1, 10774)
[M::mem_pestat] mean and std.dev: (3034.08, 2888.78)
[M::mem_pestat] low and high boundaries for proper pairs: (1, 14589)
[M::mem_pestat] analyzing insert size distribution for orientation RR...
[M::mem_pestat] (25, 50, 75) percentile: (346, 486, 1361)
[M::mem_pestat] low and high boundaries for computing mean and std.dev: (1, 3391)
[M::mem_pestat] mean and std.dev: (764.67, 895.92)
[M::mem_pestat] low and high boundaries for proper pairs: (1, 4406)
[M::mem_pestat] skip orientation FF
[M::mem_pestat] skip orientation RF
[M::mem_pestat] skip orientation RR
[M::mem_process_seqs] Processed 1066668 reads in 778.157 CPU sec, 56.995 real sec
[M::process] read 1066668 sequences (160000200 bp)...
[M::process] read 1066668 sequences (160000200 bp)...
[M::mem_pestat] # candidate unique pairs for (FF, FR, RF, RR): (40, 224277, 87, 38)
[M::mem_pestat] analyzing insert size distribution for orientation FF...
[M::mem_pestat] (25, 50, 75) percentile: (477, 850, 2303)
[M::mem_pestat] low and high boundaries for computing mean and std.dev: (1, 5955)
[M::mem_pestat] mean and std.dev: (1120.42, 971.32)
[M::mem_pestat] low and high boundaries for proper pairs: (1, 7781)
[M::mem_pestat] analyzing insert size distribution for orientation FR...
[M::mem_pestat] (25, 50, 75) percentile: (277, 361, 463)
[M::mem_pestat] low and high boundaries for computing mean and std.dev: (1, 835)
[M::mem_pestat] mean and std.dev: (370.33, 139.38)
[M::mem_pestat] low and high boundaries for proper pairs: (1, 1021)
[M::mem_pestat] analyzing insert size distribution for orientation RF...
[M::mem_pestat] (25, 50, 75) percentile: (173, 859, 3917)
[M::mem_pestat] low and high boundaries for computing mean and std.dev: (1, 11405)
[M::mem_pestat] mean and std.dev: (2326.59, 2855.65)
[M::mem_pestat] low and high boundaries for proper pairs: (1, 15149)
[M::mem_pestat] analyzing insert size distribution for orientation RR...
[M::mem_pestat] (25, 50, 75) percentile: (372, 675, 1139)
[M::mem_pestat] low and high boundaries for computing mean and std.dev: (1, 2673)
[M::mem_pestat] mean and std.dev: (620.81, 396.29)
[M::mem_pestat] low and high boundaries for proper pairs: (1, 3440)
[M::mem_pestat] skip orientation FF
[M::mem_pestat] skip orientation RF
[M::mem_pestat] skip orientation RR
[M::mem_process_seqs] Processed 1066668 reads in 777.340 CPU sec, 59.232 real sec
[M::mem_pestat] # candidate unique pairs for (FF, FR, RF, RR): (46, 225092, 79, 37)
[M::mem_pestat] analyzing insert size distribution for orientation FF...
[M::mem_pestat] (25, 50, 75) percentile: (282, 526, 1392)
[M::mem_pestat] low and high boundaries for computing mean and std.dev: (1, 3612)
[M::mem_pestat] mean and std.dev: (640.29, 787.07)
[M::mem_pestat] low and high boundaries for proper pairs: (1, 4722)
[M::mem_pestat] analyzing insert size distribution for orientation FR...
[M::mem_pestat] (25, 50, 75) percentile: (271, 353, 454)
[M::mem_pestat] low and high boundaries for computing mean and std.dev: (1, 820)
[M::mem_pestat] mean and std.dev: (362.94, 138.24)
[M::mem_pestat] low and high boundaries for proper pairs: (1, 1003)
[M::mem_pestat] analyzing insert size distribution for orientation RF...
[M::mem_pestat] (25, 50, 75) percentile: (250, 1102, 3505)
[M::mem_pestat] low and high boundaries for computing mean and std.dev: (1, 10015)
[M::mem_pestat] mean and std.dev: (2325.42, 2585.88)
[M::mem_pestat] low and high boundaries for proper pairs: (1, 13270)
[M::mem_pestat] analyzing insert size distribution for orientation RR...
[M::mem_pestat] (25, 50, 75) percentile: (219, 370, 542)
[M::mem_pestat] low and high boundaries for computing mean and std.dev: (1, 1188)
[M::mem_pestat] mean and std.dev: (372.12, 225.80)
[M::mem_pestat] low and high boundaries for proper pairs: (1, 1511)
[M::mem_pestat] skip orientation FF
[M::mem_pestat] skip orientation RF
[M::mem_pestat] skip orientation RR
[M::process] read 1066668 sequences (160000200 bp)...
[M::mem_process_seqs] Processed 1066668 reads in 790.694 CPU sec, 53.816 real sec
[M::process] read 1066668 sequences (160000200 bp)...
[M::mem_pestat] # candidate unique pairs for (FF, FR, RF, RR): (28, 225357, 68, 48)
[M::mem_pestat] analyzing insert size distribution for orientation FF...
[M::mem_pestat] (25, 50, 75) percentile: (246, 730, 1320)
[M::mem_pestat] low and high boundaries for computing mean and std.dev: (1, 3468)
[M::mem_pestat] mean and std.dev: (722.73, 564.82)
[M::mem_pestat] low and high boundaries for proper pairs: (1, 4542)
[M::mem_pestat] analyzing insert size distribution for orientation FR...
[M::mem_pestat] (25, 50, 75) percentile: (270, 354, 455)
[M::mem_pestat] low and high boundaries for computing mean and std.dev: (1, 825)
[M::mem_pestat] mean and std.dev: (363.59, 138.70)
[M::mem_pestat] low and high boundaries for proper pairs: (1, 1010)
[M::mem_pestat] analyzing insert size distribution for orientation RF...
[M::mem_pestat] (25, 50, 75) percentile: (296, 1502, 5612)
[M::mem_pestat] low and high boundaries for computing mean and std.dev: (1, 16244)
[M::mem_pestat] mean and std.dev: (2819.25, 3064.64)
[M::mem_pestat] low and high boundaries for proper pairs: (1, 21560)
[M::mem_pestat] analyzing insert size distribution for orientation RR...
[M::mem_pestat] (25, 50, 75) percentile: (242, 449, 1314)
[M::mem_pestat] low and high boundaries for computing mean and std.dev: (1, 3458)
[M::mem_pestat] mean and std.dev: (571.54, 652.26)
[M::mem_pestat] low and high boundaries for proper pairs: (1, 4530)
[M::mem_pestat] skip orientation FF
[M::mem_pestat] skip orientation RF
[M::mem_pestat] skip orientation RR
[M::mem_process_seqs] Processed 1066668 reads in 785.972 CPU sec, 53.658 real sec
[M::process] read 1066668 sequences (160000200 bp)...
[M::mem_pestat] # candidate unique pairs for (FF, FR, RF, RR): (33, 224647, 83, 37)
[M::mem_pestat] analyzing insert size distribution for orientation FF...
[M::mem_pestat] (25, 50, 75) percentile: (110, 728, 1581)
[M::mem_pestat] low and high boundaries for computing mean and std.dev: (1, 4523)
[M::mem_pestat] mean and std.dev: (698.16, 623.77)
[M::mem_pestat] low and high boundaries for proper pairs: (1, 5994)
[M::mem_pestat] analyzing insert size distribution for orientation FR...
[M::mem_pestat] (25, 50, 75) percentile: (272, 357, 460)
[M::mem_pestat] low and high boundaries for computing mean and std.dev: (1, 836)
[M::mem_pestat] mean and std.dev: (367.24, 140.34)
[M::mem_pestat] low and high boundaries for proper pairs: (1, 1024)
[M::mem_pestat] analyzing insert size distribution for orientation RF...
[M::mem_pestat] (25, 50, 75) percentile: (544, 1322, 4209)
[M::mem_pestat] low and high boundaries for computing mean and std.dev: (1, 11539)
[M::mem_pestat] mean and std.dev: (2916.12, 3203.95)
[M::mem_pestat] low and high boundaries for proper pairs: (1, 15732)
[M::mem_pestat] analyzing insert size distribution for orientation RR...
[M::mem_pestat] (25, 50, 75) percentile: (354, 586, 1405)
[M::mem_pestat] low and high boundaries for computing mean and std.dev: (1, 3507)
[M::mem_pestat] mean and std.dev: (910.58, 792.51)
[M::mem_pestat] low and high boundaries for proper pairs: (1, 4558)
[M::mem_pestat] skip orientation FF
[M::mem_pestat] skip orientation RF
[M::mem_pestat] skip orientation RR
[M::mem_process_seqs] Processed 1066668 reads in 791.347 CPU sec, 54.857 real sec
[M::process] read 1066668 sequences (160000200 bp)...
[M::mem_pestat] # candidate unique pairs for (FF, FR, RF, RR): (30, 225127, 77, 44)
[M::mem_pestat] analyzing insert size distribution for orientation FF...
[M::mem_pestat] (25, 50, 75) percentile: (234, 806, 2900)
[M::mem_pestat] low and high boundaries for computing mean and std.dev: (1, 8232)
[M::mem_pestat] mean and std.dev: (1745.71, 2152.68)
[M::mem_pestat] low and high boundaries for proper pairs: (1, 10898)
[M::mem_pestat] analyzing insert size distribution for orientation FR...
[M::mem_pestat] (25, 50, 75) percentile: (272, 355, 459)
[M::mem_pestat] low and high boundaries for computing mean and std.dev: (1, 833)
[M::mem_pestat] mean and std.dev: (366.43, 139.53)
[M::mem_pestat] low and high boundaries for proper pairs: (1, 1020)
[M::mem_pestat] analyzing insert size distribution for orientation RF...
[M::mem_pestat] (25, 50, 75) percentile: (265, 1523, 4172)
[M::mem_pestat] low and high boundaries for computing mean and std.dev: (1, 11986)
[M::mem_pestat] mean and std.dev: (2588.19, 2803.50)
[M::mem_pestat] low and high boundaries for proper pairs: (1, 15893)
[M::mem_pestat] analyzing insert size distribution for orientation RR...
[M::mem_pestat] (25, 50, 75) percentile: (303, 603, 1004)
[M::mem_pestat] low and high boundaries for computing mean and std.dev: (1, 2406)
[M::mem_pestat] mean and std.dev: (670.88, 459.12)
[M::mem_pestat] low and high boundaries for proper pairs: (1, 3107)
[M::mem_pestat] skip orientation FF
[M::mem_pestat] skip orientation RF
[M::mem_pestat] skip orientation RR
[M::mem_process_seqs] Processed 1066668 reads in 799.160 CPU sec, 55.671 real sec
[M::process] read 1066668 sequences (160000200 bp)...
[M::mem_pestat] # candidate unique pairs for (FF, FR, RF, RR): (42, 225251, 70, 56)
[M::mem_pestat] analyzing insert size distribution for orientation FF...
[M::mem_pestat] (25, 50, 75) percentile: (276, 441, 1317)
[M::mem_pestat] low and high boundaries for computing mean and std.dev: (1, 3399)
[M::mem_pestat] mean and std.dev: (684.54, 564.88)
[M::mem_pestat] low and high boundaries for proper pairs: (1, 4440)
[M::mem_pestat] analyzing insert size distribution for orientation FR...
[M::mem_pestat] (25, 50, 75) percentile: (271, 355, 458)
[M::mem_pestat] low and high boundaries for computing mean and std.dev: (1, 832)
[M::mem_pestat] mean and std.dev: (365.92, 139.73)
[M::mem_pestat] low and high boundaries for proper pairs: (1, 1019)
[M::mem_pestat] analyzing insert size distribution for orientation RF...
[M::mem_pestat] (25, 50, 75) percentile: (398, 2071, 5305)
[M::mem_pestat] low and high boundaries for computing mean and std.dev: (1, 15119)
[M::mem_pestat] mean and std.dev: (3010.24, 3026.19)
[M::mem_pestat] low and high boundaries for proper pairs: (1, 20026)
[M::mem_pestat] analyzing insert size distribution for orientation RR...
[M::mem_pestat] (25, 50, 75) percentile: (439, 882, 3787)
[M::mem_pestat] low and high boundaries for computing mean and std.dev: (1, 10483)
[M::mem_pestat] mean and std.dev: (2495.57, 2840.21)
[M::mem_pestat] low and high boundaries for proper pairs: (1, 13856)
[M::mem_pestat] skip orientation FF
[M::mem_pestat] skip orientation RF
[M::mem_pestat] skip orientation RR
[M::mem_process_seqs] Processed 1066668 reads in 779.168 CPU sec, 54.330 real sec
[M::process] read 1066668 sequences (160000200 bp)...
[M::mem_pestat] # candidate unique pairs for (FF, FR, RF, RR): (37, 224080, 56, 41)
[M::mem_pestat] analyzing insert size distribution for orientation FF...
[M::mem_pestat] (25, 50, 75) percentile: (264, 505, 738)
[M::mem_pestat] low and high boundaries for computing mean and std.dev: (1, 1686)
[M::mem_pestat] mean and std.dev: (463.94, 329.29)
[M::mem_pestat] low and high boundaries for proper pairs: (1, 2160)
[M::mem_pestat] analyzing insert size distribution for orientation FR...
[M::mem_pestat] (25, 50, 75) percentile: (271, 353, 455)
[M::mem_pestat] low and high boundaries for computing mean and std.dev: (1, 823)
[M::mem_pestat] mean and std.dev: (364.21, 138.58)
[M::mem_pestat] low and high boundaries for proper pairs: (1, 1007)
[M::mem_pestat] analyzing insert size distribution for orientation RF...
[M::mem_pestat] (25, 50, 75) percentile: (330, 967, 5064)
[M::mem_pestat] low and high boundaries for computing mean and std.dev: (1, 14532)
[M::mem_pestat] mean and std.dev: (2498.16, 2811.69)
[M::mem_pestat] low and high boundaries for proper pairs: (1, 19266)
[M::mem_pestat] analyzing insert size distribution for orientation RR...
[M::mem_pestat] (25, 50, 75) percentile: (293, 550, 1487)
[M::mem_pestat] low and high boundaries for computing mean and std.dev: (1, 3875)
[M::mem_pestat] mean and std.dev: (843.42, 874.55)
[M::mem_pestat] low and high boundaries for proper pairs: (1, 5069)
[M::mem_pestat] skip orientation FF
[M::mem_pestat] skip orientation RF
[M::mem_pestat] skip orientation RR
[M::mem_process_seqs] Processed 1066668 reads in 780.972 CPU sec, 54.898 real sec
[M::mem_pestat] # candidate unique pairs for (FF, FR, RF, RR): (44, 223895, 74, 29)
[M::mem_pestat] analyzing insert size distribution for orientation FF...
[M::mem_pestat] (25, 50, 75) percentile: (230, 461, 862)
[M::mem_pestat] low and high boundaries for computing mean and std.dev: (1, 2126)
[M::mem_pestat] mean and std.dev: (449.21, 358.18)
[M::mem_pestat] low and high boundaries for proper pairs: (1, 2758)
[M::mem_pestat] analyzing insert size distribution for orientation FR...
[M::mem_pestat] (25, 50, 75) percentile: (272, 355, 456)
[M::mem_pestat] low and high boundaries for computing mean and std.dev: (1, 824)
[M::mem_pestat] mean and std.dev: (364.51, 138.42)
[M::mem_pestat] low and high boundaries for proper pairs: (1, 1008)
[M::mem_pestat] analyzing insert size distribution for orientation RF...
[M::mem_pestat] (25, 50, 75) percentile: (258, 1725, 6415)
[M::mem_pestat] low and high boundaries for computing mean and std.dev: (1, 18729)
[M::mem_pestat] mean and std.dev: (3293.74, 3501.92)
[M::mem_pestat] low and high boundaries for proper pairs: (1, 24886)
[M::mem_pestat] analyzing insert size distribution for orientation RR...
[M::mem_pestat] (25, 50, 75) percentile: (473, 1063, 2156)
[M::mem_pestat] low and high boundaries for computing mean and std.dev: (1, 5522)
[M::mem_pestat] mean and std.dev: (1232.52, 1035.74)
[M::mem_pestat] low and high boundaries for proper pairs: (1, 7205)
[M::mem_pestat] skip orientation FF
[M::mem_pestat] skip orientation RF
[M::mem_pestat] skip orientation RR
[M::process] read 1066668 sequences (160000200 bp)...
[M::mem_process_seqs] Processed 1066668 reads in 780.052 CPU sec, 52.945 real sec
[M::mem_pestat] # candidate unique pairs for (FF, FR, RF, RR): (34, 224663, 90, 35)
[M::mem_pestat] analyzing insert size distribution for orientation FF...
[M::mem_pestat] (25, 50, 75) percentile: (349, 554, 883)
[M::mem_pestat] low and high boundaries for computing mean and std.dev: (1, 1951)
[M::mem_pestat] mean and std.dev: (591.10, 455.27)
[M::mem_pestat] low and high boundaries for proper pairs: (1, 2485)
[M::mem_pestat] analyzing insert size distribution for orientation FR...
[M::mem_pestat] (25, 50, 75) percentile: (276, 360, 460)
[M::mem_pestat] low and high boundaries for computing mean and std.dev: (1, 828)
[M::mem_pestat] mean and std.dev: (368.48, 138.44)
[M::mem_pestat] low and high boundaries for proper pairs: (1, 1012)
[M::mem_pestat] analyzing insert size distribution for orientation RF...
[M::mem_pestat] (25, 50, 75) percentile: (243, 1201, 5035)
[M::mem_pestat] low and high boundaries for computing mean and std.dev: (1, 14619)
[M::mem_pestat] mean and std.dev: (2944.08, 3402.84)
[M::mem_pestat] low and high boundaries for proper pairs: (1, 19411)
[M::mem_pestat] analyzing insert size distribution for orientation RR...
[M::mem_pestat] (25, 50, 75) percentile: (251, 685, 1593)
[M::mem_pestat] low and high boundaries for computing mean and std.dev: (1, 4277)
[M::mem_pestat] mean and std.dev: (687.61, 614.74)
[M::mem_pestat] low and high boundaries for proper pairs: (1, 5619)
[M::mem_pestat] skip orientation FF
[M::mem_pestat] skip orientation RF
[M::mem_pestat] skip orientation RR
[M::process] read 1066668 sequences (160000200 bp)...
[M::mem_process_seqs] Processed 1066668 reads in 797.868 CPU sec, 54.906 real sec
[M::mem_pestat] # candidate unique pairs for (FF, FR, RF, RR): (36, 225095, 76, 50)
[M::mem_pestat] analyzing insert size distribution for orientation FF...
[M::mem_pestat] (25, 50, 75) percentile: (215, 342, 798)
[M::mem_pestat] low and high boundaries for computing mean and std.dev: (1, 1964)
[M::mem_pestat] mean and std.dev: (417.39, 289.27)
[M::mem_pestat] low and high boundaries for proper pairs: (1, 2547)
[M::mem_pestat] analyzing insert size distribution for orientation FR...
[M::mem_pestat] (25, 50, 75) percentile: (271, 353, 451)
[M::mem_pestat] low and high boundaries for computing mean and std.dev: (1, 811)
[M::mem_pestat] mean and std.dev: (361.43, 135.66)
[M::mem_pestat] low and high boundaries for proper pairs: (1, 991)
[M::mem_pestat] analyzing insert size distribution for orientation RF...
[M::mem_pestat] (25, 50, 75) percentile: (212, 2847, 5731)
[M::mem_pestat] low and high boundaries for computing mean and std.dev: (1, 16769)
[M::mem_pestat] mean and std.dev: (3217.45, 2967.85)
[M::mem_pestat] low and high boundaries for proper pairs: (1, 22288)
[M::mem_pestat] analyzing insert size distribution for orientation RR...
[M::mem_pestat] (25, 50, 75) percentile: (248, 581, 2553)
[M::mem_pestat] low and high boundaries for computing mean and std.dev: (1, 7163)
[M::mem_pestat] mean and std.dev: (1244.13, 1312.92)
[M::mem_pestat] low and high boundaries for proper pairs: (1, 9468)
[M::mem_pestat] skip orientation FF
[M::mem_pestat] skip orientation RF
[M::mem_pestat] skip orientation RR
[M::process] read 1066668 sequences (160000200 bp)...
[M::mem_process_seqs] Processed 1066668 reads in 812.186 CPU sec, 56.356 real sec
[M::process] read 1066668 sequences (160000200 bp)...
[M::mem_pestat] # candidate unique pairs for (FF, FR, RF, RR): (35, 224672, 73, 31)
[M::mem_pestat] analyzing insert size distribution for orientation FF...
[M::mem_pestat] (25, 50, 75) percentile: (315, 577, 854)
[M::mem_pestat] low and high boundaries for computing mean and std.dev: (1, 1932)
[M::mem_pestat] mean and std.dev: (541.80, 318.72)
[M::mem_pestat] low and high boundaries for proper pairs: (1, 2471)
[M::mem_pestat] analyzing insert size distribution for orientation FR...
[M::mem_pestat] (25, 50, 75) percentile: (278, 363, 467)
[M::mem_pestat] low and high boundaries for computing mean and std.dev: (1, 845)
[M::mem_pestat] mean and std.dev: (372.90, 141.38)
[M::mem_pestat] low and high boundaries for proper pairs: (1, 1034)
[M::mem_pestat] analyzing insert size distribution for orientation RF...
[M::mem_pestat] (25, 50, 75) percentile: (153, 1830, 6515)
[M::mem_pestat] low and high boundaries for computing mean and std.dev: (1, 19239)
[M::mem_pestat] mean and std.dev: (3228.23, 3618.24)
[M::mem_pestat] low and high boundaries for proper pairs: (1, 25601)
[M::mem_pestat] analyzing insert size distribution for orientation RR...
[M::mem_pestat] (25, 50, 75) percentile: (323, 647, 1559)
[M::mem_pestat] low and high boundaries for computing mean and std.dev: (1, 4031)
[M::mem_pestat] mean and std.dev: (895.28, 764.53)
[M::mem_pestat] low and high boundaries for proper pairs: (1, 5267)
[M::mem_pestat] skip orientation FF
[M::mem_pestat] skip orientation RF
[M::mem_pestat] skip orientation RR
[M::mem_process_seqs] Processed 1066668 reads in 836.925 CPU sec, 60.249 real sec
[M::mem_pestat] # candidate unique pairs for (FF, FR, RF, RR): (30, 224996, 75, 41)
[M::mem_pestat] analyzing insert size distribution for orientation FF...
[M::mem_pestat] (25, 50, 75) percentile: (314, 651, 1620)
[M::mem_pestat] low and high boundaries for computing mean and std.dev: (1, 4232)
[M::mem_pestat] mean and std.dev: (885.90, 688.83)
[M::mem_pestat] low and high boundaries for proper pairs: (1, 5538)
[M::mem_pestat] analyzing insert size distribution for orientation FR...
[M::mem_pestat] (25, 50, 75) percentile: (273, 356, 458)
[M::mem_pestat] low and high boundaries for computing mean and std.dev: (1, 828)
[M::mem_pestat] mean and std.dev: (366.23, 138.94)
[M::mem_pestat] low and high boundaries for proper pairs: (1, 1013)
[M::mem_pestat] analyzing insert size distribution for orientation RF...
[M::mem_pestat] (25, 50, 75) percentile: (313, 1140, 3699)
[M::mem_pestat] low and high boundaries for computing mean and std.dev: (1, 10471)
[M::mem_pestat] mean and std.dev: (2508.63, 2773.73)
[M::mem_pestat] low and high boundaries for proper pairs: (1, 13857)
[M::mem_pestat] analyzing insert size distribution for orientation RR...
[M::mem_pestat] (25, 50, 75) percentile: (226, 577, 1720)
[M::mem_pestat] low and high boundaries for computing mean and std.dev: (1, 4708)
[M::mem_pestat] mean and std.dev: (833.08, 946.15)
[M::mem_pestat] low and high boundaries for proper pairs: (1, 6202)
[M::mem_pestat] skip orientation FF
[M::mem_pestat] skip orientation RF
[M::mem_pestat] skip orientation RR
[M::process] read 1066668 sequences (160000200 bp)...
[M::mem_process_seqs] Processed 1066668 reads in 853.628 CPU sec, 60.976 real sec
[M::mem_pestat] # candidate unique pairs for (FF, FR, RF, RR): (26, 224837, 57, 30)
[M::mem_pestat] analyzing insert size distribution for orientation FF...
[M::mem_pestat] (25, 50, 75) percentile: (404, 596, 1157)
[M::mem_pestat] low and high boundaries for computing mean and std.dev: (1, 2663)
[M::mem_pestat] mean and std.dev: (596.86, 485.67)
[M::mem_pestat] low and high boundaries for proper pairs: (1, 3416)
[M::mem_pestat] analyzing insert size distribution for orientation FR...
[M::mem_pestat] (25, 50, 75) percentile: (272, 355, 455)
[M::mem_pestat] low and high boundaries for computing mean and std.dev: (1, 821)
[M::mem_pestat] mean and std.dev: (364.84, 137.68)
[M::mem_pestat] low and high boundaries for proper pairs: (1, 1004)
[M::mem_pestat] analyzing insert size distribution for orientation RF...
[M::mem_pestat] (25, 50, 75) percentile: (443, 2147, 5673)
[M::mem_pestat] low and high boundaries for computing mean and std.dev: (1, 16133)
[M::mem_pestat] mean and std.dev: (3095.61, 3056.61)
[M::mem_pestat] low and high boundaries for proper pairs: (1, 21363)
[M::mem_pestat] analyzing insert size distribution for orientation RR...
[M::mem_pestat] (25, 50, 75) percentile: (226, 520, 789)
[M::mem_pestat] low and high boundaries for computing mean and std.dev: (1, 1915)
[M::mem_pestat] mean and std.dev: (523.59, 416.36)
[M::mem_pestat] low and high boundaries for proper pairs: (1, 2478)
[M::mem_pestat] skip orientation FF
[M::mem_pestat] skip orientation RF
[M::mem_pestat] skip orientation RR
[M::process] read 1066668 sequences (160000200 bp)...
[M::mem_process_seqs] Processed 1066668 reads in 785.075 CPU sec, 54.419 real sec
[M::mem_pestat] # candidate unique pairs for (FF, FR, RF, RR): (43, 224162, 72, 45)
[M::mem_pestat] analyzing insert size distribution for orientation FF...
[M::mem_pestat] (25, 50, 75) percentile: (291, 526, 2024)
[M::mem_pestat] low and high boundaries for computing mean and std.dev: (1, 5490)
[M::mem_pestat] mean and std.dev: (1068.12, 1282.24)
[M::mem_pestat] low and high boundaries for proper pairs: (1, 7223)
[M::mem_pestat] analyzing insert size distribution for orientation FR...
[M::mem_pestat] (25, 50, 75) percentile: (271, 354, 457)
[M::mem_pestat] low and high boundaries for computing mean and std.dev: (1, 829)
[M::mem_pestat] mean and std.dev: (365.17, 139.56)
[M::mem_pestat] low and high boundaries for proper pairs: (1, 1015)
[M::mem_pestat] analyzing insert size distribution for orientation RF...
[M::mem_pestat] (25, 50, 75) percentile: (420, 2250, 6180)
[M::mem_pestat] low and high boundaries for computing mean and std.dev: (1, 17700)
[M::mem_pestat] mean and std.dev: (3127.17, 3055.68)
[M::mem_pestat] low and high boundaries for proper pairs: (1, 23460)
[M::mem_pestat] analyzing insert size distribution for orientation RR...
[M::mem_pestat] (25, 50, 75) percentile: (292, 557, 2189)
[M::mem_pestat] low and high boundaries for computing mean and std.dev: (1, 5983)
[M::mem_pestat] mean and std.dev: (1090.55, 1152.59)
[M::mem_pestat] low and high boundaries for proper pairs: (1, 7880)
[M::mem_pestat] skip orientation FF
[M::mem_pestat] skip orientation RF
[M::mem_pestat] skip orientation RR
[M::process] read 1066668 sequences (160000200 bp)...
[M::mem_process_seqs] Processed 1066668 reads in 781.762 CPU sec, 53.890 real sec
[M::mem_pestat] # candidate unique pairs for (FF, FR, RF, RR): (39, 223377, 76, 31)
[M::mem_pestat] analyzing insert size distribution for orientation FF...
[M::mem_pestat] (25, 50, 75) percentile: (225, 380, 549)
[M::mem_pestat] low and high boundaries for computing mean and std.dev: (1, 1197)
[M::mem_pestat] mean and std.dev: (344.26, 173.95)
[M::mem_pestat] low and high boundaries for proper pairs: (1, 1521)
[M::mem_pestat] analyzing insert size distribution for orientation FR...
[M::mem_pestat] (25, 50, 75) percentile: (267, 351, 452)
[M::mem_pestat] low and high boundaries for computing mean and std.dev: (1, 822)
[M::mem_pestat] mean and std.dev: (361.42, 138.64)
[M::mem_pestat] low and high boundaries for proper pairs: (1, 1007)
[M::mem_pestat] analyzing insert size distribution for orientation RF...
[M::mem_pestat] (25, 50, 75) percentile: (306, 1978, 4281)
[M::mem_pestat] low and high boundaries for computing mean and std.dev: (1, 12231)
[M::mem_pestat] mean and std.dev: (2817.50, 2875.83)
[M::mem_pestat] low and high boundaries for proper pairs: (1, 16206)
[M::mem_pestat] analyzing insert size distribution for orientation RR...
[M::mem_pestat] (25, 50, 75) percentile: (307, 519, 1322)
[M::mem_pestat] low and high boundaries for computing mean and std.dev: (1, 3352)
[M::mem_pestat] mean and std.dev: (820.68, 723.10)
[M::mem_pestat] low and high boundaries for proper pairs: (1, 4367)
[M::mem_pestat] skip orientation FF
[M::mem_pestat] skip orientation RF
[M::mem_pestat] skip orientation RR
[M::process] read 1066668 sequences (160000200 bp)...
[M::mem_process_seqs] Processed 1066668 reads in 833.107 CPU sec, 58.857 real sec
[M::mem_pestat] # candidate unique pairs for (FF, FR, RF, RR): (37, 222575, 73, 34)
[M::mem_pestat] analyzing insert size distribution for orientation FF...
[M::mem_pestat] (25, 50, 75) percentile: (236, 747, 1904)
[M::mem_pestat] low and high boundaries for computing mean and std.dev: (1, 5240)
[M::mem_pestat] mean and std.dev: (1022.32, 1168.87)
[M::mem_pestat] low and high boundaries for proper pairs: (1, 6908)
[M::mem_pestat] analyzing insert size distribution for orientation FR...
[M::mem_pestat] (25, 50, 75) percentile: (271, 355, 458)
[M::mem_pestat] low and high boundaries for computing mean and std.dev: (1, 832)
[M::mem_pestat] mean and std.dev: (365.37, 139.72)
[M::mem_pestat] low and high boundaries for proper pairs: (1, 1019)
[M::mem_pestat] analyzing insert size distribution for orientation RF...
[M::mem_pestat] (25, 50, 75) percentile: (357, 1279, 5374)
[M::mem_pestat] low and high boundaries for computing mean and std.dev: (1, 15408)
[M::mem_pestat] mean and std.dev: (2647.01, 2846.76)
[M::mem_pestat] low and high boundaries for proper pairs: (1, 20425)
[M::mem_pestat] analyzing insert size distribution for orientation RR...
[M::mem_pestat] (25, 50, 75) percentile: (328, 1104, 3764)
[M::mem_pestat] low and high boundaries for computing mean and std.dev: (1, 10636)
[M::mem_pestat] mean and std.dev: (2003.29, 2235.03)
[M::mem_pestat] low and high boundaries for proper pairs: (1, 14072)
[M::mem_pestat] skip orientation FF
[M::mem_pestat] skip orientation RF
[M::mem_pestat] skip orientation RR
[M::process] read 1066668 sequences (160000200 bp)...
[M::mem_process_seqs] Processed 1066668 reads in 875.260 CPU sec, 60.453 real sec
[M::mem_pestat] # candidate unique pairs for (FF, FR, RF, RR): (28, 221808, 73, 23)
[M::mem_pestat] analyzing insert size distribution for orientation FF...
[M::mem_pestat] (25, 50, 75) percentile: (334, 548, 1393)
[M::mem_pestat] low and high boundaries for computing mean and std.dev: (1, 3511)
[M::mem_pestat] mean and std.dev: (781.38, 663.83)
[M::mem_pestat] low and high boundaries for proper pairs: (1, 4570)
[M::mem_pestat] analyzing insert size distribution for orientation FR...
[M::mem_pestat] (25, 50, 75) percentile: (281, 376, 490)
[M::mem_pestat] low and high boundaries for computing mean and std.dev: (1, 908)
[M::mem_pestat] mean and std.dev: (386.20, 150.65)
[M::mem_pestat] low and high boundaries for proper pairs: (1, 1117)
[M::mem_pestat] analyzing insert size distribution for orientation RF...
[M::mem_pestat] (25, 50, 75) percentile: (175, 952, 5032)
[M::mem_pestat] low and high boundaries for computing mean and std.dev: (1, 14746)
[M::mem_pestat] mean and std.dev: (2993.67, 3470.53)
[M::mem_pestat] low and high boundaries for proper pairs: (1, 19603)
[M::mem_pestat] analyzing insert size distribution for orientation RR...
[M::mem_pestat] (25, 50, 75) percentile: (529, 529, 1661)
[M::mem_pestat] low and high boundaries for computing mean and std.dev: (1, 3925)
[M::mem_pestat] mean and std.dev: (936.86, 914.27)
[M::mem_pestat] low and high boundaries for proper pairs: (1, 5057)
[M::mem_pestat] skip orientation FF
[M::mem_pestat] skip orientation RF
[M::mem_pestat] skip orientation RR
[M::process] read 1066668 sequences (160000200 bp)...
[M::mem_process_seqs] Processed 1066668 reads in 878.885 CPU sec, 58.841 real sec
[M::mem_pestat] # candidate unique pairs for (FF, FR, RF, RR): (38, 221742, 82, 48)
[M::mem_pestat] analyzing insert size distribution for orientation FF...
[M::mem_pestat] (25, 50, 75) percentile: (198, 564, 1451)
[M::mem_pestat] low and high boundaries for computing mean and std.dev: (1, 3957)
[M::mem_pestat] mean and std.dev: (666.69, 691.40)
[M::mem_pestat] low and high boundaries for proper pairs: (1, 5210)
[M::mem_pestat] analyzing insert size distribution for orientation FR...
[M::mem_pestat] (25, 50, 75) percentile: (281, 375, 486)
[M::mem_pestat] low and high boundaries for computing mean and std.dev: (1, 896)
[M::mem_pestat] mean and std.dev: (384.57, 149.05)
[M::mem_pestat] low and high boundaries for proper pairs: (1, 1101)
[M::mem_pestat] analyzing insert size distribution for orientation RF...
[M::mem_pestat] (25, 50, 75) percentile: (209, 742, 3159)
[M::mem_pestat] low and high boundaries for computing mean and std.dev: (1, 9059)
[M::mem_pestat] mean and std.dev: (1142.82, 1501.01)
[M::mem_pestat] low and high boundaries for proper pairs: (1, 12009)
[M::mem_pestat] analyzing insert size distribution for orientation RR...
[M::mem_pestat] (25, 50, 75) percentile: (301, 511, 2366)
[M::mem_pestat] low and high boundaries for computing mean and std.dev: (1, 6496)
[M::mem_pestat] mean and std.dev: (871.90, 1047.43)
[M::mem_pestat] low and high boundaries for proper pairs: (1, 8561)
[M::mem_pestat] skip orientation FF
[M::mem_pestat] skip orientation RF
[M::mem_pestat] skip orientation RR
[M::mem_process_seqs] Processed 1066668 reads in 861.425 CPU sec, 59.223 real sec
[M::process] read 1066668 sequences (160000200 bp)...
[M::process] read 1066668 sequences (160000200 bp)...
[M::mem_pestat] # candidate unique pairs for (FF, FR, RF, RR): (45, 221694, 72, 36)
[M::mem_pestat] analyzing insert size distribution for orientation FF...
[M::mem_pestat] (25, 50, 75) percentile: (281, 492, 2045)
[M::mem_pestat] low and high boundaries for computing mean and std.dev: (1, 5573)
[M::mem_pestat] mean and std.dev: (952.31, 1055.89)
[M::mem_pestat] low and high boundaries for proper pairs: (1, 7337)
[M::mem_pestat] analyzing insert size distribution for orientation FR...
[M::mem_pestat] (25, 50, 75) percentile: (276, 367, 478)
[M::mem_pestat] low and high boundaries for computing mean and std.dev: (1, 882)
[M::mem_pestat] mean and std.dev: (377.75, 147.60)
[M::mem_pestat] low and high boundaries for proper pairs: (1, 1084)
[M::mem_pestat] analyzing insert size distribution for orientation RF...
[M::mem_pestat] (25, 50, 75) percentile: (303, 1043, 5088)
[M::mem_pestat] low and high boundaries for computing mean and std.dev: (1, 14658)
[M::mem_pestat] mean and std.dev: (2732.46, 3106.62)
[M::mem_pestat] low and high boundaries for proper pairs: (1, 19443)
[M::mem_pestat] analyzing insert size distribution for orientation RR...
[M::mem_pestat] (25, 50, 75) percentile: (325, 389, 671)
[M::mem_pestat] low and high boundaries for computing mean and std.dev: (1, 1363)
[M::mem_pestat] mean and std.dev: (426.22, 236.59)
[M::mem_pestat] low and high boundaries for proper pairs: (1, 1709)
[M::mem_pestat] skip orientation FF
[M::mem_pestat] skip orientation RF
[M::mem_pestat] skip orientation RR
[M::mem_process_seqs] Processed 1066668 reads in 840.397 CPU sec, 56.176 real sec
[M::mem_pestat] # candidate unique pairs for (FF, FR, RF, RR): (38, 222883, 64, 21)
[M::mem_pestat] analyzing insert size distribution for orientation FF...
[M::mem_pestat] (25, 50, 75) percentile: (210, 457, 698)
[M::mem_pestat] low and high boundaries for computing mean and std.dev: (1, 1674)
[M::mem_pestat] mean and std.dev: (433.09, 273.38)
[M::mem_pestat] low and high boundaries for proper pairs: (1, 2162)
[M::mem_pestat] analyzing insert size distribution for orientation FR...
[M::mem_pestat] (25, 50, 75) percentile: (275, 364, 472)
[M::mem_pestat] low and high boundaries for computing mean and std.dev: (1, 866)
[M::mem_pestat] mean and std.dev: (374.71, 145.21)
[M::mem_pestat] low and high boundaries for proper pairs: (1, 1063)
[M::mem_pestat] analyzing insert size distribution for orientation RF...
[M::mem_pestat] (25, 50, 75) percentile: (279, 1328, 5721)
[M::mem_pestat] low and high boundaries for computing mean and std.dev: (1, 16605)
[M::mem_pestat] mean and std.dev: (3134.61, 3343.24)
[M::mem_pestat] low and high boundaries for proper pairs: (1, 22047)
[M::mem_pestat] analyzing insert size distribution for orientation RR...
[M::mem_pestat] (25, 50, 75) percentile: (227, 340, 1923)
[M::mem_pestat] low and high boundaries for computing mean and std.dev: (1, 5315)
[M::mem_pestat] mean and std.dev: (754.58, 847.79)
[M::mem_pestat] low and high boundaries for proper pairs: (1, 7011)
[M::mem_pestat] skip orientation FF
[M::mem_pestat] skip orientation RF
[M::mem_pestat] skip orientation RR
[M::process] read 1066668 sequences (160000200 bp)...
[M::mem_process_seqs] Processed 1066668 reads in 842.756 CPU sec, 56.417 real sec
[M::process] read 1066668 sequences (160000200 bp)...
[M::mem_pestat] # candidate unique pairs for (FF, FR, RF, RR): (35, 223589, 78, 43)
[M::mem_pestat] analyzing insert size distribution for orientation FF...
[M::mem_pestat] (25, 50, 75) percentile: (231, 411, 2812)
[M::mem_pestat] low and high boundaries for computing mean and std.dev: (1, 7974)
[M::mem_pestat] mean and std.dev: (1191.09, 1342.54)
[M::mem_pestat] low and high boundaries for proper pairs: (1, 10555)
[M::mem_pestat] analyzing insert size distribution for orientation FR...
[M::mem_pestat] (25, 50, 75) percentile: (276, 364, 474)
[M::mem_pestat] low and high boundaries for computing mean and std.dev: (1, 870)
[M::mem_pestat] mean and std.dev: (376.07, 146.07)
[M::mem_pestat] low and high boundaries for proper pairs: (1, 1068)
[M::mem_pestat] analyzing insert size distribution for orientation RF...
[M::mem_pestat] (25, 50, 75) percentile: (150, 584, 2620)
[M::mem_pestat] low and high boundaries for computing mean and std.dev: (1, 7560)
[M::mem_pestat] mean and std.dev: (1426.90, 1881.89)
[M::mem_pestat] low and high boundaries for proper pairs: (1, 10030)
[M::mem_pestat] analyzing insert size distribution for orientation RR...
[M::mem_pestat] (25, 50, 75) percentile: (287, 418, 1549)
[M::mem_pestat] low and high boundaries for computing mean and std.dev: (1, 4073)
[M::mem_pestat] mean and std.dev: (926.33, 1030.76)
[M::mem_pestat] low and high boundaries for proper pairs: (1, 5335)
[M::mem_pestat] skip orientation FF
[M::mem_pestat] skip orientation RF
[M::mem_pestat] skip orientation RR
[M::mem_process_seqs] Processed 1066668 reads in 858.787 CPU sec, 59.744 real sec
[M::mem_pestat] # candidate unique pairs for (FF, FR, RF, RR): (41, 223025, 84, 32)
[M::mem_pestat] analyzing insert size distribution for orientation FF...
[M::mem_pestat] (25, 50, 75) percentile: (224, 326, 750)
[M::mem_pestat] low and high boundaries for computing mean and std.dev: (1, 1802)
[M::mem_pestat] mean and std.dev: (446.83, 369.27)
[M::mem_pestat] low and high boundaries for proper pairs: (1, 2328)
[M::mem_pestat] analyzing insert size distribution for orientation FR...
[M::mem_pestat] (25, 50, 75) percentile: (276, 363, 472)
[M::mem_pestat] low and high boundaries for computing mean and std.dev: (1, 864)
[M::mem_pestat] mean and std.dev: (374.70, 144.19)
[M::mem_pestat] low and high boundaries for proper pairs: (1, 1060)
[M::mem_pestat] analyzing insert size distribution for orientation RF...
[M::mem_pestat] (25, 50, 75) percentile: (471, 1452, 4438)
[M::mem_pestat] low and high boundaries for computing mean and std.dev: (1, 12372)
[M::mem_pestat] mean and std.dev: (2575.90, 2714.07)
[M::mem_pestat] low and high boundaries for proper pairs: (1, 16339)
[M::mem_pestat] analyzing insert size distribution for orientation RR...
[M::mem_pestat] (25, 50, 75) percentile: (427, 548, 704)
[M::mem_pestat] low and high boundaries for computing mean and std.dev: (1, 1258)
[M::mem_pestat] mean and std.dev: (511.89, 204.92)
[M::mem_pestat] low and high boundaries for proper pairs: (1, 1535)
[M::mem_pestat] skip orientation FF
[M::mem_pestat] skip orientation RF
[M::mem_pestat] skip orientation RR
[M::process] read 1066668 sequences (160000200 bp)...
[M::mem_process_seqs] Processed 1066668 reads in 864.488 CPU sec, 60.308 real sec
[M::mem_pestat] # candidate unique pairs for (FF, FR, RF, RR): (50, 222927, 60, 34)
[M::mem_pestat] analyzing insert size distribution for orientation FF...
[M::mem_pestat] (25, 50, 75) percentile: (212, 431, 1054)
[M::mem_pestat] low and high boundaries for computing mean and std.dev: (1, 2738)
[M::mem_pestat] mean and std.dev: (534.00, 461.60)
[M::mem_pestat] low and high boundaries for proper pairs: (1, 3580)
[M::mem_pestat] analyzing insert size distribution for orientation FR...
[M::mem_pestat] (25, 50, 75) percentile: (276, 362, 469)
[M::mem_pestat] low and high boundaries for computing mean and std.dev: (1, 855)
[M::mem_pestat] mean and std.dev: (373.75, 143.53)
[M::mem_pestat] low and high boundaries for proper pairs: (1, 1048)
[M::mem_pestat] analyzing insert size distribution for orientation RF...
[M::mem_pestat] (25, 50, 75) percentile: (686, 2133, 6333)
[M::mem_pestat] low and high boundaries for computing mean and std.dev: (1, 17627)
[M::mem_pestat] mean and std.dev: (3214.90, 3019.71)
[M::mem_pestat] low and high boundaries for proper pairs: (1, 23274)
[M::mem_pestat] analyzing insert size distribution for orientation RR...
[M::mem_pestat] (25, 50, 75) percentile: (260, 626, 2015)
[M::mem_pestat] low and high boundaries for computing mean and std.dev: (1, 5525)
[M::mem_pestat] mean and std.dev: (1050.44, 1149.14)
[M::mem_pestat] low and high boundaries for proper pairs: (1, 7280)
[M::mem_pestat] skip orientation FF
[M::mem_pestat] skip orientation RF
[M::mem_pestat] skip orientation RR
[M::process] read 1066668 sequences (160000200 bp)...
[M::mem_process_seqs] Processed 1066668 reads in 871.721 CPU sec, 59.234 real sec
[M::mem_pestat] # candidate unique pairs for (FF, FR, RF, RR): (39, 223470, 69, 37)
[M::mem_pestat] analyzing insert size distribution for orientation FF...
[M::mem_pestat] (25, 50, 75) percentile: (404, 544, 1371)
[M::mem_pestat] low and high boundaries for computing mean and std.dev: (1, 3305)
[M::mem_pestat] mean and std.dev: (678.39, 597.43)
[M::mem_pestat] low and high boundaries for proper pairs: (1, 4272)
[M::mem_pestat] analyzing insert size distribution for orientation FR...
[M::mem_pestat] (25, 50, 75) percentile: (276, 363, 471)
[M::mem_pestat] low and high boundaries for computing mean and std.dev: (1, 861)
[M::mem_pestat] mean and std.dev: (375.31, 144.75)
[M::mem_pestat] low and high boundaries for proper pairs: (1, 1056)
[M::mem_pestat] analyzing insert size distribution for orientation RF...
[M::mem_pestat] (25, 50, 75) percentile: (554, 2040, 6442)
[M::mem_pestat] low and high boundaries for computing mean and std.dev: (1, 18218)
[M::mem_pestat] mean and std.dev: (3350.42, 3154.63)
[M::mem_pestat] low and high boundaries for proper pairs: (1, 24106)
[M::mem_pestat] analyzing insert size distribution for orientation RR...
[M::mem_pestat] (25, 50, 75) percentile: (294, 647, 1746)
[M::mem_pestat] low and high boundaries for computing mean and std.dev: (1, 4650)
[M::mem_pestat] mean and std.dev: (862.61, 886.19)
[M::mem_pestat] low and high boundaries for proper pairs: (1, 6102)
[M::mem_pestat] skip orientation FF
[M::mem_pestat] skip orientation RF
[M::mem_pestat] skip orientation RR
[M::process] read 1066668 sequences (160000200 bp)...
[M::mem_process_seqs] Processed 1066668 reads in 882.912 CPU sec, 59.698 real sec
[M::mem_pestat] # candidate unique pairs for (FF, FR, RF, RR): (43, 220583, 76, 42)
[M::mem_pestat] analyzing insert size distribution for orientation FF...
[M::mem_pestat] (25, 50, 75) percentile: (356, 1266, 1552)
[M::mem_pestat] low and high boundaries for computing mean and std.dev: (1, 3944)
[M::mem_pestat] mean and std.dev: (1139.28, 950.17)
[M::mem_pestat] low and high boundaries for proper pairs: (1, 5140)
[M::mem_pestat] analyzing insert size distribution for orientation FR...
[M::mem_pestat] (25, 50, 75) percentile: (271, 364, 479)
[M::mem_pestat] low and high boundaries for computing mean and std.dev: (1, 895)
[M::mem_pestat] mean and std.dev: (375.99, 150.62)
[M::mem_pestat] low and high boundaries for proper pairs: (1, 1103)
[M::mem_pestat] analyzing insert size distribution for orientation RF...
[M::mem_pestat] (25, 50, 75) percentile: (278, 1080, 3590)
[M::mem_pestat] low and high boundaries for computing mean and std.dev: (1, 10214)
[M::mem_pestat] mean and std.dev: (2257.70, 2683.23)
[M::mem_pestat] low and high boundaries for proper pairs: (1, 13526)
[M::mem_pestat] analyzing insert size distribution for orientation RR...
[M::mem_pestat] (25, 50, 75) percentile: (279, 430, 589)
[M::mem_pestat] low and high boundaries for computing mean and std.dev: (1, 1209)
[M::mem_pestat] mean and std.dev: (369.06, 122.21)
[M::mem_pestat] low and high boundaries for proper pairs: (1, 1519)
[M::mem_pestat] skip orientation FF
[M::mem_pestat] skip orientation RF
[M::mem_pestat] skip orientation RR
[M::process] read 1066668 sequences (160000200 bp)...
[M::mem_process_seqs] Processed 1066668 reads in 868.491 CPU sec, 59.860 real sec
[M::mem_pestat] # candidate unique pairs for (FF, FR, RF, RR): (29, 220734, 61, 44)
[M::mem_pestat] analyzing insert size distribution for orientation FF...
[M::mem_pestat] (25, 50, 75) percentile: (211, 286, 480)
[M::mem_pestat] low and high boundaries for computing mean and std.dev: (1, 1018)
[M::mem_pestat] mean and std.dev: (338.63, 224.90)
[M::mem_pestat] low and high boundaries for proper pairs: (1, 1287)
[M::mem_pestat] analyzing insert size distribution for orientation FR...
[M::mem_pestat] (25, 50, 75) percentile: (274, 367, 482)
[M::mem_pestat] low and high boundaries for computing mean and std.dev: (1, 898)
[M::mem_pestat] mean and std.dev: (378.96, 150.54)
[M::mem_pestat] low and high boundaries for proper pairs: (1, 1106)
[M::mem_pestat] analyzing insert size distribution for orientation RF...
[M::mem_pestat] (25, 50, 75) percentile: (414, 1376, 5575)
[M::mem_pestat] low and high boundaries for computing mean and std.dev: (1, 15897)
[M::mem_pestat] mean and std.dev: (2891.13, 2883.20)
[M::mem_pestat] low and high boundaries for proper pairs: (1, 21058)
[M::mem_pestat] analyzing insert size distribution for orientation RR...
[M::mem_pestat] (25, 50, 75) percentile: (203, 438, 814)
[M::mem_pestat] low and high boundaries for computing mean and std.dev: (1, 2036)
[M::mem_pestat] mean and std.dev: (456.28, 296.48)
[M::mem_pestat] low and high boundaries for proper pairs: (1, 2647)
[M::mem_pestat] skip orientation FF
[M::mem_pestat] skip orientation RF
[M::mem_pestat] skip orientation RR
[M::process] read 1066668 sequences (160000200 bp)...
[M::mem_process_seqs] Processed 1066668 reads in 881.501 CPU sec, 59.963 real sec
[M::mem_pestat] # candidate unique pairs for (FF, FR, RF, RR): (35, 222397, 63, 63)
[M::mem_pestat] analyzing insert size distribution for orientation FF...
[M::mem_pestat] (25, 50, 75) percentile: (251, 374, 1131)
[M::mem_pestat] low and high boundaries for computing mean and std.dev: (1, 2891)
[M::mem_pestat] mean and std.dev: (492.97, 516.75)
[M::mem_pestat] low and high boundaries for proper pairs: (1, 3771)
[M::mem_pestat] analyzing insert size distribution for orientation FR...
[M::mem_pestat] (25, 50, 75) percentile: (274, 366, 480)
[M::mem_pestat] low and high boundaries for computing mean and std.dev: (1, 892)
[M::mem_pestat] mean and std.dev: (378.02, 149.66)
[M::mem_pestat] low and high boundaries for proper pairs: (1, 1098)
[M::mem_pestat] analyzing insert size distribution for orientation RF...
[M::mem_pestat] (25, 50, 75) percentile: (229, 1127, 3791)
[M::mem_pestat] low and high boundaries for computing mean and std.dev: (1, 10915)
[M::mem_pestat] mean and std.dev: (2404.02, 2686.49)
[M::mem_pestat] low and high boundaries for proper pairs: (1, 14477)
[M::mem_pestat] analyzing insert size distribution for orientation RR...
[M::mem_pestat] (25, 50, 75) percentile: (381, 1142, 2332)
[M::mem_pestat] low and high boundaries for computing mean and std.dev: (1, 6234)
[M::mem_pestat] mean and std.dev: (1213.49, 1299.72)
[M::mem_pestat] low and high boundaries for proper pairs: (1, 8185)
[M::mem_pestat] skip orientation FF
[M::mem_pestat] skip orientation RF
[M::mem_pestat] skip orientation RR
[M::process] read 1066668 sequences (160000200 bp)...
[M::mem_process_seqs] Processed 1066668 reads in 800.974 CPU sec, 53.824 real sec
[M::mem_pestat] # candidate unique pairs for (FF, FR, RF, RR): (52, 222312, 63, 33)
[M::mem_pestat] analyzing insert size distribution for orientation FF...
[M::mem_pestat] (25, 50, 75) percentile: (284, 395, 841)
[M::mem_pestat] low and high boundaries for computing mean and std.dev: (1, 1955)
[M::mem_pestat] mean and std.dev: (505.67, 364.40)
[M::mem_pestat] low and high boundaries for proper pairs: (1, 2512)
[M::mem_pestat] analyzing insert size distribution for orientation FR...
[M::mem_pestat] (25, 50, 75) percentile: (275, 366, 477)
[M::mem_pestat] low and high boundaries for computing mean and std.dev: (1, 881)
[M::mem_pestat] mean and std.dev: (377.40, 147.93)
[M::mem_pestat] low and high boundaries for proper pairs: (1, 1083)
[M::mem_pestat] analyzing insert size distribution for orientation RF...
[M::mem_pestat] (25, 50, 75) percentile: (207, 698, 3482)
[M::mem_pestat] low and high boundaries for computing mean and std.dev: (1, 10032)
[M::mem_pestat] mean and std.dev: (2099.76, 2795.85)
[M::mem_pestat] low and high boundaries for proper pairs: (1, 13307)
[M::mem_pestat] analyzing insert size distribution for orientation RR...
[M::mem_pestat] (25, 50, 75) percentile: (251, 620, 4212)
[M::mem_pestat] low and high boundaries for computing mean and std.dev: (1, 12134)
[M::mem_pestat] mean and std.dev: (2070.97, 2301.88)
[M::mem_pestat] low and high boundaries for proper pairs: (1, 16095)
[M::mem_pestat] skip orientation FF
[M::mem_pestat] skip orientation RF
[M::mem_pestat] skip orientation RR
[M::process] read 1066668 sequences (160000200 bp)...
[M::mem_process_seqs] Processed 1066668 reads in 797.592 CPU sec, 54.049 real sec
[M::process] read 1066668 sequences (160000200 bp)...
[M::mem_pestat] # candidate unique pairs for (FF, FR, RF, RR): (39, 223146, 71, 37)
[M::mem_pestat] analyzing insert size distribution for orientation FF...
[M::mem_pestat] (25, 50, 75) percentile: (330, 585, 2695)
[M::mem_pestat] low and high boundaries for computing mean and std.dev: (1, 7425)
[M::mem_pestat] mean and std.dev: (1676.77, 2080.61)
[M::mem_pestat] low and high boundaries for proper pairs: (1, 9999)
[M::mem_pestat] analyzing insert size distribution for orientation FR...
[M::mem_pestat] (25, 50, 75) percentile: (278, 369, 481)
[M::mem_pestat] low and high boundaries for computing mean and std.dev: (1, 887)
[M::mem_pestat] mean and std.dev: (380.85, 149.22)
[M::mem_pestat] low and high boundaries for proper pairs: (1, 1090)
[M::mem_pestat] analyzing insert size distribution for orientation RF...
[M::mem_pestat] (25, 50, 75) percentile: (113, 751, 3307)
[M::mem_pestat] low and high boundaries for computing mean and std.dev: (1, 9695)
[M::mem_pestat] mean and std.dev: (2024.41, 2527.35)
[M::mem_pestat] low and high boundaries for proper pairs: (1, 12889)
[M::mem_pestat] analyzing insert size distribution for orientation RR...
[M::mem_pestat] (25, 50, 75) percentile: (364, 517, 1154)
[M::mem_pestat] low and high boundaries for computing mean and std.dev: (1, 2734)
[M::mem_pestat] mean and std.dev: (604.97, 376.88)
[M::mem_pestat] low and high boundaries for proper pairs: (1, 3524)
[M::mem_pestat] skip orientation FF
[M::mem_pestat] skip orientation RF
[M::mem_pestat] skip orientation RR
[M::mem_process_seqs] Processed 1066668 reads in 793.054 CPU sec, 53.696 real sec
[M::mem_pestat] # candidate unique pairs for (FF, FR, RF, RR): (45, 223360, 87, 32)
[M::mem_pestat] analyzing insert size distribution for orientation FF...
[M::mem_pestat] (25, 50, 75) percentile: (256, 426, 1298)
[M::mem_pestat] low and high boundaries for computing mean and std.dev: (1, 3382)
[M::mem_pestat] mean and std.dev: (695.34, 783.62)
[M::mem_pestat] low and high boundaries for proper pairs: (1, 4424)
[M::mem_pestat] analyzing insert size distribution for orientation FR...
[M::mem_pestat] (25, 50, 75) percentile: (279, 370, 482)
[M::mem_pestat] low and high boundaries for computing mean and std.dev: (1, 888)
[M::mem_pestat] mean and std.dev: (381.92, 148.48)
[M::mem_pestat] low and high boundaries for proper pairs: (1, 1091)
[M::mem_pestat] analyzing insert size distribution for orientation RF...
[M::mem_pestat] (25, 50, 75) percentile: (201, 1280, 6062)
[M::mem_pestat] low and high boundaries for computing mean and std.dev: (1, 17784)
[M::mem_pestat] mean and std.dev: (3055.53, 3235.74)
[M::mem_pestat] low and high boundaries for proper pairs: (1, 23645)
[M::mem_pestat] analyzing insert size distribution for orientation RR...
[M::mem_pestat] (25, 50, 75) percentile: (288, 524, 1661)
[M::mem_pestat] low and high boundaries for computing mean and std.dev: (1, 4407)
[M::mem_pestat] mean and std.dev: (820.00, 916.88)
[M::mem_pestat] low and high boundaries for proper pairs: (1, 5780)
[M::mem_pestat] skip orientation FF
[M::mem_pestat] skip orientation RF
[M::mem_pestat] skip orientation RR
[M::process] read 1066668 sequences (160000200 bp)...
[M::mem_process_seqs] Processed 1066668 reads in 791.252 CPU sec, 53.709 real sec
[M::mem_pestat] # candidate unique pairs for (FF, FR, RF, RR): (52, 223356, 68, 37)
[M::mem_pestat] analyzing insert size distribution for orientation FF...
[M::mem_pestat] (25, 50, 75) percentile: (461, 1164, 3730)
[M::mem_pestat] low and high boundaries for computing mean and std.dev: (1, 10268)
[M::mem_pestat] mean and std.dev: (2098.37, 2230.64)
[M::mem_pestat] low and high boundaries for proper pairs: (1, 13537)
[M::mem_pestat] analyzing insert size distribution for orientation FR...
[M::mem_pestat] (25, 50, 75) percentile: (275, 364, 477)
[M::mem_pestat] low and high boundaries for computing mean and std.dev: (1, 881)
[M::mem_pestat] mean and std.dev: (377.58, 148.01)
[M::mem_pestat] low and high boundaries for proper pairs: (1, 1083)
[M::mem_pestat] analyzing insert size distribution for orientation RF...
[M::mem_pestat] (25, 50, 75) percentile: (194, 1590, 5184)
[M::mem_pestat] low and high boundaries for computing mean and std.dev: (1, 15164)
[M::mem_pestat] mean and std.dev: (2832.18, 2966.23)
[M::mem_pestat] low and high boundaries for proper pairs: (1, 20154)
[M::mem_pestat] analyzing insert size distribution for orientation RR...
[M::mem_pestat] (25, 50, 75) percentile: (288, 391, 1523)
[M::mem_pestat] low and high boundaries for computing mean and std.dev: (1, 3993)
[M::mem_pestat] mean and std.dev: (757.63, 841.22)
[M::mem_pestat] low and high boundaries for proper pairs: (1, 5228)
[M::mem_pestat] skip orientation FF
[M::mem_pestat] skip orientation RF
[M::mem_pestat] skip orientation RR
[M::process] read 1066668 sequences (160000200 bp)...
[M::mem_process_seqs] Processed 1066668 reads in 800.840 CPU sec, 55.363 real sec
[M::mem_pestat] # candidate unique pairs for (FF, FR, RF, RR): (46, 223013, 59, 50)
[M::mem_pestat] analyzing insert size distribution for orientation FF...
[M::mem_pestat] (25, 50, 75) percentile: (381, 640, 2336)
[M::mem_pestat] low and high boundaries for computing mean and std.dev: (1, 6246)
[M::mem_pestat] mean and std.dev: (1535.89, 1713.45)
[M::mem_pestat] low and high boundaries for proper pairs: (1, 8390)
[M::mem_pestat] analyzing insert size distribution for orientation FR...
[M::mem_pestat] (25, 50, 75) percentile: (276, 365, 477)
[M::mem_pestat] low and high boundaries for computing mean and std.dev: (1, 879)
[M::mem_pestat] mean and std.dev: (378.56, 148.16)
[M::mem_pestat] low and high boundaries for proper pairs: (1, 1080)
[M::mem_pestat] analyzing insert size distribution for orientation RF...
[M::mem_pestat] (25, 50, 75) percentile: (293, 866, 3681)
[M::mem_pestat] low and high boundaries for computing mean and std.dev: (1, 10457)
[M::mem_pestat] mean and std.dev: (2355.63, 2876.83)
[M::mem_pestat] low and high boundaries for proper pairs: (1, 13863)
[M::mem_pestat] analyzing insert size distribution for orientation RR...
[M::mem_pestat] (25, 50, 75) percentile: (384, 702, 1584)
[M::mem_pestat] low and high boundaries for computing mean and std.dev: (1, 3984)
[M::mem_pestat] mean and std.dev: (1220.61, 1226.58)
[M::mem_pestat] low and high boundaries for proper pairs: (1, 6127)
[M::mem_pestat] skip orientation FF
[M::mem_pestat] skip orientation RF
[M::mem_pestat] skip orientation RR
[M::process] read 1066668 sequences (160000200 bp)...
[M::mem_process_seqs] Processed 1066668 reads in 799.836 CPU sec, 53.705 real sec
[M::mem_pestat] # candidate unique pairs for (FF, FR, RF, RR): (49, 220474, 59, 33)
[M::mem_pestat] analyzing insert size distribution for orientation FF...
[M::mem_pestat] (25, 50, 75) percentile: (311, 759, 2402)
[M::mem_pestat] low and high boundaries for computing mean and std.dev: (1, 6584)
[M::mem_pestat] mean and std.dev: (919.80, 1145.73)
[M::mem_pestat] low and high boundaries for proper pairs: (1, 8675)
[M::mem_pestat] analyzing insert size distribution for orientation FR...
[M::mem_pestat] (25, 50, 75) percentile: (268, 358, 471)
[M::mem_pestat] low and high boundaries for computing mean and std.dev: (1, 877)
[M::mem_pestat] mean and std.dev: (371.31, 148.88)
[M::mem_pestat] low and high boundaries for proper pairs: (1, 1080)
[M::mem_pestat] analyzing insert size distribution for orientation RF...
[M::mem_pestat] (25, 50, 75) percentile: (300, 1167, 3974)
[M::mem_pestat] low and high boundaries for computing mean and std.dev: (1, 11322)
[M::mem_pestat] mean and std.dev: (2325.20, 2778.79)
[M::mem_pestat] low and high boundaries for proper pairs: (1, 14996)
[M::mem_pestat] analyzing insert size distribution for orientation RR...
[M::mem_pestat] (25, 50, 75) percentile: (283, 446, 1861)
[M::mem_pestat] low and high boundaries for computing mean and std.dev: (1, 5017)
[M::mem_pestat] mean and std.dev: (1008.03, 1169.51)
[M::mem_pestat] low and high boundaries for proper pairs: (1, 6595)
[M::mem_pestat] skip orientation FF
[M::mem_pestat] skip orientation RF
[M::mem_pestat] skip orientation RR
[M::process] read 1066668 sequences (160000200 bp)...
[M::mem_process_seqs] Processed 1066668 reads in 804.849 CPU sec, 55.355 real sec
[M::mem_pestat] # candidate unique pairs for (FF, FR, RF, RR): (47, 221649, 65, 44)
[M::mem_pestat] analyzing insert size distribution for orientation FF...
[M::mem_pestat] (25, 50, 75) percentile: (315, 634, 3902)
[M::mem_pestat] low and high boundaries for computing mean and std.dev: (1, 11076)
[M::mem_pestat] mean and std.dev: (2107.06, 2655.28)
[M::mem_pestat] low and high boundaries for proper pairs: (1, 14663)
[M::mem_pestat] analyzing insert size distribution for orientation FR...
[M::mem_pestat] (25, 50, 75) percentile: (272, 364, 478)
[M::mem_pestat] low and high boundaries for computing mean and std.dev: (1, 890)
[M::mem_pestat] mean and std.dev: (375.96, 149.21)
[M::mem_pestat] low and high boundaries for proper pairs: (1, 1096)
[M::mem_pestat] analyzing insert size distribution for orientation RF...
[M::mem_pestat] (25, 50, 75) percentile: (144, 651, 3211)
[M::mem_pestat] low and high boundaries for computing mean and std.dev: (1, 9345)
[M::mem_pestat] mean and std.dev: (1635.77, 2140.43)
[M::mem_pestat] low and high boundaries for proper pairs: (1, 12412)
[M::mem_pestat] analyzing insert size distribution for orientation RR...
[M::mem_pestat] (25, 50, 75) percentile: (274, 432, 1140)
[M::mem_pestat] low and high boundaries for computing mean and std.dev: (1, 2872)
[M::mem_pestat] mean and std.dev: (659.38, 620.31)
[M::mem_pestat] low and high boundaries for proper pairs: (1, 3738)
[M::mem_pestat] skip orientation FF
[M::mem_pestat] skip orientation RF
[M::mem_pestat] skip orientation RR
[M::process] read 1066668 sequences (160000200 bp)...
[M::mem_process_seqs] Processed 1066668 reads in 801.655 CPU sec, 53.340 real sec
[M::mem_pestat] # candidate unique pairs for (FF, FR, RF, RR): (21, 220970, 72, 30)
[M::mem_pestat] analyzing insert size distribution for orientation FF...
[M::mem_pestat] (25, 50, 75) percentile: (473, 687, 6115)
[M::mem_pestat] low and high boundaries for computing mean and std.dev: (1, 17399)
[M::mem_pestat] mean and std.dev: (2138.48, 2718.83)
[M::mem_pestat] low and high boundaries for proper pairs: (1, 23041)
[M::mem_pestat] analyzing insert size distribution for orientation FR...
[M::mem_pestat] (25, 50, 75) percentile: (267, 358, 471)
[M::mem_pestat] low and high boundaries for computing mean and std.dev: (1, 879)
[M::mem_pestat] mean and std.dev: (370.11, 148.16)
[M::mem_pestat] low and high boundaries for proper pairs: (1, 1083)
[M::mem_pestat] analyzing insert size distribution for orientation RF...
[M::mem_pestat] (25, 50, 75) percentile: (377, 1754, 5411)
[M::mem_pestat] low and high boundaries for computing mean and std.dev: (1, 15479)
[M::mem_pestat] mean and std.dev: (2852.51, 2817.27)
[M::mem_pestat] low and high boundaries for proper pairs: (1, 20513)
[M::mem_pestat] analyzing insert size distribution for orientation RR...
[M::mem_pestat] (25, 50, 75) percentile: (194, 641, 1347)
[M::mem_pestat] low and high boundaries for computing mean and std.dev: (1, 3653)
[M::mem_pestat] mean and std.dev: (598.69, 481.92)
[M::mem_pestat] low and high boundaries for proper pairs: (1, 4806)
[M::mem_pestat] skip orientation FF
[M::mem_pestat] skip orientation RF
[M::mem_pestat] skip orientation RR
[M::process] read 1066668 sequences (160000200 bp)...
[M::mem_process_seqs] Processed 1066668 reads in 810.927 CPU sec, 55.246 real sec
[M::mem_pestat] # candidate unique pairs for (FF, FR, RF, RR): (38, 220806, 85, 20)
[M::mem_pestat] analyzing insert size distribution for orientation FF...
[M::mem_pestat] (25, 50, 75) percentile: (437, 613, 1209)
[M::mem_pestat] low and high boundaries for computing mean and std.dev: (1, 2753)
[M::mem_pestat] mean and std.dev: (760.94, 621.32)
[M::mem_pestat] low and high boundaries for proper pairs: (1, 3525)
[M::mem_pestat] analyzing insert size distribution for orientation FR...
[M::mem_pestat] (25, 50, 75) percentile: (269, 359, 469)
[M::mem_pestat] low and high boundaries for computing mean and std.dev: (1, 869)
[M::mem_pestat] mean and std.dev: (370.74, 146.81)
[M::mem_pestat] low and high boundaries for proper pairs: (1, 1069)
[M::mem_pestat] analyzing insert size distribution for orientation RF...
[M::mem_pestat] (25, 50, 75) percentile: (317, 1033, 3993)
[M::mem_pestat] low and high boundaries for computing mean and std.dev: (1, 11345)
[M::mem_pestat] mean and std.dev: (2360.75, 2545.06)
[M::mem_pestat] low and high boundaries for proper pairs: (1, 15021)
[M::mem_pestat] analyzing insert size distribution for orientation RR...
[M::mem_pestat] (25, 50, 75) percentile: (392, 756, 1611)
[M::mem_pestat] low and high boundaries for computing mean and std.dev: (1, 4049)
[M::mem_pestat] mean and std.dev: (966.79, 847.37)
[M::mem_pestat] low and high boundaries for proper pairs: (1, 5268)
[M::mem_pestat] skip orientation FF
[M::mem_pestat] skip orientation RF
[M::mem_pestat] skip orientation RR
[M::mem_process_seqs] Processed 1066668 reads in 803.213 CPU sec, 56.569 real sec
[M::process] read 1066668 sequences (160000200 bp)...
[M::process] read 1066668 sequences (160000200 bp)...
[M::mem_pestat] # candidate unique pairs for (FF, FR, RF, RR): (45, 222763, 67, 50)
[M::mem_pestat] analyzing insert size distribution for orientation FF...
[M::mem_pestat] (25, 50, 75) percentile: (397, 673, 1801)
[M::mem_pestat] low and high boundaries for computing mean and std.dev: (1, 4609)
[M::mem_pestat] mean and std.dev: (761.38, 611.05)
[M::mem_pestat] low and high boundaries for proper pairs: (1, 6013)
[M::mem_pestat] analyzing insert size distribution for orientation FR...
[M::mem_pestat] (25, 50, 75) percentile: (277, 368, 482)
[M::mem_pestat] low and high boundaries for computing mean and std.dev: (1, 892)
[M::mem_pestat] mean and std.dev: (380.75, 150.20)
[M::mem_pestat] low and high boundaries for proper pairs: (1, 1097)
[M::mem_pestat] analyzing insert size distribution for orientation RF...
[M::mem_pestat] (25, 50, 75) percentile: (330, 1282, 5129)
[M::mem_pestat] low and high boundaries for computing mean and std.dev: (1, 14727)
[M::mem_pestat] mean and std.dev: (2916.99, 3101.53)
[M::mem_pestat] low and high boundaries for proper pairs: (1, 19526)
[M::mem_pestat] analyzing insert size distribution for orientation RR...
[M::mem_pestat] (25, 50, 75) percentile: (634, 810, 2002)
[M::mem_pestat] low and high boundaries for computing mean and std.dev: (1, 4738)
[M::mem_pestat] mean and std.dev: (968.24, 954.72)
[M::mem_pestat] low and high boundaries for proper pairs: (1, 6106)
[M::mem_pestat] skip orientation FF
[M::mem_pestat] skip orientation RF
[M::mem_pestat] skip orientation RR
[M::mem_process_seqs] Processed 1066668 reads in 800.278 CPU sec, 56.377 real sec
[M::mem_pestat] # candidate unique pairs for (FF, FR, RF, RR): (28, 223075, 85, 40)
[M::mem_pestat] analyzing insert size distribution for orientation FF...
[M::mem_pestat] (25, 50, 75) percentile: (296, 470, 2861)
[M::mem_pestat] low and high boundaries for computing mean and std.dev: (1, 7991)
[M::mem_pestat] mean and std.dev: (1706.71, 2332.33)
[M::mem_pestat] low and high boundaries for proper pairs: (1, 11036)
[M::mem_pestat] analyzing insert size distribution for orientation FR...
[M::mem_pestat] (25, 50, 75) percentile: (277, 367, 480)
[M::mem_pestat] low and high boundaries for computing mean and std.dev: (1, 886)
[M::mem_pestat] mean and std.dev: (379.85, 148.74)
[M::mem_pestat] low and high boundaries for proper pairs: (1, 1089)
[M::mem_pestat] analyzing insert size distribution for orientation RF...
[M::mem_pestat] (25, 50, 75) percentile: (161, 1398, 4738)
[M::mem_pestat] low and high boundaries for computing mean and std.dev: (1, 13892)
[M::mem_pestat] mean and std.dev: (2942.48, 3461.95)
[M::mem_pestat] low and high boundaries for proper pairs: (1, 18469)
[M::mem_pestat] analyzing insert size distribution for orientation RR...
[M::mem_pestat] (25, 50, 75) percentile: (375, 845, 1882)
[M::mem_pestat] low and high boundaries for computing mean and std.dev: (1, 4896)
[M::mem_pestat] mean and std.dev: (1215.92, 1102.14)
[M::mem_pestat] low and high boundaries for proper pairs: (1, 6403)
[M::mem_pestat] skip orientation FF
[M::mem_pestat] skip orientation RF
[M::mem_pestat] skip orientation RR
[M::process] read 1066668 sequences (160000200 bp)...
[M::mem_process_seqs] Processed 1066668 reads in 805.476 CPU sec, 54.349 real sec
[M::process] read 1066668 sequences (160000200 bp)...
[M::mem_pestat] # candidate unique pairs for (FF, FR, RF, RR): (51, 222722, 65, 30)
[M::mem_pestat] analyzing insert size distribution for orientation FF...
[M::mem_pestat] (25, 50, 75) percentile: (360, 624, 3078)
[M::mem_pestat] low and high boundaries for computing mean and std.dev: (1, 8514)
[M::mem_pestat] mean and std.dev: (2045.71, 2583.28)
[M::mem_pestat] low and high boundaries for proper pairs: (1, 12379)
[M::mem_pestat] analyzing insert size distribution for orientation FR...
[M::mem_pestat] (25, 50, 75) percentile: (276, 365, 476)
[M::mem_pestat] low and high boundaries for computing mean and std.dev: (1, 876)
[M::mem_pestat] mean and std.dev: (377.22, 146.93)
[M::mem_pestat] low and high boundaries for proper pairs: (1, 1076)
[M::mem_pestat] analyzing insert size distribution for orientation RF...
[M::mem_pestat] (25, 50, 75) percentile: (280, 1128, 3262)
[M::mem_pestat] low and high boundaries for computing mean and std.dev: (1, 9226)
[M::mem_pestat] mean and std.dev: (1811.67, 2203.53)
[M::mem_pestat] low and high boundaries for proper pairs: (1, 12208)
[M::mem_pestat] analyzing insert size distribution for orientation RR...
[M::mem_pestat] (25, 50, 75) percentile: (198, 519, 2520)
[M::mem_pestat] low and high boundaries for computing mean and std.dev: (1, 7164)
[M::mem_pestat] mean and std.dev: (1484.00, 1723.90)
[M::mem_pestat] low and high boundaries for proper pairs: (1, 9486)
[M::mem_pestat] skip orientation FF
[M::mem_pestat] skip orientation RF
[M::mem_pestat] skip orientation RR
[M::mem_process_seqs] Processed 1066668 reads in 808.011 CPU sec, 57.177 real sec
[M::process] read 1066668 sequences (160000200 bp)...
[M::mem_pestat] # candidate unique pairs for (FF, FR, RF, RR): (47, 222345, 69, 29)
[M::mem_pestat] analyzing insert size distribution for orientation FF...
[M::mem_pestat] (25, 50, 75) percentile: (260, 411, 1170)
[M::mem_pestat] low and high boundaries for computing mean and std.dev: (1, 2990)
[M::mem_pestat] mean and std.dev: (603.72, 586.19)
[M::mem_pestat] low and high boundaries for proper pairs: (1, 3900)
[M::mem_pestat] analyzing insert size distribution for orientation FR...
[M::mem_pestat] (25, 50, 75) percentile: (274, 363, 475)
[M::mem_pestat] low and high boundaries for computing mean and std.dev: (1, 877)
[M::mem_pestat] mean and std.dev: (376.00, 147.52)
[M::mem_pestat] low and high boundaries for proper pairs: (1, 1078)
[M::mem_pestat] analyzing insert size distribution for orientation RF...
[M::mem_pestat] (25, 50, 75) percentile: (261, 2090, 5042)
[M::mem_pestat] low and high boundaries for computing mean and std.dev: (1, 14604)
[M::mem_pestat] mean and std.dev: (3209.83, 3362.16)
[M::mem_pestat] low and high boundaries for proper pairs: (1, 19385)
[M::mem_pestat] analyzing insert size distribution for orientation RR...
[M::mem_pestat] (25, 50, 75) percentile: (198, 404, 1452)
[M::mem_pestat] low and high boundaries for computing mean and std.dev: (1, 3960)
[M::mem_pestat] mean and std.dev: (831.31, 956.03)
[M::mem_pestat] low and high boundaries for proper pairs: (1, 5214)
[M::mem_pestat] skip orientation FF
[M::mem_pestat] skip orientation RF
[M::mem_pestat] skip orientation RR
[M::mem_process_seqs] Processed 1066668 reads in 821.660 CPU sec, 58.953 real sec
[M::mem_pestat] # candidate unique pairs for (FF, FR, RF, RR): (22, 221174, 99, 33)
[M::mem_pestat] analyzing insert size distribution for orientation FF...
[M::mem_pestat] (25, 50, 75) percentile: (351, 638, 2146)
[M::mem_pestat] low and high boundaries for computing mean and std.dev: (1, 5736)
[M::mem_pestat] mean and std.dev: (947.84, 963.26)
[M::mem_pestat] low and high boundaries for proper pairs: (1, 7531)
[M::mem_pestat] analyzing insert size distribution for orientation FR...
[M::mem_pestat] (25, 50, 75) percentile: (273, 366, 480)
[M::mem_pestat] low and high boundaries for computing mean and std.dev: (1, 894)
[M::mem_pestat] mean and std.dev: (377.73, 150.51)
[M::mem_pestat] low and high boundaries for proper pairs: (1, 1101)
[M::mem_pestat] analyzing insert size distribution for orientation RF...
[M::mem_pestat] (25, 50, 75) percentile: (245, 1420, 3812)
[M::mem_pestat] low and high boundaries for computing mean and std.dev: (1, 10946)
[M::mem_pestat] mean and std.dev: (2293.12, 2451.63)
[M::mem_pestat] low and high boundaries for proper pairs: (1, 14513)
[M::mem_pestat] analyzing insert size distribution for orientation RR...
[M::mem_pestat] (25, 50, 75) percentile: (434, 1122, 6154)
[M::mem_pestat] low and high boundaries for computing mean and std.dev: (1, 17594)
[M::mem_pestat] mean and std.dev: (2559.00, 2700.11)
[M::mem_pestat] low and high boundaries for proper pairs: (1, 23314)
[M::mem_pestat] skip orientation FF
[M::mem_pestat] skip orientation RF
[M::mem_pestat] skip orientation RR
[M::process] read 1066668 sequences (160000200 bp)...
[M::mem_process_seqs] Processed 1066668 reads in 807.243 CPU sec, 54.320 real sec
[M::mem_pestat] # candidate unique pairs for (FF, FR, RF, RR): (51, 220218, 46, 37)
[M::mem_pestat] analyzing insert size distribution for orientation FF...
[M::mem_pestat] (25, 50, 75) percentile: (531, 1276, 1381)
[M::mem_pestat] low and high boundaries for computing mean and std.dev: (1, 3081)
[M::mem_pestat] mean and std.dev: (990.24, 684.77)
[M::mem_pestat] low and high boundaries for proper pairs: (1, 3931)
[M::mem_pestat] analyzing insert size distribution for orientation FR...
[M::mem_pestat] (25, 50, 75) percentile: (272, 363, 475)
[M::mem_pestat] low and high boundaries for computing mean and std.dev: (1, 881)
[M::mem_pestat] mean and std.dev: (374.76, 147.88)
[M::mem_pestat] low and high boundaries for proper pairs: (1, 1084)
[M::mem_pestat] analyzing insert size distribution for orientation RF...
[M::mem_pestat] (25, 50, 75) percentile: (337, 1866, 4685)
[M::mem_pestat] low and high boundaries for computing mean and std.dev: (1, 13381)
[M::mem_pestat] mean and std.dev: (2675.96, 2746.18)
[M::mem_pestat] low and high boundaries for proper pairs: (1, 17729)
[M::mem_pestat] analyzing insert size distribution for orientation RR...
[M::mem_pestat] (25, 50, 75) percentile: (159, 366, 6080)
[M::mem_pestat] low and high boundaries for computing mean and std.dev: (1, 17922)
[M::mem_pestat] mean and std.dev: (2433.92, 3566.53)
[M::mem_pestat] low and high boundaries for proper pairs: (1, 23843)
[M::mem_pestat] skip orientation FF
[M::mem_pestat] skip orientation RF
[M::mem_pestat] skip orientation RR
[M::process] read 1066668 sequences (160000200 bp)...
[M::mem_process_seqs] Processed 1066668 reads in 797.245 CPU sec, 53.176 real sec
[M::mem_pestat] # candidate unique pairs for (FF, FR, RF, RR): (41, 220107, 81, 65)
[M::mem_pestat] analyzing insert size distribution for orientation FF...
[M::mem_pestat] (25, 50, 75) percentile: (201, 338, 1399)
[M::mem_pestat] low and high boundaries for computing mean and std.dev: (1, 3795)
[M::mem_pestat] mean and std.dev: (626.00, 888.41)
[M::mem_pestat] low and high boundaries for proper pairs: (1, 4993)
[M::mem_pestat] analyzing insert size distribution for orientation FR...
[M::mem_pestat] (25, 50, 75) percentile: (272, 363, 475)
[M::mem_pestat] low and high boundaries for computing mean and std.dev: (1, 881)
[M::mem_pestat] mean and std.dev: (374.90, 148.52)
[M::mem_pestat] low and high boundaries for proper pairs: (1, 1084)
[M::mem_pestat] analyzing insert size distribution for orientation RF...
[M::mem_pestat] (25, 50, 75) percentile: (176, 1053, 3180)
[M::mem_pestat] low and high boundaries for computing mean and std.dev: (1, 9188)
[M::mem_pestat] mean and std.dev: (2050.90, 2304.81)
[M::mem_pestat] low and high boundaries for proper pairs: (1, 12192)
[M::mem_pestat] analyzing insert size distribution for orientation RR...
[M::mem_pestat] (25, 50, 75) percentile: (502, 1276, 2328)
[M::mem_pestat] low and high boundaries for computing mean and std.dev: (1, 5980)
[M::mem_pestat] mean and std.dev: (1252.67, 1144.50)
[M::mem_pestat] low and high boundaries for proper pairs: (1, 7806)
[M::mem_pestat] skip orientation FF
[M::mem_pestat] skip orientation RF
[M::mem_pestat] skip orientation RR
[M::process] read 1066668 sequences (160000200 bp)...
[M::mem_process_seqs] Processed 1066668 reads in 802.102 CPU sec, 53.576 real sec
[M::process] read 1066668 sequences (160000200 bp)...
[M::mem_pestat] # candidate unique pairs for (FF, FR, RF, RR): (33, 221311, 73, 26)
[M::mem_pestat] analyzing insert size distribution for orientation FF...
[M::mem_pestat] (25, 50, 75) percentile: (251, 353, 1404)
[M::mem_pestat] low and high boundaries for computing mean and std.dev: (1, 3710)
[M::mem_pestat] mean and std.dev: (666.38, 715.35)
[M::mem_pestat] low and high boundaries for proper pairs: (1, 4863)
[M::mem_pestat] analyzing insert size distribution for orientation FR...
[M::mem_pestat] (25, 50, 75) percentile: (272, 362, 474)
[M::mem_pestat] low and high boundaries for computing mean and std.dev: (1, 878)
[M::mem_pestat] mean and std.dev: (373.77, 147.44)
[M::mem_pestat] low and high boundaries for proper pairs: (1, 1080)
[M::mem_pestat] analyzing insert size distribution for orientation RF...
[M::mem_pestat] (25, 50, 75) percentile: (320, 1835, 5089)
[M::mem_pestat] low and high boundaries for computing mean and std.dev: (1, 14627)
[M::mem_pestat] mean and std.dev: (2868.73, 2861.11)
[M::mem_pestat] low and high boundaries for proper pairs: (1, 19396)
[M::mem_pestat] analyzing insert size distribution for orientation RR...
[M::mem_pestat] (25, 50, 75) percentile: (224, 368, 1052)
[M::mem_pestat] low and high boundaries for computing mean and std.dev: (1, 2708)
[M::mem_pestat] mean and std.dev: (637.88, 712.29)
[M::mem_pestat] low and high boundaries for proper pairs: (1, 3536)
[M::mem_pestat] skip orientation FF
[M::mem_pestat] skip orientation RF
[M::mem_pestat] skip orientation RR
[M::mem_process_seqs] Processed 1066668 reads in 805.475 CPU sec, 55.426 real sec
[M::mem_pestat] # candidate unique pairs for (FF, FR, RF, RR): (37, 222506, 63, 42)
[M::mem_pestat] analyzing insert size distribution for orientation FF...
[M::mem_pestat] (25, 50, 75) percentile: (329, 458, 937)
[M::mem_pestat] low and high boundaries for computing mean and std.dev: (1, 2153)
[M::mem_pestat] mean and std.dev: (652.92, 484.92)
[M::mem_pestat] low and high boundaries for proper pairs: (1, 2761)
[M::mem_pestat] analyzing insert size distribution for orientation FR...
[M::mem_pestat] (25, 50, 75) percentile: (275, 363, 475)
[M::mem_pestat] low and high boundaries for computing mean and std.dev: (1, 875)
[M::mem_pestat] mean and std.dev: (376.14, 146.97)
[M::mem_pestat] low and high boundaries for proper pairs: (1, 1075)
[M::mem_pestat] analyzing insert size distribution for orientation RF...
[M::mem_pestat] (25, 50, 75) percentile: (310, 1227, 5791)
[M::mem_pestat] low and high boundaries for computing mean and std.dev: (1, 16753)
[M::mem_pestat] mean and std.dev: (2846.79, 3155.17)
[M::mem_pestat] low and high boundaries for proper pairs: (1, 22234)
[M::mem_pestat] analyzing insert size distribution for orientation RR...
[M::mem_pestat] (25, 50, 75) percentile: (244, 1145, 2217)
[M::mem_pestat] low and high boundaries for computing mean and std.dev: (1, 6163)
[M::mem_pestat] mean and std.dev: (1147.32, 1224.00)
[M::mem_pestat] low and high boundaries for proper pairs: (1, 8136)
[M::mem_pestat] skip orientation FF
[M::mem_pestat] skip orientation RF
[M::mem_pestat] skip orientation RR
[M::process] read 1066668 sequences (160000200 bp)...
[M::mem_process_seqs] Processed 1066668 reads in 799.648 CPU sec, 56.823 real sec
[M::process] read 1066668 sequences (160000200 bp)...
[M::mem_pestat] # candidate unique pairs for (FF, FR, RF, RR): (51, 222025, 70, 32)
[M::mem_pestat] analyzing insert size distribution for orientation FF...
[M::mem_pestat] (25, 50, 75) percentile: (212, 577, 1446)
[M::mem_pestat] low and high boundaries for computing mean and std.dev: (1, 3914)
[M::mem_pestat] mean and std.dev: (572.02, 519.18)
[M::mem_pestat] low and high boundaries for proper pairs: (1, 5148)
[M::mem_pestat] analyzing insert size distribution for orientation FR...
[M::mem_pestat] (25, 50, 75) percentile: (274, 362, 473)
[M::mem_pestat] low and high boundaries for computing mean and std.dev: (1, 871)
[M::mem_pestat] mean and std.dev: (374.84, 146.08)
[M::mem_pestat] low and high boundaries for proper pairs: (1, 1070)
[M::mem_pestat] analyzing insert size distribution for orientation RF...
[M::mem_pestat] (25, 50, 75) percentile: (372, 1846, 4120)
[M::mem_pestat] low and high boundaries for computing mean and std.dev: (1, 11616)
[M::mem_pestat] mean and std.dev: (3021.07, 3040.88)
[M::mem_pestat] low and high boundaries for proper pairs: (1, 15364)
[M::mem_pestat] analyzing insert size distribution for orientation RR...
[M::mem_pestat] (25, 50, 75) percentile: (316, 605, 4488)
[M::mem_pestat] low and high boundaries for computing mean and std.dev: (1, 12832)
[M::mem_pestat] mean and std.dev: (2251.41, 2705.65)
[M::mem_pestat] low and high boundaries for proper pairs: (1, 17004)
[M::mem_pestat] skip orientation FF
[M::mem_pestat] skip orientation RF
[M::mem_pestat] skip orientation RR
[M::mem_process_seqs] Processed 1066668 reads in 799.544 CPU sec, 53.108 real sec
[M::mem_pestat] # candidate unique pairs for (FF, FR, RF, RR): (38, 222228, 74, 29)
[M::mem_pestat] analyzing insert size distribution for orientation FF...
[M::mem_pestat] (25, 50, 75) percentile: (310, 443, 1058)
[M::mem_pestat] low and high boundaries for computing mean and std.dev: (1, 2554)
[M::mem_pestat] mean and std.dev: (640.54, 599.49)
[M::mem_pestat] low and high boundaries for proper pairs: (1, 3302)
[M::mem_pestat] analyzing insert size distribution for orientation FR...
[M::mem_pestat] (25, 50, 75) percentile: (274, 361, 471)
[M::mem_pestat] low and high boundaries for computing mean and std.dev: (1, 865)
[M::mem_pestat] mean and std.dev: (373.76, 145.88)
[M::mem_pestat] low and high boundaries for proper pairs: (1, 1062)
[M::mem_pestat] analyzing insert size distribution for orientation RF...
[M::mem_pestat] (25, 50, 75) percentile: (246, 1045, 4223)
[M::mem_pestat] low and high boundaries for computing mean and std.dev: (1, 12177)
[M::mem_pestat] mean and std.dev: (2508.31, 2821.95)
[M::mem_pestat] low and high boundaries for proper pairs: (1, 16154)
[M::mem_pestat] analyzing insert size distribution for orientation RR...
[M::mem_pestat] (25, 50, 75) percentile: (246, 340, 1405)
[M::mem_pestat] low and high boundaries for computing mean and std.dev: (1, 3723)
[M::mem_pestat] mean and std.dev: (786.54, 976.65)
[M::mem_pestat] low and high boundaries for proper pairs: (1, 4882)
[M::mem_pestat] skip orientation FF
[M::mem_pestat] skip orientation RF
[M::mem_pestat] skip orientation RR
[M::process] read 1066668 sequences (160000200 bp)...
[M::mem_process_seqs] Processed 1066668 reads in 802.442 CPU sec, 53.999 real sec
[M::mem_pestat] # candidate unique pairs for (FF, FR, RF, RR): (62, 222549, 87, 53)
[M::mem_pestat] analyzing insert size distribution for orientation FF...
[M::mem_pestat] (25, 50, 75) percentile: (331, 589, 1439)
[M::mem_pestat] low and high boundaries for computing mean and std.dev: (1, 3655)
[M::mem_pestat] mean and std.dev: (865.41, 795.08)
[M::mem_pestat] low and high boundaries for proper pairs: (1, 4763)
[M::mem_pestat] analyzing insert size distribution for orientation FR...
[M::mem_pestat] (25, 50, 75) percentile: (277, 363, 472)
[M::mem_pestat] low and high boundaries for computing mean and std.dev: (1, 862)
[M::mem_pestat] mean and std.dev: (375.85, 144.53)
[M::mem_pestat] low and high boundaries for proper pairs: (1, 1057)
[M::mem_pestat] analyzing insert size distribution for orientation RF...
[M::mem_pestat] (25, 50, 75) percentile: (282, 1600, 5219)
[M::mem_pestat] low and high boundaries for computing mean and std.dev: (1, 15093)
[M::mem_pestat] mean and std.dev: (2857.20, 3013.04)
[M::mem_pestat] low and high boundaries for proper pairs: (1, 20030)
[M::mem_pestat] analyzing insert size distribution for orientation RR...
[M::mem_pestat] (25, 50, 75) percentile: (342, 606, 3077)
[M::mem_pestat] low and high boundaries for computing mean and std.dev: (1, 8547)
[M::mem_pestat] mean and std.dev: (1786.56, 2209.45)
[M::mem_pestat] low and high boundaries for proper pairs: (1, 11282)
[M::mem_pestat] skip orientation FF
[M::mem_pestat] skip orientation RF
[M::mem_pestat] skip orientation RR
[M::process] read 7744 sequences (1161600 bp)...
[M::mem_process_seqs] Processed 1066668 reads in 802.663 CPU sec, 56.641 real sec
[M::mem_pestat] # candidate unique pairs for (FF, FR, RF, RR): (0, 1598, 3, 1)
[M::mem_pestat] skip orientation FF as there are not enough pairs
[M::mem_pestat] analyzing insert size distribution for orientation FR...
[M::mem_pestat] (25, 50, 75) percentile: (273, 360, 465)
[M::mem_pestat] low and high boundaries for computing mean and std.dev: (1, 849)
[M::mem_pestat] mean and std.dev: (370.15, 143.53)
[M::mem_pestat] low and high boundaries for proper pairs: (1, 1041)
[M::mem_pestat] skip orientation RF as there are not enough pairs
[M::mem_pestat] skip orientation RR as there are not enough pairs
[M::mem_process_seqs] Processed 7744 reads in 6.172 CPU sec, 0.562 real sec
[main] Version: 0.7.19-r1273
[main] CMD: bwa mem -t 16 -R @RG\tID:Ostrich_Bay_11\tSM:Ostrich_Bay_11\tLB:Ostrich_Bay_11\tPL:ILLUMINA output/05_realign_xbOstLuri2/reference/GCA_061535525.1_xbOstLuri2_USDA-ARS_PSRF_primary_genomic.fna data/raw/Ostrich_Bay_11_S60_L004_R1_001.fastq.gz data/raw/Ostrich_Bay_11_S60_L004_R2_001.fastq.gz
[main] Real time: 3863.867 sec; CPU: 54303.602 sec
[bam_sort_core] merging from 3 files and 8 in-memory blocks...
end 2026-09-27T15:26:19Z sample=Ostrich_Bay_11
