/opt/ohpc/admin/lmod/lmod/init/bash: line 93: LD_LIBRARY_PATH: unbound variable
start 2026-09-27T14:58:53Z host n3497 sample=SS18_North_Bay_Wild_17 location=SS18_North_Bay_Wild
[M::bwa_idx_load_from_disk] read 0 ALT contigs
[M::process] read 1066668 sequences (160000200 bp)...
[M::process] read 1066668 sequences (160000200 bp)...
[M::mem_pestat] # candidate unique pairs for (FF, FR, RF, RR): (49, 226303, 62, 33)
[M::mem_pestat] analyzing insert size distribution for orientation FF...
[M::mem_pestat] (25, 50, 75) percentile: (441, 885, 1936)
[M::mem_pestat] low and high boundaries for computing mean and std.dev: (1, 4926)
[M::mem_pestat] mean and std.dev: (1013.16, 939.91)
[M::mem_pestat] low and high boundaries for proper pairs: (1, 6421)
[M::mem_pestat] analyzing insert size distribution for orientation FR...
[M::mem_pestat] (25, 50, 75) percentile: (248, 329, 416)
[M::mem_pestat] low and high boundaries for computing mean and std.dev: (1, 752)
[M::mem_pestat] mean and std.dev: (332.33, 126.27)
[M::mem_pestat] low and high boundaries for proper pairs: (1, 920)
[M::mem_pestat] analyzing insert size distribution for orientation RF...
[M::mem_pestat] (25, 50, 75) percentile: (161, 725, 2775)
[M::mem_pestat] low and high boundaries for computing mean and std.dev: (1, 8003)
[M::mem_pestat] mean and std.dev: (1425.75, 1891.16)
[M::mem_pestat] low and high boundaries for proper pairs: (1, 10617)
[M::mem_pestat] analyzing insert size distribution for orientation RR...
[M::mem_pestat] (25, 50, 75) percentile: (145, 236, 2863)
[M::mem_pestat] low and high boundaries for computing mean and std.dev: (1, 8299)
[M::mem_pestat] mean and std.dev: (1270.38, 1786.97)
[M::mem_pestat] low and high boundaries for proper pairs: (1, 11017)
[M::mem_pestat] skip orientation FF
[M::mem_pestat] skip orientation RF
[M::mem_pestat] skip orientation RR
[M::mem_process_seqs] Processed 1066668 reads in 761.104 CPU sec, 51.099 real sec
[M::mem_pestat] # candidate unique pairs for (FF, FR, RF, RR): (31, 227436, 77, 31)
[M::mem_pestat] analyzing insert size distribution for orientation FF...
[M::mem_pestat] (25, 50, 75) percentile: (212, 329, 2031)
[M::mem_pestat] low and high boundaries for computing mean and std.dev: (1, 5669)
[M::mem_pestat] mean and std.dev: (1151.23, 1415.85)
[M::mem_pestat] low and high boundaries for proper pairs: (1, 7488)
[M::mem_pestat] analyzing insert size distribution for orientation FR...
[M::mem_pestat] (25, 50, 75) percentile: (254, 335, 423)
[M::mem_pestat] low and high boundaries for computing mean and std.dev: (1, 761)
[M::mem_pestat] mean and std.dev: (338.87, 127.71)
[M::mem_pestat] low and high boundaries for proper pairs: (1, 930)
[M::mem_pestat] analyzing insert size distribution for orientation RF...
[M::mem_pestat] (25, 50, 75) percentile: (413, 1399, 4240)
[M::mem_pestat] low and high boundaries for computing mean and std.dev: (1, 11894)
[M::mem_pestat] mean and std.dev: (2510.49, 2669.11)
[M::mem_pestat] low and high boundaries for proper pairs: (1, 15721)
[M::mem_pestat] analyzing insert size distribution for orientation RR...
[M::mem_pestat] (25, 50, 75) percentile: (249, 371, 2733)
[M::mem_pestat] low and high boundaries for computing mean and std.dev: (1, 7701)
[M::mem_pestat] mean and std.dev: (1548.87, 2198.22)
[M::mem_pestat] low and high boundaries for proper pairs: (1, 10342)
[M::mem_pestat] skip orientation FF
[M::mem_pestat] skip orientation RF
[M::mem_pestat] skip orientation RR
[M::process] read 1066668 sequences (160000200 bp)...
[M::mem_process_seqs] Processed 1066668 reads in 763.911 CPU sec, 49.303 real sec
[M::mem_pestat] # candidate unique pairs for (FF, FR, RF, RR): (36, 227277, 65, 29)
[M::mem_pestat] analyzing insert size distribution for orientation FF...
[M::mem_pestat] (25, 50, 75) percentile: (340, 650, 5044)
[M::mem_pestat] low and high boundaries for computing mean and std.dev: (1, 14452)
[M::mem_pestat] mean and std.dev: (2258.31, 2479.84)
[M::mem_pestat] low and high boundaries for proper pairs: (1, 19156)
[M::mem_pestat] analyzing insert size distribution for orientation FR...
[M::mem_pestat] (25, 50, 75) percentile: (250, 331, 420)
[M::mem_pestat] low and high boundaries for computing mean and std.dev: (1, 760)
[M::mem_pestat] mean and std.dev: (335.61, 127.45)
[M::mem_pestat] low and high boundaries for proper pairs: (1, 930)
[M::mem_pestat] analyzing insert size distribution for orientation RF...
[M::mem_pestat] (25, 50, 75) percentile: (192, 1838, 5399)
[M::mem_pestat] low and high boundaries for computing mean and std.dev: (1, 15813)
[M::mem_pestat] mean and std.dev: (2706.66, 2998.94)
[M::mem_pestat] low and high boundaries for proper pairs: (1, 21020)
[M::mem_pestat] analyzing insert size distribution for orientation RR...
[M::mem_pestat] (25, 50, 75) percentile: (332, 630, 1142)
[M::mem_pestat] low and high boundaries for computing mean and std.dev: (1, 2762)
[M::mem_pestat] mean and std.dev: (607.73, 433.94)
[M::mem_pestat] low and high boundaries for proper pairs: (1, 3572)
[M::mem_pestat] skip orientation FF
[M::mem_pestat] skip orientation RF
[M::mem_pestat] skip orientation RR
[M::process] read 1066668 sequences (160000200 bp)...
[M::mem_process_seqs] Processed 1066668 reads in 771.359 CPU sec, 49.747 real sec
[M::mem_pestat] # candidate unique pairs for (FF, FR, RF, RR): (31, 226849, 78, 42)
[M::mem_pestat] analyzing insert size distribution for orientation FF...
[M::mem_pestat] (25, 50, 75) percentile: (233, 327, 666)
[M::mem_pestat] low and high boundaries for computing mean and std.dev: (1, 1532)
[M::mem_pestat] mean and std.dev: (295.92, 147.61)
[M::mem_pestat] low and high boundaries for proper pairs: (1, 1965)
[M::mem_pestat] analyzing insert size distribution for orientation FR...
[M::mem_pestat] (25, 50, 75) percentile: (251, 332, 424)
[M::mem_pestat] low and high boundaries for computing mean and std.dev: (1, 770)
[M::mem_pestat] mean and std.dev: (337.74, 129.42)
[M::mem_pestat] low and high boundaries for proper pairs: (1, 943)
[M::mem_pestat] analyzing insert size distribution for orientation RF...
[M::mem_pestat] (25, 50, 75) percentile: (231, 1681, 4497)
[M::mem_pestat] low and high boundaries for computing mean and std.dev: (1, 13029)
[M::mem_pestat] mean and std.dev: (2763.47, 3068.46)
[M::mem_pestat] low and high boundaries for proper pairs: (1, 17295)
[M::mem_pestat] analyzing insert size distribution for orientation RR...
[M::mem_pestat] (25, 50, 75) percentile: (212, 532, 1610)
[M::mem_pestat] low and high boundaries for computing mean and std.dev: (1, 4406)
[M::mem_pestat] mean and std.dev: (837.78, 1008.82)
[M::mem_pestat] low and high boundaries for proper pairs: (1, 5804)
[M::mem_pestat] skip orientation FF
[M::mem_pestat] skip orientation RF
[M::mem_pestat] skip orientation RR
[M::process] read 1066668 sequences (160000200 bp)...
[M::mem_process_seqs] Processed 1066668 reads in 775.577 CPU sec, 49.916 real sec
[M::mem_pestat] # candidate unique pairs for (FF, FR, RF, RR): (28, 226482, 62, 32)
[M::mem_pestat] analyzing insert size distribution for orientation FF...
[M::mem_pestat] (25, 50, 75) percentile: (270, 497, 2527)
[M::mem_pestat] low and high boundaries for computing mean and std.dev: (1, 7041)
[M::mem_pestat] mean and std.dev: (1092.04, 1523.68)
[M::mem_pestat] low and high boundaries for proper pairs: (1, 9298)
[M::mem_pestat] analyzing insert size distribution for orientation FR...
[M::mem_pestat] (25, 50, 75) percentile: (249, 329, 419)
[M::mem_pestat] low and high boundaries for computing mean and std.dev: (1, 759)
[M::mem_pestat] mean and std.dev: (334.76, 128.02)
[M::mem_pestat] low and high boundaries for proper pairs: (1, 929)
[M::mem_pestat] analyzing insert size distribution for orientation RF...
[M::mem_pestat] (25, 50, 75) percentile: (280, 830, 3513)
[M::mem_pestat] low and high boundaries for computing mean and std.dev: (1, 9979)
[M::mem_pestat] mean and std.dev: (2345.98, 2705.78)
[M::mem_pestat] low and high boundaries for proper pairs: (1, 13212)
[M::mem_pestat] analyzing insert size distribution for orientation RR...
[M::mem_pestat] (25, 50, 75) percentile: (220, 443, 966)
[M::mem_pestat] low and high boundaries for computing mean and std.dev: (1, 2458)
[M::mem_pestat] mean and std.dev: (559.79, 520.79)
[M::mem_pestat] low and high boundaries for proper pairs: (1, 3204)
[M::mem_pestat] skip orientation FF
[M::mem_pestat] skip orientation RF
[M::mem_pestat] skip orientation RR
[M::process] read 1066668 sequences (160000200 bp)...
[M::mem_process_seqs] Processed 1066668 reads in 776.877 CPU sec, 50.142 real sec
[M::mem_pestat] # candidate unique pairs for (FF, FR, RF, RR): (39, 227037, 70, 28)
[M::mem_pestat] analyzing insert size distribution for orientation FF...
[M::mem_pestat] (25, 50, 75) percentile: (226, 364, 551)
[M::mem_pestat] low and high boundaries for computing mean and std.dev: (1, 1201)
[M::mem_pestat] mean and std.dev: (338.64, 177.41)
[M::mem_pestat] low and high boundaries for proper pairs: (1, 1526)
[M::mem_pestat] analyzing insert size distribution for orientation FR...
[M::mem_pestat] (25, 50, 75) percentile: (249, 330, 420)
[M::mem_pestat] low and high boundaries for computing mean and std.dev: (1, 762)
[M::mem_pestat] mean and std.dev: (335.44, 128.16)
[M::mem_pestat] low and high boundaries for proper pairs: (1, 933)
[M::mem_pestat] analyzing insert size distribution for orientation RF...
[M::mem_pestat] (25, 50, 75) percentile: (221, 726, 3405)
[M::mem_pestat] low and high boundaries for computing mean and std.dev: (1, 9773)
[M::mem_pestat] mean and std.dev: (2053.75, 2929.31)
[M::mem_pestat] low and high boundaries for proper pairs: (1, 13771)
[M::mem_pestat] analyzing insert size distribution for orientation RR...
[M::mem_pestat] (25, 50, 75) percentile: (141, 445, 678)
[M::mem_pestat] low and high boundaries for computing mean and std.dev: (1, 1752)
[M::mem_pestat] mean and std.dev: (386.31, 304.88)
[M::mem_pestat] low and high boundaries for proper pairs: (1, 2289)
[M::mem_pestat] skip orientation FF
[M::mem_pestat] skip orientation RF
[M::mem_pestat] skip orientation RR
[M::process] read 1066668 sequences (160000200 bp)...
[M::mem_process_seqs] Processed 1066668 reads in 774.563 CPU sec, 49.866 real sec
[M::mem_pestat] # candidate unique pairs for (FF, FR, RF, RR): (25, 227735, 75, 32)
[M::mem_pestat] analyzing insert size distribution for orientation FF...
[M::mem_pestat] (25, 50, 75) percentile: (209, 473, 4992)
[M::mem_pestat] low and high boundaries for computing mean and std.dev: (1, 14558)
[M::mem_pestat] mean and std.dev: (2472.68, 2442.24)
[M::mem_pestat] low and high boundaries for proper pairs: (1, 19341)
[M::mem_pestat] analyzing insert size distribution for orientation FR...
[M::mem_pestat] (25, 50, 75) percentile: (245, 325, 413)
[M::mem_pestat] low and high boundaries for computing mean and std.dev: (1, 749)
[M::mem_pestat] mean and std.dev: (330.46, 126.37)
[M::mem_pestat] low and high boundaries for proper pairs: (1, 917)
[M::mem_pestat] analyzing insert size distribution for orientation RF...
[M::mem_pestat] (25, 50, 75) percentile: (283, 1005, 3956)
[M::mem_pestat] low and high boundaries for computing mean and std.dev: (1, 11302)
[M::mem_pestat] mean and std.dev: (2252.79, 2782.97)
[M::mem_pestat] low and high boundaries for proper pairs: (1, 14975)
[M::mem_pestat] analyzing insert size distribution for orientation RR...
[M::mem_pestat] (25, 50, 75) percentile: (181, 434, 1742)
[M::mem_pestat] low and high boundaries for computing mean and std.dev: (1, 4864)
[M::mem_pestat] mean and std.dev: (873.60, 987.86)
[M::mem_pestat] low and high boundaries for proper pairs: (1, 6425)
[M::mem_pestat] skip orientation FF
[M::mem_pestat] skip orientation RF
[M::mem_pestat] skip orientation RR
[M::process] read 1066668 sequences (160000200 bp)...
[M::mem_process_seqs] Processed 1066668 reads in 798.364 CPU sec, 51.405 real sec
[M::mem_pestat] # candidate unique pairs for (FF, FR, RF, RR): (38, 225764, 70, 36)
[M::mem_pestat] analyzing insert size distribution for orientation FF...
[M::mem_pestat] (25, 50, 75) percentile: (210, 321, 815)
[M::mem_pestat] low and high boundaries for computing mean and std.dev: (1, 2025)
[M::mem_pestat] mean and std.dev: (400.66, 324.28)
[M::mem_pestat] low and high boundaries for proper pairs: (1, 2630)
[M::mem_pestat] analyzing insert size distribution for orientation FR...
[M::mem_pestat] (25, 50, 75) percentile: (245, 325, 414)
[M::mem_pestat] low and high boundaries for computing mean and std.dev: (1, 752)
[M::mem_pestat] mean and std.dev: (330.37, 126.61)
[M::mem_pestat] low and high boundaries for proper pairs: (1, 921)
[M::mem_pestat] analyzing insert size distribution for orientation RF...
[M::mem_pestat] (25, 50, 75) percentile: (453, 1015, 4189)
[M::mem_pestat] low and high boundaries for computing mean and std.dev: (1, 11661)
[M::mem_pestat] mean and std.dev: (2546.87, 2781.87)
[M::mem_pestat] low and high boundaries for proper pairs: (1, 15397)
[M::mem_pestat] analyzing insert size distribution for orientation RR...
[M::mem_pestat] (25, 50, 75) percentile: (271, 425, 535)
[M::mem_pestat] low and high boundaries for computing mean and std.dev: (1, 1063)
[M::mem_pestat] mean and std.dev: (331.21, 160.26)
[M::mem_pestat] low and high boundaries for proper pairs: (1, 1327)
[M::mem_pestat] skip orientation FF
[M::mem_pestat] skip orientation RF
[M::mem_pestat] skip orientation RR
[M::process] read 1066668 sequences (160000200 bp)...
[M::mem_process_seqs] Processed 1066668 reads in 779.924 CPU sec, 50.266 real sec
[M::mem_pestat] # candidate unique pairs for (FF, FR, RF, RR): (24, 226579, 63, 36)
[M::mem_pestat] analyzing insert size distribution for orientation FF...
[M::mem_pestat] (25, 50, 75) percentile: (180, 279, 422)
[M::mem_pestat] low and high boundaries for computing mean and std.dev: (1, 906)
[M::mem_pestat] mean and std.dev: (282.86, 160.03)
[M::mem_pestat] low and high boundaries for proper pairs: (1, 1148)
[M::mem_pestat] analyzing insert size distribution for orientation FR...
[M::mem_pestat] (25, 50, 75) percentile: (246, 327, 417)
[M::mem_pestat] low and high boundaries for computing mean and std.dev: (1, 759)
[M::mem_pestat] mean and std.dev: (332.43, 127.91)
[M::mem_pestat] low and high boundaries for proper pairs: (1, 930)
[M::mem_pestat] analyzing insert size distribution for orientation RF...
[M::mem_pestat] (25, 50, 75) percentile: (211, 1285, 2898)
[M::mem_pestat] low and high boundaries for computing mean and std.dev: (1, 8272)
[M::mem_pestat] mean and std.dev: (1724.90, 2029.48)
[M::mem_pestat] low and high boundaries for proper pairs: (1, 10959)
[M::mem_pestat] analyzing insert size distribution for orientation RR...
[M::mem_pestat] (25, 50, 75) percentile: (330, 909, 1696)
[M::mem_pestat] low and high boundaries for computing mean and std.dev: (1, 4428)
[M::mem_pestat] mean and std.dev: (750.07, 571.61)
[M::mem_pestat] low and high boundaries for proper pairs: (1, 5794)
[M::mem_pestat] skip orientation FF
[M::mem_pestat] skip orientation RF
[M::mem_pestat] skip orientation RR
[M::process] read 1066668 sequences (160000200 bp)...
[M::mem_process_seqs] Processed 1066668 reads in 784.101 CPU sec, 50.428 real sec
[M::mem_pestat] # candidate unique pairs for (FF, FR, RF, RR): (23, 225205, 84, 28)
[M::mem_pestat] analyzing insert size distribution for orientation FF...
[M::mem_pestat] (25, 50, 75) percentile: (156, 602, 2784)
[M::mem_pestat] low and high boundaries for computing mean and std.dev: (1, 8040)
[M::mem_pestat] mean and std.dev: (1619.61, 1750.01)
[M::mem_pestat] low and high boundaries for proper pairs: (1, 10668)
[M::mem_pestat] analyzing insert size distribution for orientation FR...
[M::mem_pestat] (25, 50, 75) percentile: (251, 335, 426)
[M::mem_pestat] low and high boundaries for computing mean and std.dev: (1, 776)
[M::mem_pestat] mean and std.dev: (339.05, 130.57)
[M::mem_pestat] low and high boundaries for proper pairs: (1, 951)
[M::mem_pestat] analyzing insert size distribution for orientation RF...
[M::mem_pestat] (25, 50, 75) percentile: (358, 1023, 3744)
[M::mem_pestat] low and high boundaries for computing mean and std.dev: (1, 10516)
[M::mem_pestat] mean and std.dev: (2456.75, 2807.58)
[M::mem_pestat] low and high boundaries for proper pairs: (1, 13902)
[M::mem_pestat] analyzing insert size distribution for orientation RR...
[M::mem_pestat] (25, 50, 75) percentile: (259, 535, 1550)
[M::mem_pestat] low and high boundaries for computing mean and std.dev: (1, 4132)
[M::mem_pestat] mean and std.dev: (711.33, 637.14)
[M::mem_pestat] low and high boundaries for proper pairs: (1, 5423)
[M::mem_pestat] skip orientation FF
[M::mem_pestat] skip orientation RF
[M::mem_pestat] skip orientation RR
[M::process] read 1066668 sequences (160000200 bp)...
[M::mem_process_seqs] Processed 1066668 reads in 763.086 CPU sec, 49.139 real sec
[M::mem_pestat] # candidate unique pairs for (FF, FR, RF, RR): (31, 226822, 84, 47)
[M::mem_pestat] analyzing insert size distribution for orientation FF...
[M::mem_pestat] (25, 50, 75) percentile: (386, 623, 2391)
[M::mem_pestat] low and high boundaries for computing mean and std.dev: (1, 6401)
[M::mem_pestat] mean and std.dev: (1542.52, 1673.53)
[M::mem_pestat] low and high boundaries for proper pairs: (1, 8406)
[M::mem_pestat] analyzing insert size distribution for orientation FR...
[M::mem_pestat] (25, 50, 75) percentile: (254, 338, 431)
[M::mem_pestat] low and high boundaries for computing mean and std.dev: (1, 785)
[M::mem_pestat] mean and std.dev: (342.74, 131.74)
[M::mem_pestat] low and high boundaries for proper pairs: (1, 962)
[M::mem_pestat] analyzing insert size distribution for orientation RF...
[M::mem_pestat] (25, 50, 75) percentile: (108, 1055, 2916)
[M::mem_pestat] low and high boundaries for computing mean and std.dev: (1, 8532)
[M::mem_pestat] mean and std.dev: (1732.83, 2214.75)
[M::mem_pestat] low and high boundaries for proper pairs: (1, 11340)
[M::mem_pestat] analyzing insert size distribution for orientation RR...
[M::mem_pestat] (25, 50, 75) percentile: (209, 820, 1405)
[M::mem_pestat] low and high boundaries for computing mean and std.dev: (1, 3797)
[M::mem_pestat] mean and std.dev: (922.24, 832.22)
[M::mem_pestat] low and high boundaries for proper pairs: (1, 4993)
[M::mem_pestat] skip orientation FF
[M::mem_pestat] skip orientation RF
[M::mem_pestat] skip orientation RR
[M::process] read 1066668 sequences (160000200 bp)...
[M::mem_process_seqs] Processed 1066668 reads in 769.197 CPU sec, 49.455 real sec
[M::mem_pestat] # candidate unique pairs for (FF, FR, RF, RR): (45, 227575, 67, 31)
[M::mem_pestat] analyzing insert size distribution for orientation FF...
[M::mem_pestat] (25, 50, 75) percentile: (259, 471, 1097)
[M::mem_pestat] low and high boundaries for computing mean and std.dev: (1, 2773)
[M::mem_pestat] mean and std.dev: (560.55, 463.98)
[M::mem_pestat] low and high boundaries for proper pairs: (1, 3611)
[M::mem_pestat] analyzing insert size distribution for orientation FR...
[M::mem_pestat] (25, 50, 75) percentile: (250, 333, 425)
[M::mem_pestat] low and high boundaries for computing mean and std.dev: (1, 775)
[M::mem_pestat] mean and std.dev: (338.33, 130.82)
[M::mem_pestat] low and high boundaries for proper pairs: (1, 950)
[M::mem_pestat] analyzing insert size distribution for orientation RF...
[M::mem_pestat] (25, 50, 75) percentile: (134, 765, 4854)
[M::mem_pestat] low and high boundaries for computing mean and std.dev: (1, 14294)
[M::mem_pestat] mean and std.dev: (2295.61, 2824.64)
[M::mem_pestat] low and high boundaries for proper pairs: (1, 19014)
[M::mem_pestat] analyzing insert size distribution for orientation RR...
[M::mem_pestat] (25, 50, 75) percentile: (265, 577, 2869)
[M::mem_pestat] low and high boundaries for computing mean and std.dev: (1, 8077)
[M::mem_pestat] mean and std.dev: (1304.19, 1423.90)
[M::mem_pestat] low and high boundaries for proper pairs: (1, 10681)
[M::mem_pestat] skip orientation FF
[M::mem_pestat] skip orientation RF
[M::mem_pestat] skip orientation RR
[M::process] read 1066668 sequences (160000200 bp)...
[M::mem_process_seqs] Processed 1066668 reads in 769.873 CPU sec, 49.486 real sec
[M::mem_pestat] # candidate unique pairs for (FF, FR, RF, RR): (40, 227429, 65, 31)
[M::mem_pestat] analyzing insert size distribution for orientation FF...
[M::mem_pestat] (25, 50, 75) percentile: (207, 526, 809)
[M::mem_pestat] low and high boundaries for computing mean and std.dev: (1, 2013)
[M::mem_pestat] mean and std.dev: (497.83, 389.16)
[M::mem_pestat] low and high boundaries for proper pairs: (1, 2615)
[M::mem_pestat] analyzing insert size distribution for orientation FR...
[M::mem_pestat] (25, 50, 75) percentile: (249, 332, 424)
[M::mem_pestat] low and high boundaries for computing mean and std.dev: (1, 774)
[M::mem_pestat] mean and std.dev: (337.86, 130.47)
[M::mem_pestat] low and high boundaries for proper pairs: (1, 949)
[M::mem_pestat] analyzing insert size distribution for orientation RF...
[M::mem_pestat] (25, 50, 75) percentile: (170, 971, 5189)
[M::mem_pestat] low and high boundaries for computing mean and std.dev: (1, 15227)
[M::mem_pestat] mean and std.dev: (2543.68, 3034.34)
[M::mem_pestat] low and high boundaries for proper pairs: (1, 20246)
[M::mem_pestat] analyzing insert size distribution for orientation RR...
[M::mem_pestat] (25, 50, 75) percentile: (407, 592, 2386)
[M::mem_pestat] low and high boundaries for computing mean and std.dev: (1, 6344)
[M::mem_pestat] mean and std.dev: (931.00, 943.30)
[M::mem_pestat] low and high boundaries for proper pairs: (1, 8323)
[M::mem_pestat] skip orientation FF
[M::mem_pestat] skip orientation RF
[M::mem_pestat] skip orientation RR
[M::process] read 1066668 sequences (160000200 bp)...
[M::mem_process_seqs] Processed 1066668 reads in 791.865 CPU sec, 51.011 real sec
[M::mem_pestat] # candidate unique pairs for (FF, FR, RF, RR): (36, 228152, 79, 33)
[M::mem_pestat] analyzing insert size distribution for orientation FF...
[M::mem_pestat] (25, 50, 75) percentile: (250, 441, 2637)
[M::mem_pestat] low and high boundaries for computing mean and std.dev: (1, 7411)
[M::mem_pestat] mean and std.dev: (1273.56, 1819.98)
[M::mem_pestat] low and high boundaries for proper pairs: (1, 9798)
[M::mem_pestat] analyzing insert size distribution for orientation FR...
[M::mem_pestat] (25, 50, 75) percentile: (250, 332, 422)
[M::mem_pestat] low and high boundaries for computing mean and std.dev: (1, 766)
[M::mem_pestat] mean and std.dev: (336.97, 128.78)
[M::mem_pestat] low and high boundaries for proper pairs: (1, 938)
[M::mem_pestat] analyzing insert size distribution for orientation RF...
[M::mem_pestat] (25, 50, 75) percentile: (598, 1548, 3915)
[M::mem_pestat] low and high boundaries for computing mean and std.dev: (1, 10549)
[M::mem_pestat] mean and std.dev: (2627.86, 2875.77)
[M::mem_pestat] low and high boundaries for proper pairs: (1, 14131)
[M::mem_pestat] analyzing insert size distribution for orientation RR...
[M::mem_pestat] (25, 50, 75) percentile: (247, 375, 1107)
[M::mem_pestat] low and high boundaries for computing mean and std.dev: (1, 2827)
[M::mem_pestat] mean and std.dev: (631.23, 633.74)
[M::mem_pestat] low and high boundaries for proper pairs: (1, 3687)
[M::mem_pestat] skip orientation FF
[M::mem_pestat] skip orientation RF
[M::mem_pestat] skip orientation RR
[M::process] read 1066668 sequences (160000200 bp)...
[M::mem_process_seqs] Processed 1066668 reads in 791.148 CPU sec, 50.913 real sec
[M::mem_pestat] # candidate unique pairs for (FF, FR, RF, RR): (54, 226826, 75, 25)
[M::mem_pestat] analyzing insert size distribution for orientation FF...
[M::mem_pestat] (25, 50, 75) percentile: (234, 468, 3035)
[M::mem_pestat] low and high boundaries for computing mean and std.dev: (1, 8637)
[M::mem_pestat] mean and std.dev: (1834.63, 2200.06)
[M::mem_pestat] low and high boundaries for proper pairs: (1, 11438)
[M::mem_pestat] analyzing insert size distribution for orientation FR...
[M::mem_pestat] (25, 50, 75) percentile: (249, 330, 422)
[M::mem_pestat] low and high boundaries for computing mean and std.dev: (1, 768)
[M::mem_pestat] mean and std.dev: (336.16, 129.44)
[M::mem_pestat] low and high boundaries for proper pairs: (1, 941)
[M::mem_pestat] analyzing insert size distribution for orientation RF...
[M::mem_pestat] (25, 50, 75) percentile: (426, 1775, 6032)
[M::mem_pestat] low and high boundaries for computing mean and std.dev: (1, 17244)
[M::mem_pestat] mean and std.dev: (2964.53, 2902.46)
[M::mem_pestat] low and high boundaries for proper pairs: (1, 22850)
[M::mem_pestat] analyzing insert size distribution for orientation RR...
[M::mem_pestat] (25, 50, 75) percentile: (192, 402, 1658)
[M::mem_pestat] low and high boundaries for computing mean and std.dev: (1, 4590)
[M::mem_pestat] mean and std.dev: (784.38, 891.80)
[M::mem_pestat] low and high boundaries for proper pairs: (1, 6056)
[M::mem_pestat] skip orientation FF
[M::mem_pestat] skip orientation RF
[M::mem_pestat] skip orientation RR
[M::process] read 1066668 sequences (160000200 bp)...
[M::mem_process_seqs] Processed 1066668 reads in 790.472 CPU sec, 51.045 real sec
[M::mem_pestat] # candidate unique pairs for (FF, FR, RF, RR): (30, 226513, 78, 25)
[M::mem_pestat] analyzing insert size distribution for orientation FF...
[M::mem_pestat] (25, 50, 75) percentile: (209, 789, 2526)
[M::mem_pestat] low and high boundaries for computing mean and std.dev: (1, 7160)
[M::mem_pestat] mean and std.dev: (1120.70, 1412.70)
[M::mem_pestat] low and high boundaries for proper pairs: (1, 9477)
[M::mem_pestat] analyzing insert size distribution for orientation FR...
[M::mem_pestat] (25, 50, 75) percentile: (245, 326, 418)
[M::mem_pestat] low and high boundaries for computing mean and std.dev: (1, 764)
[M::mem_pestat] mean and std.dev: (332.54, 128.61)
[M::mem_pestat] low and high boundaries for proper pairs: (1, 937)
[M::mem_pestat] analyzing insert size distribution for orientation RF...
[M::mem_pestat] (25, 50, 75) percentile: (273, 1346, 4788)
[M::mem_pestat] low and high boundaries for computing mean and std.dev: (1, 13818)
[M::mem_pestat] mean and std.dev: (2750.92, 3042.09)
[M::mem_pestat] low and high boundaries for proper pairs: (1, 18333)
[M::mem_pestat] analyzing insert size distribution for orientation RR...
[M::mem_pestat] (25, 50, 75) percentile: (385, 496, 750)
[M::mem_pestat] low and high boundaries for computing mean and std.dev: (1, 1480)
[M::mem_pestat] mean and std.dev: (463.87, 273.82)
[M::mem_pestat] low and high boundaries for proper pairs: (1, 1845)
[M::mem_pestat] skip orientation FF
[M::mem_pestat] skip orientation RF
[M::mem_pestat] skip orientation RR
[M::process] read 1066668 sequences (160000200 bp)...
[M::mem_process_seqs] Processed 1066668 reads in 801.642 CPU sec, 51.648 real sec
[M::mem_pestat] # candidate unique pairs for (FF, FR, RF, RR): (34, 226255, 97, 27)
[M::mem_pestat] analyzing insert size distribution for orientation FF...
[M::mem_pestat] (25, 50, 75) percentile: (193, 324, 1492)
[M::mem_pestat] low and high boundaries for computing mean and std.dev: (1, 4090)
[M::mem_pestat] mean and std.dev: (787.85, 971.00)
[M::mem_pestat] low and high boundaries for proper pairs: (1, 5389)
[M::mem_pestat] analyzing insert size distribution for orientation FR...
[M::mem_pestat] (25, 50, 75) percentile: (245, 326, 417)
[M::mem_pestat] low and high boundaries for computing mean and std.dev: (1, 761)
[M::mem_pestat] mean and std.dev: (332.27, 128.10)
[M::mem_pestat] low and high boundaries for proper pairs: (1, 933)
[M::mem_pestat] analyzing insert size distribution for orientation RF...
[M::mem_pestat] (25, 50, 75) percentile: (309, 1374, 5177)
[M::mem_pestat] low and high boundaries for computing mean and std.dev: (1, 14913)
[M::mem_pestat] mean and std.dev: (2763.60, 2810.49)
[M::mem_pestat] low and high boundaries for proper pairs: (1, 19781)
[M::mem_pestat] analyzing insert size distribution for orientation RR...
[M::mem_pestat] (25, 50, 75) percentile: (301, 397, 1779)
[M::mem_pestat] low and high boundaries for computing mean and std.dev: (1, 4735)
[M::mem_pestat] mean and std.dev: (850.21, 1145.85)
[M::mem_pestat] low and high boundaries for proper pairs: (1, 6213)
[M::mem_pestat] skip orientation FF
[M::mem_pestat] skip orientation RF
[M::mem_pestat] skip orientation RR
[M::process] read 1066668 sequences (160000200 bp)...
[M::mem_process_seqs] Processed 1066668 reads in 807.193 CPU sec, 52.061 real sec
[M::mem_pestat] # candidate unique pairs for (FF, FR, RF, RR): (30, 225741, 83, 45)
[M::mem_pestat] analyzing insert size distribution for orientation FF...
[M::mem_pestat] (25, 50, 75) percentile: (342, 1445, 5115)
[M::mem_pestat] low and high boundaries for computing mean and std.dev: (1, 14661)
[M::mem_pestat] mean and std.dev: (2760.93, 3023.15)
[M::mem_pestat] low and high boundaries for proper pairs: (1, 19434)
[M::mem_pestat] analyzing insert size distribution for orientation FR...
[M::mem_pestat] (25, 50, 75) percentile: (244, 327, 418)
[M::mem_pestat] low and high boundaries for computing mean and std.dev: (1, 766)
[M::mem_pestat] mean and std.dev: (332.30, 129.90)
[M::mem_pestat] low and high boundaries for proper pairs: (1, 940)
[M::mem_pestat] analyzing insert size distribution for orientation RF...
[M::mem_pestat] (25, 50, 75) percentile: (282, 863, 3984)
[M::mem_pestat] low and high boundaries for computing mean and std.dev: (1, 11388)
[M::mem_pestat] mean and std.dev: (2244.53, 2925.52)
[M::mem_pestat] low and high boundaries for proper pairs: (1, 15090)
[M::mem_pestat] analyzing insert size distribution for orientation RR...
[M::mem_pestat] (25, 50, 75) percentile: (206, 305, 730)
[M::mem_pestat] low and high boundaries for computing mean and std.dev: (1, 1778)
[M::mem_pestat] mean and std.dev: (344.76, 256.63)
[M::mem_pestat] low and high boundaries for proper pairs: (1, 2302)
[M::mem_pestat] skip orientation FF
[M::mem_pestat] skip orientation RF
[M::mem_pestat] skip orientation RR
[M::process] read 1066668 sequences (160000200 bp)...
[M::mem_process_seqs] Processed 1066668 reads in 806.831 CPU sec, 51.982 real sec
[M::mem_pestat] # candidate unique pairs for (FF, FR, RF, RR): (36, 227032, 78, 32)
[M::mem_pestat] analyzing insert size distribution for orientation FF...
[M::mem_pestat] (25, 50, 75) percentile: (284, 610, 820)
[M::mem_pestat] low and high boundaries for computing mean and std.dev: (1, 1892)
[M::mem_pestat] mean and std.dev: (500.27, 363.38)
[M::mem_pestat] low and high boundaries for proper pairs: (1, 2428)
[M::mem_pestat] analyzing insert size distribution for orientation FR...
[M::mem_pestat] (25, 50, 75) percentile: (250, 333, 425)
[M::mem_pestat] low and high boundaries for computing mean and std.dev: (1, 775)
[M::mem_pestat] mean and std.dev: (338.20, 131.30)
[M::mem_pestat] low and high boundaries for proper pairs: (1, 950)
[M::mem_pestat] analyzing insert size distribution for orientation RF...
[M::mem_pestat] (25, 50, 75) percentile: (275, 1229, 3574)
[M::mem_pestat] low and high boundaries for computing mean and std.dev: (1, 10172)
[M::mem_pestat] mean and std.dev: (2316.32, 2503.07)
[M::mem_pestat] low and high boundaries for proper pairs: (1, 13471)
[M::mem_pestat] analyzing insert size distribution for orientation RR...
[M::mem_pestat] (25, 50, 75) percentile: (288, 404, 1559)
[M::mem_pestat] low and high boundaries for computing mean and std.dev: (1, 4101)
[M::mem_pestat] mean and std.dev: (559.42, 467.34)
[M::mem_pestat] low and high boundaries for proper pairs: (1, 5372)
[M::mem_pestat] skip orientation FF
[M::mem_pestat] skip orientation RF
[M::mem_pestat] skip orientation RR
[M::mem_process_seqs] Processed 1066668 reads in 787.139 CPU sec, 51.540 real sec
[M::process] read 1066668 sequences (160000200 bp)...
[M::mem_pestat] # candidate unique pairs for (FF, FR, RF, RR): (18, 226990, 67, 42)
[M::mem_pestat] analyzing insert size distribution for orientation FF...
[M::mem_pestat] (25, 50, 75) percentile: (343, 734, 2545)
[M::mem_pestat] low and high boundaries for computing mean and std.dev: (1, 6949)
[M::mem_pestat] mean and std.dev: (1542.28, 1670.74)
[M::mem_pestat] low and high boundaries for proper pairs: (1, 9151)
[M::mem_pestat] analyzing insert size distribution for orientation FR...
[M::mem_pestat] (25, 50, 75) percentile: (249, 332, 423)
[M::mem_pestat] low and high boundaries for computing mean and std.dev: (1, 771)
[M::mem_pestat] mean and std.dev: (336.85, 129.97)
[M::mem_pestat] low and high boundaries for proper pairs: (1, 945)
[M::mem_pestat] analyzing insert size distribution for orientation RF...
[M::mem_pestat] (25, 50, 75) percentile: (219, 1030, 4642)
[M::mem_pestat] low and high boundaries for computing mean and std.dev: (1, 13488)
[M::mem_pestat] mean and std.dev: (2545.67, 2880.12)
[M::mem_pestat] low and high boundaries for proper pairs: (1, 17911)
[M::mem_pestat] analyzing insert size distribution for orientation RR...
[M::mem_pestat] (25, 50, 75) percentile: (167, 689, 1805)
[M::mem_pestat] low and high boundaries for computing mean and std.dev: (1, 5081)
[M::mem_pestat] mean and std.dev: (1036.80, 1173.10)
[M::mem_pestat] low and high boundaries for proper pairs: (1, 6719)
[M::mem_pestat] skip orientation FF
[M::mem_pestat] skip orientation RF
[M::mem_pestat] skip orientation RR
[M::process] read 1066668 sequences (160000200 bp)...
[M::mem_process_seqs] Processed 1066668 reads in 762.045 CPU sec, 48.569 real sec
[M::mem_pestat] # candidate unique pairs for (FF, FR, RF, RR): (55, 226909, 86, 43)
[M::mem_pestat] analyzing insert size distribution for orientation FF...
[M::mem_pestat] (25, 50, 75) percentile: (225, 367, 1290)
[M::mem_pestat] low and high boundaries for computing mean and std.dev: (1, 3420)
[M::mem_pestat] mean and std.dev: (491.98, 507.61)
[M::mem_pestat] low and high boundaries for proper pairs: (1, 4485)
[M::mem_pestat] analyzing insert size distribution for orientation FR...
[M::mem_pestat] (25, 50, 75) percentile: (246, 328, 419)
[M::mem_pestat] low and high boundaries for computing mean and std.dev: (1, 765)
[M::mem_pestat] mean and std.dev: (333.78, 129.44)
[M::mem_pestat] low and high boundaries for proper pairs: (1, 938)
[M::mem_pestat] analyzing insert size distribution for orientation RF...
[M::mem_pestat] (25, 50, 75) percentile: (284, 1344, 4109)
[M::mem_pestat] low and high boundaries for computing mean and std.dev: (1, 11759)
[M::mem_pestat] mean and std.dev: (2567.97, 2948.28)
[M::mem_pestat] low and high boundaries for proper pairs: (1, 15584)
[M::mem_pestat] analyzing insert size distribution for orientation RR...
[M::mem_pestat] (25, 50, 75) percentile: (229, 387, 1373)
[M::mem_pestat] low and high boundaries for computing mean and std.dev: (1, 3661)
[M::mem_pestat] mean and std.dev: (734.76, 734.93)
[M::mem_pestat] low and high boundaries for proper pairs: (1, 4805)
[M::mem_pestat] skip orientation FF
[M::mem_pestat] skip orientation RF
[M::mem_pestat] skip orientation RR
[M::process] read 1066668 sequences (160000200 bp)...
[M::mem_process_seqs] Processed 1066668 reads in 779.431 CPU sec, 50.273 real sec
[M::mem_pestat] # candidate unique pairs for (FF, FR, RF, RR): (35, 226053, 70, 44)
[M::mem_pestat] analyzing insert size distribution for orientation FF...
[M::mem_pestat] (25, 50, 75) percentile: (367, 605, 2172)
[M::mem_pestat] low and high boundaries for computing mean and std.dev: (1, 5782)
[M::mem_pestat] mean and std.dev: (1075.10, 1328.38)
[M::mem_pestat] low and high boundaries for proper pairs: (1, 7587)
[M::mem_pestat] analyzing insert size distribution for orientation FR...
[M::mem_pestat] (25, 50, 75) percentile: (245, 327, 417)
[M::mem_pestat] low and high boundaries for computing mean and std.dev: (1, 761)
[M::mem_pestat] mean and std.dev: (332.22, 129.07)
[M::mem_pestat] low and high boundaries for proper pairs: (1, 933)
[M::mem_pestat] analyzing insert size distribution for orientation RF...
[M::mem_pestat] (25, 50, 75) percentile: (315, 2240, 5939)
[M::mem_pestat] low and high boundaries for computing mean and std.dev: (1, 17187)
[M::mem_pestat] mean and std.dev: (3195.26, 3339.04)
[M::mem_pestat] low and high boundaries for proper pairs: (1, 22811)
[M::mem_pestat] analyzing insert size distribution for orientation RR...
[M::mem_pestat] (25, 50, 75) percentile: (256, 622, 2948)
[M::mem_pestat] low and high boundaries for computing mean and std.dev: (1, 8332)
[M::mem_pestat] mean and std.dev: (1757.70, 2163.81)
[M::mem_pestat] low and high boundaries for proper pairs: (1, 11024)
[M::mem_pestat] skip orientation FF
[M::mem_pestat] skip orientation RF
[M::mem_pestat] skip orientation RR
[M::process] read 1066668 sequences (160000200 bp)...
[M::mem_process_seqs] Processed 1066668 reads in 778.037 CPU sec, 50.084 real sec
[M::mem_pestat] # candidate unique pairs for (FF, FR, RF, RR): (29, 226744, 69, 24)
[M::mem_pestat] analyzing insert size distribution for orientation FF...
[M::mem_pestat] (25, 50, 75) percentile: (232, 654, 2489)
[M::mem_pestat] low and high boundaries for computing mean and std.dev: (1, 7003)
[M::mem_pestat] mean and std.dev: (1203.89, 1369.75)
[M::mem_pestat] low and high boundaries for proper pairs: (1, 9260)
[M::mem_pestat] analyzing insert size distribution for orientation FR...
[M::mem_pestat] (25, 50, 75) percentile: (247, 330, 422)
[M::mem_pestat] low and high boundaries for computing mean and std.dev: (1, 772)
[M::mem_pestat] mean and std.dev: (335.60, 130.33)
[M::mem_pestat] low and high boundaries for proper pairs: (1, 947)
[M::mem_pestat] analyzing insert size distribution for orientation RF...
[M::mem_pestat] (25, 50, 75) percentile: (195, 755, 4522)
[M::mem_pestat] low and high boundaries for computing mean and std.dev: (1, 13176)
[M::mem_pestat] mean and std.dev: (2456.39, 2937.54)
[M::mem_pestat] low and high boundaries for proper pairs: (1, 17503)
[M::mem_pestat] analyzing insert size distribution for orientation RR...
[M::mem_pestat] (25, 50, 75) percentile: (318, 730, 4033)
[M::mem_pestat] low and high boundaries for computing mean and std.dev: (1, 11463)
[M::mem_pestat] mean and std.dev: (1970.33, 2203.20)
[M::mem_pestat] low and high boundaries for proper pairs: (1, 15178)
[M::mem_pestat] skip orientation FF
[M::mem_pestat] skip orientation RF
[M::mem_pestat] skip orientation RR
[M::process] read 1066668 sequences (160000200 bp)...
[M::mem_process_seqs] Processed 1066668 reads in 782.743 CPU sec, 50.441 real sec
[M::mem_pestat] # candidate unique pairs for (FF, FR, RF, RR): (38, 226862, 64, 36)
[M::mem_pestat] analyzing insert size distribution for orientation FF...
[M::mem_pestat] (25, 50, 75) percentile: (312, 520, 1192)
[M::mem_pestat] low and high boundaries for computing mean and std.dev: (1, 2952)
[M::mem_pestat] mean and std.dev: (540.81, 418.95)
[M::mem_pestat] low and high boundaries for proper pairs: (1, 3832)
[M::mem_pestat] analyzing insert size distribution for orientation FR...
[M::mem_pestat] (25, 50, 75) percentile: (246, 327, 419)
[M::mem_pestat] low and high boundaries for computing mean and std.dev: (1, 765)
[M::mem_pestat] mean and std.dev: (333.67, 129.34)
[M::mem_pestat] low and high boundaries for proper pairs: (1, 938)
[M::mem_pestat] analyzing insert size distribution for orientation RF...
[M::mem_pestat] (25, 50, 75) percentile: (398, 1353, 5070)
[M::mem_pestat] low and high boundaries for computing mean and std.dev: (1, 14414)
[M::mem_pestat] mean and std.dev: (2756.12, 2937.53)
[M::mem_pestat] low and high boundaries for proper pairs: (1, 19086)
[M::mem_pestat] analyzing insert size distribution for orientation RR...
[M::mem_pestat] (25, 50, 75) percentile: (246, 374, 473)
[M::mem_pestat] low and high boundaries for computing mean and std.dev: (1, 927)
[M::mem_pestat] mean and std.dev: (315.43, 113.81)
[M::mem_pestat] low and high boundaries for proper pairs: (1, 1154)
[M::mem_pestat] skip orientation FF
[M::mem_pestat] skip orientation RF
[M::mem_pestat] skip orientation RR
[M::process] read 1066668 sequences (160000200 bp)...
[M::mem_process_seqs] Processed 1066668 reads in 792.381 CPU sec, 50.973 real sec
[M::mem_pestat] # candidate unique pairs for (FF, FR, RF, RR): (41, 225490, 75, 35)
[M::mem_pestat] analyzing insert size distribution for orientation FF...
[M::mem_pestat] (25, 50, 75) percentile: (196, 351, 1937)
[M::mem_pestat] low and high boundaries for computing mean and std.dev: (1, 5419)
[M::mem_pestat] mean and std.dev: (890.05, 1224.89)
[M::mem_pestat] low and high boundaries for proper pairs: (1, 7160)
[M::mem_pestat] analyzing insert size distribution for orientation FR...
[M::mem_pestat] (25, 50, 75) percentile: (245, 327, 418)
[M::mem_pestat] low and high boundaries for computing mean and std.dev: (1, 764)
[M::mem_pestat] mean and std.dev: (333.08, 129.29)
[M::mem_pestat] low and high boundaries for proper pairs: (1, 937)
[M::mem_pestat] analyzing insert size distribution for orientation RF...
[M::mem_pestat] (25, 50, 75) percentile: (164, 442, 4027)
[M::mem_pestat] low and high boundaries for computing mean and std.dev: (1, 11753)
[M::mem_pestat] mean and std.dev: (2118.43, 2886.24)
[M::mem_pestat] low and high boundaries for proper pairs: (1, 15616)
[M::mem_pestat] analyzing insert size distribution for orientation RR...
[M::mem_pestat] (25, 50, 75) percentile: (160, 524, 668)
[M::mem_pestat] low and high boundaries for computing mean and std.dev: (1, 1684)
[M::mem_pestat] mean and std.dev: (450.77, 382.11)
[M::mem_pestat] low and high boundaries for proper pairs: (1, 2192)
[M::mem_pestat] skip orientation FF
[M::mem_pestat] skip orientation RF
[M::mem_pestat] skip orientation RR
[M::process] read 1066668 sequences (160000200 bp)...
[M::mem_process_seqs] Processed 1066668 reads in 785.718 CPU sec, 50.665 real sec
[M::mem_pestat] # candidate unique pairs for (FF, FR, RF, RR): (43, 225801, 47, 53)
[M::mem_pestat] analyzing insert size distribution for orientation FF...
[M::mem_pestat] (25, 50, 75) percentile: (314, 656, 1609)
[M::mem_pestat] low and high boundaries for computing mean and std.dev: (1, 4199)
[M::mem_pestat] mean and std.dev: (832.42, 834.25)
[M::mem_pestat] low and high boundaries for proper pairs: (1, 5494)
[M::mem_pestat] analyzing insert size distribution for orientation FR...
[M::mem_pestat] (25, 50, 75) percentile: (245, 327, 417)
[M::mem_pestat] low and high boundaries for computing mean and std.dev: (1, 761)
[M::mem_pestat] mean and std.dev: (332.15, 128.52)
[M::mem_pestat] low and high boundaries for proper pairs: (1, 933)
[M::mem_pestat] analyzing insert size distribution for orientation RF...
[M::mem_pestat] (25, 50, 75) percentile: (642, 1462, 4429)
[M::mem_pestat] low and high boundaries for computing mean and std.dev: (1, 12003)
[M::mem_pestat] mean and std.dev: (2753.45, 2767.09)
[M::mem_pestat] low and high boundaries for proper pairs: (1, 15790)
[M::mem_pestat] analyzing insert size distribution for orientation RR...
[M::mem_pestat] (25, 50, 75) percentile: (333, 970, 2396)
[M::mem_pestat] low and high boundaries for computing mean and std.dev: (1, 6522)
[M::mem_pestat] mean and std.dev: (1058.70, 1151.09)
[M::mem_pestat] low and high boundaries for proper pairs: (1, 8585)
[M::mem_pestat] skip orientation FF
[M::mem_pestat] skip orientation RF
[M::mem_pestat] skip orientation RR
[M::process] read 1066668 sequences (160000200 bp)...
[M::mem_process_seqs] Processed 1066668 reads in 791.857 CPU sec, 51.066 real sec
[M::mem_pestat] # candidate unique pairs for (FF, FR, RF, RR): (42, 226257, 100, 21)
[M::mem_pestat] analyzing insert size distribution for orientation FF...
[M::mem_pestat] (25, 50, 75) percentile: (177, 321, 1518)
[M::mem_pestat] low and high boundaries for computing mean and std.dev: (1, 4200)
[M::mem_pestat] mean and std.dev: (885.74, 1058.48)
[M::mem_pestat] low and high boundaries for proper pairs: (1, 5541)
[M::mem_pestat] analyzing insert size distribution for orientation FR...
[M::mem_pestat] (25, 50, 75) percentile: (248, 331, 421)
[M::mem_pestat] low and high boundaries for computing mean and std.dev: (1, 767)
[M::mem_pestat] mean and std.dev: (335.39, 129.57)
[M::mem_pestat] low and high boundaries for proper pairs: (1, 940)
[M::mem_pestat] analyzing insert size distribution for orientation RF...
[M::mem_pestat] (25, 50, 75) percentile: (568, 1066, 2847)
[M::mem_pestat] low and high boundaries for computing mean and std.dev: (1, 7405)
[M::mem_pestat] mean and std.dev: (1552.19, 1703.04)
[M::mem_pestat] low and high boundaries for proper pairs: (1, 9684)
[M::mem_pestat] analyzing insert size distribution for orientation RR...
[M::mem_pestat] (25, 50, 75) percentile: (318, 344, 1311)
[M::mem_pestat] low and high boundaries for computing mean and std.dev: (1, 3297)
[M::mem_pestat] mean and std.dev: (591.37, 438.82)
[M::mem_pestat] low and high boundaries for proper pairs: (1, 4290)
[M::mem_pestat] skip orientation FF
[M::mem_pestat] skip orientation RF
[M::mem_pestat] skip orientation RR
[M::process] read 1066668 sequences (160000200 bp)...
[M::mem_process_seqs] Processed 1066668 reads in 771.141 CPU sec, 49.767 real sec
[M::mem_pestat] # candidate unique pairs for (FF, FR, RF, RR): (37, 226278, 57, 30)
[M::mem_pestat] analyzing insert size distribution for orientation FF...
[M::mem_pestat] (25, 50, 75) percentile: (234, 351, 2917)
[M::mem_pestat] low and high boundaries for computing mean and std.dev: (1, 8283)
[M::mem_pestat] mean and std.dev: (1744.73, 2381.55)
[M::mem_pestat] low and high boundaries for proper pairs: (1, 11271)
[M::mem_pestat] analyzing insert size distribution for orientation FR...
[M::mem_pestat] (25, 50, 75) percentile: (252, 334, 425)
[M::mem_pestat] low and high boundaries for computing mean and std.dev: (1, 771)
[M::mem_pestat] mean and std.dev: (338.85, 130.38)
[M::mem_pestat] low and high boundaries for proper pairs: (1, 944)
[M::mem_pestat] analyzing insert size distribution for orientation RF...
[M::mem_pestat] (25, 50, 75) percentile: (50, 838, 7280)
[M::mem_pestat] low and high boundaries for computing mean and std.dev: (1, 21740)
[M::mem_pestat] mean and std.dev: (3003.91, 3496.76)
[M::mem_pestat] low and high boundaries for proper pairs: (1, 28970)
[M::mem_pestat] analyzing insert size distribution for orientation RR...
[M::mem_pestat] (25, 50, 75) percentile: (203, 374, 735)
[M::mem_pestat] low and high boundaries for computing mean and std.dev: (1, 1799)
[M::mem_pestat] mean and std.dev: (442.81, 431.11)
[M::mem_pestat] low and high boundaries for proper pairs: (1, 2331)
[M::mem_pestat] skip orientation FF
[M::mem_pestat] skip orientation RF
[M::mem_pestat] skip orientation RR
[M::process] read 1066668 sequences (160000200 bp)...
[M::mem_process_seqs] Processed 1066668 reads in 771.303 CPU sec, 49.610 real sec
[M::mem_pestat] # candidate unique pairs for (FF, FR, RF, RR): (27, 226968, 78, 34)
[M::mem_pestat] analyzing insert size distribution for orientation FF...
[M::mem_pestat] (25, 50, 75) percentile: (275, 450, 1881)
[M::mem_pestat] low and high boundaries for computing mean and std.dev: (1, 5093)
[M::mem_pestat] mean and std.dev: (850.33, 879.30)
[M::mem_pestat] low and high boundaries for proper pairs: (1, 6699)
[M::mem_pestat] analyzing insert size distribution for orientation FR...
[M::mem_pestat] (25, 50, 75) percentile: (247, 328, 417)
[M::mem_pestat] low and high boundaries for computing mean and std.dev: (1, 757)
[M::mem_pestat] mean and std.dev: (332.63, 127.79)
[M::mem_pestat] low and high boundaries for proper pairs: (1, 927)
[M::mem_pestat] analyzing insert size distribution for orientation RF...
[M::mem_pestat] (25, 50, 75) percentile: (882, 1341, 2865)
[M::mem_pestat] low and high boundaries for computing mean and std.dev: (1, 6831)
[M::mem_pestat] mean and std.dev: (1484.42, 1450.38)
[M::mem_pestat] low and high boundaries for proper pairs: (1, 8814)
[M::mem_pestat] analyzing insert size distribution for orientation RR...
[M::mem_pestat] (25, 50, 75) percentile: (103, 292, 1193)
[M::mem_pestat] low and high boundaries for computing mean and std.dev: (1, 3373)
[M::mem_pestat] mean and std.dev: (590.69, 655.80)
[M::mem_pestat] low and high boundaries for proper pairs: (1, 4463)
[M::mem_pestat] skip orientation FF
[M::mem_pestat] skip orientation RF
[M::mem_pestat] skip orientation RR
[M::process] read 1066668 sequences (160000200 bp)...
[M::mem_process_seqs] Processed 1066668 reads in 771.695 CPU sec, 49.630 real sec
[M::mem_pestat] # candidate unique pairs for (FF, FR, RF, RR): (34, 226730, 72, 26)
[M::mem_pestat] analyzing insert size distribution for orientation FF...
[M::mem_pestat] (25, 50, 75) percentile: (299, 704, 2436)
[M::mem_pestat] low and high boundaries for computing mean and std.dev: (1, 6710)
[M::mem_pestat] mean and std.dev: (1481.47, 1878.24)
[M::mem_pestat] low and high boundaries for proper pairs: (1, 8994)
[M::mem_pestat] analyzing insert size distribution for orientation FR...
[M::mem_pestat] (25, 50, 75) percentile: (250, 333, 425)
[M::mem_pestat] low and high boundaries for computing mean and std.dev: (1, 775)
[M::mem_pestat] mean and std.dev: (338.56, 130.45)
[M::mem_pestat] low and high boundaries for proper pairs: (1, 950)
[M::mem_pestat] analyzing insert size distribution for orientation RF...
[M::mem_pestat] (25, 50, 75) percentile: (108, 959, 4265)
[M::mem_pestat] low and high boundaries for computing mean and std.dev: (1, 12579)
[M::mem_pestat] mean and std.dev: (2411.49, 2955.96)
[M::mem_pestat] low and high boundaries for proper pairs: (1, 16736)
[M::mem_pestat] analyzing insert size distribution for orientation RR...
[M::mem_pestat] (25, 50, 75) percentile: (271, 507, 1358)
[M::mem_pestat] low and high boundaries for computing mean and std.dev: (1, 3532)
[M::mem_pestat] mean and std.dev: (741.91, 787.26)
[M::mem_pestat] low and high boundaries for proper pairs: (1, 4619)
[M::mem_pestat] skip orientation FF
[M::mem_pestat] skip orientation RF
[M::mem_pestat] skip orientation RR
[M::process] read 1066668 sequences (160000200 bp)...
[M::mem_process_seqs] Processed 1066668 reads in 781.743 CPU sec, 50.319 real sec
[M::mem_pestat] # candidate unique pairs for (FF, FR, RF, RR): (47, 226853, 77, 32)
[M::mem_pestat] analyzing insert size distribution for orientation FF...
[M::mem_pestat] (25, 50, 75) percentile: (200, 346, 985)
[M::mem_pestat] low and high boundaries for computing mean and std.dev: (1, 2555)
[M::mem_pestat] mean and std.dev: (465.55, 390.65)
[M::mem_pestat] low and high boundaries for proper pairs: (1, 3340)
[M::mem_pestat] analyzing insert size distribution for orientation FR...
[M::mem_pestat] (25, 50, 75) percentile: (248, 329, 420)
[M::mem_pestat] low and high boundaries for computing mean and std.dev: (1, 764)
[M::mem_pestat] mean and std.dev: (334.84, 129.01)
[M::mem_pestat] low and high boundaries for proper pairs: (1, 936)
[M::mem_pestat] analyzing insert size distribution for orientation RF...
[M::mem_pestat] (25, 50, 75) percentile: (269, 1213, 3316)
[M::mem_pestat] low and high boundaries for computing mean and std.dev: (1, 9410)
[M::mem_pestat] mean and std.dev: (2167.29, 2494.85)
[M::mem_pestat] low and high boundaries for proper pairs: (1, 12457)
[M::mem_pestat] analyzing insert size distribution for orientation RR...
[M::mem_pestat] (25, 50, 75) percentile: (406, 770, 2167)
[M::mem_pestat] low and high boundaries for computing mean and std.dev: (1, 5689)
[M::mem_pestat] mean and std.dev: (1411.77, 1476.56)
[M::mem_pestat] low and high boundaries for proper pairs: (1, 7450)
[M::mem_pestat] skip orientation FF
[M::mem_pestat] skip orientation RF
[M::mem_pestat] skip orientation RR
[M::process] read 1066668 sequences (160000200 bp)...
[M::mem_process_seqs] Processed 1066668 reads in 781.749 CPU sec, 50.312 real sec
[M::mem_pestat] # candidate unique pairs for (FF, FR, RF, RR): (43, 226826, 74, 36)
[M::mem_pestat] analyzing insert size distribution for orientation FF...
[M::mem_pestat] (25, 50, 75) percentile: (241, 425, 1333)
[M::mem_pestat] low and high boundaries for computing mean and std.dev: (1, 3517)
[M::mem_pestat] mean and std.dev: (794.90, 814.19)
[M::mem_pestat] low and high boundaries for proper pairs: (1, 4609)
[M::mem_pestat] analyzing insert size distribution for orientation FR...
[M::mem_pestat] (25, 50, 75) percentile: (246, 327, 417)
[M::mem_pestat] low and high boundaries for computing mean and std.dev: (1, 759)
[M::mem_pestat] mean and std.dev: (332.65, 128.14)
[M::mem_pestat] low and high boundaries for proper pairs: (1, 930)
[M::mem_pestat] analyzing insert size distribution for orientation RF...
[M::mem_pestat] (25, 50, 75) percentile: (387, 1397, 4719)
[M::mem_pestat] low and high boundaries for computing mean and std.dev: (1, 13383)
[M::mem_pestat] mean and std.dev: (2664.76, 2816.75)
[M::mem_pestat] low and high boundaries for proper pairs: (1, 17715)
[M::mem_pestat] analyzing insert size distribution for orientation RR...
[M::mem_pestat] (25, 50, 75) percentile: (291, 484, 1650)
[M::mem_pestat] low and high boundaries for computing mean and std.dev: (1, 4368)
[M::mem_pestat] mean and std.dev: (796.66, 790.23)
[M::mem_pestat] low and high boundaries for proper pairs: (1, 5727)
[M::mem_pestat] skip orientation FF
[M::mem_pestat] skip orientation RF
[M::mem_pestat] skip orientation RR
[M::process] read 1066668 sequences (160000200 bp)...
[M::mem_process_seqs] Processed 1066668 reads in 783.531 CPU sec, 50.422 real sec
[M::mem_pestat] # candidate unique pairs for (FF, FR, RF, RR): (43, 226895, 78, 32)
[M::mem_pestat] analyzing insert size distribution for orientation FF...
[M::mem_pestat] (25, 50, 75) percentile: (181, 332, 629)
[M::mem_pestat] low and high boundaries for computing mean and std.dev: (1, 1525)
[M::mem_pestat] mean and std.dev: (311.86, 199.34)
[M::mem_pestat] low and high boundaries for proper pairs: (1, 1973)
[M::mem_pestat] analyzing insert size distribution for orientation FR...
[M::mem_pestat] (25, 50, 75) percentile: (244, 326, 417)
[M::mem_pestat] low and high boundaries for computing mean and std.dev: (1, 763)
[M::mem_pestat] mean and std.dev: (332.05, 129.01)
[M::mem_pestat] low and high boundaries for proper pairs: (1, 936)
[M::mem_pestat] analyzing insert size distribution for orientation RF...
[M::mem_pestat] (25, 50, 75) percentile: (346, 1779, 6347)
[M::mem_pestat] low and high boundaries for computing mean and std.dev: (1, 18349)
[M::mem_pestat] mean and std.dev: (3214.05, 3172.08)
[M::mem_pestat] low and high boundaries for proper pairs: (1, 24350)
[M::mem_pestat] analyzing insert size distribution for orientation RR...
[M::mem_pestat] (25, 50, 75) percentile: (209, 350, 1462)
[M::mem_pestat] low and high boundaries for computing mean and std.dev: (1, 3968)
[M::mem_pestat] mean and std.dev: (784.13, 898.77)
[M::mem_pestat] low and high boundaries for proper pairs: (1, 5221)
[M::mem_pestat] skip orientation FF
[M::mem_pestat] skip orientation RF
[M::mem_pestat] skip orientation RR
[M::process] read 1066668 sequences (160000200 bp)...
[M::mem_process_seqs] Processed 1066668 reads in 794.878 CPU sec, 51.192 real sec
[M::mem_pestat] # candidate unique pairs for (FF, FR, RF, RR): (33, 226456, 59, 35)
[M::mem_pestat] analyzing insert size distribution for orientation FF...
[M::mem_pestat] (25, 50, 75) percentile: (256, 485, 1748)
[M::mem_pestat] low and high boundaries for computing mean and std.dev: (1, 4732)
[M::mem_pestat] mean and std.dev: (611.61, 635.36)
[M::mem_pestat] low and high boundaries for proper pairs: (1, 6224)
[M::mem_pestat] analyzing insert size distribution for orientation FR...
[M::mem_pestat] (25, 50, 75) percentile: (244, 325, 416)
[M::mem_pestat] low and high boundaries for computing mean and std.dev: (1, 760)
[M::mem_pestat] mean and std.dev: (331.32, 128.60)
[M::mem_pestat] low and high boundaries for proper pairs: (1, 932)
[M::mem_pestat] analyzing insert size distribution for orientation RF...
[M::mem_pestat] (25, 50, 75) percentile: (122, 1121, 2450)
[M::mem_pestat] low and high boundaries for computing mean and std.dev: (1, 7106)
[M::mem_pestat] mean and std.dev: (1341.09, 1453.57)
[M::mem_pestat] low and high boundaries for proper pairs: (1, 9434)
[M::mem_pestat] analyzing insert size distribution for orientation RR...
[M::mem_pestat] (25, 50, 75) percentile: (238, 471, 2723)
[M::mem_pestat] low and high boundaries for computing mean and std.dev: (1, 7693)
[M::mem_pestat] mean and std.dev: (1255.12, 1584.15)
[M::mem_pestat] low and high boundaries for proper pairs: (1, 10178)
[M::mem_pestat] skip orientation FF
[M::mem_pestat] skip orientation RF
[M::mem_pestat] skip orientation RR
[M::process] read 1066668 sequences (160000200 bp)...
[M::mem_process_seqs] Processed 1066668 reads in 828.042 CPU sec, 53.327 real sec
[M::mem_pestat] # candidate unique pairs for (FF, FR, RF, RR): (32, 224605, 64, 30)
[M::mem_pestat] analyzing insert size distribution for orientation FF...
[M::mem_pestat] (25, 50, 75) percentile: (290, 669, 1320)
[M::mem_pestat] low and high boundaries for computing mean and std.dev: (1, 3380)
[M::mem_pestat] mean and std.dev: (707.18, 527.43)
[M::mem_pestat] low and high boundaries for proper pairs: (1, 4410)
[M::mem_pestat] analyzing insert size distribution for orientation FR...
[M::mem_pestat] (25, 50, 75) percentile: (246, 333, 431)
[M::mem_pestat] low and high boundaries for computing mean and std.dev: (1, 801)
[M::mem_pestat] mean and std.dev: (340.10, 135.63)
[M::mem_pestat] low and high boundaries for proper pairs: (1, 986)
[M::mem_pestat] analyzing insert size distribution for orientation RF...
[M::mem_pestat] (25, 50, 75) percentile: (188, 853, 3392)
[M::mem_pestat] low and high boundaries for computing mean and std.dev: (1, 9800)
[M::mem_pestat] mean and std.dev: (1766.27, 2373.95)
[M::mem_pestat] low and high boundaries for proper pairs: (1, 13004)
[M::mem_pestat] analyzing insert size distribution for orientation RR...
[M::mem_pestat] (25, 50, 75) percentile: (422, 634, 984)
[M::mem_pestat] low and high boundaries for computing mean and std.dev: (1, 2108)
[M::mem_pestat] mean and std.dev: (666.68, 463.15)
[M::mem_pestat] low and high boundaries for proper pairs: (1, 2670)
[M::mem_pestat] skip orientation FF
[M::mem_pestat] skip orientation RF
[M::mem_pestat] skip orientation RR
[M::process] read 1066668 sequences (160000200 bp)...
[M::mem_process_seqs] Processed 1066668 reads in 810.602 CPU sec, 52.204 real sec
[M::mem_pestat] # candidate unique pairs for (FF, FR, RF, RR): (39, 224302, 83, 39)
[M::mem_pestat] analyzing insert size distribution for orientation FF...
[M::mem_pestat] (25, 50, 75) percentile: (268, 615, 885)
[M::mem_pestat] low and high boundaries for computing mean and std.dev: (1, 2119)
[M::mem_pestat] mean and std.dev: (565.71, 415.66)
[M::mem_pestat] low and high boundaries for proper pairs: (1, 2736)
[M::mem_pestat] analyzing insert size distribution for orientation FR...
[M::mem_pestat] (25, 50, 75) percentile: (252, 341, 444)
[M::mem_pestat] low and high boundaries for computing mean and std.dev: (1, 828)
[M::mem_pestat] mean and std.dev: (348.75, 139.64)
[M::mem_pestat] low and high boundaries for proper pairs: (1, 1020)
[M::mem_pestat] analyzing insert size distribution for orientation RF...
[M::mem_pestat] (25, 50, 75) percentile: (442, 1415, 5303)
[M::mem_pestat] low and high boundaries for computing mean and std.dev: (1, 15025)
[M::mem_pestat] mean and std.dev: (2863.82, 2947.66)
[M::mem_pestat] low and high boundaries for proper pairs: (1, 19886)
[M::mem_pestat] analyzing insert size distribution for orientation RR...
[M::mem_pestat] (25, 50, 75) percentile: (319, 597, 945)
[M::mem_pestat] low and high boundaries for computing mean and std.dev: (1, 2197)
[M::mem_pestat] mean and std.dev: (605.86, 450.52)
[M::mem_pestat] low and high boundaries for proper pairs: (1, 2823)
[M::mem_pestat] skip orientation FF
[M::mem_pestat] skip orientation RF
[M::mem_pestat] skip orientation RR
[M::mem_process_seqs] Processed 1066668 reads in 800.772 CPU sec, 52.840 real sec
[M::process] read 1066668 sequences (160000200 bp)...
[M::mem_pestat] # candidate unique pairs for (FF, FR, RF, RR): (31, 224600, 95, 27)
[M::mem_pestat] analyzing insert size distribution for orientation FF...
[M::mem_pestat] (25, 50, 75) percentile: (277, 387, 1764)
[M::mem_pestat] low and high boundaries for computing mean and std.dev: (1, 4738)
[M::mem_pestat] mean and std.dev: (1063.71, 1260.77)
[M::mem_pestat] low and high boundaries for proper pairs: (1, 6225)
[M::mem_pestat] analyzing insert size distribution for orientation FR...
[M::mem_pestat] (25, 50, 75) percentile: (248, 335, 435)
[M::mem_pestat] low and high boundaries for computing mean and std.dev: (1, 809)
[M::mem_pestat] mean and std.dev: (342.80, 136.65)
[M::mem_pestat] low and high boundaries for proper pairs: (1, 996)
[M::mem_pestat] analyzing insert size distribution for orientation RF...
[M::mem_pestat] (25, 50, 75) percentile: (126, 1055, 4376)
[M::mem_pestat] low and high boundaries for computing mean and std.dev: (1, 12876)
[M::mem_pestat] mean and std.dev: (2576.72, 3139.80)
[M::mem_pestat] low and high boundaries for proper pairs: (1, 17126)
[M::mem_pestat] analyzing insert size distribution for orientation RR...
[M::mem_pestat] (25, 50, 75) percentile: (168, 250, 645)
[M::mem_pestat] low and high boundaries for computing mean and std.dev: (1, 1599)
[M::mem_pestat] mean and std.dev: (279.00, 261.75)
[M::mem_pestat] low and high boundaries for proper pairs: (1, 2076)
[M::mem_pestat] skip orientation FF
[M::mem_pestat] skip orientation RF
[M::mem_pestat] skip orientation RR
[M::process] read 1066668 sequences (160000200 bp)...
[M::mem_process_seqs] Processed 1066668 reads in 814.971 CPU sec, 52.000 real sec
[M::mem_pestat] # candidate unique pairs for (FF, FR, RF, RR): (21, 224519, 60, 33)
[M::mem_pestat] analyzing insert size distribution for orientation FF...
[M::mem_pestat] (25, 50, 75) percentile: (280, 678, 2717)
[M::mem_pestat] low and high boundaries for computing mean and std.dev: (1, 7591)
[M::mem_pestat] mean and std.dev: (1372.80, 1715.23)
[M::mem_pestat] low and high boundaries for proper pairs: (1, 10028)
[M::mem_pestat] analyzing insert size distribution for orientation FR...
[M::mem_pestat] (25, 50, 75) percentile: (247, 333, 431)
[M::mem_pestat] low and high boundaries for computing mean and std.dev: (1, 799)
[M::mem_pestat] mean and std.dev: (340.39, 135.04)
[M::mem_pestat] low and high boundaries for proper pairs: (1, 983)
[M::mem_pestat] analyzing insert size distribution for orientation RF...
[M::mem_pestat] (25, 50, 75) percentile: (158, 1044, 5840)
[M::mem_pestat] low and high boundaries for computing mean and std.dev: (1, 17204)
[M::mem_pestat] mean and std.dev: (2725.60, 3186.03)
[M::mem_pestat] low and high boundaries for proper pairs: (1, 22886)
[M::mem_pestat] analyzing insert size distribution for orientation RR...
[M::mem_pestat] (25, 50, 75) percentile: (304, 919, 3256)
[M::mem_pestat] low and high boundaries for computing mean and std.dev: (1, 9160)
[M::mem_pestat] mean and std.dev: (1925.00, 2295.65)
[M::mem_pestat] low and high boundaries for proper pairs: (1, 12112)
[M::mem_pestat] skip orientation FF
[M::mem_pestat] skip orientation RF
[M::mem_pestat] skip orientation RR
[M::process] read 1066668 sequences (160000200 bp)...
[M::mem_process_seqs] Processed 1066668 reads in 849.586 CPU sec, 54.849 real sec
[M::mem_pestat] # candidate unique pairs for (FF, FR, RF, RR): (31, 224408, 71, 39)
[M::mem_pestat] analyzing insert size distribution for orientation FF...
[M::mem_pestat] (25, 50, 75) percentile: (217, 342, 1207)
[M::mem_pestat] low and high boundaries for computing mean and std.dev: (1, 3187)
[M::mem_pestat] mean and std.dev: (595.07, 588.12)
[M::mem_pestat] low and high boundaries for proper pairs: (1, 4177)
[M::mem_pestat] analyzing insert size distribution for orientation FR...
[M::mem_pestat] (25, 50, 75) percentile: (247, 333, 430)
[M::mem_pestat] low and high boundaries for computing mean and std.dev: (1, 796)
[M::mem_pestat] mean and std.dev: (339.84, 134.49)
[M::mem_pestat] low and high boundaries for proper pairs: (1, 979)
[M::mem_pestat] analyzing insert size distribution for orientation RF...
[M::mem_pestat] (25, 50, 75) percentile: (218, 1425, 5026)
[M::mem_pestat] low and high boundaries for computing mean and std.dev: (1, 14642)
[M::mem_pestat] mean and std.dev: (3013.46, 3170.88)
[M::mem_pestat] low and high boundaries for proper pairs: (1, 19450)
[M::mem_pestat] analyzing insert size distribution for orientation RR...
[M::mem_pestat] (25, 50, 75) percentile: (235, 408, 762)
[M::mem_pestat] low and high boundaries for computing mean and std.dev: (1, 1816)
[M::mem_pestat] mean and std.dev: (468.00, 321.04)
[M::mem_pestat] low and high boundaries for proper pairs: (1, 2343)
[M::mem_pestat] skip orientation FF
[M::mem_pestat] skip orientation RF
[M::mem_pestat] skip orientation RR
[M::process] read 1066668 sequences (160000200 bp)...
[M::mem_process_seqs] Processed 1066668 reads in 876.670 CPU sec, 56.554 real sec
[M::mem_pestat] # candidate unique pairs for (FF, FR, RF, RR): (22, 225422, 74, 43)
[M::mem_pestat] analyzing insert size distribution for orientation FF...
[M::mem_pestat] (25, 50, 75) percentile: (280, 467, 1144)
[M::mem_pestat] low and high boundaries for computing mean and std.dev: (1, 2872)
[M::mem_pestat] mean and std.dev: (707.19, 674.02)
[M::mem_pestat] low and high boundaries for proper pairs: (1, 3736)
[M::mem_pestat] analyzing insert size distribution for orientation FR...
[M::mem_pestat] (25, 50, 75) percentile: (250, 334, 430)
[M::mem_pestat] low and high boundaries for computing mean and std.dev: (1, 790)
[M::mem_pestat] mean and std.dev: (341.63, 133.80)
[M::mem_pestat] low and high boundaries for proper pairs: (1, 970)
[M::mem_pestat] analyzing insert size distribution for orientation RF...
[M::mem_pestat] (25, 50, 75) percentile: (219, 1146, 3392)
[M::mem_pestat] low and high boundaries for computing mean and std.dev: (1, 9738)
[M::mem_pestat] mean and std.dev: (2211.30, 2619.55)
[M::mem_pestat] low and high boundaries for proper pairs: (1, 12911)
[M::mem_pestat] analyzing insert size distribution for orientation RR...
[M::mem_pestat] (25, 50, 75) percentile: (198, 341, 1100)
[M::mem_pestat] low and high boundaries for computing mean and std.dev: (1, 2904)
[M::mem_pestat] mean and std.dev: (649.21, 822.40)
[M::mem_pestat] low and high boundaries for proper pairs: (1, 3939)
[M::mem_pestat] skip orientation FF
[M::mem_pestat] skip orientation RF
[M::mem_pestat] skip orientation RR
[M::process] read 1066668 sequences (160000200 bp)...
[M::mem_process_seqs] Processed 1066668 reads in 867.541 CPU sec, 55.896 real sec
[M::mem_pestat] # candidate unique pairs for (FF, FR, RF, RR): (38, 224747, 63, 28)
[M::mem_pestat] analyzing insert size distribution for orientation FF...
[M::mem_pestat] (25, 50, 75) percentile: (218, 559, 1960)
[M::mem_pestat] low and high boundaries for computing mean and std.dev: (1, 5444)
[M::mem_pestat] mean and std.dev: (1125.65, 1276.53)
[M::mem_pestat] low and high boundaries for proper pairs: (1, 7186)
[M::mem_pestat] analyzing insert size distribution for orientation FR...
[M::mem_pestat] (25, 50, 75) percentile: (250, 333, 429)
[M::mem_pestat] low and high boundaries for computing mean and std.dev: (1, 787)
[M::mem_pestat] mean and std.dev: (340.72, 132.70)
[M::mem_pestat] low and high boundaries for proper pairs: (1, 966)
[M::mem_pestat] analyzing insert size distribution for orientation RF...
[M::mem_pestat] (25, 50, 75) percentile: (247, 1117, 2196)
[M::mem_pestat] low and high boundaries for computing mean and std.dev: (1, 6094)
[M::mem_pestat] mean and std.dev: (1161.74, 1444.28)
[M::mem_pestat] low and high boundaries for proper pairs: (1, 8043)
[M::mem_pestat] analyzing insert size distribution for orientation RR...
[M::mem_pestat] (25, 50, 75) percentile: (349, 629, 1178)
[M::mem_pestat] low and high boundaries for computing mean and std.dev: (1, 2836)
[M::mem_pestat] mean and std.dev: (718.44, 637.65)
[M::mem_pestat] low and high boundaries for proper pairs: (1, 3665)
[M::mem_pestat] skip orientation FF
[M::mem_pestat] skip orientation RF
[M::mem_pestat] skip orientation RR
[M::process] read 1066668 sequences (160000200 bp)...
[M::mem_process_seqs] Processed 1066668 reads in 878.230 CPU sec, 56.633 real sec
[M::mem_pestat] # candidate unique pairs for (FF, FR, RF, RR): (29, 225602, 84, 23)
[M::mem_pestat] analyzing insert size distribution for orientation FF...
[M::mem_pestat] (25, 50, 75) percentile: (356, 450, 1708)
[M::mem_pestat] low and high boundaries for computing mean and std.dev: (1, 4412)
[M::mem_pestat] mean and std.dev: (864.08, 985.90)
[M::mem_pestat] low and high boundaries for proper pairs: (1, 5764)
[M::mem_pestat] analyzing insert size distribution for orientation FR...
[M::mem_pestat] (25, 50, 75) percentile: (250, 333, 428)
[M::mem_pestat] low and high boundaries for computing mean and std.dev: (1, 784)
[M::mem_pestat] mean and std.dev: (340.60, 132.38)
[M::mem_pestat] low and high boundaries for proper pairs: (1, 962)
[M::mem_pestat] analyzing insert size distribution for orientation RF...
[M::mem_pestat] (25, 50, 75) percentile: (284, 869, 4837)
[M::mem_pestat] low and high boundaries for computing mean and std.dev: (1, 13943)
[M::mem_pestat] mean and std.dev: (2553.94, 2918.60)
[M::mem_pestat] low and high boundaries for proper pairs: (1, 18496)
[M::mem_pestat] analyzing insert size distribution for orientation RR...
[M::mem_pestat] (25, 50, 75) percentile: (162, 268, 715)
[M::mem_pestat] low and high boundaries for computing mean and std.dev: (1, 1821)
[M::mem_pestat] mean and std.dev: (307.40, 219.28)
[M::mem_pestat] low and high boundaries for proper pairs: (1, 2374)
[M::mem_pestat] skip orientation FF
[M::mem_pestat] skip orientation RF
[M::mem_pestat] skip orientation RR
[M::process] read 1066668 sequences (160000200 bp)...
[M::mem_process_seqs] Processed 1066668 reads in 875.191 CPU sec, 56.400 real sec
[M::mem_pestat] # candidate unique pairs for (FF, FR, RF, RR): (36, 224159, 78, 41)
[M::mem_pestat] analyzing insert size distribution for orientation FF...
[M::mem_pestat] (25, 50, 75) percentile: (275, 511, 545)
[M::mem_pestat] low and high boundaries for computing mean and std.dev: (1, 1085)
[M::mem_pestat] mean and std.dev: (397.87, 194.93)
[M::mem_pestat] low and high boundaries for proper pairs: (1, 1355)
[M::mem_pestat] analyzing insert size distribution for orientation FR...
[M::mem_pestat] (25, 50, 75) percentile: (243, 328, 427)
[M::mem_pestat] low and high boundaries for computing mean and std.dev: (1, 795)
[M::mem_pestat] mean and std.dev: (336.94, 135.74)
[M::mem_pestat] low and high boundaries for proper pairs: (1, 979)
[M::mem_pestat] analyzing insert size distribution for orientation RF...
[M::mem_pestat] (25, 50, 75) percentile: (306, 1304, 5411)
[M::mem_pestat] low and high boundaries for computing mean and std.dev: (1, 15621)
[M::mem_pestat] mean and std.dev: (2827.19, 2753.86)
[M::mem_pestat] low and high boundaries for proper pairs: (1, 20726)
[M::mem_pestat] analyzing insert size distribution for orientation RR...
[M::mem_pestat] (25, 50, 75) percentile: (298, 504, 1805)
[M::mem_pestat] low and high boundaries for computing mean and std.dev: (1, 4819)
[M::mem_pestat] mean and std.dev: (1031.28, 1007.87)
[M::mem_pestat] low and high boundaries for proper pairs: (1, 6326)
[M::mem_pestat] skip orientation FF
[M::mem_pestat] skip orientation RF
[M::mem_pestat] skip orientation RR
[M::process] read 1066668 sequences (160000200 bp)...
[M::mem_process_seqs] Processed 1066668 reads in 890.896 CPU sec, 57.410 real sec
[M::mem_pestat] # candidate unique pairs for (FF, FR, RF, RR): (38, 223892, 58, 31)
[M::mem_pestat] analyzing insert size distribution for orientation FF...
[M::mem_pestat] (25, 50, 75) percentile: (211, 361, 1004)
[M::mem_pestat] low and high boundaries for computing mean and std.dev: (1, 2590)
[M::mem_pestat] mean and std.dev: (544.03, 524.63)
[M::mem_pestat] low and high boundaries for proper pairs: (1, 3383)
[M::mem_pestat] analyzing insert size distribution for orientation FR...
[M::mem_pestat] (25, 50, 75) percentile: (243, 331, 433)
[M::mem_pestat] low and high boundaries for computing mean and std.dev: (1, 813)
[M::mem_pestat] mean and std.dev: (340.06, 138.23)
[M::mem_pestat] low and high boundaries for proper pairs: (1, 1003)
[M::mem_pestat] analyzing insert size distribution for orientation RF...
[M::mem_pestat] (25, 50, 75) percentile: (427, 1330, 3982)
[M::mem_pestat] low and high boundaries for computing mean and std.dev: (1, 11092)
[M::mem_pestat] mean and std.dev: (2462.26, 2752.35)
[M::mem_pestat] low and high boundaries for proper pairs: (1, 14647)
[M::mem_pestat] analyzing insert size distribution for orientation RR...
[M::mem_pestat] (25, 50, 75) percentile: (214, 401, 736)
[M::mem_pestat] low and high boundaries for computing mean and std.dev: (1, 1780)
[M::mem_pestat] mean and std.dev: (426.32, 332.52)
[M::mem_pestat] low and high boundaries for proper pairs: (1, 2302)
[M::mem_pestat] skip orientation FF
[M::mem_pestat] skip orientation RF
[M::mem_pestat] skip orientation RR
[M::process] read 1066668 sequences (160000200 bp)...
[M::mem_process_seqs] Processed 1066668 reads in 879.337 CPU sec, 56.823 real sec
[M::mem_pestat] # candidate unique pairs for (FF, FR, RF, RR): (30, 223566, 68, 36)
[M::mem_pestat] analyzing insert size distribution for orientation FF...
[M::mem_pestat] (25, 50, 75) percentile: (159, 311, 600)
[M::mem_pestat] low and high boundaries for computing mean and std.dev: (1, 1482)
[M::mem_pestat] mean and std.dev: (325.00, 242.96)
[M::mem_pestat] low and high boundaries for proper pairs: (1, 1923)
[M::mem_pestat] analyzing insert size distribution for orientation FR...
[M::mem_pestat] (25, 50, 75) percentile: (244, 330, 432)
[M::mem_pestat] low and high boundaries for computing mean and std.dev: (1, 808)
[M::mem_pestat] mean and std.dev: (340.03, 137.89)
[M::mem_pestat] low and high boundaries for proper pairs: (1, 996)
[M::mem_pestat] analyzing insert size distribution for orientation RF...
[M::mem_pestat] (25, 50, 75) percentile: (336, 1357, 4398)
[M::mem_pestat] low and high boundaries for computing mean and std.dev: (1, 12522)
[M::mem_pestat] mean and std.dev: (2529.38, 2724.77)
[M::mem_pestat] low and high boundaries for proper pairs: (1, 16584)
[M::mem_pestat] analyzing insert size distribution for orientation RR...
[M::mem_pestat] (25, 50, 75) percentile: (216, 481, 1178)
[M::mem_pestat] low and high boundaries for computing mean and std.dev: (1, 3102)
[M::mem_pestat] mean and std.dev: (648.88, 631.59)
[M::mem_pestat] low and high boundaries for proper pairs: (1, 4064)
[M::mem_pestat] skip orientation FF
[M::mem_pestat] skip orientation RF
[M::mem_pestat] skip orientation RR
[M::process] read 1066668 sequences (160000200 bp)...
[M::mem_process_seqs] Processed 1066668 reads in 870.243 CPU sec, 56.019 real sec
[M::mem_pestat] # candidate unique pairs for (FF, FR, RF, RR): (22, 224196, 65, 27)
[M::mem_pestat] analyzing insert size distribution for orientation FF...
[M::mem_pestat] (25, 50, 75) percentile: (250, 521, 5367)
[M::mem_pestat] low and high boundaries for computing mean and std.dev: (1, 15601)
[M::mem_pestat] mean and std.dev: (2099.18, 2584.54)
[M::mem_pestat] low and high boundaries for proper pairs: (1, 20718)
[M::mem_pestat] analyzing insert size distribution for orientation FR...
[M::mem_pestat] (25, 50, 75) percentile: (246, 333, 434)
[M::mem_pestat] low and high boundaries for computing mean and std.dev: (1, 810)
[M::mem_pestat] mean and std.dev: (341.50, 137.70)
[M::mem_pestat] low and high boundaries for proper pairs: (1, 998)
[M::mem_pestat] analyzing insert size distribution for orientation RF...
[M::mem_pestat] (25, 50, 75) percentile: (231, 798, 2910)
[M::mem_pestat] low and high boundaries for computing mean and std.dev: (1, 8268)
[M::mem_pestat] mean and std.dev: (1818.12, 2145.75)
[M::mem_pestat] low and high boundaries for proper pairs: (1, 10947)
[M::mem_pestat] analyzing insert size distribution for orientation RR...
[M::mem_pestat] (25, 50, 75) percentile: (233, 432, 1818)
[M::mem_pestat] low and high boundaries for computing mean and std.dev: (1, 4988)
[M::mem_pestat] mean and std.dev: (842.42, 933.56)
[M::mem_pestat] low and high boundaries for proper pairs: (1, 6573)
[M::mem_pestat] skip orientation FF
[M::mem_pestat] skip orientation RF
[M::mem_pestat] skip orientation RR
[M::process] read 1066668 sequences (160000200 bp)...
[M::mem_process_seqs] Processed 1066668 reads in 871.213 CPU sec, 56.175 real sec
[M::mem_pestat] # candidate unique pairs for (FF, FR, RF, RR): (25, 224519, 78, 35)
[M::mem_pestat] analyzing insert size distribution for orientation FF...
[M::mem_pestat] (25, 50, 75) percentile: (194, 289, 669)
[M::mem_pestat] low and high boundaries for computing mean and std.dev: (1, 1619)
[M::mem_pestat] mean and std.dev: (316.30, 176.10)
[M::mem_pestat] low and high boundaries for proper pairs: (1, 2094)
[M::mem_pestat] analyzing insert size distribution for orientation FR...
[M::mem_pestat] (25, 50, 75) percentile: (246, 332, 431)
[M::mem_pestat] low and high boundaries for computing mean and std.dev: (1, 801)
[M::mem_pestat] mean and std.dev: (340.46, 136.01)
[M::mem_pestat] low and high boundaries for proper pairs: (1, 986)
[M::mem_pestat] analyzing insert size distribution for orientation RF...
[M::mem_pestat] (25, 50, 75) percentile: (371, 1166, 4804)
[M::mem_pestat] low and high boundaries for computing mean and std.dev: (1, 13670)
[M::mem_pestat] mean and std.dev: (2868.35, 3294.07)
[M::mem_pestat] low and high boundaries for proper pairs: (1, 18103)
[M::mem_pestat] analyzing insert size distribution for orientation RR...
[M::mem_pestat] (25, 50, 75) percentile: (262, 422, 1159)
[M::mem_pestat] low and high boundaries for computing mean and std.dev: (1, 2953)
[M::mem_pestat] mean and std.dev: (644.50, 690.69)
[M::mem_pestat] low and high boundaries for proper pairs: (1, 3850)
[M::mem_pestat] skip orientation FF
[M::mem_pestat] skip orientation RF
[M::mem_pestat] skip orientation RR
[M::process] read 1066668 sequences (160000200 bp)...
[M::mem_process_seqs] Processed 1066668 reads in 875.691 CPU sec, 56.448 real sec
[M::mem_pestat] # candidate unique pairs for (FF, FR, RF, RR): (51, 225120, 77, 39)
[M::mem_pestat] analyzing insert size distribution for orientation FF...
[M::mem_pestat] (25, 50, 75) percentile: (176, 354, 638)
[M::mem_pestat] low and high boundaries for computing mean and std.dev: (1, 1562)
[M::mem_pestat] mean and std.dev: (335.29, 263.89)
[M::mem_pestat] low and high boundaries for proper pairs: (1, 2024)
[M::mem_pestat] analyzing insert size distribution for orientation FR...
[M::mem_pestat] (25, 50, 75) percentile: (250, 337, 437)
[M::mem_pestat] low and high boundaries for computing mean and std.dev: (1, 811)
[M::mem_pestat] mean and std.dev: (344.90, 137.59)
[M::mem_pestat] low and high boundaries for proper pairs: (1, 998)
[M::mem_pestat] analyzing insert size distribution for orientation RF...
[M::mem_pestat] (25, 50, 75) percentile: (388, 1206, 6820)
[M::mem_pestat] low and high boundaries for computing mean and std.dev: (1, 19684)
[M::mem_pestat] mean and std.dev: (3398.88, 3554.36)
[M::mem_pestat] low and high boundaries for proper pairs: (1, 26116)
[M::mem_pestat] analyzing insert size distribution for orientation RR...
[M::mem_pestat] (25, 50, 75) percentile: (360, 881, 2316)
[M::mem_pestat] low and high boundaries for computing mean and std.dev: (1, 6228)
[M::mem_pestat] mean and std.dev: (1148.08, 875.55)
[M::mem_pestat] low and high boundaries for proper pairs: (1, 8184)
[M::mem_pestat] skip orientation FF
[M::mem_pestat] skip orientation RF
[M::mem_pestat] skip orientation RR
[M::process] read 1066668 sequences (160000200 bp)...
[M::mem_process_seqs] Processed 1066668 reads in 875.357 CPU sec, 56.472 real sec
[M::mem_pestat] # candidate unique pairs for (FF, FR, RF, RR): (41, 226043, 73, 32)
[M::mem_pestat] analyzing insert size distribution for orientation FF...
[M::mem_pestat] (25, 50, 75) percentile: (227, 342, 1960)
[M::mem_pestat] low and high boundaries for computing mean and std.dev: (1, 5426)
[M::mem_pestat] mean and std.dev: (930.63, 1107.78)
[M::mem_pestat] low and high boundaries for proper pairs: (1, 7159)
[M::mem_pestat] analyzing insert size distribution for orientation FR...
[M::mem_pestat] (25, 50, 75) percentile: (250, 334, 432)
[M::mem_pestat] low and high boundaries for computing mean and std.dev: (1, 796)
[M::mem_pestat] mean and std.dev: (342.24, 134.95)
[M::mem_pestat] low and high boundaries for proper pairs: (1, 978)
[M::mem_pestat] analyzing insert size distribution for orientation RF...
[M::mem_pestat] (25, 50, 75) percentile: (170, 1256, 5351)
[M::mem_pestat] low and high boundaries for computing mean and std.dev: (1, 15713)
[M::mem_pestat] mean and std.dev: (2716.90, 2997.87)
[M::mem_pestat] low and high boundaries for proper pairs: (1, 20894)
[M::mem_pestat] analyzing insert size distribution for orientation RR...
[M::mem_pestat] (25, 50, 75) percentile: (272, 662, 5179)
[M::mem_pestat] low and high boundaries for computing mean and std.dev: (1, 14993)
[M::mem_pestat] mean and std.dev: (2164.28, 2660.65)
[M::mem_pestat] low and high boundaries for proper pairs: (1, 19900)
[M::mem_pestat] skip orientation FF
[M::mem_pestat] skip orientation RF
[M::mem_pestat] skip orientation RR
[M::process] read 1066668 sequences (160000200 bp)...
[M::mem_process_seqs] Processed 1066668 reads in 867.322 CPU sec, 56.109 real sec
[M::mem_pestat] # candidate unique pairs for (FF, FR, RF, RR): (39, 224270, 72, 28)
[M::mem_pestat] analyzing insert size distribution for orientation FF...
[M::mem_pestat] (25, 50, 75) percentile: (248, 364, 1012)
[M::mem_pestat] low and high boundaries for computing mean and std.dev: (1, 2540)
[M::mem_pestat] mean and std.dev: (546.03, 431.13)
[M::mem_pestat] low and high boundaries for proper pairs: (1, 3304)
[M::mem_pestat] analyzing insert size distribution for orientation FR...
[M::mem_pestat] (25, 50, 75) percentile: (249, 332, 430)
[M::mem_pestat] low and high boundaries for computing mean and std.dev: (1, 792)
[M::mem_pestat] mean and std.dev: (341.41, 134.91)
[M::mem_pestat] low and high boundaries for proper pairs: (1, 973)
[M::mem_pestat] analyzing insert size distribution for orientation RF...
[M::mem_pestat] (25, 50, 75) percentile: (410, 960, 3342)
[M::mem_pestat] low and high boundaries for computing mean and std.dev: (1, 9206)
[M::mem_pestat] mean and std.dev: (2156.66, 2487.21)
[M::mem_pestat] low and high boundaries for proper pairs: (1, 12138)
[M::mem_pestat] analyzing insert size distribution for orientation RR...
[M::mem_pestat] (25, 50, 75) percentile: (266, 775, 3720)
[M::mem_pestat] low and high boundaries for computing mean and std.dev: (1, 10628)
[M::mem_pestat] mean and std.dev: (1763.32, 2049.49)
[M::mem_pestat] low and high boundaries for proper pairs: (1, 14082)
[M::mem_pestat] skip orientation FF
[M::mem_pestat] skip orientation RF
[M::mem_pestat] skip orientation RR
[M::process] read 1066668 sequences (160000200 bp)...
[M::mem_process_seqs] Processed 1066668 reads in 792.148 CPU sec, 51.078 real sec
[M::mem_pestat] # candidate unique pairs for (FF, FR, RF, RR): (28, 224440, 59, 27)
[M::mem_pestat] analyzing insert size distribution for orientation FF...
[M::mem_pestat] (25, 50, 75) percentile: (187, 387, 1300)
[M::mem_pestat] low and high boundaries for computing mean and std.dev: (1, 3526)
[M::mem_pestat] mean and std.dev: (597.40, 718.90)
[M::mem_pestat] low and high boundaries for proper pairs: (1, 4639)
[M::mem_pestat] analyzing insert size distribution for orientation FR...
[M::mem_pestat] (25, 50, 75) percentile: (242, 326, 425)
[M::mem_pestat] low and high boundaries for computing mean and std.dev: (1, 791)
[M::mem_pestat] mean and std.dev: (335.73, 135.94)
[M::mem_pestat] low and high boundaries for proper pairs: (1, 974)
[M::mem_pestat] analyzing insert size distribution for orientation RF...
[M::mem_pestat] (25, 50, 75) percentile: (250, 1139, 4508)
[M::mem_pestat] low and high boundaries for computing mean and std.dev: (1, 13024)
[M::mem_pestat] mean and std.dev: (2471.25, 2818.13)
[M::mem_pestat] low and high boundaries for proper pairs: (1, 17282)
[M::mem_pestat] analyzing insert size distribution for orientation RR...
[M::mem_pestat] (25, 50, 75) percentile: (421, 799, 2609)
[M::mem_pestat] low and high boundaries for computing mean and std.dev: (1, 6985)
[M::mem_pestat] mean and std.dev: (1485.77, 1710.32)
[M::mem_pestat] low and high boundaries for proper pairs: (1, 9173)
[M::mem_pestat] skip orientation FF
[M::mem_pestat] skip orientation RF
[M::mem_pestat] skip orientation RR
[M::process] read 1066668 sequences (160000200 bp)...
[M::mem_process_seqs] Processed 1066668 reads in 865.314 CPU sec, 55.768 real sec
[M::mem_pestat] # candidate unique pairs for (FF, FR, RF, RR): (30, 224056, 69, 31)
[M::mem_pestat] analyzing insert size distribution for orientation FF...
[M::mem_pestat] (25, 50, 75) percentile: (235, 660, 2840)
[M::mem_pestat] low and high boundaries for computing mean and std.dev: (1, 8050)
[M::mem_pestat] mean and std.dev: (1688.83, 2177.01)
[M::mem_pestat] low and high boundaries for proper pairs: (1, 10655)
[M::mem_pestat] analyzing insert size distribution for orientation FR...
[M::mem_pestat] (25, 50, 75) percentile: (242, 329, 429)
[M::mem_pestat] low and high boundaries for computing mean and std.dev: (1, 803)
[M::mem_pestat] mean and std.dev: (338.32, 138.29)
[M::mem_pestat] low and high boundaries for proper pairs: (1, 990)
[M::mem_pestat] analyzing insert size distribution for orientation RF...
[M::mem_pestat] (25, 50, 75) percentile: (377, 1516, 3669)
[M::mem_pestat] low and high boundaries for computing mean and std.dev: (1, 10253)
[M::mem_pestat] mean and std.dev: (2485.70, 2747.51)
[M::mem_pestat] low and high boundaries for proper pairs: (1, 13545)
[M::mem_pestat] analyzing insert size distribution for orientation RR...
[M::mem_pestat] (25, 50, 75) percentile: (236, 446, 755)
[M::mem_pestat] low and high boundaries for computing mean and std.dev: (1, 1793)
[M::mem_pestat] mean and std.dev: (469.07, 370.49)
[M::mem_pestat] low and high boundaries for proper pairs: (1, 2312)
[M::mem_pestat] skip orientation FF
[M::mem_pestat] skip orientation RF
[M::mem_pestat] skip orientation RR
[M::process] read 1066668 sequences (160000200 bp)...
[M::mem_process_seqs] Processed 1066668 reads in 872.586 CPU sec, 56.341 real sec
[M::mem_pestat] # candidate unique pairs for (FF, FR, RF, RR): (37, 222969, 77, 41)
[M::mem_pestat] analyzing insert size distribution for orientation FF...
[M::mem_pestat] (25, 50, 75) percentile: (182, 283, 1777)
[M::mem_pestat] low and high boundaries for computing mean and std.dev: (1, 4967)
[M::mem_pestat] mean and std.dev: (713.85, 1031.62)
[M::mem_pestat] low and high boundaries for proper pairs: (1, 6562)
[M::mem_pestat] analyzing insert size distribution for orientation FR...
[M::mem_pestat] (25, 50, 75) percentile: (241, 326, 426)
[M::mem_pestat] low and high boundaries for computing mean and std.dev: (1, 796)
[M::mem_pestat] mean and std.dev: (335.53, 136.68)
[M::mem_pestat] low and high boundaries for proper pairs: (1, 981)
[M::mem_pestat] analyzing insert size distribution for orientation RF...
[M::mem_pestat] (25, 50, 75) percentile: (251, 1906, 5263)
[M::mem_pestat] low and high boundaries for computing mean and std.dev: (1, 15287)
[M::mem_pestat] mean and std.dev: (2790.55, 2838.67)
[M::mem_pestat] low and high boundaries for proper pairs: (1, 20299)
[M::mem_pestat] analyzing insert size distribution for orientation RR...
[M::mem_pestat] (25, 50, 75) percentile: (204, 620, 2399)
[M::mem_pestat] low and high boundaries for computing mean and std.dev: (1, 6789)
[M::mem_pestat] mean and std.dev: (1399.28, 1623.55)
[M::mem_pestat] low and high boundaries for proper pairs: (1, 8984)
[M::mem_pestat] skip orientation FF
[M::mem_pestat] skip orientation RF
[M::mem_pestat] skip orientation RR
[M::process] read 1066668 sequences (160000200 bp)...
[M::mem_process_seqs] Processed 1066668 reads in 879.732 CPU sec, 56.670 real sec
[M::mem_pestat] # candidate unique pairs for (FF, FR, RF, RR): (22, 223913, 66, 26)
[M::mem_pestat] analyzing insert size distribution for orientation FF...
[M::mem_pestat] (25, 50, 75) percentile: (175, 1306, 1785)
[M::mem_pestat] low and high boundaries for computing mean and std.dev: (1, 5005)
[M::mem_pestat] mean and std.dev: (1396.59, 1503.18)
[M::mem_pestat] low and high boundaries for proper pairs: (1, 7409)
[M::mem_pestat] analyzing insert size distribution for orientation FR...
[M::mem_pestat] (25, 50, 75) percentile: (238, 323, 422)
[M::mem_pestat] low and high boundaries for computing mean and std.dev: (1, 790)
[M::mem_pestat] mean and std.dev: (332.63, 135.58)
[M::mem_pestat] low and high boundaries for proper pairs: (1, 974)
[M::mem_pestat] analyzing insert size distribution for orientation RF...
[M::mem_pestat] (25, 50, 75) percentile: (339, 1093, 2417)
[M::mem_pestat] low and high boundaries for computing mean and std.dev: (1, 6573)
[M::mem_pestat] mean and std.dev: (1422.37, 1625.48)
[M::mem_pestat] low and high boundaries for proper pairs: (1, 8651)
[M::mem_pestat] analyzing insert size distribution for orientation RR...
[M::mem_pestat] (25, 50, 75) percentile: (378, 548, 1765)
[M::mem_pestat] low and high boundaries for computing mean and std.dev: (1, 4539)
[M::mem_pestat] mean and std.dev: (947.54, 953.81)
[M::mem_pestat] low and high boundaries for proper pairs: (1, 5926)
[M::mem_pestat] skip orientation FF
[M::mem_pestat] skip orientation RF
[M::mem_pestat] skip orientation RR
[M::mem_process_seqs] Processed 1066668 reads in 875.057 CPU sec, 57.911 real sec
[M::process] read 1066668 sequences (160000200 bp)...
[M::mem_pestat] # candidate unique pairs for (FF, FR, RF, RR): (27, 224616, 90, 39)
[M::mem_pestat] analyzing insert size distribution for orientation FF...
[M::mem_pestat] (25, 50, 75) percentile: (239, 434, 870)
[M::mem_pestat] low and high boundaries for computing mean and std.dev: (1, 2132)
[M::mem_pestat] mean and std.dev: (528.12, 384.47)
[M::mem_pestat] low and high boundaries for proper pairs: (1, 2763)
[M::mem_pestat] analyzing insert size distribution for orientation FR...
[M::mem_pestat] (25, 50, 75) percentile: (245, 331, 432)
[M::mem_pestat] low and high boundaries for computing mean and std.dev: (1, 806)
[M::mem_pestat] mean and std.dev: (340.01, 136.92)
[M::mem_pestat] low and high boundaries for proper pairs: (1, 993)
[M::mem_pestat] analyzing insert size distribution for orientation RF...
[M::mem_pestat] (25, 50, 75) percentile: (532, 1202, 4222)
[M::mem_pestat] low and high boundaries for computing mean and std.dev: (1, 11602)
[M::mem_pestat] mean and std.dev: (2677.40, 2920.11)
[M::mem_pestat] low and high boundaries for proper pairs: (1, 15292)
[M::mem_pestat] analyzing insert size distribution for orientation RR...
[M::mem_pestat] (25, 50, 75) percentile: (356, 841, 4190)
[M::mem_pestat] low and high boundaries for computing mean and std.dev: (1, 11858)
[M::mem_pestat] mean and std.dev: (2384.79, 2809.93)
[M::mem_pestat] low and high boundaries for proper pairs: (1, 15692)
[M::mem_pestat] skip orientation FF
[M::mem_pestat] skip orientation RF
[M::mem_pestat] skip orientation RR
[M::process] read 1066668 sequences (160000200 bp)...
[M::mem_process_seqs] Processed 1066668 reads in 871.094 CPU sec, 55.796 real sec
[M::mem_pestat] # candidate unique pairs for (FF, FR, RF, RR): (35, 224811, 67, 33)
[M::mem_pestat] analyzing insert size distribution for orientation FF...
[M::mem_pestat] (25, 50, 75) percentile: (265, 499, 1252)
[M::mem_pestat] low and high boundaries for computing mean and std.dev: (1, 3226)
[M::mem_pestat] mean and std.dev: (842.20, 707.70)
[M::mem_pestat] low and high boundaries for proper pairs: (1, 4213)
[M::mem_pestat] analyzing insert size distribution for orientation FR...
[M::mem_pestat] (25, 50, 75) percentile: (250, 336, 436)
[M::mem_pestat] low and high boundaries for computing mean and std.dev: (1, 808)
[M::mem_pestat] mean and std.dev: (344.81, 137.63)
[M::mem_pestat] low and high boundaries for proper pairs: (1, 994)
[M::mem_pestat] analyzing insert size distribution for orientation RF...
[M::mem_pestat] (25, 50, 75) percentile: (181, 929, 3881)
[M::mem_pestat] low and high boundaries for computing mean and std.dev: (1, 11281)
[M::mem_pestat] mean and std.dev: (2296.52, 2819.29)
[M::mem_pestat] low and high boundaries for proper pairs: (1, 14981)
[M::mem_pestat] analyzing insert size distribution for orientation RR...
[M::mem_pestat] (25, 50, 75) percentile: (242, 379, 2725)
[M::mem_pestat] low and high boundaries for computing mean and std.dev: (1, 7691)
[M::mem_pestat] mean and std.dev: (1505.39, 2097.87)
[M::mem_pestat] low and high boundaries for proper pairs: (1, 10174)
[M::mem_pestat] skip orientation FF
[M::mem_pestat] skip orientation RF
[M::mem_pestat] skip orientation RR
[M::process] read 1066668 sequences (160000200 bp)...
[M::mem_process_seqs] Processed 1066668 reads in 870.775 CPU sec, 56.255 real sec
[M::mem_pestat] # candidate unique pairs for (FF, FR, RF, RR): (29, 225092, 75, 32)
[M::mem_pestat] analyzing insert size distribution for orientation FF...
[M::mem_pestat] (25, 50, 75) percentile: (271, 386, 1793)
[M::mem_pestat] low and high boundaries for computing mean and std.dev: (1, 4837)
[M::mem_pestat] mean and std.dev: (753.96, 927.40)
[M::mem_pestat] low and high boundaries for proper pairs: (1, 6359)
[M::mem_pestat] analyzing insert size distribution for orientation FR...
[M::mem_pestat] (25, 50, 75) percentile: (249, 333, 431)
[M::mem_pestat] low and high boundaries for computing mean and std.dev: (1, 795)
[M::mem_pestat] mean and std.dev: (341.39, 135.40)
[M::mem_pestat] low and high boundaries for proper pairs: (1, 977)
[M::mem_pestat] analyzing insert size distribution for orientation RF...
[M::mem_pestat] (25, 50, 75) percentile: (337, 1021, 2881)
[M::mem_pestat] low and high boundaries for computing mean and std.dev: (1, 7969)
[M::mem_pestat] mean and std.dev: (1668.78, 1924.72)
[M::mem_pestat] low and high boundaries for proper pairs: (1, 10513)
[M::mem_pestat] analyzing insert size distribution for orientation RR...
[M::mem_pestat] (25, 50, 75) percentile: (284, 1250, 2891)
[M::mem_pestat] low and high boundaries for computing mean and std.dev: (1, 8105)
[M::mem_pestat] mean and std.dev: (1883.94, 2233.41)
[M::mem_pestat] low and high boundaries for proper pairs: (1, 10818)
[M::mem_pestat] skip orientation FF
[M::mem_pestat] skip orientation RF
[M::mem_pestat] skip orientation RR
[M::process] read 1066668 sequences (160000200 bp)...
[M::mem_process_seqs] Processed 1066668 reads in 874.028 CPU sec, 56.332 real sec
[M::mem_pestat] # candidate unique pairs for (FF, FR, RF, RR): (42, 225372, 97, 35)
[M::mem_pestat] analyzing insert size distribution for orientation FF...
[M::mem_pestat] (25, 50, 75) percentile: (224, 463, 1055)
[M::mem_pestat] low and high boundaries for computing mean and std.dev: (1, 2717)
[M::mem_pestat] mean and std.dev: (581.46, 555.41)
[M::mem_pestat] low and high boundaries for proper pairs: (1, 3548)
[M::mem_pestat] analyzing insert size distribution for orientation FR...
[M::mem_pestat] (25, 50, 75) percentile: (249, 333, 430)
[M::mem_pestat] low and high boundaries for computing mean and std.dev: (1, 792)
[M::mem_pestat] mean and std.dev: (341.28, 134.75)
[M::mem_pestat] low and high boundaries for proper pairs: (1, 973)
[M::mem_pestat] analyzing insert size distribution for orientation RF...
[M::mem_pestat] (25, 50, 75) percentile: (321, 1039, 2250)
[M::mem_pestat] low and high boundaries for computing mean and std.dev: (1, 6108)
[M::mem_pestat] mean and std.dev: (1163.36, 1245.46)
[M::mem_pestat] low and high boundaries for proper pairs: (1, 8037)
[M::mem_pestat] analyzing insert size distribution for orientation RR...
[M::mem_pestat] (25, 50, 75) percentile: (234, 371, 788)
[M::mem_pestat] low and high boundaries for computing mean and std.dev: (1, 1896)
[M::mem_pestat] mean and std.dev: (444.20, 372.96)
[M::mem_pestat] low and high boundaries for proper pairs: (1, 2450)
[M::mem_pestat] skip orientation FF
[M::mem_pestat] skip orientation RF
[M::mem_pestat] skip orientation RR
[M::process] read 1066668 sequences (160000200 bp)...
[M::mem_process_seqs] Processed 1066668 reads in 884.625 CPU sec, 57.019 real sec
[M::mem_pestat] # candidate unique pairs for (FF, FR, RF, RR): (24, 222321, 67, 24)
[M::mem_pestat] analyzing insert size distribution for orientation FF...
[M::mem_pestat] (25, 50, 75) percentile: (156, 314, 843)
[M::mem_pestat] low and high boundaries for computing mean and std.dev: (1, 2217)
[M::mem_pestat] mean and std.dev: (463.86, 537.00)
[M::mem_pestat] low and high boundaries for proper pairs: (1, 2904)
[M::mem_pestat] analyzing insert size distribution for orientation FR...
[M::mem_pestat] (25, 50, 75) percentile: (241, 327, 428)
[M::mem_pestat] low and high boundaries for computing mean and std.dev: (1, 802)
[M::mem_pestat] mean and std.dev: (336.33, 137.46)
[M::mem_pestat] low and high boundaries for proper pairs: (1, 989)
[M::mem_pestat] analyzing insert size distribution for orientation RF...
[M::mem_pestat] (25, 50, 75) percentile: (392, 1919, 6437)
[M::mem_pestat] low and high boundaries for computing mean and std.dev: (1, 18527)
[M::mem_pestat] mean and std.dev: (3529.97, 3417.46)
[M::mem_pestat] low and high boundaries for proper pairs: (1, 24572)
[M::mem_pestat] analyzing insert size distribution for orientation RR...
[M::mem_pestat] (25, 50, 75) percentile: (175, 377, 1260)
[M::mem_pestat] low and high boundaries for computing mean and std.dev: (1, 3430)
[M::mem_pestat] mean and std.dev: (453.52, 416.61)
[M::mem_pestat] low and high boundaries for proper pairs: (1, 4515)
[M::mem_pestat] skip orientation FF
[M::mem_pestat] skip orientation RF
[M::mem_pestat] skip orientation RR
[M::process] read 1066668 sequences (160000200 bp)...
[M::mem_process_seqs] Processed 1066668 reads in 883.872 CPU sec, 57.066 real sec
[M::mem_pestat] # candidate unique pairs for (FF, FR, RF, RR): (36, 223610, 69, 26)
[M::mem_pestat] analyzing insert size distribution for orientation FF...
[M::mem_pestat] (25, 50, 75) percentile: (252, 399, 676)
[M::mem_pestat] low and high boundaries for computing mean and std.dev: (1, 1524)
[M::mem_pestat] mean and std.dev: (442.91, 311.53)
[M::mem_pestat] low and high boundaries for proper pairs: (1, 1948)
[M::mem_pestat] analyzing insert size distribution for orientation FR...
[M::mem_pestat] (25, 50, 75) percentile: (244, 331, 433)
[M::mem_pestat] low and high boundaries for computing mean and std.dev: (1, 811)
[M::mem_pestat] mean and std.dev: (339.98, 138.32)
[M::mem_pestat] low and high boundaries for proper pairs: (1, 1000)
[M::mem_pestat] analyzing insert size distribution for orientation RF...
[M::mem_pestat] (25, 50, 75) percentile: (192, 1130, 4403)
[M::mem_pestat] low and high boundaries for computing mean and std.dev: (1, 12825)
[M::mem_pestat] mean and std.dev: (2589.03, 3027.99)
[M::mem_pestat] low and high boundaries for proper pairs: (1, 17036)
[M::mem_pestat] analyzing insert size distribution for orientation RR...
[M::mem_pestat] (25, 50, 75) percentile: (228, 431, 1844)
[M::mem_pestat] low and high boundaries for computing mean and std.dev: (1, 5076)
[M::mem_pestat] mean and std.dev: (977.58, 1221.63)
[M::mem_pestat] low and high boundaries for proper pairs: (1, 6692)
[M::mem_pestat] skip orientation FF
[M::mem_pestat] skip orientation RF
[M::mem_pestat] skip orientation RR
[M::process] read 1066668 sequences (160000200 bp)...
[M::mem_process_seqs] Processed 1066668 reads in 873.654 CPU sec, 56.276 real sec
[M::mem_pestat] # candidate unique pairs for (FF, FR, RF, RR): (29, 223301, 66, 41)
[M::mem_pestat] analyzing insert size distribution for orientation FF...
[M::mem_pestat] (25, 50, 75) percentile: (189, 500, 1432)
[M::mem_pestat] low and high boundaries for computing mean and std.dev: (1, 3918)
[M::mem_pestat] mean and std.dev: (728.93, 648.10)
[M::mem_pestat] low and high boundaries for proper pairs: (1, 5161)
[M::mem_pestat] analyzing insert size distribution for orientation FR...
[M::mem_pestat] (25, 50, 75) percentile: (241, 327, 426)
[M::mem_pestat] low and high boundaries for computing mean and std.dev: (1, 796)
[M::mem_pestat] mean and std.dev: (335.09, 135.87)
[M::mem_pestat] low and high boundaries for proper pairs: (1, 981)
[M::mem_pestat] analyzing insert size distribution for orientation RF...
[M::mem_pestat] (25, 50, 75) percentile: (200, 930, 2991)
[M::mem_pestat] low and high boundaries for computing mean and std.dev: (1, 8573)
[M::mem_pestat] mean and std.dev: (1873.98, 2108.91)
[M::mem_pestat] low and high boundaries for proper pairs: (1, 11364)
[M::mem_pestat] analyzing insert size distribution for orientation RR...
[M::mem_pestat] (25, 50, 75) percentile: (260, 695, 4230)
[M::mem_pestat] low and high boundaries for computing mean and std.dev: (1, 12170)
[M::mem_pestat] mean and std.dev: (1864.41, 2119.63)
[M::mem_pestat] low and high boundaries for proper pairs: (1, 16140)
[M::mem_pestat] skip orientation FF
[M::mem_pestat] skip orientation RF
[M::mem_pestat] skip orientation RR
[M::process] read 1066668 sequences (160000200 bp)...
[M::mem_process_seqs] Processed 1066668 reads in 875.989 CPU sec, 56.376 real sec
[M::mem_pestat] # candidate unique pairs for (FF, FR, RF, RR): (33, 223006, 61, 24)
[M::mem_pestat] analyzing insert size distribution for orientation FF...
[M::mem_pestat] (25, 50, 75) percentile: (259, 265, 584)
[M::mem_pestat] low and high boundaries for computing mean and std.dev: (1, 1234)
[M::mem_pestat] mean and std.dev: (316.19, 171.50)
[M::mem_pestat] low and high boundaries for proper pairs: (1, 1559)
[M::mem_pestat] analyzing insert size distribution for orientation FR...
[M::mem_pestat] (25, 50, 75) percentile: (243, 329, 429)
[M::mem_pestat] low and high boundaries for computing mean and std.dev: (1, 801)
[M::mem_pestat] mean and std.dev: (338.02, 136.60)
[M::mem_pestat] low and high boundaries for proper pairs: (1, 987)
[M::mem_pestat] analyzing insert size distribution for orientation RF...
[M::mem_pestat] (25, 50, 75) percentile: (799, 1513, 7303)
[M::mem_pestat] low and high boundaries for computing mean and std.dev: (1, 20311)
[M::mem_pestat] mean and std.dev: (3344.31, 3337.87)
[M::mem_pestat] low and high boundaries for proper pairs: (1, 26815)
[M::mem_pestat] analyzing insert size distribution for orientation RR...
[M::mem_pestat] (25, 50, 75) percentile: (211, 508, 827)
[M::mem_pestat] low and high boundaries for computing mean and std.dev: (1, 2059)
[M::mem_pestat] mean and std.dev: (430.19, 262.47)
[M::mem_pestat] low and high boundaries for proper pairs: (1, 2675)
[M::mem_pestat] skip orientation FF
[M::mem_pestat] skip orientation RF
[M::mem_pestat] skip orientation RR
[M::process] read 1066668 sequences (160000200 bp)...
[M::mem_process_seqs] Processed 1066668 reads in 884.992 CPU sec, 56.939 real sec
[M::mem_pestat] # candidate unique pairs for (FF, FR, RF, RR): (29, 224144, 73, 28)
[M::mem_pestat] analyzing insert size distribution for orientation FF...
[M::mem_pestat] (25, 50, 75) percentile: (252, 330, 1855)
[M::mem_pestat] low and high boundaries for computing mean and std.dev: (1, 5061)
[M::mem_pestat] mean and std.dev: (728.78, 771.43)
[M::mem_pestat] low and high boundaries for proper pairs: (1, 6664)
[M::mem_pestat] analyzing insert size distribution for orientation FR...
[M::mem_pestat] (25, 50, 75) percentile: (246, 330, 427)
[M::mem_pestat] low and high boundaries for computing mean and std.dev: (1, 789)
[M::mem_pestat] mean and std.dev: (338.68, 134.98)
[M::mem_pestat] low and high boundaries for proper pairs: (1, 970)
[M::mem_pestat] analyzing insert size distribution for orientation RF...
[M::mem_pestat] (25, 50, 75) percentile: (338, 961, 2716)
[M::mem_pestat] low and high boundaries for computing mean and std.dev: (1, 7472)
[M::mem_pestat] mean and std.dev: (1815.46, 2144.34)
[M::mem_pestat] low and high boundaries for proper pairs: (1, 10393)
[M::mem_pestat] analyzing insert size distribution for orientation RR...
[M::mem_pestat] (25, 50, 75) percentile: (193, 528, 1547)
[M::mem_pestat] low and high boundaries for computing mean and std.dev: (1, 4255)
[M::mem_pestat] mean and std.dev: (912.50, 954.35)
[M::mem_pestat] low and high boundaries for proper pairs: (1, 5609)
[M::mem_pestat] skip orientation FF
[M::mem_pestat] skip orientation RF
[M::mem_pestat] skip orientation RR
[M::process] read 1066668 sequences (160000200 bp)...
[M::mem_process_seqs] Processed 1066668 reads in 809.890 CPU sec, 52.106 real sec
[M::mem_pestat] # candidate unique pairs for (FF, FR, RF, RR): (40, 225002, 64, 37)
[M::mem_pestat] analyzing insert size distribution for orientation FF...
[M::mem_pestat] (25, 50, 75) percentile: (277, 690, 3833)
[M::mem_pestat] low and high boundaries for computing mean and std.dev: (1, 10945)
[M::mem_pestat] mean and std.dev: (1905.38, 2436.99)
[M::mem_pestat] low and high boundaries for proper pairs: (1, 14501)
[M::mem_pestat] analyzing insert size distribution for orientation FR...
[M::mem_pestat] (25, 50, 75) percentile: (248, 332, 430)
[M::mem_pestat] low and high boundaries for computing mean and std.dev: (1, 794)
[M::mem_pestat] mean and std.dev: (340.41, 134.72)
[M::mem_pestat] low and high boundaries for proper pairs: (1, 976)
[M::mem_pestat] analyzing insert size distribution for orientation RF...
[M::mem_pestat] (25, 50, 75) percentile: (487, 1380, 5472)
[M::mem_pestat] low and high boundaries for computing mean and std.dev: (1, 15442)
[M::mem_pestat] mean and std.dev: (3122.09, 3282.32)
[M::mem_pestat] low and high boundaries for proper pairs: (1, 20427)
[M::mem_pestat] analyzing insert size distribution for orientation RR...
[M::mem_pestat] (25, 50, 75) percentile: (316, 1042, 2273)
[M::mem_pestat] low and high boundaries for computing mean and std.dev: (1, 6187)
[M::mem_pestat] mean and std.dev: (1156.03, 1129.23)
[M::mem_pestat] low and high boundaries for proper pairs: (1, 8144)
[M::mem_pestat] skip orientation FF
[M::mem_pestat] skip orientation RF
[M::mem_pestat] skip orientation RR
[M::process] read 1066668 sequences (160000200 bp)...
[M::mem_process_seqs] Processed 1066668 reads in 794.727 CPU sec, 51.184 real sec
[M::mem_pestat] # candidate unique pairs for (FF, FR, RF, RR): (29, 224448, 79, 33)
[M::mem_pestat] analyzing insert size distribution for orientation FF...
[M::mem_pestat] (25, 50, 75) percentile: (135, 382, 1712)
[M::mem_pestat] low and high boundaries for computing mean and std.dev: (1, 4866)
[M::mem_pestat] mean and std.dev: (973.17, 1089.37)
[M::mem_pestat] low and high boundaries for proper pairs: (1, 6443)
[M::mem_pestat] analyzing insert size distribution for orientation FR...
[M::mem_pestat] (25, 50, 75) percentile: (247, 330, 425)
[M::mem_pestat] low and high boundaries for computing mean and std.dev: (1, 781)
[M::mem_pestat] mean and std.dev: (337.89, 132.83)
[M::mem_pestat] low and high boundaries for proper pairs: (1, 959)
[M::mem_pestat] analyzing insert size distribution for orientation RF...
[M::mem_pestat] (25, 50, 75) percentile: (295, 1310, 3411)
[M::mem_pestat] low and high boundaries for computing mean and std.dev: (1, 9643)
[M::mem_pestat] mean and std.dev: (2113.47, 2483.45)
[M::mem_pestat] low and high boundaries for proper pairs: (1, 12759)
[M::mem_pestat] analyzing insert size distribution for orientation RR...
[M::mem_pestat] (25, 50, 75) percentile: (199, 445, 1774)
[M::mem_pestat] low and high boundaries for computing mean and std.dev: (1, 4924)
[M::mem_pestat] mean and std.dev: (689.31, 781.82)
[M::mem_pestat] low and high boundaries for proper pairs: (1, 6499)
[M::mem_pestat] skip orientation FF
[M::mem_pestat] skip orientation RF
[M::mem_pestat] skip orientation RR
[M::process] read 1066668 sequences (160000200 bp)...
[M::mem_process_seqs] Processed 1066668 reads in 794.724 CPU sec, 51.199 real sec
[M::mem_pestat] # candidate unique pairs for (FF, FR, RF, RR): (35, 225358, 57, 32)
[M::mem_pestat] analyzing insert size distribution for orientation FF...
[M::mem_pestat] (25, 50, 75) percentile: (338, 622, 1591)
[M::mem_pestat] low and high boundaries for computing mean and std.dev: (1, 4097)
[M::mem_pestat] mean and std.dev: (779.47, 653.05)
[M::mem_pestat] low and high boundaries for proper pairs: (1, 5350)
[M::mem_pestat] analyzing insert size distribution for orientation FR...
[M::mem_pestat] (25, 50, 75) percentile: (249, 333, 428)
[M::mem_pestat] low and high boundaries for computing mean and std.dev: (1, 786)
[M::mem_pestat] mean and std.dev: (340.32, 133.05)
[M::mem_pestat] low and high boundaries for proper pairs: (1, 965)
[M::mem_pestat] analyzing insert size distribution for orientation RF...
[M::mem_pestat] (25, 50, 75) percentile: (178, 563, 3993)
[M::mem_pestat] low and high boundaries for computing mean and std.dev: (1, 11623)
[M::mem_pestat] mean and std.dev: (2319.14, 3118.29)
[M::mem_pestat] low and high boundaries for proper pairs: (1, 15438)
[M::mem_pestat] analyzing insert size distribution for orientation RR...
[M::mem_pestat] (25, 50, 75) percentile: (275, 587, 1193)
[M::mem_pestat] low and high boundaries for computing mean and std.dev: (1, 3029)
[M::mem_pestat] mean and std.dev: (582.36, 511.11)
[M::mem_pestat] low and high boundaries for proper pairs: (1, 3947)
[M::mem_pestat] skip orientation FF
[M::mem_pestat] skip orientation RF
[M::mem_pestat] skip orientation RR
[M::process] read 7752 sequences (1162800 bp)...
[M::mem_process_seqs] Processed 1066668 reads in 793.513 CPU sec, 51.037 real sec
[M::mem_pestat] # candidate unique pairs for (FF, FR, RF, RR): (0, 1612, 2, 1)
[M::mem_pestat] skip orientation FF as there are not enough pairs
[M::mem_pestat] analyzing insert size distribution for orientation FR...
[M::mem_pestat] (25, 50, 75) percentile: (248, 337, 429)
[M::mem_pestat] low and high boundaries for computing mean and std.dev: (1, 791)
[M::mem_pestat] mean and std.dev: (339.26, 132.80)
[M::mem_pestat] low and high boundaries for proper pairs: (1, 972)
[M::mem_pestat] skip orientation RF as there are not enough pairs
[M::mem_pestat] skip orientation RR as there are not enough pairs
[M::mem_process_seqs] Processed 7752 reads in 6.136 CPU sec, 0.416 real sec
[main] Version: 0.7.19-r1273
[main] CMD: bwa mem -t 16 -R @RG\tID:SS18_North_Bay_Wild_17\tSM:SS18_North_Bay_Wild_17\tLB:SS18_North_Bay_Wild_17\tPL:ILLUMINA output/05_realign_xbOstLuri2/reference/GCA_061535525.1_xbOstLuri2_USDA-ARS_PSRF_primary_genomic.fna data/raw/SS18_North_Bay_Wild_17_S75_L004_R1_001.fastq.gz data/raw/SS18_North_Bay_Wild_17_S75_L004_R2_001.fastq.gz
[main] Real time: 3515.683 sec; CPU: 54035.384 sec
[bam_sort_core] merging from 3 files and 8 in-memory blocks...
end 2026-09-27T16:03:30Z sample=SS18_North_Bay_Wild_17
