/opt/ohpc/admin/lmod/lmod/init/bash: line 93: LD_LIBRARY_PATH: unbound variable
start 2026-09-27T12:49:49Z host n3472 sample=Fidalgo_Bay_11 location=Fidalgo_Bay
[M::bwa_idx_load_from_disk] read 0 ALT contigs
[M::process] read 1066668 sequences (160000200 bp)...
[M::process] read 1066668 sequences (160000200 bp)...
[M::mem_pestat] # candidate unique pairs for (FF, FR, RF, RR): (30, 221987, 88, 58)
[M::mem_pestat] analyzing insert size distribution for orientation FF...
[M::mem_pestat] (25, 50, 75) percentile: (175, 597, 1252)
[M::mem_pestat] low and high boundaries for computing mean and std.dev: (1, 3406)
[M::mem_pestat] mean and std.dev: (833.31, 784.94)
[M::mem_pestat] low and high boundaries for proper pairs: (1, 4483)
[M::mem_pestat] analyzing insert size distribution for orientation FR...
[M::mem_pestat] (25, 50, 75) percentile: (281, 365, 463)
[M::mem_pestat] low and high boundaries for computing mean and std.dev: (1, 827)
[M::mem_pestat] mean and std.dev: (371.87, 139.12)
[M::mem_pestat] low and high boundaries for proper pairs: (1, 1009)
[M::mem_pestat] analyzing insert size distribution for orientation RF...
[M::mem_pestat] (25, 50, 75) percentile: (225, 2980, 6349)
[M::mem_pestat] low and high boundaries for computing mean and std.dev: (1, 18597)
[M::mem_pestat] mean and std.dev: (3280.85, 3011.91)
[M::mem_pestat] low and high boundaries for proper pairs: (1, 24721)
[M::mem_pestat] analyzing insert size distribution for orientation RR...
[M::mem_pestat] (25, 50, 75) percentile: (274, 561, 1320)
[M::mem_pestat] low and high boundaries for computing mean and std.dev: (1, 3412)
[M::mem_pestat] mean and std.dev: (795.80, 867.12)
[M::mem_pestat] low and high boundaries for proper pairs: (1, 4458)
[M::mem_pestat] skip orientation FF
[M::mem_pestat] skip orientation RF
[M::mem_pestat] skip orientation RR
[M::mem_process_seqs] Processed 1066668 reads in 774.213 CPU sec, 51.528 real sec
[M::mem_pestat] # candidate unique pairs for (FF, FR, RF, RR): (37, 223573, 94, 36)
[M::mem_pestat] analyzing insert size distribution for orientation FF...
[M::mem_pestat] (25, 50, 75) percentile: (641, 1177, 2219)
[M::mem_pestat] low and high boundaries for computing mean and std.dev: (1, 5375)
[M::mem_pestat] mean and std.dev: (1185.59, 847.18)
[M::mem_pestat] low and high boundaries for proper pairs: (1, 6953)
[M::mem_pestat] analyzing insert size distribution for orientation FR...
[M::mem_pestat] (25, 50, 75) percentile: (288, 373, 473)
[M::mem_pestat] low and high boundaries for computing mean and std.dev: (1, 843)
[M::mem_pestat] mean and std.dev: (379.78, 140.75)
[M::mem_pestat] low and high boundaries for proper pairs: (1, 1028)
[M::mem_pestat] analyzing insert size distribution for orientation RF...
[M::mem_pestat] (25, 50, 75) percentile: (144, 745, 5437)
[M::mem_pestat] low and high boundaries for computing mean and std.dev: (1, 16023)
[M::mem_pestat] mean and std.dev: (2729.00, 3306.74)
[M::mem_pestat] low and high boundaries for proper pairs: (1, 21316)
[M::mem_pestat] analyzing insert size distribution for orientation RR...
[M::mem_pestat] (25, 50, 75) percentile: (320, 580, 1597)
[M::mem_pestat] low and high boundaries for computing mean and std.dev: (1, 4151)
[M::mem_pestat] mean and std.dev: (750.72, 697.34)
[M::mem_pestat] low and high boundaries for proper pairs: (1, 5428)
[M::mem_pestat] skip orientation FF
[M::mem_pestat] skip orientation RF
[M::mem_pestat] skip orientation RR
[M::process] read 1066668 sequences (160000200 bp)...
[M::mem_process_seqs] Processed 1066668 reads in 788.620 CPU sec, 51.101 real sec
[M::mem_pestat] # candidate unique pairs for (FF, FR, RF, RR): (34, 223023, 67, 53)
[M::mem_pestat] analyzing insert size distribution for orientation FF...
[M::mem_pestat] (25, 50, 75) percentile: (269, 535, 1506)
[M::mem_pestat] low and high boundaries for computing mean and std.dev: (1, 3980)
[M::mem_pestat] mean and std.dev: (774.58, 738.61)
[M::mem_pestat] low and high boundaries for proper pairs: (1, 5217)
[M::mem_pestat] analyzing insert size distribution for orientation FR...
[M::mem_pestat] (25, 50, 75) percentile: (285, 370, 473)
[M::mem_pestat] low and high boundaries for computing mean and std.dev: (1, 849)
[M::mem_pestat] mean and std.dev: (379.20, 142.49)
[M::mem_pestat] low and high boundaries for proper pairs: (1, 1037)
[M::mem_pestat] analyzing insert size distribution for orientation RF...
[M::mem_pestat] (25, 50, 75) percentile: (461, 2119, 4903)
[M::mem_pestat] low and high boundaries for computing mean and std.dev: (1, 13787)
[M::mem_pestat] mean and std.dev: (3028.18, 2817.04)
[M::mem_pestat] low and high boundaries for proper pairs: (1, 18229)
[M::mem_pestat] analyzing insert size distribution for orientation RR...
[M::mem_pestat] (25, 50, 75) percentile: (282, 507, 836)
[M::mem_pestat] low and high boundaries for computing mean and std.dev: (1, 1944)
[M::mem_pestat] mean and std.dev: (509.27, 344.01)
[M::mem_pestat] low and high boundaries for proper pairs: (1, 2498)
[M::mem_pestat] skip orientation FF
[M::mem_pestat] skip orientation RF
[M::mem_pestat] skip orientation RR
[M::process] read 1066668 sequences (160000200 bp)...
[M::mem_process_seqs] Processed 1066668 reads in 802.250 CPU sec, 52.045 real sec
[M::mem_pestat] # candidate unique pairs for (FF, FR, RF, RR): (50, 222628, 72, 36)
[M::mem_pestat] analyzing insert size distribution for orientation FF...
[M::mem_pestat] (25, 50, 75) percentile: (250, 629, 1407)
[M::mem_pestat] low and high boundaries for computing mean and std.dev: (1, 3721)
[M::mem_pestat] mean and std.dev: (721.02, 720.31)
[M::mem_pestat] low and high boundaries for proper pairs: (1, 4878)
[M::mem_pestat] analyzing insert size distribution for orientation FR...
[M::mem_pestat] (25, 50, 75) percentile: (285, 371, 475)
[M::mem_pestat] low and high boundaries for computing mean and std.dev: (1, 855)
[M::mem_pestat] mean and std.dev: (380.37, 143.83)
[M::mem_pestat] low and high boundaries for proper pairs: (1, 1045)
[M::mem_pestat] analyzing insert size distribution for orientation RF...
[M::mem_pestat] (25, 50, 75) percentile: (578, 2147, 4478)
[M::mem_pestat] low and high boundaries for computing mean and std.dev: (1, 12278)
[M::mem_pestat] mean and std.dev: (2789.58, 2503.98)
[M::mem_pestat] low and high boundaries for proper pairs: (1, 16178)
[M::mem_pestat] analyzing insert size distribution for orientation RR...
[M::mem_pestat] (25, 50, 75) percentile: (280, 399, 1173)
[M::mem_pestat] low and high boundaries for computing mean and std.dev: (1, 2959)
[M::mem_pestat] mean and std.dev: (611.32, 495.64)
[M::mem_pestat] low and high boundaries for proper pairs: (1, 3852)
[M::mem_pestat] skip orientation FF
[M::mem_pestat] skip orientation RF
[M::mem_pestat] skip orientation RR
[M::process] read 1066668 sequences (160000200 bp)...
[M::mem_process_seqs] Processed 1066668 reads in 806.069 CPU sec, 52.216 real sec
[M::mem_pestat] # candidate unique pairs for (FF, FR, RF, RR): (46, 223052, 77, 27)
[M::mem_pestat] analyzing insert size distribution for orientation FF...
[M::mem_pestat] (25, 50, 75) percentile: (346, 531, 1037)
[M::mem_pestat] low and high boundaries for computing mean and std.dev: (1, 2419)
[M::mem_pestat] mean and std.dev: (594.41, 468.12)
[M::mem_pestat] low and high boundaries for proper pairs: (1, 3110)
[M::mem_pestat] analyzing insert size distribution for orientation FR...
[M::mem_pestat] (25, 50, 75) percentile: (284, 370, 474)
[M::mem_pestat] low and high boundaries for computing mean and std.dev: (1, 854)
[M::mem_pestat] mean and std.dev: (379.29, 144.11)
[M::mem_pestat] low and high boundaries for proper pairs: (1, 1044)
[M::mem_pestat] analyzing insert size distribution for orientation RF...
[M::mem_pestat] (25, 50, 75) percentile: (206, 779, 3501)
[M::mem_pestat] low and high boundaries for computing mean and std.dev: (1, 10091)
[M::mem_pestat] mean and std.dev: (2378.08, 2888.09)
[M::mem_pestat] low and high boundaries for proper pairs: (1, 13930)
[M::mem_pestat] analyzing insert size distribution for orientation RR...
[M::mem_pestat] (25, 50, 75) percentile: (342, 455, 1152)
[M::mem_pestat] low and high boundaries for computing mean and std.dev: (1, 2772)
[M::mem_pestat] mean and std.dev: (690.58, 535.35)
[M::mem_pestat] low and high boundaries for proper pairs: (1, 3582)
[M::mem_pestat] skip orientation FF
[M::mem_pestat] skip orientation RF
[M::mem_pestat] skip orientation RR
[M::process] read 1066668 sequences (160000200 bp)...
[M::mem_process_seqs] Processed 1066668 reads in 818.006 CPU sec, 53.005 real sec
[M::mem_pestat] # candidate unique pairs for (FF, FR, RF, RR): (29, 223039, 69, 39)
[M::mem_pestat] analyzing insert size distribution for orientation FF...
[M::mem_pestat] (25, 50, 75) percentile: (319, 354, 434)
[M::mem_pestat] low and high boundaries for computing mean and std.dev: (89, 664)
[M::mem_pestat] mean and std.dev: (330.52, 99.89)
[M::mem_pestat] low and high boundaries for proper pairs: (1, 779)
[M::mem_pestat] analyzing insert size distribution for orientation FR...
[M::mem_pestat] (25, 50, 75) percentile: (283, 369, 473)
[M::mem_pestat] low and high boundaries for computing mean and std.dev: (1, 853)
[M::mem_pestat] mean and std.dev: (378.75, 143.29)
[M::mem_pestat] low and high boundaries for proper pairs: (1, 1043)
[M::mem_pestat] analyzing insert size distribution for orientation RF...
[M::mem_pestat] (25, 50, 75) percentile: (91, 1791, 5698)
[M::mem_pestat] low and high boundaries for computing mean and std.dev: (1, 16912)
[M::mem_pestat] mean and std.dev: (3185.93, 3127.99)
[M::mem_pestat] low and high boundaries for proper pairs: (1, 22519)
[M::mem_pestat] analyzing insert size distribution for orientation RR...
[M::mem_pestat] (25, 50, 75) percentile: (281, 567, 1084)
[M::mem_pestat] low and high boundaries for computing mean and std.dev: (1, 2690)
[M::mem_pestat] mean and std.dev: (573.56, 484.53)
[M::mem_pestat] low and high boundaries for proper pairs: (1, 3493)
[M::mem_pestat] skip orientation FF
[M::mem_pestat] skip orientation RF
[M::mem_pestat] skip orientation RR
[M::process] read 1066668 sequences (160000200 bp)...
[M::mem_process_seqs] Processed 1066668 reads in 814.289 CPU sec, 52.953 real sec
[M::mem_pestat] # candidate unique pairs for (FF, FR, RF, RR): (38, 221848, 81, 51)
[M::mem_pestat] analyzing insert size distribution for orientation FF...
[M::mem_pestat] (25, 50, 75) percentile: (246, 340, 598)
[M::mem_pestat] low and high boundaries for computing mean and std.dev: (1, 1302)
[M::mem_pestat] mean and std.dev: (425.29, 288.38)
[M::mem_pestat] low and high boundaries for proper pairs: (1, 1654)
[M::mem_pestat] analyzing insert size distribution for orientation FR...
[M::mem_pestat] (25, 50, 75) percentile: (279, 364, 466)
[M::mem_pestat] low and high boundaries for computing mean and std.dev: (1, 840)
[M::mem_pestat] mean and std.dev: (373.60, 141.71)
[M::mem_pestat] low and high boundaries for proper pairs: (1, 1027)
[M::mem_pestat] analyzing insert size distribution for orientation RF...
[M::mem_pestat] (25, 50, 75) percentile: (378, 2000, 5372)
[M::mem_pestat] low and high boundaries for computing mean and std.dev: (1, 15360)
[M::mem_pestat] mean and std.dev: (3149.62, 3045.37)
[M::mem_pestat] low and high boundaries for proper pairs: (1, 20354)
[M::mem_pestat] analyzing insert size distribution for orientation RR...
[M::mem_pestat] (25, 50, 75) percentile: (261, 405, 1126)
[M::mem_pestat] low and high boundaries for computing mean and std.dev: (1, 2856)
[M::mem_pestat] mean and std.dev: (578.09, 513.84)
[M::mem_pestat] low and high boundaries for proper pairs: (1, 3721)
[M::mem_pestat] skip orientation FF
[M::mem_pestat] skip orientation RF
[M::mem_pestat] skip orientation RR
[M::process] read 1066668 sequences (160000200 bp)...
[M::mem_process_seqs] Processed 1066668 reads in 837.969 CPU sec, 54.168 real sec
[M::mem_pestat] # candidate unique pairs for (FF, FR, RF, RR): (35, 222290, 80, 44)
[M::mem_pestat] analyzing insert size distribution for orientation FF...
[M::mem_pestat] (25, 50, 75) percentile: (396, 760, 1321)
[M::mem_pestat] low and high boundaries for computing mean and std.dev: (1, 3171)
[M::mem_pestat] mean and std.dev: (862.18, 700.72)
[M::mem_pestat] low and high boundaries for proper pairs: (1, 4096)
[M::mem_pestat] analyzing insert size distribution for orientation FR...
[M::mem_pestat] (25, 50, 75) percentile: (278, 363, 464)
[M::mem_pestat] low and high boundaries for computing mean and std.dev: (1, 836)
[M::mem_pestat] mean and std.dev: (371.85, 140.96)
[M::mem_pestat] low and high boundaries for proper pairs: (1, 1022)
[M::mem_pestat] analyzing insert size distribution for orientation RF...
[M::mem_pestat] (25, 50, 75) percentile: (297, 1410, 5136)
[M::mem_pestat] low and high boundaries for computing mean and std.dev: (1, 14814)
[M::mem_pestat] mean and std.dev: (2669.43, 2818.26)
[M::mem_pestat] low and high boundaries for proper pairs: (1, 19653)
[M::mem_pestat] analyzing insert size distribution for orientation RR...
[M::mem_pestat] (25, 50, 75) percentile: (317, 484, 1171)
[M::mem_pestat] low and high boundaries for computing mean and std.dev: (1, 2879)
[M::mem_pestat] mean and std.dev: (804.14, 732.81)
[M::mem_pestat] low and high boundaries for proper pairs: (1, 3735)
[M::mem_pestat] skip orientation FF
[M::mem_pestat] skip orientation RF
[M::mem_pestat] skip orientation RR
[M::process] read 1066668 sequences (160000200 bp)...
[M::mem_process_seqs] Processed 1066668 reads in 800.769 CPU sec, 52.073 real sec
[M::mem_pestat] # candidate unique pairs for (FF, FR, RF, RR): (41, 221896, 88, 42)
[M::mem_pestat] analyzing insert size distribution for orientation FF...
[M::mem_pestat] (25, 50, 75) percentile: (409, 721, 1638)
[M::mem_pestat] low and high boundaries for computing mean and std.dev: (1, 4096)
[M::mem_pestat] mean and std.dev: (846.03, 803.67)
[M::mem_pestat] low and high boundaries for proper pairs: (1, 5325)
[M::mem_pestat] analyzing insert size distribution for orientation FR...
[M::mem_pestat] (25, 50, 75) percentile: (280, 366, 469)
[M::mem_pestat] low and high boundaries for computing mean and std.dev: (1, 847)
[M::mem_pestat] mean and std.dev: (375.26, 142.54)
[M::mem_pestat] low and high boundaries for proper pairs: (1, 1036)
[M::mem_pestat] analyzing insert size distribution for orientation RF...
[M::mem_pestat] (25, 50, 75) percentile: (413, 1923, 4015)
[M::mem_pestat] low and high boundaries for computing mean and std.dev: (1, 11219)
[M::mem_pestat] mean and std.dev: (2509.64, 2232.81)
[M::mem_pestat] low and high boundaries for proper pairs: (1, 14821)
[M::mem_pestat] analyzing insert size distribution for orientation RR...
[M::mem_pestat] (25, 50, 75) percentile: (250, 466, 1100)
[M::mem_pestat] low and high boundaries for computing mean and std.dev: (1, 2800)
[M::mem_pestat] mean and std.dev: (567.35, 481.75)
[M::mem_pestat] low and high boundaries for proper pairs: (1, 3650)
[M::mem_pestat] skip orientation FF
[M::mem_pestat] skip orientation RF
[M::mem_pestat] skip orientation RR
[M::process] read 1066668 sequences (160000200 bp)...
[M::mem_process_seqs] Processed 1066668 reads in 820.410 CPU sec, 53.240 real sec
[M::mem_pestat] # candidate unique pairs for (FF, FR, RF, RR): (29, 221857, 81, 39)
[M::mem_pestat] analyzing insert size distribution for orientation FF...
[M::mem_pestat] (25, 50, 75) percentile: (251, 425, 725)
[M::mem_pestat] low and high boundaries for computing mean and std.dev: (1, 1673)
[M::mem_pestat] mean and std.dev: (399.04, 239.43)
[M::mem_pestat] low and high boundaries for proper pairs: (1, 2147)
[M::mem_pestat] analyzing insert size distribution for orientation FR...
[M::mem_pestat] (25, 50, 75) percentile: (284, 372, 475)
[M::mem_pestat] low and high boundaries for computing mean and std.dev: (1, 857)
[M::mem_pestat] mean and std.dev: (379.13, 143.92)
[M::mem_pestat] low and high boundaries for proper pairs: (1, 1048)
[M::mem_pestat] analyzing insert size distribution for orientation RF...
[M::mem_pestat] (25, 50, 75) percentile: (430, 1578, 5124)
[M::mem_pestat] low and high boundaries for computing mean and std.dev: (1, 14512)
[M::mem_pestat] mean and std.dev: (2944.74, 2978.16)
[M::mem_pestat] low and high boundaries for proper pairs: (1, 19206)
[M::mem_pestat] analyzing insert size distribution for orientation RR...
[M::mem_pestat] (25, 50, 75) percentile: (468, 602, 1422)
[M::mem_pestat] low and high boundaries for computing mean and std.dev: (1, 3330)
[M::mem_pestat] mean and std.dev: (860.97, 670.71)
[M::mem_pestat] low and high boundaries for proper pairs: (1, 4284)
[M::mem_pestat] skip orientation FF
[M::mem_pestat] skip orientation RF
[M::mem_pestat] skip orientation RR
[M::process] read 1066668 sequences (160000200 bp)...
[M::mem_process_seqs] Processed 1066668 reads in 802.976 CPU sec, 52.107 real sec
[M::mem_pestat] # candidate unique pairs for (FF, FR, RF, RR): (33, 222377, 95, 35)
[M::mem_pestat] analyzing insert size distribution for orientation FF...
[M::mem_pestat] (25, 50, 75) percentile: (339, 520, 1872)
[M::mem_pestat] low and high boundaries for computing mean and std.dev: (1, 4938)
[M::mem_pestat] mean and std.dev: (813.57, 957.85)
[M::mem_pestat] low and high boundaries for proper pairs: (1, 6471)
[M::mem_pestat] analyzing insert size distribution for orientation FR...
[M::mem_pestat] (25, 50, 75) percentile: (289, 378, 483)
[M::mem_pestat] low and high boundaries for computing mean and std.dev: (1, 871)
[M::mem_pestat] mean and std.dev: (386.36, 146.62)
[M::mem_pestat] low and high boundaries for proper pairs: (1, 1065)
[M::mem_pestat] analyzing insert size distribution for orientation RF...
[M::mem_pestat] (25, 50, 75) percentile: (462, 3033, 6793)
[M::mem_pestat] low and high boundaries for computing mean and std.dev: (1, 19455)
[M::mem_pestat] mean and std.dev: (3647.52, 3402.53)
[M::mem_pestat] low and high boundaries for proper pairs: (1, 25786)
[M::mem_pestat] analyzing insert size distribution for orientation RR...
[M::mem_pestat] (25, 50, 75) percentile: (378, 669, 2711)
[M::mem_pestat] low and high boundaries for computing mean and std.dev: (1, 7377)
[M::mem_pestat] mean and std.dev: (1500.23, 1489.17)
[M::mem_pestat] low and high boundaries for proper pairs: (1, 9710)
[M::mem_pestat] skip orientation FF
[M::mem_pestat] skip orientation RF
[M::mem_pestat] skip orientation RR
[M::process] read 1066668 sequences (160000200 bp)...
[M::mem_process_seqs] Processed 1066668 reads in 807.297 CPU sec, 52.227 real sec
[M::mem_pestat] # candidate unique pairs for (FF, FR, RF, RR): (31, 223259, 85, 42)
[M::mem_pestat] analyzing insert size distribution for orientation FF...
[M::mem_pestat] (25, 50, 75) percentile: (315, 359, 525)
[M::mem_pestat] low and high boundaries for computing mean and std.dev: (1, 945)
[M::mem_pestat] mean and std.dev: (362.41, 133.83)
[M::mem_pestat] low and high boundaries for proper pairs: (1, 1155)
[M::mem_pestat] analyzing insert size distribution for orientation FR...
[M::mem_pestat] (25, 50, 75) percentile: (288, 376, 482)
[M::mem_pestat] low and high boundaries for computing mean and std.dev: (1, 870)
[M::mem_pestat] mean and std.dev: (384.71, 145.95)
[M::mem_pestat] low and high boundaries for proper pairs: (1, 1064)
[M::mem_pestat] analyzing insert size distribution for orientation RF...
[M::mem_pestat] (25, 50, 75) percentile: (185, 980, 3087)
[M::mem_pestat] low and high boundaries for computing mean and std.dev: (1, 8891)
[M::mem_pestat] mean and std.dev: (1679.23, 1860.64)
[M::mem_pestat] low and high boundaries for proper pairs: (1, 11793)
[M::mem_pestat] analyzing insert size distribution for orientation RR...
[M::mem_pestat] (25, 50, 75) percentile: (241, 364, 1071)
[M::mem_pestat] low and high boundaries for computing mean and std.dev: (1, 2731)
[M::mem_pestat] mean and std.dev: (529.45, 438.91)
[M::mem_pestat] low and high boundaries for proper pairs: (1, 3561)
[M::mem_pestat] skip orientation FF
[M::mem_pestat] skip orientation RF
[M::mem_pestat] skip orientation RR
[M::process] read 1066668 sequences (160000200 bp)...
[M::mem_process_seqs] Processed 1066668 reads in 806.314 CPU sec, 52.212 real sec
[M::mem_pestat] # candidate unique pairs for (FF, FR, RF, RR): (26, 222744, 76, 44)
[M::mem_pestat] analyzing insert size distribution for orientation FF...
[M::mem_pestat] (25, 50, 75) percentile: (253, 465, 1563)
[M::mem_pestat] low and high boundaries for computing mean and std.dev: (1, 4183)
[M::mem_pestat] mean and std.dev: (783.00, 917.50)
[M::mem_pestat] low and high boundaries for proper pairs: (1, 5493)
[M::mem_pestat] analyzing insert size distribution for orientation FR...
[M::mem_pestat] (25, 50, 75) percentile: (285, 373, 479)
[M::mem_pestat] low and high boundaries for computing mean and std.dev: (1, 867)
[M::mem_pestat] mean and std.dev: (382.48, 145.97)
[M::mem_pestat] low and high boundaries for proper pairs: (1, 1061)
[M::mem_pestat] analyzing insert size distribution for orientation RF...
[M::mem_pestat] (25, 50, 75) percentile: (255, 1296, 4473)
[M::mem_pestat] low and high boundaries for computing mean and std.dev: (1, 12909)
[M::mem_pestat] mean and std.dev: (2478.83, 2812.12)
[M::mem_pestat] low and high boundaries for proper pairs: (1, 17127)
[M::mem_pestat] analyzing insert size distribution for orientation RR...
[M::mem_pestat] (25, 50, 75) percentile: (250, 490, 1223)
[M::mem_pestat] low and high boundaries for computing mean and std.dev: (1, 3169)
[M::mem_pestat] mean and std.dev: (624.33, 509.87)
[M::mem_pestat] low and high boundaries for proper pairs: (1, 4142)
[M::mem_pestat] skip orientation FF
[M::mem_pestat] skip orientation RF
[M::mem_pestat] skip orientation RR
[M::process] read 1066668 sequences (160000200 bp)...
[M::mem_process_seqs] Processed 1066668 reads in 807.351 CPU sec, 52.336 real sec
[M::mem_pestat] # candidate unique pairs for (FF, FR, RF, RR): (48, 222547, 68, 55)
[M::mem_pestat] analyzing insert size distribution for orientation FF...
[M::mem_pestat] (25, 50, 75) percentile: (281, 671, 1324)
[M::mem_pestat] low and high boundaries for computing mean and std.dev: (1, 3410)
[M::mem_pestat] mean and std.dev: (814.82, 605.17)
[M::mem_pestat] low and high boundaries for proper pairs: (1, 4453)
[M::mem_pestat] analyzing insert size distribution for orientation FR...
[M::mem_pestat] (25, 50, 75) percentile: (285, 372, 478)
[M::mem_pestat] low and high boundaries for computing mean and std.dev: (1, 864)
[M::mem_pestat] mean and std.dev: (381.87, 145.13)
[M::mem_pestat] low and high boundaries for proper pairs: (1, 1057)
[M::mem_pestat] analyzing insert size distribution for orientation RF...
[M::mem_pestat] (25, 50, 75) percentile: (423, 1694, 7336)
[M::mem_pestat] low and high boundaries for computing mean and std.dev: (1, 21162)
[M::mem_pestat] mean and std.dev: (3427.94, 3472.53)
[M::mem_pestat] low and high boundaries for proper pairs: (1, 28075)
[M::mem_pestat] analyzing insert size distribution for orientation RR...
[M::mem_pestat] (25, 50, 75) percentile: (302, 684, 1608)
[M::mem_pestat] low and high boundaries for computing mean and std.dev: (1, 4220)
[M::mem_pestat] mean and std.dev: (1021.42, 970.55)
[M::mem_pestat] low and high boundaries for proper pairs: (1, 5526)
[M::mem_pestat] skip orientation FF
[M::mem_pestat] skip orientation RF
[M::mem_pestat] skip orientation RR
[M::process] read 1066668 sequences (160000200 bp)...
[M::mem_process_seqs] Processed 1066668 reads in 814.106 CPU sec, 52.811 real sec
[M::mem_pestat] # candidate unique pairs for (FF, FR, RF, RR): (42, 222419, 74, 35)
[M::mem_pestat] analyzing insert size distribution for orientation FF...
[M::mem_pestat] (25, 50, 75) percentile: (286, 486, 2123)
[M::mem_pestat] low and high boundaries for computing mean and std.dev: (1, 5797)
[M::mem_pestat] mean and std.dev: (957.36, 903.95)
[M::mem_pestat] low and high boundaries for proper pairs: (1, 7634)
[M::mem_pestat] analyzing insert size distribution for orientation FR...
[M::mem_pestat] (25, 50, 75) percentile: (284, 371, 476)
[M::mem_pestat] low and high boundaries for computing mean and std.dev: (1, 860)
[M::mem_pestat] mean and std.dev: (380.53, 144.88)
[M::mem_pestat] low and high boundaries for proper pairs: (1, 1052)
[M::mem_pestat] analyzing insert size distribution for orientation RF...
[M::mem_pestat] (25, 50, 75) percentile: (449, 1571, 5874)
[M::mem_pestat] low and high boundaries for computing mean and std.dev: (1, 16724)
[M::mem_pestat] mean and std.dev: (3313.16, 3382.38)
[M::mem_pestat] low and high boundaries for proper pairs: (1, 22149)
[M::mem_pestat] analyzing insert size distribution for orientation RR...
[M::mem_pestat] (25, 50, 75) percentile: (294, 415, 1323)
[M::mem_pestat] low and high boundaries for computing mean and std.dev: (1, 3381)
[M::mem_pestat] mean and std.dev: (676.64, 548.78)
[M::mem_pestat] low and high boundaries for proper pairs: (1, 4410)
[M::mem_pestat] skip orientation FF
[M::mem_pestat] skip orientation RF
[M::mem_pestat] skip orientation RR
[M::process] read 1066668 sequences (160000200 bp)...
[M::mem_process_seqs] Processed 1066668 reads in 810.814 CPU sec, 52.580 real sec
[M::mem_pestat] # candidate unique pairs for (FF, FR, RF, RR): (50, 222662, 84, 34)
[M::mem_pestat] analyzing insert size distribution for orientation FF...
[M::mem_pestat] (25, 50, 75) percentile: (262, 605, 1506)
[M::mem_pestat] low and high boundaries for computing mean and std.dev: (1, 3994)
[M::mem_pestat] mean and std.dev: (771.74, 761.82)
[M::mem_pestat] low and high boundaries for proper pairs: (1, 5238)
[M::mem_pestat] analyzing insert size distribution for orientation FR...
[M::mem_pestat] (25, 50, 75) percentile: (282, 369, 474)
[M::mem_pestat] low and high boundaries for computing mean and std.dev: (1, 858)
[M::mem_pestat] mean and std.dev: (378.50, 144.59)
[M::mem_pestat] low and high boundaries for proper pairs: (1, 1050)
[M::mem_pestat] analyzing insert size distribution for orientation RF...
[M::mem_pestat] (25, 50, 75) percentile: (248, 928, 4447)
[M::mem_pestat] low and high boundaries for computing mean and std.dev: (1, 12845)
[M::mem_pestat] mean and std.dev: (2540.95, 3018.21)
[M::mem_pestat] low and high boundaries for proper pairs: (1, 17044)
[M::mem_pestat] analyzing insert size distribution for orientation RR...
[M::mem_pestat] (25, 50, 75) percentile: (182, 419, 564)
[M::mem_pestat] low and high boundaries for computing mean and std.dev: (1, 1328)
[M::mem_pestat] mean and std.dev: (342.15, 198.13)
[M::mem_pestat] low and high boundaries for proper pairs: (1, 1710)
[M::mem_pestat] skip orientation FF
[M::mem_pestat] skip orientation RF
[M::mem_pestat] skip orientation RR
[M::process] read 1066668 sequences (160000200 bp)...
[M::mem_process_seqs] Processed 1066668 reads in 822.282 CPU sec, 53.376 real sec
[M::mem_pestat] # candidate unique pairs for (FF, FR, RF, RR): (35, 221596, 94, 38)
[M::mem_pestat] analyzing insert size distribution for orientation FF...
[M::mem_pestat] (25, 50, 75) percentile: (341, 574, 2301)
[M::mem_pestat] low and high boundaries for computing mean and std.dev: (1, 6221)
[M::mem_pestat] mean and std.dev: (1328.00, 1563.49)
[M::mem_pestat] low and high boundaries for proper pairs: (1, 8181)
[M::mem_pestat] analyzing insert size distribution for orientation FR...
[M::mem_pestat] (25, 50, 75) percentile: (280, 367, 472)
[M::mem_pestat] low and high boundaries for computing mean and std.dev: (1, 856)
[M::mem_pestat] mean and std.dev: (376.91, 144.52)
[M::mem_pestat] low and high boundaries for proper pairs: (1, 1048)
[M::mem_pestat] analyzing insert size distribution for orientation RF...
[M::mem_pestat] (25, 50, 75) percentile: (336, 1298, 3140)
[M::mem_pestat] low and high boundaries for computing mean and std.dev: (1, 8748)
[M::mem_pestat] mean and std.dev: (2072.01, 2283.74)
[M::mem_pestat] low and high boundaries for proper pairs: (1, 11552)
[M::mem_pestat] analyzing insert size distribution for orientation RR...
[M::mem_pestat] (25, 50, 75) percentile: (296, 507, 911)
[M::mem_pestat] low and high boundaries for computing mean and std.dev: (1, 2141)
[M::mem_pestat] mean and std.dev: (507.18, 294.67)
[M::mem_pestat] low and high boundaries for proper pairs: (1, 2756)
[M::mem_pestat] skip orientation FF
[M::mem_pestat] skip orientation RF
[M::mem_pestat] skip orientation RR
[M::process] read 1066668 sequences (160000200 bp)...
[M::mem_process_seqs] Processed 1066668 reads in 824.212 CPU sec, 53.408 real sec
[M::mem_pestat] # candidate unique pairs for (FF, FR, RF, RR): (44, 222491, 62, 46)
[M::mem_pestat] analyzing insert size distribution for orientation FF...
[M::mem_pestat] (25, 50, 75) percentile: (233, 615, 2409)
[M::mem_pestat] low and high boundaries for computing mean and std.dev: (1, 6761)
[M::mem_pestat] mean and std.dev: (1378.12, 1894.24)
[M::mem_pestat] low and high boundaries for proper pairs: (1, 8955)
[M::mem_pestat] analyzing insert size distribution for orientation FR...
[M::mem_pestat] (25, 50, 75) percentile: (279, 365, 469)
[M::mem_pestat] low and high boundaries for computing mean and std.dev: (1, 849)
[M::mem_pestat] mean and std.dev: (374.68, 143.78)
[M::mem_pestat] low and high boundaries for proper pairs: (1, 1039)
[M::mem_pestat] analyzing insert size distribution for orientation RF...
[M::mem_pestat] (25, 50, 75) percentile: (162, 1041, 4432)
[M::mem_pestat] low and high boundaries for computing mean and std.dev: (1, 12972)
[M::mem_pestat] mean and std.dev: (2536.98, 3017.48)
[M::mem_pestat] low and high boundaries for proper pairs: (1, 17242)
[M::mem_pestat] analyzing insert size distribution for orientation RR...
[M::mem_pestat] (25, 50, 75) percentile: (311, 596, 2296)
[M::mem_pestat] low and high boundaries for computing mean and std.dev: (1, 6266)
[M::mem_pestat] mean and std.dev: (1264.55, 1446.59)
[M::mem_pestat] low and high boundaries for proper pairs: (1, 8251)
[M::mem_pestat] skip orientation FF
[M::mem_pestat] skip orientation RF
[M::mem_pestat] skip orientation RR
[M::process] read 1066668 sequences (160000200 bp)...
[M::mem_process_seqs] Processed 1066668 reads in 830.515 CPU sec, 54.017 real sec
[M::mem_pestat] # candidate unique pairs for (FF, FR, RF, RR): (44, 222160, 73, 43)
[M::mem_pestat] analyzing insert size distribution for orientation FF...
[M::mem_pestat] (25, 50, 75) percentile: (270, 785, 1653)
[M::mem_pestat] low and high boundaries for computing mean and std.dev: (1, 4419)
[M::mem_pestat] mean and std.dev: (907.21, 962.15)
[M::mem_pestat] low and high boundaries for proper pairs: (1, 5802)
[M::mem_pestat] analyzing insert size distribution for orientation FR...
[M::mem_pestat] (25, 50, 75) percentile: (282, 371, 476)
[M::mem_pestat] low and high boundaries for computing mean and std.dev: (1, 864)
[M::mem_pestat] mean and std.dev: (379.13, 145.43)
[M::mem_pestat] low and high boundaries for proper pairs: (1, 1058)
[M::mem_pestat] analyzing insert size distribution for orientation RF...
[M::mem_pestat] (25, 50, 75) percentile: (269, 1189, 3957)
[M::mem_pestat] low and high boundaries for computing mean and std.dev: (1, 11333)
[M::mem_pestat] mean and std.dev: (2545.33, 3142.13)
[M::mem_pestat] low and high boundaries for proper pairs: (1, 15114)
[M::mem_pestat] analyzing insert size distribution for orientation RR...
[M::mem_pestat] (25, 50, 75) percentile: (269, 404, 720)
[M::mem_pestat] low and high boundaries for computing mean and std.dev: (1, 1622)
[M::mem_pestat] mean and std.dev: (426.47, 197.67)
[M::mem_pestat] low and high boundaries for proper pairs: (1, 2073)
[M::mem_pestat] skip orientation FF
[M::mem_pestat] skip orientation RF
[M::mem_pestat] skip orientation RR
[M::mem_process_seqs] Processed 1066668 reads in 804.446 CPU sec, 53.088 real sec
[M::process] read 1066668 sequences (160000200 bp)...
[M::mem_pestat] # candidate unique pairs for (FF, FR, RF, RR): (30, 222688, 103, 51)
[M::mem_pestat] analyzing insert size distribution for orientation FF...
[M::mem_pestat] (25, 50, 75) percentile: (267, 554, 705)
[M::mem_pestat] low and high boundaries for computing mean and std.dev: (1, 1581)
[M::mem_pestat] mean and std.dev: (474.54, 318.35)
[M::mem_pestat] low and high boundaries for proper pairs: (1, 2019)
[M::mem_pestat] analyzing insert size distribution for orientation FR...
[M::mem_pestat] (25, 50, 75) percentile: (288, 377, 483)
[M::mem_pestat] low and high boundaries for computing mean and std.dev: (1, 873)
[M::mem_pestat] mean and std.dev: (385.59, 146.41)
[M::mem_pestat] low and high boundaries for proper pairs: (1, 1068)
[M::mem_pestat] analyzing insert size distribution for orientation RF...
[M::mem_pestat] (25, 50, 75) percentile: (449, 1708, 5463)
[M::mem_pestat] low and high boundaries for computing mean and std.dev: (1, 15491)
[M::mem_pestat] mean and std.dev: (3095.23, 3214.97)
[M::mem_pestat] low and high boundaries for proper pairs: (1, 20505)
[M::mem_pestat] analyzing insert size distribution for orientation RR...
[M::mem_pestat] (25, 50, 75) percentile: (362, 423, 1462)
[M::mem_pestat] low and high boundaries for computing mean and std.dev: (1, 3662)
[M::mem_pestat] mean and std.dev: (692.00, 505.29)
[M::mem_pestat] low and high boundaries for proper pairs: (1, 4762)
[M::mem_pestat] skip orientation FF
[M::mem_pestat] skip orientation RF
[M::mem_pestat] skip orientation RR
[M::process] read 1066668 sequences (160000200 bp)...
[M::mem_process_seqs] Processed 1066668 reads in 777.286 CPU sec, 49.765 real sec
[M::mem_pestat] # candidate unique pairs for (FF, FR, RF, RR): (30, 222882, 70, 53)
[M::mem_pestat] analyzing insert size distribution for orientation FF...
[M::mem_pestat] (25, 50, 75) percentile: (241, 855, 1387)
[M::mem_pestat] low and high boundaries for computing mean and std.dev: (1, 3679)
[M::mem_pestat] mean and std.dev: (862.21, 781.51)
[M::mem_pestat] low and high boundaries for proper pairs: (1, 4825)
[M::mem_pestat] analyzing insert size distribution for orientation FR...
[M::mem_pestat] (25, 50, 75) percentile: (281, 367, 470)
[M::mem_pestat] low and high boundaries for computing mean and std.dev: (1, 848)
[M::mem_pestat] mean and std.dev: (376.02, 143.01)
[M::mem_pestat] low and high boundaries for proper pairs: (1, 1037)
[M::mem_pestat] analyzing insert size distribution for orientation RF...
[M::mem_pestat] (25, 50, 75) percentile: (221, 1095, 5086)
[M::mem_pestat] low and high boundaries for computing mean and std.dev: (1, 14816)
[M::mem_pestat] mean and std.dev: (2726.80, 3003.71)
[M::mem_pestat] low and high boundaries for proper pairs: (1, 19681)
[M::mem_pestat] analyzing insert size distribution for orientation RR...
[M::mem_pestat] (25, 50, 75) percentile: (340, 680, 1825)
[M::mem_pestat] low and high boundaries for computing mean and std.dev: (1, 4795)
[M::mem_pestat] mean and std.dev: (922.56, 774.80)
[M::mem_pestat] low and high boundaries for proper pairs: (1, 6280)
[M::mem_pestat] skip orientation FF
[M::mem_pestat] skip orientation RF
[M::mem_pestat] skip orientation RR
[M::process] read 1066668 sequences (160000200 bp)...
[M::mem_process_seqs] Processed 1066668 reads in 779.920 CPU sec, 50.434 real sec
[M::mem_pestat] # candidate unique pairs for (FF, FR, RF, RR): (35, 222637, 49, 36)
[M::mem_pestat] analyzing insert size distribution for orientation FF...
[M::mem_pestat] (25, 50, 75) percentile: (238, 623, 803)
[M::mem_pestat] low and high boundaries for computing mean and std.dev: (1, 1933)
[M::mem_pestat] mean and std.dev: (439.00, 249.04)
[M::mem_pestat] low and high boundaries for proper pairs: (1, 2498)
[M::mem_pestat] analyzing insert size distribution for orientation FR...
[M::mem_pestat] (25, 50, 75) percentile: (283, 370, 477)
[M::mem_pestat] low and high boundaries for computing mean and std.dev: (1, 865)
[M::mem_pestat] mean and std.dev: (379.98, 146.23)
[M::mem_pestat] low and high boundaries for proper pairs: (1, 1059)
[M::mem_pestat] analyzing insert size distribution for orientation RF...
[M::mem_pestat] (25, 50, 75) percentile: (175, 769, 4976)
[M::mem_pestat] low and high boundaries for computing mean and std.dev: (1, 14578)
[M::mem_pestat] mean and std.dev: (2710.86, 3215.99)
[M::mem_pestat] low and high boundaries for proper pairs: (1, 19379)
[M::mem_pestat] analyzing insert size distribution for orientation RR...
[M::mem_pestat] (25, 50, 75) percentile: (369, 524, 1817)
[M::mem_pestat] low and high boundaries for computing mean and std.dev: (1, 4713)
[M::mem_pestat] mean and std.dev: (685.97, 635.91)
[M::mem_pestat] low and high boundaries for proper pairs: (1, 6161)
[M::mem_pestat] skip orientation FF
[M::mem_pestat] skip orientation RF
[M::mem_pestat] skip orientation RR
[M::process] read 1066668 sequences (160000200 bp)...
[M::mem_process_seqs] Processed 1066668 reads in 794.644 CPU sec, 51.446 real sec
[M::mem_pestat] # candidate unique pairs for (FF, FR, RF, RR): (41, 222647, 74, 34)
[M::mem_pestat] analyzing insert size distribution for orientation FF...
[M::mem_pestat] (25, 50, 75) percentile: (386, 578, 1211)
[M::mem_pestat] low and high boundaries for computing mean and std.dev: (1, 2861)
[M::mem_pestat] mean and std.dev: (706.08, 546.24)
[M::mem_pestat] low and high boundaries for proper pairs: (1, 3686)
[M::mem_pestat] analyzing insert size distribution for orientation FR...
[M::mem_pestat] (25, 50, 75) percentile: (280, 367, 471)
[M::mem_pestat] low and high boundaries for computing mean and std.dev: (1, 853)
[M::mem_pestat] mean and std.dev: (376.27, 144.72)
[M::mem_pestat] low and high boundaries for proper pairs: (1, 1044)
[M::mem_pestat] analyzing insert size distribution for orientation RF...
[M::mem_pestat] (25, 50, 75) percentile: (167, 557, 3442)
[M::mem_pestat] low and high boundaries for computing mean and std.dev: (1, 9992)
[M::mem_pestat] mean and std.dev: (2363.54, 3124.29)
[M::mem_pestat] low and high boundaries for proper pairs: (1, 14861)
[M::mem_pestat] analyzing insert size distribution for orientation RR...
[M::mem_pestat] (25, 50, 75) percentile: (256, 354, 670)
[M::mem_pestat] low and high boundaries for computing mean and std.dev: (1, 1498)
[M::mem_pestat] mean and std.dev: (425.28, 283.63)
[M::mem_pestat] low and high boundaries for proper pairs: (1, 1912)
[M::mem_pestat] skip orientation FF
[M::mem_pestat] skip orientation RF
[M::mem_pestat] skip orientation RR
[M::process] read 1066668 sequences (160000200 bp)...
[M::mem_process_seqs] Processed 1066668 reads in 802.886 CPU sec, 52.077 real sec
[M::mem_pestat] # candidate unique pairs for (FF, FR, RF, RR): (29, 222722, 96, 37)
[M::mem_pestat] analyzing insert size distribution for orientation FF...
[M::mem_pestat] (25, 50, 75) percentile: (224, 477, 1925)
[M::mem_pestat] low and high boundaries for computing mean and std.dev: (1, 5327)
[M::mem_pestat] mean and std.dev: (791.15, 872.43)
[M::mem_pestat] low and high boundaries for proper pairs: (1, 7028)
[M::mem_pestat] analyzing insert size distribution for orientation FR...
[M::mem_pestat] (25, 50, 75) percentile: (283, 371, 477)
[M::mem_pestat] low and high boundaries for computing mean and std.dev: (1, 865)
[M::mem_pestat] mean and std.dev: (380.80, 146.00)
[M::mem_pestat] low and high boundaries for proper pairs: (1, 1059)
[M::mem_pestat] analyzing insert size distribution for orientation RF...
[M::mem_pestat] (25, 50, 75) percentile: (364, 1590, 4217)
[M::mem_pestat] low and high boundaries for computing mean and std.dev: (1, 11923)
[M::mem_pestat] mean and std.dev: (2525.48, 2557.95)
[M::mem_pestat] low and high boundaries for proper pairs: (1, 15776)
[M::mem_pestat] analyzing insert size distribution for orientation RR...
[M::mem_pestat] (25, 50, 75) percentile: (276, 515, 1097)
[M::mem_pestat] low and high boundaries for computing mean and std.dev: (1, 2739)
[M::mem_pestat] mean and std.dev: (658.94, 596.77)
[M::mem_pestat] low and high boundaries for proper pairs: (1, 3560)
[M::mem_pestat] skip orientation FF
[M::mem_pestat] skip orientation RF
[M::mem_pestat] skip orientation RR
[M::process] read 1066668 sequences (160000200 bp)...
[M::mem_process_seqs] Processed 1066668 reads in 818.126 CPU sec, 53.018 real sec
[M::mem_pestat] # candidate unique pairs for (FF, FR, RF, RR): (37, 221929, 64, 48)
[M::mem_pestat] analyzing insert size distribution for orientation FF...
[M::mem_pestat] (25, 50, 75) percentile: (285, 360, 1947)
[M::mem_pestat] low and high boundaries for computing mean and std.dev: (1, 5271)
[M::mem_pestat] mean and std.dev: (1026.95, 998.35)
[M::mem_pestat] low and high boundaries for proper pairs: (1, 6933)
[M::mem_pestat] analyzing insert size distribution for orientation FR...
[M::mem_pestat] (25, 50, 75) percentile: (281, 368, 474)
[M::mem_pestat] low and high boundaries for computing mean and std.dev: (1, 860)
[M::mem_pestat] mean and std.dev: (378.20, 145.58)
[M::mem_pestat] low and high boundaries for proper pairs: (1, 1053)
[M::mem_pestat] analyzing insert size distribution for orientation RF...
[M::mem_pestat] (25, 50, 75) percentile: (709, 1670, 5627)
[M::mem_pestat] low and high boundaries for computing mean and std.dev: (1, 15463)
[M::mem_pestat] mean and std.dev: (2814.78, 2649.86)
[M::mem_pestat] low and high boundaries for proper pairs: (1, 20381)
[M::mem_pestat] analyzing insert size distribution for orientation RR...
[M::mem_pestat] (25, 50, 75) percentile: (247, 685, 1616)
[M::mem_pestat] low and high boundaries for computing mean and std.dev: (1, 4354)
[M::mem_pestat] mean and std.dev: (1007.17, 859.27)
[M::mem_pestat] low and high boundaries for proper pairs: (1, 5723)
[M::mem_pestat] skip orientation FF
[M::mem_pestat] skip orientation RF
[M::mem_pestat] skip orientation RR
[M::process] read 1066668 sequences (160000200 bp)...
[M::mem_process_seqs] Processed 1066668 reads in 829.290 CPU sec, 53.539 real sec
[M::mem_pestat] # candidate unique pairs for (FF, FR, RF, RR): (38, 222113, 49, 33)
[M::mem_pestat] analyzing insert size distribution for orientation FF...
[M::mem_pestat] (25, 50, 75) percentile: (270, 694, 1348)
[M::mem_pestat] low and high boundaries for computing mean and std.dev: (1, 3504)
[M::mem_pestat] mean and std.dev: (771.94, 664.63)
[M::mem_pestat] low and high boundaries for proper pairs: (1, 4582)
[M::mem_pestat] analyzing insert size distribution for orientation FR...
[M::mem_pestat] (25, 50, 75) percentile: (281, 368, 474)
[M::mem_pestat] low and high boundaries for computing mean and std.dev: (1, 860)
[M::mem_pestat] mean and std.dev: (378.05, 144.82)
[M::mem_pestat] low and high boundaries for proper pairs: (1, 1053)
[M::mem_pestat] analyzing insert size distribution for orientation RF...
[M::mem_pestat] (25, 50, 75) percentile: (214, 1803, 4595)
[M::mem_pestat] low and high boundaries for computing mean and std.dev: (1, 13357)
[M::mem_pestat] mean and std.dev: (2594.67, 2723.48)
[M::mem_pestat] low and high boundaries for proper pairs: (1, 17738)
[M::mem_pestat] analyzing insert size distribution for orientation RR...
[M::mem_pestat] (25, 50, 75) percentile: (237, 703, 1873)
[M::mem_pestat] low and high boundaries for computing mean and std.dev: (1, 5145)
[M::mem_pestat] mean and std.dev: (906.03, 977.28)
[M::mem_pestat] low and high boundaries for proper pairs: (1, 6781)
[M::mem_pestat] skip orientation FF
[M::mem_pestat] skip orientation RF
[M::mem_pestat] skip orientation RR
[M::process] read 1066668 sequences (160000200 bp)...
[M::mem_process_seqs] Processed 1066668 reads in 820.128 CPU sec, 53.098 real sec
[M::mem_pestat] # candidate unique pairs for (FF, FR, RF, RR): (40, 221873, 98, 32)
[M::mem_pestat] analyzing insert size distribution for orientation FF...
[M::mem_pestat] (25, 50, 75) percentile: (247, 526, 1076)
[M::mem_pestat] low and high boundaries for computing mean and std.dev: (1, 2734)
[M::mem_pestat] mean and std.dev: (582.67, 520.49)
[M::mem_pestat] low and high boundaries for proper pairs: (1, 3563)
[M::mem_pestat] analyzing insert size distribution for orientation FR...
[M::mem_pestat] (25, 50, 75) percentile: (280, 366, 469)
[M::mem_pestat] low and high boundaries for computing mean and std.dev: (1, 847)
[M::mem_pestat] mean and std.dev: (375.13, 144.19)
[M::mem_pestat] low and high boundaries for proper pairs: (1, 1036)
[M::mem_pestat] analyzing insert size distribution for orientation RF...
[M::mem_pestat] (25, 50, 75) percentile: (181, 1452, 4616)
[M::mem_pestat] low and high boundaries for computing mean and std.dev: (1, 13486)
[M::mem_pestat] mean and std.dev: (2873.17, 3278.12)
[M::mem_pestat] low and high boundaries for proper pairs: (1, 17921)
[M::mem_pestat] analyzing insert size distribution for orientation RR...
[M::mem_pestat] (25, 50, 75) percentile: (422, 771, 1786)
[M::mem_pestat] low and high boundaries for computing mean and std.dev: (1, 4514)
[M::mem_pestat] mean and std.dev: (1048.31, 913.47)
[M::mem_pestat] low and high boundaries for proper pairs: (1, 5878)
[M::mem_pestat] skip orientation FF
[M::mem_pestat] skip orientation RF
[M::mem_pestat] skip orientation RR
[M::process] read 1066668 sequences (160000200 bp)...
[M::mem_process_seqs] Processed 1066668 reads in 811.560 CPU sec, 52.956 real sec
[M::mem_pestat] # candidate unique pairs for (FF, FR, RF, RR): (43, 221969, 88, 34)
[M::mem_pestat] analyzing insert size distribution for orientation FF...
[M::mem_pestat] (25, 50, 75) percentile: (472, 883, 2526)
[M::mem_pestat] low and high boundaries for computing mean and std.dev: (1, 6634)
[M::mem_pestat] mean and std.dev: (1450.27, 1515.17)
[M::mem_pestat] low and high boundaries for proper pairs: (1, 8688)
[M::mem_pestat] analyzing insert size distribution for orientation FR...
[M::mem_pestat] (25, 50, 75) percentile: (285, 372, 475)
[M::mem_pestat] low and high boundaries for computing mean and std.dev: (1, 855)
[M::mem_pestat] mean and std.dev: (379.77, 143.81)
[M::mem_pestat] low and high boundaries for proper pairs: (1, 1045)
[M::mem_pestat] analyzing insert size distribution for orientation RF...
[M::mem_pestat] (25, 50, 75) percentile: (621, 1398, 5287)
[M::mem_pestat] low and high boundaries for computing mean and std.dev: (1, 14619)
[M::mem_pestat] mean and std.dev: (3059.18, 3187.73)
[M::mem_pestat] low and high boundaries for proper pairs: (1, 19285)
[M::mem_pestat] analyzing insert size distribution for orientation RR...
[M::mem_pestat] (25, 50, 75) percentile: (226, 486, 1200)
[M::mem_pestat] low and high boundaries for computing mean and std.dev: (1, 3148)
[M::mem_pestat] mean and std.dev: (585.27, 454.61)
[M::mem_pestat] low and high boundaries for proper pairs: (1, 4122)
[M::mem_pestat] skip orientation FF
[M::mem_pestat] skip orientation RF
[M::mem_pestat] skip orientation RR
[M::process] read 1066668 sequences (160000200 bp)...
[M::mem_process_seqs] Processed 1066668 reads in 806.968 CPU sec, 52.242 real sec
[M::mem_pestat] # candidate unique pairs for (FF, FR, RF, RR): (32, 222599, 87, 27)
[M::mem_pestat] analyzing insert size distribution for orientation FF...
[M::mem_pestat] (25, 50, 75) percentile: (393, 904, 7152)
[M::mem_pestat] low and high boundaries for computing mean and std.dev: (1, 20670)
[M::mem_pestat] mean and std.dev: (2467.12, 3009.49)
[M::mem_pestat] low and high boundaries for proper pairs: (1, 27429)
[M::mem_pestat] analyzing insert size distribution for orientation FR...
[M::mem_pestat] (25, 50, 75) percentile: (287, 374, 477)
[M::mem_pestat] low and high boundaries for computing mean and std.dev: (1, 857)
[M::mem_pestat] mean and std.dev: (381.91, 144.24)
[M::mem_pestat] low and high boundaries for proper pairs: (1, 1047)
[M::mem_pestat] analyzing insert size distribution for orientation RF...
[M::mem_pestat] (25, 50, 75) percentile: (67, 649, 4785)
[M::mem_pestat] low and high boundaries for computing mean and std.dev: (1, 14221)
[M::mem_pestat] mean and std.dev: (2329.17, 2985.58)
[M::mem_pestat] low and high boundaries for proper pairs: (1, 18939)
[M::mem_pestat] analyzing insert size distribution for orientation RR...
[M::mem_pestat] (25, 50, 75) percentile: (135, 356, 476)
[M::mem_pestat] low and high boundaries for computing mean and std.dev: (1, 1158)
[M::mem_pestat] mean and std.dev: (332.28, 205.14)
[M::mem_pestat] low and high boundaries for proper pairs: (1, 1499)
[M::mem_pestat] skip orientation FF
[M::mem_pestat] skip orientation RF
[M::mem_pestat] skip orientation RR
[M::process] read 1066668 sequences (160000200 bp)...
[M::mem_process_seqs] Processed 1066668 reads in 803.444 CPU sec, 51.991 real sec
[M::mem_pestat] # candidate unique pairs for (FF, FR, RF, RR): (44, 222950, 64, 34)
[M::mem_pestat] analyzing insert size distribution for orientation FF...
[M::mem_pestat] (25, 50, 75) percentile: (423, 748, 1961)
[M::mem_pestat] low and high boundaries for computing mean and std.dev: (1, 5037)
[M::mem_pestat] mean and std.dev: (1147.52, 1124.52)
[M::mem_pestat] low and high boundaries for proper pairs: (1, 6575)
[M::mem_pestat] analyzing insert size distribution for orientation FR...
[M::mem_pestat] (25, 50, 75) percentile: (282, 368, 472)
[M::mem_pestat] low and high boundaries for computing mean and std.dev: (1, 852)
[M::mem_pestat] mean and std.dev: (377.07, 143.77)
[M::mem_pestat] low and high boundaries for proper pairs: (1, 1042)
[M::mem_pestat] analyzing insert size distribution for orientation RF...
[M::mem_pestat] (25, 50, 75) percentile: (524, 1386, 3833)
[M::mem_pestat] low and high boundaries for computing mean and std.dev: (1, 10451)
[M::mem_pestat] mean and std.dev: (2459.70, 2567.02)
[M::mem_pestat] low and high boundaries for proper pairs: (1, 13760)
[M::mem_pestat] analyzing insert size distribution for orientation RR...
[M::mem_pestat] (25, 50, 75) percentile: (229, 642, 1086)
[M::mem_pestat] low and high boundaries for computing mean and std.dev: (1, 2800)
[M::mem_pestat] mean and std.dev: (647.93, 656.47)
[M::mem_pestat] low and high boundaries for proper pairs: (1, 3657)
[M::mem_pestat] skip orientation FF
[M::mem_pestat] skip orientation RF
[M::mem_pestat] skip orientation RR
[M::process] read 1066668 sequences (160000200 bp)...
[M::mem_process_seqs] Processed 1066668 reads in 800.953 CPU sec, 51.972 real sec
[M::mem_pestat] # candidate unique pairs for (FF, FR, RF, RR): (33, 222962, 81, 35)
[M::mem_pestat] analyzing insert size distribution for orientation FF...
[M::mem_pestat] (25, 50, 75) percentile: (307, 708, 2483)
[M::mem_pestat] low and high boundaries for computing mean and std.dev: (1, 6835)
[M::mem_pestat] mean and std.dev: (1513.91, 1517.06)
[M::mem_pestat] low and high boundaries for proper pairs: (1, 9011)
[M::mem_pestat] analyzing insert size distribution for orientation FR...
[M::mem_pestat] (25, 50, 75) percentile: (286, 373, 478)
[M::mem_pestat] low and high boundaries for computing mean and std.dev: (1, 862)
[M::mem_pestat] mean and std.dev: (382.26, 144.72)
[M::mem_pestat] low and high boundaries for proper pairs: (1, 1054)
[M::mem_pestat] analyzing insert size distribution for orientation RF...
[M::mem_pestat] (25, 50, 75) percentile: (391, 1797, 6681)
[M::mem_pestat] low and high boundaries for computing mean and std.dev: (1, 19261)
[M::mem_pestat] mean and std.dev: (3413.49, 3464.08)
[M::mem_pestat] low and high boundaries for proper pairs: (1, 25551)
[M::mem_pestat] analyzing insert size distribution for orientation RR...
[M::mem_pestat] (25, 50, 75) percentile: (281, 454, 989)
[M::mem_pestat] low and high boundaries for computing mean and std.dev: (1, 2405)
[M::mem_pestat] mean and std.dev: (487.79, 363.11)
[M::mem_pestat] low and high boundaries for proper pairs: (1, 3113)
[M::mem_pestat] skip orientation FF
[M::mem_pestat] skip orientation RF
[M::mem_pestat] skip orientation RR
[M::process] read 1066668 sequences (160000200 bp)...
[M::mem_process_seqs] Processed 1066668 reads in 813.503 CPU sec, 52.695 real sec
[M::mem_pestat] # candidate unique pairs for (FF, FR, RF, RR): (47, 222416, 58, 38)
[M::mem_pestat] analyzing insert size distribution for orientation FF...
[M::mem_pestat] (25, 50, 75) percentile: (379, 490, 1436)
[M::mem_pestat] low and high boundaries for computing mean and std.dev: (1, 3550)
[M::mem_pestat] mean and std.dev: (869.74, 772.88)
[M::mem_pestat] low and high boundaries for proper pairs: (1, 4607)
[M::mem_pestat] analyzing insert size distribution for orientation FR...
[M::mem_pestat] (25, 50, 75) percentile: (282, 368, 473)
[M::mem_pestat] low and high boundaries for computing mean and std.dev: (1, 855)
[M::mem_pestat] mean and std.dev: (378.19, 144.42)
[M::mem_pestat] low and high boundaries for proper pairs: (1, 1046)
[M::mem_pestat] analyzing insert size distribution for orientation RF...
[M::mem_pestat] (25, 50, 75) percentile: (501, 1495, 3507)
[M::mem_pestat] low and high boundaries for computing mean and std.dev: (1, 9519)
[M::mem_pestat] mean and std.dev: (2445.64, 2551.01)
[M::mem_pestat] low and high boundaries for proper pairs: (1, 12650)
[M::mem_pestat] analyzing insert size distribution for orientation RR...
[M::mem_pestat] (25, 50, 75) percentile: (221, 536, 1041)
[M::mem_pestat] low and high boundaries for computing mean and std.dev: (1, 2681)
[M::mem_pestat] mean and std.dev: (512.53, 441.94)
[M::mem_pestat] low and high boundaries for proper pairs: (1, 3501)
[M::mem_pestat] skip orientation FF
[M::mem_pestat] skip orientation RF
[M::mem_pestat] skip orientation RR
[M::process] read 1066668 sequences (160000200 bp)...
[M::mem_process_seqs] Processed 1066668 reads in 815.188 CPU sec, 52.803 real sec
[M::mem_pestat] # candidate unique pairs for (FF, FR, RF, RR): (33, 222687, 79, 37)
[M::mem_pestat] analyzing insert size distribution for orientation FF...
[M::mem_pestat] (25, 50, 75) percentile: (323, 434, 1448)
[M::mem_pestat] low and high boundaries for computing mean and std.dev: (1, 3698)
[M::mem_pestat] mean and std.dev: (644.64, 640.23)
[M::mem_pestat] low and high boundaries for proper pairs: (1, 4823)
[M::mem_pestat] analyzing insert size distribution for orientation FR...
[M::mem_pestat] (25, 50, 75) percentile: (280, 366, 471)
[M::mem_pestat] low and high boundaries for computing mean and std.dev: (1, 853)
[M::mem_pestat] mean and std.dev: (375.99, 143.99)
[M::mem_pestat] low and high boundaries for proper pairs: (1, 1044)
[M::mem_pestat] analyzing insert size distribution for orientation RF...
[M::mem_pestat] (25, 50, 75) percentile: (208, 427, 3142)
[M::mem_pestat] low and high boundaries for computing mean and std.dev: (1, 9010)
[M::mem_pestat] mean and std.dev: (1598.39, 2392.74)
[M::mem_pestat] low and high boundaries for proper pairs: (1, 11944)
[M::mem_pestat] analyzing insert size distribution for orientation RR...
[M::mem_pestat] (25, 50, 75) percentile: (237, 361, 812)
[M::mem_pestat] low and high boundaries for computing mean and std.dev: (1, 1962)
[M::mem_pestat] mean and std.dev: (445.68, 340.47)
[M::mem_pestat] low and high boundaries for proper pairs: (1, 2537)
[M::mem_pestat] skip orientation FF
[M::mem_pestat] skip orientation RF
[M::mem_pestat] skip orientation RR
[M::process] read 1066668 sequences (160000200 bp)...
[M::mem_process_seqs] Processed 1066668 reads in 823.918 CPU sec, 53.358 real sec
[M::mem_pestat] # candidate unique pairs for (FF, FR, RF, RR): (41, 222031, 85, 38)
[M::mem_pestat] analyzing insert size distribution for orientation FF...
[M::mem_pestat] (25, 50, 75) percentile: (270, 513, 2335)
[M::mem_pestat] low and high boundaries for computing mean and std.dev: (1, 6465)
[M::mem_pestat] mean and std.dev: (1114.00, 1585.20)
[M::mem_pestat] low and high boundaries for proper pairs: (1, 8530)
[M::mem_pestat] analyzing insert size distribution for orientation FR...
[M::mem_pestat] (25, 50, 75) percentile: (280, 367, 472)
[M::mem_pestat] low and high boundaries for computing mean and std.dev: (1, 856)
[M::mem_pestat] mean and std.dev: (376.90, 144.90)
[M::mem_pestat] low and high boundaries for proper pairs: (1, 1048)
[M::mem_pestat] analyzing insert size distribution for orientation RF...
[M::mem_pestat] (25, 50, 75) percentile: (288, 1275, 3933)
[M::mem_pestat] low and high boundaries for computing mean and std.dev: (1, 11223)
[M::mem_pestat] mean and std.dev: (2511.96, 2938.66)
[M::mem_pestat] low and high boundaries for proper pairs: (1, 14868)
[M::mem_pestat] analyzing insert size distribution for orientation RR...
[M::mem_pestat] (25, 50, 75) percentile: (210, 557, 1207)
[M::mem_pestat] low and high boundaries for computing mean and std.dev: (1, 3201)
[M::mem_pestat] mean and std.dev: (733.82, 776.73)
[M::mem_pestat] low and high boundaries for proper pairs: (1, 4198)
[M::mem_pestat] skip orientation FF
[M::mem_pestat] skip orientation RF
[M::mem_pestat] skip orientation RR
[M::process] read 1066668 sequences (160000200 bp)...
[M::mem_process_seqs] Processed 1066668 reads in 811.281 CPU sec, 52.542 real sec
[M::mem_pestat] # candidate unique pairs for (FF, FR, RF, RR): (39, 222005, 81, 50)
[M::mem_pestat] analyzing insert size distribution for orientation FF...
[M::mem_pestat] (25, 50, 75) percentile: (329, 677, 1899)
[M::mem_pestat] low and high boundaries for computing mean and std.dev: (1, 5039)
[M::mem_pestat] mean and std.dev: (934.79, 1133.20)
[M::mem_pestat] low and high boundaries for proper pairs: (1, 6609)
[M::mem_pestat] analyzing insert size distribution for orientation FR...
[M::mem_pestat] (25, 50, 75) percentile: (278, 365, 469)
[M::mem_pestat] low and high boundaries for computing mean and std.dev: (1, 851)
[M::mem_pestat] mean and std.dev: (374.48, 143.96)
[M::mem_pestat] low and high boundaries for proper pairs: (1, 1042)
[M::mem_pestat] analyzing insert size distribution for orientation RF...
[M::mem_pestat] (25, 50, 75) percentile: (267, 1535, 4366)
[M::mem_pestat] low and high boundaries for computing mean and std.dev: (1, 12564)
[M::mem_pestat] mean and std.dev: (2454.47, 2554.96)
[M::mem_pestat] low and high boundaries for proper pairs: (1, 16663)
[M::mem_pestat] analyzing insert size distribution for orientation RR...
[M::mem_pestat] (25, 50, 75) percentile: (257, 676, 1802)
[M::mem_pestat] low and high boundaries for computing mean and std.dev: (1, 4892)
[M::mem_pestat] mean and std.dev: (840.55, 753.03)
[M::mem_pestat] low and high boundaries for proper pairs: (1, 6437)
[M::mem_pestat] skip orientation FF
[M::mem_pestat] skip orientation RF
[M::mem_pestat] skip orientation RR
[M::process] read 1066668 sequences (160000200 bp)...
[M::mem_process_seqs] Processed 1066668 reads in 805.612 CPU sec, 52.205 real sec
[M::mem_pestat] # candidate unique pairs for (FF, FR, RF, RR): (48, 219903, 87, 33)
[M::mem_pestat] analyzing insert size distribution for orientation FF...
[M::mem_pestat] (25, 50, 75) percentile: (207, 378, 617)
[M::mem_pestat] low and high boundaries for computing mean and std.dev: (1, 1437)
[M::mem_pestat] mean and std.dev: (353.33, 189.79)
[M::mem_pestat] low and high boundaries for proper pairs: (1, 1847)
[M::mem_pestat] analyzing insert size distribution for orientation FR...
[M::mem_pestat] (25, 50, 75) percentile: (285, 378, 490)
[M::mem_pestat] low and high boundaries for computing mean and std.dev: (1, 900)
[M::mem_pestat] mean and std.dev: (387.89, 151.37)
[M::mem_pestat] low and high boundaries for proper pairs: (1, 1105)
[M::mem_pestat] analyzing insert size distribution for orientation RF...
[M::mem_pestat] (25, 50, 75) percentile: (541, 1955, 6580)
[M::mem_pestat] low and high boundaries for computing mean and std.dev: (1, 18658)
[M::mem_pestat] mean and std.dev: (3295.47, 3360.51)
[M::mem_pestat] low and high boundaries for proper pairs: (1, 24697)
[M::mem_pestat] analyzing insert size distribution for orientation RR...
[M::mem_pestat] (25, 50, 75) percentile: (496, 712, 1976)
[M::mem_pestat] low and high boundaries for computing mean and std.dev: (1, 4936)
[M::mem_pestat] mean and std.dev: (1157.58, 983.25)
[M::mem_pestat] low and high boundaries for proper pairs: (1, 6416)
[M::mem_pestat] skip orientation FF
[M::mem_pestat] skip orientation RF
[M::mem_pestat] skip orientation RR
[M::process] read 1066668 sequences (160000200 bp)...
[M::mem_process_seqs] Processed 1066668 reads in 824.519 CPU sec, 53.447 real sec
[M::mem_pestat] # candidate unique pairs for (FF, FR, RF, RR): (33, 219295, 53, 40)
[M::mem_pestat] analyzing insert size distribution for orientation FF...
[M::mem_pestat] (25, 50, 75) percentile: (366, 789, 2559)
[M::mem_pestat] low and high boundaries for computing mean and std.dev: (1, 6945)
[M::mem_pestat] mean and std.dev: (1325.97, 1683.95)
[M::mem_pestat] low and high boundaries for proper pairs: (1, 9138)
[M::mem_pestat] analyzing insert size distribution for orientation FR...
[M::mem_pestat] (25, 50, 75) percentile: (293, 392, 506)
[M::mem_pestat] low and high boundaries for computing mean and std.dev: (1, 932)
[M::mem_pestat] mean and std.dev: (400.09, 155.16)
[M::mem_pestat] low and high boundaries for proper pairs: (1, 1145)
[M::mem_pestat] analyzing insert size distribution for orientation RF...
[M::mem_pestat] (25, 50, 75) percentile: (195, 1193, 4844)
[M::mem_pestat] low and high boundaries for computing mean and std.dev: (1, 14142)
[M::mem_pestat] mean and std.dev: (2338.25, 2415.38)
[M::mem_pestat] low and high boundaries for proper pairs: (1, 18791)
[M::mem_pestat] analyzing insert size distribution for orientation RR...
[M::mem_pestat] (25, 50, 75) percentile: (366, 411, 1962)
[M::mem_pestat] low and high boundaries for computing mean and std.dev: (1, 5154)
[M::mem_pestat] mean and std.dev: (1060.41, 1272.61)
[M::mem_pestat] low and high boundaries for proper pairs: (1, 6750)
[M::mem_pestat] skip orientation FF
[M::mem_pestat] skip orientation RF
[M::mem_pestat] skip orientation RR
[M::mem_process_seqs] Processed 1066668 reads in 839.829 CPU sec, 56.046 real sec
[M::process] read 1066668 sequences (160000200 bp)...
[M::mem_pestat] # candidate unique pairs for (FF, FR, RF, RR): (37, 219853, 69, 31)
[M::mem_pestat] analyzing insert size distribution for orientation FF...
[M::mem_pestat] (25, 50, 75) percentile: (264, 534, 1726)
[M::mem_pestat] low and high boundaries for computing mean and std.dev: (1, 4650)
[M::mem_pestat] mean and std.dev: (793.53, 868.25)
[M::mem_pestat] low and high boundaries for proper pairs: (1, 6112)
[M::mem_pestat] analyzing insert size distribution for orientation FR...
[M::mem_pestat] (25, 50, 75) percentile: (289, 385, 496)
[M::mem_pestat] low and high boundaries for computing mean and std.dev: (1, 910)
[M::mem_pestat] mean and std.dev: (393.32, 152.36)
[M::mem_pestat] low and high boundaries for proper pairs: (1, 1117)
[M::mem_pestat] analyzing insert size distribution for orientation RF...
[M::mem_pestat] (25, 50, 75) percentile: (443, 929, 3513)
[M::mem_pestat] low and high boundaries for computing mean and std.dev: (1, 9653)
[M::mem_pestat] mean and std.dev: (2222.87, 2511.38)
[M::mem_pestat] low and high boundaries for proper pairs: (1, 12723)
[M::mem_pestat] analyzing insert size distribution for orientation RR...
[M::mem_pestat] (25, 50, 75) percentile: (154, 415, 837)
[M::mem_pestat] low and high boundaries for computing mean and std.dev: (1, 2203)
[M::mem_pestat] mean and std.dev: (501.57, 545.53)
[M::mem_pestat] low and high boundaries for proper pairs: (1, 2886)
[M::mem_pestat] skip orientation FF
[M::mem_pestat] skip orientation RF
[M::mem_pestat] skip orientation RR
[M::process] read 1066668 sequences (160000200 bp)...
[M::mem_process_seqs] Processed 1066668 reads in 832.236 CPU sec, 53.975 real sec
[M::mem_pestat] # candidate unique pairs for (FF, FR, RF, RR): (23, 220187, 79, 51)
[M::mem_pestat] analyzing insert size distribution for orientation FF...
[M::mem_pestat] (25, 50, 75) percentile: (346, 570, 1198)
[M::mem_pestat] low and high boundaries for computing mean and std.dev: (1, 2902)
[M::mem_pestat] mean and std.dev: (582.90, 393.05)
[M::mem_pestat] low and high boundaries for proper pairs: (1, 3754)
[M::mem_pestat] analyzing insert size distribution for orientation FR...
[M::mem_pestat] (25, 50, 75) percentile: (286, 380, 493)
[M::mem_pestat] low and high boundaries for computing mean and std.dev: (1, 907)
[M::mem_pestat] mean and std.dev: (390.14, 152.10)
[M::mem_pestat] low and high boundaries for proper pairs: (1, 1114)
[M::mem_pestat] analyzing insert size distribution for orientation RF...
[M::mem_pestat] (25, 50, 75) percentile: (303, 1226, 3673)
[M::mem_pestat] low and high boundaries for computing mean and std.dev: (1, 10413)
[M::mem_pestat] mean and std.dev: (2537.75, 2954.39)
[M::mem_pestat] low and high boundaries for proper pairs: (1, 14355)
[M::mem_pestat] analyzing insert size distribution for orientation RR...
[M::mem_pestat] (25, 50, 75) percentile: (300, 678, 2130)
[M::mem_pestat] low and high boundaries for computing mean and std.dev: (1, 5790)
[M::mem_pestat] mean and std.dev: (1061.45, 1022.58)
[M::mem_pestat] low and high boundaries for proper pairs: (1, 7620)
[M::mem_pestat] skip orientation FF
[M::mem_pestat] skip orientation RF
[M::mem_pestat] skip orientation RR
[M::process] read 1066668 sequences (160000200 bp)...
[M::mem_process_seqs] Processed 1066668 reads in 838.608 CPU sec, 54.123 real sec
[M::mem_pestat] # candidate unique pairs for (FF, FR, RF, RR): (34, 219251, 49, 36)
[M::mem_pestat] analyzing insert size distribution for orientation FF...
[M::mem_pestat] (25, 50, 75) percentile: (424, 607, 1148)
[M::mem_pestat] low and high boundaries for computing mean and std.dev: (1, 2596)
[M::mem_pestat] mean and std.dev: (680.00, 457.47)
[M::mem_pestat] low and high boundaries for proper pairs: (1, 3320)
[M::mem_pestat] analyzing insert size distribution for orientation FR...
[M::mem_pestat] (25, 50, 75) percentile: (285, 378, 487)
[M::mem_pestat] low and high boundaries for computing mean and std.dev: (1, 891)
[M::mem_pestat] mean and std.dev: (386.80, 149.37)
[M::mem_pestat] low and high boundaries for proper pairs: (1, 1093)
[M::mem_pestat] analyzing insert size distribution for orientation RF...
[M::mem_pestat] (25, 50, 75) percentile: (204, 1409, 6410)
[M::mem_pestat] low and high boundaries for computing mean and std.dev: (1, 18822)
[M::mem_pestat] mean and std.dev: (3215.27, 3629.01)
[M::mem_pestat] low and high boundaries for proper pairs: (1, 25028)
[M::mem_pestat] analyzing insert size distribution for orientation RR...
[M::mem_pestat] (25, 50, 75) percentile: (207, 412, 2789)
[M::mem_pestat] low and high boundaries for computing mean and std.dev: (1, 7953)
[M::mem_pestat] mean and std.dev: (1259.69, 1715.14)
[M::mem_pestat] low and high boundaries for proper pairs: (1, 10535)
[M::mem_pestat] skip orientation FF
[M::mem_pestat] skip orientation RF
[M::mem_pestat] skip orientation RR
[M::process] read 1066668 sequences (160000200 bp)...
[M::mem_process_seqs] Processed 1066668 reads in 844.835 CPU sec, 54.675 real sec
[M::mem_pestat] # candidate unique pairs for (FF, FR, RF, RR): (32, 220538, 83, 58)
[M::mem_pestat] analyzing insert size distribution for orientation FF...
[M::mem_pestat] (25, 50, 75) percentile: (241, 424, 776)
[M::mem_pestat] low and high boundaries for computing mean and std.dev: (1, 1846)
[M::mem_pestat] mean and std.dev: (423.33, 325.61)
[M::mem_pestat] low and high boundaries for proper pairs: (1, 2381)
[M::mem_pestat] analyzing insert size distribution for orientation FR...
[M::mem_pestat] (25, 50, 75) percentile: (287, 379, 491)
[M::mem_pestat] low and high boundaries for computing mean and std.dev: (1, 899)
[M::mem_pestat] mean and std.dev: (389.11, 151.22)
[M::mem_pestat] low and high boundaries for proper pairs: (1, 1103)
[M::mem_pestat] analyzing insert size distribution for orientation RF...
[M::mem_pestat] (25, 50, 75) percentile: (86, 661, 1940)
[M::mem_pestat] low and high boundaries for computing mean and std.dev: (1, 5648)
[M::mem_pestat] mean and std.dev: (788.26, 1104.99)
[M::mem_pestat] low and high boundaries for proper pairs: (1, 7502)
[M::mem_pestat] analyzing insert size distribution for orientation RR...
[M::mem_pestat] (25, 50, 75) percentile: (272, 524, 1493)
[M::mem_pestat] low and high boundaries for computing mean and std.dev: (1, 3935)
[M::mem_pestat] mean and std.dev: (733.92, 761.94)
[M::mem_pestat] low and high boundaries for proper pairs: (1, 5156)
[M::mem_pestat] skip orientation FF
[M::mem_pestat] skip orientation RF
[M::mem_pestat] skip orientation RR
[M::process] read 1066668 sequences (160000200 bp)...
[M::mem_process_seqs] Processed 1066668 reads in 835.278 CPU sec, 54.157 real sec
[M::mem_pestat] # candidate unique pairs for (FF, FR, RF, RR): (41, 221420, 67, 36)
[M::mem_pestat] analyzing insert size distribution for orientation FF...
[M::mem_pestat] (25, 50, 75) percentile: (307, 402, 850)
[M::mem_pestat] low and high boundaries for computing mean and std.dev: (1, 1936)
[M::mem_pestat] mean and std.dev: (612.88, 444.91)
[M::mem_pestat] low and high boundaries for proper pairs: (1, 2479)
[M::mem_pestat] analyzing insert size distribution for orientation FR...
[M::mem_pestat] (25, 50, 75) percentile: (288, 378, 488)
[M::mem_pestat] low and high boundaries for computing mean and std.dev: (1, 888)
[M::mem_pestat] mean and std.dev: (388.66, 149.65)
[M::mem_pestat] low and high boundaries for proper pairs: (1, 1088)
[M::mem_pestat] analyzing insert size distribution for orientation RF...
[M::mem_pestat] (25, 50, 75) percentile: (434, 2049, 4676)
[M::mem_pestat] low and high boundaries for computing mean and std.dev: (1, 13160)
[M::mem_pestat] mean and std.dev: (2935.84, 2871.81)
[M::mem_pestat] low and high boundaries for proper pairs: (1, 17402)
[M::mem_pestat] analyzing insert size distribution for orientation RR...
[M::mem_pestat] (25, 50, 75) percentile: (310, 496, 1271)
[M::mem_pestat] low and high boundaries for computing mean and std.dev: (1, 3193)
[M::mem_pestat] mean and std.dev: (691.88, 629.79)
[M::mem_pestat] low and high boundaries for proper pairs: (1, 4154)
[M::mem_pestat] skip orientation FF
[M::mem_pestat] skip orientation RF
[M::mem_pestat] skip orientation RR
[M::process] read 1066668 sequences (160000200 bp)...
[M::mem_process_seqs] Processed 1066668 reads in 837.879 CPU sec, 54.213 real sec
[M::mem_pestat] # candidate unique pairs for (FF, FR, RF, RR): (38, 220238, 62, 31)
[M::mem_pestat] analyzing insert size distribution for orientation FF...
[M::mem_pestat] (25, 50, 75) percentile: (469, 902, 1910)
[M::mem_pestat] low and high boundaries for computing mean and std.dev: (1, 4792)
[M::mem_pestat] mean and std.dev: (894.58, 638.61)
[M::mem_pestat] low and high boundaries for proper pairs: (1, 6233)
[M::mem_pestat] analyzing insert size distribution for orientation FR...
[M::mem_pestat] (25, 50, 75) percentile: (287, 377, 487)
[M::mem_pestat] low and high boundaries for computing mean and std.dev: (1, 887)
[M::mem_pestat] mean and std.dev: (387.70, 149.08)
[M::mem_pestat] low and high boundaries for proper pairs: (1, 1087)
[M::mem_pestat] analyzing insert size distribution for orientation RF...
[M::mem_pestat] (25, 50, 75) percentile: (279, 1116, 5032)
[M::mem_pestat] low and high boundaries for computing mean and std.dev: (1, 14538)
[M::mem_pestat] mean and std.dev: (2583.10, 2893.81)
[M::mem_pestat] low and high boundaries for proper pairs: (1, 19291)
[M::mem_pestat] analyzing insert size distribution for orientation RR...
[M::mem_pestat] (25, 50, 75) percentile: (340, 491, 1279)
[M::mem_pestat] low and high boundaries for computing mean and std.dev: (1, 3157)
[M::mem_pestat] mean and std.dev: (823.65, 713.60)
[M::mem_pestat] low and high boundaries for proper pairs: (1, 4096)
[M::mem_pestat] skip orientation FF
[M::mem_pestat] skip orientation RF
[M::mem_pestat] skip orientation RR
[M::process] read 1066668 sequences (160000200 bp)...
[M::mem_process_seqs] Processed 1066668 reads in 842.250 CPU sec, 54.577 real sec
[M::mem_pestat] # candidate unique pairs for (FF, FR, RF, RR): (23, 220796, 77, 36)
[M::mem_pestat] analyzing insert size distribution for orientation FF...
[M::mem_pestat] (25, 50, 75) percentile: (331, 663, 1053)
[M::mem_pestat] low and high boundaries for computing mean and std.dev: (1, 2497)
[M::mem_pestat] mean and std.dev: (704.78, 470.93)
[M::mem_pestat] low and high boundaries for proper pairs: (1, 3219)
[M::mem_pestat] analyzing insert size distribution for orientation FR...
[M::mem_pestat] (25, 50, 75) percentile: (285, 377, 490)
[M::mem_pestat] low and high boundaries for computing mean and std.dev: (1, 900)
[M::mem_pestat] mean and std.dev: (388.61, 151.64)
[M::mem_pestat] low and high boundaries for proper pairs: (1, 1105)
[M::mem_pestat] analyzing insert size distribution for orientation RF...
[M::mem_pestat] (25, 50, 75) percentile: (334, 2244, 4420)
[M::mem_pestat] low and high boundaries for computing mean and std.dev: (1, 12592)
[M::mem_pestat] mean and std.dev: (2871.53, 2784.86)
[M::mem_pestat] low and high boundaries for proper pairs: (1, 16678)
[M::mem_pestat] analyzing insert size distribution for orientation RR...
[M::mem_pestat] (25, 50, 75) percentile: (227, 430, 1729)
[M::mem_pestat] low and high boundaries for computing mean and std.dev: (1, 4733)
[M::mem_pestat] mean and std.dev: (732.55, 828.76)
[M::mem_pestat] low and high boundaries for proper pairs: (1, 6235)
[M::mem_pestat] skip orientation FF
[M::mem_pestat] skip orientation RF
[M::mem_pestat] skip orientation RR
[M::process] read 1066668 sequences (160000200 bp)...
[M::mem_process_seqs] Processed 1066668 reads in 854.007 CPU sec, 55.581 real sec
[M::mem_pestat] # candidate unique pairs for (FF, FR, RF, RR): (45, 219555, 86, 30)
[M::mem_pestat] analyzing insert size distribution for orientation FF...
[M::mem_pestat] (25, 50, 75) percentile: (343, 822, 1599)
[M::mem_pestat] low and high boundaries for computing mean and std.dev: (1, 4111)
[M::mem_pestat] mean and std.dev: (1066.53, 953.12)
[M::mem_pestat] low and high boundaries for proper pairs: (1, 5367)
[M::mem_pestat] analyzing insert size distribution for orientation FR...
[M::mem_pestat] (25, 50, 75) percentile: (282, 379, 498)
[M::mem_pestat] low and high boundaries for computing mean and std.dev: (1, 930)
[M::mem_pestat] mean and std.dev: (391.03, 157.02)
[M::mem_pestat] low and high boundaries for proper pairs: (1, 1146)
[M::mem_pestat] analyzing insert size distribution for orientation RF...
[M::mem_pestat] (25, 50, 75) percentile: (226, 1440, 5778)
[M::mem_pestat] low and high boundaries for computing mean and std.dev: (1, 16882)
[M::mem_pestat] mean and std.dev: (2966.30, 3299.67)
[M::mem_pestat] low and high boundaries for proper pairs: (1, 22434)
[M::mem_pestat] analyzing insert size distribution for orientation RR...
[M::mem_pestat] (25, 50, 75) percentile: (353, 443, 1013)
[M::mem_pestat] low and high boundaries for computing mean and std.dev: (1, 2333)
[M::mem_pestat] mean and std.dev: (494.54, 295.83)
[M::mem_pestat] low and high boundaries for proper pairs: (1, 2993)
[M::mem_pestat] skip orientation FF
[M::mem_pestat] skip orientation RF
[M::mem_pestat] skip orientation RR
[M::process] read 1066668 sequences (160000200 bp)...
[M::mem_process_seqs] Processed 1066668 reads in 839.966 CPU sec, 54.341 real sec
[M::mem_pestat] # candidate unique pairs for (FF, FR, RF, RR): (44, 218524, 72, 37)
[M::mem_pestat] analyzing insert size distribution for orientation FF...
[M::mem_pestat] (25, 50, 75) percentile: (755, 1252, 4111)
[M::mem_pestat] low and high boundaries for computing mean and std.dev: (1, 10823)
[M::mem_pestat] mean and std.dev: (2709.95, 2823.94)
[M::mem_pestat] low and high boundaries for proper pairs: (1, 14179)
[M::mem_pestat] analyzing insert size distribution for orientation FR...
[M::mem_pestat] (25, 50, 75) percentile: (284, 382, 500)
[M::mem_pestat] low and high boundaries for computing mean and std.dev: (1, 932)
[M::mem_pestat] mean and std.dev: (393.21, 156.82)
[M::mem_pestat] low and high boundaries for proper pairs: (1, 1148)
[M::mem_pestat] analyzing insert size distribution for orientation RF...
[M::mem_pestat] (25, 50, 75) percentile: (190, 591, 3652)
[M::mem_pestat] low and high boundaries for computing mean and std.dev: (1, 10576)
[M::mem_pestat] mean and std.dev: (2258.90, 2847.59)
[M::mem_pestat] low and high boundaries for proper pairs: (1, 14038)
[M::mem_pestat] analyzing insert size distribution for orientation RR...
[M::mem_pestat] (25, 50, 75) percentile: (471, 763, 2620)
[M::mem_pestat] low and high boundaries for computing mean and std.dev: (1, 6918)
[M::mem_pestat] mean and std.dev: (1599.59, 1736.98)
[M::mem_pestat] low and high boundaries for proper pairs: (1, 9067)
[M::mem_pestat] skip orientation FF
[M::mem_pestat] skip orientation RF
[M::mem_pestat] skip orientation RR
[M::process] read 1066668 sequences (160000200 bp)...
[M::mem_process_seqs] Processed 1066668 reads in 841.637 CPU sec, 54.467 real sec
[M::mem_pestat] # candidate unique pairs for (FF, FR, RF, RR): (34, 220493, 73, 68)
[M::mem_pestat] analyzing insert size distribution for orientation FF...
[M::mem_pestat] (25, 50, 75) percentile: (413, 1324, 2997)
[M::mem_pestat] low and high boundaries for computing mean and std.dev: (1, 8165)
[M::mem_pestat] mean and std.dev: (1594.73, 1582.79)
[M::mem_pestat] low and high boundaries for proper pairs: (1, 10749)
[M::mem_pestat] analyzing insert size distribution for orientation FR...
[M::mem_pestat] (25, 50, 75) percentile: (283, 379, 496)
[M::mem_pestat] low and high boundaries for computing mean and std.dev: (1, 922)
[M::mem_pestat] mean and std.dev: (389.93, 154.64)
[M::mem_pestat] low and high boundaries for proper pairs: (1, 1135)
[M::mem_pestat] analyzing insert size distribution for orientation RF...
[M::mem_pestat] (25, 50, 75) percentile: (346, 1301, 4619)
[M::mem_pestat] low and high boundaries for computing mean and std.dev: (1, 13165)
[M::mem_pestat] mean and std.dev: (2614.26, 3004.79)
[M::mem_pestat] low and high boundaries for proper pairs: (1, 17438)
[M::mem_pestat] analyzing insert size distribution for orientation RR...
[M::mem_pestat] (25, 50, 75) percentile: (265, 395, 1440)
[M::mem_pestat] low and high boundaries for computing mean and std.dev: (1, 3790)
[M::mem_pestat] mean and std.dev: (836.56, 892.24)
[M::mem_pestat] low and high boundaries for proper pairs: (1, 4965)
[M::mem_pestat] skip orientation FF
[M::mem_pestat] skip orientation RF
[M::mem_pestat] skip orientation RR
[M::process] read 1066668 sequences (160000200 bp)...
[M::mem_process_seqs] Processed 1066668 reads in 824.354 CPU sec, 53.355 real sec
[M::mem_pestat] # candidate unique pairs for (FF, FR, RF, RR): (33, 219338, 66, 24)
[M::mem_pestat] analyzing insert size distribution for orientation FF...
[M::mem_pestat] (25, 50, 75) percentile: (237, 349, 1301)
[M::mem_pestat] low and high boundaries for computing mean and std.dev: (1, 3429)
[M::mem_pestat] mean and std.dev: (726.70, 648.13)
[M::mem_pestat] low and high boundaries for proper pairs: (1, 4493)
[M::mem_pestat] analyzing insert size distribution for orientation FR...
[M::mem_pestat] (25, 50, 75) percentile: (286, 381, 497)
[M::mem_pestat] low and high boundaries for computing mean and std.dev: (1, 919)
[M::mem_pestat] mean and std.dev: (391.97, 154.39)
[M::mem_pestat] low and high boundaries for proper pairs: (1, 1130)
[M::mem_pestat] analyzing insert size distribution for orientation RF...
[M::mem_pestat] (25, 50, 75) percentile: (456, 1627, 4903)
[M::mem_pestat] low and high boundaries for computing mean and std.dev: (1, 13797)
[M::mem_pestat] mean and std.dev: (2921.50, 2917.34)
[M::mem_pestat] low and high boundaries for proper pairs: (1, 18244)
[M::mem_pestat] analyzing insert size distribution for orientation RR...
[M::mem_pestat] (25, 50, 75) percentile: (447, 887, 2009)
[M::mem_pestat] low and high boundaries for computing mean and std.dev: (1, 5133)
[M::mem_pestat] mean and std.dev: (964.90, 736.17)
[M::mem_pestat] low and high boundaries for proper pairs: (1, 6695)
[M::mem_pestat] skip orientation FF
[M::mem_pestat] skip orientation RF
[M::mem_pestat] skip orientation RR
[M::process] read 1066668 sequences (160000200 bp)...
[M::mem_process_seqs] Processed 1066668 reads in 836.632 CPU sec, 54.266 real sec
[M::mem_pestat] # candidate unique pairs for (FF, FR, RF, RR): (44, 220432, 70, 40)
[M::mem_pestat] analyzing insert size distribution for orientation FF...
[M::mem_pestat] (25, 50, 75) percentile: (412, 559, 1457)
[M::mem_pestat] low and high boundaries for computing mean and std.dev: (1, 3547)
[M::mem_pestat] mean and std.dev: (789.15, 641.27)
[M::mem_pestat] low and high boundaries for proper pairs: (1, 4592)
[M::mem_pestat] analyzing insert size distribution for orientation FR...
[M::mem_pestat] (25, 50, 75) percentile: (287, 381, 497)
[M::mem_pestat] low and high boundaries for computing mean and std.dev: (1, 917)
[M::mem_pestat] mean and std.dev: (392.18, 153.86)
[M::mem_pestat] low and high boundaries for proper pairs: (1, 1127)
[M::mem_pestat] analyzing insert size distribution for orientation RF...
[M::mem_pestat] (25, 50, 75) percentile: (98, 955, 3059)
[M::mem_pestat] low and high boundaries for computing mean and std.dev: (1, 8981)
[M::mem_pestat] mean and std.dev: (1570.81, 2015.27)
[M::mem_pestat] low and high boundaries for proper pairs: (1, 11942)
[M::mem_pestat] analyzing insert size distribution for orientation RR...
[M::mem_pestat] (25, 50, 75) percentile: (348, 463, 1174)
[M::mem_pestat] low and high boundaries for computing mean and std.dev: (1, 2826)
[M::mem_pestat] mean and std.dev: (549.91, 396.53)
[M::mem_pestat] low and high boundaries for proper pairs: (1, 3652)
[M::mem_pestat] skip orientation FF
[M::mem_pestat] skip orientation RF
[M::mem_pestat] skip orientation RR
[M::process] read 1066668 sequences (160000200 bp)...
[M::mem_process_seqs] Processed 1066668 reads in 842.490 CPU sec, 54.580 real sec
[M::mem_pestat] # candidate unique pairs for (FF, FR, RF, RR): (42, 220857, 89, 22)
[M::mem_pestat] analyzing insert size distribution for orientation FF...
[M::mem_pestat] (25, 50, 75) percentile: (272, 640, 1554)
[M::mem_pestat] low and high boundaries for computing mean and std.dev: (1, 4118)
[M::mem_pestat] mean and std.dev: (1011.67, 1067.87)
[M::mem_pestat] low and high boundaries for proper pairs: (1, 5400)
[M::mem_pestat] analyzing insert size distribution for orientation FR...
[M::mem_pestat] (25, 50, 75) percentile: (291, 387, 504)
[M::mem_pestat] low and high boundaries for computing mean and std.dev: (1, 930)
[M::mem_pestat] mean and std.dev: (397.34, 155.32)
[M::mem_pestat] low and high boundaries for proper pairs: (1, 1143)
[M::mem_pestat] analyzing insert size distribution for orientation RF...
[M::mem_pestat] (25, 50, 75) percentile: (373, 1312, 5233)
[M::mem_pestat] low and high boundaries for computing mean and std.dev: (1, 14953)
[M::mem_pestat] mean and std.dev: (2771.83, 2880.89)
[M::mem_pestat] low and high boundaries for proper pairs: (1, 19813)
[M::mem_pestat] analyzing insert size distribution for orientation RR...
[M::mem_pestat] (25, 50, 75) percentile: (236, 535, 2395)
[M::mem_pestat] low and high boundaries for computing mean and std.dev: (1, 6713)
[M::mem_pestat] mean and std.dev: (1145.95, 1336.65)
[M::mem_pestat] low and high boundaries for proper pairs: (1, 8872)
[M::mem_pestat] skip orientation FF
[M::mem_pestat] skip orientation RF
[M::mem_pestat] skip orientation RR
[M::process] read 1066668 sequences (160000200 bp)...
[M::mem_process_seqs] Processed 1066668 reads in 841.727 CPU sec, 54.828 real sec
[M::mem_pestat] # candidate unique pairs for (FF, FR, RF, RR): (39, 220784, 76, 43)
[M::mem_pestat] analyzing insert size distribution for orientation FF...
[M::mem_pestat] (25, 50, 75) percentile: (341, 689, 1130)
[M::mem_pestat] low and high boundaries for computing mean and std.dev: (1, 2708)
[M::mem_pestat] mean and std.dev: (783.36, 616.52)
[M::mem_pestat] low and high boundaries for proper pairs: (1, 3497)
[M::mem_pestat] analyzing insert size distribution for orientation FR...
[M::mem_pestat] (25, 50, 75) percentile: (287, 379, 495)
[M::mem_pestat] low and high boundaries for computing mean and std.dev: (1, 911)
[M::mem_pestat] mean and std.dev: (391.64, 153.22)
[M::mem_pestat] low and high boundaries for proper pairs: (1, 1119)
[M::mem_pestat] analyzing insert size distribution for orientation RF...
[M::mem_pestat] (25, 50, 75) percentile: (392, 1361, 4713)
[M::mem_pestat] low and high boundaries for computing mean and std.dev: (1, 13355)
[M::mem_pestat] mean and std.dev: (2743.71, 3095.59)
[M::mem_pestat] low and high boundaries for proper pairs: (1, 17676)
[M::mem_pestat] analyzing insert size distribution for orientation RR...
[M::mem_pestat] (25, 50, 75) percentile: (243, 381, 985)
[M::mem_pestat] low and high boundaries for computing mean and std.dev: (1, 2469)
[M::mem_pestat] mean and std.dev: (535.43, 559.17)
[M::mem_pestat] low and high boundaries for proper pairs: (1, 3211)
[M::mem_pestat] skip orientation FF
[M::mem_pestat] skip orientation RF
[M::mem_pestat] skip orientation RR
[M::process] read 1066668 sequences (160000200 bp)...
[M::mem_process_seqs] Processed 1066668 reads in 838.077 CPU sec, 54.409 real sec
[M::mem_pestat] # candidate unique pairs for (FF, FR, RF, RR): (59, 220830, 76, 37)
[M::mem_pestat] analyzing insert size distribution for orientation FF...
[M::mem_pestat] (25, 50, 75) percentile: (335, 376, 1258)
[M::mem_pestat] low and high boundaries for computing mean and std.dev: (1, 3104)
[M::mem_pestat] mean and std.dev: (663.34, 631.04)
[M::mem_pestat] low and high boundaries for proper pairs: (1, 4027)
[M::mem_pestat] analyzing insert size distribution for orientation FR...
[M::mem_pestat] (25, 50, 75) percentile: (288, 381, 496)
[M::mem_pestat] low and high boundaries for computing mean and std.dev: (1, 912)
[M::mem_pestat] mean and std.dev: (392.74, 153.59)
[M::mem_pestat] low and high boundaries for proper pairs: (1, 1120)
[M::mem_pestat] analyzing insert size distribution for orientation RF...
[M::mem_pestat] (25, 50, 75) percentile: (645, 1249, 3241)
[M::mem_pestat] low and high boundaries for computing mean and std.dev: (1, 8433)
[M::mem_pestat] mean and std.dev: (1942.94, 2236.93)
[M::mem_pestat] low and high boundaries for proper pairs: (1, 11029)
[M::mem_pestat] analyzing insert size distribution for orientation RR...
[M::mem_pestat] (25, 50, 75) percentile: (340, 501, 1204)
[M::mem_pestat] low and high boundaries for computing mean and std.dev: (1, 2932)
[M::mem_pestat] mean and std.dev: (594.24, 409.67)
[M::mem_pestat] low and high boundaries for proper pairs: (1, 3796)
[M::mem_pestat] skip orientation FF
[M::mem_pestat] skip orientation RF
[M::mem_pestat] skip orientation RR
[M::process] read 1066668 sequences (160000200 bp)...
[M::mem_process_seqs] Processed 1066668 reads in 833.731 CPU sec, 53.964 real sec
[M::mem_pestat] # candidate unique pairs for (FF, FR, RF, RR): (48, 219104, 74, 41)
[M::mem_pestat] analyzing insert size distribution for orientation FF...
[M::mem_pestat] (25, 50, 75) percentile: (357, 532, 2785)
[M::mem_pestat] low and high boundaries for computing mean and std.dev: (1, 7641)
[M::mem_pestat] mean and std.dev: (1495.48, 1992.44)
[M::mem_pestat] low and high boundaries for proper pairs: (1, 10069)
[M::mem_pestat] analyzing insert size distribution for orientation FR...
[M::mem_pestat] (25, 50, 75) percentile: (278, 372, 490)
[M::mem_pestat] low and high boundaries for computing mean and std.dev: (1, 914)
[M::mem_pestat] mean and std.dev: (385.22, 155.20)
[M::mem_pestat] low and high boundaries for proper pairs: (1, 1126)
[M::mem_pestat] analyzing insert size distribution for orientation RF...
[M::mem_pestat] (25, 50, 75) percentile: (175, 1221, 4754)
[M::mem_pestat] low and high boundaries for computing mean and std.dev: (1, 13912)
[M::mem_pestat] mean and std.dev: (2627.27, 2865.87)
[M::mem_pestat] low and high boundaries for proper pairs: (1, 18491)
[M::mem_pestat] analyzing insert size distribution for orientation RR...
[M::mem_pestat] (25, 50, 75) percentile: (283, 505, 769)
[M::mem_pestat] low and high boundaries for computing mean and std.dev: (1, 1741)
[M::mem_pestat] mean and std.dev: (499.03, 292.71)
[M::mem_pestat] low and high boundaries for proper pairs: (1, 2227)
[M::mem_pestat] skip orientation FF
[M::mem_pestat] skip orientation RF
[M::mem_pestat] skip orientation RR
[M::process] read 1066668 sequences (160000200 bp)...
[M::mem_process_seqs] Processed 1066668 reads in 844.885 CPU sec, 54.732 real sec
[M::mem_pestat] # candidate unique pairs for (FF, FR, RF, RR): (48, 218534, 76, 51)
[M::mem_pestat] analyzing insert size distribution for orientation FF...
[M::mem_pestat] (25, 50, 75) percentile: (257, 428, 1589)
[M::mem_pestat] low and high boundaries for computing mean and std.dev: (1, 4253)
[M::mem_pestat] mean and std.dev: (856.13, 969.32)
[M::mem_pestat] low and high boundaries for proper pairs: (1, 5585)
[M::mem_pestat] analyzing insert size distribution for orientation FR...
[M::mem_pestat] (25, 50, 75) percentile: (283, 381, 499)
[M::mem_pestat] low and high boundaries for computing mean and std.dev: (1, 931)
[M::mem_pestat] mean and std.dev: (391.64, 157.06)
[M::mem_pestat] low and high boundaries for proper pairs: (1, 1147)
[M::mem_pestat] analyzing insert size distribution for orientation RF...
[M::mem_pestat] (25, 50, 75) percentile: (445, 1404, 4590)
[M::mem_pestat] low and high boundaries for computing mean and std.dev: (1, 12880)
[M::mem_pestat] mean and std.dev: (2480.22, 2440.33)
[M::mem_pestat] low and high boundaries for proper pairs: (1, 17025)
[M::mem_pestat] analyzing insert size distribution for orientation RR...
[M::mem_pestat] (25, 50, 75) percentile: (524, 1007, 1079)
[M::mem_pestat] low and high boundaries for computing mean and std.dev: (1, 2189)
[M::mem_pestat] mean and std.dev: (824.21, 448.96)
[M::mem_pestat] low and high boundaries for proper pairs: (1, 2744)
[M::mem_pestat] skip orientation FF
[M::mem_pestat] skip orientation RF
[M::mem_pestat] skip orientation RR
[M::process] read 1066668 sequences (160000200 bp)...
[M::mem_process_seqs] Processed 1066668 reads in 842.996 CPU sec, 54.470 real sec
[M::mem_pestat] # candidate unique pairs for (FF, FR, RF, RR): (27, 218156, 57, 56)
[M::mem_pestat] analyzing insert size distribution for orientation FF...
[M::mem_pestat] (25, 50, 75) percentile: (285, 323, 588)
[M::mem_pestat] low and high boundaries for computing mean and std.dev: (1, 1194)
[M::mem_pestat] mean and std.dev: (339.30, 148.10)
[M::mem_pestat] low and high boundaries for proper pairs: (1, 1497)
[M::mem_pestat] analyzing insert size distribution for orientation FR...
[M::mem_pestat] (25, 50, 75) percentile: (280, 375, 490)
[M::mem_pestat] low and high boundaries for computing mean and std.dev: (1, 910)
[M::mem_pestat] mean and std.dev: (385.70, 154.12)
[M::mem_pestat] low and high boundaries for proper pairs: (1, 1120)
[M::mem_pestat] analyzing insert size distribution for orientation RF...
[M::mem_pestat] (25, 50, 75) percentile: (195, 967, 4633)
[M::mem_pestat] low and high boundaries for computing mean and std.dev: (1, 13509)
[M::mem_pestat] mean and std.dev: (2408.51, 2776.67)
[M::mem_pestat] low and high boundaries for proper pairs: (1, 17947)
[M::mem_pestat] analyzing insert size distribution for orientation RR...
[M::mem_pestat] (25, 50, 75) percentile: (390, 704, 1585)
[M::mem_pestat] low and high boundaries for computing mean and std.dev: (1, 3975)
[M::mem_pestat] mean and std.dev: (740.12, 751.42)
[M::mem_pestat] low and high boundaries for proper pairs: (1, 5170)
[M::mem_pestat] skip orientation FF
[M::mem_pestat] skip orientation RF
[M::mem_pestat] skip orientation RR
[M::process] read 1066668 sequences (160000200 bp)...
[M::mem_process_seqs] Processed 1066668 reads in 839.396 CPU sec, 61.189 real sec
[M::mem_pestat] # candidate unique pairs for (FF, FR, RF, RR): (51, 219244, 87, 33)
[M::mem_pestat] analyzing insert size distribution for orientation FF...
[M::mem_pestat] (25, 50, 75) percentile: (255, 424, 690)
[M::mem_pestat] low and high boundaries for computing mean and std.dev: (1, 1560)
[M::mem_pestat] mean and std.dev: (384.02, 208.27)
[M::mem_pestat] low and high boundaries for proper pairs: (1, 1995)
[M::mem_pestat] analyzing insert size distribution for orientation FR...
[M::mem_pestat] (25, 50, 75) percentile: (278, 371, 486)
[M::mem_pestat] low and high boundaries for computing mean and std.dev: (1, 902)
[M::mem_pestat] mean and std.dev: (383.01, 153.76)
[M::mem_pestat] low and high boundaries for proper pairs: (1, 1110)
[M::mem_pestat] analyzing insert size distribution for orientation RF...
[M::mem_pestat] (25, 50, 75) percentile: (150, 664, 2361)
[M::mem_pestat] low and high boundaries for computing mean and std.dev: (1, 6783)
[M::mem_pestat] mean and std.dev: (1189.16, 1432.71)
[M::mem_pestat] low and high boundaries for proper pairs: (1, 8994)
[M::mem_pestat] analyzing insert size distribution for orientation RR...
[M::mem_pestat] (25, 50, 75) percentile: (294, 830, 1401)
[M::mem_pestat] low and high boundaries for computing mean and std.dev: (1, 3615)
[M::mem_pestat] mean and std.dev: (794.10, 562.04)
[M::mem_pestat] low and high boundaries for proper pairs: (1, 4722)
[M::mem_pestat] skip orientation FF
[M::mem_pestat] skip orientation RF
[M::mem_pestat] skip orientation RR
[M::process] read 1066668 sequences (160000200 bp)...
[M::mem_process_seqs] Processed 1066668 reads in 837.331 CPU sec, 54.678 real sec
[M::mem_pestat] # candidate unique pairs for (FF, FR, RF, RR): (51, 220587, 80, 39)
[M::mem_pestat] analyzing insert size distribution for orientation FF...
[M::mem_pestat] (25, 50, 75) percentile: (271, 462, 1260)
[M::mem_pestat] low and high boundaries for computing mean and std.dev: (1, 3238)
[M::mem_pestat] mean and std.dev: (735.12, 714.52)
[M::mem_pestat] low and high boundaries for proper pairs: (1, 4227)
[M::mem_pestat] analyzing insert size distribution for orientation FR...
[M::mem_pestat] (25, 50, 75) percentile: (284, 378, 495)
[M::mem_pestat] low and high boundaries for computing mean and std.dev: (1, 917)
[M::mem_pestat] mean and std.dev: (390.10, 155.01)
[M::mem_pestat] low and high boundaries for proper pairs: (1, 1128)
[M::mem_pestat] analyzing insert size distribution for orientation RF...
[M::mem_pestat] (25, 50, 75) percentile: (285, 1071, 3741)
[M::mem_pestat] low and high boundaries for computing mean and std.dev: (1, 10653)
[M::mem_pestat] mean and std.dev: (2616.10, 3284.28)
[M::mem_pestat] low and high boundaries for proper pairs: (1, 15753)
[M::mem_pestat] analyzing insert size distribution for orientation RR...
[M::mem_pestat] (25, 50, 75) percentile: (418, 463, 1847)
[M::mem_pestat] low and high boundaries for computing mean and std.dev: (1, 4705)
[M::mem_pestat] mean and std.dev: (866.32, 955.72)
[M::mem_pestat] low and high boundaries for proper pairs: (1, 6134)
[M::mem_pestat] skip orientation FF
[M::mem_pestat] skip orientation RF
[M::mem_pestat] skip orientation RR
[M::process] read 1066668 sequences (160000200 bp)...
[M::mem_process_seqs] Processed 1066668 reads in 829.640 CPU sec, 53.828 real sec
[M::mem_pestat] # candidate unique pairs for (FF, FR, RF, RR): (22, 221689, 93, 22)
[M::mem_pestat] analyzing insert size distribution for orientation FF...
[M::mem_pestat] (25, 50, 75) percentile: (316, 600, 1268)
[M::mem_pestat] low and high boundaries for computing mean and std.dev: (1, 3172)
[M::mem_pestat] mean and std.dev: (584.17, 465.74)
[M::mem_pestat] low and high boundaries for proper pairs: (1, 4124)
[M::mem_pestat] analyzing insert size distribution for orientation FR...
[M::mem_pestat] (25, 50, 75) percentile: (290, 386, 505)
[M::mem_pestat] low and high boundaries for computing mean and std.dev: (1, 935)
[M::mem_pestat] mean and std.dev: (398.02, 157.73)
[M::mem_pestat] low and high boundaries for proper pairs: (1, 1150)
[M::mem_pestat] analyzing insert size distribution for orientation RF...
[M::mem_pestat] (25, 50, 75) percentile: (477, 1496, 5927)
[M::mem_pestat] low and high boundaries for computing mean and std.dev: (1, 16827)
[M::mem_pestat] mean and std.dev: (2909.25, 2838.74)
[M::mem_pestat] low and high boundaries for proper pairs: (1, 22277)
[M::mem_pestat] analyzing insert size distribution for orientation RR...
[M::mem_pestat] (25, 50, 75) percentile: (255, 454, 667)
[M::mem_pestat] low and high boundaries for computing mean and std.dev: (1, 1491)
[M::mem_pestat] mean and std.dev: (366.47, 166.80)
[M::mem_pestat] low and high boundaries for proper pairs: (1, 1903)
[M::mem_pestat] skip orientation FF
[M::mem_pestat] skip orientation RF
[M::mem_pestat] skip orientation RR
[M::process] read 1066668 sequences (160000200 bp)...
[M::mem_process_seqs] Processed 1066668 reads in 825.665 CPU sec, 53.277 real sec
[M::mem_pestat] # candidate unique pairs for (FF, FR, RF, RR): (61, 221098, 68, 35)
[M::mem_pestat] analyzing insert size distribution for orientation FF...
[M::mem_pestat] (25, 50, 75) percentile: (317, 523, 1268)
[M::mem_pestat] low and high boundaries for computing mean and std.dev: (1, 3170)
[M::mem_pestat] mean and std.dev: (654.10, 635.63)
[M::mem_pestat] low and high boundaries for proper pairs: (1, 4121)
[M::mem_pestat] analyzing insert size distribution for orientation FR...
[M::mem_pestat] (25, 50, 75) percentile: (288, 381, 496)
[M::mem_pestat] low and high boundaries for computing mean and std.dev: (1, 912)
[M::mem_pestat] mean and std.dev: (392.76, 153.67)
[M::mem_pestat] low and high boundaries for proper pairs: (1, 1120)
[M::mem_pestat] analyzing insert size distribution for orientation RF...
[M::mem_pestat] (25, 50, 75) percentile: (411, 1265, 5824)
[M::mem_pestat] low and high boundaries for computing mean and std.dev: (1, 16650)
[M::mem_pestat] mean and std.dev: (2903.41, 3151.46)
[M::mem_pestat] low and high boundaries for proper pairs: (1, 22063)
[M::mem_pestat] analyzing insert size distribution for orientation RR...
[M::mem_pestat] (25, 50, 75) percentile: (260, 429, 1136)
[M::mem_pestat] low and high boundaries for computing mean and std.dev: (1, 2888)
[M::mem_pestat] mean and std.dev: (626.22, 713.39)
[M::mem_pestat] low and high boundaries for proper pairs: (1, 3764)
[M::mem_pestat] skip orientation FF
[M::mem_pestat] skip orientation RF
[M::mem_pestat] skip orientation RR
[M::process] read 1066668 sequences (160000200 bp)...
[M::mem_process_seqs] Processed 1066668 reads in 823.422 CPU sec, 53.243 real sec
[M::mem_pestat] # candidate unique pairs for (FF, FR, RF, RR): (49, 221322, 79, 51)
[M::mem_pestat] analyzing insert size distribution for orientation FF...
[M::mem_pestat] (25, 50, 75) percentile: (291, 654, 1586)
[M::mem_pestat] low and high boundaries for computing mean and std.dev: (1, 4176)
[M::mem_pestat] mean and std.dev: (824.25, 779.39)
[M::mem_pestat] low and high boundaries for proper pairs: (1, 5471)
[M::mem_pestat] analyzing insert size distribution for orientation FR...
[M::mem_pestat] (25, 50, 75) percentile: (287, 379, 496)
[M::mem_pestat] low and high boundaries for computing mean and std.dev: (1, 914)
[M::mem_pestat] mean and std.dev: (391.91, 153.29)
[M::mem_pestat] low and high boundaries for proper pairs: (1, 1123)
[M::mem_pestat] analyzing insert size distribution for orientation RF...
[M::mem_pestat] (25, 50, 75) percentile: (199, 1623, 5500)
[M::mem_pestat] low and high boundaries for computing mean and std.dev: (1, 16102)
[M::mem_pestat] mean and std.dev: (2937.96, 3159.17)
[M::mem_pestat] low and high boundaries for proper pairs: (1, 21403)
[M::mem_pestat] analyzing insert size distribution for orientation RR...
[M::mem_pestat] (25, 50, 75) percentile: (254, 492, 1834)
[M::mem_pestat] low and high boundaries for computing mean and std.dev: (1, 4994)
[M::mem_pestat] mean and std.dev: (870.15, 913.34)
[M::mem_pestat] low and high boundaries for proper pairs: (1, 6574)
[M::mem_pestat] skip orientation FF
[M::mem_pestat] skip orientation RF
[M::mem_pestat] skip orientation RR
[M::process] read 1066668 sequences (160000200 bp)...
[M::mem_process_seqs] Processed 1066668 reads in 836.510 CPU sec, 54.287 real sec
[M::mem_pestat] # candidate unique pairs for (FF, FR, RF, RR): (32, 219519, 90, 32)
[M::mem_pestat] analyzing insert size distribution for orientation FF...
[M::mem_pestat] (25, 50, 75) percentile: (306, 546, 986)
[M::mem_pestat] low and high boundaries for computing mean and std.dev: (1, 2346)
[M::mem_pestat] mean and std.dev: (575.64, 426.31)
[M::mem_pestat] low and high boundaries for proper pairs: (1, 3026)
[M::mem_pestat] analyzing insert size distribution for orientation FR...
[M::mem_pestat] (25, 50, 75) percentile: (280, 375, 492)
[M::mem_pestat] low and high boundaries for computing mean and std.dev: (1, 916)
[M::mem_pestat] mean and std.dev: (386.90, 155.47)
[M::mem_pestat] low and high boundaries for proper pairs: (1, 1128)
[M::mem_pestat] analyzing insert size distribution for orientation RF...
[M::mem_pestat] (25, 50, 75) percentile: (128, 1156, 3061)
[M::mem_pestat] low and high boundaries for computing mean and std.dev: (1, 8927)
[M::mem_pestat] mean and std.dev: (1594.88, 1852.05)
[M::mem_pestat] low and high boundaries for proper pairs: (1, 11860)
[M::mem_pestat] analyzing insert size distribution for orientation RR...
[M::mem_pestat] (25, 50, 75) percentile: (196, 445, 745)
[M::mem_pestat] low and high boundaries for computing mean and std.dev: (1, 1843)
[M::mem_pestat] mean and std.dev: (476.39, 407.21)
[M::mem_pestat] low and high boundaries for proper pairs: (1, 2392)
[M::mem_pestat] skip orientation FF
[M::mem_pestat] skip orientation RF
[M::mem_pestat] skip orientation RR
[M::process] read 1066668 sequences (160000200 bp)...
[M::mem_process_seqs] Processed 1066668 reads in 836.417 CPU sec, 54.098 real sec
[M::mem_pestat] # candidate unique pairs for (FF, FR, RF, RR): (27, 217728, 63, 26)
[M::mem_pestat] analyzing insert size distribution for orientation FF...
[M::mem_pestat] (25, 50, 75) percentile: (514, 696, 840)
[M::mem_pestat] low and high boundaries for computing mean and std.dev: (1, 1492)
[M::mem_pestat] mean and std.dev: (622.81, 263.41)
[M::mem_pestat] low and high boundaries for proper pairs: (1, 1818)
[M::mem_pestat] analyzing insert size distribution for orientation FR...
[M::mem_pestat] (25, 50, 75) percentile: (286, 382, 499)
[M::mem_pestat] low and high boundaries for computing mean and std.dev: (1, 925)
[M::mem_pestat] mean and std.dev: (392.14, 155.10)
[M::mem_pestat] low and high boundaries for proper pairs: (1, 1138)
[M::mem_pestat] analyzing insert size distribution for orientation RF...
[M::mem_pestat] (25, 50, 75) percentile: (307, 1454, 6416)
[M::mem_pestat] low and high boundaries for computing mean and std.dev: (1, 18634)
[M::mem_pestat] mean and std.dev: (3058.46, 3267.50)
[M::mem_pestat] low and high boundaries for proper pairs: (1, 24743)
[M::mem_pestat] analyzing insert size distribution for orientation RR...
[M::mem_pestat] (25, 50, 75) percentile: (493, 1360, 2801)
[M::mem_pestat] low and high boundaries for computing mean and std.dev: (1, 7417)
[M::mem_pestat] mean and std.dev: (2201.65, 2292.42)
[M::mem_pestat] low and high boundaries for proper pairs: (1, 11371)
[M::mem_pestat] skip orientation FF
[M::mem_pestat] skip orientation RF
[M::mem_pestat] skip orientation RR
[M::process] read 1066668 sequences (160000200 bp)...
[M::mem_process_seqs] Processed 1066668 reads in 822.035 CPU sec, 53.340 real sec
[M::mem_pestat] # candidate unique pairs for (FF, FR, RF, RR): (45, 217845, 82, 48)
[M::mem_pestat] analyzing insert size distribution for orientation FF...
[M::mem_pestat] (25, 50, 75) percentile: (138, 362, 1066)
[M::mem_pestat] low and high boundaries for computing mean and std.dev: (1, 2922)
[M::mem_pestat] mean and std.dev: (618.28, 620.59)
[M::mem_pestat] low and high boundaries for proper pairs: (1, 3850)
[M::mem_pestat] analyzing insert size distribution for orientation FR...
[M::mem_pestat] (25, 50, 75) percentile: (281, 375, 490)
[M::mem_pestat] low and high boundaries for computing mean and std.dev: (1, 908)
[M::mem_pestat] mean and std.dev: (385.80, 153.33)
[M::mem_pestat] low and high boundaries for proper pairs: (1, 1117)
[M::mem_pestat] analyzing insert size distribution for orientation RF...
[M::mem_pestat] (25, 50, 75) percentile: (368, 929, 2747)
[M::mem_pestat] low and high boundaries for computing mean and std.dev: (1, 7505)
[M::mem_pestat] mean and std.dev: (1218.55, 1162.44)
[M::mem_pestat] low and high boundaries for proper pairs: (1, 9884)
[M::mem_pestat] analyzing insert size distribution for orientation RR...
[M::mem_pestat] (25, 50, 75) percentile: (339, 771, 1562)
[M::mem_pestat] low and high boundaries for computing mean and std.dev: (1, 4008)
[M::mem_pestat] mean and std.dev: (951.32, 775.88)
[M::mem_pestat] low and high boundaries for proper pairs: (1, 5231)
[M::mem_pestat] skip orientation FF
[M::mem_pestat] skip orientation RF
[M::mem_pestat] skip orientation RR
[M::process] read 1066668 sequences (160000200 bp)...
[M::mem_process_seqs] Processed 1066668 reads in 824.655 CPU sec, 53.339 real sec
[M::mem_pestat] # candidate unique pairs for (FF, FR, RF, RR): (43, 218279, 62, 38)
[M::mem_pestat] analyzing insert size distribution for orientation FF...
[M::mem_pestat] (25, 50, 75) percentile: (354, 829, 1022)
[M::mem_pestat] low and high boundaries for computing mean and std.dev: (1, 2358)
[M::mem_pestat] mean and std.dev: (679.00, 417.33)
[M::mem_pestat] low and high boundaries for proper pairs: (1, 3026)
[M::mem_pestat] analyzing insert size distribution for orientation FR...
[M::mem_pestat] (25, 50, 75) percentile: (284, 381, 496)
[M::mem_pestat] low and high boundaries for computing mean and std.dev: (1, 920)
[M::mem_pestat] mean and std.dev: (391.05, 154.86)
[M::mem_pestat] low and high boundaries for proper pairs: (1, 1132)
[M::mem_pestat] analyzing insert size distribution for orientation RF...
[M::mem_pestat] (25, 50, 75) percentile: (593, 1892, 5031)
[M::mem_pestat] low and high boundaries for computing mean and std.dev: (1, 13907)
[M::mem_pestat] mean and std.dev: (3072.45, 2668.81)
[M::mem_pestat] low and high boundaries for proper pairs: (1, 18345)
[M::mem_pestat] analyzing insert size distribution for orientation RR...
[M::mem_pestat] (25, 50, 75) percentile: (483, 600, 972)
[M::mem_pestat] low and high boundaries for computing mean and std.dev: (1, 1950)
[M::mem_pestat] mean and std.dev: (564.72, 224.94)
[M::mem_pestat] low and high boundaries for proper pairs: (1, 2439)
[M::mem_pestat] skip orientation FF
[M::mem_pestat] skip orientation RF
[M::mem_pestat] skip orientation RR
[M::process] read 1066668 sequences (160000200 bp)...
[M::mem_process_seqs] Processed 1066668 reads in 822.254 CPU sec, 53.101 real sec
[M::mem_pestat] # candidate unique pairs for (FF, FR, RF, RR): (31, 219744, 61, 33)
[M::mem_pestat] analyzing insert size distribution for orientation FF...
[M::mem_pestat] (25, 50, 75) percentile: (242, 421, 1255)
[M::mem_pestat] low and high boundaries for computing mean and std.dev: (1, 3281)
[M::mem_pestat] mean and std.dev: (639.71, 585.23)
[M::mem_pestat] low and high boundaries for proper pairs: (1, 4294)
[M::mem_pestat] analyzing insert size distribution for orientation FR...
[M::mem_pestat] (25, 50, 75) percentile: (283, 377, 492)
[M::mem_pestat] low and high boundaries for computing mean and std.dev: (1, 910)
[M::mem_pestat] mean and std.dev: (387.76, 153.30)
[M::mem_pestat] low and high boundaries for proper pairs: (1, 1119)
[M::mem_pestat] analyzing insert size distribution for orientation RF...
[M::mem_pestat] (25, 50, 75) percentile: (370, 1257, 6248)
[M::mem_pestat] low and high boundaries for computing mean and std.dev: (1, 18004)
[M::mem_pestat] mean and std.dev: (2729.70, 3194.75)
[M::mem_pestat] low and high boundaries for proper pairs: (1, 23882)
[M::mem_pestat] analyzing insert size distribution for orientation RR...
[M::mem_pestat] (25, 50, 75) percentile: (205, 360, 1176)
[M::mem_pestat] low and high boundaries for computing mean and std.dev: (1, 3118)
[M::mem_pestat] mean and std.dev: (630.35, 663.93)
[M::mem_pestat] low and high boundaries for proper pairs: (1, 4089)
[M::mem_pestat] skip orientation FF
[M::mem_pestat] skip orientation RF
[M::mem_pestat] skip orientation RR
[M::process] read 1066668 sequences (160000200 bp)...
[M::mem_process_seqs] Processed 1066668 reads in 819.356 CPU sec, 52.853 real sec
[M::mem_pestat] # candidate unique pairs for (FF, FR, RF, RR): (43, 220146, 66, 38)
[M::mem_pestat] analyzing insert size distribution for orientation FF...
[M::mem_pestat] (25, 50, 75) percentile: (342, 579, 1494)
[M::mem_pestat] low and high boundaries for computing mean and std.dev: (1, 3798)
[M::mem_pestat] mean and std.dev: (885.86, 765.92)
[M::mem_pestat] low and high boundaries for proper pairs: (1, 4950)
[M::mem_pestat] analyzing insert size distribution for orientation FR...
[M::mem_pestat] (25, 50, 75) percentile: (285, 377, 492)
[M::mem_pestat] low and high boundaries for computing mean and std.dev: (1, 906)
[M::mem_pestat] mean and std.dev: (390.16, 153.55)
[M::mem_pestat] low and high boundaries for proper pairs: (1, 1113)
[M::mem_pestat] analyzing insert size distribution for orientation RF...
[M::mem_pestat] (25, 50, 75) percentile: (962, 3100, 6321)
[M::mem_pestat] low and high boundaries for computing mean and std.dev: (1, 17039)
[M::mem_pestat] mean and std.dev: (3771.64, 3180.43)
[M::mem_pestat] low and high boundaries for proper pairs: (1, 22398)
[M::mem_pestat] analyzing insert size distribution for orientation RR...
[M::mem_pestat] (25, 50, 75) percentile: (606, 1511, 6514)
[M::mem_pestat] low and high boundaries for computing mean and std.dev: (1, 18330)
[M::mem_pestat] mean and std.dev: (2841.42, 2582.64)
[M::mem_pestat] low and high boundaries for proper pairs: (1, 24238)
[M::mem_pestat] skip orientation FF
[M::mem_pestat] skip orientation RF
[M::mem_pestat] skip orientation RR
[M::process] read 1066668 sequences (160000200 bp)...
[M::mem_process_seqs] Processed 1066668 reads in 820.900 CPU sec, 52.960 real sec
[M::mem_pestat] # candidate unique pairs for (FF, FR, RF, RR): (50, 219749, 69, 40)
[M::mem_pestat] analyzing insert size distribution for orientation FF...
[M::mem_pestat] (25, 50, 75) percentile: (310, 508, 931)
[M::mem_pestat] low and high boundaries for computing mean and std.dev: (1, 2173)
[M::mem_pestat] mean and std.dev: (548.19, 394.60)
[M::mem_pestat] low and high boundaries for proper pairs: (1, 2794)
[M::mem_pestat] analyzing insert size distribution for orientation FR...
[M::mem_pestat] (25, 50, 75) percentile: (284, 375, 489)
[M::mem_pestat] low and high boundaries for computing mean and std.dev: (1, 899)
[M::mem_pestat] mean and std.dev: (387.40, 151.42)
[M::mem_pestat] low and high boundaries for proper pairs: (1, 1104)
[M::mem_pestat] analyzing insert size distribution for orientation RF...
[M::mem_pestat] (25, 50, 75) percentile: (243, 815, 3054)
[M::mem_pestat] low and high boundaries for computing mean and std.dev: (1, 8676)
[M::mem_pestat] mean and std.dev: (1561.25, 1705.04)
[M::mem_pestat] low and high boundaries for proper pairs: (1, 11487)
[M::mem_pestat] analyzing insert size distribution for orientation RR...
[M::mem_pestat] (25, 50, 75) percentile: (207, 522, 1296)
[M::mem_pestat] low and high boundaries for computing mean and std.dev: (1, 3474)
[M::mem_pestat] mean and std.dev: (711.95, 659.30)
[M::mem_pestat] low and high boundaries for proper pairs: (1, 4563)
[M::mem_pestat] skip orientation FF
[M::mem_pestat] skip orientation RF
[M::mem_pestat] skip orientation RR
[M::process] read 1066668 sequences (160000200 bp)...
[M::mem_process_seqs] Processed 1066668 reads in 823.935 CPU sec, 53.391 real sec
[M::mem_pestat] # candidate unique pairs for (FF, FR, RF, RR): (34, 220741, 88, 29)
[M::mem_pestat] analyzing insert size distribution for orientation FF...
[M::mem_pestat] (25, 50, 75) percentile: (358, 768, 1369)
[M::mem_pestat] low and high boundaries for computing mean and std.dev: (1, 3391)
[M::mem_pestat] mean and std.dev: (683.00, 400.76)
[M::mem_pestat] low and high boundaries for proper pairs: (1, 4402)
[M::mem_pestat] analyzing insert size distribution for orientation FR...
[M::mem_pestat] (25, 50, 75) percentile: (285, 376, 487)
[M::mem_pestat] low and high boundaries for computing mean and std.dev: (1, 891)
[M::mem_pestat] mean and std.dev: (386.76, 150.50)
[M::mem_pestat] low and high boundaries for proper pairs: (1, 1093)
[M::mem_pestat] analyzing insert size distribution for orientation RF...
[M::mem_pestat] (25, 50, 75) percentile: (617, 1902, 4769)
[M::mem_pestat] low and high boundaries for computing mean and std.dev: (1, 13073)
[M::mem_pestat] mean and std.dev: (2976.81, 2912.31)
[M::mem_pestat] low and high boundaries for proper pairs: (1, 17225)
[M::mem_pestat] analyzing insert size distribution for orientation RR...
[M::mem_pestat] (25, 50, 75) percentile: (247, 442, 788)
[M::mem_pestat] low and high boundaries for computing mean and std.dev: (1, 1870)
[M::mem_pestat] mean and std.dev: (505.33, 399.09)
[M::mem_pestat] low and high boundaries for proper pairs: (1, 2411)
[M::mem_pestat] skip orientation FF
[M::mem_pestat] skip orientation RF
[M::mem_pestat] skip orientation RR
[M::process] read 609150 sequences (91372500 bp)...
[M::mem_process_seqs] Processed 1066668 reads in 819.679 CPU sec, 52.919 real sec
[M::mem_pestat] # candidate unique pairs for (FF, FR, RF, RR): (22, 124981, 43, 25)
[M::mem_pestat] analyzing insert size distribution for orientation FF...
[M::mem_pestat] (25, 50, 75) percentile: (239, 487, 529)
[M::mem_pestat] low and high boundaries for computing mean and std.dev: (1, 1109)
[M::mem_pestat] mean and std.dev: (421.76, 243.98)
[M::mem_pestat] low and high boundaries for proper pairs: (1, 1399)
[M::mem_pestat] analyzing insert size distribution for orientation FR...
[M::mem_pestat] (25, 50, 75) percentile: (288, 379, 491)
[M::mem_pestat] low and high boundaries for computing mean and std.dev: (1, 897)
[M::mem_pestat] mean and std.dev: (390.75, 150.49)
[M::mem_pestat] low and high boundaries for proper pairs: (1, 1100)
[M::mem_pestat] analyzing insert size distribution for orientation RF...
[M::mem_pestat] (25, 50, 75) percentile: (329, 1070, 3168)
[M::mem_pestat] low and high boundaries for computing mean and std.dev: (1, 8846)
[M::mem_pestat] mean and std.dev: (2017.12, 2263.19)
[M::mem_pestat] low and high boundaries for proper pairs: (1, 11685)
[M::mem_pestat] analyzing insert size distribution for orientation RR...
[M::mem_pestat] (25, 50, 75) percentile: (463, 687, 1509)
[M::mem_pestat] low and high boundaries for computing mean and std.dev: (1, 3601)
[M::mem_pestat] mean and std.dev: (825.36, 552.15)
[M::mem_pestat] low and high boundaries for proper pairs: (1, 4647)
[M::mem_pestat] skip orientation FF
[M::mem_pestat] skip orientation RF
[M::mem_pestat] skip orientation RR
[M::mem_process_seqs] Processed 609150 reads in 474.256 CPU sec, 31.359 real sec
[main] Version: 0.7.19-r1273
[main] CMD: bwa mem -t 16 -R @RG\tID:Fidalgo_Bay_11\tSM:Fidalgo_Bay_11\tLB:Fidalgo_Bay_11\tPL:ILLUMINA output/05_realign_xbOstLuri2/reference/GCA_061535525.1_xbOstLuri2_USDA-ARS_PSRF_primary_genomic.fna data/raw/Fidalgo_Bay_11_S9_L004_R1_001.fastq.gz data/raw/Fidalgo_Bay_11_S9_L004_R2_001.fastq.gz
[main] Real time: 3678.749 sec; CPU: 56305.030 sec
[bam_sort_core] merging from 3 files and 8 in-memory blocks...
end 2026-09-27T13:57:22Z sample=Fidalgo_Bay_11
