/opt/ohpc/admin/lmod/lmod/init/bash: line 93: LD_LIBRARY_PATH: unbound variable
start 2026-09-27T11:55:05Z host n3453 sample=Dogfish_Bay_10 location=Dogfish_Bay
[M::bwa_idx_load_from_disk] read 0 ALT contigs
[M::process] read 1066668 sequences (160000200 bp)...
[M::process] read 1066668 sequences (160000200 bp)...
[M::mem_pestat] # candidate unique pairs for (FF, FR, RF, RR): (58, 225263, 70, 38)
[M::mem_pestat] analyzing insert size distribution for orientation FF...
[M::mem_pestat] (25, 50, 75) percentile: (228, 311, 1614)
[M::mem_pestat] low and high boundaries for computing mean and std.dev: (1, 4386)
[M::mem_pestat] mean and std.dev: (810.48, 1012.44)
[M::mem_pestat] low and high boundaries for proper pairs: (1, 5772)
[M::mem_pestat] analyzing insert size distribution for orientation FR...
[M::mem_pestat] (25, 50, 75) percentile: (270, 356, 455)
[M::mem_pestat] low and high boundaries for computing mean and std.dev: (1, 825)
[M::mem_pestat] mean and std.dev: (361.44, 140.85)
[M::mem_pestat] low and high boundaries for proper pairs: (1, 1010)
[M::mem_pestat] analyzing insert size distribution for orientation RF...
[M::mem_pestat] (25, 50, 75) percentile: (195, 976, 1847)
[M::mem_pestat] low and high boundaries for computing mean and std.dev: (1, 5151)
[M::mem_pestat] mean and std.dev: (1162.17, 1296.52)
[M::mem_pestat] low and high boundaries for proper pairs: (1, 6803)
[M::mem_pestat] analyzing insert size distribution for orientation RR...
[M::mem_pestat] (25, 50, 75) percentile: (252, 436, 3384)
[M::mem_pestat] low and high boundaries for computing mean and std.dev: (1, 9648)
[M::mem_pestat] mean and std.dev: (1575.16, 1862.35)
[M::mem_pestat] low and high boundaries for proper pairs: (1, 12780)
[M::mem_pestat] skip orientation FF
[M::mem_pestat] skip orientation RF
[M::mem_pestat] skip orientation RR
[M::mem_process_seqs] Processed 1066668 reads in 793.504 CPU sec, 53.807 real sec
[M::mem_pestat] # candidate unique pairs for (FF, FR, RF, RR): (37, 225306, 82, 36)
[M::mem_pestat] analyzing insert size distribution for orientation FF...
[M::mem_pestat] (25, 50, 75) percentile: (228, 520, 4715)
[M::mem_pestat] low and high boundaries for computing mean and std.dev: (1, 13689)
[M::mem_pestat] mean and std.dev: (2104.54, 2466.19)
[M::mem_pestat] low and high boundaries for proper pairs: (1, 18176)
[M::mem_pestat] analyzing insert size distribution for orientation FR...
[M::mem_pestat] (25, 50, 75) percentile: (274, 361, 461)
[M::mem_pestat] low and high boundaries for computing mean and std.dev: (1, 835)
[M::mem_pestat] mean and std.dev: (367.27, 142.35)
[M::mem_pestat] low and high boundaries for proper pairs: (1, 1022)
[M::mem_pestat] analyzing insert size distribution for orientation RF...
[M::mem_pestat] (25, 50, 75) percentile: (568, 2091, 6484)
[M::mem_pestat] low and high boundaries for computing mean and std.dev: (1, 18316)
[M::mem_pestat] mean and std.dev: (3484.70, 3282.05)
[M::mem_pestat] low and high boundaries for proper pairs: (1, 24232)
[M::mem_pestat] analyzing insert size distribution for orientation RR...
[M::mem_pestat] (25, 50, 75) percentile: (329, 810, 1415)
[M::mem_pestat] low and high boundaries for computing mean and std.dev: (1, 3587)
[M::mem_pestat] mean and std.dev: (838.15, 639.67)
[M::mem_pestat] low and high boundaries for proper pairs: (1, 4673)
[M::mem_pestat] skip orientation FF
[M::mem_pestat] skip orientation RF
[M::mem_pestat] skip orientation RR
[M::process] read 1066668 sequences (160000200 bp)...
[M::mem_process_seqs] Processed 1066668 reads in 794.626 CPU sec, 51.633 real sec
[M::mem_pestat] # candidate unique pairs for (FF, FR, RF, RR): (34, 224327, 76, 30)
[M::mem_pestat] analyzing insert size distribution for orientation FF...
[M::mem_pestat] (25, 50, 75) percentile: (284, 573, 1705)
[M::mem_pestat] low and high boundaries for computing mean and std.dev: (1, 4547)
[M::mem_pestat] mean and std.dev: (773.06, 677.81)
[M::mem_pestat] low and high boundaries for proper pairs: (1, 5968)
[M::mem_pestat] analyzing insert size distribution for orientation FR...
[M::mem_pestat] (25, 50, 75) percentile: (269, 357, 460)
[M::mem_pestat] low and high boundaries for computing mean and std.dev: (1, 842)
[M::mem_pestat] mean and std.dev: (364.52, 143.57)
[M::mem_pestat] low and high boundaries for proper pairs: (1, 1033)
[M::mem_pestat] analyzing insert size distribution for orientation RF...
[M::mem_pestat] (25, 50, 75) percentile: (106, 1483, 4914)
[M::mem_pestat] low and high boundaries for computing mean and std.dev: (1, 14530)
[M::mem_pestat] mean and std.dev: (2632.62, 2908.77)
[M::mem_pestat] low and high boundaries for proper pairs: (1, 19338)
[M::mem_pestat] analyzing insert size distribution for orientation RR...
[M::mem_pestat] (25, 50, 75) percentile: (422, 1140, 1349)
[M::mem_pestat] low and high boundaries for computing mean and std.dev: (1, 3203)
[M::mem_pestat] mean and std.dev: (810.31, 518.02)
[M::mem_pestat] low and high boundaries for proper pairs: (1, 4130)
[M::mem_pestat] skip orientation FF
[M::mem_pestat] skip orientation RF
[M::mem_pestat] skip orientation RR
[M::process] read 1066668 sequences (160000200 bp)...
[M::mem_process_seqs] Processed 1066668 reads in 810.590 CPU sec, 52.513 real sec
[M::mem_pestat] # candidate unique pairs for (FF, FR, RF, RR): (34, 225270, 75, 50)
[M::mem_pestat] analyzing insert size distribution for orientation FF...
[M::mem_pestat] (25, 50, 75) percentile: (258, 434, 1421)
[M::mem_pestat] low and high boundaries for computing mean and std.dev: (1, 3747)
[M::mem_pestat] mean and std.dev: (716.12, 630.21)
[M::mem_pestat] low and high boundaries for proper pairs: (1, 4910)
[M::mem_pestat] analyzing insert size distribution for orientation FR...
[M::mem_pestat] (25, 50, 75) percentile: (271, 358, 461)
[M::mem_pestat] low and high boundaries for computing mean and std.dev: (1, 841)
[M::mem_pestat] mean and std.dev: (366.12, 144.01)
[M::mem_pestat] low and high boundaries for proper pairs: (1, 1031)
[M::mem_pestat] analyzing insert size distribution for orientation RF...
[M::mem_pestat] (25, 50, 75) percentile: (408, 1022, 3729)
[M::mem_pestat] low and high boundaries for computing mean and std.dev: (1, 10371)
[M::mem_pestat] mean and std.dev: (2397.67, 2810.22)
[M::mem_pestat] low and high boundaries for proper pairs: (1, 13692)
[M::mem_pestat] analyzing insert size distribution for orientation RR...
[M::mem_pestat] (25, 50, 75) percentile: (274, 514, 1581)
[M::mem_pestat] low and high boundaries for computing mean and std.dev: (1, 4195)
[M::mem_pestat] mean and std.dev: (776.07, 684.34)
[M::mem_pestat] low and high boundaries for proper pairs: (1, 5502)
[M::mem_pestat] skip orientation FF
[M::mem_pestat] skip orientation RF
[M::mem_pestat] skip orientation RR
[M::process] read 1066668 sequences (160000200 bp)...
[M::mem_process_seqs] Processed 1066668 reads in 811.204 CPU sec, 52.890 real sec
[M::mem_pestat] # candidate unique pairs for (FF, FR, RF, RR): (43, 225183, 83, 33)
[M::mem_pestat] analyzing insert size distribution for orientation FF...
[M::mem_pestat] (25, 50, 75) percentile: (260, 386, 898)
[M::mem_pestat] low and high boundaries for computing mean and std.dev: (1, 2174)
[M::mem_pestat] mean and std.dev: (561.51, 470.78)
[M::mem_pestat] low and high boundaries for proper pairs: (1, 2812)
[M::mem_pestat] analyzing insert size distribution for orientation FR...
[M::mem_pestat] (25, 50, 75) percentile: (269, 357, 461)
[M::mem_pestat] low and high boundaries for computing mean and std.dev: (1, 845)
[M::mem_pestat] mean and std.dev: (365.23, 144.27)
[M::mem_pestat] low and high boundaries for proper pairs: (1, 1037)
[M::mem_pestat] analyzing insert size distribution for orientation RF...
[M::mem_pestat] (25, 50, 75) percentile: (198, 706, 3106)
[M::mem_pestat] low and high boundaries for computing mean and std.dev: (1, 8922)
[M::mem_pestat] mean and std.dev: (1412.13, 1800.87)
[M::mem_pestat] low and high boundaries for proper pairs: (1, 11830)
[M::mem_pestat] analyzing insert size distribution for orientation RR...
[M::mem_pestat] (25, 50, 75) percentile: (268, 390, 1225)
[M::mem_pestat] low and high boundaries for computing mean and std.dev: (1, 3139)
[M::mem_pestat] mean and std.dev: (610.40, 525.33)
[M::mem_pestat] low and high boundaries for proper pairs: (1, 4096)
[M::mem_pestat] skip orientation FF
[M::mem_pestat] skip orientation RF
[M::mem_pestat] skip orientation RR
[M::process] read 1066668 sequences (160000200 bp)...
[M::mem_process_seqs] Processed 1066668 reads in 808.167 CPU sec, 52.307 real sec
[M::mem_pestat] # candidate unique pairs for (FF, FR, RF, RR): (44, 225119, 73, 35)
[M::mem_pestat] analyzing insert size distribution for orientation FF...
[M::mem_pestat] (25, 50, 75) percentile: (444, 806, 1525)
[M::mem_pestat] low and high boundaries for computing mean and std.dev: (1, 3687)
[M::mem_pestat] mean and std.dev: (858.89, 678.76)
[M::mem_pestat] low and high boundaries for proper pairs: (1, 4768)
[M::mem_pestat] analyzing insert size distribution for orientation FR...
[M::mem_pestat] (25, 50, 75) percentile: (267, 354, 456)
[M::mem_pestat] low and high boundaries for computing mean and std.dev: (1, 834)
[M::mem_pestat] mean and std.dev: (362.06, 143.01)
[M::mem_pestat] low and high boundaries for proper pairs: (1, 1023)
[M::mem_pestat] analyzing insert size distribution for orientation RF...
[M::mem_pestat] (25, 50, 75) percentile: (367, 1248, 5227)
[M::mem_pestat] low and high boundaries for computing mean and std.dev: (1, 14947)
[M::mem_pestat] mean and std.dev: (2485.75, 2580.81)
[M::mem_pestat] low and high boundaries for proper pairs: (1, 19807)
[M::mem_pestat] analyzing insert size distribution for orientation RR...
[M::mem_pestat] (25, 50, 75) percentile: (287, 562, 2952)
[M::mem_pestat] low and high boundaries for computing mean and std.dev: (1, 8282)
[M::mem_pestat] mean and std.dev: (1467.06, 1857.83)
[M::mem_pestat] low and high boundaries for proper pairs: (1, 10947)
[M::mem_pestat] skip orientation FF
[M::mem_pestat] skip orientation RF
[M::mem_pestat] skip orientation RR
[M::process] read 1066668 sequences (160000200 bp)...
[M::mem_process_seqs] Processed 1066668 reads in 809.068 CPU sec, 52.362 real sec
[M::mem_pestat] # candidate unique pairs for (FF, FR, RF, RR): (38, 224508, 67, 35)
[M::mem_pestat] analyzing insert size distribution for orientation FF...
[M::mem_pestat] (25, 50, 75) percentile: (252, 749, 1566)
[M::mem_pestat] low and high boundaries for computing mean and std.dev: (1, 4194)
[M::mem_pestat] mean and std.dev: (850.72, 930.30)
[M::mem_pestat] low and high boundaries for proper pairs: (1, 5508)
[M::mem_pestat] analyzing insert size distribution for orientation FR...
[M::mem_pestat] (25, 50, 75) percentile: (264, 351, 453)
[M::mem_pestat] low and high boundaries for computing mean and std.dev: (1, 831)
[M::mem_pestat] mean and std.dev: (358.82, 142.15)
[M::mem_pestat] low and high boundaries for proper pairs: (1, 1020)
[M::mem_pestat] analyzing insert size distribution for orientation RF...
[M::mem_pestat] (25, 50, 75) percentile: (306, 2114, 6743)
[M::mem_pestat] low and high boundaries for computing mean and std.dev: (1, 19617)
[M::mem_pestat] mean and std.dev: (3320.84, 3309.94)
[M::mem_pestat] low and high boundaries for proper pairs: (1, 26054)
[M::mem_pestat] analyzing insert size distribution for orientation RR...
[M::mem_pestat] (25, 50, 75) percentile: (323, 515, 1219)
[M::mem_pestat] low and high boundaries for computing mean and std.dev: (1, 3011)
[M::mem_pestat] mean and std.dev: (751.61, 647.56)
[M::mem_pestat] low and high boundaries for proper pairs: (1, 3907)
[M::mem_pestat] skip orientation FF
[M::mem_pestat] skip orientation RF
[M::mem_pestat] skip orientation RR
[M::process] read 1066668 sequences (160000200 bp)...
[M::mem_process_seqs] Processed 1066668 reads in 838.472 CPU sec, 54.471 real sec
[M::mem_pestat] # candidate unique pairs for (FF, FR, RF, RR): (20, 225102, 82, 44)
[M::mem_pestat] analyzing insert size distribution for orientation FF...
[M::mem_pestat] (25, 50, 75) percentile: (256, 582, 1797)
[M::mem_pestat] low and high boundaries for computing mean and std.dev: (1, 4879)
[M::mem_pestat] mean and std.dev: (810.94, 908.00)
[M::mem_pestat] low and high boundaries for proper pairs: (1, 6420)
[M::mem_pestat] analyzing insert size distribution for orientation FR...
[M::mem_pestat] (25, 50, 75) percentile: (265, 352, 456)
[M::mem_pestat] low and high boundaries for computing mean and std.dev: (1, 838)
[M::mem_pestat] mean and std.dev: (361.31, 143.93)
[M::mem_pestat] low and high boundaries for proper pairs: (1, 1029)
[M::mem_pestat] analyzing insert size distribution for orientation RF...
[M::mem_pestat] (25, 50, 75) percentile: (212, 1521, 3750)
[M::mem_pestat] low and high boundaries for computing mean and std.dev: (1, 10826)
[M::mem_pestat] mean and std.dev: (2528.01, 2780.75)
[M::mem_pestat] low and high boundaries for proper pairs: (1, 14364)
[M::mem_pestat] analyzing insert size distribution for orientation RR...
[M::mem_pestat] (25, 50, 75) percentile: (234, 368, 1767)
[M::mem_pestat] low and high boundaries for computing mean and std.dev: (1, 4833)
[M::mem_pestat] mean and std.dev: (730.56, 737.11)
[M::mem_pestat] low and high boundaries for proper pairs: (1, 6366)
[M::mem_pestat] skip orientation FF
[M::mem_pestat] skip orientation RF
[M::mem_pestat] skip orientation RR
[M::process] read 1066668 sequences (160000200 bp)...
[M::mem_process_seqs] Processed 1066668 reads in 823.671 CPU sec, 53.186 real sec
[M::mem_pestat] # candidate unique pairs for (FF, FR, RF, RR): (35, 224223, 56, 37)
[M::mem_pestat] analyzing insert size distribution for orientation FF...
[M::mem_pestat] (25, 50, 75) percentile: (208, 547, 4974)
[M::mem_pestat] low and high boundaries for computing mean and std.dev: (1, 14506)
[M::mem_pestat] mean and std.dev: (2532.49, 3353.62)
[M::mem_pestat] low and high boundaries for proper pairs: (1, 19272)
[M::mem_pestat] analyzing insert size distribution for orientation FR...
[M::mem_pestat] (25, 50, 75) percentile: (269, 359, 464)
[M::mem_pestat] low and high boundaries for computing mean and std.dev: (1, 854)
[M::mem_pestat] mean and std.dev: (366.24, 146.28)
[M::mem_pestat] low and high boundaries for proper pairs: (1, 1049)
[M::mem_pestat] analyzing insert size distribution for orientation RF...
[M::mem_pestat] (25, 50, 75) percentile: (87, 710, 2008)
[M::mem_pestat] low and high boundaries for computing mean and std.dev: (1, 5850)
[M::mem_pestat] mean and std.dev: (897.88, 1032.71)
[M::mem_pestat] low and high boundaries for proper pairs: (1, 7771)
[M::mem_pestat] analyzing insert size distribution for orientation RR...
[M::mem_pestat] (25, 50, 75) percentile: (250, 694, 1094)
[M::mem_pestat] low and high boundaries for computing mean and std.dev: (1, 2782)
[M::mem_pestat] mean and std.dev: (676.12, 469.26)
[M::mem_pestat] low and high boundaries for proper pairs: (1, 3626)
[M::mem_pestat] skip orientation FF
[M::mem_pestat] skip orientation RF
[M::mem_pestat] skip orientation RR
[M::process] read 1066668 sequences (160000200 bp)...
[M::mem_process_seqs] Processed 1066668 reads in 810.141 CPU sec, 52.239 real sec
[M::mem_pestat] # candidate unique pairs for (FF, FR, RF, RR): (28, 223762, 120, 42)
[M::mem_pestat] analyzing insert size distribution for orientation FF...
[M::mem_pestat] (25, 50, 75) percentile: (259, 474, 641)
[M::mem_pestat] low and high boundaries for computing mean and std.dev: (1, 1405)
[M::mem_pestat] mean and std.dev: (378.38, 218.75)
[M::mem_pestat] low and high boundaries for proper pairs: (1, 1787)
[M::mem_pestat] analyzing insert size distribution for orientation FR...
[M::mem_pestat] (25, 50, 75) percentile: (275, 366, 472)
[M::mem_pestat] low and high boundaries for computing mean and std.dev: (1, 866)
[M::mem_pestat] mean and std.dev: (372.62, 147.66)
[M::mem_pestat] low and high boundaries for proper pairs: (1, 1063)
[M::mem_pestat] analyzing insert size distribution for orientation RF...
[M::mem_pestat] (25, 50, 75) percentile: (272, 1663, 6008)
[M::mem_pestat] low and high boundaries for computing mean and std.dev: (1, 17480)
[M::mem_pestat] mean and std.dev: (3029.32, 3025.72)
[M::mem_pestat] low and high boundaries for proper pairs: (1, 23216)
[M::mem_pestat] analyzing insert size distribution for orientation RR...
[M::mem_pestat] (25, 50, 75) percentile: (260, 530, 869)
[M::mem_pestat] low and high boundaries for computing mean and std.dev: (1, 2087)
[M::mem_pestat] mean and std.dev: (558.57, 401.42)
[M::mem_pestat] low and high boundaries for proper pairs: (1, 2696)
[M::mem_pestat] skip orientation FF
[M::mem_pestat] skip orientation RF
[M::mem_pestat] skip orientation RR
[M::process] read 1066668 sequences (160000200 bp)...
[M::mem_process_seqs] Processed 1066668 reads in 802.464 CPU sec, 51.998 real sec
[M::mem_pestat] # candidate unique pairs for (FF, FR, RF, RR): (46, 223955, 84, 34)
[M::mem_pestat] analyzing insert size distribution for orientation FF...
[M::mem_pestat] (25, 50, 75) percentile: (270, 455, 1324)
[M::mem_pestat] low and high boundaries for computing mean and std.dev: (1, 3432)
[M::mem_pestat] mean and std.dev: (712.27, 676.03)
[M::mem_pestat] low and high boundaries for proper pairs: (1, 4486)
[M::mem_pestat] analyzing insert size distribution for orientation FR...
[M::mem_pestat] (25, 50, 75) percentile: (272, 362, 467)
[M::mem_pestat] low and high boundaries for computing mean and std.dev: (1, 857)
[M::mem_pestat] mean and std.dev: (369.65, 146.44)
[M::mem_pestat] low and high boundaries for proper pairs: (1, 1052)
[M::mem_pestat] analyzing insert size distribution for orientation RF...
[M::mem_pestat] (25, 50, 75) percentile: (156, 1074, 3963)
[M::mem_pestat] low and high boundaries for computing mean and std.dev: (1, 11577)
[M::mem_pestat] mean and std.dev: (2339.80, 2912.57)
[M::mem_pestat] low and high boundaries for proper pairs: (1, 15384)
[M::mem_pestat] analyzing insert size distribution for orientation RR...
[M::mem_pestat] (25, 50, 75) percentile: (279, 541, 1447)
[M::mem_pestat] low and high boundaries for computing mean and std.dev: (1, 3783)
[M::mem_pestat] mean and std.dev: (968.18, 929.06)
[M::mem_pestat] low and high boundaries for proper pairs: (1, 4951)
[M::mem_pestat] skip orientation FF
[M::mem_pestat] skip orientation RF
[M::mem_pestat] skip orientation RR
[M::process] read 1066668 sequences (160000200 bp)...
[M::mem_process_seqs] Processed 1066668 reads in 805.066 CPU sec, 52.095 real sec
[M::mem_pestat] # candidate unique pairs for (FF, FR, RF, RR): (43, 224798, 86, 32)
[M::mem_pestat] analyzing insert size distribution for orientation FF...
[M::mem_pestat] (25, 50, 75) percentile: (227, 568, 1213)
[M::mem_pestat] low and high boundaries for computing mean and std.dev: (1, 3185)
[M::mem_pestat] mean and std.dev: (626.05, 505.90)
[M::mem_pestat] low and high boundaries for proper pairs: (1, 4171)
[M::mem_pestat] analyzing insert size distribution for orientation FR...
[M::mem_pestat] (25, 50, 75) percentile: (271, 361, 467)
[M::mem_pestat] low and high boundaries for computing mean and std.dev: (1, 859)
[M::mem_pestat] mean and std.dev: (368.96, 147.11)
[M::mem_pestat] low and high boundaries for proper pairs: (1, 1055)
[M::mem_pestat] analyzing insert size distribution for orientation RF...
[M::mem_pestat] (25, 50, 75) percentile: (337, 1315, 4149)
[M::mem_pestat] low and high boundaries for computing mean and std.dev: (1, 11773)
[M::mem_pestat] mean and std.dev: (2738.51, 2894.78)
[M::mem_pestat] low and high boundaries for proper pairs: (1, 15585)
[M::mem_pestat] analyzing insert size distribution for orientation RR...
[M::mem_pestat] (25, 50, 75) percentile: (310, 613, 1608)
[M::mem_pestat] low and high boundaries for computing mean and std.dev: (1, 4204)
[M::mem_pestat] mean and std.dev: (534.28, 374.55)
[M::mem_pestat] low and high boundaries for proper pairs: (1, 5502)
[M::mem_pestat] skip orientation FF
[M::mem_pestat] skip orientation RF
[M::mem_pestat] skip orientation RR
[M::process] read 1066668 sequences (160000200 bp)...
[M::mem_process_seqs] Processed 1066668 reads in 809.376 CPU sec, 52.220 real sec
[M::mem_pestat] # candidate unique pairs for (FF, FR, RF, RR): (34, 225340, 70, 41)
[M::mem_pestat] analyzing insert size distribution for orientation FF...
[M::mem_pestat] (25, 50, 75) percentile: (209, 416, 852)
[M::mem_pestat] low and high boundaries for computing mean and std.dev: (1, 2138)
[M::mem_pestat] mean and std.dev: (475.57, 388.90)
[M::mem_pestat] low and high boundaries for proper pairs: (1, 2781)
[M::mem_pestat] analyzing insert size distribution for orientation FR...
[M::mem_pestat] (25, 50, 75) percentile: (272, 361, 464)
[M::mem_pestat] low and high boundaries for computing mean and std.dev: (1, 848)
[M::mem_pestat] mean and std.dev: (368.08, 145.44)
[M::mem_pestat] low and high boundaries for proper pairs: (1, 1040)
[M::mem_pestat] analyzing insert size distribution for orientation RF...
[M::mem_pestat] (25, 50, 75) percentile: (249, 1195, 3376)
[M::mem_pestat] low and high boundaries for computing mean and std.dev: (1, 9630)
[M::mem_pestat] mean and std.dev: (2097.23, 2484.40)
[M::mem_pestat] low and high boundaries for proper pairs: (1, 12757)
[M::mem_pestat] analyzing insert size distribution for orientation RR...
[M::mem_pestat] (25, 50, 75) percentile: (282, 556, 1913)
[M::mem_pestat] low and high boundaries for computing mean and std.dev: (1, 5175)
[M::mem_pestat] mean and std.dev: (1089.35, 1163.17)
[M::mem_pestat] low and high boundaries for proper pairs: (1, 6806)
[M::mem_pestat] skip orientation FF
[M::mem_pestat] skip orientation RF
[M::mem_pestat] skip orientation RR
[M::process] read 1066668 sequences (160000200 bp)...
[M::mem_process_seqs] Processed 1066668 reads in 818.009 CPU sec, 52.981 real sec
[M::mem_pestat] # candidate unique pairs for (FF, FR, RF, RR): (33, 225316, 61, 41)
[M::mem_pestat] analyzing insert size distribution for orientation FF...
[M::mem_pestat] (25, 50, 75) percentile: (253, 423, 1327)
[M::mem_pestat] low and high boundaries for computing mean and std.dev: (1, 3475)
[M::mem_pestat] mean and std.dev: (701.71, 596.66)
[M::mem_pestat] low and high boundaries for proper pairs: (1, 4549)
[M::mem_pestat] analyzing insert size distribution for orientation FR...
[M::mem_pestat] (25, 50, 75) percentile: (270, 359, 464)
[M::mem_pestat] low and high boundaries for computing mean and std.dev: (1, 852)
[M::mem_pestat] mean and std.dev: (367.18, 145.87)
[M::mem_pestat] low and high boundaries for proper pairs: (1, 1046)
[M::mem_pestat] analyzing insert size distribution for orientation RF...
[M::mem_pestat] (25, 50, 75) percentile: (116, 468, 3714)
[M::mem_pestat] low and high boundaries for computing mean and std.dev: (1, 10910)
[M::mem_pestat] mean and std.dev: (1929.11, 2580.26)
[M::mem_pestat] low and high boundaries for proper pairs: (1, 14508)
[M::mem_pestat] analyzing insert size distribution for orientation RR...
[M::mem_pestat] (25, 50, 75) percentile: (199, 373, 1078)
[M::mem_pestat] low and high boundaries for computing mean and std.dev: (1, 2836)
[M::mem_pestat] mean and std.dev: (564.70, 505.74)
[M::mem_pestat] low and high boundaries for proper pairs: (1, 3715)
[M::mem_pestat] skip orientation FF
[M::mem_pestat] skip orientation RF
[M::mem_pestat] skip orientation RR
[M::process] read 1066668 sequences (160000200 bp)...
[M::mem_process_seqs] Processed 1066668 reads in 818.929 CPU sec, 52.893 real sec
[M::mem_pestat] # candidate unique pairs for (FF, FR, RF, RR): (32, 224564, 89, 41)
[M::mem_pestat] analyzing insert size distribution for orientation FF...
[M::mem_pestat] (25, 50, 75) percentile: (345, 444, 1258)
[M::mem_pestat] low and high boundaries for computing mean and std.dev: (1, 3084)
[M::mem_pestat] mean and std.dev: (731.84, 581.59)
[M::mem_pestat] low and high boundaries for proper pairs: (1, 3997)
[M::mem_pestat] analyzing insert size distribution for orientation FR...
[M::mem_pestat] (25, 50, 75) percentile: (266, 355, 461)
[M::mem_pestat] low and high boundaries for computing mean and std.dev: (1, 851)
[M::mem_pestat] mean and std.dev: (364.21, 145.97)
[M::mem_pestat] low and high boundaries for proper pairs: (1, 1046)
[M::mem_pestat] analyzing insert size distribution for orientation RF...
[M::mem_pestat] (25, 50, 75) percentile: (209, 752, 2394)
[M::mem_pestat] low and high boundaries for computing mean and std.dev: (1, 6764)
[M::mem_pestat] mean and std.dev: (985.04, 1334.07)
[M::mem_pestat] low and high boundaries for proper pairs: (1, 8949)
[M::mem_pestat] analyzing insert size distribution for orientation RR...
[M::mem_pestat] (25, 50, 75) percentile: (299, 556, 2903)
[M::mem_pestat] low and high boundaries for computing mean and std.dev: (1, 8111)
[M::mem_pestat] mean and std.dev: (1759.85, 2216.10)
[M::mem_pestat] low and high boundaries for proper pairs: (1, 10715)
[M::mem_pestat] skip orientation FF
[M::mem_pestat] skip orientation RF
[M::mem_pestat] skip orientation RR
[M::process] read 1066668 sequences (160000200 bp)...
[M::mem_process_seqs] Processed 1066668 reads in 826.392 CPU sec, 53.501 real sec
[M::mem_pestat] # candidate unique pairs for (FF, FR, RF, RR): (24, 224685, 80, 43)
[M::mem_pestat] analyzing insert size distribution for orientation FF...
[M::mem_pestat] (25, 50, 75) percentile: (356, 1295, 2897)
[M::mem_pestat] low and high boundaries for computing mean and std.dev: (1, 7979)
[M::mem_pestat] mean and std.dev: (1866.33, 2075.43)
[M::mem_pestat] low and high boundaries for proper pairs: (1, 10520)
[M::mem_pestat] analyzing insert size distribution for orientation FR...
[M::mem_pestat] (25, 50, 75) percentile: (266, 354, 459)
[M::mem_pestat] low and high boundaries for computing mean and std.dev: (1, 845)
[M::mem_pestat] mean and std.dev: (362.79, 145.04)
[M::mem_pestat] low and high boundaries for proper pairs: (1, 1038)
[M::mem_pestat] analyzing insert size distribution for orientation RF...
[M::mem_pestat] (25, 50, 75) percentile: (218, 1240, 2823)
[M::mem_pestat] low and high boundaries for computing mean and std.dev: (1, 8033)
[M::mem_pestat] mean and std.dev: (1819.30, 2018.14)
[M::mem_pestat] low and high boundaries for proper pairs: (1, 10638)
[M::mem_pestat] analyzing insert size distribution for orientation RR...
[M::mem_pestat] (25, 50, 75) percentile: (284, 700, 1550)
[M::mem_pestat] low and high boundaries for computing mean and std.dev: (1, 4082)
[M::mem_pestat] mean and std.dev: (1021.31, 967.79)
[M::mem_pestat] low and high boundaries for proper pairs: (1, 5348)
[M::mem_pestat] skip orientation FF
[M::mem_pestat] skip orientation RF
[M::mem_pestat] skip orientation RR
[M::process] read 1066668 sequences (160000200 bp)...
[M::mem_process_seqs] Processed 1066668 reads in 811.769 CPU sec, 52.589 real sec
[M::mem_pestat] # candidate unique pairs for (FF, FR, RF, RR): (30, 223434, 78, 42)
[M::mem_pestat] analyzing insert size distribution for orientation FF...
[M::mem_pestat] (25, 50, 75) percentile: (173, 411, 1387)
[M::mem_pestat] low and high boundaries for computing mean and std.dev: (1, 3815)
[M::mem_pestat] mean and std.dev: (662.36, 618.47)
[M::mem_pestat] low and high boundaries for proper pairs: (1, 5029)
[M::mem_pestat] analyzing insert size distribution for orientation FR...
[M::mem_pestat] (25, 50, 75) percentile: (264, 354, 457)
[M::mem_pestat] low and high boundaries for computing mean and std.dev: (1, 843)
[M::mem_pestat] mean and std.dev: (361.15, 145.23)
[M::mem_pestat] low and high boundaries for proper pairs: (1, 1036)
[M::mem_pestat] analyzing insert size distribution for orientation RF...
[M::mem_pestat] (25, 50, 75) percentile: (157, 1080, 3431)
[M::mem_pestat] low and high boundaries for computing mean and std.dev: (1, 9979)
[M::mem_pestat] mean and std.dev: (2366.64, 2927.14)
[M::mem_pestat] low and high boundaries for proper pairs: (1, 14075)
[M::mem_pestat] analyzing insert size distribution for orientation RR...
[M::mem_pestat] (25, 50, 75) percentile: (226, 579, 1453)
[M::mem_pestat] low and high boundaries for computing mean and std.dev: (1, 3907)
[M::mem_pestat] mean and std.dev: (799.62, 773.94)
[M::mem_pestat] low and high boundaries for proper pairs: (1, 5134)
[M::mem_pestat] skip orientation FF
[M::mem_pestat] skip orientation RF
[M::mem_pestat] skip orientation RR
[M::process] read 1066668 sequences (160000200 bp)...
[M::mem_process_seqs] Processed 1066668 reads in 830.569 CPU sec, 53.836 real sec
[M::mem_pestat] # candidate unique pairs for (FF, FR, RF, RR): (44, 224774, 62, 34)
[M::mem_pestat] analyzing insert size distribution for orientation FF...
[M::mem_pestat] (25, 50, 75) percentile: (184, 403, 1676)
[M::mem_pestat] low and high boundaries for computing mean and std.dev: (1, 4660)
[M::mem_pestat] mean and std.dev: (582.11, 582.57)
[M::mem_pestat] low and high boundaries for proper pairs: (1, 6152)
[M::mem_pestat] analyzing insert size distribution for orientation FR...
[M::mem_pestat] (25, 50, 75) percentile: (271, 363, 468)
[M::mem_pestat] low and high boundaries for computing mean and std.dev: (1, 862)
[M::mem_pestat] mean and std.dev: (369.49, 147.73)
[M::mem_pestat] low and high boundaries for proper pairs: (1, 1059)
[M::mem_pestat] analyzing insert size distribution for orientation RF...
[M::mem_pestat] (25, 50, 75) percentile: (313, 1156, 3154)
[M::mem_pestat] low and high boundaries for computing mean and std.dev: (1, 8836)
[M::mem_pestat] mean and std.dev: (2088.26, 2464.01)
[M::mem_pestat] low and high boundaries for proper pairs: (1, 11944)
[M::mem_pestat] analyzing insert size distribution for orientation RR...
[M::mem_pestat] (25, 50, 75) percentile: (298, 995, 1905)
[M::mem_pestat] low and high boundaries for computing mean and std.dev: (1, 5119)
[M::mem_pestat] mean and std.dev: (1132.00, 1044.97)
[M::mem_pestat] low and high boundaries for proper pairs: (1, 6726)
[M::mem_pestat] skip orientation FF
[M::mem_pestat] skip orientation RF
[M::mem_pestat] skip orientation RR
[M::process] read 1066668 sequences (160000200 bp)...
[M::mem_process_seqs] Processed 1066668 reads in 808.642 CPU sec, 52.472 real sec
[M::mem_pestat] # candidate unique pairs for (FF, FR, RF, RR): (36, 225919, 78, 26)
[M::mem_pestat] analyzing insert size distribution for orientation FF...
[M::mem_pestat] (25, 50, 75) percentile: (389, 1172, 2131)
[M::mem_pestat] low and high boundaries for computing mean and std.dev: (1, 5615)
[M::mem_pestat] mean and std.dev: (1466.11, 1247.87)
[M::mem_pestat] low and high boundaries for proper pairs: (1, 7357)
[M::mem_pestat] analyzing insert size distribution for orientation FR...
[M::mem_pestat] (25, 50, 75) percentile: (267, 356, 459)
[M::mem_pestat] low and high boundaries for computing mean and std.dev: (1, 843)
[M::mem_pestat] mean and std.dev: (363.13, 144.50)
[M::mem_pestat] low and high boundaries for proper pairs: (1, 1035)
[M::mem_pestat] analyzing insert size distribution for orientation RF...
[M::mem_pestat] (25, 50, 75) percentile: (153, 1119, 4126)
[M::mem_pestat] low and high boundaries for computing mean and std.dev: (1, 12072)
[M::mem_pestat] mean and std.dev: (2510.47, 2756.34)
[M::mem_pestat] low and high boundaries for proper pairs: (1, 16045)
[M::mem_pestat] analyzing insert size distribution for orientation RR...
[M::mem_pestat] (25, 50, 75) percentile: (204, 587, 881)
[M::mem_pestat] low and high boundaries for computing mean and std.dev: (1, 2235)
[M::mem_pestat] mean and std.dev: (506.82, 443.26)
[M::mem_pestat] low and high boundaries for proper pairs: (1, 2912)
[M::mem_pestat] skip orientation FF
[M::mem_pestat] skip orientation RF
[M::mem_pestat] skip orientation RR
[M::mem_process_seqs] Processed 1066668 reads in 775.743 CPU sec, 51.205 real sec
[M::process] read 1066668 sequences (160000200 bp)...
[M::mem_pestat] # candidate unique pairs for (FF, FR, RF, RR): (31, 224379, 78, 40)
[M::mem_pestat] analyzing insert size distribution for orientation FF...
[M::mem_pestat] (25, 50, 75) percentile: (271, 391, 1392)
[M::mem_pestat] low and high boundaries for computing mean and std.dev: (1, 3634)
[M::mem_pestat] mean and std.dev: (542.56, 470.94)
[M::mem_pestat] low and high boundaries for proper pairs: (1, 4755)
[M::mem_pestat] analyzing insert size distribution for orientation FR...
[M::mem_pestat] (25, 50, 75) percentile: (267, 356, 462)
[M::mem_pestat] low and high boundaries for computing mean and std.dev: (1, 852)
[M::mem_pestat] mean and std.dev: (364.42, 146.51)
[M::mem_pestat] low and high boundaries for proper pairs: (1, 1047)
[M::mem_pestat] analyzing insert size distribution for orientation RF...
[M::mem_pestat] (25, 50, 75) percentile: (258, 1420, 4958)
[M::mem_pestat] low and high boundaries for computing mean and std.dev: (1, 14358)
[M::mem_pestat] mean and std.dev: (2760.78, 2818.24)
[M::mem_pestat] low and high boundaries for proper pairs: (1, 19058)
[M::mem_pestat] analyzing insert size distribution for orientation RR...
[M::mem_pestat] (25, 50, 75) percentile: (272, 934, 2211)
[M::mem_pestat] low and high boundaries for computing mean and std.dev: (1, 6089)
[M::mem_pestat] mean and std.dev: (1310.22, 1311.43)
[M::mem_pestat] low and high boundaries for proper pairs: (1, 8028)
[M::mem_pestat] skip orientation FF
[M::mem_pestat] skip orientation RF
[M::mem_pestat] skip orientation RR
[M::process] read 1066668 sequences (160000200 bp)...
[M::mem_process_seqs] Processed 1066668 reads in 817.358 CPU sec, 52.499 real sec
[M::mem_pestat] # candidate unique pairs for (FF, FR, RF, RR): (46, 224843, 85, 46)
[M::mem_pestat] analyzing insert size distribution for orientation FF...
[M::mem_pestat] (25, 50, 75) percentile: (247, 378, 1287)
[M::mem_pestat] low and high boundaries for computing mean and std.dev: (1, 3367)
[M::mem_pestat] mean and std.dev: (598.85, 688.15)
[M::mem_pestat] low and high boundaries for proper pairs: (1, 4407)
[M::mem_pestat] analyzing insert size distribution for orientation FR...
[M::mem_pestat] (25, 50, 75) percentile: (265, 355, 460)
[M::mem_pestat] low and high boundaries for computing mean and std.dev: (1, 850)
[M::mem_pestat] mean and std.dev: (363.05, 146.39)
[M::mem_pestat] low and high boundaries for proper pairs: (1, 1045)
[M::mem_pestat] analyzing insert size distribution for orientation RF...
[M::mem_pestat] (25, 50, 75) percentile: (245, 1035, 3463)
[M::mem_pestat] low and high boundaries for computing mean and std.dev: (1, 9899)
[M::mem_pestat] mean and std.dev: (2119.25, 2423.55)
[M::mem_pestat] low and high boundaries for proper pairs: (1, 13117)
[M::mem_pestat] analyzing insert size distribution for orientation RR...
[M::mem_pestat] (25, 50, 75) percentile: (228, 505, 1637)
[M::mem_pestat] low and high boundaries for computing mean and std.dev: (1, 4455)
[M::mem_pestat] mean and std.dev: (706.51, 904.08)
[M::mem_pestat] low and high boundaries for proper pairs: (1, 5864)
[M::mem_pestat] skip orientation FF
[M::mem_pestat] skip orientation RF
[M::mem_pestat] skip orientation RR
[M::process] read 1066668 sequences (160000200 bp)...
[M::mem_process_seqs] Processed 1066668 reads in 814.160 CPU sec, 52.711 real sec
[M::mem_pestat] # candidate unique pairs for (FF, FR, RF, RR): (27, 224922, 76, 35)
[M::mem_pestat] analyzing insert size distribution for orientation FF...
[M::mem_pestat] (25, 50, 75) percentile: (328, 534, 982)
[M::mem_pestat] low and high boundaries for computing mean and std.dev: (1, 2290)
[M::mem_pestat] mean and std.dev: (619.42, 545.24)
[M::mem_pestat] low and high boundaries for proper pairs: (1, 2944)
[M::mem_pestat] analyzing insert size distribution for orientation FR...
[M::mem_pestat] (25, 50, 75) percentile: (269, 359, 464)
[M::mem_pestat] low and high boundaries for computing mean and std.dev: (1, 854)
[M::mem_pestat] mean and std.dev: (367.56, 147.07)
[M::mem_pestat] low and high boundaries for proper pairs: (1, 1049)
[M::mem_pestat] analyzing insert size distribution for orientation RF...
[M::mem_pestat] (25, 50, 75) percentile: (488, 949, 4553)
[M::mem_pestat] low and high boundaries for computing mean and std.dev: (1, 12683)
[M::mem_pestat] mean and std.dev: (2565.04, 2853.12)
[M::mem_pestat] low and high boundaries for proper pairs: (1, 16748)
[M::mem_pestat] analyzing insert size distribution for orientation RR...
[M::mem_pestat] (25, 50, 75) percentile: (305, 406, 730)
[M::mem_pestat] low and high boundaries for computing mean and std.dev: (1, 1580)
[M::mem_pestat] mean and std.dev: (472.78, 357.15)
[M::mem_pestat] low and high boundaries for proper pairs: (1, 2005)
[M::mem_pestat] skip orientation FF
[M::mem_pestat] skip orientation RF
[M::mem_pestat] skip orientation RR
[M::process] read 1066668 sequences (160000200 bp)...
[M::mem_process_seqs] Processed 1066668 reads in 816.397 CPU sec, 52.953 real sec
[M::mem_pestat] # candidate unique pairs for (FF, FR, RF, RR): (51, 224232, 85, 45)
[M::mem_pestat] analyzing insert size distribution for orientation FF...
[M::mem_pestat] (25, 50, 75) percentile: (244, 404, 1341)
[M::mem_pestat] low and high boundaries for computing mean and std.dev: (1, 3535)
[M::mem_pestat] mean and std.dev: (802.98, 855.78)
[M::mem_pestat] low and high boundaries for proper pairs: (1, 4632)
[M::mem_pestat] analyzing insert size distribution for orientation FR...
[M::mem_pestat] (25, 50, 75) percentile: (266, 356, 462)
[M::mem_pestat] low and high boundaries for computing mean and std.dev: (1, 854)
[M::mem_pestat] mean and std.dev: (365.05, 146.48)
[M::mem_pestat] low and high boundaries for proper pairs: (1, 1050)
[M::mem_pestat] analyzing insert size distribution for orientation RF...
[M::mem_pestat] (25, 50, 75) percentile: (253, 953, 4119)
[M::mem_pestat] low and high boundaries for computing mean and std.dev: (1, 11851)
[M::mem_pestat] mean and std.dev: (2446.79, 2766.28)
[M::mem_pestat] low and high boundaries for proper pairs: (1, 15717)
[M::mem_pestat] analyzing insert size distribution for orientation RR...
[M::mem_pestat] (25, 50, 75) percentile: (278, 533, 1417)
[M::mem_pestat] low and high boundaries for computing mean and std.dev: (1, 3695)
[M::mem_pestat] mean and std.dev: (738.86, 696.41)
[M::mem_pestat] low and high boundaries for proper pairs: (1, 4834)
[M::mem_pestat] skip orientation FF
[M::mem_pestat] skip orientation RF
[M::mem_pestat] skip orientation RR
[M::process] read 1066668 sequences (160000200 bp)...
[M::mem_process_seqs] Processed 1066668 reads in 829.850 CPU sec, 53.765 real sec
[M::mem_pestat] # candidate unique pairs for (FF, FR, RF, RR): (38, 224898, 61, 38)
[M::mem_pestat] analyzing insert size distribution for orientation FF...
[M::mem_pestat] (25, 50, 75) percentile: (203, 397, 1205)
[M::mem_pestat] low and high boundaries for computing mean and std.dev: (1, 3209)
[M::mem_pestat] mean and std.dev: (642.65, 652.46)
[M::mem_pestat] low and high boundaries for proper pairs: (1, 4211)
[M::mem_pestat] analyzing insert size distribution for orientation FR...
[M::mem_pestat] (25, 50, 75) percentile: (266, 355, 460)
[M::mem_pestat] low and high boundaries for computing mean and std.dev: (1, 848)
[M::mem_pestat] mean and std.dev: (363.84, 145.48)
[M::mem_pestat] low and high boundaries for proper pairs: (1, 1042)
[M::mem_pestat] analyzing insert size distribution for orientation RF...
[M::mem_pestat] (25, 50, 75) percentile: (248, 871, 5444)
[M::mem_pestat] low and high boundaries for computing mean and std.dev: (1, 15836)
[M::mem_pestat] mean and std.dev: (2626.74, 3020.31)
[M::mem_pestat] low and high boundaries for proper pairs: (1, 21032)
[M::mem_pestat] analyzing insert size distribution for orientation RR...
[M::mem_pestat] (25, 50, 75) percentile: (218, 360, 1109)
[M::mem_pestat] low and high boundaries for computing mean and std.dev: (1, 2891)
[M::mem_pestat] mean and std.dev: (495.97, 440.93)
[M::mem_pestat] low and high boundaries for proper pairs: (1, 3782)
[M::mem_pestat] skip orientation FF
[M::mem_pestat] skip orientation RF
[M::mem_pestat] skip orientation RR
[M::process] read 1066668 sequences (160000200 bp)...
[M::mem_process_seqs] Processed 1066668 reads in 822.282 CPU sec, 53.591 real sec
[M::mem_pestat] # candidate unique pairs for (FF, FR, RF, RR): (42, 223303, 81, 40)
[M::mem_pestat] analyzing insert size distribution for orientation FF...
[M::mem_pestat] (25, 50, 75) percentile: (292, 408, 602)
[M::mem_pestat] low and high boundaries for computing mean and std.dev: (1, 1222)
[M::mem_pestat] mean and std.dev: (379.89, 188.80)
[M::mem_pestat] low and high boundaries for proper pairs: (1, 1532)
[M::mem_pestat] analyzing insert size distribution for orientation FR...
[M::mem_pestat] (25, 50, 75) percentile: (264, 354, 457)
[M::mem_pestat] low and high boundaries for computing mean and std.dev: (1, 843)
[M::mem_pestat] mean and std.dev: (361.35, 144.86)
[M::mem_pestat] low and high boundaries for proper pairs: (1, 1036)
[M::mem_pestat] analyzing insert size distribution for orientation RF...
[M::mem_pestat] (25, 50, 75) percentile: (315, 1090, 5017)
[M::mem_pestat] low and high boundaries for computing mean and std.dev: (1, 14421)
[M::mem_pestat] mean and std.dev: (2561.83, 2938.18)
[M::mem_pestat] low and high boundaries for proper pairs: (1, 19123)
[M::mem_pestat] analyzing insert size distribution for orientation RR...
[M::mem_pestat] (25, 50, 75) percentile: (196, 422, 1243)
[M::mem_pestat] low and high boundaries for computing mean and std.dev: (1, 3337)
[M::mem_pestat] mean and std.dev: (608.11, 694.40)
[M::mem_pestat] low and high boundaries for proper pairs: (1, 4384)
[M::mem_pestat] skip orientation FF
[M::mem_pestat] skip orientation RF
[M::mem_pestat] skip orientation RR
[M::process] read 1066668 sequences (160000200 bp)...
[M::mem_process_seqs] Processed 1066668 reads in 817.868 CPU sec, 52.995 real sec
[M::mem_pestat] # candidate unique pairs for (FF, FR, RF, RR): (23, 223799, 93, 38)
[M::mem_pestat] analyzing insert size distribution for orientation FF...
[M::mem_pestat] (25, 50, 75) percentile: (165, 235, 1613)
[M::mem_pestat] low and high boundaries for computing mean and std.dev: (1, 4509)
[M::mem_pestat] mean and std.dev: (635.14, 767.44)
[M::mem_pestat] low and high boundaries for proper pairs: (1, 5957)
[M::mem_pestat] analyzing insert size distribution for orientation FR...
[M::mem_pestat] (25, 50, 75) percentile: (271, 360, 464)
[M::mem_pestat] low and high boundaries for computing mean and std.dev: (1, 850)
[M::mem_pestat] mean and std.dev: (367.11, 145.61)
[M::mem_pestat] low and high boundaries for proper pairs: (1, 1043)
[M::mem_pestat] analyzing insert size distribution for orientation RF...
[M::mem_pestat] (25, 50, 75) percentile: (624, 2067, 5479)
[M::mem_pestat] low and high boundaries for computing mean and std.dev: (1, 15189)
[M::mem_pestat] mean and std.dev: (3024.45, 2876.20)
[M::mem_pestat] low and high boundaries for proper pairs: (1, 20044)
[M::mem_pestat] analyzing insert size distribution for orientation RR...
[M::mem_pestat] (25, 50, 75) percentile: (193, 283, 644)
[M::mem_pestat] low and high boundaries for computing mean and std.dev: (1, 1546)
[M::mem_pestat] mean and std.dev: (409.41, 350.06)
[M::mem_pestat] low and high boundaries for proper pairs: (1, 1997)
[M::mem_pestat] skip orientation FF
[M::mem_pestat] skip orientation RF
[M::mem_pestat] skip orientation RR
[M::process] read 1066668 sequences (160000200 bp)...
[M::mem_process_seqs] Processed 1066668 reads in 803.605 CPU sec, 51.910 real sec
[M::mem_pestat] # candidate unique pairs for (FF, FR, RF, RR): (34, 224737, 85, 34)
[M::mem_pestat] analyzing insert size distribution for orientation FF...
[M::mem_pestat] (25, 50, 75) percentile: (155, 253, 1422)
[M::mem_pestat] low and high boundaries for computing mean and std.dev: (1, 3956)
[M::mem_pestat] mean and std.dev: (814.61, 896.29)
[M::mem_pestat] low and high boundaries for proper pairs: (1, 5223)
[M::mem_pestat] analyzing insert size distribution for orientation FR...
[M::mem_pestat] (25, 50, 75) percentile: (266, 353, 454)
[M::mem_pestat] low and high boundaries for computing mean and std.dev: (1, 830)
[M::mem_pestat] mean and std.dev: (360.14, 142.46)
[M::mem_pestat] low and high boundaries for proper pairs: (1, 1018)
[M::mem_pestat] analyzing insert size distribution for orientation RF...
[M::mem_pestat] (25, 50, 75) percentile: (370, 825, 2983)
[M::mem_pestat] low and high boundaries for computing mean and std.dev: (1, 8209)
[M::mem_pestat] mean and std.dev: (1647.68, 1979.23)
[M::mem_pestat] low and high boundaries for proper pairs: (1, 10822)
[M::mem_pestat] analyzing insert size distribution for orientation RR...
[M::mem_pestat] (25, 50, 75) percentile: (406, 657, 1256)
[M::mem_pestat] low and high boundaries for computing mean and std.dev: (1, 2956)
[M::mem_pestat] mean and std.dev: (842.42, 664.30)
[M::mem_pestat] low and high boundaries for proper pairs: (1, 3806)
[M::mem_pestat] skip orientation FF
[M::mem_pestat] skip orientation RF
[M::mem_pestat] skip orientation RR
[M::process] read 1066668 sequences (160000200 bp)...
[M::mem_process_seqs] Processed 1066668 reads in 803.216 CPU sec, 51.906 real sec
[M::mem_pestat] # candidate unique pairs for (FF, FR, RF, RR): (42, 224791, 66, 31)
[M::mem_pestat] analyzing insert size distribution for orientation FF...
[M::mem_pestat] (25, 50, 75) percentile: (356, 1027, 2092)
[M::mem_pestat] low and high boundaries for computing mean and std.dev: (1, 5564)
[M::mem_pestat] mean and std.dev: (1322.47, 1338.38)
[M::mem_pestat] low and high boundaries for proper pairs: (1, 7300)
[M::mem_pestat] analyzing insert size distribution for orientation FR...
[M::mem_pestat] (25, 50, 75) percentile: (271, 362, 468)
[M::mem_pestat] low and high boundaries for computing mean and std.dev: (1, 862)
[M::mem_pestat] mean and std.dev: (369.97, 147.93)
[M::mem_pestat] low and high boundaries for proper pairs: (1, 1059)
[M::mem_pestat] analyzing insert size distribution for orientation RF...
[M::mem_pestat] (25, 50, 75) percentile: (185, 595, 2014)
[M::mem_pestat] low and high boundaries for computing mean and std.dev: (1, 5672)
[M::mem_pestat] mean and std.dev: (1088.18, 1303.82)
[M::mem_pestat] low and high boundaries for proper pairs: (1, 7501)
[M::mem_pestat] analyzing insert size distribution for orientation RR...
[M::mem_pestat] (25, 50, 75) percentile: (323, 422, 1229)
[M::mem_pestat] low and high boundaries for computing mean and std.dev: (1, 3041)
[M::mem_pestat] mean and std.dev: (570.42, 474.02)
[M::mem_pestat] low and high boundaries for proper pairs: (1, 3947)
[M::mem_pestat] skip orientation FF
[M::mem_pestat] skip orientation RF
[M::mem_pestat] skip orientation RR
[M::process] read 1066668 sequences (160000200 bp)...
[M::mem_process_seqs] Processed 1066668 reads in 813.790 CPU sec, 52.594 real sec
[M::mem_pestat] # candidate unique pairs for (FF, FR, RF, RR): (31, 225777, 65, 33)
[M::mem_pestat] analyzing insert size distribution for orientation FF...
[M::mem_pestat] (25, 50, 75) percentile: (147, 383, 1494)
[M::mem_pestat] low and high boundaries for computing mean and std.dev: (1, 4188)
[M::mem_pestat] mean and std.dev: (688.48, 865.44)
[M::mem_pestat] low and high boundaries for proper pairs: (1, 5535)
[M::mem_pestat] analyzing insert size distribution for orientation FR...
[M::mem_pestat] (25, 50, 75) percentile: (268, 357, 461)
[M::mem_pestat] low and high boundaries for computing mean and std.dev: (1, 847)
[M::mem_pestat] mean and std.dev: (364.55, 145.54)
[M::mem_pestat] low and high boundaries for proper pairs: (1, 1040)
[M::mem_pestat] analyzing insert size distribution for orientation RF...
[M::mem_pestat] (25, 50, 75) percentile: (116, 439, 3934)
[M::mem_pestat] low and high boundaries for computing mean and std.dev: (1, 11570)
[M::mem_pestat] mean and std.dev: (2133.57, 3008.42)
[M::mem_pestat] low and high boundaries for proper pairs: (1, 15388)
[M::mem_pestat] analyzing insert size distribution for orientation RR...
[M::mem_pestat] (25, 50, 75) percentile: (245, 316, 619)
[M::mem_pestat] low and high boundaries for computing mean and std.dev: (1, 1367)
[M::mem_pestat] mean and std.dev: (372.80, 217.28)
[M::mem_pestat] low and high boundaries for proper pairs: (1, 1741)
[M::mem_pestat] skip orientation FF
[M::mem_pestat] skip orientation RF
[M::mem_pestat] skip orientation RR
[M::process] read 1066668 sequences (160000200 bp)...
[M::mem_process_seqs] Processed 1066668 reads in 812.674 CPU sec, 52.476 real sec
[M::mem_pestat] # candidate unique pairs for (FF, FR, RF, RR): (42, 225007, 66, 31)
[M::mem_pestat] analyzing insert size distribution for orientation FF...
[M::mem_pestat] (25, 50, 75) percentile: (306, 576, 1258)
[M::mem_pestat] low and high boundaries for computing mean and std.dev: (1, 3162)
[M::mem_pestat] mean and std.dev: (686.51, 616.11)
[M::mem_pestat] low and high boundaries for proper pairs: (1, 4114)
[M::mem_pestat] analyzing insert size distribution for orientation FR...
[M::mem_pestat] (25, 50, 75) percentile: (266, 355, 459)
[M::mem_pestat] low and high boundaries for computing mean and std.dev: (1, 845)
[M::mem_pestat] mean and std.dev: (363.19, 144.87)
[M::mem_pestat] low and high boundaries for proper pairs: (1, 1038)
[M::mem_pestat] analyzing insert size distribution for orientation RF...
[M::mem_pestat] (25, 50, 75) percentile: (200, 871, 3408)
[M::mem_pestat] low and high boundaries for computing mean and std.dev: (1, 9824)
[M::mem_pestat] mean and std.dev: (1887.75, 2268.49)
[M::mem_pestat] low and high boundaries for proper pairs: (1, 13032)
[M::mem_pestat] analyzing insert size distribution for orientation RR...
[M::mem_pestat] (25, 50, 75) percentile: (187, 281, 865)
[M::mem_pestat] low and high boundaries for computing mean and std.dev: (1, 2221)
[M::mem_pestat] mean and std.dev: (466.79, 434.07)
[M::mem_pestat] low and high boundaries for proper pairs: (1, 2899)
[M::mem_pestat] skip orientation FF
[M::mem_pestat] skip orientation RF
[M::mem_pestat] skip orientation RR
[M::process] read 1066668 sequences (160000200 bp)...
[M::mem_process_seqs] Processed 1066668 reads in 826.252 CPU sec, 53.399 real sec
[M::mem_pestat] # candidate unique pairs for (FF, FR, RF, RR): (42, 224505, 81, 36)
[M::mem_pestat] analyzing insert size distribution for orientation FF...
[M::mem_pestat] (25, 50, 75) percentile: (359, 530, 1758)
[M::mem_pestat] low and high boundaries for computing mean and std.dev: (1, 4556)
[M::mem_pestat] mean and std.dev: (1035.28, 1054.13)
[M::mem_pestat] low and high boundaries for proper pairs: (1, 5955)
[M::mem_pestat] analyzing insert size distribution for orientation FR...
[M::mem_pestat] (25, 50, 75) percentile: (265, 355, 460)
[M::mem_pestat] low and high boundaries for computing mean and std.dev: (1, 850)
[M::mem_pestat] mean and std.dev: (363.33, 145.77)
[M::mem_pestat] low and high boundaries for proper pairs: (1, 1045)
[M::mem_pestat] analyzing insert size distribution for orientation RF...
[M::mem_pestat] (25, 50, 75) percentile: (157, 1287, 3462)
[M::mem_pestat] low and high boundaries for computing mean and std.dev: (1, 10072)
[M::mem_pestat] mean and std.dev: (2421.37, 2769.82)
[M::mem_pestat] low and high boundaries for proper pairs: (1, 13501)
[M::mem_pestat] analyzing insert size distribution for orientation RR...
[M::mem_pestat] (25, 50, 75) percentile: (435, 662, 1929)
[M::mem_pestat] low and high boundaries for computing mean and std.dev: (1, 4917)
[M::mem_pestat] mean and std.dev: (973.78, 1007.69)
[M::mem_pestat] low and high boundaries for proper pairs: (1, 6411)
[M::mem_pestat] skip orientation FF
[M::mem_pestat] skip orientation RF
[M::mem_pestat] skip orientation RR
[M::process] read 1066668 sequences (160000200 bp)...
[M::mem_process_seqs] Processed 1066668 reads in 823.082 CPU sec, 53.113 real sec
[M::mem_pestat] # candidate unique pairs for (FF, FR, RF, RR): (39, 224503, 76, 33)
[M::mem_pestat] analyzing insert size distribution for orientation FF...
[M::mem_pestat] (25, 50, 75) percentile: (224, 348, 765)
[M::mem_pestat] low and high boundaries for computing mean and std.dev: (1, 1847)
[M::mem_pestat] mean and std.dev: (422.62, 354.25)
[M::mem_pestat] low and high boundaries for proper pairs: (1, 2388)
[M::mem_pestat] analyzing insert size distribution for orientation FR...
[M::mem_pestat] (25, 50, 75) percentile: (263, 352, 457)
[M::mem_pestat] low and high boundaries for computing mean and std.dev: (1, 845)
[M::mem_pestat] mean and std.dev: (360.82, 145.45)
[M::mem_pestat] low and high boundaries for proper pairs: (1, 1039)
[M::mem_pestat] analyzing insert size distribution for orientation RF...
[M::mem_pestat] (25, 50, 75) percentile: (300, 1046, 2943)
[M::mem_pestat] low and high boundaries for computing mean and std.dev: (1, 8229)
[M::mem_pestat] mean and std.dev: (1546.17, 1890.63)
[M::mem_pestat] low and high boundaries for proper pairs: (1, 10872)
[M::mem_pestat] analyzing insert size distribution for orientation RR...
[M::mem_pestat] (25, 50, 75) percentile: (207, 345, 1198)
[M::mem_pestat] low and high boundaries for computing mean and std.dev: (1, 3180)
[M::mem_pestat] mean and std.dev: (653.06, 743.23)
[M::mem_pestat] low and high boundaries for proper pairs: (1, 4171)
[M::mem_pestat] skip orientation FF
[M::mem_pestat] skip orientation RF
[M::mem_pestat] skip orientation RR
[M::process] read 1066668 sequences (160000200 bp)...
[M::mem_process_seqs] Processed 1066668 reads in 827.916 CPU sec, 54.124 real sec
[M::mem_pestat] # candidate unique pairs for (FF, FR, RF, RR): (25, 221980, 91, 32)
[M::mem_pestat] analyzing insert size distribution for orientation FF...
[M::mem_pestat] (25, 50, 75) percentile: (256, 356, 634)
[M::mem_pestat] low and high boundaries for computing mean and std.dev: (1, 1390)
[M::mem_pestat] mean and std.dev: (359.29, 241.79)
[M::mem_pestat] low and high boundaries for proper pairs: (1, 1768)
[M::mem_pestat] analyzing insert size distribution for orientation FR...
[M::mem_pestat] (25, 50, 75) percentile: (267, 359, 469)
[M::mem_pestat] low and high boundaries for computing mean and std.dev: (1, 873)
[M::mem_pestat] mean and std.dev: (368.33, 149.44)
[M::mem_pestat] low and high boundaries for proper pairs: (1, 1075)
[M::mem_pestat] analyzing insert size distribution for orientation RF...
[M::mem_pestat] (25, 50, 75) percentile: (371, 2675, 6760)
[M::mem_pestat] low and high boundaries for computing mean and std.dev: (1, 19538)
[M::mem_pestat] mean and std.dev: (3519.13, 3252.16)
[M::mem_pestat] low and high boundaries for proper pairs: (1, 25927)
[M::mem_pestat] analyzing insert size distribution for orientation RR...
[M::mem_pestat] (25, 50, 75) percentile: (263, 390, 1757)
[M::mem_pestat] low and high boundaries for computing mean and std.dev: (1, 4745)
[M::mem_pestat] mean and std.dev: (963.93, 1295.00)
[M::mem_pestat] low and high boundaries for proper pairs: (1, 6239)
[M::mem_pestat] skip orientation FF
[M::mem_pestat] skip orientation RF
[M::mem_pestat] skip orientation RR
[M::process] read 1066668 sequences (160000200 bp)...
[M::mem_process_seqs] Processed 1066668 reads in 851.536 CPU sec, 55.214 real sec
[M::mem_pestat] # candidate unique pairs for (FF, FR, RF, RR): (39, 221689, 70, 32)
[M::mem_pestat] analyzing insert size distribution for orientation FF...
[M::mem_pestat] (25, 50, 75) percentile: (219, 470, 611)
[M::mem_pestat] low and high boundaries for computing mean and std.dev: (1, 1395)
[M::mem_pestat] mean and std.dev: (410.00, 267.00)
[M::mem_pestat] low and high boundaries for proper pairs: (1, 1787)
[M::mem_pestat] analyzing insert size distribution for orientation FR...
[M::mem_pestat] (25, 50, 75) percentile: (276, 377, 492)
[M::mem_pestat] low and high boundaries for computing mean and std.dev: (1, 924)
[M::mem_pestat] mean and std.dev: (384.16, 155.94)
[M::mem_pestat] low and high boundaries for proper pairs: (1, 1140)
[M::mem_pestat] analyzing insert size distribution for orientation RF...
[M::mem_pestat] (25, 50, 75) percentile: (504, 1376, 4019)
[M::mem_pestat] low and high boundaries for computing mean and std.dev: (1, 11049)
[M::mem_pestat] mean and std.dev: (2492.79, 2559.33)
[M::mem_pestat] low and high boundaries for proper pairs: (1, 14564)
[M::mem_pestat] analyzing insert size distribution for orientation RR...
[M::mem_pestat] (25, 50, 75) percentile: (213, 491, 1001)
[M::mem_pestat] low and high boundaries for computing mean and std.dev: (1, 2577)
[M::mem_pestat] mean and std.dev: (552.86, 397.32)
[M::mem_pestat] low and high boundaries for proper pairs: (1, 3365)
[M::mem_pestat] skip orientation FF
[M::mem_pestat] skip orientation RF
[M::mem_pestat] skip orientation RR
[M::process] read 1066668 sequences (160000200 bp)...
[M::mem_process_seqs] Processed 1066668 reads in 841.526 CPU sec, 54.322 real sec
[M::mem_pestat] # candidate unique pairs for (FF, FR, RF, RR): (45, 222101, 74, 47)
[M::mem_pestat] analyzing insert size distribution for orientation FF...
[M::mem_pestat] (25, 50, 75) percentile: (389, 558, 1406)
[M::mem_pestat] low and high boundaries for computing mean and std.dev: (1, 3440)
[M::mem_pestat] mean and std.dev: (823.65, 687.00)
[M::mem_pestat] low and high boundaries for proper pairs: (1, 4457)
[M::mem_pestat] analyzing insert size distribution for orientation FR...
[M::mem_pestat] (25, 50, 75) percentile: (273, 371, 484)
[M::mem_pestat] low and high boundaries for computing mean and std.dev: (1, 906)
[M::mem_pestat] mean and std.dev: (378.32, 153.68)
[M::mem_pestat] low and high boundaries for proper pairs: (1, 1117)
[M::mem_pestat] analyzing insert size distribution for orientation RF...
[M::mem_pestat] (25, 50, 75) percentile: (129, 942, 2570)
[M::mem_pestat] low and high boundaries for computing mean and std.dev: (1, 7452)
[M::mem_pestat] mean and std.dev: (1357.44, 1753.30)
[M::mem_pestat] low and high boundaries for proper pairs: (1, 9893)
[M::mem_pestat] analyzing insert size distribution for orientation RR...
[M::mem_pestat] (25, 50, 75) percentile: (260, 496, 1754)
[M::mem_pestat] low and high boundaries for computing mean and std.dev: (1, 4742)
[M::mem_pestat] mean and std.dev: (1093.91, 1282.82)
[M::mem_pestat] low and high boundaries for proper pairs: (1, 6236)
[M::mem_pestat] skip orientation FF
[M::mem_pestat] skip orientation RF
[M::mem_pestat] skip orientation RR
[M::process] read 1066668 sequences (160000200 bp)...
[M::mem_process_seqs] Processed 1066668 reads in 850.344 CPU sec, 54.944 real sec
[M::mem_pestat] # candidate unique pairs for (FF, FR, RF, RR): (33, 222968, 89, 49)
[M::mem_pestat] analyzing insert size distribution for orientation FF...
[M::mem_pestat] (25, 50, 75) percentile: (294, 507, 1568)
[M::mem_pestat] low and high boundaries for computing mean and std.dev: (1, 4116)
[M::mem_pestat] mean and std.dev: (666.41, 513.54)
[M::mem_pestat] low and high boundaries for proper pairs: (1, 5390)
[M::mem_pestat] analyzing insert size distribution for orientation FR...
[M::mem_pestat] (25, 50, 75) percentile: (270, 365, 477)
[M::mem_pestat] low and high boundaries for computing mean and std.dev: (1, 891)
[M::mem_pestat] mean and std.dev: (373.60, 152.00)
[M::mem_pestat] low and high boundaries for proper pairs: (1, 1098)
[M::mem_pestat] analyzing insert size distribution for orientation RF...
[M::mem_pestat] (25, 50, 75) percentile: (153, 1627, 7157)
[M::mem_pestat] low and high boundaries for computing mean and std.dev: (1, 21165)
[M::mem_pestat] mean and std.dev: (3443.00, 3431.52)
[M::mem_pestat] low and high boundaries for proper pairs: (1, 28169)
[M::mem_pestat] analyzing insert size distribution for orientation RR...
[M::mem_pestat] (25, 50, 75) percentile: (250, 395, 1071)
[M::mem_pestat] low and high boundaries for computing mean and std.dev: (1, 2713)
[M::mem_pestat] mean and std.dev: (524.24, 458.59)
[M::mem_pestat] low and high boundaries for proper pairs: (1, 3534)
[M::mem_pestat] skip orientation FF
[M::mem_pestat] skip orientation RF
[M::mem_pestat] skip orientation RR
[M::process] read 1066668 sequences (160000200 bp)...
[M::mem_process_seqs] Processed 1066668 reads in 841.063 CPU sec, 54.577 real sec
[M::mem_pestat] # candidate unique pairs for (FF, FR, RF, RR): (30, 222310, 75, 35)
[M::mem_pestat] analyzing insert size distribution for orientation FF...
[M::mem_pestat] (25, 50, 75) percentile: (212, 356, 753)
[M::mem_pestat] low and high boundaries for computing mean and std.dev: (1, 1835)
[M::mem_pestat] mean and std.dev: (494.59, 361.95)
[M::mem_pestat] low and high boundaries for proper pairs: (1, 2376)
[M::mem_pestat] analyzing insert size distribution for orientation FR...
[M::mem_pestat] (25, 50, 75) percentile: (271, 365, 476)
[M::mem_pestat] low and high boundaries for computing mean and std.dev: (1, 886)
[M::mem_pestat] mean and std.dev: (374.04, 151.53)
[M::mem_pestat] low and high boundaries for proper pairs: (1, 1091)
[M::mem_pestat] analyzing insert size distribution for orientation RF...
[M::mem_pestat] (25, 50, 75) percentile: (371, 2419, 7232)
[M::mem_pestat] low and high boundaries for computing mean and std.dev: (1, 20954)
[M::mem_pestat] mean and std.dev: (3826.07, 3736.53)
[M::mem_pestat] low and high boundaries for proper pairs: (1, 27815)
[M::mem_pestat] analyzing insert size distribution for orientation RR...
[M::mem_pestat] (25, 50, 75) percentile: (314, 558, 885)
[M::mem_pestat] low and high boundaries for computing mean and std.dev: (1, 2027)
[M::mem_pestat] mean and std.dev: (601.84, 412.89)
[M::mem_pestat] low and high boundaries for proper pairs: (1, 2598)
[M::mem_pestat] skip orientation FF
[M::mem_pestat] skip orientation RF
[M::mem_pestat] skip orientation RR
[M::mem_process_seqs] Processed 1066668 reads in 830.188 CPU sec, 54.665 real sec
[M::process] read 1066668 sequences (160000200 bp)...
[M::mem_pestat] # candidate unique pairs for (FF, FR, RF, RR): (31, 224901, 93, 50)
[M::mem_pestat] analyzing insert size distribution for orientation FF...
[M::mem_pestat] (25, 50, 75) percentile: (312, 602, 1625)
[M::mem_pestat] low and high boundaries for computing mean and std.dev: (1, 4251)
[M::mem_pestat] mean and std.dev: (892.50, 1055.02)
[M::mem_pestat] low and high boundaries for proper pairs: (1, 5564)
[M::mem_pestat] analyzing insert size distribution for orientation FR...
[M::mem_pestat] (25, 50, 75) percentile: (272, 366, 477)
[M::mem_pestat] low and high boundaries for computing mean and std.dev: (1, 887)
[M::mem_pestat] mean and std.dev: (375.40, 151.49)
[M::mem_pestat] low and high boundaries for proper pairs: (1, 1092)
[M::mem_pestat] analyzing insert size distribution for orientation RF...
[M::mem_pestat] (25, 50, 75) percentile: (410, 1362, 6037)
[M::mem_pestat] low and high boundaries for computing mean and std.dev: (1, 17291)
[M::mem_pestat] mean and std.dev: (2909.51, 2966.91)
[M::mem_pestat] low and high boundaries for proper pairs: (1, 22918)
[M::mem_pestat] analyzing insert size distribution for orientation RR...
[M::mem_pestat] (25, 50, 75) percentile: (347, 695, 1608)
[M::mem_pestat] low and high boundaries for computing mean and std.dev: (1, 4130)
[M::mem_pestat] mean and std.dev: (822.89, 648.04)
[M::mem_pestat] low and high boundaries for proper pairs: (1, 5391)
[M::mem_pestat] skip orientation FF
[M::mem_pestat] skip orientation RF
[M::mem_pestat] skip orientation RR
[M::process] read 1066668 sequences (160000200 bp)...
[M::mem_process_seqs] Processed 1066668 reads in 830.436 CPU sec, 53.141 real sec
[M::mem_pestat] # candidate unique pairs for (FF, FR, RF, RR): (37, 224175, 93, 28)
[M::mem_pestat] analyzing insert size distribution for orientation FF...
[M::mem_pestat] (25, 50, 75) percentile: (196, 608, 1593)
[M::mem_pestat] low and high boundaries for computing mean and std.dev: (1, 4387)
[M::mem_pestat] mean and std.dev: (725.27, 662.51)
[M::mem_pestat] low and high boundaries for proper pairs: (1, 5784)
[M::mem_pestat] analyzing insert size distribution for orientation FR...
[M::mem_pestat] (25, 50, 75) percentile: (272, 364, 475)
[M::mem_pestat] low and high boundaries for computing mean and std.dev: (1, 881)
[M::mem_pestat] mean and std.dev: (373.99, 150.44)
[M::mem_pestat] low and high boundaries for proper pairs: (1, 1084)
[M::mem_pestat] analyzing insert size distribution for orientation RF...
[M::mem_pestat] (25, 50, 75) percentile: (155, 616, 4094)
[M::mem_pestat] low and high boundaries for computing mean and std.dev: (1, 11972)
[M::mem_pestat] mean and std.dev: (2343.68, 2868.27)
[M::mem_pestat] low and high boundaries for proper pairs: (1, 15911)
[M::mem_pestat] analyzing insert size distribution for orientation RR...
[M::mem_pestat] (25, 50, 75) percentile: (438, 511, 1267)
[M::mem_pestat] low and high boundaries for computing mean and std.dev: (1, 2925)
[M::mem_pestat] mean and std.dev: (617.96, 486.16)
[M::mem_pestat] low and high boundaries for proper pairs: (1, 3754)
[M::mem_pestat] skip orientation FF
[M::mem_pestat] skip orientation RF
[M::mem_pestat] skip orientation RR
[M::process] read 1066668 sequences (160000200 bp)...
[M::mem_process_seqs] Processed 1066668 reads in 833.274 CPU sec, 54.050 real sec
[M::mem_pestat] # candidate unique pairs for (FF, FR, RF, RR): (28, 223520, 83, 32)
[M::mem_pestat] analyzing insert size distribution for orientation FF...
[M::mem_pestat] (25, 50, 75) percentile: (524, 1082, 3273)
[M::mem_pestat] low and high boundaries for computing mean and std.dev: (1, 8771)
[M::mem_pestat] mean and std.dev: (1736.64, 1698.62)
[M::mem_pestat] low and high boundaries for proper pairs: (1, 11520)
[M::mem_pestat] analyzing insert size distribution for orientation FR...
[M::mem_pestat] (25, 50, 75) percentile: (272, 363, 473)
[M::mem_pestat] low and high boundaries for computing mean and std.dev: (1, 875)
[M::mem_pestat] mean and std.dev: (373.16, 150.08)
[M::mem_pestat] low and high boundaries for proper pairs: (1, 1076)
[M::mem_pestat] analyzing insert size distribution for orientation RF...
[M::mem_pestat] (25, 50, 75) percentile: (196, 981, 3727)
[M::mem_pestat] low and high boundaries for computing mean and std.dev: (1, 10789)
[M::mem_pestat] mean and std.dev: (2335.73, 2715.71)
[M::mem_pestat] low and high boundaries for proper pairs: (1, 14320)
[M::mem_pestat] analyzing insert size distribution for orientation RR...
[M::mem_pestat] (25, 50, 75) percentile: (216, 393, 816)
[M::mem_pestat] low and high boundaries for computing mean and std.dev: (1, 2016)
[M::mem_pestat] mean and std.dev: (485.30, 460.61)
[M::mem_pestat] low and high boundaries for proper pairs: (1, 2616)
[M::mem_pestat] skip orientation FF
[M::mem_pestat] skip orientation RF
[M::mem_pestat] skip orientation RR
[M::process] read 1066668 sequences (160000200 bp)...
[M::mem_process_seqs] Processed 1066668 reads in 834.732 CPU sec, 53.859 real sec
[M::mem_pestat] # candidate unique pairs for (FF, FR, RF, RR): (44, 222780, 81, 18)
[M::mem_pestat] analyzing insert size distribution for orientation FF...
[M::mem_pestat] (25, 50, 75) percentile: (377, 671, 1618)
[M::mem_pestat] low and high boundaries for computing mean and std.dev: (1, 4100)
[M::mem_pestat] mean and std.dev: (872.58, 744.08)
[M::mem_pestat] low and high boundaries for proper pairs: (1, 5341)
[M::mem_pestat] analyzing insert size distribution for orientation FR...
[M::mem_pestat] (25, 50, 75) percentile: (266, 362, 478)
[M::mem_pestat] low and high boundaries for computing mean and std.dev: (1, 902)
[M::mem_pestat] mean and std.dev: (373.57, 155.50)
[M::mem_pestat] low and high boundaries for proper pairs: (1, 1114)
[M::mem_pestat] analyzing insert size distribution for orientation RF...
[M::mem_pestat] (25, 50, 75) percentile: (282, 1675, 5146)
[M::mem_pestat] low and high boundaries for computing mean and std.dev: (1, 14874)
[M::mem_pestat] mean and std.dev: (3025.07, 3159.04)
[M::mem_pestat] low and high boundaries for proper pairs: (1, 19738)
[M::mem_pestat] analyzing insert size distribution for orientation RR...
[M::mem_pestat] (25, 50, 75) percentile: (206, 336, 750)
[M::mem_pestat] low and high boundaries for computing mean and std.dev: (1, 1838)
[M::mem_pestat] mean and std.dev: (397.12, 294.19)
[M::mem_pestat] low and high boundaries for proper pairs: (1, 2382)
[M::mem_pestat] skip orientation FF
[M::mem_pestat] skip orientation RF
[M::mem_pestat] skip orientation RR
[M::process] read 1066668 sequences (160000200 bp)...
[M::mem_process_seqs] Processed 1066668 reads in 854.023 CPU sec, 55.283 real sec
[M::mem_pestat] # candidate unique pairs for (FF, FR, RF, RR): (23, 220948, 99, 39)
[M::mem_pestat] analyzing insert size distribution for orientation FF...
[M::mem_pestat] (25, 50, 75) percentile: (136, 276, 1797)
[M::mem_pestat] low and high boundaries for computing mean and std.dev: (1, 5119)
[M::mem_pestat] mean and std.dev: (996.50, 1358.10)
[M::mem_pestat] low and high boundaries for proper pairs: (1, 6780)
[M::mem_pestat] analyzing insert size distribution for orientation FR...
[M::mem_pestat] (25, 50, 75) percentile: (268, 367, 485)
[M::mem_pestat] low and high boundaries for computing mean and std.dev: (1, 919)
[M::mem_pestat] mean and std.dev: (376.99, 157.21)
[M::mem_pestat] low and high boundaries for proper pairs: (1, 1136)
[M::mem_pestat] analyzing insert size distribution for orientation RF...
[M::mem_pestat] (25, 50, 75) percentile: (419, 1967, 4651)
[M::mem_pestat] low and high boundaries for computing mean and std.dev: (1, 13115)
[M::mem_pestat] mean and std.dev: (2909.19, 2726.62)
[M::mem_pestat] low and high boundaries for proper pairs: (1, 17347)
[M::mem_pestat] analyzing insert size distribution for orientation RR...
[M::mem_pestat] (25, 50, 75) percentile: (223, 793, 1722)
[M::mem_pestat] low and high boundaries for computing mean and std.dev: (1, 4720)
[M::mem_pestat] mean and std.dev: (959.70, 912.47)
[M::mem_pestat] low and high boundaries for proper pairs: (1, 6219)
[M::mem_pestat] skip orientation FF
[M::mem_pestat] skip orientation RF
[M::mem_pestat] skip orientation RR
[M::process] read 1066668 sequences (160000200 bp)...
[M::mem_process_seqs] Processed 1066668 reads in 840.525 CPU sec, 54.342 real sec
[M::mem_pestat] # candidate unique pairs for (FF, FR, RF, RR): (26, 223367, 82, 44)
[M::mem_pestat] analyzing insert size distribution for orientation FF...
[M::mem_pestat] (25, 50, 75) percentile: (202, 449, 1067)
[M::mem_pestat] low and high boundaries for computing mean and std.dev: (1, 2797)
[M::mem_pestat] mean and std.dev: (501.13, 429.07)
[M::mem_pestat] low and high boundaries for proper pairs: (1, 3662)
[M::mem_pestat] analyzing insert size distribution for orientation FR...
[M::mem_pestat] (25, 50, 75) percentile: (267, 364, 480)
[M::mem_pestat] low and high boundaries for computing mean and std.dev: (1, 906)
[M::mem_pestat] mean and std.dev: (374.33, 155.19)
[M::mem_pestat] low and high boundaries for proper pairs: (1, 1119)
[M::mem_pestat] analyzing insert size distribution for orientation RF...
[M::mem_pestat] (25, 50, 75) percentile: (196, 837, 5276)
[M::mem_pestat] low and high boundaries for computing mean and std.dev: (1, 15436)
[M::mem_pestat] mean and std.dev: (2486.39, 2804.19)
[M::mem_pestat] low and high boundaries for proper pairs: (1, 20516)
[M::mem_pestat] analyzing insert size distribution for orientation RR...
[M::mem_pestat] (25, 50, 75) percentile: (281, 919, 2898)
[M::mem_pestat] low and high boundaries for computing mean and std.dev: (1, 8132)
[M::mem_pestat] mean and std.dev: (2119.41, 2495.87)
[M::mem_pestat] low and high boundaries for proper pairs: (1, 12103)
[M::mem_pestat] skip orientation FF
[M::mem_pestat] skip orientation RF
[M::mem_pestat] skip orientation RR
[M::process] read 1066668 sequences (160000200 bp)...
[M::mem_process_seqs] Processed 1066668 reads in 836.051 CPU sec, 54.044 real sec
[M::mem_pestat] # candidate unique pairs for (FF, FR, RF, RR): (40, 221934, 64, 27)
[M::mem_pestat] analyzing insert size distribution for orientation FF...
[M::mem_pestat] (25, 50, 75) percentile: (275, 564, 1552)
[M::mem_pestat] low and high boundaries for computing mean and std.dev: (1, 4106)
[M::mem_pestat] mean and std.dev: (811.74, 753.74)
[M::mem_pestat] low and high boundaries for proper pairs: (1, 5383)
[M::mem_pestat] analyzing insert size distribution for orientation FR...
[M::mem_pestat] (25, 50, 75) percentile: (269, 366, 481)
[M::mem_pestat] low and high boundaries for computing mean and std.dev: (1, 905)
[M::mem_pestat] mean and std.dev: (375.26, 154.76)
[M::mem_pestat] low and high boundaries for proper pairs: (1, 1117)
[M::mem_pestat] analyzing insert size distribution for orientation RF...
[M::mem_pestat] (25, 50, 75) percentile: (473, 1355, 3945)
[M::mem_pestat] low and high boundaries for computing mean and std.dev: (1, 10889)
[M::mem_pestat] mean and std.dev: (2453.00, 2679.13)
[M::mem_pestat] low and high boundaries for proper pairs: (1, 14361)
[M::mem_pestat] analyzing insert size distribution for orientation RR...
[M::mem_pestat] (25, 50, 75) percentile: (471, 1246, 1942)
[M::mem_pestat] low and high boundaries for computing mean and std.dev: (1, 4884)
[M::mem_pestat] mean and std.dev: (1060.46, 804.80)
[M::mem_pestat] low and high boundaries for proper pairs: (1, 6355)
[M::mem_pestat] skip orientation FF
[M::mem_pestat] skip orientation RF
[M::mem_pestat] skip orientation RR
[M::process] read 1066668 sequences (160000200 bp)...
[M::mem_process_seqs] Processed 1066668 reads in 843.102 CPU sec, 54.559 real sec
[M::mem_pestat] # candidate unique pairs for (FF, FR, RF, RR): (32, 223745, 78, 36)
[M::mem_pestat] analyzing insert size distribution for orientation FF...
[M::mem_pestat] (25, 50, 75) percentile: (208, 385, 791)
[M::mem_pestat] low and high boundaries for computing mean and std.dev: (1, 1957)
[M::mem_pestat] mean and std.dev: (437.15, 347.10)
[M::mem_pestat] low and high boundaries for proper pairs: (1, 2540)
[M::mem_pestat] analyzing insert size distribution for orientation FR...
[M::mem_pestat] (25, 50, 75) percentile: (273, 370, 484)
[M::mem_pestat] low and high boundaries for computing mean and std.dev: (1, 906)
[M::mem_pestat] mean and std.dev: (378.98, 154.83)
[M::mem_pestat] low and high boundaries for proper pairs: (1, 1117)
[M::mem_pestat] analyzing insert size distribution for orientation RF...
[M::mem_pestat] (25, 50, 75) percentile: (274, 1244, 6157)
[M::mem_pestat] low and high boundaries for computing mean and std.dev: (1, 17923)
[M::mem_pestat] mean and std.dev: (3086.35, 3397.22)
[M::mem_pestat] low and high boundaries for proper pairs: (1, 23806)
[M::mem_pestat] analyzing insert size distribution for orientation RR...
[M::mem_pestat] (25, 50, 75) percentile: (401, 593, 1364)
[M::mem_pestat] low and high boundaries for computing mean and std.dev: (1, 3290)
[M::mem_pestat] mean and std.dev: (780.50, 677.39)
[M::mem_pestat] low and high boundaries for proper pairs: (1, 4253)
[M::mem_pestat] skip orientation FF
[M::mem_pestat] skip orientation RF
[M::mem_pestat] skip orientation RR
[M::process] read 1066668 sequences (160000200 bp)...
[M::mem_process_seqs] Processed 1066668 reads in 833.481 CPU sec, 54.072 real sec
[M::mem_pestat] # candidate unique pairs for (FF, FR, RF, RR): (47, 223516, 88, 31)
[M::mem_pestat] analyzing insert size distribution for orientation FF...
[M::mem_pestat] (25, 50, 75) percentile: (261, 750, 2130)
[M::mem_pestat] low and high boundaries for computing mean and std.dev: (1, 5868)
[M::mem_pestat] mean and std.dev: (972.20, 980.77)
[M::mem_pestat] low and high boundaries for proper pairs: (1, 7737)
[M::mem_pestat] analyzing insert size distribution for orientation FR...
[M::mem_pestat] (25, 50, 75) percentile: (275, 372, 487)
[M::mem_pestat] low and high boundaries for computing mean and std.dev: (1, 911)
[M::mem_pestat] mean and std.dev: (381.50, 155.79)
[M::mem_pestat] low and high boundaries for proper pairs: (1, 1123)
[M::mem_pestat] analyzing insert size distribution for orientation RF...
[M::mem_pestat] (25, 50, 75) percentile: (253, 971, 4028)
[M::mem_pestat] low and high boundaries for computing mean and std.dev: (1, 11578)
[M::mem_pestat] mean and std.dev: (2503.55, 3056.74)
[M::mem_pestat] low and high boundaries for proper pairs: (1, 15353)
[M::mem_pestat] analyzing insert size distribution for orientation RR...
[M::mem_pestat] (25, 50, 75) percentile: (266, 641, 3060)
[M::mem_pestat] low and high boundaries for computing mean and std.dev: (1, 8648)
[M::mem_pestat] mean and std.dev: (1733.93, 2353.34)
[M::mem_pestat] low and high boundaries for proper pairs: (1, 11442)
[M::mem_pestat] skip orientation FF
[M::mem_pestat] skip orientation RF
[M::mem_pestat] skip orientation RR
[M::process] read 1066668 sequences (160000200 bp)...
[M::mem_process_seqs] Processed 1066668 reads in 835.130 CPU sec, 54.036 real sec
[M::mem_pestat] # candidate unique pairs for (FF, FR, RF, RR): (42, 223680, 75, 35)
[M::mem_pestat] analyzing insert size distribution for orientation FF...
[M::mem_pestat] (25, 50, 75) percentile: (266, 1244, 2043)
[M::mem_pestat] low and high boundaries for computing mean and std.dev: (1, 5597)
[M::mem_pestat] mean and std.dev: (1152.00, 981.11)
[M::mem_pestat] low and high boundaries for proper pairs: (1, 7374)
[M::mem_pestat] analyzing insert size distribution for orientation FR...
[M::mem_pestat] (25, 50, 75) percentile: (272, 365, 479)
[M::mem_pestat] low and high boundaries for computing mean and std.dev: (1, 893)
[M::mem_pestat] mean and std.dev: (376.13, 153.33)
[M::mem_pestat] low and high boundaries for proper pairs: (1, 1100)
[M::mem_pestat] analyzing insert size distribution for orientation RF...
[M::mem_pestat] (25, 50, 75) percentile: (208, 801, 2533)
[M::mem_pestat] low and high boundaries for computing mean and std.dev: (1, 7183)
[M::mem_pestat] mean and std.dev: (1278.27, 1783.71)
[M::mem_pestat] low and high boundaries for proper pairs: (1, 9508)
[M::mem_pestat] analyzing insert size distribution for orientation RR...
[M::mem_pestat] (25, 50, 75) percentile: (484, 550, 1201)
[M::mem_pestat] low and high boundaries for computing mean and std.dev: (1, 2635)
[M::mem_pestat] mean and std.dev: (733.65, 479.55)
[M::mem_pestat] low and high boundaries for proper pairs: (1, 3352)
[M::mem_pestat] skip orientation FF
[M::mem_pestat] skip orientation RF
[M::mem_pestat] skip orientation RR
[M::process] read 1066668 sequences (160000200 bp)...
[M::mem_process_seqs] Processed 1066668 reads in 831.809 CPU sec, 53.684 real sec
[M::mem_pestat] # candidate unique pairs for (FF, FR, RF, RR): (38, 223128, 88, 33)
[M::mem_pestat] analyzing insert size distribution for orientation FF...
[M::mem_pestat] (25, 50, 75) percentile: (221, 385, 791)
[M::mem_pestat] low and high boundaries for computing mean and std.dev: (1, 1931)
[M::mem_pestat] mean and std.dev: (496.50, 380.72)
[M::mem_pestat] low and high boundaries for proper pairs: (1, 2501)
[M::mem_pestat] analyzing insert size distribution for orientation FR...
[M::mem_pestat] (25, 50, 75) percentile: (272, 367, 482)
[M::mem_pestat] low and high boundaries for computing mean and std.dev: (1, 902)
[M::mem_pestat] mean and std.dev: (378.30, 154.97)
[M::mem_pestat] low and high boundaries for proper pairs: (1, 1112)
[M::mem_pestat] analyzing insert size distribution for orientation RF...
[M::mem_pestat] (25, 50, 75) percentile: (730, 2145, 5933)
[M::mem_pestat] low and high boundaries for computing mean and std.dev: (1, 16339)
[M::mem_pestat] mean and std.dev: (3309.91, 2982.04)
[M::mem_pestat] low and high boundaries for proper pairs: (1, 21542)
[M::mem_pestat] analyzing insert size distribution for orientation RR...
[M::mem_pestat] (25, 50, 75) percentile: (367, 705, 2026)
[M::mem_pestat] low and high boundaries for computing mean and std.dev: (1, 5344)
[M::mem_pestat] mean and std.dev: (986.97, 782.10)
[M::mem_pestat] low and high boundaries for proper pairs: (1, 7003)
[M::mem_pestat] skip orientation FF
[M::mem_pestat] skip orientation RF
[M::mem_pestat] skip orientation RR
[M::process] read 1066668 sequences (160000200 bp)...
[M::mem_process_seqs] Processed 1066668 reads in 845.633 CPU sec, 54.730 real sec
[M::mem_pestat] # candidate unique pairs for (FF, FR, RF, RR): (28, 221722, 97, 31)
[M::mem_pestat] analyzing insert size distribution for orientation FF...
[M::mem_pestat] (25, 50, 75) percentile: (295, 467, 723)
[M::mem_pestat] low and high boundaries for computing mean and std.dev: (1, 1579)
[M::mem_pestat] mean and std.dev: (414.74, 193.59)
[M::mem_pestat] low and high boundaries for proper pairs: (1, 2007)
[M::mem_pestat] analyzing insert size distribution for orientation FR...
[M::mem_pestat] (25, 50, 75) percentile: (261, 357, 474)
[M::mem_pestat] low and high boundaries for computing mean and std.dev: (1, 900)
[M::mem_pestat] mean and std.dev: (368.38, 156.03)
[M::mem_pestat] low and high boundaries for proper pairs: (1, 1113)
[M::mem_pestat] analyzing insert size distribution for orientation RF...
[M::mem_pestat] (25, 50, 75) percentile: (204, 719, 4271)
[M::mem_pestat] low and high boundaries for computing mean and std.dev: (1, 12405)
[M::mem_pestat] mean and std.dev: (2168.70, 2717.00)
[M::mem_pestat] low and high boundaries for proper pairs: (1, 16472)
[M::mem_pestat] analyzing insert size distribution for orientation RR...
[M::mem_pestat] (25, 50, 75) percentile: (301, 472, 787)
[M::mem_pestat] low and high boundaries for computing mean and std.dev: (1, 1759)
[M::mem_pestat] mean and std.dev: (436.35, 174.26)
[M::mem_pestat] low and high boundaries for proper pairs: (1, 2245)
[M::mem_pestat] skip orientation FF
[M::mem_pestat] skip orientation RF
[M::mem_pestat] skip orientation RR
[M::process] read 1066668 sequences (160000200 bp)...
[M::mem_process_seqs] Processed 1066668 reads in 840.504 CPU sec, 54.199 real sec
[M::mem_pestat] # candidate unique pairs for (FF, FR, RF, RR): (39, 220802, 54, 31)
[M::mem_pestat] analyzing insert size distribution for orientation FF...
[M::mem_pestat] (25, 50, 75) percentile: (260, 408, 805)
[M::mem_pestat] low and high boundaries for computing mean and std.dev: (1, 1895)
[M::mem_pestat] mean and std.dev: (506.26, 380.44)
[M::mem_pestat] low and high boundaries for proper pairs: (1, 2440)
[M::mem_pestat] analyzing insert size distribution for orientation FR...
[M::mem_pestat] (25, 50, 75) percentile: (264, 361, 479)
[M::mem_pestat] low and high boundaries for computing mean and std.dev: (1, 909)
[M::mem_pestat] mean and std.dev: (372.16, 156.29)
[M::mem_pestat] low and high boundaries for proper pairs: (1, 1124)
[M::mem_pestat] analyzing insert size distribution for orientation RF...
[M::mem_pestat] (25, 50, 75) percentile: (145, 899, 3978)
[M::mem_pestat] low and high boundaries for computing mean and std.dev: (1, 11644)
[M::mem_pestat] mean and std.dev: (2277.52, 3011.37)
[M::mem_pestat] low and high boundaries for proper pairs: (1, 15477)
[M::mem_pestat] analyzing insert size distribution for orientation RR...
[M::mem_pestat] (25, 50, 75) percentile: (236, 569, 1512)
[M::mem_pestat] low and high boundaries for computing mean and std.dev: (1, 4064)
[M::mem_pestat] mean and std.dev: (760.11, 861.52)
[M::mem_pestat] low and high boundaries for proper pairs: (1, 5340)
[M::mem_pestat] skip orientation FF
[M::mem_pestat] skip orientation RF
[M::mem_pestat] skip orientation RR
[M::process] read 1066668 sequences (160000200 bp)...
[M::mem_process_seqs] Processed 1066668 reads in 857.836 CPU sec, 55.278 real sec
[M::mem_pestat] # candidate unique pairs for (FF, FR, RF, RR): (38, 220515, 77, 36)
[M::mem_pestat] analyzing insert size distribution for orientation FF...
[M::mem_pestat] (25, 50, 75) percentile: (257, 412, 961)
[M::mem_pestat] low and high boundaries for computing mean and std.dev: (1, 2369)
[M::mem_pestat] mean and std.dev: (617.39, 570.55)
[M::mem_pestat] low and high boundaries for proper pairs: (1, 3073)
[M::mem_pestat] analyzing insert size distribution for orientation FR...
[M::mem_pestat] (25, 50, 75) percentile: (261, 356, 473)
[M::mem_pestat] low and high boundaries for computing mean and std.dev: (1, 897)
[M::mem_pestat] mean and std.dev: (367.36, 154.48)
[M::mem_pestat] low and high boundaries for proper pairs: (1, 1109)
[M::mem_pestat] analyzing insert size distribution for orientation RF...
[M::mem_pestat] (25, 50, 75) percentile: (182, 2115, 4212)
[M::mem_pestat] low and high boundaries for computing mean and std.dev: (1, 12272)
[M::mem_pestat] mean and std.dev: (2707.00, 2584.21)
[M::mem_pestat] low and high boundaries for proper pairs: (1, 16302)
[M::mem_pestat] analyzing insert size distribution for orientation RR...
[M::mem_pestat] (25, 50, 75) percentile: (244, 580, 997)
[M::mem_pestat] low and high boundaries for computing mean and std.dev: (1, 2503)
[M::mem_pestat] mean and std.dev: (699.00, 580.88)
[M::mem_pestat] low and high boundaries for proper pairs: (1, 3256)
[M::mem_pestat] skip orientation FF
[M::mem_pestat] skip orientation RF
[M::mem_pestat] skip orientation RR
[M::process] read 1066668 sequences (160000200 bp)...
[M::mem_process_seqs] Processed 1066668 reads in 852.156 CPU sec, 55.007 real sec
[M::mem_pestat] # candidate unique pairs for (FF, FR, RF, RR): (48, 222279, 69, 43)
[M::mem_pestat] analyzing insert size distribution for orientation FF...
[M::mem_pestat] (25, 50, 75) percentile: (258, 602, 3386)
[M::mem_pestat] low and high boundaries for computing mean and std.dev: (1, 9642)
[M::mem_pestat] mean and std.dev: (1768.17, 2535.17)
[M::mem_pestat] low and high boundaries for proper pairs: (1, 12770)
[M::mem_pestat] analyzing insert size distribution for orientation FR...
[M::mem_pestat] (25, 50, 75) percentile: (265, 361, 476)
[M::mem_pestat] low and high boundaries for computing mean and std.dev: (1, 898)
[M::mem_pestat] mean and std.dev: (371.40, 154.88)
[M::mem_pestat] low and high boundaries for proper pairs: (1, 1109)
[M::mem_pestat] analyzing insert size distribution for orientation RF...
[M::mem_pestat] (25, 50, 75) percentile: (107, 967, 3501)
[M::mem_pestat] low and high boundaries for computing mean and std.dev: (1, 10289)
[M::mem_pestat] mean and std.dev: (2143.62, 2669.04)
[M::mem_pestat] low and high boundaries for proper pairs: (1, 13683)
[M::mem_pestat] analyzing insert size distribution for orientation RR...
[M::mem_pestat] (25, 50, 75) percentile: (185, 368, 1514)
[M::mem_pestat] low and high boundaries for computing mean and std.dev: (1, 4172)
[M::mem_pestat] mean and std.dev: (522.03, 706.74)
[M::mem_pestat] low and high boundaries for proper pairs: (1, 5501)
[M::mem_pestat] skip orientation FF
[M::mem_pestat] skip orientation RF
[M::mem_pestat] skip orientation RR
[M::process] read 1066668 sequences (160000200 bp)...
[M::mem_process_seqs] Processed 1066668 reads in 847.709 CPU sec, 54.875 real sec
[M::mem_pestat] # candidate unique pairs for (FF, FR, RF, RR): (49, 223196, 69, 49)
[M::mem_pestat] analyzing insert size distribution for orientation FF...
[M::mem_pestat] (25, 50, 75) percentile: (307, 778, 2299)
[M::mem_pestat] low and high boundaries for computing mean and std.dev: (1, 6283)
[M::mem_pestat] mean and std.dev: (1422.27, 1618.77)
[M::mem_pestat] low and high boundaries for proper pairs: (1, 8275)
[M::mem_pestat] analyzing insert size distribution for orientation FR...
[M::mem_pestat] (25, 50, 75) percentile: (274, 371, 490)
[M::mem_pestat] low and high boundaries for computing mean and std.dev: (1, 922)
[M::mem_pestat] mean and std.dev: (382.02, 158.24)
[M::mem_pestat] low and high boundaries for proper pairs: (1, 1138)
[M::mem_pestat] analyzing insert size distribution for orientation RF...
[M::mem_pestat] (25, 50, 75) percentile: (624, 1903, 4672)
[M::mem_pestat] low and high boundaries for computing mean and std.dev: (1, 12768)
[M::mem_pestat] mean and std.dev: (3135.58, 3015.69)
[M::mem_pestat] low and high boundaries for proper pairs: (1, 16816)
[M::mem_pestat] analyzing insert size distribution for orientation RR...
[M::mem_pestat] (25, 50, 75) percentile: (239, 706, 1397)
[M::mem_pestat] low and high boundaries for computing mean and std.dev: (1, 3713)
[M::mem_pestat] mean and std.dev: (689.36, 598.91)
[M::mem_pestat] low and high boundaries for proper pairs: (1, 4871)
[M::mem_pestat] skip orientation FF
[M::mem_pestat] skip orientation RF
[M::mem_pestat] skip orientation RR
[M::process] read 1066668 sequences (160000200 bp)...
[M::mem_process_seqs] Processed 1066668 reads in 823.704 CPU sec, 53.260 real sec
[M::mem_pestat] # candidate unique pairs for (FF, FR, RF, RR): (22, 223712, 90, 44)
[M::mem_pestat] analyzing insert size distribution for orientation FF...
[M::mem_pestat] (25, 50, 75) percentile: (183, 356, 529)
[M::mem_pestat] low and high boundaries for computing mean and std.dev: (1, 1221)
[M::mem_pestat] mean and std.dev: (310.11, 170.83)
[M::mem_pestat] low and high boundaries for proper pairs: (1, 1567)
[M::mem_pestat] analyzing insert size distribution for orientation FR...
[M::mem_pestat] (25, 50, 75) percentile: (272, 367, 483)
[M::mem_pestat] low and high boundaries for computing mean and std.dev: (1, 905)
[M::mem_pestat] mean and std.dev: (378.23, 155.11)
[M::mem_pestat] low and high boundaries for proper pairs: (1, 1116)
[M::mem_pestat] analyzing insert size distribution for orientation RF...
[M::mem_pestat] (25, 50, 75) percentile: (239, 1035, 4708)
[M::mem_pestat] low and high boundaries for computing mean and std.dev: (1, 13646)
[M::mem_pestat] mean and std.dev: (2580.38, 2784.73)
[M::mem_pestat] low and high boundaries for proper pairs: (1, 18115)
[M::mem_pestat] analyzing insert size distribution for orientation RR...
[M::mem_pestat] (25, 50, 75) percentile: (280, 1082, 2187)
[M::mem_pestat] low and high boundaries for computing mean and std.dev: (1, 6001)
[M::mem_pestat] mean and std.dev: (1362.84, 1284.13)
[M::mem_pestat] low and high boundaries for proper pairs: (1, 7908)
[M::mem_pestat] skip orientation FF
[M::mem_pestat] skip orientation RF
[M::mem_pestat] skip orientation RR
[M::process] read 1066668 sequences (160000200 bp)...
[M::mem_process_seqs] Processed 1066668 reads in 853.485 CPU sec, 55.573 real sec
[M::mem_pestat] # candidate unique pairs for (FF, FR, RF, RR): (37, 222963, 80, 31)
[M::mem_pestat] analyzing insert size distribution for orientation FF...
[M::mem_pestat] (25, 50, 75) percentile: (229, 391, 637)
[M::mem_pestat] low and high boundaries for computing mean and std.dev: (1, 1453)
[M::mem_pestat] mean and std.dev: (356.75, 163.98)
[M::mem_pestat] low and high boundaries for proper pairs: (1, 1861)
[M::mem_pestat] analyzing insert size distribution for orientation FR...
[M::mem_pestat] (25, 50, 75) percentile: (272, 366, 480)
[M::mem_pestat] low and high boundaries for computing mean and std.dev: (1, 896)
[M::mem_pestat] mean and std.dev: (376.41, 153.45)
[M::mem_pestat] low and high boundaries for proper pairs: (1, 1104)
[M::mem_pestat] analyzing insert size distribution for orientation RF...
[M::mem_pestat] (25, 50, 75) percentile: (375, 1225, 5012)
[M::mem_pestat] low and high boundaries for computing mean and std.dev: (1, 14286)
[M::mem_pestat] mean and std.dev: (2501.91, 2727.35)
[M::mem_pestat] low and high boundaries for proper pairs: (1, 18923)
[M::mem_pestat] analyzing insert size distribution for orientation RR...
[M::mem_pestat] (25, 50, 75) percentile: (193, 304, 1190)
[M::mem_pestat] low and high boundaries for computing mean and std.dev: (1, 3184)
[M::mem_pestat] mean and std.dev: (456.74, 498.81)
[M::mem_pestat] low and high boundaries for proper pairs: (1, 4181)
[M::mem_pestat] skip orientation FF
[M::mem_pestat] skip orientation RF
[M::mem_pestat] skip orientation RR
[M::mem_process_seqs] Processed 1066668 reads in 838.076 CPU sec, 56.563 real sec
[M::process] read 1066668 sequences (160000200 bp)...
[M::mem_pestat] # candidate unique pairs for (FF, FR, RF, RR): (35, 221959, 75, 29)
[M::mem_pestat] analyzing insert size distribution for orientation FF...
[M::mem_pestat] (25, 50, 75) percentile: (311, 479, 2265)
[M::mem_pestat] low and high boundaries for computing mean and std.dev: (1, 6173)
[M::mem_pestat] mean and std.dev: (1290.12, 1510.04)
[M::mem_pestat] low and high boundaries for proper pairs: (1, 8127)
[M::mem_pestat] analyzing insert size distribution for orientation FR...
[M::mem_pestat] (25, 50, 75) percentile: (265, 360, 476)
[M::mem_pestat] low and high boundaries for computing mean and std.dev: (1, 898)
[M::mem_pestat] mean and std.dev: (371.80, 156.00)
[M::mem_pestat] low and high boundaries for proper pairs: (1, 1109)
[M::mem_pestat] analyzing insert size distribution for orientation RF...
[M::mem_pestat] (25, 50, 75) percentile: (325, 711, 3408)
[M::mem_pestat] low and high boundaries for computing mean and std.dev: (1, 9574)
[M::mem_pestat] mean and std.dev: (2044.36, 2528.02)
[M::mem_pestat] low and high boundaries for proper pairs: (1, 12657)
[M::mem_pestat] analyzing insert size distribution for orientation RR...
[M::mem_pestat] (25, 50, 75) percentile: (244, 519, 2105)
[M::mem_pestat] low and high boundaries for computing mean and std.dev: (1, 5827)
[M::mem_pestat] mean and std.dev: (1023.07, 1174.42)
[M::mem_pestat] low and high boundaries for proper pairs: (1, 7688)
[M::mem_pestat] skip orientation FF
[M::mem_pestat] skip orientation RF
[M::mem_pestat] skip orientation RR
[M::process] read 1066668 sequences (160000200 bp)...
[M::mem_process_seqs] Processed 1066668 reads in 846.737 CPU sec, 54.224 real sec
[M::mem_pestat] # candidate unique pairs for (FF, FR, RF, RR): (44, 221135, 68, 16)
[M::mem_pestat] analyzing insert size distribution for orientation FF...
[M::mem_pestat] (25, 50, 75) percentile: (240, 697, 1434)
[M::mem_pestat] low and high boundaries for computing mean and std.dev: (1, 3822)
[M::mem_pestat] mean and std.dev: (763.31, 601.03)
[M::mem_pestat] low and high boundaries for proper pairs: (1, 5016)
[M::mem_pestat] analyzing insert size distribution for orientation FR...
[M::mem_pestat] (25, 50, 75) percentile: (268, 368, 483)
[M::mem_pestat] low and high boundaries for computing mean and std.dev: (1, 913)
[M::mem_pestat] mean and std.dev: (376.45, 156.07)
[M::mem_pestat] low and high boundaries for proper pairs: (1, 1128)
[M::mem_pestat] analyzing insert size distribution for orientation RF...
[M::mem_pestat] (25, 50, 75) percentile: (774, 2060, 5096)
[M::mem_pestat] low and high boundaries for computing mean and std.dev: (1, 13740)
[M::mem_pestat] mean and std.dev: (3004.74, 2728.97)
[M::mem_pestat] low and high boundaries for proper pairs: (1, 18062)
[M::mem_pestat] analyzing insert size distribution for orientation RR...
[M::mem_pestat] (25, 50, 75) percentile: (305, 557, 3299)
[M::mem_pestat] low and high boundaries for computing mean and std.dev: (1, 9287)
[M::mem_pestat] mean and std.dev: (2165.81, 2843.31)
[M::mem_pestat] low and high boundaries for proper pairs: (1, 13539)
[M::mem_pestat] skip orientation FF
[M::mem_pestat] skip orientation RF
[M::mem_pestat] skip orientation RR
[M::process] read 1066668 sequences (160000200 bp)...
[M::mem_process_seqs] Processed 1066668 reads in 838.634 CPU sec, 54.277 real sec
[M::mem_pestat] # candidate unique pairs for (FF, FR, RF, RR): (35, 220339, 95, 41)
[M::mem_pestat] analyzing insert size distribution for orientation FF...
[M::mem_pestat] (25, 50, 75) percentile: (183, 369, 1597)
[M::mem_pestat] low and high boundaries for computing mean and std.dev: (1, 4425)
[M::mem_pestat] mean and std.dev: (833.97, 951.35)
[M::mem_pestat] low and high boundaries for proper pairs: (1, 5839)
[M::mem_pestat] analyzing insert size distribution for orientation FR...
[M::mem_pestat] (25, 50, 75) percentile: (264, 361, 475)
[M::mem_pestat] low and high boundaries for computing mean and std.dev: (1, 897)
[M::mem_pestat] mean and std.dev: (370.27, 154.43)
[M::mem_pestat] low and high boundaries for proper pairs: (1, 1108)
[M::mem_pestat] analyzing insert size distribution for orientation RF...
[M::mem_pestat] (25, 50, 75) percentile: (482, 1330, 5878)
[M::mem_pestat] low and high boundaries for computing mean and std.dev: (1, 16670)
[M::mem_pestat] mean and std.dev: (2987.06, 3074.42)
[M::mem_pestat] low and high boundaries for proper pairs: (1, 22066)
[M::mem_pestat] analyzing insert size distribution for orientation RR...
[M::mem_pestat] (25, 50, 75) percentile: (228, 522, 1161)
[M::mem_pestat] low and high boundaries for computing mean and std.dev: (1, 3027)
[M::mem_pestat] mean and std.dev: (566.11, 449.30)
[M::mem_pestat] low and high boundaries for proper pairs: (1, 3960)
[M::mem_pestat] skip orientation FF
[M::mem_pestat] skip orientation RF
[M::mem_pestat] skip orientation RR
[M::process] read 1066668 sequences (160000200 bp)...
[M::mem_process_seqs] Processed 1066668 reads in 842.308 CPU sec, 54.406 real sec
[M::mem_pestat] # candidate unique pairs for (FF, FR, RF, RR): (36, 220987, 100, 35)
[M::mem_pestat] analyzing insert size distribution for orientation FF...
[M::mem_pestat] (25, 50, 75) percentile: (200, 1289, 2362)
[M::mem_pestat] low and high boundaries for computing mean and std.dev: (1, 6686)
[M::mem_pestat] mean and std.dev: (2048.11, 2312.23)
[M::mem_pestat] low and high boundaries for proper pairs: (1, 11297)
[M::mem_pestat] analyzing insert size distribution for orientation FR...
[M::mem_pestat] (25, 50, 75) percentile: (265, 362, 476)
[M::mem_pestat] low and high boundaries for computing mean and std.dev: (1, 898)
[M::mem_pestat] mean and std.dev: (371.23, 154.63)
[M::mem_pestat] low and high boundaries for proper pairs: (1, 1109)
[M::mem_pestat] analyzing insert size distribution for orientation RF...
[M::mem_pestat] (25, 50, 75) percentile: (195, 1112, 3971)
[M::mem_pestat] low and high boundaries for computing mean and std.dev: (1, 11523)
[M::mem_pestat] mean and std.dev: (2021.41, 2156.71)
[M::mem_pestat] low and high boundaries for proper pairs: (1, 15299)
[M::mem_pestat] analyzing insert size distribution for orientation RR...
[M::mem_pestat] (25, 50, 75) percentile: (311, 460, 688)
[M::mem_pestat] low and high boundaries for computing mean and std.dev: (1, 1442)
[M::mem_pestat] mean and std.dev: (438.00, 268.35)
[M::mem_pestat] low and high boundaries for proper pairs: (1, 1819)
[M::mem_pestat] skip orientation FF
[M::mem_pestat] skip orientation RF
[M::mem_pestat] skip orientation RR
[M::process] read 1066668 sequences (160000200 bp)...
[M::mem_process_seqs] Processed 1066668 reads in 839.604 CPU sec, 54.196 real sec
[M::mem_pestat] # candidate unique pairs for (FF, FR, RF, RR): (32, 222855, 85, 23)
[M::mem_pestat] analyzing insert size distribution for orientation FF...
[M::mem_pestat] (25, 50, 75) percentile: (221, 827, 1346)
[M::mem_pestat] low and high boundaries for computing mean and std.dev: (1, 3596)
[M::mem_pestat] mean and std.dev: (767.00, 616.84)
[M::mem_pestat] low and high boundaries for proper pairs: (1, 4721)
[M::mem_pestat] analyzing insert size distribution for orientation FR...
[M::mem_pestat] (25, 50, 75) percentile: (269, 363, 478)
[M::mem_pestat] low and high boundaries for computing mean and std.dev: (1, 896)
[M::mem_pestat] mean and std.dev: (374.40, 154.13)
[M::mem_pestat] low and high boundaries for proper pairs: (1, 1105)
[M::mem_pestat] analyzing insert size distribution for orientation RF...
[M::mem_pestat] (25, 50, 75) percentile: (192, 939, 4724)
[M::mem_pestat] low and high boundaries for computing mean and std.dev: (1, 13788)
[M::mem_pestat] mean and std.dev: (2471.55, 2792.74)
[M::mem_pestat] low and high boundaries for proper pairs: (1, 18320)
[M::mem_pestat] analyzing insert size distribution for orientation RR...
[M::mem_pestat] (25, 50, 75) percentile: (381, 519, 853)
[M::mem_pestat] low and high boundaries for computing mean and std.dev: (1, 1797)
[M::mem_pestat] mean and std.dev: (595.00, 348.02)
[M::mem_pestat] low and high boundaries for proper pairs: (1, 2269)
[M::mem_pestat] skip orientation FF
[M::mem_pestat] skip orientation RF
[M::mem_pestat] skip orientation RR
[M::process] read 1066668 sequences (160000200 bp)...
[M::mem_process_seqs] Processed 1066668 reads in 850.119 CPU sec, 54.906 real sec
[M::mem_pestat] # candidate unique pairs for (FF, FR, RF, RR): (33, 223093, 68, 44)
[M::mem_pestat] analyzing insert size distribution for orientation FF...
[M::mem_pestat] (25, 50, 75) percentile: (440, 544, 911)
[M::mem_pestat] low and high boundaries for computing mean and std.dev: (1, 1853)
[M::mem_pestat] mean and std.dev: (571.34, 337.22)
[M::mem_pestat] low and high boundaries for proper pairs: (1, 2324)
[M::mem_pestat] analyzing insert size distribution for orientation FR...
[M::mem_pestat] (25, 50, 75) percentile: (270, 364, 478)
[M::mem_pestat] low and high boundaries for computing mean and std.dev: (1, 894)
[M::mem_pestat] mean and std.dev: (374.81, 153.03)
[M::mem_pestat] low and high boundaries for proper pairs: (1, 1102)
[M::mem_pestat] analyzing insert size distribution for orientation RF...
[M::mem_pestat] (25, 50, 75) percentile: (361, 1979, 7835)
[M::mem_pestat] low and high boundaries for computing mean and std.dev: (1, 22783)
[M::mem_pestat] mean and std.dev: (3765.44, 3590.52)
[M::mem_pestat] low and high boundaries for proper pairs: (1, 30257)
[M::mem_pestat] analyzing insert size distribution for orientation RR...
[M::mem_pestat] (25, 50, 75) percentile: (244, 497, 1439)
[M::mem_pestat] low and high boundaries for computing mean and std.dev: (1, 3829)
[M::mem_pestat] mean and std.dev: (872.68, 814.98)
[M::mem_pestat] low and high boundaries for proper pairs: (1, 5024)
[M::mem_pestat] skip orientation FF
[M::mem_pestat] skip orientation RF
[M::mem_pestat] skip orientation RR
[M::process] read 1066668 sequences (160000200 bp)...
[M::mem_process_seqs] Processed 1066668 reads in 849.870 CPU sec, 54.882 real sec
[M::mem_pestat] # candidate unique pairs for (FF, FR, RF, RR): (31, 222677, 80, 47)
[M::mem_pestat] analyzing insert size distribution for orientation FF...
[M::mem_pestat] (25, 50, 75) percentile: (237, 373, 609)
[M::mem_pestat] low and high boundaries for computing mean and std.dev: (1, 1353)
[M::mem_pestat] mean and std.dev: (366.46, 182.76)
[M::mem_pestat] low and high boundaries for proper pairs: (1, 1725)
[M::mem_pestat] analyzing insert size distribution for orientation FR...
[M::mem_pestat] (25, 50, 75) percentile: (270, 362, 474)
[M::mem_pestat] low and high boundaries for computing mean and std.dev: (1, 882)
[M::mem_pestat] mean and std.dev: (372.28, 151.25)
[M::mem_pestat] low and high boundaries for proper pairs: (1, 1086)
[M::mem_pestat] analyzing insert size distribution for orientation RF...
[M::mem_pestat] (25, 50, 75) percentile: (242, 1673, 6096)
[M::mem_pestat] low and high boundaries for computing mean and std.dev: (1, 17804)
[M::mem_pestat] mean and std.dev: (2939.81, 2986.07)
[M::mem_pestat] low and high boundaries for proper pairs: (1, 23658)
[M::mem_pestat] analyzing insert size distribution for orientation RR...
[M::mem_pestat] (25, 50, 75) percentile: (241, 387, 703)
[M::mem_pestat] low and high boundaries for computing mean and std.dev: (1, 1627)
[M::mem_pestat] mean and std.dev: (345.32, 184.11)
[M::mem_pestat] low and high boundaries for proper pairs: (1, 2089)
[M::mem_pestat] skip orientation FF
[M::mem_pestat] skip orientation RF
[M::mem_pestat] skip orientation RR
[M::process] read 1066668 sequences (160000200 bp)...
[M::mem_process_seqs] Processed 1066668 reads in 843.075 CPU sec, 54.823 real sec
[M::mem_pestat] # candidate unique pairs for (FF, FR, RF, RR): (38, 223014, 97, 23)
[M::mem_pestat] analyzing insert size distribution for orientation FF...
[M::mem_pestat] (25, 50, 75) percentile: (264, 494, 701)
[M::mem_pestat] low and high boundaries for computing mean and std.dev: (1, 1575)
[M::mem_pestat] mean and std.dev: (392.40, 212.70)
[M::mem_pestat] low and high boundaries for proper pairs: (1, 2012)
[M::mem_pestat] analyzing insert size distribution for orientation FR...
[M::mem_pestat] (25, 50, 75) percentile: (272, 364, 476)
[M::mem_pestat] low and high boundaries for computing mean and std.dev: (1, 884)
[M::mem_pestat] mean and std.dev: (374.47, 151.56)
[M::mem_pestat] low and high boundaries for proper pairs: (1, 1088)
[M::mem_pestat] analyzing insert size distribution for orientation RF...
[M::mem_pestat] (25, 50, 75) percentile: (193, 761, 4094)
[M::mem_pestat] low and high boundaries for computing mean and std.dev: (1, 11896)
[M::mem_pestat] mean and std.dev: (2468.59, 3007.32)
[M::mem_pestat] low and high boundaries for proper pairs: (1, 15797)
[M::mem_pestat] analyzing insert size distribution for orientation RR...
[M::mem_pestat] (25, 50, 75) percentile: (153, 323, 558)
[M::mem_pestat] low and high boundaries for computing mean and std.dev: (1, 1368)
[M::mem_pestat] mean and std.dev: (346.81, 260.07)
[M::mem_pestat] low and high boundaries for proper pairs: (1, 1773)
[M::mem_pestat] skip orientation FF
[M::mem_pestat] skip orientation RF
[M::mem_pestat] skip orientation RR
[M::process] read 105984 sequences (15897600 bp)...
[M::mem_process_seqs] Processed 1066668 reads in 842.740 CPU sec, 54.732 real sec
[M::mem_pestat] # candidate unique pairs for (FF, FR, RF, RR): (4, 22201, 5, 4)
[M::mem_pestat] skip orientation FF as there are not enough pairs
[M::mem_pestat] analyzing insert size distribution for orientation FR...
[M::mem_pestat] (25, 50, 75) percentile: (270, 363, 475)
[M::mem_pestat] low and high boundaries for computing mean and std.dev: (1, 885)
[M::mem_pestat] mean and std.dev: (374.19, 151.96)
[M::mem_pestat] low and high boundaries for proper pairs: (1, 1090)
[M::mem_pestat] skip orientation RF as there are not enough pairs
[M::mem_pestat] skip orientation RR as there are not enough pairs
[M::mem_process_seqs] Processed 105984 reads in 83.665 CPU sec, 5.471 real sec
[main] Version: 0.7.19-r1273
[main] CMD: bwa mem -t 16 -R @RG\tID:Dogfish_Bay_10\tSM:Dogfish_Bay_10\tLB:Dogfish_Bay_10\tPL:ILLUMINA output/05_realign_xbOstLuri2/reference/GCA_061535525.1_xbOstLuri2_USDA-ARS_PSRF_primary_genomic.fna data/raw/Dogfish_Bay_10_S51_L004_R1_001.fastq.gz data/raw/Dogfish_Bay_10_S51_L004_R2_001.fastq.gz
[main] Real time: 3416.541 sec; CPU: 52226.566 sec
[bam_sort_core] merging from 3 files and 8 in-memory blocks...
end 2026-09-27T12:57:54Z sample=Dogfish_Bay_10
