/opt/ohpc/admin/lmod/lmod/init/bash: line 93: LD_LIBRARY_PATH: unbound variable
start 2026-09-27T11:55:05Z host n3447 sample=Coos_Bay_10 location=Coos_Bay
[M::bwa_idx_load_from_disk] read 0 ALT contigs
[M::process] read 1066668 sequences (160000200 bp)...
[M::process] read 1066668 sequences (160000200 bp)...
[M::mem_pestat] # candidate unique pairs for (FF, FR, RF, RR): (35, 220359, 62, 25)
[M::mem_pestat] analyzing insert size distribution for orientation FF...
[M::mem_pestat] (25, 50, 75) percentile: (337, 414, 1144)
[M::mem_pestat] low and high boundaries for computing mean and std.dev: (1, 2758)
[M::mem_pestat] mean and std.dev: (581.50, 478.03)
[M::mem_pestat] low and high boundaries for proper pairs: (1, 3565)
[M::mem_pestat] analyzing insert size distribution for orientation FR...
[M::mem_pestat] (25, 50, 75) percentile: (270, 346, 438)
[M::mem_pestat] low and high boundaries for computing mean and std.dev: (1, 774)
[M::mem_pestat] mean and std.dev: (354.78, 126.99)
[M::mem_pestat] low and high boundaries for proper pairs: (1, 942)
[M::mem_pestat] analyzing insert size distribution for orientation RF...
[M::mem_pestat] (25, 50, 75) percentile: (633, 1343, 5615)
[M::mem_pestat] low and high boundaries for computing mean and std.dev: (1, 15579)
[M::mem_pestat] mean and std.dev: (3079.63, 2875.44)
[M::mem_pestat] low and high boundaries for proper pairs: (1, 20561)
[M::mem_pestat] analyzing insert size distribution for orientation RR...
[M::mem_pestat] (25, 50, 75) percentile: (202, 520, 2925)
[M::mem_pestat] low and high boundaries for computing mean and std.dev: (1, 8371)
[M::mem_pestat] mean and std.dev: (1730.72, 2562.33)
[M::mem_pestat] low and high boundaries for proper pairs: (1, 11980)
[M::mem_pestat] skip orientation FF
[M::mem_pestat] skip orientation RF
[M::mem_pestat] skip orientation RR
[M::mem_process_seqs] Processed 1066668 reads in 869.585 CPU sec, 59.552 real sec
[M::mem_pestat] # candidate unique pairs for (FF, FR, RF, RR): (55, 220803, 65, 32)
[M::mem_pestat] analyzing insert size distribution for orientation FF...
[M::mem_pestat] (25, 50, 75) percentile: (337, 888, 1692)
[M::mem_pestat] low and high boundaries for computing mean and std.dev: (1, 4402)
[M::mem_pestat] mean and std.dev: (801.77, 638.36)
[M::mem_pestat] low and high boundaries for proper pairs: (1, 5757)
[M::mem_pestat] analyzing insert size distribution for orientation FR...
[M::mem_pestat] (25, 50, 75) percentile: (274, 352, 446)
[M::mem_pestat] low and high boundaries for computing mean and std.dev: (1, 790)
[M::mem_pestat] mean and std.dev: (360.92, 129.40)
[M::mem_pestat] low and high boundaries for proper pairs: (1, 962)
[M::mem_pestat] analyzing insert size distribution for orientation RF...
[M::mem_pestat] (25, 50, 75) percentile: (191, 1361, 3347)
[M::mem_pestat] low and high boundaries for computing mean and std.dev: (1, 9659)
[M::mem_pestat] mean and std.dev: (2453.38, 2894.02)
[M::mem_pestat] low and high boundaries for proper pairs: (1, 14029)
[M::mem_pestat] analyzing insert size distribution for orientation RR...
[M::mem_pestat] (25, 50, 75) percentile: (414, 1853, 3474)
[M::mem_pestat] low and high boundaries for computing mean and std.dev: (1, 9594)
[M::mem_pestat] mean and std.dev: (2590.25, 2818.24)
[M::mem_pestat] low and high boundaries for proper pairs: (1, 13863)
[M::mem_pestat] skip orientation FF
[M::mem_pestat] skip orientation RF
[M::mem_pestat] skip orientation RR
[M::process] read 1066668 sequences (160000200 bp)...
[M::mem_process_seqs] Processed 1066668 reads in 863.865 CPU sec, 58.499 real sec
[M::mem_pestat] # candidate unique pairs for (FF, FR, RF, RR): (28, 220739, 65, 38)
[M::mem_pestat] analyzing insert size distribution for orientation FF...
[M::mem_pestat] (25, 50, 75) percentile: (408, 1044, 7329)
[M::mem_pestat] low and high boundaries for computing mean and std.dev: (1, 21171)
[M::mem_pestat] mean and std.dev: (2514.18, 2909.98)
[M::mem_pestat] low and high boundaries for proper pairs: (1, 28092)
[M::mem_pestat] analyzing insert size distribution for orientation FR...
[M::mem_pestat] (25, 50, 75) percentile: (272, 350, 445)
[M::mem_pestat] low and high boundaries for computing mean and std.dev: (1, 791)
[M::mem_pestat] mean and std.dev: (359.67, 129.77)
[M::mem_pestat] low and high boundaries for proper pairs: (1, 964)
[M::mem_pestat] analyzing insert size distribution for orientation RF...
[M::mem_pestat] (25, 50, 75) percentile: (250, 989, 3120)
[M::mem_pestat] low and high boundaries for computing mean and std.dev: (1, 8860)
[M::mem_pestat] mean and std.dev: (1955.45, 2490.86)
[M::mem_pestat] low and high boundaries for proper pairs: (1, 11919)
[M::mem_pestat] analyzing insert size distribution for orientation RR...
[M::mem_pestat] (25, 50, 75) percentile: (156, 276, 594)
[M::mem_pestat] low and high boundaries for computing mean and std.dev: (1, 1470)
[M::mem_pestat] mean and std.dev: (407.54, 359.81)
[M::mem_pestat] low and high boundaries for proper pairs: (1, 1908)
[M::mem_pestat] skip orientation FF
[M::mem_pestat] skip orientation RF
[M::mem_pestat] skip orientation RR
[M::process] read 1066668 sequences (160000200 bp)...
[M::mem_process_seqs] Processed 1066668 reads in 875.630 CPU sec, 57.852 real sec
[M::mem_pestat] # candidate unique pairs for (FF, FR, RF, RR): (30, 220947, 78, 35)
[M::mem_pestat] analyzing insert size distribution for orientation FF...
[M::mem_pestat] (25, 50, 75) percentile: (213, 313, 930)
[M::mem_pestat] low and high boundaries for computing mean and std.dev: (1, 2364)
[M::mem_pestat] mean and std.dev: (290.83, 186.48)
[M::mem_pestat] low and high boundaries for proper pairs: (1, 3081)
[M::mem_pestat] analyzing insert size distribution for orientation FR...
[M::mem_pestat] (25, 50, 75) percentile: (271, 349, 445)
[M::mem_pestat] low and high boundaries for computing mean and std.dev: (1, 793)
[M::mem_pestat] mean and std.dev: (359.12, 130.54)
[M::mem_pestat] low and high boundaries for proper pairs: (1, 967)
[M::mem_pestat] analyzing insert size distribution for orientation RF...
[M::mem_pestat] (25, 50, 75) percentile: (207, 1947, 5989)
[M::mem_pestat] low and high boundaries for computing mean and std.dev: (1, 17553)
[M::mem_pestat] mean and std.dev: (3201.26, 3317.65)
[M::mem_pestat] low and high boundaries for proper pairs: (1, 23335)
[M::mem_pestat] analyzing insert size distribution for orientation RR...
[M::mem_pestat] (25, 50, 75) percentile: (230, 318, 2503)
[M::mem_pestat] low and high boundaries for computing mean and std.dev: (1, 7049)
[M::mem_pestat] mean and std.dev: (899.79, 1179.76)
[M::mem_pestat] low and high boundaries for proper pairs: (1, 9322)
[M::mem_pestat] skip orientation FF
[M::mem_pestat] skip orientation RF
[M::mem_pestat] skip orientation RR
[M::process] read 1066668 sequences (160000200 bp)...
[M::mem_process_seqs] Processed 1066668 reads in 868.135 CPU sec, 57.308 real sec
[M::mem_pestat] # candidate unique pairs for (FF, FR, RF, RR): (34, 220733, 75, 44)
[M::mem_pestat] analyzing insert size distribution for orientation FF...
[M::mem_pestat] (25, 50, 75) percentile: (281, 580, 1110)
[M::mem_pestat] low and high boundaries for computing mean and std.dev: (1, 2768)
[M::mem_pestat] mean and std.dev: (772.58, 627.81)
[M::mem_pestat] low and high boundaries for proper pairs: (1, 3597)
[M::mem_pestat] analyzing insert size distribution for orientation FR...
[M::mem_pestat] (25, 50, 75) percentile: (271, 349, 447)
[M::mem_pestat] low and high boundaries for computing mean and std.dev: (1, 799)
[M::mem_pestat] mean and std.dev: (359.88, 131.81)
[M::mem_pestat] low and high boundaries for proper pairs: (1, 975)
[M::mem_pestat] analyzing insert size distribution for orientation RF...
[M::mem_pestat] (25, 50, 75) percentile: (196, 814, 4183)
[M::mem_pestat] low and high boundaries for computing mean and std.dev: (1, 12157)
[M::mem_pestat] mean and std.dev: (2569.84, 3149.92)
[M::mem_pestat] low and high boundaries for proper pairs: (1, 16144)
[M::mem_pestat] analyzing insert size distribution for orientation RR...
[M::mem_pestat] (25, 50, 75) percentile: (383, 520, 1329)
[M::mem_pestat] low and high boundaries for computing mean and std.dev: (1, 3221)
[M::mem_pestat] mean and std.dev: (723.09, 540.87)
[M::mem_pestat] low and high boundaries for proper pairs: (1, 4167)
[M::mem_pestat] skip orientation FF
[M::mem_pestat] skip orientation RF
[M::mem_pestat] skip orientation RR
[M::process] read 1066668 sequences (160000200 bp)...
[M::mem_process_seqs] Processed 1066668 reads in 880.103 CPU sec, 57.929 real sec
[M::mem_pestat] # candidate unique pairs for (FF, FR, RF, RR): (38, 221331, 72, 37)
[M::mem_pestat] analyzing insert size distribution for orientation FF...
[M::mem_pestat] (25, 50, 75) percentile: (231, 458, 1129)
[M::mem_pestat] low and high boundaries for computing mean and std.dev: (1, 2925)
[M::mem_pestat] mean and std.dev: (670.08, 588.83)
[M::mem_pestat] low and high boundaries for proper pairs: (1, 3823)
[M::mem_pestat] analyzing insert size distribution for orientation FR...
[M::mem_pestat] (25, 50, 75) percentile: (270, 348, 444)
[M::mem_pestat] low and high boundaries for computing mean and std.dev: (1, 792)
[M::mem_pestat] mean and std.dev: (358.37, 130.48)
[M::mem_pestat] low and high boundaries for proper pairs: (1, 966)
[M::mem_pestat] analyzing insert size distribution for orientation RF...
[M::mem_pestat] (25, 50, 75) percentile: (512, 1309, 5303)
[M::mem_pestat] low and high boundaries for computing mean and std.dev: (1, 14885)
[M::mem_pestat] mean and std.dev: (2835.51, 3071.20)
[M::mem_pestat] low and high boundaries for proper pairs: (1, 19676)
[M::mem_pestat] analyzing insert size distribution for orientation RR...
[M::mem_pestat] (25, 50, 75) percentile: (315, 530, 1187)
[M::mem_pestat] low and high boundaries for computing mean and std.dev: (1, 2931)
[M::mem_pestat] mean and std.dev: (671.03, 559.40)
[M::mem_pestat] low and high boundaries for proper pairs: (1, 3803)
[M::mem_pestat] skip orientation FF
[M::mem_pestat] skip orientation RF
[M::mem_pestat] skip orientation RR
[M::process] read 1066668 sequences (160000200 bp)...
[M::mem_process_seqs] Processed 1066668 reads in 879.225 CPU sec, 58.421 real sec
[M::mem_pestat] # candidate unique pairs for (FF, FR, RF, RR): (44, 220836, 84, 21)
[M::mem_pestat] analyzing insert size distribution for orientation FF...
[M::mem_pestat] (25, 50, 75) percentile: (218, 542, 1021)
[M::mem_pestat] low and high boundaries for computing mean and std.dev: (1, 2627)
[M::mem_pestat] mean and std.dev: (721.29, 654.01)
[M::mem_pestat] low and high boundaries for proper pairs: (1, 3430)
[M::mem_pestat] analyzing insert size distribution for orientation FR...
[M::mem_pestat] (25, 50, 75) percentile: (269, 346, 441)
[M::mem_pestat] low and high boundaries for computing mean and std.dev: (1, 785)
[M::mem_pestat] mean and std.dev: (356.17, 129.41)
[M::mem_pestat] low and high boundaries for proper pairs: (1, 957)
[M::mem_pestat] analyzing insert size distribution for orientation RF...
[M::mem_pestat] (25, 50, 75) percentile: (278, 1772, 5857)
[M::mem_pestat] low and high boundaries for computing mean and std.dev: (1, 17015)
[M::mem_pestat] mean and std.dev: (3158.61, 3325.94)
[M::mem_pestat] low and high boundaries for proper pairs: (1, 22594)
[M::mem_pestat] analyzing insert size distribution for orientation RR...
[M::mem_pestat] (25, 50, 75) percentile: (278, 412, 591)
[M::mem_pestat] low and high boundaries for computing mean and std.dev: (1, 1217)
[M::mem_pestat] mean and std.dev: (369.58, 164.99)
[M::mem_pestat] low and high boundaries for proper pairs: (1, 1530)
[M::mem_pestat] skip orientation FF
[M::mem_pestat] skip orientation RF
[M::mem_pestat] skip orientation RR
[M::process] read 1066668 sequences (160000200 bp)...
[M::mem_process_seqs] Processed 1066668 reads in 906.461 CPU sec, 60.002 real sec
[M::mem_pestat] # candidate unique pairs for (FF, FR, RF, RR): (25, 220758, 94, 23)
[M::mem_pestat] analyzing insert size distribution for orientation FF...
[M::mem_pestat] (25, 50, 75) percentile: (256, 382, 1398)
[M::mem_pestat] low and high boundaries for computing mean and std.dev: (1, 3682)
[M::mem_pestat] mean and std.dev: (654.96, 537.82)
[M::mem_pestat] low and high boundaries for proper pairs: (1, 4824)
[M::mem_pestat] analyzing insert size distribution for orientation FR...
[M::mem_pestat] (25, 50, 75) percentile: (265, 342, 437)
[M::mem_pestat] low and high boundaries for computing mean and std.dev: (1, 781)
[M::mem_pestat] mean and std.dev: (352.66, 128.70)
[M::mem_pestat] low and high boundaries for proper pairs: (1, 953)
[M::mem_pestat] analyzing insert size distribution for orientation RF...
[M::mem_pestat] (25, 50, 75) percentile: (510, 1416, 4607)
[M::mem_pestat] low and high boundaries for computing mean and std.dev: (1, 12801)
[M::mem_pestat] mean and std.dev: (2814.80, 3058.08)
[M::mem_pestat] low and high boundaries for proper pairs: (1, 16898)
[M::mem_pestat] analyzing insert size distribution for orientation RR...
[M::mem_pestat] (25, 50, 75) percentile: (249, 317, 1729)
[M::mem_pestat] low and high boundaries for computing mean and std.dev: (1, 4689)
[M::mem_pestat] mean and std.dev: (590.35, 761.33)
[M::mem_pestat] low and high boundaries for proper pairs: (1, 6169)
[M::mem_pestat] skip orientation FF
[M::mem_pestat] skip orientation RF
[M::mem_pestat] skip orientation RR
[M::process] read 1066668 sequences (160000200 bp)...
[M::mem_process_seqs] Processed 1066668 reads in 887.604 CPU sec, 58.507 real sec
[M::mem_pestat] # candidate unique pairs for (FF, FR, RF, RR): (25, 220168, 65, 34)
[M::mem_pestat] analyzing insert size distribution for orientation FF...
[M::mem_pestat] (25, 50, 75) percentile: (266, 533, 2150)
[M::mem_pestat] low and high boundaries for computing mean and std.dev: (1, 5918)
[M::mem_pestat] mean and std.dev: (1228.68, 1285.55)
[M::mem_pestat] low and high boundaries for proper pairs: (1, 7802)
[M::mem_pestat] analyzing insert size distribution for orientation FR...
[M::mem_pestat] (25, 50, 75) percentile: (267, 343, 439)
[M::mem_pestat] low and high boundaries for computing mean and std.dev: (1, 783)
[M::mem_pestat] mean and std.dev: (354.33, 129.76)
[M::mem_pestat] low and high boundaries for proper pairs: (1, 955)
[M::mem_pestat] analyzing insert size distribution for orientation RF...
[M::mem_pestat] (25, 50, 75) percentile: (307, 973, 4173)
[M::mem_pestat] low and high boundaries for computing mean and std.dev: (1, 11905)
[M::mem_pestat] mean and std.dev: (2292.18, 2640.58)
[M::mem_pestat] low and high boundaries for proper pairs: (1, 15771)
[M::mem_pestat] analyzing insert size distribution for orientation RR...
[M::mem_pestat] (25, 50, 75) percentile: (231, 371, 779)
[M::mem_pestat] low and high boundaries for computing mean and std.dev: (1, 1875)
[M::mem_pestat] mean and std.dev: (383.29, 258.66)
[M::mem_pestat] low and high boundaries for proper pairs: (1, 2423)
[M::mem_pestat] skip orientation FF
[M::mem_pestat] skip orientation RF
[M::mem_pestat] skip orientation RR
[M::process] read 1066668 sequences (160000200 bp)...
[M::mem_process_seqs] Processed 1066668 reads in 882.887 CPU sec, 58.166 real sec
[M::mem_pestat] # candidate unique pairs for (FF, FR, RF, RR): (36, 219874, 92, 36)
[M::mem_pestat] analyzing insert size distribution for orientation FF...
[M::mem_pestat] (25, 50, 75) percentile: (215, 304, 981)
[M::mem_pestat] low and high boundaries for computing mean and std.dev: (1, 2513)
[M::mem_pestat] mean and std.dev: (450.35, 428.57)
[M::mem_pestat] low and high boundaries for proper pairs: (1, 3279)
[M::mem_pestat] analyzing insert size distribution for orientation FR...
[M::mem_pestat] (25, 50, 75) percentile: (268, 345, 443)
[M::mem_pestat] low and high boundaries for computing mean and std.dev: (1, 793)
[M::mem_pestat] mean and std.dev: (356.08, 130.82)
[M::mem_pestat] low and high boundaries for proper pairs: (1, 968)
[M::mem_pestat] analyzing insert size distribution for orientation RF...
[M::mem_pestat] (25, 50, 75) percentile: (369, 1124, 3024)
[M::mem_pestat] low and high boundaries for computing mean and std.dev: (1, 8334)
[M::mem_pestat] mean and std.dev: (2066.95, 2355.30)
[M::mem_pestat] low and high boundaries for proper pairs: (1, 11488)
[M::mem_pestat] analyzing insert size distribution for orientation RR...
[M::mem_pestat] (25, 50, 75) percentile: (347, 688, 1327)
[M::mem_pestat] low and high boundaries for computing mean and std.dev: (1, 3287)
[M::mem_pestat] mean and std.dev: (795.61, 704.93)
[M::mem_pestat] low and high boundaries for proper pairs: (1, 4267)
[M::mem_pestat] skip orientation FF
[M::mem_pestat] skip orientation RF
[M::mem_pestat] skip orientation RR
[M::process] read 1066668 sequences (160000200 bp)...
[M::mem_process_seqs] Processed 1066668 reads in 901.665 CPU sec, 59.812 real sec
[M::mem_pestat] # candidate unique pairs for (FF, FR, RF, RR): (36, 218681, 98, 26)
[M::mem_pestat] analyzing insert size distribution for orientation FF...
[M::mem_pestat] (25, 50, 75) percentile: (510, 695, 4558)
[M::mem_pestat] low and high boundaries for computing mean and std.dev: (1, 12654)
[M::mem_pestat] mean and std.dev: (2105.47, 2494.20)
[M::mem_pestat] low and high boundaries for proper pairs: (1, 16702)
[M::mem_pestat] analyzing insert size distribution for orientation FR...
[M::mem_pestat] (25, 50, 75) percentile: (273, 354, 452)
[M::mem_pestat] low and high boundaries for computing mean and std.dev: (1, 810)
[M::mem_pestat] mean and std.dev: (363.35, 133.22)
[M::mem_pestat] low and high boundaries for proper pairs: (1, 989)
[M::mem_pestat] analyzing insert size distribution for orientation RF...
[M::mem_pestat] (25, 50, 75) percentile: (598, 1699, 4905)
[M::mem_pestat] low and high boundaries for computing mean and std.dev: (1, 13519)
[M::mem_pestat] mean and std.dev: (3114.63, 3150.39)
[M::mem_pestat] low and high boundaries for proper pairs: (1, 17826)
[M::mem_pestat] analyzing insert size distribution for orientation RR...
[M::mem_pestat] (25, 50, 75) percentile: (207, 789, 1458)
[M::mem_pestat] low and high boundaries for computing mean and std.dev: (1, 3960)
[M::mem_pestat] mean and std.dev: (801.67, 723.98)
[M::mem_pestat] low and high boundaries for proper pairs: (1, 5211)
[M::mem_pestat] skip orientation FF
[M::mem_pestat] skip orientation RF
[M::mem_pestat] skip orientation RR
[M::process] read 1066668 sequences (160000200 bp)...
[M::mem_process_seqs] Processed 1066668 reads in 873.856 CPU sec, 57.700 real sec
[M::mem_pestat] # candidate unique pairs for (FF, FR, RF, RR): (29, 220846, 86, 31)
[M::mem_pestat] analyzing insert size distribution for orientation FF...
[M::mem_pestat] (25, 50, 75) percentile: (208, 554, 1989)
[M::mem_pestat] low and high boundaries for computing mean and std.dev: (1, 5551)
[M::mem_pestat] mean and std.dev: (858.31, 941.83)
[M::mem_pestat] low and high boundaries for proper pairs: (1, 7332)
[M::mem_pestat] analyzing insert size distribution for orientation FR...
[M::mem_pestat] (25, 50, 75) percentile: (277, 357, 457)
[M::mem_pestat] low and high boundaries for computing mean and std.dev: (1, 817)
[M::mem_pestat] mean and std.dev: (367.73, 134.21)
[M::mem_pestat] low and high boundaries for proper pairs: (1, 997)
[M::mem_pestat] analyzing insert size distribution for orientation RF...
[M::mem_pestat] (25, 50, 75) percentile: (166, 950, 5234)
[M::mem_pestat] low and high boundaries for computing mean and std.dev: (1, 15370)
[M::mem_pestat] mean and std.dev: (2729.09, 3247.83)
[M::mem_pestat] low and high boundaries for proper pairs: (1, 20438)
[M::mem_pestat] analyzing insert size distribution for orientation RR...
[M::mem_pestat] (25, 50, 75) percentile: (157, 393, 831)
[M::mem_pestat] low and high boundaries for computing mean and std.dev: (1, 2179)
[M::mem_pestat] mean and std.dev: (438.92, 417.51)
[M::mem_pestat] low and high boundaries for proper pairs: (1, 2853)
[M::mem_pestat] skip orientation FF
[M::mem_pestat] skip orientation RF
[M::mem_pestat] skip orientation RR
[M::process] read 1066668 sequences (160000200 bp)...
[M::mem_process_seqs] Processed 1066668 reads in 870.593 CPU sec, 57.029 real sec
[M::mem_pestat] # candidate unique pairs for (FF, FR, RF, RR): (36, 221793, 70, 26)
[M::mem_pestat] analyzing insert size distribution for orientation FF...
[M::mem_pestat] (25, 50, 75) percentile: (210, 309, 563)
[M::mem_pestat] low and high boundaries for computing mean and std.dev: (1, 1269)
[M::mem_pestat] mean and std.dev: (307.52, 164.67)
[M::mem_pestat] low and high boundaries for proper pairs: (1, 1622)
[M::mem_pestat] analyzing insert size distribution for orientation FR...
[M::mem_pestat] (25, 50, 75) percentile: (273, 353, 452)
[M::mem_pestat] low and high boundaries for computing mean and std.dev: (1, 810)
[M::mem_pestat] mean and std.dev: (363.92, 134.07)
[M::mem_pestat] low and high boundaries for proper pairs: (1, 989)
[M::mem_pestat] analyzing insert size distribution for orientation RF...
[M::mem_pestat] (25, 50, 75) percentile: (170, 966, 3238)
[M::mem_pestat] low and high boundaries for computing mean and std.dev: (1, 9374)
[M::mem_pestat] mean and std.dev: (1907.49, 2426.44)
[M::mem_pestat] low and high boundaries for proper pairs: (1, 12442)
[M::mem_pestat] analyzing insert size distribution for orientation RR...
[M::mem_pestat] (25, 50, 75) percentile: (241, 290, 590)
[M::mem_pestat] low and high boundaries for computing mean and std.dev: (1, 1288)
[M::mem_pestat] mean and std.dev: (338.39, 242.61)
[M::mem_pestat] low and high boundaries for proper pairs: (1, 1637)
[M::mem_pestat] skip orientation FF
[M::mem_pestat] skip orientation RF
[M::mem_pestat] skip orientation RR
[M::process] read 1066668 sequences (160000200 bp)...
[M::mem_process_seqs] Processed 1066668 reads in 875.063 CPU sec, 57.651 real sec
[M::mem_pestat] # candidate unique pairs for (FF, FR, RF, RR): (42, 220779, 65, 45)
[M::mem_pestat] analyzing insert size distribution for orientation FF...
[M::mem_pestat] (25, 50, 75) percentile: (227, 1565, 3913)
[M::mem_pestat] low and high boundaries for computing mean and std.dev: (1, 11285)
[M::mem_pestat] mean and std.dev: (1921.10, 2072.61)
[M::mem_pestat] low and high boundaries for proper pairs: (1, 14971)
[M::mem_pestat] analyzing insert size distribution for orientation FR...
[M::mem_pestat] (25, 50, 75) percentile: (271, 351, 451)
[M::mem_pestat] low and high boundaries for computing mean and std.dev: (1, 811)
[M::mem_pestat] mean and std.dev: (362.65, 133.78)
[M::mem_pestat] low and high boundaries for proper pairs: (1, 991)
[M::mem_pestat] analyzing insert size distribution for orientation RF...
[M::mem_pestat] (25, 50, 75) percentile: (278, 2323, 5549)
[M::mem_pestat] low and high boundaries for computing mean and std.dev: (1, 16091)
[M::mem_pestat] mean and std.dev: (2982.25, 3012.26)
[M::mem_pestat] low and high boundaries for proper pairs: (1, 21362)
[M::mem_pestat] analyzing insert size distribution for orientation RR...
[M::mem_pestat] (25, 50, 75) percentile: (289, 668, 1508)
[M::mem_pestat] low and high boundaries for computing mean and std.dev: (1, 3946)
[M::mem_pestat] mean and std.dev: (822.64, 662.39)
[M::mem_pestat] low and high boundaries for proper pairs: (1, 5165)
[M::mem_pestat] skip orientation FF
[M::mem_pestat] skip orientation RF
[M::mem_pestat] skip orientation RR
[M::process] read 1066668 sequences (160000200 bp)...
[M::mem_process_seqs] Processed 1066668 reads in 882.110 CPU sec, 58.178 real sec
[M::mem_pestat] # candidate unique pairs for (FF, FR, RF, RR): (35, 221464, 111, 38)
[M::mem_pestat] analyzing insert size distribution for orientation FF...
[M::mem_pestat] (25, 50, 75) percentile: (273, 514, 2008)
[M::mem_pestat] low and high boundaries for computing mean and std.dev: (1, 5478)
[M::mem_pestat] mean and std.dev: (1235.65, 1140.46)
[M::mem_pestat] low and high boundaries for proper pairs: (1, 7213)
[M::mem_pestat] analyzing insert size distribution for orientation FR...
[M::mem_pestat] (25, 50, 75) percentile: (271, 350, 449)
[M::mem_pestat] low and high boundaries for computing mean and std.dev: (1, 805)
[M::mem_pestat] mean and std.dev: (361.41, 132.45)
[M::mem_pestat] low and high boundaries for proper pairs: (1, 983)
[M::mem_pestat] analyzing insert size distribution for orientation RF...
[M::mem_pestat] (25, 50, 75) percentile: (310, 1357, 5297)
[M::mem_pestat] low and high boundaries for computing mean and std.dev: (1, 15271)
[M::mem_pestat] mean and std.dev: (2921.42, 3027.40)
[M::mem_pestat] low and high boundaries for proper pairs: (1, 20258)
[M::mem_pestat] analyzing insert size distribution for orientation RR...
[M::mem_pestat] (25, 50, 75) percentile: (188, 516, 1012)
[M::mem_pestat] low and high boundaries for computing mean and std.dev: (1, 2660)
[M::mem_pestat] mean and std.dev: (641.89, 625.91)
[M::mem_pestat] low and high boundaries for proper pairs: (1, 3484)
[M::mem_pestat] skip orientation FF
[M::mem_pestat] skip orientation RF
[M::mem_pestat] skip orientation RR
[M::process] read 1066668 sequences (160000200 bp)...
[M::mem_process_seqs] Processed 1066668 reads in 879.005 CPU sec, 58.194 real sec
[M::mem_pestat] # candidate unique pairs for (FF, FR, RF, RR): (42, 220734, 69, 50)
[M::mem_pestat] analyzing insert size distribution for orientation FF...
[M::mem_pestat] (25, 50, 75) percentile: (338, 838, 1543)
[M::mem_pestat] low and high boundaries for computing mean and std.dev: (1, 3953)
[M::mem_pestat] mean and std.dev: (667.88, 519.97)
[M::mem_pestat] low and high boundaries for proper pairs: (1, 5158)
[M::mem_pestat] analyzing insert size distribution for orientation FR...
[M::mem_pestat] (25, 50, 75) percentile: (271, 349, 447)
[M::mem_pestat] low and high boundaries for computing mean and std.dev: (1, 799)
[M::mem_pestat] mean and std.dev: (359.96, 131.65)
[M::mem_pestat] low and high boundaries for proper pairs: (1, 975)
[M::mem_pestat] analyzing insert size distribution for orientation RF...
[M::mem_pestat] (25, 50, 75) percentile: (412, 2049, 5187)
[M::mem_pestat] low and high boundaries for computing mean and std.dev: (1, 14737)
[M::mem_pestat] mean and std.dev: (3076.88, 3051.83)
[M::mem_pestat] low and high boundaries for proper pairs: (1, 19512)
[M::mem_pestat] analyzing insert size distribution for orientation RR...
[M::mem_pestat] (25, 50, 75) percentile: (158, 420, 655)
[M::mem_pestat] low and high boundaries for computing mean and std.dev: (1, 1649)
[M::mem_pestat] mean and std.dev: (350.76, 230.94)
[M::mem_pestat] low and high boundaries for proper pairs: (1, 2146)
[M::mem_pestat] skip orientation FF
[M::mem_pestat] skip orientation RF
[M::mem_pestat] skip orientation RR
[M::process] read 1066668 sequences (160000200 bp)...
[M::mem_process_seqs] Processed 1066668 reads in 880.388 CPU sec, 58.475 real sec
[M::mem_pestat] # candidate unique pairs for (FF, FR, RF, RR): (27, 220721, 73, 38)
[M::mem_pestat] analyzing insert size distribution for orientation FF...
[M::mem_pestat] (25, 50, 75) percentile: (335, 1258, 2382)
[M::mem_pestat] low and high boundaries for computing mean and std.dev: (1, 6476)
[M::mem_pestat] mean and std.dev: (1340.13, 1505.32)
[M::mem_pestat] low and high boundaries for proper pairs: (1, 8523)
[M::mem_pestat] analyzing insert size distribution for orientation FR...
[M::mem_pestat] (25, 50, 75) percentile: (269, 347, 446)
[M::mem_pestat] low and high boundaries for computing mean and std.dev: (1, 800)
[M::mem_pestat] mean and std.dev: (359.14, 132.55)
[M::mem_pestat] low and high boundaries for proper pairs: (1, 977)
[M::mem_pestat] analyzing insert size distribution for orientation RF...
[M::mem_pestat] (25, 50, 75) percentile: (428, 2049, 7052)
[M::mem_pestat] low and high boundaries for computing mean and std.dev: (1, 20300)
[M::mem_pestat] mean and std.dev: (3456.81, 3471.72)
[M::mem_pestat] low and high boundaries for proper pairs: (1, 26924)
[M::mem_pestat] analyzing insert size distribution for orientation RR...
[M::mem_pestat] (25, 50, 75) percentile: (220, 480, 1478)
[M::mem_pestat] low and high boundaries for computing mean and std.dev: (1, 3994)
[M::mem_pestat] mean and std.dev: (807.92, 822.02)
[M::mem_pestat] low and high boundaries for proper pairs: (1, 5252)
[M::mem_pestat] skip orientation FF
[M::mem_pestat] skip orientation RF
[M::mem_pestat] skip orientation RR
[M::process] read 1066668 sequences (160000200 bp)...
[M::mem_process_seqs] Processed 1066668 reads in 884.909 CPU sec, 58.305 real sec
[M::mem_pestat] # candidate unique pairs for (FF, FR, RF, RR): (33, 219935, 79, 36)
[M::mem_pestat] analyzing insert size distribution for orientation FF...
[M::mem_pestat] (25, 50, 75) percentile: (236, 612, 1239)
[M::mem_pestat] low and high boundaries for computing mean and std.dev: (1, 3245)
[M::mem_pestat] mean and std.dev: (587.04, 468.14)
[M::mem_pestat] low and high boundaries for proper pairs: (1, 4248)
[M::mem_pestat] analyzing insert size distribution for orientation FR...
[M::mem_pestat] (25, 50, 75) percentile: (267, 346, 444)
[M::mem_pestat] low and high boundaries for computing mean and std.dev: (1, 798)
[M::mem_pestat] mean and std.dev: (357.07, 132.10)
[M::mem_pestat] low and high boundaries for proper pairs: (1, 975)
[M::mem_pestat] analyzing insert size distribution for orientation RF...
[M::mem_pestat] (25, 50, 75) percentile: (168, 368, 2222)
[M::mem_pestat] low and high boundaries for computing mean and std.dev: (1, 6330)
[M::mem_pestat] mean and std.dev: (900.48, 1328.16)
[M::mem_pestat] low and high boundaries for proper pairs: (1, 8384)
[M::mem_pestat] analyzing insert size distribution for orientation RR...
[M::mem_pestat] (25, 50, 75) percentile: (197, 295, 732)
[M::mem_pestat] low and high boundaries for computing mean and std.dev: (1, 1802)
[M::mem_pestat] mean and std.dev: (384.77, 321.31)
[M::mem_pestat] low and high boundaries for proper pairs: (1, 2337)
[M::mem_pestat] skip orientation FF
[M::mem_pestat] skip orientation RF
[M::mem_pestat] skip orientation RR
[M::process] read 1066668 sequences (160000200 bp)...
[M::mem_process_seqs] Processed 1066668 reads in 890.861 CPU sec, 58.442 real sec
[M::mem_pestat] # candidate unique pairs for (FF, FR, RF, RR): (34, 221077, 87, 33)
[M::mem_pestat] analyzing insert size distribution for orientation FF...
[M::mem_pestat] (25, 50, 75) percentile: (344, 886, 5019)
[M::mem_pestat] low and high boundaries for computing mean and std.dev: (1, 14369)
[M::mem_pestat] mean and std.dev: (2550.09, 2894.31)
[M::mem_pestat] low and high boundaries for proper pairs: (1, 19044)
[M::mem_pestat] analyzing insert size distribution for orientation FR...
[M::mem_pestat] (25, 50, 75) percentile: (266, 344, 442)
[M::mem_pestat] low and high boundaries for computing mean and std.dev: (1, 794)
[M::mem_pestat] mean and std.dev: (355.69, 131.53)
[M::mem_pestat] low and high boundaries for proper pairs: (1, 970)
[M::mem_pestat] analyzing insert size distribution for orientation RF...
[M::mem_pestat] (25, 50, 75) percentile: (441, 1292, 5330)
[M::mem_pestat] low and high boundaries for computing mean and std.dev: (1, 15108)
[M::mem_pestat] mean and std.dev: (2950.54, 3241.87)
[M::mem_pestat] low and high boundaries for proper pairs: (1, 19997)
[M::mem_pestat] analyzing insert size distribution for orientation RR...
[M::mem_pestat] (25, 50, 75) percentile: (409, 608, 1911)
[M::mem_pestat] low and high boundaries for computing mean and std.dev: (1, 4915)
[M::mem_pestat] mean and std.dev: (1031.87, 1012.09)
[M::mem_pestat] low and high boundaries for proper pairs: (1, 6417)
[M::mem_pestat] skip orientation FF
[M::mem_pestat] skip orientation RF
[M::mem_pestat] skip orientation RR
[M::mem_process_seqs] Processed 1066668 reads in 910.079 CPU sec, 61.593 real sec
[M::process] read 1066668 sequences (160000200 bp)...
[M::mem_pestat] # candidate unique pairs for (FF, FR, RF, RR): (36, 220432, 73, 31)
[M::mem_pestat] analyzing insert size distribution for orientation FF...
[M::mem_pestat] (25, 50, 75) percentile: (350, 549, 1633)
[M::mem_pestat] low and high boundaries for computing mean and std.dev: (1, 4199)
[M::mem_pestat] mean and std.dev: (814.79, 741.13)
[M::mem_pestat] low and high boundaries for proper pairs: (1, 5482)
[M::mem_pestat] analyzing insert size distribution for orientation FR...
[M::mem_pestat] (25, 50, 75) percentile: (269, 347, 444)
[M::mem_pestat] low and high boundaries for computing mean and std.dev: (1, 794)
[M::mem_pestat] mean and std.dev: (357.57, 131.70)
[M::mem_pestat] low and high boundaries for proper pairs: (1, 969)
[M::mem_pestat] analyzing insert size distribution for orientation RF...
[M::mem_pestat] (25, 50, 75) percentile: (292, 1322, 4042)
[M::mem_pestat] low and high boundaries for computing mean and std.dev: (1, 11542)
[M::mem_pestat] mean and std.dev: (2485.52, 2774.08)
[M::mem_pestat] low and high boundaries for proper pairs: (1, 15292)
[M::mem_pestat] analyzing insert size distribution for orientation RR...
[M::mem_pestat] (25, 50, 75) percentile: (228, 428, 1605)
[M::mem_pestat] low and high boundaries for computing mean and std.dev: (1, 4359)
[M::mem_pestat] mean and std.dev: (866.62, 903.21)
[M::mem_pestat] low and high boundaries for proper pairs: (1, 5736)
[M::mem_pestat] skip orientation FF
[M::mem_pestat] skip orientation RF
[M::mem_pestat] skip orientation RR
[M::process] read 1066668 sequences (160000200 bp)...
[M::mem_process_seqs] Processed 1066668 reads in 876.475 CPU sec, 57.149 real sec
[M::mem_pestat] # candidate unique pairs for (FF, FR, RF, RR): (36, 221065, 72, 27)
[M::mem_pestat] analyzing insert size distribution for orientation FF...
[M::mem_pestat] (25, 50, 75) percentile: (210, 847, 2033)
[M::mem_pestat] low and high boundaries for computing mean and std.dev: (1, 5679)
[M::mem_pestat] mean and std.dev: (888.82, 761.36)
[M::mem_pestat] low and high boundaries for proper pairs: (1, 7502)
[M::mem_pestat] analyzing insert size distribution for orientation FR...
[M::mem_pestat] (25, 50, 75) percentile: (274, 354, 454)
[M::mem_pestat] low and high boundaries for computing mean and std.dev: (1, 814)
[M::mem_pestat] mean and std.dev: (364.31, 134.30)
[M::mem_pestat] low and high boundaries for proper pairs: (1, 994)
[M::mem_pestat] analyzing insert size distribution for orientation RF...
[M::mem_pestat] (25, 50, 75) percentile: (244, 1524, 5223)
[M::mem_pestat] low and high boundaries for computing mean and std.dev: (1, 15181)
[M::mem_pestat] mean and std.dev: (2800.35, 3188.34)
[M::mem_pestat] low and high boundaries for proper pairs: (1, 20160)
[M::mem_pestat] analyzing insert size distribution for orientation RR...
[M::mem_pestat] (25, 50, 75) percentile: (473, 975, 4374)
[M::mem_pestat] low and high boundaries for computing mean and std.dev: (1, 12176)
[M::mem_pestat] mean and std.dev: (2207.33, 2183.19)
[M::mem_pestat] low and high boundaries for proper pairs: (1, 16077)
[M::mem_pestat] skip orientation FF
[M::mem_pestat] skip orientation RF
[M::mem_pestat] skip orientation RR
[M::process] read 1066668 sequences (160000200 bp)...
[M::mem_process_seqs] Processed 1066668 reads in 869.341 CPU sec, 57.474 real sec
[M::mem_pestat] # candidate unique pairs for (FF, FR, RF, RR): (29, 220822, 91, 30)
[M::mem_pestat] analyzing insert size distribution for orientation FF...
[M::mem_pestat] (25, 50, 75) percentile: (290, 1176, 3036)
[M::mem_pestat] low and high boundaries for computing mean and std.dev: (1, 8528)
[M::mem_pestat] mean and std.dev: (1586.36, 1477.04)
[M::mem_pestat] low and high boundaries for proper pairs: (1, 11274)
[M::mem_pestat] analyzing insert size distribution for orientation FR...
[M::mem_pestat] (25, 50, 75) percentile: (272, 352, 448)
[M::mem_pestat] low and high boundaries for computing mean and std.dev: (1, 800)
[M::mem_pestat] mean and std.dev: (361.61, 131.82)
[M::mem_pestat] low and high boundaries for proper pairs: (1, 976)
[M::mem_pestat] analyzing insert size distribution for orientation RF...
[M::mem_pestat] (25, 50, 75) percentile: (441, 1990, 6859)
[M::mem_pestat] low and high boundaries for computing mean and std.dev: (1, 19695)
[M::mem_pestat] mean and std.dev: (3372.43, 3375.01)
[M::mem_pestat] low and high boundaries for proper pairs: (1, 26113)
[M::mem_pestat] analyzing insert size distribution for orientation RR...
[M::mem_pestat] (25, 50, 75) percentile: (217, 374, 3535)
[M::mem_pestat] low and high boundaries for computing mean and std.dev: (1, 10171)
[M::mem_pestat] mean and std.dev: (1852.07, 1974.29)
[M::mem_pestat] low and high boundaries for proper pairs: (1, 13489)
[M::mem_pestat] skip orientation FF
[M::mem_pestat] skip orientation RF
[M::mem_pestat] skip orientation RR
[M::process] read 1066668 sequences (160000200 bp)...
[M::mem_process_seqs] Processed 1066668 reads in 873.193 CPU sec, 58.001 real sec
[M::mem_pestat] # candidate unique pairs for (FF, FR, RF, RR): (42, 221273, 86, 54)
[M::mem_pestat] analyzing insert size distribution for orientation FF...
[M::mem_pestat] (25, 50, 75) percentile: (225, 684, 1153)
[M::mem_pestat] low and high boundaries for computing mean and std.dev: (1, 3009)
[M::mem_pestat] mean and std.dev: (638.03, 542.76)
[M::mem_pestat] low and high boundaries for proper pairs: (1, 3937)
[M::mem_pestat] analyzing insert size distribution for orientation FR...
[M::mem_pestat] (25, 50, 75) percentile: (269, 347, 447)
[M::mem_pestat] low and high boundaries for computing mean and std.dev: (1, 803)
[M::mem_pestat] mean and std.dev: (359.17, 133.16)
[M::mem_pestat] low and high boundaries for proper pairs: (1, 981)
[M::mem_pestat] analyzing insert size distribution for orientation RF...
[M::mem_pestat] (25, 50, 75) percentile: (195, 1296, 5157)
[M::mem_pestat] low and high boundaries for computing mean and std.dev: (1, 15081)
[M::mem_pestat] mean and std.dev: (2507.12, 2989.50)
[M::mem_pestat] low and high boundaries for proper pairs: (1, 20043)
[M::mem_pestat] analyzing insert size distribution for orientation RR...
[M::mem_pestat] (25, 50, 75) percentile: (286, 495, 902)
[M::mem_pestat] low and high boundaries for computing mean and std.dev: (1, 2134)
[M::mem_pestat] mean and std.dev: (565.90, 414.83)
[M::mem_pestat] low and high boundaries for proper pairs: (1, 2750)
[M::mem_pestat] skip orientation FF
[M::mem_pestat] skip orientation RF
[M::mem_pestat] skip orientation RR
[M::process] read 1066668 sequences (160000200 bp)...
[M::mem_process_seqs] Processed 1066668 reads in 887.041 CPU sec, 58.835 real sec
[M::mem_pestat] # candidate unique pairs for (FF, FR, RF, RR): (30, 220783, 86, 29)
[M::mem_pestat] analyzing insert size distribution for orientation FF...
[M::mem_pestat] (25, 50, 75) percentile: (279, 743, 1601)
[M::mem_pestat] low and high boundaries for computing mean and std.dev: (1, 4245)
[M::mem_pestat] mean and std.dev: (654.17, 561.69)
[M::mem_pestat] low and high boundaries for proper pairs: (1, 5567)
[M::mem_pestat] analyzing insert size distribution for orientation FR...
[M::mem_pestat] (25, 50, 75) percentile: (267, 347, 445)
[M::mem_pestat] low and high boundaries for computing mean and std.dev: (1, 801)
[M::mem_pestat] mean and std.dev: (357.91, 132.97)
[M::mem_pestat] low and high boundaries for proper pairs: (1, 979)
[M::mem_pestat] analyzing insert size distribution for orientation RF...
[M::mem_pestat] (25, 50, 75) percentile: (222, 829, 5477)
[M::mem_pestat] low and high boundaries for computing mean and std.dev: (1, 15987)
[M::mem_pestat] mean and std.dev: (2774.67, 3103.54)
[M::mem_pestat] low and high boundaries for proper pairs: (1, 21242)
[M::mem_pestat] analyzing insert size distribution for orientation RR...
[M::mem_pestat] (25, 50, 75) percentile: (279, 631, 1989)
[M::mem_pestat] low and high boundaries for computing mean and std.dev: (1, 5409)
[M::mem_pestat] mean and std.dev: (1163.25, 1159.65)
[M::mem_pestat] low and high boundaries for proper pairs: (1, 7119)
[M::mem_pestat] skip orientation FF
[M::mem_pestat] skip orientation RF
[M::mem_pestat] skip orientation RR
[M::process] read 1066668 sequences (160000200 bp)...
[M::mem_process_seqs] Processed 1066668 reads in 890.241 CPU sec, 59.038 real sec
[M::mem_pestat] # candidate unique pairs for (FF, FR, RF, RR): (28, 220905, 60, 30)
[M::mem_pestat] analyzing insert size distribution for orientation FF...
[M::mem_pestat] (25, 50, 75) percentile: (296, 564, 1019)
[M::mem_pestat] low and high boundaries for computing mean and std.dev: (1, 2465)
[M::mem_pestat] mean and std.dev: (658.96, 533.81)
[M::mem_pestat] low and high boundaries for proper pairs: (1, 3188)
[M::mem_pestat] analyzing insert size distribution for orientation FR...
[M::mem_pestat] (25, 50, 75) percentile: (269, 349, 447)
[M::mem_pestat] low and high boundaries for computing mean and std.dev: (1, 803)
[M::mem_pestat] mean and std.dev: (359.88, 133.25)
[M::mem_pestat] low and high boundaries for proper pairs: (1, 981)
[M::mem_pestat] analyzing insert size distribution for orientation RF...
[M::mem_pestat] (25, 50, 75) percentile: (653, 1290, 3934)
[M::mem_pestat] low and high boundaries for computing mean and std.dev: (1, 10496)
[M::mem_pestat] mean and std.dev: (2588.10, 2674.42)
[M::mem_pestat] low and high boundaries for proper pairs: (1, 13777)
[M::mem_pestat] analyzing insert size distribution for orientation RR...
[M::mem_pestat] (25, 50, 75) percentile: (327, 835, 1872)
[M::mem_pestat] low and high boundaries for computing mean and std.dev: (1, 4962)
[M::mem_pestat] mean and std.dev: (1050.64, 943.23)
[M::mem_pestat] low and high boundaries for proper pairs: (1, 6507)
[M::mem_pestat] skip orientation FF
[M::mem_pestat] skip orientation RF
[M::mem_pestat] skip orientation RR
[M::process] read 1066668 sequences (160000200 bp)...
[M::mem_process_seqs] Processed 1066668 reads in 881.578 CPU sec, 58.732 real sec
[M::mem_pestat] # candidate unique pairs for (FF, FR, RF, RR): (33, 220208, 83, 31)
[M::mem_pestat] analyzing insert size distribution for orientation FF...
[M::mem_pestat] (25, 50, 75) percentile: (310, 1039, 1906)
[M::mem_pestat] low and high boundaries for computing mean and std.dev: (1, 5098)
[M::mem_pestat] mean and std.dev: (995.14, 751.93)
[M::mem_pestat] low and high boundaries for proper pairs: (1, 6694)
[M::mem_pestat] analyzing insert size distribution for orientation FR...
[M::mem_pestat] (25, 50, 75) percentile: (268, 346, 446)
[M::mem_pestat] low and high boundaries for computing mean and std.dev: (1, 802)
[M::mem_pestat] mean and std.dev: (358.50, 132.91)
[M::mem_pestat] low and high boundaries for proper pairs: (1, 980)
[M::mem_pestat] analyzing insert size distribution for orientation RF...
[M::mem_pestat] (25, 50, 75) percentile: (291, 935, 3758)
[M::mem_pestat] low and high boundaries for computing mean and std.dev: (1, 10692)
[M::mem_pestat] mean and std.dev: (2398.00, 2858.54)
[M::mem_pestat] low and high boundaries for proper pairs: (1, 14159)
[M::mem_pestat] analyzing insert size distribution for orientation RR...
[M::mem_pestat] (25, 50, 75) percentile: (254, 521, 743)
[M::mem_pestat] low and high boundaries for computing mean and std.dev: (1, 1721)
[M::mem_pestat] mean and std.dev: (460.07, 287.06)
[M::mem_pestat] low and high boundaries for proper pairs: (1, 2210)
[M::mem_pestat] skip orientation FF
[M::mem_pestat] skip orientation RF
[M::mem_pestat] skip orientation RR
[M::process] read 1066668 sequences (160000200 bp)...
[M::mem_process_seqs] Processed 1066668 reads in 891.517 CPU sec, 59.056 real sec
[M::mem_pestat] # candidate unique pairs for (FF, FR, RF, RR): (34, 220403, 71, 35)
[M::mem_pestat] analyzing insert size distribution for orientation FF...
[M::mem_pestat] (25, 50, 75) percentile: (212, 433, 2324)
[M::mem_pestat] low and high boundaries for computing mean and std.dev: (1, 6548)
[M::mem_pestat] mean and std.dev: (1316.30, 1898.36)
[M::mem_pestat] low and high boundaries for proper pairs: (1, 8910)
[M::mem_pestat] analyzing insert size distribution for orientation FR...
[M::mem_pestat] (25, 50, 75) percentile: (267, 346, 445)
[M::mem_pestat] low and high boundaries for computing mean and std.dev: (1, 801)
[M::mem_pestat] mean and std.dev: (358.06, 133.26)
[M::mem_pestat] low and high boundaries for proper pairs: (1, 979)
[M::mem_pestat] analyzing insert size distribution for orientation RF...
[M::mem_pestat] (25, 50, 75) percentile: (388, 886, 3565)
[M::mem_pestat] low and high boundaries for computing mean and std.dev: (1, 9919)
[M::mem_pestat] mean and std.dev: (2289.69, 2787.22)
[M::mem_pestat] low and high boundaries for proper pairs: (1, 13439)
[M::mem_pestat] analyzing insert size distribution for orientation RR...
[M::mem_pestat] (25, 50, 75) percentile: (514, 912, 2507)
[M::mem_pestat] low and high boundaries for computing mean and std.dev: (1, 6493)
[M::mem_pestat] mean and std.dev: (1666.94, 1586.69)
[M::mem_pestat] low and high boundaries for proper pairs: (1, 8486)
[M::mem_pestat] skip orientation FF
[M::mem_pestat] skip orientation RF
[M::mem_pestat] skip orientation RR
[M::process] read 1066668 sequences (160000200 bp)...
[M::mem_process_seqs] Processed 1066668 reads in 891.790 CPU sec, 58.826 real sec
[M::mem_pestat] # candidate unique pairs for (FF, FR, RF, RR): (35, 220003, 65, 28)
[M::mem_pestat] analyzing insert size distribution for orientation FF...
[M::mem_pestat] (25, 50, 75) percentile: (195, 334, 762)
[M::mem_pestat] low and high boundaries for computing mean and std.dev: (1, 1896)
[M::mem_pestat] mean and std.dev: (357.86, 227.70)
[M::mem_pestat] low and high boundaries for proper pairs: (1, 2463)
[M::mem_pestat] analyzing insert size distribution for orientation FR...
[M::mem_pestat] (25, 50, 75) percentile: (268, 345, 443)
[M::mem_pestat] low and high boundaries for computing mean and std.dev: (1, 793)
[M::mem_pestat] mean and std.dev: (357.40, 132.17)
[M::mem_pestat] low and high boundaries for proper pairs: (1, 968)
[M::mem_pestat] analyzing insert size distribution for orientation RF...
[M::mem_pestat] (25, 50, 75) percentile: (508, 1923, 5203)
[M::mem_pestat] low and high boundaries for computing mean and std.dev: (1, 14593)
[M::mem_pestat] mean and std.dev: (3145.77, 3270.58)
[M::mem_pestat] low and high boundaries for proper pairs: (1, 19288)
[M::mem_pestat] analyzing insert size distribution for orientation RR...
[M::mem_pestat] (25, 50, 75) percentile: (250, 490, 1079)
[M::mem_pestat] low and high boundaries for computing mean and std.dev: (1, 2737)
[M::mem_pestat] mean and std.dev: (553.50, 508.66)
[M::mem_pestat] low and high boundaries for proper pairs: (1, 3566)
[M::mem_pestat] skip orientation FF
[M::mem_pestat] skip orientation RF
[M::mem_pestat] skip orientation RR
[M::process] read 1066668 sequences (160000200 bp)...
[M::mem_process_seqs] Processed 1066668 reads in 884.409 CPU sec, 58.291 real sec
[M::mem_pestat] # candidate unique pairs for (FF, FR, RF, RR): (50, 220134, 55, 43)
[M::mem_pestat] analyzing insert size distribution for orientation FF...
[M::mem_pestat] (25, 50, 75) percentile: (303, 393, 1210)
[M::mem_pestat] low and high boundaries for computing mean and std.dev: (1, 3024)
[M::mem_pestat] mean and std.dev: (676.02, 677.42)
[M::mem_pestat] low and high boundaries for proper pairs: (1, 3931)
[M::mem_pestat] analyzing insert size distribution for orientation FR...
[M::mem_pestat] (25, 50, 75) percentile: (267, 345, 441)
[M::mem_pestat] low and high boundaries for computing mean and std.dev: (1, 789)
[M::mem_pestat] mean and std.dev: (355.88, 130.95)
[M::mem_pestat] low and high boundaries for proper pairs: (1, 963)
[M::mem_pestat] analyzing insert size distribution for orientation RF...
[M::mem_pestat] (25, 50, 75) percentile: (362, 1613, 6360)
[M::mem_pestat] low and high boundaries for computing mean and std.dev: (1, 18356)
[M::mem_pestat] mean and std.dev: (2885.18, 2978.77)
[M::mem_pestat] low and high boundaries for proper pairs: (1, 24354)
[M::mem_pestat] analyzing insert size distribution for orientation RR...
[M::mem_pestat] (25, 50, 75) percentile: (337, 1339, 4020)
[M::mem_pestat] low and high boundaries for computing mean and std.dev: (1, 11386)
[M::mem_pestat] mean and std.dev: (1907.86, 1741.84)
[M::mem_pestat] low and high boundaries for proper pairs: (1, 15069)
[M::mem_pestat] skip orientation FF
[M::mem_pestat] skip orientation RF
[M::mem_pestat] skip orientation RR
[M::process] read 1066668 sequences (160000200 bp)...
[M::mem_process_seqs] Processed 1066668 reads in 877.390 CPU sec, 58.289 real sec
[M::mem_pestat] # candidate unique pairs for (FF, FR, RF, RR): (34, 220109, 82, 38)
[M::mem_pestat] analyzing insert size distribution for orientation FF...
[M::mem_pestat] (25, 50, 75) percentile: (326, 361, 452)
[M::mem_pestat] low and high boundaries for computing mean and std.dev: (74, 704)
[M::mem_pestat] mean and std.dev: (344.41, 107.64)
[M::mem_pestat] low and high boundaries for proper pairs: (1, 830)
[M::mem_pestat] analyzing insert size distribution for orientation FR...
[M::mem_pestat] (25, 50, 75) percentile: (272, 352, 449)
[M::mem_pestat] low and high boundaries for computing mean and std.dev: (1, 803)
[M::mem_pestat] mean and std.dev: (361.85, 132.81)
[M::mem_pestat] low and high boundaries for proper pairs: (1, 980)
[M::mem_pestat] analyzing insert size distribution for orientation RF...
[M::mem_pestat] (25, 50, 75) percentile: (161, 568, 5423)
[M::mem_pestat] low and high boundaries for computing mean and std.dev: (1, 15947)
[M::mem_pestat] mean and std.dev: (2507.96, 3127.26)
[M::mem_pestat] low and high boundaries for proper pairs: (1, 21209)
[M::mem_pestat] analyzing insert size distribution for orientation RR...
[M::mem_pestat] (25, 50, 75) percentile: (322, 533, 1665)
[M::mem_pestat] low and high boundaries for computing mean and std.dev: (1, 4351)
[M::mem_pestat] mean and std.dev: (913.45, 822.81)
[M::mem_pestat] low and high boundaries for proper pairs: (1, 5694)
[M::mem_pestat] skip orientation FF
[M::mem_pestat] skip orientation RF
[M::mem_pestat] skip orientation RR
[M::process] read 1066668 sequences (160000200 bp)...
[M::mem_process_seqs] Processed 1066668 reads in 868.283 CPU sec, 57.235 real sec
[M::mem_pestat] # candidate unique pairs for (FF, FR, RF, RR): (32, 221214, 85, 26)
[M::mem_pestat] analyzing insert size distribution for orientation FF...
[M::mem_pestat] (25, 50, 75) percentile: (206, 339, 1336)
[M::mem_pestat] low and high boundaries for computing mean and std.dev: (1, 3596)
[M::mem_pestat] mean and std.dev: (597.86, 598.25)
[M::mem_pestat] low and high boundaries for proper pairs: (1, 4726)
[M::mem_pestat] analyzing insert size distribution for orientation FR...
[M::mem_pestat] (25, 50, 75) percentile: (273, 352, 448)
[M::mem_pestat] low and high boundaries for computing mean and std.dev: (1, 798)
[M::mem_pestat] mean and std.dev: (361.32, 131.21)
[M::mem_pestat] low and high boundaries for proper pairs: (1, 973)
[M::mem_pestat] analyzing insert size distribution for orientation RF...
[M::mem_pestat] (25, 50, 75) percentile: (251, 1229, 3626)
[M::mem_pestat] low and high boundaries for computing mean and std.dev: (1, 10376)
[M::mem_pestat] mean and std.dev: (2372.93, 2892.51)
[M::mem_pestat] low and high boundaries for proper pairs: (1, 13943)
[M::mem_pestat] analyzing insert size distribution for orientation RR...
[M::mem_pestat] (25, 50, 75) percentile: (300, 372, 1507)
[M::mem_pestat] low and high boundaries for computing mean and std.dev: (1, 3921)
[M::mem_pestat] mean and std.dev: (1029.72, 1140.35)
[M::mem_pestat] low and high boundaries for proper pairs: (1, 5591)
[M::mem_pestat] skip orientation FF
[M::mem_pestat] skip orientation RF
[M::mem_pestat] skip orientation RR
[M::process] read 1066668 sequences (160000200 bp)...
[M::mem_process_seqs] Processed 1066668 reads in 866.227 CPU sec, 56.927 real sec
[M::mem_pestat] # candidate unique pairs for (FF, FR, RF, RR): (30, 221771, 76, 32)
[M::mem_pestat] analyzing insert size distribution for orientation FF...
[M::mem_pestat] (25, 50, 75) percentile: (188, 451, 1634)
[M::mem_pestat] low and high boundaries for computing mean and std.dev: (1, 4526)
[M::mem_pestat] mean and std.dev: (845.07, 913.60)
[M::mem_pestat] low and high boundaries for proper pairs: (1, 5972)
[M::mem_pestat] analyzing insert size distribution for orientation FR...
[M::mem_pestat] (25, 50, 75) percentile: (270, 348, 444)
[M::mem_pestat] low and high boundaries for computing mean and std.dev: (1, 792)
[M::mem_pestat] mean and std.dev: (358.11, 131.26)
[M::mem_pestat] low and high boundaries for proper pairs: (1, 966)
[M::mem_pestat] analyzing insert size distribution for orientation RF...
[M::mem_pestat] (25, 50, 75) percentile: (258, 783, 4205)
[M::mem_pestat] low and high boundaries for computing mean and std.dev: (1, 12099)
[M::mem_pestat] mean and std.dev: (2243.46, 2889.11)
[M::mem_pestat] low and high boundaries for proper pairs: (1, 16046)
[M::mem_pestat] analyzing insert size distribution for orientation RR...
[M::mem_pestat] (25, 50, 75) percentile: (224, 330, 755)
[M::mem_pestat] low and high boundaries for computing mean and std.dev: (1, 1817)
[M::mem_pestat] mean and std.dev: (475.30, 395.82)
[M::mem_pestat] low and high boundaries for proper pairs: (1, 2348)
[M::mem_pestat] skip orientation FF
[M::mem_pestat] skip orientation RF
[M::mem_pestat] skip orientation RR
[M::process] read 1066668 sequences (160000200 bp)...
[M::mem_process_seqs] Processed 1066668 reads in 860.149 CPU sec, 57.432 real sec
[M::mem_pestat] # candidate unique pairs for (FF, FR, RF, RR): (37, 221075, 76, 24)
[M::mem_pestat] analyzing insert size distribution for orientation FF...
[M::mem_pestat] (25, 50, 75) percentile: (233, 348, 1675)
[M::mem_pestat] low and high boundaries for computing mean and std.dev: (1, 4559)
[M::mem_pestat] mean and std.dev: (820.50, 1091.73)
[M::mem_pestat] low and high boundaries for proper pairs: (1, 6001)
[M::mem_pestat] analyzing insert size distribution for orientation FR...
[M::mem_pestat] (25, 50, 75) percentile: (272, 351, 449)
[M::mem_pestat] low and high boundaries for computing mean and std.dev: (1, 803)
[M::mem_pestat] mean and std.dev: (361.71, 132.54)
[M::mem_pestat] low and high boundaries for proper pairs: (1, 980)
[M::mem_pestat] analyzing insert size distribution for orientation RF...
[M::mem_pestat] (25, 50, 75) percentile: (302, 1369, 6412)
[M::mem_pestat] low and high boundaries for computing mean and std.dev: (1, 18632)
[M::mem_pestat] mean and std.dev: (2899.22, 2985.84)
[M::mem_pestat] low and high boundaries for proper pairs: (1, 24742)
[M::mem_pestat] analyzing insert size distribution for orientation RR...
[M::mem_pestat] (25, 50, 75) percentile: (524, 1339, 4972)
[M::mem_pestat] low and high boundaries for computing mean and std.dev: (1, 13868)
[M::mem_pestat] mean and std.dev: (2429.75, 2466.15)
[M::mem_pestat] low and high boundaries for proper pairs: (1, 18316)
[M::mem_pestat] skip orientation FF
[M::mem_pestat] skip orientation RF
[M::mem_pestat] skip orientation RR
[M::process] read 1066668 sequences (160000200 bp)...
[M::mem_process_seqs] Processed 1066668 reads in 872.466 CPU sec, 57.505 real sec
[M::mem_pestat] # candidate unique pairs for (FF, FR, RF, RR): (38, 220965, 86, 40)
[M::mem_pestat] analyzing insert size distribution for orientation FF...
[M::mem_pestat] (25, 50, 75) percentile: (195, 366, 534)
[M::mem_pestat] low and high boundaries for computing mean and std.dev: (1, 1212)
[M::mem_pestat] mean and std.dev: (366.91, 237.24)
[M::mem_pestat] low and high boundaries for proper pairs: (1, 1551)
[M::mem_pestat] analyzing insert size distribution for orientation FR...
[M::mem_pestat] (25, 50, 75) percentile: (269, 348, 444)
[M::mem_pestat] low and high boundaries for computing mean and std.dev: (1, 794)
[M::mem_pestat] mean and std.dev: (357.96, 131.49)
[M::mem_pestat] low and high boundaries for proper pairs: (1, 969)
[M::mem_pestat] analyzing insert size distribution for orientation RF...
[M::mem_pestat] (25, 50, 75) percentile: (153, 812, 3205)
[M::mem_pestat] low and high boundaries for computing mean and std.dev: (1, 9309)
[M::mem_pestat] mean and std.dev: (2143.22, 2749.25)
[M::mem_pestat] low and high boundaries for proper pairs: (1, 13140)
[M::mem_pestat] analyzing insert size distribution for orientation RR...
[M::mem_pestat] (25, 50, 75) percentile: (173, 490, 892)
[M::mem_pestat] low and high boundaries for computing mean and std.dev: (1, 2330)
[M::mem_pestat] mean and std.dev: (555.70, 607.32)
[M::mem_pestat] low and high boundaries for proper pairs: (1, 3049)
[M::mem_pestat] skip orientation FF
[M::mem_pestat] skip orientation RF
[M::mem_pestat] skip orientation RR
[M::process] read 1066668 sequences (160000200 bp)...
[M::mem_process_seqs] Processed 1066668 reads in 882.022 CPU sec, 57.872 real sec
[M::mem_pestat] # candidate unique pairs for (FF, FR, RF, RR): (33, 220412, 71, 31)
[M::mem_pestat] analyzing insert size distribution for orientation FF...
[M::mem_pestat] (25, 50, 75) percentile: (169, 380, 2800)
[M::mem_pestat] low and high boundaries for computing mean and std.dev: (1, 8062)
[M::mem_pestat] mean and std.dev: (1283.59, 1730.48)
[M::mem_pestat] low and high boundaries for proper pairs: (1, 10693)
[M::mem_pestat] analyzing insert size distribution for orientation FR...
[M::mem_pestat] (25, 50, 75) percentile: (268, 345, 443)
[M::mem_pestat] low and high boundaries for computing mean and std.dev: (1, 793)
[M::mem_pestat] mean and std.dev: (356.92, 131.63)
[M::mem_pestat] low and high boundaries for proper pairs: (1, 968)
[M::mem_pestat] analyzing insert size distribution for orientation RF...
[M::mem_pestat] (25, 50, 75) percentile: (164, 664, 2938)
[M::mem_pestat] low and high boundaries for computing mean and std.dev: (1, 8486)
[M::mem_pestat] mean and std.dev: (1577.99, 2084.64)
[M::mem_pestat] low and high boundaries for proper pairs: (1, 11260)
[M::mem_pestat] analyzing insert size distribution for orientation RR...
[M::mem_pestat] (25, 50, 75) percentile: (331, 422, 1671)
[M::mem_pestat] low and high boundaries for computing mean and std.dev: (1, 4351)
[M::mem_pestat] mean and std.dev: (813.11, 922.84)
[M::mem_pestat] low and high boundaries for proper pairs: (1, 5691)
[M::mem_pestat] skip orientation FF
[M::mem_pestat] skip orientation RF
[M::mem_pestat] skip orientation RR
[M::process] read 1066668 sequences (160000200 bp)...
[M::mem_process_seqs] Processed 1066668 reads in 886.344 CPU sec, 59.011 real sec
[M::mem_pestat] # candidate unique pairs for (FF, FR, RF, RR): (38, 220453, 82, 36)
[M::mem_pestat] analyzing insert size distribution for orientation FF...
[M::mem_pestat] (25, 50, 75) percentile: (234, 585, 1615)
[M::mem_pestat] low and high boundaries for computing mean and std.dev: (1, 4377)
[M::mem_pestat] mean and std.dev: (804.97, 1089.18)
[M::mem_pestat] low and high boundaries for proper pairs: (1, 5758)
[M::mem_pestat] analyzing insert size distribution for orientation FR...
[M::mem_pestat] (25, 50, 75) percentile: (267, 345, 443)
[M::mem_pestat] low and high boundaries for computing mean and std.dev: (1, 795)
[M::mem_pestat] mean and std.dev: (357.09, 132.10)
[M::mem_pestat] low and high boundaries for proper pairs: (1, 971)
[M::mem_pestat] analyzing insert size distribution for orientation RF...
[M::mem_pestat] (25, 50, 75) percentile: (231, 1089, 4512)
[M::mem_pestat] low and high boundaries for computing mean and std.dev: (1, 13074)
[M::mem_pestat] mean and std.dev: (2643.40, 3049.66)
[M::mem_pestat] low and high boundaries for proper pairs: (1, 17355)
[M::mem_pestat] analyzing insert size distribution for orientation RR...
[M::mem_pestat] (25, 50, 75) percentile: (325, 493, 1687)
[M::mem_pestat] low and high boundaries for computing mean and std.dev: (1, 4411)
[M::mem_pestat] mean and std.dev: (869.25, 861.89)
[M::mem_pestat] low and high boundaries for proper pairs: (1, 5773)
[M::mem_pestat] skip orientation FF
[M::mem_pestat] skip orientation RF
[M::mem_pestat] skip orientation RR
[M::process] read 1066668 sequences (160000200 bp)...
[M::mem_process_seqs] Processed 1066668 reads in 889.038 CPU sec, 59.043 real sec
[M::mem_pestat] # candidate unique pairs for (FF, FR, RF, RR): (28, 220664, 62, 27)
[M::mem_pestat] analyzing insert size distribution for orientation FF...
[M::mem_pestat] (25, 50, 75) percentile: (269, 523, 919)
[M::mem_pestat] low and high boundaries for computing mean and std.dev: (1, 2219)
[M::mem_pestat] mean and std.dev: (521.21, 425.27)
[M::mem_pestat] low and high boundaries for proper pairs: (1, 2869)
[M::mem_pestat] analyzing insert size distribution for orientation FR...
[M::mem_pestat] (25, 50, 75) percentile: (265, 342, 441)
[M::mem_pestat] low and high boundaries for computing mean and std.dev: (1, 793)
[M::mem_pestat] mean and std.dev: (354.53, 132.11)
[M::mem_pestat] low and high boundaries for proper pairs: (1, 969)
[M::mem_pestat] analyzing insert size distribution for orientation RF...
[M::mem_pestat] (25, 50, 75) percentile: (545, 2722, 5224)
[M::mem_pestat] low and high boundaries for computing mean and std.dev: (1, 14582)
[M::mem_pestat] mean and std.dev: (3156.73, 2918.30)
[M::mem_pestat] low and high boundaries for proper pairs: (1, 19261)
[M::mem_pestat] analyzing insert size distribution for orientation RR...
[M::mem_pestat] (25, 50, 75) percentile: (229, 409, 714)
[M::mem_pestat] low and high boundaries for computing mean and std.dev: (1, 1684)
[M::mem_pestat] mean and std.dev: (388.00, 191.35)
[M::mem_pestat] low and high boundaries for proper pairs: (1, 2169)
[M::mem_pestat] skip orientation FF
[M::mem_pestat] skip orientation RF
[M::mem_pestat] skip orientation RR
[M::mem_process_seqs] Processed 1066668 reads in 896.684 CPU sec, 62.011 real sec
[M::process] read 1066668 sequences (160000200 bp)...
[M::mem_pestat] # candidate unique pairs for (FF, FR, RF, RR): (41, 219928, 76, 40)
[M::mem_pestat] analyzing insert size distribution for orientation FF...
[M::mem_pestat] (25, 50, 75) percentile: (230, 339, 1160)
[M::mem_pestat] low and high boundaries for computing mean and std.dev: (1, 3020)
[M::mem_pestat] mean and std.dev: (573.03, 640.29)
[M::mem_pestat] low and high boundaries for proper pairs: (1, 3950)
[M::mem_pestat] analyzing insert size distribution for orientation FR...
[M::mem_pestat] (25, 50, 75) percentile: (268, 348, 448)
[M::mem_pestat] low and high boundaries for computing mean and std.dev: (1, 808)
[M::mem_pestat] mean and std.dev: (359.63, 134.02)
[M::mem_pestat] low and high boundaries for proper pairs: (1, 988)
[M::mem_pestat] analyzing insert size distribution for orientation RF...
[M::mem_pestat] (25, 50, 75) percentile: (251, 1169, 5666)
[M::mem_pestat] low and high boundaries for computing mean and std.dev: (1, 16496)
[M::mem_pestat] mean and std.dev: (2803.09, 2950.90)
[M::mem_pestat] low and high boundaries for proper pairs: (1, 21911)
[M::mem_pestat] analyzing insert size distribution for orientation RR...
[M::mem_pestat] (25, 50, 75) percentile: (215, 315, 610)
[M::mem_pestat] low and high boundaries for computing mean and std.dev: (1, 1400)
[M::mem_pestat] mean and std.dev: (350.79, 257.09)
[M::mem_pestat] low and high boundaries for proper pairs: (1, 1795)
[M::mem_pestat] skip orientation FF
[M::mem_pestat] skip orientation RF
[M::mem_pestat] skip orientation RR
[M::process] read 1066668 sequences (160000200 bp)...
[M::mem_process_seqs] Processed 1066668 reads in 903.796 CPU sec, 58.887 real sec
[M::mem_pestat] # candidate unique pairs for (FF, FR, RF, RR): (34, 219141, 82, 35)
[M::mem_pestat] analyzing insert size distribution for orientation FF...
[M::mem_pestat] (25, 50, 75) percentile: (237, 384, 664)
[M::mem_pestat] low and high boundaries for computing mean and std.dev: (1, 1518)
[M::mem_pestat] mean and std.dev: (383.67, 256.03)
[M::mem_pestat] low and high boundaries for proper pairs: (1, 1945)
[M::mem_pestat] analyzing insert size distribution for orientation FR...
[M::mem_pestat] (25, 50, 75) percentile: (278, 369, 480)
[M::mem_pestat] low and high boundaries for computing mean and std.dev: (1, 884)
[M::mem_pestat] mean and std.dev: (379.82, 144.90)
[M::mem_pestat] low and high boundaries for proper pairs: (1, 1086)
[M::mem_pestat] analyzing insert size distribution for orientation RF...
[M::mem_pestat] (25, 50, 75) percentile: (283, 945, 3595)
[M::mem_pestat] low and high boundaries for computing mean and std.dev: (1, 10219)
[M::mem_pestat] mean and std.dev: (2433.35, 2864.15)
[M::mem_pestat] low and high boundaries for proper pairs: (1, 13890)
[M::mem_pestat] analyzing insert size distribution for orientation RR...
[M::mem_pestat] (25, 50, 75) percentile: (477, 726, 1452)
[M::mem_pestat] low and high boundaries for computing mean and std.dev: (1, 3402)
[M::mem_pestat] mean and std.dev: (930.03, 717.47)
[M::mem_pestat] low and high boundaries for proper pairs: (1, 4377)
[M::mem_pestat] skip orientation FF
[M::mem_pestat] skip orientation RF
[M::mem_pestat] skip orientation RR
[M::process] read 1066668 sequences (160000200 bp)...
[M::mem_process_seqs] Processed 1066668 reads in 901.159 CPU sec, 59.056 real sec
[M::mem_pestat] # candidate unique pairs for (FF, FR, RF, RR): (28, 218375, 87, 27)
[M::mem_pestat] analyzing insert size distribution for orientation FF...
[M::mem_pestat] (25, 50, 75) percentile: (174, 306, 804)
[M::mem_pestat] low and high boundaries for computing mean and std.dev: (1, 2064)
[M::mem_pestat] mean and std.dev: (443.74, 433.15)
[M::mem_pestat] low and high boundaries for proper pairs: (1, 2694)
[M::mem_pestat] analyzing insert size distribution for orientation FR...
[M::mem_pestat] (25, 50, 75) percentile: (278, 367, 476)
[M::mem_pestat] low and high boundaries for computing mean and std.dev: (1, 872)
[M::mem_pestat] mean and std.dev: (378.19, 142.62)
[M::mem_pestat] low and high boundaries for proper pairs: (1, 1070)
[M::mem_pestat] analyzing insert size distribution for orientation RF...
[M::mem_pestat] (25, 50, 75) percentile: (476, 4786, 7402)
[M::mem_pestat] low and high boundaries for computing mean and std.dev: (1, 21254)
[M::mem_pestat] mean and std.dev: (4164.31, 3352.84)
[M::mem_pestat] low and high boundaries for proper pairs: (1, 28180)
[M::mem_pestat] analyzing insert size distribution for orientation RR...
[M::mem_pestat] (25, 50, 75) percentile: (257, 384, 596)
[M::mem_pestat] low and high boundaries for computing mean and std.dev: (1, 1274)
[M::mem_pestat] mean and std.dev: (335.17, 168.65)
[M::mem_pestat] low and high boundaries for proper pairs: (1, 1613)
[M::mem_pestat] skip orientation FF
[M::mem_pestat] skip orientation RF
[M::mem_pestat] skip orientation RR
[M::process] read 1066668 sequences (160000200 bp)...
[M::mem_process_seqs] Processed 1066668 reads in 905.109 CPU sec, 59.282 real sec
[M::mem_pestat] # candidate unique pairs for (FF, FR, RF, RR): (35, 218885, 78, 25)
[M::mem_pestat] analyzing insert size distribution for orientation FF...
[M::mem_pestat] (25, 50, 75) percentile: (338, 1258, 2886)
[M::mem_pestat] low and high boundaries for computing mean and std.dev: (1, 7982)
[M::mem_pestat] mean and std.dev: (1837.97, 1858.85)
[M::mem_pestat] low and high boundaries for proper pairs: (1, 10530)
[M::mem_pestat] analyzing insert size distribution for orientation FR...
[M::mem_pestat] (25, 50, 75) percentile: (272, 357, 465)
[M::mem_pestat] low and high boundaries for computing mean and std.dev: (1, 851)
[M::mem_pestat] mean and std.dev: (370.12, 140.81)
[M::mem_pestat] low and high boundaries for proper pairs: (1, 1044)
[M::mem_pestat] analyzing insert size distribution for orientation RF...
[M::mem_pestat] (25, 50, 75) percentile: (256, 550, 1739)
[M::mem_pestat] low and high boundaries for computing mean and std.dev: (1, 4705)
[M::mem_pestat] mean and std.dev: (610.73, 528.66)
[M::mem_pestat] low and high boundaries for proper pairs: (1, 6188)
[M::mem_pestat] analyzing insert size distribution for orientation RR...
[M::mem_pestat] (25, 50, 75) percentile: (524, 1094, 3606)
[M::mem_pestat] low and high boundaries for computing mean and std.dev: (1, 9770)
[M::mem_pestat] mean and std.dev: (2159.68, 2407.95)
[M::mem_pestat] low and high boundaries for proper pairs: (1, 12852)
[M::mem_pestat] skip orientation FF
[M::mem_pestat] skip orientation RF
[M::mem_pestat] skip orientation RR
[M::process] read 1066668 sequences (160000200 bp)...
[M::mem_process_seqs] Processed 1066668 reads in 896.763 CPU sec, 60.099 real sec
[M::mem_pestat] # candidate unique pairs for (FF, FR, RF, RR): (30, 218910, 98, 41)
[M::mem_pestat] analyzing insert size distribution for orientation FF...
[M::mem_pestat] (25, 50, 75) percentile: (252, 336, 756)
[M::mem_pestat] low and high boundaries for computing mean and std.dev: (1, 1764)
[M::mem_pestat] mean and std.dev: (356.54, 190.09)
[M::mem_pestat] low and high boundaries for proper pairs: (1, 2268)
[M::mem_pestat] analyzing insert size distribution for orientation FR...
[M::mem_pestat] (25, 50, 75) percentile: (271, 356, 462)
[M::mem_pestat] low and high boundaries for computing mean and std.dev: (1, 844)
[M::mem_pestat] mean and std.dev: (368.31, 139.44)
[M::mem_pestat] low and high boundaries for proper pairs: (1, 1035)
[M::mem_pestat] analyzing insert size distribution for orientation RF...
[M::mem_pestat] (25, 50, 75) percentile: (356, 1226, 4072)
[M::mem_pestat] low and high boundaries for computing mean and std.dev: (1, 11504)
[M::mem_pestat] mean and std.dev: (2809.80, 2998.74)
[M::mem_pestat] low and high boundaries for proper pairs: (1, 15220)
[M::mem_pestat] analyzing insert size distribution for orientation RR...
[M::mem_pestat] (25, 50, 75) percentile: (275, 1023, 3851)
[M::mem_pestat] low and high boundaries for computing mean and std.dev: (1, 11003)
[M::mem_pestat] mean and std.dev: (2110.17, 2194.24)
[M::mem_pestat] low and high boundaries for proper pairs: (1, 14579)
[M::mem_pestat] skip orientation FF
[M::mem_pestat] skip orientation RF
[M::mem_pestat] skip orientation RR
[M::process] read 1066668 sequences (160000200 bp)...
[M::mem_process_seqs] Processed 1066668 reads in 895.170 CPU sec, 58.883 real sec
[M::mem_pestat] # candidate unique pairs for (FF, FR, RF, RR): (34, 218881, 76, 30)
[M::mem_pestat] analyzing insert size distribution for orientation FF...
[M::mem_pestat] (25, 50, 75) percentile: (336, 652, 4140)
[M::mem_pestat] low and high boundaries for computing mean and std.dev: (1, 11748)
[M::mem_pestat] mean and std.dev: (2475.09, 2654.38)
[M::mem_pestat] low and high boundaries for proper pairs: (1, 15552)
[M::mem_pestat] analyzing insert size distribution for orientation FR...
[M::mem_pestat] (25, 50, 75) percentile: (271, 354, 458)
[M::mem_pestat] low and high boundaries for computing mean and std.dev: (1, 832)
[M::mem_pestat] mean and std.dev: (366.08, 138.02)
[M::mem_pestat] low and high boundaries for proper pairs: (1, 1019)
[M::mem_pestat] analyzing insert size distribution for orientation RF...
[M::mem_pestat] (25, 50, 75) percentile: (734, 1655, 6051)
[M::mem_pestat] low and high boundaries for computing mean and std.dev: (1, 16685)
[M::mem_pestat] mean and std.dev: (3271.59, 3277.50)
[M::mem_pestat] low and high boundaries for proper pairs: (1, 22002)
[M::mem_pestat] analyzing insert size distribution for orientation RR...
[M::mem_pestat] (25, 50, 75) percentile: (214, 670, 1246)
[M::mem_pestat] low and high boundaries for computing mean and std.dev: (1, 3310)
[M::mem_pestat] mean and std.dev: (596.56, 454.31)
[M::mem_pestat] low and high boundaries for proper pairs: (1, 4342)
[M::mem_pestat] skip orientation FF
[M::mem_pestat] skip orientation RF
[M::mem_pestat] skip orientation RR
[M::process] read 1066668 sequences (160000200 bp)...
[M::mem_process_seqs] Processed 1066668 reads in 900.004 CPU sec, 59.116 real sec
[M::mem_pestat] # candidate unique pairs for (FF, FR, RF, RR): (41, 219884, 87, 37)
[M::mem_pestat] analyzing insert size distribution for orientation FF...
[M::mem_pestat] (25, 50, 75) percentile: (280, 460, 1182)
[M::mem_pestat] low and high boundaries for computing mean and std.dev: (1, 2986)
[M::mem_pestat] mean and std.dev: (645.00, 633.43)
[M::mem_pestat] low and high boundaries for proper pairs: (1, 3888)
[M::mem_pestat] analyzing insert size distribution for orientation FR...
[M::mem_pestat] (25, 50, 75) percentile: (272, 355, 458)
[M::mem_pestat] low and high boundaries for computing mean and std.dev: (1, 830)
[M::mem_pestat] mean and std.dev: (367.42, 137.59)
[M::mem_pestat] low and high boundaries for proper pairs: (1, 1016)
[M::mem_pestat] analyzing insert size distribution for orientation RF...
[M::mem_pestat] (25, 50, 75) percentile: (170, 1236, 3465)
[M::mem_pestat] low and high boundaries for computing mean and std.dev: (1, 10055)
[M::mem_pestat] mean and std.dev: (2497.11, 2911.42)
[M::mem_pestat] low and high boundaries for proper pairs: (1, 14143)
[M::mem_pestat] analyzing insert size distribution for orientation RR...
[M::mem_pestat] (25, 50, 75) percentile: (246, 401, 898)
[M::mem_pestat] low and high boundaries for computing mean and std.dev: (1, 2202)
[M::mem_pestat] mean and std.dev: (544.03, 454.68)
[M::mem_pestat] low and high boundaries for proper pairs: (1, 2854)
[M::mem_pestat] skip orientation FF
[M::mem_pestat] skip orientation RF
[M::mem_pestat] skip orientation RR
[M::process] read 1066668 sequences (160000200 bp)...
[M::mem_process_seqs] Processed 1066668 reads in 901.559 CPU sec, 59.577 real sec
[M::mem_pestat] # candidate unique pairs for (FF, FR, RF, RR): (32, 219099, 71, 35)
[M::mem_pestat] analyzing insert size distribution for orientation FF...
[M::mem_pestat] (25, 50, 75) percentile: (388, 1131, 3041)
[M::mem_pestat] low and high boundaries for computing mean and std.dev: (1, 8347)
[M::mem_pestat] mean and std.dev: (2086.75, 2238.23)
[M::mem_pestat] low and high boundaries for proper pairs: (1, 11040)
[M::mem_pestat] analyzing insert size distribution for orientation FR...
[M::mem_pestat] (25, 50, 75) percentile: (273, 355, 459)
[M::mem_pestat] low and high boundaries for computing mean and std.dev: (1, 831)
[M::mem_pestat] mean and std.dev: (367.36, 137.40)
[M::mem_pestat] low and high boundaries for proper pairs: (1, 1017)
[M::mem_pestat] analyzing insert size distribution for orientation RF...
[M::mem_pestat] (25, 50, 75) percentile: (234, 1248, 3764)
[M::mem_pestat] low and high boundaries for computing mean and std.dev: (1, 10824)
[M::mem_pestat] mean and std.dev: (2335.70, 2619.52)
[M::mem_pestat] low and high boundaries for proper pairs: (1, 14354)
[M::mem_pestat] analyzing insert size distribution for orientation RR...
[M::mem_pestat] (25, 50, 75) percentile: (241, 866, 2148)
[M::mem_pestat] low and high boundaries for computing mean and std.dev: (1, 5962)
[M::mem_pestat] mean and std.dev: (1223.73, 1325.24)
[M::mem_pestat] low and high boundaries for proper pairs: (1, 7869)
[M::mem_pestat] skip orientation FF
[M::mem_pestat] skip orientation RF
[M::mem_pestat] skip orientation RR
[M::process] read 1066668 sequences (160000200 bp)...
[M::mem_process_seqs] Processed 1066668 reads in 913.351 CPU sec, 60.817 real sec
[M::mem_pestat] # candidate unique pairs for (FF, FR, RF, RR): (40, 220018, 83, 28)
[M::mem_pestat] analyzing insert size distribution for orientation FF...
[M::mem_pestat] (25, 50, 75) percentile: (263, 462, 958)
[M::mem_pestat] low and high boundaries for computing mean and std.dev: (1, 2348)
[M::mem_pestat] mean and std.dev: (551.83, 510.00)
[M::mem_pestat] low and high boundaries for proper pairs: (1, 3043)
[M::mem_pestat] analyzing insert size distribution for orientation FR...
[M::mem_pestat] (25, 50, 75) percentile: (272, 353, 456)
[M::mem_pestat] low and high boundaries for computing mean and std.dev: (1, 824)
[M::mem_pestat] mean and std.dev: (365.86, 136.47)
[M::mem_pestat] low and high boundaries for proper pairs: (1, 1008)
[M::mem_pestat] analyzing insert size distribution for orientation RF...
[M::mem_pestat] (25, 50, 75) percentile: (209, 848, 4115)
[M::mem_pestat] low and high boundaries for computing mean and std.dev: (1, 11927)
[M::mem_pestat] mean and std.dev: (2589.80, 3108.22)
[M::mem_pestat] low and high boundaries for proper pairs: (1, 15833)
[M::mem_pestat] analyzing insert size distribution for orientation RR...
[M::mem_pestat] (25, 50, 75) percentile: (201, 377, 1640)
[M::mem_pestat] low and high boundaries for computing mean and std.dev: (1, 4518)
[M::mem_pestat] mean and std.dev: (927.81, 1115.85)
[M::mem_pestat] low and high boundaries for proper pairs: (1, 5957)
[M::mem_pestat] skip orientation FF
[M::mem_pestat] skip orientation RF
[M::mem_pestat] skip orientation RR
[M::process] read 1066668 sequences (160000200 bp)...
[M::mem_process_seqs] Processed 1066668 reads in 901.919 CPU sec, 60.621 real sec
[M::mem_pestat] # candidate unique pairs for (FF, FR, RF, RR): (35, 218718, 73, 33)
[M::mem_pestat] analyzing insert size distribution for orientation FF...
[M::mem_pestat] (25, 50, 75) percentile: (327, 609, 1303)
[M::mem_pestat] low and high boundaries for computing mean and std.dev: (1, 3255)
[M::mem_pestat] mean and std.dev: (708.94, 574.94)
[M::mem_pestat] low and high boundaries for proper pairs: (1, 4231)
[M::mem_pestat] analyzing insert size distribution for orientation FR...
[M::mem_pestat] (25, 50, 75) percentile: (268, 350, 457)
[M::mem_pestat] low and high boundaries for computing mean and std.dev: (1, 835)
[M::mem_pestat] mean and std.dev: (364.42, 139.89)
[M::mem_pestat] low and high boundaries for proper pairs: (1, 1024)
[M::mem_pestat] analyzing insert size distribution for orientation RF...
[M::mem_pestat] (25, 50, 75) percentile: (290, 1251, 3268)
[M::mem_pestat] low and high boundaries for computing mean and std.dev: (1, 9224)
[M::mem_pestat] mean and std.dev: (2085.82, 2461.01)
[M::mem_pestat] low and high boundaries for proper pairs: (1, 12202)
[M::mem_pestat] analyzing insert size distribution for orientation RR...
[M::mem_pestat] (25, 50, 75) percentile: (216, 456, 1167)
[M::mem_pestat] low and high boundaries for computing mean and std.dev: (1, 3069)
[M::mem_pestat] mean and std.dev: (566.03, 482.90)
[M::mem_pestat] low and high boundaries for proper pairs: (1, 4020)
[M::mem_pestat] skip orientation FF
[M::mem_pestat] skip orientation RF
[M::mem_pestat] skip orientation RR
[M::process] read 1066668 sequences (160000200 bp)...
[M::mem_process_seqs] Processed 1066668 reads in 920.731 CPU sec, 60.586 real sec
[M::mem_pestat] # candidate unique pairs for (FF, FR, RF, RR): (43, 217424, 69, 39)
[M::mem_pestat] analyzing insert size distribution for orientation FF...
[M::mem_pestat] (25, 50, 75) percentile: (241, 518, 4284)
[M::mem_pestat] low and high boundaries for computing mean and std.dev: (1, 12370)
[M::mem_pestat] mean and std.dev: (1915.02, 2194.00)
[M::mem_pestat] low and high boundaries for proper pairs: (1, 16413)
[M::mem_pestat] analyzing insert size distribution for orientation FR...
[M::mem_pestat] (25, 50, 75) percentile: (270, 357, 469)
[M::mem_pestat] low and high boundaries for computing mean and std.dev: (1, 867)
[M::mem_pestat] mean and std.dev: (371.54, 144.72)
[M::mem_pestat] low and high boundaries for proper pairs: (1, 1066)
[M::mem_pestat] analyzing insert size distribution for orientation RF...
[M::mem_pestat] (25, 50, 75) percentile: (139, 465, 2585)
[M::mem_pestat] low and high boundaries for computing mean and std.dev: (1, 7477)
[M::mem_pestat] mean and std.dev: (1257.88, 1682.51)
[M::mem_pestat] low and high boundaries for proper pairs: (1, 9923)
[M::mem_pestat] analyzing insert size distribution for orientation RR...
[M::mem_pestat] (25, 50, 75) percentile: (292, 356, 876)
[M::mem_pestat] low and high boundaries for computing mean and std.dev: (1, 2044)
[M::mem_pestat] mean and std.dev: (418.88, 292.54)
[M::mem_pestat] low and high boundaries for proper pairs: (1, 2628)
[M::mem_pestat] skip orientation FF
[M::mem_pestat] skip orientation RF
[M::mem_pestat] skip orientation RR
[M::process] read 1066668 sequences (160000200 bp)...
[M::mem_process_seqs] Processed 1066668 reads in 915.920 CPU sec, 60.317 real sec
[M::mem_pestat] # candidate unique pairs for (FF, FR, RF, RR): (31, 218228, 90, 41)
[M::mem_pestat] analyzing insert size distribution for orientation FF...
[M::mem_pestat] (25, 50, 75) percentile: (386, 761, 2614)
[M::mem_pestat] low and high boundaries for computing mean and std.dev: (1, 7070)
[M::mem_pestat] mean and std.dev: (1445.29, 1649.67)
[M::mem_pestat] low and high boundaries for proper pairs: (1, 9298)
[M::mem_pestat] analyzing insert size distribution for orientation FR...
[M::mem_pestat] (25, 50, 75) percentile: (270, 357, 469)
[M::mem_pestat] low and high boundaries for computing mean and std.dev: (1, 867)
[M::mem_pestat] mean and std.dev: (371.61, 144.47)
[M::mem_pestat] low and high boundaries for proper pairs: (1, 1066)
[M::mem_pestat] analyzing insert size distribution for orientation RF...
[M::mem_pestat] (25, 50, 75) percentile: (211, 1598, 5817)
[M::mem_pestat] low and high boundaries for computing mean and std.dev: (1, 17029)
[M::mem_pestat] mean and std.dev: (2972.64, 3143.27)
[M::mem_pestat] low and high boundaries for proper pairs: (1, 22635)
[M::mem_pestat] analyzing insert size distribution for orientation RR...
[M::mem_pestat] (25, 50, 75) percentile: (347, 508, 1269)
[M::mem_pestat] low and high boundaries for computing mean and std.dev: (1, 3113)
[M::mem_pestat] mean and std.dev: (777.89, 706.92)
[M::mem_pestat] low and high boundaries for proper pairs: (1, 4035)
[M::mem_pestat] skip orientation FF
[M::mem_pestat] skip orientation RF
[M::mem_pestat] skip orientation RR
[M::process] read 1066668 sequences (160000200 bp)...
[M::mem_process_seqs] Processed 1066668 reads in 908.035 CPU sec, 59.803 real sec
[M::mem_pestat] # candidate unique pairs for (FF, FR, RF, RR): (44, 219604, 86, 57)
[M::mem_pestat] analyzing insert size distribution for orientation FF...
[M::mem_pestat] (25, 50, 75) percentile: (468, 1676, 4199)
[M::mem_pestat] low and high boundaries for computing mean and std.dev: (1, 11661)
[M::mem_pestat] mean and std.dev: (2596.70, 2800.41)
[M::mem_pestat] low and high boundaries for proper pairs: (1, 15392)
[M::mem_pestat] analyzing insert size distribution for orientation FR...
[M::mem_pestat] (25, 50, 75) percentile: (271, 357, 466)
[M::mem_pestat] low and high boundaries for computing mean and std.dev: (1, 856)
[M::mem_pestat] mean and std.dev: (370.20, 142.66)
[M::mem_pestat] low and high boundaries for proper pairs: (1, 1051)
[M::mem_pestat] analyzing insert size distribution for orientation RF...
[M::mem_pestat] (25, 50, 75) percentile: (219, 1293, 4682)
[M::mem_pestat] low and high boundaries for computing mean and std.dev: (1, 13608)
[M::mem_pestat] mean and std.dev: (2605.92, 3078.78)
[M::mem_pestat] low and high boundaries for proper pairs: (1, 18071)
[M::mem_pestat] analyzing insert size distribution for orientation RR...
[M::mem_pestat] (25, 50, 75) percentile: (306, 530, 1338)
[M::mem_pestat] low and high boundaries for computing mean and std.dev: (1, 3402)
[M::mem_pestat] mean and std.dev: (759.42, 620.25)
[M::mem_pestat] low and high boundaries for proper pairs: (1, 4434)
[M::mem_pestat] skip orientation FF
[M::mem_pestat] skip orientation RF
[M::mem_pestat] skip orientation RR
[M::process] read 1066668 sequences (160000200 bp)...
[M::mem_process_seqs] Processed 1066668 reads in 900.757 CPU sec, 59.337 real sec
[M::mem_pestat] # candidate unique pairs for (FF, FR, RF, RR): (34, 219841, 83, 35)
[M::mem_pestat] analyzing insert size distribution for orientation FF...
[M::mem_pestat] (25, 50, 75) percentile: (164, 449, 570)
[M::mem_pestat] low and high boundaries for computing mean and std.dev: (1, 1382)
[M::mem_pestat] mean and std.dev: (390.63, 260.59)
[M::mem_pestat] low and high boundaries for proper pairs: (1, 1788)
[M::mem_pestat] analyzing insert size distribution for orientation FR...
[M::mem_pestat] (25, 50, 75) percentile: (271, 358, 467)
[M::mem_pestat] low and high boundaries for computing mean and std.dev: (1, 859)
[M::mem_pestat] mean and std.dev: (371.00, 142.84)
[M::mem_pestat] low and high boundaries for proper pairs: (1, 1055)
[M::mem_pestat] analyzing insert size distribution for orientation RF...
[M::mem_pestat] (25, 50, 75) percentile: (405, 812, 2777)
[M::mem_pestat] low and high boundaries for computing mean and std.dev: (1, 7521)
[M::mem_pestat] mean and std.dev: (1823.17, 2188.10)
[M::mem_pestat] low and high boundaries for proper pairs: (1, 10576)
[M::mem_pestat] analyzing insert size distribution for orientation RR...
[M::mem_pestat] (25, 50, 75) percentile: (241, 521, 1400)
[M::mem_pestat] low and high boundaries for computing mean and std.dev: (1, 3718)
[M::mem_pestat] mean and std.dev: (982.24, 1085.39)
[M::mem_pestat] low and high boundaries for proper pairs: (1, 5324)
[M::mem_pestat] skip orientation FF
[M::mem_pestat] skip orientation RF
[M::mem_pestat] skip orientation RR
[M::process] read 1066668 sequences (160000200 bp)...
[M::mem_process_seqs] Processed 1066668 reads in 906.396 CPU sec, 59.980 real sec
[M::mem_pestat] # candidate unique pairs for (FF, FR, RF, RR): (38, 219399, 72, 28)
[M::mem_pestat] analyzing insert size distribution for orientation FF...
[M::mem_pestat] (25, 50, 75) percentile: (325, 774, 1916)
[M::mem_pestat] low and high boundaries for computing mean and std.dev: (1, 5098)
[M::mem_pestat] mean and std.dev: (942.88, 838.31)
[M::mem_pestat] low and high boundaries for proper pairs: (1, 6689)
[M::mem_pestat] analyzing insert size distribution for orientation FR...
[M::mem_pestat] (25, 50, 75) percentile: (272, 358, 467)
[M::mem_pestat] low and high boundaries for computing mean and std.dev: (1, 857)
[M::mem_pestat] mean and std.dev: (371.33, 141.94)
[M::mem_pestat] low and high boundaries for proper pairs: (1, 1052)
[M::mem_pestat] analyzing insert size distribution for orientation RF...
[M::mem_pestat] (25, 50, 75) percentile: (121, 1167, 2805)
[M::mem_pestat] low and high boundaries for computing mean and std.dev: (1, 8173)
[M::mem_pestat] mean and std.dev: (1806.06, 2015.03)
[M::mem_pestat] low and high boundaries for proper pairs: (1, 10857)
[M::mem_pestat] analyzing insert size distribution for orientation RR...
[M::mem_pestat] (25, 50, 75) percentile: (395, 1610, 7592)
[M::mem_pestat] low and high boundaries for computing mean and std.dev: (1, 21986)
[M::mem_pestat] mean and std.dev: (3413.00, 3389.97)
[M::mem_pestat] low and high boundaries for proper pairs: (1, 29183)
[M::mem_pestat] skip orientation FF
[M::mem_pestat] skip orientation RF
[M::mem_pestat] skip orientation RR
[M::process] read 1066668 sequences (160000200 bp)...
[M::mem_process_seqs] Processed 1066668 reads in 903.005 CPU sec, 59.686 real sec
[M::mem_pestat] # candidate unique pairs for (FF, FR, RF, RR): (31, 218669, 89, 29)
[M::mem_pestat] analyzing insert size distribution for orientation FF...
[M::mem_pestat] (25, 50, 75) percentile: (230, 338, 828)
[M::mem_pestat] low and high boundaries for computing mean and std.dev: (1, 2024)
[M::mem_pestat] mean and std.dev: (499.11, 424.83)
[M::mem_pestat] low and high boundaries for proper pairs: (1, 2622)
[M::mem_pestat] analyzing insert size distribution for orientation FR...
[M::mem_pestat] (25, 50, 75) percentile: (276, 362, 472)
[M::mem_pestat] low and high boundaries for computing mean and std.dev: (1, 864)
[M::mem_pestat] mean and std.dev: (375.31, 142.82)
[M::mem_pestat] low and high boundaries for proper pairs: (1, 1060)
[M::mem_pestat] analyzing insert size distribution for orientation RF...
[M::mem_pestat] (25, 50, 75) percentile: (348, 1275, 4138)
[M::mem_pestat] low and high boundaries for computing mean and std.dev: (1, 11718)
[M::mem_pestat] mean and std.dev: (2481.73, 2673.11)
[M::mem_pestat] low and high boundaries for proper pairs: (1, 15508)
[M::mem_pestat] analyzing insert size distribution for orientation RR...
[M::mem_pestat] (25, 50, 75) percentile: (397, 594, 1161)
[M::mem_pestat] low and high boundaries for computing mean and std.dev: (1, 2689)
[M::mem_pestat] mean and std.dev: (670.81, 467.95)
[M::mem_pestat] low and high boundaries for proper pairs: (1, 3453)
[M::mem_pestat] skip orientation FF
[M::mem_pestat] skip orientation RF
[M::mem_pestat] skip orientation RR
[M::process] read 1066668 sequences (160000200 bp)...
[M::mem_process_seqs] Processed 1066668 reads in 894.289 CPU sec, 58.677 real sec
[M::mem_pestat] # candidate unique pairs for (FF, FR, RF, RR): (35, 219257, 76, 40)
[M::mem_pestat] analyzing insert size distribution for orientation FF...
[M::mem_pestat] (25, 50, 75) percentile: (281, 530, 1817)
[M::mem_pestat] low and high boundaries for computing mean and std.dev: (1, 4889)
[M::mem_pestat] mean and std.dev: (785.63, 767.34)
[M::mem_pestat] low and high boundaries for proper pairs: (1, 6425)
[M::mem_pestat] analyzing insert size distribution for orientation FR...
[M::mem_pestat] (25, 50, 75) percentile: (272, 356, 465)
[M::mem_pestat] low and high boundaries for computing mean and std.dev: (1, 851)
[M::mem_pestat] mean and std.dev: (370.15, 140.84)
[M::mem_pestat] low and high boundaries for proper pairs: (1, 1044)
[M::mem_pestat] analyzing insert size distribution for orientation RF...
[M::mem_pestat] (25, 50, 75) percentile: (300, 1111, 3211)
[M::mem_pestat] low and high boundaries for computing mean and std.dev: (1, 9033)
[M::mem_pestat] mean and std.dev: (2138.51, 2600.69)
[M::mem_pestat] low and high boundaries for proper pairs: (1, 12541)
[M::mem_pestat] analyzing insert size distribution for orientation RR...
[M::mem_pestat] (25, 50, 75) percentile: (198, 346, 778)
[M::mem_pestat] low and high boundaries for computing mean and std.dev: (1, 1938)
[M::mem_pestat] mean and std.dev: (514.68, 445.16)
[M::mem_pestat] low and high boundaries for proper pairs: (1, 2518)
[M::mem_pestat] skip orientation FF
[M::mem_pestat] skip orientation RF
[M::mem_pestat] skip orientation RR
[M::process] read 1066668 sequences (160000200 bp)...
[M::mem_process_seqs] Processed 1066668 reads in 893.305 CPU sec, 58.759 real sec
[M::mem_pestat] # candidate unique pairs for (FF, FR, RF, RR): (48, 219194, 48, 27)
[M::mem_pestat] analyzing insert size distribution for orientation FF...
[M::mem_pestat] (25, 50, 75) percentile: (188, 311, 904)
[M::mem_pestat] low and high boundaries for computing mean and std.dev: (1, 2336)
[M::mem_pestat] mean and std.dev: (442.22, 492.05)
[M::mem_pestat] low and high boundaries for proper pairs: (1, 3052)
[M::mem_pestat] analyzing insert size distribution for orientation FR...
[M::mem_pestat] (25, 50, 75) percentile: (272, 356, 464)
[M::mem_pestat] low and high boundaries for computing mean and std.dev: (1, 848)
[M::mem_pestat] mean and std.dev: (370.09, 140.89)
[M::mem_pestat] low and high boundaries for proper pairs: (1, 1040)
[M::mem_pestat] analyzing insert size distribution for orientation RF...
[M::mem_pestat] (25, 50, 75) percentile: (225, 518, 1905)
[M::mem_pestat] low and high boundaries for computing mean and std.dev: (1, 5265)
[M::mem_pestat] mean and std.dev: (730.56, 848.68)
[M::mem_pestat] low and high boundaries for proper pairs: (1, 6945)
[M::mem_pestat] analyzing insert size distribution for orientation RR...
[M::mem_pestat] (25, 50, 75) percentile: (243, 389, 887)
[M::mem_pestat] low and high boundaries for computing mean and std.dev: (1, 2175)
[M::mem_pestat] mean and std.dev: (432.18, 339.47)
[M::mem_pestat] low and high boundaries for proper pairs: (1, 2819)
[M::mem_pestat] skip orientation FF
[M::mem_pestat] skip orientation RF
[M::mem_pestat] skip orientation RR
[M::mem_process_seqs] Processed 1066668 reads in 882.846 CPU sec, 61.329 real sec
[M::process] read 1066668 sequences (160000200 bp)...
[M::mem_pestat] # candidate unique pairs for (FF, FR, RF, RR): (48, 218254, 63, 36)
[M::mem_pestat] analyzing insert size distribution for orientation FF...
[M::mem_pestat] (25, 50, 75) percentile: (263, 441, 1094)
[M::mem_pestat] low and high boundaries for computing mean and std.dev: (1, 2756)
[M::mem_pestat] mean and std.dev: (606.27, 495.48)
[M::mem_pestat] low and high boundaries for proper pairs: (1, 3587)
[M::mem_pestat] analyzing insert size distribution for orientation FR...
[M::mem_pestat] (25, 50, 75) percentile: (265, 349, 459)
[M::mem_pestat] low and high boundaries for computing mean and std.dev: (1, 847)
[M::mem_pestat] mean and std.dev: (364.05, 142.05)
[M::mem_pestat] low and high boundaries for proper pairs: (1, 1041)
[M::mem_pestat] analyzing insert size distribution for orientation RF...
[M::mem_pestat] (25, 50, 75) percentile: (284, 1927, 5317)
[M::mem_pestat] low and high boundaries for computing mean and std.dev: (1, 15383)
[M::mem_pestat] mean and std.dev: (2878.63, 3092.49)
[M::mem_pestat] low and high boundaries for proper pairs: (1, 20416)
[M::mem_pestat] analyzing insert size distribution for orientation RR...
[M::mem_pestat] (25, 50, 75) percentile: (257, 609, 1642)
[M::mem_pestat] low and high boundaries for computing mean and std.dev: (1, 4412)
[M::mem_pestat] mean and std.dev: (648.59, 553.67)
[M::mem_pestat] low and high boundaries for proper pairs: (1, 5797)
[M::mem_pestat] skip orientation FF
[M::mem_pestat] skip orientation RF
[M::mem_pestat] skip orientation RR
[M::process] read 1066668 sequences (160000200 bp)...
[M::mem_process_seqs] Processed 1066668 reads in 889.485 CPU sec, 57.696 real sec
[M::mem_pestat] # candidate unique pairs for (FF, FR, RF, RR): (35, 217051, 69, 33)
[M::mem_pestat] analyzing insert size distribution for orientation FF...
[M::mem_pestat] (25, 50, 75) percentile: (244, 477, 1736)
[M::mem_pestat] low and high boundaries for computing mean and std.dev: (1, 4720)
[M::mem_pestat] mean and std.dev: (925.03, 1169.02)
[M::mem_pestat] low and high boundaries for proper pairs: (1, 6212)
[M::mem_pestat] analyzing insert size distribution for orientation FR...
[M::mem_pestat] (25, 50, 75) percentile: (268, 354, 466)
[M::mem_pestat] low and high boundaries for computing mean and std.dev: (1, 862)
[M::mem_pestat] mean and std.dev: (368.51, 144.15)
[M::mem_pestat] low and high boundaries for proper pairs: (1, 1060)
[M::mem_pestat] analyzing insert size distribution for orientation RF...
[M::mem_pestat] (25, 50, 75) percentile: (206, 1040, 3134)
[M::mem_pestat] low and high boundaries for computing mean and std.dev: (1, 8990)
[M::mem_pestat] mean and std.dev: (2098.57, 2462.24)
[M::mem_pestat] low and high boundaries for proper pairs: (1, 11948)
[M::mem_pestat] analyzing insert size distribution for orientation RR...
[M::mem_pestat] (25, 50, 75) percentile: (486, 525, 1167)
[M::mem_pestat] low and high boundaries for computing mean and std.dev: (1, 2529)
[M::mem_pestat] mean and std.dev: (643.73, 455.16)
[M::mem_pestat] low and high boundaries for proper pairs: (1, 3210)
[M::mem_pestat] skip orientation FF
[M::mem_pestat] skip orientation RF
[M::mem_pestat] skip orientation RR
[M::process] read 1066668 sequences (160000200 bp)...
[M::mem_process_seqs] Processed 1066668 reads in 880.284 CPU sec, 60.349 real sec
[M::mem_pestat] # candidate unique pairs for (FF, FR, RF, RR): (47, 217460, 87, 49)
[M::mem_pestat] analyzing insert size distribution for orientation FF...
[M::mem_pestat] (25, 50, 75) percentile: (261, 581, 1172)
[M::mem_pestat] low and high boundaries for computing mean and std.dev: (1, 2994)
[M::mem_pestat] mean and std.dev: (704.19, 555.73)
[M::mem_pestat] low and high boundaries for proper pairs: (1, 3905)
[M::mem_pestat] analyzing insert size distribution for orientation FR...
[M::mem_pestat] (25, 50, 75) percentile: (267, 352, 462)
[M::mem_pestat] low and high boundaries for computing mean and std.dev: (1, 852)
[M::mem_pestat] mean and std.dev: (366.34, 142.41)
[M::mem_pestat] low and high boundaries for proper pairs: (1, 1047)
[M::mem_pestat] analyzing insert size distribution for orientation RF...
[M::mem_pestat] (25, 50, 75) percentile: (286, 1253, 5147)
[M::mem_pestat] low and high boundaries for computing mean and std.dev: (1, 14869)
[M::mem_pestat] mean and std.dev: (2622.18, 2996.78)
[M::mem_pestat] low and high boundaries for proper pairs: (1, 19730)
[M::mem_pestat] analyzing insert size distribution for orientation RR...
[M::mem_pestat] (25, 50, 75) percentile: (277, 1421, 4960)
[M::mem_pestat] low and high boundaries for computing mean and std.dev: (1, 14326)
[M::mem_pestat] mean and std.dev: (2690.22, 2913.27)
[M::mem_pestat] low and high boundaries for proper pairs: (1, 19009)
[M::mem_pestat] skip orientation FF
[M::mem_pestat] skip orientation RF
[M::mem_pestat] skip orientation RR
[M::process] read 1066668 sequences (160000200 bp)...
[M::mem_process_seqs] Processed 1066668 reads in 882.914 CPU sec, 57.654 real sec
[M::mem_pestat] # candidate unique pairs for (FF, FR, RF, RR): (25, 216456, 61, 21)
[M::mem_pestat] analyzing insert size distribution for orientation FF...
[M::mem_pestat] (25, 50, 75) percentile: (249, 587, 1710)
[M::mem_pestat] low and high boundaries for computing mean and std.dev: (1, 4632)
[M::mem_pestat] mean and std.dev: (881.65, 1003.96)
[M::mem_pestat] low and high boundaries for proper pairs: (1, 6093)
[M::mem_pestat] analyzing insert size distribution for orientation FR...
[M::mem_pestat] (25, 50, 75) percentile: (265, 349, 459)
[M::mem_pestat] low and high boundaries for computing mean and std.dev: (1, 847)
[M::mem_pestat] mean and std.dev: (363.11, 141.31)
[M::mem_pestat] low and high boundaries for proper pairs: (1, 1041)
[M::mem_pestat] analyzing insert size distribution for orientation RF...
[M::mem_pestat] (25, 50, 75) percentile: (260, 783, 4227)
[M::mem_pestat] low and high boundaries for computing mean and std.dev: (1, 12161)
[M::mem_pestat] mean and std.dev: (2187.48, 2642.73)
[M::mem_pestat] low and high boundaries for proper pairs: (1, 16128)
[M::mem_pestat] analyzing insert size distribution for orientation RR...
[M::mem_pestat] (25, 50, 75) percentile: (178, 327, 1178)
[M::mem_pestat] low and high boundaries for computing mean and std.dev: (1, 3178)
[M::mem_pestat] mean and std.dev: (555.55, 606.97)
[M::mem_pestat] low and high boundaries for proper pairs: (1, 4178)
[M::mem_pestat] skip orientation FF
[M::mem_pestat] skip orientation RF
[M::mem_pestat] skip orientation RR
[M::process] read 1066668 sequences (160000200 bp)...
[M::mem_process_seqs] Processed 1066668 reads in 880.819 CPU sec, 59.310 real sec
[M::mem_pestat] # candidate unique pairs for (FF, FR, RF, RR): (32, 217773, 68, 44)
[M::mem_pestat] analyzing insert size distribution for orientation FF...
[M::mem_pestat] (25, 50, 75) percentile: (232, 337, 2256)
[M::mem_pestat] low and high boundaries for computing mean and std.dev: (1, 6304)
[M::mem_pestat] mean and std.dev: (881.52, 1078.16)
[M::mem_pestat] low and high boundaries for proper pairs: (1, 8328)
[M::mem_pestat] analyzing insert size distribution for orientation FR...
[M::mem_pestat] (25, 50, 75) percentile: (267, 352, 462)
[M::mem_pestat] low and high boundaries for computing mean and std.dev: (1, 852)
[M::mem_pestat] mean and std.dev: (366.70, 142.08)
[M::mem_pestat] low and high boundaries for proper pairs: (1, 1047)
[M::mem_pestat] analyzing insert size distribution for orientation RF...
[M::mem_pestat] (25, 50, 75) percentile: (293, 1205, 5775)
[M::mem_pestat] low and high boundaries for computing mean and std.dev: (1, 16739)
[M::mem_pestat] mean and std.dev: (2793.56, 2981.41)
[M::mem_pestat] low and high boundaries for proper pairs: (1, 22221)
[M::mem_pestat] analyzing insert size distribution for orientation RR...
[M::mem_pestat] (25, 50, 75) percentile: (258, 613, 2063)
[M::mem_pestat] low and high boundaries for computing mean and std.dev: (1, 5673)
[M::mem_pestat] mean and std.dev: (963.79, 878.43)
[M::mem_pestat] low and high boundaries for proper pairs: (1, 7478)
[M::mem_pestat] skip orientation FF
[M::mem_pestat] skip orientation RF
[M::mem_pestat] skip orientation RR
[M::process] read 1066668 sequences (160000200 bp)...
[M::mem_process_seqs] Processed 1066668 reads in 880.501 CPU sec, 57.844 real sec
[M::mem_pestat] # candidate unique pairs for (FF, FR, RF, RR): (44, 219664, 71, 43)
[M::mem_pestat] analyzing insert size distribution for orientation FF...
[M::mem_pestat] (25, 50, 75) percentile: (251, 644, 1390)
[M::mem_pestat] low and high boundaries for computing mean and std.dev: (1, 3668)
[M::mem_pestat] mean and std.dev: (869.20, 676.29)
[M::mem_pestat] low and high boundaries for proper pairs: (1, 4807)
[M::mem_pestat] analyzing insert size distribution for orientation FR...
[M::mem_pestat] (25, 50, 75) percentile: (274, 361, 472)
[M::mem_pestat] low and high boundaries for computing mean and std.dev: (1, 868)
[M::mem_pestat] mean and std.dev: (375.13, 144.95)
[M::mem_pestat] low and high boundaries for proper pairs: (1, 1066)
[M::mem_pestat] analyzing insert size distribution for orientation RF...
[M::mem_pestat] (25, 50, 75) percentile: (255, 689, 4448)
[M::mem_pestat] low and high boundaries for computing mean and std.dev: (1, 12834)
[M::mem_pestat] mean and std.dev: (2279.21, 2803.34)
[M::mem_pestat] low and high boundaries for proper pairs: (1, 17027)
[M::mem_pestat] analyzing insert size distribution for orientation RR...
[M::mem_pestat] (25, 50, 75) percentile: (215, 423, 1389)
[M::mem_pestat] low and high boundaries for computing mean and std.dev: (1, 3737)
[M::mem_pestat] mean and std.dev: (632.74, 647.52)
[M::mem_pestat] low and high boundaries for proper pairs: (1, 4911)
[M::mem_pestat] skip orientation FF
[M::mem_pestat] skip orientation RF
[M::mem_pestat] skip orientation RR
[M::process] read 1066668 sequences (160000200 bp)...
[M::mem_process_seqs] Processed 1066668 reads in 872.565 CPU sec, 57.066 real sec
[M::mem_pestat] # candidate unique pairs for (FF, FR, RF, RR): (35, 218229, 85, 34)
[M::mem_pestat] analyzing insert size distribution for orientation FF...
[M::mem_pestat] (25, 50, 75) percentile: (192, 272, 911)
[M::mem_pestat] low and high boundaries for computing mean and std.dev: (1, 2349)
[M::mem_pestat] mean and std.dev: (351.31, 349.80)
[M::mem_pestat] low and high boundaries for proper pairs: (1, 3068)
[M::mem_pestat] analyzing insert size distribution for orientation FR...
[M::mem_pestat] (25, 50, 75) percentile: (272, 357, 467)
[M::mem_pestat] low and high boundaries for computing mean and std.dev: (1, 857)
[M::mem_pestat] mean and std.dev: (371.23, 142.46)
[M::mem_pestat] low and high boundaries for proper pairs: (1, 1052)
[M::mem_pestat] analyzing insert size distribution for orientation RF...
[M::mem_pestat] (25, 50, 75) percentile: (176, 872, 4105)
[M::mem_pestat] low and high boundaries for computing mean and std.dev: (1, 11963)
[M::mem_pestat] mean and std.dev: (2425.62, 2993.38)
[M::mem_pestat] low and high boundaries for proper pairs: (1, 15892)
[M::mem_pestat] analyzing insert size distribution for orientation RR...
[M::mem_pestat] (25, 50, 75) percentile: (328, 538, 1100)
[M::mem_pestat] low and high boundaries for computing mean and std.dev: (1, 2644)
[M::mem_pestat] mean and std.dev: (756.41, 572.22)
[M::mem_pestat] low and high boundaries for proper pairs: (1, 3416)
[M::mem_pestat] skip orientation FF
[M::mem_pestat] skip orientation RF
[M::mem_pestat] skip orientation RR
[M::process] read 1066668 sequences (160000200 bp)...
[M::mem_process_seqs] Processed 1066668 reads in 879.446 CPU sec, 58.431 real sec
[M::mem_pestat] # candidate unique pairs for (FF, FR, RF, RR): (43, 219198, 78, 33)
[M::mem_pestat] analyzing insert size distribution for orientation FF...
[M::mem_pestat] (25, 50, 75) percentile: (404, 527, 1925)
[M::mem_pestat] low and high boundaries for computing mean and std.dev: (1, 4967)
[M::mem_pestat] mean and std.dev: (1479.28, 1472.77)
[M::mem_pestat] low and high boundaries for proper pairs: (1, 7370)
[M::mem_pestat] analyzing insert size distribution for orientation FR...
[M::mem_pestat] (25, 50, 75) percentile: (272, 355, 462)
[M::mem_pestat] low and high boundaries for computing mean and std.dev: (1, 842)
[M::mem_pestat] mean and std.dev: (368.93, 140.18)
[M::mem_pestat] low and high boundaries for proper pairs: (1, 1032)
[M::mem_pestat] analyzing insert size distribution for orientation RF...
[M::mem_pestat] (25, 50, 75) percentile: (605, 2408, 6264)
[M::mem_pestat] low and high boundaries for computing mean and std.dev: (1, 17582)
[M::mem_pestat] mean and std.dev: (3500.59, 3038.23)
[M::mem_pestat] low and high boundaries for proper pairs: (1, 23241)
[M::mem_pestat] analyzing insert size distribution for orientation RR...
[M::mem_pestat] (25, 50, 75) percentile: (238, 450, 1441)
[M::mem_pestat] low and high boundaries for computing mean and std.dev: (1, 3847)
[M::mem_pestat] mean and std.dev: (906.06, 949.88)
[M::mem_pestat] low and high boundaries for proper pairs: (1, 5050)
[M::mem_pestat] skip orientation FF
[M::mem_pestat] skip orientation RF
[M::mem_pestat] skip orientation RR
[M::process] read 1066668 sequences (160000200 bp)...
[M::mem_process_seqs] Processed 1066668 reads in 884.776 CPU sec, 59.132 real sec
[M::mem_pestat] # candidate unique pairs for (FF, FR, RF, RR): (41, 218892, 70, 36)
[M::mem_pestat] analyzing insert size distribution for orientation FF...
[M::mem_pestat] (25, 50, 75) percentile: (150, 436, 1234)
[M::mem_pestat] low and high boundaries for computing mean and std.dev: (1, 3402)
[M::mem_pestat] mean and std.dev: (643.00, 718.03)
[M::mem_pestat] low and high boundaries for proper pairs: (1, 4486)
[M::mem_pestat] analyzing insert size distribution for orientation FR...
[M::mem_pestat] (25, 50, 75) percentile: (269, 352, 461)
[M::mem_pestat] low and high boundaries for computing mean and std.dev: (1, 845)
[M::mem_pestat] mean and std.dev: (366.58, 140.76)
[M::mem_pestat] low and high boundaries for proper pairs: (1, 1037)
[M::mem_pestat] analyzing insert size distribution for orientation RF...
[M::mem_pestat] (25, 50, 75) percentile: (231, 1421, 3062)
[M::mem_pestat] low and high boundaries for computing mean and std.dev: (1, 8724)
[M::mem_pestat] mean and std.dev: (1934.53, 2220.18)
[M::mem_pestat] low and high boundaries for proper pairs: (1, 11555)
[M::mem_pestat] analyzing insert size distribution for orientation RR...
[M::mem_pestat] (25, 50, 75) percentile: (254, 801, 1110)
[M::mem_pestat] low and high boundaries for computing mean and std.dev: (1, 2822)
[M::mem_pestat] mean and std.dev: (754.49, 622.83)
[M::mem_pestat] low and high boundaries for proper pairs: (1, 3678)
[M::mem_pestat] skip orientation FF
[M::mem_pestat] skip orientation RF
[M::mem_pestat] skip orientation RR
[M::process] read 1066668 sequences (160000200 bp)...
[M::mem_process_seqs] Processed 1066668 reads in 899.467 CPU sec, 59.130 real sec
[M::mem_pestat] # candidate unique pairs for (FF, FR, RF, RR): (31, 217739, 72, 38)
[M::mem_pestat] analyzing insert size distribution for orientation FF...
[M::mem_pestat] (25, 50, 75) percentile: (304, 405, 1651)
[M::mem_pestat] low and high boundaries for computing mean and std.dev: (1, 4345)
[M::mem_pestat] mean and std.dev: (644.00, 760.63)
[M::mem_pestat] low and high boundaries for proper pairs: (1, 5692)
[M::mem_pestat] analyzing insert size distribution for orientation FR...
[M::mem_pestat] (25, 50, 75) percentile: (270, 357, 470)
[M::mem_pestat] low and high boundaries for computing mean and std.dev: (1, 870)
[M::mem_pestat] mean and std.dev: (370.92, 144.58)
[M::mem_pestat] low and high boundaries for proper pairs: (1, 1070)
[M::mem_pestat] analyzing insert size distribution for orientation RF...
[M::mem_pestat] (25, 50, 75) percentile: (386, 1361, 3471)
[M::mem_pestat] low and high boundaries for computing mean and std.dev: (1, 9641)
[M::mem_pestat] mean and std.dev: (2448.76, 2789.38)
[M::mem_pestat] low and high boundaries for proper pairs: (1, 13606)
[M::mem_pestat] analyzing insert size distribution for orientation RR...
[M::mem_pestat] (25, 50, 75) percentile: (215, 310, 1822)
[M::mem_pestat] low and high boundaries for computing mean and std.dev: (1, 5036)
[M::mem_pestat] mean and std.dev: (667.42, 752.05)
[M::mem_pestat] low and high boundaries for proper pairs: (1, 6643)
[M::mem_pestat] skip orientation FF
[M::mem_pestat] skip orientation RF
[M::mem_pestat] skip orientation RR
[M::process] read 1066668 sequences (160000200 bp)...
[M::mem_process_seqs] Processed 1066668 reads in 875.903 CPU sec, 57.199 real sec
[M::mem_pestat] # candidate unique pairs for (FF, FR, RF, RR): (36, 215867, 79, 52)
[M::mem_pestat] analyzing insert size distribution for orientation FF...
[M::mem_pestat] (25, 50, 75) percentile: (277, 400, 1538)
[M::mem_pestat] low and high boundaries for computing mean and std.dev: (1, 4060)
[M::mem_pestat] mean and std.dev: (578.81, 517.52)
[M::mem_pestat] low and high boundaries for proper pairs: (1, 5321)
[M::mem_pestat] analyzing insert size distribution for orientation FR...
[M::mem_pestat] (25, 50, 75) percentile: (270, 356, 465)
[M::mem_pestat] low and high boundaries for computing mean and std.dev: (1, 855)
[M::mem_pestat] mean and std.dev: (369.32, 142.43)
[M::mem_pestat] low and high boundaries for proper pairs: (1, 1050)
[M::mem_pestat] analyzing insert size distribution for orientation RF...
[M::mem_pestat] (25, 50, 75) percentile: (301, 1101, 5692)
[M::mem_pestat] low and high boundaries for computing mean and std.dev: (1, 16474)
[M::mem_pestat] mean and std.dev: (2713.87, 3047.42)
[M::mem_pestat] low and high boundaries for proper pairs: (1, 21865)
[M::mem_pestat] analyzing insert size distribution for orientation RR...
[M::mem_pestat] (25, 50, 75) percentile: (254, 530, 1195)
[M::mem_pestat] low and high boundaries for computing mean and std.dev: (1, 3077)
[M::mem_pestat] mean and std.dev: (663.40, 482.94)
[M::mem_pestat] low and high boundaries for proper pairs: (1, 4018)
[M::mem_pestat] skip orientation FF
[M::mem_pestat] skip orientation RF
[M::mem_pestat] skip orientation RR
[M::process] read 1066668 sequences (160000200 bp)...
[M::mem_process_seqs] Processed 1066668 reads in 891.124 CPU sec, 58.320 real sec
[M::mem_pestat] # candidate unique pairs for (FF, FR, RF, RR): (45, 217240, 82, 61)
[M::mem_pestat] analyzing insert size distribution for orientation FF...
[M::mem_pestat] (25, 50, 75) percentile: (292, 813, 2305)
[M::mem_pestat] low and high boundaries for computing mean and std.dev: (1, 6331)
[M::mem_pestat] mean and std.dev: (1429.48, 1555.42)
[M::mem_pestat] low and high boundaries for proper pairs: (1, 8344)
[M::mem_pestat] analyzing insert size distribution for orientation FR...
[M::mem_pestat] (25, 50, 75) percentile: (268, 354, 463)
[M::mem_pestat] low and high boundaries for computing mean and std.dev: (1, 853)
[M::mem_pestat] mean and std.dev: (366.69, 141.32)
[M::mem_pestat] low and high boundaries for proper pairs: (1, 1048)
[M::mem_pestat] analyzing insert size distribution for orientation RF...
[M::mem_pestat] (25, 50, 75) percentile: (369, 1414, 3293)
[M::mem_pestat] low and high boundaries for computing mean and std.dev: (1, 9141)
[M::mem_pestat] mean and std.dev: (2288.63, 2666.17)
[M::mem_pestat] low and high boundaries for proper pairs: (1, 12953)
[M::mem_pestat] analyzing insert size distribution for orientation RR...
[M::mem_pestat] (25, 50, 75) percentile: (239, 357, 1858)
[M::mem_pestat] low and high boundaries for computing mean and std.dev: (1, 5096)
[M::mem_pestat] mean and std.dev: (762.89, 875.50)
[M::mem_pestat] low and high boundaries for proper pairs: (1, 6715)
[M::mem_pestat] skip orientation FF
[M::mem_pestat] skip orientation RF
[M::mem_pestat] skip orientation RR
[M::process] read 1066668 sequences (160000200 bp)...
[M::mem_process_seqs] Processed 1066668 reads in 882.091 CPU sec, 57.825 real sec
[M::mem_pestat] # candidate unique pairs for (FF, FR, RF, RR): (47, 217387, 59, 28)
[M::mem_pestat] analyzing insert size distribution for orientation FF...
[M::mem_pestat] (25, 50, 75) percentile: (222, 460, 1438)
[M::mem_pestat] low and high boundaries for computing mean and std.dev: (1, 3870)
[M::mem_pestat] mean and std.dev: (705.60, 693.30)
[M::mem_pestat] low and high boundaries for proper pairs: (1, 5086)
[M::mem_pestat] analyzing insert size distribution for orientation FR...
[M::mem_pestat] (25, 50, 75) percentile: (269, 354, 462)
[M::mem_pestat] low and high boundaries for computing mean and std.dev: (1, 848)
[M::mem_pestat] mean and std.dev: (367.45, 141.33)
[M::mem_pestat] low and high boundaries for proper pairs: (1, 1041)
[M::mem_pestat] analyzing insert size distribution for orientation RF...
[M::mem_pestat] (25, 50, 75) percentile: (250, 1479, 5066)
[M::mem_pestat] low and high boundaries for computing mean and std.dev: (1, 14698)
[M::mem_pestat] mean and std.dev: (2825.15, 3025.05)
[M::mem_pestat] low and high boundaries for proper pairs: (1, 19514)
[M::mem_pestat] analyzing insert size distribution for orientation RR...
[M::mem_pestat] (25, 50, 75) percentile: (192, 424, 2414)
[M::mem_pestat] low and high boundaries for computing mean and std.dev: (1, 6858)
[M::mem_pestat] mean and std.dev: (1577.07, 2278.07)
[M::mem_pestat] low and high boundaries for proper pairs: (1, 10689)
[M::mem_pestat] skip orientation FF
[M::mem_pestat] skip orientation RF
[M::mem_pestat] skip orientation RR
[M::process] read 1066668 sequences (160000200 bp)...
[M::mem_process_seqs] Processed 1066668 reads in 888.476 CPU sec, 59.324 real sec
[M::mem_pestat] # candidate unique pairs for (FF, FR, RF, RR): (34, 218931, 89, 48)
[M::mem_pestat] analyzing insert size distribution for orientation FF...
[M::mem_pestat] (25, 50, 75) percentile: (357, 576, 1201)
[M::mem_pestat] low and high boundaries for computing mean and std.dev: (1, 2889)
[M::mem_pestat] mean and std.dev: (690.32, 529.31)
[M::mem_pestat] low and high boundaries for proper pairs: (1, 3733)
[M::mem_pestat] analyzing insert size distribution for orientation FR...
[M::mem_pestat] (25, 50, 75) percentile: (270, 353, 462)
[M::mem_pestat] low and high boundaries for computing mean and std.dev: (1, 846)
[M::mem_pestat] mean and std.dev: (367.98, 141.51)
[M::mem_pestat] low and high boundaries for proper pairs: (1, 1038)
[M::mem_pestat] analyzing insert size distribution for orientation RF...
[M::mem_pestat] (25, 50, 75) percentile: (169, 467, 4118)
[M::mem_pestat] low and high boundaries for computing mean and std.dev: (1, 12016)
[M::mem_pestat] mean and std.dev: (2177.18, 3011.83)
[M::mem_pestat] low and high boundaries for proper pairs: (1, 15965)
[M::mem_pestat] analyzing insert size distribution for orientation RR...
[M::mem_pestat] (25, 50, 75) percentile: (330, 679, 777)
[M::mem_pestat] low and high boundaries for computing mean and std.dev: (1, 1671)
[M::mem_pestat] mean and std.dev: (531.11, 301.92)
[M::mem_pestat] low and high boundaries for proper pairs: (1, 2118)
[M::mem_pestat] skip orientation FF
[M::mem_pestat] skip orientation RF
[M::mem_pestat] skip orientation RR
[M::process] read 1066668 sequences (160000200 bp)...
[M::mem_process_seqs] Processed 1066668 reads in 898.058 CPU sec, 59.170 real sec
[M::mem_pestat] # candidate unique pairs for (FF, FR, RF, RR): (40, 219216, 62, 28)
[M::mem_pestat] analyzing insert size distribution for orientation FF...
[M::mem_pestat] (25, 50, 75) percentile: (203, 320, 774)
[M::mem_pestat] low and high boundaries for computing mean and std.dev: (1, 1916)
[M::mem_pestat] mean and std.dev: (402.56, 393.17)
[M::mem_pestat] low and high boundaries for proper pairs: (1, 2487)
[M::mem_pestat] analyzing insert size distribution for orientation FR...
[M::mem_pestat] (25, 50, 75) percentile: (271, 354, 462)
[M::mem_pestat] low and high boundaries for computing mean and std.dev: (1, 844)
[M::mem_pestat] mean and std.dev: (368.64, 140.13)
[M::mem_pestat] low and high boundaries for proper pairs: (1, 1035)
[M::mem_pestat] analyzing insert size distribution for orientation RF...
[M::mem_pestat] (25, 50, 75) percentile: (230, 975, 5234)
[M::mem_pestat] low and high boundaries for computing mean and std.dev: (1, 15242)
[M::mem_pestat] mean and std.dev: (2869.98, 3317.99)
[M::mem_pestat] low and high boundaries for proper pairs: (1, 20246)
[M::mem_pestat] analyzing insert size distribution for orientation RR...
[M::mem_pestat] (25, 50, 75) percentile: (246, 330, 514)
[M::mem_pestat] low and high boundaries for computing mean and std.dev: (1, 1050)
[M::mem_pestat] mean and std.dev: (328.87, 181.83)
[M::mem_pestat] low and high boundaries for proper pairs: (1, 1318)
[M::mem_pestat] skip orientation FF
[M::mem_pestat] skip orientation RF
[M::mem_pestat] skip orientation RR
[M::process] read 1066668 sequences (160000200 bp)...
[M::mem_process_seqs] Processed 1066668 reads in 905.682 CPU sec, 60.225 real sec
[M::mem_pestat] # candidate unique pairs for (FF, FR, RF, RR): (35, 219022, 72, 30)
[M::mem_pestat] analyzing insert size distribution for orientation FF...
[M::mem_pestat] (25, 50, 75) percentile: (223, 288, 1458)
[M::mem_pestat] low and high boundaries for computing mean and std.dev: (1, 3928)
[M::mem_pestat] mean and std.dev: (659.91, 768.64)
[M::mem_pestat] low and high boundaries for proper pairs: (1, 5163)
[M::mem_pestat] analyzing insert size distribution for orientation FR...
[M::mem_pestat] (25, 50, 75) percentile: (269, 350, 457)
[M::mem_pestat] low and high boundaries for computing mean and std.dev: (1, 833)
[M::mem_pestat] mean and std.dev: (364.63, 138.43)
[M::mem_pestat] low and high boundaries for proper pairs: (1, 1021)
[M::mem_pestat] analyzing insert size distribution for orientation RF...
[M::mem_pestat] (25, 50, 75) percentile: (235, 1547, 6099)
[M::mem_pestat] low and high boundaries for computing mean and std.dev: (1, 17827)
[M::mem_pestat] mean and std.dev: (3138.03, 3359.70)
[M::mem_pestat] low and high boundaries for proper pairs: (1, 23691)
[M::mem_pestat] analyzing insert size distribution for orientation RR...
[M::mem_pestat] (25, 50, 75) percentile: (242, 420, 665)
[M::mem_pestat] low and high boundaries for computing mean and std.dev: (1, 1511)
[M::mem_pestat] mean and std.dev: (427.15, 234.50)
[M::mem_pestat] low and high boundaries for proper pairs: (1, 1934)
[M::mem_pestat] skip orientation FF
[M::mem_pestat] skip orientation RF
[M::mem_pestat] skip orientation RR
[M::process] read 1066668 sequences (160000200 bp)...
[M::mem_process_seqs] Processed 1066668 reads in 898.539 CPU sec, 59.082 real sec
[M::mem_pestat] # candidate unique pairs for (FF, FR, RF, RR): (46, 218914, 78, 38)
[M::mem_pestat] analyzing insert size distribution for orientation FF...
[M::mem_pestat] (25, 50, 75) percentile: (270, 488, 1772)
[M::mem_pestat] low and high boundaries for computing mean and std.dev: (1, 4776)
[M::mem_pestat] mean and std.dev: (1022.24, 1137.72)
[M::mem_pestat] low and high boundaries for proper pairs: (1, 6278)
[M::mem_pestat] analyzing insert size distribution for orientation FR...
[M::mem_pestat] (25, 50, 75) percentile: (271, 352, 457)
[M::mem_pestat] low and high boundaries for computing mean and std.dev: (1, 829)
[M::mem_pestat] mean and std.dev: (365.76, 137.68)
[M::mem_pestat] low and high boundaries for proper pairs: (1, 1015)
[M::mem_pestat] analyzing insert size distribution for orientation RF...
[M::mem_pestat] (25, 50, 75) percentile: (433, 1115, 5139)
[M::mem_pestat] low and high boundaries for computing mean and std.dev: (1, 14551)
[M::mem_pestat] mean and std.dev: (2543.08, 2867.40)
[M::mem_pestat] low and high boundaries for proper pairs: (1, 19257)
[M::mem_pestat] analyzing insert size distribution for orientation RR...
[M::mem_pestat] (25, 50, 75) percentile: (285, 505, 818)
[M::mem_pestat] low and high boundaries for computing mean and std.dev: (1, 1884)
[M::mem_pestat] mean and std.dev: (502.61, 317.37)
[M::mem_pestat] low and high boundaries for proper pairs: (1, 2417)
[M::mem_pestat] skip orientation FF
[M::mem_pestat] skip orientation RF
[M::mem_pestat] skip orientation RR
[M::process] read 413062 sequences (61959300 bp)...
[M::mem_process_seqs] Processed 1066668 reads in 899.112 CPU sec, 59.617 real sec
[M::mem_pestat] # candidate unique pairs for (FF, FR, RF, RR): (26, 84486, 27, 13)
[M::mem_pestat] analyzing insert size distribution for orientation FF...
[M::mem_pestat] (25, 50, 75) percentile: (311, 1403, 5938)
[M::mem_pestat] low and high boundaries for computing mean and std.dev: (1, 17192)
[M::mem_pestat] mean and std.dev: (3695.46, 3807.84)
[M::mem_pestat] low and high boundaries for proper pairs: (1, 22819)
[M::mem_pestat] analyzing insert size distribution for orientation FR...
[M::mem_pestat] (25, 50, 75) percentile: (272, 355, 459)
[M::mem_pestat] low and high boundaries for computing mean and std.dev: (1, 833)
[M::mem_pestat] mean and std.dev: (367.11, 137.58)
[M::mem_pestat] low and high boundaries for proper pairs: (1, 1020)
[M::mem_pestat] analyzing insert size distribution for orientation RF...
[M::mem_pestat] (25, 50, 75) percentile: (509, 626, 1122)
[M::mem_pestat] low and high boundaries for computing mean and std.dev: (1, 2348)
[M::mem_pestat] mean and std.dev: (668.58, 513.88)
[M::mem_pestat] low and high boundaries for proper pairs: (1, 2961)
[M::mem_pestat] analyzing insert size distribution for orientation RR...
[M::mem_pestat] (25, 50, 75) percentile: (378, 883, 3956)
[M::mem_pestat] low and high boundaries for computing mean and std.dev: (1, 11112)
[M::mem_pestat] mean and std.dev: (1793.69, 1839.90)
[M::mem_pestat] low and high boundaries for proper pairs: (1, 14690)
[M::mem_pestat] skip orientation FF
[M::mem_pestat] skip orientation RF
[M::mem_pestat] skip orientation RR
[M::mem_process_seqs] Processed 413062 reads in 354.036 CPU sec, 24.305 real sec
[main] Version: 0.7.19-r1273
[main] CMD: bwa mem -t 16 -R @RG\tID:Coos_Bay_10\tSM:Coos_Bay_10\tLB:Coos_Bay_10\tPL:ILLUMINA output/05_realign_xbOstLuri2/reference/GCA_061535525.1_xbOstLuri2_USDA-ARS_PSRF_primary_genomic.fna data/raw/Coos_Bay_10_S107_L004_R1_001.fastq.gz data/raw/Coos_Bay_10_S107_L004_R2_001.fastq.gz
[main] Real time: 4293.295 sec; CPU: 64303.641 sec
[bam_sort_core] merging from 4 files and 8 in-memory blocks...
end 2026-09-27T13:13:22Z sample=Coos_Bay_10
