network	station_id	station_name	station_type	owner	lat	lon
NDBC	0y2w3	Sturgeon Bay CG Station, WI	Weather Station	CG	44.794	-87.313
NDBC	13001	NE Extension	Atlas Buoy	PR	12.0	-23.0
NDBC	13002	NE Extension	Atlas Buoy	PR	21.0	-23.0
NDBC	13008	Reggae	Atlas Buoy	PR	15.0	-38.0
NDBC	13009	Lambada	Atlas Buoy	PR	8.0	-38.0
NDBC	13010	Soul	Atlas Buoy	PR	0.0	0.0
NDBC	14040		Atlas Buoy	RM	-8.0	67.0
NDBC	14041		Atlas Buoy	RM	-8.0	55.0
NDBC	14043		Atlas Buoy	RM	-12.0	67.0
NDBC	14047		Atlas Buoy	RM	-4.0	57.0
NDBC	14048		Atlas Buoy	RM	-8.0	65.0
NDBC	14049		Atlas Buoy	RM	-12.0	65.0
NDBC	15001	Gavotte	Atlas Buoy	PR	-10.0	-10.0
NDBC	15002	Java	Atlas Buoy	PR	0.0	-10.0
NDBC	15006	Valse	Atlas Buoy	PR	-6.0	-10.0
NDBC	15007	SE Extension	Atlas Buoy	PR	-6.0	8.0
NDBC	15008			PR	-20.0	-10.0
NDBC	15009			PR	0.0	-3.051
NDBC	1801583	SD 1063 - 24 NM SSW of San Francisco, CA (Site of 46012)	Uncrewed Surface Vehicle	N	37.356	-122.881
NDBC	1801589	SD 1073 - 24 NM SSW of San Francisco, CA (Site of 46012)	Uncrewed Surface Vehicle	N	37.356	-122.881
NDBC	1801593	SD 1077 - 24 NM SSW of San Francisco, CA (Site of 46012)	Uncrewed Surface Vehicle	N	37.356	-122.881
NDBC	18ci3	Michigan City CG Station, IN	Weather Station	CG	41.73	-86.91
NDBC	20cm4	St. Joseph CG Station, MI	Weather Station	CG	42.09	-86.49
NDBC	21178	South of Shikoku	Buoy	JM	33.12	133.62
NDBC	21346	21346  380km East of Iwate, Japan	STB - SAIC Tsunami Buoy	JM	40.302	146.192
NDBC	21347	21347  320km East of Iwate, Japan	STB - SAIC Tsunami Buoy	JM	39.601	145.799
NDBC	21348	21348   350km East of Miyagi, Japan	STB - SAIC Tsunami Buoy	JM	38.816	145.595
NDBC	21401	250NM Southeast of Iturup Island	STB - SAIC Tsunami Buoy	HY	42.617	152.583
NDBC	21402	286NM East of Simushir Island	ETD	HY	46.488	158.343
NDBC	21413	SOUTHEAST TOKYO - 700NM ESE of Tokyo, JP	2.6-meter discus buoy	N	30.487	152.124
NDBC	21414	AMCHITKA - 170 NM South of Amchitka, AK	2.6-meter discus buoy	N	48.977	178.199
NDBC	21415	ATTU - 175 NM South of Attu, AK	2.6-meter discus buoy	N	50.12	171.867
NDBC	21416	KAMCHATKA PENINSULA - 240NM SE of Kamchatka Peninsula, RU	2.6-meter discus buoy	N	48.126	163.355
NDBC	21417	290NM SE of the Kuril Islands	2.6-meter discus buoy	N	43.192	157.142
NDBC	21418	NORTHEAST TOKYO - 450 NM NE of Tokyo, JP	2.6-meter discus buoy	N	38.84	148.753
NDBC	21419	KURIL ISLANDS - 209NM SE of Kuril Is.	2.6-meter discus buoy	N	44.401	155.653
NDBC	21420	SOUTHEAST MIYAZAKI - 260NM Southeast of Miyazaki	2.6-meter discus buoy	N	28.98	134.973
NDBC	21595	Drifter	Drifting Buoy	JM	36.7	-132.167
NDBC	21597	Drifter	Drifting Buoy	JM	32.8	155.2
NDBC	21598	Drifter	Drifting Buoy	JM	31.3	152.7
NDBC	21600	Drifter	Drifting Buoy	JM	40.7	154.5
NDBC	21636	Drifter	Drifting Buoy	JM	31.5	127.4
NDBC	21637	Drifter	Drifting Buoy	JM	29.3	141.25
NDBC	21640	Drifter	Drifting Buoy	JM	28.3	135.5
NDBC	21707		Drifting Buoy	JM	25.0	136.0
NDBC	21d13	SOUTHEAST TOKYO - 700NM ESE of Tokyo, JP	2.6-meter discus buoy	N	30.514	152.123
NDBC	21d20	Adrift buoy from 21420	2.6 meter DART buoy	N	28.91	134.999
NDBC	22101		Buoy	KO	37.23	126.02
NDBC	22102		Buoy	KO	34.8	125.77
NDBC	22103		Buoy	KO	34.0	127.5
NDBC	22104		Buoy	KO	34.77	128.9
NDBC	22105		Buoy	KO	37.53	130.0
NDBC	22106		Buoy	KO	36.35	129.78
NDBC	22107		Buoy	KO	33.08	126.03
NDBC	22108		Buoy	KO	36.25	125.75
NDBC	23001		Atlas Buoy	RM	0.0	81.0
NDBC	23003		Atlas Buoy	RM	-2.0	81.0
NDBC	23004		Atlas Buoy	RM	0.0	90.0
NDBC	23006		Atlas Buoy	RM	4.0	90.0
NDBC	23007		Atlas Buoy	RM	8.0	90.0
NDBC	23008		Atlas Buoy	RM	12.0	90.0
NDBC	23009		Atlas Buoy	RM	15.0	90.0
NDBC	23010		Atlas Buoy	RM	-4.0	81.0
NDBC	23011		Atlas Buoy	RM	15.0	65.0
NDBC	23012		Atlas Buoy	RM	8.0	67.0
NDBC	23013		Atlas Buoy	RM	4.0	67.0
NDBC	23014		Atlas Buoy	RM	2.0	67.0
NDBC	23015		Atlas Buoy	RM	0.0	67.0
NDBC	23016		Atlas Buoy	RM	-2.0	67.0
NDBC	23017		Atlas Buoy	RM	-4.0	67.0
NDBC	23019		Atlas Buoy	RM	-4.0	65.0
NDBC	23020	Red Sea	Buoy	KA	22.162	38.5
NDBC	23217	Bay of Bengal IN3	STB - SAIC Tsunami Buoy	IS	3.798	91.701
NDBC	23218	Bay of Bengal IN4	Indian Tsunami Buoy	OT	10.165	88.5
NDBC	23219	Bay of Bengal	STB - SAIC Tsunami Buoy	IS	13.472	88.998
NDBC	23220	Bay of Bengal	Indian Tsunami Buoy	OT	14.433	89.333
NDBC	23223	Bay of Bengal	Indian Tsunami Buoy	OT	17.333	89.483
NDBC	23225		STB - SAIC Tsunami Buoy	OT	18.63	67.18
NDBC	23226	Arabian Sea	Indian Tsunami Buoy	OT	20.2	67.333
NDBC	23227	Bay of Bengal	STB - SAIC Tsunami Buoy	IS	6.265	88.653
NDBC	23228	Arabian Sea	STB - SAIC Tsunami Buoy	IS	20.764	65.284
NDBC	23401	BAY OF BENGAL - 600 NM WNW of Phuket, Thailand	STB - SAIC Tsunami Buoy	TH	8.86	88.55
NDBC	23461	ANDAMAN SEA - 180 NM NW of Phuket, Thailand	ETD	TH	9.534	95.669
NDBC	28401	Kuroshio Extension Observatory (KEO)	Buoy	PM	32.384	144.54
NDBC	31001	Samba	Atlas Buoy	PR	0.0	-35.0
NDBC	31002	Frevo	Atlas Buoy	PR	4.0	-38.0
NDBC	31003	Para?ba	Atlas Buoy	PR	-8.0	-30.0
NDBC	31004	Salvador	Atlas Buoy	PR	-14.0	-32.0
NDBC	31005	Espirito Santo	Atlas Buoy	PR	-19.0	-34.0
NDBC	31006	NE Extension	Atlas Buoy	PR	4.0	-23.0
NDBC	31007	Jazz	Atlas Buoy	PR	0.0	-23.0
NDBC	31051	Santos	Buoy	HC	-25.283	-44.933
NDBC	31052	RECIFE	Buoy	HC	-8.15	-34.567
NDBC	31053	RIO GRANDE DO SUL	Buoy	HC	-32.595	-51.353
NDBC	31201	Floripa, Brazil (109)	Waverider Buoy	R	-27.705	-48.134
NDBC	31260		Buoy	HC	-23.031	-43.088
NDBC	31261		Buoy	IP	-31.538	-49.862
NDBC	31478		Buoy	IP	-22.882	-43.132
NDBC	32012	Woods Hole Stratus Wave Station	2.4-meter discus buoy	WH	-19.425	-85.078
NDBC	3202520	San Cristobal - Galapagos (B1-S)	2.4-meter foam hull buoy	IR	-4.148	-89.008
NDBC	3202521	Isabela - Galapagos (B2-W)	2.4-meter foam hull buoy	IR	-0.525	-81.386
NDBC	32066	Ecuador INOCAR	2.6-meter discus buoy	IR	-1.136	-81.765
NDBC	32067	ECUADOR INOCAR	2.6-meter discus buoy	IR	0.641	-81.262
NDBC	32068	Manta - 58 NM West of Manta, Ecuador	2.4-meter foam hull buoy	IR	-0.891	-81.637
NDBC	32069	Esmeraldas - 71 NM West of Pedernales, Ecuador	2.4-meter foam hull buoy	IR	0.278	-81.185
NDBC	32301		3-meter discus buoy	N	-9.9	-105.2
NDBC	32302		3-meter discus buoy	N	-18.0	-85.1
NDBC	32401	180 NM West of Iquique, Chile	2.6-meter discus buoy	E	-20.611	-73.394
NDBC	32402	180 NM  West of Caldera, Chile	2.6-meter discus buoy	E	-26.743	-73.983
NDBC	32403	91NM West of Antofagasta, Chile	Buoy	CD	-23.163	-72.037
NDBC	32404	120 NM NW of Valparaiso	Buoy	CD	-32.13	-73.797
NDBC	32411	WEST PANAMA - 710 NM WSW of Panama City, Panama	2.6-meter discus buoy	N	4.979	-90.793
NDBC	32412	SOUTHWEST LIMA - 645 NM SW of Lima, Peru	2.6-meter discus buoy	N	-17.984	-86.374
NDBC	32413	NORTHWEST LIMA - 1000 NM WNW of Lima, Peru	2.6-meter discus buoy	N	-7.432	-93.464
NDBC	32487	Buenaventura, Colombia	Offshore Buoy	DC	3.517	-77.737
NDBC	32488	Bahia Solano, Colombia	Offshore Buoy	DC	6.258	-77.511
NDBC	32489	Colombia   121NM SW of Buenaventura, Colombia	2.6-meter discus buoy	DA	2.998	-79.101
NDBC	32st0	Stratus	Ocean Reference Station	WH	-22.0	-85.0
NDBC	34002	OOI Southern Ocean Buoy	Moored Buoy	OO	-55.0	-90.0
NDBC	34420	119NM NW of Concepcion, Chile	Buoy	CD	-35.758	-75.243
NDBC	41001	EAST HATTERAS - 150 NM East of Cape Hatteras	3-meter foam buoy	N	34.738	-72.503
NDBC	41002	SOUTH HATTERAS - 225 NM South of Cape Hatteras	3-meter foam buoy	N	31.743	-74.955
NDBC	41003		6-meter NOMAD buoy	N	30.4	-80.1
NDBC	41004	EDISTO - 41 NM Southeast of Charleston, SC	3-meter foam buoy	N	32.502	-79.099
NDBC	41005		6-meter NOMAD buoy	N	31.7	-79.7
NDBC	41006		6-meter NOMAD buoy	N	29.3	-77.4
NDBC	41007		3-meter discus buoy	N	34.2	-76.5
NDBC	41008	GRAYS REEF - 40 NM Southeast of Savannah, GA	3-meter discus buoy	N	31.4	-80.866
NDBC	41009	CANAVERAL 20 NM East of Cape Canaveral, FL	3-meter discus buoy	N	28.508	-80.185
NDBC	41010	CANAVERAL EAST - 120NM East of Cape Canaveral	2.1-meter ionomer foam buoy	N	28.86	-78.478
NDBC	41011		6-meter NOMAD buoy	N	28.2	-80.1
NDBC	41012	St. Augustine, FL 40NM ENE of St Augustine, FL	3-meter discus buoy	N	30.042	-80.534
NDBC	41013	Frying Pan Shoals, NC	3-meter discus buoy	N	33.436	-77.764
NDBC	41015		3-meter discus buoy	N	35.4	-75.3
NDBC	41016		12-meter discus buoy	N	24.6	-76.5
NDBC	41017		3-meter discus buoy	N	35.4	-75.1
NDBC	41018		3-meter discus buoy	N	15.0	-75.0
NDBC	41021	Olympic Northeast	3-meter discus buoy	N	31.92	-80.85
NDBC	41022	Olympic Southwest	3-meter discus buoy	N	31.89	-80.86
NDBC	41023	Olympic Southwest	3-meter discus buoy	N	31.92	-80.93
NDBC	41024	Sunset Nearshore, NC (SUN2)	Moored Buoy	CR	33.837	-78.477
NDBC	41025	Diamond Shoals, NC	3-meter foam buoy	N	35.026	-75.38
NDBC	41026	Forro	Atlas Buoy	PR	12.0	-38.0
NDBC	41027	Sunset Mid-Shelf (SUN 3)	Offshore Buoy	A	33.302	-78.137
NDBC	41029	Capers Nearshore, SC (CAP2)	Moored Buoy	CR	32.803	-79.624
NDBC	41030	Capers Mid-Shelf (CAP 3)	Offshore Buoy	A	32.52	-79.34
NDBC	41033	Fripp Nearshore, SC (FRP2)	Moored Buoy	CR	32.279	-80.406
NDBC	41035	Onslow Bay Inner, NC	3-meter discus buoy	N	34.476	-77.28
NDBC	41036	Onslow Bay Outer, NC	3-meter discus buoy	N	34.207	-76.949
NDBC	41037	Wrightsville Beach Offshore, NC (ILM3)	Moored Buoy	CR	33.988	-77.362
NDBC	41038	Wrightsville Beach Nearshore, NC (ILM2)	Moored Buoy	CR	34.141	-77.715
NDBC	41040	NORTH EQUATORIAL ONE- 470 NM East of Martinique	3-meter foam buoy	N	14.568	-53.037
NDBC	41041	NORTH EQUATORIAL TWO - 890 NM East of Martinique	2.1-meter ionomer foam buoy	N	14.259	-46.052
NDBC	41043	NE PUERTO RICO - 170 NM NNE of San Juan, PR	3-meter foam buoy	N	21.09	-64.864
NDBC	41044	NE ST MARTIN - 330 NM NE St Martin Is	3-meter discus buoy	N	21.582	-58.63
NDBC	41046	EAST BAHAMAS - 335 NM East of San Salvador Is,  Bahamas	3-meter foam buoy	N	23.84	-68.34
NDBC	41047	NE BAHAMAS - 350 NM ENE of Nassau, Bahamas	3-meter foam buoy	N	27.557	-71.48
NDBC	41048	WEST BERMUDA - 240 NM West of Bermuda	3-meter foam buoy	N	31.878	-69.722
NDBC	41049	SOUTH BERMUDA - 300 NM SSE of Bermuda	3-meter foam buoy	N	27.505	-62.271
NDBC	41051	South of St. Thomas, VI	Moored Buoy	CI	18.257	-65.004
NDBC	41052	South of St. John, VI	Moored Buoy	CI	18.249	-64.763
NDBC	41053	San Juan, PR	Moored Buoy	CI	18.474	-66.099
NDBC	41056	Vieques Island, PR	Moored Buoy	CI	18.261	-65.464
NDBC	41057	Puerto Plata, DO	Moored Buoy	IC	19.833	-70.731
NDBC	41058	North of St. Thomas, VI	Moored Buoy	CI	18.476	-65.157
NDBC	41060	Woods Hole Northwest Tropical Atlantic Wave Station	2.4-meter discus buoy	WH	14.824	-51.017
NDBC	41061	Woods Hole SPURS Wave Station	2.4-meter discus buoy	WH	24.581	-38.0
NDBC	41062	Hatteras Bay (B1)	Buoy	UB	35.778	-75.095
NDBC	41063	Raleigh Bay (B2)	Buoy	UB	34.782	-75.941
NDBC	41064	Onslow Bay Outer, NC (LEJ3)	Moored Buoy	CR	34.207	-76.949
NDBC	41065	Capers Nearshore Waves (CAP2WAVE)	Moored Buoy	CR	32.802	-79.619
NDBC	41066	CHR60	Moored Buoy	CR	32.536	-79.656
NDBC	41067	FRP2WAVE	Moored Buoy	CR	32.276	-80.406
NDBC	41068	Fort Pierce, FL (FTP)	Moored Buoy	CR	27.593	-80.189
NDBC	41069	Ponce de Leon Inlet, FL (PNC)	Moored Buoy	CR	29.289	-80.803
NDBC	41070	Ponce de Leon Inlet Waves (PNCWAVE)	Moored Buoy	CR	29.289	-80.803
NDBC	41076	CHR60WAVE	Moored Buoy	CR	32.536	-79.659
NDBC	41082	OOI Pioneer - Mid-Atlantic Bight Central Surface Mooring	Moored Buoy	OO	35.95	-75.125
NDBC	41083	OOI Pioneer - Mid-Atlantic Bight Southern Surface Mooring	Moored Buoy	OO	35.725	-74.853
NDBC	41096	North of Guadeloupe	Buoy	F	16.533	-61.404
NDBC	41097	Fort-de-France, Martinique	Buoy	F	14.48	-61.096
NDBC	41098	North of Martinique	Buoy	F	14.894	-61.113
NDBC	41100	East of Guadeloupe	Buoy	F	15.9	-57.883
NDBC	41101	East of Martinique	Buoy	F	14.6	-56.201
NDBC	41108	Wilmington Harbor, NC - (200)	Waverider Buoy	R	33.719	-78.016
NDBC	41109	New River Inlet, NC - (190)	Waverider Buoy	R	34.484	-77.3
NDBC	41110	Masonboro Inlet, ILM2, NC (150)	Waverider Buoy	CR	34.144	-77.715
NDBC	41112	Offshore Fernandina Beach, FL (132)	Waverider Buoy	R	30.709	-81.292
NDBC	41113	Cape Canaveral Nearshore, FL (143)	Waverider Buoy	R	28.4	-80.533
NDBC	41114	Fort Pierce, FL (134)	Waverider Buoy	R	27.552	-80.216
NDBC	41115	Rincon, Puerto Rico (181)	Waverider Buoy	CI	18.376	-67.28
NDBC	41116	Oculina Bank North, FL (227)	Waverider Buoy	R	28.523	-80.188
NDBC	41117	St. Augustine, FL (194)	Waverider Buoy	AC	29.999	-81.079
NDBC	41118	Chester Shoal, FL (228)	Waverider Buoy	R	28.609	-80.59
NDBC	41119	Sunset Beach, NC - (245)	Waverider Buoy	CR	33.842	-78.483
NDBC	41120	Cape Hatteras East, NC (250)	Waverider Buoy	R	35.258	-75.285
NDBC	41121	Arecibo, Puerto Rico (249)	Waverider Buoy	CI	18.491	-66.701
NDBC	41122	Hollywood Beach, FL (265)	Waverider Buoy	R	26.001	-80.096
NDBC	41139		Atlas Buoy	PR	20.0	-38.0
NDBC	41140	Christiansted, St. Croix, Virgin Islands	Waverider Buoy	R	17.769	-64.723
NDBC	41141	Fareham, St. Croix, Virgin Islands	Waverider Buoy	R	17.684	-64.635
NDBC	41159	Onslow Bay Outer, NC (217)	Waverider Buoy	CR	34.211	-76.944
NDBC	41193	Puerto Bolivar, Colombia	Offshore Buoy	DC	12.351	-72.218
NDBC	41194	Barranquilla, Colombia	Offshore Buoy	DC	11.161	-74.681
NDBC	41300	West Indies		F	15.85	-57.467
NDBC	41420	NORTH SANTO DOMINGO - 328NM NNE of Santo Domingo, DO	2.6-meter discus buoy	N	23.433	-67.386
NDBC	41421	NORTH ST THOMAS - 300 NM North of St Thomas, Virgin Is	2.6-meter discus buoy	N	23.44	-63.834
NDBC	41424	EAST CHARLESTON - 370 NM East of Charleston, SC	2.6-meter discus buoy	N	33.0	-72.66
NDBC	41425	SOUTHWEST BERMUDA - 200 NM SSW of Hamilton, Bermuda	2.6 meter DART buoy	N	28.639	-65.774
NDBC	41554		Drifting Buoy	AO	18.078	-64.743
NDBC	41670		Drifting Buoy	AO	24.71	-28.42
NDBC	41852		Drifting Buoy	AO	23.24	-24.02
NDBC	41904		Drifting Buoy	AO	3.017	90.9
NDBC	41933		Drifting Buoy	AO	44.95	-12.8
NDBC	41a46	EAST BAHAMAS - 335 NM East of San Salvador Is, Bahamas backup	6-meter NOMAD buoy	N	23.838	-68.333
NDBC	41b41	NORTH EQUATORIAL TWO - 890 NM East of Martinique	6-meter NOMAD buoy	N	14.329	-46.082
NDBC	41d20	Adrift from 41420	2.6 meter DART buoy	N	23.375	-67.345
NDBC	41nt0	NTAS - Northwest Tropical Atlantic	Ocean Reference Station	WH	15.0	-51.0
NDBC	41s43	170 NM NNE of San Juan, PR (SCP12)	2.3-meter foam discus buoy	N	21.132	-64.856
NDBC	41s46	335 NM East of San Salvador Is, Bahamas (SCP10)	2.3-meter foam discus buoy	N	23.866	-68.481
NDBC	41x01	Adrift from 41001, 150nm E of Cape Hatteras	3-meter foam buoy	N	34.502	-72.522
NDBC	41x24	370 NM East of Charleston, SC	2.6-meter discus buoy	N	32.93	-72.497
NDBC	41x40	Adrift buoy from 41040	3-meter discus buoy	N	14.536	-53.136
NDBC	41x46	Adrift buoy from 41046	3-meter discus buoy	N	23.822	-68.384
NDBC	41y10	Adrift hull from 41010	3-meter discus buoy	N	28.88	-78.48
NDBC	42001	MID GULF - 180 nm South of Southwest Pass, LA	3-meter foam buoy	N	25.922	-89.638
NDBC	42002	WEST GULF - 207 NM East of Brownsville, TX	3-meter foam buoy	N	25.95	-93.78
NDBC	42003	East GULF - 208 NM West of Naples, FL	2.1-meter ionomer foam buoy	N	25.925	-85.616
NDBC	42004		12-meter discus buoy	N	27.5	-85.5
NDBC	42005		12-meter discus buoy	N	30.0	-85.9
NDBC	42006		6-meter NOMAD buoy	N	26.5	-96.0
NDBC	42007	BILOXI - 22 NM SSE of Biloxi, MS	3-meter discus buoy	N	30.09	-88.769
NDBC	42008		Platform BTA	N	28.7	-95.3
NDBC	42009		10-meter discus buoy	N	29.3	-87.5
NDBC	42010		Platform BTA	N	29.7	-93.4
NDBC	42011		Platform BTA	N	29.7	-93.5
NDBC	42012	ORANGE BEACH - 44 NM SE of Mobile, AL	3-meter discus buoy	N	30.061	-87.547
NDBC	42013	C10 - WFS Central Buoy, 25m Isobath	Offshore Buoy	P	27.173	-82.924
NDBC	42014	C17 - W. FL Sea-Coos	Offshore Buoy	P	25.254	-82.22
NDBC	42015		3-meter discus buoy	N	30.1	-88.2
NDBC	42016		3-meter discus buoy	N	30.2	-88.1
NDBC	42017		3-meter discus buoy	N	27.9	-90.9
NDBC	42018		3-meter discus buoy	N	30.0	-88.2
NDBC	42019	FREEPORT, TX - 60 NM South of Freeport, TX	2.1-meter ionomer foam buoy	N	27.908	-95.343
NDBC	42020	CORPUS CHRISTI, TX - 60NM SSE of Corpus Christi, TX	3-meter discus buoy	N	26.97	-96.679
NDBC	42021	C14 - Pasco County Buoy, FL	Offshore Buoy	P	28.311	-83.306
NDBC	42022	C12 - WFS Central Buoy, 50m Isobath	Offshore Buoy	P	27.505	-83.741
NDBC	42023	C13 - WFS South Buoy, 50m Isobath	Offshore Buoy	P	26.01	-83.086
NDBC	42024	C16 - W. FL MERHAB	Offshore Buoy	P	27.464	-84.219
NDBC	42025		1.8-meter discus buoy	N	24.9	-80.4
NDBC	42026	C22 - Loop Current Pressure Point Buoy, 70m Isobath	Offshore Buoy	P	25.171	-83.475
NDBC	42027	C23 - FLRACEP nWFS Buoy, 45m isobath	Moored Buoy	P	29.045	-85.305
NDBC	42028	C24 - FLRACEP nWFS Buoy, 58m isobath	Moored Buoy	P	29.745	-86.227
NDBC	42031	West End CP, AL	Moored Buoy	DI	30.09	-88.212
NDBC	42035	GALVESTON,TX -  22 NM East of Galveston, TX	3-meter foam buoy	N	29.235	-94.41
NDBC	42036	WEST TAMPA  - 112 NM WNW of Tampa, FL	3-meter discus buoy	N	28.5	-84.505
NDBC	42037		2.4-meter discus buoy	N	24.5	-81.4
NDBC	42038	North Mid Gulf of America	3-meter discus buoy	N	27.421	-92.555
NDBC	42039	PENSACOLA - 115NM SSE of Pensacola, FL	2.1-meter ionomer foam buoy	N	28.768	-86.024
NDBC	42040	LUKE OFFSHORE TEST PLATFORM - 63 NM South of Dauphin Island, AL	3-meter foam buoy	N	29.207	-88.237
NDBC	42041	North Mid Gulf 110NM South of Grand Isle, LA	3-meter discus buoy	N	27.504	-90.462
NDBC	42042	Pascagoula	3-meter discus buoy	N	29.88	-88.32
NDBC	42043	TGLO TABS Buoy B	TABS II	T	28.982	-94.899
NDBC	42044	TGLO TABS Buoy J	TABS II	T	26.191	-97.051
NDBC	42045	TGLO TABS Buoy K	TABS II	T	26.217	-96.5
NDBC	42046	GERG Flower Gardens Buoy N	TABS II	T	27.89	-94.037
NDBC	42047	GERG Flower Gardens Buoy V	TABS II	T	27.897	-93.597
NDBC	42048	TABS D	TABS II	T	27.939	-96.843
NDBC	42049	TABS W	TABS II	T	28.351	-96.006
NDBC	42050	TABS F	TABS II	T	28.842	-94.242
NDBC	42051	TABS R	TABS II	T	29.635	-93.642
NDBC	42053	Pascagoula South	12-meter discus buoy	N	29.55	-88.5
NDBC	42054	East Gulf	12-meter discus buoy	N	26.0	-87.73
NDBC	42055	BAY OF CAMPECHE - 214 NM NE of Veracruz, MX	3-meter foam buoy	N	22.14	-94.112
NDBC	42056	Yucatan Basin - 120 NM ESE of Cozumel, MX	3-meter foam buoy	N	19.82	-84.98
NDBC	42057	Western Caribbean - 195 NM WSW of Negril, Jamaica	3-meter discus buoy	N	16.975	-81.578
NDBC	42058	Central Caribbean - 210 NM SSE of Kingston, Jamaica	3-meter foam buoy	N	14.114	-75.949
NDBC	42059	Eastern Caribbean Sea - 180 NM SSW of Ponce, PR	3-meter foam buoy	N	15.255	-67.621
NDBC	42060	Caribbean Valley - 63 NM WSW of Montserrat	3-meter foam buoy	N	16.428	-63.21
NDBC	42065	Near 42058 Central Caribbean	2.3-meter NOOSS buoy	N	14.926	-75.046
NDBC	42066	USM-R2	Buoy	US	30.216	-89.183
NDBC	42067	USM-R1	2.2-meter buoy	US	30.05	-88.583
NDBC	42078	Big Pine Key, FL (237)	Waverider Buoy	AC	24.5	-81.251
NDBC	42079	Bahia Honda Key, FL (242)	Waverider Buoy	AC	24.535	-81.242
NDBC	42080	Offshore Sand Key, FL	1.8-meter discus buoy	N	24.396	-81.934
NDBC	42084	Southwest Pass Entrance W, LA (256)	Waverider Buoy	R	28.988	-89.649
NDBC	42085	Southeast of Ponce, PR	Moored Buoy	CI	17.87	-66.537
NDBC	42087	Buccoo Reef, Buccoo Marine Park, TT	Moored Buoy	IC	11.185	-60.848
NDBC	42088	Angel Reef, TT	2.5-meter ODAS buoy	IC	11.301	-60.521
NDBC	42089	Little Cayman Research Center, CYM	Moored Buoy	IC	19.699	-80.061
NDBC	42090	Catuan Wreck, Boca Chica, DR	Moored Buoy	IC	18.432	-69.58
NDBC	42091	Trinity Shoal, LA (255)	Waverider Buoy	R	29.088	-92.505
NDBC	42092	Aransas Pass Channel Entrance S, TX (252)	Waverider Buoy	BI	27.639	-97.012
NDBC	42093	Grand Isle Outer, LA (247)	Waverider Buoy	AC	29.017	-89.832
NDBC	42094	Grand Isle, LA (246)	Waverider Buoy	R	29.085	-89.907
NDBC	42095	Satan Shoal, FL (244)	Waverider Buoy	AC	24.407	-81.968
NDBC	42097	Pulley Ridge, FL (226)	Waverider Buoy	AC	25.704	-83.654
NDBC	42098	Egmont Channel Entrance, FL (214)	Waverider Buoy	TB	27.59	-82.931
NDBC	42099	Offshore St. Petersburg, FL (144)	Waverider Buoy	R	27.352	-84.275
NDBC	42354	Chandeleur Island SE, LA (279)	Waverider Buoy	R	29.579	-88.643
NDBC	42357	DISL Sofar Spotter	Spotter Buoy	DI	30.092	-88.212
NDBC	42358	FGBNMS Sofar Spotter	Spotter Buoy	FG	27.874	-93.815
NDBC	42407	SOUTH PUERTO RICO - 230 NM Southwest of San Juan, PR	2.6-meter discus buoy	N	15.276	-68.191
NDBC	42408	EAST GULF of AMERICA - 225NM WNW of Loggerhead Key, FL	2.6-meter discus buoy	N	25.2	-87.0
NDBC	42409	GULF OF AMERICA - 247 NM South of New Orleans, LA	2.6-meter discus buoy	N	25.797	-89.288
NDBC	42429	DART WAVE GLIDER STATION		N	27.401	-85.671
NDBC	42430	DART Test Station	Test station	N	27.0	-86.0
NDBC	42501	SD 1042 - 180 nm South of Southwest Pass, LA (Site of 42001)	Uncrewed Surface Vehicle	N	25.942	-89.657
NDBC	42503	SD 1036 - 208 NM West of Naples, FL (Site of 42003)	Uncrewed Surface Vehicle	N	25.925	-85.615
NDBC	42534	Moored Drifter	Drifting Buoy	N	29.643	-93.839
NDBC	42d09	Adrift buoy from 42409	2.6 meter DART buoy	N	25.911	-89.264
NDBC	42x60	Caribbean Valley - 63 NM WSW of Montserrat	3-meter foam buoy	N	16.406	-63.188
NDBC	43010	Woods Hole Spurs Wave Station	2.4-meter discus buoy	WH	10.051	-125.032
NDBC	43412	SOUTHWEST MANZANILLO - 240 NM SW of Manzanillo, MX	2.6-meter discus buoy	N	16.02	-107.0
NDBC	43413	SOUTH ACAPULCO - 360NM South of Acapulco, MX	2.6-meter discus buoy	N	10.927	-100.012
NDBC	44001		6-meter NOMAD buoy	N	38.7	-73.6
NDBC	44003		6-meter NOMAD buoy	N	40.8	-68.5
NDBC	44004	HOTEL 200NM East of Cape May,NJ	6-meter NOMAD buoy	N	38.484	-70.433
NDBC	44005	GULF OF MAINE - 78 NM East of Portsmouth, NH	3-meter discus buoy	N	43.201	-69.127
NDBC	44006		3-meter discus buoy	N	36.3	-75.4
NDBC	44007	PORTLAND - 12 NM Southeast of Portland,ME	3-meter discus buoy	N	43.525	-70.14
NDBC	44008	NANTUCKET 54 NM Southeast of Nantucket	3-meter discus buoy	N	40.5	-69.254
NDBC	44009	DELAWARE BAY 26 NM Southeast of Cape May, NJ	3-meter discus buoy	N	38.46	-74.692
NDBC	44010		3-meter discus buoy	N	36.9	-75.7
NDBC	44011	GEORGES BANK 170 NM East of Hyannis, MA	3-meter foam buoy	N	41.088	-66.546
NDBC	44012		USCG Large Navigational Buoy	N	38.8	-74.6
NDBC	44013	BOSTON 16 NM East of Boston, MA	2.1-meter ionomer foam buoy	N	42.346	-70.651
NDBC	44014	VIRGINIA BEACH 64 NM East of Virginia Beach, VA	2.1-meter ionomer foam buoy	N	36.603	-74.837
NDBC	44015		3-meter discus buoy	N	37.5	-73.4
NDBC	44017	MONTAUK POINT - 23 NM SSW of Montauk Point, NY	3-meter foam buoy	N	40.693	-72.049
NDBC	44018	CAPE COD - 9 NM North of Provincetown, MA	3-meter foam buoy	N	42.203	-70.154
NDBC	44019		3-meter discus buoy	N	36.4	-75.2
NDBC	44020	NANTUCKET SOUND	3-meter foam buoy	N	41.497	-70.283
NDBC	44021	Buoy D - New Meadows River	Moored Buoy	NC	43.762	-69.988
NDBC	44022	Execution Rocks	Moored Buoy	Y	40.883	-73.728
NDBC	44023		3-meter discus buoy	N	37.5	-74.4
NDBC	44024	Buoy N01 - Northeast Channel	Moored Buoy	NC	42.325	-65.909
NDBC	44025	LONG ISLAND - 30 NM South of Islip, NY	3-meter foam buoy	N	40.258	-73.175
NDBC	44026		3-meter discus buoy	N	36.0	-73.5
NDBC	44027	Jonesport, ME - 20 NM SE of Jonesport, ME	3-meter foam buoy	N	44.284	-67.301
NDBC	44028	Buzzard's Bay	USCG Large Navigational Buoy	N	41.4	-71.08
NDBC	44029	Buoy A01 - Massachusetts Bay	Moored Buoy	NC	42.523	-70.566
NDBC	44030	Buoy B01 - Western Maine Shelf	Moored Buoy	NC	43.179	-70.426
NDBC	44031	Buoy C0201 - Casco Bay	2-meter discus buoy	NC	43.57	-70.06
NDBC	44032	Buoy E01 - Central Maine Shelf	Moored Buoy	NC	43.715	-69.355
NDBC	44033	Buoy F01 - Penobscot Bay	Moored Buoy	NC	44.055	-68.996
NDBC	44034	Buoy I01 - Eastern Maine Shelf	Moored Buoy	NC	44.103	-68.112
NDBC	44035	Buoy J0201 - Cobscook Bay	2-meter discus buoy	NC	44.89	-67.02
NDBC	4403585	Walnut Creek Buoy	Moored Buoy	RC	42.132	-80.27
NDBC	4403586	Buffalo Buoy	GLOS Weather Station	BS	42.847	-78.904
NDBC	4403587	Whitefish Bay	Buoy	BMI	46.545	-84.769
NDBC	44036	Buoy K0102 - Saint John	2-meter discus buoy	NC	45.2	-66.02
NDBC	44037	Buoy M01 - Jordan Basin	Moored Buoy	NC	43.497	-67.876
NDBC	44038	Buoy L0102 - Scotian Shelf	2-meter discus buoy	NC	43.633	-66.55
NDBC	44039	Central Long Island Sound	Moored Buoy	Y	41.138	-72.655
NDBC	44040	Western Long Island Sound	Moored Buoy	Y	40.956	-73.58
NDBC	44041	Jamestown, VA	Moored Buoy	CB	37.211	-76.787
NDBC	44042	Potomac, MD	Moored Buoy	CB	38.033	-76.335
NDBC	44043	Patapsco, MD	Moored Buoy	CB	39.152	-76.391
NDBC	44044	Patuxent River Buoy	Moored Buoy	B	38.389	-76.526
NDBC	44052	Goodwin Islands	Marine Observation Buoy	VM	37.236	-76.399
NDBC	44053	Gloucester Point	Marine Observation Buoy	VM	37.244	-76.5
NDBC	44054	Lower Delaware Bay Buoy	Moored Buoy	DW	38.883	-75.183
NDBC	44055	Central Delaware Bay	Moored Buoy	DW	39.122	-75.256
NDBC	44056	Duck FRF, NC	Waverider Buoy	AC	36.2	-75.714
NDBC	44057	Susquehanna, MD	Moored Buoy	CB	39.54	-76.074
NDBC	44058	Stingray Point, VA	Moored Buoy	CB	37.567	-76.257
NDBC	44059	Norfolk, VA	Moored Buoy	CB	36.846	-76.298
NDBC	44060	Eastern Long Island Sound	2.4-meter foam hull buoy	Y	41.263	-72.067
NDBC	44061	Upper Potomac, MD	Moored Buoy	CB	38.788	-77.036
NDBC	44062	Gooses Reef, MD	Moored Buoy	CB	38.556	-76.415
NDBC	44063	Annapolis, MD	Moored Buoy	CB	38.963	-76.448
NDBC	44064	First Landing, VA	Moored Buoy	CB	36.998	-76.087
NDBC	44065	New York Harbor Entrance - 15 NM SE of Breezy Point , NY	3-meter foam buoy	N	40.368	-73.701
NDBC	44066	Texas Tower #4 - 75 NM East of Long Beach, NJ	3-meter foam buoy	N	39.618	-72.644
NDBC	44067	Potomac River, Near HWY 301	Buoy	IN	38.368	-76.996
NDBC	44068	VCU Rice Rivers Center	Moored Buoy	CB	37.314	-77.191
NDBC	44069	Great South Bay	Buoy	ST	40.699	-73.087
NDBC	44070	Buzzards Bay MA. Offshore	1.8-meter discus buoy	N	41.392	-71.004
NDBC	44071	Chesapeake Light Va.	1.8-meter discus buoy	N	36.906	-75.691
NDBC	44072	York Spit, VA	Moored Buoy	CB	37.201	-76.266
NDBC	44073	CO2 Gulf of Maine Buoy	Moored Buoy	NH	43.02	-70.54
NDBC	44074	Great Bay Buoy	Moored Buoy	NH	43.071	-70.868
NDBC	44075	OOI Pioneer Inshore Surface Mooring	Buoy	OO	40.363	-70.883
NDBC	44076	OOI Pioneer Central Surface Mooring	Buoy	OO	40.137	-70.775
NDBC	44077	OOI Pioneer Offshore Surface Mooring	Buoy	OO	39.94	-70.883
NDBC	44078	OOI Irminger Sea Surface Mooring	Buoy	OO	59.94	-39.52
NDBC	44079	OOI Pioneer - Mid-Atlantic Bight Northern Surface Mooring	Moored Buoy	OO	36.175	-74.827
NDBC	44080	Baltimore	Moored Buoy	CB	39.223	-76.528
NDBC	44084	Bethany Beach, DE (263)	Waverider Buoy	R	38.537	-75.044
NDBC	44085	Buzzards Bay, MA (260)	Waverider Buoy	WN	41.387	-71.032
NDBC	44086	Nags Head, NC (243)	Waverider Buoy	SI	36.001	-75.421
NDBC	44087	Thimble Shoal, VA (240)	Waverider Buoy	NV	37.043	-76.129
NDBC	44088	Virginia Beach Offshore, VA (171)	Waverider Buoy	R	36.612	-74.839
NDBC	44089	Wallops Island, VA (224)	Waverider Buoy	AC	37.756	-75.325
NDBC	44090	Cape Cod Bay, MA (221)	Waverider Buoy	WN	41.84	-70.329
NDBC	44091	Barnegat, NJ (209)	Waverider Buoy	AC	39.772	-73.769
NDBC	44092	Isle of Shoals, NH (211)	Waverider Buoy	NO	42.942	-70.632
NDBC	44093	Offshore Wind Energy Area, VA (210)	Waverider Buoy	VD	36.872	-75.492
NDBC	44094	Fire Island Nearshore, NY (207)	Waverider Buoy	R	40.585	-73.106
NDBC	44095	Oregon Inlet, NC (192)	Waverider Buoy	SI	35.75	-75.33
NDBC	44096	Cape Charles, VA (186)	Waverider Buoy	R	37.023	-75.809
NDBC	44097	Block Island, RI  (154)	Waverider Buoy	R	40.966	-71.123
NDBC	44098	Jeffrey's Ledge, NH (160)	Waverider Buoy	NH	42.8	-70.169
NDBC	44099	Cape Henry, VA (147)	Waverider Buoy	R	36.915	-75.722
NDBC	44100	Duck FRF 26m, NC (430)	Waverider Buoy	R	36.257	-75.593
NDBC	44137	East Scotia Slope	6-meter NOMAD buoy	C	42.26	-62.03
NDBC	44138	SW Grand Banks	6-meter NOMAD buoy	C	44.25	-53.63
NDBC	44139	Banqureau Banks	6-meter NOMAD buoy	C	44.24	-57.1
NDBC	44140	Tail of the Bank	6-meter NOMAD buoy	C	42.87	-51.47
NDBC	44141	Laurentian Fan	6-meter NOMAD buoy	C	42.99	-57.96
NDBC	44142	La Have Bank	Canadian NOMAD buoy	C	42.5	-64.033
NDBC	44150	La Have Bank	6-meter NOMAD buoy	C	42.5	-64.02
NDBC	44172	Halifax Harbor, NS, Canada - 176	Waverider Buoy	R	44.5	-63.408
NDBC	44174	Anticosti	Buoy	C	49.075	-60.822
NDBC	44175	iles de la Madeleine	Buoy	C	46.877	-62.0
NDBC	44176	Point Escuminac	Buoy	C	47.535	-64.527
NDBC	44235	South Ramea Island, Newfoundland (170)	Waverider Buoy	C	47.263	-57.341
NDBC	44251	Nickerson Bank	6-meter NOMAD buoy	C	46.44	-53.39
NDBC	44255	NE Burgeo Bank	6-meter NOMAD buoy	C	47.27	-57.34
NDBC	44258	Halifax Harbour	3-meter discus buoy	C	44.5	-63.4
NDBC	44401	NORTHEAST CASTLE ROCK SEAMOUNT - 620NM South of St John's Newfoundland, CN	2.6-meter discus buoy	N	37.592	-50.03
NDBC	44402	SOUTHEAST BLOCK CANYON - 130 NM SE of Fire Island, NY	2.6-meter discus buoy	N	39.314	-70.717
NDBC	44403	SABLE ISLAND BANK - 437 NM E of Boston, MA	2.6 meter DART buoy	N	41.928	-61.664
NDBC	44488	East of Chedabucto Bay	3-meter discus buoy	C	45.44	-60.95
NDBC	44489	West Chedabucto Bay	3-meter discus buoy	C	45.49	-61.14
NDBC	44490	West Bay of Fundy	3-meter discus buoy	C	44.66	-66.37
NDBC	44585	Drifting Buoy	Drifting Buoy	N	43.354	-67.635
NDBC	44t14	VIRGINIA BEACH 64 NM East of Virginia Beach, VA	2.1-meter ionomer foam buoy	N	36.611	-74.847
NDBC	45001	MID SUPERIOR- 60 NM North Northeast Hancock, MI	2.1-meter ionomer foam buoy	N	48.061	-87.793
NDBC	45002	NORTH MICHIGAN- Halfway between North Manitou and Washington Islands.	2.1-meter ionomer foam buoy	N	45.344	-86.411
NDBC	45003	NORTH HURON - 32NM Northeast of Alpena, MI	2.3-meter foam discus buoy	N	45.351	-82.84
NDBC	45004	EAST SUPERIOR -70 NM NE Marquette, MI	2.3-meter foam discus buoy	N	47.583	-86.586
NDBC	45005	WEST ERIE - 16 NM NW of Lorain, OH	2.3-meter foam discus buoy	N	41.677	-82.398
NDBC	45006	WEST SUPERIOR - 30NM NE of Outer Island, WI	2.3-meter foam discus buoy	N	47.335	-89.793
NDBC	45007	SOUTH MICHIGAN - 43NM East Southeast of Milwaukee, WI	2.3-meter foam discus buoy	N	42.674	-87.026
NDBC	45008	SOUTH HURON - 43NM East of Oscoda, MI	2.3-meter foam discus buoy	N	44.283	-82.416
NDBC	45009		3-meter discus buoy	N	41.6	-82.0
NDBC	45010		2.4-meter discus buoy	N	43.0	-87.8
NDBC	45011	Grand Haven Michigan	3-meter discus buoy	N	43.02	-86.27
NDBC	45012	EAST Lake Ontario  - 20NM North Northeast of Rochester, NY	2.3-meter foam discus buoy	N	43.621	-77.401
NDBC	45013	ATW20 - Atwater Park, WI	Buoy	WM	43.098	-87.85
NDBC	45014	GB17 - South Green Bay, WI	Buoy	WM	44.794	-87.758
NDBC	45015	Calumet Beach, Chicago, IL	Buoy	CH	41.714	-87.527
NDBC	45016	Sixth-third St. Beach, Chicago, IL	Buoy	CH	41.783	-87.573
NDBC	45017	Oak St. Beach, Chicago, IL	Buoy	CH	41.903	-87.622
NDBC	45018	Montrose Ave. Beach, Chicago, IL	Buoy	CH	41.968	-87.637
NDBC	45019	Foster Ave. Beach, Chicago, IL	Buoy	CH	41.979	-87.649
NDBC	45020	Grand Traverse Bay South Buoy, MI	Moored Buoy	NI	44.789	-85.604
NDBC	45021	Traverse Bay #3, MI	Moored Buoy	MI	45.048	-85.493
NDBC	45022	Little Traverse Bay Buoy, MI	Moored Buoy	MC	45.404	-85.088
NDBC	45023	North Entry Buoy, North Keweenaw Peninsula, MI	Moored Buoy	MT	47.27	-88.607
NDBC	45024	Ludington Buoy, MI	Moored Buoy	MC	43.98	-86.56
NDBC	45025	South Entry Buoy, South Keweenaw Peninsula, MI	Buoy	MT	46.969	-88.398
NDBC	45026	Cook Nuclear Plant Buoy, Stevensville, MI	Buoy	LT	41.982	-86.619
NDBC	45027	McQuade Harbor Nearshore, MN	Buoy	MN	46.86	-91.93
NDBC	45028	Western Lake Superior	Buoy	MN	46.814	-91.829
NDBC	45029	Holland Buoy, MI	Buoy	LT	42.9	-86.272
NDBC	45132	Port Stanley	3-meter discus buoy	C	42.46	-81.22
NDBC	45135	Prince Edward Pt	3-meter discus buoy	C	43.78	-76.87
NDBC	45136	Slate Island	Buoy	C	48.54	-86.95
NDBC	45137	Georgian Bay	Buoy	C	45.54	-81.02
NDBC	45138	Mont Louis	3-meter discus buoy	C	49.54	-65.71
NDBC	45139	West Lake Ontario - Grimsby	3-meter discus buoy	C	43.25	-79.53
NDBC	45140	Lake Winnipeg S. Basin	Buoy	C	50.8	-96.73
NDBC	45141	Great Slave Lake	3-meter discus buoy	C	61.18	-115.31
NDBC	45142	Port Colborne	3-meter discus buoy	C	42.74	-79.29
NDBC	45143	South Georgian Bay	3-meter discus buoy	C	44.94	-80.627
NDBC	45144	Lake Winnipeg North	Buoy	C	53.23	-98.29
NDBC	45145	Lake Winnipeg Narrows	Buoy	C	51.87	-96.97
NDBC	45147	Lake St Clair	Buoy	C	42.43	-82.68
NDBC	45148	Lake of the Woods	Buoy	C	49.65	-94.5
NDBC	45149	Southern Lake Huron	Buoy	C	43.54	-82.08
NDBC	45150	Great Slave Lake, North Arm	Buoy	C	61.98	-114.13
NDBC	45151	Lake Simcoe	Buoy	C	44.5	-79.37
NDBC	45152	Lake Nipissing	Buoy	C	46.23	-79.72
NDBC	45154	North Channel East	Buoy	C	46.05	-82.64
NDBC	45155	Pan Am Games	3-meter discus buoy	C	43.59	-79.39
NDBC	45158	Hudson Bay	Buoy	C	59.0	-94.0
NDBC	45159	NW Lake Ontario Ajax	3-meter discus buoy	C	43.77	-78.98
NDBC	45160	16-Mile Creek	Canadian NOMAD buoy	C	43.417	-79.633
NDBC	45161	Muskegon Buoy, MI	Buoy	G	43.185	-86.354
NDBC	45162	Thunder Bay Buoy, Alpena, MI	Buoy	G	44.988	-83.269
NDBC	45163	Saginaw Bay Buoy, MI	Buoy	G	43.983	-83.6
NDBC	45164	Cleveland Buoy, OH	Buoy	LT	41.748	-81.698
NDBC	45165	Toledo Water Intake Buoy, Oregon, OH	Buoy	LT	41.704	-83.264
NDBC	45166	Lake Champlain - Inland Sea	Buoy	VE	44.785	-73.258
NDBC	45167	Erie Nearshore Buoy, Erie, PA	Buoy	RC	42.185	-80.135
NDBC	45168	South Haven Buoy, MI	Buoy	LT	42.397	-86.331
NDBC	45169	Lakewood Buoy, OH	Buoy	LT	41.615	-81.821
NDBC	45170	Michigan City Buoy, IN	Buoy	II	41.755	-86.968
NDBC	45171	Granite Island Buoy, Granite Island, MI	Buoy	NN	46.724	-87.411
NDBC	45172	Grand Marais Buoy, Grand Marais, MI	Buoy	NN	46.74	-85.98
NDBC	45173	Munising Buoy, Munising, MI	Buoy	NN	46.573	-86.572
NDBC	45174	Wilmette Buoy, IL	Buoy	IG	42.135	-87.655
NDBC	45175	Mackinac Straits West, Mackinaw City, MI	Buoy	MT	45.825	-84.772
NDBC	45176	Cleveland Intake Crib Buoy, OH	Buoy	LT	41.55	-81.765
NDBC	45177	Ohio St. Beach, Chicago, IL	Buoy	CH	41.894	-87.613
NDBC	45178	1 NM SE of Valcour Island, NY	Buoy	PL	44.603	-73.394
NDBC	45179	Stannard Rock Buoy	Buoy	SW	47.195	-87.224
NDBC	45180	Isle of Royale East, MI (230)	Waverider Buoy	AC	48.034	-87.73
NDBC	45183	Sleeping Bear Dunes	Moored Buoy	SD	44.982	-85.831
NDBC	45184	Green Bay East Buoy	Moored Buoy	WM	44.55	-87.959
NDBC	45185	Green Bay West Buoy	Moored Buoy	WM	44.577	-87.987
NDBC	45186	Waukegan Buoy, IL	Moored Buoy	UC	42.368	-87.795
NDBC	45187	Winthrop Harbor Buoy, IL	Moored Buoy	UC	42.491	-87.779
NDBC	45188	Champlain Bridge Buoy	Buoy	PL	44.094	-73.423
NDBC	45190	Sodus Point, NY	Buoy	PL	43.282	-76.961
NDBC	45191	Oak Orchard, NY	Buoy	PL	43.388	-78.192
NDBC	45194	McGulpin Point North, MI (253)	Waverider Buoy	MT	45.803	-84.792
NDBC	45195	Schuyler Reef, NY (251)	Waverider Buoy	G	44.488	-73.339
NDBC	45196	Rocky River, OH	Buoy	LT	41.521	-81.88
NDBC	45197	Euclid, OH	Buoy	LT	41.619	-81.617
NDBC	45198	Chicago Buoy	Buoy	II	41.892	-87.563
NDBC	45199	Salmon Unlimited Wisconsin	Buoy	SU	42.702	-87.647
NDBC	45200	Maumee Bay Buoy	Moored Buoy	CA	41.724	-83.37
NDBC	45201	Erie Islands Buoy	Moored Buoy	CA	41.601	-82.781
NDBC	45202	Port Clinton Buoy	Moored Buoy	CA	41.532	-82.941
NDBC	45203	Huron Buoy	Moored Buoy	CA	41.393	-82.512
NDBC	45204	Sheffield Buoy	Moored Buoy	CA	41.508	-82.115
NDBC	45205	Edgewater Beach Buoy	Moored Buoy	CA	41.501	-81.748
NDBC	45206	Euclid Beach Buoy	Moored Buoy	CA	41.585	-81.583
NDBC	45207	Mentor Harbor Buoy	Moored Buoy	CA	41.731	-81.367
NDBC	45208	Ashtabula Buoy	Moored Buoy	CA	41.913	-80.807
NDBC	45209	Lakeport Buoy, MI	Moored Buoy	GA	43.129	-82.391
NDBC	45210	Rawley Point East, WI (269)	Waverider Buoy	R	44.055	-87.05
NDBC	45211	Grand Island North, MI (268)	Waverider Buoy	R	46.973	-86.568
NDBC	45212	North Huron Spotter	Spotter Buoy	MT	45.351	-82.84
NDBC	45213	East Superior Spotter	Spotter Buoy	MT	47.588	-86.588
NDBC	45214	South Michigan Spotter	Spotter Buoy	MT	42.674	-87.026
NDBC	45215	Oswego, NY (274)	Waverider Buoy	R	43.501	-76.539
NDBC	45216	Ontonagon, MI	Moored Buoy	MT	46.907	-89.354
NDBC	45217	Wisconsin Point	Buoy	MN	46.708	-92.0
NDBC	45218	Wisconsin Shipwreck Coast NMS / Sheboygan, WI	Buoy	WD	43.731	-87.624
NDBC	45219	Two Harbors Nearshore Buoy	Moored Buoy	MN	47.021	-91.625
NDBC	45220	Dunkirk Buoy	GLOS Weather Station	BS	42.561	-79.432
NDBC	45221	North Lake Champlain	Moored Buoy	PL	44.756	-73.355
NDBC	45222	Beach 2 Buoy	Moored Buoy	RC	42.126	-80.148
NDBC	45223	Beach 6 Buoy	Moored Buoy	RC	42.144	-80.139
NDBC	45t01	MID SUPERIOR- 60NM North Northeast Hancock, MI	2.1-meter ionomer foam buoy	N	48.008	-87.666
NDBC	46001	WESTERN GULF OF ALASKA  - 175NM SE of Kodiak, AK	3-meter foam buoy w/ seal cage	N	56.296	-148.027
NDBC	46002	WEST OREGON - 275NM West of Coos Bay, OR	3-meter foam buoy w/ seal cage	N	42.56	-130.523
NDBC	46003	S ALEUTIANS	6-meter NOMAD buoy	N	51.831	-155.85
NDBC	46004	Middle Nomad	6-meter NOMAD buoy	C	50.93	-136.1
NDBC	46005	WEST WASHINGTON - 300NM West of Aberdeen, WA	3-meter foam buoy	N	46.147	-131.077
NDBC	46006	SOUTHEAST PAPA - 600NM West of Eureka, CA	3-meter foam buoy	N	40.73	-137.42
NDBC	46007		6-meter NOMAD buoy	N	59.2	-152.7
NDBC	46008		12-meter discus buoy	N	57.1	-151.7
NDBC	46009		6-meter NOMAD buoy	N	60.2	-146.8
NDBC	46010		USCG Large Navigational Buoy	N	46.2	-124.2
NDBC	46011	SANTA MARIA - 21NM NW of Point Arguello, CA	3-meter discus buoy w/ seal cage	N	34.937	-120.999
NDBC	46012	HALF MOON BAY - 24NM SSW of San Francisco, CA	Uncrewed Surface Vehicle	N	37.356	-122.881
NDBC	46013	BODEGA BAY - 48NM NW of San Francisco, CA	3-meter discus buoy w/ seal cage	N	38.235	-123.317
NDBC	46014	PT ARENA - 19NM North of Point Arena, CA	3-meter discus buoy w/ seal cage	N	39.225	-123.98
NDBC	46015	PORT ORFORD - 15 NM West of Port Orford, OR	3-meter discus buoy w/ seal cage	N	42.754	-124.839
NDBC	46016		Platform EXXON	N	63.283	-170.3
NDBC	46017		Platform EXXON 6	N	60.283	-172.3
NDBC	46018		MAREX	N	60.283	-177.0
NDBC	46019		Platform	N	57.2	-170.3
NDBC	46020		MAREX	N	55.883	-168.0
NDBC	46021		MAREX	N	57.7	-160.0
NDBC	46022	EEL RIVER - 17NM WSW of Eureka, CA	3-meter foam buoy w/ seal cage	N	40.716	-124.54
NDBC	46023	PT ARGUELLO - 17NM WNW of Point Arguello, CA	10-meter discus buoy	N	34.714	-120.967
NDBC	46024		10-meter discus buoy	N	33.0	-119.2
NDBC	46025	Santa Monica Basin - 33NM WSW of Santa Monica, CA	3-meter discus buoy w/ seal cage	N	33.765	-119.077
NDBC	46026	SAN FRANCISCO - 18NM West of San Francisco, CA	3-meter foam buoy	N	37.75	-122.838
NDBC	46027	ST GEORGES - 8 NM NW of Crescent City, CA	3-meter discus buoy w/ seal cage	N	41.84	-124.382
NDBC	46028	CAPE SAN MARTIN - 55NM West NW of Morro Bay, CA	3-meter foam buoy w/ seal cage	N	35.763	-121.9
NDBC	46029	COLUMBIA RIVER BAR - 20NM West of Columbia River Mouth	2.1-meter ionomer foam buoy w/ seal cage	N	46.148	-124.508
NDBC	46030	BLUNTS REEF	3-meter discus buoy	N	40.423	-124.525
NDBC	46031		Platform	N	55.5	-161.683
NDBC	46032		MAREX	N	54.2	-165.8
NDBC	46033		MAREX	N	55.783	-159.8
NDBC	46034		MAREX	N	55.1	-163.1
NDBC	46035	CENTRAL BERING SEA - 310 NM North of Adak, AK	3-meter foam buoy	N	57.034	-177.468
NDBC	46036	South Nomad	6-meter NOMAD buoy	C	48.36	-133.94
NDBC	46037		3-meter discus buoy	N	48.3	-133.8
NDBC	46038		ELB	N	41.9	-124.4
NDBC	46039		ATON	N	48.2	-123.4
NDBC	46040		3-meter discus buoy	N	44.8	-124.3
NDBC	46041	CAPE ELIZABETH - 45NM NW of Aberdeen, WA	3-meter discus buoy w/ seal cage	N	47.351	-124.741
NDBC	46042	MONTEREY - 27NM WNW of Monterey, CA	3-meter foam buoy w/ seal cage	N	36.787	-122.408
NDBC	46043		ELB	N	46.9	-124.2
NDBC	46044		2.3-meter NOOSS buoy	MB	36.7	-122.378
NDBC	46045	REDONDO BEACH	3-meter discus buoy	N	33.84	-118.45
NDBC	46047	TANNER BANK - 121 NM West of San Diego, CA	3-meter foam buoy	N	32.418	-119.535
NDBC	46048		10-meter discus buoy	N	32.9	-117.9
NDBC	46050	STONEWALL BANK - 20NM West of Newport, OR	3-meter foam buoy	N	44.679	-124.535
NDBC	46051	Harvest Experiment Platform	3-meter discus buoy	N	34.48	-120.69
NDBC	46053	EAST SANTA BARBARA  - 12NM Southwest of Santa Barbara, CA	3-meter foam buoy w/ seal cage	N	34.246	-119.842
NDBC	46054	WEST SANTA BARBARA  38 NM West of Santa Barbara, CA	3-meter discus buoy w/ seal cage	N	34.274	-120.468
NDBC	46059	WEST CALIFORNIA - 357NM West of San Francisco, CA	3-meter discus buoy	N	38.067	-129.895
NDBC	46060	WEST ORCA BAY - 8NM NW of Hinchinbrook Is., AK	3-meter foam buoy w/ seal cage	N	60.571	-146.795
NDBC	46061	Seal Rocks - Between Montague and Hinchinbrook Islands, AK	3-meter discus buoy w/ seal cage	N	60.23	-146.837
NDBC	46062	Pt. San Luis, CA - 18 NM South Southwest of Morro Bay, CA	3-meter discus buoy	N	35.101	-121.01
NDBC	46063	Pt.Conception, CA - 50NM West of Santa Barbara, CA	3-meter discus buoy	N	34.273	-120.699
NDBC	46066	SOUTH KODIAK - 310NM SSW of Kodiak, AK	3-meter discus buoy	N	52.776	-154.992
NDBC	46069	SOUTH SANTA ROSA - 14 NM SW of Santa Rosa Island, CA	3-meter foam buoy w/ seal cage	N	33.657	-120.227
NDBC	46070	SOUTHWEST BERING SEA - 142NM NNE OF ATTU IS, AK	3-meter foam buoy	N	55.048	175.246
NDBC	46071	WESTERN ALEUTIANS - 14NM SOUTH OF AMCHITKA IS, AK	3-meter discus buoy w/ seal cage	N	51.035	179.808
NDBC	46072	CENTRAL ALEUTIANS 230 NM SW Dutch Harbor	3-meter discus buoy	N	51.645	-172.145
NDBC	46073	SOUTHEAST BERING SEA - 205 NM WNW of Dutch Harbor, AK	3-meter discus buoy	N	54.985	-171.874
NDBC	46075	SHUMAGIN ISLANDS - 85NM South of Sand Point, AK	3-meter discus buoy w/ seal cage	N	53.93	-160.763
NDBC	46076	CAPE CLEARE - 17 NM South of Montague Is,  AK	3-meter discus buoy w/ seal cage	N	59.508	-148.005
NDBC	46077	SHELIKOF STRAIT, AK	3-meter discus buoy w/ seal cage	N	57.869	-154.211
NDBC	46078	ALBATROSS BANK - 104NM South of Kodiak Is., AK	3-meter discus buoy w/ seal cage	N	55.561	-152.599
NDBC	46079	Barren Island	6-meter NOMAD buoy	N	59.05	-152.23
NDBC	46080	PORTLOCK BANK - 76 NM ENE of Kodiak, AK	3-meter discus buoy w/ seal cage	N	57.91	-150.129
NDBC	46081	Western Prince William Sound	3-meter discus buoy w/ seal cage	N	60.802	-148.283
NDBC	46082	Cape Suckling - 35 NM SE of Kayak Is, AK	3-meter discus buoy w/ seal cage	N	59.67	-143.353
NDBC	46083	FAIRWEATHER GROUND - 105 NM West  of Juneau, AK	3-meter discus buoy	N	58.276	-138.024
NDBC	46084	CAPE EDGECUMBE - 25NM SSW of Cape Edgecumbe, AK	3-meter discus buoy w/ seal cage	N	56.614	-136.04
NDBC	46085	CENTRAL GULF OF ALASKA -  265NM West of Cape Ommaney, AK	3-meter foam buoy	N	55.84	-142.895
NDBC	46086	SAN CLEMENTE BASIN - 27NM SE Of San Clemente Is, CA	2.1-meter ionomer foam buoy	N	32.504	-118.029
NDBC	46087	Neah Bay - 6 NM North of Cape Flattery, WA (Traffic Separation Lighted Buoy)	3-meter discus buoy w/ seal cage	N	48.493	-124.727
NDBC	46088	NEW DUNGENESS - 17 NM NE of Port Angeles, WA	3-meter discus buoy w/ seal cage	N	48.332	-123.179
NDBC	46089	TILLAMOOK, OR - 85 NM WNW of Tillamook, OR	3-meter discus buoy w/ seal cage	N	45.928	-125.815
NDBC	46090	SOCAL WEST NOOS WX BUOY	Moored Buoy	N	32.876	-120.718
NDBC	46091	MBM0	Buoy	MB	36.835	-121.899
NDBC	46092	MBM1	Buoy	MB	36.751	-122.029
NDBC	46093	MBM2	Buoy	MB	36.69	-122.41
NDBC	46094	Buoy NH-10 - West of Newport, OR	Moored Buoy	NA	44.642	-124.3
NDBC	46096	Columbia River Entrance - SATURN Station #02 Offshore	Buoy	CM	46.173	-124.127
NDBC	46097	OOI Newport Shelf	Buoy	OO	44.639	-124.304
NDBC	46098	OOI Waldport Offshore	Buoy	OO	44.378	-124.947
NDBC	46099	OOI Westport Shelf	Buoy	OO	46.988	-124.567
NDBC	46100	OOI Westport Offshore	Buoy	OO	46.851	-124.964
NDBC	46105	South Cook Inlet - 10NM NW of East Amatuli Light, AK	1.8-meter discus buoy	N	59.049	-152.233
NDBC	46106	Central Cook Inlet AK	1.8-meter discus buoy	N	59.76	-152.09
NDBC	46107	Montague Strait	1.8-meter discus buoy	N	59.925	-147.992
NDBC	46108	Lower Cook Inlet (204)	Waverider Buoy	AS	59.598	-151.828
NDBC	46109	Port Angeles Buoy	Buoy	IN	48.123	-123.395
NDBC	46110	Sequim Buoy	Buoy	IN	48.115	-123.032
NDBC	46111	Fort Worden Buoy	Buoy	IN	48.131	-122.748
NDBC	46112	Marrowstone Buoy	Buoy	IN	48.1	-122.73
NDBC	46113	Poulsbo Buoy	Buoy	IN	47.73	-122.646
NDBC	46114	West Monterey Bay, CA (185)	Waverider Buoy	R	36.7	-122.343
NDBC	46115	Bering Sea	12-meter discus buoy	N	57.069	-177.75
NDBC	46116	SATURN Estuary Station #07, Baker Bay, WA	Buoy	CM	46.287	-124.016
NDBC	46117	SATURN Estuary Station #09, Youngs Bay, OR	Buoy	CM	46.176	-123.869
NDBC	46118	Se'lhaem Bellingham Bay	Buoy	NA	48.724	-122.576
NDBC	46119	Cha'Ba La Push	Buoy	NA	47.967	-124.95
NDBC	46120	Pt Wells, WA (U of Wash)	Buoy	WA	47.761	-122.397
NDBC	46121	Carr Inlet, WA (U of Wash)	Buoy	WA	47.28	-122.73
NDBC	46122	Dabob Bay, WA (U of Wash)	Buoy	WA	47.803	-122.803
NDBC	46123	Twanoh - Hood Canal, WA (U of Wash)	Buoy	WA	47.375	-123.008
NDBC	46124	Hoodsport - Hood Canal, WA (U of Wash)	Buoy	WA	47.422	-123.113
NDBC	46125	Hansville - Hood Canal, WA	Buoy	WA	47.907	-122.627
NDBC	46126	Wide Bay (Shell)	Buoy	SH	53.951	-166.602
NDBC	46127	SATURN Offshore Station #10, Columbia River, South Jetty, OR	Buoy	CM	46.215	-124.063
NDBC	46128	Buoy CB-06 - West of Coos Bay, OR	Buoy	NA	43.292	-124.538
NDBC	46131	Sentry Shoal	3-meter discus buoy	C	49.91	-124.98
NDBC	46132	South Brooks	3-meter discus buoy	C	49.78	-127.89
NDBC	46134	Pat Bay	3-meter discus buoy	C	48.65	-123.5
NDBC	46138	South Hecate Strait, Canada (174)	Waverider Buoy	C	52.437	-129.795
NDBC	46139	La Perouse Bank DWR, Canada  (195)	Waverider Buoy	C	48.844	-126.01
NDBC	46145	Central Dixon Entrance Buoy	3-meter discus buoy	C	54.37	-132.42
NDBC	46146	Halibut Bank	3-meter discus buoy	C	49.34	-123.73
NDBC	46147	South Moresby	3-meter discus buoy	C	51.83	-131.22
NDBC	46181	Nanakwa Shoal	3-meter discus buoy	C	53.83	-128.83
NDBC	46183	North Hecate Strait	3-meter discus buoy	C	53.62	-131.1
NDBC	46184	North Nomad	6-meter NOMAD buoy	C	53.92	-138.85
NDBC	46185	South Hecate Strait	3-meter discus buoy	C	52.42	-129.79
NDBC	46204	West Sea Otter	3-meter discus buoy	C	51.38	-128.77
NDBC	46205	West Dixon Entrance	3-meter discus buoy	C	54.18	-134.32
NDBC	46206	La Perouse Bank	3-meter discus buoy	C	48.84	-126.0
NDBC	46207	East Dellwood	3-meter discus buoy	C	50.87	-129.92
NDBC	46208	West Moresby	3-meter discus buoy	C	52.52	-132.69
NDBC	46211	Grays Harbor, WA (036)	Waverider Buoy	R	46.857	-124.243
NDBC	46212	Humboldt Bay South Spit, CA (128)	Waverider Buoy	R	40.753	-124.313
NDBC	46213	Cape Mendocino, CA (094)	Waverider Buoy	R	40.291	-124.748
NDBC	46214	Point Reyes, CA (029)	Waverider Buoy	R	37.944	-123.466
NDBC	46215	Diablo Canyon, CA (076)	Waverider Buoy	R	35.204	-120.859
NDBC	46216	Goleta Point, CA (107)	Waverider Buoy	R	34.333	-119.803
NDBC	46217	Anacapa Passage, CA (111)	Waverider Buoy	R	34.167	-119.435
NDBC	46218	Harvest, CA (071)	Waverider Buoy	R	34.452	-120.78
NDBC	46219	San Nicolas Island, CA (067)	Waverider Buoy	R	33.226	-119.891
NDBC	46220	El Porto, CA (125)	Waverider Buoy	R	33.897	-118.446
NDBC	46221	Santa Monica Bay, CA (028)	Waverider Buoy	R	33.86	-118.641
NDBC	46222	San Pedro, CA (092)	Waverider Buoy	R	33.614	-118.314
NDBC	46223	Dana Point, CA (096)	Waverider Buoy	R	33.458	-117.767
NDBC	46224	Oceanside Offshore, CA (045)	Waverider Buoy	R	33.178	-117.472
NDBC	46225	Torrey Pines Outer, CA (100)	Waverider Buoy	R	32.933	-117.391
NDBC	46226	Point La Jolla, CA (095)	Waverider Buoy	R	32.848	-117.353
NDBC	46227	Point Loma, CA (091)	Waverider Buoy	R	32.632	-117.444
NDBC	46228	Pitas Point, CA (130)	Waverider Buoy	R	34.317	-119.417
NDBC	46229	UMPQUA OFFSHORE, OR (139)	Waverider Buoy	R	43.772	-124.549
NDBC	46230	Huntington Beach Nearshore, CA (172)	Waverider Buoy	R	33.623	-118.012
NDBC	46231	Mission Bay, CA (093)	Waverider Buoy	R	32.747	-117.37
NDBC	46232	Point Loma South, CA  (191)	Waverider Buoy	R	32.517	-117.425
NDBC	46233	SCCOOS San Diego Mooring	Offshore Buoy	SC	32.936	-117.32
NDBC	46234	Port Hueneme Nearshore, CA (141)	Waverider Buoy	R	34.1	-119.168
NDBC	46235	Imperial Beach Nearshore, CA (155)	Waverider Buoy	R	32.57	-117.169
NDBC	46236	Monterey Canyon Outer, CA  (156)	Waverider Buoy	R	36.759	-121.95
NDBC	46237	San Francisco Bar, CA  (142)	Waverider Buoy	R	37.788	-122.634
NDBC	46238	Santa Cruz Basin, CA (167)	Waverider Buoy	R	33.76	-119.55
NDBC	46239	Point Sur, CA (157)	Waverider Buoy	R	36.342	-122.11
NDBC	46240	Cabrillo Point, Monterey Bay, CA  (158)	Waverider Buoy	R	36.626	-121.907
NDBC	46241	San Elijo Nearshore, CA (161)	Waverider Buoy	R	33.003	-117.292
NDBC	46242	Camp Pendleton Nearshore, CA  (043)	Waverider Buoy	R	33.22	-117.439
NDBC	46243	Clatsop Spit, OR (162)	Waverider Buoy	R	46.215	-124.129
NDBC	46244	Humboldt Bay, North Spit, CA (168)	Waverider Buoy	R	40.896	-124.358
NDBC	46245	Ventura Nearshore, CA - 169	Waverider Buoy	R	34.251	-119.308
NDBC	46246	Ocean Station PAPA  (166)	Waverider Buoy	WQ	49.903	-145.246
NDBC	46247	San Francisco Offshore, CA  (180)	Waverider Buoy	R	37.753	-122.833
NDBC	46248	Astoria Canyon, OR  (179)	Waverider Buoy	R	46.133	-124.64
NDBC	46249	Santa Cruz Island South, CA (182)	Waverider Buoy	R	33.821	-119.708
NDBC	46250	Point Mugu Offshore, CA - 184	Waverider Buoy	R	34.034	-119.09
NDBC	46251	Santa Cruz Basin, CA (203)	Waverider Buoy	R	33.769	-119.565
NDBC	46252	Anacapa Passage South, CA (212)	Waverider Buoy	XX	33.953	-119.257
NDBC	46253	San Pedro South, CA (213)	Waverider Buoy	R	33.576	-118.182
NDBC	46254	SCRIPPS Nearshore, CA (201)	Waverider Buoy	R	32.868	-117.267
NDBC	46255	Begg Rock, CA  (138)	Waverider Buoy	WQ	33.4	-119.651
NDBC	46256	Long Beach Channel, CA (215)	Waverider Buoy	R	33.7	-118.201
NDBC	46257	Harvest Southeast, CA (216)	Waverider Buoy	R	34.439	-120.766
NDBC	46258	Mission Bay West, CA (220)	Waverider Buoy	R	32.749	-117.502
NDBC	46259	Santa Lucia Escarpment, CA (222)	Waverider Buoy	AC	34.774	-121.491
NDBC	46260	Lakeside, OR (231)	Waverider Buoy	RE	43.586	-124.29
NDBC	46261	Reedsport, OR (232)	Waverider Buoy	RE	43.76	-124.225
NDBC	46262	Santa Barbara Island North, CA (234)	Waverider Buoy	R	33.704	-119.004
NDBC	46263	Fort Bragg South, CA (235)	Waverider Buoy	RE	39.37	-123.912
NDBC	46264	Kodiak, AK (236)	Waverider Buoy	RE	57.479	-151.695
NDBC	46265	Nome, AK (241)	Waverider Buoy	AS	64.474	-165.479
NDBC	46266	Del Mar Nearshore, CA (153)	Waverider Buoy	AC	32.957	-117.279
NDBC	46267	Angeles Point, WA (248)	Waverider Buoy	R	48.171	-123.6
NDBC	46268	Topanga Nearshore, CA (103)	Waverider Buoy	R	34.022	-118.578
NDBC	46269	Point Santa Cruz, CA (254)	Waverider Buoy	R	36.934	-122.034
NDBC	46270	S.W. Bering Sea	6-meter NOMAD buoy	N	55.003	175.284
NDBC	46273	Torrey Pines Inner, CA (101)	Waverider Buoy	R	32.93	-117.274
NDBC	46274	Leucadia Nearshore, CA (262)	Waverider Buoy	R	33.062	-117.314
NDBC	46275	Red Beach Nearshore, CA (264)	Waverider Buoy	R	33.291	-117.501
NDBC	46276	Pajaro Beach, CA (266)	Waverider Buoy	R	36.845	-121.825
NDBC	46277	Green Beach Offshore, CA (271)	Waverider Buoy	R	33.336	-117.659
NDBC	46278	Tillamook Bay South Jetty, OR (270)	Waverider Buoy	R	45.559	-123.991
NDBC	46279	Pajaro Beach South, CA (267)	Waverider Buoy	R	36.838	-121.82
NDBC	46280	Newport PWS North (277)	Waverider Buoy	RE	44.575	-124.234
NDBC	46281	Newport PWS South, OR (278)	Waverider Buoy	RE	44.559	-124.233
NDBC	46282	Aptos Creek Nearshore, CA 275	Waverider Buoy	R	36.951	-121.921
NDBC	46283	Yaquina Channel SW, OR (280)	Waverider Buoy	RE	44.567	-124.237
NDBC	46284	Soquel Cove South, CA (281)	Waverider Buoy	R	36.93	-121.934
NDBC	46285	Capistrano Beach Nearshore, CA (284)	Waverider Buoy	R	33.445	-117.68
NDBC	46290	NOOSS Optimization Buoy	2.3-meter NOOSS buoy	N	32.659	-120.63
NDBC	46303	Southern Georgia Strait	3-meter discus buoy	C	49.02	-123.43
NDBC	46304	Entrance To English Bay	3-meter discus buoy	C	49.3	-123.36
NDBC	46401	SOUTHEAST ADAK - 377NM SE of Adak, AK	2.6-meter discus buoy	N	46.638	-170.79
NDBC	46402	South Dutch Harbor - 220 NM SSE of Dutch Harbor, AK	2.6-meter discus buoy	N	50.913	-164.147
NDBC	46403	SOUTHEAST SHUMAGIN ISLAND - 186 NM SE of Shumagin Is, AK	2.6-meter discus buoy	N	52.7	-156.983
NDBC	46404	WEST ASTORIA - 230 NM West of Astoria, OR	2.6-meter discus buoy	N	45.852	-128.745
NDBC	46405	325 NM West-Southwest of Newport, OR	2.6-meter discus buoy	N	42.903	-130.909
NDBC	46406	2,900 NM Southeast of Hawaii	2.6-meter discus buoy	N	-8.491	-125.022
NDBC	46407	NEWPORT - 210NM West of Coos Bay, OR	2.6-meter discus buoy	N	42.704	-128.895
NDBC	46408	NIKOLSKI - 212 NM South of Umnak Is, AK	2.6-meter discus buoy	N	49.677	-169.825
NDBC	46409	SOUTHEAST KODIAK - 210 NM SE of Kodiak, AK	2.6-meter discus buoy	N	55.338	-148.575
NDBC	46410	SOUTH CORDOVA - 188 NM SSE of Cordova, AK	2.6-meter discus buoy	N	57.641	-143.771
NDBC	46411	Mendocino - 150 NM West of  Mendocino Bay, CA	2.6-meter discus buoy	N	39.337	-127.04
NDBC	46412	San Diego - 175 NM West of San Diego, CA	2.6-meter discus buoy	N	32.4	-120.582
NDBC	46413	SOUTH-SOUTHEAST ADAK - 243 NM SSE of Adak Island, AK	2.6-meter discus buoy	N	48.031	-173.766
NDBC	46414	SOUTHEAST CHIRIKOF - 165 NM SE of Chirikof Island, AK	2.6 meter DART buoy	N	53.756	-152.456
NDBC	46415	SOUTHWEST JUNEAU - 370 NM SW of Juneau, AK	2.6-meter discus buoy	N	53.029	-139.889
NDBC	46416	WEST VANCOUVER - 442NM West of Vancouver, BC, Canada	2.6 meter DART buoy	N	49.939	-134.427
NDBC	46419	NORTHWEST SEATTLE - 300 NM WNW of Seattle, WA	2.6 meter DART buoy	N	48.816	-129.614
NDBC	46451	PMEL 4G Test 1 - 83NM W of Newport, OR	Buoy	PD	44.815	-125.699
NDBC	46452	PMEL 4G Test 2 - 74NM West of Newport, OR	Buoy	PD	44.807	-125.759
NDBC	46453	Backyard Buoys - Quinault North	Spotter Buoy	QI	47.45	-124.43
NDBC	46490	NOOSS Optimization Buoy	Moored Buoy	N	32.455	-120.557
NDBC	46518	Drifting Buoy	Drifting Buoy	AK	44.5	-170.0
NDBC	46531	Drifting Buoy	Drifting Buoy	AK	41.0	-165.0
NDBC	46534	Drifting Buoy	Drifting Buoy	AK	48.0	-165.0
NDBC	46538	Drifting Buoy	Drifting Buoy	AK	24.14	-127.9
NDBC	46551	Drifting Buoy	Drifting Buoy	N	53.033	-161.81
NDBC	46553	Drifting Buoy	Drifting Buoy	N	54.54	-165.44
NDBC	46565	Drifting Buoy	Drifting Buoy	AK	44.5	-170.0
NDBC	46779	Drifting Buoy	Drifting Buoy	N	57.0	-149.0
NDBC	46780	Drifting Buoy	Drifting Buoy	N	56.04	-167.14
NDBC	46781	Drifting Buoy	Drifting Buoy	N	54.634	-177.948
NDBC	46782	Drifting Buoy	Drifting Buoy	N	56.04	-167.14
NDBC	46785	Drifting Buoy	Drifting Buoy	N	55.0	-173.0
NDBC	46b35	CENTRAL BERING SEA - 310 NM North of Adak, AK	12-meter discus buoy	N	57.069	-177.75
NDBC	46d02	Adrift buoy from 46402	2.6-meter discus buoy	N	50.983	-163.943
NDBC	46d04	Adrift Buoy from 46404	2.6 meter DART buoy	N	42.87	-128.752
NDBC	46d15	Adrift buoy from 46415	2.6 meter DART buoy	N	53.035	-139.884
NDBC	46d16	Adrift buoy from 46416	2.6 meter DART buoy	N	49.901	-134.395
NDBC	46flo	Monterey Bay (FLOSSIE)	6-meter NOMAD buoy	N	36.668	-122.562
NDBC	46t29	COLUMBIA RIVER BAR - 20NM West of Columbia River Mouth	2.1-meter ionomer foam buoy w/ seal cage	N	46.141	-124.574
NDBC	46x61	Adrift buoy from 46061	3-meter discus buoy w/ seal cage	N	60.238	-146.833
NDBC	48011	Red Dog Mine	3-meter discus buoy	N	67.582	-164.185
NDBC	48012	Point Lay (UAF)	Buoy	AF	70.025	-166.071
NDBC	48021	Tuktoyaktuk	Buoy	C	70.35	-133.0
NDBC	48114	30 NM West of King Island	Buoy	AS	65.011	-169.454
NDBC	48211	Camden Bay (Shell Arctic)	Buoy	SB	70.37	-146.04
NDBC	48212	Harrison Bay (Shell Arctic)	Buoy	SB	70.874	-150.279
NDBC	48213	Burger	Buoy	SB	71.502	-164.133
NDBC	48214	Klondike (MOB1)	Buoy	SB	70.872	-165.248
NDBC	48215	Hanna Shoal (MOB3)	Buoy	SL	71.502	-164.133
NDBC	48216	Crackerjack (Shell Arctic)	Buoy	SB	71.758	-167.952
NDBC	48400	Ocean Climate Station Papa	Buoy	PM	50.055	-144.873
NDBC	48677		Drifting Buoy	SH	72.568	-177.61
NDBC	48678		Drifting Buoy	SH	74.076	-172.987
NDBC	48679		Drifting Buoy	SH	75.778	-159.89
NDBC	48680		Drifting Buoy	SH	74.776	-157.236
NDBC	51000	NORTHERN HAWAII ONE - 245NM NE of Honolulu HI	3-meter foam buoy	N	23.534	-153.752
NDBC	51001	NORTHWESTERN HAWAII ONE - 188 NM NW of Kauai Island, HI	2.1-meter ionomer foam buoy	N	24.475	-162.03
NDBC	51002	SOUTHWEST HAWAII - 215NM SSW of Hilo, HI	3-meter foam buoy	N	17.07	-157.755
NDBC	51003	WESTERN  HAWAII - 205 NM SW of Honolulu, HI	3-meter foam buoy	N	19.143	-160.645
NDBC	51004	SOUTHEAST HAWAII - 205 NM Southeast of Hilo, HI	3-meter discus buoy	N	17.504	-152.197
NDBC	51005		3-meter discus buoy	N	20.4	-156.1
NDBC	51026	Northern Molokai	3-meter discus buoy	N	21.35	-156.93
NDBC	51027		3-meter discus buoy	N	20.4	-157.1
NDBC	51028	Christmas Island	3-meter discus buoy	N	0.0	-153.913
NDBC	51045	Hilo Bay, HI	Buoy	PO	19.734	-155.082
NDBC	51046	Kawaihai, HI	Buoy	PO	20.024	-155.828
NDBC	51100	NORTHERN HAWAII TWO - 252NM NE of Honolulu, HI	3-meter discus buoy	N	23.558	-153.9
NDBC	51101	NORTHWESTERN HAWAII TWO - 186 NM NW of Kauai Is., HI	3-meter foam buoy	N	24.359	-162.081
NDBC	51111	Backyard Buoys - Tau Faga Cove		PO	-14.245	-169.509
NDBC	511x1	NORTHWESTERN HAWAII TWO - 190NM NW of Kauai Is, HI	3-meter discus buoy	N	23.445	-162.279
NDBC	51200	Barbers Point, HI  (164)	Waverider Buoy	R	21.096	-158.303
NDBC	51201	Waimea Bay, HI (106)	Waverider Buoy	PO	21.671	-158.118
NDBC	51202	Mokapu Point, HI (098)	Waverider Buoy	PO	21.414	-157.681
NDBC	51203	Kaumalapau, HI (146)	Waverider Buoy	PO	20.788	-157.01
NDBC	51204	Barbers Point, HI #2 (165)	Waverider Buoy	PO	21.281	-158.124
NDBC	51205	Pauwela, Maui, HI (187)	Waverider Buoy	PO	21.018	-156.421
NDBC	51206	Hilo, Hawaii, HI (188)	Waverider Buoy	PO	19.779	-154.97
NDBC	51207	Kaneohe Bay, HI (198)	Waverider Buoy	PO	21.477	-157.752
NDBC	51208	Hanalei, Kauai, HI (202)	Waverider Buoy	PO	22.285	-159.574
NDBC	51209	Aunuu, American Samoa (189)	Waverider Buoy	PO	-14.273	-170.501
NDBC	51210	Kaneohe Bay, WETS, HI (225)	Waverider Buoy	PO	21.477	-157.757
NDBC	51211	Pearl Harbor Entrance, HI (233)	Waverider Buoy	PO	21.297	-157.959
NDBC	51212	Barbers Point, Kalaeloa, HI (238)	Waverider Buoy	PO	21.323	-158.149
NDBC	51213	Kaumalapau Southwest, Lanai, HI (239)	Waverider Buoy	PO	20.75	-157.002
NDBC	51214	King-Poloa, American Samoa (273)	Waverider Buoy	PO	-14.296	-170.875
NDBC	51406	CENTRAL SOUTH PACIFIC  - 1040NM NNE of Pitcarin Is	2.6-meter discus buoy	N	-8.48	-125.027
NDBC	51407	HAWAII - 34NM West of Kailua-Kona, HI	2.6-meter discus buoy	N	19.53	-156.601
NDBC	51425	NORTHWEST APIA - 370 NM NW of Apia, Samoa	2.6-meter discus buoy	N	-9.511	-176.258
NDBC	51426	SOUTHEAST TONGA - 400NM SE of Tonga	2.6-meter discus buoy	N	-23.11	-168.385
NDBC	51542	TAO Buoy Adrift	Drifting Buoy	N	0.018	-179.903
NDBC	51d07	Adrift buoy from 51407	2.6 meter DART buoy	N	19.614	-156.562
NDBC	51d26	SOUTHEAST TONGA - 400NM SE of Tonga	2.6-meter discus buoy	N	-22.993	-168.133
NDBC	51wh0	WHOTS - Woods Hole Ocean Time-series	Moored Buoy	WH	22.0	-157.0
NDBC	52009		3-meter discus buoy	N	13.729	-144.668
NDBC	52162	Backyard Buoys - Saipan Sugar Dock		PO	15.15	145.694
NDBC	52200	Ipan, Guam (121)	Waverider Buoy	PO	13.354	144.788
NDBC	52201	Kalo, Majuro, Marshall Islands (163)	Waverider Buoy	PO	7.078	171.384
NDBC	52202	Ritidian Point, Guam (196)	Waverider Buoy	PO	13.682	144.811
NDBC	52211	Tanapag, Saipan, NMI (197)	Waverider Buoy	PO	15.269	145.664
NDBC	52212	Ngaraard, Babeldaob, Palau (219)	Waverider Buoy	PO	7.63	134.671
NDBC	52213	North Point, Pohnpei, Micronesia (178)	Waverider Buoy	PO	7.081	158.244
NDBC	52214	Rumung, Yap, Micronesia (272)	Waverider Buoy	PO	9.678	138.176
NDBC	52215	UTWE, KOSRAE, MICRONESIA (276)	Waverider Buoy	PO	5.241	163.001
NDBC	52216	Pikareej, Arno, Marshall Islands (282)	Waverider Buoy	PO	7.323	171.641
NDBC	52401	NORTHEAST SAIPAN - 610 NM ENE of Saipan	2.6 meter DART buoy	N	19.282	155.759
NDBC	52402	SOUTHEAST SAIPAN - 540NM ESE of Saipan	2.6-meter discus buoy	N	11.928	153.876
NDBC	52403	NORTH MANUS - 345NM North of Manus Is , New Guinea	2.6-meter discus buoy	N	4.018	145.628
NDBC	52404	NORTH PHILIPPINE SEA - 750 NM NE of Manila, Philippines	2.6-meter discus buoy	N	20.625	132.228
NDBC	52405	SOUTH PHILIPPINE SEA -725 NM West of Agana, Guam	2.6-meter discus buoy	N	12.992	132.232
NDBC	52406	NORTHEAST SOLOMON - 370NM NE of Guadalcanal	2.6 meter DART buoy	N	-5.374	164.99
NDBC	52834		Drifting Buoy	AO	14.0	154.953
NDBC	52837		Drifting Buoy	AO	9.777	137.0
NDBC	52838		Drifting Buoy	AO	7.774	140.0
NDBC	52839		Drifting Buoy	AO	5.758	143.0
NDBC	52840		Drifting Buoy	AO	8.731	151.0
NDBC	52841		Drifting Buoy	AO	5.943	149.0
NDBC	52842		Drifting Buoy	AO	6.759	150.0
NDBC	52843		Drifting Buoy	AO	11.761	134.0
NDBC	52849		Drifting Buoy	AO	16.0	155.256
NDBC	52858		Drifting Buoy	AO	14.0	154.953
NDBC	52862		Drifting Buoy	AO	16.0	155.256
NDBC	52901		Drifting Buoy	AO	15.0	155.104
NDBC	53005		Atlas Buoy	RM	-8.0	81.0
NDBC	53006		Atlas Buoy	RM	-12.0	81.0
NDBC	53009		Atlas Buoy	RM	-12.0	93.0
NDBC	53040		Atlas Buoy	RM	-8.0	95.0
NDBC	53046	South Bali	ETD	AU	-11.445	113.607
NDBC	53056		Atlas Buoy	RM	-5.0	95.0
NDBC	53057		Atlas Buoy	RM	-2.0	90.0
NDBC	53401	Indonesia	2.6-meter discus buoy	ID	0.05	91.899
NDBC	5401000	NZC - Offshore Gisborne Hikurangi	2.6 meter DART buoy	NZ	-38.2	-179.797
NDBC	5401001	NZE - Offshore East Cape Kermadec	2.6 meter DART buoy	NZ	-36.049	-177.708
NDBC	5401002	NZF - Offshore Raoul Island Kermadec	2.6 meter DART buoy	NZ	-29.683	-175.012
NDBC	5401003	NZG - Offshore Tongatapu Tonga	2.6 meter DART buoy	NZ	-23.352	-173.402
NDBC	5401004	NZH - Offshore Niue Tonga	2.6 meter DART buoy	NZ	-20.088	-171.863
NDBC	5401005	NZI - Offshore Samoa Tonga	2.6 meter DART buoy	NZ	-16.889	-171.191
NDBC	54401	NORTHEAST NEW ZEALAND - 640NM NE of Auckland, NZ	2.6-meter discus buoy	N	-33.109	-173.155
NDBC	54d01	NORTHEAST NEW ZEALAND - 640NM NE of Auckland, NZ	2.6-meter discus buoy	N	-33.005	-172.985
NDBC	5501002	NZA - Offshore Wellington Hikurangi	2.6 meter DART buoy	NZ	-42.371	176.911
NDBC	5501003	NZB - Offshore Hawke's Bay Hikurangi	2.6 meter DART buoy	NZ	-40.599	179.096
NDBC	5501004	NZD - Offshore Bay of Plenty Kermadec	2.6 meter DART buoy	NZ	-36.1	178.604
NDBC	5501005	NZJ - Offshore Norfolk Island New Hebrides	2.6 meter DART buoy	NZ	-26.667	163.955
NDBC	5501006	NZK - Offshore New Caledonia New Hebrides	2.6 meter DART buoy	NZ	-24.309	169.499
NDBC	5501007	NZL - Offshore Vanuatu New Hebrides	2.6 meter DART buoy	NZ	-19.31	166.782
NDBC	55012	Coral Sea 1     -     1285km ENE of Townsville	ETD	AU	-15.664	158.453
NDBC	55013	TASMAN SEA 3     -     1160km ESE of Hobart	2.6-meter discus buoy	AU	-46.665	161.001
NDBC	55015	TASMAN SEA 1     -     1110km ESE of Hobart	STB - SAIC Tsunami Buoy	AU	-46.956	160.343
NDBC	55016	ETD Fiji Basin	ETD	AU	-26.0	176.0
NDBC	55023	Coral Sea 2     -     870km NE of Townsville	ETD	AU	-14.715	153.537
NDBC	55039		Waverider Buoy	ES	-38.36	148.11
NDBC	55042	Tasman Sea 2     -     1175km ESE of Hobart	STB - SAIC Tsunami Buoy	AU	-44.79	161.7
NDBC	55401	600 NM Southeast of Hobart, Tasmania	2.6-meter discus buoy	AU	-46.922	160.562
NDBC	56001	Indian Ocean 1     -      1025km NW of Dampier	STB - SAIC Tsunami Buoy	AU	-14.046	110.028
NDBC	56003	Indian Ocean 2     -     630km NNE of Dampier	STB - SAIC Tsunami Buoy	AU	-15.019	118.073
NDBC	56053		Atlas Buoy	RM	-16.0	81.0
NDBC	56055		Atlas Buoy	RM	-25.0	100.0
NDBC	61001	Nice Buoy	Buoy	F	43.4	7.8
NDBC	61002	Lion Buoy	Buoy	F	42.102	4.703
NDBC	62001	Gascogne Buoy	Buoy	F	45.23	-5.0
NDBC	62027	Jersey Buoy, English Channel - 5 nm south of Jersey, UK	Buoy	SJ	49.082	-2.218
NDBC	62028	Weymouth Bay, UK	Buoy	U	50.59	-2.3
NDBC	62029	K1 Buoy	Buoy	U	48.72	-12.43
NDBC	62030	L4 Buoy	Buoy	U	50.25	-4.217
NDBC	62050	E1	Buoy	U	50.0	-4.4
NDBC	62052		Buoy	F	48.5	-5.6
NDBC	62081	K2 Buoy	Buoy	U	51.0	-13.55
NDBC	62090	M1 - 50 NM West of Aran Islands	2.5-meter ODAS buoy	W	53.127	-11.2
NDBC	62091	M2 - 20 NM East of Lambay	2.5-meter ODAS buoy	W	53.469	-5.418
NDBC	62092	M3 - 30 NM Southwest of Mizen Head	2.5-meter ODAS buoy	W	51.13	-10.33
NDBC	62093	M4 - Donegal Bay	2.5-meter ODAS buoy	W	55.0	-10.0
NDBC	62094	M5 - South East	2.5-meter ODAS buoy	W	51.41	-6.42
NDBC	62095	M6 - West Coast	2.5-meter ODAS buoy	W	53.04	-15.53
NDBC	62103	Channel Lightship	Lightship	U	49.9	-2.9
NDBC	62105	K4 Buoy	Buoy	U	55.41	-11.81
NDBC	62107	Sevenstones Lightship	Lightship	U	50.102	-6.1
NDBC	62108	K3 Buoy	Buoy	U	53.5	-19.5
NDBC	62114	"Tartan ""A"" AWS"	Oil Platform	X	58.3	0.0
NDBC	62121	Carrack AWS	Oil Platform	X	53.5	2.7
NDBC	62124	Conwy	Oil Platform	X	53.6	-3.6
NDBC	62125		Oil Platform	X	53.8	-3.5
NDBC	62126		Oil Platform	X	53.9	-3.6
NDBC	62127	Cleeton AWS	Oil Platform	X	54.0	0.7
NDBC	62130	Brae A	Oil Platform	X	58.7	1.3
NDBC	62135	Trent	Oil Platform	X	54.2	1.6
NDBC	62142	North Sea	Oil Platform	X	53.0	2.101
NDBC	62144	Clipper AWS	Oil Platform	X	53.4	1.7
NDBC	62145	North Sea	Oil Platform	X	53.102	2.8
NDBC	62146	Lomond AWS	Oil Platform	X	57.2	2.1
NDBC	62147	Galaxy 111	Oil Platform	X	55.7	4.7
NDBC	62148	Barque AWS	Oil Platform	X	53.6	1.5
NDBC	62149	"West Sole ""A"" AWS"	Oil Platform	X	53.7	1.1
NDBC	62150	Amethyst AWS	Oil Platform	X	53.6	0.7
NDBC	62163	Brittany Buoy	Buoy	U	47.55	-8.47
NDBC	62164	Anasuria AWS	Oil Platform	X	57.2	0.8
NDBC	62165	Ravenspurn North AWS	Oil Platform	X	54.0	1.1
NDBC	62166	Thames	Oil Platform	X	53.0	2.5
NDBC	62170	F3 Light Vessel	Lightship	U	51.24	2.0
NDBC	62298	Celtic Sea Buoy	Buoy	U	49.4	-8.6
NDBC	62301	Aberporth Buoy	Buoy	U	52.22	-4.42
NDBC	62303	Pembroke Buoy	Buoy	U	51.602	-5.1
NDBC	62304	Sandettie Lightship	Lightship	U	51.102	1.8
NDBC	62305	Greenwich Lightship	Lightship	U	50.4	0.0
NDBC	62442	Pap	Buoy	U	49.0	-16.5
NDBC	63105	"Brent ""B"" AWS"	Oil Platform	X	61.0	1.692
NDBC	63110	Beryl A AWS	Oil Platform	X	59.5	1.5
NDBC	63112	Cormorant AWS	Oil Platform	X	61.1	1.0
NDBC	63113	"Brent ""A"" AWS"	Oil Platform	X	61.0	1.708
NDBC	63115	Magnus AWS	Oil Platform	X	61.6	1.3
NDBC	63117	Eider AWS	Oil Platform	X	61.4	1.1
NDBC	64045	K5 Buoy	Buoy	U	59.15	-11.79
NDBC	64046	K7 Buoy	Buoy	U	60.483	-4.167
NDBC	91204	Ulithi Is., Caroline	C-MAN Station	N	9.9	139.7
NDBC	91222	Pagan Is.,Mariana	C-MAN Station	N	18.13	145.77
NDBC	91251	Enewetak, MarShall	C-MAN Station	N	11.43	162.35
NDBC	91328	Ulul Atoll, Caroline	C-MAN Station	N	8.6	149.67
NDBC	91338	Satawan Atoll, Caro.	C-MAN Station	N	5.28	153.65
NDBC	91343	Oroluk, Caroline	C-MAN Station	N	7.63	155.16
NDBC	91352	Pingelap, Caroline	C-MAN Station	N	6.21	160.7
NDBC	91355	Kosrae, Caroline	C-MAN Station	N	5.36	162.96
NDBC	91356	Kosrae, Caroline	C-MAN Station	N	5.36	162.96
NDBC	91365	Ujae Atoll, Marshall	C-MAN Station	N	8.93	165.75
NDBC	91374	Maloelap, Marshall	C-MAN Station	N	8.7	171.2
NDBC	91377	Mili, Marshalls Is.	C-MAN Station	N	6.1	172.1
NDBC	91411	Ngulu Atoll, Caroline	C-MAN Station	N	8.3	137.5
NDBC	91442	Ebon Atoll, Caroline	C-MAN Station	N	4.6	168.7
NDBC	97001		Drifting Buoy	V	30.0	-90.0
NDBC	aamc1	9414750 - Alameda, CA	Water Level Observation Network	O	37.772	-122.3
NDBC	aban6	Alexandria Bay, NY	C-MAN Station	N	44.333	-75.933
NDBC	abya2	Auke Bay Lab Dock, AK	Weather Station	AJK	58.381	-134.646
NDBC	acfs1	Grove Plantation, ACE Basin Reserve, SC	NERRS Water Quality Station	NR	32.664	-80.413
NDBC	acmn4	Atlantic City Marina, NJ	Shorebased Tower	J	39.38	-74.42
NDBC	acqs1	St. Pierre, ACE Basin Reserve, SC	NERRS Water Quality Station	NR	32.523	-80.357
NDBC	acxs1	Bennett's Point, ACE Basin Reserve, SC	NERRS Weather Station	NR	32.559	-80.454
NDBC	acyn4	8534720 - Atlantic City, NJ	Water Level Observation Network	O	39.357	-74.418
NDBC	adbf1	Dry Bar, Apalachicola Reserve, FL	NERRS Water Quality Station	NR	29.675	-85.058
NDBC	adka2	9461380 - Adak Island, AK	Water Level Observation Network	O	51.861	-176.637
NDBC	agcm4	9014070 - Algonac, MI	Water Level Observation Network	O	42.621	-82.527
NDBC	agmw3	Algoma City Marina, WI	Weather Station	GRB	44.608	-87.433
NDBC	agxc1	9410647 - Angels Gate, CA	Water Level Observation Network	PT	33.716	-118.246
NDBC	ajxa2	Juneau AJ Dock, AK	Coastal Marine Station	MA	58.287	-134.398
NDBC	akxa2	Akutan, AK	Coastal Marine Station	MA	54.132	-165.782
NDBC	alia2	9457804 - Alitak, AK	Water Level Observation Network	O	56.898	-154.247
NDBC	alrf1	Alligator Reef	C-MAN Station	N	24.9	-80.6
NDBC	alsn6	Ambrose Light, NY	C-MAN Station	N	40.45	-73.8
NDBC	alxn6	8311062 - Alexandria Bay, NY	Water Level Observation Network	O	44.331	-75.934
NDBC	amaa2	East Amatuli Island Light, AK	C-MAN Station	N	58.916	-151.952
NDBC	amps1	Payload Test (LAB Set-Up)	Test station	N	30.357	-89.613
NDBC	amps2	Payload Test (BUOY Set-Up)	2.4-meter discus buoy	N	30.357	-89.613
NDBC	amps3	Payload Test (C-MAN Set-Up)	Test station	N	30.357	-89.613
NDBC	amps4	Payload Test (PSI Set-Up)	Test station	N	30.357	-89.613
NDBC	amrl1	8764227 - LAWMA, Amerada Pass, LA	Water Level Observation Network	O	29.45	-91.338
NDBC	ancf1	Anclote Gulf Park, FL	Shorebased Tower	P	28.193	-82.789
NDBC	anmf1	ANM - Anna Maria, FL	Shorebased Tower	P	27.538	-82.739
NDBC	anmn6	Field Station, Hudson River Reserve, NY	NERRS Weather Station	NR	42.018	-73.917
NDBC	anpt2	8775241 - Aransas, Aransas Pass, TX	Water Level Observation Network	K	27.837	-97.039
NDBC	anrn6	Tivoli South Bay, Hudson River Reserve, NY	NERRS Water Quality Station	NR	42.027	-73.926
NDBC	anta2	9455920 - Anchorage, AK	Water Level Observation Network	O	61.238	-149.89
NDBC	anvc1	9416841 - Arena Cove, CA	Water Level Observation Network	O	38.915	-123.711
NDBC	apam2	8575512 - Annapolis, MD	Water Level Observation Network	O	38.983	-76.479
NDBC	apcf1	8728690 - Apalachicola, FL	Water Level Observation Network	O	29.724	-84.98
NDBC	apma2	Anchorage Port, AK	Coastal Marine Station	MA	61.238	-149.887
NDBC	apnm4	Alpena Harbor Light, Alpena, MI	C-MAN Station	G	45.06	-83.424
NDBC	apqf1	East Bay Bottom, Apalachicola Reserve, FL	NERRS Water Quality Station	NR	29.786	-84.875
NDBC	aprp7	1630000 - Apra Harbor, Guam	Water Level Observation Network	O	13.444	144.657
NDBC	apxa2	Anchor Point, Kachemak Bay Reserve, AK	NERRS Weather Station	NR	59.77	-151.868
NDBC	apxf1	East Bay, Apalachicola Reserve, FL	NERRS Weather Station	NR	29.769	-84.881
NDBC	arop4	9757809 - Arecibo, PR	Water Level Observation Network	PN	18.48	-66.702
NDBC	arpf1	APK - Aripeka, FL	Shorebased Tower	P	28.433	-82.667
NDBC	asbo1	Ashtabula Lighthouse		CLE	41.918	-80.796
NDBC	asto3	9439040 - Astoria, OR	Water Level Observation Network	O	46.207	-123.768
NDBC	atgm1	8413320 - Bar Harbor, ME	Water Level Observation Network	O	44.392	-68.204
NDBC	atka2	9461710 - Atka, AK	Water Level Observation Network	O	52.232	-174.173
NDBC	audp4	9759412 - Aquadilla, PR	Water Level Observation Network	PN	18.457	-67.165
NDBC	auga2	Augustine Island, AK	C-MAN Station	N	59.378	-153.348
NDBC	avan4	Avalon, NJ	Shorebased Tower	J	39.09	-74.72
NDBC	awrt2	8774230 - Aransas Wildlife Refuge, TX	Water Level Observation Network	K	28.227	-96.796
NDBC	babt2	8776604 - Baffin Bay, TX	Water Level Observation Network	K	27.297	-97.405
NDBC	bara9	9761115 - Barbuda, AG	Water Level Observation Network	O	17.591	-61.821
NDBC	barn6	Barcelona Harbor, NY	GLOS Weather Station	BUF	42.345	-79.595
NDBC	batn6	8518750 - The Battery, NY	Water Level Observation Network	O	40.701	-74.014
NDBC	baxc1	9410691 - Los Angeles Badger Avenue Bridge	Water Level Observation Network	PT	33.766	-118.24
NDBC	bbnf1	BBCW8	C-MAN Station	NP	25.601	-80.306
NDBC	bbsf1	BBCW10	C-MAN Station	NP	25.472	-80.349
NDBC	bcfm2	Brewerton Channel Range Front Light (8574831)	C-MAN Station	PT	39.205	-76.524
NDBC	bctp1	Beach 2 Tower	Coastal Marine Station	RC	42.153	-80.131
NDBC	bdrn4	8539094 - Burlington, Delaware River, NJ	Water Level Observation Network	PT	40.082	-74.87
NDBC	bdsp1	8546252 - Bridesburg, PA	Water Level Observation Network	PT	39.98	-75.079
NDBC	bdvf1	Broad River, FL	Water Quality Station	NP	25.478	-80.989
NDBC	bdxc1	Bodega, CA	Water Quality Station	BM	38.317	-123.071
NDBC	beis1	Edisto Island, ACE Basin Reserve, SC	NERRS Water Quality Station	NR	32.504	-80.325
NDBC	bepb6	2695540 - Bermuda, St. Georges Island, BM	Water Level Observation Network	O	32.374	-64.701
NDBC	bexa2	Bethel, AK	Coastal Marine Station	MA	60.791	-161.749
NDBC	bftn7	8656483 - Beaufort, NC	Water Level Observation Network	O	34.717	-76.671
NDBC	bgcf1	BCP - Big Carlos Pass, FL	Shorebased Tower	P	26.404	-81.881
NDBC	bgnn6	8519483 - Bergen Point West Reach, NY	Water Level Observation Network	PT	40.639	-74.146
NDBC	bgxn3	Greenland, Great Bay Reserve, NH	NERRS Weather Station	NR	43.059	-70.83
NDBC	bhbm3	8443970 - Boston, MA	Water Level Observation Network	O	42.355	-71.05
NDBC	bhrc3	Bridgeport Terminal, CT	Long Island Ferry	I	41.175	-73.185
NDBC	bhri3	Burns Harbor, IN	GLOS Weather Station	LOT	41.646	-87.147
NDBC	bigm4	Big Bay, MI	GLOS Weather Station	MQT	46.827	-87.727
NDBC	bilw3	Barker's Island, Lake Superior Reserve, WI	NERRS Water Quality Station	NR	46.722	-92.064
NDBC	bism2	8571421 - Bishops Head, MD	Water Level Observation Network	O	38.22	-76.039
NDBC	bkbf1	8720357 -  I-295 Buckman Bridge, St Johns River, FL	Water Level Observation Network	PT	30.192	-81.692
NDBC	bktl1	8767961 - Lake Charles Bulk Terminal, LA	Water Level Observation Network	O	30.19	-93.301
NDBC	bkyf1	Buoy Key, FL	Water Quality Station	NP	25.119	-80.834
NDBC	blia2	Bligh Reef Light, AK	C-MAN Station	N	60.839	-146.884
NDBC	blif1	8720233 - Blount Island Command, St Johns River, FL	Water Level Observation Network	PT	30.393	-81.523
NDBC	blta2	Bartlett Cove AK	C-MAN Station	AJK	58.455	-135.889
NDBC	bltm2	8574680 - Baltimore, MD	Water Level Observation Network	O	39.267	-76.579
NDBC	bltm3	8447387 - Borden Flats Light at Fall River, MA	Water Level Observation Network	PT	41.704	-71.174
NDBC	bmtw1	9445958 - Bremerton, WA	Water Level Observation Network	PT	47.562	-122.626
NDBC	bnkf1	Butternut Key, FL	Water Quality Station	NP	25.087	-80.519
NDBC	bobf1	Bob Allen, FL	Water Quality Station	NP	25.027	-80.681
NDBC	bphf1	BISHOP HARBOR, FL	Water Quality Station	TC	27.608	-82.571
NDBC	brbn4	Brant Beach, NJ	Shorebased Tower	J	39.61	-74.2
NDBC	brhc3	8467150 - Bridgeport, CT	Water Level Observation Network	O	41.174	-73.181
NDBC	brim2	Railroad, Chesapeake Bay Reserve, MD	NERRS Water Quality Station	NR	38.781	-76.714
NDBC	brnd1	8555889 - Brandywine Shoal Light, DE	Water Level Observation Network	PT	38.987	-75.113
NDBC	bsbm4	Big Sable Point, MI	GLOS Weather Station	GRR	44.055	-86.514
NDBC	bsca1	Bon Secour, AL	Water Quality Station	DI	30.329	-87.829
NDBC	bskf1	Big Sable Creek, FL	Water Quality Station	NP	25.266	-81.162
NDBC	bslm2	Jug Bay, Chesapeake Bay Reserve, MD	NERRS Weather Station	NR	38.781	-76.708
NDBC	bthd1	Bethany Beach, DE	Bottom Mounted ADCP	AC	38.537	-75.046
NDBC	bufn6	9063020 - Buffalo, NY	Water Level Observation Network	O	42.878	-78.89
NDBC	burl1	Southwest Pass, LA	C-MAN Station	N	28.906	-89.429
NDBC	busl1	Bullwinkle Block 65	C-MAN Station	N	27.883	-90.9
NDBC	buzm3	Buzzards Bay, MA	C-MAN Station	N	41.397	-71.033
NDBC	bvqw1	Bayview Channel, Padilla Bay Reserve, WA	NERRS Water Quality Station	NR	48.496	-122.501
NDBC	bwsf1	Blackwater Sound, FL	Water Quality Station	NP	25.178	-80.438
NDBC	bygl1	8762482 - West Bank 1, Bayou Gauche, LA	Water Level Observation Network	O	29.789	-90.42
NDBC	bzbm3	8447930 - Woods Hole, MA	Water Level Observation Network	O	41.524	-70.671
NDBC	bzst2	8779749 - SPI Brazos Santiago, TX	Water Level Observation Network	K	26.067	-97.155
NDBC	c58w3	Two Rivers CG Station, WI	Weather Station	CG	44.146	-87.563
NDBC	camf1	Campbell Park, FL	Shorebased Tower	P	27.765	-82.649
NDBC	camm2	8571892 - Cambridge, MD	Water Level Observation Network	O	38.574	-76.069
NDBC	canf1	Cane Patch, FL	Water Quality Station	NP	25.422	-80.942
NDBC	capl1	8768094 - Calcasieu Pass, LA	Water Level Observation Network	O	29.768	-93.343
NDBC	carl1	8761955 - Carrollton, LA	Water Level Observation Network	O	29.933	-90.135
NDBC	caro3	Cape Arago, OR	C-MAN Station	N	43.342	-124.375
NDBC	casm1	8418150 - Portland, ME	Water Level Observation Network	O	43.656	-70.246
NDBC	cavn6	9052000 - Cape Vincent, NY	Water Level Observation Network	O	44.13	-76.333
NDBC	cbbv2	8638863 - Chesapeake Bay Bridge Tunnel, VA	Water Level Observation Network	O	36.967	-76.114
NDBC	cbcm2	Curtis Bay Ch. Entrance (8574837)	Moored Buoy	PT	39.223	-76.54
NDBC	cbim2	Chesapeake Biological Laboratory Weather Station MD	Coastal Marine Station	B	38.317	-76.451
NDBC	cblo1	Conneaut Breakwater Light, OH	GLOS Weather Station	CLE	41.981	-80.556
NDBC	cbrw3	Chambers Island, WI	GLOS Weather Station	GRB	45.198	-87.36
NDBC	ccuf1	8726413 - C-Cut, St. Petersburg, FL	Water Level Observation Network	O	27.663	-82.618
NDBC	cdcf1	8726504 - Cut D Channel Inbound Rear Range	Water Level Observation Network	PT	27.754	-82.514
NDBC	cdea2	Cape Decision, AK	Weather Station	AJK	56.001	-134.136
NDBC	cdrf1	Cedar Key, FL	C-MAN Station	N	29.136	-83.029
NDBC	cdxa2	Cape Decision MXAK, AK	Coastal Marine Station	MA	56.001	-134.136
NDBC	cecc1	9419750 - Crescent City, CA	Water Level Observation Network	O	41.746	-124.184
NDBC	cfwm1	8411060 - Cutler Farris Wharf, ME	Water Level Observation Network	O	44.657	-67.205
NDBC	cgcl1	Cognac	Offshore Tower	SH	28.791	-89.056
NDBC	chao3	9432780 - Charleston, OR	Water Level Observation Network	O	43.351	-124.337
NDBC	chav3	9751639 - Charlotte Amalie, VI	Water Level Observation Network	O	18.335	-64.92
NDBC	chbv2	8638901 - Chesapeake Bay Bridge Tunnel, VA	Water Level Observation Network	O	37.032	-76.083
NDBC	chcm2	8573927 - Chesapeake City, MD	Water Level Observation Network	PT	39.527	-75.81
NDBC	chds1	Strom Thurmond Dam, SC	Weather Station	CAE	33.661	-82.199
NDBC	chii2	Harrison-Dever Crib, Chicago, IL	C-MAN Station	G	41.916	-87.572
NDBC	chlv2	Chesapeake Light, VA	C-MAN Station	N	36.905	-75.713
NDBC	chno3	South Slough Reserve, OR	NERRS Weather Station	NR	43.345	-124.329
NDBC	chqo3	Winchester Arm, South Slough Reserve, OR	NERRS Water Quality Station	NR	43.282	-124.32
NDBC	chsv3	9751364 - Christiansted Harbor, St. Croix, VI	Water Level Observation Network	O	17.748	-64.699
NDBC	chtm3	8447435 - Chatham, MA	Water Level Observation Network	O	41.688	-69.95
NDBC	chts1	8665530 - Charleston, Cooper River Entrance, SC	Water Level Observation Network	O	32.781	-79.924
NDBC	chyv2	8638999 - Cape Henry, VA	Water Level Observation Network	PT	36.926	-76.007
NDBC	chyw1	9449424 - Cherry Point, WA	Water Level Observation Network	O	48.863	-122.759
NDBC	ckyf1	8727520 - Cedar Key, FL	Water Level Observation Network	O	29.134	-83.031
NDBC	clbf1	Clam Bayou, FL	Shorebased Tower	P	27.736	-82.686
NDBC	clbp4	9752235 - Culebra, PR	Water Level Observation Network	O	18.301	-65.302
NDBC	clkn7	Cape Lookout, NC	C-MAN Station	N	34.611	-76.528
NDBC	cllt2	8770933 - Clear Lake, TX	Shorebased Tower	K	29.563	-95.067
NDBC	clsm4	St. Clair Shores, MI	GLOS Weather Station	DTX	42.471	-82.877
NDBC	cman4	8536110 - Cape May, NJ	Water Level Observation Network	O	38.968	-74.96
NDBC	cmln3	Coastal Marine Lab, New Castle, NH	Coastal Marine Station	NH	43.07	-70.7
NDBC	cmpo1	Camp Perry, OH	C-MAN Station	CLE	41.547	-83.015
NDBC	cmti2	9087044 - Calumet Harbor, IL	Water Level Observation Network	O	41.73	-87.538
NDBC	cnbf1	Cannon Bay, FL	Water Quality Station	NP	25.702	-81.186
NDBC	cndo1	9063063 - Cleveland, OH	Water Level Observation Network	O	41.542	-81.637
NDBC	cnii2	Northerly Isle, IL	GLOS Weather Station	LOT	41.856	-87.609
NDBC	covm2	8577018 - Cove Point LNG Pier, MD	Water Level Observation Network	PT	38.402	-76.385
NDBC	coxa2	Cordova, AK	Fixed Structure Weather Station	MA	60.542	-145.766
NDBC	cpmw1	9449419 - Cherry Point South Dock Met, WA	Water Level Observation Network	PT	48.86	-122.756
NDBC	cpnt2	8774513 - Copano Bay, TX	Water Level Observation Network	K	28.114	-97.024
NDBC	cpnw1	9449427 - Cherry Point North Dock Met	Water Level Observation Network	PT	48.863	-122.758
NDBC	cpsa2	Cape Seniavin, AK	Coastal Marine Station	MA	56.397	-160.142
NDBC	cptr1	8452944 - Conimicut Light, RI	Water Level Observation Network	PT	41.717	-71.345
NDBC	cpvm2	8575437 - Chesapeake Bay Bridge Visibility, MD	Water Level Observation Network	PT	38.995	-76.388
NDBC	cpxa2	Captains Bay	Coastal Marine Station	MA	53.843	-166.583
NDBC	cpxc1	Cal Poly Pier, CA	Coastal Marine Station	CP	35.17	-120.741
NDBC	cquc1	Carquinez, CA	Water Quality Station	CN	38.066	-122.23
NDBC	crga2	Craig, AK	C-MAN Station	AJK	55.474	-133.136
NDBC	crta1	Cedar Point, AL	C-MAN Station	DI	30.308	-88.14
NDBC	crva2	9454050 - Cordova, AK	Water Level Observation Network	O	60.558	-145.752
NDBC	cryv2	8638595 - South Craney Island, VA	Water Level Observation Network	PT	36.888	-76.338
NDBC	csbf1	Cape San Blas, FL	C-MAN Station	N	29.672	-85.357
NDBC	csim3	Castle Island (NOS) 8444069	Water Level Observation Network	PT	42.341	-71.012
NDBC	cspa2	Cape Spencer, AK	Weather Station	AJK	58.199	-136.64
NDBC	csxa2	Cape Spencer WX	Coastal Marine Station	MA	58.199	-136.641
NDBC	ctgm1	8411250 - Cutler, ME	Water Level Observation Network	O	44.642	-67.297
NDBC	cvqv2	Sweethall Pier, Chesapeake Bay Reserve, VA	NERRS Water Quality Station	NR	37.571	-76.884
NDBC	cwaf1	Clear Water Pass, FL	Water Quality Station	NP	25.297	-81.013
NDBC	cwbf1	8726724 - Clearwater Beach, FL	Water Level Observation Network	O	27.978	-82.832
NDBC	cwci	Caribou Island	Weather Station	C	47.334	-85.833
NDBC	cwqo3	Charleston Bridge, South Slough Reserve, OR	NERRS Water Quality Station	NR	43.338	-124.321
NDBC	cwqt2	Copano Bay East, Mission-Aransas Reserve, TX	NERRS Water Quality Station	NR	28.132	-97.034
NDBC	cwsec	Cold Weather SCOOP Environment Canada (CWSEC)	Test station	N	44.233	-79.779
NDBC	cwssj	Cold Weather SCOOP St John's	Test station	N	47.513	-52.783
NDBC	cwwt2	Copano Bay West, Mission-Aransas Reserve, TX	NERRS Water Quality Station	NR	28.084	-97.201
NDBC	cxhn6	Coxsackie, Hudson River (8518979)	Water Level Observation Network	PT	42.353	-73.795
NDBC	cxlm2	Cooperative Oxford Laboratory	Coastal Marine Station	N3	38.679	-76.174
NDBC	cygm4	Cheboygan Marina, MI	GLOS Weather Station	APX	45.658	-84.464
NDBC	darth	Test	2.6-meter discus buoy	N	30.357	-89.612
NDBC	darti	Test	2.6-meter discus buoy	N	30.357	-89.613
NDBC	dartj	Test	2.6-meter discus buoy	N	30.357	-89.613
NDBC	dartk	Test	2.6-meter discus buoy	N	30.357	-89.613
NDBC	dartl	Test	2.6-meter discus buoy	N	30.357	-89.613
NDBC	dartm	Test	2.6-meter discus buoy	N	30.357	-89.613
NDBC	dartn	Test	2.6-meter discus buoy	N	30.357	-89.613
NDBC	darto	Test	2.6-meter discus buoy	N	30.357	-89.613
NDBC	dartp	Test	2.6-meter discus buoy	N	30.357	-89.613
NDBC	dartq	Test	2.6-meter discus buoy	N	30.357	-89.613
NDBC	dartr	TEST	2.6-meter discus buoy	N	30.357	-89.612
NDBC	darts	TEST	2.6-meter discus buoy	N	30.357	-89.612
NDBC	dartt	TEST	2.6-meter discus buoy	N	30.357	-89.612
NDBC	dartu	TEST	2.6-meter discus buoy	N	30.357	-89.612
NDBC	dbln6	Dunkirk, NY	C-MAN Station	N	42.493	-79.353
NDBC	dbqs1	Debidue Creek, North Inlet-Winyah Bay, SC	NERRS Water Quality Station	NR	33.36	-79.167
NDBC	dcxa2	Devils Cove	Coastal Marine Station	MA	58.351	-154.127
NDBC	deld1	8551762 - Delaware City, DE	Water Level Observation Network	PT	39.582	-75.589
NDBC	demo2	NDBC Demo Glider #2	Test station	LR	39.918	-71.94
NDBC	deqd1	Lebanon Landing, Delaware Reserve, DE	NERRS Water Quality Station	NR	39.114	-75.499
NDBC	desw1	Destruction Island, WA	C-MAN Station	N	47.675	-124.485
NDBC	dhxa2	Deadhorse, AK	Coastal Marine Station	MA	70.222	-148.419
NDBC	dila1	8735180 - Dauphin Island, AL	Water Level Observation Network	O	30.25	-88.075
NDBC	disw3	Devils Island, WI	C-MAN Station	N	47.079	-90.728
NDBC	dkcm6	8741501 - Dock C, Port of Pascagoula, MS	Water Level Observation Network	O	30.356	-88.567
NDBC	dkkf1	Duck Key, FL	Water Quality Station	NP	25.18	-80.49
NDBC	dmbc1	Dumbarton Bridge at Newark, CA	CICORE water quality station	EB	37.507	-122.117
NDBC	dmno3	Desdemona Sands Light, OR	Coastal Marine Station	CM	46.226	-123.955
NDBC	dmsf1	8720219 - Dames Point, FL	Water Level Observation Network	PT	30.387	-81.559
NDBC	domv2	8638511 - Dominion Terminal Associates, VA	Water Level Observation Network	PT	36.962	-76.424
NDBC	dpha1	Dauphin Island Sea Lab, AL	Coastal Marine Station	DI	30.251	-88.078
NDBC	dpia1	Dauphin Island, AL	C-MAN Station	N	30.25	-88.075
NDBC	dpla2	Dutch Harbor APL, AK	Coastal Marine Station	MA	53.884	-166.531
NDBC	dpoa2	Dutch Harbor Port Office, AK	Coastal Marine Station	MA	53.903	-166.528
NDBC	dpxa2	Dutch Harbor Pilot Station, AK	Coastal Marine Station	MA	53.889	-166.542
NDBC	dpxc1	9415141 - Davis Point, San Pablo Bay, CA	Water Level Observation Network	PT	38.056	-122.264
NDBC	drfa2	Drift River Terminal, AK	C-MAN Station	N	60.553	-152.137
NDBC	drsd1	Saint Jones River, Delaware Reserve, DE	NERRS Weather Station	NR	39.089	-75.437
NDBC	dryf1	Dry Tortugas, FL	C-MAN Station	N	24.638	-82.862
NDBC	dsln7	Diamond Shls Lt., NC	C-MAN Station	N	35.153	-75.297
NDBC	dtlm4	9075099 - De Tour Village, MI	Water Level Observation Network	O	45.993	-83.898
NDBC	ducn7	Duck Pier, NC	C-MAN Station	N	36.184	-75.745
NDBC	dukn7	8651370 - Duck Pier, NC	Water Level Observation Network	O	36.184	-75.746
NDBC	dulm5	9099064 - Duluth, MN	Water Level Observation Network	O	46.776	-92.092
NDBC	eazc1	Azevedo Pond, Elkhorn Slough Reserve, CA	NERRS Water Quality Station	NR	36.846	-121.754
NDBC	eb01		12-meter discus buoy	N	36.5	-73.5
NDBC	eb10		12-meter discus buoy	N	27.5	-88.0
NDBC	eb31		12-meter discus buoy	N	27.0	-86.0
NDBC	eb32		12-meter discus buoy	N	27.0	-84.3
NDBC	eb33		6-meter NOMAD buoy	N	58.5	-141.0
NDBC	eb35		6-meter NOMAD buoy	N	55.3	-157.0
NDBC	eb36		USCG Large Navigational Buoy	N	26.0	-84.8
NDBC	eb43		6-meter NOMAD buoy	N	59.8	-142.0
NDBC	eb52		USCG Large Navigational Buoy	N	38.4	-74.3
NDBC	eb53		USCG Large Navigational Buoy	N	28.9	-88.3
NDBC	eb61		GE	N	26.9	-84.6
NDBC	eb62		USCG Large Navigational Buoy	N	29.0	-85.6
NDBC	eb70		12-meter discus buoy	N	59.5	-142.3
NDBC	eb90	BERING SEA	12-meter discus buoy	N	47.0	-130.9
NDBC	eb91		USCG Large Navigational Buoy	N	38.4	-74.3
NDBC	eb92		USCG Large Navigational Buoy	N	28.5	-90.0
NDBC	ebef1	8726674 - East Bay, FL	Water Level Observation Network	PT	27.923	-82.421
NDBC	ebsw1	9447130 - Seattle, WA	Water Level Observation Network	O	47.602	-122.338
NDBC	efla1	8734536 - E Range Front Light Visibility, AL	Water Level Observation Network	PT	30.429	-88.01
NDBC	egkf1	EGK - Egmont Key, FL	Shorebased Tower	P	27.601	-82.759
NDBC	ehsc1	North Marsh, Elkhorn Slough Reserve, CA	NERRS Water Quality Station	NR	36.835	-121.738
NDBC	einl1	8764314 - North of Eugene Island, LA	Water Level Observation Network	PT	29.373	-91.384
NDBC	elfa2	9452634 - Elfin Cove, AK	Water Level Observation Network	O	58.193	-136.347
NDBC	elqc1	South Marsh, Elkhorn Slough Reserve, CA	NERRS Water Quality Station	NR	36.818	-121.739
NDBC	elxa2	Cape St. Elias	Coastal Marine Station	MA	59.798	-144.6
NDBC	elxc1	Caspian Weather Station, Elkhorn Slough Reserve, CA	NERRS Weather Station	NR	36.815	-121.738
NDBC	emat2	8773146 - Matagorda City, TX	Water Level Observation Network	K	28.71	-95.914
NDBC	eptt2	8771013 - Eagle Point, TX	Water Level Observation Network	K	29.481	-94.917
NDBC	erep1	9063038 - Erie	Water Level Observation Network	O	42.172	-80.098
NDBC	erkc1	Dock B Eureka, CA	CICORE water quality station	HU	40.778	-124.196
NDBC	eroa2	Eldred Rock, AK	Weather Station	AJK	58.971	-135.221
NDBC	ertf1	8726669 - Berth 223 Met, FL	Water Level Observation Network	O	27.92	-82.442
NDBC	erxa2	Eldred Rock MXAK, AK	Coastal Marine Station	MA	58.971	-135.221
NDBC	espp4	9752695 - Esperanza, Viequez Island, PR	Water Level Observation Network	O	18.094	-65.471
NDBC	evmc1	Vierra Mouth, Elkhorn Slough Reserve, CA	NERRS Water Quality Station	NR	36.811	-121.779
NDBC	faio1	9063053 - Fairport, OH	Water Level Observation Network	O	41.764	-81.281
NDBC	farp2	Faraulep, Carolines Island	C-MAN Station	N	8.583	144.583
NDBC	fbis1	Folly Island, SC	C-MAN Station	N	32.684	-79.887
NDBC	fbps1	Folly Beach Pier, SC	Coastal Marine Station	NS	32.652	-79.938
NDBC	fcgt2	8772447 - USCG Freeport, TX	Water Level Observation Network	O	28.943	-95.302
NDBC	fffc1	First Mallard, San Francisco Bay Reserve, CA	NERRS Water Quality Station	NR	38.195	-122.033
NDBC	ffia2	Five Fingers, AK	C-MAN Station	N	57.27	-133.631
NDBC	fgbl1	High Island 334	Fixed Structure Weather Station	Q	28.118	-93.67
NDBC	fhpf1	FHP - Fred Howard Park, FL	Shorebased Tower	P	28.153	-82.801
NDBC	fila2	Flat Island Light, AK	C-MAN Station	N	59.331	-151.995
NDBC	flqn6	Ferry Landing, Hudson River Reserve, NY	NERRS Water Quality Station	NR	42.354	-73.789
NDBC	fmns1	Fort Johnson, ACE Basin Reserve, SC	NERRS Water Quality Station	NR	32.753	-79.899
NDBC	fmoa1	8734673 - Fort Morgan, AL	Water Level Observation Network	PT	30.228	-88.024
NDBC	fmrf1	8725520 - Fort Myers, FL	Water Level Observation Network	O	26.647	-81.871
NDBC	foxr1	8454000 - Providence, RI	Water Level Observation Network	O	41.807	-71.401
NDBC	fpkg1	8670870 - Fort Pulaski, GA	Water Level Observation Network	O	32.035	-80.903
NDBC	fpsn7	Frying Pan Shoals, NC	C-MAN Station	N	33.485	-77.59
NDBC	fpst2	8772471 - Freeport SPIP, TX	Water Level Observation Network	O	28.936	-95.294
NDBC	fptm4	Fairport, MI	GLOS Weather Station	MQT	45.619	-86.66
NDBC	fptt2	8772440 - Freeport, TX	Water Level Observation Network	O	28.948	-95.308
NDBC	fpxc1	Fort Point, CA	Water Quality Station	BM	37.807	-122.466
NDBC	frcb6	2695535 - Bermuda, Ferry Reach Channel, BM	Water Level Observation Network	O	32.37	-64.695
NDBC	frdf1	8720030 - Fernandina Beach, FL	Water Level Observation Network	O	30.675	-81.465
NDBC	frdp4	9753216 - Fajardo, PR	Water Level Observation Network	PN	18.335	-65.631
NDBC	frdw1	9449880 - Friday Harbor, WA	Water Level Observation Network	O	48.545	-123.012
NDBC	frel1	8762484 - Frenier Landing, LA	Water Level Observation Network	O	30.106	-90.422
NDBC	frfn7	USACE-CHL Field Research Facility, Duck, NC	Waverider Buoy	AC	36.19	-75.739
NDBC	frkf1	Frog Creek, FL	Shorebased Tower	TC	27.591	-82.552
NDBC	frma1	8734383 - Fort Morgan, AL	Water Level Observation Network	PT	30.234	-87.994
NDBC	frps1	8668498 - Fripps Inlet, SC	Water Level Observation Network	O	32.34	-80.46
NDBC	frvm3	8447386 - Fall River, MA	Water Level Observation Network	PT	41.704	-71.164
NDBC	frwl1	8766072 - Freshwater Canal Locks, LA	Water Level Observation Network	O	29.552	-92.305
NDBC	frxm3	8447412 - Fall River Visibility, MA	Water Level Observation Network	PT	41.696	-71.18
NDBC	fskm2	8574728 - Francis Scott Key Bridge, MD	Water Level Observation Network	PT	39.219	-76.528
NDBC	fsnm2	8574729 - Francis Scott Key Bridge NE Tower, MD	Water Level Observation Network	PT	39.219	-76.525
NDBC	fsti2	Foster Ave., Chicago, IL	C-MAN Station	CH	41.976	-87.648
NDBC	ftgm4	9014098 - Fort Gratiot, MI	Water Level Observation Network	O	43.007	-82.422
NDBC	ftpc1	9414290 - San Francisco, CA	Water Level Observation Network	O	37.806	-122.466
NDBC	fwic3	Fayerweather Island, CT	Long Island Ferry	I	41.15	-73.172
NDBC	fwyf1	Fowey Rock, FL	C-MAN Station	N	25.591	-80.097
NDBC	gbcl1	Garden Banks	C-MAN Station	N	27.8	-93.1
NDBC	gbcm6	Bayou Cumbest, Grand Bay Reserve, MS	NERRS Water Quality Station	NR	30.384	-88.436
NDBC	gbhm6	Bayou Heron, Grand Bay Reserve, MS	NERRS Water Quality Station	NR	30.418	-88.405
NDBC	gbif1	Gunboat Island, FL	Water Quality Station	NP	25.378	-81.029
NDBC	gblw3	Green Bay Entrance Light, WI	Weather Station	GRB	44.653	-87.901
NDBC	gbqn3	Lamprey River, Great Bay Reserve, NH	NERRS Water Quality Station	NR	43.08	-70.934
NDBC	gbrm6	Grand Bay NERR, Mississippi Sound, MS	NERRS Weather Station	NR	30.413	-88.403
NDBC	gbtf1	Garfield Bight, FL	Water Quality Station	NP	25.167	-80.801
NDBC	gbww3	9087077 - Green Bay West, WI	Water Level Observation Network	O	44.538	-88.003
NDBC	gbxa2	Gambell, AK	Coastal Marine Station	MA	63.777	-171.715
NDBC	gctf1	8726524 - Gadsden Cut, Tampa Bay, FL	Water Level Observation Network	PT	27.774	-82.517
NDBC	gcvf1	8720503 - Red Bay Point, St. Johns River, FL	Water Level Observation Network	O	29.982	-81.634
NDBC	gdil1	Grand Isle, LA	C-MAN Station	N	29.267	-89.957
NDBC	gdiv2	Goodwin Island Met Station	Marine Observation Station	VM	37.222	-76.404
NDBC	gdmm5	9099090 - Grand Marais, MN	Water Level Observation Network	O	47.749	-90.341
NDBC	gdqm6	Bangs Lake, Grand Bay Reserve, MS	NERRS Water Quality Station	NR	30.357	-88.463
NDBC	gdwv2	Goodwin Island, Chesapeake Bay Reserve, VA	NERRS Water Quality Station	NR	37.216	-76.393
NDBC	gdxm6	Crooked Bayou, Grand Bay Reserve, MS	NERRS Weather Station	NR	30.359	-88.42
NDBC	gelo1	Geneva on the Lake Light, OH	GLOS Weather Station	CLE	41.859	-80.975
NDBC	gexa2	George Island, Alaska	Coastal Marine Station	MA	58.213	-136.381
NDBC	gggc1	Gallinas Creek, San Francisco Bay Reserve, CA	NERRS Water Quality Station	NR	38.016	-122.509
NDBC	gisl1	8761724 - Grand Isle, LA	Water Level Observation Network	O	29.265	-89.958
NDBC	gixa2	Guard Island, AK	Coastal Marine Station	MA	55.446	-131.881
NDBC	gkyf1	Garden Key, FL	Water Quality Station	NP	24.627	-82.872
NDBC	glln6	Galloo Island, NY	C-MAN Station	N	43.89	-76.45
NDBC	glpt2	021: Galveston Pleasure Pier; Gulf of America	Shorebased Tower	K	29.3	-94.794
NDBC	gnjt2	8771341 - Galveston Bay Entrance (North Jetty), TX	Water Level Observation Network	O	29.357	-94.725
NDBC	gom01	Mississippi State University Wave Glider - GOM01	Test station	MS	24.899	-83.868
NDBC	gpom6	8744707 - Gulfport Outer Range, MS	Water Level Observation Network	O	30.23	-88.982
NDBC	gpst2	8771510 - Galveston Pleasure Pier, TX	Water Level Observation Network	O	29.285	-94.788
NDBC	gptw1	Grays Point, WA	Water Quality Station	CM	46.273	-123.767
NDBC	gpxa2	Grave Point, AK	Coastal Marine Station	MA	58.062	-134.051
NDBC	grbl1	Grand Isle Blocks, LA / CSI09	Shorebased Tower	Z	29.101	-89.978
NDBC	grcm4	GLRC Observatory	Coastal Marine Station	MT	47.121	-88.545
NDBC	grim4	Granite Island, MI	Weather Station	NN	46.721	-87.412
NDBC	grmm4	Grand Marais, MI	GLOS Weather Station	MQT	46.684	-85.972
NDBC	grrt2	8771486 - Galveston RR Bridge, TX	Water Level Observation Network	K	29.302	-94.896
NDBC	gslm4	Gravelly Shoal Light, MI	Weather Station	DTX	44.018	-83.537
NDBC	gtbm4	Grand Traverse Bay Observing System Station 2	Coastal Marine Station	MI	44.767	-85.607
NDBC	gtlm4	Grand Traverse Light, MI	GLOS Weather Station	APX	45.211	-85.55
NDBC	gtot2	8771450 - Galveston Pier 21, TX	Water Level Observation Network	O	29.311	-94.792
NDBC	gtqf1	Pellicer Creek, Guan Tolomato Matanzas Reserve, FL	NERRS Water Quality Station	NR	29.667	-81.257
NDBC	gtrm4	Superior Grand Traverse Bay, MI	GLOS Weather Station	MQT	47.179	-88.241
NDBC	gtxf1	Pellicer Creek, Guana Tolomato Matanzas Reserve, FL	NERRS Weather Station	NR	29.658	-81.233
NDBC	guxa2	Gustavus Dock, AK	Coastal Marine Station	MA	58.408	-135.726
NDBC	gwpm6	8745651 - West Pier, Gulfport, MS	Water Level Observation Network	O	30.348	-89.087
NDBC	haxa2	Haines Harbor, AK	Coastal Marine Station	MA	59.234	-135.442
NDBC	hbmn6	Bear Mountain, Hudson River Reserve, NY	NERRS Water Quality Station	NR	41.314	-73.985
NDBC	hbxc1	Humboldt, CA	Water Quality Station	CN	40.777	-124.197
NDBC	hbyc1	9418767 - North Spit, CA	Water Level Observation Network	O	40.767	-124.217
NDBC	hcef1	Highway Creek, FL	Water Quality Station	NP	25.254	-80.444
NDBC	hcgn7	8654467 - USCG Station Hatteras, NC	Water Level Observation Network	O	35.209	-75.704
NDBC	hhlo1	Huron Harbor Light, OH	GLOS Weather Station	CLE	41.401	-82.545
NDBC	hist2	8770808 - High Island, TX	Water Level Observation Network	K	29.595	-94.39
NDBC	hivt2	8775223 - Harbor Island Visibility, TX	Water Level Observation Network	PT	27.844	-97.07
NDBC	hlnm4	9087031 - Holland, MI	Water Level Observation Network	O	42.773	-86.213
NDBC	hmdo3	9439011 - Hammond NMFS Pier, OR	Water Level Observation Network	O	46.204	-123.951
NDBC	hmno3	Hammond Tide Gauge, OR		CM	46.203	-123.952
NDBC	hmra2	Homer, Kachemak Bay Reserve, AK	NERRS Weather Station	NR	59.601	-151.41
NDBC	hmsa2	Homer Spit, AK	Fixed Structure Weather Station	MA	59.602	-151.417
NDBC	hplm2	Horn Point Weather Station MD	CBOS Station	HP	38.59	-76.133
NDBC	hrbm4	9075014 - Harbor Beach, MI	Water Level Observation Network	O	43.846	-82.643
NDBC	href1	Harney River, FL	Water Quality Station	NP	25.424	-81.06
NDBC	hrrh1	Lono Circle, He'eia Reserve, HI	NERRS Weather Station	NR	21.431	-157.815
NDBC	hrvc1	9411406 - Harvest Oil Platform, CA	Water Level Observation Network	O	34.469	-120.682
NDBC	hssf1	HOM - Homosassa, FL	Offshore Tower	P	28.772	-82.707
NDBC	huqn6	Tivoli North, Hudson River Reserve, NY	NERRS Water Quality Station	NR	42.036	-73.925
NDBC	hwpm2	8574731 - Hawkins Point		PT	39.214	-76.532
NDBC	hwwh1	Wai 2, He'eia Reserve, HI	Water Quality Station	NR	21.438	-157.811
NDBC	icac1	9410840 - Santa Monica Pier	Water Level Observation Network	O	34.008	-118.5
NDBC	icya2	Icy Bay, AK	Fixed Structure Weather Station	MA	59.923	-141.359
NDBC	iiwc1	9410172 - USS Midway South Navy Pier, San Diego, CA	Water Level Observation Network	O	32.714	-117.177
NDBC	ildl1	Isle Dernieres, LA / CSI05	Shorebased Tower	Z	29.053	-90.533
NDBC	iloh1	1617760 - Hilo, HI	Water Level Observation Network	O	19.73	-155.056
NDBC	imgp4	Isla Magueyes, Lajas, PR	Weather Station	CI	17.969	-67.044
NDBC	iosn3	Isle of Shoals, NH	C-MAN Station	N	42.967	-70.623
NDBC	irdt2	8776139 - South Bird Island, TX	Water Level Observation Network	K	27.48	-97.322
NDBC	itka2	9451600 - Sitka, AK	Water Level Observation Network	O	57.052	-135.342
NDBC	jaki2	63rd St., Chicago, IL	C-MAN Station	CH	41.781	-87.573
NDBC	jbyf1	Joe Bay, FL	Water Quality Station	NP	25.224	-80.541
NDBC	jcqn4	Chestnut Neck, Jacques Cousteau Reserve, NJ	NERRS Water Quality Station	NR	39.548	-74.461
NDBC	jcrn4	Nacote Creek, Jacques Cousteau Reserve, NJ	NERRS Weather Station	NR	39.535	-74.464
NDBC	jctn4	Buoy 126, Jacques Cousteau Reserve, NJ	NERRS Water Quality Station	NR	39.508	-74.338
NDBC	jkyf1	Johnson Key, FL	Water Quality Station	NP	25.053	-80.904
NDBC	jlxa2	Juneau Library, AK	Coastal Marine Station	MA	58.298	-134.405
NDBC	jmla2	Juneau AML Dock	Fixed Structure Weather Station	MA	58.286	-134.39
NDBC	jmpn7	8658163 - Wrightsville Beach, NC	Water Level Observation Network	O	34.213	-77.786
NDBC	jnea2	9452210 - Juneau, AK	Water Level Observation Network	O	58.298	-134.411
NDBC	jnga2	Juneau ANG Dock, AK	Coastal Marine Station	MA	58.291	-134.394
NDBC	jobp4	Station 9, Jobos Bay Reserve, PR	NERRS Water Quality Station	NR	17.944	-66.238
NDBC	joqp4	Station 20, Jobos Bay Reserve, PR	NERRS Water Quality Station	NR	17.93	-66.211
NDBC	joxp4	Jobos Bay Weather, Jobos Bay Reserve, PR	NERRS Weather Station	NR	17.956	-66.223
NDBC	jprn7	Jennette's Pier, Nags Head, NC	Bottom Mounted ADCP	AC	35.912	-75.587
NDBC	jtaw1	Jetty A, USCG Station Disappointment	Water Quality Station	CM	46.266	-124.038
NDBC	jxuf1	8720245 - Jacksonville University, FL	Water Level Observation Network	O	30.354	-81.612
NDBC	kata1	Katrina Cut, AL	C-MAN Station	DI	30.258	-88.213
NDBC	katp	Green Canyon 787 / Atlantis (BP)	Oil Platform	FA	27.195	-90.027
NDBC	kbbf	Brazos 133B (Apache Corp)	Oil Platform	FA	28.058	-95.872
NDBC	kbmg1	8679598 - Kings Bay MSF Pier, GA	Water Level Observation Network	O	30.777	-81.487
NDBC	kbqx	Brazos 538 (Transco)	Oil Platform	FA	28.314	-95.62
NDBC	kcha2	Homer Dolphin Deep, Kachemak Bay Reserve, AK	NERRS Water Quality Station	NR	59.602	-151.409
NDBC	kcmb	East Cameron 47JP (Apache Corp)	Oil Platform	FA	29.441	-92.979
NDBC	kcrh	West Cameron 368A (Century Exploration)	Oil Platform	FA	28.909	-93.302
NDBC	kcvw	Cameron, LA (PHI)	Oil Platform	FA	29.784	-93.3
NDBC	kcxa2	King Cove	C-MAN Station	MA	55.057	-162.326
NDBC	kdaa2	9457292 - Kodiak Island, AK	Water Level Observation Network	O	57.731	-152.511
NDBC	kdlp	West Delta 27A (AngloSuisse Offshore Partners)	Oil Platform	FA	29.121	-89.547
NDBC	keca2	9450460 - Ketchikan, AK	Water Level Observation Network	O	55.331	-131.625
NDBC	kehc	East Cameron 278B (Apache Corp)	Oil Platform	FA	28.429	-92.878
NDBC	keir	Eugene Island 215 (McMoRan Oil & Gas)	Oil Platform	FA	28.634	-91.489
NDBC	kemk	East Breaks 165 (SandRidge Energy)	Oil Platform	FA	27.819	-94.323
NDBC	kexa2	Ketchikan Harbor, AK	Coastal Marine Station	MA	55.352	-131.684
NDBC	kgbk	Garden Banks 783 / Magnolia TLP (W&T Offshore)	Oil Platform	FA	27.204	-92.203
NDBC	kgca2	9459881 - King Cove, AK	Water Level Observation Network	O	55.062	-162.327
NDBC	kghb	Garden Banks 172 / Salsa (Shell E & P)	Oil Platform	FA	27.84	-91.988
NDBC	kgna	Bay of Grand Marais, MN	Weather Station	DLH	47.745	-90.346
NDBC	kgry	Green Canyon 338 / Front Runner (Murphy E&P)	Oil Platform	FA	27.625	-90.441
NDBC	kgul	Garden Banks 668 / Gunnison Spar (Anadarko)	Oil Platform	FA	27.304	-93.538
NDBC	kgvw	Galveston 209A (Arena Offshore)	Oil Platform	FA	29.13	-94.55
NDBC	kgvx	Galveston 424C (Nippon Oil Exploration)	Oil Platform	FA	28.577	-94.976
NDBC	kgxa2	Kodiak Gull Island, AK	Coastal Marine Station	MA	57.777	-152.425
NDBC	khhv	Alaminos Canyon 25 / Hoover-Diana (ExxonMobile Corp)	Oil Platform	FA	26.939	-94.689
NDBC	khqi	High Island 376B (Apache)	Oil Platform	FA	27.934	-93.669
NDBC	kikt	Mississippi Canyon 474 / Na Kika FPU (BP)	Oil Platform	FA	28.521	-88.289
NDBC	kipn	Mississippi Canyon 920 / Independence Hub (Anadarko / Enterprise)	Oil Platform	FA	28.085	-87.986
NDBC	klih1	1615680 - Kahului, Kahului Harbor, HI	Water Level Observation Network	O	20.895	-156.469
NDBC	klmw1	9440357 - TEMCO Kalama Terminal, WA	Water Level Observation Network	PT	45.983	-122.835
NDBC	kmdj	Mississippi Canyon 311A (Apache Corp)	Oil Platform	FA	28.643	-89.794
NDBC	kmis	MP 140B  AWOS (Apache Corp)	Oil Platform	FA	29.296	-88.842
NDBC	kmiu	Mustang Island A31B (Merit Energy)	Oil Platform	FA	27.289	-96.736
NDBC	kmxa2	Kodiak Matson Crane, AK	Coastal Marine Station	MA	57.782	-152.439
NDBC	kmyt	Mississippi Canyon 711 / ATP Innovator (ATP Oil & Gas)	Oil Platform	FA	28.221	-89.615
NDBC	kmzg	Mustang Island A85A (Apache Corp)	Oil Platform	FA	27.727	-96.191
NDBC	knoh1	Kilo Nalu Observatory, Hawaii	Platform	UH	21.288	-157.865
NDBC	knsw3	Kenosha Light, Kenosha, WI	C-MAN Station	MKX	42.589	-87.809
NDBC	knxa2	Kenai, AK	Coastal Marine Station	MA	60.552	-151.274
NDBC	kopm	North Padre Island 975 (Peregrine Oil & Gas)	Oil Platform	FA	26.833	-96.94
NDBC	koza2	KOTZEBUE MXAK, AK	Coastal Marine Station	MA	66.901	-162.589
NDBC	kp53	Munising Lake Shore, MI	Weather Station	MQT	46.417	-86.65
NDBC	kp58	Port Hope, MI	Weather Station	DTX	44.017	-82.8
NDBC	kp59	Copper Harbor, MI	Weather Station	MQT	47.467	-87.883
NDBC	kptn6	8516945 - Kings Point, NY	Water Level Observation Network	O	40.811	-73.765
NDBC	kptv2	8632200 - Kiptopeke, VA	Water Level Observation Network	O	37.165	-75.988
NDBC	kscf	South Marsh 268A (Apache Corp)	Oil Platform	FA	29.116	-91.871
NDBC	kspr	Ship Shoal 178 (Apache Corp)	Oil Platform	FA	28.599	-91.206
NDBC	ksqe	Ship Shoal 354 (Fieldwood Energy)	Oil Platform	FA	28.083	-90.819
NDBC	kstz	South Timballer 301B / Popeye  (Shell E & P)	Oil Platform	FA	28.16	-90.666
NDBC	ktnf1	Keaton Beach, FL	C-MAN Station	N	29.819	-83.593
NDBC	kvaf	East Breaks 643 / Boomvang Spar (Anadarko)	Oil Platform	FA	27.354	-94.625
NDBC	kvbs	Sabine Pass 13B (Nippon Oil Exploration)	Oil Platform	FA	29.478	-93.638
NDBC	kvky	Main Pass 289C (Apache Corp.)	Oil Platform	FA	29.248	-88.441
NDBC	kvnp	Vermillion 26 (Mariner Energy)	Oil Platform	FA	29.467	-92.368
NDBC	kvoa	Viosca Knoll 786 / Petronius (Chevron)	Oil Platform	FA	29.229	-87.781
NDBC	kvqt	Vermillon 331A  (ERT / Helix)	Oil Platform	FA	28.27	-92.264
NDBC	kwhh1	1617433 - Kawaihae, HI	Water Level Observation Network	O	20.037	-155.829
NDBC	kwjp8	1820000 - Kwajalein, Marshall Islands	Water Level Observation Network	O	8.732	167.734
NDBC	kwnw3	9087069 - Kewaunee MET, WI	Water Level Observation Network	O	44.465	-87.496
NDBC	kxih	High Island 179A AWOS (Apache Corp)	Oil Platform	FA	29.18	-94.521
NDBC	kxpy	Port Fourchon Heliport (Era Helicopters)	Weather Station	FA	29.123	-90.202
NDBC	kywf1	8724580 - Key West, FL	Water Level Observation Network	O	24.556	-81.808
NDBC	labl1	8762372 - East Bank 1, Bayou LaBranch, LA	Water Level Observation Network	O	30.05	-90.368
NDBC	lamv3	9751381 - Lameshur Bay, St John, VI	Water Level Observation Network	O	18.318	-64.724
NDBC	lapw1	9442396 - La Push, WA	Water Level Observation Network	O	47.913	-124.637
NDBC	lbrf1	Broad River Lower, FL	Water Quality Station	NP	25.484	-81.133
NDBC	lbsf1	Little Blackwater, FL	Water Quality Station	NP	25.214	-80.432
NDBC	lciy2	Little Cayman Research Centre, Cayman Islands	Fixed Structure Weather Station	IC	19.699	-80.06
NDBC	lcll1	8767816 - Lake Charles, LA	Water Level Observation Network	O	30.224	-93.222
NDBC	lcna2	Lincoln Island, AK	Weather Station	AJK	56.058	-132.69
NDBC	ldlc3	New London Ledge Light, New London Harbor, CT	Weather Station	Y	41.306	-72.077
NDBC	ldtm4	9087023 - Ludington, MI	Water Level Observation Network	O	43.947	-86.441
NDBC	lixa2	Little Island, AK	Coastal Marine Station	MA	58.54	-135.047
NDBC	ljac1	9410230 - La Jolla, CA	Water Level Observation Network	O	32.867	-117.257
NDBC	ljpc1	La Jolla, CA (073)	C-MAN Station	R	32.867	-117.257
NDBC	lkpl1	Western Lake Pontchartrain, LA	Shorebased Tower	L	30.315	-90.281
NDBC	lkwf1	8722670 - Lake Worth Pier, FL	Water Level Observation Network	O	26.613	-80.034
NDBC	llbp7	Lao Lao Bay, Saipan, CNMI	Water Quality Station	IC	15.157	145.77
NDBC	lmbv4	La Mancha Beach, Mexico	Weather Station	EM	19.594	-96.379
NDBC	lmdf1	Little Madeira, FL	Water Quality Station	NP	25.176	-80.633
NDBC	lmfs1	Lake Murray SC	C-MAN Station	CAE	34.107	-81.271
NDBC	lmrf1	Lostmans River, FL	Water Quality Station	NP	25.556	-81.169
NDBC	lmss1	Lake Marion, SC	C-MAN Station	CAE	33.552	-80.501
NDBC	lndc1	9414763 - Oakland Berth 67, CA	Water Level Observation Network	PT	37.795	-122.281
NDBC	lnel1	Lena	C-MAN Station	N	28.2	-89.1
NDBC	lonf1	Long Key, FL	C-MAN Station	N	24.844	-80.864
NDBC	lopl1	Louisiana Offshore Oil Port, LA	Oil Platform	LP	28.885	-90.025
NDBC	lopw1	9440422 - Longview, WA	Water Level Observation Network	O	46.106	-122.954
NDBC	loro1	Lorain Harbor, OH	C-MAN Station	CLE	41.481	-82.195
NDBC	lpnm4	9075065 - Alpena, MI	Water Level Observation Network	O	45.063	-83.429
NDBC	lpoi1	Lake Pend Oreille, ID	C-MAN Station	N	48.06	-116.5
NDBC	lprp4	Media Luna, La Parguera, PR	Fixed Structure Weather Station	IC	17.939	-67.052
NDBC	lpwa2	Little Port Walter, AK	Weather Station	NM	56.388	-134.637
NDBC	lqat2	La Quinta, TX  MET (8775132)	Water Level Observation Network	PT	27.881	-97.285
NDBC	lrif1	Lane River, FL	Water Quality Station	NP	25.284	-80.894
NDBC	lrkf1	Little Rabbit Key, FL	Water Quality Station	NP	24.982	-80.826
NDBC	lscm4	Lake St. Clair Light, MI	C-MAN Station	DTX	42.465	-82.755
NDBC	lsio3	Lower Sand Island Light, OR	Water Quality Station	CM	46.256	-123.982
NDBC	lsnf1	Long Sound, FL	Water Quality Station	NP	25.235	-80.457
NDBC	ltbv3	9751401 - Lime Tree Bay, St. Croix, VI	Water Level Observation Network	O	17.695	-64.754
NDBC	ltjf1	8720228 - Little Jetties, St. Johns River, FL	Water Level Observation Network	PT	30.379	-81.446
NDBC	ltqm2	Otter Point Creek, Chesapeake Bay Reserve, MD	NERRS Water Quality Station	NR	39.451	-76.275
NDBC	ltrm4	9076033 - Little Rapids, MI	Water Level Observation Network	O	46.486	-84.302
NDBC	luit2	8771972 - San Luis Pass, TX	Shorebased Tower	K	29.076	-95.122
NDBC	luml1	LUMCON Marine Center, LA	Shorebased Tower	L	29.255	-90.664
NDBC	lwsd1	8557380 - Lewes, DE	Water Level Observation Network	O	38.783	-75.119
NDBC	lwtv2	8635750 - Lewisetta, VA	Water Level Observation Network	O	37.995	-76.465
NDBC	lybt2	8770733 - Lynchburg Landing, TX	Water Level Observation Network	K	29.765	-95.079
NDBC	macm4	9075080 - Mackinaw City, MI	Water Level Observation Network	O	45.777	-84.721
NDBC	maqt2	Aransas Bay, Mission-Aransas Reserve, TX	NERRS Water Quality Station	NR	27.98	-97.029
NDBC	maxt2	Copano East, Mission-Aransas Reserve, TX	NERRS Weather Station	NR	28.132	-97.034
NDBC	mbet2	8773767 - Matagorda Bay Entrance Channel, TX	Water Level Observation Network	O	28.422	-96.327
NDBC	mbin7	Masonboro Island, NC (MSNB_S)	C-MAN Station	CR	34.091	-77.868
NDBC	mbla1	Middle Bay Lighthouse, AL	Coastal Marine Station	DI	30.437	-88.011
NDBC	mbnn7	Masonboro Island, NC (MSNB_N)	C-MAN Station	CR	34.171	-77.824
NDBC	mbpa1	8736163 - Middle Bay Port, Mobile Bay, AL	Water Level Observation Network	PT	30.527	-88.086
NDBC	mbrm4	9014090 - Mouth of the Black River, MI	Water Level Observation Network	O	42.975	-82.419
NDBC	mbxc1	Morro Bay - BM1 T-Pier, CA	Water Quality Station	CP	35.371	-120.859
NDBC	mcga1	8736897 - Coast Guard Sector Mobile, AL	Water Level Observation Network	PT	30.649	-88.058
NDBC	mcgm4	9099018 - Marquette C.G., MI	Water Level Observation Network	O	46.546	-87.379
NDBC	mcyf1	8726667 - McKay Bay Entrance, FL	Water Level Observation Network	O	27.914	-82.425
NDBC	mcyi3	Michigan City Harbor Entrance Light, Michigan City, IN	C-MAN Station	G	41.729	-86.912
NDBC	mdkf1	Middle Key, FL	Water Quality Station	NP	25.289	-80.396
NDBC	mdrm1	Mt. Desert Rock, ME	C-MAN Station	N	43.969	-68.128
NDBC	mdxa2	Middleton Island, AK	Fixed Structure Weather Station	MA	59.438	-146.327
NDBC	meem4	Manistee Harbor, MI	GLOS Weather Station	APX	44.251	-86.342
NDBC	meyc1	9413450 - Monterey, CA	Water Level Observation Network	O	36.605	-121.889
NDBC	mgip4	9759110 - Magueyes Islands, PR	Water Level Observation Network	O	17.97	-67.046
NDBC	mgpt2	8770613 - Morgans Point, TX	Water Level Observation Network	K	29.682	-94.985
NDBC	mgzp4	9759394 - Mayaguez, PR	Water Level Observation Network	O	18.218	-67.159
NDBC	mhbt2	8775283 - Enbridge, Ingleside, TX	Water Level Observation Network	PT	27.828	-97.201
NDBC	mhpa1	Meaher Park, AL	Coastal Marine Station	DI	30.667	-87.936
NDBC	mhrn6	8519532 - Mariners Harbor, NY	Water Level Observation Network	PT	40.641	-74.162
NDBC	misc3	North Middle Sound, CT	Long Island Ferry	I	41.074	-73.134
NDBC	mism1	Matinicus Rock, ME	C-MAN Station	N	43.784	-68.855
NDBC	misn6	South Middle Sound, NY	Long Island Ferry	I	41.049	-73.121
NDBC	misp4	9759938 - Mona Island, PR	Water Level Observation Network	O	18.09	-67.939
NDBC	mist2	Ship Channel, Mission-Aransas Reserve, TX	NERRS Weather Station	NR	27.838	-97.05
NDBC	mixa2	Midway Island, AK	Coastal Marine Station	MA	57.837	-133.814
NDBC	mkgm4	Muskegon CG Station, Muskegon, MI	C-MAN Station	G	43.228	-86.339
NDBC	mlrf1	Molasses Reef, FL	C-MAN Station	N	25.012	-80.376
NDBC	mlsc1	Moss Landing, South Harbor, CA	Coastal Marine Station	ML	36.802	-121.791
NDBC	mlto3	Marsh Island, OR	C-MAN Station	D	46.214	-123.62
NDBC	mlww3	Port of Milwaukee	C-MAN Station	G	43.005	-87.884
NDBC	mnbf1	Manatee Bay, FL	Water Quality Station	NP	25.239	-80.422
NDBC	mnmm4	9087088 - Menominee, MI	Water Level Observation Network	O	45.096	-87.59
NDBC	mnpv2	8639348 - Money Point, VA	Water Level Observation Network	PT	36.778	-76.302
NDBC	mokh1	1612480 - Mokuoloe, HI	Water Level Observation Network	O	21.433	-157.79
NDBC	mpcl1	Main Pass	C-MAN Station	N	29.4	-88.6
NDBC	mqmt2	Mesquite Bay, Mission-Aransas Reserve, TX	NERRS Water Quality Station	NR	28.138	-96.829
NDBC	mqtt2	8775870 - Bob Hall Pier, Corpus Christi, TX	Water Level Observation Network	O	27.581	-97.217
NDBC	mrcp1	8540433 - Marcus Hook, PA	Water Level Observation Network	PT	39.809	-75.415
NDBC	mrho1	9063079 - Marblehead, OH	Water Level Observation Network	O	41.544	-82.731
NDBC	mrka2	Middle Rock Light, AK	C-MAN Station	N	61.081	-146.653
NDBC	mrna2	Marmion Island, AK	Fixed Structure Weather Station	MA	58.198	-134.257
NDBC	mros1	8661070 - Springmaid Pier, SC	Water Level Observation Network	O	33.656	-78.916
NDBC	mrsl1	Marsh Island, LA / CSI03	Shorebased Tower	Z	29.441	-92.061
NDBC	mrya2	Mary Island, AK	Fixed Structure Weather Station	MA	55.099	-131.182
NDBC	msg10	Mississippi State University Wave Glider - MSG10	Test station	MS	28.184	-83.956
NDBC	msg12	Mississippi State University Wave Glider - MSG12	Test station	MS	26.006	-83.991
NDBC	msg14	Mississippi State University Wave Glider - MSG14	Test station	MS	27.487	-83.987
NDBC	mtbf1	8726412 - Middle Tampa Bay, FL	Water Level Observation Network	PT	27.661	-82.594
NDBC	mtkn6	8510560 - Montauk, NY	Water Level Observation Network	O	41.048	-71.959
NDBC	mtyc1	9413450 - Monterey, CA	Water Level Observation Network	O	36.605	-121.889
NDBC	mukf1	Murray Key, FL	Water Quality Station	NP	25.106	-80.942
NDBC	mvxa2	Mendenhall Valley, AK	Coastal Marine Station	MA	58.364	-134.606
NDBC	mwqt2	Ship Channel, Mission-Aransas Reserve, TX	NERRS Water Quality Station	NR	27.838	-97.05
NDBC	mxxa2	MXAK Office, AK	Coastal Marine Station	MA	58.301	-134.425
NDBC	mypf1	8720218 - Mayport (Bar Pilots Dock), FL	Water Level Observation Network	O	30.398	-81.428
NDBC	myxc1	Monterrey, CA	Water Quality Station	CN	36.605	-121.889
NDBC	mzxc1	9415102 - Martinez-Amorco Pier, CA	Water Level Observation Network	PT	38.035	-122.125
NDBC	nabm4	Naubinway, MI	GLOS Weather Station	APX	46.087	-85.444
NDBC	naqr1	T-Wharf Bottom, Narragansett Bay Reserve, RI	NERRS Water Quality Station	NR	41.578	-71.321
NDBC	naxr1	Potters Cove, Narragansett Bay Reserve, RI	NERRS Weather Station	NR	41.637	-71.339
NDBC	nbba3	Lake Mead - North Boulder Basin	Buoy	LM	36.087	-114.728
NDBC	nbgm3	8447627 - New Bedford, Barrier Gate, MA	Water Level Observation Network	PT	41.624	-70.906
NDBC	nblp1	8548989 - Newbold, PA	Water Level Observation Network	PT	40.137	-74.752
NDBC	ncdv2	8635027 - Dahlgren, VA	Water Level Observation Network	O	38.32	-77.037
NDBC	ncht2	8770777 - Manchester, TX	Water Level Observation Network	K	29.726	-95.266
NDBC	ncsc3	North Central Sound, CT	Long Island Ferry	I	41.099	-73.147
NDBC	ndbc1	NDBC Glider #1	Test station	N	12.5	-155.167
NDBC	ndbc2	NDBC Glider #2		N	27.5	-84.5
NDBC	neaw1	9443090 - Neah Bay, WA	Water Level Observation Network	O	48.367	-124.614
NDBC	nfbf1	NFB - Northwest Florida Bay, FL	Offshore Tower	P	25.084	-81.096
NDBC	nfdf1	8720215 - Navy Fuel Depot, St Johns River, FL	Water Level Observation Network	PT	30.4	-81.627
NDBC	nglt2	8775283 - Port Ingleside, TX	Shorebased Tower	K	27.822	-97.204
NDBC	nian6	9063012 - Niagara Intake, NY	Water Level Observation Network	O	43.077	-79.014
NDBC	niqs1	Oyster Landing, North Inlet-Winyah Bay Reserve, SC	NERRS Water Quality Station	NR	33.349	-79.189
NDBC	niws1	Oyster Landing, North Inlet-Winyah Bay Reserve, SC	NERRS Weather Station	NR	33.349	-79.189
NDBC	njlc1	9418768 - North Jetty Landing, CA	Water Level Observation Network	O	40.769	-124.239
NDBC	nkla2	Nikolski White Alice	Fixed Structure Weather Station	MA	52.972	-168.855
NDBC	nkta2	9455760 - Nikiski, AK	Water Level Observation Network	O	60.683	-151.399
NDBC	nkxa2	Naked Island, AK	Coastal Marine Station	MA	58.255	-134.945
NDBC	nlec1	San Leandro Marina, CA	CICORE water quality station	EB	37.696	-122.192
NDBC	nlhc3	8461490 - New London, CT	Water Level Observation Network	O	41.372	-72.096
NDBC	nlma3	Lake Mohave - North	Buoy	LM	35.458	-114.666
NDBC	nlnc3	8461490 - New London, CT	Water Level Observation Network	O	41.361	-72.09
NDBC	nlxa2	Nelson Lagoon, AK	Coastal Marine Station	MA	56.005	-161.177
NDBC	nmta2	9468756 - Nome, Norton Sound, AK	Water Level Observation Network	O	64.5	-165.43
NDBC	nmxa2	Nome, AK	Coastal Marine Station	MA	64.494	-165.44
NDBC	noqn7	Research Creek, North Carolina Reserve, NC	NERRS Water Quality Station	NR	34.156	-77.85
NDBC	nosc3	Northern Open Sound, CT	Long Island Ferry	I	41.125	-73.159
NDBC	noxn7	Research Creek, North Carolina Reserve, NC	NERRS Weather Station	NR	34.155	-77.851
NDBC	npdw3	Northport Pier at Death's Door, WI	Weather Station	GRB	45.291	-86.977
NDBC	npqc1	South Bay, Tijuana River Reserve, CA	Water Quality Station	NR	32.601	-117.116
NDBC	npqn6	Norrie Point, Hudson River Reserve, NY	NERRS Water Quality Station	NR	41.832	-73.942
NDBC	npsf1	8725110 - Naples, FL	Water Level Observation Network	O	26.132	-81.807
NDBC	npxn6	Norrie Point, Hudson River Reserve, NY	NERRS Weather Station	NR	41.831	-73.942
NDBC	nrep1	Northeast Marina, PA	C-MAN Station	CLE	42.258	-79.792
NDBC	nrrf1	North River, FL	Water Quality Station	NP	25.338	-80.911
NDBC	nstp6	1770000 - Pago Pago, American Samoa	Water Level Observation Network	O	-14.28	-170.688
NDBC	nsxa2	Nikiski, AK	Coastal Marine Station	MA	60.74	-151.311
NDBC	ntbc1	9411340 - Santa Barbara, CA	Water Level Observation Network	O	34.405	-119.692
NDBC	ntkm3	8449130 - Nantucket Island, MA	Water Level Observation Network	O	41.285	-70.096
NDBC	nuet2	8775244 - Nueces Bay, TX	Water Level Observation Network	O	27.832	-97.486
NDBC	nwcl1	8761927 - New Canal Station, LA	Water Level Observation Network	O	30.027	-90.113
NDBC	nwhc3	8465705 - New Haven, CT	Water Level Observation Network	PT	41.283	-72.908
NDBC	nwpo3	Newport, OR	C-MAN Station	N	44.613	-124.067
NDBC	nwpr1	8452660 - Newport, RI	Water Level Observation Network	O	41.504	-71.326
NDBC	nwst2	098: NWS Weather Station 1; Gulf of America	Shorebased Tower	K	27.75	-96.768
NDBC	nwwh1	1611400 - Nawiliwili, HI	Water Level Observation Network	O	21.954	-159.353
NDBC	obgn6	8311030 - Ogdensburg, NY	Water Level Observation Network	O	44.702	-75.494
NDBC	obla1	8737048 - Mobile State Docks, AL	Water Level Observation Network	O	30.705	-88.04
NDBC	obxc1	9414797 - Oakland Berth 38, CA	Water Level Observation Network	PT	37.804	-122.341
NDBC	ocgn4	Ocean Grove, NJ	Shorebased Tower	J	40.209	-74.004
NDBC	ocim2	8570283 - Ocean City Inlet, MD	Water Level Observation Network	O	38.328	-75.091
NDBC	ocpn7	OCP1 - Ocean Crest Pier, NC	C-MAN Station	CR	33.911	-78.147
NDBC	ocsm2	Ocean City, MD	Bottom Mounted ADCP	AC	38.338	-75.07
NDBC	ofpn6	Old Field Island, NY	Long Island Ferry	I	40.973	-73.083
NDBC	ohbc1	9410660 - Los Angeles, CA	Water Level Observation Network	O	33.72	-118.273
NDBC	oksi2	Oak St., Chicago, IL	C-MAN Station	CH	41.912	-87.624
NDBC	okxc1	9414776 - Oakland Berth 34, CA	Water Level Observation Network	PT	37.811	-122.333
NDBC	olcn6	Olcott Harbor, NY	GLOS Weather Station	BUF	43.341	-78.719
NDBC	olsa2	9462450 - Nikolski, AK	Water Level Observation Network	O	52.94	-168.87
NDBC	omhc1	9414769 - Oakland Middle Harbor Met, CA	Water Level Observation Network	PT	37.801	-122.33
NDBC	oouh1	1612340 - Honolulu, HI	Water Level Observation Network	O	21.303	-157.865
NDBC	optf1	8726607 - Old Port Tampa, FL	Water Level Observation Network	PT	27.858	-82.553
NDBC	orin7	8652587 - Oregon Inlet Marina, NC	Water Level Observation Network	O	35.796	-75.548
NDBC	osgn6	9052030 - Oswego, NY	Water Level Observation Network	O	43.464	-76.511
NDBC	ostf1	Stennis Test Facility	Test station	N	30.357	-89.612
NDBC	otnm4	Ontonagon, MI	GLOS Weather Station	MQT	46.87	-89.33
NDBC	ovia2	9455500 - Seldovia, AK	Water Level Observation Network	O	59.44	-151.72
NDBC	owdo1	Darrow Road, Old Woman Creek Reserve, OH	NERRS Water Quality Station	NR	41.365	-82.505
NDBC	owmo1	Western Reserve, Old Woman Creek Reserve, OH	NERRS Weather Station	NR	41.247	-82.454
NDBC	owqo1	Lower Estuary, Old Woman Creek Reserve, OH	NERRS Water Quality Station	NR	41.382	-82.514
NDBC	owso1	State Road 6, Old Woman Creek Reserve, OH	NERRS Water Quality Station	NR	41.383	-82.514
NDBC	owwo1	Railroad, Old Woman Creek Reserve, OH	Water Quality Station	NR	41.373	-82.513
NDBC	owxo1	Old Woman Creek, Old Woman Creek Reserve, OH	NERRS Weather Station	NR	41.378	-82.508
NDBC	pacf1	8729108 - Panama City, FL	Water Level Observation Network	O	30.15	-85.664
NDBC	pact2	8775792 - Packery Channel, TX	Water Level Observation Network	K	27.634	-97.237
NDBC	paua2	ST PAUL MXAK, AK	Coastal Marine Station	MA	57.124	-170.271
NDBC	paxa2	Point Arden, AK	Coastal Marine Station	MA	58.159	-134.178
NDBC	pbfw1	Padilla Bay Farm, Padilla Bay Reserve, WA	NERRS Weather Station	NR	48.464	-122.469
NDBC	pbjw1	Joe Leary Tidegate, Padilla Bay Reserve, WA	NERRS Water Quality Station	NR	48.518	-122.474
NDBC	pblw1	Ploeg Channel, Padilla Bay Reserve, WA	NERRS Water Quality Station	NR	48.556	-122.53
NDBC	pbpa2	Point Bishop, AK	Weather Station	AJK	58.203	-134.148
NDBC	pbwm4	9014095 - Port Huron, North of Blue Water Bridge, MI	Water Level Observation Network	O	43.002	-82.423
NDBC	pcbf1	8729210 - Panama City Beach, FL	Water Level Observation Network	O	30.213	-85.88
NDBC	pcgt2	8779748 - South Padre Island CGS, TX	Water Level Observation Network	K	26.072	-97.167
NDBC	pclf1	8729840 - Pensacola, FL	Water Level Observation Network	O	30.404	-87.211
NDBC	pclm4	Portage Canal, MI	GLOS Weather Station	MQT	47.276	-88.528
NDBC	pcnt2	8773701 - Port O'Connor, Matagorda Bay, TX	Water Level Observation Network	K	28.446	-96.396
NDBC	pcoc1	9415144 - Port Chicago, CA	Water Level Observation Network	O	38.056	-122.039
NDBC	pcxa2	Point Craven MXAK, AK	Coastal Marine Station	MA	57.463	-134.867
NDBC	pdvr1	8454123 - Port of Davisville, RI	Water Level Observation Network	PT	41.611	-71.41
NDBC	pegf1	8722956 - Port Everglades, FL	Water Level Observation Network	PT	26.086	-80.116
NDBC	pexa2	Pelican MXAK, AK	Coastal Marine Station	MA	57.958	-136.227
NDBC	pfdc1	9410666 - Los Angeles Pier 400, CA	Water Level Observation Network	PT	33.735	-118.241
NDBC	pfxc1	9410670 - Los Angeles Pier F, CA	Water Level Observation Network	PT	33.747	-118.215
NDBC	pgbp7	1631428 - Pago Bay, Guam	Water Level Observation Network	O	13.428	144.796
NDBC	pgxa2	Point Gardner	Coastal Marine Station	MA	57.016	-134.618
NDBC	phbp1	8545240 - Philadelphia, PA	Water Level Observation Network	O	39.933	-75.142
NDBC	phct2	Port Aransas, TX, Horace Caldwell Pier (99999291)	Coastal Marine Station	O	27.826	-97.051
NDBC	pila2	Pilot Rock, AK	C-MAN Station	N	59.742	-149.47
NDBC	pill1	8760721 - Pilottown, LA	Water Level Observation Network	PT	29.179	-89.259
NDBC	pilm4	Passage Island, MI	C-MAN Station	N	48.223	-88.366
NDBC	pkbw3	Pokegama Bay, Lake Superior Reserve, WI	NERRS Weather Station	NR	46.672	-92.136
NDBC	pkyf1	Peterson Key, FL	Water Quality Station	NP	24.918	-80.747
NDBC	plsf1	Pulaski Shoals Light, FL	C-MAN Station	N	24.693	-82.773
NDBC	plsp4	9758053 - Penuelas, PR	Water Level Observation Network	PN	17.973	-66.762
NDBC	plxa2	9451054 - Port Alexander, AK	Water Level Observation Network	O	56.247	-134.647
NDBC	pmaf1	8726384 - Port Manatee, FL	Water Level Observation Network	PT	27.638	-82.562
NDBC	pmnt2	8778490 - Port Mansfield, TX	Water Level Observation Network	K	26.559	-97.424
NDBC	pmoa2	9463502 - Port Moller, AK	Water Level Observation Network	O	55.99	-160.562
NDBC	pngw3	Port Wing, WI	GLOS Weather Station	DLH	46.792	-91.386
NDBC	pnlm4	9087096 - Port Inland, MI	Water Level Observation Network	O	45.968	-85.869
NDBC	pnlm6	8741533 - Pascagoula NOAA Lab, MS	Water Level Observation Network	O	30.368	-88.563
NDBC	pnos1	Lake Moultrie at Pinopolis, SC	Weather Station	CAE	33.247	-80.033
NDBC	poro3	9431647 - Port Orford, OR	Water Level Observation Network	O	42.739	-124.498
NDBC	port2	8770475 - Port Arthur, TX	Water Level Observation Network	K	29.867	-93.931
NDBC	pota2	Potato Point, AK	C-MAN Station	N	61.056	-146.697
NDBC	pphh1	Papahana, He'eia Reserve, HI	Water Quality Station	NR	21.409	-157.823
NDBC	ppta1	Perdido Pass, AL	Water Quality Station	DI	30.279	-87.556
NDBC	pptm2	8578240 - Piney Point, MD	Water Level Observation Network	PT	38.134	-76.533
NDBC	ppxa2	Point Pigot	Coastal Marine Station	MA	60.801	-148.357
NDBC	ppxc1	9414847 - Point Potrero, Richmond, CA	Water Level Observation Network	PT	37.906	-122.365
NDBC	prda2	9497645 - Prudhoe Bay, AK	Water Level Observation Network	O	70.4	-148.527
NDBC	prhh1	1612401 - Pearl Harbor, HI	Water Level Observation Network	PT	21.367	-157.964
NDBC	prim4	Presque Isle Light, MI	GLOS Weather Station	APX	45.357	-83.492
NDBC	prjc1	9410665 - Los Angeles Pier J, CA	Water Level Observation Network	PT	33.733	-118.186
NDBC	prta2	Point Retreat, AK	Weather Station	AJK	58.411	-134.955
NDBC	prto3	SATURN River Station #06 at Portland	Water Quality Station	CM	45.518	-122.669
NDBC	prur1	8452314 - Sandy Point, Prudence Island, RI	Water Level Observation Network	PT	41.605	-71.304
NDBC	pryc1	9415020 - Point Reyes, CA	Water Level Observation Network	O	37.996	-122.977
NDBC	psbc1	9415115 - Pittsburg (Suisun Bay), CA	Water Level Observation Network	PT	38.04	-121.887
NDBC	psbm1	8410140 - Eastport, ME	Water Level Observation Network	O	44.905	-66.983
NDBC	pscm4	Port Sanilac, MI	GLOS Weather Station	DTX	43.42	-82.54
NDBC	pslc1	9412110 - Port San Luis, CA	Water Level Observation Network	O	35.169	-120.754
NDBC	pstl1	8760922 - Pilot's Station East, SW Pass, LA	Water Level Observation Network	O	28.932	-89.407
NDBC	pstn6	9063028 - Sturgeon Point, NY	Water Level Observation Network	O	42.691	-79.048
NDBC	psxc1	9410692 - Los Angeles Pier S	Water Level Observation Network	PT	33.768	-118.226
NDBC	ptac1	Point Arena, CA	C-MAN Station	N	38.955	-123.741
NDBC	ptat2	Port Aransas, TX	C-MAN Station	N	27.826	-97.051
NDBC	ptaw1	9444090 - Port Angeles, WA	Water Level Observation Network	O	48.125	-123.441
NDBC	ptbm6	8741003 - Petit Bois Island, Port of Pascagoula, MS	Water Level Observation Network	PT	30.213	-88.505
NDBC	ptcr1	8452951 - Potter Cove, Prudence Island, RI	Water Level Observation Network	PT	41.638	-71.34
NDBC	ptfl1	8762075 - Port Fourchon, LA	Water Level Observation Network	O	29.114	-90.199
NDBC	ptgc1	Point Arguello, CA	C-MAN Station	N	34.577	-120.648
NDBC	ptim4	9099004 - Point Iroquois, MI	Water Level Observation Network	O	46.485	-84.631
NDBC	ptit2	8779770 - Port Isabel, TX	Water Level Observation Network	O	26.061	-97.215
NDBC	ptjn6	Port Jefferson, NY	Long Island Ferry	I	40.948	-73.07
NDBC	ptla2	Portland Island, AK	Fixed Structure Weather Station	MA	58.346	-134.752
NDBC	ptoa1	8737005 - Pinto Island, AL	Water Level Observation Network	PT	30.671	-88.031
NDBC	ptrf1	PAS -Port Richey, FL	Shorebased Tower	P	28.285	-82.733
NDBC	ptrp4	Puntas Rincon, PR	Weather Station	CI	18.367	-67.251
NDBC	ptww1	9444900 - Port Townsend, WA	Water Level Observation Network	O	48.111	-122.76
NDBC	pvdr1	8453662 - Providence Visibility, RI	Water Level Observation Network	PT	41.786	-71.383
NDBC	pvgf1	Port Everglades Channel, FL	Fixed Structure Weather Station	IC	26.092	-80.109
NDBC	pwaw3	Port Washington, WI	GLOS Weather Station	MKX	43.388	-87.867
NDBC	pxac1	9410690 - Los Angeles Berth 161, CA	Water Level Observation Network	PT	33.764	-118.265
NDBC	pxoc1	9414311 - San Francisco Pier 1, CA	Water Level Observation Network	PT	37.798	-122.393
NDBC	pxsc1	9414296 - Pier 17, San Francisco Bay, CA	Water Level Observation Network	PT	37.803	-122.397
NDBC	qptr1	8454049 - Quonset Point, RI	Water Level Observation Network	PT	41.586	-71.407
NDBC	rarm6	8741094 - Range A Rear, Port of Pascagoula, MS	Water Level Observation Network	O	30.343	-88.511
NDBC	rckm4	9076024 - Rock Cut, MI	Water Level Observation Network	O	46.264	-84.191
NDBC	rcmc1	9414863 - Richmond, CA	Water Level Observation Network	PT	37.923	-122.41
NDBC	rcpt2	8774770 - Rockport, TX	Water Level Observation Network	O	28.024	-97.048
NDBC	rcrn6	9052058 - Rochester, NY	Water Level Observation Network	O	43.269	-77.626
NDBC	rcyf1	8720625 - Racy Point, St. Johns River, FL	Water Level Observation Network	O	29.8	-81.55
NDBC	rdda2	9491094 - Red Dog Dock, AK	Water Level Observation Network	O	67.575	-164.067
NDBC	rdyd1	8551910 - Reedy Point, DE	Water Level Observation Network	O	39.558	-75.572
NDBC	rixa2	Rocky Island, AK	Coastal Marine Station	MA	58.177	-135.052
NDBC	rkqf1	Lower Henderson Creek, Rookery Bay Reserve, FL	NERRS Water Quality Station	NR	26.027	-81.734
NDBC	rkxf1	Upper Henderson Creek, Rookery Bay Reserve, FL	NERRS Weather Station	NR	26.05	-81.701
NDBC	rlit2	8779280 - Realitos Peninsula, TX	Water Level Observation Network	K	26.262	-97.285
NDBC	rlot2	8770971 - Rollover Pass, TX	Water Level Observation Network	K	29.515	-94.513
NDBC	roam4	Rock of Ages, MI	C-MAN Station	N	47.867	-89.315
NDBC	robn4	8530973 - Robbins Reef, NJ	Water Level Observation Network	PT	40.657	-74.065
NDBC	rplv2	8632837 - Rappahannock Light, VA	Water Level Observation Network	PT	37.538	-76.014
NDBC	rprn6	Rochester Coast Guard, NY	GLOS Weather Station	BUF	43.263	-77.598
NDBC	rsjt2	8777812 - Rincon del San Jose, TX	Water Level Observation Network	K	26.801	-97.471
NDBC	rtat2	8775237 - Port Aransas, TX	Water Level Observation Network	K	27.84	-97.072
NDBC	rtot2	100: RTNS Offshore, TX	Offshore Tower	K	27.753	-96.967
NDBC	rtyc1	9414523 - Redwood City, CA	Water Level Observation Network	PT	37.507	-122.212
NDBC	ryec1	Second Mallard, San Francisco Bay Reserve, CA	NERRS Water Quality Station	NR	38.184	-122.014
NDBC	sacv4	Sacrifice Island, Mexico	Weather Station	EM	19.174	-96.093
NDBC	sanf1	Sand Key, FL	C-MAN Station	N	24.456	-81.877
NDBC	sapf1	8726520 - St. Petersburg, Tampa Bay, FL	Water Level Observation Network	O	27.761	-82.627
NDBC	saqg1	Lower Duplin, Sapelo Island Reserve, GA	NERRS Water Quality Station	NR	31.418	-81.296
NDBC	sauf1	St. Augustine, FL	C-MAN Station	N	29.857	-81.264
NDBC	saxg1	Marsh Island, Sapelo Island Reserve, GA	NERRS Weather Station	NR	31.418	-81.296
NDBC	sbbn2	Lake Mead - South Boulder Basin	Buoy	LM	36.05	-114.748
NDBC	sbeo3	9435380 - South Beach, OR	Water Level Observation Network	O	44.625	-124.045
NDBC	sbio1	South Bass Island, OH	C-MAN Station	N	41.629	-82.841
NDBC	sblf1	8726673 - Seabulk, Tampa, FL	Water Level Observation Network	O	27.923	-82.445
NDBC	sblm4	Saginaw Bay Light #1, MI	GLOS Weather Station	DTX	43.81	-83.72
NDBC	sbpt2	8770570 - Sabine Pass North, TX	Water Level Observation Network	O	29.728	-93.87
NDBC	scis1	8664941 - South Capers Island, SC	Water Level Observation Network	O	32.857	-79.707
NDBC	scld1	Scotton Landing, Delaware Reserve, DE	NERRS Water Quality Station	NR	39.085	-75.461
NDBC	scp02	NDBC/OPT Engineering Test Station	Test station	N	39.476	-74.214
NDBC	scqc1	China Camp, San Francisco Bay Reserve, CA	NERRS Water Quality Station	NR	38.001	-122.46
NDBC	scqn6	Stony Creek, Hudson River Reserve, NY	NERRS Water Quality Station	NR	42.046	-73.911
NDBC	scsn6	South Central Sound, NY	Long Island Ferry	I	41.024	-73.108
NDBC	scxa2	Scull Island, AK	Coastal Marine Station	MA	58.205	-134.646
NDBC	sdbc1	9410170 - San Diego, CA	Water Level Observation Network	O	32.714	-117.174
NDBC	sdhn4	8531680 - Sandy Hook, NJ	Water Level Observation Network	O	40.467	-74.009
NDBC	sdia2	South Douglas, AK	Weather Station	AJK	58.277	-134.389
NDBC	sdrt2	8773037 - Seadrift, TX	Water Level Observation Network	K	28.407	-96.712
NDBC	secg1	U.S. Navy Tower R4 GA	C-MAN Station	H	30.8	-80.316
NDBC	sefo3	SATURN Estuary Station #04 at Mott Basin	Water Quality Station	CM	46.204	-123.759
NDBC	seim1	8419870 - Seavey Island, ME	Water Level Observation Network	PT	43.08	-70.742
NDBC	seqa2	Seldovia Deep, Katchemak Bay Reserve, AK	NERRS Water Quality Station	NR	59.441	-151.721
NDBC	seto3	SATURN Estuary Station #03	Water Quality Station	CM	46.2	-123.941
NDBC	sfxc1	Rush Ranch, San Francisco Bay Reserve, CA	NERRS Weather Station	NR	38.2	-122.026
NDBC	sgnt2	8772985 - Sargent, TX	Water Level Observation Network	K	28.771	-95.617
NDBC	sgnw3	Sheboygan, WI	C-MAN Station	N	43.749	-87.693
NDBC	sgof1	Tyndall AFB Tower C (N4), FL	C-MAN Station	N	29.408	-84.858
NDBC	sgrn4	Sea Girt, NJ	Shorebased Tower	J	40.12	-74.03
NDBC	sgxa2	ST GEORGE MXAK	Coastal Marine Station	MA	56.599	-169.542
NDBC	shbl1	8761305 - Shell Beach, LA	Water Level Observation Network	O	29.868	-89.673
NDBC	shpf1	SHP - Shell Point, FL	Shorebased Tower	P	30.058	-84.291
NDBC	shxa2	Sitka Harbor, AK	Coastal Marine Station	MA	57.055	-135.349
NDBC	sipf1	Sebastian Inlet State Park North Jetty, FL	Weather Station	FT	27.862	-80.445
NDBC	sipm6	Ship Island Pass, MS / CSI13	Shorebased Tower	Z	30.267	-89.017
NDBC	sisa2	Sisters Island, AK	Weather Station	AJK	58.177	-135.259
NDBC	sisw1	Smith Island, WA	C-MAN Station	N	48.321	-122.831
NDBC	sixa2	Ship Island, AK	C-MAN Station	MA	55.599	-132.203
NDBC	sjlf1	St. John's Light	C-MAN Station	N	30.4	-81.4
NDBC	sjnp4	9755371 - San Juan, La Puntilla, San Juan Bay, PR	Water Level Observation Network	O	18.459	-66.116
NDBC	sjom4	St. Joseph, MI	GLOS Weather Station	IWX	42.098	-86.494
NDBC	sjsn4	8537121 - Ship John Shoal, NJ	Water Level Observation Network	PT	39.305	-75.377
NDBC	skcf1	8726671 - Sparkman Channel Entrance, FL	Water Level Observation Network	PT	27.921	-82.445
NDBC	skda2	Skagway Ore Dock	Coastal Marine Station	MA	59.449	-135.331
NDBC	skmg1	U.S. Navy Tower M2R6 GA	C-MAN Station	S	31.534	-80.236
NDBC	skqn6	Saw Kill, Hudson River Reserve, NY	NERRS Water Quality Station	NR	42.017	-73.915
NDBC	skta2	9452400 - Skagway, AK	Water Level Observation Network	O	59.45	-135.327
NDBC	skxa2	Skagway MXAK, AK	Coastal Marine Station	MA	59.448	-135.326
NDBC	slim2	8577330 - Solomons Island, MD	Water Level Observation Network	O	38.321	-76.452
NDBC	slmn2	Lake Mohave - South	Buoy	LM	35.389	-114.621
NDBC	sloo3	Elliot Creek - South Slough Reserve, OR	Water Quality Station	NR	43.296	-124.311
NDBC	slpl1	Salt Point, LA  / CSI14	Shorebased Tower	Z	29.517	-91.55
NDBC	slvm5	Silver Bay, MN	GLOS Weather Station	DLH	47.278	-91.27
NDBC	slxa2	Salmon Landing, AK	Coastal Marine Station	MA	55.34	-131.644
NDBC	sm058	Woods Hole Test Camera	Moored Buoy	WH	59.923	-39.528
NDBC	smbs1	Springmaid pier, SC	Coastal Marine Station	NS	33.655	-78.918
NDBC	smkf1	Sombrero Key, FL	C-MAN Station	N	24.628	-81.109
NDBC	smoc1	9410840 - Santa Monica, CA	Water Level Observation Network	O	34.008	-118.5
NDBC	snda2	9459450 - Sand Point, AK	Water Level Observation Network	O	55.336	-160.502
NDBC	sndp5	1619910 - Sand Island, Midway Islands	Water Level Observation Network	O	28.215	-177.361
NDBC	snsn7	8659897 - Sunset Beach, NC	Weather Station	A	33.865	-78.507
NDBC	snto3	Tom's Creek, South Slough Reserve, OR	NERRS Weather Station	NR	43.279	-124.318
NDBC	soqo3	Valino Island, South Slough Reserve, OR	NERRS Water Quality Station	NR	43.317	-124.322
NDBC	sosn6	Southern Open Sound, NY	Long Island Ferry	I	40.998	-73.095
NDBC	spag1	U.S. Navy Tower R2 GA	C-MAN Station	S	31.375	-80.567
NDBC	spgf1	Settlement Point, GBI, Bahamas	C-MAN Station	N	26.704	-78.995
NDBC	spll1	South Timbalier Block 52, LA / CSI06	Shorebased Tower	Z	28.867	-90.483
NDBC	sptm4	Sturgeon Point Light, MI	GLOS Weather Station	APX	44.713	-83.273
NDBC	spxa2	Ship Island, AK	Coastal Marine Station	MA	55.599	-132.203
NDBC	sraw1	SATURN River Station #08, Camas, WA	Water Quality Station	CM	45.572	-122.379
NDBC	srbv3	Salt River Bay, St. Croix, U.S. Virgin Islands	Fixed Structure Weather Station	IC	17.784	-64.762
NDBC	sref1	Shark River, FL	Water Quality Station	NP	25.352	-81.1
NDBC	srfw1	SATURN River Station #05	Water Quality Station	CM	46.185	-123.188
NDBC	srlm4	Spectacle Reef Light, MI	C-MAN Station	G	45.773	-84.137
NDBC	srst2	Sabine Pass, TX	C-MAN Station	N	29.683	-94.033
NDBC	srxa2	Statter Harbor MXAK, AK	Coastal Marine Station	MA	58.383	-134.652
NDBC	ssbn7	Sunset Beach Nearshore Waves (SUN2WAVE)	Moored Buoy	CR	33.838	-78.484
NDBC	stdm4	Stannard Rock, MI	C-MAN Station	N	47.184	-87.225
NDBC	stxa2	Sitka AML, AK	Coastal Marine Station	MA	57.116	-135.391
NDBC	supn6	Superior Shoals, NY	C-MAN Station	N	44.467	-75.8
NDBC	svls1	Savannah Light, GA	C-MAN Station	N	31.95	-80.68
NDBC	svnm4	South Haven Light, South Haven, MI	C-MAN Station	G	42.401	-86.288
NDBC	svxa2	Savoonga, AK	C-MAN Station	MA	63.693	-170.492
NDBC	swla2	9455090 - Seward, AK	Water Level Observation Network	O	60.12	-149.427
NDBC	swpm4	9076070 - S.W. Pier, MI	Water Level Observation Network	PT	46.501	-84.372
NDBC	swpv2	8638610 - Sewells Point, VA	Water Level Observation Network	O	36.943	-76.329
NDBC	swxa2	Seward Harbor, AK	Coastal Marine Station	MA	60.116	-149.434
NDBC	sxhw3	Saxon Harbor, WI	GLOS Weather Station	DLH	46.563	-90.437
NDBC	sxxa2	Saxman Landing, AK	Coastal Marine Station	MA	55.315	-131.596
NDBC	syww3	Yacht Works Sister Bay, WI	Weather Station	GRB	45.202	-87.121
NDBC	taml1	Tambour Bay, LA	Shorebased Tower	L	29.188	-90.665
NDBC	tano3	Tansy Point, OR	Water Quality Station	CM	46.189	-123.919
NDBC	taqt2	8775296 - USS Lexington, TX	Water Level Observation Network	K	27.815	-97.389
NDBC	tarf1	TAS - Tarpon Springs, FL	Shorebased Tower	P	28.156	-82.758
NDBC	tawm4	Tawas Point, MI	GLOS Weather Station	APX	44.254	-83.449
NDBC	tbim4	Thunder Bay Island, MI	C-MAN Station	G	45.035	-83.194
NDBC	tbyf1	Terrapin Bay, FL	Water Quality Station	NP	25.155	-80.722
NDBC	tcbm2	8573364 - Tolchester Beach, MD	Water Level Observation Network	PT	39.213	-76.244
NDBC	tcmw1	9446482 - Tacoma Met, WA	Water Level Observation Network	PT	47.276	-122.418
NDBC	tcnw1	9446484 - Tacoma, WA	Water Level Observation Network	PT	47.267	-122.413
NDBC	tcsv2	Taskinas Creek, Chesapeake Bay Reserve, VA	NERRS Water Quality Station	NR	37.415	-76.714
NDBC	tcvf1	Trout Cove, FL	Water Quality Station	NP	25.213	-80.533
NDBC	tdpc1	Trinidad Pier Trinidad, CA	Water Quality Station	CN	41.055	-124.147
NDBC	tesl1	8764044 - Tesoro Marine Terminal, Berwick, Atchafalaya River, LA	Water Level Observation Network	O	29.668	-91.237
NDBC	tfblk	10.0 nm WNW on Blakknes, Iceland	Buoy	IM	65.698	-24.778
NDBC	tgxa2	Togiak, Alaska	Coastal Marine Station	MA	59.055	-160.334
NDBC	thin6	Thousand I. Brdg., NY	C-MAN Station	N	44.3	-75.983
NDBC	thlo1	Toledo Light No. 2 OH	C-MAN Station	G	41.826	-83.194
NDBC	thrf1	Thursday Point, FL	Water Quality Station	NP	25.203	-80.372
NDBC	thro1	9063085 - Toledo, OH	Water Level Observation Network	O	41.694	-83.473
NDBC	tibc1	Tiburon Pier, San Francisco Bay, CA	Coastal Marine Station	CN	37.892	-122.447
NDBC	tiqc1	Oneonta Slough, Tijuana River Reserve, CA	NERRS Water Quality Station	NR	32.568	-117.131
NDBC	tixc1	Tidal Linkage, Tijuana River Reserve, CA	NERRS Weather Station	NR	32.575	-117.127
NDBC	tkea2	Tenakee Springs, AK	Fixed Structure Weather Station	MA	57.779	-135.219
NDBC	tkpn6	Turkey Point Hudson River NERRS, NY (NOS 8518962)	NERRS Weather Station	NR	42.014	-73.939
NDBC	tlbo3	9437540 - Garibaldi, Tillamook Bay, OR	Water Level Observation Network	O	45.555	-123.919
NDBC	tlvt2	8775285 - Tule Lake Visibility, TX	Water Level Observation Network	PT	27.819	-97.454
NDBC	tnso3	Tenasillahe Island USFW Dock, OR	Water Quality Station	CM	46.238	-123.468
NDBC	tokw1	9440910 - Toke Point, WA	Water Level Observation Network	O	46.707	-123.967
NDBC	tpaf1	8726694 - TPA Cruise Terminal 2, Tampa, FL	Water Level Observation Network	PT	27.933	-82.433
NDBC	tpbn4	8538886 - Tacony-Palmyra Bridge, NJ	Water Level Observation Network	O	40.012	-75.043
NDBC	tpef1	Tarpon Bay East, FL	Water Quality Station	NP	25.41	-80.964
NDBC	tplm2	Thomas Point, MD	C-MAN Station	N	38.899	-76.436
NDBC	tpxa2	Tree Point, AK	Coastal Marine Station	MA	54.802	-130.934
NDBC	trbl1	Terrebonne Bay, LA	Shorebased Tower	L	29.187	-90.608
NDBC	trdf1	8721604 - Trident Pier, FL	Water Level Observation Network	O	28.416	-80.593
NDBC	trrf1	Taylor River, FL	Water Quality Station	NP	25.217	-80.65
NDBC	trtp1	TREC Tower	Coastal Marine Station	RC	42.11	-80.154
NDBC	tshf1	8726679  - East Bay Causeway, FL	Water Level Observation Network	PT	27.929	-82.426
NDBC	ttiw1	Tatoosh Island, WA	C-MAN Station	N	48.392	-124.735
NDBC	twco1	Toledo Crib, OH	C-MAN Station	LT	41.699	-83.259
NDBC	txpt2	8770822 - Texas Point, Sabine Pass, TX	Water Level Observation Network	O	29.689	-93.842
NDBC	txvt2	8775302 - TX State Aquarium Visibility, TX	Water Level Observation Network	PT	27.813	-97.389
NDBC	tybg1	U.S. Navy Tower R8 GA	C-MAN Station	S	31.633	-79.925
NDBC	ulam6	8741041 - Dock E. Port of Pascagoula, MS	Water Level Observation Network	O	30.348	-88.505
NDBC	ulra2	9468333 - Unalakleet, Unalakleet River, AK	Water Level Observation Network	O	63.872	-160.784
NDBC	unla2	9462620 - Unalaska, AK	Water Level Observation Network	O	53.88	-166.537
NDBC	upbc1	9415118 - Union Pacific Rail Road Bridge, Martinez, CA	Water Level Observation Network	PT	38.038	-122.121
NDBC	uqxa2	Utqiagvik, AK	Coastal Marine Station	MA	71.315	-156.722
NDBC	utvt2	8775236 - UTMSI Visibility, TX	Water Level Observation Network	PT	27.838	-97.052
NDBC	vakf1	8723214 - Virginia Key, FL	Water Level Observation Network	O	25.731	-80.162
NDBC	vbba3	Lake Mead - Virgin Basin	Buoy	LM	36.132	-114.412
NDBC	vcaf1	8723970 - Vaca Key, FL	Water Level Observation Network	O	24.711	-81.107
NDBC	vcat2	8773259 - Port Lavaca, TX	Water Level Observation Network	K	28.64	-96.609
NDBC	vcva2	9464212 - Village Cove, St. Paul Island, AK	Water Level Observation Network	O	57.125	-170.285
NDBC	vdxa2	Valdez, AK	Coastal Marine Station	MA	61.127	-146.344
NDBC	vdza2	9454240 - Valdez, AK	Water Level Observation Network	O	61.125	-146.361
NDBC	venf1	Venice, FL	C-MAN Station	N	27.072	-82.453
NDBC	verv4	Veracruz Harbor, MX	Weather Station	EM	19.204	-96.113
NDBC	vmsv2	VIMS Pier	Marine Observation Station	VM	37.246	-76.5
NDBC	vqsp4	9752619 - Isabel Segunda, Vieques Island, PR	Water Level Observation Network	PN	18.153	-65.444
NDBC	vrmo1	Vermilion River at Lake Erie, OH		CLE	41.428	-82.364
NDBC	vtbt2	8775222 - Viola Turning Basin, TX	Water Level Observation Network	PT	27.841	-97.52
NDBC	wahv2	8631044 - Wachapreague, VA	Water Level Observation Network	O	37.608	-75.686
NDBC	wakp8	1890000 - Wake Island	Water Level Observation Network	O	19.291	166.618
NDBC	waqm3	Menauhant, Waquoit Bay Reserve, MA	NERRS Water Quality Station	NR	41.552	-70.549
NDBC	wasd2	8594900 - Washington, DC	Water Level Observation Network	O	38.873	-77.021
NDBC	wats1	Lake Wateree, SC	Weather Station	CAE	34.335	-80.702
NDBC	wavm6	8747766 - Waveland, MS	Water Level Observation Network	O	30.282	-89.367
NDBC	waxm3	Carriage House, Waquoit Bay Reserve, MA	NERRS Weather Station	NR	41.582	-70.525
NDBC	wbxa2	Womens Bay Cargo Pier	Coastal Marine Station	MA	57.729	-152.516
NDBC	wbya1	Weeks Bay, Mobile Bay, AL	NERRS Weather Station	NR	30.417	-87.825
NDBC	wcrp1	Walnut Creek Marina, PA		CLE	42.077	-80.24
NDBC	wcxa2	Ward Cove, AK	Coastal Marine Station	MA	55.402	-131.729
NDBC	wdel1	Shell West Delta 143	Offshore Tower	SH	28.662	-89.551
NDBC	wdsv2	8638614 - Willoughby Deguassing Station, VA	Water Level Observation Network	PT	36.977	-76.315
NDBC	wdyo3	Woody Island, OR	Water Quality Station	CM	46.252	-123.534
NDBC	webm1	Webhannett River Inlet, Wells Reserve, ME	NERRS Water Quality Station	NR	43.32	-70.563
NDBC	welm1	8419317 - Wells, ME	NERRS Weather Station	NR	43.32	-70.563
NDBC	weqm1	Skinner Mill, Wells Reserve, ME	NERRS Water Quality Station	NR	43.345	-70.549
NDBC	wexm1	Laudholm Farm, Wells Reserve, ME	NERRS Weather Station	NR	43.337	-70.549
NDBC	wfpm4	Whitefish Point, MI	GLOS Weather Station	APX	46.76	-84.97
NDBC	wfxa2	Womens Bay Fuel Pier	Coastal Marine Station	MA	57.726	-152.519
NDBC	wgxa2	Wrangell Harbor	Coastal Marine Station	MA	56.467	-132.382
NDBC	whoi1			N	0.18	165.04
NDBC	whoi2	Woods Hole Wave Test Station #2	2.4-meter discus buoy	WH	41.339	-70.555
NDBC	whri2	Waukegan Harbor, IL	GLOS Weather Station	LOT	42.361	-87.813
NDBC	wiwf1	Willy Willy, FL	Water Quality Station	NP	25.587	-81.044
NDBC	wixa2	Whittier AMHS, AK	Coastal Marine Station	MA	60.777	-148.682
NDBC	wkqa1	Fish River, Weeks Bay Reserve, AL	NERRS Water Quality Station	NR	30.417	-87.823
NDBC	wkxa1	Safe Harbor Met Station, Weeks Bay Reserve, AL	NERRS Weather Station	NR	30.421	-87.828
NDBC	wlon7	8658120 - Wilmington, NC	Water Level Observation Network	O	34.228	-77.954
NDBC	wlxa2	Wales, AK	C-MAN Station	MA	65.616	-168.094
NDBC	wndv2	8636580 - Windmill Point, VA	Water Level Observation Network	O	37.615	-76.29
NDBC	wnem4	9076027 - West Neebish Island, MI	Water Level Observation Network	O	46.285	-84.21
NDBC	wplf1	Watson Place, FL	Water Quality Station	NP	25.71	-81.249
NDBC	wpow1	West Point, WA	C-MAN Station	N	47.662	-122.435
NDBC	wptw1	9441102 - Westport, WA	Water Level Observation Network	O	46.904	-124.105
NDBC	wqqm1	Head of Tide, Wells Reserve, ME	Water Quality Station	NR	43.298	-70.587
NDBC	wrbf1	Whipray Basin, FL	Water Quality Station	NP	25.072	-80.735
NDBC	wrxa2	Wainwright, AK	Coastal Marine Station	MA	70.636	-160.034
NDBC	wslm4	White Shoal Light, MI	C-MAN Station	G	45.842	-85.135
NDBC	wwef1	Whitewater Bay-East, FL	Water Quality Station	NP	25.232	-80.938
NDBC	wybs1	Winyah Bay Bottom, North Inlet-Winyah Bay Reserve, SC	NERRS Water Quality Station	NR	33.309	-79.289
NDBC	wycm6	8747437 - Bay Waveland Yacht Club, MS	Water Level Observation Network	O	30.326	-89.326
NDBC	wyss1	Winyah Bay Surface, North Inlet-Winyah Bay Reserve, SC	NERRS Water Quality Station	NR	33.309	-79.289
NDBC	yabp4	9754228 - Yabucoa Harbor, PR	Water Level Observation Network	PN	18.055	-65.833
NDBC	yata2	9453220 - Yakutat, Yakutat Bay, AK	Water Level Observation Network	O	59.548	-139.733
NDBC	ygnn6	Niagara Coast Guard Station, NY	GLOS Weather Station	BUF	43.262	-79.064
NDBC	ykrv2	8637611 - York River East Rear Range Light, VA	Water Level Observation Network	PT	37.251	-76.342
NDBC	yktv2	8637689 - Yorktown USCG Training Center, VA	Water Level Observation Network	O	37.227	-76.479
NDBC	yrsv2	Taskinas Creek, Chesapeake Bay Reserve, VA	NERRS Weather Station	NR	37.414	-76.712
NDBC	zbqn7	Zeke's Basin, North Carolina	NERRS Water Quality Station	NR	33.955	-77.935
NOAA CO-OPS	1611400	Nawiliwili	meteorology,water_level,water_temperature	NOAA CO-OPS	21.9544	-159.3561
NOAA CO-OPS	1612340	Honolulu	meteorology,water_level,water_temperature	NOAA CO-OPS	21.303333	-157.86453
NOAA CO-OPS	1612480	Mokuoloe	meteorology,water_level,water_temperature	NOAA CO-OPS	21.433056	-157.79
NOAA CO-OPS	1615680	Kahului, Kahului Harbor	meteorology,water_level,water_temperature	NOAA CO-OPS	20.894945	-156.469
NOAA CO-OPS	1617433	Kawaihae	meteorology,water_level,water_temperature	NOAA CO-OPS	20.0366	-155.8294
NOAA CO-OPS	1617760	Hilo, Hilo Bay, Kuhio Bay	meteorology,water_level,water_temperature	NOAA CO-OPS	19.730278	-155.05556
NOAA CO-OPS	1619910	Sand Island, Midway Islands	meteorology,water_level,water_temperature	NOAA CO-OPS	28.211666	-177.36
NOAA CO-OPS	1630000	Apra Harbor, Guam	meteorology,water_level,water_temperature	NOAA CO-OPS	13.443389	144.65636
NOAA CO-OPS	1770000	Pago Pago, American Samoa	meteorology,water_level,water_temperature	NOAA CO-OPS	-14.28	-170.69
NOAA CO-OPS	1820000	Kwajalein, Marshall Islands	meteorology,water_level,water_temperature	NOAA CO-OPS	8.731667	167.73611
NOAA CO-OPS	1890000	Wake Island, Pacific Ocean	meteorology,water_level,water_temperature	NOAA CO-OPS	19.290556	166.6175
NOAA CO-OPS	2695535	Bermuda Biological Station	meteorology,water_level,water_temperature	NOAA CO-OPS	32.370224	-64.695724
NOAA CO-OPS	2695540	Bermuda, St. Georges Island	meteorology,water_level,water_temperature	NOAA CO-OPS	32.3734	-64.7033
NOAA CO-OPS	8311030	Ogdensburg	meteorology,water_level,water_temperature	NOAA CO-OPS	44.702778	-75.494446
NOAA CO-OPS	8311062	Alexandria Bay	meteorology,water_level,water_temperature	NOAA CO-OPS	44.33111	-75.934525
NOAA CO-OPS	8410140	Eastport	meteorology,water_level,water_temperature	NOAA CO-OPS	44.90461	-66.98289
NOAA CO-OPS	8411060	Cutler Farris Wharf	meteorology,water_level,water_temperature	NOAA CO-OPS	44.6567	-67.21
NOAA CO-OPS	8413320	Bar Harbor	meteorology,water_level,water_temperature	NOAA CO-OPS	44.392193	-68.20428
NOAA CO-OPS	8418150	Portland	meteorology,water_level,water_temperature	NOAA CO-OPS	43.658054	-70.24416
NOAA CO-OPS	8419870	Seavey Island	meteorology,water_level,water_temperature	NOAA CO-OPS	43.079723	-70.74111
NOAA CO-OPS	8447386	Fall River	meteorology,water_level,water_temperature	NOAA CO-OPS	41.7043	-71.1641
NOAA CO-OPS	8447435	Chatham	water_level,water_temperature	NOAA CO-OPS	41.6885	-69.9511
NOAA CO-OPS	8447930	Woods Hole	meteorology,water_level,water_temperature	NOAA CO-OPS	41.523613	-70.67111
NOAA CO-OPS	8449130	Nantucket Island	meteorology,water_level,water_temperature	NOAA CO-OPS	41.285	-70.0967
NOAA CO-OPS	8452660	Newport	meteorology,water_level,water_temperature	NOAA CO-OPS	41.504333	-71.32614
NOAA CO-OPS	8452944	Conimicut Light	meteorology,water_level,water_temperature	NOAA CO-OPS	41.7167	-71.3433
NOAA CO-OPS	8454000	Providence	meteorology,water_level,water_temperature	NOAA CO-OPS	41.807167	-71.400665
NOAA CO-OPS	8461490	New London	meteorology,water_level,water_temperature	NOAA CO-OPS	41.371666	-72.09556
NOAA CO-OPS	8465705	New Haven	meteorology,water_level,water_temperature	NOAA CO-OPS	41.2833	-72.9083
NOAA CO-OPS	8467150	Bridgeport	meteorology,water_level,water_temperature	NOAA CO-OPS	41.17582	-73.18397
NOAA CO-OPS	8510560	Montauk	meteorology,water_level,water_temperature	NOAA CO-OPS	41.048332	-71.95944
NOAA CO-OPS	8516945	Kings Point	meteorology,water_level,water_temperature	NOAA CO-OPS	40.8103	-73.7649
NOAA CO-OPS	8518750	The Battery	meteorology,water_level,water_temperature	NOAA CO-OPS	40.700554	-74.01417
NOAA CO-OPS	8518962	Turkey Point Hudson River NERRS	meteorology,water_level,water_temperature	NOAA CO-OPS	42.0139	-73.9392
NOAA CO-OPS	8518979	Coxsackie, Hudson River	meteorology,water_level,water_temperature	NOAA CO-OPS	42.35264	-73.79486
NOAA CO-OPS	8531680	Sandy Hook	meteorology,water_level,water_temperature	NOAA CO-OPS	40.4669	-74.0094
NOAA CO-OPS	8534720	Atlantic City	meteorology,water_level,water_temperature	NOAA CO-OPS	39.356667	-74.41805
NOAA CO-OPS	8536110	Cape May	meteorology,water_level,water_temperature	NOAA CO-OPS	38.9683	-74.96
NOAA CO-OPS	8537121	Ship John Shoal	meteorology,water_level,water_temperature	NOAA CO-OPS	39.30539	-75.37668
NOAA CO-OPS	8539094	Burlington, Delaware River	meteorology,water_level,water_temperature	NOAA CO-OPS	40.0817	-74.8697
NOAA CO-OPS	8540433	Marcus Hook	meteorology,water_level,water_temperature	NOAA CO-OPS	39.811806	-75.4095
NOAA CO-OPS	8545240	Philadelphia	meteorology,water_level,water_temperature	NOAA CO-OPS	39.933056	-75.14198
NOAA CO-OPS	8546252	Bridesburg	meteorology,water_level,water_temperature	NOAA CO-OPS	39.979683	-75.079315
NOAA CO-OPS	8548989	Newbold	meteorology,water_level,water_temperature	NOAA CO-OPS	40.137333	-74.75183
NOAA CO-OPS	8551910	Reedy Point	meteorology,water_level,water_temperature	NOAA CO-OPS	39.558334	-75.571945
NOAA CO-OPS	8557380	Lewes	meteorology,water_level,water_temperature	NOAA CO-OPS	38.782833	-75.11928
NOAA CO-OPS	8570283	Ocean City Inlet	meteorology,water_level,water_temperature	NOAA CO-OPS	38.32833	-75.09167
NOAA CO-OPS	8571421	Bishops Head	meteorology,water_level,water_temperature	NOAA CO-OPS	38.22	-76.0383
NOAA CO-OPS	8571892	Cambridge	meteorology,water_level,water_temperature	NOAA CO-OPS	38.5725	-76.06167
NOAA CO-OPS	8573364	Tolchester Beach	meteorology,water_level,water_temperature	NOAA CO-OPS	39.213444	-76.24455
NOAA CO-OPS	8573927	Chesapeake City	meteorology,water_level,water_temperature	NOAA CO-OPS	39.52667	-75.81
NOAA CO-OPS	8574680	Baltimore	meteorology,water_level,water_temperature	NOAA CO-OPS	39.266693	-76.57831
NOAA CO-OPS	8575512	Annapolis	meteorology,water_level,water_temperature	NOAA CO-OPS	38.983883	-76.480034
NOAA CO-OPS	8577330	Solomons Island	meteorology,water_level,water_temperature	NOAA CO-OPS	38.3167	-76.4517
NOAA CO-OPS	8594900	Washington	meteorology,water_level,water_temperature	NOAA CO-OPS	38.873333	-77.02167
NOAA CO-OPS	8631044	Wachapreague	meteorology,water_level,water_temperature	NOAA CO-OPS	37.607777	-75.68584
NOAA CO-OPS	8632200	Kiptopeke	meteorology,water_level,water_temperature	NOAA CO-OPS	37.1652	-75.9884
NOAA CO-OPS	8635027	Dahlgren	meteorology,water_level,water_temperature	NOAA CO-OPS	38.31975	-77.0366
NOAA CO-OPS	8635750	Lewisetta	meteorology,water_level,water_temperature	NOAA CO-OPS	37.9961	-76.4644
NOAA CO-OPS	8637689	Yorktown USCG Training Center	meteorology,water_level,water_temperature	NOAA CO-OPS	37.2265	-76.478806
NOAA CO-OPS	8638610	Sewells Point	meteorology,water_level,water_temperature	NOAA CO-OPS	36.94278	-76.32861
NOAA CO-OPS	8639348	Money Point	meteorology,water_level,water_temperature	NOAA CO-OPS	36.778194	-76.301865
NOAA CO-OPS	8651370	Duck	meteorology,water_level,water_temperature	NOAA CO-OPS	36.1833	-75.7467
NOAA CO-OPS	8652226	JENNETTE'S PIER	meteorology,water_temperature	NOAA CO-OPS	35.91	-75.5917
NOAA CO-OPS	8652587	Oregon Inlet Marina	meteorology,water_level,water_temperature	NOAA CO-OPS	35.795696	-75.548195
NOAA CO-OPS	8654467	USCG Station Hatteras	meteorology,water_level,water_temperature	NOAA CO-OPS	35.2086	-75.7042
NOAA CO-OPS	8656483	Beaufort, Duke Marine Lab	meteorology,water_level,water_temperature	NOAA CO-OPS	34.71733	-76.67066
NOAA CO-OPS	8658120	Wilmington	meteorology,water_level,water_temperature	NOAA CO-OPS	34.2267	-77.9533
NOAA CO-OPS	8658163	Wrightsville Beach	meteorology,water_level,water_temperature	NOAA CO-OPS	34.213306	-77.7867
NOAA CO-OPS	8661070	Springmaid Pier	meteorology,water_level,water_temperature	NOAA CO-OPS	33.655	-78.9183
NOAA CO-OPS	8665530	Charleston	meteorology,water_level,water_temperature	NOAA CO-OPS	32.780834	-79.923615
NOAA CO-OPS	8670870	Fort Pulaski	meteorology,water_level,water_temperature	NOAA CO-OPS	32.034695	-80.90303
NOAA CO-OPS	8720218	Mayport (Bar Pilots Dock)	meteorology,water_level,water_temperature	NOAA CO-OPS	30.398167	-81.42789
NOAA CO-OPS	8720219	Dames Point	meteorology,water_level,water_temperature	NOAA CO-OPS	30.3867	-81.5583
NOAA CO-OPS	8720245	Jacksonville University	meteorology,water_temperature	NOAA CO-OPS	30.354084	-81.61175
NOAA CO-OPS	8721604	Trident Pier, Port Canaveral	meteorology,water_level,water_temperature	NOAA CO-OPS	28.4158	-80.5931
NOAA CO-OPS	8722670	Lake Worth Pier, Atlantic Ocean	meteorology,water_level,water_temperature	NOAA CO-OPS	26.612778	-80.034164
NOAA CO-OPS	8722956	South Port Everglades	meteorology,water_level,water_temperature	NOAA CO-OPS	26.081667	-80.11667
NOAA CO-OPS	8723214	Virginia Key	meteorology,water_level,water_temperature	NOAA CO-OPS	25.7314	-80.1618
NOAA CO-OPS	8723970	Vaca Key, Florida Bay	meteorology,water_level,water_temperature	NOAA CO-OPS	24.711	-81.1065
NOAA CO-OPS	8724580	Key West	meteorology,water_level,water_temperature	NOAA CO-OPS	24.5557	-81.8079
NOAA CO-OPS	8725520	Fort Myers	meteorology,water_level,water_temperature	NOAA CO-OPS	26.647778	-81.87111
NOAA CO-OPS	8726384	Port Manatee	meteorology,water_level,water_temperature	NOAA CO-OPS	27.6387	-82.5621
NOAA CO-OPS	8726520	St. Petersburg	meteorology,water_level,water_temperature	NOAA CO-OPS	27.7606	-82.6269
NOAA CO-OPS	8726607	Old Port Tampa	meteorology,water_level,water_temperature	NOAA CO-OPS	27.8578	-82.5528
NOAA CO-OPS	8726671	Sparkman Channel Entrance	meteorology,water_temperature	NOAA CO-OPS	27.920528	-82.4452
NOAA CO-OPS	8726674	East Bay	meteorology,water_level,water_temperature	NOAA CO-OPS	27.9231	-82.4214
NOAA CO-OPS	8726724	Clearwater Beach	meteorology,water_level,water_temperature	NOAA CO-OPS	27.9783	-82.8317
NOAA CO-OPS	8727520	Cedar Key	meteorology,water_level,water_temperature	NOAA CO-OPS	29.135	-83.0317
NOAA CO-OPS	8728690	Apalachicola	meteorology,water_level,water_temperature	NOAA CO-OPS	29.724445	-84.98055
NOAA CO-OPS	8729108	Panama City	meteorology,water_level,water_temperature	NOAA CO-OPS	30.149723	-85.664444
NOAA CO-OPS	8729210	Panama City Beach	meteorology,water_level,water_temperature	NOAA CO-OPS	30.21375	-85.878586
NOAA CO-OPS	8729840	Pensacola	meteorology,water_level,water_temperature	NOAA CO-OPS	30.4044	-87.2112
NOAA CO-OPS	8735180	Dauphin Island	meteorology,water_level,water_temperature	NOAA CO-OPS	30.25	-88.075
NOAA CO-OPS	8736897	Coast Guard Sector Mobile	meteorology,water_level,water_temperature	NOAA CO-OPS	30.6495	-88.05811
NOAA CO-OPS	8737048	Mobile State Docks	meteorology,water_level,water_temperature	NOAA CO-OPS	30.70461	-88.03961
NOAA CO-OPS	8741533	Pascagoula NOAA Lab	meteorology,water_level,water_temperature	NOAA CO-OPS	30.367777	-88.56306
NOAA CO-OPS	8747437	Bay Waveland Yacht Club	meteorology,water_level,water_temperature	NOAA CO-OPS	30.326342	-89.3258
NOAA CO-OPS	8760721	Pilottown	meteorology,water_level,water_temperature	NOAA CO-OPS	29.179306	-89.258835
NOAA CO-OPS	8760922	Pilots Station East, S.W. Pass	meteorology,water_level,water_temperature	NOAA CO-OPS	28.9322	-89.4075
NOAA CO-OPS	8761305	Shell Beach	meteorology,water_level,water_temperature	NOAA CO-OPS	29.86811	-89.67325
NOAA CO-OPS	8761724	Grand Isle	meteorology,water_level,water_temperature	NOAA CO-OPS	29.2633	-89.9567
NOAA CO-OPS	8761927	New Canal Station	meteorology,water_level,water_temperature	NOAA CO-OPS	30.027222	-90.113335
NOAA CO-OPS	8761955	Carrollton	meteorology,water_level,water_temperature	NOAA CO-OPS	29.932888	-90.135475
NOAA CO-OPS	8762482	West Bank 1, Bayou Gauche	meteorology,water_level,water_temperature	NOAA CO-OPS	29.78861	-90.42028
NOAA CO-OPS	8764044	Berwick, Atchafalaya River	meteorology,water_level,water_temperature	NOAA CO-OPS	29.6675	-91.23761
NOAA CO-OPS	8764227	LAWMA, Amerada Pass	meteorology,water_level,water_temperature	NOAA CO-OPS	29.4496	-91.3381
NOAA CO-OPS	8764314	Eugene Island, North of, Atchafalaya Bay	meteorology,water_level,water_temperature	NOAA CO-OPS	29.3675	-91.3839
NOAA CO-OPS	8766072	Freshwater Canal Locks	meteorology,water_level,water_temperature	NOAA CO-OPS	29.551695	-92.30519
NOAA CO-OPS	8767816	Lake Charles	meteorology,water_level,water_temperature	NOAA CO-OPS	30.223612	-93.221664
NOAA CO-OPS	8767961	Bulk Terminal	meteorology,water_level,water_temperature	NOAA CO-OPS	30.1903	-93.3007
NOAA CO-OPS	8768094	Calcasieu Pass	meteorology,water_level,water_temperature	NOAA CO-OPS	29.768167	-93.34289
NOAA CO-OPS	8770475	Port Arthur	meteorology,water_level,water_temperature	NOAA CO-OPS	29.8667	-93.93
NOAA CO-OPS	8770613	Morgans Point, Barbours Cut	meteorology,water_level,water_temperature	NOAA CO-OPS	29.681667	-94.985
NOAA CO-OPS	8770733	Lynchburg Landing (TCOON)	water_temperature	NOAA CO-OPS	29.765	-95.0783
NOAA CO-OPS	8770777	Manchester	meteorology,water_level,water_temperature	NOAA CO-OPS	29.7263	-95.2658
NOAA CO-OPS	8770808	High Island	meteorology,water_level,water_temperature	NOAA CO-OPS	29.5947	-94.3903
NOAA CO-OPS	8770822	Texas Point, Sabine Pass	meteorology,water_level,water_temperature	NOAA CO-OPS	29.6893	-93.8418
NOAA CO-OPS	8770971	Rollover Pass	meteorology,water_level,water_temperature	NOAA CO-OPS	29.515	-94.5133
NOAA CO-OPS	8771013	Eagle Point, Galveston Bay	meteorology,water_level,water_temperature	NOAA CO-OPS	29.481306	-94.91725
NOAA CO-OPS	8771341	Galveston Bay Entrance, North Jetty	meteorology,water_level,water_temperature	NOAA CO-OPS	29.357462	-94.724724
NOAA CO-OPS	8771450	Galveston Pier 21	meteorology,water_level,water_temperature	NOAA CO-OPS	29.31	-94.7933
NOAA CO-OPS	8771486	Galveston Railroad Bridge	meteorology,water_level,water_temperature	NOAA CO-OPS	29.3026	-94.8971
NOAA CO-OPS	8771972	San Luis Pass	meteorology,water_level,water_temperature	NOAA CO-OPS	29.095	-95.1133
NOAA CO-OPS	8772471	Freeport Harbor	meteorology,water_level,water_temperature	NOAA CO-OPS	28.9357	-95.2942
NOAA CO-OPS	8773037	Seadrift	meteorology,water_level,water_temperature	NOAA CO-OPS	28.4069	-96.7124
NOAA CO-OPS	8773146	Matagorda City	meteorology,water_level,water_temperature	NOAA CO-OPS	28.71	-95.9139
NOAA CO-OPS	8773259	Port Lavaca	meteorology,water_level,water_temperature	NOAA CO-OPS	28.6406	-96.6098
NOAA CO-OPS	8773701	Port O'Connor	meteorology,water_level,water_temperature	NOAA CO-OPS	28.4517	-96.3883
NOAA CO-OPS	8773767	Matagorda Bay Entrance Channel	meteorology,water_level,water_temperature	NOAA CO-OPS	28.4269	-96.3301
NOAA CO-OPS	8774230	Aransas Wildlife Refuge	meteorology,water_level,water_temperature	NOAA CO-OPS	28.2283	-96.795
NOAA CO-OPS	8774513	Copano Bay	meteorology,water_level,water_temperature	NOAA CO-OPS	28.118305	-97.0217
NOAA CO-OPS	8774770	Rockport	meteorology,water_level,water_temperature	NOAA CO-OPS	28.021667	-97.04667
NOAA CO-OPS	8775132	La Quinta Channel North	meteorology,water_level,water_temperature	NOAA CO-OPS	27.8804	-97.2735
NOAA CO-OPS	8775222	Viola Turning Basin	meteorology,water_level,water_temperature	NOAA CO-OPS	27.8461	-97.5207
NOAA CO-OPS	8775237	Port Aransas	meteorology,water_level,water_temperature	NOAA CO-OPS	27.8397	-97.0725
NOAA CO-OPS	8775241	Aransas, Aransas Pass	meteorology,water_level,water_temperature	NOAA CO-OPS	27.8366	-97.0391
NOAA CO-OPS	8775283	Enbridge, Ingleside	meteorology,water_level,water_temperature	NOAA CO-OPS	27.818611	-97.20895
NOAA CO-OPS	8775296	USS Lexington, Corpus Christi Bay	meteorology,water_level,water_temperature	NOAA CO-OPS	27.8149	-97.3892
NOAA CO-OPS	8775792	Packery Channel	meteorology,water_level,water_temperature	NOAA CO-OPS	27.6333	-97.2367
NOAA CO-OPS	8775870	Bob Hall Pier, Corpus Christi	water_temperature	NOAA CO-OPS	27.58	-97.2167
NOAA CO-OPS	8776139	S. Bird Island	meteorology,water_level,water_temperature	NOAA CO-OPS	27.484362	-97.31811
NOAA CO-OPS	8776604	Baffin Bay	meteorology,water_level,water_temperature	NOAA CO-OPS	27.297	-97.40517
NOAA CO-OPS	8777812	Rincon Del San Jose	meteorology,water_level,water_temperature	NOAA CO-OPS	26.801195	-97.47056
NOAA CO-OPS	8778490	Port Mansfield	meteorology,water_level,water_temperature	NOAA CO-OPS	26.557638	-97.42572
NOAA CO-OPS	8779280	Realitos Peninsula	meteorology,water_level,water_temperature	NOAA CO-OPS	26.2624	-97.2853
NOAA CO-OPS	8779748	South Padre Island CG Station	meteorology,water_level,water_temperature	NOAA CO-OPS	26.0731	-97.1675
NOAA CO-OPS	8779749	SPI Brazos Santiago	meteorology,water_level,water_temperature	NOAA CO-OPS	26.0675	-97.1548
NOAA CO-OPS	8779770	Port Isabel	meteorology,water_level,water_temperature	NOAA CO-OPS	26.061167	-97.21553
NOAA CO-OPS	9014070	Algonac	meteorology,water_level,water_temperature	NOAA CO-OPS	42.621113	-82.526665
NOAA CO-OPS	9052000	Cape Vincent	meteorology,water_level,water_temperature	NOAA CO-OPS	44.13028	-76.33222
NOAA CO-OPS	9063020	Buffalo	meteorology,water_level,water_temperature	NOAA CO-OPS	42.877445	-78.89047
NOAA CO-OPS	9063053	Fairport	meteorology,water_level,water_temperature	NOAA CO-OPS	41.75975	-81.28106
NOAA CO-OPS	9063063	Cleveland	meteorology,water_level,water_temperature	NOAA CO-OPS	41.54086	-81.635475
NOAA CO-OPS	9063079	Marblehead	meteorology,water_level,water_temperature	NOAA CO-OPS	41.54364	-82.73139
NOAA CO-OPS	9063085	Toledo	meteorology,water_level,water_temperature	NOAA CO-OPS	41.693554	-83.472275
NOAA CO-OPS	9075014	Harbor Beach	meteorology,water_level,water_temperature	NOAA CO-OPS	43.84639	-82.64306
NOAA CO-OPS	9075065	Alpena	meteorology,water_level,water_temperature	NOAA CO-OPS	45.063	-83.4286
NOAA CO-OPS	9075080	Mackinaw City	meteorology,water_level,water_temperature	NOAA CO-OPS	45.77722	-84.72111
NOAA CO-OPS	9075099	De Tour Village	meteorology,water_level,water_temperature	NOAA CO-OPS	45.9925	-83.8982
NOAA CO-OPS	9076024	Rock Cut	meteorology,water_level,water_temperature	NOAA CO-OPS	46.264805	-84.19119
NOAA CO-OPS	9076027	West Neebish Island	meteorology,water_level,water_temperature	NOAA CO-OPS	46.28469	-84.20981
NOAA CO-OPS	9076033	Little Rapids	meteorology,water_level,water_temperature	NOAA CO-OPS	46.485832	-84.30167
NOAA CO-OPS	9076070	S.W. Pier, St. Marys River	meteorology,water_level,water_temperature	NOAA CO-OPS	46.50111	-84.37261
NOAA CO-OPS	9087031	Holland	meteorology,water_level,water_temperature	NOAA CO-OPS	42.773335	-86.212776
NOAA CO-OPS	9087088	Menominee	meteorology,water_level,water_temperature	NOAA CO-OPS	45.09589	-87.58994
NOAA CO-OPS	9087096	Port Inland	meteorology,water_level,water_temperature	NOAA CO-OPS	45.96989	-85.8715
NOAA CO-OPS	9099064	Duluth	meteorology,water_level,water_temperature	NOAA CO-OPS	46.77575	-92.092026
NOAA CO-OPS	9099090	Grand Marais, Lake Superior	meteorology,water_level,water_temperature	NOAA CO-OPS	47.748554	-90.34128
NOAA CO-OPS	9410170	San Diego	meteorology,water_level,water_temperature	NOAA CO-OPS	32.715557	-117.17667
NOAA CO-OPS	9410230	La Jolla	meteorology,water_level,water_temperature	NOAA CO-OPS	32.86689	-117.25714
NOAA CO-OPS	9410660	Los Angeles	meteorology,water_level,water_temperature	NOAA CO-OPS	33.72	-118.272
NOAA CO-OPS	9410840	Santa Monica	meteorology,water_level,water_temperature	NOAA CO-OPS	34.0083	-118.5
NOAA CO-OPS	9412110	Port San Luis	meteorology,water_level,water_temperature	NOAA CO-OPS	35.168888	-120.754166
NOAA CO-OPS	9413450	Monterey	meteorology,water_level,water_temperature	NOAA CO-OPS	36.60889	-121.89139
NOAA CO-OPS	9414290	San Francisco	meteorology,water_level,water_temperature	NOAA CO-OPS	37.806305	-122.46589
NOAA CO-OPS	9414523	Redwood City	meteorology,water_level,water_temperature	NOAA CO-OPS	37.506813	-122.21191
NOAA CO-OPS	9414750	Alameda	meteorology,water_level,water_temperature	NOAA CO-OPS	37.771954	-122.30026
NOAA CO-OPS	9414863	Richmond	meteorology,water_level,water_temperature	NOAA CO-OPS	37.9283	-122.4
NOAA CO-OPS	9415020	Point Reyes	meteorology,water_level,water_temperature	NOAA CO-OPS	37.994167	-122.97361
NOAA CO-OPS	9415102	Martinez-Amorco Pier	meteorology,water_level,water_temperature	NOAA CO-OPS	38.0346	-122.1252
NOAA CO-OPS	9415144	Port Chicago	meteorology,water_level,water_temperature	NOAA CO-OPS	38.056	-122.0395
NOAA CO-OPS	9416841	Arena Cove	meteorology,water_level,water_temperature	NOAA CO-OPS	38.914555	-123.71108
NOAA CO-OPS	9418767	North Spit	meteorology,water_level,water_temperature	NOAA CO-OPS	40.766907	-124.21735
NOAA CO-OPS	9419750	Crescent City	meteorology,water_level,water_temperature	NOAA CO-OPS	41.74561	-124.18439
NOAA CO-OPS	9431647	Port Orford	meteorology,water_level,water_temperature	NOAA CO-OPS	42.739	-124.4983
NOAA CO-OPS	9432780	Charleston	meteorology,water_level,water_temperature	NOAA CO-OPS	43.345	-124.322
NOAA CO-OPS	9435380	South Beach	meteorology,water_level,water_temperature	NOAA CO-OPS	44.625446	-124.044945
NOAA CO-OPS	9439040	Astoria	meteorology,water_level,water_temperature	NOAA CO-OPS	46.207306	-123.7683
NOAA CO-OPS	9440422	Longview	meteorology,water_level,water_temperature	NOAA CO-OPS	46.1061	-122.9542
NOAA CO-OPS	9440910	Toke Point	meteorology,water_level,water_temperature	NOAA CO-OPS	46.7075	-123.96694
NOAA CO-OPS	9441102	Westport	meteorology,water_level,water_temperature	NOAA CO-OPS	46.90431	-124.10508
NOAA CO-OPS	9442396	La Push, Quillayute River	meteorology,water_level,water_temperature	NOAA CO-OPS	47.912838	-124.63574
NOAA CO-OPS	9443090	Neah Bay	meteorology,water_level,water_temperature	NOAA CO-OPS	48.370724	-124.601585
NOAA CO-OPS	9444090	Port Angeles	meteorology,water_level,water_temperature	NOAA CO-OPS	48.125	-123.44
NOAA CO-OPS	9444900	Port Townsend	meteorology,water_level,water_temperature	NOAA CO-OPS	48.11122	-122.759674
NOAA CO-OPS	9446484	Tacoma	meteorology,water_level,water_temperature	NOAA CO-OPS	47.2667	-122.4133
NOAA CO-OPS	9447130	Seattle	meteorology,water_level,water_temperature	NOAA CO-OPS	47.60264	-122.3393
NOAA CO-OPS	9449424	Cherry Point	meteorology,water_level,water_temperature	NOAA CO-OPS	48.862717	-122.75858
NOAA CO-OPS	9449880	Friday Harbor	meteorology,water_level,water_temperature	NOAA CO-OPS	48.545277	-123.0125
NOAA CO-OPS	9450460	Ketchikan	meteorology,water_level,water_temperature	NOAA CO-OPS	55.331944	-131.62611
NOAA CO-OPS	9451054	Port Alexander	meteorology,water_level,water_temperature	NOAA CO-OPS	56.2467	-134.647
NOAA CO-OPS	9451600	Sitka	meteorology,water_level,water_temperature	NOAA CO-OPS	57.051056	-135.34412
NOAA CO-OPS	9452210	Juneau	meteorology,water_level,water_temperature	NOAA CO-OPS	58.2988	-134.4106
NOAA CO-OPS	9452400	Skagway, Taiya Inlet	meteorology,water_level,water_temperature	NOAA CO-OPS	59.4508	-135.328
NOAA CO-OPS	9452634	Elfin Cove	meteorology,water_level,water_temperature	NOAA CO-OPS	58.19472	-136.34694
NOAA CO-OPS	9453220	Yakutat, Yakutat Bay	meteorology,water_level,water_temperature	NOAA CO-OPS	59.5485	-139.7334
NOAA CO-OPS	9454050	Cordova	meteorology,water_level,water_temperature	NOAA CO-OPS	60.5583	-145.753
NOAA CO-OPS	9454240	Valdez	meteorology,water_level,water_temperature	NOAA CO-OPS	61.125	-146.362
NOAA CO-OPS	9455500	Seldovia	meteorology,water_level,water_temperature	NOAA CO-OPS	59.4405	-151.7199
NOAA CO-OPS	9455760	Nikiski	meteorology,water_level,water_temperature	NOAA CO-OPS	60.6833	-151.398
NOAA CO-OPS	9455920	Anchorage	water_level,water_temperature	NOAA CO-OPS	61.2375	-149.8904
NOAA CO-OPS	9457292	Kodiak Island	water_level,water_temperature	NOAA CO-OPS	57.7317	-152.512
NOAA CO-OPS	9457804	Alitak	meteorology,water_level,water_temperature	NOAA CO-OPS	56.89739	-154.248
NOAA CO-OPS	9459450	Sand Point	meteorology,water_level,water_temperature	NOAA CO-OPS	55.331722	-160.50433
NOAA CO-OPS	9459881	King Cove	meteorology,water_level,water_temperature	NOAA CO-OPS	55.05989	-162.32611
NOAA CO-OPS	9461380	Adak Island	meteorology,water_level,water_temperature	NOAA CO-OPS	51.860638	-176.63759
NOAA CO-OPS	9461710	Atka	meteorology,water_level,water_temperature	NOAA CO-OPS	52.231945	-174.1725
NOAA CO-OPS	9462620	Unalaska	meteorology,water_level,water_temperature	NOAA CO-OPS	53.879196	-166.5403
NOAA CO-OPS	9463502	Port Moller	meteorology,water_level,water_temperature	NOAA CO-OPS	55.985832	-160.57361
NOAA CO-OPS	9464212	Village Cove, St Paul Island	meteorology,water_level,water_temperature	NOAA CO-OPS	57.1253	-170.2852
NOAA CO-OPS	9468333	Unalakleet	meteorology,water_level,water_temperature	NOAA CO-OPS	63.875	-160.788
NOAA CO-OPS	9468756	Nome, Norton Sound	meteorology,water_level,water_temperature	NOAA CO-OPS	64.49461	-165.43964
NOAA CO-OPS	9491094	Red Dog Dock	meteorology,water_level,water_temperature	NOAA CO-OPS	67.575806	-164.06439
NOAA CO-OPS	9497645	Prudhoe Bay	meteorology,water_level,water_temperature	NOAA CO-OPS	70.41139	-148.53166
NOAA CO-OPS	9751364	Christiansted Harbor, St Croix	meteorology,water_level,water_temperature	NOAA CO-OPS	17.747694	-64.69839
NOAA CO-OPS	9751381	Lameshur Bay, St John	meteorology,water_level,water_temperature	NOAA CO-OPS	18.31825	-64.72422
NOAA CO-OPS	9751401	Limetree Bay	meteorology,water_level,water_temperature	NOAA CO-OPS	17.6947	-64.7538
NOAA CO-OPS	9751639	Charlotte Amalie	meteorology,water_level,water_temperature	NOAA CO-OPS	18.330584	-64.925804
NOAA CO-OPS	9752235	Culebra	meteorology,water_level,water_temperature	NOAA CO-OPS	18.300861	-65.302475
NOAA CO-OPS	9752695	Esperanza, Vieques Island	meteorology,water_level,water_temperature	NOAA CO-OPS	18.09386	-65.47136
NOAA CO-OPS	9753216	Fajardo	water_level,water_temperature	NOAA CO-OPS	18.335278	-65.63111
NOAA CO-OPS	9755371	San Juan, La Puntilla, San Juan Bay	meteorology,water_level,water_temperature	NOAA CO-OPS	18.458944	-66.11642
NOAA CO-OPS	9755968	Salinas, Bahia de Jobos	water_level,water_temperature	NOAA CO-OPS	17.949083	-66.225945
NOAA CO-OPS	9757112	Caja de Muertos	water_temperature	NOAA CO-OPS	17.8875	-66.52805
NOAA CO-OPS	9758066	Guayanilla, Bahia de Guayanilla	water_level,water_temperature	NOAA CO-OPS	18.005861	-66.76661
NOAA CO-OPS	9759110	Magueyes Island	meteorology,water_level,water_temperature	NOAA CO-OPS	17.970112	-67.04639
NOAA CO-OPS	9759394	Mayaguez	meteorology,water_level,water_temperature	NOAA CO-OPS	18.218834	-67.162445
NOAA CO-OPS	9759938	Mona Island	meteorology,water_level,water_temperature	NOAA CO-OPS	18.089289	-67.93821
NOAA CO-OPS	1612401	Pearl Harbor	meteorology,water_level	NOAA CO-OPS	21.3675	-157.9639
NOAA CO-OPS	1631428	Pago Bay, Guam	meteorology,water_level	NOAA CO-OPS	13.428333	144.79889
NOAA CO-OPS	8443970	Boston	meteorology,water_level	NOAA CO-OPS	42.35389	-71.05028
NOAA CO-OPS	8444069	Castle Island, North of	meteorology	NOAA CO-OPS	42.340862	-71.01234
NOAA CO-OPS	8447387	Borden Flats Light at Fall River	meteorology	NOAA CO-OPS	41.705	-71.1733
NOAA CO-OPS	8447412	Fall River Visibility	meteorology	NOAA CO-OPS	41.695835	-71.17983
NOAA CO-OPS	8447627	New Bedford, Barrier Gate	meteorology	NOAA CO-OPS	41.624443	-70.90544
NOAA CO-OPS	8452314	Sandy Point Visibility, Prudence Island	meteorology	NOAA CO-OPS	41.605118	-71.30424
NOAA CO-OPS	8452951	Potter Cove, Prudence Island	meteorology	NOAA CO-OPS	41.637165	-71.33928
NOAA CO-OPS	8453662	Providence Visibility	meteorology	NOAA CO-OPS	41.785694	-71.38308
NOAA CO-OPS	8454123	Port of Davisville	meteorology	NOAA CO-OPS	41.61122	-71.41031
NOAA CO-OPS	8519532	Mariners Harbor	meteorology	NOAA CO-OPS	40.6383	-74.16
NOAA CO-OPS	8530973	Robbins Reef	meteorology	NOAA CO-OPS	40.658375	-74.06473
NOAA CO-OPS	8551762	Delaware City	meteorology,water_level	NOAA CO-OPS	39.582195	-75.588974
NOAA CO-OPS	8555889	Brandywine Shoal Light	meteorology,water_level	NOAA CO-OPS	38.986668	-75.113335
NOAA CO-OPS	8574728	Francis Scott Key Bridge	meteorology	NOAA CO-OPS	39.22	-76.5283
NOAA CO-OPS	8574831	Brewerton Ch Range Front Light	meteorology	NOAA CO-OPS	39.205307	-76.52394
NOAA CO-OPS	8575437	Chesapeake Bay Bridge Visibility	meteorology	NOAA CO-OPS	38.994804	-76.38811
NOAA CO-OPS	8577018	Cove Point LNG Pier	meteorology	NOAA CO-OPS	38.40436	-76.3855
NOAA CO-OPS	8578240	Piney Point	meteorology	NOAA CO-OPS	38.133335	-76.53333
NOAA CO-OPS	8632837	Rappahannock Light	meteorology	NOAA CO-OPS	37.5383	-76.015
NOAA CO-OPS	8638511	Dominion Terminal Associates	meteorology	NOAA CO-OPS	36.962334	-76.424225
NOAA CO-OPS	8638595	South Craney Island	meteorology	NOAA CO-OPS	36.8883	-76.3383
NOAA CO-OPS	8638614	Willoughby Degaussing Station	meteorology	NOAA CO-OPS	36.9817	-76.3217
NOAA CO-OPS	8638901	CBBT, Chesapeake Channel	meteorology,water_level	NOAA CO-OPS	37.0329	-76.0833
NOAA CO-OPS	8638999	Cape Henry	meteorology	NOAA CO-OPS	36.93	-76.00667
NOAA CO-OPS	8679598	Kings Bay MSF Pier	meteorology,water_level	NOAA CO-OPS	30.7781	-81.4914
NOAA CO-OPS	8720030	Fernandina Beach	meteorology,water_level	NOAA CO-OPS	30.671356	-81.46584
NOAA CO-OPS	8720215	Navy Fuel Depot	meteorology	NOAA CO-OPS	30.4	-81.6267
NOAA CO-OPS	8720228	Little Jetties Visibility	meteorology	NOAA CO-OPS	30.37936	-81.44603
NOAA CO-OPS	8720233	Blount Island Command	meteorology	NOAA CO-OPS	30.392584	-81.52253
NOAA CO-OPS	8720357	I-295 Buckman Bridge	meteorology,water_level	NOAA CO-OPS	30.192417	-81.68889
NOAA CO-OPS	8726412	Middle Tampa Bay	meteorology	NOAA CO-OPS	27.66175	-82.599525
NOAA CO-OPS	8726504	Cut D Channel, Inbound Rear Range	meteorology	NOAA CO-OPS	27.753584	-82.513695
NOAA CO-OPS	8726679	East Bay Causeway	meteorology	NOAA CO-OPS	27.928888	-82.42575
NOAA CO-OPS	8726694	TPA Cruise Terminal 2	meteorology	NOAA CO-OPS	27.942972	-82.44586
NOAA CO-OPS	8734383	Fort Morgan	meteorology	NOAA CO-OPS	30.234333	-87.99358
NOAA CO-OPS	8734536	E Range Front Light Visibility	meteorology	NOAA CO-OPS	30.440027	-88.00955
NOAA CO-OPS	8736163	Middle Bay Port Visibility,  Mobile Bay	meteorology	NOAA CO-OPS	30.527111	-88.086555
NOAA CO-OPS	8737005	Pinto Island Visibility	meteorology	NOAA CO-OPS	30.671194	-88.031
NOAA CO-OPS	8741003	Petit Bois Island, Port of Pascagoula	meteorology	NOAA CO-OPS	30.213306	-88.5
NOAA CO-OPS	8762075	Port Fourchon, Belle Pass	meteorology,water_level	NOAA CO-OPS	29.1142	-90.1993
NOAA CO-OPS	8775223	Harbor Island Visibility	meteorology	NOAA CO-OPS	27.844028	-97.06956
NOAA CO-OPS	8775236	UTMSI Visibility	meteorology	NOAA CO-OPS	27.838388	-97.05214
NOAA CO-OPS	8775285	Tule Lake Visibility	meteorology	NOAA CO-OPS	27.819445	-97.45375
NOAA CO-OPS	8775302	Texas State Aquarium Visibility	meteorology	NOAA CO-OPS	27.8125	-97.38861
NOAA CO-OPS	9014090	Mouth of the Black River	meteorology,water_level	NOAA CO-OPS	42.9738	-82.4204
NOAA CO-OPS	9014098	Fort Gratiot	meteorology,water_level	NOAA CO-OPS	43.0069	-82.4225
NOAA CO-OPS	9052030	Oswego	meteorology,water_level	NOAA CO-OPS	43.46417	-76.51183
NOAA CO-OPS	9052058	Rochester	meteorology,water_level	NOAA CO-OPS	43.26903	-77.62575
NOAA CO-OPS	9063012	Niagara Intake	meteorology,water_level	NOAA CO-OPS	43.07689	-79.01403
NOAA CO-OPS	9063028	Sturgeon Point	meteorology,water_level	NOAA CO-OPS	42.691307	-79.04733
NOAA CO-OPS	9087023	Ludington	meteorology,water_level	NOAA CO-OPS	43.94736	-86.4415
NOAA CO-OPS	9087044	Calumet Harbor	meteorology,water_level	NOAA CO-OPS	41.72972	-87.53833
NOAA CO-OPS	9087069	Kewaunee MET	meteorology	NOAA CO-OPS	44.465	-87.495834
NOAA CO-OPS	9087077	Green Bay East	meteorology,water_level	NOAA CO-OPS	44.539024	-88.00106
NOAA CO-OPS	9099004	Point Iroquois	meteorology,water_level	NOAA CO-OPS	46.484444	-84.63084
NOAA CO-OPS	9099018	Marquette C.G.	meteorology,water_level	NOAA CO-OPS	46.545555	-87.37861
NOAA CO-OPS	9410647	Angels Gate	meteorology	NOAA CO-OPS	33.71583	-118.24611
NOAA CO-OPS	9410665	Long Beach Pier J	meteorology	NOAA CO-OPS	33.733	-118.18569
NOAA CO-OPS	9410666	Los Angeles Pier 400	meteorology	NOAA CO-OPS	33.735195	-118.2413
NOAA CO-OPS	9410670	Long Beach Pier F	meteorology	NOAA CO-OPS	33.746307	-118.215614
NOAA CO-OPS	9410690	Los Angeles Berth 161	meteorology	NOAA CO-OPS	33.76361	-118.26542
NOAA CO-OPS	9410691	Los Angeles Badger Avenue Bridge	meteorology	NOAA CO-OPS	33.766304	-118.24011
NOAA CO-OPS	9410692	Long Beach Pier S	meteorology	NOAA CO-OPS	33.768307	-118.22569
NOAA CO-OPS	9411340	Santa Barbara	meteorology,water_level	NOAA CO-OPS	34.40459	-119.6925
NOAA CO-OPS	9414296	Pier 17 Visibility, San Francisco Bay	meteorology	NOAA CO-OPS	37.803055	-122.39711
NOAA CO-OPS	9414311	San Francisco Pier 1	meteorology	NOAA CO-OPS	37.798	-122.392975
NOAA CO-OPS	9414763	Oakland Berth 67	meteorology	NOAA CO-OPS	37.795	-122.283
NOAA CO-OPS	9414769	Oakland Middle Harbor	meteorology	NOAA CO-OPS	37.8	-122.33
NOAA CO-OPS	9414776	Oakland Berth 34	meteorology	NOAA CO-OPS	37.81061	-122.333115
NOAA CO-OPS	9414797	Oakland Berth 38 Visibility	meteorology	NOAA CO-OPS	37.804443	-122.34167
NOAA CO-OPS	9414847	Point Potrero Richmond	meteorology	NOAA CO-OPS	37.905804	-122.36503
NOAA CO-OPS	9415115	Pittsburg, Suisun Bay	meteorology	NOAA CO-OPS	38.041557	-121.886665
NOAA CO-OPS	9415118	Union Pacific Rail Road Bridge	meteorology	NOAA CO-OPS	38.038277	-122.12053
NOAA CO-OPS	9415141	Davis Point	meteorology	NOAA CO-OPS	38.056694	-122.25961
NOAA CO-OPS	9418768	North Jetty Landing, Humboldt Bay	meteorology	NOAA CO-OPS	40.768917	-124.23889
NOAA CO-OPS	9435372	Yaquina Bay, Highway Bridge	meteorology	NOAA CO-OPS	44.621834	-124.05925
NOAA CO-OPS	9435373	McLean Point Turning Basin	meteorology	NOAA CO-OPS	44.622196	-124.03078
NOAA CO-OPS	9440357	TEMCO Kalama Terminal	meteorology,water_level	NOAA CO-OPS	45.9867	-122.8367
NOAA CO-OPS	9445958	Bremerton	meteorology,water_level	NOAA CO-OPS	47.5617	-122.623
NOAA CO-OPS	9446482	Tacoma MET	meteorology	NOAA CO-OPS	47.275833	-122.41778
NOAA CO-OPS	9449419	Cherry Point South Dock	meteorology	NOAA CO-OPS	48.86	-122.757
NOAA CO-OPS	9449427	Cherry Point North Dock	meteorology	NOAA CO-OPS	48.864307	-122.76425
NOAA CO-OPS	9462450	Nikolski	meteorology,water_level	NOAA CO-OPS	52.94061	-168.8713
NOAA CO-OPS	8447636	New Bedford Harbor	water_level	NOAA CO-OPS	41.6212	-70.9137
NOAA CO-OPS	8636580	Windmill Point	water_level	NOAA CO-OPS	37.6155	-76.28978
NOAA CO-OPS	8720226	Southbank Riverwalk, St Johns River	water_level	NOAA CO-OPS	30.32	-81.6583
NOAA CO-OPS	8725114	Naples Bay, North	water_level	NOAA CO-OPS	26.1367	-81.7883
NOAA CO-OPS	8735391	Dog River Bridge	water_level	NOAA CO-OPS	30.5652	-88.088
NOAA CO-OPS	8735523	East Fowl River Bridge	water_level	NOAA CO-OPS	30.4437	-88.1139
NOAA CO-OPS	8737138	Chickasaw Creek	water_level	NOAA CO-OPS	30.7819	-88.0736
NOAA CO-OPS	8738043	West Fowl River Bridge	water_level	NOAA CO-OPS	30.3766	-88.1586
NOAA CO-OPS	8739803	Bayou La Batre Bridge	water_level	NOAA CO-OPS	30.4057	-88.2477
NOAA CO-OPS	8770520	Rainbow Bridge	water_level	NOAA CO-OPS	29.98	-93.8817
NOAA CO-OPS	8771367	Sabine Offshore Light	water_level	NOAA CO-OPS	29.469	-93.72
NOAA CO-OPS	8772985	Sargent	water_level	NOAA CO-OPS	28.771639	-95.61684
NOAA CO-OPS	9014080	St. Clair State Police	water_level	NOAA CO-OPS	42.81222	-82.48556
NOAA CO-OPS	9014087	Dry Dock	water_level	NOAA CO-OPS	42.94528	-82.44334
NOAA CO-OPS	9034052	St Clair Shores	water_level	NOAA CO-OPS	42.47322	-82.87925
NOAA CO-OPS	9044020	Gibraltar	water_level	NOAA CO-OPS	42.090862	-83.186
NOAA CO-OPS	9044030	Wyandotte	water_level	NOAA CO-OPS	42.202305	-83.1475
NOAA CO-OPS	9044036	Fort Wayne	water_level	NOAA CO-OPS	42.298912	-83.092636
NOAA CO-OPS	9044049	Windmill Point	water_level	NOAA CO-OPS	42.357777	-82.92995
NOAA CO-OPS	9052076	Olcott	water_level	NOAA CO-OPS	43.33839	-78.72733
NOAA CO-OPS	9063007	Ashland Ave	water_level	NOAA CO-OPS	43.09992	-79.05991
NOAA CO-OPS	9063009	American Falls	water_level	NOAA CO-OPS	43.08106	-79.06136
NOAA CO-OPS	9063038	Erie, Lake Erie	water_level	NOAA CO-OPS	42.15389	-80.075836
NOAA CO-OPS	9063090	Fermi Power Plant	water_level	NOAA CO-OPS	41.96	-83.25667
NOAA CO-OPS	9075002	Lakeport	water_level	NOAA CO-OPS	43.141693	-82.49331
NOAA CO-OPS	9075035	Essexville	water_level	NOAA CO-OPS	43.6404	-83.8468
NOAA CO-OPS	9076060	U.S. Slip	water_level	NOAA CO-OPS	46.500805	-84.34036
NOAA CO-OPS	9087057	Milwaukee	water_level	NOAA CO-OPS	43.001972	-87.88764
NOAA CO-OPS	9087068	Kewaunee, Lake Michigan	water_level	NOAA CO-OPS	44.46389	-87.50103
NOAA CO-OPS	9087072	Sturgeon Bay Canal	water_level	NOAA CO-OPS	44.794693	-87.31392
NOAA CO-OPS	9099044	Ontonagon	water_level	NOAA CO-OPS	46.874443	-89.324165
NOAA CO-OPS	9410678	Long Beach Fire Boat Pier	water_level	NOAA CO-OPS	33.7478	-118.2158
NOAA CO-OPS	9416131	Port of West Sacramento, Washington Lake	water_level	NOAA CO-OPS	38.56225	-121.5463
NOAA CO-OPS	9437540	Garibaldi	water_level	NOAA CO-OPS	45.55453	-123.918945
NOAA CO-OPS	9439099	Wauna	water_level	NOAA CO-OPS	46.16	-123.405
NOAA CO-OPS	9439201	St Helens	water_level	NOAA CO-OPS	45.865	-122.797
NOAA CO-OPS	9440083	Vancouver	water_level	NOAA CO-OPS	45.631172	-122.69577
NOAA CO-OPS	9440569	Skamokawa	water_level	NOAA CO-OPS	46.270306	-123.4565
NOAA CO-OPS	9440581	Cape Disappointment	water_level	NOAA CO-OPS	46.28103	-124.04628
NOAA CO-OPS	9455090	Seward	water_level	NOAA CO-OPS	60.1193	-149.42812
NOAA CO-OPS	9752621	Isabel Segunda, Vieques Island	water_level	NOAA CO-OPS	18.152527	-65.4438
NOAA CO-OPS	9754229	Yabucoa Harbor	water_level	NOAA CO-OPS	18.055084	-65.833
NOAA CO-OPS	9757811	Arecibo	water_level	NOAA CO-OPS	18.480528	-66.70236
NOAA CO-OPS	9759413	Aguadilla, Crashboat Beach	water_level	NOAA CO-OPS	18.456638	-67.16458
