station	station_lat	station_lon	profile	date	temperature	salinity	oxygen	chlorophyll
ADM001	48.03	-122.617	2015-6187	2015-01-20	9.508	29.219	7.578	0.754
ADM001	48.03	-122.617	2015-6224	2015-02-12	9.598	27.571	8.155	1.6
ADM001	48.03	-122.617	2015-6257	2015-03-04	9.515	28.241	9.322	4.549
ADM001	48.03	-122.617	2015-6305	2015-04-15	10.023	29.08	9.487	4.081
ADM001	48.03	-122.617	2015-6344	2015-05-18	11.383	28.881	10.278	6.897
ADM001	48.03	-122.617	2015-6363	2015-06-08	12.707	29.058	9.281	2.515
ADM001	48.03	-122.617	2015-6408	2015-07-07	13.569	29.649	8.067	1.156
ADM001	48.03	-122.617	2015-6470	2015-09-14	13.538	30.19	7.187	4.184
ADM001	48.03	-122.617	2015-6530	2015-11-03	11.765	30.624	6.452	1.087
ADM001	48.03	-122.617	2016-6618	2016-01-25	9.208	29.033	8.045	0.844
ADM001	48.03	-122.617	2016-6651	2016-02-22	8.932	27.196	8.732	1.289
ADM001	48.03	-122.617	2016-6672	2016-03-18	9.108	28.218	8.791	1.395
ADM001	48.03	-122.617	2016-6714	2016-04-18	10.649	26.973	10.738	9.982
ADM001	48.03	-122.617	2016-6731	2016-05-02	10.845	28.471	9.695	6.931
ADM001	48.03	-122.617	2016-6770	2016-06-07	13.457	26.855	10.938	11.781
ADM001	48.03	-122.617	2016-6811	2016-07-11	13.473	29.204	9.221	6.828
ADM001	48.03	-122.617	2016-6842	2016-08-22	13.297	30.108	7.405	3.047
ADM001	48.03	-122.617	2016-6951	2016-11-21	10.857	29.765	7.11	1.154
ADM001	48.03	-122.617	2017-7011	2017-02-23	7.922	28.906	8.615	0.768
ADM001	48.03	-122.617	2017-7070	2017-04-28	9.547	27.278	9.937	2.484
ADM001	48.03	-122.617	2017-7107	2017-05-25	10.561	28.284	9.562	3.414
ADM001	48.03	-122.617	2017-7145	2017-06-21	11.692	27.096	8.966	2.72
ADM001	48.03	-122.617	2017-7169	2017-07-12	13.227	27.913	10.34	14.124
ADM001	48.03	-122.617	2017-7223	2017-08-23	13.488	29.374	8.247	4.732
ADM001	48.03	-122.617	2017-7227	2017-09-05	12.833	29.987	6.804	3.965
ADM001	48.03	-122.617	2017-7276	2017-10-05	12.46	30.119	6.389	2.491
ADM001	48.03	-122.617	2017-7323	2017-11-10	10.359	30.535	6.456	1.085
ADM001	48.03	-122.617	2017-7330	2017-12-06	9.774	29.504	7.437	0.905
ADM001	48.03	-122.617	2018-7399	2018-02-07	8.366	25.098	9.356	1.759
ADM001	48.03	-122.617	2018-7420	2018-03-07	8.068	27.982	9.998	6.875
ADM001	48.03	-122.617	2018-7466	2018-04-19	9.06	26.764		1.445
ADM001	48.03	-122.617	2018-7505	2018-05-02	9.872	27.976		7.243
ADM001	48.03	-122.617	2018-7529	2018-06-05	11.756	27.946		6.81
ADM001	48.03	-122.617	2018-7605	2018-08-08	13.112	29.843	7.545	2.09
ADM001	48.03	-122.617	2018-7639	2018-09-07	12.583	30.5	6.812	6.032
ADM001	48.03	-122.617	2018-7664	2018-10-03	12.048	30.828	6.004	1.363
ADM001	48.03	-122.617	2018-7702	2018-11-06	11.219	30.582	6.262	0.799
ADM001	48.03	-122.617	2018-7736	2018-12-04	10.122	30.213	6.098	0.788
ADM002	48.188	-122.842	2015-6193	2015-01-21	8.985	30.094	7.214	1.206
ADM002	48.188	-122.842	2015-6220	2015-02-11	9.315	29.708	7.75	1.39
ADM002	48.188	-122.842	2015-6263	2015-03-06	9.078	30.364	7.439	1.4
ADM002	48.188	-122.842	2015-6311	2015-04-16	9.464	30.217	8.154	2.342
ADM002	48.188	-122.842	2015-6340	2015-05-07	9.647	30.684	6.964	1.184
ADM002	48.188	-122.842	2015-6380	2015-06-17	10.889	30.61	7.21	1.875
ADM002	48.188	-122.842	2015-6426	2015-08-03	11.322	31.388	6.372	3.531
ADM002	48.188	-122.842	2015-6466	2015-09-10	11.548	31.493	5.713	1.668
ADM002	48.188	-122.842	2015-6510	2015-10-07	11.248	31.445		2.794
ADM002	48.188	-122.842	2015-6526	2015-11-02	10.736	30.994	6.058	1.243
ADM002	48.188	-122.842	2016-6599	2016-01-15	8.784	30.681	7.651	1.044
ADM002	48.188	-122.842	2016-6626	2016-02-01	8.883	29.351	8.338	1.032
ADM002	48.188	-122.842	2016-6739	2016-05-05	10.11	30.297	8.131	2.835
ADM002	48.188	-122.842	2016-6771	2016-06-07	10.472	30.75	6.966	1.876
ADM002	48.188	-122.842	2016-6799	2016-07-06	10.843	30.847	6.872	1.776
ADM002	48.188	-122.842	2016-6838	2016-08-09	10.942	30.826	5.681	1.791
ADM002	48.188	-122.842	2016-6890	2016-09-14	11.394	31.107	5.662	2.842
ADM002	48.188	-122.842	2016-6912	2016-10-10	11.52	31.072	5.967	1.231
ADM002	48.188	-122.842	2016-6952	2016-11-21	10.692	30.057	7.116	1.211
ADM002	48.188	-122.842	2017-7007	2017-02-07	7.612			0.862
ADM002	48.188	-122.842	2017-7036	2017-03-20	8.021	29.568	9.075	1.062
ADM002	48.188	-122.842	2017-7068	2017-04-11	8.585	29.885	8.836	2.073
ADM002	48.188	-122.842	2017-7077	2017-05-02	9.336	29.822	8.518	1.127
ADM002	48.188	-122.842	2017-7115	2017-06-06	10.091	30.196	7.325	1.769
ADM002	48.188	-122.842	2017-7170	2017-07-12	10.969	30.333	6.965	3.597
ADM002	48.188	-122.842	2017-7224	2017-08-23	11.252	30.956	5.997	1.646
ADM002	48.188	-122.842	2017-7228	2017-09-05	11.626	30.92	6.03	2.825
ADM002	48.188	-122.842	2017-7277	2017-10-05	10.764	31.333	5.25	2.002
ADM002	48.188	-122.842	2017-7324	2017-11-10	9.398	31.364	5.853	0.993
ADM002	48.188	-122.842	2017-7331	2017-12-06	9.393	30.021	7.86	0.921
ADM002	48.188	-122.842	2018-7400	2018-02-07	8.292	29.57	8.645	1.047
ADM002	48.188	-122.842	2018-7421	2018-03-07	7.76	30.695	7.894	0.968
ADM002	48.188	-122.842	2018-7467	2018-04-19	8.944	30.047		1.167
ADM002	48.188	-122.842	2018-7506	2018-05-02	9.258	30.417		1.721
ADM002	48.188	-122.842	2018-7530	2018-06-05	10.44	30.077		2.886
ADM002	48.188	-122.842	2018-7606	2018-08-08	12.159	30.555	6.951	1.688
ADM002	48.188	-122.842	2018-7640	2018-09-07	11.019	31.57	5.77	2.208
ADM002	48.188	-122.842	2018-7665	2018-10-03	11.079	30.978	5.918	2.267
ADM002	48.188	-122.842	2018-7703	2018-11-06	10.304	31.325	6.053	0.7
ADM002	48.188	-122.842	2018-7737	2018-12-04	9.385	31.227	6.447	0.772
ADM003	47.879	-122.482	2015-6188	2015-01-20	9.55	27.124	8.313	1.624
ADM003	47.879	-122.482	2015-6225	2015-02-12	9.702	22.581	9.358	2.854
ADM003	47.879	-122.482	2015-6258	2015-03-04	9.312	26.521	11.716	18.893
ADM003	47.879	-122.482	2015-6306	2015-04-15	10.354	27.229	11.919	13.884
ADM003	47.879	-122.482	2015-6345	2015-05-18	11.856	28.456	12.049	12.482
ADM003	47.879	-122.482	2015-6364	2015-06-08	14.106	27.901	10.279	3.871
ADM003	47.879	-122.482	2015-6409	2015-07-07	15.184	29.046	9.35	2.472
ADM003	47.879	-122.482	2015-6449	2015-08-13	14.557	30.037	9.0	4.541
ADM003	47.879	-122.482	2015-6471	2015-09-14	14.663	29.815	8.164	5.097
ADM003	47.879	-122.482	2015-6498	2015-10-01	13.083	30.394	6.802	2.293
ADM003	47.879	-122.482	2015-6545	2015-11-10	11.562	25.819	7.953	1.958
ADM003	47.879	-122.482	2015-6579	2015-12-17	9.213	25.093		1.035
ADM003	47.879	-122.482	2016-6594	2016-01-14	9.515	29.323	7.621	0.675
ADM003	47.879	-122.482	2016-6638	2016-02-11	9.061	28.358	8.471	1.294
ADM003	47.879	-122.482	2016-6673	2016-03-18	9.104	23.27	10.696	7.152
ADM003	47.879	-122.482	2016-6705	2016-04-11	10.436	28.103	9.818	3.924
ADM003	47.879	-122.482	2016-6732	2016-05-02	12.37	25.64	12.66	12.988
ADM003	47.879	-122.482	2016-6772	2016-06-07	13.624	26.65	11.346	11.431
ADM003	47.879	-122.482	2016-6812	2016-07-11	14.512	27.649	11.091	9.751
ADM003	47.879	-122.482	2016-6843	2016-08-22	13.746	30.047	8.406	5.98
ADM003	47.879	-122.482	2016-6908	2016-09-29	13.54	29.059	7.991	6.385
ADM003	47.879	-122.482	2016-6953	2016-11-21	10.992	29.156	7.387	4.384
ADM003	47.879	-122.482	2017-6990	2017-01-24	8.332	26.388	8.877	1.624
ADM003	47.879	-122.482	2017-7040	2017-03-30	8.57	25.919		4.126
ADM003	47.879	-122.482	2017-7071	2017-04-28	9.849	25.713	10.685	3.42
ADM003	47.879	-122.482	2017-7108	2017-05-25	12.632	25.178	13.586	11.111
ADM003	47.879	-122.482	2017-7146	2017-06-21	12.402	24.729	10.124	3.579
ADM003	47.879	-122.482	2017-7177	2017-07-19	14.03	27.977	11.157	10.097
ADM003	47.879	-122.482	2017-7201	2017-08-14	14.213	28.765	9.63	8.684
ADM003	47.879	-122.482	2017-7246	2017-09-12	13.627	29.604	6.926	1.279
ADM003	47.879	-122.482	2017-7284	2017-10-06	12.779	30.227	7.215	4.265
ADM003	47.879	-122.482	2017-7314	2017-11-06	10.651	29.426	7.019	1.398
ADM003	47.879	-122.482	2017-7347	2017-12-11	8.531	25.988	8.522	1.306
ADM003	47.879	-122.482	2018-7403	2018-02-15	8.255	26.941	8.869	1.356
ADM003	47.879	-122.482	2018-7442	2018-03-12	8.484	26.127	13.121	22.481
ADM003	47.879	-122.482	2018-7455	2018-04-03	8.672	28.348	8.899	0.687
ADM003	47.879	-122.482	2018-7494	2018-05-01	10.603	26.842	13.374	8.645
ADM003	47.879	-122.482	2018-7578	2018-07-16	14.123	28.363	10.02	8.318
ADM003	47.879	-122.482	2018-7621	2018-08-27	13.98	29.054	7.47	4.942
ADM003	47.879	-122.482	2018-7688	2018-10-12	12.268	30.203	6.418	2.476
ADM003	47.879	-122.482	2018-7715	2018-11-13	10.798	28.853	6.929	1.886
BLL009	48.687	-122.598	2015-6194	2015-01-21	7.964	26.668	8.763	1.787
BLL009	48.687	-122.598	2015-6230	2015-02-17	8.988	28.565	8.453	1.501
BLL009	48.687	-122.598	2015-6277	2015-03-24	9.386	27.144	9.808	3.582
BLL009	48.687	-122.598	2015-6323	2015-04-29	10.547	28.137	10.197	10.483
BLL009	48.687	-122.598	2015-6373	2015-06-15	16.266	24.639	10.123	1.199
BLL009	48.687	-122.598	2015-6401	2015-07-06	14.635	28.131	9.17	2.834
BLL009	48.687	-122.598	2015-6441	2015-08-11	14.874	29.188	10.269	6.847
BLL009	48.687	-122.598	2015-6484	2015-09-21	14.064	28.746	10.417	4.362
BLL009	48.687	-122.598	2015-6531	2015-11-03	11.075	27.803	8.247	1.705
BLL009	48.687	-122.598	2015-6572	2015-12-16	7.819	25.954		1.348
BLL009	48.687	-122.598	2016-6619	2016-01-25	8.014	27.826	9.28	1.628
BLL009	48.687	-122.598	2016-6652	2016-02-22	8.356	26.677	9.465	1.991
BLL009	48.687	-122.598	2016-6680	2016-03-22	9.189	28.467	9.831	3.843
BLL009	48.687	-122.598	2016-6715	2016-04-18	10.511	28.264	8.548	0.787
BLL009	48.687	-122.598	2016-6754	2016-05-17	12.798	28.083	11.164	26.058
BLL009	48.687	-122.598	2016-6800	2016-07-06	15.688	27.342	9.472	1.986
BLL009	48.687	-122.598	2016-6850	2016-08-23	16.522	27.7	9.249	5.664
BLL009	48.687	-122.598	2016-6876	2016-09-12	15.013	28.199	9.791	4.737
BLL009	48.687	-122.598	2017-6993	2017-01-26	6.469	27.621	9.597	1.759
BLL009	48.687	-122.598	2017-7021	2017-02-28	7.294	29.085	8.803	0.754
BLL009	48.687	-122.598	2017-7050	2017-04-04	8.915	26.235		2.162
BLL009	48.687	-122.598	2017-7089	2017-05-09	10.873	26.868	13.346	18.178
BLL009	48.687	-122.598	2017-7137	2017-06-14	13.875	24.718	10.762	9.695
BLL009	48.687	-122.598	2017-7172	2017-07-18	16.056	26.339	10.611	2.43
BLL009	48.687	-122.598	2017-7211	2017-08-22	13.604	28.743	6.626	3.343
BLL009	48.687	-122.598	2017-7253	2017-09-13	13.01	28.888	6.943	1.452
BLL009	48.687	-122.598	2017-7289	2017-10-23	10.727	27.188	9.916	8.656
BLL009	48.687	-122.598	2017-7334	2017-12-07	8.53	29.045	7.977	0.491
BLL009	48.687	-122.598	2018-7422	2018-03-07	6.458	27.857	10.641	1.592
BLL009	48.687	-122.598	2018-7481	2018-04-24	9.594	27.917	9.787	3.497
BLL009	48.687	-122.598	2018-7520	2018-05-23	11.37	28.209	10.04	12.412
BLL009	48.687	-122.598	2018-7549	2018-06-12	13.083	25.324	11.102	13.462
BLL009	48.687	-122.598	2018-7583	2018-07-17	13.733	28.177	9.075	6.195
BLL009	48.687	-122.598	2018-7601	2018-08-07	16.74	27.389	10.473	5.231
BLL009	48.687	-122.598	2018-7626	2018-09-05	14.359	28.603	8.445	2.416
BLL009	48.687	-122.598	2018-7675	2018-10-05	11.948	28.817	9.627	6.876
BLL009	48.687	-122.598	2018-7713	2018-11-08	10.021	28.281	6.753	0.89
BLL009	48.687	-122.598	2018-7746	2018-12-06	7.973	29.02	7.606	1.202
BLL040	48.684	-122.538	2016-6716	2016-04-18	10.437	28.843	9.258	1.064
BLL040	48.684	-122.538	2016-6755	2016-05-17	12.9	27.834	11.679	25.455
BLL040	48.684	-122.538	2016-6801	2016-07-06	15.01	27.632	9.686	3.332
BLL040	48.684	-122.538	2016-6851	2016-08-23	14.731	28.558	8.052	3.463
BLL040	48.684	-122.538	2016-6877	2016-09-12	13.837	29.942	10.093	2.636
BLL040	48.684	-122.538	2017-6994	2017-01-26	7.04	28.842	9.297	1.367
BLL040	48.684	-122.538	2017-7022	2017-02-28	7.158	28.978	9.445	1.98
BLL040	48.684	-122.538	2017-7051	2017-04-04	8.251	28.33	8.215	2.14
BLL040	48.684	-122.538	2017-7138	2017-06-14	12.835	25.637	10.885	17.099
BLL040	48.684	-122.538	2017-7173	2017-07-18	16.261	25.902	10.438	2.035
BLL040	48.684	-122.538	2017-7254	2017-09-13	13.047	29.189	6.312	1.819
BLL040	48.684	-122.538	2017-7290	2017-10-23	10.658	27.516	8.983	8.395
BLL040	48.684	-122.538	2017-7335	2017-12-07	8.623	29.404	8.293	0.693
BLL040	48.684	-122.538	2018-7423	2018-03-07	6.993	29.484	9.772	2.564
BLL040	48.684	-122.538	2018-7482	2018-04-24	10.081	28.201	9.802	2.605
BLL040	48.684	-122.538	2018-7521	2018-05-23	13.08	27.336	13.18	23.771
BLL040	48.684	-122.538	2018-7550	2018-06-12	13.503	27.357	13.75	33.11
BLL040	48.684	-122.538	2018-7584	2018-07-17	14.735	27.819	10.331	3.987
BLL040	48.684	-122.538	2018-7602	2018-08-07	16.307	28.708	11.837	7.582
BLL040	48.684	-122.538	2018-7627	2018-09-05	14.327	29.33	9.059	3.596
BLL040	48.684	-122.538	2018-7676	2018-10-05	12.21	29.376	9.165	8.267
BLL040	48.684	-122.538	2018-7714	2018-11-08	10.361	28.612	7.729	0.873
BLL040	48.684	-122.538	2018-7747	2018-12-06	8.385	29.551	7.415	1.246
BUD005	47.092	-122.917	2015-6204	2015-01-22	9.423	26.825	7.977	1.408
BUD005	47.092	-122.917	2015-6236	2015-02-18	10.072	25.619	8.512	2.76
BUD005	47.092	-122.917	2015-6267	2015-03-17	10.337	26.554		2.312
BUD005	47.092	-122.917	2015-6298	2015-04-08	11.176	27.353	14.604	48.629
BUD005	47.092	-122.917	2015-6329	2015-05-04	13.412	26.982	12.941	3.274
BUD005	47.092	-122.917	2015-6355	2015-06-04	13.583	28.406	11.328	10.234
BUD005	47.092	-122.917	2015-6392	2015-07-01	16.306	28.758	13.012	70.278
BUD005	47.092	-122.917	2015-6430	2015-08-04	17.104	29.213	11.68	71.06
BUD005	47.092	-122.917	2015-6477	2015-09-15	15.812	29.753	8.366	15.86
BUD005	47.092	-122.917	2015-6503	2015-10-06	15.512	29.65	6.964	12.219
BUD005	47.092	-122.917	2015-6538	2015-11-09	13.139	29.28	7.259	3.774
BUD005	47.092	-122.917	2015-6564	2015-12-14	9.81	25.91		1.336
BUD005	47.092	-122.917	2016-6603	2016-01-19	9.144	26.841	8.069	1.721
BUD005	47.092	-122.917	2016-6643	2016-02-17	9.527	26.338	8.229	2.329
BUD005	47.092	-122.917	2016-6666	2016-03-17	9.323	25.104	8.894	3.037
BUD005	47.092	-122.917	2016-6697	2016-04-07	11.063	26.25	15.329	17.708
BUD005	47.092	-122.917	2016-6743	2016-05-10	13.369	27.292	12.009	7.169
BUD005	47.092	-122.917	2016-6782	2016-06-08	15.265	27.71	11.187	8.281
BUD005	47.092	-122.917	2016-6831	2016-07-22	15.975	28.632	13.669	71.075
BUD005	47.092	-122.917	2016-6869	2016-08-30	16.828	29.202	9.427	123.829
BUD005	47.092	-122.917	2016-6896	2016-09-22	15.806	29.344	8.234	30.483
BUD005	47.092	-122.917	2016-6913	2016-10-10	14.243	29.489	8.389	7.38
BUD005	47.092	-122.917	2016-6940	2016-11-09	12.927	28.377	7.301	15.831
BUD005	47.092	-122.917	2016-6965	2016-12-07	9.48	27.032	8.59	1.52
BUD005	47.092	-122.917	2017-6979	2017-01-11	6.805	27.753	9.233	1.908
BUD005	47.092	-122.917	2017-7025	2017-03-08	7.5	27.071		2.505
BUD005	47.092	-122.917	2017-7057	2017-04-05	9.129	26.348		4.084
BUD005	47.092	-122.917	2017-7100	2017-05-19	11.574	26.588	14.222	25.987
BUD005	47.092	-122.917	2017-7130	2017-06-09	12.394	27.454	11.299	8.486
BUD005	47.092	-122.917	2017-7159	2017-07-07	15.278	27.746	14.13	34.37
BUD005	47.092	-122.917	2017-7190	2017-08-10	16.838	28.125	11.047	15.923
BUD005	47.092	-122.917	2017-7239	2017-09-07	16.39	28.855	10.379	41.241
BUD005	47.092	-122.917	2017-7265	2017-10-04	15.053	29.065	7.798	33.892
BUD005	47.092	-122.917	2017-7308	2017-11-03	12.139	29.157	6.868	20.969
BUD005	47.092	-122.917	2017-7340	2017-12-08	9.807	27.72	7.194	1.305
BUD005	47.092	-122.917	2018-7369	2018-01-12	8.764	27.58	8.124	1.549
BUD005	47.092	-122.917	2018-7388	2018-02-02	8.565	26.41	8.649	1.264
BUD005	47.092	-122.917	2018-7435	2018-03-09	8.157	27.611	9.563	3.513
BUD005	47.092	-122.917	2018-7474	2018-04-20	10.031	26.552	9.978	2.451
BUD005	47.092	-122.917	2018-7513	2018-05-14	12.692	27.584	13.707	4.99
BUD005	47.092	-122.917	2018-7542	2018-06-08	13.487	28.15	11.421	19.971
BUD005	47.092	-122.917	2018-7560	2018-07-10	14.794	28.638	13.362	85.7
BUD005	47.092	-122.917	2018-7590	2018-08-02	16.886	28.764	11.775	9.364
BUD005	47.092	-122.917	2018-7641	2018-09-07	16.689	28.904	10.206	43.685
BUD005	47.092	-122.917	2018-7677	2018-10-09	14.156	29.52	8.158	27.7
BUD005	47.092	-122.917	2018-7722	2018-11-15	11.794	29.857	7.667	9.344
BUD005	47.092	-122.917	2018-7753	2018-12-10	10.178	29.378	7.295	3.904
CMB003	47.29	-122.448	2015-6189	2015-01-20	9.673	25.547	8.207	1.515
CMB003	47.29	-122.448	2015-6226	2015-02-12	9.792	27.69	7.67	1.209
CMB003	47.29	-122.448	2015-6259	2015-03-04	9.675	28.095		0.762
CMB003	47.29	-122.448	2015-6307	2015-04-15	10.181	28.187	9.708	9.643
CMB003	47.29	-122.448	2015-6346	2015-05-18	11.628	27.614	11.996	18.609
CMB003	47.29	-122.448	2015-6365	2015-06-08	13.261	27.593	10.741	9.342
CMB003	47.29	-122.448	2015-6410	2015-07-07	14.685	27.561	9.435	9.662
CMB003	47.29	-122.448	2015-6450	2015-08-13	14.896	29.267	9.424	5.61
CMB003	47.29	-122.448	2015-6472	2015-09-14	14.191	29.421	7.426	6.858
CMB003	47.29	-122.448	2015-6499	2015-10-01	13.646	30.256	6.793	1.462
CMB003	47.29	-122.448	2015-6546	2015-11-10	12.532	29.861	6.19	1.122
CMB003	47.29	-122.448	2015-6580	2015-12-17	10.546	26.069	7.839	0.883
CMB003	47.29	-122.448	2016-6595	2016-01-14	9.664	28.215	7.794	0.964
CMB003	47.29	-122.448	2016-6639	2016-02-11	9.218	26.73	8.229	1.785
CMB003	47.29	-122.448	2016-6674	2016-03-18	9.281	27.432	8.994	5.637
CMB003	47.29	-122.448	2016-6706	2016-04-11	10.173	26.841	9.751	3.656
CMB003	47.29	-122.448	2016-6733	2016-05-02	12.556	26.622	14.883	19.767
CMB003	47.29	-122.448	2016-6773	2016-06-07	12.894	28.332	11.58	7.363
CMB003	47.29	-122.448	2016-6813	2016-07-11	13.462	26.989	9.008	4.907
CMB003	47.29	-122.448	2016-6844	2016-08-22	14.116	28.95	7.927	8.591
CMB003	47.29	-122.448	2016-6891	2016-09-14	14.037	29.546	7.336	4.151
CMB003	47.29	-122.448	2016-6935	2016-10-24	12.362	28.566	6.383	1.727
CMB003	47.29	-122.448	2016-6961	2016-11-29	11.642	29.191	6.811	0.941
CMB003	47.29	-122.448	2016-6975	2016-12-30	10.203	28.895	7.506	0.654
CMB003	47.29	-122.448	2017-7017	2017-02-27	8.1	28.128	8.427	1.223
CMB003	47.29	-122.448	2017-7041	2017-03-30	8.181	25.03		1.484
CMB003	47.29	-122.448	2017-7072	2017-04-28	9.045	26.871	9.611	2.682
CMB003	47.29	-122.448	2017-7109	2017-05-25	11.781	25.14	14.161	22.851
CMB003	47.29	-122.448	2017-7147	2017-06-21	12.041			14.144
CMB003	47.29	-122.448	2017-7178	2017-07-19	15.033	27.645	13.292	17.385
CMB003	47.29	-122.448	2017-7202	2017-08-14	13.807	28.426	9.033	12.286
CMB003	47.29	-122.448	2017-7247	2017-09-12	14.066	28.81	6.261	2.014
CMB003	47.29	-122.448	2017-7285	2017-10-06	12.976	29.772	6.34	6.858
CMB003	47.29	-122.448	2017-7315	2017-11-06	11.426	29.665	6.544	1.277
CMB003	47.29	-122.448	2017-7348	2017-12-11	9.992	28.971	7.288	1.25
CMB003	47.29	-122.448	2018-7380	2018-01-23	8.966	28.426	7.795	0.679
CMB003	47.29	-122.448	2018-7404	2018-02-15	8.278	26.63	9.007	1.922
CMB003	47.29	-122.448	2018-7443	2018-03-12	8.704	27.573	8.859	2.611
CMB003	47.29	-122.448	2018-7456	2018-04-03	8.445	26.955	9.249	2.072
CMB003	47.29	-122.448	2018-7495	2018-05-01	9.824	26.838	10.502	3.61
CMB003	47.29	-122.448	2018-7531	2018-06-05	11.643	27.589	11.732	9.098
CMB003	47.29	-122.448	2018-7579	2018-07-16	13.201	28.451	7.764	2.42
CMB003	47.29	-122.448	2018-7622	2018-08-27	13.54	27.101	7.306	2.87
CMB003	47.29	-122.448	2018-7658	2018-09-26	13.909	29.337	6.396	4.489
CMB003	47.29	-122.448	2018-7689	2018-10-12	12.916	29.698	6.103	1.892
CMB003	47.29	-122.448	2018-7716	2018-11-13	11.266	29.372	6.704	2.12
CRR001	47.277	-122.708	2015-6205	2015-01-22	9.354	28.203	8.556	2.903
CRR001	47.277	-122.708	2015-6237	2015-02-18	9.654	27.973	8.835	2.505
CRR001	47.277	-122.708	2015-6268	2015-03-17	10.135	27.97		6.953
CRR001	47.277	-122.708	2015-6299	2015-04-08	10.491	28.266	10.682	6.345
CRR001	47.277	-122.708	2015-6330	2015-05-04	13.02	28.309	12.02	2.267
CRR001	47.277	-122.708	2015-6356	2015-06-04	13.209	28.689	11.013	2.949
CRR001	47.277	-122.708	2015-6393	2015-07-01	16.204	29.138	11.058	2.753
CRR001	47.277	-122.708	2015-6431	2015-08-04	16.163	29.484	9.81	6.655
CRR001	47.277	-122.708	2015-6478	2015-09-15	14.74	30.009	7.043	8.54
CRR001	47.277	-122.708	2015-6504	2015-10-06	14.857	30.1	12.531	55.79
CRR001	47.277	-122.708	2015-6539	2015-11-09	12.874	30.16	7.202	2.952
CRR001	47.277	-122.708	2015-6565	2015-12-14	10.783	28.885		0.899
CRR001	47.277	-122.708	2016-6604	2016-01-19	9.324	28.423	8.121	1.86
CRR001	47.277	-122.708	2016-6644	2016-02-17	9.512	27.855	8.871	3.785
CRR001	47.277	-122.708	2016-6675	2016-03-18	9.147	27.823	8.785	2.712
CRR001	47.277	-122.708	2016-6698	2016-04-07	10.522	27.605	11.864	5.03
CRR001	47.277	-122.708	2016-6744	2016-05-10	11.591	28.032	10.685	4.12
CRR001	47.277	-122.708	2016-6783	2016-06-08	13.658	28.298	13.751	24.661
CRR001	47.277	-122.708	2016-6832	2016-07-22	14.479	29.059	9.872	12.129
CRR001	47.277	-122.708	2016-6870	2016-08-30	15.923	29.558	10.135	12.011
CRR001	47.277	-122.708	2016-6897	2016-09-22	14.739	29.716	8.332	11.031
CRR001	47.277	-122.708	2016-6914	2016-10-10	13.883	29.915	8.123	7.322
CRR001	47.277	-122.708	2016-6941	2016-11-09	12.863	29.525	8.095	5.585
CRR001	47.277	-122.708	2016-6966	2016-12-07	11.29	29.478	7.276	0.586
CRR001	47.277	-122.708	2017-6980	2017-01-11	8.713	29.093	8.379	0.707
CRR001	47.277	-122.708	2017-7026	2017-03-08	7.556	28.277		1.147
CRR001	47.277	-122.708	2017-7058	2017-04-05	9.153	27.486		3.581
CRR001	47.277	-122.708	2017-7101	2017-05-19	11.915	27.353	12.769	0.81
CRR001	47.277	-122.708	2017-7131	2017-06-09	12.573	27.866	11.434	7.477
CRR001	47.277	-122.708	2017-7160	2017-07-07	14.603	28.209	12.472	5.564
CRR001	47.277	-122.708	2017-7191	2017-08-10	15.126	28.709	11.576	5.556
CRR001	47.277	-122.708	2017-7240	2017-09-07	16.174	29.11	13.127	18.245
CRR001	47.277	-122.708	2017-7266	2017-10-04	14.036	29.526	9.339	17.314
CRR001	47.277	-122.708	2017-7309	2017-11-03	12.294	29.983	6.111	0.847
CRR001	47.277	-122.708	2017-7341	2017-12-08	9.53	29.257	8.096	2.07
CRR001	47.277	-122.708	2018-7370	2018-01-12	9.154	28.6	8.117	1.086
CRR001	47.277	-122.708	2018-7389	2018-02-02	8.456	28.275	9.072	1.577
CRR001	47.277	-122.708	2018-7436	2018-03-09	8.144	28.409	9.636	3.431
CRR001	47.277	-122.708	2018-7475	2018-04-20	10.412	28.089	15.196	15.565
CRR001	47.277	-122.708	2018-7514	2018-05-14	13.444	28.338	15.536	6.116
CRR001	47.277	-122.708	2018-7543	2018-06-08	13.135	28.647	13.335	23.454
CRR001	47.277	-122.708	2018-7561	2018-07-10	14.791	28.94	12.572	25.623
CRR001	47.277	-122.708	2018-7591	2018-08-02	15.024	29.238	11.339	11.77
CRR001	47.277	-122.708	2018-7642	2018-09-07	16.128	29.53	10.694	6.054
CRR001	47.277	-122.708	2018-7678	2018-10-09	13.608	29.965	8.207	16.946
CRR001	47.277	-122.708	2018-7723	2018-11-15	11.979	30.409	6.452	0.915
CRR001	47.277	-122.708	2018-7754	2018-12-10	10.787	30.294	6.66	0.761
CSE001	47.265	-122.843	2015-6206	2015-01-22	9.429	27.787	7.911	1.14
CSE001	47.265	-122.843	2015-6238	2015-02-18	9.818	27.542	8.169	2.015
CSE001	47.265	-122.843	2015-6269	2015-03-17	10.372	27.383	7.907	1.776
CSE001	47.265	-122.843	2015-6300	2015-04-08	10.918	27.667	11.125	12.837
CSE001	47.265	-122.843	2015-6331	2015-05-04	12.311	28.014	12.902	9.578
CSE001	47.265	-122.843	2015-6357	2015-06-04	15.082	28.086	12.265	8.29
CSE001	47.265	-122.843	2015-6394	2015-07-01	17.823	28.8	13.968	41.296
CSE001	47.265	-122.843	2015-6432	2015-08-04	16.543	29.35	10.495	17.974
CSE001	47.265	-122.843	2015-6479	2015-09-15	15.721	29.808	9.987	23.915
CSE001	47.265	-122.843	2015-6505	2015-10-06	15.113	29.991	8.796	13.035
CSE001	47.265	-122.843	2015-6566	2015-12-14	10.299	27.487		1.061
CSE001	47.265	-122.843	2016-6605	2016-01-19	9.318	27.938	8.092	1.84
CSE001	47.265	-122.843	2016-6645	2016-02-17	9.495	27.278	8.285	2.764
CSE001	47.265	-122.843	2016-6667	2016-03-17	9.175	26.177	8.938	1.44
CSE001	47.265	-122.843	2016-6699	2016-04-07	11.645	26.418	15.331	19.634
CSE001	47.265	-122.843	2016-6745	2016-05-10	12.223	27.622	11.413	11.124
CSE001	47.265	-122.843	2016-6784	2016-06-08	14.368	28.063	11.968	15.926
CSE001	47.265	-122.843	2016-6833	2016-07-22	15.635	28.818	9.214	14.71
CSE001	47.265	-122.843	2016-6871	2016-08-30	16.575	29.321	9.813	12.55
CSE001	47.265	-122.843	2016-6898	2016-09-22	14.901	29.719	6.83	3.432
CSE001	47.265	-122.843	2016-6915	2016-10-10	14.36	29.727	7.576	3.259
CSE001	47.265	-122.843	2016-6942	2016-11-09	13.062	28.231	7.473	4.752
CSE001	47.265	-122.843	2016-6967	2016-12-07	10.282	28.442	8.09	1.486
CSE001	47.265	-122.843	2017-6981	2017-01-11	8.079	28.649	8.559	0.91
CSE001	47.265	-122.843	2017-7027	2017-03-08	7.335	27.271		1.34
CSE001	47.265	-122.843	2017-7059	2017-04-05	9.168	26.428		3.457
CSE001	47.265	-122.843	2017-7102	2017-05-19	11.311	26.961	13.85	9.538
CSE001	47.265	-122.843	2017-7132	2017-06-09	13.322	27.389	12.593	18.723
CSE001	47.265	-122.843	2017-7161	2017-07-07	14.971	27.866	10.283	12.913
CSE001	47.265	-122.843	2017-7192	2017-08-10	17.636	28.363	11.808	11.679
CSE001	47.265	-122.843	2017-7241	2017-09-07	16.123	28.939	8.778	6.329
CSE001	47.265	-122.843	2017-7267	2017-10-04	14.241	29.446	7.669	6.06
CSE001	47.265	-122.843	2017-7310	2017-11-03	12.307	29.681	6.961	3.292
CSE001	47.265	-122.843	2017-7342	2017-12-08	10.172	28.829	6.992	0.968
CSE001	47.265	-122.843	2018-7371	2018-01-12	8.825	28.022	8.406	1.418
CSE001	47.265	-122.843	2018-7390	2018-02-02	8.486	26.989	8.901	1.828
CSE001	47.265	-122.843	2018-7437	2018-03-09	7.977	28.032	9.011	1.064
CSE001	47.265	-122.843	2018-7476	2018-04-20	9.787	27.393	10.3	1.667
CSE001	47.265	-122.843	2018-7515	2018-05-14	13.956	27.707	12.415	2.526
CSE001	47.265	-122.843	2018-7544	2018-06-08	13.634	28.245	11.021	9.3
CSE001	47.265	-122.843	2018-7562	2018-07-10	15.637	28.666	11.627	18.216
CSE001	47.265	-122.843	2018-7592	2018-08-02	15.43	29.077	10.759	20.839
CSE001	47.265	-122.843	2018-7643	2018-09-07	16.091	29.45	10.545	21.328
CSE001	47.265	-122.843	2018-7679	2018-10-09	14.356	29.804	8.401	11.669
CSE001	47.265	-122.843	2018-7724	2018-11-15	11.982	30.128	7.272	4.099
CSE001	47.265	-122.843	2018-7755	2018-12-10	10.441	29.899	7.144	1.272
DNA001	47.162	-122.87	2015-6207	2015-01-22	9.591	27.723	7.734	1.103
DNA001	47.162	-122.87	2015-6239	2015-02-18	9.876	27.322	7.816	1.78
DNA001	47.162	-122.87	2015-6270	2015-03-17	10.029	27.492		2.41
DNA001	47.162	-122.87	2015-6301	2015-04-08	10.546	27.752	9.576	8.577
DNA001	47.162	-122.87	2015-6332	2015-05-04	11.81	28.076	10.752	6.711
DNA001	47.162	-122.87	2015-6358	2015-06-04	12.713	28.637	9.203	4.523
DNA001	47.162	-122.87	2015-6395	2015-07-01	15.168	28.995	9.838	11.9
DNA001	47.162	-122.87	2015-6433	2015-08-04	15.795	29.461	8.229	5.17
DNA001	47.162	-122.87	2015-6480	2015-09-15	15.443	29.835	7.721	6.306
DNA001	47.162	-122.87	2015-6506	2015-10-06	14.962	30.031	8.328	10.249
DNA001	47.162	-122.87	2015-6540	2015-11-09	13.145	29.75	6.554	1.526
DNA001	47.162	-122.87	2015-6567	2015-12-14	10.446	27.562		0.92
DNA001	47.162	-122.87	2016-6606	2016-01-19	9.266	27.585	7.965	1.402
DNA001	47.162	-122.87	2016-6646	2016-02-17	9.455	27.407	8.293	1.589
DNA001	47.162	-122.87	2016-6668	2016-03-17	9.107	26.277	8.859	1.528
DNA001	47.162	-122.87	2016-6700	2016-04-07	10.255	27.048	10.371	7.766
DNA001	47.162	-122.87	2016-6746	2016-05-10	12.099	27.696	9.728	3.584
DNA001	47.162	-122.87	2016-6785	2016-06-08	14.157	28.133	10.08	9.738
DNA001	47.162	-122.87	2016-6834	2016-07-22	14.938	28.907	8.196	4.392
DNA001	47.162	-122.87	2016-6872	2016-08-30	16.05	29.421	7.63	4.285
DNA001	47.162	-122.87	2016-6899	2016-09-22	14.787	29.754	6.881	3.506
DNA001	47.162	-122.87	2016-6916	2016-10-10	14.013	29.748	7.036	3.33
DNA001	47.162	-122.87	2016-6943	2016-11-09	12.778	29.161	6.457	3.203
DNA001	47.162	-122.87	2016-6968	2016-12-07	10.497	28.665	7.885	1.253
DNA001	47.162	-122.87	2017-6982	2017-01-11	7.702	28.335	8.703	0.988
DNA001	47.162	-122.87	2017-7028	2017-03-08	7.651	27.756		1.17
DNA001	47.162	-122.87	2017-7060	2017-04-05	8.926	26.857		2.54
DNA001	47.162	-122.87	2017-7103	2017-05-19	10.936	27.2	12.958	10.049
DNA001	47.162	-122.87	2017-7133	2017-06-09	12.805	27.395	10.56	7.557
DNA001	47.162	-122.87	2017-7162	2017-07-07	13.896	28.117	8.849	3.596
DNA001	47.162	-122.87	2017-7193	2017-08-10	15.753	28.55	8.661	5.503
DNA001	47.162	-122.87	2017-7242	2017-09-07	15.428	29.05	7.448	3.028
DNA001	47.162	-122.87	2017-7268	2017-10-04	14.523	29.38	7.367	5.722
DNA001	47.162	-122.87	2017-7311	2017-11-03	12.231	29.532	6.702	2.232
DNA001	47.162	-122.87	2017-7343	2017-12-08	10.154	28.749	6.841	0.8
DNA001	47.162	-122.87	2018-7372	2018-01-12	8.918	27.74	7.956	1.015
DNA001	47.162	-122.87	2018-7391	2018-02-02	8.699	27.751	8.085	0.93
DNA001	47.162	-122.87	2018-7438	2018-03-09	8.228	27.117	9.734	1.779
DNA001	47.162	-122.87	2018-7477	2018-04-20	9.712	27.228	10.104	4.173
DNA001	47.162	-122.87	2018-7516	2018-05-14	11.638	28.142	11.067	4.178
DNA001	47.162	-122.87	2018-7545	2018-06-08	12.701	28.374	9.562	5.367
DNA001	47.162	-122.87	2018-7563	2018-07-10	14.287	28.767	9.25	4.426
DNA001	47.162	-122.87	2018-7593	2018-08-02	15.116	29.119	8.659	5.349
DNA001	47.162	-122.87	2018-7644	2018-09-07	15.374	29.514	8.785	9.345
DNA001	47.162	-122.87	2018-7680	2018-10-09	13.89	29.831	7.233	5.945
DNA001	47.162	-122.87	2018-7725	2018-11-15	11.821	30.033	7.22	5.413
DNA001	47.162	-122.87	2018-7756	2018-12-10	10.192	29.673	7.252	1.645
EAP001	47.417	-122.38	2015-6190	2015-01-20	9.72	28.297	8.43	2.113
EAP001	47.417	-122.38	2015-6227	2015-02-12	9.872	28.322	8.485	3.705
EAP001	47.417	-122.38	2015-6260	2015-03-04	9.384	28.09	9.389	7.266
EAP001	47.417	-122.38	2015-6308	2015-04-15	10.122	28.481	10.399	10.332
EAP001	47.417	-122.38	2015-6347	2015-05-18	11.422	28.989	12.185	18.435
EAP001	47.417	-122.38	2015-6366	2015-06-08	12.19	29.383	8.72	0.93
EAP001	47.417	-122.38	2015-6411	2015-07-07	14.036	29.594	8.251	0.797
EAP001	47.417	-122.38	2015-6451	2015-08-13	15.389	29.974	11.115	12.514
EAP001	47.417	-122.38	2015-6473	2015-09-14	14.401	30.364	8.789	12.899
EAP001	47.417	-122.38	2015-6500	2015-10-01	13.528	30.531	6.376	0.991
EAP001	47.417	-122.38	2015-6547	2015-11-10	12.116	29.857	7.282	2.896
EAP001	47.417	-122.38	2015-6581	2015-12-17	10.298	28.508		1.185
EAP001	47.417	-122.38	2016-6596	2016-01-14	9.712	29.008	7.784	0.952
EAP001	47.417	-122.38	2016-6640	2016-02-11	9.24	28.548	8.155	1.756
EAP001	47.417	-122.38	2016-6676	2016-03-18	9.263	28.305	8.954	2.204
EAP001	47.417	-122.38	2016-6707	2016-04-11	10.146	28.163	9.582	2.567
EAP001	47.417	-122.38	2016-6734	2016-05-02	12.004	27.634	13.915	25.51
EAP001	47.417	-122.38	2016-6774	2016-06-07	12.496	28.911	9.963	3.261
EAP001	47.417	-122.38	2016-6814	2016-07-11	13.405	29.082	9.932	11.681
EAP001	47.417	-122.38	2016-6845	2016-08-22	13.734	29.9	7.792	5.323
EAP001	47.417	-122.38	2016-6892	2016-09-14	14.025	30.11	7.561	4.837
EAP001	47.417	-122.38	2016-6936	2016-10-24	12.467	29.491	7.534	4.446
EAP001	47.417	-122.38	2016-6962	2016-11-29	11.383	29.524	7.378	1.58
EAP001	47.417	-122.38	2016-6976	2016-12-30	9.937	29.346	7.923	0.761
EAP001	47.417	-122.38	2017-7018	2017-02-27	7.752	28.336	9.081	1.889
EAP001	47.417	-122.38	2017-7042	2017-03-30	8.333	27.846		1.648
EAP001	47.417	-122.38	2017-7073	2017-04-28	9.21	27.983	11.122	5.112
EAP001	47.417	-122.38	2017-7110	2017-05-25	11.928	26.84	14.695	27.936
EAP001	47.417	-122.38	2017-7148	2017-06-21	11.757	28.415	10.916	11.363
EAP001	47.417	-122.38	2017-7179	2017-07-19	14.167	28.769	13.131	18.955
EAP001	47.417	-122.38	2017-7203	2017-08-14	14.231	29.174	11.391	18.261
EAP001	47.417	-122.38	2017-7248	2017-09-12	13.768	29.784	7.654	2.384
EAP001	47.417	-122.38	2017-7286	2017-10-06	12.905	30.182	7.051	4.238
EAP001	47.417	-122.38	2017-7316	2017-11-06	11.406	30.192	6.469	10.683
EAP001	47.417	-122.38	2017-7349	2017-12-11	9.743	29.276	7.546	1.69
EAP001	47.417	-122.38	2018-7381	2018-01-23	8.858	28.976	8.066	0.827
EAP001	47.417	-122.38	2018-7405	2018-02-15	8.16	26.464	9.453	2.447
EAP001	47.417	-122.38	2018-7444	2018-03-12	8.555	28.897	8.937	1.261
EAP001	47.417	-122.38	2018-7457	2018-04-03	8.563	29.052	8.909	0.867
EAP001	47.417	-122.38	2018-7496	2018-05-01	9.951	28.227	11.916	9.634
EAP001	47.417	-122.38	2018-7532	2018-06-05	12.508	28.656	12.341	7.631
EAP001	47.417	-122.38	2018-7580	2018-07-16	12.874	29.443	7.842	1.81
EAP001	47.417	-122.38	2018-7623	2018-08-27	14.466	29.68	9.608	5.994
EAP001	47.417	-122.38	2018-7659	2018-09-26	13.613	30.305	6.885	3.023
EAP001	47.417	-122.38	2018-7690	2018-10-12	12.703	30.562	6.092	1.372
EAP001	47.417	-122.38	2018-7717	2018-11-13	11.214	29.781	7.096	2.555
ELB015	47.597	-122.368	2015-6191	2015-01-20	9.816	26.643	7.969	1.27
ELB015	47.597	-122.368	2015-6228	2015-02-12	9.879	27.667	8.511	3.925
ELB015	47.597	-122.368	2015-6261	2015-03-04	9.535	27.748	8.712	3.911
ELB015	47.597	-122.368	2015-6309	2015-04-15	10.325	28.284	10.577	6.858
ELB015	47.597	-122.368	2015-6348	2015-05-18	10.964	28.512	9.405	2.456
ELB015	47.597	-122.368	2015-6367	2015-06-08	12.815	28.394	10.139	6.383
ELB015	47.597	-122.368	2015-6412	2015-07-07	13.819	29.093	9.496	8.31
ELB015	47.597	-122.368	2015-6452	2015-08-13	14.129	29.805	8.023	5.584
ELB015	47.597	-122.368	2015-6474	2015-09-14	13.984	30.097	6.482	3.362
ELB015	47.597	-122.368	2015-6501	2015-10-01	13.825	29.616	6.751	1.38
ELB015	47.597	-122.368	2015-6548	2015-11-10	12.565	29.869	6.558	1.284
ELB015	47.597	-122.368	2015-6582	2015-12-17	10.169	25.064		0.959
ELB015	47.597	-122.368	2016-6597	2016-01-14	9.898	28.662	7.527	0.655
ELB015	47.597	-122.368	2016-6641	2016-02-11	9.145	27.543	8.455	1.912
ELB015	47.597	-122.368	2016-6677	2016-03-18	9.202	27.368	8.852	1.768
ELB015	47.597	-122.368	2016-6708	2016-04-11	10.088	27.598	9.893	3.259
ELB015	47.597	-122.368	2016-6735	2016-05-02	12.122	26.805	14.354	19.399
ELB015	47.597	-122.368	2016-6775	2016-06-07	12.967	27.958	10.948	6.548
ELB015	47.597	-122.368	2016-6815	2016-07-11	13.2	28.987	8.747	4.392
ELB015	47.597	-122.368	2016-6846	2016-08-22	14.001	29.269	7.936	3.906
ELB015	47.597	-122.368	2016-6909	2016-09-29	13.305	29.688	6.299	2.081
ELB015	47.597	-122.368	2016-6937	2016-10-24	12.511	29.578	6.437	2.34
ELB015	47.597	-122.368	2016-6963	2016-11-29	11.713	29.394	6.912	0.903
ELB015	47.597	-122.368	2016-6977	2016-12-30	10.294	29.162	7.587	0.645
ELB015	47.597	-122.368	2017-6991	2017-01-24	8.851	29.104	7.999	0.752
ELB015	47.597	-122.368	2017-7019	2017-02-27	8.048	28.543	8.571	0.926
ELB015	47.597	-122.368	2017-7074	2017-04-28	9.136	26.91	10.353	3.351
ELB015	47.597	-122.368	2017-7111	2017-05-25	11.514	26.014	13.55	23.296
ELB015	47.597	-122.368	2017-7149	2017-06-21	11.474	28.01	10.515	6.986
ELB015	47.597	-122.368	2017-7180	2017-07-19	14.303	27.855	11.393	19.129
ELB015	47.597	-122.368	2017-7204	2017-08-14	13.509	28.936	8.296	3.074
ELB015	47.597	-122.368	2017-7249	2017-09-12	13.464	29.531	6.53	0.744
ELB015	47.597	-122.368	2017-7287	2017-10-06	12.923	29.702	6.065	1.391
ELB015	47.597	-122.368	2017-7317	2017-11-06	11.411	29.603	6.514	0.943
ELB015	47.597	-122.368	2017-7350	2017-12-11	9.974	28.811	7.311	1.374
ELB015	47.597	-122.368	2018-7382	2018-01-23	8.993	28.936	8.013	0.828
ELB015	47.597	-122.368	2018-7406	2018-02-15	8.206	26.041	9.033	1.902
ELB015	47.597	-122.368	2018-7445	2018-03-12	8.62	28.013	9.106	10.761
ELB015	47.597	-122.368	2018-7458	2018-04-03	8.549	28.543	8.716	0.874
ELB015	47.597	-122.368	2018-7497	2018-05-01	9.476	27.977	9.839	4.03
ELB015	47.597	-122.368	2018-7533	2018-06-05	11.264	28.316	8.52	0.774
ELB015	47.597	-122.368	2018-7581	2018-07-16	13.484	28.823	7.867	16.726
ELB015	47.597	-122.368	2018-7624	2018-08-27	13.634	29.691	7.295	1.687
ELB015	47.597	-122.368	2018-7660	2018-09-26	13.41	29.827	6.759	2.418
ELB015	47.597	-122.368	2018-7691	2018-10-12	12.748	30.112	6.116	1.011
ELB015	47.597	-122.368	2018-7718	2018-11-13	11.473	29.267	6.758	2.63
GOR001	47.183	-122.633	2015-6208	2015-01-22	9.821	28.322	7.561	1.015
GOR001	47.183	-122.633	2015-6240	2015-02-18	9.746	27.951	7.737	1.69
GOR001	47.183	-122.633	2015-6271	2015-03-17	9.875	27.859		2.127
GOR001	47.183	-122.633	2015-6302	2015-04-08	10.169	28.109	8.828	4.09
GOR001	47.183	-122.633	2015-6333	2015-05-04	11.14	28.438	10.412	3.288
GOR001	47.183	-122.633	2015-6359	2015-06-04	12.175	28.829	9.222	3.186
GOR001	47.183	-122.633	2015-6396	2015-07-01	14.517	29.04	9.828	8.244
GOR001	47.183	-122.633	2015-6434	2015-08-04	14.69	29.602	7.546	2.584
GOR001	47.183	-122.633	2015-6481	2015-09-15	14.536	30.102	6.89	2.694
GOR001	47.183	-122.633	2015-6507	2015-10-06	14.396	29.975	6.909	3.143
GOR001	47.183	-122.633	2015-6541	2015-11-09	12.986	30.054	6.445	0.909
GOR001	47.183	-122.633	2015-6568	2015-12-14	10.95	28.608		0.699
GOR001	47.183	-122.633	2016-6607	2016-01-19	9.488	28.272	7.77	1.023
GOR001	47.183	-122.633	2016-6647	2016-02-17	9.336	27.258	8.268	1.48
GOR001	47.183	-122.633	2016-6678	2016-03-18	9.215	27.399	8.819	2.923
GOR001	47.183	-122.633	2016-6701	2016-04-07	10.024	27.742	10.071	4.207
GOR001	47.183	-122.633	2016-6747	2016-05-10	11.443	28.165	9.477	2.2
GOR001	47.183	-122.633	2016-6786	2016-06-08	12.932	28.384	9.617	7.468
GOR001	47.183	-122.633	2016-6835	2016-07-22	13.66	29.265	7.833	2.595
GOR001	47.183	-122.633	2016-6873	2016-08-30	14.783	29.618	7.263	3.733
GOR001	47.183	-122.633	2016-6900	2016-09-22	14.1	29.923	6.391	1.499
GOR001	47.183	-122.633	2016-6917	2016-10-10	13.872	29.503	7.141	1.634
GOR001	47.183	-122.633	2016-6944	2016-11-09	12.823	29.073	6.684	3.032
GOR001	47.183	-122.633	2016-6969	2016-12-07	10.893	28.924	7.568	0.94
GOR001	47.183	-122.633	2017-6983	2017-01-11	8.691	28.946	8.252	0.72
GOR001	47.183	-122.633	2017-7029	2017-03-08	7.617	27.298		0.974
GOR001	47.183	-122.633	2017-7061	2017-04-05	8.533	27.339		1.74
GOR001	47.183	-122.633	2017-7104	2017-05-19	10.366	27.445	12.125	9.58
GOR001	47.183	-122.633	2017-7134	2017-06-09	11.516	27.973	10.266	4.013
GOR001	47.183	-122.633	2017-7163	2017-07-07	13.116	28.017	8.748	2.884
GOR001	47.183	-122.633	2017-7194	2017-08-10	14.249	28.738	8.162	4.02
GOR001	47.183	-122.633	2017-7243	2017-09-07	14.483	29.181	7.329	2.849
GOR001	47.183	-122.633	2017-7269	2017-10-04	13.644	29.657	7.224	3.705
GOR001	47.183	-122.633	2017-7344	2017-12-08	10.247	29.389	6.86	0.597
GOR001	47.183	-122.633	2018-7373	2018-01-12	9.181	28.503	7.933	0.835
GOR001	47.183	-122.633	2018-7392	2018-02-02	8.787	28.471	7.913	0.66
GOR001	47.183	-122.633	2018-7439	2018-03-09	8.149	28.044	8.899	1.255
GOR001	47.183	-122.633	2018-7478	2018-04-20	9.033	28.436	8.957	1.52
GOR001	47.183	-122.633	2018-7517	2018-05-14	10.581	28.188	10.397	4.105
GOR001	47.183	-122.633	2018-7546	2018-06-08	12.022	28.382	9.496	4.826
GOR001	47.183	-122.633	2018-7564	2018-07-10	13.054	28.897	8.333	2.566
GOR001	47.183	-122.633	2018-7594	2018-08-02	14.04	29.257	8.729	4.917
GOR001	47.183	-122.633	2018-7645	2018-09-07	14.349	29.672	7.782	6.433
GOR001	47.183	-122.633	2018-7681	2018-10-09	13.266	30.194	6.732	3.493
GOR001	47.183	-122.633	2018-7726	2018-11-15	11.756	30.11	6.732	1.544
GOR001	47.183	-122.633	2018-7757	2018-12-10	10.597	30.11	6.82	0.783
GRG002	48.808	-122.953	2015-6195	2015-01-21	8.633	29.264	7.683	0.835
GRG002	48.808	-122.953	2015-6231	2015-02-17	8.446	22.512	10.018	2.28
GRG002	48.808	-122.953	2015-6278	2015-03-24	8.958	29.627	7.67	0.878
GRG002	48.808	-122.953	2015-6374	2015-06-15	13.912	26.25	8.464	2.302
GRG002	48.808	-122.953	2015-6402	2015-07-06	14.762	26.427	8.165	4.058
GRG002	48.808	-122.953	2015-6442	2015-08-11	14.105	28.773	8.274	3.022
GRG002	48.808	-122.953	2015-6550	2015-11-23	9.684	28.999	7.219	0.934
GRG002	48.808	-122.953	2015-6573	2015-12-16	8.985	28.232		1.09
GRG002	48.808	-122.953	2016-6620	2016-01-25	7.576	25.741	9.467	1.915
GRG002	48.808	-122.953	2016-6653	2016-02-22	8.636	29.727	8.3	0.922
GRG002	48.808	-122.953	2016-6681	2016-03-22	8.859	28.506	9.138	3.518
GRG002	48.808	-122.953	2016-6717	2016-04-18	9.566	28.118	9.895	7.745
GRG002	48.808	-122.953	2016-6756	2016-05-17	11.722	27.564	9.05	2.551
GRG002	48.808	-122.953	2016-6802	2016-07-06	15.397	21.512	9.671	8.185
GRG002	48.808	-122.953	2017-6995	2017-01-26	7.643	28.325	8.289	0.69
GRG002	48.808	-122.953	2017-7023	2017-02-28	7.372	28.801	8.953	1.452
GRG002	48.808	-122.953	2017-7090	2017-05-09	10.691	24.274	11.247	10.312
GRG002	48.808	-122.953	2017-7139	2017-06-14	14.462	15.287	10.665	8.259
GRG002	48.808	-122.953	2017-7153	2017-07-06	13.82	23.969	8.767	4.133
GRG002	48.808	-122.953	2017-7212	2017-08-22	14.334	26.026	8.941	10.438
GRG002	48.808	-122.953	2017-7233	2017-09-06	16.285	26.254	7.167	3.69
GRG002	48.808	-122.953	2017-7270	2017-10-04	13.702	26.658	9.836	6.592
GRG002	48.808	-122.953	2017-7319	2017-11-09	9.574	29.744	6.475	1.033
GRG002	48.808	-122.953	2017-7327	2017-12-05	8.453	27.05	8.55	1.229
GRG002	48.808	-122.953	2018-7395	2018-02-06	7.629	25.745	9.665	2.3
GRG002	48.808	-122.953	2018-7416	2018-03-06	7.828	29.477	8.442	1.438
GRG002	48.808	-122.953	2018-7462	2018-04-18	8.839	28.447		2.252
GRG002	48.808	-122.953	2018-7498	2018-05-01	9.923	29.539		6.198
GRG002	48.808	-122.953	2018-7525	2018-06-04	10.671	28.742		2.368
GRG002	48.808	-122.953	2018-7610	2018-08-09	13.923	27.537	8.935	13.57
GRG002	48.808	-122.953	2018-7631	2018-09-06	12.202			2.389
GRG002	48.808	-122.953	2018-7670	2018-10-04	11.816	28.333	7.655	2.586
GRG002	48.808	-122.953	2018-7708	2018-11-07	10.271	26.954	6.775	1.47
GRG002	48.808	-122.953	2018-7742	2018-12-05	8.848	26.778	8.351	1.246
GYS008	46.938	-123.912	2015-6212	2015-01-28	10.158	14.978	10.007	2.13
GYS008	46.938	-123.912	2015-6243	2015-02-23	9.607	15.104	10.03	2.77
GYS008	46.938	-123.912	2015-6284	2015-03-26	11.094	8.815	10.279	3.251
GYS008	46.938	-123.912	2015-6312	2015-04-16	11.572	14.629	9.932	3.457
GYS008	46.938	-123.912	2015-6384	2015-06-22	17.054	23.052	7.68	6.924
GYS008	46.938	-123.912	2015-6418	2015-07-22	18.891	24.384	6.886	12.307
GYS008	46.938	-123.912	2015-6454	2015-08-17	19.102	26.488	5.966	9.792
GYS008	46.938	-123.912	2015-6490	2015-09-22	16.224	24.358	7.51	4.404
GYS008	46.938	-123.912	2015-6518	2015-10-27	13.03	27.569	8.512	4.362
GYS008	46.938	-123.912	2015-6555	2015-11-30	6.937	18.279	10.291	2.374
GYS008	46.938	-123.912	2015-6584	2015-12-29	6.653	7.375	11.619	1.714
GYS008	46.938	-123.912	2016-6611	2016-01-20	8.395	16.431	10.512	1.449
GYS008	46.938	-123.912	2016-6630	2016-02-08	8.685	15.127	10.63	2.187
GYS008	46.938	-123.912	2016-6687	2016-03-29	10.215	9.519	10.23	2.16
GYS008	46.938	-123.912	2016-6723	2016-04-19	13.739	17.804	8.976	4.974
GYS008	46.938	-123.912	2016-6762	2016-05-23	14.505	22.18	7.643	5.814
GYS008	46.938	-123.912	2016-6818	2016-07-20	18.17	25.11	5.888	5.414
GYS008	46.938	-123.912	2016-6857	2016-08-24	17.05	27.867	6.172	5.999
GYS008	46.938	-123.912	2016-6883	2016-09-13	16.263	26.606	6.93	6.159
GYS008	46.938	-123.912	2016-6923	2016-10-11	13.261	20.721	8.3	3.486
GYS008	46.938	-123.912	2017-7044	2017-03-31	8.591	3.4		2.001
GYS008	46.938	-123.912	2017-7081	2017-05-08	13.347	13.973	9.587	5.7
GYS008	46.938	-123.912	2017-7116	2017-06-06	16.376	17.092	8.282	4.776
GYS008	46.938	-123.912	2017-7213	2017-08-22	16.026	30.056	6.215	5.634
GYS008	46.938	-123.912	2017-7258	2017-09-27	16.408	26.495	7.937	4.27
GYS008	46.938	-123.912	2017-7296	2017-10-31	11.868	24.829	8.592	3.059
GYS008	46.938	-123.912	2017-7352	2017-12-12	7.187	21.014	10.244	1.551
GYS008	46.938	-123.912	2018-7408	2018-02-22	6.817	18.205	10.381	2.423
GYS008	46.938	-123.912	2018-7447	2018-03-29	9.05	15.895	10.13	2.743
GYS008	46.938	-123.912	2018-7486	2018-04-25	11.95	20.415	9.297	3.821
GYS008	46.938	-123.912	2018-7567	2018-07-12	19.729	26.277	7.317	7.167
GYS008	46.938	-123.912	2018-7619	2018-08-23	16.57	28.66	7.089	3.741
GYS008	46.938	-123.912	2018-7650	2018-09-25	15.572	24.229	7.537	4.455
GYS008	46.938	-123.912	2018-7693	2018-10-30	12.042	19.38	8.836	2.23
GYS016	46.953	-124.092	2015-6213	2015-01-28	10.185	19.975	9.953	2.366
GYS016	46.953	-124.092	2015-6244	2015-02-23	9.691	20.882	9.761	2.936
GYS016	46.953	-124.092	2015-6285	2015-03-26	11.871	16.807	9.905	3.571
GYS016	46.953	-124.092	2015-6313	2015-04-16	11.665	27.168	9.081	5.14
GYS016	46.953	-124.092	2015-6385	2015-06-22	15.729	31.153	8.328	7.532
GYS016	46.953	-124.092	2015-6419	2015-07-22	17.158	30.922	7.468	8.422
GYS016	46.953	-124.092	2015-6455	2015-08-17	17.078	30.308	6.736	6.87
GYS016	46.953	-124.092	2015-6491	2015-09-22	15.297	28.789	8.318	6.12
GYS016	46.953	-124.092	2015-6519	2015-10-27	13.315	29.681	8.735	7.453
GYS016	46.953	-124.092	2015-6556	2015-11-30	6.821	24.238	10.354	2.547
GYS016	46.953	-124.092	2015-6585	2015-12-29	6.722	16.394	10.593	1.601
GYS016	46.953	-124.092	2016-6612	2016-01-20	8.675	20.393	10.387	1.364
GYS016	46.953	-124.092	2016-6688	2016-03-29	11.016	17.329	9.646	3.245
GYS016	46.953	-124.092	2016-6724	2016-04-19	13.021	24.683	9.303	8.164
GYS016	46.953	-124.092	2016-6763	2016-05-23	14.338	29.084	7.919	4.364
GYS016	46.953	-124.092	2016-6819	2016-07-20	17.791	29.134	7.256	7.137
GYS016	46.953	-124.092	2016-6858	2016-08-24	13.749	32.473	6.234	3.751
GYS016	46.953	-124.092	2016-6884	2016-09-13	10.842	32.561	4.519	5.494
GYS016	46.953	-124.092	2016-6924	2016-10-11	12.996	26.694	8.444	2.2
GYS016	46.953	-124.092	2017-7045	2017-03-31	9.376	11.459		2.256
GYS016	46.953	-124.092	2017-7082	2017-05-08	11.337	27.754	8.367	3.461
GYS016	46.953	-124.092	2017-7117	2017-06-06	11.252	29.932	6.578	2.478
GYS016	46.953	-124.092	2017-7259	2017-09-27	14.83	29.952	7.85	3.975
GYS016	46.953	-124.092	2017-7297	2017-10-31	11.731	30.81	8.017	2.887
GYS016	46.953	-124.092	2017-7353	2017-12-12	8.572	26.852	9.805	2.305
GYS016	46.953	-124.092	2018-7409	2018-02-22	7.237	24.857	10.584	6.266
GYS016	46.953	-124.092	2018-7448	2018-03-29	9.332	27.45	9.715	4.606
GYS016	46.953	-124.092	2018-7487	2018-04-25	10.965	29.104	9.332	5.391
GYS016	46.953	-124.092	2018-7620	2018-08-23	12.594	32.583	6.386	4.102
GYS016	46.953	-124.092	2018-7651	2018-09-25	15.24	28.52	7.627	6.824
GYS016	46.953	-124.092	2018-7694	2018-10-30	12.112	26.162	7.895	1.744
GYS016	46.953	-124.092	2018-7729	2018-11-19	11.045	30.496	9.343	8.727
HCB003	47.538	-123.008	2015-6183	2015-01-13	9.137	25.444	8.512	3.115
HCB003	47.538	-123.008	2015-6251	2015-02-24	9.866	21.21	10.732	10.907
HCB003	47.538	-123.008	2015-6274	2015-03-18	10.582	25.175	12.814	18.544
HCB003	47.538	-123.008	2015-6293	2015-04-07	11.452	26.643	15.399	11.264
HCB003	47.538	-123.008	2015-6335	2015-05-06	12.593	27.893	11.122	5.031
HCB003	47.538	-123.008	2015-6369	2015-06-11	18.851	27.222	9.407	1.378
HCB003	47.538	-123.008	2015-6415	2015-07-09	21.072	27.283	9.571	1.778
HCB003	47.538	-123.008	2015-6437	2015-08-06	19.172	28.245	8.912	4.028
HCB003	47.538	-123.008	2015-6462	2015-09-01	12.15	29.353	3.755	1.165
HCB003	47.538	-123.008	2015-6514	2015-10-08	13.439	28.484	7.428	9.898
HCB003	47.538	-123.008	2015-6534	2015-11-05	12.151	26.467	6.891	3.786
HCB003	47.538	-123.008	2015-6560	2015-12-11	10.188	21.448	9.691	1.219
HCB003	47.538	-123.008	2016-6590	2016-01-07	7.396	22.798	10.902	8.55
HCB003	47.538	-123.008	2016-6634	2016-02-10	8.509	20.552	12.822	34.712
HCB003	47.538	-123.008	2016-6659	2016-03-02	9.709	26.894	8.173	8.935
HCB003	47.538	-123.008	2016-6710	2016-04-12	11.72	24.559	11.462	1.341
HCB003	47.538	-123.008	2016-6750	2016-05-12	16.406	22.93	11.842	1.419
HCB003	47.538	-123.008	2016-6789	2016-06-09	18.079	25.292	9.682	3.645
HCB003	47.538	-123.008	2016-6827	2016-07-21	17.111	27.557	10.434	5.571
HCB003	47.538	-123.008	2016-6865	2016-08-29	18.38	27.281	9.134	6.36
HCB003	47.538	-123.008	2016-6904	2016-09-26	13.183	28.64	9.244	32.522
HCB003	47.538	-123.008	2016-6931	2016-10-20	12.037	25.562	7.224	6.18
HCB003	47.538	-123.008	2016-6947	2016-11-10	11.681	26.69	7.237	4.007
HCB003	47.538	-123.008	2016-6972	2016-12-16	7.846	24.659	9.477	2.305
HCB003	47.538	-123.008	2017-6986	2017-01-12	8.884	28.135	7.374	1.456
HCB003	47.538	-123.008	2017-7003	2017-02-03	8.061	27.042	8.996	2.858
HCB003	47.538	-123.008	2017-7032	2017-03-09	7.999	26.35	8.932	3.567
HCB003	47.538	-123.008	2017-7064	2017-04-06	9.362	25.29		23.609
HCB003	47.538	-123.008	2017-7096	2017-05-18	12.483	24.853	11.065	2.148
HCB003	47.538	-123.008	2017-7127	2017-06-08	15.24	24.285	11.093	1.923
HCB003	47.538	-123.008	2017-7154	2017-07-06	18.752	23.375	10.524	1.71
HCB003	47.538	-123.008	2017-7197	2017-08-11	20.066	24.151	10.029	4.59
HCB003	47.538	-123.008	2017-7234	2017-09-06	16.647	26.828	10.524	5.82
HCB003	47.538	-123.008	2017-7278	2017-10-05	12.649	27.665	11.209	13.422
HCB003	47.538	-123.008	2017-7304	2017-11-02	11.272	25.711	9.463	13.706
HCB003	47.538	-123.008	2017-7360	2017-12-13	9.402	25.039	8.177	8.105
HCB003	47.538	-123.008	2018-7376	2018-01-17	8.958	24.645	9.182	2.432
HCB003	47.538	-123.008	2018-7384	2018-02-01	8.574	24.252	8.63	2.185
HCB003	47.538	-123.008	2018-7431	2018-03-08	7.837	26.894	14.586	31.623
HCB003	47.538	-123.008	2018-7468	2018-04-19	9.813	26.699	9.316	0.969
HCB003	47.538	-123.008	2018-7509	2018-05-10	11.63	27.116	13.091	4.89
HCB003	47.538	-123.008	2018-7538	2018-06-07	15.645	25.117	10.112	2.158
HCB003	47.538	-123.008	2018-7574	2018-07-13	18.025	27.317	10.16	2.756
HCB003	47.538	-123.008	2018-7597	2018-08-03	17.954	27.745	10.265	7.314
HCB003	47.538	-123.008	2018-7632	2018-09-06	17.385	27.248	8.302	7.477
HCB003	47.538	-123.008	2018-7684	2018-10-11	12.565	27.335	12.658	29.065
HCB003	47.538	-123.008	2018-7700	2018-11-01	11.614	29.509	5.274	1.7
HCB003	47.538	-123.008	2018-7748	2018-12-06	8.742	26.689	8.953	4.537
HCB004	47.357	-123.023	2015-6184	2015-01-13	9.516	24.304	7.587	2.958
HCB004	47.357	-123.023	2015-6252	2015-02-24	10.13	21.28	9.583	5.702
HCB004	47.357	-123.023	2015-6286	2015-03-26	11.086	25.897	10.968	22.29
HCB004	47.357	-123.023	2015-6294	2015-04-07	11.703	25.953	12.936	11.607
HCB004	47.357	-123.023	2015-6336	2015-05-06	13.86	26.543	9.473	0.928
HCB004	47.357	-123.023	2015-6370	2015-06-11	18.368	26.316	10.221	3.209
HCB004	47.357	-123.023	2015-6416	2015-07-09	20.096	26.732	9.777	3.076
HCB004	47.357	-123.023	2015-6438	2015-08-06	18.972	27.623	11.036	14.65
HCB004	47.357	-123.023	2015-6463	2015-09-01	14.837	28.317	5.448	11.478
HCB004	47.357	-123.023	2015-6515	2015-10-08	14.495	26.962	9.336	11.33
HCB004	47.357	-123.023	2015-6535	2015-11-05	12.41	27.6	6.443	5.885
HCB004	47.357	-123.023	2015-6561	2015-12-11	10.397	18.509	8.671	2.467
HCB004	47.357	-123.023	2016-6591	2016-01-07	6.961	18.243	13.102	19.752
HCB004	47.357	-123.023	2016-6635	2016-02-10	9.284	20.233	11.838	28.014
HCB004	47.357	-123.023	2016-6660	2016-03-02	10.252	24.27	8.069	27.73
HCB004	47.357	-123.023	2016-6711	2016-04-12	12.361	22.241	10.234	2.364
HCB004	47.357	-123.023	2016-6751	2016-05-12	16.985	22.827	10.773	2.371
HCB004	47.357	-123.023	2016-6790	2016-06-09	17.329	25.066	10.026	4.589
HCB004	47.357	-123.023	2016-6828	2016-07-21	18.436	26.478	9.104	3.509
HCB004	47.357	-123.023	2016-6866	2016-08-29	16.576	26.907	7.379	15.869
HCB004	47.357	-123.023	2016-6905	2016-09-26	13.953	27.876	8.271	32.087
HCB004	47.357	-123.023	2016-6932	2016-10-20	12.034	22.391	7.909	6.484
HCB004	47.357	-123.023	2016-6948	2016-11-10	12.352	26.815	5.336	9.96
HCB004	47.357	-123.023	2016-6973	2016-12-16	7.28	21.939	9.864	3.234
HCB004	47.357	-123.023	2017-6987	2017-01-12	8.266	26.984	7.725	1.723
HCB004	47.357	-123.023	2017-7004	2017-02-03	7.812	25.872	9.304	8.071
HCB004	47.357	-123.023	2017-7033	2017-03-09	8.599	24.366	8.242	7.178
HCB004	47.357	-123.023	2017-7065	2017-04-06	10.148	24.391		20.116
HCB004	47.357	-123.023	2017-7097	2017-05-18	12.65	23.608	10.784	2.203
HCB004	47.357	-123.023	2017-7128	2017-06-08	15.629	23.324	10.395	3.032
HCB004	47.357	-123.023	2017-7155	2017-07-06	19.868	21.272	9.72	1.671
HCB004	47.357	-123.023	2017-7198	2017-08-11	20.577	24.023	10.126	5.174
HCB004	47.357	-123.023	2017-7235	2017-09-06	20.11	24.174	9.255	3.109
HCB004	47.357	-123.023	2017-7279	2017-10-05	13.464	25.382	11.047	5.2
HCB004	47.357	-123.023	2017-7305	2017-11-02	11.126	23.818	9.313	16.793
HCB004	47.357	-123.023	2017-7361	2017-12-13	9.946	24.961	6.91	7.146
HCB004	47.357	-123.023	2018-7377	2018-01-17	9.338	23.32	8.29	3.209
HCB004	47.357	-123.023	2018-7385	2018-02-01	8.898	22.237	8.342	2.66
HCB004	47.357	-123.023	2018-7432	2018-03-08	8.008	23.106	13.507	8.615
HCB004	47.357	-123.023	2018-7469	2018-04-19	10.955	22.557	10.027	1.715
HCB004	47.357	-123.023	2018-7510	2018-05-10	14.013	24.41	12.961	3.261
HCB004	47.357	-123.023	2018-7539	2018-06-07	15.853	24.421	9.78	3.551
HCB004	47.357	-123.023	2018-7575	2018-07-13	20.449	25.249	9.414	1.701
HCB004	47.357	-123.023	2018-7598	2018-08-03	17.768	27.281	8.719	8.358
HCB004	47.357	-123.023	2018-7633	2018-09-06	17.861	26.259	9.492	15.5
HCB004	47.357	-123.023	2018-7685	2018-10-11	12.433	27.093	8.578	28.183
HCB004	47.357	-123.023	2018-7749	2018-12-06	8.376	21.181	9.723	9.078
HCB007	47.398	-122.928	2015-6185	2015-01-13	9.231	23.18	7.703	2.405
HCB007	47.398	-122.928	2015-6253	2015-02-24	9.826	18.892	10.328	8.108
HCB007	47.398	-122.928	2015-6295	2015-04-07	11.95	24.686	11.366	4.367
HCB007	47.398	-122.928	2015-6337	2015-05-06	14.659	25.805	9.643	0.58
HCB007	47.398	-122.928	2015-6371	2015-06-11	20.41	25.716	9.606	3.217
HCB007	47.398	-122.928	2015-6439	2015-08-06	21.56	26.902	9.316	3.148
HCB007	47.398	-122.928	2015-6464	2015-09-01	18.054	26.93	7.933	10.962
HCB007	47.398	-122.928	2015-6516	2015-10-08	14.311	27.136	8.492	13.43
HCB007	47.398	-122.928	2015-6536	2015-11-05	12.764	25.248	8.959	8.534
HCB007	47.398	-122.928	2015-6562	2015-12-11	10.503	18.429	8.875	2.411
HCB007	47.398	-122.928	2016-6592	2016-01-07	8.564	22.135	10.442	24.588
HCB007	47.398	-122.928	2016-6636	2016-02-10	9.43	20.169	11.272	19.807
HCB007	47.398	-122.928	2016-6661	2016-03-02	10.085	22.023	10.44	46.904
HCB007	47.398	-122.928	2016-6752	2016-05-12	17.441	22.541	10.531	2.162
HCB007	47.398	-122.928	2016-6791	2016-06-09	18.985	24.315	9.155	3.998
HCB007	47.398	-122.928	2016-6829	2016-07-21	17.98	26.364	10.266	4.079
HCB007	47.398	-122.928	2016-6867	2016-08-29	18.388	26.239	8.345	6.352
HCB007	47.398	-122.928	2016-6906	2016-09-26	15.506	26.423	9.7	48.343
HCB007	47.398	-122.928	2016-6933	2016-10-20	12.422	20.216	10.473	23.042
HCB007	47.398	-122.928	2016-6949	2016-11-10	12.404	24.6	4.797	14.293
HCB007	47.398	-122.928	2016-6974	2016-12-16	8.167	22.861	9.025	2.394
HCB007	47.398	-122.928	2017-6988	2017-01-12	8.146	27.124	7.667	2.06
HCB007	47.398	-122.928	2017-7005	2017-02-03	7.947	26.04	9.719	12.083
HCB007	47.398	-122.928	2017-7034	2017-03-09	8.915	24.956	7.611	5.032
HCB007	47.398	-122.928	2017-7066	2017-04-06	10.573	22.135		19.569
HCB007	47.398	-122.928	2017-7098	2017-05-18	13.019	22.686	10.536	1.351
HCB007	47.398	-122.928	2017-7156	2017-07-06	20.121	21.919	9.86	2.439
HCB007	47.398	-122.928	2017-7199	2017-08-11	22.077	23.548	9.504	5.17
HCB007	47.398	-122.928	2017-7236	2017-09-06	20.653	24.549	9.699	4.565
HCB007	47.398	-122.928	2017-7280	2017-10-05	14.282	25.048	10.575	3.536
HCB007	47.398	-122.928	2017-7306	2017-11-02	11.092	22.384	10.526	21.751
HCB007	47.398	-122.928	2017-7362	2017-12-13	10.05	25.583	6.053	10.158
HCB007	47.398	-122.928	2018-7378	2018-01-17	9.52	24.666	7.729	3.496
HCB007	47.398	-122.928	2018-7386	2018-02-01	9.101	23.104	7.625	2.537
HCB007	47.398	-122.928	2018-7433	2018-03-08	7.745	23.572	13.379	7.415
HCB007	47.398	-122.928	2018-7470	2018-04-19	10.853	21.339	10.857	3.39
HCB007	47.398	-122.928	2018-7511	2018-05-10	15.5	22.75	10.975	3.296
HCB007	47.398	-122.928	2018-7540	2018-06-07	17.785	23.139	9.419	2.993
HCB007	47.398	-122.928	2018-7576	2018-07-13	20.128	25.623	9.8	2.189
HCB007	47.398	-122.928	2018-7599	2018-08-03	19.285	26.601	8.601	6.437
HCB007	47.398	-122.928	2018-7634	2018-09-06	19.267	26.13	10.075	11.331
HCB007	47.398	-122.928	2018-7686	2018-10-11	13.145	26.632	9.142	21.082
HCB007	47.398	-122.928	2018-7750	2018-12-06	9.103	22.411	8.619	7.581
HCB010	47.667	-122.82	2015-6186	2015-01-13	8.623	25.416	9.265	2.877
HCB010	47.667	-122.82	2015-6254	2015-02-24	9.631	23.575	10.202	7.932
HCB010	47.667	-122.82	2015-6275	2015-03-18	10.735	25.085	13.663	14.891
HCB010	47.667	-122.82	2015-6296	2015-04-07	11.114	26.999	14.491	25.732
HCB010	47.667	-122.82	2015-6338	2015-05-06	12.052	28.487	11.201	10.402
HCB010	47.667	-122.82	2015-6372	2015-06-11	17.413	27.949	10.053	1.242
HCB010	47.667	-122.82	2015-6417	2015-07-09	20.048	28.424	9.804	4.358
HCB010	47.667	-122.82	2015-6440	2015-08-06	15.896	29.299	9.024	5.865
HCB010	47.667	-122.82	2015-6465	2015-09-01	12.806	29.275	5.125	3.208
HCB010	47.667	-122.82	2015-6517	2015-10-08	13.831	28.203	8.92	11.567
HCB010	47.667	-122.82	2015-6537	2015-11-05	11.87	28.156	7.691	4.699
HCB010	47.667	-122.82	2015-6563	2015-12-11	9.377	23.336	8.928	2.294
HCB010	47.667	-122.82	2016-6593	2016-01-07	7.106	24.031	9.926	2.608
HCB010	47.667	-122.82	2016-6637	2016-02-10	8.79	21.124	12.723	26.864
HCB010	47.667	-122.82	2016-6662	2016-03-02	9.431	26.192	9.355	10.651
HCB010	47.667	-122.82	2016-6712	2016-04-12	11.822	24.471	11.674	2.814
HCB010	47.667	-122.82	2016-6753	2016-05-12	16.035	25.029	12.168	1.363
HCB010	47.667	-122.82	2016-6792	2016-06-09	16.835	26.029	10.939	5.096
HCB010	47.667	-122.82	2016-6830	2016-07-21	17.452	27.81	11.221	7.869
HCB010	47.667	-122.82	2016-6868	2016-08-29	17.159	28.177	8.419	7.311
HCB010	47.667	-122.82	2016-6907	2016-09-26	13.286	29.191	8.412	15.822
HCB010	47.667	-122.82	2016-6934	2016-10-20	11.798	25.573	8.021	2.929
HCB010	47.667	-122.82	2016-6950	2016-11-10	11.808	23.74	8.905	3.168
HCB010	47.667	-122.82	2017-6989	2017-01-12	8.833	29.483	7.384	0.854
HCB010	47.667	-122.82	2017-7006	2017-02-03	8.096	28.212	8.579	2.675
HCB010	47.667	-122.82	2017-7035	2017-03-09	7.714	26.239	9.431	2.829
HCB010	47.667	-122.82	2017-7067	2017-04-06	9.907	22.014		14.606
HCB010	47.667	-122.82	2017-7099	2017-05-18	12.697	25.355	11.366	3.752
HCB010	47.667	-122.82	2017-7129	2017-06-08	16.561	23.538	10.809	2.206
HCB010	47.667	-122.82	2017-7157	2017-07-06	16.201	26.506	11.829	5.079
HCB010	47.667	-122.82	2017-7200	2017-08-11	20.541	25.212	10.009	3.92
HCB010	47.667	-122.82	2017-7237	2017-09-06	19.231	26.673	10.689	9.109
HCB010	47.667	-122.82	2017-7281	2017-10-05	13.052	28.547	10.393	27.69
HCB010	47.667	-122.82	2017-7307	2017-11-02	10.863	26.879	9.771	15.712
HCB010	47.667	-122.82	2017-7363	2017-12-13	8.181	24.205	9.92	7.046
HCB010	47.667	-122.82	2018-7379	2018-01-17	8.749	25.171	9.445	3.87
HCB010	47.667	-122.82	2018-7387	2018-02-01	8.363	24.869	8.578	1.794
HCB010	47.667	-122.82	2018-7434	2018-03-08	7.908	28.05	12.529	32.474
HCB010	47.667	-122.82	2018-7471	2018-04-19	9.808	27.374	8.465	1.977
HCB010	47.667	-122.82	2018-7512	2018-05-10	12.63	26.812	12.42	3.135
HCB010	47.667	-122.82	2018-7541	2018-06-07	14.606	26.905	10.76	5.792
HCB010	47.667	-122.82	2018-7577	2018-07-13	17.727	27.706	9.523	3.786
HCB010	47.667	-122.82	2018-7600	2018-08-03	18.749	27.7	9.82	15.008
HCB010	47.667	-122.82	2018-7635	2018-09-06	13.686	29.334	8.391	19.429
HCB010	47.667	-122.82	2018-7687	2018-10-11	12.631	29.258	9.722	23.763
HCB010	47.667	-122.82	2018-7701	2018-11-01	11.465	29.009	6.511	1.312
HCB010	47.667	-122.82	2018-7751	2018-12-06	10.01	29.925	6.544	1.506
HCB013	47.838	-122.629	2016-6713	2016-04-12	11.086	27.386	10.293	5.367
HCB013	47.838	-122.629	2016-6736	2016-05-02	13.055	28.173	10.533	3.235
HCB013	47.838	-122.629	2016-6776	2016-06-07	12.592	29.058	9.453	17.119
HCB013	47.838	-122.629	2016-6816	2016-07-11	13.992	28.846	8.599	3.367
HCB013	47.838	-122.629	2016-6847	2016-08-22	14.16	29.723	6.572	6.241
HCB013	47.838	-122.629	2016-6910	2016-09-29	12.678	30.207	6.769	3.988
HCB013	47.838	-122.629	2016-6954	2016-11-21	10.751	27.361	8.524	18.986
HCB013	47.838	-122.629	2017-7075	2017-04-28	10.012	27.724	9.75	4.209
HCB013	47.838	-122.629	2017-7112	2017-05-25	11.206	28.761	10.211	10.21
HCB013	47.838	-122.629	2017-7150	2017-06-21	12.84	27.966	10.542	13.924
HCB013	47.838	-122.629	2017-7181	2017-07-19	14.001	28.873	9.783	9.383
HCB013	47.838	-122.629	2017-7205	2017-08-14	16.068	27.416	8.503	5.649
HCB013	47.838	-122.629	2017-7250	2017-09-12	13.279	29.069	7.034	8.5
HCB013	47.838	-122.629	2017-7291	2017-10-23	11.01	29.102	6.334	1.489
HCB013	47.838	-122.629	2017-7336	2017-12-07	9.755	29.84	6.869	0.676
HCB013	47.838	-122.629	2018-7364	2018-01-10	8.494	27.521	8.577	3.373
HCB013	47.838	-122.629	2018-7424	2018-03-07	7.912	28.983	10.406	10.011
HCB013	47.838	-122.629	2018-7459	2018-04-03	8.981	29.153	9.43	4.054
HCB013	47.838	-122.629	2018-7499	2018-05-01	10.819	28.396	9.591	2.367
HCB013	47.838	-122.629	2018-7534	2018-06-05	12.481	28.577	11.506	18.504
HCB013	47.838	-122.629	2018-7585	2018-07-17	14.644	29.367	8.701	5.361
HCB013	47.838	-122.629	2018-7661	2018-09-26	11.779	30.363	7.026	2.203
HCB013	47.838	-122.629	2018-7719	2018-11-13	10.844	30.576	6.368	2.552
NSQ002	47.168	-122.787	2015-6209	2015-01-22	9.685	28.012	7.666	1.054
NSQ002	47.168	-122.787	2015-6241	2015-02-18	9.828	27.608	7.756	1.788
NSQ002	47.168	-122.787	2015-6272	2015-03-17	10.027	27.488		2.335
NSQ002	47.168	-122.787	2015-6303	2015-04-08	10.461	27.905	9.564	8.553
NSQ002	47.168	-122.787	2015-6334	2015-05-04	11.461	28.248	10.485	4.162
NSQ002	47.168	-122.787	2015-6360	2015-06-04	12.684	28.68	9.855	4.492
NSQ002	47.168	-122.787	2015-6397	2015-07-01	15.164	29.039	10.801	17.778
NSQ002	47.168	-122.787	2015-6435	2015-08-04	15.226	29.553	7.786	3.549
NSQ002	47.168	-122.787	2015-6482	2015-09-15	15.132	29.95	7.507	4.901
NSQ002	47.168	-122.787	2015-6508	2015-10-06	14.87	30.057	7.75	6.883
NSQ002	47.168	-122.787	2015-6542	2015-11-09	13.114	29.911	6.519	1.565
NSQ002	47.168	-122.787	2015-6569	2015-12-14	10.527	27.941		0.877
NSQ002	47.168	-122.787	2016-6608	2016-01-19	9.302	27.934	7.943	1.343
NSQ002	47.168	-122.787	2016-6648	2016-02-17	9.391	26.942	8.409	1.791
NSQ002	47.168	-122.787	2016-6669	2016-03-17	9.373	26.814	8.692	1.375
NSQ002	47.168	-122.787	2016-6702	2016-04-07	10.267	27.185	10.732	8.671
NSQ002	47.168	-122.787	2016-6748	2016-05-10	12.497	27.7	11.456	6.63
NSQ002	47.168	-122.787	2016-6787	2016-06-08	13.507	28.261	9.496	7.315
NSQ002	47.168	-122.787	2016-6836	2016-07-22	14.402	29.01	7.892	2.798
NSQ002	47.168	-122.787	2016-6874	2016-08-30	15.533	29.509	7.666	4.798
NSQ002	47.168	-122.787	2016-6901	2016-09-22	14.44	29.842	6.564	2.535
NSQ002	47.168	-122.787	2016-6918	2016-10-10	14.172	29.841	7.649	2.304
NSQ002	47.168	-122.787	2016-6945	2016-11-09	12.947	28.963	6.877	3.741
NSQ002	47.168	-122.787	2016-6970	2016-12-07	10.691	28.821	7.728	1.086
NSQ002	47.168	-122.787	2017-6984	2017-01-11	8.321	28.703	8.439	0.858
NSQ002	47.168	-122.787	2017-7030	2017-03-08	7.519	27.655		1.186
NSQ002	47.168	-122.787	2017-7062	2017-04-05	8.695	27.102		1.992
NSQ002	47.168	-122.787	2017-7105	2017-05-19	10.793	27.306	12.806	10.231
NSQ002	47.168	-122.787	2017-7135	2017-06-09	12.088	27.644	10.241	6.169
NSQ002	47.168	-122.787	2017-7164	2017-07-07	13.655	28.147	8.685	2.861
NSQ002	47.168	-122.787	2017-7195	2017-08-10	14.93	28.665	8.488	5.942
NSQ002	47.168	-122.787	2017-7244	2017-09-07	15.026	29.134	7.295	2.472
NSQ002	47.168	-122.787	2017-7271	2017-10-04	14.026	29.548	7.103	4.561
NSQ002	47.168	-122.787	2017-7312	2017-11-03	12.169	29.626	6.686	1.802
NSQ002	47.168	-122.787	2017-7345	2017-12-08	10.167	28.911	6.881	0.828
NSQ002	47.168	-122.787	2018-7374	2018-01-12	8.949	27.822	8.127	1.142
NSQ002	47.168	-122.787	2018-7393	2018-02-02	8.73	28.01	8.055	0.856
NSQ002	47.168	-122.787	2018-7440	2018-03-09	8.107	27.701	9.237	1.32
NSQ002	47.168	-122.787	2018-7479	2018-04-20	9.299	27.809	9.216	1.778
NSQ002	47.168	-122.787	2018-7518	2018-05-14	11.177	28.243	10.567	3.344
NSQ002	47.168	-122.787	2018-7547	2018-06-08	12.566	28.425	9.628	6.511
NSQ002	47.168	-122.787	2018-7565	2018-07-10	13.724	28.869	8.692	4.892
NSQ002	47.168	-122.787	2018-7595	2018-08-02	14.698	29.189	8.805	5.818
NSQ002	47.168	-122.787	2018-7646	2018-09-07	15.005	29.593	8.352	8.168
NSQ002	47.168	-122.787	2018-7682	2018-10-09	13.737	29.959	6.999	4.576
NSQ002	47.168	-122.787	2018-7727	2018-11-15	11.927	30.139	7.026	3.66
NSQ002	47.168	-122.787	2018-7758	2018-12-10	10.365	29.889	7.13	1.283
OAK004	47.213	-123.077	2015-6210	2015-01-22	8.66	21.698	8.705	1.952
OAK004	47.213	-123.077	2015-6242	2015-02-18	9.842	20.924	8.503	3.153
OAK004	47.213	-123.077	2015-6273	2015-03-17	10.701	21.431	8.392	3.619
OAK004	47.213	-123.077	2015-6304	2015-04-08	12.136	23.298	11.442	7.125
OAK004	47.213	-123.077	2015-6361	2015-06-04	16.597	25.937	9.065	4.022
OAK004	47.213	-123.077	2015-6398	2015-07-01	21.312	26.905	9.916	13.558
OAK004	47.213	-123.077	2015-6436	2015-08-04	19.666	28.443	9.143	16.764
OAK004	47.213	-123.077	2015-6483	2015-09-15	17.679	28.173	8.262	8.376
OAK004	47.213	-123.077	2015-6509	2015-10-06	15.783	28.889	7.533	6.022
OAK004	47.213	-123.077	2015-6543	2015-11-09	12.87	25.788	6.988	2.717
OAK004	47.213	-123.077	2015-6570	2015-12-14	8.663	16.018	9.705	2.574
OAK004	47.213	-123.077	2016-6609	2016-01-19	8.168	20.819	8.973	2.168
OAK004	47.213	-123.077	2016-6649	2016-02-17	9.491	18.978	9.16	2.471
OAK004	47.213	-123.077	2016-6670	2016-03-17	9.037	17.143	9.636	2.895
OAK004	47.213	-123.077	2016-6703	2016-04-07	12.69	20.868	12.367	5.803
OAK004	47.213	-123.077	2016-6749	2016-05-10	14.51	25.921	9.92	6.42
OAK004	47.213	-123.077	2016-6788	2016-06-08	17.27	26.834	9.238	8.106
OAK004	47.213	-123.077	2016-6837	2016-07-22	17.934	27.585	8.701	7.835
OAK004	47.213	-123.077	2016-6875	2016-08-30	18.889	27.965	7.531	12.676
OAK004	47.213	-123.077	2016-6902	2016-09-22	16.365	28.586	7.132	4.158
OAK004	47.213	-123.077	2016-6919	2016-10-10	14.898	26.536	7.219	3.05
OAK004	47.213	-123.077	2016-6946	2016-11-09	12.741	23.064	6.981	2.703
OAK004	47.213	-123.077	2016-6971	2016-12-07	8.914	23.122	8.627	1.462
OAK004	47.213	-123.077	2017-6985	2017-01-11	4.95	23.404	9.998	1.388
OAK004	47.213	-123.077	2017-7031	2017-03-08	6.928	21.348		2.107
OAK004	47.213	-123.077	2017-7063	2017-04-05	9.851	19.398		3.083
OAK004	47.213	-123.077	2017-7106	2017-05-19	13.163	22.227	10.177	4.712
OAK004	47.213	-123.077	2017-7136	2017-06-09	16.604	23.787	9.335	6.109
OAK004	47.213	-123.077	2017-7165	2017-07-07	19.301	25.373	8.668	6.289
OAK004	47.213	-123.077	2017-7196	2017-08-10	19.365	27.374	8.336	5.846
OAK004	47.213	-123.077	2017-7245	2017-09-07	18.825	27.777	7.75	4.49
OAK004	47.213	-123.077	2017-7272	2017-10-04	15.67	27.174	8.076	7.458
OAK004	47.213	-123.077	2017-7313	2017-11-03	11.598	26.763	7.584	2.527
OAK004	47.213	-123.077	2017-7346	2017-12-08	8.545	22.716	8.017	1.321
OAK004	47.213	-123.077	2018-7375	2018-01-12	7.829	21.34	9.119	1.506
OAK004	47.213	-123.077	2018-7394	2018-02-02	7.999	18.839	9.491	1.775
OAK004	47.213	-123.077	2018-7441	2018-03-09	7.572	23.911	9.946	1.565
OAK004	47.213	-123.077	2018-7480	2018-04-20	10.56	20.918	10.102	2.102
OAK004	47.213	-123.077	2018-7519	2018-05-14	16.226	24.2	10.861	3.861
OAK004	47.213	-123.077	2018-7548	2018-06-08	15.813	26.317	9.559	6.016
OAK004	47.213	-123.077	2018-7566	2018-07-10	18.29	26.746	8.952	7.258
OAK004	47.213	-123.077	2018-7596	2018-08-02	18.731	28.122	8.266	5.302
OAK004	47.213	-123.077	2018-7647	2018-09-07	18.044	28.251	9.062	14.684
OAK004	47.213	-123.077	2018-7683	2018-10-09	14.531	28.316	7.032	4.497
OAK004	47.213	-123.077	2018-7728	2018-11-15	11.232	27.861	7.597	5.078
OAK004	47.213	-123.077	2018-7759	2018-12-10	8.659	26.697	7.868	2.005
PSB003	47.66	-122.442	2015-6192	2015-01-20	9.977	28.467	7.652	0.89
PSB003	47.66	-122.442	2015-6229	2015-02-12	9.858	25.009	9.092	4.113
PSB003	47.66	-122.442	2015-6262	2015-03-04	9.339	27.433	9.716	6.037
PSB003	47.66	-122.442	2015-6310	2015-04-15	10.056	28.738	9.18	3.343
PSB003	47.66	-122.442	2015-6349	2015-05-18	11.208	29.023	10.41	6.867
PSB003	47.66	-122.442	2015-6368	2015-06-08	12.332	29.229	9.127	1.918
PSB003	47.66	-122.442	2015-6413	2015-07-07	13.727	29.543	9.422	5.465
PSB003	47.66	-122.442	2015-6453	2015-08-13	14.416	29.967	9.054	13.703
PSB003	47.66	-122.442	2015-6475	2015-09-14	14.195	30.032	7.315	4.03
PSB003	47.66	-122.442	2015-6502	2015-10-01	13.644	30.381	6.842	1.533
PSB003	47.66	-122.442	2015-6549	2015-11-10	12.134	29.515	7.05	1.638
PSB003	47.66	-122.442	2015-6583	2015-12-17	9.796	26.116		1.176
PSB003	47.66	-122.442	2016-6598	2016-01-14	9.826	28.981	7.611	0.636
PSB003	47.66	-122.442	2016-6642	2016-02-11	9.154	27.884	8.46	2.231
PSB003	47.66	-122.442	2016-6679	2016-03-18	9.3	27.175	9.16	2.506
PSB003	47.66	-122.442	2016-6709	2016-04-11	10.231	27.672	9.989	4.661
PSB003	47.66	-122.442	2016-6737	2016-05-02	11.761	27.231	13.257	21.335
PSB003	47.66	-122.442	2016-6777	2016-06-07	12.31	28.722	10.823	12.468
PSB003	47.66	-122.442	2016-6817	2016-07-11	13.475	29.069	8.963	3.484
PSB003	47.66	-122.442	2016-6848	2016-08-22	14.023	29.7	8.46	6.263
PSB003	47.66	-122.442	2016-6911	2016-09-29	13.289	30.276	6.619	3.221
PSB003	47.66	-122.442	2016-6938	2016-10-24	12.423	30.091	6.543	2.352
PSB003	47.66	-122.442	2016-6964	2016-11-29	11.144	28.321	7.791	1.463
PSB003	47.66	-122.442	2016-6978	2016-12-30	10.045	28.897	7.879	0.652
PSB003	47.66	-122.442	2017-6992	2017-01-24	8.616	29.109	8.202	0.772
PSB003	47.66	-122.442	2017-7020	2017-02-27	7.644	27.692	9.232	1.759
PSB003	47.66	-122.442	2017-7043	2017-03-30	8.682	27.082		1.245
PSB003	47.66	-122.442	2017-7113	2017-05-25	11.67	25.822	13.251	23.121
PSB003	47.66	-122.442	2017-7151	2017-06-21	12.747	26.702	11.829	11.67
PSB003	47.66	-122.442	2017-7182	2017-07-19	14.568	28.452	12.147	13.192
PSB003	47.66	-122.442	2017-7206	2017-08-14	13.796	29.203	9.076	7.537
PSB003	47.66	-122.442	2017-7251	2017-09-12	13.583	29.646	6.524	1.252
PSB003	47.66	-122.442	2017-7288	2017-10-06	13.0	29.887	6.79	2.395
PSB003	47.66	-122.442	2017-7318	2017-11-06	11.25	29.8	6.649	0.841
PSB003	47.66	-122.442	2017-7351	2017-12-11	9.383	28.504	7.878	0.947
PSB003	47.66	-122.442	2018-7383	2018-01-23	8.866	29.021	8.074	0.872
PSB003	47.66	-122.442	2018-7407	2018-02-15	8.002	25.609	9.385	2.198
PSB003	47.66	-122.442	2018-7446	2018-03-12	8.484	28.625	8.943	1.573
PSB003	47.66	-122.442	2018-7460	2018-04-03	8.541	28.944	8.734	0.788
PSB003	47.66	-122.442	2018-7500	2018-05-01	9.702	28.24	10.644	4.742
PSB003	47.66	-122.442	2018-7582	2018-07-16	12.933	29.369	7.788	1.254
PSB003	47.66	-122.442	2018-7625	2018-08-27	13.3	29.97	6.802	1.515
PSB003	47.66	-122.442	2018-7662	2018-09-26	13.083	30.086	7.123	1.265
PSB003	47.66	-122.442	2018-7692	2018-10-12	12.695	30.408	6.182	1.019
PSB003	47.66	-122.442	2018-7720	2018-11-13	10.938	28.683	7.582	2.477
PSS019	48.012	-122.3	2015-6196	2015-01-21	8.592	22.107	9.261	3.127
PSS019	48.012	-122.3	2015-6255	2015-02-24	9.499	22.88	11.685	25.698
PSS019	48.012	-122.3	2015-6279	2015-03-24	10.297	23.35	9.393	2.019
PSS019	48.012	-122.3	2015-6324	2015-04-29	11.351	26.804	11.943	1.308
PSS019	48.012	-122.3	2015-6375	2015-06-15	15.973	26.191	11.867	5.811
PSS019	48.012	-122.3	2015-6403	2015-07-06	16.402	27.543	11.83	4.216
PSS019	48.012	-122.3	2015-6443	2015-08-11	16.815	28.335	10.722	7.317
PSS019	48.012	-122.3	2015-6485	2015-09-21	14.752	28.365	10.416	15.77
PSS019	48.012	-122.3	2015-6551	2015-11-23	10.221	22.327	8.323	1.077
PSS019	48.012	-122.3	2015-6574	2015-12-16	7.644	15.585		1.791
PSS019	48.012	-122.3	2016-6621	2016-01-25	8.821	23.562	9.255	1.865
PSS019	48.012	-122.3	2016-6654	2016-02-22	8.565	16.221	10.369	2.617
PSS019	48.012	-122.3	2016-6682	2016-03-22	9.779	22.699	10.718	5.062
PSS019	48.012	-122.3	2016-6718	2016-04-18	11.9	23.911	12.824	6.698
PSS019	48.012	-122.3	2016-6757	2016-05-17	12.849	24.648	11.269	5.009
PSS019	48.012	-122.3	2016-6803	2016-07-06	14.515	25.679	11.742	15.177
PSS019	48.012	-122.3	2016-6852	2016-08-23	14.817	28.327	10.501	16.553
PSS019	48.012	-122.3	2016-6878	2016-09-12	15.09	27.304	10.555	22.824
PSS019	48.012	-122.3	2016-6955	2016-11-21	10.924	23.504	8.108	1.482
PSS019	48.012	-122.3	2017-7012	2017-02-23	7.827	20.029	10.064	2.447
PSS019	48.012	-122.3	2017-7052	2017-04-04	8.921	20.285		27.565
PSS019	48.012	-122.3	2017-7091	2017-05-09	12.031	19.21	13.226	12.618
PSS019	48.012	-122.3	2017-7140	2017-06-14	13.76	20.712	11.173	2.766
PSS019	48.012	-122.3	2017-7174	2017-07-18	15.17	25.293	11.111	6.761
PSS019	48.012	-122.3	2017-7208	2017-08-16	14.513	26.931	10.603	8.517
PSS019	48.012	-122.3	2017-7255	2017-09-13	14.322	28.061	9.022	3.672
PSS019	48.012	-122.3	2017-7292	2017-10-23	11.095	22.047	8.336	1.336
PSS019	48.012	-122.3	2017-7337	2017-12-07	7.801	17.971	9.802	1.169
PSS019	48.012	-122.3	2018-7365	2018-01-10	8.524	25.445	8.83	2.264
PSS019	48.012	-122.3	2018-7425	2018-03-07	7.321	22.499	13.007	21.999
PSS019	48.012	-122.3	2018-7483	2018-04-24	10.764	21.083	12.5	12.946
PSS019	48.012	-122.3	2018-7522	2018-05-23	12.776	23.929	10.623	3.373
PSS019	48.012	-122.3	2018-7551	2018-06-12	14.184	23.09	11.528	6.391
PSS019	48.012	-122.3	2018-7586	2018-07-17	15.513	26.218	14.41	11.065
PSS019	48.012	-122.3	2018-7628	2018-09-05	14.527	27.874	12.366	24.743
PSS019	48.012	-122.3	2018-7666	2018-10-03	12.616	28.123	7.498	3.049
PSS019	48.012	-122.3	2018-7704	2018-11-06	11.451	19.651	8.8	1.813
PSS019	48.012	-122.3	2018-7738	2018-12-04	9.51	23.092	8.136	1.705
PTH005	48.083	-122.763	2015-6197	2015-01-21	8.898	29.669	7.741	1.353
PTH005	48.083	-122.763	2015-6232	2015-02-17	9.256	29.18	8.589	1.549
PTH005	48.083	-122.763	2015-6280	2015-03-24	9.404	30.08	8.139	0.955
PTH005	48.083	-122.763	2015-6325	2015-04-29	10.28	29.881	9.358	4.223
PTH005	48.083	-122.763	2015-6376	2015-06-15	12.123	30.563	9.078	9.414
PTH005	48.083	-122.763	2015-6404	2015-07-06	12.847	30.655	10.625	22.605
PTH005	48.083	-122.763	2015-6444	2015-08-11	13.196	31.058	8.391	9.594
PTH005	48.083	-122.763	2015-6486	2015-09-21	12.326	31.208	8.067	6.738
PTH005	48.083	-122.763	2015-6532	2015-11-03	10.792	31.185	6.821	1.649
PTH005	48.083	-122.763	2015-6575	2015-12-16	9.443	29.99		0.674
PTH005	48.083	-122.763	2016-6622	2016-01-25	8.748	29.814	8.265	1.114
PTH005	48.083	-122.763	2016-6655	2016-02-22	8.772	29.218	8.669	1.574
PTH005	48.083	-122.763	2016-6683	2016-03-22	9.302	29.234	8.808	1.811
PTH005	48.083	-122.763	2016-6719	2016-04-18	10.742	29.282	11.555	13.337
PTH005	48.083	-122.763	2016-6758	2016-05-17	11.278	29.476	8.754	5.356
PTH005	48.083	-122.763	2016-6804	2016-07-06	12.124	30.532	8.272	6.819
PTH005	48.083	-122.763	2016-6853	2016-08-23	12.126	30.923	7.547	4.994
PTH005	48.083	-122.763	2016-6879	2016-09-12	13.03	30.845	10.942	31.561
PTH005	48.083	-122.763	2016-6956	2016-11-21	10.697	30.123	7.208	0.995
PTH005	48.083	-122.763	2017-7013	2017-02-23	7.716	29.686	9.015	1.219
PTH005	48.083	-122.763	2017-7092	2017-05-09	10.502	29.509	8.935	4.758
PTH005	48.083	-122.763	2017-7141	2017-06-14	11.292	29.561	9.732	13.009
PTH005	48.083	-122.763	2017-7171	2017-07-12	13.017	29.847	9.646	6.375
PTH005	48.083	-122.763	2017-7225	2017-08-23	13.382	30.72	7.97	5.81
PTH005	48.083	-122.763	2017-7229	2017-09-05	12.627	30.691	7.358	10.338
PTH005	48.083	-122.763	2017-7282	2017-10-05	11.411	31.041	6.534	3.808
PTH005	48.083	-122.763	2017-7325	2017-11-10	9.494	31.122	6.63	1.161
PTH005	48.083	-122.763	2017-7332	2017-12-06	8.932	30.056	8.253	1.007
PTH005	48.083	-122.763	2018-7401	2018-02-07	8.338	29.379	8.904	1.563
PTH005	48.083	-122.763	2018-7426	2018-03-07	7.783	30.05	9.033	3.55
PTH005	48.083	-122.763	2018-7472	2018-04-19	9.377	30.125		2.85
PTH005	48.083	-122.763	2018-7507	2018-05-02	10.322	30.067		3.486
PTH005	48.083	-122.763	2018-7535	2018-06-05	11.318	29.976		14.72
PTH005	48.083	-122.763	2018-7607	2018-08-08	13.43	30.581	9.763	11.325
PTH005	48.083	-122.763	2018-7648	2018-09-07	12.448	30.99	7.575	8.384
PTH005	48.083	-122.763	2018-7667	2018-10-03	11.52	31.315	6.823	3.319
PTH005	48.083	-122.763	2018-7705	2018-11-06	10.562	31.285	6.446	1.562
PTH005	48.083	-122.763	2018-7739	2018-12-04	9.275	31.021	7.104	1.462
RSR837	48.616	-122.763	2015-6198	2015-01-21	8.681	29.72	7.486	0.69
RSR837	48.616	-122.763	2015-6233	2015-02-17	8.842	28.388	7.901	1.017
RSR837	48.616	-122.763	2015-6281	2015-03-24	8.916	29.783	7.568	0.878
RSR837	48.616	-122.763	2015-6326	2015-04-29	9.507	29.346	7.903	3.511
RSR837	48.616	-122.763	2015-6377	2015-06-15	11.704	28.516	6.998	2.145
RSR837	48.616	-122.763	2015-6405	2015-07-06	12.698	28.823	7.482	4.062
RSR837	48.616	-122.763	2015-6445	2015-08-11	12.153	30.154	6.701	2.836
RSR837	48.616	-122.763	2015-6487	2015-09-21	11.775	30.251	6.361	
RSR837	48.616	-122.763	2015-6533	2015-11-03	10.493	30.537	6.136	
RSR837	48.616	-122.763	2015-6576	2015-12-16	9.123	29.976		0.578
RSR837	48.616	-122.763	2016-6623	2016-01-25	8.565	29.859	7.928	
RSR837	48.616	-122.763	2016-6656	2016-02-22	8.689	29.813	8.066	0.77
RSR837	48.616	-122.763	2016-6684	2016-03-22	8.87	29.22	8.393	1.355
RSR837	48.616	-122.763	2016-6720	2016-04-18	9.918	29.578	8.383	1.329
RSR837	48.616	-122.763	2016-6759	2016-05-17	10.441	29.519	7.616	2.448
RSR837	48.616	-122.763	2016-6805	2016-07-06	11.257	28.75	6.946	2.83
RSR837	48.616	-122.763	2016-6854	2016-08-23	12.098	29.976	6.083	2.32
RSR837	48.616	-122.763	2016-6880	2016-09-12	13.106	26.759	7.956	7.451
RSR837	48.616	-122.763	2017-6996	2017-01-26	7.611	29.699	8.116	0.795
RSR837	48.616	-122.763	2017-7024	2017-02-28				0.613
RSR837	48.616	-122.763	2017-7093	2017-05-09	9.719	28.217	9.607	7.356
RSR837	48.616	-122.763	2017-7142	2017-06-14	11.151	26.75	8.279	6.059
RSR837	48.616	-122.763	2017-7158	2017-07-06	11.055	28.89	7.054	4.866
RSR837	48.616	-122.763	2017-7214	2017-08-22	11.301	29.827	6.016	2.681
RSR837	48.616	-122.763	2017-7238	2017-09-06	11.702	29.406	5.691	0.913
RSR837	48.616	-122.763	2017-7273	2017-10-04	10.986	29.557	6.251	3.007
RSR837	48.616	-122.763	2017-7320	2017-11-09	9.299	30.572	6.267	1.077
RSR837	48.616	-122.763	2017-7328	2017-12-05	9.095	29.963	7.269	0.877
RSR837	48.616	-122.763	2018-7396	2018-02-06	8.165	29.734	8.508	1.062
RSR837	48.616	-122.763	2018-7417	2018-03-06	7.769	30.158	8.292	1.016
RSR837	48.616	-122.763	2018-7463	2018-04-18	8.547	30.118		0.901
RSR837	48.616	-122.763	2018-7501	2018-05-01	8.986	30.114		0.855
RSR837	48.616	-122.763	2018-7526	2018-06-04	10.29	29.577		1.734
RSR837	48.616	-122.763	2018-7611	2018-08-09	11.625	29.992	6.603	2.903
RSR837	48.616	-122.763	2018-7636	2018-09-06	12.449	29.752	6.71	1.529
RSR837	48.616	-122.763	2018-7671	2018-10-04	10.839	30.532	6.124	1.706
RSR837	48.616	-122.763	2018-7709	2018-11-07	10.073	30.621	5.91	0.754
RSR837	48.616	-122.763	2018-7752	2018-12-06	9.086	29.973	6.604	0.788
SAR003	48.108	-122.49	2015-6199	2015-01-21	8.606	21.763	9.209	3.643
SAR003	48.108	-122.49	2015-6234	2015-02-17	9.697	19.786	9.436	3.914
SAR003	48.108	-122.49	2015-6282	2015-03-24	10.504	24.297	10.174	6.272
SAR003	48.108	-122.49	2015-6327	2015-04-29	11.571	26.598	12.336	2.076
SAR003	48.108	-122.49	2015-6378	2015-06-15	14.669	25.823	13.987	11.118
SAR003	48.108	-122.49	2015-6406	2015-07-06	17.105	25.86	13.762	5.355
SAR003	48.108	-122.49	2015-6446	2015-08-11	15.507	28.08	11.395	8.379
SAR003	48.108	-122.49	2015-6488	2015-09-21	14.705	28.709	9.959	9.583
SAR003	48.108	-122.49	2015-6552	2015-11-23	9.56	19.359	8.83	1.186
SAR003	48.108	-122.49	2015-6577	2015-12-16	8.097	19.19	9.845	1.725
SAR003	48.108	-122.49	2016-6624	2016-01-25	8.29	22.599	9.854	2.805
SAR003	48.108	-122.49	2016-6657	2016-02-22	8.44	16.752	10.299	3.204
SAR003	48.108	-122.49	2016-6685	2016-03-22	9.703	22.438	11.94	13.546
SAR003	48.108	-122.49	2016-6721	2016-04-18	12.758	22.908	13.343	4.456
SAR003	48.108	-122.49	2016-6760	2016-05-17	13.111	24.481	10.253	2.054
SAR003	48.108	-122.49	2016-6806	2016-07-06	12.761	26.592	12.602	30.426
SAR003	48.108	-122.49	2016-6855	2016-08-23	14.3	28.23	10.431	18.496
SAR003	48.108	-122.49	2016-6881	2016-09-12	14.601	27.043	10.386	13.574
SAR003	48.108	-122.49	2017-7014	2017-02-23	7.843	20.591	10.132	2.468
SAR003	48.108	-122.49	2017-7053	2017-04-04	9.322	19.482		18.173
SAR003	48.108	-122.49	2017-7094	2017-05-09	12.464	19.577	13.414	10.981
SAR003	48.108	-122.49	2017-7143	2017-06-14	13.704	19.354	11.379	3.697
SAR003	48.108	-122.49	2017-7175	2017-07-18	13.584	25.8	11.055	4.687
SAR003	48.108	-122.49	2017-7209	2017-08-16	14.373	26.529	10.84	8.716
SAR003	48.108	-122.49	2017-7256	2017-09-13	13.179	27.934	7.414	3.283
SAR003	48.108	-122.49	2017-7293	2017-10-23	11.211	23.017	8.765	2.041
SAR003	48.108	-122.49	2017-7338	2017-12-07	8.181	17.916	9.236	1.049
SAR003	48.108	-122.49	2018-7366	2018-01-10	8.232	25.082	9.138	2.57
SAR003	48.108	-122.49	2018-7427	2018-03-07	7.551	21.656	15.159	33.611
SAR003	48.108	-122.49	2018-7484	2018-04-24	11.413	20.926	15.214	15.136
SAR003	48.108	-122.49	2018-7523	2018-05-23	12.863	22.119	11.083	5.036
SAR003	48.108	-122.49	2018-7552	2018-06-12	13.593	23.968	11.153	6.738
SAR003	48.108	-122.49	2018-7587	2018-07-17	18.58	23.163	13.413	5.107
SAR003	48.108	-122.49	2018-7603	2018-08-07	15.658	26.072	11.346	5.871
SAR003	48.108	-122.49	2018-7629	2018-09-05	13.433	28.157	11.772	25.839
SAR003	48.108	-122.49	2018-7668	2018-10-03	12.742	28.107	7.807	7.888
SAR003	48.108	-122.49	2018-7706	2018-11-06	11.598	21.33	9.226	2.565
SAR003	48.108	-122.49	2018-7740	2018-12-04	9.313	22.15	8.86	1.573
SIN001	47.55	-122.642	2015-6211	2015-01-22	9.43	27.772	7.974	2.136
SIN001	47.55	-122.642	2015-6256	2015-02-24	9.754	27.22	8.493	0.792
SIN001	47.55	-122.642	2015-6276	2015-03-18	10.17	27.385	9.684	5.281
SIN001	47.55	-122.642	2015-6297	2015-04-07	10.601	28.293	13.063	22.1
SIN001	47.55	-122.642	2015-6339	2015-05-06	12.35	28.56	12.438	7.417
SIN001	47.55	-122.642	2015-6362	2015-06-04	13.825	28.939	10.541	4.552
SIN001	47.55	-122.642	2015-6414	2015-07-07	16.713	29.309	11.672	11.139
SIN001	47.55	-122.642	2015-6447	2015-08-11	16.906	29.712	9.211	4.747
SIN001	47.55	-122.642	2015-6476	2015-09-14	15.882	29.963	10.973	17.2
SIN001	47.55	-122.642	2015-6544	2015-11-09	13.312	29.697	7.284	2.361
SIN001	47.55	-122.642	2015-6553	2015-11-23	10.402	27.893	8.192	2.627
SIN001	47.55	-122.642	2015-6571	2015-12-14	10.355	28.343	8.405	0.921
SIN001	47.55	-122.642	2016-6610	2016-01-19	9.196	28.253	7.657	1.233
SIN001	47.55	-122.642	2016-6650	2016-02-17	9.482	28.149	8.3	1.863
SIN001	47.55	-122.642	2016-6671	2016-03-17	9.346	26.942	8.954	1.338
SIN001	47.55	-122.642	2016-6704	2016-04-07	11.383	27.184	12.884	4.018
SIN001	47.55	-122.642	2016-6738	2016-05-02	14.366	27.352	15.623	12.444
SIN001	47.55	-122.642	2016-6778	2016-06-07	15.736	28.321	10.39	1.518
SIN001	47.55	-122.642	2016-6820	2016-07-20	15.438	29.119	12.591	17.384
SIN001	47.55	-122.642	2016-6849	2016-08-22	16.39	29.513	12.053	44.327
SIN001	47.55	-122.642	2016-6903	2016-09-22	15.039	29.831	11.095	20.091
SIN001	47.55	-122.642	2016-6939	2016-10-24	12.772	29.629	6.919	4.017
SIN001	47.55	-122.642	2016-6957	2016-11-21	11.954	29.469	6.66	3.896
SIN001	47.55	-122.642	2017-7015	2017-02-23	8.146	27.74	8.95	3.473
SIN001	47.55	-122.642	2017-7076	2017-04-28	10.449	27.618	10.706	5.344
SIN001	47.55	-122.642	2017-7114	2017-05-25	13.895	26.831	14.751	12.963
SIN001	47.55	-122.642	2017-7152	2017-06-21	14.244	27.78	10.821	3.427
SIN001	47.55	-122.642	2017-7183	2017-07-19	17.065	28.148	11.447	15.521
SIN001	47.55	-122.642	2017-7207	2017-08-14	16.178	28.837	12.218	34.802
SIN001	47.55	-122.642	2017-7252	2017-09-12	15.602	29.357	8.367	15.472
SIN001	47.55	-122.642	2017-7294	2017-10-23	12.361	29.715	7.442	2.365
SIN001	47.55	-122.642	2018-7367	2018-01-10	8.723	28.616	7.836	1.658
SIN001	47.55	-122.642	2018-7428	2018-03-07	8.042	27.937	9.431	2.721
SIN001	47.55	-122.642	2018-7461	2018-04-03	9.179	28.608	9.75	3.95
SIN001	47.55	-122.642	2018-7502	2018-05-01	11.269	27.963	13.431	4.677
SIN001	47.55	-122.642	2018-7536	2018-06-05	14.343	27.983	13.226	10.642
SIN001	47.55	-122.642	2018-7588	2018-07-17	16.121	29.086	15.562	25.081
SIN001	47.55	-122.642	2018-7663	2018-09-26	14.835	29.985	9.039	7.549
SIN001	47.55	-122.642	2018-7721	2018-11-13	11.216	30.077	7.332	5.222
SJF000	48.417	-123.025	2015-6200	2015-01-21	8.743	30.296	7.294	1.059
SJF000	48.417	-123.025	2015-6221	2015-02-11	9.086	29.786	7.636	1.851
SJF000	48.417	-123.025	2015-6264	2015-03-06	8.794	30.085	7.692	1.791
SJF000	48.417	-123.025	2015-6314	2015-04-16	9.312	30.032	7.846	1.044
SJF000	48.417	-123.025	2015-6341	2015-05-07	9.689	30.321	7.475	2.109
SJF000	48.417	-123.025	2015-6381	2015-06-17	10.842	30.216	7.191	1.417
SJF000	48.417	-123.025	2015-6399	2015-07-02	10.841	30.403	6.88	4.654
SJF000	48.417	-123.025	2015-6427	2015-08-03	11.645	30.919	6.892	3.91
SJF000	48.417	-123.025	2015-6467	2015-09-10	11.366	31.265	5.914	1.827
SJF000	48.417	-123.025	2015-6511	2015-10-07	11.1	30.728	6.08	2.856
SJF000	48.417	-123.025	2015-6527	2015-11-02	10.297	31.167	6.042	1.025
SJF000	48.417	-123.025	2016-6600	2016-01-15	8.54	30.545	8.131	1.139
SJF000	48.417	-123.025	2016-6627	2016-02-01	8.595	30.044	8.671	1.264
SJF000	48.417	-123.025	2016-6663	2016-03-02	8.841	29.844	8.885	1.774
SJF000	48.417	-123.025	2016-6695	2016-04-05	9.421	29.647	9.246	3.318
SJF000	48.417	-123.025	2016-6740	2016-05-05	9.73	30.346	7.028	0.7
SJF000	48.417	-123.025	2016-6779	2016-06-07	10.427	30.53	7.08	2.224
SJF000	48.417	-123.025	2016-6807	2016-07-06	10.563	30.734	6.851	1.834
SJF000	48.417	-123.025	2016-6839	2016-08-09	11.511	30.434	6.413	4.374
SJF000	48.417	-123.025	2016-6893	2016-09-14	11.541	30.393	6.595	3.943
SJF000	48.417	-123.025	2016-6920	2016-10-10	10.621	30.828	6.307	1.289
SJF000	48.417	-123.025	2016-6958	2016-11-21	10.35	30.371	7.262	1.04
SJF000	48.417	-123.025	2017-7008	2017-02-07	7.214			1.105
SJF000	48.417	-123.025	2017-7037	2017-03-20	7.75	29.801		1.438
SJF000	48.417	-123.025	2017-7054	2017-04-04	8.296	29.794	8.907	1.523
SJF000	48.417	-123.025	2017-7078	2017-05-02	9.22	29.958	8.714	0.946
SJF000	48.417	-123.025	2017-7118	2017-06-06	10.167	30.394	7.325	1.608
SJF000	48.417	-123.025	2017-7166	2017-07-10	10.753	29.993	7.338	5.562
SJF000	48.417	-123.025	2017-7215	2017-08-22	10.76	31.072	5.731	1.834
SJF000	48.417	-123.025	2017-7230	2017-09-05	11.338	30.469	5.545	1.199
SJF000	48.417	-123.025	2017-7274	2017-10-04	10.453	30.803	5.464	1.526
SJF000	48.417	-123.025	2017-7321	2017-11-09	9.193	31.324	6.409	1.052
SJF000	48.417	-123.025	2017-7329	2017-12-05	9.209	30.552	7.764	0.887
SJF000	48.417	-123.025	2018-7397	2018-02-06	8.188	30.377	8.732	0.819
SJF000	48.417	-123.025	2018-7418	2018-03-06	7.686	30.841	8.16	1.117
SJF000	48.417	-123.025	2018-7464	2018-04-18	8.844	30.577		1.39
SJF000	48.417	-123.025	2018-7503	2018-05-01	9.184	30.74		1.275
SJF000	48.417	-123.025	2018-7527	2018-06-04	10.51	29.963		1.106
SJF000	48.417	-123.025	2018-7612	2018-08-09	10.911	31.057	6.639	7.386
SJF000	48.417	-123.025	2018-7637	2018-09-06	11.77	30.672	6.372	1.19
SJF000	48.417	-123.025	2018-7672	2018-10-04	10.277	31.02	5.442	0.79
SJF000	48.417	-123.025	2018-7710	2018-11-07	9.958	31.384	6.22	0.615
SJF000	48.417	-123.025	2018-7743	2018-12-05	9.093	30.92	6.525	0.681
SJF001	48.333	-123.025	2015-6201	2015-01-21	8.712	30.109	7.522	1.043
SJF001	48.333	-123.025	2015-6222	2015-02-11	9.684	29.867	8.467	2.012
SJF001	48.333	-123.025	2015-6265	2015-03-06	8.892	30.034	7.721	1.352
SJF001	48.333	-123.025	2015-6315	2015-04-16	9.49	30.045	7.941	1.008
SJF001	48.333	-123.025	2015-6342	2015-05-07	9.58	30.494	7.285	1.846
SJF001	48.333	-123.025	2015-6382	2015-06-17	10.879	30.213	7.557	1.778
SJF001	48.333	-123.025	2015-6400	2015-07-02	11.915	30.312	7.756	4.149
SJF001	48.333	-123.025	2015-6428	2015-08-03	11.181	31.212	6.602	3.172
SJF001	48.333	-123.025	2015-6468	2015-09-10	11.975	31.142	6.278	2.916
SJF001	48.333	-123.025	2015-6512	2015-10-07	11.252	30.655		2.836
SJF001	48.333	-123.025	2015-6528	2015-11-02	10.504	31.244	6.048	1.191
SJF001	48.333	-123.025	2016-6601	2016-01-15	8.493	30.503	8.157	1.126
SJF001	48.333	-123.025	2016-6628	2016-02-01	8.659	30.178	8.775	1.506
SJF001	48.333	-123.025	2016-6664	2016-03-02	8.912	29.584	8.868	1.677
SJF001	48.333	-123.025	2016-6696	2016-04-05	9.47	29.685	9.16	2.354
SJF001	48.333	-123.025	2016-6741	2016-05-05	10.458	29.442	8.19	1.158
SJF001	48.333	-123.025	2016-6780	2016-06-07	10.588	30.591	7.407	1.907
SJF001	48.333	-123.025	2016-6808	2016-07-06	10.49	30.869	6.893	1.451
SJF001	48.333	-123.025	2016-6840	2016-08-09	11.456	30.577	6.788	4.44
SJF001	48.333	-123.025	2016-6894	2016-09-14	12.138	29.913	6.87	5.829
SJF001	48.333	-123.025	2016-6921	2016-10-10	10.745	30.937	6.109	1.217
SJF001	48.333	-123.025	2016-6959	2016-11-21	10.505	30.645	7.212	1.007
SJF001	48.333	-123.025	2017-7009	2017-02-07	7.012			1.097
SJF001	48.333	-123.025	2017-7038	2017-03-20	7.924	30.161	9.208	1.196
SJF001	48.333	-123.025	2017-7055	2017-04-04	8.495	29.508	8.999	1.997
SJF001	48.333	-123.025	2017-7079	2017-05-02	9.301	29.875	8.741	1.239
SJF001	48.333	-123.025	2017-7119	2017-06-06	10.581	30.043	7.969	2.041
SJF001	48.333	-123.025	2017-7167	2017-07-10	11.114	29.961	8.37	5.641
SJF001	48.333	-123.025	2017-7216	2017-08-22	11.112	30.887	6.14	2.462
SJF001	48.333	-123.025	2017-7231	2017-09-05	11.748	30.346	6.004	1.355
SJF001	48.333	-123.025	2017-7275	2017-10-04	10.994	30.436	6.808	3.784
SJF001	48.333	-123.025	2017-7322	2017-11-09	9.159	31.386	6.076	1.041
SJF001	48.333	-123.025	2018-7398	2018-02-06	8.189	30.161	8.87	1.102
SJF001	48.333	-123.025	2018-7419	2018-03-06	7.718	30.732	8.147	0.779
SJF001	48.333	-123.025	2018-7465	2018-04-18	8.95	30.315		2.151
SJF001	48.333	-123.025	2018-7504	2018-05-01	9.166	30.638		1.386
SJF001	48.333	-123.025	2018-7528	2018-06-04	10.792	29.653		1.562
SJF001	48.333	-123.025	2018-7608	2018-08-08	12.24	30.84	9.432	20.012
SJF001	48.333	-123.025	2018-7638	2018-09-06	11.744	30.852	6.422	1.763
SJF001	48.333	-123.025	2018-7673	2018-10-04	10.586	30.902	6.22	1.493
SJF001	48.333	-123.025	2018-7711	2018-11-07	10.265	31.333	6.285	0.736
SJF001	48.333	-123.025	2018-7744	2018-12-05	9.208	30.911	6.635	0.682
SJF002	48.25	-123.025	2015-6202	2015-01-21	8.889	30.418	7.032	0.791
SJF002	48.25	-123.025	2015-6223	2015-02-11	10.052	29.329	8.6	2.414
SJF002	48.25	-123.025	2015-6266	2015-03-06	8.964	29.769	7.86	1.542
SJF002	48.25	-123.025	2015-6316	2015-04-16	9.642	29.901	8.37	2.118
SJF002	48.25	-123.025	2015-6343	2015-05-07	9.851	30.126	7.742	1.815
SJF002	48.25	-123.025	2015-6383	2015-06-17	11.158	29.951	7.392	1.98
SJF002	48.25	-123.025	2015-6429	2015-08-03	11.672	31.113	6.847	2.683
SJF002	48.25	-123.025	2015-6469	2015-09-10	11.529	31.115	6.015	2.019
SJF002	48.25	-123.025	2015-6513	2015-10-07	11.024	31.025		2.325
SJF002	48.25	-123.025	2015-6529	2015-11-02	9.836	31.97	5.766	1.295
SJF002	48.25	-123.025	2016-6602	2016-01-15	8.725	31.435	7.575	0.914
SJF002	48.25	-123.025	2016-6629	2016-02-01	8.842	30.104	8.965	1.579
SJF002	48.25	-123.025	2016-6665	2016-03-02	8.961	29.645	8.596	1.227
SJF002	48.25	-123.025	2016-6742	2016-05-05	10.176	29.753	7.969	0.917
SJF002	48.25	-123.025	2016-6781	2016-06-07	10.646	30.299	7.482	1.943
SJF002	48.25	-123.025	2016-6809	2016-07-06	10.968	30.409	7.133	1.414
SJF002	48.25	-123.025	2016-6841	2016-08-09	11.771	30.546	6.709	2.655
SJF002	48.25	-123.025	2016-6895	2016-09-14	11.508	30.666	6.015	1.798
SJF002	48.25	-123.025	2016-6922	2016-10-10	10.655	31.094	6.066	1.33
SJF002	48.25	-123.025	2016-6960	2016-11-21	10.422	31.044	7.056	1.008
SJF002	48.25	-123.025	2017-7010	2017-02-07	7.488			0.907
SJF002	48.25	-123.025	2017-7039	2017-03-20	8.129	29.471	9.561	1.161
SJF002	48.25	-123.025	2017-7069	2017-04-11	8.843	30.109	9.135	1.976
SJF002	48.25	-123.025	2017-7080	2017-05-02	9.279	29.715	8.774	1.083
SJF002	48.25	-123.025	2017-7120	2017-06-06	10.698	29.557	8.526	2.449
SJF002	48.25	-123.025	2017-7168	2017-07-10	11.544	29.739	8.982	7.278
SJF002	48.25	-123.025	2017-7226	2017-08-23	11.241	30.708	6.517	1.643
SJF002	48.25	-123.025	2017-7232	2017-09-05	11.296	30.803	5.726	1.732
SJF002	48.25	-123.025	2017-7283	2017-10-05	10.664	30.878	5.73	2.469
SJF002	48.25	-123.025	2017-7326	2017-11-10	9.2	31.387	5.737	0.978
SJF002	48.25	-123.025	2017-7333	2017-12-06	9.212	30.488	7.695	0.91
SJF002	48.25	-123.025	2018-7402	2018-02-07	8.233	29.956	8.706	1.014
SJF002	48.25	-123.025	2018-7429	2018-03-07	7.825	31.253	7.424	0.947
SJF002	48.25	-123.025	2018-7473	2018-04-19	8.851	30.514		1.169
SJF002	48.25	-123.025	2018-7508	2018-05-02	9.249	30.333		1.299
SJF002	48.25	-123.025	2018-7537	2018-06-05	10.58	29.846		3.39
SJF002	48.25	-123.025	2018-7609	2018-08-08	11.912	30.828	7.143	3.987
SJF002	48.25	-123.025	2018-7649	2018-09-07	11.039	31.32	5.696	1.244
SJF002	48.25	-123.025	2018-7674	2018-10-04	10.553	31.005	5.934	1.516
SJF002	48.25	-123.025	2018-7712	2018-11-07	9.839	31.672	6.103	0.782
SJF002	48.25	-123.025	2018-7745	2018-12-05	9.058	31.621	6.332	0.648
SKG003	48.297	-122.488	2015-6203	2015-01-21	8.386	20.338	8.465	1.399
SKG003	48.297	-122.488	2015-6235	2015-02-17	9.916	24.97	6.865	1.016
SKG003	48.297	-122.488	2015-6283	2015-03-24	9.87	13.233	10.043	1.298
SKG003	48.297	-122.488	2015-6328	2015-04-29	11.004	23.104	10.576	8.026
SKG003	48.297	-122.488	2015-6379	2015-06-15	13.837	22.393	10.334	18.246
SKG003	48.297	-122.488	2015-6407	2015-07-06	15.216	24.926	10.722	19.863
SKG003	48.297	-122.488	2015-6448	2015-08-11	14.091	26.622	8.57	16.717
SKG003	48.297	-122.488	2015-6489	2015-09-21	14.451	27.199	9.596	10.249
SKG003	48.297	-122.488	2015-6554	2015-11-23	11.05	24.897	6.078	0.751
SKG003	48.297	-122.488	2015-6578	2015-12-16	7.604	15.273		1.634
SKG003	48.297	-122.488	2016-6625	2016-01-25	7.523	15.071	9.905	1.488
SKG003	48.297	-122.488	2016-6658	2016-02-22	8.042	15.44	9.865	2.374
SKG003	48.297	-122.488	2016-6686	2016-03-22	9.584	15.485	10.82	6.126
SKG003	48.297	-122.488	2016-6722	2016-04-18	10.398	25.39	8.098	4.076
SKG003	48.297	-122.488	2016-6761	2016-05-17	10.643	25.309	7.015	2.731
SKG003	48.297	-122.488	2016-6810	2016-07-06	13.756	15.351	9.706	6.09
SKG003	48.297	-122.488	2016-6856	2016-08-23	13.438	27.46	7.958	11.7
SKG003	48.297	-122.488	2016-6882	2016-09-12	12.659	28.216		8.012
SKG003	48.297	-122.488	2017-7016	2017-02-23	7.738	22.821	8.791	1.089
SKG003	48.297	-122.488	2017-7056	2017-04-04	8.709	21.317		14.029
SKG003	48.297	-122.488	2017-7095	2017-05-09	9.913	18.774	9.472	2.255
SKG003	48.297	-122.488	2017-7144	2017-06-14	12.594	10.762	10.444	3.395
SKG003	48.297	-122.488	2017-7176	2017-07-18	11.488	27.065	7.871	4.785
SKG003	48.297	-122.488	2017-7210	2017-08-16	11.562	27.379	6.217	4.247
SKG003	48.297	-122.488	2017-7257	2017-09-13	11.635	28.869	4.303	1.032
SKG003	48.297	-122.488	2017-7295	2017-10-23	10.566	15.917	8.71	1.469
SKG003	48.297	-122.488	2017-7339	2017-12-07	8.223	18.526	8.501	0.679
SKG003	48.297	-122.488	2018-7368	2018-01-10	8.552	23.992	8.597	1.792
SKG003	48.297	-122.488	2018-7430	2018-03-07	8.08	21.748	8.883	1.421
SKG003	48.297	-122.488	2018-7485	2018-04-24	9.846	23.928	9.283	3.19
SKG003	48.297	-122.488	2018-7524	2018-05-23	10.581	23.758	7.915	1.319
SKG003	48.297	-122.488	2018-7553	2018-06-12	12.337	15.378	9.632	2.372
SKG003	48.297	-122.488	2018-7589	2018-07-17	13.517	23.722	7.719	3.047
SKG003	48.297	-122.488	2018-7604	2018-08-07	12.209	27.445	7.745	7.579
SKG003	48.297	-122.488	2018-7630	2018-09-05	12.489	27.822	6.213	6.417
SKG003	48.297	-122.488	2018-7669	2018-10-03	12.343	27.298	5.625	3.051
SKG003	48.297	-122.488	2018-7707	2018-11-06	10.273	9.583	9.693	1.834
SKG003	48.297	-122.488	2018-7741	2018-12-04	8.817	21.292	7.146	1.137
WPA003	46.705	-123.837	2015-6214	2015-01-28	10.194	13.298	9.839	2.358
WPA003	46.705	-123.837	2015-6245	2015-02-23	9.798	14.045	9.901	3.805
WPA003	46.705	-123.837	2015-6287	2015-03-26	11.618	12.483	9.567	3.28
WPA003	46.705	-123.837	2015-6317	2015-04-16	11.945	19.873	9.577	4.579
WPA003	46.705	-123.837	2015-6350	2015-05-26	14.998	21.711	8.173	8.01
WPA003	46.705	-123.837	2015-6386	2015-06-22	19.365	25.666	7.402	8.782
WPA003	46.705	-123.837	2015-6420	2015-07-22	20.925	26.5	6.453	10.125
WPA003	46.705	-123.837	2015-6456	2015-08-17	20.09	28.8	5.398	5.877
WPA003	46.705	-123.837	2015-6492	2015-09-22	17.443	26.446	6.574	6.945
WPA003	46.705	-123.837	2015-6520	2015-10-27	13.416	25.593	7.424	3.557
WPA003	46.705	-123.837	2015-6557	2015-11-30	7.606	25.207	9.709	2.379
WPA003	46.705	-123.837	2015-6586	2015-12-29	7.212	17.924	10.565	1.495
WPA003	46.705	-123.837	2016-6613	2016-01-20	8.167	13.952	10.402	1.658
WPA003	46.705	-123.837	2016-6689	2016-03-29	11.098	14.225		
WPA003	46.705	-123.837	2016-6725	2016-04-19	14.999	20.93	9.47	5.437
WPA003	46.705	-123.837	2016-6764	2016-05-23	15.224	24.74	7.709	4.499
WPA003	46.705	-123.837	2016-6793	2016-06-29	18.797	22.052	7.889	14.731
WPA003	46.705	-123.837	2016-6821	2016-07-20	19.651	26.373	6.486	5.959
WPA003	46.705	-123.837	2016-6859	2016-08-24	18.81	28.427	6.198	5.058
WPA003	46.705	-123.837	2016-6885	2016-09-13	17.081	29.315	6.729	5.617
WPA003	46.705	-123.837	2016-6925	2016-10-11	14.095	22.624	7.454	3.016
WPA003	46.705	-123.837	2017-6997	2017-01-31	6.963	14.836	10.87	2.106
WPA003	46.705	-123.837	2017-7083	2017-05-08	14.182	18.023	9.946	6.313
WPA003	46.705	-123.837	2017-7121	2017-06-06	17.338	19.771	8.367	5.065
WPA003	46.705	-123.837	2017-7184	2017-07-31	19.812	25.78	7.252	7.222
WPA003	46.705	-123.837	2017-7217	2017-08-22	19.555	26.615	5.942	4.637
WPA003	46.705	-123.837	2017-7298	2017-10-31	12.047	25.003	8.417	3.325
WPA003	46.705	-123.837	2017-7354	2017-12-12	6.82	19.086	10.359	1.348
WPA003	46.705	-123.837	2018-7410	2018-02-22	6.545	17.295	10.879	2.951
WPA003	46.705	-123.837	2018-7449	2018-03-29	9.387	19.516	10.424	3.941
WPA003	46.705	-123.837	2018-7488	2018-04-25	12.371	19.203	10.241	6.249
WPA003	46.705	-123.837	2018-7554	2018-06-22	17.991	24.483	6.757	3.898
WPA003	46.705	-123.837	2018-7568	2018-07-12	20.217	24.314	6.657	6.046
WPA003	46.705	-123.837	2018-7613	2018-08-09	20.336	29.268	5.949	3.28
WPA003	46.705	-123.837	2018-7652	2018-09-25	16.197	27.827	7.033	3.809
WPA003	46.705	-123.837	2018-7730	2018-11-19	9.7	26.112	9.413	4.588
WPA004	46.687	-123.972	2015-6215	2015-01-28	10.094	20.297	9.558	2.48
WPA004	46.687	-123.972	2015-6246	2015-02-23	9.748	21.843	9.646	3.228
WPA004	46.687	-123.972	2015-6288	2015-03-26	11.926	18.359	9.626	3.727
WPA004	46.687	-123.972	2015-6318	2015-04-16	11.862	25.028	9.766	4.072
WPA004	46.687	-123.972	2015-6351	2015-05-26	14.158	28.325	8.658	5.437
WPA004	46.687	-123.972	2015-6387	2015-06-22	16.636	30.963	7.743	7.968
WPA004	46.687	-123.972	2015-6421	2015-07-22	17.855	30.405	6.608	8.613
WPA004	46.687	-123.972	2015-6457	2015-08-17	19.161	28.985	6.013	5.977
WPA004	46.687	-123.972	2015-6493	2015-09-22	16.12	29.369	7.985	5.161
WPA004	46.687	-123.972	2015-6521	2015-10-27	13.354	28.788	8.242	4.308
WPA004	46.687	-123.972	2015-6558	2015-11-30	8.456	27.036	9.921	3.014
WPA004	46.687	-123.972	2015-6587	2015-12-29	8.154	23.084	10.358	1.55
WPA004	46.687	-123.972	2016-6614	2016-01-20	8.632	22.072	10.174	1.632
WPA004	46.687	-123.972	2016-6631	2016-02-08	9.179	17.399	10.528	2.462
WPA004	46.687	-123.972	2016-6690	2016-03-29	11.135	18.294	9.742	3.467
WPA004	46.687	-123.972	2016-6726	2016-04-19	13.407	23.06	9.924	10.929
WPA004	46.687	-123.972	2016-6765	2016-05-23	14.234	27.407	8.051	3.586
WPA004	46.687	-123.972	2016-6794	2016-06-29	12.326	31.369	7.173	9.56
WPA004	46.687	-123.972	2016-6822	2016-07-20	18.315	28.547	7.316	7.983
WPA004	46.687	-123.972	2016-6860	2016-08-24	15.635	31.832	7.504	4.238
WPA004	46.687	-123.972	2016-6886	2016-09-13	12.639	32.078	7.921	9.866
WPA004	46.687	-123.972	2016-6926	2016-10-11	13.546	27.78	8.57	2.326
WPA004	46.687	-123.972	2017-6998	2017-01-31	7.225	22.573	10.457	1.446
WPA004	46.687	-123.972	2017-7046	2017-03-31	10.004	21.173		2.756
WPA004	46.687	-123.972	2017-7084	2017-05-08	12.457	24.602	9.751	9.764
WPA004	46.687	-123.972	2017-7122	2017-06-06	13.487	26.185	8.79	3.006
WPA004	46.687	-123.972	2017-7185	2017-07-31	14.246	32.156	7.826	9.407
WPA004	46.687	-123.972	2017-7218	2017-08-22	15.676	31.465	6.812	4.455
WPA004	46.687	-123.972	2017-7260	2017-09-27	15.425	28.549	8.869	8.237
WPA004	46.687	-123.972	2017-7299	2017-10-31	12.236	30.291	9.172	5.485
WPA004	46.687	-123.972	2017-7355	2017-12-12	7.951	25.169	10.005	1.974
WPA004	46.687	-123.972	2018-7411	2018-02-22	6.196	21.308	10.72	3.314
WPA004	46.687	-123.972	2018-7450	2018-03-29	9.254	26.485	10.163	10.287
WPA004	46.687	-123.972	2018-7489	2018-04-25	11.097	27.967	9.857	9.167
WPA004	46.687	-123.972	2018-7555	2018-06-22	16.307	25.611	9.041	8.599
WPA004	46.687	-123.972	2018-7569	2018-07-12	18.157	27.312	7.632	6.216
WPA004	46.687	-123.972	2018-7614	2018-08-09	14.837	31.345	6.644	8.154
WPA004	46.687	-123.972	2018-7653	2018-09-25	15.199	29.113	8.239	8.902
WPA004	46.687	-123.972	2018-7695	2018-10-30	12.503	27.157	8.022	3.036
WPA004	46.687	-123.972	2018-7731	2018-11-19	10.552	29.662	9.344	8.418
WPA006	46.545	-123.978	2015-6216	2015-01-28	10.062	20.408	9.871	3.008
WPA006	46.545	-123.978	2015-6247	2015-02-23	10.591	19.698	9.771	3.65
WPA006	46.545	-123.978	2015-6289	2015-03-26	12.056	21.264	9.543	5.703
WPA006	46.545	-123.978	2015-6319	2015-04-16	11.954	22.131	9.957	5.035
WPA006	46.545	-123.978	2015-6352	2015-05-26	14.07	28.525	9.157	7.274
WPA006	46.545	-123.978	2015-6388	2015-06-22	17.668	29.793	7.815	7.938
WPA006	46.545	-123.978	2015-6422	2015-07-22	19.69	29.878	7.236	13.302
WPA006	46.545	-123.978	2015-6458	2015-08-17	19.682	30.326	7.457	10.209
WPA006	46.545	-123.978	2015-6494	2015-09-22	16.766	30.229	8.086	6.005
WPA006	46.545	-123.978	2015-6522	2015-10-27	13.788	29.315	8.36	5.964
WPA006	46.545	-123.978	2015-6588	2015-12-29	7.323	21.872	10.42	1.593
WPA006	46.545	-123.978	2016-6615	2016-01-20	8.104	22.288	10.234	2.022
WPA006	46.545	-123.978	2016-6632	2016-02-08	8.987	19.883	10.369	2.376
WPA006	46.545	-123.978	2016-6691	2016-03-29	11.114	18.661	10.441	4.567
WPA006	46.545	-123.978	2016-6727	2016-04-19	13.918	22.823	9.732	6.563
WPA006	46.545	-123.978	2016-6766	2016-05-23	14.983	26.924	8.05	4.344
WPA006	46.545	-123.978	2016-6795	2016-06-29	17.03	28.127	7.496	6.5
WPA006	46.545	-123.978	2016-6823	2016-07-20	19.279	28.176	7.147	5.502
WPA006	46.545	-123.978	2016-6861	2016-08-24	17.817	31.082	7.571	5.692
WPA006	46.545	-123.978	2016-6887	2016-09-13	17.023	30.141	7.926	6.867
WPA006	46.545	-123.978	2016-6927	2016-10-11	13.916	28.096	8.432	2.918
WPA006	46.545	-123.978	2017-6999	2017-01-31	6.918	22.071	11.193	5.961
WPA006	46.545	-123.978	2017-7047	2017-03-31	9.996	17.844		3.321
WPA006	46.545	-123.978	2017-7085	2017-05-08	13.534	20.063	9.896	6.004
WPA006	46.545	-123.978	2017-7123	2017-06-06	15.693	22.05	8.346	4.061
WPA006	46.545	-123.978	2017-7186	2017-07-31	17.627	29.833	8.223	7.983
WPA006	46.545	-123.978	2017-7219	2017-08-22	18.265	30.039	6.92	4.49
WPA006	46.545	-123.978	2017-7261	2017-09-27	16.274	29.457	8.3	5.505
WPA006	46.545	-123.978	2017-7300	2017-10-31	12.477	27.343	8.719	3.68
WPA006	46.545	-123.978	2017-7356	2017-12-12	7.251	22.405	10.3	2.094
WPA006	46.545	-123.978	2018-7412	2018-02-22	6.56	20.563	10.989	4.024
WPA006	46.545	-123.978	2018-7451	2018-03-29	9.153	22.771	9.435	7.476
WPA006	46.545	-123.978	2018-7490	2018-04-25	12.217	21.968	10.404	9.231
WPA006	46.545	-123.978	2018-7556	2018-06-22	17.607	25.842	7.81	3.747
WPA006	46.545	-123.978	2018-7570	2018-07-12	19.126	27.069	7.684	4.666
WPA006	46.545	-123.978	2018-7615	2018-08-09	18.919	29.739	7.579	9.605
WPA006	46.545	-123.978	2018-7654	2018-09-25	16.173	28.97	7.729	7.044
WPA006	46.545	-123.978	2018-7696	2018-10-30	12.877	28.036	7.844	2.214
WPA006	46.545	-123.978	2018-7732	2018-11-19	10.159	27.053	9.558	6.273
WPA007	46.453	-124.008	2015-6217	2015-01-28	9.974	19.057	9.865	2.66
WPA007	46.453	-124.008	2015-6248	2015-02-23	9.875	18.567	10.071	3.884
WPA007	46.453	-124.008	2015-6290	2015-03-26	12.01	20.334	9.563	4.626
WPA007	46.453	-124.008	2015-6320	2015-04-16	12.139	20.895	9.831	4.189
WPA007	46.453	-124.008	2015-6389	2015-06-22	18.717	28.927	7.433	6.014
WPA007	46.453	-124.008	2015-6423	2015-07-22	19.993	30.191	7.106	7.877
WPA007	46.453	-124.008	2015-6459	2015-08-17	19.938	30.843	6.699	4.5
WPA007	46.453	-124.008	2015-6495	2015-09-22	17.291	30.029	7.821	4.288
WPA007	46.453	-124.008	2015-6523	2015-10-27	14.158	29.264	8.121	3.581
WPA007	46.453	-124.008	2016-6616	2016-01-20	7.824	20.682	10.393	2.133
WPA007	46.453	-124.008	2016-6633	2016-02-08	8.804	17.465	10.488	2.455
WPA007	46.453	-124.008	2016-6692	2016-03-29	11.163	17.774	10.647	4.484
WPA007	46.453	-124.008	2016-6728	2016-04-19	14.485	22.281	9.366	3.69
WPA007	46.453	-124.008	2016-6767	2016-05-23	15.449	26.015	7.911	3.353
WPA007	46.453	-124.008	2016-6796	2016-06-29	17.803	27.637	7.429	3.675
WPA007	46.453	-124.008	2016-6824	2016-07-20	19.65	28.322	7.362	4.215
WPA007	46.453	-124.008	2016-6862	2016-08-24	19.119	30.558	7.454	4.635
WPA007	46.453	-124.008	2016-6888	2016-09-13	18.489	30.211	7.799	4.738
WPA007	46.453	-124.008	2016-6928	2016-10-11	14.274	28.27	8.439	2.696
WPA007	46.453	-124.008	2017-7000	2017-01-31	6.759	21.54	11.545	10.492
WPA007	46.453	-124.008	2017-7086	2017-05-08	13.984	19.065	9.616	4.558
WPA007	46.453	-124.008	2017-7124	2017-06-06	16.474	22.182	8.72	3.7
WPA007	46.453	-124.008	2017-7187	2017-07-31	19.382	28.143	7.783	5.621
WPA007	46.453	-124.008	2017-7220	2017-08-22	18.937	29.725	6.941	3.539
WPA007	46.453	-124.008	2017-7262	2017-09-27	17.421	29.982	7.405	2.536
WPA007	46.453	-124.008	2017-7301	2017-10-31	12.755	24.907	8.604	2.393
WPA007	46.453	-124.008	2017-7357	2017-12-12	6.627	19.856	10.57	1.655
WPA007	46.453	-124.008	2018-7413	2018-02-22	5.46	17.587	11.715	3.149
WPA007	46.453	-124.008	2018-7452	2018-03-29	9.305	21.677	10.259	4.778
WPA007	46.453	-124.008	2018-7491	2018-04-25	12.593	17.834	10.601	6.883
WPA007	46.453	-124.008	2018-7557	2018-06-22	18.668	24.069	7.308	2.947
WPA007	46.453	-124.008	2018-7571	2018-07-12	19.586	26.807	7.6	3.473
WPA007	46.453	-124.008	2018-7616	2018-08-09	20.147	29.497	7.392	4.674
WPA007	46.453	-124.008	2018-7655	2018-09-25	16.568	29.795	6.727	2.942
WPA007	46.453	-124.008	2018-7697	2018-10-30	13.022	27.437	8.445	2.276
WPA007	46.453	-124.008	2018-7733	2018-11-19	9.949	25.166	9.496	3.496
WPA008	46.464	-123.939	2015-6218	2015-01-28	9.916	14.359	9.983	2.936
WPA008	46.464	-123.939	2015-6249	2015-02-23	9.637	14.93	9.993	4.604
WPA008	46.464	-123.939	2015-6291	2015-03-26	11.804	12.57	10.176	5.88
WPA008	46.464	-123.939	2015-6321	2015-04-16	12.355	19.561	9.921	4.183
WPA008	46.464	-123.939	2015-6353	2015-05-26	14.991	24.965	7.947	5.741
WPA008	46.464	-123.939	2015-6390	2015-06-22	19.58	25.729	7.088	7.733
WPA008	46.464	-123.939	2015-6424	2015-07-22	20.845	29.059	6.656	10.057
WPA008	46.464	-123.939	2015-6460	2015-08-17	20.994	30.158	6.241	5.095
WPA008	46.464	-123.939	2015-6496	2015-09-22	17.661	28.516	7.365	5.615
WPA008	46.464	-123.939	2015-6524	2015-10-27	13.973	28.557	7.899	3.342
WPA008	46.464	-123.939	2016-6693	2016-03-29	11.116	10.843	12.037	13.651
WPA008	46.464	-123.939	2016-6729	2016-04-19	14.963	21.352	9.276	4.024
WPA008	46.464	-123.939	2016-6768	2016-05-23	16.092	22.924	7.693	5.018
WPA008	46.464	-123.939	2016-6797	2016-06-29	18.064	26.145	7.389	4.965
WPA008	46.464	-123.939	2016-6825	2016-07-20	20.198	26.316	6.927	4.756
WPA008	46.464	-123.939	2016-6863	2016-08-24	20.025	28.819	6.676	5.098
WPA008	46.464	-123.939	2016-6929	2016-10-11	14.03	20.626	8.63	2.598
WPA008	46.464	-123.939	2017-7001	2017-01-31	6.674	18.274	11.989	11.948
WPA008	46.464	-123.939	2017-7048	2017-03-31	10.08	8.152		3.195
WPA008	46.464	-123.939	2017-7087	2017-05-08	14.226	17.423	9.504	5.476
WPA008	46.464	-123.939	2017-7125	2017-06-06	17.003	21.239	8.333	4.282
WPA008	46.464	-123.939	2017-7188	2017-07-31	19.669	26.751	7.311	6.308
WPA008	46.464	-123.939	2017-7221	2017-08-22	19.726	28.473	6.801	4.233
WPA008	46.464	-123.939	2017-7263	2017-09-27	17.674	28.218	6.983	3.325
WPA008	46.464	-123.939	2017-7302	2017-10-31	12.588	23.235	8.775	2.018
WPA008	46.464	-123.939	2017-7358	2017-12-12	6.055	17.336	10.97	2.014
WPA008	46.464	-123.939	2018-7414	2018-02-22	5.338	12.224	11.812	3.89
WPA008	46.464	-123.939	2018-7453	2018-03-29	9.248	20.264	10.259	4.39
WPA008	46.464	-123.939	2018-7492	2018-04-25	13.804	15.03	10.813	3.384
WPA008	46.464	-123.939	2018-7558	2018-06-22	19.494	22.236	6.795	4.313
WPA008	46.464	-123.939	2018-7572	2018-07-12	20.16	26.119	7.257	4.194
WPA008	46.464	-123.939	2018-7617	2018-08-09	20.611	29.23	7.111	4.609
WPA008	46.464	-123.939	2018-7656	2018-09-25	16.588	29.368	6.986	3.344
WPA008	46.464	-123.939	2018-7698	2018-10-30	12.763	22.39	8.434	2.548
WPA008	46.464	-123.939	2018-7734	2018-11-19	9.543	23.298	9.502	3.785
WPA113	46.644	-123.993	2015-6219	2015-01-28	10.482	22.681	9.837	3.11
WPA113	46.644	-123.993	2015-6250	2015-02-23	10.412	22.463	9.576	3.754
WPA113	46.644	-123.993	2015-6292	2015-03-26	11.968	22.44	9.604	7.437
WPA113	46.644	-123.993	2015-6322	2015-04-16	11.819	26.452	9.862	4.936
WPA113	46.644	-123.993	2015-6354	2015-05-26	13.089	29.705	10.284	15.239
WPA113	46.644	-123.993	2015-6391	2015-06-22	16.278	30.943	8.393	8.826
WPA113	46.644	-123.993	2015-6425	2015-07-22	17.663	30.493	6.91	12.699
WPA113	46.644	-123.993	2015-6461	2015-08-17	18.204	29.219	7.796	9.948
WPA113	46.644	-123.993	2015-6497	2015-09-22	15.815	29.363	8.828	8.411
WPA113	46.644	-123.993	2015-6525	2015-10-27	13.75	29.057	8.585	6.478
WPA113	46.644	-123.993	2015-6559	2015-11-30	9.168	27.273	10.089	3.56
WPA113	46.644	-123.993	2015-6589	2015-12-29	8.634	23.472	10.428	1.641
WPA113	46.644	-123.993	2016-6617	2016-01-20	8.94	25.112	10.136	1.773
WPA113	46.644	-123.993	2016-6694	2016-03-29	11.091	20.914	9.737	4.871
WPA113	46.644	-123.993	2016-6730	2016-04-19	13.156	22.728	9.873	12.222
WPA113	46.644	-123.993	2016-6769	2016-05-23	13.963	27.797	8.387	5.343
WPA113	46.644	-123.993	2016-6798	2016-06-29	15.115	29.518	7.84	6.552
WPA113	46.644	-123.993	2016-6826	2016-07-20	18.048	28.758	7.822	8.659
WPA113	46.644	-123.993	2016-6864	2016-08-24	15.313	31.675	7.58	5.005
WPA113	46.644	-123.993	2016-6889	2016-09-13	12.748	32.056	8.062	9.81
WPA113	46.644	-123.993	2016-6930	2016-10-11	13.387	28.57	8.898	2.523
WPA113	46.644	-123.993	2017-7002	2017-01-31	7.398	23.866	10.437	2.041
WPA113	46.644	-123.993	2017-7049	2017-03-31	10.1	21.469		2.789
WPA113	46.644	-123.993	2017-7088	2017-05-08	11.813	26.922	9.302	8.699
WPA113	46.644	-123.993	2017-7126	2017-06-06	13.266	26.673	8.68	2.889
WPA113	46.644	-123.993	2017-7189	2017-07-31	13.93	32.323	8.342	8.609
WPA113	46.644	-123.993	2017-7222	2017-08-22	15.736	31.365	6.98	5.35
WPA113	46.644	-123.993	2017-7264	2017-09-27	15.691	28.993	8.446	6.189
WPA113	46.644	-123.993	2017-7303	2017-10-31	12.2	30.379	9.119	6.595
WPA113	46.644	-123.993	2017-7359	2017-12-12	8.665	26.757	9.943	2.602
WPA113	46.644	-123.993	2018-7415	2018-02-22	6.269	23.379	10.688	3.507
WPA113	46.644	-123.993	2018-7454	2018-03-29	9.314	27.477	9.883	7.375
WPA113	46.644	-123.993	2018-7493	2018-04-25	10.965	28.791	9.742	7.821
WPA113	46.644	-123.993	2018-7559	2018-06-22	17.009	26.571	8.196	5.438
WPA113	46.644	-123.993	2018-7573	2018-07-12	17.234	27.843	8.031	8.367
WPA113	46.644	-123.993	2018-7618	2018-08-09	13.021	31.683	6.316	9.577
WPA113	46.644	-123.993	2018-7657	2018-09-25	14.973	29.475	8.378	9.431
WPA113	46.644	-123.993	2018-7699	2018-10-30	12.604	28.051	8.426	2.504
WPA113	46.644	-123.993	2018-7735	2018-11-19	10.532	29.167	9.531	7.915
