sample_id	location	PCo1	PCo2	PCo3	PCo4	PCo5	PCo6	PCo7	PCo8	PCo9	PCo10	PCo11	PCo12	PCo13	PCo14	PCo15	PCo16	PCo17	PCo18	PCo19	PCo20	PCo21	PCo22	PCo23	PCo24	PCo25	PCo26	PCo27	PCo28	PCo29	PCo30	PCo31	PCo32	PCo33	PCo34	PCo35	PCo36	PCo37	PCo38	PCo39	PCo40	PCo41	PCo42	PCo43	PCo44	PCo45	PCo46	PCo47	PCo48	PCo49	PCo50	PCo51	PCo52	PCo53	PCo54	PCo55	PCo56	PCo57	PCo58	PCo59	PCo60	PCo61	PCo62	PCo63	PCo64	PCo65	PCo66	PCo67	PCo68	PCo69	PCo70	PCo71	PCo72	PCo73	PCo74	PCo75	PCo76	PCo77	PCo78	PCo79	PCo80	PCo81	PCo82	PCo83	PCo84	PCo85	PCo86	PCo87	PCo88	PCo89	PCo90	PCo91	PCo92	PCo93	PCo94	PCo95	PCo96	PCo97	PCo98	PCo99	PCo100	PCo101
CS18_22_Wild_plate1_A7	CS18_22_Wild_plate1	-389.67189142413315	273.21339137196406	-124.01913820638715	661.3643925213204	-351.48502646173336	-66.89238639180664	42.77388215723689	-49.442381206779515	489.02263706082397	-77.94591920235666	266.4453674883306	-415.94491161723164	356.9593881533191	-238.7447406873547	392.2917196551767	756.8515429544155	-221.85925383121668	11.380959387945001	89.9635123398881	-380.1672615704085	641.0649095183106	50.34226415905224	110.4478661818425	133.7497768955308	-255.87638111764514	-338.29660965512454	-140.70706659622607	42.00543677304937	263.37538295149204	364.5517928504952	-373.5617070121069	-637.2931216174959	354.8228454309462	45.840393552546836	148.85254860318338	95.62337328441889	392.8337440087976	-40.19686105333577	-435.9381346816762	-12.708022494586523	209.39798033719396	60.87731644172904	379.6649308242059	157.6344341600363	-659.0724504265191	-125.0193166981799	-51.54313769360435	-184.22551570981034	329.7514527639705	487.2731692726754	-533.1599355795435	-251.1879001236286	-149.96652849110407	-9.778942057720533	283.88631852674774	153.07729020561626	345.340164183052	-141.42744125336125	-281.71649860767866	-33.263472430590426	-256.33290348399817	203.85836907590794	114.99840501659706	96.73554931192342	104.83086647055123	19.558063138430647	144.80098568310618	-35.06231238439246	-100.49262677612577	-276.10211955651374	-110.2053800929935	-234.40458124098365	380.32003248361394	93.1503813651085	-173.60122620340692	-545.0263437733888	92.18968225154264	349.1061813084014	306.95133379179686	-147.9215350191201	-142.84307402817566	66.29340372549588	46.2991994200456	72.21696249673029	179.9022497145221	-293.8551312553287	-240.52705407116753	130.1091797733966	123.53108808660116	-240.42624608740329	85.40657262410089	-171.9862969759057	-18.284359433551014	32.74017387466594	-144.8860310527818	28.763305172927556	-59.235723578853175	42.31483556939639	-103.37021020365968	-42.71696392361194	-9.955431179486371
CS18_22_Wild_plate1_C6	CS18_22_Wild_plate1	-379.40870504177093	241.96793716565787	-37.60150492534744	576.6241253795763	-89.45328794790777	375.85312568067695	-355.5799135435998	-166.82226567398328	7.097946440374991	160.41680028960963	-109.76736036189692	-179.0630023614135	149.60613040775468	25.045175662069745	-51.367260607665344	-365.7881411578707	-557.5432123194312	-166.5681437645373	595.8451423102542	-164.42017190349492	-448.9650320965693	33.86661703073568	25.076561002234616	-297.699603723713	-292.4608519760113	-71.02901172338647	374.86359487134115	35.559448580744714	530.0863647964771	319.25466187513354	418.3897385224263	158.16093169768078	-4.727024917488811	211.86614245769883	19.982182284024177	-358.54860615680604	-439.8565574538649	-33.68989759502945	336.6745972040081	281.09480206465577	-189.6561312621063	86.22076245997908	394.7101014665694	-389.2894941333394	-22.48566945884664	-196.33068793013643	-64.56248171398231	-96.60666036139115	-511.0462381579094	328.94941197827364	340.4595284251202	361.5062691233145	-180.02499816395482	-436.4312659906076	21.5443347777896	-48.50723871385101	174.9019986619338	-216.29560779388783	-441.73879925193677	402.99208784841085	-5.699434354303233	46.37896010326842	-151.37238202535386	389.1217429547459	-47.906605434658296	18.268967192893065	-134.63865283166464	303.5339181313329	550.8988839837934	-56.27133971372963	110.51217521255123	52.37429492548027	536.6156239938545	52.827667629101406	150.90278753265696	173.72183350844622	-150.65905924385183	441.34960651065796	15.467449157357366	-157.38464925632937	316.6583529663784	-449.6897789630903	-212.75025186331314	293.1786832759494	-132.75658515131875	263.36761060298863	-175.27113610617693	306.1883194879686	-70.49989217725071	-191.60812623755814	199.29395378741341	272.7241192819505	-227.0466934067956	10.532470356497765	284.06010959717514	-164.79410059073356	-74.47507682011715	69.57149024705339	43.59957949560768	27.505835960238038	-8.369898350747215
CS18_22_Wild_plate1_D6	CS18_22_Wild_plate1	-306.2520962920937	100.65942060333475	-82.41007791147996	497.8258723252446	575.9925525908991	-113.28266981976758	101.04167814926606	196.5227944261473	-146.59264870554193	24.010703923708252	162.78365623484945	155.46741386676882	76.11438007828696	-307.2562934185534	98.37313107683535	-279.90141348360976	7.678263455315579	-171.8217422300739	-115.2034210869883	-131.83757680095547	359.34813641320505	159.2313409838372	-445.5870742046651	-23.622857257924245	158.19971829508668	-246.1059250948991	-333.6754793400801	177.25771029542526	1.919499067449183	-207.89951139687938	-85.1872625527505	318.97000476874973	107.2929901631899	262.00133421968366	-70.68772127669565	-39.4995512688424	117.16398245381365	-146.0832545965177	162.83332989063877	294.3948760721263	-68.53108560193138	-9.369358617858747	243.4741753817773	91.34982593727695	-21.97834963957855	-70.64179940554348	-44.91672389219332	111.12074256801074	-165.23169276790378	37.541455979857595	-370.3054237729446	261.2002008781347	-53.23845606736904	-58.784606060232704	455.40952295870903	62.992424592583895	-336.41913027325046	-91.42560594564736	26.132436691611137	-159.00733127780148	-122.45363571164081	-269.25830769357754	-56.89310778645612	121.47402916032934	-172.89261900471388	709.2754222747391	634.2330895319769	-529.2939527327643	323.0190349756687	17.410254124740472	-536.6580732998765	-90.7375689785606	-282.0534854028282	3.129356853430123	-445.65740090597154	485.7998634395495	58.496635843727724	-381.9812217865768	239.84263582074644	-423.29771625186265	-97.79291920611774	194.96480526529743	39.82800920568921	34.904747393311474	-466.08043604983044	-200.12126593509893	-329.65711193272625	-58.10002871355489	-343.1586450556697	309.18253899181855	-46.35889354861663	914.5828989258983	-343.72320214334474	26.843782467995084	-219.7802270045905	-150.55963501183012	-5.7608068921861	60.46910827038257	156.89034681588922	43.040677294653705	-14.201147902240583
CS18_22_Wild_plate1_E6	CS18_22_Wild_plate1	-378.0346867440392	152.9693022597606	-161.86359206272323	634.4973264799493	329.0320131076367	167.16261968208923	58.411905978671854	226.1512043671855	-235.87858017958402	483.0321893222285	-250.67909709766394	-344.168264890408	-0.19578751677964495	704.4967949416514	102.55791980021729	-72.48536911297656	224.2717629513047	542.3654705260591	-410.9324915377654	-519.9490938689773	-276.7839743919978	292.2216007096779	384.5290048930956	-23.266002567535033	-125.55256057418748	-323.94157405502233	-673.0455404285708	-775.0850616058472	-451.0706926798291	152.46183307841258	253.99291389305083	80.77575139154847	-51.3438765093998	-69.32933009162038	116.93249924250624	-241.36475021486484	250.99223413103655	-221.18275052253372	-65.04644967782313	53.7152619345629	-396.9375230994283	95.96449973240496	-48.62165804048524	78.30815132010126	322.60951676814835	36.87164972000919	-474.5900663698051	44.70001736577564	35.44278460978806	-187.5722624948235	-209.18671703037478	-0.35740140501463025	-95.79741346600935	57.027285507298615	-337.66073972057427	-212.02427352186197	-162.15749997902748	-514.8838116137795	-523.8258139006281	8.282500778910602	143.04109776167027	103.39870472849083	192.64867481073344	9.99445436596253	-124.00723601009412	-62.6625920376665	202.22268188840943	252.87652546421407	-142.88750932646806	735.5182379534771	41.54369194221186	317.5900783813419	-85.03512219775905	-424.16659319013405	-184.86608201122266	-199.37203399555239	158.22381815916302	253.68992857288563	-40.78468673408631	165.39620843410088	-53.50928676371779	311.0882702508999	62.46217087813881	290.06586263303274	177.7353538777624	-132.75704361126208	87.00279649544238	21.215027061041607	-68.9250394027991	-134.1743966206485	25.559797860238696	72.19692045266689	-18.346616840493873	-185.0794739413887	13.396333658566066	65.12290740963432	182.2399166942615	-30.17082108630611	-11.988676141609588	-66.74972007591411	-10.21477170190277
CS18_22_Wild_plate1_F6	CS18_22_Wild_plate1	-350.0115797006211	167.5267987303829	51.73622384447706	475.0260056534012	-48.870148397214074	452.3738834617471	122.34572217665799	-101.81533444886936	106.78577936758157	165.95240828048875	70.02102669637878	-52.97233555449732	283.5885374428509	-59.959019168951045	-53.481155771940536	104.60587978855257	14.799611531560101	-11.807814399211706	17.161019621686467	26.401058735959538	-15.179344360766999	86.25788889406468	-91.32327210262056	142.1515002303314	333.3123957892428	-42.921705200545176	62.945827157329624	19.535566940139287	289.3855539855305	-131.571151797515	119.37429867599714	76.7615285371339	356.58756604990344	23.10190404411064	374.7217222988401	252.95103328368063	268.3031926016994	-439.47784040993037	159.74128203211754	-47.02654251579179	-490.54781904260136	-97.81041632905149	-39.086714277877086	-33.25975105074315	159.67248445011782	383.6834678514621	298.27505493399065	168.07346602072855	95.22522213752244	-317.78371421615736	190.0200401374761	511.9882518582219	261.5132092306149	19.694424020361314	-24.654093302874642	-63.5092866438936	257.9327651228635	-36.244139832680936	-167.3329074171988	-282.08776454073217	-118.24128859434295	291.73127600227787	227.9022247709729	-95.65033177986355	128.97014601565837	-731.4081316182322	129.1935450021224	362.8254261253894	189.8705108974933	-330.19828790122733	-159.71214888879896	-75.82695186729704	71.25560439994852	334.85922398874675	301.0911339278416	-145.9147520888727	200.85980031118504	-837.6704745354323	-460.41028021069127	-89.91288375006654	384.35883198416224	365.7150810991394	-26.540615343235164	-125.51053632483786	442.37355294623075	62.03140359236001	-717.701297150176	-420.6782571410729	458.7635764600939	456.7308390457428	-377.59241844875277	183.43531262426103	-85.69191457606361	-25.354456340146644	262.7850262993202	125.99727119217458	94.92988598233842	-109.98406015789996	-183.1704481935205	27.44584566325327	-12.273744836329717
CS18_22_Wild_plate1_G6	CS18_22_Wild_plate1	-356.19952892250745	210.4734028067146	-95.4747289868873	714.8461013629192	258.56159078439595	-105.07870596062662	-54.40997854405366	73.66250466551242	467.050058702914	-274.34561414574176	-351.46314468406473	-108.77965317940819	-327.9152740011906	334.25032879769924	76.3622822924298	166.67185956062485	321.0295082113022	70.43136782163171	305.4823969103241	-299.28914437481984	-106.3808267648974	-322.03289772643956	-30.226780141126223	-315.88943746021954	-51.73045908729118	-45.020242283832765	-142.8474627235901	717.5227774862332	-178.98685227912767	129.719644389361	355.13033010487595	130.59844448270488	265.55133778130914	-60.265747421943885	506.8466267502532	219.0067522912371	406.46187617239804	-52.29111557299866	219.2019481288614	-93.35268965106978	-127.25301333226585	86.86048634911083	39.176554833417754	185.46666117521647	-151.4911130847455	-65.13386645111248	230.6015034797325	-90.4149444721853	443.9949261828707	-247.7552774447056	-251.44858988789125	335.0990187063858	-514.6233728862934	-189.7699324307673	-177.9454079111284	-252.66162367197344	-209.7473184847819	549.3455686781333	84.99392179659483	325.69401174811213	164.33802558571617	-410.4080168638512	-193.23930530187405	-354.44933195008844	-190.36966750827509	-51.307345304770436	-358.04378988288465	-387.4617338540635	-143.62206429613033	-384.8066416076065	267.50062691568604	500.4701171856727	-81.60450254749298	-79.8490918077018	596.4794134575623	265.544427229539	-251.16130843670166	272.5640360725175	-200.09692572526865	-75.93346028518266	-202.23094190228028	193.08670778167138	94.77650089121457	-382.7442734615007	-150.43183454520266	259.23999836136716	299.6999374387081	-262.1182701297802	26.957456780162875	-262.8022390706105	-61.238449661118906	78.52601124686561	-276.9535275596988	-117.91421951239603	-223.55467825467716	0.8152759488025161	-175.96040607048226	-10.015765037927636	-180.6152735347725	75.64979515911655	-35.27746098983433
CS18_22_Wild_plate1_H6	CS18_22_Wild_plate1	-392.01545000885676	212.3400309804823	-66.11332658023078	455.97764037708095	-331.3714027898146	-13.63788614299168	-141.69458773228547	-88.31516536123624	17.41031968114538	-281.92602409294744	573.1743078558419	132.2704050049439	93.28017650596325	42.01325389148083	-245.65486887053868	246.22152964493247	-437.6127769202661	100.21650189063047	-309.9169563589383	218.31196983734148	-122.34083994288484	-109.44888525554126	-39.358115678945936	79.28686817806035	-411.90183241694245	464.6955826978456	-179.29166785432258	-140.61267769500853	-168.93198811177743	59.32258755884279	-223.4744049609263	167.05156537698045	-379.5099888860142	-263.56540372085396	-634.5550722712776	-683.6540524053919	-6.351929621922858	-909.5770199448345	-104.79523996099178	268.8163117413278	51.57366040306323	58.81718627995073	-52.0857875713575	148.18533765484997	-410.7049880603884	226.82124559026965	-52.73702076595742	-159.6302136726684	137.57173021159517	-122.64790157127874	58.95377072340629	110.30280956652491	-87.70966388466017	-695.753069589362	-363.58716533925946	-22.2626460188025	115.82755909985775	499.1271283651726	555.3877041795539	-42.514997850111335	-306.81305021009246	-462.11935624347745	97.4729245076847	-256.51747373762	-171.84305019408157	-155.0438730063486	41.299223806031826	81.77830099818898	-214.46132260106933	150.25406501101162	-79.40960595053423	21.708038292788572	171.10539057079853	-72.90646727478743	-322.7983534325508	279.72437747676946	148.2459596834707	-162.33670884804644	-32.86137311562786	585.6316737529376	157.58834418712894	86.34951339453964	-314.31382528340527	-365.7576969988019	250.18268503103874	-25.606536259028516	-10.23822899517216	202.46506127995337	-223.72525460253664	-114.10853682778486	-41.20014971493017	112.87304360482959	-250.33408083876733	293.99825488581774	121.5993416357027	8.86702711461535	19.367495548085735	-3.5573007724843517	-76.3425589335514	-91.1716889924199	-11.538689182095734
Dogfish_Bay_10	Dogfish_Bay	-348.53865375771977	203.88319446677895	-72.0258296365372	363.0021296728613	-391.9734817326686	116.88642758725956	393.53925746923136	19.129216849380313	267.0893711566708	-64.33060755570126	356.9098232388791	276.5831416835682	-450.6620360473329	-422.87906080583457	683.6065804409428	-160.09486559737718	176.2882201045262	-372.3477663567438	117.6926023181313	-91.96515292366324	135.41540547947412	269.1531471588907	-363.9972829409642	-39.759844028711065	401.84362940889633	413.57760919537935	-0.0387341791045224	-58.6603500573307	-444.2771096593831	-89.069516108196	-251.42849973515143	283.1274105637796	211.27096445723757	180.50215590379057	232.34149647419844	-89.06135865554808	-253.1317527777219	260.5307871698025	-24.28370277636489	-303.74092057100063	-181.72162211308427	-138.6454576198577	348.26509275761725	197.80736796106478	1.7662984341506192	14.94621328663629	-277.1453192949472	-233.2801612958236	57.171420604287114	-27.077658204385266	317.3949913201229	-527.9194937425355	-542.48354934879	-149.68204318444984	-214.36963916627948	-39.90848915811151	164.05909789215102	-485.5763435263681	555.3851911709208	-375.92202737567624	100.9210624437699	-216.16793126156813	-75.6685097743309	-15.165269299027715	210.1278787556218	95.55206500586921	135.32581936432757	616.2455198103219	343.2922883451037	-117.57378323268587	539.577010044147	-6.321422273859635	-385.0856342935019	-299.86227447130705	-416.33394044713964	-206.37341667563172	-92.42232176486435	244.88157277472473	-524.2874535373321	43.171442328422586	213.84395444380263	161.91693354110936	98.2930188467339	21.062320444246495	-285.1477236058726	374.2611785049519	52.44187147923297	166.69137048124756	265.16070176652755	-15.601604655158388	21.524305619012598	90.63779733741664	-20.673205476623725	-151.61787651136132	121.42917833822573	197.99300660640324	10.870807437535644	18.31980794687233	-69.37554899351089	-17.418973680520125	-11.383408022167947
Dogfish_Bay_11	Dogfish_Bay	-392.83043441109805	308.04679232971154	-110.03686535736121	211.44310161886162	-105.81352875090684	65.29147689028454	-117.77501532436315	204.60933295887148	-576.8463765891	332.7661509163485	-343.30744880415733	15.740262645357836	-591.7983052482676	-13.980959830246919	-111.3757337941346	-27.19236778942386	-262.56573832864274	-246.05434556887502	97.00455267760258	-139.64230836317353	-150.78036212034422	223.04490245238054	-374.2453897455227	305.28457431684035	68.8910591658903	134.56753245627377	-589.3349542337147	-73.02752564182576	567.530416541091	94.95899948648436	-252.65801339062136	160.84003275563077	76.91080965375433	-301.17217936855224	-198.5549178835395	583.1409709442989	-9.239454221130613	-10.310938341698039	216.65673392304325	-64.57878946669354	294.0940452386276	-16.681379278007967	-379.6398633141311	391.09771995987865	70.07312512440504	-74.94885846389514	-222.1003515791847	330.4989319956505	-350.7137444500716	435.03289904146163	33.81387218052791	-22.879706667829556	-89.24268071231329	508.51813699578776	260.06718553356376	145.71782629373166	200.22578422475806	-8.317896686320486	384.80517197208343	-462.8828196340338	119.48968178054284	-457.6194667753679	663.5820334484923	436.9369627795052	-99.35000200333761	59.22988190318066	-164.47027216407244	-25.017098859869098	-144.3180195289693	-81.28178696122748	1.936946787001433	-125.32106107094775	342.24015152820425	-65.66146948237075	648.133533649093	-194.0460355254895	-276.9304150930274	165.61290583785384	-45.91331551661872	488.3624919010483	-183.57944117092455	230.17076315546097	-256.63050991798264	-332.18419846829005	45.67348966500223	119.82793013333576	-259.6306485920899	-166.23875613350646	-274.8474608260008	-216.68591793843692	294.2601727471069	-19.404134704724022	-94.1889924965909	-188.40738406319647	107.42037275250966	-19.376842755504384	-64.14974464804268	-114.97944651106101	187.87992679047002	-42.33901078179876	-1.615960900482562
Dogfish_Bay_12	Dogfish_Bay	-370.0760478991744	215.62791442059023	-41.42518645810972	355.5024467012718	361.89258686395976	199.22838896411577	-46.7294696970896	222.47983395807918	194.7389973277463	-171.19200594132582	104.41332325319586	186.8376092296443	-95.6647652889731	80.15237521672425	-288.48018652820423	-280.18244166170217	212.0575042377266	-136.75022756665408	-74.74442003879746	164.51160539640182	41.53128951272143	-31.822959867395692	99.87381012974278	111.25385004062504	-282.4574323398875	350.35940024327164	-56.91626793180017	-208.06129163871307	-477.9864057268462	-87.7941722866079	-26.409749902387567	-500.4237143673325	-583.1283314458079	566.6239609089623	124.1483328762564	450.0272683143732	-469.8168252294548	307.7762416359993	253.38042857354344	-246.43189922543513	107.87978651657102	-139.30864088295124	138.26136891140183	-113.12159189502385	-221.23289956220407	218.69574717938175	-493.8045772737455	-115.85386748659134	-429.401058457021	1.292179374060194	97.12634992587896	-226.1028939399221	350.00613834875975	-59.9388092650628	313.3876144046931	42.038282560262694	-291.17086497626656	-87.56513530032922	202.30273412648214	481.21565238917754	-641.0024985478349	-213.96330463136135	162.56175992418892	-4.591519677746496	-309.7164841883595	-65.44138912178178	-337.7479021582576	131.65698425317035	-295.17542666684864	-51.73463362731457	-180.58436096375752	203.53043906935338	-127.0640198063009	278.15597275747774	381.5856430129567	-437.4981280777432	524.5960219799297	-175.68935675891132	-213.0313733435901	-594.1956919709664	-85.63136845219604	39.78634011954581	508.7692874310511	-263.86344324429007	484.20151830923453	-27.610262278222518	-132.3625253238509	351.7446435056559	-118.55192751906809	-120.24943954457744	256.57385410542116	73.30354891750551	-234.29647204087186	52.28623768603988	-42.773519438154544	-26.067091468696184	-154.29388216683873	-24.010152527913558	-110.66711670043017	56.150122971376426	-19.04925158961592
Dogfish_Bay_13	Dogfish_Bay	-355.97809401958455	170.5948580384503	-116.41037112360958	235.88664286148816	111.31221371117519	277.7873260370815	83.72202590225513	144.39880638384156	-116.64105149777944	201.17104340975547	45.50954982479403	199.73845970788207	-163.31315956924038	-115.92771234141738	141.78561024027172	239.3770739890046	-124.95283225647064	-203.67336968800234	113.95341457770212	-134.19963510963615	586.311429198271	-27.453088090935708	22.267774072728947	-92.20260092569812	-336.2390474859023	216.53058914613806	151.11859091403102	-1.026321720528595	45.80197238495617	87.3765295041488	141.91049951520807	90.34113423317663	13.82805777144873	27.145732473343983	-99.85535069502032	-323.59138408267006	-53.652606354299515	128.662849650866	33.01220551173296	-293.85423209809494	-321.1721326928321	25.88803459003381	206.64766730938166	-252.11334689951977	438.532145829295	106.0678919949197	123.4927899783709	19.737927951503625	119.00817191408888	-254.8228116838554	166.27218366791647	-277.50114609537246	-101.9068131255809	-68.76001697469697	-3.5525248480020575	74.34457693153091	165.29007677579526	112.4011711602055	113.00168076694007	248.1086140120761	-123.48357951073744	-485.9292537955058	-281.2374963219292	65.5745527633932	16.297625216115645	260.05129475279927	167.80247772223868	-242.45804937370585	-265.7968498538792	149.0762872299257	-369.89210514198317	39.134328407243565	379.0133271967171	-329.7765661728588	273.75010843718525	-100.63068425344925	-111.20588059675511	-29.837424439219333	-180.3833537127649	-87.33914135452831	-194.75922318262704	-290.15520550474037	78.08114032354582	373.3118076075213	278.0410854980748	384.39003477929464	-258.36026636079146	-654.19939058967	-479.85264629423204	703.4059257034679	116.49271302690559	-755.3728588044105	500.4539992248085	277.69149613932416	-421.7642532451457	-149.3064598662451	840.899833593941	98.38169906334788	132.31663888642345	32.103642507850815	-12.63499539005714
Dogfish_Bay_14	Dogfish_Bay	-358.3413306649702	188.54078307525765	-39.930561773315546	113.06292599233004	82.49862707973769	-75.16426974806649	-102.19195742739899	-129.77607087104312	171.71918142002113	191.96840789457082	91.31156680727042	186.46574183281055	232.55860902146296	20.63723631529837	-192.1261337135229	-16.274419450585622	120.09556714689236	-101.8180270297496	312.6598780277301	45.47859228303233	69.34692732841917	-63.278616734924526	-44.57918504514171	-221.70298226974845	-326.3995905965935	58.47615440152978	47.307832782390555	170.44476998086367	-100.81689283424393	45.6798043821837	0.5507707243612298	329.23418604172315	-115.4998078516512	76.73689703310285	150.1812884683869	111.59894029855788	102.85519937759628	26.43504125909914	193.98507275578535	-89.56092785170271	19.705670559314825	26.85779264054069	-136.16074330484352	-62.65739667388919	117.80691136071539	-101.37424129938937	32.94982005219524	-50.59053638389605	98.3847508904476	117.72657400694858	20.77393910322111	-91.59166849410332	234.43341731593694	-30.534880826905955	-49.78327919306683	8.469947334231557	-308.9721441410156	-13.735161796852951	122.67133430136109	-464.5149853094078	-56.271537042024974	383.8615756159152	-355.43303771240994	-243.66748725069777	-257.32932020217345	245.44552682759456	217.04281502708787	147.4645189394697	-708.6882833119716	-127.7627995265076	227.82847475696488	-448.4656920224045	445.8310649011967	-363.8803230409499	-39.672801292181695	-336.2615469292933	-472.9622051881776	80.43173449347772	-49.83197349565152	-7.960481872222394	-144.06696397902687	-592.0570461548863	-248.18154971449965	-226.9982274296254	639.6906852660901	-417.5050657573973	474.3363298401797	215.9966516401317	-34.160613400978974	564.2128378674937	-235.95284897836436	729.5974550661813	311.4798525444535	-875.4818619622346	282.11931156000185	140.98782234986533	8.956816517471896	-340.64826498181105	173.8182071734319	159.07684000639713	-19.323723255918324
Dogfish_Bay_7	Dogfish_Bay	-358.4270303698171	290.2915669980072	-96.13066206699739	105.5203009464585	-282.7255934188854	-27.688082693158776	-325.1686441623044	49.41831440222234	15.73046654557944	-127.8962878167687	56.824911275308594	-411.0516565037279	-180.70013661835696	-195.13200259411255	-164.4560898621064	-63.873850246667104	-467.4388777600009	-233.16701515534277	-55.36739736216964	116.48918559719121	105.84814695207076	-341.5242691949557	142.26461191825538	-244.33322317654492	-11.652422518288192	334.6673840492666	-484.1478527207296	100.83764699014601	-135.43785018729008	-31.892991456596416	-393.98888334109284	62.25711856228831	-665.2811670827601	71.9350086623207	-434.7474063502641	268.693966350659	323.41896465811266	-249.85503188047508	234.75588959462883	191.36588757526334	555.2890419677701	269.50744573483445	94.92141185764021	-55.96270917211674	207.71525092032996	428.7967910901883	-263.27027649071545	133.4021401530593	373.6392482434506	75.23250316154517	166.25350298354317	114.69271002597976	76.31556391229468	-102.73403708080335	-195.23227057945658	-232.23642518616865	152.2990090681826	-149.9704464346978	-289.8563053412536	-7.027542222371881	728.7916311053607	751.1742821385716	17.804596101076346	143.09593922805735	-394.21864686978813	450.15704417775953	50.11836033939417	9.635960642822974	350.8777577260702	-22.845134351350364	140.53569515271082	301.17467609510084	-70.50593208354135	-237.6868322940815	66.08943447540008	-135.2393702212089	-111.27436336773991	-338.69503124717045	320.1952976210692	-388.9846464552151	164.6309245274264	-77.95187355942379	485.55456256348305	-266.6835283565902	-255.78821312761158	368.386626203293	-4.994189341665876	-163.83870964901428	298.5495473262641	364.38804631419555	33.7729385884891	-383.51629466892894	233.26389268138485	-113.49420264409572	-173.84444520328483	135.01191021770057	-250.8109795221173	17.575756276763023	-149.60314800377978	107.86113184274903	-17.81801712399463
Dogfish_Bay_8	Dogfish_Bay	-340.1770306637414	243.7935681000297	-146.97274747906368	293.5591940776875	256.13344428850985	33.51320410765038	-490.42308425542325	-253.46228280126016	204.0454119799688	-787.8772657867778	314.48030878137536	420.2995754217342	-164.25789888196442	-450.38461585572276	-944.8023902024235	-309.2197340443256	-48.26796084915594	-10.295206950390838	-399.3952153003285	193.77909617697495	-25.785882499433498	534.6070007351938	-37.983483203523605	-133.14729459704893	188.84857256047204	2.4806362226992986	228.49697656062753	-273.51549591627605	55.93571185130525	3.6680156565055935	-48.0643706098377	136.32194816431888	299.17540952448076	218.26741948443706	134.0985489463873	339.8721565662416	-181.3140316805566	-95.40362493083283	-304.85591324039933	-433.7388874620655	-119.55371406646923	-415.0317770304421	-224.00034221105548	88.40258868497418	-146.7951037515522	97.66607568307505	-331.8710717354557	314.38858968086873	285.26743950680884	71.02776203969036	215.43997115287982	413.77539087927033	-108.90299945144316	-58.954727691518926	-517.0499679736295	-35.57154057713961	134.69421310137696	249.0540646308364	-165.77167694642657	223.9769848373812	172.3991757712877	170.0129804705358	-31.524511629852654	343.93812340295824	252.4521363263155	-280.6522311690002	427.76269609238454	-199.02098594981683	-124.60611930463816	62.88453871317193	193.08739957636166	-298.0203354760757	-246.27373035305095	323.88502493930577	78.39169934791123	-130.1557089990222	51.10540084079035	596.9707252371461	486.50389546292973	70.14742001751793	-148.29272259310628	163.23582096836464	32.72093343079335	407.9143661220841	-37.580503582903454	-34.58189214745554	155.61237675472162	-294.03595372748737	-216.45227595295697	22.9443254569895	16.021046126863077	-6.604648524545949	133.490175241389	-290.98936174029916	-204.64748324107816	36.416034479664404	63.65985388354314	168.79468334867764	80.63172445478418	-36.659016580634685	-0.5115707610678693
Dogfish_Bay_9	Dogfish_Bay	-416.74893089975694	245.54935930488895	-95.30967122602134	455.78997219472575	-301.67383598353484	37.95774545285361	70.95867415253242	-233.4381116721814	-281.243912602306	565.6342831353803	-377.1955540165632	163.06837054255075	129.19074537562517	-506.69172240761316	-28.387278852025016	211.2713563519473	-4.433397928763464	56.07276661672816	73.09998617846068	-197.67119020094012	-203.8829790808455	359.1399822433945	762.4677171762137	636.0704465052621	629.34028973101	65.89080014222145	418.65984763012375	231.58948935937573	-74.43397868817894	366.40599925026373	320.0525989509581	445.2224707442883	-299.95672415341875	595.7076835474396	-84.67365479378302	-4.760848592012403	-426.0564136836532	43.32668846581686	32.493481006157026	135.1751167041407	67.24447689167516	-275.9558825860771	-114.44797736533059	-444.88719774621995	-250.14431393855813	-312.29514610763937	74.43515391632732	-323.58450797628893	438.6724589171975	18.634164560327612	-62.63898936291474	-284.97273648145915	313.1788777342753	383.20359104098776	140.88803348621883	56.65796976412864	74.0713853705556	618.0629335829724	-12.342120529302365	280.3223677137106	248.3617477515431	-119.84547780036279	34.1259089490145	-36.357188551268585	-322.5272638522627	406.41500273668254	-286.8676896473593	-151.5991293585899	-121.80341780333464	276.5682741716611	-33.0334600450085	55.72053964751882	-274.4605778516087	116.84168376968184	-381.531166628293	-216.59108415902722	-209.41880788585257	-41.18642810762258	139.16006330188753	285.8195900304528	312.64259819601045	333.62976096785803	66.01961640848597	-153.1566267969907	-21.27570793751506	-168.39119573158416	-111.63722342548334	-193.3475462125098	113.79783492284702	-37.026258019812076	-301.4443605876564	-61.0111411216534	20.862150537689264	-95.77239723077435	83.52098881454981	-72.51006947107342	-66.33365430114178	15.264542080968887	-86.59029746822063	41.51457872124047	-8.7834216625999
FB18_Wild_10	FB18_Wild	-23.63198460283488	43.443577694598446	387.9986176598486	8.000245681877802	164.32850993220447	46.14700065260727	-73.33032147628428	-20.565560750858452	188.27415105297712	76.02570252069965	-152.25060370125237	62.53197073787275	9.095049184068463	57.28821925450645	64.24463930147688	76.17269074142051	-8.553436750388805	13.09714090678493	130.261296941168	-116.4340648623673	174.56273604895853	-4.046650132279695	-19.598394698947494	-100.28721823517816	73.32119717635115	2.3415264056890734	-145.84827629136768	5.560579986157356	-128.6667417820127	16.119102811076512	114.69852674230063	3.9958207095608325	136.79385711121483	8.653298696845464	-19.09499396019256	78.20514705445102	129.90250139560393	10.83246680854675	39.44651454295708	-38.41258665434169	226.56342381805882	-46.518464259913166	58.553751911857354	-16.00797680516358	-258.44824755182145	40.64943489504276	-36.933166809101834	56.80176799574579	22.673090998753164	-123.25579193301095	86.53886962269318	35.10277935916089	165.77963386075908	161.51536572102177	-88.67859442318661	-157.3604121421957	-56.584491863087905	-19.626576052265403	114.02423095027207	120.39074999190191	-62.03243053582978	-48.973194198253275	-284.5273934352004	-110.43120943713843	-128.60795530159962	7.998198198496143	-204.47965597698308	179.45146261243224	126.25450944591611	-28.906845750602322	78.98754413743988	77.18911094297579	42.13102359200689	27.82349689364062	-123.98635165680945	210.61980603590467	261.21783969822957	-80.02602234944055	263.7828406545905	-29.116429442804826	221.86056774544363	-38.624540210711174	-79.73095908715067	-102.20126627199603	134.42897112931783	-106.48177656759707	-55.66344921408002	-204.64526074186568	158.6722891984573	-74.51814402608606	65.42700977642603	-243.18303218824886	-87.39757281981917	65.91082700640575	291.4061109242441	809.7746059457896	-45.122693136944505	557.8101946807697	1932.4551067281125	-433.4350395716695	-32.9163362934291
FB18_Wild_11	FB18_Wild	-85.53074970311583	146.52718560757833	555.4848872051477	-55.44346461171159	74.19421937088755	176.90924340601467	-516.1384108156892	-346.30060269660294	-286.81356531449507	-93.71304138630742	-515.0170433581785	-334.90065388673804	-22.701354165111717	-46.38163796334912	178.67833523498317	243.3422808172733	330.654312361716	154.674540842141	-336.4014399878761	-334.23951513628083	710.4571457759251	47.87971168773532	139.13855340542295	-145.80081462828088	216.80915132488786	504.5652721828806	94.2646812265519	-38.62328923509349	-156.63663529502523	15.632522557014468	73.65775644204423	-32.78503512024072	301.6678399159627	-143.05279755713198	38.88498403759602	-155.38379475201765	-245.1131938465238	-199.33810483380745	-112.0869075346052	-20.731815206267772	387.3568042745203	-0.34805669045076704	-24.582928562235328	77.17731168265735	2.511385817781956	126.23653046038496	302.07768226727205	-131.87025583294036	-245.31549427905142	-103.08958828072316	86.70663289939786	-240.6692160513142	179.45772792285365	-159.2531529812791	-213.90800202906829	10.897671328587688	-147.70542312625477	-114.72722110955716	244.2615970327427	194.0082824442619	-247.90865165209462	139.32427348380813	49.677112697259616	299.8570935675727	284.4003486401945	-375.91170752074413	230.17722828978194	-74.48431367718274	-64.57792369066806	143.181205008961	173.13246481634107	330.59671720376036	61.54502428275038	-18.462680898188577	-126.65062277268024	137.47629938335712	-166.1167355494546	-106.65412067815201	-48.903837896712275	74.65095149779626	-86.8113969301162	-193.65975442811737	5.447704215666713	-59.503696693322496	-156.99932411144596	-91.13413833196252	-157.04214142998012	-68.9487573404084	231.18985580850725	354.3909074667337	359.6291361250538	-90.35011349126526	-369.2554778784625	-539.5234376686495	-65.2580077996367	-1190.9651927887787	-638.0837056609228	-149.86678030191283	294.0054059651348	70.40352022432545	-20.28190190752678
FB18_Wild_12	FB18_Wild	273.2820500888957	-68.90993211411288	1330.1130678222298	78.27478553926795	118.15357695144307	-289.67035153400764	-246.8403165030136	344.62298123516166	-87.14951228779506	48.28869527766583	291.19466337584197	217.7754240816458	-111.76643676190768	-48.041081791444185	-65.10754988190827	-29.941299075823792	-11.561499851175483	67.81927316964729	166.54959574171463	58.03533008001151	-149.7353235405792	144.93322029571348	-76.75986644356342	280.63073118459664	161.42209689394596	72.3835178665148	58.16424201939018	-132.85719923844624	208.62756819501345	-239.54575291197486	231.24648859837828	-287.36307333451697	-60.662842100604855	-91.37426342019124	-296.4051060378322	94.62184164603016	26.449409353933234	-196.35015658288975	329.58401113674324	-51.94571462867077	-143.80349080525446	232.3913697213356	-70.99290757327105	-342.6373555810102	-139.32151658148686	448.80880113514024	175.73280834159132	184.6774090577213	3.371449495861796	234.5655208498098	-215.150548393428	-10.562821209434711	-421.5393014832747	-167.93200290447572	196.69494927039187	-311.15330869155645	-8.911713224416463	58.02714425990183	-236.28377052727092	375.1461927756014	-29.69517217161422	26.347083074110078	529.4658701093949	-574.6981816154479	360.7537167063367	295.6768709455725	135.76153896521666	119.00465163021946	349.3608874516397	-534.5961178537294	31.971889281297194	-63.62195167483653	-249.7187768891286	-500.1231585767604	28.448256275597036	-408.7666074049467	-362.0173309712212	57.78785377876774	-348.041668211711	-8.200641814572469	291.2942824744369	231.53609585000353	147.964698074889	288.39888235807047	68.52624894282036	-689.7646285241539	407.3261856021543	6.292286555451316	-454.5188818705349	17.548973815006235	-173.93834082365518	-296.2798759060969	58.02801670341459	-8.961097478477564	95.80171923429005	-268.37078734224826	-30.202201375946004	-48.67242425929482	141.5701965709356	72.52364495163307	-26.18514905985675
FB18_Wild_8	FB18_Wild	16.150849355597536	14.865585084732963	757.0228116483328	-70.11803985498199	259.5425748754221	130.6127042274524	454.764814021188	258.08553745843733	262.9227387797602	-69.02022264124867	-365.31222914186293	152.32513894263246	104.68940546728243	-154.04753772046953	-56.96836088293096	163.27808832872998	-92.25057432087037	-183.6704594239925	556.7131227166991	-427.25792242255403	62.3851174652333	235.02305272004676	-195.73959180981754	103.94723354601233	-630.0441099550922	-152.29122402028665	427.09479062041993	-280.7939520802377	34.94583731334973	400.5453413243275	41.62521159906892	121.33274725835066	-489.2342486537766	-594.8626519495872	265.84239171892966	16.176160175496978	-4.919388247340878	-5.1628874979813375	-77.26126553112103	-716.963874676196	-56.90735525223275	319.4879278446953	-384.5358834777207	15.718134680290747	-267.4036606773295	254.33512882028856	62.90535103388984	242.66638939211913	-387.98714480866465	-744.9933987108825	95.63793384186766	-70.50847981891495	142.95079410904842	-208.36110013215938	-29.157036728681906	-22.302801904599878	3.372426557868451	108.26097549000865	192.29354228718495	-417.7789812396715	300.65700498748174	79.52717911747415	24.67311311068568	114.26403225366211	-518.3491543218801	-338.85984393686886	42.983458502411416	-492.34535838770756	284.4342349193409	101.08125839752454	-420.3779404300001	6.6663432647040155	-221.10943481613523	46.050992025050355	-463.84126801569477	-319.772150054399	-118.90983990620016	147.83009030509152	282.80839280772	6.027092134963586	160.52975615593786	-88.67449454168047	88.98364826868742	-54.889924422311324	-280.6097353915364	109.92527817858438	-209.6566139176912	122.08389700442243	40.11532930362955	-254.11783617859706	46.22295966166222	13.646474725802303	170.9481155793472	-155.05301866147417	-7.113140575036071	123.17852525121589	-201.87731616497834	53.86955143878802	-239.3088458472395	-26.242251658096983	-20.33906413718214
FB18_Wild_9	FB18_Wild	174.66937910955332	0.0646418556191463	956.0335888166686	151.20326851654758	-118.44531973720123	-129.68867493755158	-36.01769783854892	-33.21748488618087	-55.52923022483638	66.3698973409379	0.3433645389772507	-70.04481035468126	-133.84651932362226	76.18916419248	-90.81268684323254	77.19799047759629	-79.68007701720178	-33.57460692080015	40.47730098745737	-61.13343804088448	91.83102629296015	-119.8458069271435	44.97957736644345	275.5609398289278	-262.71172936414945	72.79896559852025	449.17846309833476	-62.222166838656435	-150.77186063914758	-127.03723253911917	-81.75711574672516	179.00981192511995	89.49336414888455	134.2114690770356	165.0733129134027	64.53755539180062	72.64649864221941	40.812820480445566	199.0365036267159	-169.2118816693631	-446.4270372789595	-230.11386501020723	-176.2287574142926	-10.975937120511933	-126.99365162475736	15.949653122817946	275.60895740909376	430.73208735474753	487.2691851575313	108.83084288281037	-184.58645094637922	-190.51454533721935	-19.18286688939628	-121.45616579115224	82.24718526633212	301.7289709028474	22.99368736990245	-406.28352434187616	-257.94916647251466	3.8019754650587783	-28.14229377058465	255.70835111689107	384.4520252250528	22.087452288854962	-156.02408847009184	597.1982917253704	4.906330080776173	282.727855322591	1.5151182896482545	154.94981318458906	161.85167656196663	11.135061025607769	-23.032482780195576	664.6081858609467	-39.805330416002235	519.4774249046158	-140.53896801782986	-339.7301023997341	260.87057122200946	383.84890945804256	-831.1421072854431	165.00681218710747	-30.724798799755284	85.88824031494687	498.72236915311674	931.8936014638743	364.61500401954567	414.3076505355641	221.67494802886324	19.93304499876172	285.96549639152266	155.28360159595817	-139.76593858788814	275.2993818574007	-47.35074967211073	-29.69094602489174	109.51062773859807	-69.08561044506983	53.84152445920015	-50.40445831449333	-32.68970702504709
Fidalgo_Bay_10	Fidalgo_Bay	-66.71392951963186	74.20947411101446	589.2662774118387	-147.61695422641506	106.49296210877566	-93.42212217225284	347.59485576516863	184.4806267965747	443.4355359468363	45.30161928201852	-92.02100192016289	272.00968109235487	573.9320394570068	-54.16993195690858	-899.4856754557105	591.1303707864874	390.05971533100444	-88.23767038336085	541.3457726933323	-221.39393832475147	-301.9788311882558	-344.33229245005225	260.7093783071213	-125.36880337870306	227.98371998062063	-58.536074802072214	-514.4349915796267	-150.4414620032816	-161.05943022323518	550.663953737216	-602.9776760688679	277.8110463092099	-18.513315849759156	164.47502148709722	-239.05873399720932	-44.049796595487145	-157.4191612074507	349.9812092805512	248.2467133880276	684.5287657834511	-123.56960464147271	-64.49137421958882	-131.59588188209713	-159.93385427765068	212.00844116426074	88.48971720932889	-477.2879518281877	-93.48805579160128	-10.59852206805123	25.324636749831292	-122.08161726213727	67.48975003814964	-205.84291137016413	456.9155932229611	-221.9574616081076	10.650388394767074	-16.010956110990136	-274.4482743519664	131.03622013526805	-25.184967170710888	-366.7784593761949	-54.58468822602113	-473.38581055620136	137.2042349499275	294.57648219094557	-325.74160219844373	150.4710359175673	82.21449597653245	249.74813547049598	-298.33309520121	12.326904595178904	-71.79733375560325	9.59403865637262	109.44048640130382	-62.81799974282704	245.977680220331	-114.65459247951884	124.03335665773717	-29.825771448698273	343.87361778828085	-371.25554947883137	-56.96137151943787	212.14478364220008	-157.76605661630558	-231.94192831563095	-53.81047238768058	-159.8813262466509	-95.32926609056199	-87.79676431859741	280.3920235924331	85.08724380435542	-243.51027804533194	-137.58589385851508	260.22414189880465	89.12192392638481	-53.80667999681657	-35.85794405011964	-181.00569506818061	-155.84855148290163	28.383763190565574	-9.972705037880758
Fidalgo_Bay_11	Fidalgo_Bay	1.708996941375232	65.69363505414738	836.2782057982218	-26.748286896434777	-149.38666768617918	580.3942480846343	892.6514392082973	-290.3389827066263	267.11460323271785	-406.2572784574715	-213.41949821304436	148.78350847808133	-423.6467815347393	-396.97269238294	288.96075232410897	45.06971864914045	-150.75857773171953	214.6292342179565	-326.89920871003125	239.3875823490093	-439.3401051530604	194.65166088831128	150.53931375833304	-548.8488575602931	371.2862485778598	-50.094713659848466	-300.94415313261794	-583.1641941206209	720.7235793278925	-264.90280229600484	326.5712260158001	-666.8773737824497	-242.80846031274876	117.22235612899	199.90615800150675	-260.6405568314608	-240.13531915262004	-10.88806792464403	-348.5108214216736	28.136787398108513	107.82248729559376	367.9856244092402	299.1719645569758	-120.24301477361665	-213.64420949908688	-18.138188381001054	-180.63658393003442	37.02260875078098	154.62918062166156	234.11686455791363	74.5313552238224	95.6616528707958	242.07006788795388	250.15020967081645	95.50350053660655	-331.28751760582696	-22.44079679261256	-6.946899069346188	-52.78467474687703	7.967589263932086	258.6282301450232	-167.77936788054575	-313.92228936106443	-25.50509657425306	74.78590451825899	67.25935262782966	-128.04263590615753	-135.6413931575541	-301.5669835424446	-33.41207037158585	-91.5824280607265	90.47858708019332	362.63703633607	-98.1698395201728	-7.806179371892273	286.1870261474427	89.81690699477302	-243.7253399893902	2.1987022819333792	171.81014432637997	-371.3164472656788	14.83320740042445	24.19481706594545	-387.2616493800217	-132.7147641113551	143.89560410460604	130.32293056976644	51.05346958125799	-12.19165811935988	83.96989674091279	-148.2781501969287	239.52027161337963	44.4779095884171	-272.342529767995	-188.26044931298125	-6.538242450341356	216.7765694652323	-114.81016168904024	-15.885951552861897	161.67711187335837	0.5424465062154745
Fidalgo_Bay_12	Fidalgo_Bay	-82.3478443084156	148.9158437727137	560.5954461293976	-139.96285834845966	-229.85660686607758	-83.63393073608235	290.406354138166	-276.81432469295726	-71.37887330881934	310.5997365564181	-123.70675988531508	77.32908398260628	-108.35851356220022	-27.98111359097102	200.92284708639173	-65.30241468537385	136.6283311629249	-85.77499282068808	19.98051227054635	387.48234810677525	-223.49761676420474	33.98810416788783	-222.58703500854355	-128.6818209951765	-283.8641654037188	12.160684576524242	-11.178609152804079	183.638120649296	-89.17999255399869	-150.79959455797228	-53.47343378707836	62.69686628219083	154.5866647050568	-193.8490014691978	45.24671318375857	122.96407675686382	-53.105395728961064	166.38878626660187	146.88723784332242	-88.75376108238136	-53.036272082015486	-531.1101663850693	-110.71726342877433	329.7367611627855	-89.87333087514457	-219.4153444567037	-172.3632426013966	58.762513849690805	267.46477582325224	181.03228407403563	-153.93066153015374	-14.888179942016034	-270.74903925418965	-38.17370405082788	-280.89059697484413	207.9898393038659	74.02413079082582	102.45071423723537	90.68523119757626	496.4432921142996	250.20518408502627	-97.58875264575562	55.086181166749256	158.83720037842116	-18.437321696337758	-66.77869428916703	445.98815408002423	-437.06043814764905	106.30025204322662	564.1484970035089	317.3220665192489	13.162410643661875	-23.808078329078047	-601.4683225363599	369.6723028160198	320.00064859319787	214.24105649726258	-106.93385928446591	304.86530249017375	-392.6290130743128	-196.22153555351835	-365.9995891903962	63.0577186033307	-55.89080331546884	368.6503105297818	-461.23383792661224	-864.4632523567852	612.628136605582	176.1657185474919	-11.584458068883476	-702.4090294980437	-370.91333036246124	-62.540458450158766	97.23628307712991	480.926032551069	-6.057365632794351	-52.32882825011914	179.77801322847006	-227.94431217459842	-4.949378727944987	-6.030547689372948
Fidalgo_Bay_8	Fidalgo_Bay	-39.53872250745835	177.5369616944418	1042.8204637810493	-39.74743705623104	-249.3645035164023	-363.83046475900574	-399.5474228971824	-388.68029901857716	117.00415131704932	156.83028794366982	188.04849816347277	192.1633496481317	-267.01996578322195	476.6750832178316	214.9390872422563	119.70795176544283	-432.86117858719587	262.8714056095331	-250.29601643840368	487.2224597305576	-505.17044684119725	-77.87131528303533	-273.9486645069253	84.42024978806455	-97.60179838478203	-475.9481978315147	149.8118024083349	164.31536517549273	-235.13519825169266	192.61369710141813	-21.495143969737114	503.89490606650054	-46.32638476882408	-131.92588607323367	-13.371567436589928	274.96217082778844	-28.329298567956695	159.43845726392865	-235.04503954132232	-123.12185545760723	93.12110286111755	191.21185886093835	-77.28889966580266	7.100163962979971	299.4508571614818	-414.04999534452963	-330.0387400208071	-625.6240642869409	74.71820781317888	-264.2200982795591	-10.500658303091916	68.14138152948743	80.12591227458921	-20.499705940656682	-151.26833377998767	229.91872635957336	176.70404506266811	-0.5861886046649701	27.894181883215385	-150.8300178155173	-295.0317640822599	16.528681417161533	-234.8843376385971	-245.8853905559824	140.30813387706016	299.4000604476202	44.94590984607112	217.33031094927964	-454.12816947258636	15.507682042494656	-280.0175046181012	-269.4632504718601	380.6928942320289	-102.55069526281082	240.95958019140423	-441.1100061610042	422.86928438842915	-112.44933515941787	68.58992627644713	-267.7313296539846	113.97488027946324	208.20550397139075	148.13766985993826	260.4393517446077	-590.0824852054627	230.20954782038055	-223.1907861658747	-491.6621038448204	243.15233362752113	-134.44047277280444	216.16352607306018	261.4302218250117	-106.42634819529341	87.58303752683722	-157.5184787242717	-231.43630157838166	-179.2497315635509	-20.53218190076212	28.622719603466326	22.64000172784091	-9.326836055562111
Fidalgo_Bay_9	Fidalgo_Bay	25.165710930337333	92.2311590042939	618.4082605794094	-136.8250015326258	110.79474847656644	-663.8848686533712	-199.91503865795983	872.8768623675792	-294.99567950253567	-132.29664214215822	656.122757107182	70.65549337552764	-256.88569862074576	-232.51693610845703	-95.4869745839389	-985.9923201024969	165.40975873421434	-226.87758545149882	348.736585227494	-551.542051529225	-62.3280180650191	195.0301133124826	350.1201641827202	355.4599465882941	259.7840213511913	131.11932313525043	-159.5616680242637	199.09152196476285	-222.77870539776887	73.71803587356015	250.2244919043102	-405.24192498256457	-135.67510416871718	-295.33672008300573	99.71930550323079	-427.32063900409133	262.7961189817199	404.18614236956074	-480.2056917710681	306.48111725533795	78.1918312110655	-68.29004717616817	329.3721067210817	417.0759951875174	180.57764475795972	5.134902006721444	208.97367143861337	-258.2965951011724	198.40653092540632	115.95269220223635	-153.7392010122622	308.76378063253935	43.27088771703016	24.704772871841307	33.993483154328196	112.97629701028835	262.99427682254475	135.57187182924267	-244.19770402618107	-135.97759637210058	165.43736236794496	-222.6140461279369	-298.60467845537676	387.54430593846666	-251.21302174942565	-309.9604020369984	-46.75994851887699	308.20372668929764	-383.04978796770246	3.9876203006026314	-39.32260568799586	98.7884054155976	70.88385205361843	172.64183472864383	11.473729765330802	-10.529633700657811	96.22056671483429	-160.24720167246412	40.62498051363746	187.5311372145244	125.9826906651154	-435.7946878744909	-98.34274432869897	-48.25491974246529	204.83246923199675	39.47599150837508	-228.64186335614704	-116.95518185196565	181.97632178043867	-25.616965785096838	-87.34666657422795	55.76572860215052	49.36148854263381	-67.2920255909865	-143.77533549385385	-91.00472085930178	-103.44782015980527	155.93888631747123	-85.36123969963488	61.44668561762582	-4.7941904271063445
HC18_Triton_Wild_11	HC18_Triton_Wild	283.80907649373876	-730.2121383179366	-123.38026281558491	81.85176609382835	226.73023064336573	134.8417428767588	68.12342354186502	389.19773026851374	279.1682967724789	-31.11865019938581	-358.68708970000915	-98.37193255004304	249.28708714956616	-195.090595121222	170.38269705693546	-95.30465821226989	-181.23679174254437	10.016080087743838	-51.5447279206523	-25.547604646511008	-164.61829449528838	-221.5491383206556	-264.81461959451707	60.947060796325765	-92.9975471755149	66.99767248208929	16.703389003219737	-0.7750868685719268	25.960064581099584	21.455070941446927	-193.75239161865719	-36.77204643128152	15.5806114039021	181.56795882972048	-65.53362607550847	315.7958635722242	-46.16361527510538	401.36163752559906	6.536706180600718	-207.92698280036328	81.47504880837869	219.8757045591845	-8.738814936740578	-268.4141619947764	69.48424425501352	374.88492677312195	147.22103269491973	-558.7431297270385	416.4134699797407	-74.3368221106619	379.0482855087012	-111.19000391504024	50.29425741460182	-72.09558751956399	275.16213796217755	-129.18954294955483	588.562675659657	80.0049337158784	91.92058354570098	-457.37659652694066	155.99264476405952	-64.02136601555077	98.58621739744777	-52.940038209498155	253.04863140170735	-150.47456923262072	75.3391238355223	-79.36344460666133	-366.0810278153334	281.14133346895187	529.3554603584038	836.2531158406596	32.766008087599786	68.3192712138459	329.6140627287486	-46.901029542181575	5.68246483069214	-217.709843529816	656.993365059051	322.84181656201594	169.76156856592794	-10.755060156961978	-193.64616192865424	659.2625391250973	-105.08508848918584	-496.70405123136266	133.64933631111649	240.7260673653692	-309.8462652210183	454.601443173119	156.90424651133068	326.8559847803168	-615.1854414690231	368.5681098240045	82.54424521337255	113.25343544451106	81.59198473670142	32.495592691757096	-59.59277761568646	76.8237710383063	-23.88272061970294
HC18_Triton_Wild_12	HC18_Triton_Wild	271.7831024269331	-688.7059134449664	-236.78827516314925	-47.51631186311114	-93.19403189183265	-91.81763777544644	210.66179485494087	-463.00724419628636	-727.5736692880484	-721.5254283428146	-216.49476636111115	-201.985034841912	-936.4596404491178	393.2141286315162	-214.4826188528908	281.11229842788106	-312.8252509138967	-231.68823601371284	805.6517396064336	4.917771802564601	441.1817571490763	62.290833202642666	278.23217257415587	619.8822550443143	-315.8532956515922	-467.97880228261437	87.21569543914937	-686.5163166756579	-311.9846846749603	-101.95519082129549	-303.6348603261275	-48.50286862255102	179.3078435753667	239.4997665043293	423.1601850732146	-148.0835463071706	-169.8191457205587	-101.79299636887211	-32.21657912118235	207.42242208758603	-17.341355792227827	145.65821404691164	-134.33119770358442	200.84940969328756	295.45223055253444	176.0560107747303	-66.22457835953418	-302.644251469002	-61.86823515963641	77.02935218674705	274.63012978290664	-158.29420620625095	-387.10756672829854	120.45628435913571	-20.540678556602007	-106.64524364779967	82.95595429769551	393.60226237783127	-177.2774319626376	116.88031405165913	-63.429968905716876	190.62968778541978	-319.25429725949255	-204.73672583715535	72.44029782458755	155.96205079018063	-100.6915305037413	29.55317679553083	323.7622180422863	-178.15577412193352	135.50992912326365	-51.53773788784835	-103.66057275805746	-36.06969533599598	68.35004141902448	38.359761173390666	222.09229806776935	-305.2900192657889	145.3206218841778	11.166558978218612	-10.751214718689663	-107.50589429631323	-101.40383011499866	-212.9756168304224	93.32518482820643	-350.1988943599688	-72.54049768492321	-116.45151455660492	-25.33243562459526	58.08130238342666	-56.779207543725114	312.66434789674696	-71.97810703237282	-85.52986733149066	-7.34122392518579	-53.23956196114393	126.84963536280628	84.55180787956154	-60.75724509260606	-141.66057196067018	-14.106671260926548
HC18_Triton_Wild_15	HC18_Triton_Wild	245.19261790714933	-535.8402821295025	-7.758103394607947	1.9817489145122362	-13.16755023848986	126.14994421813172	-16.49935434251418	-116.02694129065175	39.507618941016965	-31.494222970279836	-100.65150119145815	-82.73189478497558	0.5763444128782201	24.0232545357965	76.31371829057547	-200.65563732691734	-17.76144591095014	27.417037285018655	20.632564838268248	58.92804212543326	105.22419127767945	-206.2463658841002	-21.352113972580366	122.4147817512897	-59.34902512602536	-130.89573482554965	-46.39506047494897	6.376634825277594	-52.89343633293193	-52.33240646203671	207.34625912288885	45.32038537390489	-163.9759775931486	-10.695982908422545	-52.51668668927631	-48.79728844798421	74.27013833294481	44.878010352333156	-72.21456390334183	218.44288484691856	-118.5114160240537	-151.1014651180992	47.17115104286194	-29.604391260844753	-278.49253401220403	19.87626613673122	-10.000691773765569	52.18482044396937	20.150995136952755	71.83030599639955	45.85013170431053	21.16654322124886	-192.06248296895268	-23.78888989005095	-49.604399156845915	171.34413604170572	19.897555347326985	92.3542066778244	285.5606543263052	178.13774649026564	140.26584692758155	-71.04297639605089	-20.360732884908998	183.82934883278685	-112.84892393279812	-52.00247162861792	-96.55457605616816	70.44024348667183	66.53995344427057	17.033895394402595	102.57898698733099	-93.44418975026811	25.896253113045685	116.2194003706488	20.744004805839257	80.01911786933519	103.07048065596474	-139.3328958604402	-136.56045350804175	51.53950011577852	54.50679892997651	-8.542575897341251	60.23938389084821	631.0784032699437	-79.1365210546324	-72.68048281405203	-310.8060465628143	109.08984368936811	-173.38162129969407	-52.21187036799337	-242.3953891628145	-139.6696283324787	220.65338516272948	-184.33335068476427	-790.7898294550247	469.94855680814425	-461.06248356680464	-1798.5100844153494	265.7656142542919	-546.9875577022364	-43.54124111412838
HC18_Triton_Wild_16	HC18_Triton_Wild	159.39699103164182	-222.29394736804548	-14.79951614074889	-5.177057345731009	67.2824814160668	-8.358708345882887	-17.842664748597684	-34.65823545426913	26.01594345369519	35.889124081083665	5.957601808883166	-26.204977866710582	11.586082475746625	-10.006964473762574	-6.8513106677789475	9.510149030376398	9.495286217503649	16.03657002297523	14.2999353568218	-1.7129790279338943	5.400675151542601	-11.913256347112663	3.9697395583463497	-0.05378735023393368	-22.4611493407364	15.752913449931109	6.758960822071245	26.331860124502157	-12.470122530986586	-11.156429002418806	15.940951207567101	-3.767008813454434	-10.679394671698365	-3.2155245558527032	8.642430956264265	6.0897296518867226	0.11016829399986491	-35.84559170266403	-2.9613505998412095	-11.791664840117644	-10.540929245260795	-14.956755013301876	7.55146247634523	-10.163867966038318	-10.595551992762415	5.758543080948592	-16.884808186713084	-9.39531016245822	12.469466833355943	-3.143892408211131	10.706330998338029	6.417866231173273	-21.88967283040672	-14.99755083291008	7.197057405373098	-6.669158055463174	3.7271934423990274	-12.0089182452745	-0.6724416716105382	-17.20548571407124	-6.511818970197485	-20.383530545712905	9.431713502918063	8.959418050645633	-10.025785166292954	25.74491800301797	7.864363385393598	3.6684954243075336	-4.660224028725877	-11.365486244086533	-6.959899553530294	17.275078476514178	-7.58562225057381	4.8177152336541	4.033878003693125	1.536625842118325	-22.75673409581597	3.4016231282145153	-22.2323284656159	-5.0087169678452055	-11.353049063911119	13.97548875673668	5.175017294753995	-20.76670570317517	5.721460262872418	11.99621163568306	2.7639621797719776	0.27133179880759045	22.43105957755767	-12.551233142485788	-2.6131961249152797	-13.740813637295858	30.109719189880515	10.227764891040593	-4.52677493365421	6.2946118727029265	-36.23596311451121	-10.572037236931466	33.821061588918376	33.18991418645913	1904.9051148188935
HC18_Triton_Wild_7	HC18_Triton_Wild	273.6579286620776	-686.9381813733856	-119.26248895376222	-35.48407757605839	-241.6286519903723	-121.38486411638833	-80.87767678377973	153.1731750041466	-173.86138183328146	297.9387646457714	-61.994104898584695	205.98266914715902	89.40330097559838	-555.9361139895885	-331.8034356930364	285.1623265431048	-57.24109310698541	335.88029873598003	-123.8225985763342	-468.9868108380884	-133.3427031057071	78.36664764551765	49.72697226724653	19.89524558753236	-315.8205949616581	110.2668968554981	-271.77308045310815	128.02378636089816	-21.642626863051003	235.88918033172183	22.860241169236023	40.11321357942006	131.2511379737408	233.91157694568201	101.77711759750821	214.26984120127034	11.185085499343892	11.953185648123323	206.93834052245919	-332.53945465637247	394.2684535662179	118.5409556896717	123.21985518325361	-115.98310476781613	138.91430866213878	-398.77895378297944	100.14070831572522	398.22461101209973	-249.59189274271012	175.36959277018153	-68.14566108847193	-49.68064058515011	80.4885896028949	-506.89146710624016	-56.765731442076266	-186.15969434322255	798.0833182215229	38.32976368399584	129.45420740606178	-44.428723382401934	147.2292583426982	-153.14242413695652	141.2883800592857	-562.0556824901596	651.9787143046774	-209.6942906063889	-132.0793599487974	527.0104806357069	119.65502778205038	520.494105788055	-248.85961447374888	-24.391554859010636	-280.2428613110277	1.3560924108416428	-29.983460705490355	412.98219487478303	96.67010005488392	-226.9354711227988	-48.67180026125397	-456.9287156188502	-410.6291278607169	-613.9282665609807	326.563118990655	-248.7410234914034	-6.251771775448908	-122.19802554100796	157.05044302664496	-436.1256631248715	23.17153629884422	-466.68534796371756	-134.82230365395134	354.11037671308975	165.91408962927338	-145.44508741750545	-216.02224448852385	23.54902295544384	93.68214825727905	-59.7410167955709	-48.70017257403016	-138.97453861435338	-34.085603171174256
HC18_Triton_Wild_8	HC18_Triton_Wild	264.08045437458264	-706.1642155703096	-192.01503963318004	9.46109985839143	274.0134717584573	-144.71785093396187	-426.0114820702609	-542.486848946297	-79.0134032089114	-158.5069753280413	-280.0404148380579	114.06553688501737	419.8185982277355	-85.32949116602053	66.54729578394978	-165.10193821408342	771.8296027630041	-42.54500236561124	-43.257395819170284	-58.76901176241061	-41.79174011460092	258.3839915617769	-69.53248280121615	210.6472065556905	-266.98861718209633	-216.29782293269247	190.2477503340642	-221.17148215311892	476.50786692074723	-201.11393363400776	-270.74234372969397	374.2139190702626	-350.4668031420309	-478.4867444934914	-386.44372251946777	-601.8309831650338	236.17861249781012	218.76976438268807	-369.8175937221662	102.2289198089406	-308.47364545229243	-51.90007292496811	62.87767797950055	-44.426896013880544	-346.4973281392987	-114.62828489015168	-382.95369028611043	153.30502900568052	425.79009164334155	244.83442797091948	-302.65896879213017	60.74327475208273	257.7243489288278	-205.65403793597574	367.6417948415441	321.68904215488266	-6.898741419352538	-72.2309707985324	268.832753870464	-176.73573673556228	223.01061472097308	-247.09426480011368	-121.07102096714081	-95.18249467699953	150.65280511115787	-41.69041055783479	-555.3450996941515	134.85622013520262	677.3639446930805	-91.14593215806214	198.12081721920066	205.35835947529307	-47.95027700263536	-258.5834323164561	445.05050684891825	-436.32245231774425	406.0300930524581	54.31646208347979	85.46216572726549	-125.60938982533277	-48.65986488082942	69.79270310235319	305.49243886471606	-201.04381387011196	129.09648442868027	285.97471497053425	155.18907364857031	-168.06507602309313	51.35591268031086	361.83749245086693	-57.93364121079663	130.21739672789514	-91.6825816394295	-223.9095058918117	49.44388034313735	-196.24485821409533	122.9083907685158	119.1562607093714	79.3395267705996	100.43384523387554	-43.20268177373622
HC18_Triton_Wild_9	HC18_Triton_Wild	323.3221845178088	-690.3272362868656	-102.42242420790546	-41.62335738190397	205.4067590845402	-51.44651543062946	-263.96703934405673	-358.5423497412806	-338.45137137976496	26.382105413315475	-103.5835268649329	-179.88999246793963	276.057214574373	-421.99693126616006	130.43990046404383	160.4882422495429	291.5820750560839	18.32979434179634	147.13956286866295	70.05607109851161	-281.8386660239259	69.14181414878223	-789.6782473007618	-116.65600328799941	621.3109821894948	-95.51283166114108	-262.4906387741198	157.3361526507808	230.8378326518395	183.37361774296636	121.75800817234912	121.17705602752655	-378.8333547650576	-102.16511058225865	-5.705971430353065	80.73395121195126	291.73930331544017	155.13776277163194	-156.03742645670206	-384.3596129674108	-155.0482943935538	-336.02098143104655	346.62545966424926	-36.99251210747621	476.3044229012184	307.43210443470207	-126.8962588242028	-253.4529694109533	-274.9053390051605	-30.20443843315063	-77.48737283090493	-179.49661858408578	-612.2930317817859	-80.78368368763047	-156.78197687781406	-704.2322723087783	-220.0373217764538	234.5616500759489	216.0124532240772	258.5460158920805	-447.21522031339146	614.5741949308302	98.86212355504503	312.90752118227635	-259.85467753543327	96.44848626460796	-318.74795118644164	229.8608751354295	-218.69931155959853	-198.5817659038011	-281.9224750319579	68.1593847859956	132.25668118618648	-43.95634800688068	-464.0988957058392	-69.19823966539502	121.37231520200679	-194.65020210565032	534.9563018742333	57.42804413260114	-207.45862730191246	-60.35385016804968	-322.32057165096245	-79.67824041525748	400.3400056881493	188.19871752302166	49.74820069593093	-51.77492635762894	-52.098904755741366	-394.30254581277313	-213.54858880918852	-197.43623374516372	-138.52595993036434	59.3926497128623	-62.175608738001195	-140.79643835687412	215.90591704614772	-2.260836766098687	-136.20300782168908	-67.43235252111596	-42.44569150884797
LS_10a	LS	-424.5231235538236	338.1657028916228	-197.38573184540954	-378.8363760410999	-151.4000682394551	-90.62758448745072	53.18990621702474	-149.7693944522232	-111.24471673433494	54.75429857678622	41.8280877986702	-247.45066236310416	65.29400345256865	-123.55678885365005	-582.4635837129913	-60.33559637136779	74.7593321847331	135.74862678683184	-149.3435022535667	-94.1942751862268	25.0029963701152	-197.65634053775247	25.8559477867767	-8.161297875225033	204.95249273181446	236.99520573516094	415.7095731196799	163.369652557926	133.49515032722294	394.27341518325244	34.71816966351151	70.73736494532326	110.82108938423075	-165.23460315905905	167.33646579983971	89.77910846664905	8.497421936581	-43.76324301355001	-116.15130040291125	289.33111003309335	-135.59755303596694	308.54709816032977	603.6199769446486	-80.61990193677984	381.4053342458789	80.68794659063263	150.5140816097069	-98.49422683920557	649.2582003153211	-178.3148557965597	249.4507685938696	-409.8811309955684	57.72793554963477	294.3542239688336	-185.55685071355148	102.06483930192168	-146.4894043415895	78.80474253314897	92.54526405534422	69.99709777727541	275.22767251658354	-48.77436134258156	179.3399474951503	101.84562685317879	236.31686318699113	-334.1960046057912	57.43798898478883	-310.0876745573482	274.7520597013076	-234.33660225665238	-458.8134595909675	-159.33265347840265	13.2775578094356	-780.3665812822354	163.2417596661911	-164.6307316201838	182.31683693707024	-543.2665949074163	-205.48110302153847	-3.9903915175280735	-232.4579877943674	166.80130250361756	105.56913239317632	308.5952012664212	207.3941633043308	113.39208436766906	9.160058440264178	685.0316114638285	-411.5764116519293	-595.9661952467372	589.1648427182183	487.64699041376	137.13005211142178	-143.32677540146187	-120.58505175223426	225.37237147781266	-180.917664586579	275.3219349026582	140.69527035009915	-119.05207211616852	-4.885369408991954
LS_11a	LS	-441.5401999924297	352.66333737349123	-146.83483335315685	-508.33555421084264	-266.34004323423653	-0.9103681428623296	-206.45367629064532	531.4659457697585	-403.3839404192163	-39.81874023863685	313.47556088695626	56.4115207088194	38.47410206056793	474.51282658130265	161.03750783210498	-50.98592175147052	444.2520613527695	603.6329433690848	137.83616903284263	99.75119266963272	149.1187657241749	73.53591951698455	-351.688179792854	-136.54666455992935	-254.82592515442556	192.1613209944381	-131.78959363787612	-58.81762270234694	785.941430648714	388.3223593484219	-166.99383994331617	-406.92840345261834	245.10660769260818	483.46202149382117	20.543699768924288	167.98477940542415	348.3970475288839	-145.14211275238827	373.2724860364999	-527.1203960778594	-50.3962940793289	-77.59227113815072	57.258384966907556	45.2014441141996	-406.9535745113771	244.9526952583243	-457.95817714067675	-460.9694022525136	206.9071347590713	-338.6424301294518	421.1289322222167	53.99346401455891	135.6674901388433	129.56654397586897	136.31408289236163	684.4091713159054	-351.6160021718831	211.66320790684213	5.625434789775315	282.40971357367846	10.788999879339256	120.43614847828292	-453.88967962631915	17.533937305269774	230.1624577857289	348.3640368104771	-13.830072580853276	283.8706937117968	304.69292768269355	177.56277349606253	-297.08014599785486	224.6455424290993	-187.13716684123227	56.71442892465937	-43.412210075325625	141.73961033000313	-226.7762333781698	-60.83977937589603	99.03519623099638	543.3758088034214	73.79561579760475	-134.87950354368235	96.8314160770857	44.0978567641706	-140.65132202829247	55.20140292454709	-6.6667837421688745	-129.83817816101336	127.65550432336522	-162.6198562174698	-320.4029823660372	104.81028650970372	108.84536787643025	-111.66104953418053	132.50545482686184	-79.48805717771462	-11.595882094733641	-104.96042462086966	-76.10811364433293	50.34340607592752	-2.747344172959389
LS_12a	LS	-469.38728507835174	305.3369792396209	-123.03121968996008	-516.3018481729085	-478.89600208879784	-246.73170578848342	-234.32921422515997	-634.1488507273573	921.0512903518966	124.50285734300883	-10.067137174957908	229.84543925441093	40.5708713343358	637.3188274169717	-168.92882238075293	148.1465181410445	-433.184418629049	-307.9065486578617	-456.39358165051834	-215.98770343426597	-260.063103180135	-155.76682414191896	-214.19605802342912	558.5337028976226	-6.414809823977141	-52.019213407843964	-176.6646340979377	19.856306057592363	277.57885949597517	122.86655987038769	93.15326405558949	29.577466076976812	30.85664130090385	-26.11761001036028	237.58022471615587	-9.93958230181685	-30.984985633505726	209.88860062046066	-525.4131361055427	-271.27728315881876	15.754179513295595	414.879771989439	299.20791238281026	294.60194313274746	284.9087124396247	-15.782448335068203	-143.26757597013727	216.90827347444474	-391.7457813748353	179.30506825604786	8.525341108124136	47.63260621343396	7.81292792348115	214.94121516037362	88.8136809093928	185.74307342334944	-0.8689157229488668	-182.0415285008796	-94.65415513751614	216.8475869646707	12.068954480831236	-203.64822804915178	22.43160156138711	209.15552752810828	-208.35854998250053	85.51802356715233	-89.63516242819057	-162.31206250844335	107.95967271012438	-77.61779859614185	92.07588443140017	359.0972582963222	-703.9437776740923	47.60807922208927	-316.29657304024767	222.00179523458397	-498.3099946365949	-157.66633487898866	-155.66014851172915	103.21936279779855	358.1849084815501	-280.49432790443285	113.48105560066384	43.303059436935655	642.7610317004546	-112.27226664673783	106.61137345464701	-151.46441089299114	-131.02125852455015	244.7989953521299	-252.41849504079212	55.37190326451216	-334.27546031022956	25.381843981840152	-302.6192185229789	-106.68499105449136	66.70677828892634	72.57236701414948	4.301195421134927	-52.72541313833184	-2.1242528909484166
LS_13a	LS	-331.8516108630448	234.65339395114705	-101.90566197151632	-290.64044120241493	143.2399312941276	1.9529356630927515	11.997636498007816	-63.20323957049737	0.48431379322702883	-474.0970538961222	-9.492881803739317	158.422499762978	20.641167054821288	35.819503476037895	-44.299246833883885	19.746306912423663	-31.053589505359675	-39.4272964581109	-113.43953765323336	-63.29143032490279	253.86789074959125	110.2092825352141	320.7742926712783	-88.10552400840326	2.799803653512947	-236.65309837688676	-121.10132750146826	314.65288383122527	-18.32321844948759	-35.18424791876572	39.71939835258301	47.455393363593615	97.18962221830466	48.00157845357099	85.45448501181633	-238.39189132159487	40.84327207423634	103.90384553075643	-197.040564250833	-141.90532690609268	-15.838849734779007	82.14863243225757	-81.61971815056724	5.320682108631905	1.5305316092726249	137.03455478398246	-66.30494240608954	159.14588771470076	61.5901021011906	293.22432557086194	169.20318354620653	42.147714157206714	-140.8349860533958	147.65367633370337	199.0904046110187	117.87218189870421	159.41861397005974	-40.40066268239272	-114.57732294281286	-134.19525886330757	168.50739949822054	-39.97852741399277	-59.378995049933216	-106.93915583694776	10.43790803254106	71.19725715095524	-3.1415335226869985	-115.41508299600092	-300.66134577400095	98.02401342970934	-147.82070836365747	262.71208226036987	23.42058803667228	-82.83836900494757	-423.4290139826915	-64.43889585733562	118.21479059453813	-298.02491331786393	-132.84403945969564	-526.822739966064	-125.76364458460729	20.052287551854654	-200.24745614583497	188.70947956890103	21.799226053683643	468.7497157467901	197.860765373522	-469.111625592137	-634.993632842679	-317.56082574905895	54.00946441045459	-298.66646193034376	-139.33377155177394	191.7575257990162	1629.4858657058599	-13.010271395220686	-432.7058886156025	-611.9457088225477	-103.3974137594824	28.830997832704924	-12.713922641902105
LS_14a	LS	-470.6208308917964	282.38995676852005	-187.80649481602865	-506.92054921947664	307.6546394409752	316.3130381802292	-17.32241157985774	-61.45102342423288	-213.67598034631266	242.31100795129177	448.8440250774446	-99.45006435937971	-651.5764612349799	-215.2299396927517	-84.31776761375883	62.91234184895211	2.156213369270352	307.5195076099341	81.17452689260243	4.9308531021887445	49.09216943380178	-94.61019113719783	-174.00321022638727	-204.9398638331231	158.10891985256865	-197.50421810294054	306.27409324357683	-168.53014902279082	27.34597776978807	159.41045476013664	-64.96837293457138	-161.87205970941977	-233.47758621098356	-25.45121879136368	-37.02662958120731	344.606025636623	-562.3642851894585	75.68780523169666	158.80224524403465	-16.129550665682213	-350.7181554691317	-151.28441773764553	-206.22814028395553	-45.87451558136259	133.20654848093403	191.05898464748037	159.52196423534355	215.66586914114148	438.2270775915609	420.53100804920183	-517.1740297952788	44.43452643675173	322.62226187802753	-380.03329775843696	20.71337054842658	195.00369355422507	-120.00463225783699	-416.1985540319465	85.99587040877032	-298.3891152191684	82.54014522922448	219.41416953369247	-328.9869560773794	-282.910828329268	41.40980363366852	-106.98406367619366	-373.4523049721872	-157.25598864266004	6.382582800787755	-36.7053585631742	-174.95975241160997	341.42847732135726	55.455950376886896	-468.53394256725835	-321.1691554953492	195.43533445095167	-42.05876629966029	585.989402155797	-94.97423835320978	-94.93371132727388	128.31180891484203	-16.91012946630316	-536.1930347089692	-110.65601473344772	394.53201889437497	-199.11981036210244	-186.254820206449	-502.39599065219215	241.46185384354266	63.18979629578999	138.83108162529103	39.76790127856622	-371.4278778161785	574.909204853644	-382.7249294972027	143.41889283071922	-554.5326453738251	-13.346703069702347	-145.89966325384955	-116.01771658583881	-14.78461981402667
LS_8a	LS	-395.2858860532868	300.6274213084139	-116.73944412737613	-372.23133685941605	-228.26701460333896	40.92036623668119	-63.028265912727086	229.29696150372854	254.86274071606297	61.60864762269245	-40.736367693198964	193.7080185648612	-168.58674450662085	-75.93217065477717	190.18330648013205	-121.02577057671765	-99.08875383169507	-14.63509755883651	124.23054625401394	-25.393802797422804	-203.9927405173039	110.62074736100935	368.14303190454234	119.14290961337815	20.355890377753575	337.65903144867195	144.51149683255443	-53.062867276925836	-262.15393806503863	33.569777534909974	80.04469262036909	284.99535847085986	-11.049771776356005	258.56673953570544	-520.261081999435	84.59468714540392	360.0182235529834	-71.13714102424522	-81.75019109553439	-69.93899576400294	-92.04315349265818	-78.95587117247784	215.06709825356143	177.59774993218372	-79.17992244379974	74.04140610651339	-355.97036567788865	-63.0545476247083	-591.6450046419006	-363.002271058052	-33.99550156957369	39.060939098407516	-200.90550534991522	-228.38191158004832	280.6548661039181	494.1481758350769	58.60528390733452	74.02065287532318	-362.22307482397906	-341.45901060802106	162.02821680887692	411.33474555768004	-216.34811004864397	-40.89853568434423	312.8210012128278	-447.831622670124	-568.1898668769905	-354.05222977593314	-9.000530199024059	-146.03158780585017	438.9435888276445	96.76267029303716	294.0643553625769	-31.076611822245646	-127.03352034644435	160.3933934892894	-230.62122056997998	-183.91662683976895	72.02839971862899	-605.8307871843296	-610.1284733427477	813.7483781947234	-541.1419322270673	-101.33580886568878	-3.0758873166094403	-266.38359720857795	-34.19460233069442	229.86114429886433	-105.27796110397404	-119.30823950377514	-206.25129619250072	29.574408873835434	344.17089275010346	138.19057684717285	-236.32326891017962	-459.55974591224503	342.38155066276846	-53.361841610407964	308.4339446969	14.603777722969081	-7.209196828162957
LS_9a	LS	-371.4637214151641	218.82928544667405	-218.8051661687511	-234.14988776273145	-324.93341683437984	-284.31004102026833	119.3559078939895	3.673180080900306	-220.37811056148433	210.74429768180926	-140.49138093811862	386.34262727846044	36.10956312278425	255.09866419101647	-354.0658553266678	-347.8156781405242	73.57165514595496	-72.84078779999031	463.58989816145987	-573.8765267300995	-120.59608969212846	-90.5428014820231	-656.1360491572206	-245.20948639529868	-384.8672378608582	4.162021261422404	-20.883801730777627	-292.95567307661594	391.1708820040358	86.8342994701226	259.61274190408716	-171.95389156140973	227.21468048348493	-53.55944417769517	52.834415156684436	-395.9587337669184	-30.347828742743904	2.3474958177873573	-26.593650591471327	165.0159961867779	-7.5661446260133305	-94.32596165637172	-127.22543490445354	304.19654014547103	-219.9018769638041	-160.7978990283337	268.60436763051837	7.699235671656426	425.68556214179443	308.0896912300318	194.8457005763818	-493.5693564687394	506.5342494144443	58.70259880259021	-622.172640048852	-445.4939565293058	70.61263223261481	-38.129817200834076	188.10986135212664	96.78741160567931	-338.6138974020239	186.22138303826543	117.43497061357803	249.75331112771505	-0.9641918450750234	109.30508470056135	-30.061217198978408	26.32917768999914	-208.76997676951424	224.56632300310162	78.63398024269512	-95.84489481957405	108.21354847933253	326.5575556741695	-35.60463635398531	-118.79878112714522	-153.44655873890034	-280.93953053539536	-115.6395642399061	-815.7668444958218	131.6434965593057	739.0316521866328	-55.522963734148796	-119.11584135881711	-447.19172955096354	-190.74758584501146	466.1811332996648	43.234577929512	-17.860989214653895	265.0660302040068	-210.62566881707372	-237.8420301222989	-169.96551949575039	287.5028259494516	-162.85674350227717	9.382081246405964	-45.22871744677135	-5.485093046490934	-51.42167268327209	-2.228280451551408	-1.9102687542830217
MB_11a	MB	194.47282129635016	-702.9340890420494	-136.43150600873443	64.66937623062643	-105.19252646796645	173.56198335500775	125.77062437514684	-534.4348775480686	-537.4542009333293	21.800996115241905	172.33618481275994	344.0360900715244	-105.36518472514446	-106.3657847431371	-12.253326002774147	-149.69597924723126	735.2833557908017	-143.78973934351228	-35.324281382491336	251.4257223736315	-138.6272043643584	148.45018865245532	-356.92339766705834	-544.1766470751313	0.9830097503462302	115.99279415297927	-39.445007742744444	87.25478469860359	-203.0095111532516	51.38635147581237	-29.142309496326526	306.83326049111423	336.29924533819985	70.49093049428834	-184.31838954435267	-160.4577594886468	64.47398351653301	161.33843276174483	204.85290275662427	-32.94568764409034	145.17625613457884	541.8191442887063	155.8359835878666	472.9995214010566	-323.3487534113981	-167.43917882368723	-144.8478670392705	-271.72010740436815	-329.6780541987154	-238.7014007301862	-267.8261881631291	-239.9511912301982	310.0065134374788	102.08410405413218	-128.32553270451783	142.66412429925012	455.59618450355896	-179.27192032313727	-743.4017809533688	395.72838124887426	558.7536187533619	13.967088973169298	133.29598046625753	-570.3513489723904	-515.8274291419297	-209.07000734772748	299.87592763302723	-140.7494306293499	-96.576657146804	-378.59743806493776	-8.595325807808543	24.436225458072187	254.57276481929375	443.66187047703903	-182.5987451884479	-154.94774171651332	-328.67435346024973	-61.742320714432495	-81.33789613594277	311.5310806691469	66.19911860091669	-70.35374403625998	181.96573402831012	-62.84269989203788	252.76886000045786	-184.36140517415961	-129.45936402631244	-57.912055078274584	-205.95136924586953	3.3358064519831845	477.20209236113385	-85.30135593189472	-49.35919066806804	364.3718708652605	-75.41268847526864	92.3227692894809	-116.74899161359085	-42.206892390179476	-44.534265999207484	-19.383518992051116	-26.780053347290803
MB_12a	MB	28.772184891080727	-305.5760853992474	-53.77250762789618	140.6275796199356	-622.2837498290145	-230.568945789401	96.64988051150229	-360.71089762058733	-268.4808898019406	-528.755314145995	185.9307173135228	90.86873237853372	-219.36489940440563	179.29104626425303	256.28556932956855	-169.63215228287672	2.798067121208427	24.569558612988942	-272.7760099423336	-526.4182603901241	237.64091470009015	463.47184884325765	132.50308808997423	-356.0224471173045	-109.09252247389523	-256.05294893069004	142.57886648434393	113.68906289728882	-86.31710788645937	90.82078727011637	38.22810289343306	277.8685261895632	-120.56320438848158	320.15321716051955	-369.73981475976416	399.2767908700572	401.4347134457025	871.7394125387193	126.01394051919286	199.49035654770617	-138.14660042617294	74.06283362187438	-70.81984184023013	-504.04164811445247	-330.49381863246396	-7.181816207027598	83.0287735879503	284.86488413077825	44.03374763601104	-421.9964636603557	113.36298194975046	638.6461988017892	-28.31218192350835	44.16028032944603	-107.28907397067914	-35.1598581499318	330.8776958969919	-315.91482489560155	177.28697736359305	-163.86697783901155	-585.791301093714	310.38686038144124	296.08289296618585	392.2482533030495	-12.168014215848922	84.46419810618924	-233.5872849687642	-445.88772564449346	-111.80862394363129	37.71992253567961	-326.4653910771553	1.8518169681284449	88.65115527126382	-311.76525622351096	53.30983070991741	406.15825474393404	197.27597852985943	-74.1819979328559	-451.93396344175954	331.436736814202	273.04948690332947	-137.30957302459896	45.205489123783074	-165.72255581211408	-23.112541302653195	-379.91934791321216	317.5727885609538	253.86375338959118	132.25465610620975	28.478828966481707	87.96174064722706	-256.03937291247894	-6.703952325200358	-45.49657959134059	44.229082150127844	50.75593666864456	89.39388373271662	53.56824654231245	-105.3257934974411	9.297927757090873	-6.303838970087092
MB_13a	MB	208.06405383154316	-471.69085876712336	-215.9213246714781	-65.08704697526517	77.5647322703573	-291.62655397617664	-17.58296026448199	349.73928176825905	469.83579636123625	112.8673136478001	-639.1853615943263	630.5335145912816	-251.91450472601645	-18.359992626376332	-164.4525456296248	-236.7747788148791	147.751956292875	105.0450862475507	-20.796727725629758	423.9155615734027	192.13736951623233	696.2359491347263	-153.60853266807277	147.21427918386323	104.68420483517119	-346.8876560606865	234.6709637908554	10.873720474237176	-385.65872356210076	94.268191662096	-73.40946834097676	-238.50239519073955	392.0924129452475	184.7059321183631	204.04219068356986	21.271104433247842	434.7490834069549	-797.2287418146443	196.33989136605214	-28.185004113918968	524.1256448488764	591.1849792663526	-149.40279536058569	-475.96507136948986	544.6148415909317	-282.25812294915545	-36.58232097186712	-18.813741302216616	212.34828821411733	370.8027755679562	-312.5724354287968	38.390204909561376	293.72867217576163	-448.06790297530625	-105.76248138274394	177.0010412186016	-89.5998984470044	-268.4324025294151	385.9263610600724	128.03418287598677	70.88586858813802	180.51792349290466	-83.72861275916785	480.23452490716875	-164.99924914275175	39.866900575828474	-326.7086018761577	93.77500372013203	-34.20932129537978	-340.39337790847526	0.5838634348242311	145.66502776609735	331.16373497797093	3.4347192686817207	-229.25122071698513	108.08573370945876	124.09506580250529	20.477149315081448	-246.38286635997002	301.96594739228874	13.298907152041739	-5.959601109545964	114.2204455218313	94.6576453177508	-80.81257673056516	56.10542060714481	-261.5182135475608	347.40445406786375	-148.34294595921827	9.402402734070941	-176.17234597083598	-265.0407800777566	-7.5463974264722244	93.86417635181783	91.21682382566367	-33.13816780056176	143.87835473472194	66.15369945305268	-116.31582572384316	-17.258001536579012	-26.902003684019288
MB_14a	MB	163.2315230542019	-461.2206999477216	-106.3505867502717	-16.082349628717406	2.2124610534557445	-299.9057438712766	-251.34797758691093	-219.9273517790834	116.61536013510181	4.43422904112403	-77.07513713056944	102.83742612708022	-389.83603699912555	72.56378352040413	4.466625852005379	151.5910018331615	-31.035659078060803	-352.9144011956563	70.71913559170123	-81.09280098365068	-45.31008525992552	160.73008912457047	392.0789996763489	-388.9354211226115	67.49804380454393	204.70671316854143	-50.4545561466262	71.49455640300012	252.60895545629873	-363.8310767337573	80.82488184684836	-257.86693070991106	-29.51511260440686	163.12138810461258	130.301528857985	68.2573595793455	-114.7541100290339	3.240954088376472	354.5946177255362	298.06749875991795	423.6765435053807	-7.813660658662247	-9.232016954656002	70.65431054141985	-394.02871478090714	-59.47971685940711	421.2225362762627	53.76437098155394	-520.9629846766975	-122.56925298721654	-391.3927937065543	-72.08885542806183	83.42203454183748	217.9536997076044	-464.1666669398786	522.8287862029332	-256.48562717585156	360.11739409101614	-185.08008037545918	-165.68988578060018	-443.22833345004614	-88.66792616163053	286.5721224577884	42.45041455632035	-125.55236066655944	-522.295082635671	-24.843818483197623	449.3571487099325	-18.883943266148908	-35.93986927111953	-292.1746102990415	155.7434716206199	-165.98940013656485	-891.8767350505159	-168.58569425554847	-246.36850606972723	-150.62095104093166	52.588317641538076	560.7240830088348	61.90494753564827	-247.0451419589519	153.74133924380564	147.99051010553686	555.7327934413084	-181.8806410661861	498.8341548626219	123.88889054151078	-38.47864251810332	233.76892817532396	397.09295618379605	-307.327286869895	289.3969616978421	-99.56845513796688	338.0821181629175	104.83107044600858	330.341100938349	219.12492045531727	-17.529494080302737	-154.13856837776459	-31.34302351850664	-16.837536726825725
MB_1a	MB	238.4469827943656	-611.7459530946821	-79.64080747184958	70.23970632369293	-203.801614638668	62.47679789896122	264.0916701487687	49.92839822475842	57.424942360104424	-102.86649701391539	-259.35034695300334	109.88305049279009	-70.56787033969186	-104.87376281609394	32.571834561159264	-80.0394252661573	167.6745187452461	-110.96004245981935	-57.278838416435434	-40.18050828690246	334.8790589319719	-305.04098480630057	106.34531334721115	75.60972920799938	-38.46410098668712	-97.63380709213826	234.05272469451822	172.1375376265387	569.0684759879776	-28.978292063685206	-9.0964821815931	11.791900483088328	-319.9668813358751	-105.46055438590226	-276.62356374271275	114.06454416999716	-148.7414507671777	33.24104180087974	-179.86502963602632	307.1023288331545	9.743104245666041	137.12606639827763	-15.932048687725604	175.517088579913	452.2510469835701	-149.39208180890176	-42.53546878256465	459.35699447119595	-226.06685629495186	-192.33549550790934	80.97881855153932	630.9092415943683	-281.19095807440505	-65.1182475338348	-97.0087904939538	278.3776952496252	-429.08385255375947	591.5362287770513	293.51753477279306	86.32322000847907	269.19817989485847	54.21524738073658	-215.85944889738295	54.4474880494809	276.09955141452565	395.5128010484327	640.237687193637	518.525072899602	-220.97908350815896	308.90692740264075	26.649514430612868	486.20078995542775	384.81236683355354	341.5841949591048	-341.65270052760724	-481.4387152870813	-215.86707718463106	129.59011130541757	-511.6291745796608	-179.14033060925263	-357.98288036807116	342.28646472789455	259.66426454035326	174.90727458621464	276.23264694571805	-457.10641002961177	12.651470628543416	101.96504212203685	519.1908657466705	-254.84167272392378	339.29188065564995	-81.43767961944802	-218.4671536081905	181.77689976770966	19.164965000066438	215.9702154022829	-62.96462964492098	248.45187660344	-3.974885881026291	18.169973154189005	-38.15914805348921
MB_2a	MB	-198.12305003508695	66.32950196505742	-49.8398509465851	-95.80482538956021	-187.7988876353058	397.61907550507914	161.79972211269367	577.6908838572543	-419.9610576309704	-66.2972691901436	-859.4522805479669	-277.9418267270559	36.925765973819445	-391.4409716377766	-58.023136190439246	-180.13265819200137	-323.34687398638147	63.38506001590425	-288.4389443472369	376.7831018140774	20.283098170746435	113.9463990670523	-133.58798017767612	-141.62771604971903	-450.52751327134064	-23.91424851053026	105.43854381301104	88.03009828372326	-191.67905412768616	-163.46963030009596	-119.47727908114959	84.30858289213288	-172.44601974621872	-562.5360995433634	-259.56633538474495	330.2983268479598	302.82930220252496	271.13289469688135	-168.17363626998647	95.10835201574555	36.07605503398094	480.50745767634334	596.5992088221078	-257.8423664044222	-124.83237012675622	-163.22191537569697	-173.4971922995863	234.92950353899457	147.19594165532956	-46.835229260083985	-268.1473065293882	-334.7595954144042	51.430242822711996	163.54049562691574	-222.82492353638065	-37.24782282695289	121.38752936823016	383.9888482829405	-431.295672946065	150.6114437178802	-632.5040348614625	-16.501166865511106	-544.8518924370885	88.4264700253607	-37.573602963753046	2.5515432467753514	221.22992342690722	310.41405810110155	-23.806360909208387	-175.7200926942938	97.9251518897095	-375.68643289207665	-837.095873842412	121.08320892149933	173.79070491411395	109.23023990643912	-57.707926806147455	345.82194886321935	-315.95310533159875	69.89454795760139	74.41797212812499	196.9732094125248	-437.9872974625289	31.754277418920193	214.69970617929926	151.6339226328566	-5.667092309322313	-98.05027841192015	74.96865618422407	143.16894658613342	-209.2080967860691	153.63654420932704	-37.45089573287041	152.29044602404673	168.05409284772526	-135.73256291007695	-217.2109526354028	-19.956725764505563	-3.412676992930532	-3.143991061234673	-6.566784240586229
MB_3a	MB	250.0005861566321	-634.6939770736197	-96.69962111649129	-85.66718896952818	-284.5807012604493	-289.2634159194066	153.70408834319804	-173.20275424822273	-387.125759162211	59.07183873636689	406.65679006887194	2.4618105978238685	456.56082384486297	-169.64974824440773	-321.94263320625754	-292.2287819933543	134.23557987466847	236.91112917974888	-215.06563811180666	-95.27303638072311	256.50338665518376	-532.5714907206419	283.12560264391806	-75.73092733536282	-398.4537856301668	422.8714265178668	-19.935475711615613	-527.1449950772793	-33.06361279617141	232.964744186383	366.82669664198073	-331.9208796883276	165.02750739688514	-41.979458295637194	285.25922915631946	633.507372979831	-14.878090403816103	291.90373425179314	-253.51460703236623	128.57853536641517	22.828462792452935	351.6408158180056	-231.51238700056405	-341.96656194430034	200.13049187480414	-360.60976139369586	-370.7268355630529	19.849149188724464	-81.45048185135757	32.235917653918705	13.278424146509202	-239.08170650669305	-421.9201233568952	-454.4922266534215	576.0797596536763	-171.88644258463694	-450.6090519814756	94.0922921687194	97.53249701099341	-49.128199828175354	136.93380310649547	-176.08452691551273	228.68504264766935	-57.165097597574224	-248.69022017023983	-169.58186183470556	158.69266504743783	-307.3651104926081	-63.32743213007019	-183.70643080518002	451.22524715014293	-409.1364712376196	394.0881722691829	-160.43903692650076	-150.30239476287576	302.365941310489	-142.80465412361843	13.383478680981165	94.89639427904827	87.05308502943029	381.6964872214642	403.57879818205987	100.68390492603673	125.29031556924596	-89.60019176829346	511.81989644819527	-173.3697973530818	-327.56023697785565	269.0359160000496	70.67771754407845	-401.94716554259935	-6.399738194380792	-279.87007957141213	-3.095266742700187	153.24687382625189	-8.804489439864586	29.02830517730519	103.7806759401227	78.7537728577545	78.97546856962639	-40.17155051482845
MB_4a	MB	350.3096439944971	-789.1416248034127	-165.8160825023651	-50.92418841725474	109.68861268772608	-80.00171707877163	910.0474020266404	33.55902213227659	466.92278679299875	-43.322717804575994	154.5903289025104	737.0427867765819	-170.311319260886	-129.22719609526854	-68.2744843445181	-432.9148684861321	-477.71817247428095	1011.7430930635678	-184.55430097160996	-104.94360605103734	623.1918103649352	-356.3824437476893	-85.30574297902605	139.4526129573027	-145.65785820156862	-57.925079766513555	-190.12333117018764	372.1168123435149	-182.95252533494136	170.2448688728462	255.35867506774576	417.7759192877783	175.98601170746412	-438.3168905126025	-205.88697900705074	-184.28954896776452	-360.17023159897195	-293.21359147795545	81.7309900527562	-81.95991027566505	-185.454711649824	-389.86921647250654	287.6963546515244	6.394528600511396	-75.02523895021642	214.0903083424346	2.14431869260965	-377.306427358733	-204.88703267036277	354.911617750764	3.213184967356203	117.83685576887078	162.01900584972415	555.8857464783936	228.49374977798425	135.81171517361892	-35.769667544339214	186.27180814653568	-206.12014850807833	65.34446490775818	-219.05729064489992	549.1150795866781	355.1993486897276	-26.734032300291673	-279.83411339918035	-120.36065269436295	23.86368417669907	191.81068548788343	283.13890777700755	78.43235262087063	34.63933057961456	28.036939992124687	-13.000383542760588	-241.04936907336352	343.4233238806885	-18.650007839664006	-76.02032373424812	166.62504965464026	153.89154318510273	51.434861473873084	26.717699432689958	-54.06231425571973	20.70135345378118	-195.0287195271925	-43.31128889554986	143.58942833127625	154.2158402691483	-72.31309723581428	129.85342798761957	-1.0047666196479623	179.03433503595414	-145.78349203272728	-52.09736624736959	-188.3366408026048	-15.891539884201995	-180.0733589479295	17.619199240164747	64.51922371598067	-35.98561640034761	-43.68299964042843	-43.34875795002575
NS18_Disco_Wild_10	NS18_Disco_Wild	-54.74143765461848	-190.61854991118767	-27.595733695436206	-216.37965603466418	560.8958800502829	37.583758651067775	-201.03385133981476	68.8187124372718	276.18682786199724	-237.45745200954948	102.27895236652232	-476.089802445131	192.60964719362676	283.00674089358364	-258.41351870234394	-147.2346527769125	-462.2172768675438	124.18816859248119	102.2893528174023	347.6737258694835	-66.0142218056122	337.280799573878	-126.14137138491367	-28.794186239013108	-98.0556907192642	-66.0966925989875	134.2227478693829	-7.222285325223026	-256.3338448653499	-577.3404930397455	-70.54827054939462	-189.60646076095207	200.30992201670304	279.1298060086733	-417.14840853285097	-155.64785894206918	476.66228338481176	256.6836916814047	111.2871867746677	-32.739292316939206	-163.54092481548437	-222.84768743119875	283.5205727903615	2.33876095737458	288.11497540639687	40.85687338598942	248.44346509250033	-69.32172033425896	-23.592691768092116	-8.691767883460015	382.04182340507515	-285.2465639672072	330.9276651787519	418.5370047576803	189.75370246799136	-386.9481560792778	550.3841099253815	58.997200860912244	338.32979598753445	75.29747853779101	49.51622970278955	-461.2288623644413	-40.16372298498158	-125.03913916479573	-309.4548981089246	-88.74925228558688	-96.55329606759484	-185.77618606526872	354.4304257541806	254.78500499508752	-176.46255340957066	-266.7054963617343	505.57666169698837	-199.09773172293728	-367.39532409060973	76.24506557445173	-620.2540073983295	395.01200623065046	-84.43416435333401	110.35457602823406	-371.0279193491281	386.11975867658447	534.2289009576309	23.857701630934425	189.47036073311017	-130.34226707281056	-52.24021747399193	-184.7113325532997	711.2479137671012	-232.6995323599815	-114.63628015500638	54.01123651962201	-242.92736294787588	-110.662786479426	113.97015747985553	-133.54752861537222	-73.03419941068458	-71.03370002782646	-82.11681306247253	-31.927749448922743	-37.871168789054785
NS18_Disco_Wild_11	NS18_Disco_Wild	-1.400872828953921	-147.2738371205225	167.43835458806714	61.746114019130616	204.29863013270702	288.824432657675	673.5279687533139	108.24603304353693	-395.5148708654432	-531.2286676075606	38.31725257613157	-345.752192621713	156.4555230862949	58.167080688899176	-123.9159069278427	-96.54347785801403	-469.9617515300943	-695.774344861219	-205.3273545087108	-167.6187588828397	-272.2025820671352	13.516637516337886	-104.98591357202437	378.57389352145753	98.39942600953621	-148.18241111142711	-14.640173316723324	343.53078841212795	31.25347776352727	202.9552655855096	-57.532743558313534	34.61361553700405	279.28010788598783	743.3241752106363	-398.0812518371065	32.48383790630288	219.35351822224123	-176.6016307680753	-608.6231055351294	-56.80681350438862	-265.9805624660721	-3.153979157882262	-175.2039448643719	283.95237867657056	44.65848539716855	-413.6979932121818	-60.8801533773004	-334.6788370434741	-88.79026812753635	-454.3691386827193	-513.840738749229	-213.0856970437893	682.7746284904416	-200.49557103418658	9.775003848488973	-200.34288787935017	-714.4643543465138	-55.25492921102794	291.28065166193306	-41.048676002154835	168.2146027918828	279.6997530258805	335.0486509089685	-146.39031522567421	353.2386346524591	-126.96708200149584	88.2029094362455	353.99948783865614	90.49765808856428	-52.224488889087084	-80.2911182123121	121.02130695381892	68.08597159680829	-168.67148345632972	432.77940390639094	218.72759230959164	-252.71181772941102	315.19964117580236	42.045680313561554	-134.3093883252418	147.5878869523502	-332.0382572906691	54.746205960563806	59.429730687296626	34.50645448082108	193.9962492716281	145.55202259161123	62.9159780623628	-171.90615065153557	16.931563986875254	-186.87454630634173	-262.53496535195967	87.11104036529073	112.3829857068156	47.34929086628769	-39.79134724172876	-168.31796990863734	-3.893192628142644	64.19483160372847	-42.74471575370444	-7.9030776941464715
NS18_Disco_Wild_12	NS18_Disco_Wild	59.9964657603896	-253.45181488336038	249.61190928058295	-6.403173180172686	-524.6597427651989	947.20221951327	-272.6170369977346	888.6042093009759	435.4468413164883	-62.95684789239316	488.74741484215537	-456.9727942721961	89.04430513239531	262.2947201625871	-69.77880489399412	-250.6562701710625	707.3379117945426	-561.6736799558056	-438.59805632412696	169.19786004323592	513.9092024880892	-156.5115645282302	-232.82877681147187	309.0868009483358	-131.6993091418104	-500.9704544761983	-37.7371631080278	-320.2168248592234	227.11375704386816	-144.12037240523398	-246.45870741417903	725.6905269407246	31.9066846211481	-139.30931951896588	314.1231347385642	-98.14999827501804	-396.8053822959643	137.25382729162072	-42.404596060652715	86.17581051008773	389.2042183065464	-177.7834090127495	-94.68358880426486	-237.04192790281226	118.8789457577195	-464.8793140017212	225.04918104454754	-263.23708318291744	-28.111908282565153	267.33344921369167	268.10555506458064	100.80104971570589	19.595209524074857	37.78563508025596	-131.8572805227782	-185.18061690941903	5.600988550420044	252.34379092594972	-309.9609729190314	158.20825563689587	-22.832291099537557	195.57939479261032	320.19982975011254	-169.71564123145737	-31.800928049754287	-131.49963067539005	-365.60670458061406	-149.93454698645468	-119.8440727483558	-1.1493163826451955	-180.36833433282757	79.63388774035427	27.04617987099221	-266.7320406469804	-177.30812785830224	119.01415366894149	-102.63114285646623	83.01578411179638	7.6988672000274985	57.146095325153205	-162.37704473121104	94.33520004584895	25.604834523337104	-274.43214872414006	-147.472305972505	58.54881432926804	-10.151564472932815	44.151896412406664	-99.87670676159904	-57.70744709783557	-225.5865522716063	39.55581790920333	139.89527861702229	110.04867340032902	-30.768800960776307	17.483428882758087	22.4073069923711	26.94556754289688	76.85859761094294	31.188123781314037	-6.503450635115065
NS18_Disco_Wild_13	NS18_Disco_Wild	-186.80087193410603	-36.062565082789554	13.148639887991566	-238.86525626131666	172.2059540017764	-64.81429828070758	591.4845610742595	-102.82957570894857	-110.8589674726048	79.34607323520413	134.42040680331795	48.78294959276565	525.2059513930672	-25.267682594106677	-121.84048503631807	-425.9666733654593	-68.47575080639312	-161.775279187955	80.04329959649239	58.05759523332421	149.30180881238982	-423.95075580657715	377.5618201002532	96.1805538734387	-154.99983168974353	-253.3642329632502	468.1766089013071	260.0747081650951	150.58050125719615	-581.0951172436356	281.777226918449	76.87326905876012	-430.93911213541577	54.24125304311104	240.50741614828874	759.9072044916035	558.0706778576811	-465.60833300709055	110.3645991904324	185.27024680200034	367.7958458218306	-175.9556754383726	139.9331626243962	446.18860763825415	-241.64644610691496	-128.4086372175044	25.992740546216066	59.80250931055982	2.212178318311021	-108.81251242560867	297.6522454643199	-117.18656719195594	-199.83313575914454	268.4472379506415	-659.4817592663743	-48.43497307277763	75.28159093353155	-742.0314555130728	32.61091852210349	265.8994134178941	-72.007274403712	-287.819279236025	90.46382308305051	-138.43535713521703	384.0632009023781	194.15065040050393	-283.27683208048865	-51.18864945865581	147.13504558790328	86.52978197322699	133.38101243121702	267.5958979834307	135.34067435036718	22.784225088285158	-382.013824551496	-375.99274804821334	334.1542763749174	245.44455352117808	126.31096615779781	334.2062367077165	107.02309718907874	-160.9567981940592	-304.75504436753664	-273.0300094988297	-48.025232446502926	0.7621032754536511	-145.08908135498453	-307.4097250075507	-303.5728628928286	9.508223408679006	57.18036302896181	133.85324606585453	-73.26356145639134	14.159953179575016	-118.9833570015178	-345.96980679403123	273.93273397453424	-57.09899264571569	-11.626211014036182	159.80594056280557	-24.746437168825363
NS18_Disco_Wild_14	NS18_Disco_Wild	160.92469613222653	-413.6441544825946	121.3215502826567	80.16223420053387	-257.6185345800011	56.60163207050937	-145.2400417921441	210.62676648808636	-44.36738072545095	99.60489106093034	-4.719535671460544	-65.32674115251969	1.049386652745623	101.69769154380529	128.73263873885733	-190.08355825184407	154.41504387005932	-193.35787481945195	1.1223976068018375	139.71193664375178	-447.5096237846116	-132.26541774352162	170.16067796941374	-92.78947458161733	-170.19598855339072	-93.46143117805858	65.06273197481532	80.40547912038888	-145.73969117168195	-150.5528269550021	93.20851929397983	87.51903281073207	20.00163886790355	8.252423193743995	229.99275757796215	-198.68612169644808	71.59658333846401	-166.88882872903454	103.52902788090711	-248.70726019248798	290.6831720903296	-85.72785373457555	-160.7684967964377	-159.16069794998688	-33.887803296394374	55.27860321017533	-21.8857877013244	-38.90086261859898	112.62432494266235	63.64184201415641	-158.0771708505137	-28.212315949043635	225.85873211105033	218.88601903160682	199.21569317473197	123.35581017733288	-158.03819846688808	83.31939655620914	60.93239170009117	-84.62964379277761	-131.73038602149518	-289.52213567738875	-224.3650887424129	270.5100036987951	572.8107701320009	-37.512456899624645	434.5443581150416	30.645084399384324	109.85897353234688	-320.53053712940863	-67.61647202446993	-33.90001257044092	-96.796160824186	-215.41833803567027	-227.24295061862063	574.0813498712135	-114.20993711824676	11.158384668852557	647.5500414619846	-439.00020376317696	665.8112938456267	390.3435706914412	-163.27859268202357	-345.3762472707109	469.65241847883215	-106.2556599434549	77.0931854643641	-97.365057921579	244.4616166055389	-188.10118487986873	1093.2353798348195	-430.53981381948097	-96.3847384902906	-527.733376311103	-3.384047112362058	214.64832240079986	590.9704646217099	-360.254606169459	-365.64147141775186	-113.02222963172002	-18.539486011829258
NS18_Disco_Wild_15	NS18_Disco_Wild	12.533160857664278	-225.74528542562157	232.65986493185633	-186.25056501347362	574.4520905955676	95.04483516074	196.50481867950083	-41.19975174566168	-733.5615627555203	-29.458247682177653	56.197433144749816	94.25737544093062	-129.01372147283985	534.9180639199792	78.7772344518647	-76.17452548289732	90.0675808874144	-5.558705826994047	-595.0207895485788	-98.78694558593152	-196.96993283341584	-337.7780901791153	237.14305670132111	-311.8061298115987	-116.16971640240305	-37.34063887127033	-209.35272972180118	1006.2254847668447	253.1683193845841	255.5270314847299	-255.49727243827354	-15.048363509155864	-121.38679540007391	451.05577382649074	303.86965494937743	-498.71393616726806	-112.07792493537725	-225.96827083866125	-224.42929149110202	-294.3550651643092	284.83064524467943	247.09547250464652	-418.4673932201713	-644.666337493622	-99.26714506929338	206.7517191008828	22.954806504775163	-161.88195807378264	54.57474891477816	371.83104138829555	285.69958722334616	66.56287560829516	-397.95890823617935	130.02549002533297	-213.7659026957927	-89.00619095011105	207.66909676328794	2.5521131105919337	-78.3340911054258	-653.3613629896564	-179.56040624577471	-159.15466299656632	38.59666258854007	121.48623329824629	-76.3752978017567	-83.68383395283252	-119.33658614231227	-150.67769119095448	298.60220132549586	-72.40130789142177	276.30128856516785	-311.25436350815886	-166.92829283097998	273.6070501411115	-234.32738753571567	-280.47717571745926	-19.995739156620672	250.93805177786479	-156.26458946599118	-236.3397598090369	-184.30951084518364	147.11865599544052	112.48674536858339	39.19672125483623	348.19602971388326	23.731713846990136	-284.2365709480263	300.2736537363313	84.77917890438577	96.77009479506859	-216.11507740724946	34.85920216719998	164.81517918002365	125.86340277659426	-313.8489930289512	-69.43681838307565	-20.653027791302467	263.97365226802106	95.14391086932348	-126.6544287207249	-40.400338327088576
NS18_Disco_Wild_8	NS18_Disco_Wild	-53.490115363620546	-244.84988761913195	-315.5637242361614	-89.44493724619936	549.2450005692548	211.6064191550878	324.9310078805195	128.7663472073448	146.14847369341126	1014.1046748109609	283.85428539823664	-130.18908627680474	-195.10473670297756	194.83728832833577	-26.435468192196403	196.07462489808398	486.7135395074849	116.48431605290067	30.476249708618983	-79.96071787275002	-290.13182731523335	-142.39150486949436	-10.303584003418141	534.9471572817115	202.39111182570855	-454.4641542027054	686.2032721695014	-131.15840490444197	-21.098752925285588	-269.2075628586843	-146.8738016848142	-292.68753590213146	243.93748171189242	366.5086565506473	-615.3701589779942	-106.28756536839627	-175.0736749577092	117.69131625894279	-315.8733515111383	-44.83316953216184	530.3482448190343	457.86876939059687	98.65283040673047	349.326564879164	-476.94151639699294	565.5903302974922	-152.05877938389546	201.274383062884	11.520949205706817	-143.2523938707746	-8.575747065832207	397.1234163871056	-274.7163635004773	-148.01691284151158	-114.5746469655806	-201.7541878831223	264.1995387216784	221.00889738519876	187.09676716508142	241.41084789739418	-249.38381448809346	324.50413732502204	-0.7341283155239825	271.9138104158745	-38.127799614460194	46.12702871968202	242.15285796403097	-198.0884840101234	-221.18935047082363	101.56881202891745	334.6445019607425	-425.60215871920366	12.667816840870685	-247.75607892915343	219.83758445058385	137.08862325817722	-144.5387139242302	-158.9161306407725	-114.87956462953557	-76.036323371464	50.20468037393328	-237.38147220047836	8.754787724681957	-55.76207684938232	-174.39093887287973	533.3121764091792	128.62383573991124	-128.70515518695976	47.337036344449956	-15.916124130564942	156.40650311390146	133.56411197894727	26.551936958494064	-101.36927590712737	118.68164328481363	0.5889207405842514	-53.839566435886006	43.44233359005139	-25.035079589980906	-83.46479653476634	-35.7693385994424
NS18_Disco_Wild_9	NS18_Disco_Wild	-96.10781923676971	-92.69930535117135	-157.55423849732762	-257.84807957391104	632.5884489816569	142.1598462399829	-321.908359377569	392.84616360182235	66.42305652102463	-354.5857848076532	634.4650216189358	252.8990393703094	-72.80195618830707	-407.4495319591035	323.02854713716454	875.0162128717083	-286.0652537613885	150.7426994308032	-10.75274406695533	-78.85244611957066	-342.1508848718462	110.05511727654333	300.80034917669406	-554.8696002001886	-326.68012294919254	-129.7409492046945	486.06181462506277	-321.03467842119494	214.2158829050914	-210.85853032830943	395.5358539588515	387.7791012285936	223.12616063349807	-95.61031306240311	-264.0086950925095	-170.13506149275804	86.30230003923852	28.49041195577667	338.0991636357185	179.84903224605745	366.01974646100786	334.23131999806617	-144.123207473018	289.1265824622736	375.76753997998014	-445.2175427181346	-47.40502601791918	-248.83388341772167	362.026521154135	-120.4942677844014	-16.91684004434197	-231.72630636046594	-626.6641154997557	511.45336080917446	289.07184899237734	55.21055326680888	-321.77340267652875	-150.64090001211935	150.75676258910377	73.8274561416688	189.54254564526647	136.9311845921976	410.1156529112322	380.4067080617524	-75.74065529286491	-200.96335744500655	-96.88629306792018	192.638890521696	-101.89272073106599	173.23594698447496	-178.94208701019537	76.30000102486298	-360.57474073146176	429.30460254673216	166.31321938763526	-30.877796359873685	88.8718990616013	-10.448117422066709	-118.60746191590299	-188.26627332960953	282.9723464322641	-76.08231029115053	41.376369827592114	-240.77634876731767	199.28804996386646	-62.05393968612354	21.672203437133962	210.46783548283386	76.68831643354265	161.06517459377446	-156.3592550381723	16.092004857880262	-69.73521306267958	19.998139034754054	-69.31461605376384	-69.0914593944539	-51.80716142078365	-58.841815442680854	84.14986026935429	-76.7652833619576	-26.086302776782777
NS18_Sequim_Wild_4	NS18_Sequim_Wild	298.7890751746619	-719.1307120583415	-30.894070979868015	-20.436831119960182	-27.805043753446284	4.0664396051150336	-576.6344194252496	77.60489858288554	-376.11082196953413	566.2346992977434	128.18302628490926	143.72452099889918	43.57524473402756	-580.0050873048577	120.37476070527305	256.4705402673097	-572.5449819762528	-221.0994067506208	15.107548958472213	-127.7849072787722	-390.8035403145159	-234.91855041298064	26.617473994187247	-108.11849055481227	-316.9947312676766	-31.842939801530708	-37.4058032808802	-175.30416411752907	-416.77042092421055	-133.53152198359894	-605.805716287083	-338.87537588399283	191.30989131072423	-113.3159795637842	606.8875711295838	-305.5737718207319	-72.8496608827054	37.07270678935635	-356.94999113297433	-332.29252739204475	353.0805779999599	-633.1696548060257	547.8134684856524	-331.6568569879867	-36.32510105410052	24.355104647724534	-111.33505441606923	58.16986033581281	120.16398331686308	-363.4100442663621	49.0304517142426	604.7874323453689	381.46804130748575	473.2144499002609	-221.1597373557815	190.62593243157391	-551.1662769066498	-126.97628868761898	27.929514601870792	24.16088423270071	83.85185683027123	87.36634170811891	179.63167288319673	-208.11410424291284	-193.84295304946468	57.32367340548776	118.6227592820914	-383.51352412701044	264.16324437841337	-154.40019331565054	174.47993605413023	192.4147978639052	235.95078333374505	69.76160471490411	44.24372691401749	-98.86207973379399	22.49624007578207	20.095209396064256	-614.3390285427816	141.12533543725928	-182.5209108934872	-2.2110904513426184	-212.5114133597906	-30.09258767148375	-232.15479798734302	-79.38415642588124	245.76883380549805	-57.90032823219624	-175.15853828134735	-127.17204833050081	-184.5084563556998	-74.180322439516	-249.0886434263528	31.780579505952858	51.09020042901955	-17.46445079411424	111.58695869966316	-71.34686747578448	-17.36184314338376	10.708683430872373	-45.23307051467458
NS18_Sequim_Wild_5	NS18_Sequim_Wild	25.82573077481669	86.24081112523885	701.5505215379809	-252.91762194553908	273.9612247740661	327.6376918191871	-47.685881285138976	-474.8145534260171	118.79947643318677	195.66834323233743	77.429650711561	92.04985817136554	297.46088610448055	11.907385813460436	-104.15444726853238	54.127995216507955	150.15713041311267	121.78077886079191	369.52576845384675	107.94705041096076	511.1573783853544	60.41095080750191	111.97517035634634	-144.07280115228494	97.04875691723335	181.73570433107236	-339.15580770362163	-67.18767582360681	40.0396335572105	-43.74170965548028	-543.1754422901394	-42.30037512190002	522.4349770538406	222.12941496505596	-119.5916905849929	37.55961469233223	120.12650375732098	-101.16819519371548	327.59088574745186	219.23524461329822	129.639753618302	87.50358910419246	450.8691278609715	252.96228381919283	-143.177174909358	-505.8118953386308	324.9809480912586	233.20788213201806	-223.21182829670187	-185.37419220125867	358.5573626340553	323.4038536000084	170.77298168777614	-0.05967798531993701	117.59538335104496	-331.99576970043927	-266.7484930149302	322.2042037580146	-16.33940443945795	-597.581153270748	308.06785481905234	8.1899620037931	-177.09177075911126	40.323229580302346	-322.47162505097054	354.9170777285742	-527.6627789277138	228.92971075602307	-236.5613827889185	394.80385000218405	282.6897931768748	-299.89572526259116	-381.76264148507227	-122.15870771260515	174.01430902551422	125.90404904478774	484.796940070837	173.8153365101519	-16.625662417893825	-95.30120782619242	477.3977674825499	214.65730959493746	-208.02237429869717	454.20239908846344	357.57658649834195	25.555511271847692	57.97456718266975	43.13704160378218	-302.1689126858446	-288.2851322569097	174.75597329552917	-269.845619413675	-70.56118196772071	-3.2581242934486254	-254.04395849896565	-137.37580526513753	56.15806582937111	148.9888777941968	-465.32992589281974	19.451874080481968	-11.064783627549069
NS18_Sequim_Wild_55	NS18_Sequim_Wild	313.2067495642299	-670.4753280640764	0.9049949909115593	36.690449713312766	-149.03934734247008	-150.89871853363346	4.272677862797309	358.39536995746545	271.7592252800142	46.03960130601832	-107.90358288964008	-432.0864332756266	-156.49628780227098	292.8457738454561	373.6579365767203	-482.54517041569744	-320.9067599795098	83.22340794145096	-160.05016782822918	-457.4998208045547	-556.9184159336999	173.23424479700577	148.9584887404356	-366.84993943845757	113.41451156913969	-115.21119563931049	-54.56446398998403	152.9643820287673	-90.01500582098255	231.57237963369778	-274.88304348281076	78.13510935348882	855.0940060043529	-70.6710660050937	-252.85732915695178	129.41243235313425	-312.7753797922563	-29.674177484108167	-11.267449497813452	308.73273499880133	-110.44324077641213	-200.35187488275022	229.41633495602963	-30.055484399642136	-27.682512958928346	193.87940681756984	-55.744663039181006	851.8133598499833	-139.88744591178215	200.08917164964876	398.1043109154618	-446.3360286381476	-211.2674205028471	-181.0613816081538	-52.133272866168845	138.3151993736213	-420.8227314393345	130.38589845253267	393.61809418789164	277.8934259985864	208.93439500544926	150.77943723278386	-252.17269674814025	-602.3636256620578	149.56919005003007	-2.626638238176874	-274.4467770258494	-366.52276033807215	-189.0665484321857	-39.36615708669666	-387.4073929083465	-244.73394237523488	-51.96502557456667	370.5688505070508	-142.64045118234483	-514.439168178759	258.2385032646162	-84.44683092663688	413.46976387031975	240.31438725758633	202.8286905808307	-66.66026687570606	73.02614893059425	-222.89713608194847	122.3754635257482	91.7791241197504	-135.13990279669466	77.10195190526733	-21.37979865539729	462.44639543388564	83.89072441927337	5.9370981007953425	143.6610805169458	52.157204935809624	66.75515442399882	-105.41823366082049	-73.85251585511284	16.143057889713063	-111.10416837916506	39.074309743749446	-17.94554567196788
NS18_Sequim_Wild_56	NS18_Sequim_Wild	277.9965669102696	-702.3175643739962	-172.83553801422664	-53.56125154349681	127.28263136463875	-122.48690039883563	-125.44466417206569	-297.68398548657285	72.95228695140273	-107.23558026568305	67.05869187502356	181.66026198716327	62.65575709885926	72.19752436018365	104.28236742299457	107.12639590996802	159.89948404809712	-27.405444994996106	392.3751987930815	18.918300248029407	-67.4557040451805	-221.10073162675212	39.10283230854445	80.91006828151016	203.6047191040495	189.21725446008443	-242.17146160410184	-166.5056738695879	-252.67049017378994	-73.12752276274576	-125.38709625485113	-134.01354968244	-64.98404470009044	-193.6936462436589	-119.89194937564959	161.8307255098773	-175.70553189696673	-123.50912090870078	306.48585513988644	-72.86755647387722	-136.45901133900324	59.997577770643815	133.6400302392557	295.83299795460124	256.8550456219288	-27.11404873561455	-189.36795531151625	36.6175927723422	206.0292159749493	78.09188946585063	-28.352597634303923	174.2321904854267	414.67792839312625	35.532967830304145	32.56353424258651	-278.5552952788493	299.4492791161995	316.69893717433695	-539.214162918713	-294.40628581780885	-370.40347601441886	-227.4595825289061	188.37379666421452	-17.293335153825506	896.6033190722187	349.883468072281	114.33103990435858	-594.63289059058	-276.25504824273247	62.852015162547055	-458.9501849208415	522.9066992837162	56.254293529087796	230.2102126005171	-141.73572392513245	-111.3940618559176	-196.25210862905777	475.52394788703975	-206.12031737982917	-38.536247156423805	488.1723633583661	6.885522396805754	-81.0673819752718	-24.93250794279288	36.79393926073267	753.6798810194501	-217.75791121316126	712.909858910631	178.6459556917704	-6.168541098299953	-435.8411650191085	68.89280307646784	474.96925425736566	-170.73741752188607	50.244875267891096	-124.61982957984024	-167.69218669737825	-5.128459180221884	246.33652319118616	-241.37543182000024	-60.94403823879809
NS18_Sequim_Wild_57	NS18_Sequim_Wild	252.55532864629564	-717.0623561935732	-182.49504406540373	-96.71450097930379	-198.86421861491186	190.98176078485236	-254.13719315040177	409.950264927866	199.96922026263687	191.9315278867296	-696.001742242329	620.9736062942258	43.135063139573624	-4.666569398416048	-30.599119132312534	299.88881032009317	45.96808038436265	-163.23270100342458	-626.1829458442525	-91.21476767679977	64.81820267017403	433.08816611242173	430.8779236713102	279.12842448929075	-329.2119448617859	445.12417524912314	-184.35288159397203	178.6987517991283	550.0442413760201	-333.79039628784824	-31.809204170493953	-550.8139556364363	53.749969355263325	40.184749295304	-244.24570366002476	85.07865467960625	-259.1322395243715	66.44910971837133	-48.45069986220136	337.16822475431644	-479.2099648137392	-516.1847689099416	-425.1906160316271	531.2608599708956	285.36554450712555	-32.19110684628396	114.42502280463961	-521.7885656862676	255.05628943057604	-365.8066481628325	214.58353020626873	159.92894408469368	-306.27708153996406	-150.0907366727119	-194.9860043773019	-242.11189928502202	133.63309290332182	-560.4094829670821	-159.8746454944678	-64.92714036962181	-55.31058276955239	40.84229741271052	-264.27218468276834	-352.36752244268945	-426.9507164237378	271.5430124198341	-8.688355997837697	-151.55552085132095	35.526191726306564	-473.0552197612166	-180.53414101112045	-344.59564323623607	-4.938072680597502	-112.28508759852598	15.074129793028591	66.28940936910303	-24.742356045953898	8.130284535077111	157.86038938650174	-223.8190248031905	210.90099660992027	-165.439375330334	-159.80168564830888	9.776638928834792	-43.06785912737603	107.11554993460327	-0.1760147821243676	101.29716467300348	92.33554751145007	-249.29660625243162	186.90206414264924	84.16321177206405	19.417388585793688	-41.99803205175593	-55.98768546479077	-36.72375336501164	-179.6248078191061	39.746374819282664	-42.48290059461238	-137.1111119164852	-39.12894449085445
NS18_Sequim_Wild_58	NS18_Sequim_Wild	-179.98181453491767	-91.62176553090605	-261.9181770364152	-90.23211548264986	158.10827513368065	101.21838043374697	-12.253223511419337	-296.0871288441793	285.4494504954601	140.85023408073474	-121.54770677520105	-93.54143799204101	-158.66807949184343	84.94389611194434	129.24354313992222	-136.1814976833846	-158.62308219282826	14.147567907699521	-34.75261061895867	-6.002964542423107	17.034095341025843	-46.18112262511512	-21.987048643152352	-272.7258418537715	-68.01359065659405	-28.132241438308167	263.69111602184637	-20.391262942793418	-52.29377764275129	-279.3312807441628	-149.7302377101023	-108.56479421312385	-7.42350513520368	9.262254674383755	28.815832053868153	-186.47788875044827	107.92330892653423	370.3024642965968	175.5998733131915	99.35458809454289	-243.9339250276435	-197.55570329663283	-104.42448759040445	-322.7586100046249	257.661173619443	43.71019305073981	481.4216997895425	72.98556311011741	24.396552788692812	-215.20352384978	13.058500236193048	57.27837490791278	100.58488546088807	-252.90676987842798	265.27757927362813	250.32316602784377	-166.84903390672244	-114.90529845868383	-423.8228248179728	-237.32791725726332	-185.35354797982885	-121.6972892647801	-156.25689744839772	289.9838884921139	310.9519885134208	-42.00096119753979	500.4038438583967	475.5977985999809	-204.11787621162685	93.80323216511368	415.040346726432	-231.76433905103104	30.088887059590423	-74.06797982113844	-54.424242000323666	-336.78337093153715	-201.90105662643555	-253.79831239980254	435.58048153470526	376.02631987105264	185.0943909671805	131.91312926235827	522.7826779668162	-1008.5752573906362	-148.3447356652685	44.93752383508904	-111.47615321067029	-111.32115581832055	-931.8455243645587	-626.9829560131433	-432.218170223833	-223.27498011445223	33.20640932495136	145.26695355202486	-301.73942637287723	-51.2431216335307	-425.36443525798563	131.5278767918068	66.23056127752179	-124.2095997689394	-30.67626344471006
NS18_Sequim_Wild_6	NS18_Sequim_Wild	-56.96879103769216	71.10726040847578	769.9583475875656	-136.38116163864638	237.46659930799134	-57.3598782545035	-597.0887808253846	-244.13252961277516	-134.41340137699052	29.647725872169786	-352.17651794328833	-223.59284992052793	24.579820628682338	64.11554211485677	57.09776605705674	65.14775035928382	-24.308436070591217	228.62356742503246	-357.74915312152007	-191.694672109498	847.9252489185387	-68.18105321517496	50.74694400062814	-22.063651871933786	265.8143248044332	169.39151623400224	32.55532649824835	83.87032692998046	-285.4336317916869	-16.085116173649684	315.0923973319275	81.60370448086701	191.84253247890058	-130.30425752770427	-489.1899798358284	-62.515455255664556	-197.89807543645264	78.74732871660649	-187.79218978256884	80.55126196749151	129.879717438963	138.0967884529354	-9.357096041600032	44.458696997094165	2.0632879400284496	243.70047768598397	-134.4406316510609	-190.1826888921929	-159.98922929333102	63.37844962489874	108.87261162162669	-141.01587868930568	167.85261030746847	39.26741543974599	-51.18651072638842	-10.08488518550221	-182.55451614369224	-336.89185854463153	176.45701547214355	295.51823284784035	1.3810758076310088	-56.76564358975601	-15.33157926318543	211.86075670402872	285.4648380947181	-28.282244306976686	-42.18638788442827	-137.57343162342352	172.59912513461302	-36.86158199069406	113.30240671886443	106.29560922753572	167.9152156159053	396.8746283222506	251.04844515497606	-105.77545162851375	-321.33189989814235	190.71185298539018	-4.376581471025701	-149.52428269080198	101.74737284915216	-62.32030567287476	-323.576343115621	-370.0861740490369	-143.80617477624608	-65.49353418347597	-27.579214499363047	-98.6091977846612	-114.33398597746555	-232.1477836795389	-349.1329639799391	541.8414192621095	263.06993958545837	248.66996043815178	109.32514507668365	1121.2772860129944	544.9432897328307	23.99545261699542	-684.1896428322117	22.801693564809547	-15.535638288965568
NS18_Sequim_Wild_7	NS18_Sequim_Wild	-100.85935866693288	103.23691651193786	554.9056488304714	-107.19601817028366	-86.26806894157215	55.87383544298892	290.61942294988245	-395.9906820657993	-32.45369904784982	194.55023157415636	-56.27650378996024	-464.56269082244484	102.67320098874741	-286.9381738232579	5.9871046337715255	-156.66461039944872	251.15232163924424	-18.346797128261496	-87.7250534731876	453.703066731545	-207.5791437687053	14.883659539189635	-155.81444696869207	-2.897299387406535	-324.1995367314651	30.92984002744312	-64.55698410547356	182.54907981006716	26.15677839298169	-53.43008639228968	-253.71791830608313	-348.60755670328854	123.51501460773868	538.2847615287221	106.48885889740404	-60.9412512253432	229.01022387860786	-374.2232969334908	103.876400588258	406.64767212314723	-303.78798886856185	-353.3139151581114	-94.97799614166175	166.74807974789593	601.0355936774737	-204.1169737152713	-107.88731184610249	143.4242136260456	113.19852264658029	211.35143166673032	33.887849365123685	-183.15222331657162	-297.4250902289411	-281.0043256251475	491.58861900057445	498.84090691566547	297.2162695209134	307.1275306737586	-93.12962439315291	33.048362459779796	-433.4244962767429	74.8349073872993	182.09065721352852	292.6244960634258	-524.8961180105334	-591.4752208552259	108.70880220077234	-357.5755393593205	14.738224413029732	276.4753624058061	-87.98590077954285	453.0374072847065	-314.2677727020125	101.98867226858235	-81.57734504770525	-398.7497520772808	-32.7740795290791	81.85251754344434	-291.67599227778385	-23.684937281969503	217.83426070770767	-276.34164707278546	-290.6491576797712	-202.42465235755952	-539.2789252565153	-66.82055557297561	683.8588815961922	-229.75457061619787	95.99820326883281	41.79514512859285	295.4855271148304	22.775290098985945	268.7853006464371	-106.93004924556047	-45.04153754296175	210.2268939661567	189.0186726332448	25.469910963934726	162.99497167257007	-164.0571762176178	-26.68791983753135
Ostrich_Bay_10	Ostrich_Bay	-377.07720579113044	188.90079404482984	-99.43806246851625	405.24443071387157	161.6071784129945	168.02158534794359	43.6050731683918	-81.14307859771696	-117.24517577385494	89.02253982294094	-323.5381620295962	283.39167504312036	-214.803595219935	158.65936133549744	473.4394549897996	-36.87155483243241	-131.827018891584	281.0985947161187	55.8886358672613	-43.346941592527564	239.938821702164	-592.3168742345922	-329.3397657393059	287.1295396749294	521.9152616228273	-77.01486198841623	-207.9150154246812	-608.6610216530079	-40.10508580783974	-307.3618681503237	223.46068064712162	217.57822980709693	-319.6536850536953	151.95320923408192	-76.90775904064061	24.77244716532772	498.71582545201625	155.4433700560576	97.43462021881938	190.20101279673054	191.60457312732692	-101.28327371067438	1.9130567580971924	-145.40785625054573	105.6792435679195	-152.44493787634175	-262.28732696603305	175.252356831599	506.52906322339885	83.04660279733517	434.1062579737147	247.07237548040067	181.82493967554922	-101.5512483285288	-129.53177510817548	409.7685789155341	-312.3511823591207	75.12646156473285	-27.60604890717922	-156.70915481985867	28.706773837921197	-475.1427759467694	205.5036551225437	-302.35537344015086	18.261577989378647	-632.6815262994646	-128.36809203922283	-35.49870543742698	-10.199986732863723	-357.96893212111735	-138.43704975981206	-654.9396443675283	-138.54236944251494	328.54524898548124	-244.9055960581645	-30.706535758041102	-361.0673124440721	-60.31804397587205	340.75054825929533	-315.06218723755694	-70.90996146539462	-763.8623373516026	-63.17472234027867	349.7514080624322	-74.68451292347223	-98.69946628772715	318.4651966455929	230.96114567111647	189.72859689838216	-183.0958695965485	68.77214141912677	-329.28230860077264	-4.584268515733778	273.9603087842065	65.77491331197193	-218.58072015761348	-101.89287854409281	186.1368236383858	-145.25578439111385	62.07268185400028	-0.43021460002318684
Ostrich_Bay_11	Ostrich_Bay	-344.3802667537958	276.34707635031276	-89.40134289580934	528.5675253860002	170.57228781061835	-795.1127811731063	-488.4873193329654	216.89734113955618	-45.47002653423048	-308.3960604323831	6.734899780138063	-222.9212956226896	127.12414673213408	-81.65660251420191	197.73320681385337	65.04170293585224	144.6289612570741	328.35977853060933	308.9731321615053	694.4258294166596	285.80056647354587	-52.30877049999011	30.9858312960801	329.23388634386555	-333.26294175739446	-500.51185645113753	-10.536768721606855	257.7447803198067	715.728350753399	-83.95357813353345	487.4611808500104	-89.46107647911647	270.1561524923764	217.19658744033688	-254.6835798775606	232.85694544454998	-643.0526706054683	29.897990073542122	-147.6921542163152	-86.28593685523552	-61.82113245194295	-198.06107458543946	252.84583071002456	-217.78472712265463	241.1569107797812	82.98413843393632	-342.1752953929619	215.37040782911575	-322.41005705356645	-184.21798904831604	-344.4016841003526	-268.06305498785616	257.680181376037	274.09749095452713	-444.8635091205735	-314.3363204797991	-17.51953056528735	-59.438996381720195	-163.66592645959093	-593.5641729568612	239.72450727871006	-91.79961941014179	-122.67329610016535	-249.5508460421178	-91.78518407746803	-318.596294484183	65.1016988774214	-142.0594913487335	-103.90455497779969	147.21706899233203	421.7657489138737	-53.05916592761168	-192.289813165893	-93.09155996986848	-242.55501228620565	171.67617815928244	125.31353916296186	-334.8621431218303	-263.6947184783689	175.59334054614177	25.08622722086499	-185.04416966474446	24.871960926088313	-346.77977489450757	-214.07363108274814	135.9106672258606	39.68728491574911	397.4235530103595	-8.663589668798556	80.66507368413289	194.1447471216063	-339.22603810334505	-37.86163983501185	177.6612889699871	-134.66044031702256	17.462308301596057	107.62635630493799	-89.42107491358026	-12.203903068474355	-50.46245096392918	-12.478173266300052
Ostrich_Bay_12	Ostrich_Bay	-378.40450099982644	231.92115370537203	-96.2224447347101	567.5844290055521	-295.5477232972155	-324.6101933903706	472.371588717937	-172.98714832002526	-207.90219223673358	543.4053992125704	734.1373956496028	49.917219273472405	118.02041961883029	185.30158952222618	104.89697217206849	204.03160753874957	210.0370252694554	-481.89341250527315	-218.1867424212696	109.78973619162291	233.75062446456877	303.1199105945961	-3.790124422561609	-398.95765648331553	-34.89943906774872	94.05829033052852	391.9787197867583	-159.88683508150896	-149.3417710073682	20.04063919572174	276.09070773233645	-606.1374550391657	145.26814248925183	-567.3900741029063	-339.9515797256691	-120.0145678375337	424.27664274431856	-220.04527407225015	-148.40777135013218	50.90731194961666	-146.76082254103628	-134.7970979719129	-394.46085688136066	-513.9933653117964	617.5636037317836	-153.74285009512866	-100.84214542533324	-19.62986845821369	-448.12093931768624	5.096484739471712	306.16516006432386	227.00004581954406	304.32107257078604	481.01006375818235	39.11963396739583	-162.1100099106454	190.82227148544578	262.8690397933376	137.58678846236091	67.24818127534475	5.1564167728226105	127.40693192765899	-201.49498107515123	-218.05739883911582	244.19363007831916	217.2589338867045	-422.72346751119414	-13.651894782902486	49.62167088916322	-225.11792078367984	202.89416270274867	191.14005783979312	-590.8716900377784	131.29693210593834	187.9020201302996	-24.946041547664343	-95.60756937151547	127.83011971788542	420.85935869886106	-101.1238031077608	-442.4739563086636	-160.90349368060035	-116.19003225965123	69.36088348870045	-148.22185606699267	51.23311048417767	-109.46455970622831	132.36364123478958	-105.78079394108573	70.92410117471992	174.85993112477632	89.46403342382321	-225.8870990224541	-39.589353119250546	-18.09349356968137	155.57009194596787	-383.0698957843336	-75.04179349153394	-71.82504326173706	-82.35045876568581	-3.4027304598633337
Ostrich_Bay_13	Ostrich_Bay	-387.6564707718578	162.31340203235303	-111.79005245510457	477.14307674138524	72.37621216137742	-665.3220616229958	364.1420850566836	-226.1751044320645	-113.13060166359192	-131.636072197534	225.5800417759605	452.0434331099484	364.4861236361498	-87.4789936130987	195.8202171634339	138.14916900250674	-35.84910832742551	19.973232508486362	-463.63471933347574	197.12981815265482	-241.87198663436558	-311.1345012712011	-146.3010308760339	466.01085541588446	-64.99767242432974	-19.013399788123557	-27.784821334898055	-127.39562605422245	130.73700417803659	-407.48871766582977	-472.8519566595309	66.09014046502104	75.68919851977742	-23.745474044039174	26.72457858089779	-314.7439451047934	-41.50327306452629	522.420571500727	188.70311825640474	63.28814444849489	420.3526454500521	-49.11046172245501	-205.42214745804915	-118.70997653775744	-15.151767439745342	389.6005160863323	520.8111157657572	440.1761349485605	42.222549702498206	8.31727390209215	206.42022375093072	-687.2859664330981	-51.87453606939686	-347.3387524961656	-142.30076793117914	-141.0277158686659	-485.0692331585658	-80.88100033916197	-491.6239055167561	-3.0955017739179893	105.78167704443572	247.83619646158593	-399.5955578637231	198.47947640409404	-146.16443813006723	-154.12919148219146	-362.4513037111212	148.6092323092188	-149.05318347888658	-39.61958248756703	-381.3678017667496	445.99380599354106	61.970821105664136	104.19076952739759	433.65635343458706	330.15406762451164	-217.75590925009925	303.62092670567625	-183.30570308806696	84.76463612219385	1.2682245019427083	164.17876330334573	-43.48347747321733	235.03934178287486	-212.31583292063732	-271.4634821908906	-492.2333952616483	-187.14713970891904	104.77981824371054	-376.3730102905363	132.50919465976176	186.0347181721886	313.9422644731234	-254.0188239591824	179.4508737687441	-51.76141831835414	114.40806097786523	-11.60152014011792	55.058317454784806	-21.289513056371177	-0.5200115775483245
Ostrich_Bay_14	Ostrich_Bay	-367.8229901909574	237.66039962513506	-168.08260110035366	582.583060919069	-244.96315589678045	-272.7699615564014	-135.6646296784898	88.8823777042016	47.65808420851306	288.9142545495322	-553.0670417053586	-95.55364378378013	-27.268052444911913	30.283444916799944	-537.8334585873245	-453.393081316702	-134.9031498952808	132.15682948760616	231.37183374357707	513.1426275967547	9.580721327999672	213.65434232025586	-354.50814019610203	-536.5758997020597	346.2893914663248	96.07296489185453	597.743652636835	-116.07490624188	-97.57369540175178	181.70814017508468	-127.72888952580624	-42.189395636699366	-53.15678381237117	-178.3589650770681	106.10953722134026	-120.66550088232319	-95.77322214479449	-46.409697773334905	-592.3295960757414	390.5057822012728	454.8696964030013	22.65429332472782	-359.11703060121715	363.72082179446045	-442.2966827735849	19.106543300986374	211.27728714052927	-410.70601662566634	-80.72386683662603	-2.566086772291111	277.42435444788686	49.654427776741976	-511.4851743318542	218.31838068707012	652.6527132847478	-187.85150071433836	-371.8992724219648	-343.27720049439495	-181.30770813218936	-577.8511639923183	-247.63828006228994	138.64848822414987	74.75473497495767	-503.06412585207903	246.50904840102115	1.3323784975082393	72.24123245294815	-171.53123630653658	122.20720523212896	361.90374673807446	-298.43155925718503	265.7708537456161	-155.66351608276736	27.846328764942168	26.722064161511142	188.47478474714515	54.53940627186604	-4.342823999390225	-200.27573876725367	16.19271055590311	-101.46362598907109	-275.0427200062378	289.9618359037945	60.92572934607038	336.30669207653466	37.33885532178237	119.99372496746508	-149.45103340974327	154.80035988047666	-102.50428924825253	-178.049992770306	-304.509464002302	211.10080014272117	163.6334089548419	-106.6953780282672	-19.482359467131882	162.68374138111318	-102.53884751142606	29.075187353504038	-12.510736353167683	-15.837302260857262
Ostrich_Bay_7	Ostrich_Bay	-393.4310148005455	196.10617393122828	-100.6288916617874	504.6084882330208	-283.60067398061864	-114.11782406431873	290.44144418030646	-18.951950012420507	114.67795690735896	-162.81635517063043	-65.52543903667662	-209.50584666588702	58.00208913939302	11.98478776810178	451.5162804747343	-198.82626086118495	371.1840806091639	-145.1222775675125	194.95437711123523	187.70072999729103	-238.94989119484416	-185.25240516448955	325.45102782243873	181.15173060592852	-126.78982209078761	134.36769647025372	-127.47068333157031	288.3030999329619	-3.614230346844207	-202.10962965062163	-193.84293935602577	-17.072082181376135	247.94654948231675	-483.0883287948582	-93.87416219644282	-75.15182039664566	-576.0383703654394	-82.35042207194584	501.5467570638474	-40.59018601620405	220.12959312108165	286.83499255769726	-154.99158539415043	-23.9213889581728	272.7994528480435	223.77490134981952	-114.0901440547117	-136.06700491590604	-74.97706808478887	-270.6279717672116	-32.68250741896231	-23.702793864851312	335.5737205109427	233.61876157048724	125.24454967079303	25.537584170227184	118.45655293106907	-293.60024792739137	334.2255131800255	163.3306378961106	137.0012958324357	22.119732447944845	76.55211046614347	497.390062942979	82.34812764752287	-50.93317903222299	246.4241220401222	-202.09496341830015	247.5105827644814	-137.5116124762029	-88.2069725250615	-230.47273276078442	269.6133438018012	158.36881445557074	-79.24522411371012	174.02029575267912	598.3645986647876	46.073959396844295	197.7882552119084	9.297009501703265	-84.45776861514392	32.048989877953076	-118.31344460784275	431.62359030627556	473.6994259960616	-143.45126873133415	946.5221820992434	-573.0768949432877	64.47554033778056	-340.53507238488857	-671.2709057342705	162.21396784071345	290.6546440319177	266.6522248246318	-211.83582248690095	-225.620870769714	-337.88858745933163	146.77437886932455	-11.312765394990247	-37.89765935966651	-4.225248546130266
Ostrich_Bay_8	Ostrich_Bay	-342.50533719634745	243.01077485321773	16.209270630163815	448.14716217551893	-363.99646974701994	134.12919778119442	14.26656682552418	276.4665714785198	-612.415616307366	-237.95599519555034	190.23685470488573	36.349774861764004	283.6862896254253	387.39958530829387	-255.77248799056557	471.95477058977303	34.008611806787826	1055.2657384811796	-190.00283293307095	-151.07025382153788	-354.2686263573619	262.81903226874516	133.62496114476278	54.28364893102669	285.52540915736006	-279.5285504710867	159.33538465218513	205.04538553747483	-106.0381550876316	-353.9157842811959	-339.4912139242235	-31.041683504981496	-510.07611728536443	-163.1909379219738	295.891484950397	227.77560756131933	-156.16452262877402	326.9341723486593	93.22001591997949	-162.2818080824877	-1.1430592728266964	136.99804964771792	349.5908179580763	734.8679520739029	309.36983822329813	-318.77705052909675	734.91017885133	-76.0760184285921	-395.1027754277713	271.2384222639576	166.37922182561968	176.20313218988883	308.63485499752454	-272.0339608358048	290.78085455433353	86.72800600854647	2.487216105702351	27.80599558918548	432.0808175101744	106.56937959767635	58.43215255464161	94.65927194424691	-229.459653010101	16.116363831214148	-84.29061820556014	-75.3946487209521	216.09924046206214	-137.79849392370852	281.40697584168373	-341.44597166209684	347.30427515969666	61.78097650956318	-13.572738780502254	39.89131957985432	-123.42721259266908	-97.29805138538254	42.74522159495743	97.66084711603351	165.6802760838599	-75.99723811561705	-75.31709145228817	70.42118082704528	3.980659263762244	17.55714868104626	-199.48773845034697	169.2699773541917	95.70028101997364	355.1475542967091	-255.72093355021082	403.88668765430776	-88.68306308467743	-309.3646412741426	122.64178549430977	39.456618412861424	43.16902211059678	189.24851716301401	180.87926976670184	-34.43258633732526	86.75050461051795	-66.17944281658441	14.187104903405741
Ostrich_Bay_9	Ostrich_Bay	-335.429066330758	145.47260903460244	-148.5922097482304	664.5757963922968	758.9220614555406	267.80695819059946	-163.89905341832934	-44.86709635648724	159.61119377688837	-230.45193019393395	-164.50606356962516	232.3042525184621	-120.62285916356923	65.20561883063338	-287.71981212198756	-126.42218061639636	82.1765396666873	-148.0536685858254	-130.3031464989932	149.2986347510987	10.335376778277874	-515.6701755268873	56.07093420193525	-145.56555562055038	122.88087634287342	166.44984825066493	20.04258561838764	326.9781837935013	-116.55567508888869	159.835416125368	-593.2471848189257	-558.4589476894522	-143.78797570276066	-452.88755523117635	129.9897709315931	-10.470286215638716	39.0486969871108	285.63269336112216	-256.24592943046946	-364.20942257244513	-296.9182579701092	114.43873461592543	-318.9979739400324	97.4732030506505	83.44799974063606	-314.72505456435533	80.48103763395503	152.15190728964885	-168.55947036571814	-102.40437777308384	-239.43709287999627	-157.771411419354	-180.32328885489213	304.9601041978098	112.31053498109019	357.88711819826085	221.29871379564426	78.62736266117479	-141.37549303512338	551.8403803798227	284.62544086000025	195.86665764197957	163.41075762444225	5.417232247732497	407.30047830076694	189.65918780658862	-611.5451291612239	299.11007612400147	46.163221118583245	497.25865973611366	-141.71626979968073	-566.4342361724156	264.37929770802066	-230.59032838420012	-322.85330449511815	200.47927667467917	-97.99950019800156	-489.23752448305635	-146.7250640523472	176.18640361206417	489.2740311035892	-7.4321126146904675	-414.69816917511326	-106.66136893965754	-465.48081695949884	-219.45711048437283	160.3762025501105	261.32146848381876	235.49053445481255	256.41741915239993	52.51532035049093	-6.981740927367099	-12.119105413548345	75.80982774319273	13.129816278063315	-24.005817384266184	133.59820485835624	11.30923880476136	-42.749404988939	-23.73793197244143	-2.9951597021656204
PGB18_Wild_10	PGB18_Wild	239.18340336247232	-606.5259542086258	-80.47943725913025	25.426124302579755	24.71351809403765	84.4297623822885	-228.33532950693387	-159.59666528714726	160.42034827455237	42.62385869314029	96.54690965070138	-85.38491645941012	243.7934110494671	-14.18698419576405	85.90876842475296	-30.77308467241534	-221.59628789373252	139.36822233566642	63.88758706244216	-36.83197941343778	-39.670931137193485	-39.037364876695825	-177.57496505871367	-114.24154041216856	-83.93859966339762	-131.5023679114306	-51.7544610739637	-157.98097259484368	-40.8755670453463	-17.053060147951562	293.0826026302411	-76.5469634519825	-150.75668316762184	125.41194250581312	333.9311368941486	72.17512314915322	6.734083952068061	-128.14452731260977	-137.33221465324218	-78.31312789276656	14.533019602104815	-205.2328496436589	7.05876021308893	88.71927854258865	-168.27214691815695	-142.8704111458104	-99.50209389452091	-56.45311712286057	-70.59118915452449	32.08257223170979	-205.59765949153376	177.04440876340206	-99.42351224398782	109.23207070001978	89.03852408520672	-238.64708834098332	-93.50001700803243	-118.27996557455667	257.5816315203234	77.1994463642323	-118.9524602537898	-387.9924671164047	-42.887579311623185	219.7816056991314	-73.4021346530741	115.93003162585015	-168.98229396909457	193.58277073285592	-5.44604246836143	-44.45970567442919	301.64921304728665	133.4444554973461	-110.29182494151463	-81.37174202354086	74.67447724901432	275.89235026345597	-208.7030475481389	-328.77450269760277	41.571307749180626	230.02966497973864	-138.20125852903985	298.0048356783141	-20.07092035650372	105.91866266263627	-2.1222091473541695	-334.77958836215964	-78.51141836905997	-137.18969060167103	35.924689488892454	391.0236672713726	542.1591633952046	200.8404020123887	1601.6039014177459	430.0261113600615	340.78891785796503	-121.93313679551491	-797.211775412176	445.35241665033305	-316.0272921737741	-266.5010751767913	-64.23403096237926
PGB18_Wild_11	PGB18_Wild	218.037658356254	-479.19558542896476	-114.97158217022702	27.67819324313704	61.75315741871547	-26.682061975465185	-82.28432941358012	-81.92477494820359	-49.31024507138954	32.97245146972973	7.3407804169247255	-38.40715965285405	-3.54271607614627	55.48675479117854	-10.466524440494414	149.60852882399422	-81.71560568851483	27.133936074894383	-15.569810686106162	-5.53578212676185	-43.762219313067675	-21.0837076591131	6.530849937154529	76.55471921773534	-13.69884191277328	-26.004506981759558	-4.647831678028282	-14.616492523352152	-65.2216129907326	-46.78562355259401	26.5742103076572	6.032904355507391	75.92787535676085	41.03231949998118	112.68827879391125	-141.32406526979125	-22.637464856069467	-157.14649560814632	7.5848230138043	-35.74738405869716	-141.37560502327295	-46.38286226112453	-76.08834304035935	140.34335960102658	28.71269715248462	7.561142614145582	-18.912357489510256	39.158625519793546	-75.42465421807904	56.48812181924255	13.081907796228045	-46.32448721117543	-7.8359709234861175	27.726547338211866	32.810045452596135	24.931358128955072	171.64524013130773	36.594362650269495	68.42551907090997	-11.396879829202652	-156.4045731040962	22.024739736719486	-66.19948909889385	144.43937210198024	42.20035174312251	-36.94227147438972	7.530096009673591	-12.37465139007416	14.40581328097749	51.797687494236776	-33.5844355987308	-52.57414223803695	-189.1897110497136	-73.4098106222245	-17.256195652632965	144.39910402514354	17.853987805570807	-9.16685358767996	-9.503722874502696	25.019307914355934	68.60296656576207	19.418806312989428	-62.83109149331445	69.30809535077857	37.18080491454074	-1.7503176631314172	-94.76912185361545	92.92267283713478	41.14549560815834	-246.91486245148502	78.47579709793874	-137.90989979400587	242.2650095502434	171.22963095454048	-226.82784116706898	388.82123879919595	-307.49901611497285	-205.46500447650672	411.6273891861684	2187.287832561489	-73.63661005881536
PGB18_Wild_12	PGB18_Wild	271.5092848172715	-622.0495862696101	-65.82939012094864	-11.388479591809388	-826.1682084514332	-265.9616389986255	-160.51101176602054	282.6582533492697	518.1631436871814	-4.121502367064161	30.252988322924228	-444.1573482933461	-762.7141474723124	-402.6946577891785	-589.7572413102636	486.1353804814146	368.5385890727395	-1.9282938115852946	-315.39502160027916	-132.941891993235	66.44295735495396	-391.68921735836744	-305.07543836809975	-73.66454716293207	242.49803762510385	-348.4083094893017	122.47008216742645	411.36683534230104	-157.59000614590468	-101.35974193135159	387.07620581642857	-315.9174179477578	-611.2586539337145	365.5639806920796	-38.16416379342913	-668.4626406285427	382.97871749640444	-26.8596879220976	546.1905070894329	-162.9229414773264	-352.6742250093782	106.259350654312	-45.07832510170166	158.6804743232813	-85.58829542464039	-40.44807640397038	-131.57067128227055	155.9436984764736	-261.6013709784926	-61.597196109450074	132.4759109437023	-319.92831241762036	198.51347243928845	138.55654047602323	81.08542680349693	-153.59311424424843	-400.4928424347602	-155.86422857192966	-148.7106847218403	-261.37018716636237	114.53426159276958	-131.4168481038176	27.329285742677296	18.716905859667936	66.6100660286707	29.597100336554817	31.65873095893877	-211.93684877325123	142.1167378529512	371.16678849423204	170.87188258840303	-416.51783729917304	95.60500198975198	242.4643110146984	299.6063027941723	-137.77501332388456	307.52776003625576	161.93855619537104	-29.623609827707256	154.34486843991712	170.48020602200071	-16.881023731602976	-320.77728630548955	269.07325455845046	-69.08841525834298	-81.05401267480504	-220.90062887355455	-143.2239076780601	-27.982566947578086	69.36367739887851	-53.26208206192507	66.60224931669113	-130.26744426986556	-107.24535632136696	213.2571527173126	-192.09487297264062	-24.48875076581613	142.34524490373062	28.328987778495875	-31.94320465526179	-22.981758026963384
PGB18_Wild_13	PGB18_Wild	286.87181716401125	-730.5481920858448	-139.16806033471963	9.376923918639905	-284.38815195039024	481.9744546558482	-155.10909961313493	43.58659187723182	341.64088412293586	-370.69067991696187	310.8311270264381	-198.63823201880123	720.0588246273754	105.2736413097396	380.4334729412704	-474.2172557427872	-398.2967450751324	335.34303197008643	490.10226723084355	37.06846193547567	45.55696206960493	71.34335983829871	261.14628011202984	-149.66203053611957	864.937406303859	100.992819122032	249.60136460431667	-167.08837476329023	147.53695709280623	370.34290376616013	-173.5377973455037	-312.6970829581754	-49.99866862756656	-3.0920429057020855	-149.90301635276285	-144.02816690789638	97.7923341061213	273.75776081310727	138.31190956928413	-277.1711304556426	199.84478886611916	267.99428632347235	-767.6677682751481	136.0912366058937	364.84909186452285	54.466621744472974	-27.59595984189818	22.37511014700405	-8.590748925165613	141.29994593677483	-397.2686306396642	-257.20789958950496	61.44509826748149	-60.20356829769042	-741.9726834448879	399.910027011651	-27.489554017293866	45.30534490303521	-100.09317958505562	-123.36047114520596	-321.7679806893366	-276.36904936327113	120.39998778089605	-246.40360244011052	-492.70051772863695	312.9247415502008	210.34024723071508	-200.67863750623536	286.74679138749644	180.84683024582512	157.24258418668003	-54.05375475211897	-233.39975104724837	2.023010673777687	404.4683409743068	31.848775637719566	66.91272221088289	-169.9508300703341	-256.6782008679319	-219.6298585310639	-254.57144172431748	-5.305765926675248	-287.6596248906948	-71.44592640280551	-2.3962765370604506	-23.491758126483166	-106.42424231435872	-149.6602011572599	-162.06188171775224	-195.51531565098975	77.98650268680369	56.60044900788167	-118.56316947386334	-239.7665752829669	-55.19073452722636	-41.44011994699424	133.49483126000908	42.06240714145739	81.64888478559763	-28.564683036783716	-23.757785832091916
PGB18_Wild_14	PGB18_Wild	367.73893505749317	-751.3899669801511	-119.69654213257216	-81.12615990477309	316.1637966877704	-419.9808866702342	324.47637006532455	152.0782777760233	352.60445713228586	324.8694535137982	370.9629237896656	-435.3764313544419	-431.79881418236636	646.4488979329675	186.15957777835223	333.4298147105923	101.20011236659717	186.78257207028943	234.89468516554842	403.1205313353954	227.5998196459701	853.8593090176671	-23.09168736949853	-110.75428184612805	-39.985123197963674	813.0347730338976	-56.98430664424679	20.46398798119711	322.4875052595709	377.90603766254145	-476.64411879189953	474.094422101813	-817.7741435619845	99.80755930015805	121.37260725585605	290.02296918796185	-10.221086420174329	-144.1405827322492	-525.25181782325	144.8984213894277	-95.36972683181249	-134.95339150567875	149.01518388550338	-270.2479922015974	-77.92114153226592	-111.75771172557599	340.1844813440621	359.14449692445714	160.9179920418125	-34.39993142289468	-88.4751832266476	-175.72587743246504	63.425138495158286	345.27606627103467	-89.78831674932108	-104.7959176905224	-96.26044524726849	-100.2296115021802	-149.52001669508843	317.84964395727576	133.16448778178517	-180.23406003306684	123.28763363279597	31.803623189877573	29.36530045373271	-262.82803834390916	222.51720190937047	96.92867599667794	-45.38567364540889	-127.2778266598502	205.3616557684428	-16.09896368734363	271.2492351587322	416.1998389437354	54.75291760212196	339.2939509886879	92.19238272114998	38.5396564747001	-65.09634482555126	-358.87148689024565	281.25216918659066	-116.84630396075157	-191.10294099898252	149.6954535917909	-197.78389801519424	-40.36312589674204	82.70843056768615	-127.5311254464729	-163.9290184931236	-87.13608578513211	-90.67299970921943	151.66822728622958	-14.316951657500315	-88.70617312835458	100.27321791603433	-122.74380413508861	57.679081491650436	37.67984649743435	-14.002286376117116	47.719200738869475	-44.19535780067328
PGB18_Wild_15	PGB18_Wild	275.4236394712583	-691.2519476488538	-47.24618991337348	41.94982826067715	-156.19308375958337	-108.96909712862995	201.07384597125713	372.41746489560603	-325.3660954368252	-436.4296483653944	-134.2481286296685	279.5180698969057	182.21783372628903	1013.171754130529	-293.3138056573485	619.4409432770575	-21.734039098747512	-740.372560261491	-108.9185661646891	345.74352167077944	-156.20547950291035	-398.66785760114306	12.27475389977099	-114.35963603013298	716.7428730119478	360.62438135031744	286.4837976663672	-272.2621818470823	28.28100580657677	49.185950033751816	475.6847695515767	39.946088423485804	344.51290826713426	-375.8009994223546	20.117573293717943	295.91452550001566	-27.3419731254774	-119.47828303687177	195.5385284300458	-48.41454880634633	93.2351772536795	-413.61444944648224	701.8271245203317	-324.8462743963451	-293.9460999558011	221.82994556147312	5.296088823568626	-93.52149659831406	117.84940064543486	148.70363314435625	-393.3130370644527	103.33849481068135	28.906160548989522	-360.454272625921	369.63178078262155	118.17793151091297	245.4354485129565	-240.3470882038842	76.16202685126143	-204.83851589301398	195.90692657608787	29.108032348275636	-201.1052083672873	233.80819715565354	-380.8649888060054	-1.78088603050945	84.21916368203964	32.249511445051105	3.015873928840448	659.0264137559161	-107.26433245874846	-167.514122064677	-86.19034848039453	19.833523705625556	-10.58597990561253	-259.17984603678593	26.261742710366043	78.60187214216151	-172.80503466785626	-123.22714381707098	-90.556322599835	-72.53961901877737	-199.4118871433948	-159.7080158172154	-182.86422225964938	-101.9161754619389	88.47840656137164	-128.67242370105558	-71.99198030402188	-25.383920170910347	57.168957894689036	-35.87514349027056	27.740899156852738	-163.63571783162678	-38.137786419572755	12.56740225790004	-7.276047226811708	112.98795824560618	-44.83396940132065	-61.59685350937167	-26.09333339892603
PGB18_Wild_8	PGB18_Wild	271.43276478231036	-671.2275618829565	-28.713566448705993	-38.316807480608276	-0.2364846950956273	71.53902957684201	-229.0319795962587	-181.18152316172794	-285.5595020618196	312.6812282530501	75.95022453078272	-390.99753383435035	232.39965068169667	-289.77786724597223	8.817184875429895	-3.969569227594635	-243.63865396836488	-33.27639161190202	223.9240066389256	151.59704725061732	131.25209483060098	-190.05443744176847	-0.46621262123271623	311.50895080271215	324.70657894499516	-185.0724348051086	26.206299454273733	184.56603085721983	103.34811058662756	80.28803101554855	46.366648217762204	-81.88763885957519	-116.49441787743528	-258.0770457154752	216.28113242361815	-19.922312838291067	26.06281558757816	-395.43648460048246	-30.044733066365495	31.96254320726967	-516.5686211675782	254.9721108648906	-29.63294380612752	53.05203438900936	-224.10318731180874	357.5251308548149	-40.38894414629462	-168.5132919431523	-237.98633766413596	-61.669115443743244	512.743079503313	-96.32224813775693	-117.3795386387789	17.17151628928314	-74.078843233384	639.0352231869335	209.30794718642971	-410.930184084761	0.9595201308965146	52.756120363712654	399.8478703047416	-82.33138175588952	-41.89784458046749	149.7866238415116	-95.05342906772472	-75.23778070108857	-79.74293822895588	197.60477614611494	-972.560794051123	-249.01258478804172	-412.4715950438026	-161.05842921805944	-321.1115639321179	-96.25463314702014	113.6998959080155	705.624690290923	244.06839551754624	683.3119347427213	-106.71521959410674	-275.80754499529525	-179.39840021678765	308.7936923317303	642.5837319912634	-287.6228917680194	-252.31928635996536	-212.82373677953683	275.78255265023125	242.32161987923465	-96.01027573988264	357.0536838655344	-198.4483018589968	-145.50644151610936	-156.796139533731	-98.99055681389419	138.94595939609053	49.8496884230251	6.168389096703028	201.29590730798802	22.670641775495085	-114.26307949566375	-54.23051732593401
PGB18_Wild_9	PGB18_Wild	283.55702948223285	-712.5640846883822	-175.04234282022614	23.146250828870688	-21.08103394133936	152.42056347276556	-92.04747716862155	-193.68564143981578	55.850794109901194	22.997990229973908	416.5668910434398	-384.1237622824522	175.23661487835977	-68.27641036288998	139.22829590638705	-124.0515473653893	-251.7132753061217	40.248361587168695	25.51821844379016	173.53226547490266	-178.93459367253834	168.1576283194775	-159.32471166045323	138.24811846239498	-238.31076896000042	142.4153602190603	-590.631588393434	161.15485686258776	-370.76978580499303	34.48331566960678	441.8222901148143	150.97681075197664	1.8884445253583568	-115.41336843305265	-9.05731676979068	293.230163606686	-408.3567617492622	-209.3150275967197	153.89914518889552	72.85956596180853	-45.688831501932064	169.92651064658045	-708.2357921474351	284.10157112714154	-560.5549993046243	-140.55323709207997	279.0949769847756	30.549208531156108	335.84278287611096	-128.86196271479577	36.964194611298794	118.0721164247234	214.18104881945652	-0.9757610114874616	426.3227310860323	-339.60736140316055	-173.44322792569608	-124.26228114387574	-180.75455047264606	148.7114101561734	133.52927175944814	23.83397663264628	-739.9619442141941	669.4932963319767	344.2156238453165	-70.76889723327173	-262.2658055902235	-41.73113550294657	35.04732339453187	-80.334356412125	-35.643132856530805	-271.70768461734383	-376.9798024062618	-157.14482892127396	-184.53882617865085	-616.5981800594823	-304.877767832066	-399.3546718989843	-443.5688177847046	96.02437460791617	-613.2009401204296	-294.00547571850416	-109.20731404264042	188.5226324528066	-191.86289990553104	24.86735568850756	-50.82057361890556	66.6542265705548	8.265297153993293	-121.42526746547705	83.38425666244463	-213.7207523147972	-424.04720037622775	63.07690577996506	26.895025763200763	-75.73976984287711	382.7785931442343	145.68341863835315	10.726000128642069	-74.27825755705962	-40.73978452649268
SS18_North_Bay_Wild_11	SS18_North_Bay_Wild	-395.48180071786146	192.83603937798642	-230.50921180097615	-291.1093962670006	415.1163935679758	-32.32281797171551	-103.67352338762801	-215.5106937550806	279.0758659514314	243.43792638910253	199.0819408341133	-74.79357569328967	41.672810057614846	-110.8451726083986	-316.99386433982306	-97.14891849347804	97.76561664152	-141.65764312809853	-428.827154037455	-327.1072335539783	-138.51402844362	81.60139591910301	-162.80423512029378	203.25698414868432	32.279042577745784	284.51888514853675	-114.2149666783582	-313.39952437158337	31.854639762458632	-62.56164842284029	370.2073689172994	388.98622372021003	286.25831539677796	258.9135448589448	232.22270278347844	210.32774726598979	35.11737925293639	1.4675646755789236	-210.27253184040165	-52.62020726915303	78.19047602833773	449.1479223297116	-3.371275714074598	-145.38955419262948	105.7018576339198	302.41578016790606	428.7324885116862	-41.63267427041471	-223.4928303879712	-174.71362564845973	34.81418557832606	-199.66680944778724	-41.34370254084811	-10.844663421303599	130.1887349839243	136.89552274989487	60.23175820317851	285.5246949674228	-349.8025270919131	-168.51023160058563	-21.597495138751984	-464.0106928396065	-157.7323082404439	-158.35026991224424	-128.64909268307773	544.8214115384571	350.9129758102053	234.69812979717744	449.92229136500185	-178.1798389900278	-178.88837913129615	48.666961627076816	274.8157556302621	11.042308552656117	244.64083798880017	-113.25983918790189	846.9525980701221	195.38612854667213	118.85443405038062	117.11458685507982	-366.2299605576926	-160.4798529965201	-645.5778524627923	-395.2595943562631	-328.0509750545091	-233.6847673232599	314.83519505967973	429.9934239846814	563.9733678854421	139.2448543642237	-155.941864729124	-658.2106974557685	97.98345653114681	64.79403748390907	85.7446690403339	62.63190043522432	-219.27366320228123	-225.59276494900837	-194.24244394390573	-40.09561067685225	-28.35759046606286
SS18_North_Bay_Wild_13	SS18_North_Bay_Wild	-369.1952560168808	276.0457193253312	-48.000221986220126	-334.08500572080254	-145.01640826335853	-43.26132215549235	-187.03066565336383	-232.02026978779438	150.8776079792286	380.307650930207	-14.205207921441882	50.71385212566181	-81.52285601444247	83.46646020524892	515.4836579791064	-103.03366641522513	-139.11374780323467	-311.4336580605431	-166.3969996625663	-120.46544536752488	-11.008733199880343	-11.091678571145827	-268.82945917231916	112.68353470663037	-49.27530010930851	35.09140007431398	-154.68063292245876	24.158044462495376	-167.01046011900712	-139.48743889297972	202.79442434894204	-439.99097849658267	-156.27657242818992	-166.33330905060458	-43.89945191069093	553.0328253452069	-127.34904105539789	264.2659247224817	163.4319895779134	203.59914474308155	-139.1174106810658	156.73901400615205	-171.9034191635159	98.71745045711273	52.77111818414619	197.24824284431833	221.1998531782568	-545.3127826193205	302.3292815038702	77.09694784877384	-416.5776978075159	114.6504960789211	-107.57862121624387	68.1839641240429	-182.16242428781504	-140.07923258901383	-151.48184103047626	732.9085635011133	18.066629036531424	-165.78218409523382	136.89597155037984	329.6059516406089	-1.5635562283952928	-127.69725348807661	18.15618473854783	-409.22297668126276	-134.5823888828029	141.80820947006478	693.8465059342417	483.1125954293238	-80.41750396890161	-310.8960606483099	298.96506484909565	586.4818958039988	-371.13665480975243	400.1722037499316	418.6984136570467	512.5968770423458	-222.76619787772998	67.42579784200885	-134.87292137338662	58.58382138156975	496.96086868846373	-71.3866673456792	74.74693508232127	35.88706246215637	8.318386770048416	20.70930947241724	-693.179247545161	376.22743754171944	363.37875158133886	111.53728109631234	176.08211264267362	-222.2379366946014	289.29401004229214	-61.396057155232	257.13513060622455	-72.27240369107723	17.5054075397451	164.93884330370824	7.377755163119601
SS18_North_Bay_Wild_14	SS18_North_Bay_Wild	-424.9158346329331	168.40985975053607	-161.7996908835939	-301.4900611750267	138.83804697765126	253.05694060029802	11.75014700366147	-98.86287139087042	165.279259907411	144.83117826210776	-63.92871992066223	31.44158024565801	-122.84868018628339	369.0624017990191	298.7878562697633	-218.3198618793825	210.59148175697288	231.50585194212093	391.5796056291376	303.64788836643976	12.794647639558265	-301.24779954097556	404.469991802477	-57.7105142263848	-222.47936333925898	442.9507252541526	109.00915562446517	130.49979984435151	-123.5852866129113	-6.3120511972017965	288.293546940969	-107.0638375428746	-326.9027120050037	182.5421903872246	74.37687432439786	-382.06924024711685	-206.19316447975584	25.3182271199041	-339.5857515420848	-176.12782813522256	256.98624528056075	-352.2096396333477	473.70395157336986	223.31874637267686	261.55135352740905	-522.7967053476003	-117.7600531554004	137.0016611004752	-45.8284145718649	-80.8152041612332	-207.46677494760337	-65.20665256314841	-116.37689151683288	-618.0298884228529	-142.21353360626549	-329.35514157170195	156.723799704402	-59.42814133309951	-48.539743527876176	-436.22541708480776	98.55789785648815	345.06887156601687	409.0745342963005	261.38600408553947	334.6886050516748	269.07801088244594	-12.868383896578788	-177.84344728206878	123.40604543035369	-420.7421146174531	-692.321920172692	-323.59890564970357	-372.90646816347805	255.9834362699542	444.13767204262194	3.9949050624141202	-17.120253729825706	21.34765675300872	156.7352493621401	648.3250907969068	-356.87471859922226	211.05868363889925	183.80511546185028	74.68723831986168	-173.95254762776904	-502.66351645815064	-52.201313562689656	-252.26864794412273	4.830963131398712	274.5229994402403	25.827129978645903	-165.76374376592906	-361.00133962608015	-100.41751035150581	389.6123043199387	337.08685539428785	-42.8727693257693	-46.71778614519398	-12.864773412912365	7.991137254978294	-26.194970640787904
SS18_North_Bay_Wild_15	SS18_North_Bay_Wild	-406.83798343488047	247.1165733515585	-158.62391459639656	-447.16320959706445	-90.73418596609531	203.37037789626268	96.26601799267516	-179.49496440299458	161.67814768716542	-199.84678463635262	12.902562015954805	-314.6791877478531	-119.34983465214887	-57.29126928002432	-250.06253249937933	-37.16297510233905	377.7084466328719	494.62503857091076	-206.69632504964463	192.7534266149873	-391.7564044114265	293.9038536620392	438.91314897608174	229.13737856246598	148.0487153258064	-515.540221843723	-129.7666157600253	-63.53500529259754	-303.6775121060938	15.188546770802706	-30.54671765760099	-269.4385826836984	228.7766774216371	-715.2161079909837	35.48816571256499	167.8315733812031	201.52527660308732	-59.64337956085025	160.95933333390303	124.56145954058387	60.34701500814312	-716.1562682889668	-83.74619947670355	-419.91127797494966	-569.4313668917829	-84.69893879723196	-123.96268057931378	-84.20393830487795	-223.6872018379013	-406.57150609880017	128.14815628958553	-506.32569060025094	-274.81167486145824	-104.5278386326228	-144.89601708136036	-59.96089394850482	30.337804759888225	345.94619466008373	-19.329994341697823	-482.96977836887703	163.20656605900732	-215.21914811365517	328.5805837795828	307.267513125258	-58.664334540437	482.13923284534417	119.97472072190614	360.24569083771235	124.32402390870081	-296.1647865671774	-133.9269712608036	258.61184350841023	442.7164446913989	253.57431938827168	-17.717408888818472	145.55317259002715	-447.5652492014056	-149.88380632859477	-263.65293942913627	-519.0539342725767	136.65121711398766	-532.9188514860247	-11.144401570774889	115.6720065860398	18.496729896529732	27.432753806348465	30.959075336780288	20.495779828256065	-239.53212872935617	316.46321775305756	67.39786359823754	50.87885873283185	-148.93130316973046	160.86133610376007	-233.46006620727334	92.34585492460488	-62.094658129746364	278.7767334948293	-36.14829713635626	83.2738765194925	-24.561609715543117
SS18_North_Bay_Wild_16	SS18_North_Bay_Wild	-372.6808080720007	191.4488094047172	-192.4989856661379	-393.6802597259654	784.5836903116065	59.61840555554862	-143.92528960319396	26.237922801249145	94.90451299242329	-174.25888104035056	251.29042203374112	87.63472723982746	-265.3202454431243	-242.06378524470296	406.13919491752745	393.39763771513753	51.822450377639726	-389.94178997504287	83.83665991786238	-336.89750397901213	-131.30434424160387	193.86525204186194	75.53018625536309	211.23275136904715	288.92209716781355	-79.30542688465145	-11.987519476202811	450.24928537694336	132.54539323593315	-0.9259387573279035	105.82036679037955	3.8327187306576493	-234.8675317326287	-632.7345977771391	421.90921379320554	268.26429852694116	204.62397177032145	-117.55068563002133	-22.101480153411504	568.8892307904702	3.6787864512138087	-34.237995562949465	-184.66743159581887	-173.3143187039259	-217.0983326470598	-380.3848115469178	-519.0669193748831	-94.85661490012838	-332.9459511641034	477.79458077842963	620.6542877382551	-239.36669561773195	513.3223588619531	-511.9206340565012	31.037654479601525	-46.91915947194894	17.94876633245832	-95.79009994445634	-49.15965980275738	105.31047594233729	-391.15767847168485	373.59580415347654	-274.91397964166435	-467.4638854290607	-130.03385940019544	-18.026463894729	529.6332114327429	-247.1754392729629	121.67477804082884	360.45634837201084	176.93643926348074	-9.443984550684284	-22.782381904571764	-35.04166362727138	355.47489064080895	228.6502984523489	-115.19531142703956	-334.034898041848	-72.70543087331774	444.23904977836094	39.6769873616803	278.04925828121947	168.77945066427955	243.21246140988447	73.82752113350055	-13.959119827564017	215.8075345860458	34.78749959690973	150.3745480615469	-292.1106843104766	95.83957556866767	-213.80032173841917	129.89504518550677	40.042182673994596	-46.04978756507832	1.9169499544899966	260.4767358807779	-4.131717030227305	-106.67589668939182	-80.79698527913301	-21.40295515585488
SS18_North_Bay_Wild_17	SS18_North_Bay_Wild	-384.9936661478099	263.71642134449115	-218.56544319328825	-351.7629859068738	-209.05819026940398	72.70664569188011	-157.75679433519036	445.09257234481095	-169.6870310179798	68.68900441419878	-43.68255867592573	547.2965994732909	461.53542823487754	-4.701065822167205	99.70376629899786	319.24592869634733	-21.181903584456954	-106.0777834618083	441.548314325036	913.9666518931442	100.49718280452853	190.47417305578674	-9.58936724056987	16.20250489623649	110.56428269435449	-212.71745788701597	-905.7479174334755	61.54316813103043	-471.8044360520242	-184.6153740444964	527.9655748802851	-124.34769606189712	-17.528204253990964	270.38652787619293	256.83958599027505	-320.3692720002103	-61.4941794227585	357.2559032345123	-477.4295257907424	305.2019148283468	-501.3048610832854	541.973213845941	-107.05162199120284	-295.08608874788797	-367.03699427231	-21.709541441392304	465.4086212282499	396.8003122619002	-78.53370315023194	-81.07852239728871	261.4249604730099	-21.48366986000329	-184.8703297637576	22.71502015085623	-184.92723118060442	360.14166042491473	14.687850888882572	30.435926399738076	379.5652573771872	164.83583270529152	94.2907199075827	408.90178157173125	458.24414457445437	-47.16420294398849	243.86852817767837	89.33377694003407	146.22243138183845	-193.2838063900854	147.8132606094046	183.71391087612508	77.01148781824479	152.7759472304356	138.78646307146147	-21.29780070282703	203.75124510366123	-234.3014187749657	30.63901783395756	161.49584057796739	290.50414399148684	11.443984518579846	113.93472984563992	-65.94555447178601	-161.9532145227417	-210.7265827255238	135.32699318289463	212.47128618663558	-18.74495621517454	-134.51363292572515	161.8498811739282	-110.12523817524672	209.40670514013578	248.103856600647	17.861543611923477	-1.3664962550412665	-251.196048175032	-113.84573868854764	-191.74211882912735	177.9809858073563	9.524701599071374	-24.662568978902332	4.526264801616118
SS18_North_Bay_Wild_18	SS18_North_Bay_Wild	-379.8862143540317	190.169967909441	-198.90886681234514	-155.42348206351213	217.2154587720866	107.05987387050993	-91.50252055250938	-49.36363390301705	107.43931323764888	-248.6330555074523	-249.53926170436156	-224.77811181762874	-76.89391397019277	173.77654720186536	-217.2855372789853	-98.83617967040594	69.27923310492179	-132.68517970398045	155.82639230770695	-207.38811136626322	-432.818416612163	-178.31966106842629	3.879142990522257	-214.5568209905682	-343.0383444899404	119.01096897575258	-34.545903349436706	-27.35816982164852	133.18354455912524	-239.66784563343919	51.690417295067505	60.30899171625012	69.13990814452612	-177.9121659116299	-357.96885446034554	-86.87947630527457	-157.47672887285123	57.34574307370602	127.99383670090421	138.9052982118109	-351.71078731972545	171.36453924497022	136.61745203128456	-83.16268220000335	-101.678560371202	126.74530320371133	206.4655654287611	-224.62950428121863	129.07135036201473	184.0254553620965	-54.49075824703197	-50.204825246075494	309.40026873216	107.92747573624717	219.26022191677083	299.8403634164216	-102.86335418596977	33.1862629211758	210.90757574460494	6.8262363934355	-223.68326754375417	255.66317978914185	756.9841553000832	-312.6446411462792	14.570882949077763	303.120755221766	-7.433121661509959	27.70006347184983	-521.1042717449682	-480.9941920899338	612.0906322469777	128.04971429481222	-321.2271482865616	135.74277846023244	-637.8699902945546	242.0079234693305	395.78263797504457	-45.788703087867376	-222.12809238587104	69.28163130859399	-356.39715923810894	-352.91593732517623	-88.3664155994069	396.98201449221494	-448.44613523283243	-117.0817171763515	-745.1442596534197	-400.2024502321713	132.76394559669993	-359.15578691040105	-4.021163579370174	-221.35010837417258	275.2530838791412	-638.1549901072258	-58.82644000208114	188.68761145738412	267.91731335217105	401.0020175702199	-162.32173408696903	20.054385923447104	-9.252507305502622
SS18_North_Bay_Wild_19	SS18_North_Bay_Wild	-365.5130654147666	218.16216183351793	-103.69106783492373	-230.93722326606556	-190.74562446180167	-41.3617748650209	-47.401256754167456	-395.34945677376015	140.829376270314	2.260341275606119	-162.91841547134388	-401.77071804884076	213.68942016582102	74.07425851131654	-82.46275271538916	-221.54241965678153	251.29978859645271	-141.25803668445386	110.8472470656083	-166.2939977856262	124.91565593136511	-25.412945887734644	429.1459841963043	-218.6182253373185	-235.67699175969346	-49.0399483982624	-148.8125204268489	-113.63044690464451	-187.67826158902585	-446.30155944535136	271.31431804173246	166.61306958863764	-204.6013603039357	204.53195979257796	47.913705511302474	-98.35414038350171	59.84782526558198	58.22150193526052	-41.19661587263237	-474.64944101419513	262.40421825805265	-237.03131714889184	-257.45935295793214	-51.61980080082013	-1.9866938640084415	275.6112573417407	-46.14718106374881	114.114076389043	39.48724402624052	531.0179763885559	-328.96849647304106	215.94948671302922	-160.23559547299513	444.4164271084597	307.3566728026911	-32.756132774079816	286.0485627559329	-68.70169789050931	738.3166404688177	29.69590416218702	276.3033252535314	420.9125619071239	-418.5853810436101	-636.8235556843556	-262.27257683786695	-219.08875138962586	492.7464778091143	494.386730300802	-180.64747890792833	-92.77467792166802	-610.5473897609002	-39.382378431211016	-61.76553374680897	134.72544328238828	385.2838418234323	113.76087061510708	-219.40756486643323	25.501055296823473	-174.11677623462757	144.2530488642422	356.53010720616015	169.66353623287876	-377.2385112651527	262.52299420522695	-366.5140083405298	202.3480754862685	-162.44745295521702	481.312067877914	-249.28721061792209	-280.2844415494753	-148.59989580288274	19.54833727544018	-2.8446883944935863	252.8894512383303	-271.6397091952603	-375.4052888951316	198.32927483435293	307.34528693441695	65.48453754361289	-40.05246920103051	-12.98544322433054
Squaxin_Island_10a	Squaxin_Island	-404.118301598072	253.20315719626586	-113.65710020776231	-355.6466162346895	205.40624575016338	-470.923491936542	214.88118356340365	210.7063875131824	19.404876612094085	-64.1411627732433	-260.3337390920276	-336.82400608528127	290.91178091666865	39.58282262610082	63.96126043790651	136.78778130224157	-73.10660831783865	-171.9160036204612	-363.69628718905824	-118.96688942352276	144.2083231198401	-64.35785270725185	-105.74737704846501	-421.9020156001066	268.31499540881447	16.051939581889062	153.29575180470803	-341.04175754336813	-203.96160201917917	301.90231605277376	8.704308325304027	-123.30306587703599	-66.84635808226565	-48.93896217747886	124.00732830485755	-127.25750857018194	-275.03500128735067	-46.644107627266735	193.36882066924719	-165.98812832188452	-262.3724644931401	-171.65050400242677	-114.98752604097695	221.53146146802703	-70.92660747347273	-133.2578186094755	47.38999783492222	100.03030571139571	22.617886846838683	101.27109060040748	72.0667186202079	237.51828738187243	205.68445850674624	-78.97604895918086	-165.16724324049275	-41.57565155972651	145.168803612531	409.9075478037496	-21.226699963082105	-128.11702699017994	310.1426384819961	82.5791431271865	237.19180683561746	305.21851578718616	-135.33315927442953	330.3069143579804	45.29393874278555	23.806831903549018	-131.3277789527995	-564.8714634013597	325.0862102309897	-110.40053138831838	-177.40686783809764	-222.03152902015808	142.8141634080196	-93.87764787981125	229.2674122478837	142.64899983249634	-35.033572601748524	49.32298421953013	269.1559966388995	-270.79158485307266	442.91906020323455	-233.22351042904492	-8.691582192257139	-214.4335092342956	4.110528537527351	-63.975309591512705	420.5149689004749	-343.8133513588103	187.08362964528192	485.23869548464785	240.10831098915443	884.1651156377862	225.75494374650003	-610.3751319058246	785.3952892115401	-611.0004085954547	374.24707971489556	-28.636933856381187	-11.78462952409947
Squaxin_Island_11a	Squaxin_Island	-392.22219467764853	258.5727072391795	-61.55252585738937	-249.67414955250604	-116.9348126017948	346.8234146621935	200.03342331961196	170.33392168655936	-298.5759738413218	-25.509954240659006	-1.8676268913287368	-66.62035800040493	202.6939544536083	-292.31282638898296	-68.14770529187423	42.635008159952974	-36.76453073967369	-141.61118611824506	-86.72661785737303	5.290697485812057	-85.6190283149357	213.98373702980044	104.34431879630503	131.18925633642348	-31.352175682181944	316.79355244516285	-154.11619067769414	-263.84741876675486	58.06484716169648	-185.96224528524002	191.3066470022242	481.6320720620273	-15.603555016322602	-95.4967227594539	-23.02427750819086	-139.85000238281864	271.2873022178637	-390.7522905086855	52.575522360175505	-488.2122769240005	-72.66081102757282	-189.37407709810157	68.8279909032092	113.852216796658	160.31244533091854	279.52565739503984	402.96028742402814	32.35500118524355	-377.2079707843222	432.12230262369536	-638.0460034847999	-82.43635977130914	-374.78345322026433	249.15268062614123	-211.0601291316357	275.488829893695	-231.43991756200344	0.9734061152108815	-187.8348323347425	-190.5500333204836	-399.29516328548493	44.61943284034371	-501.0839688330243	-59.64433650689687	342.68120667024806	166.01142756073503	-458.81754417287925	-632.5939030540306	-207.07872013115812	125.00194655072072	393.72342411716284	-188.48846766541033	423.2965172253186	202.54169263825966	180.42771637194772	14.002365999608106	105.27915718986534	-281.7428384912556	-87.58162593080998	149.85039325925695	459.1698792801735	-301.3202306798514	964.3050202165982	411.8466156229509	-173.29245790489344	-39.140485015387206	324.91599730761146	44.55395849111624	229.93153171446713	-162.4090203466641	104.8912641652366	59.18566069692128	-231.87306570612597	114.7893515321117	8.97266787138293	338.4024378411372	-239.38926704594513	185.90836789477376	-168.6208972436931	-72.0908107990592	5.708717677026268
Squaxin_Island_12a	Squaxin_Island	-438.6114642910511	340.6506941132819	-150.95651770094534	-613.14272185514	-308.9849149649153	290.6867258518704	-235.41496188469668	-114.21913177748878	-228.99472053777197	-77.77206882324687	29.378180708003416	625.4466631080139	556.1730067641187	345.72312085013886	352.7668235938868	-201.23598135556338	-163.88092202154323	-277.3523341247863	-200.19957628190048	-198.22033870329875	297.04521007524835	513.4444427096437	-148.28480323325385	-58.09306096627404	-54.74456573193182	-580.5393612237734	458.46374683375205	303.75082628458057	-362.9851436358586	261.2347382093329	-539.2708644912152	-263.247930813768	-455.582920808099	41.04302221055668	163.1061941362697	-36.45622707283511	-380.76395520983135	-361.533361362886	533.0396275590766	318.99321898782046	-229.61346581464346	135.82435954077374	325.1492342878337	16.726294700959663	0.2848934289397554	408.86644123543755	-226.54858511156715	188.13045427767887	-3.5304454083004697	-6.378378035416886	-365.93811034059496	-62.59886836373781	-292.8690993424508	192.12741630160554	278.1353318847903	-593.8844504544405	-260.31249286250386	29.471702553795215	-179.2027316539769	27.800337668018624	315.0150265638569	-495.1772435133163	227.90870125676244	-124.88030692382017	174.79317058609365	-328.56021135631045	65.69295506225419	141.0337441663696	-361.0261493142349	85.20229724577082	80.85774859307749	-100.66921622544818	62.05906982368061	93.16344767814216	299.0738855272129	40.66587340690653	-132.24253761647603	-240.1755355015891	279.4248623312321	91.87999353190781	-213.6844972033943	-127.35070595274809	-201.9791266560624	80.45801993090677	-340.3788714282754	5.616747788427075	162.98111647171407	-66.56440921952846	489.6671706455329	-79.21288204306767	-106.0486785447256	-181.09898137879304	-107.66646819700189	-191.95052621768363	-146.46602898891715	83.5981927581166	18.388979134152724	16.19009385814849	45.990054408482166	37.72093749158862	-0.5664638885994492
Squaxin_Island_6a	Squaxin_Island	-395.3939348034787	291.81166167516466	-253.7789845228896	-395.36747840951267	-81.0133151206007	385.4653892498366	147.53380996173877	32.09835478852646	-210.66352012693827	201.48157788136785	288.4316209438922	-202.78636067197732	-578.8482410399234	-263.3548114376483	-313.13332686784014	184.3885863769652	-104.09237262116454	124.34286642546711	79.14357231243234	314.0944889128588	236.08837306750826	-490.2087461195543	-206.82903270490604	-151.32480745161442	34.0432439611796	-278.92713572382553	-95.61438389948101	167.76862368222643	-72.16816854015879	243.25822543436274	-27.687350584360747	-72.93239113420601	353.33194408806185	-221.62501114936128	-247.5089066557271	95.82483963015017	-266.8567931215256	207.1600753206185	-303.35237875671754	318.65498840796624	-25.817954222473915	-72.65441329759669	-186.66284394126896	-198.37718338565898	40.9692981063394	-2.2250818709178017	256.63583122324115	98.02972556672711	-87.25441313754921	-305.7729680820221	-595.2812553421404	351.18651463917104	-3.1935825254226256	-237.2302462679633	-202.43220050525954	-75.27727533626287	198.92735591283932	-536.9014507539515	164.16241419654088	102.93250326529423	-112.9071459009612	-602.8292288631409	-178.3559528175784	-125.62241270764663	-363.6173061588257	28.488856119950036	-255.41980565526902	180.42895444028161	99.36394739047361	-104.48818354703089	-63.09263785484253	406.59588100149045	-138.2729143240979	425.1721713274014	14.52813292182503	-281.748195647155	-63.53432213226871	-233.888781403125	531.3445059595496	8.772315479894843	243.71595068799266	300.1486070803952	293.17512849957654	359.41618293856885	-21.90644733907741	-102.92556849118344	237.3863618115509	396.0324660268407	120.20136207736917	-215.10887982050727	-281.0204068890212	-5.746018928506421	315.92673512472265	-674.2669698523871	358.67283804309517	-365.9279817985629	511.32482847680194	-103.11067644339127	110.63755557742435	185.99232520425548	-6.310424193674184
Squaxin_Island_7a	Squaxin_Island	-422.7714936335914	349.69217749387707	-266.65572931468233	-457.27514390312007	-316.18461091474745	-364.25677769991046	219.51446005537485	-242.3194442051444	99.75375197355156	-473.07019803104447	-85.23989130909736	-360.3787451491316	-95.80867581439499	-375.0695815455133	70.50767394838624	-144.1926211239183	353.85558423331867	267.0850845867356	333.310234858683	-39.838512760506816	-321.30528311917504	202.00648599995108	136.07592218372722	547.0078687576978	72.4736044913304	424.81902509813125	-143.37045930123858	84.86452062840185	232.08210858781348	-227.66491304799598	-386.9181056369666	61.77920645376399	236.90713917596653	-312.00787711928604	201.62786144089952	-162.21455343922239	46.80586746025802	-159.56633794220383	57.19791775784199	-202.5124821235926	81.55921052437384	368.0173732595625	139.7760686927231	-535.6077379566717	167.5153396377274	37.240511197271935	207.55496938059022	-376.84850689948576	63.38257556331317	-254.07810198543973	-53.66306155080738	722.2954365445519	-68.68137762404164	-116.87262755486448	120.24905003582434	-289.9840004710462	-370.8305528561808	-500.3655489455596	-11.500972532611499	383.0122984024555	-216.48631318933354	-140.2298335011355	342.24290781948406	-278.9922100226956	-76.97145830006293	36.475543214997955	-117.55453357871114	-32.91750873992428	-230.98840745081134	677.2375076726524	25.945804551389116	-483.6969133685296	-236.68714837128132	56.37811477543104	118.3514030680855	-278.43196679774655	-358.93623571702926	334.7248502932089	232.37983949900826	-231.37755976205239	-150.7977167054112	-12.724394207293134	-87.36843760324173	-221.24743895646722	-121.73294583305592	-23.333412366751453	-329.0561988195525	78.04126288510146	125.3400545126473	295.5777714107459	426.575445249183	77.93592879948422	46.202686288792535	423.1579174633492	64.75063271305991	161.57427830644892	111.72899162624674	-365.68679289588493	188.8413218446065	1.6863416138914327	-12.65744680175498
Squaxin_Island_8a	Squaxin_Island	-474.73974526477343	339.26891922977546	-110.88994023300407	-468.3835469094323	-245.43019020184488	196.2356946449734	-215.893812727956	129.03717167233341	-107.67380352984028	-94.78772414364613	-205.90966131491834	416.6868096181858	-158.29805365820073	146.10372792219968	242.6415620055337	-5.708407926074037	-280.47242663908605	160.26545534093302	321.74628682989635	10.378183678228272	35.19563138299155	-433.5176398981639	-45.2345570997974	211.53721721449105	320.54232380148136	51.932105443607746	-29.1736184392585	52.95140379881333	226.96984470786037	300.45686837385085	-40.17680255063807	102.9373587643633	110.90537702063143	28.0115260118767	-290.24500433115145	-320.1923699322214	560.5088063869116	27.901219462719848	-75.11386543575072	-196.6225074766185	387.33648985314886	-653.2284051799966	-634.9626093984463	-124.78085164337963	-29.97282741956788	-195.05103995156196	142.57611461095885	419.97893994834544	-124.18363177170907	-300.1147695213003	-45.415719153573335	-152.15041430411316	88.41524526345609	47.62433499142615	693.0899882195903	-624.4296264565035	191.84101408170145	-39.422104831589245	-293.3178447487719	615.1147123226682	46.108851193370356	-36.20913032401231	-72.67170345543575	-43.86535789522121	-15.766501447242204	-286.5948924454115	416.17533495478443	28.45610782117207	-202.4040578448497	-251.31877766818747	264.56496370014315	106.0934276639872	17.752626356322885	-313.0112387325157	-325.6417386383134	-45.30592238088364	849.8985914200387	349.8446909603146	-273.84744967377486	129.78029720396736	-107.17400195656784	7.302573909271223	161.36677853368352	40.386889355500415	9.488177529249041	246.74221696730382	42.35792792634549	219.49135641679445	-17.772354940214655	356.20535841173324	160.91902584774704	462.24799330403204	-59.65373365240199	35.21269875532275	-140.90985230131696	215.3230599241756	-68.64561760007877	27.327786153608553	-177.5607174906842	31.204451309415386	15.967503309987121
Squaxin_Island_9a	Squaxin_Island	-436.2386070107642	291.3223656861948	-112.06070470651353	-552.2576769578089	227.8793564893032	-1137.235993870978	408.66401534072577	499.1770934319356	-46.0456476970816	-157.54621795882397	-450.9269446551196	-552.5394327064902	389.55272643525535	-330.49965739954547	452.11703197165707	218.63356767205627	-148.27842313395632	-36.51749438159365	-311.20073259897043	87.59562504360628	100.72217842492554	-202.21006225559904	-239.63048450888294	-320.92702845483683	188.49763468018563	-73.45315297248395	179.7335884154782	-417.6858393910983	-171.9045254231688	-56.92148696800955	-220.07628709998286	250.16146031505704	-52.97818665386975	302.47914624280156	128.9268837507018	-180.43984486398588	-434.8282699875539	-68.58497054694597	134.29026961737728	-82.34112500723185	-119.65732330065079	-95.13693352148827	-345.25906338473555	212.27860777981633	-178.4548920373592	-325.90027893865494	-132.6122289922293	-145.224614418394	-256.2543263330366	44.21124972771832	98.5501600276309	540.5567248776093	-29.797034824710824	-177.11237077079716	-85.29043263108633	86.88897379183234	367.2319490558502	79.61046881741778	-265.90788302971555	319.1873467919911	-45.44847621659525	-206.68883463071697	77.0892351941878	-104.75583266721702	4.158774153830019	44.2428288484101	-267.4890395416113	171.10976450013698	88.07286486325003	-100.12314676609559	-161.5006518231681	-131.2139074892844	246.36929183026265	-67.67038312142977	-4.002819752681908	-30.942162736194433	-119.51544581493933	-230.64367412459285	-133.47664829414762	14.946035144781295	-6.6780684327854924	240.68778074067077	-214.25195879301285	170.8184274401645	300.3175501928186	182.89239246437143	76.37058130139377	-37.99113809768424	-306.3997476619291	267.1504769163178	-16.876047650604832	-290.82334589545917	-211.9267308136252	-682.1949410869149	-246.61962537362245	383.8031945681014	-349.0184418431473	343.8915953715195	-198.1082595098615	-28.51588822357974	-3.7418275055470023
WB_11a	WB	1421.769824408091	766.7360215298654	-227.98026964918145	-16.388092111862754	106.8471516508728	-396.69321140186383	-3.0819993310936318	-195.57256831317895	18.827844571797673	310.0134468274578	73.64110702457295	100.6994504313755	-112.32964378545677	-44.613559524570825	-123.98551903324567	-372.5119809550588	-32.998869926011906	-569.0040536208854	-78.03874145805692	94.56397087441627	195.0249190069828	23.677890252504508	655.7238821209606	-437.5989517481612	347.02362573122963	-937.8760227415974	-673.5607676668027	-275.207378788146	344.44492521119884	302.40190187639337	-47.18682762103638	25.95648944395577	-317.06377133306404	-197.7733822166122	-403.80783344035393	89.09509422997121	-305.10043109027	-338.7186580731207	138.15630164408321	-723.914304182096	107.539151261429	6.2005787863477355	357.00957388867397	185.28207314212085	123.7517271703357	-241.54481810293368	483.3347856522689	-63.30634362498268	435.505427905683	-546.0452697824256	281.1230977900716	-317.1060640420484	-102.36685647484894	-317.48667020151385	376.10192281597665	170.2491897861699	33.7948354917631	-96.44391524107346	56.965625675082755	186.5429544898158	-494.1420711945172	33.85191463261471	-10.340254419232416	-175.13317154695122	-54.64845853852378	-163.0822930967107	49.82565037467038	-67.25496090614517	190.57442588072553	23.685617821622348	285.612903483084	-106.84138353429341	-12.493837779675276	188.72805296961027	180.6440423780402	139.6930058986773	-175.33439553963194	33.70472423628885	-84.50013015554964	33.70481000737762	-103.72930050566667	65.07848140927392	2.2079382020323983	21.103163551017836	17.98052845573125	-82.59604750132094	-10.234999320785198	83.76106420996243	89.04877140779932	2.733043864488988	46.944349581394384	12.06418666495002	-37.23368144739342	-26.953710880772505	108.38999874896139	48.429223149615645	-81.2966441909107	-67.09487096262652	-28.179653595030974	4.041249693758236	-20.417967569191433
WB_12a	WB	1421.7149371392659	739.3488450548101	-141.73841229119142	0.35043529102456505	-181.61693693777352	99.23486861753945	258.85432234320297	-1.946058034571748	69.90752427193458	135.17626502243547	-140.9777003205581	66.94741832302155	44.27493470249906	-123.21359463264464	12.522434171229355	444.12534514367434	127.3205294588136	-63.17816892739743	345.6467916425672	227.3613516637402	-22.656207020941597	205.62446024416784	334.3140867770171	-414.7929263746885	-394.65166611247605	-246.53153058297016	-5.574978503219126	250.30356856576321	-184.2454171694787	90.66424372829853	24.126303420923573	216.55045280868663	170.45067918115484	6.532810107643652	-306.19765717392704	290.632592711818	367.2391255227837	438.39254145447933	-439.401143117296	-165.0488078736159	60.38892835312476	-302.17468130188774	-172.13925455657142	185.66581717787852	195.60720721627246	825.0709387845693	60.65598709668457	-482.4468821965912	-229.54506096103714	863.3617822283617	321.1218726091125	198.6685180718114	367.0506097914883	-544.6651574521552	-152.66694503358235	-77.3785632910951	-564.7095551615488	77.79289852109885	-396.72563826167845	163.01266750348395	387.25203363336743	-597.3281460927271	389.27296046014794	243.08779989106102	107.28484556659771	19.522644412240766	-54.95849378295787	141.80289580115019	-9.224519709593283	83.32672552330584	-232.25827482704702	-227.3097396037676	-183.83295973931078	-71.82695565098393	-146.92856599547676	-1.920723473833933	153.25446704156622	-190.2683162099793	-252.88816606981626	157.31958068171323	55.490564320025285	130.5788882369356	-128.70014587586414	41.538588703879576	-69.56103521570579	27.40699486141168	166.90194380559223	-2.539128688142655	167.36910048957537	106.91125428766361	56.41273215396407	156.06449095583514	-9.151281545868159	50.85028609049355	-184.49583994794045	-50.14143123799608	-35.05475850987217	44.25361523028725	82.81121535108142	40.96850803340742	-24.15877523142585
WB_13a	WB	1435.4797460560317	808.6867314149918	-132.37694926605894	66.15517219275188	-158.11799880542458	121.84337561384176	-345.8870491317981	53.18847617402428	34.59473581772856	-690.7529319883356	-109.3350802177913	280.55063718429284	21.39192136216089	-170.06907184886566	626.639171190542	85.01936350448604	747.9372305236628	162.66788265422534	63.206502845208135	-363.80213607011547	-530.5774884847627	-530.1984106830776	-419.05649438150334	78.76252238774012	-196.69252929784338	68.81282822369192	273.2844734143697	-239.30013219293363	-501.6644557729743	296.2371510930167	19.020366635240677	-225.2774487530425	-166.70121359417124	318.3695855194825	-356.09600688873644	486.3345774078777	-192.60833534413356	-813.3764323524086	-637.8077247059811	298.73621550451855	-85.77885221980087	-57.95859622594409	30.28529414435892	-132.81027445881264	109.87830400294604	-89.26916314909718	573.6645691906592	316.44152357112296	-141.768206185755	70.044610224821	216.41144978215908	-23.024313721278965	6.683914511900025	564.8353880167474	-13.527938352938552	126.44981508198752	230.14062405175022	-154.74659277955126	-136.84198984023027	-150.69878442151355	-58.53034872387745	-28.007201125896984	-164.6140953163543	51.26056724767307	-317.3955199971574	186.62640782633753	63.72165915378958	99.65000777799465	125.47116272527539	98.94147348215382	-64.2042961946708	-128.78882935248677	66.7861002144241	-200.54672500962405	218.40799420334295	85.65366164740519	-162.9475926600449	116.84444778017648	79.1871043099321	-63.801706512921314	3.600179976596136	-42.152662441931774	138.84453707683926	46.26506839861416	67.62116988066005	-13.514295840102701	-165.93394912578216	-149.22566085987776	-184.8880631037603	-97.67857725621268	-153.5538599167654	71.19785905879884	-57.12466073912877	3.428981714814515	110.08264009938438	4.805853869410951	93.28639974422411	38.68804654797602	-38.74851611698592	1.6292051553420717	-15.408215697613551
WB_14a	WB	1428.1569835785149	772.0440095589529	-172.48747235649037	-4.181114678913014	244.93932035142953	264.73352330038523	337.27522844217356	-162.59168128118208	-114.76812352210727	-269.0418828536342	-18.05518454875693	-415.05422215226974	274.96914227759436	67.3054658337646	-156.3748901155043	216.76452445053212	-76.95992738842641	-83.53371789899809	-211.60842704526485	215.2522047752306	1.22101713602004	569.9197639095746	-506.2287391020019	558.8524200050449	-171.79891631609104	319.18279005685446	15.500199015144558	355.3776695511349	-216.4791880453984	626.7772872771923	742.0233959716315	-288.3631084005222	-9.493112192625325	-193.3435965620651	181.72007947551424	-484.7558025276498	-199.4438077489749	463.16707486728745	491.39047705772316	159.9008653367853	781.9089016205107	-185.03624924282943	84.07941675442645	359.706875773995	240.84541571012062	107.58515770204981	-300.89037133006775	555.7892109766086	398.5231443436784	-216.07508988371688	159.22963526499944	345.70685464684124	-99.38277429547499	135.43399529547915	76.00977272257518	369.60331669704215	-19.210803886317766	-134.8923836426267	-120.24820779696782	-129.58341342632986	-216.6340609370892	101.46132953140089	91.12669147505775	-450.3317558447643	91.34372139029938	112.99632203166264	-158.79399633969342	206.05200914332417	-39.99067672635455	-119.49017466456783	188.30321938850503	-32.97919988572751	248.9845801203901	-102.32264386204146	-174.12829170417007	116.18183514417	62.9282146015153	125.80387432360898	134.87373709400728	-9.444231546807165	128.72654805928664	237.4642458452764	35.36434782101006	15.692176473706999	-132.45637710313827	-11.523569308166882	-24.309762504789823	39.69425900170437	-117.51876321709189	209.50515581020966	-81.2196553370876	-3.2348343756242466	25.40439818819061	-11.158699622777613	-121.06912362272531	-7.6209402883046975	40.65778785855203	8.428862847162035	-85.33380346254314	45.91543807308188	-17.45497770592486
WB_15a	WB	1422.989328180248	749.1738889807363	-158.8107069972956	131.58072037552324	399.3555468200018	-15.368094219143469	9.919645861033858	-163.18201306138326	126.04585619249369	54.33368476232867	-14.321798301236557	-27.21445212129067	-106.14914536701485	69.05027339011525	-63.52733918743148	-301.4530846940764	-267.99374568296747	131.4860019306283	-286.5904373830926	-14.098986836512628	23.257947581142368	-66.0891715445629	-315.31315049059026	374.79173526684025	-161.98183837952132	46.23934428291137	-42.38066652822522	-460.59022473246046	230.6127220216826	280.00864637861713	-198.68529488298037	-222.89975134137646	-222.97734106169898	143.8699454652651	21.01958226872855	-188.26604786646658	344.54622524007254	268.9778330115665	606.7222236345103	362.28480635686185	17.727447190247872	-216.75838199070694	97.96397839945706	-505.8201621823982	-279.1378490431749	-328.5974059125861	459.44893435528684	-716.7321599781915	-578.3730021901109	89.27840800967708	-414.6532022593155	-0.7894347376869527	-260.7869601690143	20.338001228850626	-386.36887472867755	70.12345531202281	152.96544886870055	-151.69842892021018	410.3843589013555	77.55849988514422	678.2852317557351	198.37448139607244	-205.8643519980724	-5.658687937464207	428.9572152687142	-73.8286434788482	366.9841916591113	-538.9123867564649	-274.2286727347924	-92.88517168701897	-57.41036636460299	18.012837513984497	-410.46566511421594	167.8765866562895	69.448685071252	-269.2183803233585	85.56442081883236	-125.72997167037703	-195.44283842799663	-1.4198605586529693	-15.060422892153172	113.84880897442588	-265.52140404563363	-130.5723334016986	329.309233606525	382.37818946922977	134.07021238046556	-134.82872673898964	233.89099909284565	-23.566564349982862	21.026358489335582	-66.34802897834058	81.50699329015298	-71.0272525941889	144.27616809987228	30.44616947222294	2.3534167860199853	53.21174983075185	73.41345511759103	6.866678057249261	-22.23404554913388
WB_16a	WB	1407.833828790479	858.668428211252	-160.06482244222923	-68.6064174596497	-232.36098234747843	54.62726491109951	170.12480991728492	81.05102860667688	-43.78384489763758	156.9180735587315	91.76897013774357	-89.28659073954105	242.80574080944652	369.8798290019371	-462.50164871805015	186.3967990705799	-280.3466508395459	213.6900012760873	467.25735373416785	-739.4258990940846	191.78834561858167	212.03129549448744	-524.5910942058102	-166.25242846312375	358.529959286883	201.21844431334804	-61.08560906535474	435.8927161332394	-53.98764159930444	-1427.6844544582639	-147.60198421785182	-76.77412590665877	24.41256832454485	-66.77632227219043	-164.24507948061935	6.540467998864427	-487.3054716387599	-177.91071721566382	-292.53607999795366	-248.12313586694873	-31.377786276414106	74.7016106371368	-233.90545916627727	-560.5835327097259	-39.17517799325633	-513.9984856135807	-601.0693747572296	-39.999384239149165	151.84987475533907	-217.34827626578766	-139.4280325349367	-182.06712963823782	-280.365461105694	-109.84463301506486	-15.44619699664333	198.29244254644928	-4.373519112405029	133.22715386032593	-337.10568565779755	-34.99289844937997	180.74001560814858	25.4335589286529	-77.2861925157071	137.40870058346212	-69.93587081616536	-128.11169890850093	-65.98993612038187	-50.301275646695075	-100.56686459031127	-85.37318343544301	-97.39374768152503	202.46378526531782	105.93448478279355	3.977824101856732	13.173315066716127	-3.5596286418832794	219.06166518765332	-86.83734810782404	-11.477062014787595	105.85068865068659	80.87331653309592	-61.58869583358684	50.61771307277432	-23.619840060186156	90.26432514699309	-85.55079400509237	27.394217692218376	-6.994885410419972	92.13161000933378	-51.451120791437894	120.58689044447212	70.55022597205647	16.292714032095766	-17.732163762231714	-37.8802980829791	-19.036451415843658	10.987368553833731	-87.99799234813989	-12.336718151175363	-11.079239109641156	-27.266170872612054
WB_17a	WB	1350.024315821917	728.88288479317	-84.48553566211048	26.341323627665364	-146.58889957062723	-27.193700581838467	-176.082573615211	186.9247702474166	30.152695973510003	99.14896707398323	103.80507024947677	137.44264604288887	-101.07656267377048	-89.55305070560159	115.13675367637514	-136.79788543882657	-116.68993002659346	254.11559645048038	-189.95883725263448	101.49875415807958	78.02762463817086	-213.1931197017036	255.92723279086462	-392.76681658878783	97.24543121211003	91.40830907169565	86.79983890322907	-82.80269600368666	421.7914316045098	-270.1110836261494	-143.31265008400575	522.1044456786307	84.96374838358719	99.84774496348757	1075.361526905496	-145.91523153416438	195.28185358336088	3.1076139935154217	-158.48828565048208	776.3955520220372	-63.50552561373779	25.52724341397267	-206.6292796720459	292.75484928878257	136.12275886112255	798.5291720776969	-448.55505232143577	117.6350029065833	-145.44091634062175	-584.2142856165373	-529.4260860665618	-275.6429317755246	494.2185359422022	-107.69553646036256	306.0591689653738	-193.24681307934682	498.2023124187189	297.47178758548523	357.74943895268217	111.1267479067951	-129.0857033077238	184.1742572964501	83.54935991026862	75.14115678339626	89.81627279241235	327.5259518982677	-353.07469763633435	-6.907784739165302	3.0441701246172546	124.42097752057805	158.17149947348435	-247.16719856938428	-50.900978633028245	46.347370785134714	12.347300604107861	-66.37443241195147	-258.57406228880177	304.3949938829002	-25.866465057271633	-106.89612034301676	-5.469825224205206	-238.25966578456126	55.11655889648386	128.5829277764775	7.18909967198402	-57.92414168722931	-138.96382924228715	121.75500059885229	-175.77250403628466	-125.35574313962044	6.7070850956385435	-86.39986992998486	-122.89561573282242	88.98041616065592	85.61680405902467	-6.977178466313418	29.8028150064332	57.56777295949047	-23.04011136209821	-108.61907668301185	-7.508730487807623
WB_18a	WB	1364.8603253609474	749.8537604501494	-240.08342330311456	-28.013857979772816	-24.396423050681097	-13.28902860092455	-202.0484502567793	129.38691440527458	-136.31679418147337	272.6487629509356	18.59878592974593	-14.361139272743092	-179.46432840848863	-20.712199832951054	132.13343140452307	-121.19487310195474	-108.33895337589662	-60.31401535738879	-227.30178859041047	496.4891997606925	12.472456093362299	-330.4324171267313	578.9099966582957	370.93088370208693	119.67263883201413	496.6287115801807	417.3339612615461	-21.75291595834443	-13.576169653786401	102.64327678058875	-244.39721822333485	145.26983883788645	390.9956758428484	-107.57810659494528	32.526027777261966	-107.2585615762859	264.5392386602172	210.92554084725475	326.7522631816771	-463.31493824029457	-836.0952986553292	618.1533246465556	0.20402000962310174	212.2257767165003	-489.6174128476845	-495.7285525756616	-285.3673782228088	270.8385654931434	38.14951622112913	515.3543931733767	119.37932055435152	219.874098960932	-34.7398668186995	301.60214638675734	-180.77467392602756	-686.3384645645833	-258.34569661276146	16.228547509712755	145.83189664191235	-239.3584665267908	-348.44348995476525	47.6856224678285	-105.5871904178386	47.44102940357333	-270.19683084129406	-260.24053772592333	165.7653453283119	160.02316773583624	113.5775054898179	-104.55480503259881	-257.4989933379575	525.1616507356895	269.7206697027717	-9.34724766804	-195.5889107418476	-44.60902920941439	55.09595044119399	-134.95130090390793	278.83235203235256	-90.0289604351021	-136.5757660911862	-228.13888081282062	113.97675429712774	-119.98125751126062	-325.50151662535586	-275.13858456578913	10.835984487038983	-43.75012357367556	-115.74929838480251	14.422978708181784	-35.483407635557064	-66.08169838344757	49.51695360795559	2.85222922709063	-117.61518709221426	21.735815804418174	-33.106133524809486	-4.174516536235262	-77.87205571518895	-51.052004388002054	-17.959145253846547
